"acresid","wtd","bulkdensity","mucktype","soiltemp","numacres","tx","elevation","distkm","totalGDD","scPDSI","vegetation","location","site","uniqueid","soilresp"
1,0,1.42466666666667,1,17.5,1071.80215474616,1,13.8414039611816,7.63158928030924,-Inf,0.427645300460291,0,"Holly Shelter","Holly Shelter","Holly Shelter1",NA
2,0,1.363,1,17.2999992370605,30155.6347096272,1,9.75901317596436,13.321989628044,-Inf,0.427645300460291,0,"Holly Shelter","Holly Shelter","Holly Shelter1",NA
3,0,1.363,1,17.2999992370605,30155.6347096272,1,9.724289894104,12.5036877451803,-Inf,0.427645300460291,0,"Holly Shelter","Holly Shelter","Holly Shelter1",NA
4,0,1.363,1,17.3999996185303,30155.6347096272,1,12.1168479919434,11.5480808581056,4467.8,0.745709983793701,0,"Holly Shelter","Holly Shelter","Holly Shelter1",NA
6,0,1.58,1,17.3999996185303,2194.43730697846,1,11.8735475540161,9.92437527835713,-Inf,0.427645300460291,0,"Holly Shelter","Holly Shelter","Holly Shelter1",NA
7,0,1.363,1,17.4548397064209,30155.6347096272,1,12.7972183227539,8.34075390131751,-Inf,0.427645300460291,0,"Holly Shelter","Holly Shelter","Holly Shelter1",NA
9,0,1.45055555555556,1,17.5231132507324,32409.1242522131,1,13.6429853439331,7.25886251341894,-Inf,0.427645300460291,0,"Holly Shelter","Holly Shelter","Holly Shelter1",NA
10,0,1.56909090909091,0,17.7000007629395,111.404766735212,1,16.3835964202881,6.19440244714291,-Inf,0.427645300460291,0,"Holly Shelter","Holly Shelter","Holly Shelter1",NA
11,0,1.363,1,17.3999996185303,30155.6347096272,1,10.1709499359131,15.0473722150683,4467.8,0.745709983793701,0,"Holly Shelter","Holly Shelter","Holly Shelter1",NA
12,0,1.363,1,17.2483615875244,30155.6347096272,1,9.98667526245117,15.6534111996282,-Inf,0.427645300460291,0,"Holly Shelter","Holly Shelter","Holly Shelter1",NA
13,0,1.363,1,17.2000007629395,30155.6347096272,1,10.1145811080933,14.553095215572,-Inf,0.427645300460291,0,"Holly Shelter","Holly Shelter","Holly Shelter1",NA
14,0,1.55666666666667,1,17.2088413238525,809.835311298954,1,8.03257465362549,16.4779859416244,-Inf,0.427645300460291,0,"Holly Shelter","Holly Shelter","Holly Shelter1",NA
15,0,1.45055555555556,1,17.7673282623291,30393.7991317622,1,16.0012912750244,5.76421935583798,-Inf,0.427645300460291,0,"Holly Shelter","Holly Shelter","Holly Shelter1",NA
16,0,1.58,1,17.5,2194.43730697846,1,12.4932222366333,7.76995351924796,-Inf,0.427645300460291,0,"Holly Shelter","Holly Shelter","Holly Shelter1",NA
18,0,1.363,1,17.3820858001709,30155.6347096272,1,11.5248517990112,9.38117382739051,-Inf,0.427645300460291,0,"Holly Shelter","Holly Shelter","Holly Shelter1",NA
19,0,1.363,1,17.2000961303711,30155.6347096272,1,9.75950336456299,15.9268065863491,-Inf,0.427645300460291,0,"Holly Shelter","Holly Shelter","Holly Shelter1",NA
20,0,1.363,1,17.3201484680176,30155.6347096272,1,10.6400861740112,11.4141014139277,-Inf,0.427645300460291,0,"Holly Shelter","Holly Shelter","Holly Shelter1",NA
21,0,1.548,0,17.2723121643066,13.8390572393965,1,9.56156921386719,19.1207799968066,-Inf,0.427645300460291,0,"Holly Shelter","Holly Shelter","Holly Shelter1",NA
22,0,1.41307692307692,1,17.3077831268311,32350.0720166057,1,10.3981733322144,11.7456419178939,-Inf,0.427645300460291,0,"Holly Shelter","Holly Shelter","Holly Shelter1",NA
23,0,1.445625,1,17.5,30366.8164542144,1,11.3661775588989,15.0993275330246,4467.8,0.745709983793701,0,"Holly Shelter","Holly Shelter","Holly Shelter1",NA
25,0,1.42466666666667,1,17.5146007537842,30172.7431369909,1,14.6331777572632,7.02938996273525,-Inf,0.427645300460291,0,"Holly Shelter","Holly Shelter","Holly Shelter1",NA
26,0,1.363,1,17.2000026702881,30155.6347096272,1,9.32914352416992,14.1380841512644,-Inf,0.427645300460291,0,"Holly Shelter","Holly Shelter","Holly Shelter1",NA
27,0,1.43058823529412,1,17.7000007629395,31822.8587667099,1,13.7119588851929,7.80987025325237,-Inf,0.427645300460291,0,"Holly Shelter","Holly Shelter","Holly Shelter1",NA
28,0,1.363,1,17.2999992370605,30155.6347096272,1,9.96099281311035,13.4430046966188,4467.8,0.745709983793701,0,"Holly Shelter","Holly Shelter","Holly Shelter1",NA
29,0,1.445625,1,17.2999992370605,30195.8096240972,1,9.12134265899658,15.6371030377062,-Inf,0.427645300460291,0,"Holly Shelter","Holly Shelter","Holly Shelter1",NA
30,0,1.42466666666667,1,17.3109817504883,30282.1511139022,1,9.82770442962646,16.2337024609569,4467.8,0.745709983793701,0,"Holly Shelter","Holly Shelter","Holly Shelter1",NA
31,0,1.363,1,17.2297782897949,30155.6347096272,1,9.85472679138184,13.6229859334784,-Inf,0.427645300460291,0,"Holly Shelter","Holly Shelter","Holly Shelter1",NA
33,0,1.363,1,17.201416015625,30155.6347096272,1,9.8781213760376,13.2617658044871,-Inf,0.427645300460291,0,"Holly Shelter","Holly Shelter","Holly Shelter1",NA
34,0,1.445625,1,17.5,30366.8164542144,1,10.5695743560791,14.7801466483655,4467.8,0.745709983793701,0,"Holly Shelter","Holly Shelter","Holly Shelter1",NA
35,0,1.363,1,17.5,30155.6347096272,1,12.9731712341309,8.96188425647331,-Inf,0.427645300460291,0,"Holly Shelter","Holly Shelter","Holly Shelter1",NA
36,0,1.4555,1,17.5,1101.85207062324,1,12.3235673904419,8.74516658968021,-Inf,0.427645300460291,0,"Holly Shelter","Holly Shelter","Holly Shelter1",NA
37,0,1.548,0,17.5745735168457,163.695800272917,1,11.3361473083496,10.1621159026908,-Inf,0.427645300460291,0,"Holly Shelter","Holly Shelter","Holly Shelter1",NA
38,0,1.363,1,17.2000007629395,30155.6347096272,1,9.95936965942383,13.9696117138925,-Inf,0.427645300460291,0,"Holly Shelter","Holly Shelter","Holly Shelter1",NA
39,0,1.363,1,17.2999973297119,30155.6347096272,1,9.78891563415527,14.3979804986513,-Inf,0.427645300460291,0,"Holly Shelter","Holly Shelter","Holly Shelter1",NA
40,0,1.62,0,17.4072856903076,321.828043081472,1,10.6915216445923,10.530789934333,-Inf,0.427645300460291,0,"Holly Shelter","Holly Shelter","Holly Shelter1",NA
41,0,1.41307692307692,1,17.4631958007812,2941.49919434528,1,11.933313369751,9.57062054127067,-Inf,0.427645300460291,0,"Holly Shelter","Holly Shelter","Holly Shelter1",NA
42,0,1.363,1,17.3299732208252,30155.6347096272,1,10.5877714157104,11.5420235005713,-Inf,0.427645300460291,0,"Holly Shelter","Holly Shelter","Holly Shelter1",NA
43,0,1.548,0,17.7000007629395,12.5312889686162,1,12.2498750686646,8.68401326385139,-Inf,0.427645300460291,0,"Holly Shelter","Holly Shelter","Holly Shelter1",NA
44,0,1.363,1,17.4351539611816,30155.6347096272,1,12.3452138900757,10.0379594275609,-Inf,0.427645300460291,0,"Holly Shelter","Holly Shelter","Holly Shelter1",NA
45,0,1.363,1,17.3845729827881,30155.6347096272,1,10.176739692688,13.005302042967,4467.8,0.745709983793701,0,"Holly Shelter","Holly Shelter","Holly Shelter1",NA
46,0,1.363,1,17.2938842773438,30155.6347096272,1,9.81428623199463,13.201297934798,-Inf,0.427645300460291,0,"Holly Shelter","Holly Shelter","Holly Shelter1",NA
47,0,1.58,1,17.7000007629395,122.106987470172,1,15.9002103805542,6.15707056022572,-Inf,0.427645300460291,0,"Holly Shelter","Holly Shelter","Holly Shelter1",NA
48,0,1.363,1,17.3999996185303,30155.6347096272,1,12.2671566009521,11.0409529806638,4467.8,0.745709983793701,0,"Holly Shelter","Holly Shelter","Holly Shelter1",NA
49,0,1.42466666666667,1,17.664342880249,30480.3749770066,1,13.8596839904785,7.74400047335896,-Inf,0.427645300460291,0,"Holly Shelter","Holly Shelter","Holly Shelter1",NA
50,0,1.41307692307692,1,17.2999992370605,32350.0720166057,1,11.4010896682739,10.1559715329654,-Inf,0.427645300460291,0,"Holly Shelter","Holly Shelter","Holly Shelter1",NA
51,0,1.363,1,17.2545223236084,30155.6347096272,1,9.68883800506592,17.0989217245281,-Inf,0.427645300460291,0,"Holly Shelter","Holly Shelter","Holly Shelter1",NA
52,0,1.363,1,17.348705291748,30155.6347096272,1,10.6390266418457,11.7057959285216,-Inf,0.427645300460291,0,"Holly Shelter","Holly Shelter","Holly Shelter1",NA
53,0,1.363,1,17.3861789703369,30155.6347096272,1,10.0230979919434,12.8722902814078,-Inf,0.427645300460291,0,"Holly Shelter","Holly Shelter","Holly Shelter1",NA
54,0,1.363,1,17.5372714996338,747.061887366824,1,12.5347442626953,8.44565734695152,-Inf,0.427645300460291,0,"Holly Shelter","Holly Shelter","Holly Shelter1",NA
55,0,1.363,1,17.2000217437744,30155.6347096272,1,10.037088394165,13.5267265370309,-Inf,0.427645300460291,0,"Holly Shelter","Holly Shelter","Holly Shelter1",NA
56,0,1.363,1,17.212438583374,30155.6347096272,1,9.9031457901001,13.4895394801175,-Inf,0.427645300460291,0,"Holly Shelter","Holly Shelter","Holly Shelter1",NA
57,0,1.363,1,17.5,747.061887366824,1,12.2591161727905,8.97879238562292,-Inf,0.427645300460291,0,"Holly Shelter","Holly Shelter","Holly Shelter1",NA
58,0,1.363,1,17.2968158721924,30155.6347096272,1,9.61322498321533,13.1897717386441,-Inf,0.427645300460291,0,"Holly Shelter","Holly Shelter","Holly Shelter1",NA
59,0,1.363,1,17.2999992370605,30155.6347096272,1,10.1686201095581,12.6049153154836,-Inf,0.427645300460291,0,"Holly Shelter","Holly Shelter","Holly Shelter1",NA
60,0,1.363,1,17.2999992370605,30155.6347096272,1,10.4391183853149,11.8277459170375,-Inf,0.427645300460291,0,"Holly Shelter","Holly Shelter","Holly Shelter1",NA
61,0,1.363,1,17.2999992370605,30155.6347096272,1,11.5203857421875,9.71930990306445,-Inf,0.427645300460291,0,"Holly Shelter","Holly Shelter","Holly Shelter1",NA
62,0,1.548,0,17.4659233093262,163.695800272917,1,9.5497350692749,11.8158824220566,-Inf,0.427645300460291,0,"Holly Shelter","Holly Shelter","Holly Shelter1",NA
63,0,1.58,1,17.3999996185303,2194.43730697846,1,10.9918851852417,10.997125423832,-Inf,0.427645300460291,0,"Holly Shelter","Holly Shelter","Holly Shelter1",NA
64,0,1.41307692307692,1,17.3999996185303,2941.49919434528,1,12.0181579589844,9.06757573652615,-Inf,0.427645300460291,0,"Holly Shelter","Holly Shelter","Holly Shelter1",NA
65,0,1.548,0,17.2999992370605,24.528253053335,1,9.62892246246338,19.1889228842701,-Inf,0.427645300460291,0,"Holly Shelter","Holly Shelter","Holly Shelter1",NA
66,0,1.363,1,17.3999996185303,30155.6347096272,1,10.6667470932007,13.7034697644537,4467.8,0.745709983793701,0,"Holly Shelter","Holly Shelter","Holly Shelter1",NA
67,0,1.363,1,17.3399181365967,30155.6347096272,1,11.1472024917603,12.8151179769452,4467.8,0.745709983793701,0,"Holly Shelter","Holly Shelter","Holly Shelter1",NA
68,0,1.58333333333333,0,17.3091354370117,267.613015738973,1,8.99246120452881,18.6313086139904,-Inf,0.427645300460291,0,"Holly Shelter","Holly Shelter","Holly Shelter1",NA
69,0,1.42466666666667,1,17.7683696746826,30171.4700276174,1,13.8244495391846,7.07522075215773,-Inf,0.427645300460291,0,"Holly Shelter","Holly Shelter","Holly Shelter1",NA
70,0,1.41307692307692,1,17.2999992370605,32350.0720166057,1,10.0898542404175,11.7651020192696,-Inf,0.427645300460291,0,"Holly Shelter","Holly Shelter","Holly Shelter1",NA
71,0,1.363,1,17.5000019073486,30155.6347096272,1,13.0331163406372,8.06643444660691,-Inf,0.427645300460291,0,"Holly Shelter","Holly Shelter","Holly Shelter1",NA
73,0,1.6,1,17.2999935150146,804.761596358855,1,8.63463592529297,15.0958026660762,-Inf,0.427645300460291,0,"Holly Shelter","Holly Shelter","Holly Shelter1",NA
74,0,1.363,1,17.2000007629395,30155.6347096272,1,9.50621891021729,18.7412490533964,-Inf,0.427645300460291,0,"Holly Shelter","Holly Shelter","Holly Shelter1",NA
75,0,1.363,1,17.3999977111816,30155.6347096272,1,10.9181032180786,12.5783406211455,4467.8,0.745709983793701,0,"Holly Shelter","Holly Shelter","Holly Shelter1",NA
76,0,1.58307692307692,1,17.5,2229.3939999293,1,13.76806640625,7.50238737713066,-Inf,0.427645300460291,0,"Holly Shelter","Holly Shelter","Holly Shelter1",NA
77,0,1.54416666666667,1,17.7000007629395,246.824550328233,1,16.2717170715332,6.43391225440635,-Inf,0.427645300460291,0,"Holly Shelter","Holly Shelter","Holly Shelter1",NA
78,0,1.363,1,17.3999996185303,30155.6347096272,1,10.0651111602783,12.7731548552378,-Inf,0.427645300460291,0,"Holly Shelter","Holly Shelter","Holly Shelter1",NA
79,0,1.363,1,17.2943134307861,30155.6347096272,1,9.68874645233154,14.0974737942947,-Inf,0.427645300460291,0,"Holly Shelter","Holly Shelter","Holly Shelter1",NA
80,0,1.363,1,17.2289581298828,30155.6347096272,1,10.1855869293213,16.368346920391,-Inf,0.427645300460291,0,"Holly Shelter","Holly Shelter","Holly Shelter1",NA
81,0,1.363,1,17.2999992370605,30155.6347096272,1,9.99431037902832,15.4294309557715,-Inf,0.427645300460291,0,"Holly Shelter","Holly Shelter","Holly Shelter1",NA
82,0,1.363,1,17.2979354858398,30155.6347096272,1,10.1502351760864,12.2266080469743,-Inf,0.427645300460291,0,"Holly Shelter","Holly Shelter","Holly Shelter1",NA
84,0,1.363,1,17.2819728851318,30155.6347096272,1,9.52425289154053,14.0165072821565,-Inf,0.427645300460291,0,"Holly Shelter","Holly Shelter","Holly Shelter1",NA
85,0,1.46,1,17.8871936798096,30413.8674618034,1,16.1940097808838,6.69137261769928,-Inf,0.427645300460291,0,"Holly Shelter","Holly Shelter","Holly Shelter1",NA
86,0,1.363,1,17.3977088928223,30155.6347096272,1,9.90587997436523,12.9661798770259,-Inf,0.427645300460291,0,"Holly Shelter","Holly Shelter","Holly Shelter1",NA
87,0,1.363,1,17.3415451049805,30155.6347096272,1,9.7870979309082,12.8452760730462,-Inf,0.427645300460291,0,"Holly Shelter","Holly Shelter","Holly Shelter1",NA
88,0,1.363,1,17.2000026702881,30155.6347096272,1,9.49561214447021,13.3172211378247,-Inf,0.427645300460291,0,"Holly Shelter","Holly Shelter","Holly Shelter1",NA
89,0,1.41307692307692,1,17.3999996185303,2941.49919434528,1,12.2614450454712,8.73149639316707,-Inf,0.427645300460291,0,"Holly Shelter","Holly Shelter","Holly Shelter1",NA
90,0,1.363,1,17.2300148010254,30155.6347096272,1,9.79257106781006,13.584085896116,-Inf,0.427645300460291,0,"Holly Shelter","Holly Shelter","Holly Shelter1",NA
91,0,1.363,1,17.3999996185303,30155.6347096272,1,11.0173540115356,12.6023840897347,4467.8,0.745709983793701,0,"Holly Shelter","Holly Shelter","Holly Shelter1",NA
92,0,1.363,1,17.4001960754395,30155.6347096272,1,11.4357252120972,10.8633167205228,-Inf,0.427645300460291,0,"Holly Shelter","Holly Shelter","Holly Shelter1",NA
93,0,1.548,0,17.2000007629395,51.6061780378151,1,9.26007652282715,16.2145803382569,-Inf,0.427645300460291,0,"Holly Shelter","Holly Shelter","Holly Shelter1",NA
94,0,1.363,1,17.2999992370605,30155.6347096272,1,10.2613534927368,11.9820385222989,-Inf,0.427645300460291,0,"Holly Shelter","Holly Shelter","Holly Shelter1",NA
95,0,1.363,1,17.2763557434082,30155.6347096272,1,9.99051666259766,15.2761154249894,-Inf,0.427645300460291,0,"Holly Shelter","Holly Shelter","Holly Shelter1",NA
96,0,1.363,1,17.2999992370605,30155.6347096272,1,10.522424697876,11.7118505639273,-Inf,0.427645300460291,0,"Holly Shelter","Holly Shelter","Holly Shelter1",NA
97,0,1.41307692307692,1,17.2999992370605,32350.0720166057,1,11.5439739227295,9.44922849400868,-Inf,0.427645300460291,0,"Holly Shelter","Holly Shelter","Holly Shelter1",NA
98,0,1.363,1,17.3870601654053,30155.6347096272,1,10.8667917251587,12.4741900867717,4467.8,0.745709983793701,0,"Holly Shelter","Holly Shelter","Holly Shelter1",NA
99,0,1.41307692307692,1,17.4160938262939,32350.0720166057,1,12.4287281036377,8.40016774784719,-Inf,0.427645300460291,0,"Holly Shelter","Holly Shelter","Holly Shelter1",NA
100,0,1.363,1,17.5572757720947,30155.6347096272,1,13.0027952194214,7.37149166474136,-Inf,0.427645300460291,0,"Holly Shelter","Holly Shelter","Holly Shelter1",NA
101,0,1.59,1,17.4237499237061,2516.26535005993,1,10.6426305770874,10.7954488452433,-Inf,0.427645300460291,0,"Holly Shelter","Holly Shelter","Holly Shelter1",NA
105,0,1.363,1,17.2000007629395,30155.6347096272,1,9.46620082855225,18.2539000343101,-Inf,0.427645300460291,0,"Holly Shelter","Holly Shelter","Holly Shelter1",NA
107,0,1.38454545454545,1,17.2000007629395,30960.3963059861,1,9.11817646026611,14.0021914265217,-Inf,0.427645300460291,0,"Holly Shelter","Holly Shelter","Holly Shelter1",NA
109,0,1.363,1,17.3749294281006,30155.6347096272,1,11.0609979629517,10.5938656851479,-Inf,0.427645300460291,0,"Holly Shelter","Holly Shelter","Holly Shelter1",NA
110,0,1.363,1,17.3000011444092,30155.6347096272,1,8.70378112792969,15.1279148189943,-Inf,0.427645300460291,0,"Holly Shelter","Holly Shelter","Holly Shelter1",NA
111,0,1.38454545454545,1,17.2414321899414,30960.3963059861,1,9.94473552703857,12.5910388325883,-Inf,0.427645300460291,0,"Holly Shelter","Holly Shelter","Holly Shelter1",NA
112,0,1.363,1,17.2906513214111,30155.6347096272,1,9.87824153900146,13.7730810190967,4467.8,0.745709983793701,0,"Holly Shelter","Holly Shelter","Holly Shelter1",NA
113,0,1.59,1,17.3999996185303,2516.26535005993,1,11.1836338043213,10.9236585613398,-Inf,0.427645300460291,0,"Holly Shelter","Holly Shelter","Holly Shelter1",NA
114,0,1.59,1,17.3992900848389,2516.26535005993,1,11.3579330444336,10.864839862805,-Inf,0.427645300460291,0,"Holly Shelter","Holly Shelter","Holly Shelter1",NA
115,0,1.42466666666667,1,17.2000007629395,30291.5249481173,1,10.2896575927734,15.6658682846108,-Inf,0.427645300460291,0,"Holly Shelter","Holly Shelter","Holly Shelter1",NA
116,0,1.40571428571429,1,17.7999992370605,30272.8892696208,1,14.6612529754639,6.80333162734905,-Inf,0.427645300460291,0,"Holly Shelter","Holly Shelter","Holly Shelter1",NA
117,0,1.548,0,17.6000003814697,163.695800272917,1,11.5981750488281,9.77750206134167,-Inf,0.427645300460291,0,"Holly Shelter","Holly Shelter","Holly Shelter1",NA
118,0,1.363,1,17.3999614715576,30155.6347096272,1,10.2443246841431,12.4668438271103,-Inf,0.427645300460291,0,"Holly Shelter","Holly Shelter","Holly Shelter1",NA
119,0,1.363,1,17.2000007629395,30155.6347096272,1,9.88530254364014,15.1450427583968,-Inf,0.427645300460291,0,"Holly Shelter","Holly Shelter","Holly Shelter1",NA
120,0,1.363,1,17.2000007629395,30155.6347096272,1,9.41550827026367,18.0076011251634,-Inf,0.427645300460291,0,"Holly Shelter","Holly Shelter","Holly Shelter1",NA
121,0,1.363,1,17.4958171844482,30155.6347096272,1,11.9393606185913,8.65785537308227,-Inf,0.427645300460291,0,"Holly Shelter","Holly Shelter","Holly Shelter1",NA
122,0,1.41307692307692,1,17.2999992370605,32350.0720166057,1,10.6464023590088,11.5309520129363,-Inf,0.427645300460291,0,"Holly Shelter","Holly Shelter","Holly Shelter1",NA
125,0,1.38454545454545,1,17.2339210510254,30960.3963059861,1,10.0316743850708,12.8126611761495,-Inf,0.427645300460291,0,"Holly Shelter","Holly Shelter","Holly Shelter1",NA
126,0,1.363,1,17.3999996185303,30155.6347096272,1,11.7956371307373,11.1778947982883,-Inf,0.427645300460291,0,"Holly Shelter","Holly Shelter","Holly Shelter1",NA
127,0,1.363,1,17.2999992370605,30155.6347096272,1,10.1726055145264,12.7635022258377,-Inf,0.427645300460291,0,"Holly Shelter","Holly Shelter","Holly Shelter1",NA
128,0,1.363,1,17.3005790710449,30155.6347096272,1,10.1003551483154,13.0731765197039,4467.8,0.745709983793701,0,"Holly Shelter","Holly Shelter","Holly Shelter1",NA
130,0,1.41307692307692,1,17.3602828979492,32350.0720166057,1,10.6846685409546,11.3596811780357,-Inf,0.427645300460291,0,"Holly Shelter","Holly Shelter","Holly Shelter1",NA
131,0,1.5125,0,17.6900882720947,14.6278535823438,1,12.2234468460083,8.97758907065219,-Inf,0.427645300460291,0,"Holly Shelter","Holly Shelter","Holly Shelter1",NA
132,0,1.452,1,17.5596523284912,30505.0485533227,1,14.1957273483276,7.58451773972224,-Inf,0.427645300460291,0,"Holly Shelter","Holly Shelter","Holly Shelter1",NA
133,0,1.41307692307692,1,17.3999996185303,2941.49919434528,1,11.943076133728,9.43305742498396,-Inf,0.427645300460291,0,"Holly Shelter","Holly Shelter","Holly Shelter1",NA
135,0,1.49060606060606,1,17.7565975189209,30532.9911895269,1,14.9908170700073,6.8350332869771,-Inf,0.427645300460291,0,"Holly Shelter","Holly Shelter","Holly Shelter1",NA
136,0,1.548,0,17.1999988555908,51.6061780378151,1,9.42038822174072,16.5285885251003,-Inf,0.427645300460291,0,"Holly Shelter","Holly Shelter","Holly Shelter1",NA
137,0,1.363,1,17.2999992370605,30155.6347096272,1,10.0771980285645,13.9092044513132,4467.8,0.745709983793701,0,"Holly Shelter","Holly Shelter","Holly Shelter1",NA
138,0,1.363,1,17.2000007629395,30155.6347096272,1,10.1002035140991,14.2994551222369,-Inf,0.427645300460291,0,"Holly Shelter","Holly Shelter","Holly Shelter1",NA
139,0,1.56,0,17.5191535949707,180.499169751192,1,11.7733917236328,9.7917463793988,-Inf,0.427645300460291,0,"Holly Shelter","Holly Shelter","Holly Shelter1",NA
140,0,1.39909090909091,1,17.5,30241.2308795243,1,10.0839643478394,15.1371401902346,4467.8,0.745709983793701,0,"Holly Shelter","Holly Shelter","Holly Shelter1",NA
141,0,1.363,1,17.1087799072266,30155.6347096272,1,9.45481491088867,13.8754372658847,-Inf,0.427645300460291,0,"Holly Shelter","Holly Shelter","Holly Shelter1",NA
142,0,1.363,1,17.2000007629395,30155.6347096272,1,9.52784729003906,16.9112890465263,-Inf,0.427645300460291,0,"Holly Shelter","Holly Shelter","Holly Shelter1",NA
143,0,1.363,1,17.3624172210693,30155.6347096272,1,11.2039394378662,10.3741884272365,-Inf,0.427645300460291,0,"Holly Shelter","Holly Shelter","Holly Shelter1",NA
144,0,1.363,1,17.2134323120117,30155.6347096272,1,9.65163898468018,16.6118420278249,-Inf,0.427645300460291,0,"Holly Shelter","Holly Shelter","Holly Shelter1",NA
145,0,1.44315789473684,1,17.5230655670166,30290.791147157,1,14.7648391723633,6.48580991840722,-Inf,0.427645300460291,0,"Holly Shelter","Holly Shelter","Holly Shelter1",NA
146,0,1.42466666666667,1,17.6440715789795,30214.6869452347,1,14.3272705078125,6.83341856421089,-Inf,0.427645300460291,0,"Holly Shelter","Holly Shelter","Holly Shelter1",NA
147,0,1.5046875,1,17.7285041809082,30267.0394763624,1,15.4301805496216,6.04176851928616,-Inf,0.427645300460291,0,"Holly Shelter","Holly Shelter","Holly Shelter1",NA
148,0,1.363,1,17.5,30155.6347096272,1,12.7378091812134,7.79039336395402,-Inf,0.427645300460291,0,"Holly Shelter","Holly Shelter","Holly Shelter1",NA
149,0,1.363,1,17.2256202697754,30155.6347096272,1,9.75672340393066,14.8421998365378,-Inf,0.427645300460291,0,"Holly Shelter","Holly Shelter","Holly Shelter1",NA
150,0,1.41307692307692,1,17.3540115356445,32350.0720166057,1,10.0207509994507,12.3968859542722,-Inf,0.427645300460291,0,"Holly Shelter","Holly Shelter","Holly Shelter1",NA
151,0,1.363,1,17.3999977111816,30155.6347096272,1,10.8879451751709,13.7490891861403,4467.8,0.745709983793701,0,"Holly Shelter","Holly Shelter","Holly Shelter1",NA
152,0,1.363,1,17.5,30155.6347096272,1,13.0247402191162,8.58835688715754,-Inf,0.427645300460291,0,"Holly Shelter","Holly Shelter","Holly Shelter1",NA
153,0,1.47,1,17.4810466766357,30444.3869196382,1,10.5148696899414,15.5222456403853,4467.8,0.745709983793701,0,"Holly Shelter","Holly Shelter","Holly Shelter1",NA
154,0,1.363,1,17.2000007629395,30155.6347096272,1,9.39679050445557,13.4547119510379,-Inf,0.427645300460291,0,"Holly Shelter","Holly Shelter","Holly Shelter1",NA
156,0,1.363,1,17.3000011444092,30155.6347096272,1,10.3594751358032,12.172087885837,-Inf,0.427645300460291,0,"Holly Shelter","Holly Shelter","Holly Shelter1",NA
157,0,1.363,1,17.1000003814697,30155.6347096272,1,9.4170389175415,14.900438541917,-Inf,0.427645300460291,0,"Holly Shelter","Holly Shelter","Holly Shelter1",NA
158,0,1.4735,1,17.5,30190.5914025781,1,14.8058547973633,7.22419363248923,-Inf,0.427645300460291,0,"Holly Shelter","Holly Shelter","Holly Shelter1",NA
159,0,1.548,0,17.3188495635986,24.528253053335,1,9.40069103240967,18.9728054677323,-Inf,0.427645300460291,0,"Holly Shelter","Holly Shelter","Holly Shelter1",NA
160,0,1.548,0,17.3013114929199,24.8216221898483,1,9.14356708526611,19.7087468587602,4074.15,0.00237417756926798,0,"Holly Shelter","Holly Shelter","Holly Shelter1",NA
161,0,1.41307692307692,1,17.3999996185303,2941.49919434528,1,12.1028480529785,8.99599542918371,-Inf,0.427645300460291,0,"Holly Shelter","Holly Shelter","Holly Shelter1",NA
162,0,1.363,1,17.2000007629395,30155.6347096272,1,9.94469451904297,13.3185933428599,-Inf,0.427645300460291,0,"Holly Shelter","Holly Shelter","Holly Shelter1",NA
163,0,1.363,1,17.3059597015381,30155.6347096272,1,10.5254859924316,13.4333829433804,4467.8,0.745709983793701,0,"Holly Shelter","Holly Shelter","Holly Shelter1",NA
164,0,1.548,0,17.2999992370605,80.0934803458875,1,7.73547410964966,17.2152722849694,-Inf,0.427645300460291,0,"Holly Shelter","Holly Shelter","Holly Shelter1",NA
166,0,1.42466666666667,1,17.7924365997314,30243.9228238239,1,15.2377738952637,6.28752474184927,-Inf,0.427645300460291,0,"Holly Shelter","Holly Shelter","Holly Shelter1",NA
167,0,1.38454545454545,1,17.2000007629395,30960.3963059861,1,9.63055801391602,13.1839188739087,-Inf,0.427645300460291,0,"Holly Shelter","Holly Shelter","Holly Shelter1",NA
168,0,1.363,1,17.4999980926514,747.061887366824,1,12.5086193084717,8.59311761931077,-Inf,0.427645300460291,0,"Holly Shelter","Holly Shelter","Holly Shelter1",NA
169,0,1.5046875,1,17.7000007629395,30267.0394763624,1,15.5984401702881,6.17396005931114,-Inf,0.427645300460291,0,"Holly Shelter","Holly Shelter","Holly Shelter1",NA
170,0,1.548,0,17.2000026702881,13.8390572393965,1,9.54420471191406,19.0071747537362,-Inf,0.427645300460291,0,"Holly Shelter","Holly Shelter","Holly Shelter1",NA
171,0,1.363,1,17.5,30155.6347096272,1,12.8754663467407,9.13938712027672,4467.8,0.745709983793701,0,"Holly Shelter","Holly Shelter","Holly Shelter1",NA
172,0,1.363,1,17.2999820709229,30155.6347096272,1,10.1459560394287,12.390676533739,-Inf,0.427645300460291,0,"Holly Shelter","Holly Shelter","Holly Shelter1",NA
173,0,1.363,1,17.5665721893311,30155.6347096272,1,14.3611402511597,6.98077567810394,-Inf,0.427645300460291,0,"Holly Shelter","Holly Shelter","Holly Shelter1",NA
174,0,1.41307692307692,1,17.3082637786865,32350.0720166057,1,10.7979516983032,11.0100224359898,-Inf,0.427645300460291,0,"Holly Shelter","Holly Shelter","Holly Shelter1",NA
175,0,1.363,1,17.5,747.061887366824,1,12.739767074585,8.0616959720782,-Inf,0.427645300460291,0,"Holly Shelter","Holly Shelter","Holly Shelter1",NA
176,0,1.363,1,17.2999992370605,30155.6347096272,1,11.4349517822266,9.84095479582359,-Inf,0.427645300460291,0,"Holly Shelter","Holly Shelter","Holly Shelter1",NA
177,0,1.56,1,17.5000019073486,2211.54573434216,1,12.9527082443237,7.57900846877518,-Inf,0.427645300460291,0,"Holly Shelter","Holly Shelter","Holly Shelter1",NA
179,0,1.363,1,17.5,30155.6347096272,1,12.8391008377075,9.68007768454685,4467.8,0.745709983793701,0,"Holly Shelter","Holly Shelter","Holly Shelter1",NA
180,0,1.363,1,17.2426147460938,30155.6347096272,1,9.79975986480713,14.9620051574393,-Inf,0.427645300460291,0,"Holly Shelter","Holly Shelter","Holly Shelter1",NA
181,0,1.363,1,17.2999992370605,30155.6347096272,1,9.32497692108154,14.6319978659108,-Inf,0.427645300460291,0,"Holly Shelter","Holly Shelter","Holly Shelter1",NA
182,0,1.363,1,17.4775409698486,747.061887366824,1,12.5313386917114,8.56028743953415,-Inf,0.427645300460291,0,"Holly Shelter","Holly Shelter","Holly Shelter1",NA
183,0,1.363,1,17.3999996185303,30155.6347096272,1,12.3934087753296,10.3465904002758,4467.8,0.745709983793701,0,"Holly Shelter","Holly Shelter","Holly Shelter1",NA
184,0,1.54142857142857,1,17.7000007629395,158.536436131561,1,15.9160375595093,6.38444834953167,-Inf,0.427645300460291,0,"Holly Shelter","Holly Shelter","Holly Shelter1",NA
185,0,1.363,1,17.3999996185303,30155.6347096272,1,11.1321115493774,11.4303331708405,-Inf,0.427645300460291,0,"Holly Shelter","Holly Shelter","Holly Shelter1",NA
186,0,1.45055555555556,1,17.5,32409.1242522131,1,12.8162937164307,7.41416495484625,-Inf,0.427645300460291,0,"Holly Shelter","Holly Shelter","Holly Shelter1",NA
187,0,1.363,1,17.2363700866699,30155.6347096272,1,9.85157108306885,14.4636473738414,-Inf,0.427645300460291,0,"Holly Shelter","Holly Shelter","Holly Shelter1",NA
188,0,1.363,1,17.3999996185303,30155.6347096272,1,12.462381362915,9.89907388265948,4467.8,0.745709983793701,0,"Holly Shelter","Holly Shelter","Holly Shelter1",NA
189,0,1.363,1,17.2040710449219,30155.6347096272,1,10.1393308639526,14.3608704494467,-Inf,0.427645300460291,0,"Holly Shelter","Holly Shelter","Holly Shelter1",NA
190,0,1.363,1,17.4141960144043,747.061887366824,1,12.2358169555664,8.99343630260753,-Inf,0.427645300460291,0,"Holly Shelter","Holly Shelter","Holly Shelter1",NA
191,0,1.42466666666667,1,17.2000007629395,30291.5249481173,1,10.2927656173706,15.0854542504729,-Inf,0.427645300460291,0,"Holly Shelter","Holly Shelter","Holly Shelter1",NA
192,0,1.363,1,17.2781047821045,30155.6347096272,1,10.1328678131104,15.5455951282212,-Inf,0.427645300460291,0,"Holly Shelter","Holly Shelter","Holly Shelter1",NA
193,0,1.363,1,17.5,747.061887366824,1,12.5821228027344,8.50384762483872,-Inf,0.427645300460291,0,"Holly Shelter","Holly Shelter","Holly Shelter1",NA
194,0,1.363,1,17.2999992370605,30155.6347096272,1,9.4073657989502,14.3386066213493,-Inf,0.427645300460291,0,"Holly Shelter","Holly Shelter","Holly Shelter1",NA
195,0,1.363,1,17.2625980377197,30155.6347096272,1,10.1133050918579,12.2247977107849,-Inf,0.427645300460291,0,"Holly Shelter","Holly Shelter","Holly Shelter1",NA
196,0,1.363,1,17.2089881896973,30155.6347096272,1,9.9861536026001,15.2499302829672,-Inf,0.427645300460291,0,"Holly Shelter","Holly Shelter","Holly Shelter1",NA
197,0,1.363,1,17.2999992370605,30155.6347096272,1,10.0315227508545,15.748148163276,-Inf,0.427645300460291,0,"Holly Shelter","Holly Shelter","Holly Shelter1",NA
198,0,1.363,1,17.2999992370605,30155.6347096272,1,9.82459926605225,15.8327936719698,4467.8,0.745709983793701,0,"Holly Shelter","Holly Shelter","Holly Shelter1",NA
199,0,1.59,1,17.4391994476318,2516.26535005993,1,10.5353546142578,10.9761891334809,-Inf,0.427645300460291,0,"Holly Shelter","Holly Shelter","Holly Shelter1",NA
200,0,1.363,1,17.2999973297119,30155.6347096272,1,10.3150091171265,12.2639135465635,-Inf,0.427645300460291,0,"Holly Shelter","Holly Shelter","Holly Shelter1",NA
201,0,1.363,1,17.455867767334,30155.6347096272,1,10.3440036773682,15.1303621038877,4467.8,0.745709983793701,0,"Holly Shelter","Holly Shelter","Holly Shelter1",NA
202,0,1.363,1,17.2000007629395,30155.6347096272,1,10.1361389160156,16.7862540073484,-Inf,0.427645300460291,0,"Holly Shelter","Holly Shelter","Holly Shelter1",NA
203,0,1.548,0,17.2904586791992,51.6061780378151,1,9.37069225311279,16.6672313157187,-Inf,0.427645300460291,0,"Holly Shelter","Holly Shelter","Holly Shelter1",NA
204,0,1.55666666666667,1,17.2126960754395,856.36777439667,1,8.55266094207764,15.6163171347437,-Inf,0.427645300460291,0,"Holly Shelter","Holly Shelter","Holly Shelter1",NA
205,0,1.42466666666667,1,17.6000003814697,30193.9967041251,1,14.3958940505981,6.86747204980542,-Inf,0.427645300460291,0,"Holly Shelter","Holly Shelter","Holly Shelter1",NA
206,0,1.363,1,17.2999992370605,30155.6347096272,1,9.63858795166016,13.2474003490425,-Inf,0.427645300460291,0,"Holly Shelter","Holly Shelter","Holly Shelter1",NA
207,0,1.363,1,17.2999973297119,30155.6347096272,1,10.0891017913818,15.773592740181,4467.8,0.745709983793701,0,"Holly Shelter","Holly Shelter","Holly Shelter1",NA
208,0,1.363,1,17.2950115203857,30155.6347096272,1,10.1286058425903,16.3297368865403,-Inf,0.427645300460291,0,"Holly Shelter","Holly Shelter","Holly Shelter1",NA
210,0,1.363,1,17.2000007629395,30155.6347096272,1,10.164927482605,16.2403180464301,-Inf,0.427645300460291,0,"Holly Shelter","Holly Shelter","Holly Shelter1",NA
212,0,1.47173913043478,1,17.6133041381836,30415.513169369,1,15.9413766860962,5.81037652792363,-Inf,0.427645300460291,0,"Holly Shelter","Holly Shelter","Holly Shelter1",NA
213,0,1.46869565217391,1,17.673397064209,30403.1049982328,1,15.3436012268066,6.33361342122843,-Inf,0.427645300460291,0,"Holly Shelter","Holly Shelter","Holly Shelter1",NA
214,0,1.363,1,17.2956485748291,30155.6347096272,1,9.56176280975342,13.4651986536989,-Inf,0.427645300460291,0,"Holly Shelter","Holly Shelter","Holly Shelter1",NA
215,0,1.58,1,17.3999996185303,2194.43730697846,1,10.2740573883057,11.9922053143525,-Inf,0.427645300460291,0,"Holly Shelter","Holly Shelter","Holly Shelter1",NA
217,0,1.363,1,17.2999992370605,30155.6347096272,1,9.10396862030029,14.7768356952491,-Inf,0.427645300460291,0,"Holly Shelter","Holly Shelter","Holly Shelter1",NA
218,0,1.363,1,17.4000015258789,30155.6347096272,1,12.0072641372681,11.2086837977169,4467.8,0.745709983793701,0,"Holly Shelter","Holly Shelter","Holly Shelter1",NA
219,0,1.363,1,17.3000011444092,30155.6347096272,1,9.83476448059082,16.1281775012244,4467.8,0.745709983793701,0,"Holly Shelter","Holly Shelter","Holly Shelter1",NA
220,0,1.41307692307692,1,17.2999973297119,32350.0720166057,1,10.4770402908325,11.8599418155536,-Inf,0.427645300460291,0,"Holly Shelter","Holly Shelter","Holly Shelter1",NA
221,0,1.363,1,17.2999992370605,30155.6347096272,1,9.70283222198486,14.5583830237862,4467.8,0.745709983793701,0,"Holly Shelter","Holly Shelter","Holly Shelter1",NA
222,0,1.58,1,17.3999996185303,2194.43730697846,1,10.4633884429932,11.5386646743271,-Inf,0.427645300460291,0,"Holly Shelter","Holly Shelter","Holly Shelter1",NA
223,0,1.363,1,17.3985424041748,30155.6347096272,1,10.0449161529541,15.0297161427161,4467.8,0.745709983793701,0,"Holly Shelter","Holly Shelter","Holly Shelter1",NA
224,0,1.363,1,17.2999992370605,30155.6347096272,1,9.18177700042725,15.3766458462581,-Inf,0.427645300460291,0,"Holly Shelter","Holly Shelter","Holly Shelter1",NA
225,0,1.548,0,17.2000007629395,13.8390572393965,1,9.62047672271729,19.2001995602815,-Inf,0.427645300460291,0,"Holly Shelter","Holly Shelter","Holly Shelter1",NA
226,0,1.363,1,17.2000007629395,30155.6347096272,1,9.87344932556152,13.7815462590414,-Inf,0.427645300460291,0,"Holly Shelter","Holly Shelter","Holly Shelter1",NA
227,0,1.363,1,17.3933143615723,30155.6347096272,1,10.0073404312134,14.9103209810063,4467.8,0.745709983793701,0,"Holly Shelter","Holly Shelter","Holly Shelter1",NA
229,0,1.363,1,17.2048816680908,30155.6347096272,1,10.1515989303589,16.3294849136488,-Inf,0.427645300460291,0,"Holly Shelter","Holly Shelter","Holly Shelter1",NA
230,0,1.363,1,17.3999996185303,30155.6347096272,1,11.390344619751,9.97044469188846,-Inf,0.427645300460291,0,"Holly Shelter","Holly Shelter","Holly Shelter1",NA
231,0,1.41307692307692,1,17.2999992370605,32350.0720166057,1,10.0092182159424,12.1369242212529,-Inf,0.427645300460291,0,"Holly Shelter","Holly Shelter","Holly Shelter1",NA
232,0,1.51114285714286,1,17.7000198364258,30389.1464638326,1,16.0484771728516,5.83821892506765,-Inf,0.427645300460291,0,"Holly Shelter","Holly Shelter","Holly Shelter1",NA
233,0,1.363,1,17.163158416748,30155.6347096272,1,9.3404483795166,14.0181814843545,-Inf,0.427645300460291,0,"Holly Shelter","Holly Shelter","Holly Shelter1",NA
234,0,1.41307692307692,1,17.5,32350.0720166057,1,12.5295028686523,8.17797948837812,-Inf,0.427645300460291,0,"Holly Shelter","Holly Shelter","Holly Shelter1",NA
235,0,1.5046875,1,17.7881355285645,30267.0394763624,1,15.7317228317261,5.8364234471286,-Inf,0.427645300460291,0,"Holly Shelter","Holly Shelter","Holly Shelter1",NA
236,0,1.363,1,17.481559753418,30155.6347096272,1,11.5750846862793,10.3352947449792,-Inf,0.427645300460291,0,"Holly Shelter","Holly Shelter","Holly Shelter1",NA
237,0,1.363,1,17.2000007629395,30155.6347096272,1,9.65023517608643,13.0048267630795,-Inf,0.427645300460291,0,"Holly Shelter","Holly Shelter","Holly Shelter1",NA
238,0,1.363,1,17.2000007629395,30155.6347096272,1,9.99789905548096,13.0842341116853,-Inf,0.427645300460291,0,"Holly Shelter","Holly Shelter","Holly Shelter1",NA
239,0,1.363,1,17.208610534668,30155.6347096272,1,10.0250883102417,15.8179677315364,-Inf,0.427645300460291,0,"Holly Shelter","Holly Shelter","Holly Shelter1",NA
240,0,1.363,1,17.2999973297119,30155.6347096272,1,10.3596067428589,12.1431897731735,-Inf,0.427645300460291,0,"Holly Shelter","Holly Shelter","Holly Shelter1",NA
241,0,1.56,1,17.669771194458,256.979381603471,1,12.6575202941895,8.14280016063763,-Inf,0.427645300460291,0,"Holly Shelter","Holly Shelter","Holly Shelter1",NA
244,0,1.45055555555556,1,17.5263862609863,32409.1242522131,1,14.27512550354,7.25723099166491,-Inf,0.427645300460291,0,"Holly Shelter","Holly Shelter","Holly Shelter1",NA
245,0,1.363,1,17.2256927490234,30155.6347096272,1,10.165186882019,16.1610789941414,-Inf,0.427645300460291,0,"Holly Shelter","Holly Shelter","Holly Shelter1",NA
246,0,1.41307692307692,1,17.3809032440186,32350.0720166057,1,10.9011192321777,10.6417785658165,-Inf,0.427645300460291,0,"Holly Shelter","Holly Shelter","Holly Shelter1",NA
247,0,1.59,1,17.3999996185303,2516.26535005993,1,10.6916751861572,11.0891636815156,-Inf,0.427645300460291,0,"Holly Shelter","Holly Shelter","Holly Shelter1",NA
248,0,1.45863636363636,1,17.7000007629395,30323.4770122294,1,15.6289558410645,6.53255613374278,-Inf,0.427645300460291,0,"Holly Shelter","Holly Shelter","Holly Shelter1",NA
249,0,1.58,1,17.3999996185303,2194.43730697846,1,11.8236093521118,10.0854447838722,-Inf,0.427645300460291,0,"Holly Shelter","Holly Shelter","Holly Shelter1",NA
250,0,1.41307692307692,1,17.3999996185303,32350.0720166057,1,10.2739515304565,12.4936499756011,-Inf,0.427645300460291,0,"Holly Shelter","Holly Shelter","Holly Shelter1",NA
251,0,1.363,1,17.2999439239502,30155.6347096272,1,9.8558874130249,13.1619874590369,-Inf,0.427645300460291,0,"Holly Shelter","Holly Shelter","Holly Shelter1",NA
252,0,1.363,1,17.5070209503174,747.061887366824,1,12.8380432128906,8.10609486024195,-Inf,0.427645300460291,0,"Holly Shelter","Holly Shelter","Holly Shelter1",NA
253,0,1.363,1,17.5491752624512,30155.6347096272,1,13.0853233337402,7.69938500914237,-Inf,0.427645300460291,0,"Holly Shelter","Holly Shelter","Holly Shelter1",NA
254,0,1.44315789473684,1,17.5,30180.2158620319,1,14.775218963623,6.41689515339022,-Inf,0.427645300460291,0,"Holly Shelter","Holly Shelter","Holly Shelter1",NA
256,0,1.363,1,17.2972717285156,30155.6347096272,1,9.82987880706787,13.3196212273301,-Inf,0.427645300460291,0,"Holly Shelter","Holly Shelter","Holly Shelter1",NA
257,0,1.363,1,17.3999996185303,30155.6347096272,1,12.3355016708374,10.5211987973235,4467.8,0.745709983793701,0,"Holly Shelter","Holly Shelter","Holly Shelter1",NA
258,0,1.363,1,17.3999996185303,30155.6347096272,1,11.5814056396484,9.31868957453883,-Inf,0.427645300460291,0,"Holly Shelter","Holly Shelter","Holly Shelter1",NA
259,0,1.53428571428571,1,17.6298904418945,1648.29032608412,1,13.0561151504517,7.95773201673718,-Inf,0.427645300460291,0,"Holly Shelter","Holly Shelter","Holly Shelter1",NA
260,0,1.363,1,17.2000007629395,30155.6347096272,1,9.86229038238525,14.8520060802293,-Inf,0.427645300460291,0,"Holly Shelter","Holly Shelter","Holly Shelter1",NA
261,0,1.363,1,17.2000007629395,30155.6347096272,1,10.1005144119263,15.1792783708058,-Inf,0.427645300460291,0,"Holly Shelter","Holly Shelter","Holly Shelter1",NA
262,0,1.363,1,17.2919769287109,30155.6347096272,1,10.1182403564453,15.9797858326978,-Inf,0.427645300460291,0,"Holly Shelter","Holly Shelter","Holly Shelter1",NA
263,0,1.363,1,17.255241394043,30155.6347096272,1,9.97294044494629,13.9717440812784,-Inf,0.427645300460291,0,"Holly Shelter","Holly Shelter","Holly Shelter1",NA
264,0,1.363,1,17.3000011444092,30155.6347096272,1,10.1758480072021,16.0745724376164,-Inf,0.427645300460291,0,"Holly Shelter","Holly Shelter","Holly Shelter1",NA
265,0,1.58,1,17.3278121948242,2194.43730697846,1,11.7058525085449,9.79773850238342,-Inf,0.427645300460291,0,"Holly Shelter","Holly Shelter","Holly Shelter1",NA
266,0,1.41307692307692,1,17.380880355835,32350.0720166057,1,11.7053327560425,9.18697319012962,-Inf,0.427645300460291,0,"Holly Shelter","Holly Shelter","Holly Shelter1",NA
267,0,1.363,1,17.3000011444092,30155.6347096272,1,10.1605892181396,15.7508141898566,-Inf,0.427645300460291,0,"Holly Shelter","Holly Shelter","Holly Shelter1",NA
268,0,1.363,1,17.200740814209,30155.6347096272,1,9.71842765808105,17.1379761914878,-Inf,0.427645300460291,0,"Holly Shelter","Holly Shelter","Holly Shelter1",NA
269,0,1.363,1,17.2999973297119,30155.6347096272,1,10.0698318481445,12.602348631922,-Inf,0.427645300460291,0,"Holly Shelter","Holly Shelter","Holly Shelter1",NA
271,0,1.42466666666667,1,17.4597320556641,30281.2202843173,1,8.44472217559814,15.8169504716948,4467.8,0.745709983793701,0,"Holly Shelter","Holly Shelter","Holly Shelter1",NA
272,0,1.41307692307692,1,17.4987888336182,32350.0720166057,1,12.4661798477173,8.20054037272719,-Inf,0.427645300460291,0,"Holly Shelter","Holly Shelter","Holly Shelter1",NA
273,0,1.38454545454545,1,17.2086620330811,30960.3963059861,1,10.1689567565918,12.627120491057,-Inf,0.427645300460291,0,"Holly Shelter","Holly Shelter","Holly Shelter1",NA
274,0,1.363,1,17.3171443939209,30155.6347096272,1,10.629955291748,11.183942445389,-Inf,0.427645300460291,0,"Holly Shelter","Holly Shelter","Holly Shelter1",NA
275,0,1.363,1,17.2000007629395,30155.6347096272,1,10.0204782485962,13.5866746291299,-Inf,0.427645300460291,0,"Holly Shelter","Holly Shelter","Holly Shelter1",NA
276,0,1.363,1,17.2000007629395,30155.6347096272,1,9.32216262817383,13.896227653563,-Inf,0.427645300460291,0,"Holly Shelter","Holly Shelter","Holly Shelter1",NA
277,0,1.363,1,17.2000007629395,30155.6347096272,1,9.43492412567139,18.2501713783647,-Inf,0.427645300460291,0,"Holly Shelter","Holly Shelter","Holly Shelter1",NA
278,0,1.548,0,17.7000007629395,88.2881141966716,1,16.5846080780029,6.48931505151719,-Inf,0.427645300460291,0,"Holly Shelter","Holly Shelter","Holly Shelter1",NA
279,0,1.363,1,17.2000007629395,30155.6347096272,1,10.0037393569946,14.297055947066,-Inf,0.427645300460291,0,"Holly Shelter","Holly Shelter","Holly Shelter1",NA
280,0,1.43647058823529,1,17.6910972595215,30314.1711457588,1,14.7863731384277,6.73524825384063,-Inf,0.427645300460291,0,"Holly Shelter","Holly Shelter","Holly Shelter1",NA
281,0,1.58,1,17.3999996185303,2194.43730697846,1,12.2226696014404,8.55252580694596,-Inf,0.427645300460291,0,"Holly Shelter","Holly Shelter","Holly Shelter1",NA
282,0,1.58,1,17.4979991912842,2194.43730697846,1,12.5500707626343,7.84026594234317,-Inf,0.427645300460291,0,"Holly Shelter","Holly Shelter","Holly Shelter1",NA
283,0,1.363,1,17.3134708404541,30155.6347096272,1,9.7459602355957,12.8795788227127,-Inf,0.427645300460291,0,"Holly Shelter","Holly Shelter","Holly Shelter1",NA
284,0,1.363,1,17.2141132354736,30155.6347096272,1,10.0840301513672,13.0886508851313,-Inf,0.427645300460291,0,"Holly Shelter","Holly Shelter","Holly Shelter1",NA
285,0,1.363,1,17.2999992370605,30155.6347096272,1,10.4365119934082,11.7240905612798,-Inf,0.427645300460291,0,"Holly Shelter","Holly Shelter","Holly Shelter1",NA
286,0,1.363,1,17.4943466186523,30155.6347096272,1,11.9420738220215,9.11447105581087,-Inf,0.427645300460291,0,"Holly Shelter","Holly Shelter","Holly Shelter1",NA
287,0,1.363,1,17.2076206207275,30155.6347096272,1,9.51101684570312,13.3575210583633,-Inf,0.427645300460291,0,"Holly Shelter","Holly Shelter","Holly Shelter1",NA
290,0,1.363,1,17.3885307312012,30155.6347096272,1,11.0334043502808,11.04525515534,-Inf,0.427645300460291,0,"Holly Shelter","Holly Shelter","Holly Shelter1",NA
291,0,1.55666666666667,1,17.2000007629395,856.36777439667,1,8.112961769104,15.8716056433024,-Inf,0.427645300460291,0,"Holly Shelter","Holly Shelter","Holly Shelter1",NA
293,0,1.363,1,17.2000007629395,30155.6347096272,1,9.84360122680664,14.3625022894498,-Inf,0.427645300460291,0,"Holly Shelter","Holly Shelter","Holly Shelter1",NA
294,0,1.363,1,17.3999996185303,30155.6347096272,1,9.79947471618652,12.5905996186616,-Inf,0.427645300460291,0,"Holly Shelter","Holly Shelter","Holly Shelter1",NA
295,0,1.363,1,17.2999992370605,30155.6347096272,1,9.85784435272217,13.7182406693547,-Inf,0.427645300460291,0,"Holly Shelter","Holly Shelter","Holly Shelter1",NA
296,0,1.363,1,17.2995624542236,30155.6347096272,1,10.1966247558594,15.8799344414459,-Inf,0.427645300460291,0,"Holly Shelter","Holly Shelter","Holly Shelter1",NA
297,0,1.363,1,17.2000007629395,30155.6347096272,1,10.1636276245117,14.6265884225248,-Inf,0.427645300460291,0,"Holly Shelter","Holly Shelter","Holly Shelter1",NA
298,0,1.363,1,17.3999996185303,30155.6347096272,1,12.3556823730469,10.6995629711958,4467.8,0.745709983793701,0,"Holly Shelter","Holly Shelter","Holly Shelter1",NA
299,0,1.363,1,17.3446235656738,30155.6347096272,1,10.1525106430054,12.6954052751065,-Inf,0.427645300460291,0,"Holly Shelter","Holly Shelter","Holly Shelter1",NA
300,0,1.363,1,17.4235153198242,30155.6347096272,1,11.6309900283813,9.59912839176063,-Inf,0.427645300460291,0,"Holly Shelter","Holly Shelter","Holly Shelter1",NA
301,0,1.41307692307692,1,17.4714813232422,2941.49919434528,1,12.4978065490723,8.4280417867439,-Inf,0.427645300460291,0,"Holly Shelter","Holly Shelter","Holly Shelter1",NA
302,0,1.363,1,17.2000007629395,30155.6347096272,1,9.80910587310791,12.8049706860873,-Inf,0.427645300460291,0,"Holly Shelter","Holly Shelter","Holly Shelter1",NA
303,0,1.363,1,17.4094505310059,30155.6347096272,1,12.5138330459595,9.42449411177087,-Inf,0.427645300460291,0,"Holly Shelter","Holly Shelter","Holly Shelter1",NA
304,0,1.58333333333333,0,17.3062477111816,267.613015738973,1,9.93818092346191,17.7967828893503,-Inf,0.427645300460291,0,"Holly Shelter","Holly Shelter","Holly Shelter1",NA
305,0,1.363,1,17.2000007629395,30155.6347096272,1,9.57081031799316,18.784165704734,-Inf,0.427645300460291,0,"Holly Shelter","Holly Shelter","Holly Shelter1",NA
306,0,1.44315789473684,1,17.671049118042,30280.3522724853,1,15.6497926712036,6.67415272095643,-Inf,0.427645300460291,0,"Holly Shelter","Holly Shelter","Holly Shelter1",NA
307,0,1.363,1,17.2851810455322,30155.6347096272,1,10.0501670837402,12.9180396493248,-Inf,0.427645300460291,0,"Holly Shelter","Holly Shelter","Holly Shelter1",NA
308,0,1.363,1,17.2914009094238,30155.6347096272,1,9.94474124908447,13.4574687243228,-Inf,0.427645300460291,0,"Holly Shelter","Holly Shelter","Holly Shelter1",NA
309,0,1.452,1,17.6752853393555,30297.1369072087,1,13.6723470687866,7.16384691080748,-Inf,0.427645300460291,0,"Holly Shelter","Holly Shelter","Holly Shelter1",NA
310,0,1.363,1,17.3620071411133,30155.6347096272,1,10.6821966171265,11.1171782859748,-Inf,0.427645300460291,0,"Holly Shelter","Holly Shelter","Holly Shelter1",NA
311,0,1.363,1,17.3999996185303,30155.6347096272,1,11.4838705062866,11.7632822967588,-Inf,0.427645300460291,0,"Holly Shelter","Holly Shelter","Holly Shelter1",NA
312,0,1.363,1,17.5121936798096,30155.6347096272,1,13.0807514190674,8.52541549086315,4467.8,0.745709983793701,0,"Holly Shelter","Holly Shelter","Holly Shelter1",NA
313,0,1.363,1,17.3079586029053,30155.6347096272,1,10.2096214294434,14.7230197564412,4467.8,0.745709983793701,0,"Holly Shelter","Holly Shelter","Holly Shelter1",NA
314,0,1.363,1,17.2000007629395,30155.6347096272,1,9.55197906494141,18.5827217648657,-Inf,0.427645300460291,0,"Holly Shelter","Holly Shelter","Holly Shelter1",NA
315,0,1.363,1,17.4211540222168,747.061887366824,1,12.1927261352539,9.15157251281101,-Inf,0.427645300460291,0,"Holly Shelter","Holly Shelter","Holly Shelter1",NA
316,0,1.58,1,17.3999996185303,2194.43730697846,1,11.5413656234741,10.6636227362254,-Inf,0.427645300460291,0,"Holly Shelter","Holly Shelter","Holly Shelter1",NA
317,0,1.59,1,17.468635559082,2516.26535005993,1,10.3465518951416,11.0642312811248,-Inf,0.427645300460291,0,"Holly Shelter","Holly Shelter","Holly Shelter1",NA
320,0,1.548,0,17.4641647338867,163.695800272917,1,9.90928936004639,11.7612432726537,-Inf,0.427645300460291,0,"Holly Shelter","Holly Shelter","Holly Shelter1",NA
321,0,1.41307692307692,1,17.3863658905029,2941.49919434528,1,11.8351020812988,9.42991169094225,-Inf,0.427645300460291,0,"Holly Shelter","Holly Shelter","Holly Shelter1",NA
322,0,1.363,1,17.5,30155.6347096272,1,12.9920320510864,7.56123166769778,-Inf,0.427645300460291,0,"Holly Shelter","Holly Shelter","Holly Shelter1",NA
323,0,1.41307692307692,1,17.3999996185303,32350.0720166057,1,10.1837177276611,12.4535418712543,-Inf,0.427645300460291,0,"Holly Shelter","Holly Shelter","Holly Shelter1",NA
324,0,1.42466666666667,1,17.3383331298828,30282.1511139022,1,10.0508308410645,15.7930754930996,4467.8,0.745709983793701,0,"Holly Shelter","Holly Shelter","Holly Shelter1",NA
325,0,1.363,1,17.2923221588135,30155.6347096272,1,9.85213661193848,13.5239307636157,-Inf,0.427645300460291,0,"Holly Shelter","Holly Shelter","Holly Shelter1",NA
326,0,1.363,1,17.2999992370605,30155.6347096272,1,9.8035717010498,15.5041911475653,4467.8,0.745709983793701,0,"Holly Shelter","Holly Shelter","Holly Shelter1",NA
327,0,1.363,1,17.5,30155.6347096272,1,11.8514280319214,9.7140179135307,-Inf,0.427645300460291,0,"Holly Shelter","Holly Shelter","Holly Shelter1",NA
328,0,1.363,1,17.5,747.061887366824,1,12.1547784805298,9.15798385184954,-Inf,0.427645300460291,0,"Holly Shelter","Holly Shelter","Holly Shelter1",NA
329,0,1.56,1,17.6177940368652,569.188360014188,1,12.6443996429443,8.28785768517928,-Inf,0.427645300460291,0,"Holly Shelter","Holly Shelter","Holly Shelter1",NA
330,0,1.363,1,17.2926921844482,30155.6347096272,1,9.85540771484375,14.1185820774396,-Inf,0.427645300460291,0,"Holly Shelter","Holly Shelter","Holly Shelter1",NA
331,0,1.363,1,17.2065753936768,30155.6347096272,1,10.0040845870972,12.4455232762199,-Inf,0.427645300460291,0,"Holly Shelter","Holly Shelter","Holly Shelter1",NA
332,0,1.45055555555556,1,17.5,32409.1242522131,1,14.1118307113647,7.17627614452034,-Inf,0.427645300460291,0,"Holly Shelter","Holly Shelter","Holly Shelter1",NA
333,0,1.363,1,17.3070659637451,30155.6347096272,1,10.0235586166382,14.4115107774606,4467.8,0.745709983793701,0,"Holly Shelter","Holly Shelter","Holly Shelter1",NA
334,0,1.363,1,17.2000007629395,30155.6347096272,1,9.35018062591553,14.345109268379,-Inf,0.427645300460291,0,"Holly Shelter","Holly Shelter","Holly Shelter1",NA
335,0,1.363,1,17.424430847168,30155.6347096272,1,11.4914054870605,10.0635084444864,-Inf,0.427645300460291,0,"Holly Shelter","Holly Shelter","Holly Shelter1",NA
336,0,1.363,1,17.2000007629395,30155.6347096272,1,9.76510334014893,15.331325199732,-Inf,0.427645300460291,0,"Holly Shelter","Holly Shelter","Holly Shelter1",NA
337,0,1.363,1,17.2986106872559,30155.6347096272,1,9.73956871032715,14.7018995045028,-Inf,0.427645300460291,0,"Holly Shelter","Holly Shelter","Holly Shelter1",NA
338,0,1.38454545454545,1,17.2999992370605,30960.3963059861,1,10.3260278701782,11.7957711293958,-Inf,0.427645300460291,0,"Holly Shelter","Holly Shelter","Holly Shelter1",NA
339,0,1.363,1,17.2999992370605,30155.6347096272,1,9.83882427215576,14.3692514981534,-Inf,0.427645300460291,0,"Holly Shelter","Holly Shelter","Holly Shelter1",NA
340,0,1.41307692307692,1,17.3057136535645,32350.0720166057,1,11.3604955673218,10.1869878609132,-Inf,0.427645300460291,0,"Holly Shelter","Holly Shelter","Holly Shelter1",NA
341,0,1.363,1,17.2000007629395,30155.6347096272,1,9.51817798614502,13.7142496169237,-Inf,0.427645300460291,0,"Holly Shelter","Holly Shelter","Holly Shelter1",NA
342,0,1.363,1,17.2001514434814,30155.6347096272,1,9.51166820526123,13.1545210963843,-Inf,0.427645300460291,0,"Holly Shelter","Holly Shelter","Holly Shelter1",NA
343,0,1.41307692307692,1,17.322395324707,32350.0720166057,1,10.7570915222168,11.096753330321,-Inf,0.427645300460291,0,"Holly Shelter","Holly Shelter","Holly Shelter1",NA
344,0,1.58,1,17.3999996185303,2194.43730697846,1,10.5745429992676,11.9964085293105,-Inf,0.427645300460291,0,"Holly Shelter","Holly Shelter","Holly Shelter1",NA
345,0,1.363,1,17.2999992370605,30155.6347096272,1,10.3431310653687,12.0224965005275,-Inf,0.427645300460291,0,"Holly Shelter","Holly Shelter","Holly Shelter1",NA
346,0,1.363,1,17.2066173553467,30155.6347096272,1,10.0127401351929,13.0747488953284,-Inf,0.427645300460291,0,"Holly Shelter","Holly Shelter","Holly Shelter1",NA
347,0,1.363,1,17.2999992370605,30155.6347096272,1,10.2770519256592,13.6847015630315,4467.8,0.745709983793701,0,"Holly Shelter","Holly Shelter","Holly Shelter1",NA
348,0,1.363,1,17.3681335449219,30155.6347096272,1,10.8359594345093,12.380678282265,4467.8,0.745709983793701,0,"Holly Shelter","Holly Shelter","Holly Shelter1",NA
349,0,1.363,1,17.2000007629395,30155.6347096272,1,9.42714977264404,17.7131771266837,-Inf,0.427645300460291,0,"Holly Shelter","Holly Shelter","Holly Shelter1",NA
350,0,1.38454545454545,1,17.2000007629395,30960.3963059861,1,9.49294185638428,13.5794687321138,-Inf,0.427645300460291,0,"Holly Shelter","Holly Shelter","Holly Shelter1",NA
352,0,1.58,1,17.4000015258789,2194.43730697846,1,10.4195728302002,11.7592347049646,-Inf,0.427645300460291,0,"Holly Shelter","Holly Shelter","Holly Shelter1",NA
353,0,1.363,1,17.3398189544678,30155.6347096272,1,10.9825458526611,10.6864482207728,-Inf,0.427645300460291,0,"Holly Shelter","Holly Shelter","Holly Shelter1",NA
354,0,1.363,1,17.4380340576172,30155.6347096272,1,12.7070274353027,10.2455129637115,4467.8,0.745709983793701,0,"Holly Shelter","Holly Shelter","Holly Shelter1",NA
355,0,1.58,1,17.4062843322754,2194.43730697846,1,12.3984460830688,8.10288818102058,-Inf,0.427645300460291,0,"Holly Shelter","Holly Shelter","Holly Shelter1",NA
357,0,1.56,1,17.603931427002,256.979381603471,1,12.7616376876831,8.48378224035405,-Inf,0.427645300460291,0,"Holly Shelter","Holly Shelter","Holly Shelter1",NA
358,0,1.363,1,17.3972053527832,30155.6347096272,1,10.2770519256592,14.4225107846497,4467.8,0.745709983793701,0,"Holly Shelter","Holly Shelter","Holly Shelter1",NA
359,0,1.62,0,17.5772914886475,13.9688263848533,1,14.713191986084,7.21685647894692,-Inf,0.427645300460291,0,"Holly Shelter","Holly Shelter","Holly Shelter1",NA
360,0,1.363,1,17.3933887481689,30155.6347096272,1,10.2695207595825,12.9383562303693,4467.8,0.745709983793701,0,"Holly Shelter","Holly Shelter","Holly Shelter1",NA
361,0,1.58,1,17.3884696960449,2194.43730697846,1,10.6680660247803,11.4387662726839,-Inf,0.427645300460291,0,"Holly Shelter","Holly Shelter","Holly Shelter1",NA
363,0,1.548,0,17.2308540344238,24.1317964935277,1,9.60708045959473,18.3972016805132,-Inf,0.427645300460291,0,"Holly Shelter","Holly Shelter","Holly Shelter1",NA
364,0,1.363,1,17.2999992370605,30155.6347096272,1,9.82681083679199,14.1357047647088,-Inf,0.427645300460291,0,"Holly Shelter","Holly Shelter","Holly Shelter1",NA
366,0,1.53428571428571,1,17.6589488983154,1960.49930449483,1,13.4839487075806,7.83985970547006,-Inf,0.427645300460291,0,"Holly Shelter","Holly Shelter","Holly Shelter1",NA
367,0,1.363,1,17.2131614685059,30155.6347096272,1,9.96873664855957,16.5491667925896,-Inf,0.427645300460291,0,"Holly Shelter","Holly Shelter","Holly Shelter1",NA
368,0,1.363,1,17.1334629058838,30155.6347096272,1,9.63100051879883,14.8090376397433,-Inf,0.427645300460291,0,"Holly Shelter","Holly Shelter","Holly Shelter1",NA
370,0,1.363,1,17.2999992370605,30155.6347096272,1,11.337176322937,10.1992714774715,-Inf,0.427645300460291,0,"Holly Shelter","Holly Shelter","Holly Shelter1",NA
371,0,1.38454545454545,1,17.2999992370605,30960.3963059861,1,10.481969833374,11.5780892814146,-Inf,0.427645300460291,0,"Holly Shelter","Holly Shelter","Holly Shelter1",NA
372,0,1.62,0,17.4016571044922,321.828043081472,1,11.0333395004272,10.8670392506259,-Inf,0.427645300460291,0,"Holly Shelter","Holly Shelter","Holly Shelter1",NA
373,0,1.363,1,17.14866065979,30155.6347096272,1,9.33026695251465,14.6309216948983,-Inf,0.427645300460291,0,"Holly Shelter","Holly Shelter","Holly Shelter1",NA
374,0,1.363,1,17.2999992370605,30155.6347096272,1,10.2323904037476,12.3593274529991,-Inf,0.427645300460291,0,"Holly Shelter","Holly Shelter","Holly Shelter1",NA
375,0,1.58333333333333,0,17.2999992370605,267.613015738973,1,9.44312572479248,17.9362852167935,-Inf,0.427645300460291,0,"Holly Shelter","Holly Shelter","Holly Shelter1",NA
376,0,1.363,1,17.2611808776855,30155.6347096272,1,9.66411685943604,17.7855421125742,-Inf,0.427645300460291,0,"Holly Shelter","Holly Shelter","Holly Shelter1",NA
377,0,1.363,1,17.3999996185303,30155.6347096272,1,12.4200468063354,10.6273784885262,-Inf,0.427645300460291,0,"Holly Shelter","Holly Shelter","Holly Shelter1",NA
378,0,1.363,1,17.5001106262207,30155.6347096272,1,14.8105278015137,7.0153616353717,-Inf,0.427645300460291,0,"Holly Shelter","Holly Shelter","Holly Shelter1",NA
379,0,1.42466666666667,1,17.7000007629395,30243.9228238239,1,14.8509244918823,6.80099181114212,-Inf,0.427645300460291,0,"Holly Shelter","Holly Shelter","Holly Shelter1",NA
380,0,1.41307692307692,1,17.3753814697266,32350.0720166057,1,12.0043182373047,9.0306806647326,-Inf,0.427645300460291,0,"Holly Shelter","Holly Shelter","Holly Shelter1",NA
381,0,1.363,1,17.2000007629395,30155.6347096272,1,9.64552307128906,17.4486965193381,-Inf,0.427645300460291,0,"Holly Shelter","Holly Shelter","Holly Shelter1",NA
382,0,1.42466666666667,1,17.2301082611084,30291.5249481173,1,9.72818946838379,16.2891403991697,-Inf,0.427645300460291,0,"Holly Shelter","Holly Shelter","Holly Shelter1",NA
383,0,1.58,1,17.3247604370117,2194.43730697846,1,10.8270540237427,11.4075193182869,-Inf,0.427645300460291,0,"Holly Shelter","Holly Shelter","Holly Shelter1",NA
384,0,1.363,1,17.2847995758057,30155.6347096272,1,9.87379169464111,12.9898552929323,-Inf,0.427645300460291,0,"Holly Shelter","Holly Shelter","Holly Shelter1",NA
385,0,1.363,1,17.499605178833,30155.6347096272,1,12.9940319061279,8.38810247551973,-Inf,0.427645300460291,0,"Holly Shelter","Holly Shelter","Holly Shelter1",NA
386,0,1.58,1,17.4000015258789,2194.43730697846,1,11.5300636291504,10.2802477273874,-Inf,0.427645300460291,0,"Holly Shelter","Holly Shelter","Holly Shelter1",NA
387,0,1.41307692307692,1,17.4971332550049,2941.49919434528,1,12.4670572280884,8.05605794262413,-Inf,0.427645300460291,0,"Holly Shelter","Holly Shelter","Holly Shelter1",NA
388,0,1.363,1,17.2000007629395,30155.6347096272,1,9.720458984375,15.0741755677014,-Inf,0.427645300460291,0,"Holly Shelter","Holly Shelter","Holly Shelter1",NA
390,0,1.363,1,17.2000007629395,30155.6347096272,1,9.89896297454834,14.7541065772073,-Inf,0.427645300460291,0,"Holly Shelter","Holly Shelter","Holly Shelter1",NA
391,0,1.41307692307692,1,17.3000011444092,32350.0720166057,1,11.4725122451782,9.73896397736687,-Inf,0.427645300460291,0,"Holly Shelter","Holly Shelter","Holly Shelter1",NA
392,0,1.363,1,17.3026142120361,30155.6347096272,1,10.1343688964844,13.4198224876587,4467.8,0.745709983793701,0,"Holly Shelter","Holly Shelter","Holly Shelter1",NA
393,0,1.363,1,17.3999996185303,30155.6347096272,1,10.7443265914917,14.0652089368019,4467.8,0.745709983793701,0,"Holly Shelter","Holly Shelter","Holly Shelter1",NA
394,0,1.41307692307692,1,17.2999992370605,32350.0720166057,1,10.5373306274414,11.7586513446853,-Inf,0.427645300460291,0,"Holly Shelter","Holly Shelter","Holly Shelter1",NA
395,0,1.363,1,17.212251663208,30155.6347096272,1,9.91141223907471,12.721065308604,-Inf,0.427645300460291,0,"Holly Shelter","Holly Shelter","Holly Shelter1",NA
396,0,1.548,0,17.1999988555908,135.890238490035,1,10.1297397613525,16.1155275328384,-Inf,0.427645300460291,0,"Holly Shelter","Holly Shelter","Holly Shelter1",NA
397,0,1.363,1,17.2000007629395,30155.6347096272,1,9.73354244232178,14.5395831389795,-Inf,0.427645300460291,0,"Holly Shelter","Holly Shelter","Holly Shelter1",NA
399,0,1.363,1,17.2000007629395,30155.6347096272,1,9.77627658843994,13.6176878954016,-Inf,0.427645300460291,0,"Holly Shelter","Holly Shelter","Holly Shelter1",NA
400,0,1.363,1,17.200174331665,30155.6347096272,1,9.58499145507812,13.7658083573817,-Inf,0.427645300460291,0,"Holly Shelter","Holly Shelter","Holly Shelter1",NA
401,0,1.363,1,17.3281764984131,30155.6347096272,1,10.2733144760132,15.3497794314694,4467.8,0.745709983793701,0,"Holly Shelter","Holly Shelter","Holly Shelter1",NA
402,0,1.363,1,17.1048526763916,30155.6347096272,1,9.40047454833984,14.4649423444884,-Inf,0.427645300460291,0,"Holly Shelter","Holly Shelter","Holly Shelter1",NA
403,0,1.363,1,17.2000007629395,30155.6347096272,1,9.78414535522461,14.0987840092648,-Inf,0.427645300460291,0,"Holly Shelter","Holly Shelter","Holly Shelter1",NA
405,0,1.363,1,17.1654319763184,30155.6347096272,1,9.95300102233887,15.3835647593046,-Inf,0.427645300460291,0,"Holly Shelter","Holly Shelter","Holly Shelter1",NA
406,0,1.41307692307692,1,17.3776683807373,32350.0720166057,1,10.7871541976929,11.1084489613906,-Inf,0.427645300460291,0,"Holly Shelter","Holly Shelter","Holly Shelter1",NA
407,0,1.42,1,17.695291519165,30196.5505991137,1,14.5721006393433,6.83788492139803,-Inf,0.427645300460291,0,"Holly Shelter","Holly Shelter","Holly Shelter1",NA
408,0,1.62,0,17.3999977111816,321.828043081472,1,10.9280939102173,10.5688385310172,-Inf,0.427645300460291,0,"Holly Shelter","Holly Shelter","Holly Shelter1",NA
409,0,1.548,0,17.650463104248,119.290058186334,1,11.2794981002808,9.55848355382656,-Inf,0.427645300460291,0,"Holly Shelter","Holly Shelter","Holly Shelter1",NA
410,0,1.548,0,17.5025081634521,16.460761559711,1,12.552939414978,8.71136268161037,-Inf,0.427645300460291,0,"Holly Shelter","Holly Shelter","Holly Shelter1",NA
411,0,1.363,1,17.2335262298584,30155.6347096272,1,10.1692342758179,12.7247145249791,-Inf,0.427645300460291,0,"Holly Shelter","Holly Shelter","Holly Shelter1",NA
412,0,1.58,1,17.7000007629395,122.106987470172,1,15.9127054214478,5.99914356330621,-Inf,0.427645300460291,0,"Holly Shelter","Holly Shelter","Holly Shelter1",NA
413,0,1.445625,1,17.4029903411865,30317.8705153632,1,8.55512523651123,15.6724659165403,4467.8,0.745709983793701,0,"Holly Shelter","Holly Shelter","Holly Shelter1",NA
414,0,1.363,1,17.3999805450439,30155.6347096272,1,11.0125904083252,11.1438045958827,-Inf,0.427645300460291,0,"Holly Shelter","Holly Shelter","Holly Shelter1",NA
416,0,1.56,1,17.5,2253.48954258592,1,12.6356019973755,7.59389615782252,-Inf,0.427645300460291,0,"Holly Shelter","Holly Shelter","Holly Shelter1",NA
417,0,1.363,1,17.4579029083252,30155.6347096272,1,10.5300617218018,14.5623719924606,4467.8,0.745709983793701,0,"Holly Shelter","Holly Shelter","Holly Shelter1",NA
418,0,1.363,1,17.3466148376465,30155.6347096272,1,10.8686695098877,13.1871278760838,4467.8,0.745709983793701,0,"Holly Shelter","Holly Shelter","Holly Shelter1",NA
419,0,1.58,1,17.4109001159668,2194.43730697846,1,12.3440980911255,8.36786385241574,-Inf,0.427645300460291,0,"Holly Shelter","Holly Shelter","Holly Shelter1",NA
421,0,1.38454545454545,1,17.2000007629395,30960.3963059861,1,9.69096088409424,13.2614553584476,-Inf,0.427645300460291,0,"Holly Shelter","Holly Shelter","Holly Shelter1",NA
422,0,1.363,1,17.4191360473633,30155.6347096272,1,12.8013191223145,9.14089283808569,-Inf,0.427645300460291,0,"Holly Shelter","Holly Shelter","Holly Shelter1",NA
423,0,1.363,1,17.3999996185303,30155.6347096272,1,11.2396745681763,10.6119969747491,-Inf,0.427645300460291,0,"Holly Shelter","Holly Shelter","Holly Shelter1",NA
424,0,1.59,1,17.4000015258789,2516.26535005993,1,10.7060317993164,11.6054525548708,-Inf,0.427645300460291,0,"Holly Shelter","Holly Shelter","Holly Shelter1",NA
425,0,1.45055555555556,1,17.5,32409.1242522131,1,13.2189874649048,7.42587857245073,-Inf,0.427645300460291,0,"Holly Shelter","Holly Shelter","Holly Shelter1",NA
427,0,1.363,1,17.5,30155.6347096272,1,12.0457963943481,8.51861766356398,-Inf,0.427645300460291,0,"Holly Shelter","Holly Shelter","Holly Shelter1",NA
428,0,1.363,1,17.2000007629395,30155.6347096272,1,9.38193702697754,18.0480840695435,-Inf,0.427645300460291,0,"Holly Shelter","Holly Shelter","Holly Shelter1",NA
429,0,1.363,1,17.6055545806885,30155.6347096272,1,14.1720342636108,7.04517138089698,-Inf,0.427645300460291,0,"Holly Shelter","Holly Shelter","Holly Shelter1",NA
430,0,1.363,1,17.2999992370605,30155.6347096272,1,9.680006980896,13.821626608995,-Inf,0.427645300460291,0,"Holly Shelter","Holly Shelter","Holly Shelter1",NA
431,0,1.363,1,17.2450141906738,30155.6347096272,1,9.81062507629395,14.2704544476781,-Inf,0.427645300460291,0,"Holly Shelter","Holly Shelter","Holly Shelter1",NA
432,0,1.363,1,17.5,747.061887366824,1,12.3799591064453,8.95202155390669,-Inf,0.427645300460291,0,"Holly Shelter","Holly Shelter","Holly Shelter1",NA
434,0,1.58,1,17.3804492950439,2194.43730697846,1,11.7264318466187,9.88279357413126,-Inf,0.427645300460291,0,"Holly Shelter","Holly Shelter","Holly Shelter1",NA
435,0,1.363,1,17.2000007629395,30155.6347096272,1,10.1166534423828,14.2797198237304,-Inf,0.427645300460291,0,"Holly Shelter","Holly Shelter","Holly Shelter1",NA
436,0,1.42466666666667,1,17.7095260620117,30243.9228238239,1,15.4473276138306,6.29177706155469,-Inf,0.427645300460291,0,"Holly Shelter","Holly Shelter","Holly Shelter1",NA
437,0,1.363,1,17.191219329834,30155.6347096272,1,9.60474681854248,15.0208109222433,-Inf,0.427645300460291,0,"Holly Shelter","Holly Shelter","Holly Shelter1",NA
438,0,1.58571428571429,1,17.2748737335205,844.936510828822,1,8.06379795074463,15.7511657701238,-Inf,0.427645300460291,0,"Holly Shelter","Holly Shelter","Holly Shelter1",NA
439,0,1.363,1,17.2021675109863,30155.6347096272,1,9.57299518585205,17.4837333896195,-Inf,0.427645300460291,0,"Holly Shelter","Holly Shelter","Holly Shelter1",NA
440,0,1.42466666666667,1,17.2527904510498,30291.5249481173,1,10.0748834609985,14.5081287401447,-Inf,0.427645300460291,0,"Holly Shelter","Holly Shelter","Holly Shelter1",NA
441,0,1.58,1,17.3999996185303,2194.43730697846,1,11.0646705627441,10.7468591204768,-Inf,0.427645300460291,0,"Holly Shelter","Holly Shelter","Holly Shelter1",NA
442,0,1.363,1,17.2612438201904,30155.6347096272,1,9.91102981567383,13.6552880499091,-Inf,0.427645300460291,0,"Holly Shelter","Holly Shelter","Holly Shelter1",NA
443,0,1.363,1,17.2000007629395,30155.6347096272,1,9.66951560974121,14.0362454739407,-Inf,0.427645300460291,0,"Holly Shelter","Holly Shelter","Holly Shelter1",NA
444,0,1.363,1,17.8000011444092,30155.6347096272,1,15.3406238555908,5.99302395084847,-Inf,0.427645300460291,0,"Holly Shelter","Holly Shelter","Holly Shelter1",NA
445,0,1.58,1,17.4993324279785,2194.43730697846,1,12.7501497268677,7.72925439130571,-Inf,0.427645300460291,0,"Holly Shelter","Holly Shelter","Holly Shelter1",NA
446,0,1.363,1,17.3460102081299,30155.6347096272,1,9.76033020019531,12.6120090054116,-Inf,0.427645300460291,0,"Holly Shelter","Holly Shelter","Holly Shelter1",NA
448,0,1.363,1,17.2999992370605,30155.6347096272,1,10.2324323654175,14.3219913262379,4467.8,0.745709983793701,0,"Holly Shelter","Holly Shelter","Holly Shelter1",NA
449,0,1.38454545454545,1,17.3674488067627,30960.3963059861,1,10.6019535064697,11.1962767756916,-Inf,0.427645300460291,0,"Holly Shelter","Holly Shelter","Holly Shelter1",NA
450,0,1.363,1,17.301685333252,30155.6347096272,1,10.2601909637451,13.2532718316398,4467.8,0.745709983793701,0,"Holly Shelter","Holly Shelter","Holly Shelter1",NA
451,0,1.58,1,17.4373664855957,2194.43730697846,1,11.7969408035278,10.1712458897627,-Inf,0.427645300460291,0,"Holly Shelter","Holly Shelter","Holly Shelter1",NA
453,0,1.6,1,17.2999992370605,804.761596358855,1,8.67245101928711,14.7017200251684,-Inf,0.427645300460291,0,"Holly Shelter","Holly Shelter","Holly Shelter1",NA
454,0,1.548,0,17.2166862487793,135.890238490035,1,10.2543821334839,14.9385532554146,-Inf,0.427645300460291,0,"Holly Shelter","Holly Shelter","Holly Shelter1",NA
455,0,1.6,1,17.2759971618652,804.761596358855,1,8.16140747070312,15.4499823794508,-Inf,0.427645300460291,0,"Holly Shelter","Holly Shelter","Holly Shelter1",NA
456,0,1.46411764705882,1,17.5,30278.9350151365,1,10.8222131729126,15.469648715443,4467.8,0.745709983793701,0,"Holly Shelter","Holly Shelter","Holly Shelter1",NA
457,0,1.363,1,17.5,30155.6347096272,1,12.9060611724854,8.08192572864573,-Inf,0.427645300460291,0,"Holly Shelter","Holly Shelter","Holly Shelter1",NA
458,0,1.363,1,17.2999992370605,30155.6347096272,1,10.6472263336182,11.4428809347462,-Inf,0.427645300460291,0,"Holly Shelter","Holly Shelter","Holly Shelter1",NA
459,0,1.76,0,17.2999992370605,64.0871443133374,1,10.0927896499634,17.8802806008636,-Inf,0.427645300460291,0,"Holly Shelter","Holly Shelter","Holly Shelter1",NA
460,0,1.58,1,17.3999996185303,2194.43730697846,1,11.6245956420898,10.6704804144167,-Inf,0.427645300460291,0,"Holly Shelter","Holly Shelter","Holly Shelter1",NA
461,0,1.363,1,17.2999992370605,30155.6347096272,1,10.2372312545776,12.3993099889552,-Inf,0.427645300460291,0,"Holly Shelter","Holly Shelter","Holly Shelter1",NA
462,0,1.363,1,17.2999992370605,30155.6347096272,1,9.67070293426514,13.6873702218134,-Inf,0.427645300460291,0,"Holly Shelter","Holly Shelter","Holly Shelter1",NA
463,0,1.363,1,17.2000007629395,30155.6347096272,1,9.77960109710693,13.7321450671987,-Inf,0.427645300460291,0,"Holly Shelter","Holly Shelter","Holly Shelter1",NA
464,0,1.363,1,17.3999996185303,30155.6347096272,1,12.2221021652222,11.2889407668547,4467.8,0.745709983793701,0,"Holly Shelter","Holly Shelter","Holly Shelter1",NA
465,0,1.363,1,17.3999996185303,30155.6347096272,1,11.2474956512451,10.4625400373738,-Inf,0.427645300460291,0,"Holly Shelter","Holly Shelter","Holly Shelter1",NA
466,0,1.4555,1,17.5,1101.85207062324,1,12.2520933151245,8.78563430794897,-Inf,0.427645300460291,0,"Holly Shelter","Holly Shelter","Holly Shelter1",NA
468,0,1.363,1,17.2999992370605,30155.6347096272,1,9.86289215087891,14.0073352364234,-Inf,0.427645300460291,0,"Holly Shelter","Holly Shelter","Holly Shelter1",NA
469,0,1.6,1,17.2772617340088,804.761596358855,1,8.64896774291992,15.2656687880403,-Inf,0.427645300460291,0,"Holly Shelter","Holly Shelter","Holly Shelter1",NA
470,0,1.363,1,17.3369617462158,30155.6347096272,1,10.7296810150146,12.2333650763422,-Inf,0.427645300460291,0,"Holly Shelter","Holly Shelter","Holly Shelter1",NA
471,0,1.58,1,17.3999996185303,2194.43730697846,1,11.0922975540161,10.4820341760586,-Inf,0.427645300460291,0,"Holly Shelter","Holly Shelter","Holly Shelter1",NA
472,0,1.548,0,17.5,324.740267379333,1,12.625057220459,8.33752970234167,-Inf,0.427645300460291,0,"Holly Shelter","Holly Shelter","Holly Shelter1",NA
473,0,1.363,1,17.3436508178711,30155.6347096272,1,10.0673999786377,12.9480420442536,-Inf,0.427645300460291,0,"Holly Shelter","Holly Shelter","Holly Shelter1",NA
474,0,1.363,1,17.2749767303467,30155.6347096272,1,9.9174165725708,13.0626960233491,-Inf,0.427645300460291,0,"Holly Shelter","Holly Shelter","Holly Shelter1",NA
475,0,1.363,1,17.2999973297119,30155.6347096272,1,9.74544429779053,16.7774083789692,-Inf,0.427645300460291,0,"Holly Shelter","Holly Shelter","Holly Shelter1",NA
476,0,1.363,1,17.6258430480957,30155.6347096272,1,12.9587535858154,7.53200121532947,-Inf,0.427645300460291,0,"Holly Shelter","Holly Shelter","Holly Shelter1",NA
477,0,1.363,1,17.269926071167,30155.6347096272,1,9.43704319000244,17.50324958633,-Inf,0.427645300460291,0,"Holly Shelter","Holly Shelter","Holly Shelter1",NA
478,0,1.38454545454545,1,17.2505683898926,30960.3963059861,1,8.98563289642334,14.176377031119,-Inf,0.427645300460291,0,"Holly Shelter","Holly Shelter","Holly Shelter1",NA
480,0,1.42466666666667,1,17.6225471496582,30480.3749770066,1,13.7299880981445,7.81869928404249,-Inf,0.427645300460291,0,"Holly Shelter","Holly Shelter","Holly Shelter1",NA
481,0,1.548,0,17.2071762084961,51.6061780378151,1,9.32051277160645,15.9585027768652,-Inf,0.427645300460291,0,"Holly Shelter","Holly Shelter","Holly Shelter1",NA
482,0,1.363,1,17.5,30155.6347096272,1,11.7263793945312,9.5644164052641,-Inf,0.427645300460291,0,"Holly Shelter","Holly Shelter","Holly Shelter1",NA
483,0,1.363,1,17.2619819641113,30155.6347096272,1,10.0528078079224,12.7761328566092,-Inf,0.427645300460291,0,"Holly Shelter","Holly Shelter","Holly Shelter1",NA
485,0,1.53222222222222,0,17.533899307251,31.0886151420548,1,12.2561845779419,8.86054054549541,-Inf,0.427645300460291,0,"Holly Shelter","Holly Shelter","Holly Shelter1",NA
486,0,1.363,1,17.4999980926514,30155.6347096272,1,10.3277673721313,14.7327064246128,4467.8,0.745709983793701,0,"Holly Shelter","Holly Shelter","Holly Shelter1",NA
487,0,1.363,1,17.2999992370605,30155.6347096272,1,9.91197299957275,12.8527814417595,-Inf,0.427645300460291,0,"Holly Shelter","Holly Shelter","Holly Shelter1",NA
488,0,1.363,1,17.2999992370605,30155.6347096272,1,9.69154357910156,17.0860026314305,-Inf,0.427645300460291,0,"Holly Shelter","Holly Shelter","Holly Shelter1",NA
489,0,1.363,1,17.3999996185303,30155.6347096272,1,12.7559928894043,8.82535511389376,-Inf,0.427645300460291,0,"Holly Shelter","Holly Shelter","Holly Shelter1",NA
490,0,1.62,0,17.4253883361816,321.828043081472,1,10.9810228347778,10.4900582138964,-Inf,0.427645300460291,0,"Holly Shelter","Holly Shelter","Holly Shelter1",NA
491,0,1.59,1,17.3969745635986,2516.26535005993,1,10.9079036712646,11.296377635977,-Inf,0.427645300460291,0,"Holly Shelter","Holly Shelter","Holly Shelter1",NA
492,0,1.4555,1,17.564338684082,1101.85207062324,1,12.6689043045044,8.28807839241876,-Inf,0.427645300460291,0,"Holly Shelter","Holly Shelter","Holly Shelter1",NA
493,0,1.40571428571429,1,17.7996368408203,30272.8892696208,1,15.1109790802002,6.48634031514723,-Inf,0.427645300460291,0,"Holly Shelter","Holly Shelter","Holly Shelter1",NA
494,0,1.548,0,17.2000007629395,135.890238490035,1,9.90203952789307,16.214544868249,-Inf,0.427645300460291,0,"Holly Shelter","Holly Shelter","Holly Shelter1",NA
495,0,1.38454545454545,1,17.2985553741455,30960.3963059861,1,10.154504776001,12.4585576110151,-Inf,0.427645300460291,0,"Holly Shelter","Holly Shelter","Holly Shelter1",NA
496,0,1.38454545454545,1,17.30881690979,30960.3963059861,1,11.255331993103,10.3077126759398,-Inf,0.427645300460291,0,"Holly Shelter","Holly Shelter","Holly Shelter1",NA
497,0,1.363,1,17.2000007629395,30155.6347096272,1,9.75756454467773,16.4895866250893,-Inf,0.427645300460291,0,"Holly Shelter","Holly Shelter","Holly Shelter1",NA
499,0,1.62,0,17.4412689208984,16.8033694782744,1,11.616455078125,9.86994306280089,-Inf,0.427645300460291,0,"Holly Shelter","Holly Shelter","Holly Shelter1",NA
500,0,1.41307692307692,1,17.3999996185303,32350.0720166057,1,12.2118921279907,8.73044145632006,-Inf,0.427645300460291,0,"Holly Shelter","Holly Shelter","Holly Shelter1",NA
501,0,1.363,1,17.2999992370605,30155.6347096272,1,10.0780754089355,12.3856179982717,-Inf,0.427645300460291,0,"Holly Shelter","Holly Shelter","Holly Shelter1",NA
502,0,1.363,1,17.4933185577393,30155.6347096272,1,11.8164300918579,9.08008605756084,-Inf,0.427645300460291,0,"Holly Shelter","Holly Shelter","Holly Shelter1",NA
505,0,1.363,1,17.3303470611572,30155.6347096272,1,10.7183322906494,12.6528571372514,-Inf,0.427645300460291,0,"Holly Shelter","Holly Shelter","Holly Shelter1",NA
506,0,1.363,1,17.2000007629395,30155.6347096272,1,9.55372428894043,17.8325244761618,-Inf,0.427645300460291,0,"Holly Shelter","Holly Shelter","Holly Shelter1",NA
507,0,1.42466666666667,1,17.7000007629395,30243.9228238239,1,14.5405168533325,6.76073043686962,-Inf,0.427645300460291,0,"Holly Shelter","Holly Shelter","Holly Shelter1",NA
508,0,1.363,1,17.4000015258789,30155.6347096272,1,11.7118787765503,12.102155599221,4467.8,0.745709983793701,0,"Holly Shelter","Holly Shelter","Holly Shelter1",NA
509,0,1.363,1,17.4373207092285,30155.6347096272,1,10.3474225997925,14.5889560385227,4467.8,0.745709983793701,0,"Holly Shelter","Holly Shelter","Holly Shelter1",NA
510,0,1.41307692307692,1,17.3999977111816,32350.0720166057,1,10.3227167129517,12.3006086774394,-Inf,0.427645300460291,0,"Holly Shelter","Holly Shelter","Holly Shelter1",NA
511,0,1.42466666666667,1,17.5924224853516,1071.80215474616,1,12.8526258468628,8.00979258928884,-Inf,0.427645300460291,0,"Holly Shelter","Holly Shelter","Holly Shelter1",NA
512,0,1.363,1,17.3999996185303,30155.6347096272,1,12.5625085830688,10.6890188238034,4467.8,0.745709983793701,0,"Holly Shelter","Holly Shelter","Holly Shelter1",NA
513,0,1.548,0,17.3920097351074,24.8216221898483,1,8.94749450683594,19.3357424817637,-Inf,0.427645300460291,0,"Holly Shelter","Holly Shelter","Holly Shelter1",NA
514,0,1.445625,1,17.4998550415039,30286.3768121452,1,10.0176982879639,15.2753088357755,4467.8,0.745709983793701,0,"Holly Shelter","Holly Shelter","Holly Shelter1",NA
515,0,1.363,1,17.2999992370605,30155.6347096272,1,9.64461040496826,12.8956317792032,-Inf,0.427645300460291,0,"Holly Shelter","Holly Shelter","Holly Shelter1",NA
516,0,1.363,1,17.2000007629395,30155.6347096272,1,10.0187358856201,14.7385749182273,-Inf,0.427645300460291,0,"Holly Shelter","Holly Shelter","Holly Shelter1",NA
517,0,1.42466666666667,1,17.2148113250732,30291.5249481173,1,9.98359298706055,15.1750197017847,-Inf,0.427645300460291,0,"Holly Shelter","Holly Shelter","Holly Shelter1",NA
519,0,1.363,1,17.2000007629395,30155.6347096272,1,9.25848293304443,14.1031982151346,-Inf,0.427645300460291,0,"Holly Shelter","Holly Shelter","Holly Shelter1",NA
520,0,1.363,1,17.2000007629395,30155.6347096272,1,10.0575866699219,13.9193637939527,-Inf,0.427645300460291,0,"Holly Shelter","Holly Shelter","Holly Shelter1",NA
521,0,1.363,1,17.5,30155.6347096272,1,12.6049604415894,8.14887618352191,-Inf,0.427645300460291,0,"Holly Shelter","Holly Shelter","Holly Shelter1",NA
522,0,1.56,0,17.4357833862305,180.499169751192,1,11.6880483627319,9.85026254959594,-Inf,0.427645300460291,0,"Holly Shelter","Holly Shelter","Holly Shelter1",NA
523,0,1.363,1,17.3999996185303,30155.6347096272,1,12.0849180221558,11.50996906961,4467.8,0.745709983793701,0,"Holly Shelter","Holly Shelter","Holly Shelter1",NA
524,0,1.363,1,17.2999992370605,30155.6347096272,1,8.57196998596191,15.2058415621744,-Inf,0.427645300460291,0,"Holly Shelter","Holly Shelter","Holly Shelter1",NA
525,0,1.44315789473684,1,17.6000003814697,1082.50690467744,1,13.176628112793,7.85783313472365,-Inf,0.427645300460291,0,"Holly Shelter","Holly Shelter","Holly Shelter1",NA
526,0,1.363,1,17.3999996185303,30155.6347096272,1,10.0751352310181,12.5341014975797,-Inf,0.427645300460291,0,"Holly Shelter","Holly Shelter","Holly Shelter1",NA
527,0,1.363,1,17.4888191223145,30155.6347096272,1,12.8494329452515,9.35095667792569,4467.8,0.745709983793701,0,"Holly Shelter","Holly Shelter","Holly Shelter1",NA
528,0,1.38454545454545,1,17.2999992370605,30960.3963059861,1,10.2968730926514,12.1564298386455,-Inf,0.427645300460291,0,"Holly Shelter","Holly Shelter","Holly Shelter1",NA
529,0,1.58,1,17.3999996185303,2194.43730697846,1,11.724817276001,10.4357323118633,-Inf,0.427645300460291,0,"Holly Shelter","Holly Shelter","Holly Shelter1",NA
530,0,1.45055555555556,1,17.5,2958.60762170898,1,12.6894216537476,7.9161835016619,-Inf,0.427645300460291,0,"Holly Shelter","Holly Shelter","Holly Shelter1",NA
531,0,1.363,1,17.8000011444092,30155.6347096272,1,15.4401607513428,5.84571538323736,-Inf,0.427645300460291,0,"Holly Shelter","Holly Shelter","Holly Shelter1",NA
532,0,1.363,1,17.3746681213379,30155.6347096272,1,10.34144115448,13.9803683055906,4467.8,0.745709983793701,0,"Holly Shelter","Holly Shelter","Holly Shelter1",NA
533,0,1.548,0,17.5,30.0499158770789,1,12.2204599380493,9.05035895811868,-Inf,0.427645300460291,0,"Holly Shelter","Holly Shelter","Holly Shelter1",NA
534,0,1.363,1,17.316427230835,30155.6347096272,1,9.84843254089355,15.0267320073383,4467.8,0.745709983793701,0,"Holly Shelter","Holly Shelter","Holly Shelter1",NA
535,0,1.4735,1,17.5,1089.6504203333,1,13.6536197662354,7.6290228989316,-Inf,0.427645300460291,0,"Holly Shelter","Holly Shelter","Holly Shelter1",NA
536,0,1.548,0,17.5951309204102,324.740267379333,1,12.8150949478149,8.24339008944533,-Inf,0.427645300460291,0,"Holly Shelter","Holly Shelter","Holly Shelter1",NA
538,0,1.58,1,17.3924331665039,2194.43730697846,1,10.5007982254028,11.9645644540639,-Inf,0.427645300460291,0,"Holly Shelter","Holly Shelter","Holly Shelter1",NA
540,0,1.363,1,17.6898765563965,30155.6347096272,1,13.5376653671265,7.32140477480932,-Inf,0.427645300460291,0,"Holly Shelter","Holly Shelter","Holly Shelter1",NA
541,0,1.548,0,17.2000007629395,135.890238490035,1,10.2449893951416,15.6599147192179,-Inf,0.427645300460291,0,"Holly Shelter","Holly Shelter","Holly Shelter1",NA
542,0,1.363,1,17.3999996185303,30155.6347096272,1,12.1966209411621,10.9915093773824,4467.8,0.745709983793701,0,"Holly Shelter","Holly Shelter","Holly Shelter1",NA
543,0,1.45055555555556,1,17.5,32367.1804439694,1,13.7424545288086,7.38897277642747,-Inf,0.427645300460291,0,"Holly Shelter","Holly Shelter","Holly Shelter1",NA
544,0,1.38454545454545,1,17.2000007629395,30960.3963059861,1,9.37660789489746,13.5944129520778,-Inf,0.427645300460291,0,"Holly Shelter","Holly Shelter","Holly Shelter1",NA
545,0,1.363,1,17.3559494018555,30155.6347096272,1,10.1897277832031,15.5233171682985,4467.8,0.745709983793701,0,"Holly Shelter","Holly Shelter","Holly Shelter1",NA
546,0,1.548,0,17.6000003814697,163.695800272917,1,11.3044738769531,9.76616264113111,-Inf,0.427645300460291,0,"Holly Shelter","Holly Shelter","Holly Shelter1",NA
547,0,1.41307692307692,1,17.5,32350.0720166057,1,12.5761041641235,8.00961208324394,-Inf,0.427645300460291,0,"Holly Shelter","Holly Shelter","Holly Shelter1",NA
548,0,1.363,1,17.4355926513672,30155.6347096272,1,10.6995906829834,14.1341615443439,4467.8,0.745709983793701,0,"Holly Shelter","Holly Shelter","Holly Shelter1",NA
549,0,1.59,1,17.3408126831055,2516.26535005993,1,11.1335439682007,11.3655548082452,-Inf,0.427645300460291,0,"Holly Shelter","Holly Shelter","Holly Shelter1",NA
551,0,1.363,1,17.1613388061523,30155.6347096272,1,9.73180484771729,14.4438728762821,-Inf,0.427645300460291,0,"Holly Shelter","Holly Shelter","Holly Shelter1",NA
552,0,1.38454545454545,1,17.2922439575195,30960.3963059861,1,10.2200126647949,12.2759293664,-Inf,0.427645300460291,0,"Holly Shelter","Holly Shelter","Holly Shelter1",NA
553,0,1.363,1,17.3546867370605,30155.6347096272,1,10.0185594558716,15.4937385277921,4467.8,0.745709983793701,0,"Holly Shelter","Holly Shelter","Holly Shelter1",NA
554,0,1.38454545454545,1,17.3000011444092,30960.3963059861,1,10.1823568344116,12.2002044339807,-Inf,0.427645300460291,0,"Holly Shelter","Holly Shelter","Holly Shelter1",NA
556,0,1.6,1,17.3000011444092,804.761596358855,1,8.65831565856934,14.9037583618835,-Inf,0.427645300460291,0,"Holly Shelter","Holly Shelter","Holly Shelter1",NA
557,0,1.38454545454545,1,17.3999996185303,30960.3963059861,1,10.8114557266235,11.1326469543887,-Inf,0.427645300460291,0,"Holly Shelter","Holly Shelter","Holly Shelter1",NA
558,0,1.363,1,17.2643508911133,30155.6347096272,1,9.77063751220703,13.8758544597997,-Inf,0.427645300460291,0,"Holly Shelter","Holly Shelter","Holly Shelter1",NA
559,0,1.363,1,17.3020820617676,30155.6347096272,1,9.82815074920654,13.3278105346971,-Inf,0.427645300460291,0,"Holly Shelter","Holly Shelter","Holly Shelter1",NA
560,0,1.38636363636364,1,17.5,763.865256845098,1,12.1836242675781,9.50167580523166,-Inf,0.427645300460291,0,"Holly Shelter","Holly Shelter","Holly Shelter1",NA
561,0,1.41307692307692,1,17.3999996185303,2941.49919434528,1,11.9812316894531,9.55914853638329,-Inf,0.427645300460291,0,"Holly Shelter","Holly Shelter","Holly Shelter1",NA
562,0,1.363,1,17.2000007629395,30155.6347096272,1,9.71451091766357,15.8182509839502,-Inf,0.427645300460291,0,"Holly Shelter","Holly Shelter","Holly Shelter1",NA
563,0,1.38454545454545,1,17.2000007629395,30960.3963059861,1,9.82715797424316,13.1044504543685,-Inf,0.427645300460291,0,"Holly Shelter","Holly Shelter","Holly Shelter1",NA
564,0,1.363,1,17.2148914337158,30155.6347096272,1,10.10071849823,16.6688854018298,-Inf,0.427645300460291,0,"Holly Shelter","Holly Shelter","Holly Shelter1",NA
565,0,1.363,1,17.3276329040527,30155.6347096272,1,10.1509561538696,14.8151298409618,4467.8,0.745709983793701,0,"Holly Shelter","Holly Shelter","Holly Shelter1",NA
566,0,1.363,1,17.4356117248535,30155.6347096272,1,12.6318092346191,8.4792880996419,-Inf,0.427645300460291,0,"Holly Shelter","Holly Shelter","Holly Shelter1",NA
567,0,1.42,1,17.8016891479492,30281.1946244792,1,16.1554622650146,6.35640557596905,-Inf,0.427645300460291,0,"Holly Shelter","Holly Shelter","Holly Shelter1",NA
568,0,1.548,0,17.2999992370605,24.1317964935277,1,9.62189960479736,18.3931003488533,-Inf,0.427645300460291,0,"Holly Shelter","Holly Shelter","Holly Shelter1",NA
569,0,1.41307692307692,1,17.4000015258789,32350.0720166057,1,10.236008644104,12.0503384707112,-Inf,0.427645300460291,0,"Holly Shelter","Holly Shelter","Holly Shelter1",NA
570,0,1.45055555555556,1,17.7000007629395,30265.567716082,1,13.2062206268311,7.28012455354507,-Inf,0.427645300460291,0,"Holly Shelter","Holly Shelter","Holly Shelter1",NA
571,0,1.58,1,17.3999996185303,2194.43730697846,1,10.5934772491455,11.3691782219029,-Inf,0.427645300460291,0,"Holly Shelter","Holly Shelter","Holly Shelter1",NA
572,0,1.363,1,17.2864646911621,30155.6347096272,1,9.90703010559082,13.9034433487172,-Inf,0.427645300460291,0,"Holly Shelter","Holly Shelter","Holly Shelter1",NA
573,0,1.465,1,17.5752792358398,30312.5051847638,1,15.3003263473511,5.98243708081777,-Inf,0.427645300460291,0,"Holly Shelter","Holly Shelter","Holly Shelter1",NA
574,0,1.53222222222222,0,17.5720443725586,31.0886151420548,1,12.1332883834839,8.96502205247693,-Inf,0.427645300460291,0,"Holly Shelter","Holly Shelter","Holly Shelter1",NA
575,0,1.363,1,17.3999996185303,30155.6347096272,1,12.182900428772,11.4073640517749,4467.8,0.745709983793701,0,"Holly Shelter","Holly Shelter","Holly Shelter1",NA
576,0,1.436875,1,17.6222820281982,30494.3438033914,1,14.4666872024536,7.25980305123839,-Inf,0.427645300460291,0,"Holly Shelter","Holly Shelter","Holly Shelter1",NA
577,0,1.363,1,17.2064361572266,30155.6347096272,1,9.46227169036865,13.609242710627,-Inf,0.427645300460291,0,"Holly Shelter","Holly Shelter","Holly Shelter1",NA
578,0,1.41307692307692,1,17.5,2941.49919434528,1,12.6289138793945,8.10289668973792,-Inf,0.427645300460291,0,"Holly Shelter","Holly Shelter","Holly Shelter1",NA
579,0,1.436875,1,17.5,793.915172722177,1,12.1327075958252,9.30905153749478,-Inf,0.427645300460291,0,"Holly Shelter","Holly Shelter","Holly Shelter1",NA
580,0,1.38454545454545,1,17.2000007629395,30960.3963059861,1,9.72573661804199,12.8205969233714,-Inf,0.427645300460291,0,"Holly Shelter","Holly Shelter","Holly Shelter1",NA
581,0,1.58,1,17.3229846954346,2194.43730697846,1,11.1783657073975,11.2504411016162,-Inf,0.427645300460291,0,"Holly Shelter","Holly Shelter","Holly Shelter1",NA
582,0,1.363,1,17.3999996185303,30155.6347096272,1,11.3667316436768,12.1787346677582,4467.8,0.745709983793701,0,"Holly Shelter","Holly Shelter","Holly Shelter1",NA
583,0,1.363,1,17.2000007629395,30155.6347096272,1,9.60727024078369,14.4021871313672,-Inf,0.427645300460291,0,"Holly Shelter","Holly Shelter","Holly Shelter1",NA
584,0,1.38454545454545,1,17.3037395477295,30960.3963059861,1,10.3738632202148,11.7855941394374,-Inf,0.427645300460291,0,"Holly Shelter","Holly Shelter","Holly Shelter1",NA
585,0,1.363,1,17.5011291503906,30155.6347096272,1,14.7497539520264,6.84417803714329,-Inf,0.427645300460291,0,"Holly Shelter","Holly Shelter","Holly Shelter1",NA
586,0,1.41307692307692,1,17.3913154602051,32350.0720166057,1,10.1713972091675,12.2566162182401,-Inf,0.427645300460291,0,"Holly Shelter","Holly Shelter","Holly Shelter1",NA
588,0,1.56,0,17.5222015380859,338.709093764187,1,14.5555114746094,7.22920718110275,-Inf,0.427645300460291,0,"Holly Shelter","Holly Shelter","Holly Shelter1",NA
589,0,1.363,1,17.50022315979,30155.6347096272,1,13.0225505828857,7.67837883276566,-Inf,0.427645300460291,0,"Holly Shelter","Holly Shelter","Holly Shelter1",NA
590,0,1.548,0,17.2999992370605,24.1317964935277,1,9.5740156173706,18.5411553796212,-Inf,0.427645300460291,0,"Holly Shelter","Holly Shelter","Holly Shelter1",NA
591,0,1.58,1,17.3214836120605,2194.43730697846,1,11.0007200241089,11.6616403047961,-Inf,0.427645300460291,0,"Holly Shelter","Holly Shelter","Holly Shelter1",NA
593,0,1.41307692307692,1,17.4605541229248,2941.49919434528,1,12.0747003555298,9.43078021176061,-Inf,0.427645300460291,0,"Holly Shelter","Holly Shelter","Holly Shelter1",NA
594,0,1.363,1,17.2999992370605,30155.6347096272,1,10.79967212677,12.7831965136897,4467.8,0.745709983793701,0,"Holly Shelter","Holly Shelter","Holly Shelter1",NA
596,0,1.548,0,17.3791637420654,24.8216221898483,1,8.72010707855225,19.1250784938615,-Inf,0.427645300460291,0,"Holly Shelter","Holly Shelter","Holly Shelter1",NA
597,0,1.363,1,17.2000007629395,30155.6347096272,1,10.0783262252808,13.8814995076286,-Inf,0.427645300460291,0,"Holly Shelter","Holly Shelter","Holly Shelter1",NA
598,0,1.548,0,17.2999744415283,48.6600495468626,1,9.60446166992188,18.541598864853,-Inf,0.427645300460291,0,"Holly Shelter","Holly Shelter","Holly Shelter1",NA
599,0,1.363,1,17.326509475708,30155.6347096272,1,11.4329786300659,9.90796425118494,-Inf,0.427645300460291,0,"Holly Shelter","Holly Shelter","Holly Shelter1",NA
601,0,1.363,1,17.242115020752,30155.6347096272,1,10.0054616928101,16.6921069234198,-Inf,0.427645300460291,0,"Holly Shelter","Holly Shelter","Holly Shelter1",NA
602,0,1.363,1,17.5,30155.6347096272,1,12.8890237808228,7.93005784749719,-Inf,0.427645300460291,0,"Holly Shelter","Holly Shelter","Holly Shelter1",NA
603,0,1.363,1,17.3096618652344,30155.6347096272,1,10.7920093536377,11.4965645223192,-Inf,0.427645300460291,0,"Holly Shelter","Holly Shelter","Holly Shelter1",NA
604,0,1.363,1,17.3973274230957,30155.6347096272,1,10.8135089874268,10.9283263497301,-Inf,0.427645300460291,0,"Holly Shelter","Holly Shelter","Holly Shelter1",NA
605,0,1.58,1,17.3999996185303,2194.43730697846,1,12.0456962585449,8.83208910496722,-Inf,0.427645300460291,0,"Holly Shelter","Holly Shelter","Holly Shelter1",NA
606,0,1.58333333333333,0,17.2999973297119,267.613015738973,1,9.2738676071167,18.3266745643633,-Inf,0.427645300460291,0,"Holly Shelter","Holly Shelter","Holly Shelter1",NA
607,0,1.41307692307692,1,17.3547496795654,32350.0720166057,1,10.9387226104736,10.5795951790277,-Inf,0.427645300460291,0,"Holly Shelter","Holly Shelter","Holly Shelter1",NA
608,0,1.548,0,17.2768173217773,13.8390572393965,1,9.60939121246338,19.0060938978539,-Inf,0.427645300460291,0,"Holly Shelter","Holly Shelter","Holly Shelter1",NA
609,0,1.42466666666667,1,17.6638927459717,30480.3749770066,1,14.6738634109497,7.04803085422343,-Inf,0.427645300460291,0,"Holly Shelter","Holly Shelter","Holly Shelter1",NA
610,0,1.38454545454545,1,17.2000007629395,30960.3963059861,1,9.35048294067383,13.719787846009,-Inf,0.427645300460291,0,"Holly Shelter","Holly Shelter","Holly Shelter1",NA
611,0,1.363,1,17.3076286315918,30155.6347096272,1,9.94338512420654,13.3001194297056,-Inf,0.427645300460291,0,"Holly Shelter","Holly Shelter","Holly Shelter1",NA
612,0,1.363,1,17.1922168731689,30155.6347096272,1,9.74566841125488,15.347711664461,-Inf,0.427645300460291,0,"Holly Shelter","Holly Shelter","Holly Shelter1",NA
613,0,1.548,0,17.2000007629395,135.890238490035,1,10.3836669921875,15.5968184922716,-Inf,0.427645300460291,0,"Holly Shelter","Holly Shelter","Holly Shelter1",NA
615,0,1.363,1,17.3605289459229,30155.6347096272,1,10.8792295455933,12.3992976677822,4467.8,0.745709983793701,0,"Holly Shelter","Holly Shelter","Holly Shelter1",NA
616,0,1.38454545454545,1,17.3916358947754,30960.3963059861,1,11.1128015518188,10.6940442125604,-Inf,0.427645300460291,0,"Holly Shelter","Holly Shelter","Holly Shelter1",NA
617,0,1.363,1,17.2000007629395,30155.6347096272,1,9.33108997344971,13.7355175602636,-Inf,0.427645300460291,0,"Holly Shelter","Holly Shelter","Holly Shelter1",NA
618,0,1.363,1,17.4176540374756,30155.6347096272,1,12.5428991317749,9.05186987435131,-Inf,0.427645300460291,0,"Holly Shelter","Holly Shelter","Holly Shelter1",NA
619,0,1.40571428571429,1,17.516902923584,30192.0641582886,1,14.293755531311,6.87821857340543,-Inf,0.427645300460291,0,"Holly Shelter","Holly Shelter","Holly Shelter1",NA
620,0,1.363,1,17.2000007629395,30155.6347096272,1,9.68631076812744,14.8698106119699,-Inf,0.427645300460291,0,"Holly Shelter","Holly Shelter","Holly Shelter1",NA
621,0,1.42466666666667,1,17.2000007629395,30291.5249481173,1,10.2971563339233,15.4707699958332,-Inf,0.427645300460291,0,"Holly Shelter","Holly Shelter","Holly Shelter1",NA
622,0,1.363,1,17.4999980926514,30155.6347096272,1,10.394006729126,15.0081730695462,4467.8,0.745709983793701,0,"Holly Shelter","Holly Shelter","Holly Shelter1",NA
623,0,1.363,1,17.4611072540283,30155.6347096272,1,12.1788845062256,8.66645723763638,-Inf,0.427645300460291,0,"Holly Shelter","Holly Shelter","Holly Shelter1",NA
624,0,1.363,1,17.3999996185303,30155.6347096272,1,11.9848823547363,11.916250205245,4467.8,0.745709983793701,0,"Holly Shelter","Holly Shelter","Holly Shelter1",NA
626,0,1.363,1,17.0999984741211,30155.6347096272,1,9.5301570892334,14.2917392432868,-Inf,0.427645300460291,0,"Holly Shelter","Holly Shelter","Holly Shelter1",NA
627,0,1.363,1,17.2000007629395,30155.6347096272,1,10.1781063079834,14.7259580231451,-Inf,0.427645300460291,0,"Holly Shelter","Holly Shelter","Holly Shelter1",NA
628,0,1.363,1,17.2999992370605,30155.6347096272,1,9.94997787475586,15.8936123209879,4467.8,0.745709983793701,0,"Holly Shelter","Holly Shelter","Holly Shelter1",NA
629,0,1.6,1,17.2840709686279,804.761596358855,1,8.69153022766113,14.5827321812601,-Inf,0.427645300460291,0,"Holly Shelter","Holly Shelter","Holly Shelter1",NA
630,0,1.363,1,17.3999996185303,30155.6347096272,1,11.6157817840576,12.1963834867483,4467.8,0.745709983793701,0,"Holly Shelter","Holly Shelter","Holly Shelter1",NA
632,0,1.363,1,17.2999992370605,30155.6347096272,1,10.4131269454956,11.9128915873877,-Inf,0.427645300460291,0,"Holly Shelter","Holly Shelter","Holly Shelter1",NA
633,0,1.363,1,17.2999992370605,30155.6347096272,1,10.6941795349121,13.0672775622243,4467.8,0.745709983793701,0,"Holly Shelter","Holly Shelter","Holly Shelter1",NA
635,0,1.363,1,17.4026317596436,30155.6347096272,1,11.8672733306885,8.82670187232989,-Inf,0.427645300460291,0,"Holly Shelter","Holly Shelter","Holly Shelter1",NA
637,0,1.47,1,17.4289245605469,30444.3869196382,1,9.22630596160889,15.7838417998963,4467.8,0.745709983793701,0,"Holly Shelter","Holly Shelter","Holly Shelter1",NA
638,0,1.44352941176471,1,17.8398361206055,30402.8785294071,1,16.6576728820801,6.56580042513057,-Inf,0.427645300460291,0,"Holly Shelter","Holly Shelter","Holly Shelter1",NA
639,0,1.363,1,17.2000026702881,30155.6347096272,1,9.38759231567383,14.5670574599742,-Inf,0.427645300460291,0,"Holly Shelter","Holly Shelter","Holly Shelter1",NA
640,0,1.363,1,17.3999996185303,30155.6347096272,1,11.6751146316528,11.9572867024301,4467.8,0.745709983793701,0,"Holly Shelter","Holly Shelter","Holly Shelter1",NA
641,0,1.56,1,17.6638832092285,238.164422134948,1,16.1132431030273,6.10204174510856,-Inf,0.427645300460291,0,"Holly Shelter","Holly Shelter","Holly Shelter1",NA
642,0,1.56666666666667,1,17.4668312072754,2679.96115033285,1,10.3758316040039,11.3494043219397,-Inf,0.427645300460291,0,"Holly Shelter","Holly Shelter","Holly Shelter1",NA
643,0,1.363,1,17.4691524505615,30155.6347096272,1,12.8814649581909,8.71812347578875,-Inf,0.427645300460291,0,"Holly Shelter","Holly Shelter","Holly Shelter1",NA
644,0,1.42466666666667,1,17.6952095031738,30480.3749770066,1,14.660569190979,7.41486779777985,-Inf,0.427645300460291,0,"Holly Shelter","Holly Shelter","Holly Shelter1",NA
645,0,1.363,1,17.3999996185303,30155.6347096272,1,11.9338474273682,11.6397888897614,4467.8,0.745709983793701,0,"Holly Shelter","Holly Shelter","Holly Shelter1",NA
646,0,1.363,1,17.3999996185303,30155.6347096272,1,12.4387197494507,10.731254716157,4467.8,0.745709983793701,0,"Holly Shelter","Holly Shelter","Holly Shelter1",NA
647,0,1.363,1,17.5,30155.6347096272,1,13.0727882385254,8.19945274154966,-Inf,0.427645300460291,0,"Holly Shelter","Holly Shelter","Holly Shelter1",NA
648,0,1.363,1,17.2885589599609,30155.6347096272,1,9.6700553894043,14.0327471123137,-Inf,0.427645300460291,0,"Holly Shelter","Holly Shelter","Holly Shelter1",NA
649,0,1.41307692307692,1,17.3634090423584,32350.0720166057,1,11.7741050720215,9.27739922471568,-Inf,0.427645300460291,0,"Holly Shelter","Holly Shelter","Holly Shelter1",NA
651,0,1.58,1,17.3999900817871,2194.43730697846,1,11.2093448638916,11.0164628056216,-Inf,0.427645300460291,0,"Holly Shelter","Holly Shelter","Holly Shelter1",NA
652,0,1.363,1,17.3999996185303,30155.6347096272,1,12.6601057052612,9.63401233739457,-Inf,0.427645300460291,0,"Holly Shelter","Holly Shelter","Holly Shelter1",NA
653,0,1.58571428571429,1,17.2149066925049,852.403407895136,1,7.69734811782837,16.076492564155,-Inf,0.427645300460291,0,"Holly Shelter","Holly Shelter","Holly Shelter1",NA
654,0,1.363,1,17.2999973297119,30155.6347096272,1,9.32651329040527,15.0781973174375,-Inf,0.427645300460291,0,"Holly Shelter","Holly Shelter","Holly Shelter1",NA
655,0,1.363,1,17.2779884338379,30155.6347096272,1,9.59925842285156,13.654484127224,-Inf,0.427645300460291,0,"Holly Shelter","Holly Shelter","Holly Shelter1",NA
656,0,1.363,1,17.2330074310303,30155.6347096272,1,9.81384468078613,13.6550957631212,-Inf,0.427645300460291,0,"Holly Shelter","Holly Shelter","Holly Shelter1",NA
657,0,1.45055555555556,1,17.6107769012451,32409.1242522131,1,14.0188274383545,7.18396020052228,-Inf,0.427645300460291,0,"Holly Shelter","Holly Shelter","Holly Shelter1",NA
658,0,1.363,1,17.3999996185303,30155.6347096272,1,11.1110496520996,13.3189922856887,4467.8,0.745709983793701,0,"Holly Shelter","Holly Shelter","Holly Shelter1",NA
659,0,1.363,1,17.5,30155.6347096272,1,12.9748306274414,7.82861960139831,-Inf,0.427645300460291,0,"Holly Shelter","Holly Shelter","Holly Shelter1",NA
660,0,1.363,1,17.2835025787354,30155.6347096272,1,9.92641353607178,15.8553663726885,-Inf,0.427645300460291,0,"Holly Shelter","Holly Shelter","Holly Shelter1",NA
661,0,1.58333333333333,0,17.4955520629883,211.181744587126,1,9.52486419677734,15.3399999424452,4467.8,0.745709983793701,0,"Holly Shelter","Holly Shelter","Holly Shelter1",NA
662,0,1.363,1,17.2631549835205,30155.6347096272,1,9.88776302337646,16.2020098388358,-Inf,0.427645300460291,0,"Holly Shelter","Holly Shelter","Holly Shelter1",NA
663,0,1.363,1,17.2999992370605,30155.6347096272,1,9.87672424316406,14.1805267890195,4467.8,0.745709983793701,0,"Holly Shelter","Holly Shelter","Holly Shelter1",NA
664,0,1.363,1,17.2999992370605,30155.6347096272,1,10.4454011917114,11.9397662068671,-Inf,0.427645300460291,0,"Holly Shelter","Holly Shelter","Holly Shelter1",NA
665,0,1.6,1,17.2999992370605,804.761596358855,1,8.68766498565674,15.0850644141255,-Inf,0.427645300460291,0,"Holly Shelter","Holly Shelter","Holly Shelter1",NA
666,0,1.363,1,17.2023239135742,30155.6347096272,1,9.75635433197021,13.8577042931604,-Inf,0.427645300460291,0,"Holly Shelter","Holly Shelter","Holly Shelter1",NA
667,0,1.363,1,17.4582233428955,30155.6347096272,1,12.6639070510864,9.74741499109789,4467.8,0.745709983793701,0,"Holly Shelter","Holly Shelter","Holly Shelter1",NA
668,0,1.58,1,17.3999996185303,2194.43730697846,1,11.5943326950073,10.4384825258089,-Inf,0.427645300460291,0,"Holly Shelter","Holly Shelter","Holly Shelter1",NA
669,0,1.548,0,17.3105220794678,51.6061780378151,1,9.04758071899414,16.5056525834031,-Inf,0.427645300460291,0,"Holly Shelter","Holly Shelter","Holly Shelter1",NA
670,0,1.363,1,17.2000007629395,30155.6347096272,1,9.90804862976074,15.1682203003348,-Inf,0.427645300460291,0,"Holly Shelter","Holly Shelter","Holly Shelter1",NA
672,0,1.363,1,17.3188343048096,30155.6347096272,1,10.4029579162598,12.9021865967157,4467.8,0.745709983793701,0,"Holly Shelter","Holly Shelter","Holly Shelter1",NA
673,0,1.363,1,17.3324317932129,30155.6347096272,1,9.92914581298828,14.5706447502506,4467.8,0.745709983793701,0,"Holly Shelter","Holly Shelter","Holly Shelter1",NA
675,0,1.363,1,17.2999973297119,30155.6347096272,1,10.1251945495605,14.2629474499967,4467.8,0.745709983793701,0,"Holly Shelter","Holly Shelter","Holly Shelter1",NA
677,0,1.42466666666667,1,17.2139778137207,30291.5249481173,1,10.2239723205566,15.1929631743654,-Inf,0.427645300460291,0,"Holly Shelter","Holly Shelter","Holly Shelter1",NA
678,0,1.363,1,17.2000007629395,30155.6347096272,1,9.53136253356934,18.350982643443,-Inf,0.427645300460291,0,"Holly Shelter","Holly Shelter","Holly Shelter1",NA
679,0,1.363,1,17.2983570098877,30155.6347096272,1,10.163293838501,16.2739472224729,-Inf,0.427645300460291,0,"Holly Shelter","Holly Shelter","Holly Shelter1",NA
680,0,1.363,1,17.2000007629395,30155.6347096272,1,10.1441497802734,13.9273464286332,-Inf,0.427645300460291,0,"Holly Shelter","Holly Shelter","Holly Shelter1",NA
681,0,1.548,0,17.4136447906494,257.683203025482,1,8.72890281677246,12.3869404120873,-Inf,0.427645300460291,0,"Holly Shelter","Holly Shelter","Holly Shelter1",NA
683,0,1.363,1,17.2110157012939,30155.6347096272,1,9.91471672058105,13.3591358762642,-Inf,0.427645300460291,0,"Holly Shelter","Holly Shelter","Holly Shelter1",NA
684,0,1.55666666666667,1,17.2000007629395,856.36777439667,1,8.4877119064331,16.2730489319325,-Inf,0.427645300460291,0,"Holly Shelter","Holly Shelter","Holly Shelter1",NA
685,0,1.363,1,17.2744655609131,30155.6347096272,1,9.37477493286133,14.217375687812,-Inf,0.427645300460291,0,"Holly Shelter","Holly Shelter","Holly Shelter1",NA
1,44.6440475907447,1.42466666666667,1,17.5,1071.80215474616,0,13.8414039611816,7.63158928030924,-Inf,0.427645300460291,0,"Holly Shelter","Holly Shelter","Holly Shelter1",NA
2,44.6440475907447,1.363,1,17.2999992370605,30155.6347096272,0,9.75901317596436,13.321989628044,-Inf,0.427645300460291,0,"Holly Shelter","Holly Shelter","Holly Shelter1",NA
3,44.6440475907447,1.363,1,17.2999992370605,30155.6347096272,0,9.724289894104,12.5036877451803,-Inf,0.427645300460291,0,"Holly Shelter","Holly Shelter","Holly Shelter1",NA
4,44.6440475907447,1.363,1,17.3999996185303,30155.6347096272,0,12.1168479919434,11.5480808581056,4467.8,0.745709983793701,0,"Holly Shelter","Holly Shelter","Holly Shelter1",NA
6,44.6440475907447,1.58,1,17.3999996185303,2194.43730697846,0,11.8735475540161,9.92437527835713,-Inf,0.427645300460291,0,"Holly Shelter","Holly Shelter","Holly Shelter1",NA
7,44.6440475907447,1.363,1,17.4548397064209,30155.6347096272,0,12.7972183227539,8.34075390131751,-Inf,0.427645300460291,0,"Holly Shelter","Holly Shelter","Holly Shelter1",NA
9,44.6440475907447,1.45055555555556,1,17.5231132507324,32409.1242522131,0,13.6429853439331,7.25886251341894,-Inf,0.427645300460291,0,"Holly Shelter","Holly Shelter","Holly Shelter1",NA
10,44.6440475907447,1.56909090909091,0,17.7000007629395,111.404766735212,0,16.3835964202881,6.19440244714291,-Inf,0.427645300460291,0,"Holly Shelter","Holly Shelter","Holly Shelter1",NA
11,44.6440475907447,1.363,1,17.3999996185303,30155.6347096272,0,10.1709499359131,15.0473722150683,4467.8,0.745709983793701,0,"Holly Shelter","Holly Shelter","Holly Shelter1",NA
12,44.6440475907447,1.363,1,17.2483615875244,30155.6347096272,0,9.98667526245117,15.6534111996282,-Inf,0.427645300460291,0,"Holly Shelter","Holly Shelter","Holly Shelter1",NA
13,44.6440475907447,1.363,1,17.2000007629395,30155.6347096272,0,10.1145811080933,14.553095215572,-Inf,0.427645300460291,0,"Holly Shelter","Holly Shelter","Holly Shelter1",NA
14,44.6440475907447,1.55666666666667,1,17.2088413238525,809.835311298954,0,8.03257465362549,16.4779859416244,-Inf,0.427645300460291,0,"Holly Shelter","Holly Shelter","Holly Shelter1",NA
15,44.6440475907447,1.45055555555556,1,17.7673282623291,30393.7991317622,0,16.0012912750244,5.76421935583798,-Inf,0.427645300460291,0,"Holly Shelter","Holly Shelter","Holly Shelter1",NA
16,44.6440475907447,1.58,1,17.5,2194.43730697846,0,12.4932222366333,7.76995351924796,-Inf,0.427645300460291,0,"Holly Shelter","Holly Shelter","Holly Shelter1",NA
18,44.6440475907447,1.363,1,17.3820858001709,30155.6347096272,0,11.5248517990112,9.38117382739051,-Inf,0.427645300460291,0,"Holly Shelter","Holly Shelter","Holly Shelter1",NA
19,44.6440475907447,1.363,1,17.2000961303711,30155.6347096272,0,9.75950336456299,15.9268065863491,-Inf,0.427645300460291,0,"Holly Shelter","Holly Shelter","Holly Shelter1",NA
20,44.6440475907447,1.363,1,17.3201484680176,30155.6347096272,0,10.6400861740112,11.4141014139277,-Inf,0.427645300460291,0,"Holly Shelter","Holly Shelter","Holly Shelter1",NA
21,44.6440475907447,1.548,0,17.2723121643066,13.8390572393965,0,9.56156921386719,19.1207799968066,-Inf,0.427645300460291,0,"Holly Shelter","Holly Shelter","Holly Shelter1",NA
22,44.6440475907447,1.41307692307692,1,17.3077831268311,32350.0720166057,0,10.3981733322144,11.7456419178939,-Inf,0.427645300460291,0,"Holly Shelter","Holly Shelter","Holly Shelter1",NA
23,44.6440475907447,1.445625,1,17.5,30366.8164542144,0,11.3661775588989,15.0993275330246,4467.8,0.745709983793701,0,"Holly Shelter","Holly Shelter","Holly Shelter1",NA
25,44.6440475907447,1.42466666666667,1,17.5146007537842,30172.7431369909,0,14.6331777572632,7.02938996273525,-Inf,0.427645300460291,0,"Holly Shelter","Holly Shelter","Holly Shelter1",NA
26,44.6440475907447,1.363,1,17.2000026702881,30155.6347096272,0,9.32914352416992,14.1380841512644,-Inf,0.427645300460291,0,"Holly Shelter","Holly Shelter","Holly Shelter1",NA
27,44.6440475907447,1.43058823529412,1,17.7000007629395,31822.8587667099,0,13.7119588851929,7.80987025325237,-Inf,0.427645300460291,0,"Holly Shelter","Holly Shelter","Holly Shelter1",NA
28,44.6440475907447,1.363,1,17.2999992370605,30155.6347096272,0,9.96099281311035,13.4430046966188,4467.8,0.745709983793701,0,"Holly Shelter","Holly Shelter","Holly Shelter1",NA
29,44.6440475907447,1.445625,1,17.2999992370605,30195.8096240972,0,9.12134265899658,15.6371030377062,-Inf,0.427645300460291,0,"Holly Shelter","Holly Shelter","Holly Shelter1",NA
30,44.6440475907447,1.42466666666667,1,17.3109817504883,30282.1511139022,0,9.82770442962646,16.2337024609569,4467.8,0.745709983793701,0,"Holly Shelter","Holly Shelter","Holly Shelter1",NA
31,44.6440475907447,1.363,1,17.2297782897949,30155.6347096272,0,9.85472679138184,13.6229859334784,-Inf,0.427645300460291,0,"Holly Shelter","Holly Shelter","Holly Shelter1",NA
33,44.6440475907447,1.363,1,17.201416015625,30155.6347096272,0,9.8781213760376,13.2617658044871,-Inf,0.427645300460291,0,"Holly Shelter","Holly Shelter","Holly Shelter1",NA
34,44.6440475907447,1.445625,1,17.5,30366.8164542144,0,10.5695743560791,14.7801466483655,4467.8,0.745709983793701,0,"Holly Shelter","Holly Shelter","Holly Shelter1",NA
35,44.6440475907447,1.363,1,17.5,30155.6347096272,0,12.9731712341309,8.96188425647331,-Inf,0.427645300460291,0,"Holly Shelter","Holly Shelter","Holly Shelter1",NA
36,44.6440475907447,1.4555,1,17.5,1101.85207062324,0,12.3235673904419,8.74516658968021,-Inf,0.427645300460291,0,"Holly Shelter","Holly Shelter","Holly Shelter1",NA
37,44.6440475907447,1.548,0,17.5745735168457,163.695800272917,0,11.3361473083496,10.1621159026908,-Inf,0.427645300460291,0,"Holly Shelter","Holly Shelter","Holly Shelter1",NA
38,44.6440475907447,1.363,1,17.2000007629395,30155.6347096272,0,9.95936965942383,13.9696117138925,-Inf,0.427645300460291,0,"Holly Shelter","Holly Shelter","Holly Shelter1",NA
39,44.6440475907447,1.363,1,17.2999973297119,30155.6347096272,0,9.78891563415527,14.3979804986513,-Inf,0.427645300460291,0,"Holly Shelter","Holly Shelter","Holly Shelter1",NA
40,44.6440475907447,1.62,0,17.4072856903076,321.828043081472,0,10.6915216445923,10.530789934333,-Inf,0.427645300460291,0,"Holly Shelter","Holly Shelter","Holly Shelter1",NA
41,44.6440475907447,1.41307692307692,1,17.4631958007812,2941.49919434528,0,11.933313369751,9.57062054127067,-Inf,0.427645300460291,0,"Holly Shelter","Holly Shelter","Holly Shelter1",NA
42,44.6440475907447,1.363,1,17.3299732208252,30155.6347096272,0,10.5877714157104,11.5420235005713,-Inf,0.427645300460291,0,"Holly Shelter","Holly Shelter","Holly Shelter1",NA
43,44.6440475907447,1.548,0,17.7000007629395,12.5312889686162,0,12.2498750686646,8.68401326385139,-Inf,0.427645300460291,0,"Holly Shelter","Holly Shelter","Holly Shelter1",NA
44,44.6440475907447,1.363,1,17.4351539611816,30155.6347096272,0,12.3452138900757,10.0379594275609,-Inf,0.427645300460291,0,"Holly Shelter","Holly Shelter","Holly Shelter1",NA
45,44.6440475907447,1.363,1,17.3845729827881,30155.6347096272,0,10.176739692688,13.005302042967,4467.8,0.745709983793701,0,"Holly Shelter","Holly Shelter","Holly Shelter1",NA
46,44.6440475907447,1.363,1,17.2938842773438,30155.6347096272,0,9.81428623199463,13.201297934798,-Inf,0.427645300460291,0,"Holly Shelter","Holly Shelter","Holly Shelter1",NA
47,44.6440475907447,1.58,1,17.7000007629395,122.106987470172,0,15.9002103805542,6.15707056022572,-Inf,0.427645300460291,0,"Holly Shelter","Holly Shelter","Holly Shelter1",NA
48,44.6440475907447,1.363,1,17.3999996185303,30155.6347096272,0,12.2671566009521,11.0409529806638,4467.8,0.745709983793701,0,"Holly Shelter","Holly Shelter","Holly Shelter1",NA
49,44.6440475907447,1.42466666666667,1,17.664342880249,30480.3749770066,0,13.8596839904785,7.74400047335896,-Inf,0.427645300460291,0,"Holly Shelter","Holly Shelter","Holly Shelter1",NA
50,44.6440475907447,1.41307692307692,1,17.2999992370605,32350.0720166057,0,11.4010896682739,10.1559715329654,-Inf,0.427645300460291,0,"Holly Shelter","Holly Shelter","Holly Shelter1",NA
51,44.6440475907447,1.363,1,17.2545223236084,30155.6347096272,0,9.68883800506592,17.0989217245281,-Inf,0.427645300460291,0,"Holly Shelter","Holly Shelter","Holly Shelter1",NA
52,44.6440475907447,1.363,1,17.348705291748,30155.6347096272,0,10.6390266418457,11.7057959285216,-Inf,0.427645300460291,0,"Holly Shelter","Holly Shelter","Holly Shelter1",NA
53,44.6440475907447,1.363,1,17.3861789703369,30155.6347096272,0,10.0230979919434,12.8722902814078,-Inf,0.427645300460291,0,"Holly Shelter","Holly Shelter","Holly Shelter1",NA
54,44.6440475907447,1.363,1,17.5372714996338,747.061887366824,0,12.5347442626953,8.44565734695152,-Inf,0.427645300460291,0,"Holly Shelter","Holly Shelter","Holly Shelter1",NA
55,44.6440475907447,1.363,1,17.2000217437744,30155.6347096272,0,10.037088394165,13.5267265370309,-Inf,0.427645300460291,0,"Holly Shelter","Holly Shelter","Holly Shelter1",NA
56,44.6440475907447,1.363,1,17.212438583374,30155.6347096272,0,9.9031457901001,13.4895394801175,-Inf,0.427645300460291,0,"Holly Shelter","Holly Shelter","Holly Shelter1",NA
57,44.6440475907447,1.363,1,17.5,747.061887366824,0,12.2591161727905,8.97879238562292,-Inf,0.427645300460291,0,"Holly Shelter","Holly Shelter","Holly Shelter1",NA
58,44.6440475907447,1.363,1,17.2968158721924,30155.6347096272,0,9.61322498321533,13.1897717386441,-Inf,0.427645300460291,0,"Holly Shelter","Holly Shelter","Holly Shelter1",NA
59,44.6440475907447,1.363,1,17.2999992370605,30155.6347096272,0,10.1686201095581,12.6049153154836,-Inf,0.427645300460291,0,"Holly Shelter","Holly Shelter","Holly Shelter1",NA
60,44.6440475907447,1.363,1,17.2999992370605,30155.6347096272,0,10.4391183853149,11.8277459170375,-Inf,0.427645300460291,0,"Holly Shelter","Holly Shelter","Holly Shelter1",NA
61,44.6440475907447,1.363,1,17.2999992370605,30155.6347096272,0,11.5203857421875,9.71930990306445,-Inf,0.427645300460291,0,"Holly Shelter","Holly Shelter","Holly Shelter1",NA
62,44.6440475907447,1.548,0,17.4659233093262,163.695800272917,0,9.5497350692749,11.8158824220566,-Inf,0.427645300460291,0,"Holly Shelter","Holly Shelter","Holly Shelter1",NA
63,44.6440475907447,1.58,1,17.3999996185303,2194.43730697846,0,10.9918851852417,10.997125423832,-Inf,0.427645300460291,0,"Holly Shelter","Holly Shelter","Holly Shelter1",NA
64,44.6440475907447,1.41307692307692,1,17.3999996185303,2941.49919434528,0,12.0181579589844,9.06757573652615,-Inf,0.427645300460291,0,"Holly Shelter","Holly Shelter","Holly Shelter1",NA
65,44.6440475907447,1.548,0,17.2999992370605,24.528253053335,0,9.62892246246338,19.1889228842701,-Inf,0.427645300460291,0,"Holly Shelter","Holly Shelter","Holly Shelter1",NA
66,44.6440475907447,1.363,1,17.3999996185303,30155.6347096272,0,10.6667470932007,13.7034697644537,4467.8,0.745709983793701,0,"Holly Shelter","Holly Shelter","Holly Shelter1",NA
67,44.6440475907447,1.363,1,17.3399181365967,30155.6347096272,0,11.1472024917603,12.8151179769452,4467.8,0.745709983793701,0,"Holly Shelter","Holly Shelter","Holly Shelter1",NA
68,44.6440475907447,1.58333333333333,0,17.3091354370117,267.613015738973,0,8.99246120452881,18.6313086139904,-Inf,0.427645300460291,0,"Holly Shelter","Holly Shelter","Holly Shelter1",NA
69,44.6440475907447,1.42466666666667,1,17.7683696746826,30171.4700276174,0,13.8244495391846,7.07522075215773,-Inf,0.427645300460291,0,"Holly Shelter","Holly Shelter","Holly Shelter1",NA
70,44.6440475907447,1.41307692307692,1,17.2999992370605,32350.0720166057,0,10.0898542404175,11.7651020192696,-Inf,0.427645300460291,0,"Holly Shelter","Holly Shelter","Holly Shelter1",NA
71,44.6440475907447,1.363,1,17.5000019073486,30155.6347096272,0,13.0331163406372,8.06643444660691,-Inf,0.427645300460291,0,"Holly Shelter","Holly Shelter","Holly Shelter1",NA
73,44.6440475907447,1.6,1,17.2999935150146,804.761596358855,0,8.63463592529297,15.0958026660762,-Inf,0.427645300460291,0,"Holly Shelter","Holly Shelter","Holly Shelter1",NA
74,44.6440475907447,1.363,1,17.2000007629395,30155.6347096272,0,9.50621891021729,18.7412490533964,-Inf,0.427645300460291,0,"Holly Shelter","Holly Shelter","Holly Shelter1",NA
75,44.6440475907447,1.363,1,17.3999977111816,30155.6347096272,0,10.9181032180786,12.5783406211455,4467.8,0.745709983793701,0,"Holly Shelter","Holly Shelter","Holly Shelter1",NA
76,44.6440475907447,1.58307692307692,1,17.5,2229.3939999293,0,13.76806640625,7.50238737713066,-Inf,0.427645300460291,0,"Holly Shelter","Holly Shelter","Holly Shelter1",NA
77,44.6440475907447,1.54416666666667,1,17.7000007629395,246.824550328233,0,16.2717170715332,6.43391225440635,-Inf,0.427645300460291,0,"Holly Shelter","Holly Shelter","Holly Shelter1",NA
78,44.6440475907447,1.363,1,17.3999996185303,30155.6347096272,0,10.0651111602783,12.7731548552378,-Inf,0.427645300460291,0,"Holly Shelter","Holly Shelter","Holly Shelter1",NA
79,44.6440475907447,1.363,1,17.2943134307861,30155.6347096272,0,9.68874645233154,14.0974737942947,-Inf,0.427645300460291,0,"Holly Shelter","Holly Shelter","Holly Shelter1",NA
80,44.6440475907447,1.363,1,17.2289581298828,30155.6347096272,0,10.1855869293213,16.368346920391,-Inf,0.427645300460291,0,"Holly Shelter","Holly Shelter","Holly Shelter1",NA
81,44.6440475907447,1.363,1,17.2999992370605,30155.6347096272,0,9.99431037902832,15.4294309557715,-Inf,0.427645300460291,0,"Holly Shelter","Holly Shelter","Holly Shelter1",NA
82,44.6440475907447,1.363,1,17.2979354858398,30155.6347096272,0,10.1502351760864,12.2266080469743,-Inf,0.427645300460291,0,"Holly Shelter","Holly Shelter","Holly Shelter1",NA
84,44.6440475907447,1.363,1,17.2819728851318,30155.6347096272,0,9.52425289154053,14.0165072821565,-Inf,0.427645300460291,0,"Holly Shelter","Holly Shelter","Holly Shelter1",NA
85,44.6440475907447,1.46,1,17.8871936798096,30413.8674618034,0,16.1940097808838,6.69137261769928,-Inf,0.427645300460291,0,"Holly Shelter","Holly Shelter","Holly Shelter1",NA
86,44.6440475907447,1.363,1,17.3977088928223,30155.6347096272,0,9.90587997436523,12.9661798770259,-Inf,0.427645300460291,0,"Holly Shelter","Holly Shelter","Holly Shelter1",NA
87,44.6440475907447,1.363,1,17.3415451049805,30155.6347096272,0,9.7870979309082,12.8452760730462,-Inf,0.427645300460291,0,"Holly Shelter","Holly Shelter","Holly Shelter1",NA
88,44.6440475907447,1.363,1,17.2000026702881,30155.6347096272,0,9.49561214447021,13.3172211378247,-Inf,0.427645300460291,0,"Holly Shelter","Holly Shelter","Holly Shelter1",NA
89,44.6440475907447,1.41307692307692,1,17.3999996185303,2941.49919434528,0,12.2614450454712,8.73149639316707,-Inf,0.427645300460291,0,"Holly Shelter","Holly Shelter","Holly Shelter1",NA
90,44.6440475907447,1.363,1,17.2300148010254,30155.6347096272,0,9.79257106781006,13.584085896116,-Inf,0.427645300460291,0,"Holly Shelter","Holly Shelter","Holly Shelter1",NA
91,44.6440475907447,1.363,1,17.3999996185303,30155.6347096272,0,11.0173540115356,12.6023840897347,4467.8,0.745709983793701,0,"Holly Shelter","Holly Shelter","Holly Shelter1",NA
92,44.6440475907447,1.363,1,17.4001960754395,30155.6347096272,0,11.4357252120972,10.8633167205228,-Inf,0.427645300460291,0,"Holly Shelter","Holly Shelter","Holly Shelter1",NA
93,44.6440475907447,1.548,0,17.2000007629395,51.6061780378151,0,9.26007652282715,16.2145803382569,-Inf,0.427645300460291,0,"Holly Shelter","Holly Shelter","Holly Shelter1",NA
94,44.6440475907447,1.363,1,17.2999992370605,30155.6347096272,0,10.2613534927368,11.9820385222989,-Inf,0.427645300460291,0,"Holly Shelter","Holly Shelter","Holly Shelter1",NA
95,44.6440475907447,1.363,1,17.2763557434082,30155.6347096272,0,9.99051666259766,15.2761154249894,-Inf,0.427645300460291,0,"Holly Shelter","Holly Shelter","Holly Shelter1",NA
96,44.6440475907447,1.363,1,17.2999992370605,30155.6347096272,0,10.522424697876,11.7118505639273,-Inf,0.427645300460291,0,"Holly Shelter","Holly Shelter","Holly Shelter1",NA
97,44.6440475907447,1.41307692307692,1,17.2999992370605,32350.0720166057,0,11.5439739227295,9.44922849400868,-Inf,0.427645300460291,0,"Holly Shelter","Holly Shelter","Holly Shelter1",NA
98,44.6440475907447,1.363,1,17.3870601654053,30155.6347096272,0,10.8667917251587,12.4741900867717,4467.8,0.745709983793701,0,"Holly Shelter","Holly Shelter","Holly Shelter1",NA
99,44.6440475907447,1.41307692307692,1,17.4160938262939,32350.0720166057,0,12.4287281036377,8.40016774784719,-Inf,0.427645300460291,0,"Holly Shelter","Holly Shelter","Holly Shelter1",NA
100,44.6440475907447,1.363,1,17.5572757720947,30155.6347096272,0,13.0027952194214,7.37149166474136,-Inf,0.427645300460291,0,"Holly Shelter","Holly Shelter","Holly Shelter1",NA
101,44.6440475907447,1.59,1,17.4237499237061,2516.26535005993,0,10.6426305770874,10.7954488452433,-Inf,0.427645300460291,0,"Holly Shelter","Holly Shelter","Holly Shelter1",NA
105,44.6440475907447,1.363,1,17.2000007629395,30155.6347096272,0,9.46620082855225,18.2539000343101,-Inf,0.427645300460291,0,"Holly Shelter","Holly Shelter","Holly Shelter1",NA
107,44.6440475907447,1.38454545454545,1,17.2000007629395,30960.3963059861,0,9.11817646026611,14.0021914265217,-Inf,0.427645300460291,0,"Holly Shelter","Holly Shelter","Holly Shelter1",NA
109,44.6440475907447,1.363,1,17.3749294281006,30155.6347096272,0,11.0609979629517,10.5938656851479,-Inf,0.427645300460291,0,"Holly Shelter","Holly Shelter","Holly Shelter1",NA
110,44.6440475907447,1.363,1,17.3000011444092,30155.6347096272,0,8.70378112792969,15.1279148189943,-Inf,0.427645300460291,0,"Holly Shelter","Holly Shelter","Holly Shelter1",NA
111,44.6440475907447,1.38454545454545,1,17.2414321899414,30960.3963059861,0,9.94473552703857,12.5910388325883,-Inf,0.427645300460291,0,"Holly Shelter","Holly Shelter","Holly Shelter1",NA
112,44.6440475907447,1.363,1,17.2906513214111,30155.6347096272,0,9.87824153900146,13.7730810190967,4467.8,0.745709983793701,0,"Holly Shelter","Holly Shelter","Holly Shelter1",NA
113,44.6440475907447,1.59,1,17.3999996185303,2516.26535005993,0,11.1836338043213,10.9236585613398,-Inf,0.427645300460291,0,"Holly Shelter","Holly Shelter","Holly Shelter1",NA
114,44.6440475907447,1.59,1,17.3992900848389,2516.26535005993,0,11.3579330444336,10.864839862805,-Inf,0.427645300460291,0,"Holly Shelter","Holly Shelter","Holly Shelter1",NA
115,44.6440475907447,1.42466666666667,1,17.2000007629395,30291.5249481173,0,10.2896575927734,15.6658682846108,-Inf,0.427645300460291,0,"Holly Shelter","Holly Shelter","Holly Shelter1",NA
116,44.6440475907447,1.40571428571429,1,17.7999992370605,30272.8892696208,0,14.6612529754639,6.80333162734905,-Inf,0.427645300460291,0,"Holly Shelter","Holly Shelter","Holly Shelter1",NA
117,44.6440475907447,1.548,0,17.6000003814697,163.695800272917,0,11.5981750488281,9.77750206134167,-Inf,0.427645300460291,0,"Holly Shelter","Holly Shelter","Holly Shelter1",NA
118,44.6440475907447,1.363,1,17.3999614715576,30155.6347096272,0,10.2443246841431,12.4668438271103,-Inf,0.427645300460291,0,"Holly Shelter","Holly Shelter","Holly Shelter1",NA
119,44.6440475907447,1.363,1,17.2000007629395,30155.6347096272,0,9.88530254364014,15.1450427583968,-Inf,0.427645300460291,0,"Holly Shelter","Holly Shelter","Holly Shelter1",NA
120,44.6440475907447,1.363,1,17.2000007629395,30155.6347096272,0,9.41550827026367,18.0076011251634,-Inf,0.427645300460291,0,"Holly Shelter","Holly Shelter","Holly Shelter1",NA
121,44.6440475907447,1.363,1,17.4958171844482,30155.6347096272,0,11.9393606185913,8.65785537308227,-Inf,0.427645300460291,0,"Holly Shelter","Holly Shelter","Holly Shelter1",NA
122,44.6440475907447,1.41307692307692,1,17.2999992370605,32350.0720166057,0,10.6464023590088,11.5309520129363,-Inf,0.427645300460291,0,"Holly Shelter","Holly Shelter","Holly Shelter1",NA
125,44.6440475907447,1.38454545454545,1,17.2339210510254,30960.3963059861,0,10.0316743850708,12.8126611761495,-Inf,0.427645300460291,0,"Holly Shelter","Holly Shelter","Holly Shelter1",NA
126,44.6440475907447,1.363,1,17.3999996185303,30155.6347096272,0,11.7956371307373,11.1778947982883,-Inf,0.427645300460291,0,"Holly Shelter","Holly Shelter","Holly Shelter1",NA
127,44.6440475907447,1.363,1,17.2999992370605,30155.6347096272,0,10.1726055145264,12.7635022258377,-Inf,0.427645300460291,0,"Holly Shelter","Holly Shelter","Holly Shelter1",NA
128,44.6440475907447,1.363,1,17.3005790710449,30155.6347096272,0,10.1003551483154,13.0731765197039,4467.8,0.745709983793701,0,"Holly Shelter","Holly Shelter","Holly Shelter1",NA
130,44.6440475907447,1.41307692307692,1,17.3602828979492,32350.0720166057,0,10.6846685409546,11.3596811780357,-Inf,0.427645300460291,0,"Holly Shelter","Holly Shelter","Holly Shelter1",NA
131,44.6440475907447,1.5125,0,17.6900882720947,14.6278535823438,0,12.2234468460083,8.97758907065219,-Inf,0.427645300460291,0,"Holly Shelter","Holly Shelter","Holly Shelter1",NA
132,44.6440475907447,1.452,1,17.5596523284912,30505.0485533227,0,14.1957273483276,7.58451773972224,-Inf,0.427645300460291,0,"Holly Shelter","Holly Shelter","Holly Shelter1",NA
133,44.6440475907447,1.41307692307692,1,17.3999996185303,2941.49919434528,0,11.943076133728,9.43305742498396,-Inf,0.427645300460291,0,"Holly Shelter","Holly Shelter","Holly Shelter1",NA
135,44.6440475907447,1.49060606060606,1,17.7565975189209,30532.9911895269,0,14.9908170700073,6.8350332869771,-Inf,0.427645300460291,0,"Holly Shelter","Holly Shelter","Holly Shelter1",NA
136,44.6440475907447,1.548,0,17.1999988555908,51.6061780378151,0,9.42038822174072,16.5285885251003,-Inf,0.427645300460291,0,"Holly Shelter","Holly Shelter","Holly Shelter1",NA
137,44.6440475907447,1.363,1,17.2999992370605,30155.6347096272,0,10.0771980285645,13.9092044513132,4467.8,0.745709983793701,0,"Holly Shelter","Holly Shelter","Holly Shelter1",NA
138,44.6440475907447,1.363,1,17.2000007629395,30155.6347096272,0,10.1002035140991,14.2994551222369,-Inf,0.427645300460291,0,"Holly Shelter","Holly Shelter","Holly Shelter1",NA
139,44.6440475907447,1.56,0,17.5191535949707,180.499169751192,0,11.7733917236328,9.7917463793988,-Inf,0.427645300460291,0,"Holly Shelter","Holly Shelter","Holly Shelter1",NA
140,44.6440475907447,1.39909090909091,1,17.5,30241.2308795243,0,10.0839643478394,15.1371401902346,4467.8,0.745709983793701,0,"Holly Shelter","Holly Shelter","Holly Shelter1",NA
141,44.6440475907447,1.363,1,17.1087799072266,30155.6347096272,0,9.45481491088867,13.8754372658847,-Inf,0.427645300460291,0,"Holly Shelter","Holly Shelter","Holly Shelter1",NA
142,44.6440475907447,1.363,1,17.2000007629395,30155.6347096272,0,9.52784729003906,16.9112890465263,-Inf,0.427645300460291,0,"Holly Shelter","Holly Shelter","Holly Shelter1",NA
143,44.6440475907447,1.363,1,17.3624172210693,30155.6347096272,0,11.2039394378662,10.3741884272365,-Inf,0.427645300460291,0,"Holly Shelter","Holly Shelter","Holly Shelter1",NA
144,44.6440475907447,1.363,1,17.2134323120117,30155.6347096272,0,9.65163898468018,16.6118420278249,-Inf,0.427645300460291,0,"Holly Shelter","Holly Shelter","Holly Shelter1",NA
145,44.6440475907447,1.44315789473684,1,17.5230655670166,30290.791147157,0,14.7648391723633,6.48580991840722,-Inf,0.427645300460291,0,"Holly Shelter","Holly Shelter","Holly Shelter1",NA
146,44.6440475907447,1.42466666666667,1,17.6440715789795,30214.6869452347,0,14.3272705078125,6.83341856421089,-Inf,0.427645300460291,0,"Holly Shelter","Holly Shelter","Holly Shelter1",NA
147,44.6440475907447,1.5046875,1,17.7285041809082,30267.0394763624,0,15.4301805496216,6.04176851928616,-Inf,0.427645300460291,0,"Holly Shelter","Holly Shelter","Holly Shelter1",NA
148,44.6440475907447,1.363,1,17.5,30155.6347096272,0,12.7378091812134,7.79039336395402,-Inf,0.427645300460291,0,"Holly Shelter","Holly Shelter","Holly Shelter1",NA
149,44.6440475907447,1.363,1,17.2256202697754,30155.6347096272,0,9.75672340393066,14.8421998365378,-Inf,0.427645300460291,0,"Holly Shelter","Holly Shelter","Holly Shelter1",NA
150,44.6440475907447,1.41307692307692,1,17.3540115356445,32350.0720166057,0,10.0207509994507,12.3968859542722,-Inf,0.427645300460291,0,"Holly Shelter","Holly Shelter","Holly Shelter1",NA
151,44.6440475907447,1.363,1,17.3999977111816,30155.6347096272,0,10.8879451751709,13.7490891861403,4467.8,0.745709983793701,0,"Holly Shelter","Holly Shelter","Holly Shelter1",NA
152,44.6440475907447,1.363,1,17.5,30155.6347096272,0,13.0247402191162,8.58835688715754,-Inf,0.427645300460291,0,"Holly Shelter","Holly Shelter","Holly Shelter1",NA
153,44.6440475907447,1.47,1,17.4810466766357,30444.3869196382,0,10.5148696899414,15.5222456403853,4467.8,0.745709983793701,0,"Holly Shelter","Holly Shelter","Holly Shelter1",NA
154,44.6440475907447,1.363,1,17.2000007629395,30155.6347096272,0,9.39679050445557,13.4547119510379,-Inf,0.427645300460291,0,"Holly Shelter","Holly Shelter","Holly Shelter1",NA
156,44.6440475907447,1.363,1,17.3000011444092,30155.6347096272,0,10.3594751358032,12.172087885837,-Inf,0.427645300460291,0,"Holly Shelter","Holly Shelter","Holly Shelter1",NA
157,44.6440475907447,1.363,1,17.1000003814697,30155.6347096272,0,9.4170389175415,14.900438541917,-Inf,0.427645300460291,0,"Holly Shelter","Holly Shelter","Holly Shelter1",NA
158,44.6440475907447,1.4735,1,17.5,30190.5914025781,0,14.8058547973633,7.22419363248923,-Inf,0.427645300460291,0,"Holly Shelter","Holly Shelter","Holly Shelter1",NA
159,44.6440475907447,1.548,0,17.3188495635986,24.528253053335,0,9.40069103240967,18.9728054677323,-Inf,0.427645300460291,0,"Holly Shelter","Holly Shelter","Holly Shelter1",NA
160,44.6440475907447,1.548,0,17.3013114929199,24.8216221898483,0,9.14356708526611,19.7087468587602,4074.15,0.00237417756926798,0,"Holly Shelter","Holly Shelter","Holly Shelter1",NA
161,44.6440475907447,1.41307692307692,1,17.3999996185303,2941.49919434528,0,12.1028480529785,8.99599542918371,-Inf,0.427645300460291,0,"Holly Shelter","Holly Shelter","Holly Shelter1",NA
162,44.6440475907447,1.363,1,17.2000007629395,30155.6347096272,0,9.94469451904297,13.3185933428599,-Inf,0.427645300460291,0,"Holly Shelter","Holly Shelter","Holly Shelter1",NA
163,44.6440475907447,1.363,1,17.3059597015381,30155.6347096272,0,10.5254859924316,13.4333829433804,4467.8,0.745709983793701,0,"Holly Shelter","Holly Shelter","Holly Shelter1",NA
164,44.6440475907447,1.548,0,17.2999992370605,80.0934803458875,0,7.73547410964966,17.2152722849694,-Inf,0.427645300460291,0,"Holly Shelter","Holly Shelter","Holly Shelter1",NA
166,44.6440475907447,1.42466666666667,1,17.7924365997314,30243.9228238239,0,15.2377738952637,6.28752474184927,-Inf,0.427645300460291,0,"Holly Shelter","Holly Shelter","Holly Shelter1",NA
167,44.6440475907447,1.38454545454545,1,17.2000007629395,30960.3963059861,0,9.63055801391602,13.1839188739087,-Inf,0.427645300460291,0,"Holly Shelter","Holly Shelter","Holly Shelter1",NA
168,44.6440475907447,1.363,1,17.4999980926514,747.061887366824,0,12.5086193084717,8.59311761931077,-Inf,0.427645300460291,0,"Holly Shelter","Holly Shelter","Holly Shelter1",NA
169,44.6440475907447,1.5046875,1,17.7000007629395,30267.0394763624,0,15.5984401702881,6.17396005931114,-Inf,0.427645300460291,0,"Holly Shelter","Holly Shelter","Holly Shelter1",NA
170,44.6440475907447,1.548,0,17.2000026702881,13.8390572393965,0,9.54420471191406,19.0071747537362,-Inf,0.427645300460291,0,"Holly Shelter","Holly Shelter","Holly Shelter1",NA
171,44.6440475907447,1.363,1,17.5,30155.6347096272,0,12.8754663467407,9.13938712027672,4467.8,0.745709983793701,0,"Holly Shelter","Holly Shelter","Holly Shelter1",NA
172,44.6440475907447,1.363,1,17.2999820709229,30155.6347096272,0,10.1459560394287,12.390676533739,-Inf,0.427645300460291,0,"Holly Shelter","Holly Shelter","Holly Shelter1",NA
173,44.6440475907447,1.363,1,17.5665721893311,30155.6347096272,0,14.3611402511597,6.98077567810394,-Inf,0.427645300460291,0,"Holly Shelter","Holly Shelter","Holly Shelter1",NA
174,44.6440475907447,1.41307692307692,1,17.3082637786865,32350.0720166057,0,10.7979516983032,11.0100224359898,-Inf,0.427645300460291,0,"Holly Shelter","Holly Shelter","Holly Shelter1",NA
175,44.6440475907447,1.363,1,17.5,747.061887366824,0,12.739767074585,8.0616959720782,-Inf,0.427645300460291,0,"Holly Shelter","Holly Shelter","Holly Shelter1",NA
176,44.6440475907447,1.363,1,17.2999992370605,30155.6347096272,0,11.4349517822266,9.84095479582359,-Inf,0.427645300460291,0,"Holly Shelter","Holly Shelter","Holly Shelter1",NA
177,44.6440475907447,1.56,1,17.5000019073486,2211.54573434216,0,12.9527082443237,7.57900846877518,-Inf,0.427645300460291,0,"Holly Shelter","Holly Shelter","Holly Shelter1",NA
179,44.6440475907447,1.363,1,17.5,30155.6347096272,0,12.8391008377075,9.68007768454685,4467.8,0.745709983793701,0,"Holly Shelter","Holly Shelter","Holly Shelter1",NA
180,44.6440475907447,1.363,1,17.2426147460938,30155.6347096272,0,9.79975986480713,14.9620051574393,-Inf,0.427645300460291,0,"Holly Shelter","Holly Shelter","Holly Shelter1",NA
181,44.6440475907447,1.363,1,17.2999992370605,30155.6347096272,0,9.32497692108154,14.6319978659108,-Inf,0.427645300460291,0,"Holly Shelter","Holly Shelter","Holly Shelter1",NA
182,44.6440475907447,1.363,1,17.4775409698486,747.061887366824,0,12.5313386917114,8.56028743953415,-Inf,0.427645300460291,0,"Holly Shelter","Holly Shelter","Holly Shelter1",NA
183,44.6440475907447,1.363,1,17.3999996185303,30155.6347096272,0,12.3934087753296,10.3465904002758,4467.8,0.745709983793701,0,"Holly Shelter","Holly Shelter","Holly Shelter1",NA
184,44.6440475907447,1.54142857142857,1,17.7000007629395,158.536436131561,0,15.9160375595093,6.38444834953167,-Inf,0.427645300460291,0,"Holly Shelter","Holly Shelter","Holly Shelter1",NA
185,44.6440475907447,1.363,1,17.3999996185303,30155.6347096272,0,11.1321115493774,11.4303331708405,-Inf,0.427645300460291,0,"Holly Shelter","Holly Shelter","Holly Shelter1",NA
186,44.6440475907447,1.45055555555556,1,17.5,32409.1242522131,0,12.8162937164307,7.41416495484625,-Inf,0.427645300460291,0,"Holly Shelter","Holly Shelter","Holly Shelter1",NA
187,44.6440475907447,1.363,1,17.2363700866699,30155.6347096272,0,9.85157108306885,14.4636473738414,-Inf,0.427645300460291,0,"Holly Shelter","Holly Shelter","Holly Shelter1",NA
188,44.6440475907447,1.363,1,17.3999996185303,30155.6347096272,0,12.462381362915,9.89907388265948,4467.8,0.745709983793701,0,"Holly Shelter","Holly Shelter","Holly Shelter1",NA
189,44.6440475907447,1.363,1,17.2040710449219,30155.6347096272,0,10.1393308639526,14.3608704494467,-Inf,0.427645300460291,0,"Holly Shelter","Holly Shelter","Holly Shelter1",NA
190,44.6440475907447,1.363,1,17.4141960144043,747.061887366824,0,12.2358169555664,8.99343630260753,-Inf,0.427645300460291,0,"Holly Shelter","Holly Shelter","Holly Shelter1",NA
191,44.6440475907447,1.42466666666667,1,17.2000007629395,30291.5249481173,0,10.2927656173706,15.0854542504729,-Inf,0.427645300460291,0,"Holly Shelter","Holly Shelter","Holly Shelter1",NA
192,44.6440475907447,1.363,1,17.2781047821045,30155.6347096272,0,10.1328678131104,15.5455951282212,-Inf,0.427645300460291,0,"Holly Shelter","Holly Shelter","Holly Shelter1",NA
193,44.6440475907447,1.363,1,17.5,747.061887366824,0,12.5821228027344,8.50384762483872,-Inf,0.427645300460291,0,"Holly Shelter","Holly Shelter","Holly Shelter1",NA
194,44.6440475907447,1.363,1,17.2999992370605,30155.6347096272,0,9.4073657989502,14.3386066213493,-Inf,0.427645300460291,0,"Holly Shelter","Holly Shelter","Holly Shelter1",NA
195,44.6440475907447,1.363,1,17.2625980377197,30155.6347096272,0,10.1133050918579,12.2247977107849,-Inf,0.427645300460291,0,"Holly Shelter","Holly Shelter","Holly Shelter1",NA
196,44.6440475907447,1.363,1,17.2089881896973,30155.6347096272,0,9.9861536026001,15.2499302829672,-Inf,0.427645300460291,0,"Holly Shelter","Holly Shelter","Holly Shelter1",NA
197,44.6440475907447,1.363,1,17.2999992370605,30155.6347096272,0,10.0315227508545,15.748148163276,-Inf,0.427645300460291,0,"Holly Shelter","Holly Shelter","Holly Shelter1",NA
198,44.6440475907447,1.363,1,17.2999992370605,30155.6347096272,0,9.82459926605225,15.8327936719698,4467.8,0.745709983793701,0,"Holly Shelter","Holly Shelter","Holly Shelter1",NA
199,44.6440475907447,1.59,1,17.4391994476318,2516.26535005993,0,10.5353546142578,10.9761891334809,-Inf,0.427645300460291,0,"Holly Shelter","Holly Shelter","Holly Shelter1",NA
200,44.6440475907447,1.363,1,17.2999973297119,30155.6347096272,0,10.3150091171265,12.2639135465635,-Inf,0.427645300460291,0,"Holly Shelter","Holly Shelter","Holly Shelter1",NA
201,44.6440475907447,1.363,1,17.455867767334,30155.6347096272,0,10.3440036773682,15.1303621038877,4467.8,0.745709983793701,0,"Holly Shelter","Holly Shelter","Holly Shelter1",NA
202,44.6440475907447,1.363,1,17.2000007629395,30155.6347096272,0,10.1361389160156,16.7862540073484,-Inf,0.427645300460291,0,"Holly Shelter","Holly Shelter","Holly Shelter1",NA
203,44.6440475907447,1.548,0,17.2904586791992,51.6061780378151,0,9.37069225311279,16.6672313157187,-Inf,0.427645300460291,0,"Holly Shelter","Holly Shelter","Holly Shelter1",NA
204,44.6440475907447,1.55666666666667,1,17.2126960754395,856.36777439667,0,8.55266094207764,15.6163171347437,-Inf,0.427645300460291,0,"Holly Shelter","Holly Shelter","Holly Shelter1",NA
205,44.6440475907447,1.42466666666667,1,17.6000003814697,30193.9967041251,0,14.3958940505981,6.86747204980542,-Inf,0.427645300460291,0,"Holly Shelter","Holly Shelter","Holly Shelter1",NA
206,44.6440475907447,1.363,1,17.2999992370605,30155.6347096272,0,9.63858795166016,13.2474003490425,-Inf,0.427645300460291,0,"Holly Shelter","Holly Shelter","Holly Shelter1",NA
207,44.6440475907447,1.363,1,17.2999973297119,30155.6347096272,0,10.0891017913818,15.773592740181,4467.8,0.745709983793701,0,"Holly Shelter","Holly Shelter","Holly Shelter1",NA
208,44.6440475907447,1.363,1,17.2950115203857,30155.6347096272,0,10.1286058425903,16.3297368865403,-Inf,0.427645300460291,0,"Holly Shelter","Holly Shelter","Holly Shelter1",NA
210,44.6440475907447,1.363,1,17.2000007629395,30155.6347096272,0,10.164927482605,16.2403180464301,-Inf,0.427645300460291,0,"Holly Shelter","Holly Shelter","Holly Shelter1",NA
212,44.6440475907447,1.47173913043478,1,17.6133041381836,30415.513169369,0,15.9413766860962,5.81037652792363,-Inf,0.427645300460291,0,"Holly Shelter","Holly Shelter","Holly Shelter1",NA
213,44.6440475907447,1.46869565217391,1,17.673397064209,30403.1049982328,0,15.3436012268066,6.33361342122843,-Inf,0.427645300460291,0,"Holly Shelter","Holly Shelter","Holly Shelter1",NA
214,44.6440475907447,1.363,1,17.2956485748291,30155.6347096272,0,9.56176280975342,13.4651986536989,-Inf,0.427645300460291,0,"Holly Shelter","Holly Shelter","Holly Shelter1",NA
215,44.6440475907447,1.58,1,17.3999996185303,2194.43730697846,0,10.2740573883057,11.9922053143525,-Inf,0.427645300460291,0,"Holly Shelter","Holly Shelter","Holly Shelter1",NA
217,44.6440475907447,1.363,1,17.2999992370605,30155.6347096272,0,9.10396862030029,14.7768356952491,-Inf,0.427645300460291,0,"Holly Shelter","Holly Shelter","Holly Shelter1",NA
218,44.6440475907447,1.363,1,17.4000015258789,30155.6347096272,0,12.0072641372681,11.2086837977169,4467.8,0.745709983793701,0,"Holly Shelter","Holly Shelter","Holly Shelter1",NA
219,44.6440475907447,1.363,1,17.3000011444092,30155.6347096272,0,9.83476448059082,16.1281775012244,4467.8,0.745709983793701,0,"Holly Shelter","Holly Shelter","Holly Shelter1",NA
220,44.6440475907447,1.41307692307692,1,17.2999973297119,32350.0720166057,0,10.4770402908325,11.8599418155536,-Inf,0.427645300460291,0,"Holly Shelter","Holly Shelter","Holly Shelter1",NA
221,44.6440475907447,1.363,1,17.2999992370605,30155.6347096272,0,9.70283222198486,14.5583830237862,4467.8,0.745709983793701,0,"Holly Shelter","Holly Shelter","Holly Shelter1",NA
222,44.6440475907447,1.58,1,17.3999996185303,2194.43730697846,0,10.4633884429932,11.5386646743271,-Inf,0.427645300460291,0,"Holly Shelter","Holly Shelter","Holly Shelter1",NA
223,44.6440475907447,1.363,1,17.3985424041748,30155.6347096272,0,10.0449161529541,15.0297161427161,4467.8,0.745709983793701,0,"Holly Shelter","Holly Shelter","Holly Shelter1",NA
224,44.6440475907447,1.363,1,17.2999992370605,30155.6347096272,0,9.18177700042725,15.3766458462581,-Inf,0.427645300460291,0,"Holly Shelter","Holly Shelter","Holly Shelter1",NA
225,44.6440475907447,1.548,0,17.2000007629395,13.8390572393965,0,9.62047672271729,19.2001995602815,-Inf,0.427645300460291,0,"Holly Shelter","Holly Shelter","Holly Shelter1",NA
226,44.6440475907447,1.363,1,17.2000007629395,30155.6347096272,0,9.87344932556152,13.7815462590414,-Inf,0.427645300460291,0,"Holly Shelter","Holly Shelter","Holly Shelter1",NA
227,44.6440475907447,1.363,1,17.3933143615723,30155.6347096272,0,10.0073404312134,14.9103209810063,4467.8,0.745709983793701,0,"Holly Shelter","Holly Shelter","Holly Shelter1",NA
229,44.6440475907447,1.363,1,17.2048816680908,30155.6347096272,0,10.1515989303589,16.3294849136488,-Inf,0.427645300460291,0,"Holly Shelter","Holly Shelter","Holly Shelter1",NA
230,44.6440475907447,1.363,1,17.3999996185303,30155.6347096272,0,11.390344619751,9.97044469188846,-Inf,0.427645300460291,0,"Holly Shelter","Holly Shelter","Holly Shelter1",NA
231,44.6440475907447,1.41307692307692,1,17.2999992370605,32350.0720166057,0,10.0092182159424,12.1369242212529,-Inf,0.427645300460291,0,"Holly Shelter","Holly Shelter","Holly Shelter1",NA
232,44.6440475907447,1.51114285714286,1,17.7000198364258,30389.1464638326,0,16.0484771728516,5.83821892506765,-Inf,0.427645300460291,0,"Holly Shelter","Holly Shelter","Holly Shelter1",NA
233,44.6440475907447,1.363,1,17.163158416748,30155.6347096272,0,9.3404483795166,14.0181814843545,-Inf,0.427645300460291,0,"Holly Shelter","Holly Shelter","Holly Shelter1",NA
234,44.6440475907447,1.41307692307692,1,17.5,32350.0720166057,0,12.5295028686523,8.17797948837812,-Inf,0.427645300460291,0,"Holly Shelter","Holly Shelter","Holly Shelter1",NA
235,44.6440475907447,1.5046875,1,17.7881355285645,30267.0394763624,0,15.7317228317261,5.8364234471286,-Inf,0.427645300460291,0,"Holly Shelter","Holly Shelter","Holly Shelter1",NA
236,44.6440475907447,1.363,1,17.481559753418,30155.6347096272,0,11.5750846862793,10.3352947449792,-Inf,0.427645300460291,0,"Holly Shelter","Holly Shelter","Holly Shelter1",NA
237,44.6440475907447,1.363,1,17.2000007629395,30155.6347096272,0,9.65023517608643,13.0048267630795,-Inf,0.427645300460291,0,"Holly Shelter","Holly Shelter","Holly Shelter1",NA
238,44.6440475907447,1.363,1,17.2000007629395,30155.6347096272,0,9.99789905548096,13.0842341116853,-Inf,0.427645300460291,0,"Holly Shelter","Holly Shelter","Holly Shelter1",NA
239,44.6440475907447,1.363,1,17.208610534668,30155.6347096272,0,10.0250883102417,15.8179677315364,-Inf,0.427645300460291,0,"Holly Shelter","Holly Shelter","Holly Shelter1",NA
240,44.6440475907447,1.363,1,17.2999973297119,30155.6347096272,0,10.3596067428589,12.1431897731735,-Inf,0.427645300460291,0,"Holly Shelter","Holly Shelter","Holly Shelter1",NA
241,44.6440475907447,1.56,1,17.669771194458,256.979381603471,0,12.6575202941895,8.14280016063763,-Inf,0.427645300460291,0,"Holly Shelter","Holly Shelter","Holly Shelter1",NA
244,44.6440475907447,1.45055555555556,1,17.5263862609863,32409.1242522131,0,14.27512550354,7.25723099166491,-Inf,0.427645300460291,0,"Holly Shelter","Holly Shelter","Holly Shelter1",NA
245,44.6440475907447,1.363,1,17.2256927490234,30155.6347096272,0,10.165186882019,16.1610789941414,-Inf,0.427645300460291,0,"Holly Shelter","Holly Shelter","Holly Shelter1",NA
246,44.6440475907447,1.41307692307692,1,17.3809032440186,32350.0720166057,0,10.9011192321777,10.6417785658165,-Inf,0.427645300460291,0,"Holly Shelter","Holly Shelter","Holly Shelter1",NA
247,44.6440475907447,1.59,1,17.3999996185303,2516.26535005993,0,10.6916751861572,11.0891636815156,-Inf,0.427645300460291,0,"Holly Shelter","Holly Shelter","Holly Shelter1",NA
248,44.6440475907447,1.45863636363636,1,17.7000007629395,30323.4770122294,0,15.6289558410645,6.53255613374278,-Inf,0.427645300460291,0,"Holly Shelter","Holly Shelter","Holly Shelter1",NA
249,44.6440475907447,1.58,1,17.3999996185303,2194.43730697846,0,11.8236093521118,10.0854447838722,-Inf,0.427645300460291,0,"Holly Shelter","Holly Shelter","Holly Shelter1",NA
250,44.6440475907447,1.41307692307692,1,17.3999996185303,32350.0720166057,0,10.2739515304565,12.4936499756011,-Inf,0.427645300460291,0,"Holly Shelter","Holly Shelter","Holly Shelter1",NA
251,44.6440475907447,1.363,1,17.2999439239502,30155.6347096272,0,9.8558874130249,13.1619874590369,-Inf,0.427645300460291,0,"Holly Shelter","Holly Shelter","Holly Shelter1",NA
252,44.6440475907447,1.363,1,17.5070209503174,747.061887366824,0,12.8380432128906,8.10609486024195,-Inf,0.427645300460291,0,"Holly Shelter","Holly Shelter","Holly Shelter1",NA
253,44.6440475907447,1.363,1,17.5491752624512,30155.6347096272,0,13.0853233337402,7.69938500914237,-Inf,0.427645300460291,0,"Holly Shelter","Holly Shelter","Holly Shelter1",NA
254,44.6440475907447,1.44315789473684,1,17.5,30180.2158620319,0,14.775218963623,6.41689515339022,-Inf,0.427645300460291,0,"Holly Shelter","Holly Shelter","Holly Shelter1",NA
256,44.6440475907447,1.363,1,17.2972717285156,30155.6347096272,0,9.82987880706787,13.3196212273301,-Inf,0.427645300460291,0,"Holly Shelter","Holly Shelter","Holly Shelter1",NA
257,44.6440475907447,1.363,1,17.3999996185303,30155.6347096272,0,12.3355016708374,10.5211987973235,4467.8,0.745709983793701,0,"Holly Shelter","Holly Shelter","Holly Shelter1",NA
258,44.6440475907447,1.363,1,17.3999996185303,30155.6347096272,0,11.5814056396484,9.31868957453883,-Inf,0.427645300460291,0,"Holly Shelter","Holly Shelter","Holly Shelter1",NA
259,44.6440475907447,1.53428571428571,1,17.6298904418945,1648.29032608412,0,13.0561151504517,7.95773201673718,-Inf,0.427645300460291,0,"Holly Shelter","Holly Shelter","Holly Shelter1",NA
260,44.6440475907447,1.363,1,17.2000007629395,30155.6347096272,0,9.86229038238525,14.8520060802293,-Inf,0.427645300460291,0,"Holly Shelter","Holly Shelter","Holly Shelter1",NA
261,44.6440475907447,1.363,1,17.2000007629395,30155.6347096272,0,10.1005144119263,15.1792783708058,-Inf,0.427645300460291,0,"Holly Shelter","Holly Shelter","Holly Shelter1",NA
262,44.6440475907447,1.363,1,17.2919769287109,30155.6347096272,0,10.1182403564453,15.9797858326978,-Inf,0.427645300460291,0,"Holly Shelter","Holly Shelter","Holly Shelter1",NA
263,44.6440475907447,1.363,1,17.255241394043,30155.6347096272,0,9.97294044494629,13.9717440812784,-Inf,0.427645300460291,0,"Holly Shelter","Holly Shelter","Holly Shelter1",NA
264,44.6440475907447,1.363,1,17.3000011444092,30155.6347096272,0,10.1758480072021,16.0745724376164,-Inf,0.427645300460291,0,"Holly Shelter","Holly Shelter","Holly Shelter1",NA
265,44.6440475907447,1.58,1,17.3278121948242,2194.43730697846,0,11.7058525085449,9.79773850238342,-Inf,0.427645300460291,0,"Holly Shelter","Holly Shelter","Holly Shelter1",NA
266,44.6440475907447,1.41307692307692,1,17.380880355835,32350.0720166057,0,11.7053327560425,9.18697319012962,-Inf,0.427645300460291,0,"Holly Shelter","Holly Shelter","Holly Shelter1",NA
267,44.6440475907447,1.363,1,17.3000011444092,30155.6347096272,0,10.1605892181396,15.7508141898566,-Inf,0.427645300460291,0,"Holly Shelter","Holly Shelter","Holly Shelter1",NA
268,44.6440475907447,1.363,1,17.200740814209,30155.6347096272,0,9.71842765808105,17.1379761914878,-Inf,0.427645300460291,0,"Holly Shelter","Holly Shelter","Holly Shelter1",NA
269,44.6440475907447,1.363,1,17.2999973297119,30155.6347096272,0,10.0698318481445,12.602348631922,-Inf,0.427645300460291,0,"Holly Shelter","Holly Shelter","Holly Shelter1",NA
271,44.6440475907447,1.42466666666667,1,17.4597320556641,30281.2202843173,0,8.44472217559814,15.8169504716948,4467.8,0.745709983793701,0,"Holly Shelter","Holly Shelter","Holly Shelter1",NA
272,44.6440475907447,1.41307692307692,1,17.4987888336182,32350.0720166057,0,12.4661798477173,8.20054037272719,-Inf,0.427645300460291,0,"Holly Shelter","Holly Shelter","Holly Shelter1",NA
273,44.6440475907447,1.38454545454545,1,17.2086620330811,30960.3963059861,0,10.1689567565918,12.627120491057,-Inf,0.427645300460291,0,"Holly Shelter","Holly Shelter","Holly Shelter1",NA
274,44.6440475907447,1.363,1,17.3171443939209,30155.6347096272,0,10.629955291748,11.183942445389,-Inf,0.427645300460291,0,"Holly Shelter","Holly Shelter","Holly Shelter1",NA
275,44.6440475907447,1.363,1,17.2000007629395,30155.6347096272,0,10.0204782485962,13.5866746291299,-Inf,0.427645300460291,0,"Holly Shelter","Holly Shelter","Holly Shelter1",NA
276,44.6440475907447,1.363,1,17.2000007629395,30155.6347096272,0,9.32216262817383,13.896227653563,-Inf,0.427645300460291,0,"Holly Shelter","Holly Shelter","Holly Shelter1",NA
277,44.6440475907447,1.363,1,17.2000007629395,30155.6347096272,0,9.43492412567139,18.2501713783647,-Inf,0.427645300460291,0,"Holly Shelter","Holly Shelter","Holly Shelter1",NA
278,44.6440475907447,1.548,0,17.7000007629395,88.2881141966716,0,16.5846080780029,6.48931505151719,-Inf,0.427645300460291,0,"Holly Shelter","Holly Shelter","Holly Shelter1",NA
279,44.6440475907447,1.363,1,17.2000007629395,30155.6347096272,0,10.0037393569946,14.297055947066,-Inf,0.427645300460291,0,"Holly Shelter","Holly Shelter","Holly Shelter1",NA
280,44.6440475907447,1.43647058823529,1,17.6910972595215,30314.1711457588,0,14.7863731384277,6.73524825384063,-Inf,0.427645300460291,0,"Holly Shelter","Holly Shelter","Holly Shelter1",NA
281,44.6440475907447,1.58,1,17.3999996185303,2194.43730697846,0,12.2226696014404,8.55252580694596,-Inf,0.427645300460291,0,"Holly Shelter","Holly Shelter","Holly Shelter1",NA
282,44.6440475907447,1.58,1,17.4979991912842,2194.43730697846,0,12.5500707626343,7.84026594234317,-Inf,0.427645300460291,0,"Holly Shelter","Holly Shelter","Holly Shelter1",NA
283,44.6440475907447,1.363,1,17.3134708404541,30155.6347096272,0,9.7459602355957,12.8795788227127,-Inf,0.427645300460291,0,"Holly Shelter","Holly Shelter","Holly Shelter1",NA
284,44.6440475907447,1.363,1,17.2141132354736,30155.6347096272,0,10.0840301513672,13.0886508851313,-Inf,0.427645300460291,0,"Holly Shelter","Holly Shelter","Holly Shelter1",NA
285,44.6440475907447,1.363,1,17.2999992370605,30155.6347096272,0,10.4365119934082,11.7240905612798,-Inf,0.427645300460291,0,"Holly Shelter","Holly Shelter","Holly Shelter1",NA
286,44.6440475907447,1.363,1,17.4943466186523,30155.6347096272,0,11.9420738220215,9.11447105581087,-Inf,0.427645300460291,0,"Holly Shelter","Holly Shelter","Holly Shelter1",NA
287,44.6440475907447,1.363,1,17.2076206207275,30155.6347096272,0,9.51101684570312,13.3575210583633,-Inf,0.427645300460291,0,"Holly Shelter","Holly Shelter","Holly Shelter1",NA
290,44.6440475907447,1.363,1,17.3885307312012,30155.6347096272,0,11.0334043502808,11.04525515534,-Inf,0.427645300460291,0,"Holly Shelter","Holly Shelter","Holly Shelter1",NA
291,44.6440475907447,1.55666666666667,1,17.2000007629395,856.36777439667,0,8.112961769104,15.8716056433024,-Inf,0.427645300460291,0,"Holly Shelter","Holly Shelter","Holly Shelter1",NA
293,44.6440475907447,1.363,1,17.2000007629395,30155.6347096272,0,9.84360122680664,14.3625022894498,-Inf,0.427645300460291,0,"Holly Shelter","Holly Shelter","Holly Shelter1",NA
294,44.6440475907447,1.363,1,17.3999996185303,30155.6347096272,0,9.79947471618652,12.5905996186616,-Inf,0.427645300460291,0,"Holly Shelter","Holly Shelter","Holly Shelter1",NA
295,44.6440475907447,1.363,1,17.2999992370605,30155.6347096272,0,9.85784435272217,13.7182406693547,-Inf,0.427645300460291,0,"Holly Shelter","Holly Shelter","Holly Shelter1",NA
296,44.6440475907447,1.363,1,17.2995624542236,30155.6347096272,0,10.1966247558594,15.8799344414459,-Inf,0.427645300460291,0,"Holly Shelter","Holly Shelter","Holly Shelter1",NA
297,44.6440475907447,1.363,1,17.2000007629395,30155.6347096272,0,10.1636276245117,14.6265884225248,-Inf,0.427645300460291,0,"Holly Shelter","Holly Shelter","Holly Shelter1",NA
298,44.6440475907447,1.363,1,17.3999996185303,30155.6347096272,0,12.3556823730469,10.6995629711958,4467.8,0.745709983793701,0,"Holly Shelter","Holly Shelter","Holly Shelter1",NA
299,44.6440475907447,1.363,1,17.3446235656738,30155.6347096272,0,10.1525106430054,12.6954052751065,-Inf,0.427645300460291,0,"Holly Shelter","Holly Shelter","Holly Shelter1",NA
300,44.6440475907447,1.363,1,17.4235153198242,30155.6347096272,0,11.6309900283813,9.59912839176063,-Inf,0.427645300460291,0,"Holly Shelter","Holly Shelter","Holly Shelter1",NA
301,44.6440475907447,1.41307692307692,1,17.4714813232422,2941.49919434528,0,12.4978065490723,8.4280417867439,-Inf,0.427645300460291,0,"Holly Shelter","Holly Shelter","Holly Shelter1",NA
302,44.6440475907447,1.363,1,17.2000007629395,30155.6347096272,0,9.80910587310791,12.8049706860873,-Inf,0.427645300460291,0,"Holly Shelter","Holly Shelter","Holly Shelter1",NA
303,44.6440475907447,1.363,1,17.4094505310059,30155.6347096272,0,12.5138330459595,9.42449411177087,-Inf,0.427645300460291,0,"Holly Shelter","Holly Shelter","Holly Shelter1",NA
304,44.6440475907447,1.58333333333333,0,17.3062477111816,267.613015738973,0,9.93818092346191,17.7967828893503,-Inf,0.427645300460291,0,"Holly Shelter","Holly Shelter","Holly Shelter1",NA
305,44.6440475907447,1.363,1,17.2000007629395,30155.6347096272,0,9.57081031799316,18.784165704734,-Inf,0.427645300460291,0,"Holly Shelter","Holly Shelter","Holly Shelter1",NA
306,44.6440475907447,1.44315789473684,1,17.671049118042,30280.3522724853,0,15.6497926712036,6.67415272095643,-Inf,0.427645300460291,0,"Holly Shelter","Holly Shelter","Holly Shelter1",NA
307,44.6440475907447,1.363,1,17.2851810455322,30155.6347096272,0,10.0501670837402,12.9180396493248,-Inf,0.427645300460291,0,"Holly Shelter","Holly Shelter","Holly Shelter1",NA
308,44.6440475907447,1.363,1,17.2914009094238,30155.6347096272,0,9.94474124908447,13.4574687243228,-Inf,0.427645300460291,0,"Holly Shelter","Holly Shelter","Holly Shelter1",NA
309,44.6440475907447,1.452,1,17.6752853393555,30297.1369072087,0,13.6723470687866,7.16384691080748,-Inf,0.427645300460291,0,"Holly Shelter","Holly Shelter","Holly Shelter1",NA
310,44.6440475907447,1.363,1,17.3620071411133,30155.6347096272,0,10.6821966171265,11.1171782859748,-Inf,0.427645300460291,0,"Holly Shelter","Holly Shelter","Holly Shelter1",NA
311,44.6440475907447,1.363,1,17.3999996185303,30155.6347096272,0,11.4838705062866,11.7632822967588,-Inf,0.427645300460291,0,"Holly Shelter","Holly Shelter","Holly Shelter1",NA
312,44.6440475907447,1.363,1,17.5121936798096,30155.6347096272,0,13.0807514190674,8.52541549086315,4467.8,0.745709983793701,0,"Holly Shelter","Holly Shelter","Holly Shelter1",NA
313,44.6440475907447,1.363,1,17.3079586029053,30155.6347096272,0,10.2096214294434,14.7230197564412,4467.8,0.745709983793701,0,"Holly Shelter","Holly Shelter","Holly Shelter1",NA
314,44.6440475907447,1.363,1,17.2000007629395,30155.6347096272,0,9.55197906494141,18.5827217648657,-Inf,0.427645300460291,0,"Holly Shelter","Holly Shelter","Holly Shelter1",NA
315,44.6440475907447,1.363,1,17.4211540222168,747.061887366824,0,12.1927261352539,9.15157251281101,-Inf,0.427645300460291,0,"Holly Shelter","Holly Shelter","Holly Shelter1",NA
316,44.6440475907447,1.58,1,17.3999996185303,2194.43730697846,0,11.5413656234741,10.6636227362254,-Inf,0.427645300460291,0,"Holly Shelter","Holly Shelter","Holly Shelter1",NA
317,44.6440475907447,1.59,1,17.468635559082,2516.26535005993,0,10.3465518951416,11.0642312811248,-Inf,0.427645300460291,0,"Holly Shelter","Holly Shelter","Holly Shelter1",NA
320,44.6440475907447,1.548,0,17.4641647338867,163.695800272917,0,9.90928936004639,11.7612432726537,-Inf,0.427645300460291,0,"Holly Shelter","Holly Shelter","Holly Shelter1",NA
321,44.6440475907447,1.41307692307692,1,17.3863658905029,2941.49919434528,0,11.8351020812988,9.42991169094225,-Inf,0.427645300460291,0,"Holly Shelter","Holly Shelter","Holly Shelter1",NA
322,44.6440475907447,1.363,1,17.5,30155.6347096272,0,12.9920320510864,7.56123166769778,-Inf,0.427645300460291,0,"Holly Shelter","Holly Shelter","Holly Shelter1",NA
323,44.6440475907447,1.41307692307692,1,17.3999996185303,32350.0720166057,0,10.1837177276611,12.4535418712543,-Inf,0.427645300460291,0,"Holly Shelter","Holly Shelter","Holly Shelter1",NA
324,44.6440475907447,1.42466666666667,1,17.3383331298828,30282.1511139022,0,10.0508308410645,15.7930754930996,4467.8,0.745709983793701,0,"Holly Shelter","Holly Shelter","Holly Shelter1",NA
325,44.6440475907447,1.363,1,17.2923221588135,30155.6347096272,0,9.85213661193848,13.5239307636157,-Inf,0.427645300460291,0,"Holly Shelter","Holly Shelter","Holly Shelter1",NA
326,44.6440475907447,1.363,1,17.2999992370605,30155.6347096272,0,9.8035717010498,15.5041911475653,4467.8,0.745709983793701,0,"Holly Shelter","Holly Shelter","Holly Shelter1",NA
327,44.6440475907447,1.363,1,17.5,30155.6347096272,0,11.8514280319214,9.7140179135307,-Inf,0.427645300460291,0,"Holly Shelter","Holly Shelter","Holly Shelter1",NA
328,44.6440475907447,1.363,1,17.5,747.061887366824,0,12.1547784805298,9.15798385184954,-Inf,0.427645300460291,0,"Holly Shelter","Holly Shelter","Holly Shelter1",NA
329,44.6440475907447,1.56,1,17.6177940368652,569.188360014188,0,12.6443996429443,8.28785768517928,-Inf,0.427645300460291,0,"Holly Shelter","Holly Shelter","Holly Shelter1",NA
330,44.6440475907447,1.363,1,17.2926921844482,30155.6347096272,0,9.85540771484375,14.1185820774396,-Inf,0.427645300460291,0,"Holly Shelter","Holly Shelter","Holly Shelter1",NA
331,44.6440475907447,1.363,1,17.2065753936768,30155.6347096272,0,10.0040845870972,12.4455232762199,-Inf,0.427645300460291,0,"Holly Shelter","Holly Shelter","Holly Shelter1",NA
332,44.6440475907447,1.45055555555556,1,17.5,32409.1242522131,0,14.1118307113647,7.17627614452034,-Inf,0.427645300460291,0,"Holly Shelter","Holly Shelter","Holly Shelter1",NA
333,44.6440475907447,1.363,1,17.3070659637451,30155.6347096272,0,10.0235586166382,14.4115107774606,4467.8,0.745709983793701,0,"Holly Shelter","Holly Shelter","Holly Shelter1",NA
334,44.6440475907447,1.363,1,17.2000007629395,30155.6347096272,0,9.35018062591553,14.345109268379,-Inf,0.427645300460291,0,"Holly Shelter","Holly Shelter","Holly Shelter1",NA
335,44.6440475907447,1.363,1,17.424430847168,30155.6347096272,0,11.4914054870605,10.0635084444864,-Inf,0.427645300460291,0,"Holly Shelter","Holly Shelter","Holly Shelter1",NA
336,44.6440475907447,1.363,1,17.2000007629395,30155.6347096272,0,9.76510334014893,15.331325199732,-Inf,0.427645300460291,0,"Holly Shelter","Holly Shelter","Holly Shelter1",NA
337,44.6440475907447,1.363,1,17.2986106872559,30155.6347096272,0,9.73956871032715,14.7018995045028,-Inf,0.427645300460291,0,"Holly Shelter","Holly Shelter","Holly Shelter1",NA
338,44.6440475907447,1.38454545454545,1,17.2999992370605,30960.3963059861,0,10.3260278701782,11.7957711293958,-Inf,0.427645300460291,0,"Holly Shelter","Holly Shelter","Holly Shelter1",NA
339,44.6440475907447,1.363,1,17.2999992370605,30155.6347096272,0,9.83882427215576,14.3692514981534,-Inf,0.427645300460291,0,"Holly Shelter","Holly Shelter","Holly Shelter1",NA
340,44.6440475907447,1.41307692307692,1,17.3057136535645,32350.0720166057,0,11.3604955673218,10.1869878609132,-Inf,0.427645300460291,0,"Holly Shelter","Holly Shelter","Holly Shelter1",NA
341,44.6440475907447,1.363,1,17.2000007629395,30155.6347096272,0,9.51817798614502,13.7142496169237,-Inf,0.427645300460291,0,"Holly Shelter","Holly Shelter","Holly Shelter1",NA
342,44.6440475907447,1.363,1,17.2001514434814,30155.6347096272,0,9.51166820526123,13.1545210963843,-Inf,0.427645300460291,0,"Holly Shelter","Holly Shelter","Holly Shelter1",NA
343,44.6440475907447,1.41307692307692,1,17.322395324707,32350.0720166057,0,10.7570915222168,11.096753330321,-Inf,0.427645300460291,0,"Holly Shelter","Holly Shelter","Holly Shelter1",NA
344,44.6440475907447,1.58,1,17.3999996185303,2194.43730697846,0,10.5745429992676,11.9964085293105,-Inf,0.427645300460291,0,"Holly Shelter","Holly Shelter","Holly Shelter1",NA
345,44.6440475907447,1.363,1,17.2999992370605,30155.6347096272,0,10.3431310653687,12.0224965005275,-Inf,0.427645300460291,0,"Holly Shelter","Holly Shelter","Holly Shelter1",NA
346,44.6440475907447,1.363,1,17.2066173553467,30155.6347096272,0,10.0127401351929,13.0747488953284,-Inf,0.427645300460291,0,"Holly Shelter","Holly Shelter","Holly Shelter1",NA
347,44.6440475907447,1.363,1,17.2999992370605,30155.6347096272,0,10.2770519256592,13.6847015630315,4467.8,0.745709983793701,0,"Holly Shelter","Holly Shelter","Holly Shelter1",NA
348,44.6440475907447,1.363,1,17.3681335449219,30155.6347096272,0,10.8359594345093,12.380678282265,4467.8,0.745709983793701,0,"Holly Shelter","Holly Shelter","Holly Shelter1",NA
349,44.6440475907447,1.363,1,17.2000007629395,30155.6347096272,0,9.42714977264404,17.7131771266837,-Inf,0.427645300460291,0,"Holly Shelter","Holly Shelter","Holly Shelter1",NA
350,44.6440475907447,1.38454545454545,1,17.2000007629395,30960.3963059861,0,9.49294185638428,13.5794687321138,-Inf,0.427645300460291,0,"Holly Shelter","Holly Shelter","Holly Shelter1",NA
352,44.6440475907447,1.58,1,17.4000015258789,2194.43730697846,0,10.4195728302002,11.7592347049646,-Inf,0.427645300460291,0,"Holly Shelter","Holly Shelter","Holly Shelter1",NA
353,44.6440475907447,1.363,1,17.3398189544678,30155.6347096272,0,10.9825458526611,10.6864482207728,-Inf,0.427645300460291,0,"Holly Shelter","Holly Shelter","Holly Shelter1",NA
354,44.6440475907447,1.363,1,17.4380340576172,30155.6347096272,0,12.7070274353027,10.2455129637115,4467.8,0.745709983793701,0,"Holly Shelter","Holly Shelter","Holly Shelter1",NA
355,44.6440475907447,1.58,1,17.4062843322754,2194.43730697846,0,12.3984460830688,8.10288818102058,-Inf,0.427645300460291,0,"Holly Shelter","Holly Shelter","Holly Shelter1",NA
357,44.6440475907447,1.56,1,17.603931427002,256.979381603471,0,12.7616376876831,8.48378224035405,-Inf,0.427645300460291,0,"Holly Shelter","Holly Shelter","Holly Shelter1",NA
358,44.6440475907447,1.363,1,17.3972053527832,30155.6347096272,0,10.2770519256592,14.4225107846497,4467.8,0.745709983793701,0,"Holly Shelter","Holly Shelter","Holly Shelter1",NA
359,44.6440475907447,1.62,0,17.5772914886475,13.9688263848533,0,14.713191986084,7.21685647894692,-Inf,0.427645300460291,0,"Holly Shelter","Holly Shelter","Holly Shelter1",NA
360,44.6440475907447,1.363,1,17.3933887481689,30155.6347096272,0,10.2695207595825,12.9383562303693,4467.8,0.745709983793701,0,"Holly Shelter","Holly Shelter","Holly Shelter1",NA
361,44.6440475907447,1.58,1,17.3884696960449,2194.43730697846,0,10.6680660247803,11.4387662726839,-Inf,0.427645300460291,0,"Holly Shelter","Holly Shelter","Holly Shelter1",NA
363,44.6440475907447,1.548,0,17.2308540344238,24.1317964935277,0,9.60708045959473,18.3972016805132,-Inf,0.427645300460291,0,"Holly Shelter","Holly Shelter","Holly Shelter1",NA
364,44.6440475907447,1.363,1,17.2999992370605,30155.6347096272,0,9.82681083679199,14.1357047647088,-Inf,0.427645300460291,0,"Holly Shelter","Holly Shelter","Holly Shelter1",NA
366,44.6440475907447,1.53428571428571,1,17.6589488983154,1960.49930449483,0,13.4839487075806,7.83985970547006,-Inf,0.427645300460291,0,"Holly Shelter","Holly Shelter","Holly Shelter1",NA
367,44.6440475907447,1.363,1,17.2131614685059,30155.6347096272,0,9.96873664855957,16.5491667925896,-Inf,0.427645300460291,0,"Holly Shelter","Holly Shelter","Holly Shelter1",NA
368,44.6440475907447,1.363,1,17.1334629058838,30155.6347096272,0,9.63100051879883,14.8090376397433,-Inf,0.427645300460291,0,"Holly Shelter","Holly Shelter","Holly Shelter1",NA
370,44.6440475907447,1.363,1,17.2999992370605,30155.6347096272,0,11.337176322937,10.1992714774715,-Inf,0.427645300460291,0,"Holly Shelter","Holly Shelter","Holly Shelter1",NA
371,44.6440475907447,1.38454545454545,1,17.2999992370605,30960.3963059861,0,10.481969833374,11.5780892814146,-Inf,0.427645300460291,0,"Holly Shelter","Holly Shelter","Holly Shelter1",NA
372,44.6440475907447,1.62,0,17.4016571044922,321.828043081472,0,11.0333395004272,10.8670392506259,-Inf,0.427645300460291,0,"Holly Shelter","Holly Shelter","Holly Shelter1",NA
373,44.6440475907447,1.363,1,17.14866065979,30155.6347096272,0,9.33026695251465,14.6309216948983,-Inf,0.427645300460291,0,"Holly Shelter","Holly Shelter","Holly Shelter1",NA
374,44.6440475907447,1.363,1,17.2999992370605,30155.6347096272,0,10.2323904037476,12.3593274529991,-Inf,0.427645300460291,0,"Holly Shelter","Holly Shelter","Holly Shelter1",NA
375,44.6440475907447,1.58333333333333,0,17.2999992370605,267.613015738973,0,9.44312572479248,17.9362852167935,-Inf,0.427645300460291,0,"Holly Shelter","Holly Shelter","Holly Shelter1",NA
376,44.6440475907447,1.363,1,17.2611808776855,30155.6347096272,0,9.66411685943604,17.7855421125742,-Inf,0.427645300460291,0,"Holly Shelter","Holly Shelter","Holly Shelter1",NA
377,44.6440475907447,1.363,1,17.3999996185303,30155.6347096272,0,12.4200468063354,10.6273784885262,-Inf,0.427645300460291,0,"Holly Shelter","Holly Shelter","Holly Shelter1",NA
378,44.6440475907447,1.363,1,17.5001106262207,30155.6347096272,0,14.8105278015137,7.0153616353717,-Inf,0.427645300460291,0,"Holly Shelter","Holly Shelter","Holly Shelter1",NA
379,44.6440475907447,1.42466666666667,1,17.7000007629395,30243.9228238239,0,14.8509244918823,6.80099181114212,-Inf,0.427645300460291,0,"Holly Shelter","Holly Shelter","Holly Shelter1",NA
380,44.6440475907447,1.41307692307692,1,17.3753814697266,32350.0720166057,0,12.0043182373047,9.0306806647326,-Inf,0.427645300460291,0,"Holly Shelter","Holly Shelter","Holly Shelter1",NA
381,44.6440475907447,1.363,1,17.2000007629395,30155.6347096272,0,9.64552307128906,17.4486965193381,-Inf,0.427645300460291,0,"Holly Shelter","Holly Shelter","Holly Shelter1",NA
382,44.6440475907447,1.42466666666667,1,17.2301082611084,30291.5249481173,0,9.72818946838379,16.2891403991697,-Inf,0.427645300460291,0,"Holly Shelter","Holly Shelter","Holly Shelter1",NA
383,44.6440475907447,1.58,1,17.3247604370117,2194.43730697846,0,10.8270540237427,11.4075193182869,-Inf,0.427645300460291,0,"Holly Shelter","Holly Shelter","Holly Shelter1",NA
384,44.6440475907447,1.363,1,17.2847995758057,30155.6347096272,0,9.87379169464111,12.9898552929323,-Inf,0.427645300460291,0,"Holly Shelter","Holly Shelter","Holly Shelter1",NA
385,44.6440475907447,1.363,1,17.499605178833,30155.6347096272,0,12.9940319061279,8.38810247551973,-Inf,0.427645300460291,0,"Holly Shelter","Holly Shelter","Holly Shelter1",NA
386,44.6440475907447,1.58,1,17.4000015258789,2194.43730697846,0,11.5300636291504,10.2802477273874,-Inf,0.427645300460291,0,"Holly Shelter","Holly Shelter","Holly Shelter1",NA
387,44.6440475907447,1.41307692307692,1,17.4971332550049,2941.49919434528,0,12.4670572280884,8.05605794262413,-Inf,0.427645300460291,0,"Holly Shelter","Holly Shelter","Holly Shelter1",NA
388,44.6440475907447,1.363,1,17.2000007629395,30155.6347096272,0,9.720458984375,15.0741755677014,-Inf,0.427645300460291,0,"Holly Shelter","Holly Shelter","Holly Shelter1",NA
390,44.6440475907447,1.363,1,17.2000007629395,30155.6347096272,0,9.89896297454834,14.7541065772073,-Inf,0.427645300460291,0,"Holly Shelter","Holly Shelter","Holly Shelter1",NA
391,44.6440475907447,1.41307692307692,1,17.3000011444092,32350.0720166057,0,11.4725122451782,9.73896397736687,-Inf,0.427645300460291,0,"Holly Shelter","Holly Shelter","Holly Shelter1",NA
392,44.6440475907447,1.363,1,17.3026142120361,30155.6347096272,0,10.1343688964844,13.4198224876587,4467.8,0.745709983793701,0,"Holly Shelter","Holly Shelter","Holly Shelter1",NA
393,44.6440475907447,1.363,1,17.3999996185303,30155.6347096272,0,10.7443265914917,14.0652089368019,4467.8,0.745709983793701,0,"Holly Shelter","Holly Shelter","Holly Shelter1",NA
394,44.6440475907447,1.41307692307692,1,17.2999992370605,32350.0720166057,0,10.5373306274414,11.7586513446853,-Inf,0.427645300460291,0,"Holly Shelter","Holly Shelter","Holly Shelter1",NA
395,44.6440475907447,1.363,1,17.212251663208,30155.6347096272,0,9.91141223907471,12.721065308604,-Inf,0.427645300460291,0,"Holly Shelter","Holly Shelter","Holly Shelter1",NA
396,44.6440475907447,1.548,0,17.1999988555908,135.890238490035,0,10.1297397613525,16.1155275328384,-Inf,0.427645300460291,0,"Holly Shelter","Holly Shelter","Holly Shelter1",NA
397,44.6440475907447,1.363,1,17.2000007629395,30155.6347096272,0,9.73354244232178,14.5395831389795,-Inf,0.427645300460291,0,"Holly Shelter","Holly Shelter","Holly Shelter1",NA
399,44.6440475907447,1.363,1,17.2000007629395,30155.6347096272,0,9.77627658843994,13.6176878954016,-Inf,0.427645300460291,0,"Holly Shelter","Holly Shelter","Holly Shelter1",NA
400,44.6440475907447,1.363,1,17.200174331665,30155.6347096272,0,9.58499145507812,13.7658083573817,-Inf,0.427645300460291,0,"Holly Shelter","Holly Shelter","Holly Shelter1",NA
401,44.6440475907447,1.363,1,17.3281764984131,30155.6347096272,0,10.2733144760132,15.3497794314694,4467.8,0.745709983793701,0,"Holly Shelter","Holly Shelter","Holly Shelter1",NA
402,44.6440475907447,1.363,1,17.1048526763916,30155.6347096272,0,9.40047454833984,14.4649423444884,-Inf,0.427645300460291,0,"Holly Shelter","Holly Shelter","Holly Shelter1",NA
403,44.6440475907447,1.363,1,17.2000007629395,30155.6347096272,0,9.78414535522461,14.0987840092648,-Inf,0.427645300460291,0,"Holly Shelter","Holly Shelter","Holly Shelter1",NA
405,44.6440475907447,1.363,1,17.1654319763184,30155.6347096272,0,9.95300102233887,15.3835647593046,-Inf,0.427645300460291,0,"Holly Shelter","Holly Shelter","Holly Shelter1",NA
406,44.6440475907447,1.41307692307692,1,17.3776683807373,32350.0720166057,0,10.7871541976929,11.1084489613906,-Inf,0.427645300460291,0,"Holly Shelter","Holly Shelter","Holly Shelter1",NA
407,44.6440475907447,1.42,1,17.695291519165,30196.5505991137,0,14.5721006393433,6.83788492139803,-Inf,0.427645300460291,0,"Holly Shelter","Holly Shelter","Holly Shelter1",NA
408,44.6440475907447,1.62,0,17.3999977111816,321.828043081472,0,10.9280939102173,10.5688385310172,-Inf,0.427645300460291,0,"Holly Shelter","Holly Shelter","Holly Shelter1",NA
409,44.6440475907447,1.548,0,17.650463104248,119.290058186334,0,11.2794981002808,9.55848355382656,-Inf,0.427645300460291,0,"Holly Shelter","Holly Shelter","Holly Shelter1",NA
410,44.6440475907447,1.548,0,17.5025081634521,16.460761559711,0,12.552939414978,8.71136268161037,-Inf,0.427645300460291,0,"Holly Shelter","Holly Shelter","Holly Shelter1",NA
411,44.6440475907447,1.363,1,17.2335262298584,30155.6347096272,0,10.1692342758179,12.7247145249791,-Inf,0.427645300460291,0,"Holly Shelter","Holly Shelter","Holly Shelter1",NA
412,44.6440475907447,1.58,1,17.7000007629395,122.106987470172,0,15.9127054214478,5.99914356330621,-Inf,0.427645300460291,0,"Holly Shelter","Holly Shelter","Holly Shelter1",NA
413,44.6440475907447,1.445625,1,17.4029903411865,30317.8705153632,0,8.55512523651123,15.6724659165403,4467.8,0.745709983793701,0,"Holly Shelter","Holly Shelter","Holly Shelter1",NA
414,44.6440475907447,1.363,1,17.3999805450439,30155.6347096272,0,11.0125904083252,11.1438045958827,-Inf,0.427645300460291,0,"Holly Shelter","Holly Shelter","Holly Shelter1",NA
416,44.6440475907447,1.56,1,17.5,2253.48954258592,0,12.6356019973755,7.59389615782252,-Inf,0.427645300460291,0,"Holly Shelter","Holly Shelter","Holly Shelter1",NA
417,44.6440475907447,1.363,1,17.4579029083252,30155.6347096272,0,10.5300617218018,14.5623719924606,4467.8,0.745709983793701,0,"Holly Shelter","Holly Shelter","Holly Shelter1",NA
418,44.6440475907447,1.363,1,17.3466148376465,30155.6347096272,0,10.8686695098877,13.1871278760838,4467.8,0.745709983793701,0,"Holly Shelter","Holly Shelter","Holly Shelter1",NA
419,44.6440475907447,1.58,1,17.4109001159668,2194.43730697846,0,12.3440980911255,8.36786385241574,-Inf,0.427645300460291,0,"Holly Shelter","Holly Shelter","Holly Shelter1",NA
421,44.6440475907447,1.38454545454545,1,17.2000007629395,30960.3963059861,0,9.69096088409424,13.2614553584476,-Inf,0.427645300460291,0,"Holly Shelter","Holly Shelter","Holly Shelter1",NA
422,44.6440475907447,1.363,1,17.4191360473633,30155.6347096272,0,12.8013191223145,9.14089283808569,-Inf,0.427645300460291,0,"Holly Shelter","Holly Shelter","Holly Shelter1",NA
423,44.6440475907447,1.363,1,17.3999996185303,30155.6347096272,0,11.2396745681763,10.6119969747491,-Inf,0.427645300460291,0,"Holly Shelter","Holly Shelter","Holly Shelter1",NA
424,44.6440475907447,1.59,1,17.4000015258789,2516.26535005993,0,10.7060317993164,11.6054525548708,-Inf,0.427645300460291,0,"Holly Shelter","Holly Shelter","Holly Shelter1",NA
425,44.6440475907447,1.45055555555556,1,17.5,32409.1242522131,0,13.2189874649048,7.42587857245073,-Inf,0.427645300460291,0,"Holly Shelter","Holly Shelter","Holly Shelter1",NA
427,44.6440475907447,1.363,1,17.5,30155.6347096272,0,12.0457963943481,8.51861766356398,-Inf,0.427645300460291,0,"Holly Shelter","Holly Shelter","Holly Shelter1",NA
428,44.6440475907447,1.363,1,17.2000007629395,30155.6347096272,0,9.38193702697754,18.0480840695435,-Inf,0.427645300460291,0,"Holly Shelter","Holly Shelter","Holly Shelter1",NA
429,44.6440475907447,1.363,1,17.6055545806885,30155.6347096272,0,14.1720342636108,7.04517138089698,-Inf,0.427645300460291,0,"Holly Shelter","Holly Shelter","Holly Shelter1",NA
430,44.6440475907447,1.363,1,17.2999992370605,30155.6347096272,0,9.680006980896,13.821626608995,-Inf,0.427645300460291,0,"Holly Shelter","Holly Shelter","Holly Shelter1",NA
431,44.6440475907447,1.363,1,17.2450141906738,30155.6347096272,0,9.81062507629395,14.2704544476781,-Inf,0.427645300460291,0,"Holly Shelter","Holly Shelter","Holly Shelter1",NA
432,44.6440475907447,1.363,1,17.5,747.061887366824,0,12.3799591064453,8.95202155390669,-Inf,0.427645300460291,0,"Holly Shelter","Holly Shelter","Holly Shelter1",NA
434,44.6440475907447,1.58,1,17.3804492950439,2194.43730697846,0,11.7264318466187,9.88279357413126,-Inf,0.427645300460291,0,"Holly Shelter","Holly Shelter","Holly Shelter1",NA
435,44.6440475907447,1.363,1,17.2000007629395,30155.6347096272,0,10.1166534423828,14.2797198237304,-Inf,0.427645300460291,0,"Holly Shelter","Holly Shelter","Holly Shelter1",NA
436,44.6440475907447,1.42466666666667,1,17.7095260620117,30243.9228238239,0,15.4473276138306,6.29177706155469,-Inf,0.427645300460291,0,"Holly Shelter","Holly Shelter","Holly Shelter1",NA
437,44.6440475907447,1.363,1,17.191219329834,30155.6347096272,0,9.60474681854248,15.0208109222433,-Inf,0.427645300460291,0,"Holly Shelter","Holly Shelter","Holly Shelter1",NA
438,44.6440475907447,1.58571428571429,1,17.2748737335205,844.936510828822,0,8.06379795074463,15.7511657701238,-Inf,0.427645300460291,0,"Holly Shelter","Holly Shelter","Holly Shelter1",NA
439,44.6440475907447,1.363,1,17.2021675109863,30155.6347096272,0,9.57299518585205,17.4837333896195,-Inf,0.427645300460291,0,"Holly Shelter","Holly Shelter","Holly Shelter1",NA
440,44.6440475907447,1.42466666666667,1,17.2527904510498,30291.5249481173,0,10.0748834609985,14.5081287401447,-Inf,0.427645300460291,0,"Holly Shelter","Holly Shelter","Holly Shelter1",NA
441,44.6440475907447,1.58,1,17.3999996185303,2194.43730697846,0,11.0646705627441,10.7468591204768,-Inf,0.427645300460291,0,"Holly Shelter","Holly Shelter","Holly Shelter1",NA
442,44.6440475907447,1.363,1,17.2612438201904,30155.6347096272,0,9.91102981567383,13.6552880499091,-Inf,0.427645300460291,0,"Holly Shelter","Holly Shelter","Holly Shelter1",NA
443,44.6440475907447,1.363,1,17.2000007629395,30155.6347096272,0,9.66951560974121,14.0362454739407,-Inf,0.427645300460291,0,"Holly Shelter","Holly Shelter","Holly Shelter1",NA
444,44.6440475907447,1.363,1,17.8000011444092,30155.6347096272,0,15.3406238555908,5.99302395084847,-Inf,0.427645300460291,0,"Holly Shelter","Holly Shelter","Holly Shelter1",NA
445,44.6440475907447,1.58,1,17.4993324279785,2194.43730697846,0,12.7501497268677,7.72925439130571,-Inf,0.427645300460291,0,"Holly Shelter","Holly Shelter","Holly Shelter1",NA
446,44.6440475907447,1.363,1,17.3460102081299,30155.6347096272,0,9.76033020019531,12.6120090054116,-Inf,0.427645300460291,0,"Holly Shelter","Holly Shelter","Holly Shelter1",NA
448,44.6440475907447,1.363,1,17.2999992370605,30155.6347096272,0,10.2324323654175,14.3219913262379,4467.8,0.745709983793701,0,"Holly Shelter","Holly Shelter","Holly Shelter1",NA
449,44.6440475907447,1.38454545454545,1,17.3674488067627,30960.3963059861,0,10.6019535064697,11.1962767756916,-Inf,0.427645300460291,0,"Holly Shelter","Holly Shelter","Holly Shelter1",NA
450,44.6440475907447,1.363,1,17.301685333252,30155.6347096272,0,10.2601909637451,13.2532718316398,4467.8,0.745709983793701,0,"Holly Shelter","Holly Shelter","Holly Shelter1",NA
451,44.6440475907447,1.58,1,17.4373664855957,2194.43730697846,0,11.7969408035278,10.1712458897627,-Inf,0.427645300460291,0,"Holly Shelter","Holly Shelter","Holly Shelter1",NA
453,44.6440475907447,1.6,1,17.2999992370605,804.761596358855,0,8.67245101928711,14.7017200251684,-Inf,0.427645300460291,0,"Holly Shelter","Holly Shelter","Holly Shelter1",NA
454,44.6440475907447,1.548,0,17.2166862487793,135.890238490035,0,10.2543821334839,14.9385532554146,-Inf,0.427645300460291,0,"Holly Shelter","Holly Shelter","Holly Shelter1",NA
455,44.6440475907447,1.6,1,17.2759971618652,804.761596358855,0,8.16140747070312,15.4499823794508,-Inf,0.427645300460291,0,"Holly Shelter","Holly Shelter","Holly Shelter1",NA
456,44.6440475907447,1.46411764705882,1,17.5,30278.9350151365,0,10.8222131729126,15.469648715443,4467.8,0.745709983793701,0,"Holly Shelter","Holly Shelter","Holly Shelter1",NA
457,44.6440475907447,1.363,1,17.5,30155.6347096272,0,12.9060611724854,8.08192572864573,-Inf,0.427645300460291,0,"Holly Shelter","Holly Shelter","Holly Shelter1",NA
458,44.6440475907447,1.363,1,17.2999992370605,30155.6347096272,0,10.6472263336182,11.4428809347462,-Inf,0.427645300460291,0,"Holly Shelter","Holly Shelter","Holly Shelter1",NA
459,44.6440475907447,1.76,0,17.2999992370605,64.0871443133374,0,10.0927896499634,17.8802806008636,-Inf,0.427645300460291,0,"Holly Shelter","Holly Shelter","Holly Shelter1",NA
460,44.6440475907447,1.58,1,17.3999996185303,2194.43730697846,0,11.6245956420898,10.6704804144167,-Inf,0.427645300460291,0,"Holly Shelter","Holly Shelter","Holly Shelter1",NA
461,44.6440475907447,1.363,1,17.2999992370605,30155.6347096272,0,10.2372312545776,12.3993099889552,-Inf,0.427645300460291,0,"Holly Shelter","Holly Shelter","Holly Shelter1",NA
462,44.6440475907447,1.363,1,17.2999992370605,30155.6347096272,0,9.67070293426514,13.6873702218134,-Inf,0.427645300460291,0,"Holly Shelter","Holly Shelter","Holly Shelter1",NA
463,44.6440475907447,1.363,1,17.2000007629395,30155.6347096272,0,9.77960109710693,13.7321450671987,-Inf,0.427645300460291,0,"Holly Shelter","Holly Shelter","Holly Shelter1",NA
464,44.6440475907447,1.363,1,17.3999996185303,30155.6347096272,0,12.2221021652222,11.2889407668547,4467.8,0.745709983793701,0,"Holly Shelter","Holly Shelter","Holly Shelter1",NA
465,44.6440475907447,1.363,1,17.3999996185303,30155.6347096272,0,11.2474956512451,10.4625400373738,-Inf,0.427645300460291,0,"Holly Shelter","Holly Shelter","Holly Shelter1",NA
466,44.6440475907447,1.4555,1,17.5,1101.85207062324,0,12.2520933151245,8.78563430794897,-Inf,0.427645300460291,0,"Holly Shelter","Holly Shelter","Holly Shelter1",NA
468,44.6440475907447,1.363,1,17.2999992370605,30155.6347096272,0,9.86289215087891,14.0073352364234,-Inf,0.427645300460291,0,"Holly Shelter","Holly Shelter","Holly Shelter1",NA
469,44.6440475907447,1.6,1,17.2772617340088,804.761596358855,0,8.64896774291992,15.2656687880403,-Inf,0.427645300460291,0,"Holly Shelter","Holly Shelter","Holly Shelter1",NA
470,44.6440475907447,1.363,1,17.3369617462158,30155.6347096272,0,10.7296810150146,12.2333650763422,-Inf,0.427645300460291,0,"Holly Shelter","Holly Shelter","Holly Shelter1",NA
471,44.6440475907447,1.58,1,17.3999996185303,2194.43730697846,0,11.0922975540161,10.4820341760586,-Inf,0.427645300460291,0,"Holly Shelter","Holly Shelter","Holly Shelter1",NA
472,44.6440475907447,1.548,0,17.5,324.740267379333,0,12.625057220459,8.33752970234167,-Inf,0.427645300460291,0,"Holly Shelter","Holly Shelter","Holly Shelter1",NA
473,44.6440475907447,1.363,1,17.3436508178711,30155.6347096272,0,10.0673999786377,12.9480420442536,-Inf,0.427645300460291,0,"Holly Shelter","Holly Shelter","Holly Shelter1",NA
474,44.6440475907447,1.363,1,17.2749767303467,30155.6347096272,0,9.9174165725708,13.0626960233491,-Inf,0.427645300460291,0,"Holly Shelter","Holly Shelter","Holly Shelter1",NA
475,44.6440475907447,1.363,1,17.2999973297119,30155.6347096272,0,9.74544429779053,16.7774083789692,-Inf,0.427645300460291,0,"Holly Shelter","Holly Shelter","Holly Shelter1",NA
476,44.6440475907447,1.363,1,17.6258430480957,30155.6347096272,0,12.9587535858154,7.53200121532947,-Inf,0.427645300460291,0,"Holly Shelter","Holly Shelter","Holly Shelter1",NA
477,44.6440475907447,1.363,1,17.269926071167,30155.6347096272,0,9.43704319000244,17.50324958633,-Inf,0.427645300460291,0,"Holly Shelter","Holly Shelter","Holly Shelter1",NA
478,44.6440475907447,1.38454545454545,1,17.2505683898926,30960.3963059861,0,8.98563289642334,14.176377031119,-Inf,0.427645300460291,0,"Holly Shelter","Holly Shelter","Holly Shelter1",NA
480,44.6440475907447,1.42466666666667,1,17.6225471496582,30480.3749770066,0,13.7299880981445,7.81869928404249,-Inf,0.427645300460291,0,"Holly Shelter","Holly Shelter","Holly Shelter1",NA
481,44.6440475907447,1.548,0,17.2071762084961,51.6061780378151,0,9.32051277160645,15.9585027768652,-Inf,0.427645300460291,0,"Holly Shelter","Holly Shelter","Holly Shelter1",NA
482,44.6440475907447,1.363,1,17.5,30155.6347096272,0,11.7263793945312,9.5644164052641,-Inf,0.427645300460291,0,"Holly Shelter","Holly Shelter","Holly Shelter1",NA
483,44.6440475907447,1.363,1,17.2619819641113,30155.6347096272,0,10.0528078079224,12.7761328566092,-Inf,0.427645300460291,0,"Holly Shelter","Holly Shelter","Holly Shelter1",NA
485,44.6440475907447,1.53222222222222,0,17.533899307251,31.0886151420548,0,12.2561845779419,8.86054054549541,-Inf,0.427645300460291,0,"Holly Shelter","Holly Shelter","Holly Shelter1",NA
486,44.6440475907447,1.363,1,17.4999980926514,30155.6347096272,0,10.3277673721313,14.7327064246128,4467.8,0.745709983793701,0,"Holly Shelter","Holly Shelter","Holly Shelter1",NA
487,44.6440475907447,1.363,1,17.2999992370605,30155.6347096272,0,9.91197299957275,12.8527814417595,-Inf,0.427645300460291,0,"Holly Shelter","Holly Shelter","Holly Shelter1",NA
488,44.6440475907447,1.363,1,17.2999992370605,30155.6347096272,0,9.69154357910156,17.0860026314305,-Inf,0.427645300460291,0,"Holly Shelter","Holly Shelter","Holly Shelter1",NA
489,44.6440475907447,1.363,1,17.3999996185303,30155.6347096272,0,12.7559928894043,8.82535511389376,-Inf,0.427645300460291,0,"Holly Shelter","Holly Shelter","Holly Shelter1",NA
490,44.6440475907447,1.62,0,17.4253883361816,321.828043081472,0,10.9810228347778,10.4900582138964,-Inf,0.427645300460291,0,"Holly Shelter","Holly Shelter","Holly Shelter1",NA
491,44.6440475907447,1.59,1,17.3969745635986,2516.26535005993,0,10.9079036712646,11.296377635977,-Inf,0.427645300460291,0,"Holly Shelter","Holly Shelter","Holly Shelter1",NA
492,44.6440475907447,1.4555,1,17.564338684082,1101.85207062324,0,12.6689043045044,8.28807839241876,-Inf,0.427645300460291,0,"Holly Shelter","Holly Shelter","Holly Shelter1",NA
493,44.6440475907447,1.40571428571429,1,17.7996368408203,30272.8892696208,0,15.1109790802002,6.48634031514723,-Inf,0.427645300460291,0,"Holly Shelter","Holly Shelter","Holly Shelter1",NA
494,44.6440475907447,1.548,0,17.2000007629395,135.890238490035,0,9.90203952789307,16.214544868249,-Inf,0.427645300460291,0,"Holly Shelter","Holly Shelter","Holly Shelter1",NA
495,44.6440475907447,1.38454545454545,1,17.2985553741455,30960.3963059861,0,10.154504776001,12.4585576110151,-Inf,0.427645300460291,0,"Holly Shelter","Holly Shelter","Holly Shelter1",NA
496,44.6440475907447,1.38454545454545,1,17.30881690979,30960.3963059861,0,11.255331993103,10.3077126759398,-Inf,0.427645300460291,0,"Holly Shelter","Holly Shelter","Holly Shelter1",NA
497,44.6440475907447,1.363,1,17.2000007629395,30155.6347096272,0,9.75756454467773,16.4895866250893,-Inf,0.427645300460291,0,"Holly Shelter","Holly Shelter","Holly Shelter1",NA
499,44.6440475907447,1.62,0,17.4412689208984,16.8033694782744,0,11.616455078125,9.86994306280089,-Inf,0.427645300460291,0,"Holly Shelter","Holly Shelter","Holly Shelter1",NA
500,44.6440475907447,1.41307692307692,1,17.3999996185303,32350.0720166057,0,12.2118921279907,8.73044145632006,-Inf,0.427645300460291,0,"Holly Shelter","Holly Shelter","Holly Shelter1",NA
501,44.6440475907447,1.363,1,17.2999992370605,30155.6347096272,0,10.0780754089355,12.3856179982717,-Inf,0.427645300460291,0,"Holly Shelter","Holly Shelter","Holly Shelter1",NA
502,44.6440475907447,1.363,1,17.4933185577393,30155.6347096272,0,11.8164300918579,9.08008605756084,-Inf,0.427645300460291,0,"Holly Shelter","Holly Shelter","Holly Shelter1",NA
505,44.6440475907447,1.363,1,17.3303470611572,30155.6347096272,0,10.7183322906494,12.6528571372514,-Inf,0.427645300460291,0,"Holly Shelter","Holly Shelter","Holly Shelter1",NA
506,44.6440475907447,1.363,1,17.2000007629395,30155.6347096272,0,9.55372428894043,17.8325244761618,-Inf,0.427645300460291,0,"Holly Shelter","Holly Shelter","Holly Shelter1",NA
507,44.6440475907447,1.42466666666667,1,17.7000007629395,30243.9228238239,0,14.5405168533325,6.76073043686962,-Inf,0.427645300460291,0,"Holly Shelter","Holly Shelter","Holly Shelter1",NA
508,44.6440475907447,1.363,1,17.4000015258789,30155.6347096272,0,11.7118787765503,12.102155599221,4467.8,0.745709983793701,0,"Holly Shelter","Holly Shelter","Holly Shelter1",NA
509,44.6440475907447,1.363,1,17.4373207092285,30155.6347096272,0,10.3474225997925,14.5889560385227,4467.8,0.745709983793701,0,"Holly Shelter","Holly Shelter","Holly Shelter1",NA
510,44.6440475907447,1.41307692307692,1,17.3999977111816,32350.0720166057,0,10.3227167129517,12.3006086774394,-Inf,0.427645300460291,0,"Holly Shelter","Holly Shelter","Holly Shelter1",NA
511,44.6440475907447,1.42466666666667,1,17.5924224853516,1071.80215474616,0,12.8526258468628,8.00979258928884,-Inf,0.427645300460291,0,"Holly Shelter","Holly Shelter","Holly Shelter1",NA
512,44.6440475907447,1.363,1,17.3999996185303,30155.6347096272,0,12.5625085830688,10.6890188238034,4467.8,0.745709983793701,0,"Holly Shelter","Holly Shelter","Holly Shelter1",NA
513,44.6440475907447,1.548,0,17.3920097351074,24.8216221898483,0,8.94749450683594,19.3357424817637,-Inf,0.427645300460291,0,"Holly Shelter","Holly Shelter","Holly Shelter1",NA
514,44.6440475907447,1.445625,1,17.4998550415039,30286.3768121452,0,10.0176982879639,15.2753088357755,4467.8,0.745709983793701,0,"Holly Shelter","Holly Shelter","Holly Shelter1",NA
515,44.6440475907447,1.363,1,17.2999992370605,30155.6347096272,0,9.64461040496826,12.8956317792032,-Inf,0.427645300460291,0,"Holly Shelter","Holly Shelter","Holly Shelter1",NA
516,44.6440475907447,1.363,1,17.2000007629395,30155.6347096272,0,10.0187358856201,14.7385749182273,-Inf,0.427645300460291,0,"Holly Shelter","Holly Shelter","Holly Shelter1",NA
517,44.6440475907447,1.42466666666667,1,17.2148113250732,30291.5249481173,0,9.98359298706055,15.1750197017847,-Inf,0.427645300460291,0,"Holly Shelter","Holly Shelter","Holly Shelter1",NA
519,44.6440475907447,1.363,1,17.2000007629395,30155.6347096272,0,9.25848293304443,14.1031982151346,-Inf,0.427645300460291,0,"Holly Shelter","Holly Shelter","Holly Shelter1",NA
520,44.6440475907447,1.363,1,17.2000007629395,30155.6347096272,0,10.0575866699219,13.9193637939527,-Inf,0.427645300460291,0,"Holly Shelter","Holly Shelter","Holly Shelter1",NA
521,44.6440475907447,1.363,1,17.5,30155.6347096272,0,12.6049604415894,8.14887618352191,-Inf,0.427645300460291,0,"Holly Shelter","Holly Shelter","Holly Shelter1",NA
522,44.6440475907447,1.56,0,17.4357833862305,180.499169751192,0,11.6880483627319,9.85026254959594,-Inf,0.427645300460291,0,"Holly Shelter","Holly Shelter","Holly Shelter1",NA
523,44.6440475907447,1.363,1,17.3999996185303,30155.6347096272,0,12.0849180221558,11.50996906961,4467.8,0.745709983793701,0,"Holly Shelter","Holly Shelter","Holly Shelter1",NA
524,44.6440475907447,1.363,1,17.2999992370605,30155.6347096272,0,8.57196998596191,15.2058415621744,-Inf,0.427645300460291,0,"Holly Shelter","Holly Shelter","Holly Shelter1",NA
525,44.6440475907447,1.44315789473684,1,17.6000003814697,1082.50690467744,0,13.176628112793,7.85783313472365,-Inf,0.427645300460291,0,"Holly Shelter","Holly Shelter","Holly Shelter1",NA
526,44.6440475907447,1.363,1,17.3999996185303,30155.6347096272,0,10.0751352310181,12.5341014975797,-Inf,0.427645300460291,0,"Holly Shelter","Holly Shelter","Holly Shelter1",NA
527,44.6440475907447,1.363,1,17.4888191223145,30155.6347096272,0,12.8494329452515,9.35095667792569,4467.8,0.745709983793701,0,"Holly Shelter","Holly Shelter","Holly Shelter1",NA
528,44.6440475907447,1.38454545454545,1,17.2999992370605,30960.3963059861,0,10.2968730926514,12.1564298386455,-Inf,0.427645300460291,0,"Holly Shelter","Holly Shelter","Holly Shelter1",NA
529,44.6440475907447,1.58,1,17.3999996185303,2194.43730697846,0,11.724817276001,10.4357323118633,-Inf,0.427645300460291,0,"Holly Shelter","Holly Shelter","Holly Shelter1",NA
530,44.6440475907447,1.45055555555556,1,17.5,2958.60762170898,0,12.6894216537476,7.9161835016619,-Inf,0.427645300460291,0,"Holly Shelter","Holly Shelter","Holly Shelter1",NA
531,44.6440475907447,1.363,1,17.8000011444092,30155.6347096272,0,15.4401607513428,5.84571538323736,-Inf,0.427645300460291,0,"Holly Shelter","Holly Shelter","Holly Shelter1",NA
532,44.6440475907447,1.363,1,17.3746681213379,30155.6347096272,0,10.34144115448,13.9803683055906,4467.8,0.745709983793701,0,"Holly Shelter","Holly Shelter","Holly Shelter1",NA
533,44.6440475907447,1.548,0,17.5,30.0499158770789,0,12.2204599380493,9.05035895811868,-Inf,0.427645300460291,0,"Holly Shelter","Holly Shelter","Holly Shelter1",NA
534,44.6440475907447,1.363,1,17.316427230835,30155.6347096272,0,9.84843254089355,15.0267320073383,4467.8,0.745709983793701,0,"Holly Shelter","Holly Shelter","Holly Shelter1",NA
535,44.6440475907447,1.4735,1,17.5,1089.6504203333,0,13.6536197662354,7.6290228989316,-Inf,0.427645300460291,0,"Holly Shelter","Holly Shelter","Holly Shelter1",NA
536,44.6440475907447,1.548,0,17.5951309204102,324.740267379333,0,12.8150949478149,8.24339008944533,-Inf,0.427645300460291,0,"Holly Shelter","Holly Shelter","Holly Shelter1",NA
538,44.6440475907447,1.58,1,17.3924331665039,2194.43730697846,0,10.5007982254028,11.9645644540639,-Inf,0.427645300460291,0,"Holly Shelter","Holly Shelter","Holly Shelter1",NA
540,44.6440475907447,1.363,1,17.6898765563965,30155.6347096272,0,13.5376653671265,7.32140477480932,-Inf,0.427645300460291,0,"Holly Shelter","Holly Shelter","Holly Shelter1",NA
541,44.6440475907447,1.548,0,17.2000007629395,135.890238490035,0,10.2449893951416,15.6599147192179,-Inf,0.427645300460291,0,"Holly Shelter","Holly Shelter","Holly Shelter1",NA
542,44.6440475907447,1.363,1,17.3999996185303,30155.6347096272,0,12.1966209411621,10.9915093773824,4467.8,0.745709983793701,0,"Holly Shelter","Holly Shelter","Holly Shelter1",NA
543,44.6440475907447,1.45055555555556,1,17.5,32367.1804439694,0,13.7424545288086,7.38897277642747,-Inf,0.427645300460291,0,"Holly Shelter","Holly Shelter","Holly Shelter1",NA
544,44.6440475907447,1.38454545454545,1,17.2000007629395,30960.3963059861,0,9.37660789489746,13.5944129520778,-Inf,0.427645300460291,0,"Holly Shelter","Holly Shelter","Holly Shelter1",NA
545,44.6440475907447,1.363,1,17.3559494018555,30155.6347096272,0,10.1897277832031,15.5233171682985,4467.8,0.745709983793701,0,"Holly Shelter","Holly Shelter","Holly Shelter1",NA
546,44.6440475907447,1.548,0,17.6000003814697,163.695800272917,0,11.3044738769531,9.76616264113111,-Inf,0.427645300460291,0,"Holly Shelter","Holly Shelter","Holly Shelter1",NA
547,44.6440475907447,1.41307692307692,1,17.5,32350.0720166057,0,12.5761041641235,8.00961208324394,-Inf,0.427645300460291,0,"Holly Shelter","Holly Shelter","Holly Shelter1",NA
548,44.6440475907447,1.363,1,17.4355926513672,30155.6347096272,0,10.6995906829834,14.1341615443439,4467.8,0.745709983793701,0,"Holly Shelter","Holly Shelter","Holly Shelter1",NA
549,44.6440475907447,1.59,1,17.3408126831055,2516.26535005993,0,11.1335439682007,11.3655548082452,-Inf,0.427645300460291,0,"Holly Shelter","Holly Shelter","Holly Shelter1",NA
551,44.6440475907447,1.363,1,17.1613388061523,30155.6347096272,0,9.73180484771729,14.4438728762821,-Inf,0.427645300460291,0,"Holly Shelter","Holly Shelter","Holly Shelter1",NA
552,44.6440475907447,1.38454545454545,1,17.2922439575195,30960.3963059861,0,10.2200126647949,12.2759293664,-Inf,0.427645300460291,0,"Holly Shelter","Holly Shelter","Holly Shelter1",NA
553,44.6440475907447,1.363,1,17.3546867370605,30155.6347096272,0,10.0185594558716,15.4937385277921,4467.8,0.745709983793701,0,"Holly Shelter","Holly Shelter","Holly Shelter1",NA
554,44.6440475907447,1.38454545454545,1,17.3000011444092,30960.3963059861,0,10.1823568344116,12.2002044339807,-Inf,0.427645300460291,0,"Holly Shelter","Holly Shelter","Holly Shelter1",NA
556,44.6440475907447,1.6,1,17.3000011444092,804.761596358855,0,8.65831565856934,14.9037583618835,-Inf,0.427645300460291,0,"Holly Shelter","Holly Shelter","Holly Shelter1",NA
557,44.6440475907447,1.38454545454545,1,17.3999996185303,30960.3963059861,0,10.8114557266235,11.1326469543887,-Inf,0.427645300460291,0,"Holly Shelter","Holly Shelter","Holly Shelter1",NA
558,44.6440475907447,1.363,1,17.2643508911133,30155.6347096272,0,9.77063751220703,13.8758544597997,-Inf,0.427645300460291,0,"Holly Shelter","Holly Shelter","Holly Shelter1",NA
559,44.6440475907447,1.363,1,17.3020820617676,30155.6347096272,0,9.82815074920654,13.3278105346971,-Inf,0.427645300460291,0,"Holly Shelter","Holly Shelter","Holly Shelter1",NA
560,44.6440475907447,1.38636363636364,1,17.5,763.865256845098,0,12.1836242675781,9.50167580523166,-Inf,0.427645300460291,0,"Holly Shelter","Holly Shelter","Holly Shelter1",NA
561,44.6440475907447,1.41307692307692,1,17.3999996185303,2941.49919434528,0,11.9812316894531,9.55914853638329,-Inf,0.427645300460291,0,"Holly Shelter","Holly Shelter","Holly Shelter1",NA
562,44.6440475907447,1.363,1,17.2000007629395,30155.6347096272,0,9.71451091766357,15.8182509839502,-Inf,0.427645300460291,0,"Holly Shelter","Holly Shelter","Holly Shelter1",NA
563,44.6440475907447,1.38454545454545,1,17.2000007629395,30960.3963059861,0,9.82715797424316,13.1044504543685,-Inf,0.427645300460291,0,"Holly Shelter","Holly Shelter","Holly Shelter1",NA
564,44.6440475907447,1.363,1,17.2148914337158,30155.6347096272,0,10.10071849823,16.6688854018298,-Inf,0.427645300460291,0,"Holly Shelter","Holly Shelter","Holly Shelter1",NA
565,44.6440475907447,1.363,1,17.3276329040527,30155.6347096272,0,10.1509561538696,14.8151298409618,4467.8,0.745709983793701,0,"Holly Shelter","Holly Shelter","Holly Shelter1",NA
566,44.6440475907447,1.363,1,17.4356117248535,30155.6347096272,0,12.6318092346191,8.4792880996419,-Inf,0.427645300460291,0,"Holly Shelter","Holly Shelter","Holly Shelter1",NA
567,44.6440475907447,1.42,1,17.8016891479492,30281.1946244792,0,16.1554622650146,6.35640557596905,-Inf,0.427645300460291,0,"Holly Shelter","Holly Shelter","Holly Shelter1",NA
568,44.6440475907447,1.548,0,17.2999992370605,24.1317964935277,0,9.62189960479736,18.3931003488533,-Inf,0.427645300460291,0,"Holly Shelter","Holly Shelter","Holly Shelter1",NA
569,44.6440475907447,1.41307692307692,1,17.4000015258789,32350.0720166057,0,10.236008644104,12.0503384707112,-Inf,0.427645300460291,0,"Holly Shelter","Holly Shelter","Holly Shelter1",NA
570,44.6440475907447,1.45055555555556,1,17.7000007629395,30265.567716082,0,13.2062206268311,7.28012455354507,-Inf,0.427645300460291,0,"Holly Shelter","Holly Shelter","Holly Shelter1",NA
571,44.6440475907447,1.58,1,17.3999996185303,2194.43730697846,0,10.5934772491455,11.3691782219029,-Inf,0.427645300460291,0,"Holly Shelter","Holly Shelter","Holly Shelter1",NA
572,44.6440475907447,1.363,1,17.2864646911621,30155.6347096272,0,9.90703010559082,13.9034433487172,-Inf,0.427645300460291,0,"Holly Shelter","Holly Shelter","Holly Shelter1",NA
573,44.6440475907447,1.465,1,17.5752792358398,30312.5051847638,0,15.3003263473511,5.98243708081777,-Inf,0.427645300460291,0,"Holly Shelter","Holly Shelter","Holly Shelter1",NA
574,44.6440475907447,1.53222222222222,0,17.5720443725586,31.0886151420548,0,12.1332883834839,8.96502205247693,-Inf,0.427645300460291,0,"Holly Shelter","Holly Shelter","Holly Shelter1",NA
575,44.6440475907447,1.363,1,17.3999996185303,30155.6347096272,0,12.182900428772,11.4073640517749,4467.8,0.745709983793701,0,"Holly Shelter","Holly Shelter","Holly Shelter1",NA
576,44.6440475907447,1.436875,1,17.6222820281982,30494.3438033914,0,14.4666872024536,7.25980305123839,-Inf,0.427645300460291,0,"Holly Shelter","Holly Shelter","Holly Shelter1",NA
577,44.6440475907447,1.363,1,17.2064361572266,30155.6347096272,0,9.46227169036865,13.609242710627,-Inf,0.427645300460291,0,"Holly Shelter","Holly Shelter","Holly Shelter1",NA
578,44.6440475907447,1.41307692307692,1,17.5,2941.49919434528,0,12.6289138793945,8.10289668973792,-Inf,0.427645300460291,0,"Holly Shelter","Holly Shelter","Holly Shelter1",NA
579,44.6440475907447,1.436875,1,17.5,793.915172722177,0,12.1327075958252,9.30905153749478,-Inf,0.427645300460291,0,"Holly Shelter","Holly Shelter","Holly Shelter1",NA
580,44.6440475907447,1.38454545454545,1,17.2000007629395,30960.3963059861,0,9.72573661804199,12.8205969233714,-Inf,0.427645300460291,0,"Holly Shelter","Holly Shelter","Holly Shelter1",NA
581,44.6440475907447,1.58,1,17.3229846954346,2194.43730697846,0,11.1783657073975,11.2504411016162,-Inf,0.427645300460291,0,"Holly Shelter","Holly Shelter","Holly Shelter1",NA
582,44.6440475907447,1.363,1,17.3999996185303,30155.6347096272,0,11.3667316436768,12.1787346677582,4467.8,0.745709983793701,0,"Holly Shelter","Holly Shelter","Holly Shelter1",NA
583,44.6440475907447,1.363,1,17.2000007629395,30155.6347096272,0,9.60727024078369,14.4021871313672,-Inf,0.427645300460291,0,"Holly Shelter","Holly Shelter","Holly Shelter1",NA
584,44.6440475907447,1.38454545454545,1,17.3037395477295,30960.3963059861,0,10.3738632202148,11.7855941394374,-Inf,0.427645300460291,0,"Holly Shelter","Holly Shelter","Holly Shelter1",NA
585,44.6440475907447,1.363,1,17.5011291503906,30155.6347096272,0,14.7497539520264,6.84417803714329,-Inf,0.427645300460291,0,"Holly Shelter","Holly Shelter","Holly Shelter1",NA
586,44.6440475907447,1.41307692307692,1,17.3913154602051,32350.0720166057,0,10.1713972091675,12.2566162182401,-Inf,0.427645300460291,0,"Holly Shelter","Holly Shelter","Holly Shelter1",NA
588,44.6440475907447,1.56,0,17.5222015380859,338.709093764187,0,14.5555114746094,7.22920718110275,-Inf,0.427645300460291,0,"Holly Shelter","Holly Shelter","Holly Shelter1",NA
589,44.6440475907447,1.363,1,17.50022315979,30155.6347096272,0,13.0225505828857,7.67837883276566,-Inf,0.427645300460291,0,"Holly Shelter","Holly Shelter","Holly Shelter1",NA
590,44.6440475907447,1.548,0,17.2999992370605,24.1317964935277,0,9.5740156173706,18.5411553796212,-Inf,0.427645300460291,0,"Holly Shelter","Holly Shelter","Holly Shelter1",NA
591,44.6440475907447,1.58,1,17.3214836120605,2194.43730697846,0,11.0007200241089,11.6616403047961,-Inf,0.427645300460291,0,"Holly Shelter","Holly Shelter","Holly Shelter1",NA
593,44.6440475907447,1.41307692307692,1,17.4605541229248,2941.49919434528,0,12.0747003555298,9.43078021176061,-Inf,0.427645300460291,0,"Holly Shelter","Holly Shelter","Holly Shelter1",NA
594,44.6440475907447,1.363,1,17.2999992370605,30155.6347096272,0,10.79967212677,12.7831965136897,4467.8,0.745709983793701,0,"Holly Shelter","Holly Shelter","Holly Shelter1",NA
596,44.6440475907447,1.548,0,17.3791637420654,24.8216221898483,0,8.72010707855225,19.1250784938615,-Inf,0.427645300460291,0,"Holly Shelter","Holly Shelter","Holly Shelter1",NA
597,44.6440475907447,1.363,1,17.2000007629395,30155.6347096272,0,10.0783262252808,13.8814995076286,-Inf,0.427645300460291,0,"Holly Shelter","Holly Shelter","Holly Shelter1",NA
598,44.6440475907447,1.548,0,17.2999744415283,48.6600495468626,0,9.60446166992188,18.541598864853,-Inf,0.427645300460291,0,"Holly Shelter","Holly Shelter","Holly Shelter1",NA
599,44.6440475907447,1.363,1,17.326509475708,30155.6347096272,0,11.4329786300659,9.90796425118494,-Inf,0.427645300460291,0,"Holly Shelter","Holly Shelter","Holly Shelter1",NA
601,44.6440475907447,1.363,1,17.242115020752,30155.6347096272,0,10.0054616928101,16.6921069234198,-Inf,0.427645300460291,0,"Holly Shelter","Holly Shelter","Holly Shelter1",NA
602,44.6440475907447,1.363,1,17.5,30155.6347096272,0,12.8890237808228,7.93005784749719,-Inf,0.427645300460291,0,"Holly Shelter","Holly Shelter","Holly Shelter1",NA
603,44.6440475907447,1.363,1,17.3096618652344,30155.6347096272,0,10.7920093536377,11.4965645223192,-Inf,0.427645300460291,0,"Holly Shelter","Holly Shelter","Holly Shelter1",NA
604,44.6440475907447,1.363,1,17.3973274230957,30155.6347096272,0,10.8135089874268,10.9283263497301,-Inf,0.427645300460291,0,"Holly Shelter","Holly Shelter","Holly Shelter1",NA
605,44.6440475907447,1.58,1,17.3999996185303,2194.43730697846,0,12.0456962585449,8.83208910496722,-Inf,0.427645300460291,0,"Holly Shelter","Holly Shelter","Holly Shelter1",NA
606,44.6440475907447,1.58333333333333,0,17.2999973297119,267.613015738973,0,9.2738676071167,18.3266745643633,-Inf,0.427645300460291,0,"Holly Shelter","Holly Shelter","Holly Shelter1",NA
607,44.6440475907447,1.41307692307692,1,17.3547496795654,32350.0720166057,0,10.9387226104736,10.5795951790277,-Inf,0.427645300460291,0,"Holly Shelter","Holly Shelter","Holly Shelter1",NA
608,44.6440475907447,1.548,0,17.2768173217773,13.8390572393965,0,9.60939121246338,19.0060938978539,-Inf,0.427645300460291,0,"Holly Shelter","Holly Shelter","Holly Shelter1",NA
609,44.6440475907447,1.42466666666667,1,17.6638927459717,30480.3749770066,0,14.6738634109497,7.04803085422343,-Inf,0.427645300460291,0,"Holly Shelter","Holly Shelter","Holly Shelter1",NA
610,44.6440475907447,1.38454545454545,1,17.2000007629395,30960.3963059861,0,9.35048294067383,13.719787846009,-Inf,0.427645300460291,0,"Holly Shelter","Holly Shelter","Holly Shelter1",NA
611,44.6440475907447,1.363,1,17.3076286315918,30155.6347096272,0,9.94338512420654,13.3001194297056,-Inf,0.427645300460291,0,"Holly Shelter","Holly Shelter","Holly Shelter1",NA
612,44.6440475907447,1.363,1,17.1922168731689,30155.6347096272,0,9.74566841125488,15.347711664461,-Inf,0.427645300460291,0,"Holly Shelter","Holly Shelter","Holly Shelter1",NA
613,44.6440475907447,1.548,0,17.2000007629395,135.890238490035,0,10.3836669921875,15.5968184922716,-Inf,0.427645300460291,0,"Holly Shelter","Holly Shelter","Holly Shelter1",NA
615,44.6440475907447,1.363,1,17.3605289459229,30155.6347096272,0,10.8792295455933,12.3992976677822,4467.8,0.745709983793701,0,"Holly Shelter","Holly Shelter","Holly Shelter1",NA
616,44.6440475907447,1.38454545454545,1,17.3916358947754,30960.3963059861,0,11.1128015518188,10.6940442125604,-Inf,0.427645300460291,0,"Holly Shelter","Holly Shelter","Holly Shelter1",NA
617,44.6440475907447,1.363,1,17.2000007629395,30155.6347096272,0,9.33108997344971,13.7355175602636,-Inf,0.427645300460291,0,"Holly Shelter","Holly Shelter","Holly Shelter1",NA
618,44.6440475907447,1.363,1,17.4176540374756,30155.6347096272,0,12.5428991317749,9.05186987435131,-Inf,0.427645300460291,0,"Holly Shelter","Holly Shelter","Holly Shelter1",NA
619,44.6440475907447,1.40571428571429,1,17.516902923584,30192.0641582886,0,14.293755531311,6.87821857340543,-Inf,0.427645300460291,0,"Holly Shelter","Holly Shelter","Holly Shelter1",NA
620,44.6440475907447,1.363,1,17.2000007629395,30155.6347096272,0,9.68631076812744,14.8698106119699,-Inf,0.427645300460291,0,"Holly Shelter","Holly Shelter","Holly Shelter1",NA
621,44.6440475907447,1.42466666666667,1,17.2000007629395,30291.5249481173,0,10.2971563339233,15.4707699958332,-Inf,0.427645300460291,0,"Holly Shelter","Holly Shelter","Holly Shelter1",NA
622,44.6440475907447,1.363,1,17.4999980926514,30155.6347096272,0,10.394006729126,15.0081730695462,4467.8,0.745709983793701,0,"Holly Shelter","Holly Shelter","Holly Shelter1",NA
623,44.6440475907447,1.363,1,17.4611072540283,30155.6347096272,0,12.1788845062256,8.66645723763638,-Inf,0.427645300460291,0,"Holly Shelter","Holly Shelter","Holly Shelter1",NA
624,44.6440475907447,1.363,1,17.3999996185303,30155.6347096272,0,11.9848823547363,11.916250205245,4467.8,0.745709983793701,0,"Holly Shelter","Holly Shelter","Holly Shelter1",NA
626,44.6440475907447,1.363,1,17.0999984741211,30155.6347096272,0,9.5301570892334,14.2917392432868,-Inf,0.427645300460291,0,"Holly Shelter","Holly Shelter","Holly Shelter1",NA
627,44.6440475907447,1.363,1,17.2000007629395,30155.6347096272,0,10.1781063079834,14.7259580231451,-Inf,0.427645300460291,0,"Holly Shelter","Holly Shelter","Holly Shelter1",NA
628,44.6440475907447,1.363,1,17.2999992370605,30155.6347096272,0,9.94997787475586,15.8936123209879,4467.8,0.745709983793701,0,"Holly Shelter","Holly Shelter","Holly Shelter1",NA
629,44.6440475907447,1.6,1,17.2840709686279,804.761596358855,0,8.69153022766113,14.5827321812601,-Inf,0.427645300460291,0,"Holly Shelter","Holly Shelter","Holly Shelter1",NA
630,44.6440475907447,1.363,1,17.3999996185303,30155.6347096272,0,11.6157817840576,12.1963834867483,4467.8,0.745709983793701,0,"Holly Shelter","Holly Shelter","Holly Shelter1",NA
632,44.6440475907447,1.363,1,17.2999992370605,30155.6347096272,0,10.4131269454956,11.9128915873877,-Inf,0.427645300460291,0,"Holly Shelter","Holly Shelter","Holly Shelter1",NA
633,44.6440475907447,1.363,1,17.2999992370605,30155.6347096272,0,10.6941795349121,13.0672775622243,4467.8,0.745709983793701,0,"Holly Shelter","Holly Shelter","Holly Shelter1",NA
635,44.6440475907447,1.363,1,17.4026317596436,30155.6347096272,0,11.8672733306885,8.82670187232989,-Inf,0.427645300460291,0,"Holly Shelter","Holly Shelter","Holly Shelter1",NA
637,44.6440475907447,1.47,1,17.4289245605469,30444.3869196382,0,9.22630596160889,15.7838417998963,4467.8,0.745709983793701,0,"Holly Shelter","Holly Shelter","Holly Shelter1",NA
638,44.6440475907447,1.44352941176471,1,17.8398361206055,30402.8785294071,0,16.6576728820801,6.56580042513057,-Inf,0.427645300460291,0,"Holly Shelter","Holly Shelter","Holly Shelter1",NA
639,44.6440475907447,1.363,1,17.2000026702881,30155.6347096272,0,9.38759231567383,14.5670574599742,-Inf,0.427645300460291,0,"Holly Shelter","Holly Shelter","Holly Shelter1",NA
640,44.6440475907447,1.363,1,17.3999996185303,30155.6347096272,0,11.6751146316528,11.9572867024301,4467.8,0.745709983793701,0,"Holly Shelter","Holly Shelter","Holly Shelter1",NA
641,44.6440475907447,1.56,1,17.6638832092285,238.164422134948,0,16.1132431030273,6.10204174510856,-Inf,0.427645300460291,0,"Holly Shelter","Holly Shelter","Holly Shelter1",NA
642,44.6440475907447,1.56666666666667,1,17.4668312072754,2679.96115033285,0,10.3758316040039,11.3494043219397,-Inf,0.427645300460291,0,"Holly Shelter","Holly Shelter","Holly Shelter1",NA
643,44.6440475907447,1.363,1,17.4691524505615,30155.6347096272,0,12.8814649581909,8.71812347578875,-Inf,0.427645300460291,0,"Holly Shelter","Holly Shelter","Holly Shelter1",NA
644,44.6440475907447,1.42466666666667,1,17.6952095031738,30480.3749770066,0,14.660569190979,7.41486779777985,-Inf,0.427645300460291,0,"Holly Shelter","Holly Shelter","Holly Shelter1",NA
645,44.6440475907447,1.363,1,17.3999996185303,30155.6347096272,0,11.9338474273682,11.6397888897614,4467.8,0.745709983793701,0,"Holly Shelter","Holly Shelter","Holly Shelter1",NA
646,44.6440475907447,1.363,1,17.3999996185303,30155.6347096272,0,12.4387197494507,10.731254716157,4467.8,0.745709983793701,0,"Holly Shelter","Holly Shelter","Holly Shelter1",NA
647,44.6440475907447,1.363,1,17.5,30155.6347096272,0,13.0727882385254,8.19945274154966,-Inf,0.427645300460291,0,"Holly Shelter","Holly Shelter","Holly Shelter1",NA
648,44.6440475907447,1.363,1,17.2885589599609,30155.6347096272,0,9.6700553894043,14.0327471123137,-Inf,0.427645300460291,0,"Holly Shelter","Holly Shelter","Holly Shelter1",NA
649,44.6440475907447,1.41307692307692,1,17.3634090423584,32350.0720166057,0,11.7741050720215,9.27739922471568,-Inf,0.427645300460291,0,"Holly Shelter","Holly Shelter","Holly Shelter1",NA
651,44.6440475907447,1.58,1,17.3999900817871,2194.43730697846,0,11.2093448638916,11.0164628056216,-Inf,0.427645300460291,0,"Holly Shelter","Holly Shelter","Holly Shelter1",NA
652,44.6440475907447,1.363,1,17.3999996185303,30155.6347096272,0,12.6601057052612,9.63401233739457,-Inf,0.427645300460291,0,"Holly Shelter","Holly Shelter","Holly Shelter1",NA
653,44.6440475907447,1.58571428571429,1,17.2149066925049,852.403407895136,0,7.69734811782837,16.076492564155,-Inf,0.427645300460291,0,"Holly Shelter","Holly Shelter","Holly Shelter1",NA
654,44.6440475907447,1.363,1,17.2999973297119,30155.6347096272,0,9.32651329040527,15.0781973174375,-Inf,0.427645300460291,0,"Holly Shelter","Holly Shelter","Holly Shelter1",NA
655,44.6440475907447,1.363,1,17.2779884338379,30155.6347096272,0,9.59925842285156,13.654484127224,-Inf,0.427645300460291,0,"Holly Shelter","Holly Shelter","Holly Shelter1",NA
656,44.6440475907447,1.363,1,17.2330074310303,30155.6347096272,0,9.81384468078613,13.6550957631212,-Inf,0.427645300460291,0,"Holly Shelter","Holly Shelter","Holly Shelter1",NA
657,44.6440475907447,1.45055555555556,1,17.6107769012451,32409.1242522131,0,14.0188274383545,7.18396020052228,-Inf,0.427645300460291,0,"Holly Shelter","Holly Shelter","Holly Shelter1",NA
658,44.6440475907447,1.363,1,17.3999996185303,30155.6347096272,0,11.1110496520996,13.3189922856887,4467.8,0.745709983793701,0,"Holly Shelter","Holly Shelter","Holly Shelter1",NA
659,44.6440475907447,1.363,1,17.5,30155.6347096272,0,12.9748306274414,7.82861960139831,-Inf,0.427645300460291,0,"Holly Shelter","Holly Shelter","Holly Shelter1",NA
660,44.6440475907447,1.363,1,17.2835025787354,30155.6347096272,0,9.92641353607178,15.8553663726885,-Inf,0.427645300460291,0,"Holly Shelter","Holly Shelter","Holly Shelter1",NA
661,44.6440475907447,1.58333333333333,0,17.4955520629883,211.181744587126,0,9.52486419677734,15.3399999424452,4467.8,0.745709983793701,0,"Holly Shelter","Holly Shelter","Holly Shelter1",NA
662,44.6440475907447,1.363,1,17.2631549835205,30155.6347096272,0,9.88776302337646,16.2020098388358,-Inf,0.427645300460291,0,"Holly Shelter","Holly Shelter","Holly Shelter1",NA
663,44.6440475907447,1.363,1,17.2999992370605,30155.6347096272,0,9.87672424316406,14.1805267890195,4467.8,0.745709983793701,0,"Holly Shelter","Holly Shelter","Holly Shelter1",NA
664,44.6440475907447,1.363,1,17.2999992370605,30155.6347096272,0,10.4454011917114,11.9397662068671,-Inf,0.427645300460291,0,"Holly Shelter","Holly Shelter","Holly Shelter1",NA
665,44.6440475907447,1.6,1,17.2999992370605,804.761596358855,0,8.68766498565674,15.0850644141255,-Inf,0.427645300460291,0,"Holly Shelter","Holly Shelter","Holly Shelter1",NA
666,44.6440475907447,1.363,1,17.2023239135742,30155.6347096272,0,9.75635433197021,13.8577042931604,-Inf,0.427645300460291,0,"Holly Shelter","Holly Shelter","Holly Shelter1",NA
667,44.6440475907447,1.363,1,17.4582233428955,30155.6347096272,0,12.6639070510864,9.74741499109789,4467.8,0.745709983793701,0,"Holly Shelter","Holly Shelter","Holly Shelter1",NA
668,44.6440475907447,1.58,1,17.3999996185303,2194.43730697846,0,11.5943326950073,10.4384825258089,-Inf,0.427645300460291,0,"Holly Shelter","Holly Shelter","Holly Shelter1",NA
669,44.6440475907447,1.548,0,17.3105220794678,51.6061780378151,0,9.04758071899414,16.5056525834031,-Inf,0.427645300460291,0,"Holly Shelter","Holly Shelter","Holly Shelter1",NA
670,44.6440475907447,1.363,1,17.2000007629395,30155.6347096272,0,9.90804862976074,15.1682203003348,-Inf,0.427645300460291,0,"Holly Shelter","Holly Shelter","Holly Shelter1",NA
672,44.6440475907447,1.363,1,17.3188343048096,30155.6347096272,0,10.4029579162598,12.9021865967157,4467.8,0.745709983793701,0,"Holly Shelter","Holly Shelter","Holly Shelter1",NA
673,44.6440475907447,1.363,1,17.3324317932129,30155.6347096272,0,9.92914581298828,14.5706447502506,4467.8,0.745709983793701,0,"Holly Shelter","Holly Shelter","Holly Shelter1",NA
675,44.6440475907447,1.363,1,17.2999973297119,30155.6347096272,0,10.1251945495605,14.2629474499967,4467.8,0.745709983793701,0,"Holly Shelter","Holly Shelter","Holly Shelter1",NA
677,44.6440475907447,1.42466666666667,1,17.2139778137207,30291.5249481173,0,10.2239723205566,15.1929631743654,-Inf,0.427645300460291,0,"Holly Shelter","Holly Shelter","Holly Shelter1",NA
678,44.6440475907447,1.363,1,17.2000007629395,30155.6347096272,0,9.53136253356934,18.350982643443,-Inf,0.427645300460291,0,"Holly Shelter","Holly Shelter","Holly Shelter1",NA
679,44.6440475907447,1.363,1,17.2983570098877,30155.6347096272,0,10.163293838501,16.2739472224729,-Inf,0.427645300460291,0,"Holly Shelter","Holly Shelter","Holly Shelter1",NA
680,44.6440475907447,1.363,1,17.2000007629395,30155.6347096272,0,10.1441497802734,13.9273464286332,-Inf,0.427645300460291,0,"Holly Shelter","Holly Shelter","Holly Shelter1",NA
681,44.6440475907447,1.548,0,17.4136447906494,257.683203025482,0,8.72890281677246,12.3869404120873,-Inf,0.427645300460291,0,"Holly Shelter","Holly Shelter","Holly Shelter1",NA
683,44.6440475907447,1.363,1,17.2110157012939,30155.6347096272,0,9.91471672058105,13.3591358762642,-Inf,0.427645300460291,0,"Holly Shelter","Holly Shelter","Holly Shelter1",NA
684,44.6440475907447,1.55666666666667,1,17.2000007629395,856.36777439667,0,8.4877119064331,16.2730489319325,-Inf,0.427645300460291,0,"Holly Shelter","Holly Shelter","Holly Shelter1",NA
685,44.6440475907447,1.363,1,17.2744655609131,30155.6347096272,0,9.37477493286133,14.217375687812,-Inf,0.427645300460291,0,"Holly Shelter","Holly Shelter","Holly Shelter1",NA
