"acresid","wtd","bulkdensity","mucktype","soiltemp","numacres","tx","elevation","distkm","ndvi","lai","totalGDD","scPDSI","vegetation","location","site","uniqueid","soilresp"
1,10,1.363,1,17.3999996185303,30155.6347096272,1,11.519739151001,12.2152813263184,0.405617713928223,0,8.7,3.17135584856656,0,"Holly Shelter","Holly Shelter","Holly Shelter1",NA
2,10,1.363,1,17.2999973297119,30155.6347096272,1,10.1006441116333,16.0499383309258,0.394073605537415,0,4173.85,-0.330473498447694,0,"Holly Shelter","Holly Shelter","Holly Shelter1",NA
3,10,1.42466666666667,1,17.3364200592041,30282.1511139022,1,10.0760927200317,15.9791656281939,0.403092920780182,0,8.7,3.17135584856656,0,"Holly Shelter","Holly Shelter","Holly Shelter1",NA
4,10,1.436875,1,17.5,793.915172722177,1,12.1938161849976,9.2631091342128,0.409928143024445,0,4173.85,-0.330473498447694,0,"Holly Shelter","Holly Shelter","Holly Shelter1",NA
5,10,1.56,1,17.5014533996582,2253.48954258592,1,13.2371482849121,7.4831065393714,0.425465971231461,0,4173.85,-0.330473498447694,0,"Holly Shelter","Holly Shelter","Holly Shelter1",NA
6,10,1.363,1,17.5,30155.6347096272,1,12.9750881195068,7.80946764961431,0.449845105409622,0,4173.85,-0.330473498447694,0,"Holly Shelter","Holly Shelter","Holly Shelter1",NA
7,10,1.363,1,17.2000007629395,30155.6347096272,1,9.30772495269775,13.7423542414685,0.301480382680893,0,4173.85,-0.330473498447694,0,"Holly Shelter","Holly Shelter","Holly Shelter1",NA
9,10,1.42466666666667,1,17.2000026702881,30291.5249481173,1,9.81257343292236,15.5324286808794,0.387338399887085,0,4173.85,-0.330473498447694,0,"Holly Shelter","Holly Shelter","Holly Shelter1",NA
10,10,1.41307692307692,1,17.2999992370605,32350.0720166057,1,11.4114170074463,10.0507574612286,0.372945755720139,0,4173.85,-0.330473498447694,0,"Holly Shelter","Holly Shelter","Holly Shelter1",NA
11,10,1.548,0,17.2000007629395,135.890238490035,1,10.2118186950684,15.8478142092739,0.375863045454025,0,4173.85,-0.330473498447694,0,"Holly Shelter","Holly Shelter","Holly Shelter1",NA
12,10,1.42466666666667,1,17.3523292541504,30282.1511139022,1,10.2686243057251,15.5352015044233,0.428877979516983,0,8.7,3.17135584856656,0,"Holly Shelter","Holly Shelter","Holly Shelter1",NA
13,10,1.363,1,17.2999992370605,30155.6347096272,1,10.4180870056152,11.8794049995001,0.428726971149445,0,4173.85,-0.330473498447694,0,"Holly Shelter","Holly Shelter","Holly Shelter1",NA
14,10,1.55666666666667,1,17.2000007629395,856.36777439667,1,7.74026298522949,16.1827968038173,0.398682534694672,0,4173.85,-0.330473498447694,0,"Holly Shelter","Holly Shelter","Holly Shelter1",NA
15,10,1.363,1,17.2275428771973,30155.6347096272,1,9.92253398895264,13.6628664204695,0.390299081802368,0,4173.85,-0.330473498447694,0,"Holly Shelter","Holly Shelter","Holly Shelter1",NA
17,10,1.58,1,17.2999992370605,2194.43730697846,1,10.9749002456665,11.3896350944632,0.404391765594482,0,4173.85,-0.330473498447694,0,"Holly Shelter","Holly Shelter","Holly Shelter1",NA
18,10,1.54416666666667,1,17.7000007629395,246.824550328233,1,15.9875497817993,6.25675469421736,0.396559834480286,0,4173.85,-0.330473498447694,0,"Holly Shelter","Holly Shelter","Holly Shelter1",NA
19,10,1.58333333333333,0,17.2999992370605,267.613015738973,1,9.23085498809814,18.0385294395893,0.385041207075119,0,4173.85,-0.330473498447694,0,"Holly Shelter","Holly Shelter","Holly Shelter1",NA
20,10,1.363,1,17.2245979309082,30155.6347096272,1,9.92048835754395,15.6304454622144,0.398494482040405,0,4173.85,-0.330473498447694,0,"Holly Shelter","Holly Shelter","Holly Shelter1",NA
21,10,1.363,1,17.3999996185303,30155.6347096272,1,12.0642042160034,11.7135816505067,0.403247654438019,0,8.7,3.17135584856656,0,"Holly Shelter","Holly Shelter","Holly Shelter1",NA
22,10,1.363,1,17.4995880126953,30155.6347096272,1,11.9855728149414,8.8749968311989,0.407802879810333,0,4173.85,-0.330473498447694,0,"Holly Shelter","Holly Shelter","Holly Shelter1",NA
24,10,1.39909090909091,1,17.5,30241.2308795243,1,10.5687284469604,14.9268904983998,0.411400377750397,0,8.7,3.17135584856656,0,"Holly Shelter","Holly Shelter","Holly Shelter1",NA
25,10,1.363,1,17.4999980926514,30155.6347096272,1,11.7165727615356,9.58373807991433,0.412864685058594,0,4173.85,-0.330473498447694,0,"Holly Shelter","Holly Shelter","Holly Shelter1",NA
26,10,1.363,1,17.2821960449219,30155.6347096272,1,9.87964534759521,13.5503384722332,0.401488691568375,0,4173.85,-0.330473498447694,0,"Holly Shelter","Holly Shelter","Holly Shelter1",NA
27,10,1.363,1,17.2417850494385,30155.6347096272,1,9.62441062927246,13.7923331104331,0.383595824241638,0,4173.85,-0.330473498447694,0,"Holly Shelter","Holly Shelter","Holly Shelter1",NA
29,10,1.363,1,17.207426071167,30155.6347096272,1,10.1240873336792,12.7173486836241,0.416311740875244,0,4173.85,-0.330473498447694,0,"Holly Shelter","Holly Shelter","Holly Shelter1",NA
30,10,1.41307692307692,1,17.5,32350.0720166057,1,13.7297859191895,7.37557290201346,0.438977003097534,0,4173.85,-0.330473498447694,0,"Holly Shelter","Holly Shelter","Holly Shelter1",NA
32,10,1.363,1,17.3413257598877,30155.6347096272,1,10.2419195175171,15.3589821001424,0.428802877664566,0,8.7,3.17135584856656,0,"Holly Shelter","Holly Shelter","Holly Shelter1",NA
33,10,1.41307692307692,1,17.3999996185303,32350.0720166057,1,12.018274307251,8.88548214677248,0.42321452498436,0,4173.85,-0.330473498447694,0,"Holly Shelter","Holly Shelter","Holly Shelter1",NA
34,10,1.363,1,17.2000007629395,30155.6347096272,1,9.60315227508545,14.6949129054413,0.403920978307724,0,4173.85,-0.330473498447694,0,"Holly Shelter","Holly Shelter","Holly Shelter1",NA
35,10,1.363,1,17.3042144775391,30155.6347096272,1,9.8421049118042,13.4986897458158,0.39774027466774,0,4173.85,-0.330473498447694,0,"Holly Shelter","Holly Shelter","Holly Shelter1",NA
36,10,1.58,1,17.3999996185303,2194.43730697846,1,10.5623188018799,11.566569492707,0.446012943983078,0,4173.85,-0.330473498447694,0,"Holly Shelter","Holly Shelter","Holly Shelter1",NA
37,10,1.363,1,17.2000007629395,30155.6347096272,1,10.2712888717651,15.1358014096386,0.393155485391617,0,4173.85,-0.330473498447694,0,"Holly Shelter","Holly Shelter","Holly Shelter1",NA
38,10,1.59,1,17.4580593109131,2516.26535005993,1,10.525297164917,10.9703114385831,0.428149461746216,0,4173.85,-0.330473498447694,0,"Holly Shelter","Holly Shelter","Holly Shelter1",NA
39,10,1.363,1,17.2000007629395,30155.6347096272,1,9.36324882507324,18.2593836914484,0.387727200984955,0,4173.85,-0.330473498447694,0,"Holly Shelter","Holly Shelter","Holly Shelter1",NA
40,10,1.58,1,17.3999996185303,2194.43730697846,1,10.4522037506104,12.0966469696135,0.424502909183502,0,4173.85,-0.330473498447694,0,"Holly Shelter","Holly Shelter","Holly Shelter1",NA
41,10,1.363,1,17.2134952545166,30155.6347096272,1,9.63694763183594,13.7013943333997,0.422752171754837,0,4173.85,-0.330473498447694,0,"Holly Shelter","Holly Shelter","Holly Shelter1",NA
43,10,1.363,1,17.3999996185303,30155.6347096272,1,10.9500427246094,13.5437925342036,0.398852050304413,0,8.7,3.17135584856656,0,"Holly Shelter","Holly Shelter","Holly Shelter1",NA
44,10,1.38454545454545,1,17.2000007629395,30960.3963059861,1,9.39434432983398,13.7197266051907,0.440661072731018,0,4173.85,-0.330473498447694,0,"Holly Shelter","Holly Shelter","Holly Shelter1",NA
45,10,1.363,1,17.2999992370605,30155.6347096272,1,10.0253829956055,15.8447827244457,0.386366277933121,0,4173.85,-0.330473498447694,0,"Holly Shelter","Holly Shelter","Holly Shelter1",NA
46,10,1.363,1,17.4779300689697,30155.6347096272,1,10.5720720291138,14.600026465971,0.408899009227753,0,8.7,3.17135584856656,0,"Holly Shelter","Holly Shelter","Holly Shelter1",NA
47,10,1.363,1,17.2999992370605,30155.6347096272,1,10.7420425415039,13.0189908032545,0.382525265216827,0,8.7,3.17135584856656,0,"Holly Shelter","Holly Shelter","Holly Shelter1",NA
48,10,1.363,1,17.200008392334,30155.6347096272,1,9.89182949066162,17.0281181700481,0.41366782784462,0,4173.85,-0.330473498447694,0,"Holly Shelter","Holly Shelter","Holly Shelter1",NA
49,10,1.38454545454545,1,17.2000007629395,30960.3963059861,1,9.28580188751221,13.7014955534078,0.42596372961998,0,4173.85,-0.330473498447694,0,"Holly Shelter","Holly Shelter","Holly Shelter1",NA
50,10,1.363,1,17.2000007629395,30155.6347096272,1,10.1482524871826,16.5747720138521,0.424580782651901,0,4173.85,-0.330473498447694,0,"Holly Shelter","Holly Shelter","Holly Shelter1",NA
52,10,1.363,1,17.2000007629395,30155.6347096272,1,9.68745422363281,12.9266638373398,0.420898616313934,0,4173.85,-0.330473498447694,0,"Holly Shelter","Holly Shelter","Holly Shelter1",NA
53,10,1.363,1,17.3999996185303,30155.6347096272,1,12.3625593185425,10.6827405196729,0.420962303876877,0,8.7,3.17135584856656,0,"Holly Shelter","Holly Shelter","Holly Shelter1",NA
54,10,1.41307692307692,1,17.5,32350.0720166057,1,12.4434928894043,8.55941172203303,0.438069999217987,0,4173.85,-0.330473498447694,0,"Holly Shelter","Holly Shelter","Holly Shelter1",NA
55,10,1.363,1,17.2881374359131,30155.6347096272,1,10.0162391662598,15.3449159236183,0.41700068116188,0,4173.85,-0.330473498447694,0,"Holly Shelter","Holly Shelter","Holly Shelter1",NA
56,10,1.40571428571429,1,17.7999992370605,30272.8892696208,1,14.8972730636597,6.63587753318945,0.380508214235306,0,4173.85,-0.330473498447694,0,"Holly Shelter","Holly Shelter","Holly Shelter1",NA
57,10,1.363,1,17.2999992370605,30155.6347096272,1,9.21473407745361,14.5641078476546,0.41164094209671,0,4173.85,-0.330473498447694,0,"Holly Shelter","Holly Shelter","Holly Shelter1",NA
58,10,1.363,1,17.3267517089844,30155.6347096272,1,9.83377170562744,14.5386066124042,0.43351137638092,0,8.7,3.17135584856656,0,"Holly Shelter","Holly Shelter","Holly Shelter1",NA
59,10,1.44315789473684,1,17.5,30180.2158620319,1,14.7710084915161,6.36524794967672,0.452340930700302,0,4173.85,-0.330473498447694,0,"Holly Shelter","Holly Shelter","Holly Shelter1",NA
60,10,1.363,1,17.2000007629395,30155.6347096272,1,10.1803331375122,14.686184781098,0.393261611461639,0,4173.85,-0.330473498447694,0,"Holly Shelter","Holly Shelter","Holly Shelter1",NA
61,10,1.363,1,17.2050304412842,30155.6347096272,1,9.95847320556641,13.1092340128185,0.42463493347168,0,4173.85,-0.330473498447694,0,"Holly Shelter","Holly Shelter","Holly Shelter1",NA
62,10,1.363,1,17.2999992370605,30155.6347096272,1,10.0314493179321,12.2408947811174,0.404027909040451,0,4173.85,-0.330473498447694,0,"Holly Shelter","Holly Shelter","Holly Shelter1",NA
63,10,1.363,1,17.3030242919922,30155.6347096272,1,11.282711982727,10.2026750983769,0.436568528413773,0,4173.85,-0.330473498447694,0,"Holly Shelter","Holly Shelter","Holly Shelter1",NA
64,10,1.41307692307692,1,17.3888072967529,32350.0720166057,1,10.8949460983276,10.8347592367272,0.443536460399628,0,4173.85,-0.330473498447694,0,"Holly Shelter","Holly Shelter","Holly Shelter1",NA
65,10,1.363,1,17.2999992370605,30155.6347096272,1,9.75519561767578,14.4958683455043,0.40534970164299,0,4173.85,-0.330473498447694,0,"Holly Shelter","Holly Shelter","Holly Shelter1",NA
66,10,1.363,1,17.4328842163086,30155.6347096272,1,10.6928005218506,14.2964114465007,0.407661139965057,0,8.7,3.17135584856656,0,"Holly Shelter","Holly Shelter","Holly Shelter1",NA
67,10,1.6,1,17.2529811859131,804.761596358855,1,8.41860294342041,15.3384695206147,0.424866437911987,0,4173.85,-0.330473498447694,0,"Holly Shelter","Holly Shelter","Holly Shelter1",NA
68,10,1.363,1,17.5,30155.6347096272,1,11.8458347320557,9.2918359478826,0.39624685049057,0,4173.85,-0.330473498447694,0,"Holly Shelter","Holly Shelter","Holly Shelter1",NA
69,10,1.59,1,17.3999996185303,2516.26535005993,1,11.5204010009766,10.5797972542405,0.3915074467659,0,4173.85,-0.330473498447694,0,"Holly Shelter","Holly Shelter","Holly Shelter1",NA
70,10,1.56,1,17.5,2253.48954258592,1,12.9324102401733,7.53287334411246,0.434240251779556,0,4173.85,-0.330473498447694,0,"Holly Shelter","Holly Shelter","Holly Shelter1",NA
71,10,1.363,1,17.5872383117676,30155.6347096272,1,14.1552562713623,7.00963056863051,0.427526891231537,0,4173.85,-0.330473498447694,0,"Holly Shelter","Holly Shelter","Holly Shelter1",NA
72,10,1.42466666666667,1,17.4381351470947,30281.2202843173,1,8.4827709197998,15.823600192222,0.454392939805984,0,8.7,3.17135584856656,0,"Holly Shelter","Holly Shelter","Holly Shelter1",NA
73,10,1.363,1,17.315616607666,30155.6347096272,1,11.3895626068115,10.2403192236032,0.424810647964478,0,4173.85,-0.330473498447694,0,"Holly Shelter","Holly Shelter","Holly Shelter1",NA
74,10,1.363,1,17.2702102661133,30155.6347096272,1,9.72868728637695,17.0102309558779,0.415402829647064,0,4173.85,-0.330473498447694,0,"Holly Shelter","Holly Shelter","Holly Shelter1",NA
76,10,1.363,1,17.2509994506836,30155.6347096272,1,9.70290374755859,15.243455138507,0.405923455953598,0,4173.85,-0.330473498447694,0,"Holly Shelter","Holly Shelter","Holly Shelter1",NA
77,10,1.363,1,17.4615955352783,30155.6347096272,1,11.6901664733887,9.57375569442228,0.402538955211639,0,4173.85,-0.330473498447694,0,"Holly Shelter","Holly Shelter","Holly Shelter1",NA
78,10,1.54818181818182,0,17.8999996185303,261.238037879111,1,17.1347103118896,6.65675348864483,0.384905397891998,0,4173.85,-0.330473498447694,0,"Holly Shelter","Holly Shelter","Holly Shelter1",NA
79,10,1.363,1,17.3328437805176,30155.6347096272,1,10.69162940979,11.0301145717243,0.449578374624252,0,4173.85,-0.330473498447694,0,"Holly Shelter","Holly Shelter","Holly Shelter1",NA
80,10,1.58,1,17.4366931915283,2194.43730697846,1,12.4719676971436,7.96159079023102,0.451269209384918,0,4173.85,-0.330473498447694,0,"Holly Shelter","Holly Shelter","Holly Shelter1",NA
81,10,1.363,1,17.3999996185303,30155.6347096272,1,11.3070344924927,10.286118229958,0.405049502849579,0,4173.85,-0.330473498447694,0,"Holly Shelter","Holly Shelter","Holly Shelter1",NA
82,10,1.38454545454545,1,17.3985977172852,30960.3963059861,1,10.6828832626343,11.2659378591345,0.44356581568718,0,4173.85,-0.330473498447694,0,"Holly Shelter","Holly Shelter","Holly Shelter1",NA
83,10,1.363,1,17.2999973297119,30155.6347096272,1,9.19115829467773,15.2471727455337,0.41330087184906,0,4173.85,-0.330473498447694,0,"Holly Shelter","Holly Shelter","Holly Shelter1",NA
84,10,1.42466666666667,1,17.6429920196533,30214.6869452347,1,14.3784990310669,7.10086393987548,0.408246666193008,0,4173.85,-0.330473498447694,0,"Holly Shelter","Holly Shelter","Holly Shelter1",NA
85,10,1.41307692307692,1,17.3627414703369,32350.0720166057,1,10.6332674026489,11.5522435915782,0.427208751440048,0,4173.85,-0.330473498447694,0,"Holly Shelter","Holly Shelter","Holly Shelter1",NA
88,10,1.363,1,17.1972484588623,30155.6347096272,1,9.79555225372314,14.5781137991696,0.443592965602875,0,4173.85,-0.330473498447694,0,"Holly Shelter","Holly Shelter","Holly Shelter1",NA
89,10,1.363,1,17.2999992370605,30155.6347096272,1,10.2327127456665,12.2633475772006,0.454126596450806,0,4173.85,-0.330473498447694,0,"Holly Shelter","Holly Shelter","Holly Shelter1",NA
90,10,1.53222222222222,0,17.5206680297852,31.0886151420548,1,12.224925994873,8.87398043853471,0.371771663427353,0,4173.85,-0.330473498447694,0,"Holly Shelter","Holly Shelter","Holly Shelter1",NA
91,10,1.538,1,17.6667881011963,1586.93188233823,1,12.9175071716309,8.01847438484035,0.386262893676758,0,4173.85,-0.330473498447694,0,"Holly Shelter","Holly Shelter","Holly Shelter1",NA
92,10,1.363,1,17.3999996185303,30155.6347096272,1,12.2566957473755,11.2648796455473,0.397965431213379,0,8.7,3.17135584856656,0,"Holly Shelter","Holly Shelter","Holly Shelter1",NA
93,10,1.45055555555556,1,17.5,32409.1242522131,1,13.3925542831421,7.38055873633256,0.427400588989258,0,4173.85,-0.330473498447694,0,"Holly Shelter","Holly Shelter","Holly Shelter1",NA
94,10,1.6,1,17.2875595092773,804.761596358855,1,8.6976842880249,14.6141107335055,0.279539376497269,0,4173.85,-0.330473498447694,0,"Holly Shelter","Holly Shelter","Holly Shelter1",NA
95,10,1.363,1,17.3936500549316,30155.6347096272,1,10.1797246932983,12.6752554191373,0.427061021327972,0,4173.85,-0.330473498447694,0,"Holly Shelter","Holly Shelter","Holly Shelter1",NA
97,10,1.363,1,17.4000015258789,747.061887366824,1,12.1770944595337,9.00764388440344,0.400758624076843,0,4173.85,-0.330473498447694,0,"Holly Shelter","Holly Shelter","Holly Shelter1",NA
98,10,1.363,1,17.2084712982178,30155.6347096272,1,9.80166912078857,12.8252559003131,0.432772815227509,0,4173.85,-0.330473498447694,0,"Holly Shelter","Holly Shelter","Holly Shelter1",NA
99,10,1.363,1,17.3503150939941,30155.6347096272,1,10.5626449584961,12.7386461818389,0.356376826763153,0,8.7,3.17135584856656,0,"Holly Shelter","Holly Shelter","Holly Shelter1",NA
100,10,1.363,1,17.4182395935059,30155.6347096272,1,10.3942375183105,14.3127878080416,0.404279947280884,0,8.7,3.17135584856656,0,"Holly Shelter","Holly Shelter","Holly Shelter1",NA
101,10,1.363,1,17.2173671722412,30155.6347096272,1,9.68117141723633,16.6070650946512,0.410809993743896,0,4173.85,-0.330473498447694,0,"Holly Shelter","Holly Shelter","Holly Shelter1",NA
102,10,1.363,1,17.3922672271729,30155.6347096272,1,10.9469766616821,11.8409477405621,0.403279721736908,0,4173.85,-0.330473498447694,0,"Holly Shelter","Holly Shelter","Holly Shelter1",NA
103,10,1.548,0,17.2000007629395,135.890238490035,1,10.2546319961548,15.4382696424424,0.385676771402359,0,4173.85,-0.330473498447694,0,"Holly Shelter","Holly Shelter","Holly Shelter1",NA
104,10,1.363,1,17.5,30155.6347096272,1,12.9567928314209,7.83474383610187,0.453885793685913,0,4173.85,-0.330473498447694,0,"Holly Shelter","Holly Shelter","Holly Shelter1",NA
105,10,1.363,1,17.3999996185303,30155.6347096272,1,10.8943519592285,13.8611708135707,0.41392794251442,0,8.7,3.17135584856656,0,"Holly Shelter","Holly Shelter","Holly Shelter1",NA
106,10,1.363,1,17.3882808685303,30155.6347096272,1,10.7630548477173,10.991111672276,0.463901996612549,0,4173.85,-0.330473498447694,0,"Holly Shelter","Holly Shelter","Holly Shelter1",NA
107,10,1.38454545454545,1,17.2999992370605,30960.3963059861,1,8.5281400680542,15.1865479003729,0.417685180902481,0,4173.85,-0.330473498447694,0,"Holly Shelter","Holly Shelter","Holly Shelter1",NA
108,10,1.363,1,17.2000007629395,30155.6347096272,1,9.32295608520508,14.0221155193069,0.313449144363403,0,4173.85,-0.330473498447694,0,"Holly Shelter","Holly Shelter","Holly Shelter1",NA
109,10,1.363,1,17.2999992370605,30155.6347096272,1,8.79060363769531,15.1151948487188,0.426055192947388,0,4173.85,-0.330473498447694,0,"Holly Shelter","Holly Shelter","Holly Shelter1",NA
110,10,1.59,1,17.3999996185303,2516.26535005993,1,10.7245216369629,11.524133227448,0.412545412778854,0,4173.85,-0.330473498447694,0,"Holly Shelter","Holly Shelter","Holly Shelter1",NA
111,10,1.363,1,17.3955936431885,30155.6347096272,1,11.2067136764526,12.2264824688284,0.401564091444016,0,4173.85,-0.330473498447694,0,"Holly Shelter","Holly Shelter","Holly Shelter1",NA
112,10,1.363,1,17.2007465362549,30155.6347096272,1,10.0814695358276,14.1113985183759,0.396260589361191,0,4173.85,-0.330473498447694,0,"Holly Shelter","Holly Shelter","Holly Shelter1",NA
113,10,1.363,1,17.1311359405518,30155.6347096272,1,9.36598205566406,14.2998383697293,0.342805951833725,0,4173.85,-0.330473498447694,0,"Holly Shelter","Holly Shelter","Holly Shelter1",NA
114,10,1.363,1,17.3156814575195,30155.6347096272,1,9.89177799224854,13.0141356359812,0.428351312875748,0,4173.85,-0.330473498447694,0,"Holly Shelter","Holly Shelter","Holly Shelter1",NA
115,10,1.363,1,17.3658466339111,30155.6347096272,1,10.9662504196167,11.2258820141434,0.415704309940338,0,4173.85,-0.330473498447694,0,"Holly Shelter","Holly Shelter","Holly Shelter1",NA
116,10,1.363,1,17.269847869873,30155.6347096272,1,10.1128492355347,16.9433290101363,0.420090973377228,0,4173.85,-0.330473498447694,0,"Holly Shelter","Holly Shelter","Holly Shelter1",NA
117,10,1.38454545454545,1,17.2999992370605,30960.3963059861,1,10.1615314483643,12.4204077815249,0.419046670198441,0,4173.85,-0.330473498447694,0,"Holly Shelter","Holly Shelter","Holly Shelter1",NA
118,10,1.58,1,17.4000015258789,2194.43730697846,1,10.3624305725098,11.905618059977,0.430149883031845,0,4173.85,-0.330473498447694,0,"Holly Shelter","Holly Shelter","Holly Shelter1",NA
119,10,1.363,1,17.4923515319824,30155.6347096272,1,12.1939315795898,8.58324291553236,0.427345484495163,0,4173.85,-0.330473498447694,0,"Holly Shelter","Holly Shelter","Holly Shelter1",NA
120,10,1.548,0,17.2999992370605,24.1317964935277,1,9.62246990203857,18.3937459145511,0.384600311517715,0,4173.85,-0.330473498447694,0,"Holly Shelter","Holly Shelter","Holly Shelter1",NA
121,10,1.44315789473684,1,17.6117630004883,30491.0797269378,1,14.1376714706421,7.60250124837519,0.341131150722504,0,4173.85,-0.330473498447694,0,"Holly Shelter","Holly Shelter","Holly Shelter1",NA
122,10,1.363,1,17.5000019073486,747.061887366824,1,12.7248115539551,7.99743190742499,0.430953770875931,0,4173.85,-0.330473498447694,0,"Holly Shelter","Holly Shelter","Holly Shelter1",NA
123,10,1.363,1,17.257926940918,30155.6347096272,1,9.63965225219727,13.712079541261,0.405580818653107,0,4173.85,-0.330473498447694,0,"Holly Shelter","Holly Shelter","Holly Shelter1",NA
124,10,1.363,1,17.2999992370605,30155.6347096272,1,10.1261501312256,12.8038733801833,0.434864163398743,0,4173.85,-0.330473498447694,0,"Holly Shelter","Holly Shelter","Holly Shelter1",NA
125,10,1.452,1,17.6070442199707,30280.9980107627,1,14.8229684829712,6.50149751388723,0.429332315921783,0,4173.85,-0.330473498447694,0,"Holly Shelter","Holly Shelter","Holly Shelter1",NA
126,10,1.56,1,17.6592292785645,256.979381603471,1,12.6461534500122,8.25516912978196,0.400735586881638,0,4173.85,-0.330473498447694,0,"Holly Shelter","Holly Shelter","Holly Shelter1",NA
127,10,1.58,1,17.3802528381348,2194.43730697846,1,11.2658853530884,11.0003222491924,0.394552856683731,0,4173.85,-0.330473498447694,0,"Holly Shelter","Holly Shelter","Holly Shelter1",NA
128,10,1.363,1,17.353141784668,30155.6347096272,1,10.1713275909424,12.6173255287492,0.429928690195084,0,4173.85,-0.330473498447694,0,"Holly Shelter","Holly Shelter","Holly Shelter1",NA
129,10,1.38454545454545,1,17.2999992370605,30960.3963059861,1,10.297269821167,11.9961153001054,0.436830252408981,0,4173.85,-0.330473498447694,0,"Holly Shelter","Holly Shelter","Holly Shelter1",NA
130,10,1.58,1,17.3440628051758,2194.43730697846,1,10.7953424453735,11.4103529191338,0.423146456480026,0,4173.85,-0.330473498447694,0,"Holly Shelter","Holly Shelter","Holly Shelter1",NA
131,10,1.39909090909091,1,17.5,30241.2308795243,1,11.365213394165,15.169949453585,0.40330758690834,0,8.7,3.17135584856656,0,"Holly Shelter","Holly Shelter","Holly Shelter1",NA
132,10,1.548,0,17.2999992370605,24.528253053335,1,9.53037261962891,18.8912075551878,0.392250269651413,0,4173.85,-0.330473498447694,0,"Holly Shelter","Holly Shelter","Holly Shelter1",NA
133,10,1.363,1,17.2586688995361,30155.6347096272,1,9.93262004852295,15.1741122581045,0.430385202169418,0,4173.85,-0.330473498447694,0,"Holly Shelter","Holly Shelter","Holly Shelter1",NA
134,10,1.363,1,17.284309387207,30155.6347096272,1,9.28036975860596,14.2617886583355,0.383170664310455,0,4173.85,-0.330473498447694,0,"Holly Shelter","Holly Shelter","Holly Shelter1",NA
135,10,1.363,1,17.2000007629395,30155.6347096272,1,10.0569429397583,14.4131476445814,0.391854465007782,0,4173.85,-0.330473498447694,0,"Holly Shelter","Holly Shelter","Holly Shelter1",NA
136,10,1.363,1,17.4999980926514,30155.6347096272,1,13.0194673538208,8.84307706372091,0.447489470243454,0,8.7,3.17135584856656,0,"Holly Shelter","Holly Shelter","Holly Shelter1",NA
137,10,1.363,1,17.1000003814697,30155.6347096272,1,9.44796943664551,14.044426775087,0.384471982717514,0,4173.85,-0.330473498447694,0,"Holly Shelter","Holly Shelter","Holly Shelter1",NA
138,10,1.363,1,17.2000007629395,30155.6347096272,1,9.35471820831299,13.5602080074646,0.339801132678986,0,4173.85,-0.330473498447694,0,"Holly Shelter","Holly Shelter","Holly Shelter1",NA
139,10,1.445625,1,17.5,30366.8164542144,1,10.5892686843872,14.9763525012267,0.389576971530914,0,8.7,3.17135584856656,0,"Holly Shelter","Holly Shelter","Holly Shelter1",NA
140,10,1.53428571428571,1,17.6340007781982,1648.29032608412,1,13.201545715332,7.86984727615003,0.377119809389114,0,4173.85,-0.330473498447694,0,"Holly Shelter","Holly Shelter","Holly Shelter1",NA
141,10,1.58,1,17.337345123291,2194.43730697846,1,11.7420682907104,9.70602303218567,0.433440357446671,0,4173.85,-0.330473498447694,0,"Holly Shelter","Holly Shelter","Holly Shelter1",NA
142,10,1.363,1,17.5,30155.6347096272,1,10.3968048095703,15.1477940263732,0.429144948720932,0,8.7,3.17135584856656,0,"Holly Shelter","Holly Shelter","Holly Shelter1",NA
144,10,1.363,1,17.5,30155.6347096272,1,14.7830228805542,6.85913528133445,0.457981735467911,0,4173.85,-0.330473498447694,0,"Holly Shelter","Holly Shelter","Holly Shelter1",NA
146,10,1.6,1,17.2937507629395,804.761596358855,1,8.67645168304443,15.2393497694578,0.246712312102318,0,4173.85,-0.330473498447694,0,"Holly Shelter","Holly Shelter","Holly Shelter1",NA
148,10,1.363,1,17.3999996185303,30155.6347096272,1,12.5030612945557,10.0228140471534,0.459394007921219,0,8.7,3.17135584856656,0,"Holly Shelter","Holly Shelter","Holly Shelter1",NA
149,10,1.363,1,17.2069530487061,30155.6347096272,1,9.46123790740967,17.5559544864949,0.403115451335907,0,4173.85,-0.330473498447694,0,"Holly Shelter","Holly Shelter","Holly Shelter1",NA
150,10,1.363,1,17.5,30155.6347096272,1,12.8950042724609,9.09597504438084,0.456785827875137,0,8.7,3.17135584856656,0,"Holly Shelter","Holly Shelter","Holly Shelter1",NA
151,10,1.41307692307692,1,17.4487705230713,2941.49919434528,1,11.9593229293823,9.4872045968175,0.417435169219971,0,4173.85,-0.330473498447694,0,"Holly Shelter","Holly Shelter","Holly Shelter1",NA
152,10,1.363,1,17.2999992370605,30155.6347096272,1,9.70056629180908,14.0652934779766,0.411092340946198,0,4173.85,-0.330473498447694,0,"Holly Shelter","Holly Shelter","Holly Shelter1",NA
153,10,1.363,1,17.3999996185303,30155.6347096272,1,11.4663000106812,12.3952471200718,0.414791494607925,0,8.7,3.17135584856656,0,"Holly Shelter","Holly Shelter","Holly Shelter1",NA
154,10,1.363,1,17.1999988555908,30155.6347096272,1,9.40474987030029,13.4766723485355,0.401825487613678,0,4173.85,-0.330473498447694,0,"Holly Shelter","Holly Shelter","Holly Shelter1",NA
155,10,1.41307692307692,1,17.3998947143555,2941.49919434528,1,11.8854742050171,9.30056576229375,0.420609265565872,0,4173.85,-0.330473498447694,0,"Holly Shelter","Holly Shelter","Holly Shelter1",NA
156,10,1.42466666666667,1,17.4999980926514,30281.2202843173,1,10.3630952835083,14.8699123092504,0.410037577152252,0,8.7,3.17135584856656,0,"Holly Shelter","Holly Shelter","Holly Shelter1",NA
157,10,1.363,1,17.3925628662109,30155.6347096272,1,10.9269857406616,10.8026361101496,0.438885658979416,0,4173.85,-0.330473498447694,0,"Holly Shelter","Holly Shelter","Holly Shelter1",NA
158,10,1.548,0,17.5,324.740267379333,1,12.63365650177,8.27517363739214,0.370224207639694,0,4173.85,-0.330473498447694,0,"Holly Shelter","Holly Shelter","Holly Shelter1",NA
159,10,1.58,1,17.4111938476562,2194.43730697846,1,11.7709398269653,10.1754509858831,0.409223526716232,0,4173.85,-0.330473498447694,0,"Holly Shelter","Holly Shelter","Holly Shelter1",NA
160,10,1.363,1,17.1999988555908,30155.6347096272,1,9.33747005462646,14.3636613699566,0.340900778770447,0,4173.85,-0.330473498447694,0,"Holly Shelter","Holly Shelter","Holly Shelter1",NA
161,10,1.46411764705882,1,17.5,30278.9350151365,1,10.7492055892944,15.5473738523539,0.40633088350296,0,8.7,3.17135584856656,0,"Holly Shelter","Holly Shelter","Holly Shelter1",NA
162,10,1.363,1,17.2000007629395,30155.6347096272,1,9.40564155578613,17.9836697352733,0.400329500436783,0,4173.85,-0.330473498447694,0,"Holly Shelter","Holly Shelter","Holly Shelter1",NA
163,10,1.41307692307692,1,17.3999996185303,32350.0720166057,1,10.3009595870972,12.3153986167712,0.429619073867798,0,4173.85,-0.330473498447694,0,"Holly Shelter","Holly Shelter","Holly Shelter1",NA
164,10,1.363,1,17.223388671875,30155.6347096272,1,9.86405658721924,14.5154297723607,0.442451685667038,0,4173.85,-0.330473498447694,0,"Holly Shelter","Holly Shelter","Holly Shelter1",NA
165,10,1.363,1,17.2231311798096,30155.6347096272,1,9.57452964782715,13.3323946654316,0.438250243663788,0,4173.85,-0.330473498447694,0,"Holly Shelter","Holly Shelter","Holly Shelter1",NA
166,10,1.58333333333333,0,17.4859352111816,211.181744587126,1,9.34350776672363,15.3659157015297,0.45719188451767,0,8.7,3.17135584856656,0,"Holly Shelter","Holly Shelter","Holly Shelter1",NA
167,10,1.363,1,17.4096012115479,30155.6347096272,1,11.5261125564575,10.0496192780798,0.416451305150986,0,4173.85,-0.330473498447694,0,"Holly Shelter","Holly Shelter","Holly Shelter1",NA
168,10,1.41307692307692,1,17.4129867553711,2941.49919434528,1,12.0618228912354,9.43091161158298,0.401756197214127,0,4173.85,-0.330473498447694,0,"Holly Shelter","Holly Shelter","Holly Shelter1",NA
169,10,1.41307692307692,1,17.3999996185303,32350.0720166057,1,10.1332931518555,12.2547464790867,0.416783690452576,0,4173.85,-0.330473498447694,0,"Holly Shelter","Holly Shelter","Holly Shelter1",NA
170,10,1.548,0,17.4665985107422,163.695800272917,1,9.80482769012451,11.7604843920295,0.371917486190796,0,4173.85,-0.330473498447694,0,"Holly Shelter","Holly Shelter","Holly Shelter1",NA
171,10,1.363,1,17.2683086395264,30155.6347096272,1,9.75449848175049,17.4888409801895,0.403020530939102,0,4173.85,-0.330473498447694,0,"Holly Shelter","Holly Shelter","Holly Shelter1",NA
172,10,1.363,1,17.4968852996826,30155.6347096272,1,12.9292039871216,9.15891459489523,0.464241862297058,0,8.7,3.17135584856656,0,"Holly Shelter","Holly Shelter","Holly Shelter1",NA
173,10,1.363,1,17.3999996185303,30155.6347096272,1,10.6964359283447,14.3213691819395,0.413087368011475,0,8.7,3.17135584856656,0,"Holly Shelter","Holly Shelter","Holly Shelter1",NA
174,10,1.363,1,17.3182067871094,30155.6347096272,1,9.73143291473389,12.7403870026285,0.38157194852829,0,4173.85,-0.330473498447694,0,"Holly Shelter","Holly Shelter","Holly Shelter1",NA
175,10,1.45055555555556,1,17.6028861999512,32409.1242522131,1,14.1136512756348,7.10242166673925,0.425228953361511,0,4173.85,-0.330473498447694,0,"Holly Shelter","Holly Shelter","Holly Shelter1",NA
176,10,1.42466666666667,1,17.6671180725098,30480.3749770066,1,13.9173240661621,7.73792575457963,0.375309765338898,0,4173.85,-0.330473498447694,0,"Holly Shelter","Holly Shelter","Holly Shelter1",NA
178,10,1.363,1,17.3000011444092,30155.6347096272,1,9.39273929595947,14.809640057067,0.431998491287231,0,4173.85,-0.330473498447694,0,"Holly Shelter","Holly Shelter","Holly Shelter1",NA
179,10,1.363,1,17.3999996185303,30155.6347096272,1,11.3679141998291,10.9110532214441,0.406276047229767,0,4173.85,-0.330473498447694,0,"Holly Shelter","Holly Shelter","Holly Shelter1",NA
180,10,1.62,0,17.462739944458,16.8033694782744,1,11.788013458252,9.79012215643884,0.374297082424164,0,4173.85,-0.330473498447694,0,"Holly Shelter","Holly Shelter","Holly Shelter1",NA
181,10,1.38454545454545,1,17.2000007629395,30960.3963059861,1,9.5779619216919,13.3550938097089,0.430488526821136,0,4173.85,-0.330473498447694,0,"Holly Shelter","Holly Shelter","Holly Shelter1",NA
182,10,1.42466666666667,1,17.2594718933105,30291.5249481173,1,10.0598278045654,14.6682531534549,0.389138728380203,0,4173.85,-0.330473498447694,0,"Holly Shelter","Holly Shelter","Holly Shelter1",NA
183,10,1.445625,1,17.4259796142578,30318.8013449481,1,9.51896858215332,15.9590811583972,0.404012531042099,0,8.7,3.17135584856656,0,"Holly Shelter","Holly Shelter","Holly Shelter1",NA
184,10,1.43058823529412,1,17.7000007629395,31822.8587667099,1,13.8189878463745,7.80987025325237,0.38044947385788,0,4173.85,-0.330473498447694,0,"Holly Shelter","Holly Shelter","Holly Shelter1",NA
185,10,1.44315789473684,1,17.6649761199951,30280.3522724853,1,15.8044862747192,6.57000636644589,0.376228660345078,0,4173.85,-0.330473498447694,0,"Holly Shelter","Holly Shelter","Holly Shelter1",NA
186,10,1.363,1,17.1000900268555,30155.6347096272,1,9.53454113006592,14.5564690346894,0.41926121711731,0,4173.85,-0.330473498447694,0,"Holly Shelter","Holly Shelter","Holly Shelter1",NA
188,10,1.363,1,17.4935264587402,30155.6347096272,1,12.7774133682251,9.82003645892888,0.455268144607544,0,8.7,3.17135584856656,0,"Holly Shelter","Holly Shelter","Holly Shelter1",NA
189,10,1.363,1,17.2999992370605,30155.6347096272,1,9.79769134521484,16.2783330444955,0.420684695243835,0,8.7,3.17135584856656,0,"Holly Shelter","Holly Shelter","Holly Shelter1",NA
190,10,1.47173913043478,1,17.6125755310059,30415.513169369,1,15.9972238540649,5.83075020547287,0.410317718982697,0,4173.85,-0.330473498447694,0,"Holly Shelter","Holly Shelter","Holly Shelter1",NA
191,10,1.58,1,17.7134437561035,122.106987470172,1,15.8927917480469,5.80139961385175,0.42527237534523,0,4173.85,-0.330473498447694,0,"Holly Shelter","Holly Shelter","Holly Shelter1",NA
192,10,1.363,1,17.2000007629395,30155.6347096272,1,9.53468227386475,18.0055588249449,0.419976592063904,0,4173.85,-0.330473498447694,0,"Holly Shelter","Holly Shelter","Holly Shelter1",NA
193,10,1.363,1,17.5,30155.6347096272,1,13.000431060791,8.325129511113,0.456539869308472,0,4173.85,-0.330473498447694,0,"Holly Shelter","Holly Shelter","Holly Shelter1",NA
194,10,1.363,1,17.2000007629395,30155.6347096272,1,9.44921207427979,18.0927276746093,0.413784831762314,0,4173.85,-0.330473498447694,0,"Holly Shelter","Holly Shelter","Holly Shelter1",NA
195,10,1.41307692307692,1,17.2999992370605,32350.0720166057,1,9.93106937408447,12.1929891794402,0.377336919307709,0,4173.85,-0.330473498447694,0,"Holly Shelter","Holly Shelter","Holly Shelter1",NA
196,10,1.363,1,17.2999992370605,30155.6347096272,1,10.3758964538574,12.0355649821641,0.420766323804855,0,4173.85,-0.330473498447694,0,"Holly Shelter","Holly Shelter","Holly Shelter1",NA
197,10,1.47,1,17.4984683990479,30444.3869196382,1,10.5418224334717,15.5672621850876,0.403681993484497,0,8.7,3.17135584856656,0,"Holly Shelter","Holly Shelter","Holly Shelter1",NA
198,10,1.363,1,17.4974365234375,30155.6347096272,1,11.9826240539551,9.2521220875852,0.435187011957169,0,4173.85,-0.330473498447694,0,"Holly Shelter","Holly Shelter","Holly Shelter1",NA
199,10,1.363,1,17.2999992370605,30155.6347096272,1,9.71563720703125,13.2493323330483,0.397042393684387,0,4173.85,-0.330473498447694,0,"Holly Shelter","Holly Shelter","Holly Shelter1",NA
200,10,1.38454545454545,1,17.2465133666992,30960.3963059861,1,9.9790620803833,12.6788586987193,0.431329697370529,0,4173.85,-0.330473498447694,0,"Holly Shelter","Holly Shelter","Holly Shelter1",NA
201,10,1.363,1,17.3000011444092,30155.6347096272,1,10.1997957229614,12.4526830935461,0.452632248401642,0,4173.85,-0.330473498447694,0,"Holly Shelter","Holly Shelter","Holly Shelter1",NA
202,10,1.363,1,17.2000007629395,30155.6347096272,1,9.6611156463623,15.2399071746241,0.346072405576706,0,4173.85,-0.330473498447694,0,"Holly Shelter","Holly Shelter","Holly Shelter1",NA
203,10,1.363,1,17.2999973297119,30155.6347096272,1,9.65372276306152,12.9023035659131,0.416065990924835,0,4173.85,-0.330473498447694,0,"Holly Shelter","Holly Shelter","Holly Shelter1",NA
205,10,1.44315789473684,1,17.6518211364746,30280.3522724853,1,14.6229734420776,6.84609545408183,0.405186504125595,0,4173.85,-0.330473498447694,0,"Holly Shelter","Holly Shelter","Holly Shelter1",NA
206,10,1.363,1,17.2000007629395,30155.6347096272,1,9.65911388397217,14.0651747189114,0.389514088630676,0,4173.85,-0.330473498447694,0,"Holly Shelter","Holly Shelter","Holly Shelter1",NA
207,10,1.548,0,17.2999992370605,24.1317964935277,1,9.56566619873047,18.5295228993128,0.38077050447464,0,4173.85,-0.330473498447694,0,"Holly Shelter","Holly Shelter","Holly Shelter1",NA
209,10,1.363,1,17.3999996185303,30155.6347096272,1,11.9162082672119,11.3388136321989,0.426384419202805,0,4173.85,-0.330473498447694,0,"Holly Shelter","Holly Shelter","Holly Shelter1",NA
211,10,1.42466666666667,1,17.6975898742676,30480.3749770066,1,14.5306062698364,7.33356687400456,0.376007884740829,0,4173.85,-0.330473498447694,0,"Holly Shelter","Holly Shelter","Holly Shelter1",NA
212,10,1.363,1,17.2679843902588,30155.6347096272,1,10.1333961486816,16.5551249926533,0.401888787746429,0,4173.85,-0.330473498447694,0,"Holly Shelter","Holly Shelter","Holly Shelter1",NA
213,10,1.363,1,17.4000015258789,30155.6347096272,1,11.1316184997559,13.4076467516615,0.382766366004944,0,8.7,3.17135584856656,0,"Holly Shelter","Holly Shelter","Holly Shelter1",NA
214,10,1.363,1,17.2000007629395,30155.6347096272,1,9.93368434906006,15.4206737776476,0.435801476240158,0,4173.85,-0.330473498447694,0,"Holly Shelter","Holly Shelter","Holly Shelter1",NA
215,10,1.363,1,17.3999996185303,30155.6347096272,1,11.2618217468262,10.5874436201212,0.42334309220314,0,4173.85,-0.330473498447694,0,"Holly Shelter","Holly Shelter","Holly Shelter1",NA
217,10,1.42466666666667,1,17.6021633148193,30193.9967041251,1,14.3430137634277,6.93259751282287,0.436080902814865,0,4173.85,-0.330473498447694,0,"Holly Shelter","Holly Shelter","Holly Shelter1",NA
218,10,1.363,1,17.266716003418,30155.6347096272,1,10.0783910751343,12.822907302138,0.406394988298416,0,4173.85,-0.330473498447694,0,"Holly Shelter","Holly Shelter","Holly Shelter1",NA
219,10,1.56,1,17.5,2253.48954258592,1,12.7125978469849,7.52129963217752,0.453188478946686,0,4173.85,-0.330473498447694,0,"Holly Shelter","Holly Shelter","Holly Shelter1",NA
220,10,1.363,1,17.2746047973633,30155.6347096272,1,10.0797500610352,16.4221689204762,0.409426331520081,0,4173.85,-0.330473498447694,0,"Holly Shelter","Holly Shelter","Holly Shelter1",NA
221,10,1.41307692307692,1,17.3999996185303,2941.49919434528,1,11.9842157363892,9.36574381624353,0.411872088909149,0,4173.85,-0.330473498447694,0,"Holly Shelter","Holly Shelter","Holly Shelter1",NA
222,10,1.47166666666667,1,17.266939163208,31014.2096548774,1,8.32083415985107,15.9933636058832,0.437146902084351,0,4173.85,-0.330473498447694,0,"Holly Shelter","Holly Shelter","Holly Shelter1",NA
223,10,1.55666666666667,1,17.2000007629395,856.36777439667,1,7.81292295455933,15.8609430201658,0.403804391622543,0,4173.85,-0.330473498447694,0,"Holly Shelter","Holly Shelter","Holly Shelter1",NA
224,10,1.363,1,17.1900367736816,30155.6347096272,1,9.48812389373779,14.7906392900144,0.395579546689987,0,4173.85,-0.330473498447694,0,"Holly Shelter","Holly Shelter","Holly Shelter1",NA
225,10,1.41307692307692,1,17.3999996185303,32350.0720166057,1,10.1830577850342,12.4461790126601,0.419851660728455,0,4173.85,-0.330473498447694,0,"Holly Shelter","Holly Shelter","Holly Shelter1",NA
226,10,1.45055555555556,1,17.7266654968262,30393.7991317622,1,15.9972496032715,5.76421935583798,0.422003597021103,0,4173.85,-0.330473498447694,0,"Holly Shelter","Holly Shelter","Holly Shelter1",NA
227,10,1.548,0,17.3988056182861,24.8216221898483,1,8.65968799591064,19.1250784938615,0.406307846307755,0,4173.85,-0.330473498447694,0,"Holly Shelter","Holly Shelter","Holly Shelter1",NA
228,10,1.62,0,17.3999996185303,321.828043081472,1,10.9369449615479,10.8497727910444,0.409351110458374,0,4173.85,-0.330473498447694,0,"Holly Shelter","Holly Shelter","Holly Shelter1",NA
232,10,1.58,1,17.3770771026611,2194.43730697846,1,11.1158418655396,10.4213828834793,0.429727852344513,0,4173.85,-0.330473498447694,0,"Holly Shelter","Holly Shelter","Holly Shelter1",NA
233,10,1.363,1,17.2999992370605,30155.6347096272,1,10.2859334945679,12.6744743638085,0.379331022500992,0,4173.85,-0.330473498447694,0,"Holly Shelter","Holly Shelter","Holly Shelter1",NA
234,10,1.56666666666667,1,17.4971656799316,2679.96115033285,1,10.3398132324219,11.2886888891611,0.401956409215927,0,4173.85,-0.330473498447694,0,"Holly Shelter","Holly Shelter","Holly Shelter1",NA
235,10,1.363,1,17.2484264373779,30155.6347096272,1,10.0297422409058,13.1203883015466,0.387500017881393,0,4173.85,-0.330473498447694,0,"Holly Shelter","Holly Shelter","Holly Shelter1",NA
236,10,1.363,1,17.3999996185303,30155.6347096272,1,11.4605121612549,12.0910079889473,0.393522024154663,0,8.7,3.17135584856656,0,"Holly Shelter","Holly Shelter","Holly Shelter1",NA
238,10,1.38454545454545,1,17.3279514312744,30960.3963059861,1,10.4686632156372,11.6358799579778,0.439769685268402,0,4173.85,-0.330473498447694,0,"Holly Shelter","Holly Shelter","Holly Shelter1",NA
239,10,1.548,0,17.3194770812988,93.9874027525643,1,8.56618881225586,12.5610494001168,0.395592570304871,0,4173.85,-0.330473498447694,0,"Holly Shelter","Holly Shelter","Holly Shelter1",NA
240,10,1.363,1,17.1999988555908,30155.6347096272,1,9.71896076202393,15.7927020390584,0.398480653762817,0,4173.85,-0.330473498447694,0,"Holly Shelter","Holly Shelter","Holly Shelter1",NA
242,10,1.363,1,17.3000011444092,30155.6347096272,1,9.66591835021973,13.1104020037361,0.447225540876389,0,4173.85,-0.330473498447694,0,"Holly Shelter","Holly Shelter","Holly Shelter1",NA
243,10,1.363,1,17.4995422363281,30155.6347096272,1,11.4118709564209,10.109941145735,0.412682294845581,0,4173.85,-0.330473498447694,0,"Holly Shelter","Holly Shelter","Holly Shelter1",NA
245,10,1.363,1,17.4758930206299,30155.6347096272,1,12.1689434051514,9.62911246655439,0.464696794748306,0,4173.85,-0.330473498447694,0,"Holly Shelter","Holly Shelter","Holly Shelter1",NA
246,10,1.363,1,17.2201232910156,30155.6347096272,1,9.95687961578369,12.5765110093983,0.409277021884918,0,4173.85,-0.330473498447694,0,"Holly Shelter","Holly Shelter","Holly Shelter1",NA
247,10,1.363,1,17.3047046661377,30155.6347096272,1,10.6783657073975,13.3465018831256,0.395785450935364,0,8.7,3.17135584856656,0,"Holly Shelter","Holly Shelter","Holly Shelter1",NA
249,10,1.363,1,17.4004898071289,30155.6347096272,1,12.4544486999512,9.96111435498921,0.460285842418671,0,4173.85,-0.330473498447694,0,"Holly Shelter","Holly Shelter","Holly Shelter1",NA
250,10,1.363,1,17.2000007629395,30155.6347096272,1,10.1213159561157,14.2274231102548,0.385467052459717,0,4173.85,-0.330473498447694,0,"Holly Shelter","Holly Shelter","Holly Shelter1",NA
251,10,1.363,1,17.3900032043457,30155.6347096272,1,11.523344039917,9.37161557834257,0.438889443874359,0,4173.85,-0.330473498447694,0,"Holly Shelter","Holly Shelter","Holly Shelter1",NA
252,10,1.363,1,17.3999214172363,30155.6347096272,1,11.4084901809692,9.95459048211874,0.432563453912735,0,4173.85,-0.330473498447694,0,"Holly Shelter","Holly Shelter","Holly Shelter1",NA
253,10,1.363,1,17.6389064788818,30155.6347096272,1,13.2944660186768,7.4938757156437,0.433255136013031,0,4173.85,-0.330473498447694,0,"Holly Shelter","Holly Shelter","Holly Shelter1",NA
254,10,1.363,1,17.3114585876465,30155.6347096272,1,9.96750926971436,14.3028735584147,0.437292844057083,0,8.7,3.17135584856656,0,"Holly Shelter","Holly Shelter","Holly Shelter1",NA
256,10,1.363,1,17.2999992370605,30155.6347096272,1,10.5109977722168,11.6061942018708,0.441402077674866,0,4173.85,-0.330473498447694,0,"Holly Shelter","Holly Shelter","Holly Shelter1",NA
257,10,1.363,1,17.3572235107422,30155.6347096272,1,9.85002899169922,13.0193240744446,0.388159364461899,0,4173.85,-0.330473498447694,0,"Holly Shelter","Holly Shelter","Holly Shelter1",NA
258,10,1.363,1,17.1086864471436,30155.6347096272,1,9.36862850189209,14.7372726245574,0.345988303422928,0,4173.85,-0.330473498447694,0,"Holly Shelter","Holly Shelter","Holly Shelter1",NA
259,10,1.363,1,17.2000007629395,30155.6347096272,1,9.78765392303467,14.9327821399736,0.401722490787506,0,4173.85,-0.330473498447694,0,"Holly Shelter","Holly Shelter","Holly Shelter1",NA
260,10,1.41307692307692,1,17.5,32350.0720166057,1,12.5870895385742,7.86196467310522,0.447621673345566,0,4173.85,-0.330473498447694,0,"Holly Shelter","Holly Shelter","Holly Shelter1",NA
261,10,1.363,1,17.4957313537598,747.061887366824,1,12.4681768417358,8.66585105301107,0.386743932962418,0,4173.85,-0.330473498447694,0,"Holly Shelter","Holly Shelter","Holly Shelter1",NA
262,10,1.548,0,17.5,163.695800272917,1,10.204644203186,11.5088812443937,0.41085159778595,0,4173.85,-0.330473498447694,0,"Holly Shelter","Holly Shelter","Holly Shelter1",NA
265,10,1.38454545454545,1,17.2445983886719,30960.3963059861,1,10.0408039093018,12.3481581902854,0.422723084688187,0,4173.85,-0.330473498447694,0,"Holly Shelter","Holly Shelter","Holly Shelter1",NA
266,10,1.363,1,17.5,30155.6347096272,1,12.9532833099365,7.640837113329,0.44341829419136,0,4173.85,-0.330473498447694,0,"Holly Shelter","Holly Shelter","Holly Shelter1",NA
267,10,1.548,0,17.2020225524902,13.8390572393965,1,9.56052589416504,19.0520069681138,0.393179059028625,0,4173.85,-0.330473498447694,0,"Holly Shelter","Holly Shelter","Holly Shelter1",NA
268,10,1.363,1,17.2161674499512,30155.6347096272,1,9.98761558532715,13.3525052495189,0.398729830980301,0,4173.85,-0.330473498447694,0,"Holly Shelter","Holly Shelter","Holly Shelter1",NA
269,10,1.363,1,17.2000007629395,30155.6347096272,1,9.78661918640137,14.3505422928698,0.403034061193466,0,4173.85,-0.330473498447694,0,"Holly Shelter","Holly Shelter","Holly Shelter1",NA
270,10,1.363,1,17.4433135986328,30155.6347096272,1,12.3145933151245,10.280823910797,0.437207132577896,0,4173.85,-0.330473498447694,0,"Holly Shelter","Holly Shelter","Holly Shelter1",NA
271,10,1.363,1,17.3999996185303,30155.6347096272,1,11.9417285919189,11.7237492156708,0.420317560434341,0,8.7,3.17135584856656,0,"Holly Shelter","Holly Shelter","Holly Shelter1",NA
272,10,1.363,1,17.2000007629395,30155.6347096272,1,9.85929584503174,14.8738586716301,0.415893942117691,0,4173.85,-0.330473498447694,0,"Holly Shelter","Holly Shelter","Holly Shelter1",NA
273,10,1.363,1,17.3999996185303,30155.6347096272,1,11.2428007125854,12.3661125228945,0.387943714857101,0,8.7,3.17135584856656,0,"Holly Shelter","Holly Shelter","Holly Shelter1",NA
275,10,1.42466666666667,1,17.5973052978516,1071.80215474616,1,12.7885255813599,8.12024340147654,0.381581395864487,0,4173.85,-0.330473498447694,0,"Holly Shelter","Holly Shelter","Holly Shelter1",NA
276,10,1.363,1,17.2997207641602,30155.6347096272,1,9.53646755218506,14.3125834388369,0.441167324781418,0,4173.85,-0.330473498447694,0,"Holly Shelter","Holly Shelter","Holly Shelter1",NA
277,10,1.363,1,17.2000007629395,30155.6347096272,1,9.80514430999756,13.6171062456573,0.393711239099503,0,4173.85,-0.330473498447694,0,"Holly Shelter","Holly Shelter","Holly Shelter1",NA
278,10,1.363,1,17.2999992370605,30155.6347096272,1,10.1336917877197,15.6483582509696,0.405562430620193,0,4173.85,-0.330473498447694,0,"Holly Shelter","Holly Shelter","Holly Shelter1",NA
279,10,1.58,1,17.3999996185303,2194.43730697846,1,11.8949413299561,9.86105567824707,0.427690774202347,0,4173.85,-0.330473498447694,0,"Holly Shelter","Holly Shelter","Holly Shelter1",NA
280,10,1.42466666666667,1,17.3219928741455,30282.1511139022,1,9.88707637786865,16.1195810095796,0.422309011220932,0,8.7,3.17135584856656,0,"Holly Shelter","Holly Shelter","Holly Shelter1",NA
281,10,1.363,1,17.3560619354248,30155.6347096272,1,10.0506629943848,15.4026088004466,0.426907896995544,0,8.7,3.17135584856656,0,"Holly Shelter","Holly Shelter","Holly Shelter1",NA
282,10,1.363,1,17.36350440979,30155.6347096272,1,9.73310565948486,12.7523373816068,0.433376610279083,0,4173.85,-0.330473498447694,0,"Holly Shelter","Holly Shelter","Holly Shelter1",NA
283,10,1.548,0,17.5,16.460761559711,1,12.2724266052246,8.94853328411151,0.379330337047577,0,4173.85,-0.330473498447694,0,"Holly Shelter","Holly Shelter","Holly Shelter1",NA
284,10,1.363,1,17.2825622558594,30155.6347096272,1,9.89263439178467,13.604336462916,0.387986660003662,0,4173.85,-0.330473498447694,0,"Holly Shelter","Holly Shelter","Holly Shelter1",NA
285,10,1.5046875,1,17.7564811706543,30267.0394763624,1,15.7341909408569,5.84786902420537,0.380178809165955,0,4173.85,-0.330473498447694,0,"Holly Shelter","Holly Shelter","Holly Shelter1",NA
286,10,1.363,1,17.3999996185303,30155.6347096272,1,10.0917024612427,14.8821948890914,0.416064500808716,0,8.7,3.17135584856656,0,"Holly Shelter","Holly Shelter","Holly Shelter1",NA
287,10,1.363,1,17.2773113250732,30155.6347096272,1,9.87093544006348,13.2173100968629,0.409924656152725,0,4173.85,-0.330473498447694,0,"Holly Shelter","Holly Shelter","Holly Shelter1",NA
288,10,1.58,1,17.40940284729,2194.43730697846,1,10.4268274307251,11.5681785744201,0.4185471534729,0,4173.85,-0.330473498447694,0,"Holly Shelter","Holly Shelter","Holly Shelter1",NA
290,10,1.465,1,17.5781002044678,30312.5051847638,1,15.2688407897949,6.02801109197163,0.423373818397522,0,4173.85,-0.330473498447694,0,"Holly Shelter","Holly Shelter","Holly Shelter1",NA
292,10,1.548,0,17.2174167633057,13.8390572393965,1,9.6143274307251,19.0060938978539,0.412340253591537,0,4173.85,-0.330473498447694,0,"Holly Shelter","Holly Shelter","Holly Shelter1",NA
293,10,1.38454545454545,1,17.3595771789551,30960.3963059861,1,11.0682554244995,10.7481204622463,0.438027322292328,0,4173.85,-0.330473498447694,0,"Holly Shelter","Holly Shelter","Holly Shelter1",NA
294,10,1.363,1,17.5,30155.6347096272,1,12.5328130722046,8.13227107922249,0.453700453042984,0,4173.85,-0.330473498447694,0,"Holly Shelter","Holly Shelter","Holly Shelter1",NA
295,10,1.363,1,17.2136936187744,30155.6347096272,1,9.88527393341064,13.5343411039203,0.425145655870438,0,4173.85,-0.330473498447694,0,"Holly Shelter","Holly Shelter","Holly Shelter1",NA
296,10,1.363,1,17.2100391387939,30155.6347096272,1,9.74771595001221,15.0251089065571,0.384490191936493,0,4173.85,-0.330473498447694,0,"Holly Shelter","Holly Shelter","Holly Shelter1",NA
298,10,1.41307692307692,1,17.4500179290771,2941.49919434528,1,12.0706672668457,9.45895525899373,0.391584575176239,0,4173.85,-0.330473498447694,0,"Holly Shelter","Holly Shelter","Holly Shelter1",NA
300,10,1.363,1,17.2999992370605,30155.6347096272,1,10.2361660003662,12.2775123421139,0.380248218774796,0,4173.85,-0.330473498447694,0,"Holly Shelter","Holly Shelter","Holly Shelter1",NA
301,10,1.445625,1,17.4008712768555,30317.8705153632,1,8.74084281921387,15.8615573762299,0.432629495859146,0,8.7,3.17135584856656,0,"Holly Shelter","Holly Shelter","Holly Shelter1",NA
302,10,1.363,1,17.2000007629395,30155.6347096272,1,10.0029964447021,13.1024025197632,0.418748557567596,0,4173.85,-0.330473498447694,0,"Holly Shelter","Holly Shelter","Holly Shelter1",NA
303,10,1.548,0,17.2999744415283,24.528253053335,1,9.75289440155029,18.9111394330324,0.392983168363571,0,4173.85,-0.330473498447694,0,"Holly Shelter","Holly Shelter","Holly Shelter1",NA
304,10,1.363,1,17.2999992370605,30155.6347096272,1,10.138988494873,13.7835835477071,0.455100744962692,0,8.7,3.17135584856656,0,"Holly Shelter","Holly Shelter","Holly Shelter1",NA
305,10,1.59,1,17.3940906524658,2516.26535005993,1,11.262978553772,10.9408429357745,0.396967947483063,0,4173.85,-0.330473498447694,0,"Holly Shelter","Holly Shelter","Holly Shelter1",NA
306,10,1.363,1,17.1510334014893,30155.6347096272,1,9.74895572662354,15.2478321935406,0.400915056467056,0,4173.85,-0.330473498447694,0,"Holly Shelter","Holly Shelter","Holly Shelter1",NA
307,10,1.363,1,17.3117408752441,30155.6347096272,1,10.740047454834,12.6124910483396,0.361083418130875,0,8.7,3.17135584856656,0,"Holly Shelter","Holly Shelter","Holly Shelter1",NA
308,10,1.363,1,17.3999996185303,30155.6347096272,1,11.6035146713257,11.822269210004,0.420858979225159,0,4173.85,-0.330473498447694,0,"Holly Shelter","Holly Shelter","Holly Shelter1",NA
309,10,1.363,1,17.5053997039795,30155.6347096272,1,13.410439491272,7.4952587275438,0.442164957523346,0,4173.85,-0.330473498447694,0,"Holly Shelter","Holly Shelter","Holly Shelter1",NA
310,10,1.363,1,17.2000007629395,30155.6347096272,1,9.90714073181152,15.025301566235,0.411407262086868,0,4173.85,-0.330473498447694,0,"Holly Shelter","Holly Shelter","Holly Shelter1",NA
311,10,1.42466666666667,1,17.6470794677734,30214.6869452347,1,14.3192691802979,6.92112059059953,0.430980652570724,0,4173.85,-0.330473498447694,0,"Holly Shelter","Holly Shelter","Holly Shelter1",NA
312,10,1.38454545454545,1,17.220329284668,30960.3963059861,1,9.41872310638428,14.0143490595491,0.424917340278625,0,4173.85,-0.330473498447694,0,"Holly Shelter","Holly Shelter","Holly Shelter1",NA
313,10,1.363,1,17.3999996185303,30155.6347096272,1,10.777322769165,13.9882033725475,0.406555861234665,0,8.7,3.17135584856656,0,"Holly Shelter","Holly Shelter","Holly Shelter1",NA
314,10,1.363,1,17.2999992370605,30155.6347096272,1,10.3860883712769,11.8567819120043,0.445987582206726,0,4173.85,-0.330473498447694,0,"Holly Shelter","Holly Shelter","Holly Shelter1",NA
315,10,1.41307692307692,1,17.3688907623291,32350.0720166057,1,11.8112144470215,9.21763770053358,0.434579968452454,0,4173.85,-0.330473498447694,0,"Holly Shelter","Holly Shelter","Holly Shelter1",NA
316,10,1.58333333333333,0,17.2999992370605,267.613015738973,1,9.4796895980835,18.1979489418457,0.370842039585114,0,4173.85,-0.330473498447694,0,"Holly Shelter","Holly Shelter","Holly Shelter1",NA
317,10,1.363,1,17.2999992370605,30155.6347096272,1,10.6512432098389,11.4143940751273,0.441610515117645,0,4173.85,-0.330473498447694,0,"Holly Shelter","Holly Shelter","Holly Shelter1",NA
318,10,1.363,1,17.578592300415,30155.6347096272,1,14.6472759246826,6.91776757440972,0.432295024394989,0,4173.85,-0.330473498447694,0,"Holly Shelter","Holly Shelter","Holly Shelter1",NA
319,10,1.363,1,17.2093925476074,30155.6347096272,1,9.83754730224609,15.248101187328,0.401386559009552,0,4173.85,-0.330473498447694,0,"Holly Shelter","Holly Shelter","Holly Shelter1",NA
321,10,1.41307692307692,1,17.3501720428467,32350.0720166057,1,10.8216524124146,10.9547619038288,0.410634458065033,0,4173.85,-0.330473498447694,0,"Holly Shelter","Holly Shelter","Holly Shelter1",NA
323,10,1.58333333333333,0,17.2999992370605,267.613015738973,1,9.07209396362305,18.5205638139422,0.391898989677429,0,4173.85,-0.330473498447694,0,"Holly Shelter","Holly Shelter","Holly Shelter1",NA
324,10,1.363,1,17.283374786377,30155.6347096272,1,10.2078218460083,12.8061399417369,0.417073160409927,0,4173.85,-0.330473498447694,0,"Holly Shelter","Holly Shelter","Holly Shelter1",NA
325,10,1.44315789473684,1,17.5392265319824,1082.50690467744,1,13.0226697921753,7.80066014731463,0.384277492761612,0,4173.85,-0.330473498447694,0,"Holly Shelter","Holly Shelter","Holly Shelter1",NA
326,10,1.363,1,17.2999858856201,30155.6347096272,1,9.92002964019775,13.7400401377953,0.461975991725922,0,8.7,3.17135584856656,0,"Holly Shelter","Holly Shelter","Holly Shelter1",NA
327,10,1.363,1,17.2000007629395,30155.6347096272,1,9.93345737457275,13.9337038233353,0.402350425720215,0,4173.85,-0.330473498447694,0,"Holly Shelter","Holly Shelter","Holly Shelter1",NA
328,10,1.42466666666667,1,17.2000007629395,30291.5249481173,1,10.2864542007446,15.2176226551928,0.379994511604309,0,4173.85,-0.330473498447694,0,"Holly Shelter","Holly Shelter","Holly Shelter1",NA
329,10,1.41307692307692,1,17.2999992370605,32350.0720166057,1,11.4527502059937,9.71581387003276,0.383993595838547,0,4173.85,-0.330473498447694,0,"Holly Shelter","Holly Shelter","Holly Shelter1",NA
330,10,1.363,1,17.2000007629395,30155.6347096272,1,9.37264823913574,14.4782406902545,0.418294638395309,0,4173.85,-0.330473498447694,0,"Holly Shelter","Holly Shelter","Holly Shelter1",NA
331,10,1.41307692307692,1,17.3006954193115,32350.0720166057,1,10.6344804763794,11.5003502850743,0.413590997457504,0,4173.85,-0.330473498447694,0,"Holly Shelter","Holly Shelter","Holly Shelter1",NA
332,10,1.548,0,17.2000007629395,135.890238490035,1,10.3639116287231,15.519241586838,0.37984699010849,0,4173.85,-0.330473498447694,0,"Holly Shelter","Holly Shelter","Holly Shelter1",NA
333,10,1.363,1,17.2851428985596,30155.6347096272,1,9.52206325531006,13.3415379861905,0.383251935243607,0,4173.85,-0.330473498447694,0,"Holly Shelter","Holly Shelter","Holly Shelter1",NA
335,10,1.363,1,17.4012813568115,30155.6347096272,1,11.5944900512695,9.53244658195681,0.430974423885345,0,4173.85,-0.330473498447694,0,"Holly Shelter","Holly Shelter","Holly Shelter1",NA
336,10,1.363,1,17.3824920654297,30155.6347096272,1,10.8276472091675,12.3998774940336,0.348083585500717,0,8.7,3.17135584856656,0,"Holly Shelter","Holly Shelter","Holly Shelter1",NA
337,10,1.363,1,17.1633548736572,30155.6347096272,1,9.76062679290771,14.0178477698448,0.415471464395523,0,4173.85,-0.330473498447694,0,"Holly Shelter","Holly Shelter","Holly Shelter1",NA
338,10,1.363,1,17.2999992370605,30155.6347096272,1,10.1772947311401,12.3817817533928,0.409787267446518,0,4173.85,-0.330473498447694,0,"Holly Shelter","Holly Shelter","Holly Shelter1",NA
339,10,1.58,1,17.3999996185303,2194.43730697846,1,11.6129531860352,10.5671883474016,0.399519920349121,0,4173.85,-0.330473498447694,0,"Holly Shelter","Holly Shelter","Holly Shelter1",NA
340,10,1.363,1,17.3999996185303,30155.6347096272,1,10.7432327270508,13.939795403224,0.402282387018204,0,8.7,3.17135584856656,0,"Holly Shelter","Holly Shelter","Holly Shelter1",NA
341,10,1.4325,1,17.8206844329834,30394.4662098093,1,16.5034999847412,6.41332240867169,0.369100660085678,0,4173.85,-0.330473498447694,0,"Holly Shelter","Holly Shelter","Holly Shelter1",NA
342,10,1.42466666666667,1,17.5135898590088,30161.1168591669,1,14.7903566360474,6.61606889440945,0.44228920340538,0,4173.85,-0.330473498447694,0,"Holly Shelter","Holly Shelter","Holly Shelter1",NA
343,10,1.363,1,17.3996429443359,30155.6347096272,1,10.678825378418,13.7347141238648,0.399534612894058,0,8.7,3.17135584856656,0,"Holly Shelter","Holly Shelter","Holly Shelter1",NA
344,10,1.548,0,17.2999992370605,24.528253053335,1,9.64387226104736,19.1440260725618,0.380277305841446,0,4173.85,-0.330473498447694,0,"Holly Shelter","Holly Shelter","Holly Shelter1",NA
345,10,1.41307692307692,1,17.3999996185303,32350.0720166057,1,10.3021974563599,12.3865659278006,0.428797632455826,0,4173.85,-0.330473498447694,0,"Holly Shelter","Holly Shelter","Holly Shelter1",NA
346,10,1.363,1,17.2527656555176,30155.6347096272,1,9.69314002990723,16.6983996149193,0.417756348848343,0,4173.85,-0.330473498447694,0,"Holly Shelter","Holly Shelter","Holly Shelter1",NA
347,10,1.363,1,17.4263648986816,30155.6347096272,1,12.8319749832153,8.64586554269235,0.469850867986679,0,4173.85,-0.330473498447694,0,"Holly Shelter","Holly Shelter","Holly Shelter1",NA
348,10,1.363,1,17.4999980926514,30155.6347096272,1,11.7042951583862,9.72461578707821,0.424736708402634,0,4173.85,-0.330473498447694,0,"Holly Shelter","Holly Shelter","Holly Shelter1",NA
350,10,1.42466666666667,1,17.7000007629395,30243.9228238239,1,14.9029722213745,6.60900545609751,0.388185203075409,0,4173.85,-0.330473498447694,0,"Holly Shelter","Holly Shelter","Holly Shelter1",NA
351,10,1.363,1,17.2999992370605,30155.6347096272,1,10.4680871963501,11.9711546000616,0.410017669200897,0,4173.85,-0.330473498447694,0,"Holly Shelter","Holly Shelter","Holly Shelter1",NA
352,10,1.363,1,17.5,30155.6347096272,1,12.0752563476562,8.52444932233995,0.422354459762573,0,4173.85,-0.330473498447694,0,"Holly Shelter","Holly Shelter","Holly Shelter1",NA
353,10,1.363,1,17.5,30155.6347096272,1,12.8664016723633,9.35917554479132,0.444310814142227,0,8.7,3.17135584856656,0,"Holly Shelter","Holly Shelter","Holly Shelter1",NA
355,10,1.5046875,1,17.7000007629395,30267.0394763624,1,15.9828367233276,5.98897745980615,0.363765239715576,0,4173.85,-0.330473498447694,0,"Holly Shelter","Holly Shelter","Holly Shelter1",NA
356,10,1.363,1,17.3796501159668,30155.6347096272,1,10.4208898544312,13.8345195741902,0.416059017181396,0,8.7,3.17135584856656,0,"Holly Shelter","Holly Shelter","Holly Shelter1",NA
357,10,1.38454545454545,1,17.2268657684326,30960.3963059861,1,10.177357673645,12.6156461829418,0.412787914276123,0,4173.85,-0.330473498447694,0,"Holly Shelter","Holly Shelter","Holly Shelter1",NA
358,10,1.363,1,17.3213443756104,30155.6347096272,1,9.89479064941406,12.4612737852388,0.389327347278595,0,4173.85,-0.330473498447694,0,"Holly Shelter","Holly Shelter","Holly Shelter1",NA
360,10,1.45055555555556,1,17.5,32409.1242522131,1,12.9132461547852,7.54028757372997,0.449928432703018,0,4173.85,-0.330473498447694,0,"Holly Shelter","Holly Shelter","Holly Shelter1",NA
361,10,1.548,0,17.4175586700439,257.683203025482,1,8.81510066986084,12.3884580068535,0.405852019786835,0,4173.85,-0.330473498447694,0,"Holly Shelter","Holly Shelter","Holly Shelter1",NA
362,10,1.548,0,17.2999992370605,80.0934803458875,1,7.73547410964966,17.2152722849694,0.438734292984009,0,4173.85,-0.330473498447694,0,"Holly Shelter","Holly Shelter","Holly Shelter1",NA
363,10,1.363,1,17.2999973297119,30155.6347096272,1,9.88836765289307,16.0179432797169,0.424532234668732,0,8.7,3.17135584856656,0,"Holly Shelter","Holly Shelter","Holly Shelter1",NA
364,10,1.363,1,17.3377590179443,30155.6347096272,1,11.0455675125122,12.7235578563965,0.385700106620789,0,8.7,3.17135584856656,0,"Holly Shelter","Holly Shelter","Holly Shelter1",NA
365,10,1.363,1,17.3222255706787,30155.6347096272,1,10.2890310287476,14.0227941816108,0.419382989406586,0,8.7,3.17135584856656,0,"Holly Shelter","Holly Shelter","Holly Shelter1",NA
366,10,1.363,1,17.2000007629395,30155.6347096272,1,9.65846538543701,17.0341856516085,0.40094929933548,0,4173.85,-0.330473498447694,0,"Holly Shelter","Holly Shelter","Holly Shelter1",NA
367,10,1.548,0,17.2000007629395,51.6061780378151,1,9.41299915313721,16.4041848857337,0.388418942689896,0,4173.85,-0.330473498447694,0,"Holly Shelter","Holly Shelter","Holly Shelter1",NA
368,10,1.363,1,17.2000007629395,30155.6347096272,1,10.1101474761963,14.0777328183634,0.390113323926926,0,4173.85,-0.330473498447694,0,"Holly Shelter","Holly Shelter","Holly Shelter1",NA
369,10,1.363,1,17.2155590057373,30155.6347096272,1,10.0086364746094,16.5929395291882,0.415715962648392,0,4173.85,-0.330473498447694,0,"Holly Shelter","Holly Shelter","Holly Shelter1",NA
370,10,1.452,1,17.7247924804688,30297.1369072087,1,13.778883934021,7.05006318064266,0.40971514582634,0,4173.85,-0.330473498447694,0,"Holly Shelter","Holly Shelter","Holly Shelter1",NA
371,10,1.363,1,17.3999996185303,30155.6347096272,1,11.0845222473145,11.0874882355907,0.407221525907516,0,4173.85,-0.330473498447694,0,"Holly Shelter","Holly Shelter","Holly Shelter1",NA
372,10,1.363,1,17.5,30155.6347096272,1,12.0661401748657,8.58830865279014,0.426539689302444,0,4173.85,-0.330473498447694,0,"Holly Shelter","Holly Shelter","Holly Shelter1",NA
373,10,1.363,1,17.5084915161133,747.061887366824,1,12.6537437438965,8.37966246674649,0.397818952798843,0,4173.85,-0.330473498447694,0,"Holly Shelter","Holly Shelter","Holly Shelter1",NA
374,10,1.58,1,17.4962139129639,2194.43730697846,1,12.4579668045044,7.94363780535291,0.459215104579926,0,4173.85,-0.330473498447694,0,"Holly Shelter","Holly Shelter","Holly Shelter1",NA
375,10,1.363,1,17.2000007629395,30155.6347096272,1,9.9335298538208,14.498692856488,0.395389467477798,0,4173.85,-0.330473498447694,0,"Holly Shelter","Holly Shelter","Holly Shelter1",NA
376,10,1.363,1,17.3999996185303,30155.6347096272,1,10.4102993011475,12.7460797022994,0.39794647693634,0,8.7,3.17135584856656,0,"Holly Shelter","Holly Shelter","Holly Shelter1",NA
377,10,1.363,1,17.4541645050049,30155.6347096272,1,10.3264808654785,14.6576440087836,0.420895338058472,0,8.7,3.17135584856656,0,"Holly Shelter","Holly Shelter","Holly Shelter1",NA
378,10,1.58,1,17.3999977111816,2194.43730697846,1,10.240177154541,11.9220029885572,0.42739263176918,0,4173.85,-0.330473498447694,0,"Holly Shelter","Holly Shelter","Holly Shelter1",NA
379,10,1.363,1,17.2000007629395,30155.6347096272,1,10.0684108734131,13.7329623595978,0.389141529798508,0,4173.85,-0.330473498447694,0,"Holly Shelter","Holly Shelter","Holly Shelter1",NA
380,10,1.363,1,17.5,30155.6347096272,1,11.8938045501709,8.87855259153326,0.433715909719467,0,4173.85,-0.330473498447694,0,"Holly Shelter","Holly Shelter","Holly Shelter1",NA
381,10,1.56,0,17.6000003814697,52.3308208827624,1,14.5413522720337,6.86747204980542,0.39677619934082,0,4173.85,-0.330473498447694,0,"Holly Shelter","Holly Shelter","Holly Shelter1",NA
382,10,1.363,1,17.4105167388916,30155.6347096272,1,12.411901473999,8.79889030411954,0.453736007213593,0,4173.85,-0.330473498447694,0,"Holly Shelter","Holly Shelter","Holly Shelter1",NA
383,10,1.42466666666667,1,17.5,777.111803243903,1,12.2119779586792,9.05029386595432,0.379807233810425,0,4173.85,-0.330473498447694,0,"Holly Shelter","Holly Shelter","Holly Shelter1",NA
384,10,1.58333333333333,0,17.2999992370605,267.613015738973,1,10.0262584686279,17.8252006132524,0.348638266324997,0,4173.85,-0.330473498447694,0,"Holly Shelter","Holly Shelter","Holly Shelter1",NA
385,10,1.363,1,17.3999996185303,30155.6347096272,1,12.1885795593262,11.2349975085046,0.408856570720673,0,8.7,3.17135584856656,0,"Holly Shelter","Holly Shelter","Holly Shelter1",NA
386,10,1.363,1,17.4279708862305,30155.6347096272,1,12.7294511795044,8.37502049583839,0.456694960594177,0,4173.85,-0.330473498447694,0,"Holly Shelter","Holly Shelter","Holly Shelter1",NA
387,10,1.363,1,17.2010326385498,30155.6347096272,1,9.84658145904541,16.5372897307719,0.393561720848083,0,4173.85,-0.330473498447694,0,"Holly Shelter","Holly Shelter","Holly Shelter1",NA
388,10,1.53222222222222,0,17.6839084625244,133.917911768678,1,11.3425827026367,9.13024674027774,0.381156325340271,0,4173.85,-0.330473498447694,0,"Holly Shelter","Holly Shelter","Holly Shelter1",NA
389,10,1.58,1,17.3999996185303,2194.43730697846,1,10.4744234085083,11.9254916505075,0.426901459693909,0,4173.85,-0.330473498447694,0,"Holly Shelter","Holly Shelter","Holly Shelter1",NA
390,10,1.363,1,17.3413276672363,30155.6347096272,1,10.8855819702148,11.5028814427599,0.414775848388672,0,4173.85,-0.330473498447694,0,"Holly Shelter","Holly Shelter","Holly Shelter1",NA
391,10,1.363,1,17.2402629852295,30155.6347096272,1,10.1725645065308,16.2043756183325,0.422194123268127,0,4173.85,-0.330473498447694,0,"Holly Shelter","Holly Shelter","Holly Shelter1",NA
392,10,1.41307692307692,1,17.2999992370605,32350.0720166057,1,10.4758749008179,11.9387994332525,0.430378586053848,0,4173.85,-0.330473498447694,0,"Holly Shelter","Holly Shelter","Holly Shelter1",NA
393,10,1.548,0,17.4972152709961,163.695800272917,1,9.34169483184814,11.8634924011874,0.368321031332016,0,4173.85,-0.330473498447694,0,"Holly Shelter","Holly Shelter","Holly Shelter1",NA
397,10,1.363,1,17.2999992370605,30155.6347096272,1,10.1883192062378,15.6654787271532,0.409010112285614,0,4173.85,-0.330473498447694,0,"Holly Shelter","Holly Shelter","Holly Shelter1",NA
398,10,1.363,1,17.1069107055664,30155.6347096272,1,9.67433261871338,14.9084556743757,0.42408213019371,0,4173.85,-0.330473498447694,0,"Holly Shelter","Holly Shelter","Holly Shelter1",NA
399,10,1.363,1,17.2999992370605,30155.6347096272,1,10.4497003555298,11.9706179959581,0.454394042491913,0,4173.85,-0.330473498447694,0,"Holly Shelter","Holly Shelter","Holly Shelter1",NA
400,10,1.4735,1,17.5,1089.6504203333,1,13.8852891921997,7.63824549567943,0.391373842954636,0,4173.85,-0.330473498447694,0,"Holly Shelter","Holly Shelter","Holly Shelter1",NA
401,10,1.42466666666667,1,17.2392902374268,30291.5249481173,1,9.95269584655762,15.0050277210003,0.392165809869766,0,4173.85,-0.330473498447694,0,"Holly Shelter","Holly Shelter","Holly Shelter1",NA
402,10,1.5046875,1,17.7208881378174,30267.0394763624,1,15.3505249023438,6.13123934086469,0.400225520133972,0,4173.85,-0.330473498447694,0,"Holly Shelter","Holly Shelter","Holly Shelter1",NA
403,10,1.435625,1,17.2868709564209,30994.399683101,1,8.10277462005615,15.5942093948709,0.421391308307648,0,4173.85,-0.330473498447694,0,"Holly Shelter","Holly Shelter","Holly Shelter1",NA
404,10,1.363,1,17.3999996185303,30155.6347096272,1,11.2336616516113,10.7411872265575,0.425758600234985,0,4173.85,-0.330473498447694,0,"Holly Shelter","Holly Shelter","Holly Shelter1",NA
405,10,1.363,1,17.5,30155.6347096272,1,12.1981639862061,8.38789353439713,0.416043847799301,0,4173.85,-0.330473498447694,0,"Holly Shelter","Holly Shelter","Holly Shelter1",NA
406,10,1.543,1,17.6596927642822,1911.67214971756,1,13.333459854126,8.00321906988651,0.386887580156326,0,4173.85,-0.330473498447694,0,"Holly Shelter","Holly Shelter","Holly Shelter1",NA
407,10,1.58,1,17.3999996185303,2194.43730697846,1,11.2112979888916,10.3722958989676,0.432599693536758,0,4173.85,-0.330473498447694,0,"Holly Shelter","Holly Shelter","Holly Shelter1",NA
408,10,1.363,1,17.2999992370605,30155.6347096272,1,11.4267730712891,9.98602108240882,0.429654568433762,0,4173.85,-0.330473498447694,0,"Holly Shelter","Holly Shelter","Holly Shelter1",NA
409,10,1.58,1,17.3999996185303,2194.43730697846,1,11.6120233535767,10.3032462585167,0.419368892908096,0,4173.85,-0.330473498447694,0,"Holly Shelter","Holly Shelter","Holly Shelter1",NA
410,10,1.363,1,17.3999996185303,30155.6347096272,1,11.9832220077515,11.6762629000207,0.418662756681442,0,8.7,3.17135584856656,0,"Holly Shelter","Holly Shelter","Holly Shelter1",NA
411,10,1.445625,1,17.2999992370605,30195.8096240972,1,9.09986877441406,15.5829646770562,0.425078749656677,0,4173.85,-0.330473498447694,0,"Holly Shelter","Holly Shelter","Holly Shelter1",NA
412,10,1.58,1,17.4799766540527,2194.43730697846,1,11.8451089859009,9.93155706792446,0.438040047883987,0,4173.85,-0.330473498447694,0,"Holly Shelter","Holly Shelter","Holly Shelter1",NA
413,10,1.363,1,17.3999996185303,30155.6347096272,1,12.0779438018799,11.3167432316923,0.419909119606018,0,8.7,3.17135584856656,0,"Holly Shelter","Holly Shelter","Holly Shelter1",NA
414,10,1.363,1,17.3959331512451,30155.6347096272,1,10.2606201171875,14.7076053954213,0.408725619316101,0,8.7,3.17135584856656,0,"Holly Shelter","Holly Shelter","Holly Shelter1",NA
415,10,1.363,1,17.2000007629395,30155.6347096272,1,9.64972305297852,17.465864902675,0.412728905677795,0,4173.85,-0.330473498447694,0,"Holly Shelter","Holly Shelter","Holly Shelter1",NA
416,10,1.42466666666667,1,17.2053699493408,30291.5249481173,1,10.1679353713989,14.6623125165621,0.390659809112549,0,4173.85,-0.330473498447694,0,"Holly Shelter","Holly Shelter","Holly Shelter1",NA
417,10,1.41307692307692,1,17.4116535186768,32350.0720166057,1,12.3849506378174,8.3635385638404,0.453868806362152,0,4173.85,-0.330473498447694,0,"Holly Shelter","Holly Shelter","Holly Shelter1",NA
418,10,1.363,1,17.3999996185303,30155.6347096272,1,11.3005571365356,11.4135851257329,0.402177810668945,0,4173.85,-0.330473498447694,0,"Holly Shelter","Holly Shelter","Holly Shelter1",NA
419,10,1.363,1,17.4056262969971,30155.6347096272,1,12.1720504760742,10.6352899239762,0.446068912744522,0,4173.85,-0.330473498447694,0,"Holly Shelter","Holly Shelter","Holly Shelter1",NA
420,10,1.363,1,17.2372894287109,30155.6347096272,1,9.40433216094971,18.0313349694894,0.409049838781357,0,4173.85,-0.330473498447694,0,"Holly Shelter","Holly Shelter","Holly Shelter1",NA
422,10,1.56,0,17.5670127868652,180.499169751192,1,11.5737018585205,9.77750206134167,0.377792090177536,0,4173.85,-0.330473498447694,0,"Holly Shelter","Holly Shelter","Holly Shelter1",NA
423,10,1.363,1,17.3999996185303,30155.6347096272,1,11.0026931762695,11.1681387322931,0.418633937835693,0,4173.85,-0.330473498447694,0,"Holly Shelter","Holly Shelter","Holly Shelter1",NA
424,10,1.58,1,17.5,2194.43730697846,1,12.910551071167,7.7299115883618,0.434578120708466,0,4173.85,-0.330473498447694,0,"Holly Shelter","Holly Shelter","Holly Shelter1",NA
425,10,1.363,1,17.2101364135742,30155.6347096272,1,10.145281791687,16.1475871248597,0.414377003908157,0,4173.85,-0.330473498447694,0,"Holly Shelter","Holly Shelter","Holly Shelter1",NA
426,10,1.363,1,17.3608474731445,30155.6347096272,1,9.99074554443359,12.6403097981264,0.425161480903625,0,4173.85,-0.330473498447694,0,"Holly Shelter","Holly Shelter","Holly Shelter1",NA
427,10,1.363,1,17.2798614501953,30155.6347096272,1,10.1461486816406,15.7293307862538,0.413184970617294,0,4173.85,-0.330473498447694,0,"Holly Shelter","Holly Shelter","Holly Shelter1",NA
428,10,1.42466666666667,1,17.4999980926514,777.111803243903,1,12.1855945587158,8.98823894876744,0.389432042837143,0,4173.85,-0.330473498447694,0,"Holly Shelter","Holly Shelter","Holly Shelter1",NA
429,10,1.41307692307692,1,17.5,32350.0720166057,1,12.4839992523193,8.20840231828217,0.455615162849426,0,4173.85,-0.330473498447694,0,"Holly Shelter","Holly Shelter","Holly Shelter1",NA
430,10,1.363,1,17.2999973297119,30155.6347096272,1,10.4321117401123,11.8757149901632,0.440761774778366,0,4173.85,-0.330473498447694,0,"Holly Shelter","Holly Shelter","Holly Shelter1",NA
431,10,1.42466666666667,1,17.5256214141846,777.111803243903,1,12.4513492584229,8.5546752861984,0.381069213151932,0,4173.85,-0.330473498447694,0,"Holly Shelter","Holly Shelter","Holly Shelter1",NA
432,10,1.363,1,17.5,747.061887366824,1,12.2762680053711,8.90944808237296,0.383993089199066,0,4173.85,-0.330473498447694,0,"Holly Shelter","Holly Shelter","Holly Shelter1",NA
433,10,1.38454545454545,1,17.2000007629395,30960.3963059861,1,9.75649738311768,12.7752777531521,0.41482275724411,0,4173.85,-0.330473498447694,0,"Holly Shelter","Holly Shelter","Holly Shelter1",NA
434,10,1.363,1,17.3476047515869,30155.6347096272,1,10.15260887146,13.1196806508384,0.426511257886887,0,8.7,3.17135584856656,0,"Holly Shelter","Holly Shelter","Holly Shelter1",NA
435,10,1.363,1,17.4633331298828,30155.6347096272,1,11.7695827484131,8.87712904922907,0.42816898226738,0,4173.85,-0.330473498447694,0,"Holly Shelter","Holly Shelter","Holly Shelter1",NA
436,10,1.363,1,17.2999992370605,30155.6347096272,1,10.031533241272,15.844515247331,0.422660857439041,0,8.7,3.17135584856656,0,"Holly Shelter","Holly Shelter","Holly Shelter1",NA
437,10,1.363,1,17.5,30155.6347096272,1,11.8099184036255,9.19732842097143,0.425251662731171,0,4173.85,-0.330473498447694,0,"Holly Shelter","Holly Shelter","Holly Shelter1",NA
438,10,1.59,1,17.3999996185303,2516.26535005993,1,10.6782188415527,11.0653939738681,0.426474273204803,0,4173.85,-0.330473498447694,0,"Holly Shelter","Holly Shelter","Holly Shelter1",NA
439,10,1.363,1,17.2549839019775,30155.6347096272,1,9.79946231842041,13.4110006210397,0.403285712003708,0,4173.85,-0.330473498447694,0,"Holly Shelter","Holly Shelter","Holly Shelter1",NA
440,10,1.4555,1,17.5,1101.85207062324,1,12.4572257995605,8.70596133336109,0.376562356948853,0,4173.85,-0.330473498447694,0,"Holly Shelter","Holly Shelter","Holly Shelter1",NA
441,10,1.38454545454545,1,17.2999992370605,30960.3963059861,1,10.2620897293091,11.9587880408293,0.419710725545883,0,4173.85,-0.330473498447694,0,"Holly Shelter","Holly Shelter","Holly Shelter1",NA
442,10,1.41307692307692,1,17.5,32350.0720166057,1,12.5860214233398,7.60733678587655,0.43659296631813,0,4173.85,-0.330473498447694,0,"Holly Shelter","Holly Shelter","Holly Shelter1",NA
443,10,1.445625,1,17.4817752838135,30286.3768121452,1,9.60390281677246,15.3926918488326,0.416811496019363,0,8.7,3.17135584856656,0,"Holly Shelter","Holly Shelter","Holly Shelter1",NA
445,10,1.363,1,17.517993927002,30155.6347096272,1,13.0936422348022,8.70426413441423,0.439297437667847,0,8.7,3.17135584856656,0,"Holly Shelter","Holly Shelter","Holly Shelter1",NA
446,10,1.363,1,17.2999992370605,30155.6347096272,1,9.86056327819824,14.1794184681636,0.414556205272675,0,4173.85,-0.330473498447694,0,"Holly Shelter","Holly Shelter","Holly Shelter1",NA
448,10,1.363,1,17.2000007629395,30155.6347096272,1,10.0295038223267,13.1426712438477,0.420589804649353,0,4173.85,-0.330473498447694,0,"Holly Shelter","Holly Shelter","Holly Shelter1",NA
449,10,1.41307692307692,1,17.3791389465332,32350.0720166057,1,11.7492980957031,9.15396524897283,0.412676692008972,0,4173.85,-0.330473498447694,0,"Holly Shelter","Holly Shelter","Holly Shelter1",NA
450,10,1.363,1,17.2411823272705,30155.6347096272,1,9.78293132781982,14.8457282377446,0.438810616731644,0,4173.85,-0.330473498447694,0,"Holly Shelter","Holly Shelter","Holly Shelter1",NA
451,10,1.363,1,17.4996223449707,30155.6347096272,1,10.621039390564,14.5897335129161,0.404570788145065,0,8.7,3.17135584856656,0,"Holly Shelter","Holly Shelter","Holly Shelter1",NA
452,10,1.41307692307692,1,17.338285446167,32350.0720166057,1,10.0918893814087,12.2203100084067,0.377030551433563,0,4173.85,-0.330473498447694,0,"Holly Shelter","Holly Shelter","Holly Shelter1",NA
453,10,1.363,1,17.5026931762695,30155.6347096272,1,13.07932472229,8.27782003225438,0.438919484615326,0,8.7,3.17135584856656,0,"Holly Shelter","Holly Shelter","Holly Shelter1",NA
454,10,1.41307692307692,1,17.3233985900879,32350.0720166057,1,10.7003221511841,11.2244594381491,0.404420971870422,0,4173.85,-0.330473498447694,0,"Holly Shelter","Holly Shelter","Holly Shelter1",NA
455,10,1.363,1,17.3999996185303,30155.6347096272,1,11.615062713623,9.15352133774777,0.454440534114838,0,4173.85,-0.330473498447694,0,"Holly Shelter","Holly Shelter","Holly Shelter1",NA
456,10,1.363,1,17.454345703125,747.061887366824,1,12.2229223251343,9.15577152358544,0.395577549934387,0,4173.85,-0.330473498447694,0,"Holly Shelter","Holly Shelter","Holly Shelter1",NA
457,10,1.363,1,17.5,747.061887366824,1,12.4864330291748,8.79863457957738,0.388188153505325,0,4173.85,-0.330473498447694,0,"Holly Shelter","Holly Shelter","Holly Shelter1",NA
458,10,1.363,1,17.2000007629395,30155.6347096272,1,9.91184329986572,15.3261425614782,0.416243493556976,0,4173.85,-0.330473498447694,0,"Holly Shelter","Holly Shelter","Holly Shelter1",NA
459,10,1.363,1,17.6364650726318,30155.6347096272,1,13.0532093048096,7.51631537361733,0.452068239450455,0,4173.85,-0.330473498447694,0,"Holly Shelter","Holly Shelter","Holly Shelter1",NA
460,10,1.58,1,17.4000282287598,2194.43730697846,1,12.3548898696899,8.3017544073394,0.451640158891678,0,4173.85,-0.330473498447694,0,"Holly Shelter","Holly Shelter","Holly Shelter1",NA
461,10,1.363,1,17.2853565216064,30155.6347096272,1,9.71307468414307,13.9965908194146,0.46441251039505,0,8.7,3.17135584856656,0,"Holly Shelter","Holly Shelter","Holly Shelter1",NA
462,10,1.548,0,17.2996788024902,48.6600495468626,1,9.65482139587402,18.52101200365,0.392007887363434,0,4173.85,-0.330473498447694,0,"Holly Shelter","Holly Shelter","Holly Shelter1",NA
463,10,1.42466666666667,1,17.6800708770752,30480.3749770066,1,14.945779800415,7.20295103240766,0.366591185331345,0,4173.85,-0.330473498447694,0,"Holly Shelter","Holly Shelter","Holly Shelter1",NA
464,10,1.56,0,17.5234680175781,338.709093764187,1,14.7097110748291,7.25728620011703,0.379960387945175,0,4173.85,-0.330473498447694,0,"Holly Shelter","Holly Shelter","Holly Shelter1",NA
465,10,1.363,1,17.5,30155.6347096272,1,12.8922367095947,8.01641384546654,0.466973185539246,0,4173.85,-0.330473498447694,0,"Holly Shelter","Holly Shelter","Holly Shelter1",NA
466,10,1.363,1,17.4313621520996,30155.6347096272,1,12.4345302581787,9.61301545979043,0.46825784444809,0,4173.85,-0.330473498447694,0,"Holly Shelter","Holly Shelter","Holly Shelter1",NA
467,10,1.58,1,17.301118850708,2194.43730697846,1,10.3186178207397,11.8180718921983,0.388790369033813,0,4173.85,-0.330473498447694,0,"Holly Shelter","Holly Shelter","Holly Shelter1",NA
468,10,1.548,0,17.2689762115479,13.8390572393965,1,9.56772994995117,19.102163492241,0.394978135824203,0,4173.85,-0.330473498447694,0,"Holly Shelter","Holly Shelter","Holly Shelter1",NA
469,10,1.38454545454545,1,17.2000007629395,30960.3963059861,1,9.10625553131104,14.1889977526218,0.416807234287262,0,4173.85,-0.330473498447694,0,"Holly Shelter","Holly Shelter","Holly Shelter1",NA
470,10,1.38454545454545,1,17.2896480560303,30960.3963059861,1,10.2471837997437,12.2832746029744,0.413816034793854,0,4173.85,-0.330473498447694,0,"Holly Shelter","Holly Shelter","Holly Shelter1",NA
471,10,1.41307692307692,1,17.3999996185303,2941.49919434528,1,12.1199436187744,8.839358728709,0.431247681379318,0,4173.85,-0.330473498447694,0,"Holly Shelter","Holly Shelter","Holly Shelter1",NA
472,10,1.548,0,17.2000007629395,51.6061780378151,1,8.90103626251221,16.0959233332802,0.411850452423096,0,4173.85,-0.330473498447694,0,"Holly Shelter","Holly Shelter","Holly Shelter1",NA
473,10,1.548,0,17.2999992370605,24.8216221898483,1,9.1525297164917,19.7105535427594,0.395624130964279,0,3405,3.17635271498873,0,"Holly Shelter","Holly Shelter","Holly Shelter1",NA
475,10,1.363,1,17.3000011444092,30155.6347096272,1,10.6723308563232,11.7402503281031,0.433735966682434,0,4173.85,-0.330473498447694,0,"Holly Shelter","Holly Shelter","Holly Shelter1",NA
476,10,1.363,1,17.3585071563721,30155.6347096272,1,10.7615547180176,11.6394416680694,0.41699355840683,0,4173.85,-0.330473498447694,0,"Holly Shelter","Holly Shelter","Holly Shelter1",NA
477,10,1.41307692307692,1,17.5000019073486,32350.0720166057,1,12.5558023452759,8.30767942422757,0.448288917541504,0,4173.85,-0.330473498447694,0,"Holly Shelter","Holly Shelter","Holly Shelter1",NA
478,10,1.58,1,17.3999996185303,2194.43730697846,1,11.3138399124146,10.6887389625568,0.410693556070328,0,4173.85,-0.330473498447694,0,"Holly Shelter","Holly Shelter","Holly Shelter1",NA
479,10,1.363,1,17.2000007629395,30155.6347096272,1,9.61822414398193,13.6634562431619,0.418554931879044,0,4173.85,-0.330473498447694,0,"Holly Shelter","Holly Shelter","Holly Shelter1",NA
480,10,1.59,1,17.3999996185303,2516.26535005993,1,10.5918550491333,11.2282367343434,0.425345987081528,0,4173.85,-0.330473498447694,0,"Holly Shelter","Holly Shelter","Holly Shelter1",NA
481,10,1.58,1,17.3999996185303,2194.43730697846,1,10.9966421127319,10.804154756411,0.432187646627426,0,4173.85,-0.330473498447694,0,"Holly Shelter","Holly Shelter","Holly Shelter1",NA
482,10,1.76,0,17.2999992370605,64.0871443133374,1,9.73618984222412,17.7977589713027,0.351102411746979,0,4173.85,-0.330473498447694,0,"Holly Shelter","Holly Shelter","Holly Shelter1",NA
483,10,1.363,1,17.4779777526855,30155.6347096272,1,11.3828811645508,10.4552834455483,0.409012883901596,0,4173.85,-0.330473498447694,0,"Holly Shelter","Holly Shelter","Holly Shelter1",NA
484,10,1.363,1,17.3305702209473,30155.6347096272,1,10.6400413513184,12.2129211092832,0.39294159412384,0,4173.85,-0.330473498447694,0,"Holly Shelter","Holly Shelter","Holly Shelter1",NA
485,10,1.58,1,17.3999996185303,2194.43730697846,1,10.9932403564453,11.0868601564335,0.418102860450745,0,4173.85,-0.330473498447694,0,"Holly Shelter","Holly Shelter","Holly Shelter1",NA
486,10,1.363,1,17.5,30155.6347096272,1,13.0775537490845,7.98925641940011,0.459037780761719,0,4173.85,-0.330473498447694,0,"Holly Shelter","Holly Shelter","Holly Shelter1",NA
487,10,1.44866666666667,1,17.5,30173.4829752144,1,14.7953147888184,7.28542934405107,0.393469750881195,0,4173.85,-0.330473498447694,0,"Holly Shelter","Holly Shelter","Holly Shelter1",NA
488,10,1.363,1,17.3999996185303,30155.6347096272,1,12.116138458252,11.6277826084395,0.41679847240448,0,8.7,3.17135584856656,0,"Holly Shelter","Holly Shelter","Holly Shelter1",NA
489,10,1.363,1,17.4753570556641,747.061887366824,1,12.5402612686157,8.4862564949811,0.399084627628326,0,4173.85,-0.330473498447694,0,"Holly Shelter","Holly Shelter","Holly Shelter1",NA
490,10,1.59,1,17.4616165161133,2516.26535005993,1,10.3510484695435,11.1370927599451,0.423756778240204,0,4173.85,-0.330473498447694,0,"Holly Shelter","Holly Shelter","Holly Shelter1",NA
491,10,1.363,1,17.3999996185303,30155.6347096272,1,12.3963680267334,10.7800855544309,0.431946963071823,0,4173.85,-0.330473498447694,0,"Holly Shelter","Holly Shelter","Holly Shelter1",NA
492,10,1.6,1,17.2999992370605,804.761596358855,1,8.63720512390137,14.8349682823872,0.306543678045273,0,4173.85,-0.330473498447694,0,"Holly Shelter","Holly Shelter","Holly Shelter1",NA
493,10,1.363,1,17.2999992370605,30155.6347096272,1,10.4495182037354,11.5762143439899,0.428676843643188,0,4173.85,-0.330473498447694,0,"Holly Shelter","Holly Shelter","Holly Shelter1",NA
494,10,1.363,1,17.2999992370605,30155.6347096272,1,10.2417469024658,12.4934015564789,0.40283814072609,0,4173.85,-0.330473498447694,0,"Holly Shelter","Holly Shelter","Holly Shelter1",NA
495,10,1.363,1,17.2000007629395,30155.6347096272,1,10.1717262268066,16.5833714610871,0.424678832292557,0,4173.85,-0.330473498447694,0,"Holly Shelter","Holly Shelter","Holly Shelter1",NA
496,10,1.363,1,17.7999992370605,30155.6347096272,1,15.3404359817505,5.94235507015499,0.425539523363113,0,4173.85,-0.330473498447694,0,"Holly Shelter","Holly Shelter","Holly Shelter1",NA
497,10,1.363,1,17.4073295593262,30155.6347096272,1,11.378963470459,10.369374870084,0.430455386638641,0,4173.85,-0.330473498447694,0,"Holly Shelter","Holly Shelter","Holly Shelter1",NA
498,10,1.42466666666667,1,17.5,1071.80215474616,1,13.3003129959106,7.70507148819966,0.395180284976959,0,4173.85,-0.330473498447694,0,"Holly Shelter","Holly Shelter","Holly Shelter1",NA
499,10,1.363,1,17.2000007629395,30155.6347096272,1,10.0356168746948,14.95104847158,0.405135750770569,0,4173.85,-0.330473498447694,0,"Holly Shelter","Holly Shelter","Holly Shelter1",NA
500,10,1.58,1,17.3255920410156,2194.43730697846,1,11.5979948043823,9.92934793344502,0.419648468494415,0,4173.85,-0.330473498447694,0,"Holly Shelter","Holly Shelter","Holly Shelter1",NA
502,10,1.363,1,17.3000011444092,30155.6347096272,1,9.94742298126221,12.8438813229636,0.457643359899521,0,4173.85,-0.330473498447694,0,"Holly Shelter","Holly Shelter","Holly Shelter1",NA
503,10,1.363,1,17.2311534881592,30155.6347096272,1,9.87006664276123,13.5505617375012,0.410939931869507,0,4173.85,-0.330473498447694,0,"Holly Shelter","Holly Shelter","Holly Shelter1",NA
504,10,1.363,1,17.3999996185303,30155.6347096272,1,12.2909631729126,10.3560418397621,0.442978143692017,0,8.7,3.17135584856656,0,"Holly Shelter","Holly Shelter","Holly Shelter1",NA
505,10,1.40571428571429,1,17.6114349365234,30192.0641582886,1,14.4582939147949,6.79884707828632,0.408086627721786,0,4173.85,-0.330473498447694,0,"Holly Shelter","Holly Shelter","Holly Shelter1",NA
507,10,1.363,1,17.3999996185303,30155.6347096272,1,12.7431478500366,9.06041430001067,0.475621819496155,0,4173.85,-0.330473498447694,0,"Holly Shelter","Holly Shelter","Holly Shelter1",NA
508,10,1.548,0,17.2222766876221,24.528253053335,1,9.70971965789795,18.7912821946051,0.397439002990723,0,4173.85,-0.330473498447694,0,"Holly Shelter","Holly Shelter","Holly Shelter1",NA
509,10,1.363,1,17.2999992370605,30155.6347096272,1,10.4839868545532,11.8168164752699,0.445425242185593,0,4173.85,-0.330473498447694,0,"Holly Shelter","Holly Shelter","Holly Shelter1",NA
510,10,1.363,1,17.2000007629395,30155.6347096272,1,10.1682844161987,14.6846964017361,0.387581348419189,0,4173.85,-0.330473498447694,0,"Holly Shelter","Holly Shelter","Holly Shelter1",NA
511,10,1.363,1,17.3362445831299,30155.6347096272,1,10.8355093002319,13.1405644859354,0.387500882148743,0,8.7,3.17135584856656,0,"Holly Shelter","Holly Shelter","Holly Shelter1",NA
512,10,1.363,1,17.3000011444092,30155.6347096272,1,10.4027242660522,13.2736052154967,0.421565324068069,0,8.7,3.17135584856656,0,"Holly Shelter","Holly Shelter","Holly Shelter1",NA
514,10,1.548,0,17.2770938873291,5.07371494009944,1,8.49150562286377,16.7928109329996,0.39076241850853,0,4173.85,-0.330473498447694,0,"Holly Shelter","Holly Shelter","Holly Shelter1",NA
515,10,1.548,0,17.2951488494873,24.1317964935277,1,9.60414886474609,18.3969113086653,0.398789703845978,0,4173.85,-0.330473498447694,0,"Holly Shelter","Holly Shelter","Holly Shelter1",NA
516,10,1.41307692307692,1,17.2999992370605,32350.0720166057,1,11.5636625289917,9.39487678048126,0.423278570175171,0,4173.85,-0.330473498447694,0,"Holly Shelter","Holly Shelter","Holly Shelter1",NA
517,10,1.42466666666667,1,17.2000007629395,30291.5249481173,1,10.2849159240723,15.5119582338765,0.385273694992065,0,4173.85,-0.330473498447694,0,"Holly Shelter","Holly Shelter","Holly Shelter1",NA
518,10,1.41307692307692,1,17.3977222442627,32350.0720166057,1,12.1395196914673,8.81405727338483,0.459314107894897,0,4173.85,-0.330473498447694,0,"Holly Shelter","Holly Shelter","Holly Shelter1",NA
519,10,1.363,1,17.4050045013428,30155.6347096272,1,11.6235437393188,9.31395415873507,0.442195296287537,0,4173.85,-0.330473498447694,0,"Holly Shelter","Holly Shelter","Holly Shelter1",NA
520,10,1.363,1,17.3291168212891,30155.6347096272,1,10.2930498123169,12.9066549320953,0.343314051628113,0,8.7,3.17135584856656,0,"Holly Shelter","Holly Shelter","Holly Shelter1",NA
521,10,1.363,1,17.3203411102295,30155.6347096272,1,11.4666614532471,9.84347003526633,0.452727437019348,0,4173.85,-0.330473498447694,0,"Holly Shelter","Holly Shelter","Holly Shelter1",NA
522,10,1.6,1,17.2999992370605,804.761596358855,1,8.67319393157959,14.757245101103,0.277373164892197,0,4173.85,-0.330473498447694,0,"Holly Shelter","Holly Shelter","Holly Shelter1",NA
523,10,1.42466666666667,1,17.7790126800537,30171.4700276174,1,13.8377342224121,7.16448843181169,0.416566044092178,0,4173.85,-0.330473498447694,0,"Holly Shelter","Holly Shelter","Holly Shelter1",NA
524,10,1.363,1,17.3210430145264,30155.6347096272,1,9.87218189239502,15.1369272426239,0.42082068324089,0,8.7,3.17135584856656,0,"Holly Shelter","Holly Shelter","Holly Shelter1",NA
525,10,1.363,1,17.4270877838135,30155.6347096272,1,12.6909952163696,10.2631151645949,0.441614896059036,0,8.7,3.17135584856656,0,"Holly Shelter","Holly Shelter","Holly Shelter1",NA
526,10,1.363,1,17.3999977111816,30155.6347096272,1,11.6225824356079,12.1048393796955,0.407952666282654,0,8.7,3.17135584856656,0,"Holly Shelter","Holly Shelter","Holly Shelter1",NA
527,10,1.363,1,17.2020378112793,30155.6347096272,1,9.54986953735352,16.94343301315,0.392391711473465,0,4173.85,-0.330473498447694,0,"Holly Shelter","Holly Shelter","Holly Shelter1",NA
528,10,1.363,1,17.2692775726318,30155.6347096272,1,9.70894813537598,17.7015093924267,0.397133320569992,0,4173.85,-0.330473498447694,0,"Holly Shelter","Holly Shelter","Holly Shelter1",NA
529,10,1.363,1,17.3000011444092,30155.6347096272,1,10.068754196167,13.407775737758,0.438499629497528,0,8.7,3.17135584856656,0,"Holly Shelter","Holly Shelter","Holly Shelter1",NA
531,10,1.363,1,17.4043712615967,30155.6347096272,1,12.5940589904785,9.09514777181066,0.482362389564514,0,4173.85,-0.330473498447694,0,"Holly Shelter","Holly Shelter","Holly Shelter1",NA
532,10,1.363,1,17.3248996734619,30155.6347096272,1,10.6222925186157,11.3386613134102,0.449220031499863,0,4173.85,-0.330473498447694,0,"Holly Shelter","Holly Shelter","Holly Shelter1",NA
533,10,1.363,1,17.4592266082764,30155.6347096272,1,12.7649202346802,9.51460029016638,0.463901370763779,0,8.7,3.17135584856656,0,"Holly Shelter","Holly Shelter","Holly Shelter1",NA
534,10,1.363,1,17.2999992370605,30155.6347096272,1,11.1753921508789,10.4209598548233,0.451258659362793,0,4173.85,-0.330473498447694,0,"Holly Shelter","Holly Shelter","Holly Shelter1",NA
536,10,1.58,1,17.3924427032471,2194.43730697846,1,10.9077758789062,11.7445763983097,0.425121396780014,0,4173.85,-0.330473498447694,0,"Holly Shelter","Holly Shelter","Holly Shelter1",NA
537,10,1.363,1,17.2006149291992,30155.6347096272,1,9.53413581848145,13.2279525710153,0.40136906504631,0,4173.85,-0.330473498447694,0,"Holly Shelter","Holly Shelter","Holly Shelter1",NA
538,10,1.58,1,17.3926277160645,2194.43730697846,1,11.9854717254639,8.94670458325935,0.437115401029587,0,4173.85,-0.330473498447694,0,"Holly Shelter","Holly Shelter","Holly Shelter1",NA
539,10,1.363,1,17.4956817626953,30155.6347096272,1,12.9371147155762,8.89355599070023,0.457062035799026,0,4173.85,-0.330473498447694,0,"Holly Shelter","Holly Shelter","Holly Shelter1",NA
540,10,1.38454545454545,1,17.2999992370605,30960.3963059861,1,10.4819526672363,11.496206453689,0.428641051054001,0,4173.85,-0.330473498447694,0,"Holly Shelter","Holly Shelter","Holly Shelter1",NA
541,10,1.55666666666667,1,17.2001647949219,856.36777439667,1,8.87939071655273,15.7088822288257,0.452883213758469,0,4173.85,-0.330473498447694,0,"Holly Shelter","Holly Shelter","Holly Shelter1",NA
542,10,1.452,1,17.525089263916,30505.0485533227,1,14.557071685791,7.30928277096377,0.367208749055862,0,4173.85,-0.330473498447694,0,"Holly Shelter","Holly Shelter","Holly Shelter1",NA
543,10,1.363,1,17.4000015258789,30155.6347096272,1,12.2145586013794,10.9106409121269,0.41522890329361,0,8.7,3.17135584856656,0,"Holly Shelter","Holly Shelter","Holly Shelter1",NA
544,10,1.363,1,17.4000015258789,30155.6347096272,1,10.6847972869873,14.2196487198751,0.427781462669373,0,8.7,3.17135584856656,0,"Holly Shelter","Holly Shelter","Holly Shelter1",NA
545,10,1.42466666666667,1,17.5860729217529,1071.80215474616,1,12.9012823104858,7.98075153965797,0.366382449865341,0,4173.85,-0.330473498447694,0,"Holly Shelter","Holly Shelter","Holly Shelter1",NA
546,10,1.363,1,17.2000007629395,30155.6347096272,1,10.0713939666748,16.0200918333712,0.423691511154175,0,4173.85,-0.330473498447694,0,"Holly Shelter","Holly Shelter","Holly Shelter1",NA
547,10,1.548,0,17.3834285736084,24.8216221898483,1,8.95045375823975,19.3277396398534,0.402255058288574,0,4173.85,-0.330473498447694,0,"Holly Shelter","Holly Shelter","Holly Shelter1",NA
548,10,1.548,0,17.2000007629395,51.6061780378151,1,9.35907459259033,16.68677419168,0.386098682880402,0,4173.85,-0.330473498447694,0,"Holly Shelter","Holly Shelter","Holly Shelter1",NA
549,10,1.363,1,17.3859081268311,30155.6347096272,1,11.0873680114746,10.5029856701512,0.451787710189819,0,4173.85,-0.330473498447694,0,"Holly Shelter","Holly Shelter","Holly Shelter1",NA
550,10,1.363,1,17.3573017120361,30155.6347096272,1,11.1711578369141,13.0086401466955,0.386817902326584,0,8.7,3.17135584856656,0,"Holly Shelter","Holly Shelter","Holly Shelter1",NA
551,10,1.363,1,17.4275608062744,30155.6347096272,1,10.3551807403564,14.7196233208911,0.42205610871315,0,8.7,3.17135584856656,0,"Holly Shelter","Holly Shelter","Holly Shelter1",NA
552,10,1.48739130434783,1,17.4999980926514,2976.45588729613,1,13.0856742858887,7.6532914085644,0.41393917798996,0,4173.85,-0.330473498447694,0,"Holly Shelter","Holly Shelter","Holly Shelter1",NA
553,10,1.363,1,17.2999992370605,30155.6347096272,1,9.77157592773438,14.0802373884251,0.404735922813416,0,4173.85,-0.330473498447694,0,"Holly Shelter","Holly Shelter","Holly Shelter1",NA
554,10,1.45055555555556,1,17.5,32409.1242522131,1,14.3931016921997,7.08911605869464,0.39958992600441,0,4173.85,-0.330473498447694,0,"Holly Shelter","Holly Shelter","Holly Shelter1",NA
555,10,1.363,1,17.2974548339844,30155.6347096272,1,9.37533760070801,17.5056699077535,0.410951912403107,0,4173.85,-0.330473498447694,0,"Holly Shelter","Holly Shelter","Holly Shelter1",NA
556,10,1.363,1,17.3999996185303,30155.6347096272,1,11.1604385375977,10.8789572775702,0.424529105424881,0,4173.85,-0.330473498447694,0,"Holly Shelter","Holly Shelter","Holly Shelter1",NA
557,10,1.53222222222222,0,17.6199398040771,31.0886151420548,1,12.2174425125122,8.97145094329187,0.366395771503448,0,4173.85,-0.330473498447694,0,"Holly Shelter","Holly Shelter","Holly Shelter1",NA
558,10,1.58,1,17.3999996185303,2194.43730697846,1,10.4112930297852,11.7973755365045,0.442099660634995,0,4173.85,-0.330473498447694,0,"Holly Shelter","Holly Shelter","Holly Shelter1",NA
559,10,1.62,0,17.5,16.8033694782744,1,12.1510248184204,9.73100059350373,0.411391139030457,0,4173.85,-0.330473498447694,0,"Holly Shelter","Holly Shelter","Holly Shelter1",NA
560,10,1.49060606060606,1,17.7125988006592,30532.9911895269,1,13.9854946136475,6.95083192587537,0.402634918689728,0,4173.85,-0.330473498447694,0,"Holly Shelter","Holly Shelter","Holly Shelter1",NA
562,10,1.58,1,17.4972229003906,2194.43730697846,1,12.5177555084229,8.01353278190232,0.454007565975189,0,4173.85,-0.330473498447694,0,"Holly Shelter","Holly Shelter","Holly Shelter1",NA
563,10,1.363,1,17.2000007629395,30155.6347096272,1,10.0595798492432,13.622057060162,0.387917459011078,0,4173.85,-0.330473498447694,0,"Holly Shelter","Holly Shelter","Holly Shelter1",NA
564,10,1.548,0,17.2000026702881,135.890238490035,1,10.1550693511963,15.8772188091372,0.381976097822189,0,4173.85,-0.330473498447694,0,"Holly Shelter","Holly Shelter","Holly Shelter1",NA
566,10,1.41307692307692,1,17.3992710113525,32350.0720166057,1,10.2838983535767,12.0524637505901,0.402511179447174,0,4173.85,-0.330473498447694,0,"Holly Shelter","Holly Shelter","Holly Shelter1",NA
567,10,1.363,1,17.3619327545166,30155.6347096272,1,10.4656686782837,12.7866946050876,0.410103142261505,0,8.7,3.17135584856656,0,"Holly Shelter","Holly Shelter","Holly Shelter1",NA
568,10,1.363,1,17.3999996185303,30155.6347096272,1,12.113410949707,11.5045783716541,0.402871817350388,0,8.7,3.17135584856656,0,"Holly Shelter","Holly Shelter","Holly Shelter1",NA
569,10,1.40571428571429,1,17.5712947845459,30272.8892696208,1,13.0391836166382,7.29838696272336,0.424939662218094,0,4173.85,-0.330473498447694,0,"Holly Shelter","Holly Shelter","Holly Shelter1",NA
570,10,1.363,1,17.2999992370605,30155.6347096272,1,10.026782989502,13.0298404749134,0.385072499513626,0,4173.85,-0.330473498447694,0,"Holly Shelter","Holly Shelter","Holly Shelter1",NA
571,10,1.363,1,17.2000007629395,30155.6347096272,1,9.51856994628906,13.1508497385492,0.423863142728806,0,4173.85,-0.330473498447694,0,"Holly Shelter","Holly Shelter","Holly Shelter1",NA
572,10,1.363,1,17.271671295166,30155.6347096272,1,9.79455852508545,13.4647534684546,0.446830362081528,0,4173.85,-0.330473498447694,0,"Holly Shelter","Holly Shelter","Holly Shelter1",NA
573,10,1.38454545454545,1,17.2000007629395,30960.3963059861,1,9.7646951675415,13.0323938507692,0.431675493717194,0,4173.85,-0.330473498447694,0,"Holly Shelter","Holly Shelter","Holly Shelter1",NA
574,10,1.363,1,17.3079719543457,30155.6347096272,1,10.6680164337158,11.5086237277339,0.417743772268295,0,4173.85,-0.330473498447694,0,"Holly Shelter","Holly Shelter","Holly Shelter1",NA
575,10,1.47518518518519,1,17.6999988555908,30439.5344468942,1,15.6526641845703,6.38323951586777,0.386502891778946,0,4173.85,-0.330473498447694,0,"Holly Shelter","Holly Shelter","Holly Shelter1",NA
576,10,1.363,1,17.3225975036621,30155.6347096272,1,10.0280523300171,12.9642511556428,0.42423602938652,0,4173.85,-0.330473498447694,0,"Holly Shelter","Holly Shelter","Holly Shelter1",NA
577,10,1.41307692307692,1,17.3402633666992,32350.0720166057,1,11.0543212890625,10.463758904828,0.467281490564346,0,4173.85,-0.330473498447694,0,"Holly Shelter","Holly Shelter","Holly Shelter1",NA
578,10,1.56,1,17.6009483337402,256.979381603471,1,12.7685546875,8.39312627757106,0.388074725866318,0,4173.85,-0.330473498447694,0,"Holly Shelter","Holly Shelter","Holly Shelter1",NA
579,10,1.5125,0,17.7000007629395,14.6278535823438,1,12.2039880752563,9.00178558053022,0.371622681617737,0,4173.85,-0.330473498447694,0,"Holly Shelter","Holly Shelter","Holly Shelter1",NA
580,10,1.363,1,17.2142868041992,30155.6347096272,1,9.70271587371826,16.0657060135278,0.39780855178833,0,4173.85,-0.330473498447694,0,"Holly Shelter","Holly Shelter","Holly Shelter1",NA
581,10,1.42466666666667,1,17.612756729126,30480.3749770066,1,13.1184825897217,8.06976060512404,0.366641074419022,0,4173.85,-0.330473498447694,0,"Holly Shelter","Holly Shelter","Holly Shelter1",NA
582,10,1.59,1,17.3613510131836,2516.26535005993,1,11.0769338607788,11.3038037977902,0.394079953432083,0,4173.85,-0.330473498447694,0,"Holly Shelter","Holly Shelter","Holly Shelter1",NA
583,10,1.38454545454545,1,17.3924427032471,30960.3963059861,1,10.6901741027832,11.1886873802446,0.441808968782425,0,4173.85,-0.330473498447694,0,"Holly Shelter","Holly Shelter","Holly Shelter1",NA
584,10,1.363,1,17.3999996185303,30155.6347096272,1,12.675461769104,9.53285823778636,0.472493439912796,0,4173.85,-0.330473498447694,0,"Holly Shelter","Holly Shelter","Holly Shelter1",NA
585,10,1.548,0,17.5457439422607,341.201028939044,1,12.5631618499756,8.48958794005186,0.380654573440552,0,4173.85,-0.330473498447694,0,"Holly Shelter","Holly Shelter","Holly Shelter1",NA
586,10,1.363,1,17.4987754821777,30155.6347096272,1,12.9147520065308,8.12967864427112,0.453874289989471,0,4173.85,-0.330473498447694,0,"Holly Shelter","Holly Shelter","Holly Shelter1",NA
587,10,1.363,1,17.2999992370605,30155.6347096272,1,10.3448104858398,12.1660420861368,0.397587150335312,0,4173.85,-0.330473498447694,0,"Holly Shelter","Holly Shelter","Holly Shelter1",NA
588,10,1.363,1,17.5023994445801,30155.6347096272,1,14.7991409301758,6.92417489256982,0.448208153247833,0,4173.85,-0.330473498447694,0,"Holly Shelter","Holly Shelter","Holly Shelter1",NA
589,10,1.41307692307692,1,17.2999992370605,32350.0720166057,1,10.2150068283081,11.8359465437628,0.412743598222733,0,4173.85,-0.330473498447694,0,"Holly Shelter","Holly Shelter","Holly Shelter1",NA
590,10,1.42466666666667,1,17.7837238311768,30243.9228238239,1,15.3490180969238,6.24119233306165,0.419991463422775,0,4173.85,-0.330473498447694,0,"Holly Shelter","Holly Shelter","Holly Shelter1",NA
591,10,1.363,1,17.3000011444092,30155.6347096272,1,9.69958400726318,16.9843470602595,0.414498805999756,0,4173.85,-0.330473498447694,0,"Holly Shelter","Holly Shelter","Holly Shelter1",NA
592,10,1.58,1,17.3998928070068,2194.43730697846,1,10.7868490219116,11.1596356619248,0.428658217191696,0,4173.85,-0.330473498447694,0,"Holly Shelter","Holly Shelter","Holly Shelter1",NA
594,10,1.363,1,17.3724937438965,30155.6347096272,1,10.2981204986572,14.2935840047061,0.413325190544128,0,8.7,3.17135584856656,0,"Holly Shelter","Holly Shelter","Holly Shelter1",NA
595,10,1.363,1,17.3436241149902,30155.6347096272,1,10.1284303665161,14.73283058574,0.408533245325089,0,8.7,3.17135584856656,0,"Holly Shelter","Holly Shelter","Holly Shelter1",NA
596,10,1.363,1,17.2999992370605,30155.6347096272,1,10.1805047988892,14.3058884817613,0.416708081960678,0,8.7,3.17135584856656,0,"Holly Shelter","Holly Shelter","Holly Shelter1",NA
598,10,1.41307692307692,1,17.5000019073486,2941.49919434528,1,12.1081056594849,9.34003202905141,0.389682769775391,0,4173.85,-0.330473498447694,0,"Holly Shelter","Holly Shelter","Holly Shelter1",NA
599,10,1.363,1,17.2999992370605,30155.6347096272,1,10.1981029510498,12.1896783291078,0.424807846546173,0,4173.85,-0.330473498447694,0,"Holly Shelter","Holly Shelter","Holly Shelter1",NA
602,10,1.363,1,17.2000007629395,30155.6347096272,1,9.80462741851807,13.2012850063603,0.421617060899734,0,4173.85,-0.330473498447694,0,"Holly Shelter","Holly Shelter","Holly Shelter1",NA
603,10,1.363,1,17.5,747.061887366824,1,12.701265335083,8.28727910948496,0.393879443407059,0,4173.85,-0.330473498447694,0,"Holly Shelter","Holly Shelter","Holly Shelter1",NA
604,10,1.363,1,17.3999996185303,30155.6347096272,1,10.060848236084,12.5989121320861,0.401767045259476,0,4173.85,-0.330473498447694,0,"Holly Shelter","Holly Shelter","Holly Shelter1",NA
605,10,1.363,1,17.364725112915,30155.6347096272,1,9.94368839263916,12.9307978770892,0.442521244287491,0,4173.85,-0.330473498447694,0,"Holly Shelter","Holly Shelter","Holly Shelter1",NA
606,10,1.38454545454545,1,17.2000007629395,30960.3963059861,1,9.62988471984863,13.4275142288787,0.432292282581329,0,4173.85,-0.330473498447694,0,"Holly Shelter","Holly Shelter","Holly Shelter1",NA
608,10,1.363,1,17.2999992370605,30155.6347096272,1,9.66950416564941,13.6574137801897,0.38224595785141,0,4173.85,-0.330473498447694,0,"Holly Shelter","Holly Shelter","Holly Shelter1",NA
609,10,1.38454545454545,1,17.2806816101074,30960.3963059861,1,8.88285446166992,14.4095517667437,0.325970441102982,0,4173.85,-0.330473498447694,0,"Holly Shelter","Holly Shelter","Holly Shelter1",NA
610,10,1.363,1,17.4235363006592,30155.6347096272,1,12.3255434036255,8.6843479967478,0.427282214164734,0,4173.85,-0.330473498447694,0,"Holly Shelter","Holly Shelter","Holly Shelter1",NA
611,10,1.58,1,17.3999996185303,2194.43730697846,1,11.8216390609741,10.134479111832,0.415602385997772,0,4173.85,-0.330473498447694,0,"Holly Shelter","Holly Shelter","Holly Shelter1",NA
612,10,1.363,1,17.3999996185303,30155.6347096272,1,11.0085010528564,10.9842601743646,0.429634034633636,0,4173.85,-0.330473498447694,0,"Holly Shelter","Holly Shelter","Holly Shelter1",NA
613,10,1.363,1,17.4997100830078,30155.6347096272,1,12.7130031585693,8.34640508700577,0.461004197597504,0,4173.85,-0.330473498447694,0,"Holly Shelter","Holly Shelter","Holly Shelter1",NA
614,10,1.363,1,17.3999996185303,30155.6347096272,1,12.4256525039673,10.8630350990613,0.421035170555115,0,8.7,3.17135584856656,0,"Holly Shelter","Holly Shelter","Holly Shelter1",NA
615,10,1.363,1,17.3029537200928,30155.6347096272,1,10.2278900146484,13.2850261831488,0.446343064308167,0,8.7,3.17135584856656,0,"Holly Shelter","Holly Shelter","Holly Shelter1",NA
616,10,1.58,1,17.3999996185303,2194.43730697846,1,10.4851694107056,11.5185772572115,0.415330529212952,0,4173.85,-0.330473498447694,0,"Holly Shelter","Holly Shelter","Holly Shelter1",NA
617,10,1.62,0,17.4229946136475,321.828043081472,1,10.5859174728394,10.6204546994125,0.431528478860855,0,4173.85,-0.330473498447694,0,"Holly Shelter","Holly Shelter","Holly Shelter1",NA
618,10,1.363,1,17.2967987060547,30155.6347096272,1,9.93848133087158,16.1316589862891,0.407438367605209,0,4173.85,-0.330473498447694,0,"Holly Shelter","Holly Shelter","Holly Shelter1",NA
619,10,1.62,0,17.4195823669434,321.828043081472,1,10.6787919998169,10.6561128280233,0.430971294641495,0,4173.85,-0.330473498447694,0,"Holly Shelter","Holly Shelter","Holly Shelter1",NA
620,10,1.363,1,17.3999977111816,30155.6347096272,1,11.9896383285522,11.9662164392023,0.410425454378128,0,8.7,3.17135584856656,0,"Holly Shelter","Holly Shelter","Holly Shelter1",NA
621,10,1.41307692307692,1,17.5,32350.0720166057,1,12.6065492630005,7.96632663669293,0.467124462127686,0,4173.85,-0.330473498447694,0,"Holly Shelter","Holly Shelter","Holly Shelter1",NA
622,10,1.363,1,17.3999996185303,30155.6347096272,1,11.1416692733765,12.5386855686025,0.416858851909637,0,8.7,3.17135584856656,0,"Holly Shelter","Holly Shelter","Holly Shelter1",NA
623,10,1.363,1,17.5,30155.6347096272,1,12.7546901702881,7.80482672655367,0.440125346183777,0,4173.85,-0.330473498447694,0,"Holly Shelter","Holly Shelter","Holly Shelter1",NA
624,10,1.41307692307692,1,17.3062305450439,32350.0720166057,1,10.7955293655396,10.9567424734072,0.438991069793701,0,4173.85,-0.330473498447694,0,"Holly Shelter","Holly Shelter","Holly Shelter1",NA
626,10,1.363,1,17.2781772613525,30155.6347096272,1,9.81557941436768,14.071192356128,0.37468284368515,0,4173.85,-0.330473498447694,0,"Holly Shelter","Holly Shelter","Holly Shelter1",NA
627,10,1.548,0,17.5211486816406,163.695800272917,1,11.3361473083496,10.1621159026908,0.356055200099945,0,4173.85,-0.330473498447694,0,"Holly Shelter","Holly Shelter","Holly Shelter1",NA
628,10,1.62,0,17.4013195037842,321.828043081472,1,10.9906959533691,10.8756489280994,0.422259658575058,0,4173.85,-0.330473498447694,0,"Holly Shelter","Holly Shelter","Holly Shelter1",NA
629,10,1.62,0,17.3999996185303,321.828043081472,1,10.9350814819336,10.4884752251449,0.421219021081924,0,4173.85,-0.330473498447694,0,"Holly Shelter","Holly Shelter","Holly Shelter1",NA
630,10,1.58307692307692,1,17.5,2229.3939999293,1,14.2560062408447,7.46012525739062,0.360588252544403,0,4173.85,-0.330473498447694,0,"Holly Shelter","Holly Shelter","Holly Shelter1",NA
632,10,1.41307692307692,1,17.5,2941.49919434528,1,12.5314407348633,8.10148736997931,0.432692766189575,0,4173.85,-0.330473498447694,0,"Holly Shelter","Holly Shelter","Holly Shelter1",NA
633,10,1.363,1,17.297924041748,30155.6347096272,1,9.87392902374268,14.0746861352125,0.430572360754013,0,4173.85,-0.330473498447694,0,"Holly Shelter","Holly Shelter","Holly Shelter1",NA
634,10,1.58,1,17.5,2194.43730697846,1,12.5153484344482,7.84540394118315,0.457281142473221,0,4173.85,-0.330473498447694,0,"Holly Shelter","Holly Shelter","Holly Shelter1",NA
636,10,1.363,1,17.2671566009521,30155.6347096272,1,9.94235610961914,14.1178041142689,0.383876115083694,0,4173.85,-0.330473498447694,0,"Holly Shelter","Holly Shelter","Holly Shelter1",NA
637,10,1.363,1,17.3103427886963,30155.6347096272,1,10.1990270614624,14.7157535966462,0.404994904994965,0,8.7,3.17135584856656,0,"Holly Shelter","Holly Shelter","Holly Shelter1",NA
639,10,1.39909090909091,1,17.5,30177.9585942801,1,9.98346614837646,15.1488986617163,0.419950276613235,0,8.7,3.17135584856656,0,"Holly Shelter","Holly Shelter","Holly Shelter1",NA
640,10,1.47692307692308,1,17.8364639282227,30429.7027797935,1,15.0768785476685,6.84431433014963,0.39395472407341,0,4173.85,-0.330473498447694,0,"Holly Shelter","Holly Shelter","Holly Shelter1",NA
641,10,1.41307692307692,1,17.3056392669678,32350.0720166057,1,11.1031742095947,10.4214093275007,0.449738681316376,0,4173.85,-0.330473498447694,0,"Holly Shelter","Holly Shelter","Holly Shelter1",NA
642,10,1.363,1,17.2999992370605,30155.6347096272,1,9.74370002746582,12.767691885666,0.397928684949875,0,4173.85,-0.330473498447694,0,"Holly Shelter","Holly Shelter","Holly Shelter1",NA
643,10,1.363,1,17.2999992370605,30155.6347096272,1,9.80500507354736,13.1747705360398,0.417405188083649,0,4173.85,-0.330473498447694,0,"Holly Shelter","Holly Shelter","Holly Shelter1",NA
645,10,1.363,1,17.4999980926514,30155.6347096272,1,12.5510311126709,8.30090730011285,0.461860239505768,0,4173.85,-0.330473498447694,0,"Holly Shelter","Holly Shelter","Holly Shelter1",NA
647,10,1.363,1,17.2999992370605,30155.6347096272,1,10.2827463150024,12.3597915790446,0.432033747434616,0,4173.85,-0.330473498447694,0,"Holly Shelter","Holly Shelter","Holly Shelter1",NA
648,10,1.548,0,17.2000007629395,135.890238490035,1,10.3324527740479,15.529169923605,0.392198413610458,0,4173.85,-0.330473498447694,0,"Holly Shelter","Holly Shelter","Holly Shelter1",NA
649,10,1.40571428571429,1,17.7926483154297,30272.8892696208,1,15.0498161315918,6.45283890897567,0.433745056390762,0,4173.85,-0.330473498447694,0,"Holly Shelter","Holly Shelter","Holly Shelter1",NA
650,10,1.363,1,17.2000007629395,30155.6347096272,1,9.54852104187012,17.5265319110214,0.416364282369614,0,4173.85,-0.330473498447694,0,"Holly Shelter","Holly Shelter","Holly Shelter1",NA
651,10,1.363,1,17.2000007629395,30155.6347096272,1,9.53758907318115,18.505391000712,0.400896698236465,0,4173.85,-0.330473498447694,0,"Holly Shelter","Holly Shelter","Holly Shelter1",NA
652,10,1.363,1,17.3384227752686,30155.6347096272,1,10.842267036438,12.6397828908924,0.412803083658218,0,4173.85,-0.330473498447694,0,"Holly Shelter","Holly Shelter","Holly Shelter1",NA
653,10,1.363,1,17.2000007629395,30155.6347096272,1,9.5064868927002,18.5665009097393,0.39976093173027,0,4173.85,-0.330473498447694,0,"Holly Shelter","Holly Shelter","Holly Shelter1",NA
654,10,1.41307692307692,1,17.4118690490723,2941.49919434528,1,12.3365812301636,8.48077949398227,0.438249230384827,0,4173.85,-0.330473498447694,0,"Holly Shelter","Holly Shelter","Holly Shelter1",NA
655,10,1.49666666666667,1,17.7999992370605,30178.7513621658,1,15.477632522583,5.8364234471286,0.398757189512253,0,4173.85,-0.330473498447694,0,"Holly Shelter","Holly Shelter","Holly Shelter1",NA
656,10,1.41307692307692,1,17.3999691009521,2941.49919434528,1,11.8370189666748,9.74054143931296,0.428450554609299,0,4173.85,-0.330473498447694,0,"Holly Shelter","Holly Shelter","Holly Shelter1",NA
657,10,1.363,1,17.1781253814697,30155.6347096272,1,9.36821842193604,13.7883187218564,0.323605597019196,0,4173.85,-0.330473498447694,0,"Holly Shelter","Holly Shelter","Holly Shelter1",NA
658,10,1.363,1,17.3951606750488,30155.6347096272,1,11.3839979171753,12.1080558765516,0.381076335906982,0,8.7,3.17135584856656,0,"Holly Shelter","Holly Shelter","Holly Shelter1",NA
659,10,1.363,1,17.1999988555908,30155.6347096272,1,9.34714031219482,14.0192188466692,0.395319104194641,0,4173.85,-0.330473498447694,0,"Holly Shelter","Holly Shelter","Holly Shelter1",NA
661,10,1.548,0,17.6000003814697,282.985858459252,1,11.2789678573608,9.59185353636493,0.389990955591202,0,4173.85,-0.330473498447694,0,"Holly Shelter","Holly Shelter","Holly Shelter1",NA
662,10,1.363,1,17.3999996185303,30155.6347096272,1,9.85428714752197,12.5495942459105,0.425062775611877,0,4173.85,-0.330473498447694,0,"Holly Shelter","Holly Shelter","Holly Shelter1",NA
663,10,1.548,0,17.3334293365479,24.8216221898483,1,9.29887390136719,19.1991480182044,0.414991647005081,0,4173.85,-0.330473498447694,0,"Holly Shelter","Holly Shelter","Holly Shelter1",NA
664,10,1.363,1,17.5000019073486,30155.6347096272,1,11.8957738876343,10.0299535244554,0.432451456785202,0,4173.85,-0.330473498447694,0,"Holly Shelter","Holly Shelter","Holly Shelter1",NA
665,10,1.58,1,17.3999996185303,2194.43730697846,1,12.1917104721069,8.66863408459875,0.453099966049194,0,4173.85,-0.330473498447694,0,"Holly Shelter","Holly Shelter","Holly Shelter1",NA
666,10,1.363,1,17.2677764892578,30155.6347096272,1,9.83818912506104,14.6379803236507,0.441753089427948,0,4173.85,-0.330473498447694,0,"Holly Shelter","Holly Shelter","Holly Shelter1",NA
667,10,1.363,1,17.2999992370605,30155.6347096272,1,9.79692077636719,15.7726361882561,0.417368471622467,0,8.7,3.17135584856656,0,"Holly Shelter","Holly Shelter","Holly Shelter1",NA
668,10,1.363,1,17.2000007629395,30155.6347096272,1,10.1163692474365,14.6221422353742,0.391728132963181,0,4173.85,-0.330473498447694,0,"Holly Shelter","Holly Shelter","Holly Shelter1",NA
669,10,1.363,1,17.2783050537109,30155.6347096272,1,10.1624984741211,12.1146434081363,0.423740327358246,0,4173.85,-0.330473498447694,0,"Holly Shelter","Holly Shelter","Holly Shelter1",NA
670,10,1.363,1,17.2000007629395,30155.6347096272,1,10.1343793869019,15.241356614153,0.389804601669312,0,4173.85,-0.330473498447694,0,"Holly Shelter","Holly Shelter","Holly Shelter1",NA
671,10,1.363,1,17.3968124389648,30155.6347096272,1,10.3047695159912,15.0904235071853,0.428998678922653,0,8.7,3.17135584856656,0,"Holly Shelter","Holly Shelter","Holly Shelter1",NA
672,10,1.56909090909091,0,17.6999988555908,111.404766735212,1,16.441427230835,6.39512920558228,0.331364363431931,0,4173.85,-0.330473498447694,0,"Holly Shelter","Holly Shelter","Holly Shelter1",NA
673,10,1.363,1,17.2999992370605,30155.6347096272,1,10.3777370452881,13.6706880086308,0.442844420671463,0,8.7,3.17135584856656,0,"Holly Shelter","Holly Shelter","Holly Shelter1",NA
674,10,1.363,1,17.2444839477539,30155.6347096272,1,10.1788320541382,17.0486344402696,0.433816581964493,0,4173.85,-0.330473498447694,0,"Holly Shelter","Holly Shelter","Holly Shelter1",NA
675,10,1.363,1,17.2000007629395,30155.6347096272,1,9.77406978607178,13.7934317662879,0.390644729137421,0,4173.85,-0.330473498447694,0,"Holly Shelter","Holly Shelter","Holly Shelter1",NA
676,10,1.363,1,17.5,30155.6347096272,1,12.6457948684692,8.11021683799271,0.448156505823135,0,4173.85,-0.330473498447694,0,"Holly Shelter","Holly Shelter","Holly Shelter1",NA
680,10,1.363,1,17.3999996185303,30155.6347096272,1,11.9062013626099,11.1290379216649,0.433606654405594,0,4173.85,-0.330473498447694,0,"Holly Shelter","Holly Shelter","Holly Shelter1",NA
682,10,1.38454545454545,1,17.3759002685547,30960.3963059861,1,11.1945142745972,10.516354745276,0.399432331323624,0,4173.85,-0.330473498447694,0,"Holly Shelter","Holly Shelter","Holly Shelter1",NA
683,10,1.363,1,17.2843418121338,30155.6347096272,1,10.1695499420166,16.1994215378964,0.422259420156479,0,4173.85,-0.330473498447694,0,"Holly Shelter","Holly Shelter","Holly Shelter1",NA
685,10,1.363,1,17.3999996185303,30155.6347096272,1,11.7614068984985,12.0496148962999,0.408387988805771,0,8.7,3.17135584856656,0,"Holly Shelter","Holly Shelter","Holly Shelter1",NA
1,31.8388916053573,1.363,1,17.3999996185303,30155.6347096272,0,11.519739151001,12.2152813263184,0.405617713928223,0,8.7,3.17135584856656,0,"Holly Shelter","Holly Shelter","Holly Shelter1",NA
2,31.8388916053573,1.363,1,17.2999973297119,30155.6347096272,0,10.1006441116333,16.0499383309258,0.394073605537415,0,4173.85,-0.330473498447694,0,"Holly Shelter","Holly Shelter","Holly Shelter1",NA
3,31.8388916053573,1.42466666666667,1,17.3364200592041,30282.1511139022,0,10.0760927200317,15.9791656281939,0.403092920780182,0,8.7,3.17135584856656,0,"Holly Shelter","Holly Shelter","Holly Shelter1",NA
4,31.8388916053573,1.436875,1,17.5,793.915172722177,0,12.1938161849976,9.2631091342128,0.409928143024445,0,4173.85,-0.330473498447694,0,"Holly Shelter","Holly Shelter","Holly Shelter1",NA
5,31.8388916053573,1.56,1,17.5014533996582,2253.48954258592,0,13.2371482849121,7.4831065393714,0.425465971231461,0,4173.85,-0.330473498447694,0,"Holly Shelter","Holly Shelter","Holly Shelter1",NA
6,31.8388916053573,1.363,1,17.5,30155.6347096272,0,12.9750881195068,7.80946764961431,0.449845105409622,0,4173.85,-0.330473498447694,0,"Holly Shelter","Holly Shelter","Holly Shelter1",NA
7,31.8388916053573,1.363,1,17.2000007629395,30155.6347096272,0,9.30772495269775,13.7423542414685,0.301480382680893,0,4173.85,-0.330473498447694,0,"Holly Shelter","Holly Shelter","Holly Shelter1",NA
9,31.8388916053573,1.42466666666667,1,17.2000026702881,30291.5249481173,0,9.81257343292236,15.5324286808794,0.387338399887085,0,4173.85,-0.330473498447694,0,"Holly Shelter","Holly Shelter","Holly Shelter1",NA
10,31.8388916053573,1.41307692307692,1,17.2999992370605,32350.0720166057,0,11.4114170074463,10.0507574612286,0.372945755720139,0,4173.85,-0.330473498447694,0,"Holly Shelter","Holly Shelter","Holly Shelter1",NA
11,31.8388916053573,1.548,0,17.2000007629395,135.890238490035,0,10.2118186950684,15.8478142092739,0.375863045454025,0,4173.85,-0.330473498447694,0,"Holly Shelter","Holly Shelter","Holly Shelter1",NA
12,31.8388916053573,1.42466666666667,1,17.3523292541504,30282.1511139022,0,10.2686243057251,15.5352015044233,0.428877979516983,0,8.7,3.17135584856656,0,"Holly Shelter","Holly Shelter","Holly Shelter1",NA
13,31.8388916053573,1.363,1,17.2999992370605,30155.6347096272,0,10.4180870056152,11.8794049995001,0.428726971149445,0,4173.85,-0.330473498447694,0,"Holly Shelter","Holly Shelter","Holly Shelter1",NA
14,31.8388916053573,1.55666666666667,1,17.2000007629395,856.36777439667,0,7.74026298522949,16.1827968038173,0.398682534694672,0,4173.85,-0.330473498447694,0,"Holly Shelter","Holly Shelter","Holly Shelter1",NA
15,31.8388916053573,1.363,1,17.2275428771973,30155.6347096272,0,9.92253398895264,13.6628664204695,0.390299081802368,0,4173.85,-0.330473498447694,0,"Holly Shelter","Holly Shelter","Holly Shelter1",NA
17,31.8388916053573,1.58,1,17.2999992370605,2194.43730697846,0,10.9749002456665,11.3896350944632,0.404391765594482,0,4173.85,-0.330473498447694,0,"Holly Shelter","Holly Shelter","Holly Shelter1",NA
18,31.8388916053573,1.54416666666667,1,17.7000007629395,246.824550328233,0,15.9875497817993,6.25675469421736,0.396559834480286,0,4173.85,-0.330473498447694,0,"Holly Shelter","Holly Shelter","Holly Shelter1",NA
19,31.8388916053573,1.58333333333333,0,17.2999992370605,267.613015738973,0,9.23085498809814,18.0385294395893,0.385041207075119,0,4173.85,-0.330473498447694,0,"Holly Shelter","Holly Shelter","Holly Shelter1",NA
20,31.8388916053573,1.363,1,17.2245979309082,30155.6347096272,0,9.92048835754395,15.6304454622144,0.398494482040405,0,4173.85,-0.330473498447694,0,"Holly Shelter","Holly Shelter","Holly Shelter1",NA
21,31.8388916053573,1.363,1,17.3999996185303,30155.6347096272,0,12.0642042160034,11.7135816505067,0.403247654438019,0,8.7,3.17135584856656,0,"Holly Shelter","Holly Shelter","Holly Shelter1",NA
22,31.8388916053573,1.363,1,17.4995880126953,30155.6347096272,0,11.9855728149414,8.8749968311989,0.407802879810333,0,4173.85,-0.330473498447694,0,"Holly Shelter","Holly Shelter","Holly Shelter1",NA
24,31.8388916053573,1.39909090909091,1,17.5,30241.2308795243,0,10.5687284469604,14.9268904983998,0.411400377750397,0,8.7,3.17135584856656,0,"Holly Shelter","Holly Shelter","Holly Shelter1",NA
25,31.8388916053573,1.363,1,17.4999980926514,30155.6347096272,0,11.7165727615356,9.58373807991433,0.412864685058594,0,4173.85,-0.330473498447694,0,"Holly Shelter","Holly Shelter","Holly Shelter1",NA
26,31.8388916053573,1.363,1,17.2821960449219,30155.6347096272,0,9.87964534759521,13.5503384722332,0.401488691568375,0,4173.85,-0.330473498447694,0,"Holly Shelter","Holly Shelter","Holly Shelter1",NA
27,31.8388916053573,1.363,1,17.2417850494385,30155.6347096272,0,9.62441062927246,13.7923331104331,0.383595824241638,0,4173.85,-0.330473498447694,0,"Holly Shelter","Holly Shelter","Holly Shelter1",NA
29,31.8388916053573,1.363,1,17.207426071167,30155.6347096272,0,10.1240873336792,12.7173486836241,0.416311740875244,0,4173.85,-0.330473498447694,0,"Holly Shelter","Holly Shelter","Holly Shelter1",NA
30,31.8388916053573,1.41307692307692,1,17.5,32350.0720166057,0,13.7297859191895,7.37557290201346,0.438977003097534,0,4173.85,-0.330473498447694,0,"Holly Shelter","Holly Shelter","Holly Shelter1",NA
32,31.8388916053573,1.363,1,17.3413257598877,30155.6347096272,0,10.2419195175171,15.3589821001424,0.428802877664566,0,8.7,3.17135584856656,0,"Holly Shelter","Holly Shelter","Holly Shelter1",NA
33,31.8388916053573,1.41307692307692,1,17.3999996185303,32350.0720166057,0,12.018274307251,8.88548214677248,0.42321452498436,0,4173.85,-0.330473498447694,0,"Holly Shelter","Holly Shelter","Holly Shelter1",NA
34,31.8388916053573,1.363,1,17.2000007629395,30155.6347096272,0,9.60315227508545,14.6949129054413,0.403920978307724,0,4173.85,-0.330473498447694,0,"Holly Shelter","Holly Shelter","Holly Shelter1",NA
35,31.8388916053573,1.363,1,17.3042144775391,30155.6347096272,0,9.8421049118042,13.4986897458158,0.39774027466774,0,4173.85,-0.330473498447694,0,"Holly Shelter","Holly Shelter","Holly Shelter1",NA
36,31.8388916053573,1.58,1,17.3999996185303,2194.43730697846,0,10.5623188018799,11.566569492707,0.446012943983078,0,4173.85,-0.330473498447694,0,"Holly Shelter","Holly Shelter","Holly Shelter1",NA
37,31.8388916053573,1.363,1,17.2000007629395,30155.6347096272,0,10.2712888717651,15.1358014096386,0.393155485391617,0,4173.85,-0.330473498447694,0,"Holly Shelter","Holly Shelter","Holly Shelter1",NA
38,31.8388916053573,1.59,1,17.4580593109131,2516.26535005993,0,10.525297164917,10.9703114385831,0.428149461746216,0,4173.85,-0.330473498447694,0,"Holly Shelter","Holly Shelter","Holly Shelter1",NA
39,31.8388916053573,1.363,1,17.2000007629395,30155.6347096272,0,9.36324882507324,18.2593836914484,0.387727200984955,0,4173.85,-0.330473498447694,0,"Holly Shelter","Holly Shelter","Holly Shelter1",NA
40,31.8388916053573,1.58,1,17.3999996185303,2194.43730697846,0,10.4522037506104,12.0966469696135,0.424502909183502,0,4173.85,-0.330473498447694,0,"Holly Shelter","Holly Shelter","Holly Shelter1",NA
41,31.8388916053573,1.363,1,17.2134952545166,30155.6347096272,0,9.63694763183594,13.7013943333997,0.422752171754837,0,4173.85,-0.330473498447694,0,"Holly Shelter","Holly Shelter","Holly Shelter1",NA
43,31.8388916053573,1.363,1,17.3999996185303,30155.6347096272,0,10.9500427246094,13.5437925342036,0.398852050304413,0,8.7,3.17135584856656,0,"Holly Shelter","Holly Shelter","Holly Shelter1",NA
44,31.8388916053573,1.38454545454545,1,17.2000007629395,30960.3963059861,0,9.39434432983398,13.7197266051907,0.440661072731018,0,4173.85,-0.330473498447694,0,"Holly Shelter","Holly Shelter","Holly Shelter1",NA
45,31.8388916053573,1.363,1,17.2999992370605,30155.6347096272,0,10.0253829956055,15.8447827244457,0.386366277933121,0,4173.85,-0.330473498447694,0,"Holly Shelter","Holly Shelter","Holly Shelter1",NA
46,31.8388916053573,1.363,1,17.4779300689697,30155.6347096272,0,10.5720720291138,14.600026465971,0.408899009227753,0,8.7,3.17135584856656,0,"Holly Shelter","Holly Shelter","Holly Shelter1",NA
47,31.8388916053573,1.363,1,17.2999992370605,30155.6347096272,0,10.7420425415039,13.0189908032545,0.382525265216827,0,8.7,3.17135584856656,0,"Holly Shelter","Holly Shelter","Holly Shelter1",NA
48,31.8388916053573,1.363,1,17.200008392334,30155.6347096272,0,9.89182949066162,17.0281181700481,0.41366782784462,0,4173.85,-0.330473498447694,0,"Holly Shelter","Holly Shelter","Holly Shelter1",NA
49,31.8388916053573,1.38454545454545,1,17.2000007629395,30960.3963059861,0,9.28580188751221,13.7014955534078,0.42596372961998,0,4173.85,-0.330473498447694,0,"Holly Shelter","Holly Shelter","Holly Shelter1",NA
50,31.8388916053573,1.363,1,17.2000007629395,30155.6347096272,0,10.1482524871826,16.5747720138521,0.424580782651901,0,4173.85,-0.330473498447694,0,"Holly Shelter","Holly Shelter","Holly Shelter1",NA
52,31.8388916053573,1.363,1,17.2000007629395,30155.6347096272,0,9.68745422363281,12.9266638373398,0.420898616313934,0,4173.85,-0.330473498447694,0,"Holly Shelter","Holly Shelter","Holly Shelter1",NA
53,31.8388916053573,1.363,1,17.3999996185303,30155.6347096272,0,12.3625593185425,10.6827405196729,0.420962303876877,0,8.7,3.17135584856656,0,"Holly Shelter","Holly Shelter","Holly Shelter1",NA
54,31.8388916053573,1.41307692307692,1,17.5,32350.0720166057,0,12.4434928894043,8.55941172203303,0.438069999217987,0,4173.85,-0.330473498447694,0,"Holly Shelter","Holly Shelter","Holly Shelter1",NA
55,31.8388916053573,1.363,1,17.2881374359131,30155.6347096272,0,10.0162391662598,15.3449159236183,0.41700068116188,0,4173.85,-0.330473498447694,0,"Holly Shelter","Holly Shelter","Holly Shelter1",NA
56,31.8388916053573,1.40571428571429,1,17.7999992370605,30272.8892696208,0,14.8972730636597,6.63587753318945,0.380508214235306,0,4173.85,-0.330473498447694,0,"Holly Shelter","Holly Shelter","Holly Shelter1",NA
57,31.8388916053573,1.363,1,17.2999992370605,30155.6347096272,0,9.21473407745361,14.5641078476546,0.41164094209671,0,4173.85,-0.330473498447694,0,"Holly Shelter","Holly Shelter","Holly Shelter1",NA
58,31.8388916053573,1.363,1,17.3267517089844,30155.6347096272,0,9.83377170562744,14.5386066124042,0.43351137638092,0,8.7,3.17135584856656,0,"Holly Shelter","Holly Shelter","Holly Shelter1",NA
59,31.8388916053573,1.44315789473684,1,17.5,30180.2158620319,0,14.7710084915161,6.36524794967672,0.452340930700302,0,4173.85,-0.330473498447694,0,"Holly Shelter","Holly Shelter","Holly Shelter1",NA
60,31.8388916053573,1.363,1,17.2000007629395,30155.6347096272,0,10.1803331375122,14.686184781098,0.393261611461639,0,4173.85,-0.330473498447694,0,"Holly Shelter","Holly Shelter","Holly Shelter1",NA
61,31.8388916053573,1.363,1,17.2050304412842,30155.6347096272,0,9.95847320556641,13.1092340128185,0.42463493347168,0,4173.85,-0.330473498447694,0,"Holly Shelter","Holly Shelter","Holly Shelter1",NA
62,31.8388916053573,1.363,1,17.2999992370605,30155.6347096272,0,10.0314493179321,12.2408947811174,0.404027909040451,0,4173.85,-0.330473498447694,0,"Holly Shelter","Holly Shelter","Holly Shelter1",NA
63,31.8388916053573,1.363,1,17.3030242919922,30155.6347096272,0,11.282711982727,10.2026750983769,0.436568528413773,0,4173.85,-0.330473498447694,0,"Holly Shelter","Holly Shelter","Holly Shelter1",NA
64,31.8388916053573,1.41307692307692,1,17.3888072967529,32350.0720166057,0,10.8949460983276,10.8347592367272,0.443536460399628,0,4173.85,-0.330473498447694,0,"Holly Shelter","Holly Shelter","Holly Shelter1",NA
65,31.8388916053573,1.363,1,17.2999992370605,30155.6347096272,0,9.75519561767578,14.4958683455043,0.40534970164299,0,4173.85,-0.330473498447694,0,"Holly Shelter","Holly Shelter","Holly Shelter1",NA
66,31.8388916053573,1.363,1,17.4328842163086,30155.6347096272,0,10.6928005218506,14.2964114465007,0.407661139965057,0,8.7,3.17135584856656,0,"Holly Shelter","Holly Shelter","Holly Shelter1",NA
67,31.8388916053573,1.6,1,17.2529811859131,804.761596358855,0,8.41860294342041,15.3384695206147,0.424866437911987,0,4173.85,-0.330473498447694,0,"Holly Shelter","Holly Shelter","Holly Shelter1",NA
68,31.8388916053573,1.363,1,17.5,30155.6347096272,0,11.8458347320557,9.2918359478826,0.39624685049057,0,4173.85,-0.330473498447694,0,"Holly Shelter","Holly Shelter","Holly Shelter1",NA
69,31.8388916053573,1.59,1,17.3999996185303,2516.26535005993,0,11.5204010009766,10.5797972542405,0.3915074467659,0,4173.85,-0.330473498447694,0,"Holly Shelter","Holly Shelter","Holly Shelter1",NA
70,31.8388916053573,1.56,1,17.5,2253.48954258592,0,12.9324102401733,7.53287334411246,0.434240251779556,0,4173.85,-0.330473498447694,0,"Holly Shelter","Holly Shelter","Holly Shelter1",NA
71,31.8388916053573,1.363,1,17.5872383117676,30155.6347096272,0,14.1552562713623,7.00963056863051,0.427526891231537,0,4173.85,-0.330473498447694,0,"Holly Shelter","Holly Shelter","Holly Shelter1",NA
72,31.8388916053573,1.42466666666667,1,17.4381351470947,30281.2202843173,0,8.4827709197998,15.823600192222,0.454392939805984,0,8.7,3.17135584856656,0,"Holly Shelter","Holly Shelter","Holly Shelter1",NA
73,31.8388916053573,1.363,1,17.315616607666,30155.6347096272,0,11.3895626068115,10.2403192236032,0.424810647964478,0,4173.85,-0.330473498447694,0,"Holly Shelter","Holly Shelter","Holly Shelter1",NA
74,31.8388916053573,1.363,1,17.2702102661133,30155.6347096272,0,9.72868728637695,17.0102309558779,0.415402829647064,0,4173.85,-0.330473498447694,0,"Holly Shelter","Holly Shelter","Holly Shelter1",NA
76,31.8388916053573,1.363,1,17.2509994506836,30155.6347096272,0,9.70290374755859,15.243455138507,0.405923455953598,0,4173.85,-0.330473498447694,0,"Holly Shelter","Holly Shelter","Holly Shelter1",NA
77,31.8388916053573,1.363,1,17.4615955352783,30155.6347096272,0,11.6901664733887,9.57375569442228,0.402538955211639,0,4173.85,-0.330473498447694,0,"Holly Shelter","Holly Shelter","Holly Shelter1",NA
78,31.8388916053573,1.54818181818182,0,17.8999996185303,261.238037879111,0,17.1347103118896,6.65675348864483,0.384905397891998,0,4173.85,-0.330473498447694,0,"Holly Shelter","Holly Shelter","Holly Shelter1",NA
79,31.8388916053573,1.363,1,17.3328437805176,30155.6347096272,0,10.69162940979,11.0301145717243,0.449578374624252,0,4173.85,-0.330473498447694,0,"Holly Shelter","Holly Shelter","Holly Shelter1",NA
80,31.8388916053573,1.58,1,17.4366931915283,2194.43730697846,0,12.4719676971436,7.96159079023102,0.451269209384918,0,4173.85,-0.330473498447694,0,"Holly Shelter","Holly Shelter","Holly Shelter1",NA
81,31.8388916053573,1.363,1,17.3999996185303,30155.6347096272,0,11.3070344924927,10.286118229958,0.405049502849579,0,4173.85,-0.330473498447694,0,"Holly Shelter","Holly Shelter","Holly Shelter1",NA
82,31.8388916053573,1.38454545454545,1,17.3985977172852,30960.3963059861,0,10.6828832626343,11.2659378591345,0.44356581568718,0,4173.85,-0.330473498447694,0,"Holly Shelter","Holly Shelter","Holly Shelter1",NA
83,31.8388916053573,1.363,1,17.2999973297119,30155.6347096272,0,9.19115829467773,15.2471727455337,0.41330087184906,0,4173.85,-0.330473498447694,0,"Holly Shelter","Holly Shelter","Holly Shelter1",NA
84,31.8388916053573,1.42466666666667,1,17.6429920196533,30214.6869452347,0,14.3784990310669,7.10086393987548,0.408246666193008,0,4173.85,-0.330473498447694,0,"Holly Shelter","Holly Shelter","Holly Shelter1",NA
85,31.8388916053573,1.41307692307692,1,17.3627414703369,32350.0720166057,0,10.6332674026489,11.5522435915782,0.427208751440048,0,4173.85,-0.330473498447694,0,"Holly Shelter","Holly Shelter","Holly Shelter1",NA
88,31.8388916053573,1.363,1,17.1972484588623,30155.6347096272,0,9.79555225372314,14.5781137991696,0.443592965602875,0,4173.85,-0.330473498447694,0,"Holly Shelter","Holly Shelter","Holly Shelter1",NA
89,31.8388916053573,1.363,1,17.2999992370605,30155.6347096272,0,10.2327127456665,12.2633475772006,0.454126596450806,0,4173.85,-0.330473498447694,0,"Holly Shelter","Holly Shelter","Holly Shelter1",NA
90,31.8388916053573,1.53222222222222,0,17.5206680297852,31.0886151420548,0,12.224925994873,8.87398043853471,0.371771663427353,0,4173.85,-0.330473498447694,0,"Holly Shelter","Holly Shelter","Holly Shelter1",NA
91,31.8388916053573,1.538,1,17.6667881011963,1586.93188233823,0,12.9175071716309,8.01847438484035,0.386262893676758,0,4173.85,-0.330473498447694,0,"Holly Shelter","Holly Shelter","Holly Shelter1",NA
92,31.8388916053573,1.363,1,17.3999996185303,30155.6347096272,0,12.2566957473755,11.2648796455473,0.397965431213379,0,8.7,3.17135584856656,0,"Holly Shelter","Holly Shelter","Holly Shelter1",NA
93,31.8388916053573,1.45055555555556,1,17.5,32409.1242522131,0,13.3925542831421,7.38055873633256,0.427400588989258,0,4173.85,-0.330473498447694,0,"Holly Shelter","Holly Shelter","Holly Shelter1",NA
94,31.8388916053573,1.6,1,17.2875595092773,804.761596358855,0,8.6976842880249,14.6141107335055,0.279539376497269,0,4173.85,-0.330473498447694,0,"Holly Shelter","Holly Shelter","Holly Shelter1",NA
95,31.8388916053573,1.363,1,17.3936500549316,30155.6347096272,0,10.1797246932983,12.6752554191373,0.427061021327972,0,4173.85,-0.330473498447694,0,"Holly Shelter","Holly Shelter","Holly Shelter1",NA
97,31.8388916053573,1.363,1,17.4000015258789,747.061887366824,0,12.1770944595337,9.00764388440344,0.400758624076843,0,4173.85,-0.330473498447694,0,"Holly Shelter","Holly Shelter","Holly Shelter1",NA
98,31.8388916053573,1.363,1,17.2084712982178,30155.6347096272,0,9.80166912078857,12.8252559003131,0.432772815227509,0,4173.85,-0.330473498447694,0,"Holly Shelter","Holly Shelter","Holly Shelter1",NA
99,31.8388916053573,1.363,1,17.3503150939941,30155.6347096272,0,10.5626449584961,12.7386461818389,0.356376826763153,0,8.7,3.17135584856656,0,"Holly Shelter","Holly Shelter","Holly Shelter1",NA
100,31.8388916053573,1.363,1,17.4182395935059,30155.6347096272,0,10.3942375183105,14.3127878080416,0.404279947280884,0,8.7,3.17135584856656,0,"Holly Shelter","Holly Shelter","Holly Shelter1",NA
101,31.8388916053573,1.363,1,17.2173671722412,30155.6347096272,0,9.68117141723633,16.6070650946512,0.410809993743896,0,4173.85,-0.330473498447694,0,"Holly Shelter","Holly Shelter","Holly Shelter1",NA
102,31.8388916053573,1.363,1,17.3922672271729,30155.6347096272,0,10.9469766616821,11.8409477405621,0.403279721736908,0,4173.85,-0.330473498447694,0,"Holly Shelter","Holly Shelter","Holly Shelter1",NA
103,31.8388916053573,1.548,0,17.2000007629395,135.890238490035,0,10.2546319961548,15.4382696424424,0.385676771402359,0,4173.85,-0.330473498447694,0,"Holly Shelter","Holly Shelter","Holly Shelter1",NA
104,31.8388916053573,1.363,1,17.5,30155.6347096272,0,12.9567928314209,7.83474383610187,0.453885793685913,0,4173.85,-0.330473498447694,0,"Holly Shelter","Holly Shelter","Holly Shelter1",NA
105,31.8388916053573,1.363,1,17.3999996185303,30155.6347096272,0,10.8943519592285,13.8611708135707,0.41392794251442,0,8.7,3.17135584856656,0,"Holly Shelter","Holly Shelter","Holly Shelter1",NA
106,31.8388916053573,1.363,1,17.3882808685303,30155.6347096272,0,10.7630548477173,10.991111672276,0.463901996612549,0,4173.85,-0.330473498447694,0,"Holly Shelter","Holly Shelter","Holly Shelter1",NA
107,31.8388916053573,1.38454545454545,1,17.2999992370605,30960.3963059861,0,8.5281400680542,15.1865479003729,0.417685180902481,0,4173.85,-0.330473498447694,0,"Holly Shelter","Holly Shelter","Holly Shelter1",NA
108,31.8388916053573,1.363,1,17.2000007629395,30155.6347096272,0,9.32295608520508,14.0221155193069,0.313449144363403,0,4173.85,-0.330473498447694,0,"Holly Shelter","Holly Shelter","Holly Shelter1",NA
109,31.8388916053573,1.363,1,17.2999992370605,30155.6347096272,0,8.79060363769531,15.1151948487188,0.426055192947388,0,4173.85,-0.330473498447694,0,"Holly Shelter","Holly Shelter","Holly Shelter1",NA
110,31.8388916053573,1.59,1,17.3999996185303,2516.26535005993,0,10.7245216369629,11.524133227448,0.412545412778854,0,4173.85,-0.330473498447694,0,"Holly Shelter","Holly Shelter","Holly Shelter1",NA
111,31.8388916053573,1.363,1,17.3955936431885,30155.6347096272,0,11.2067136764526,12.2264824688284,0.401564091444016,0,4173.85,-0.330473498447694,0,"Holly Shelter","Holly Shelter","Holly Shelter1",NA
112,31.8388916053573,1.363,1,17.2007465362549,30155.6347096272,0,10.0814695358276,14.1113985183759,0.396260589361191,0,4173.85,-0.330473498447694,0,"Holly Shelter","Holly Shelter","Holly Shelter1",NA
113,31.8388916053573,1.363,1,17.1311359405518,30155.6347096272,0,9.36598205566406,14.2998383697293,0.342805951833725,0,4173.85,-0.330473498447694,0,"Holly Shelter","Holly Shelter","Holly Shelter1",NA
114,31.8388916053573,1.363,1,17.3156814575195,30155.6347096272,0,9.89177799224854,13.0141356359812,0.428351312875748,0,4173.85,-0.330473498447694,0,"Holly Shelter","Holly Shelter","Holly Shelter1",NA
115,31.8388916053573,1.363,1,17.3658466339111,30155.6347096272,0,10.9662504196167,11.2258820141434,0.415704309940338,0,4173.85,-0.330473498447694,0,"Holly Shelter","Holly Shelter","Holly Shelter1",NA
116,31.8388916053573,1.363,1,17.269847869873,30155.6347096272,0,10.1128492355347,16.9433290101363,0.420090973377228,0,4173.85,-0.330473498447694,0,"Holly Shelter","Holly Shelter","Holly Shelter1",NA
117,31.8388916053573,1.38454545454545,1,17.2999992370605,30960.3963059861,0,10.1615314483643,12.4204077815249,0.419046670198441,0,4173.85,-0.330473498447694,0,"Holly Shelter","Holly Shelter","Holly Shelter1",NA
118,31.8388916053573,1.58,1,17.4000015258789,2194.43730697846,0,10.3624305725098,11.905618059977,0.430149883031845,0,4173.85,-0.330473498447694,0,"Holly Shelter","Holly Shelter","Holly Shelter1",NA
119,31.8388916053573,1.363,1,17.4923515319824,30155.6347096272,0,12.1939315795898,8.58324291553236,0.427345484495163,0,4173.85,-0.330473498447694,0,"Holly Shelter","Holly Shelter","Holly Shelter1",NA
120,31.8388916053573,1.548,0,17.2999992370605,24.1317964935277,0,9.62246990203857,18.3937459145511,0.384600311517715,0,4173.85,-0.330473498447694,0,"Holly Shelter","Holly Shelter","Holly Shelter1",NA
121,31.8388916053573,1.44315789473684,1,17.6117630004883,30491.0797269378,0,14.1376714706421,7.60250124837519,0.341131150722504,0,4173.85,-0.330473498447694,0,"Holly Shelter","Holly Shelter","Holly Shelter1",NA
122,31.8388916053573,1.363,1,17.5000019073486,747.061887366824,0,12.7248115539551,7.99743190742499,0.430953770875931,0,4173.85,-0.330473498447694,0,"Holly Shelter","Holly Shelter","Holly Shelter1",NA
123,31.8388916053573,1.363,1,17.257926940918,30155.6347096272,0,9.63965225219727,13.712079541261,0.405580818653107,0,4173.85,-0.330473498447694,0,"Holly Shelter","Holly Shelter","Holly Shelter1",NA
124,31.8388916053573,1.363,1,17.2999992370605,30155.6347096272,0,10.1261501312256,12.8038733801833,0.434864163398743,0,4173.85,-0.330473498447694,0,"Holly Shelter","Holly Shelter","Holly Shelter1",NA
125,31.8388916053573,1.452,1,17.6070442199707,30280.9980107627,0,14.8229684829712,6.50149751388723,0.429332315921783,0,4173.85,-0.330473498447694,0,"Holly Shelter","Holly Shelter","Holly Shelter1",NA
126,31.8388916053573,1.56,1,17.6592292785645,256.979381603471,0,12.6461534500122,8.25516912978196,0.400735586881638,0,4173.85,-0.330473498447694,0,"Holly Shelter","Holly Shelter","Holly Shelter1",NA
127,31.8388916053573,1.58,1,17.3802528381348,2194.43730697846,0,11.2658853530884,11.0003222491924,0.394552856683731,0,4173.85,-0.330473498447694,0,"Holly Shelter","Holly Shelter","Holly Shelter1",NA
128,31.8388916053573,1.363,1,17.353141784668,30155.6347096272,0,10.1713275909424,12.6173255287492,0.429928690195084,0,4173.85,-0.330473498447694,0,"Holly Shelter","Holly Shelter","Holly Shelter1",NA
129,31.8388916053573,1.38454545454545,1,17.2999992370605,30960.3963059861,0,10.297269821167,11.9961153001054,0.436830252408981,0,4173.85,-0.330473498447694,0,"Holly Shelter","Holly Shelter","Holly Shelter1",NA
130,31.8388916053573,1.58,1,17.3440628051758,2194.43730697846,0,10.7953424453735,11.4103529191338,0.423146456480026,0,4173.85,-0.330473498447694,0,"Holly Shelter","Holly Shelter","Holly Shelter1",NA
131,31.8388916053573,1.39909090909091,1,17.5,30241.2308795243,0,11.365213394165,15.169949453585,0.40330758690834,0,8.7,3.17135584856656,0,"Holly Shelter","Holly Shelter","Holly Shelter1",NA
132,31.8388916053573,1.548,0,17.2999992370605,24.528253053335,0,9.53037261962891,18.8912075551878,0.392250269651413,0,4173.85,-0.330473498447694,0,"Holly Shelter","Holly Shelter","Holly Shelter1",NA
133,31.8388916053573,1.363,1,17.2586688995361,30155.6347096272,0,9.93262004852295,15.1741122581045,0.430385202169418,0,4173.85,-0.330473498447694,0,"Holly Shelter","Holly Shelter","Holly Shelter1",NA
134,31.8388916053573,1.363,1,17.284309387207,30155.6347096272,0,9.28036975860596,14.2617886583355,0.383170664310455,0,4173.85,-0.330473498447694,0,"Holly Shelter","Holly Shelter","Holly Shelter1",NA
135,31.8388916053573,1.363,1,17.2000007629395,30155.6347096272,0,10.0569429397583,14.4131476445814,0.391854465007782,0,4173.85,-0.330473498447694,0,"Holly Shelter","Holly Shelter","Holly Shelter1",NA
136,31.8388916053573,1.363,1,17.4999980926514,30155.6347096272,0,13.0194673538208,8.84307706372091,0.447489470243454,0,8.7,3.17135584856656,0,"Holly Shelter","Holly Shelter","Holly Shelter1",NA
137,31.8388916053573,1.363,1,17.1000003814697,30155.6347096272,0,9.44796943664551,14.044426775087,0.384471982717514,0,4173.85,-0.330473498447694,0,"Holly Shelter","Holly Shelter","Holly Shelter1",NA
138,31.8388916053573,1.363,1,17.2000007629395,30155.6347096272,0,9.35471820831299,13.5602080074646,0.339801132678986,0,4173.85,-0.330473498447694,0,"Holly Shelter","Holly Shelter","Holly Shelter1",NA
139,31.8388916053573,1.445625,1,17.5,30366.8164542144,0,10.5892686843872,14.9763525012267,0.389576971530914,0,8.7,3.17135584856656,0,"Holly Shelter","Holly Shelter","Holly Shelter1",NA
140,31.8388916053573,1.53428571428571,1,17.6340007781982,1648.29032608412,0,13.201545715332,7.86984727615003,0.377119809389114,0,4173.85,-0.330473498447694,0,"Holly Shelter","Holly Shelter","Holly Shelter1",NA
141,31.8388916053573,1.58,1,17.337345123291,2194.43730697846,0,11.7420682907104,9.70602303218567,0.433440357446671,0,4173.85,-0.330473498447694,0,"Holly Shelter","Holly Shelter","Holly Shelter1",NA
142,31.8388916053573,1.363,1,17.5,30155.6347096272,0,10.3968048095703,15.1477940263732,0.429144948720932,0,8.7,3.17135584856656,0,"Holly Shelter","Holly Shelter","Holly Shelter1",NA
144,31.8388916053573,1.363,1,17.5,30155.6347096272,0,14.7830228805542,6.85913528133445,0.457981735467911,0,4173.85,-0.330473498447694,0,"Holly Shelter","Holly Shelter","Holly Shelter1",NA
146,31.8388916053573,1.6,1,17.2937507629395,804.761596358855,0,8.67645168304443,15.2393497694578,0.246712312102318,0,4173.85,-0.330473498447694,0,"Holly Shelter","Holly Shelter","Holly Shelter1",NA
148,31.8388916053573,1.363,1,17.3999996185303,30155.6347096272,0,12.5030612945557,10.0228140471534,0.459394007921219,0,8.7,3.17135584856656,0,"Holly Shelter","Holly Shelter","Holly Shelter1",NA
149,31.8388916053573,1.363,1,17.2069530487061,30155.6347096272,0,9.46123790740967,17.5559544864949,0.403115451335907,0,4173.85,-0.330473498447694,0,"Holly Shelter","Holly Shelter","Holly Shelter1",NA
150,31.8388916053573,1.363,1,17.5,30155.6347096272,0,12.8950042724609,9.09597504438084,0.456785827875137,0,8.7,3.17135584856656,0,"Holly Shelter","Holly Shelter","Holly Shelter1",NA
151,31.8388916053573,1.41307692307692,1,17.4487705230713,2941.49919434528,0,11.9593229293823,9.4872045968175,0.417435169219971,0,4173.85,-0.330473498447694,0,"Holly Shelter","Holly Shelter","Holly Shelter1",NA
152,31.8388916053573,1.363,1,17.2999992370605,30155.6347096272,0,9.70056629180908,14.0652934779766,0.411092340946198,0,4173.85,-0.330473498447694,0,"Holly Shelter","Holly Shelter","Holly Shelter1",NA
153,31.8388916053573,1.363,1,17.3999996185303,30155.6347096272,0,11.4663000106812,12.3952471200718,0.414791494607925,0,8.7,3.17135584856656,0,"Holly Shelter","Holly Shelter","Holly Shelter1",NA
154,31.8388916053573,1.363,1,17.1999988555908,30155.6347096272,0,9.40474987030029,13.4766723485355,0.401825487613678,0,4173.85,-0.330473498447694,0,"Holly Shelter","Holly Shelter","Holly Shelter1",NA
155,31.8388916053573,1.41307692307692,1,17.3998947143555,2941.49919434528,0,11.8854742050171,9.30056576229375,0.420609265565872,0,4173.85,-0.330473498447694,0,"Holly Shelter","Holly Shelter","Holly Shelter1",NA
156,31.8388916053573,1.42466666666667,1,17.4999980926514,30281.2202843173,0,10.3630952835083,14.8699123092504,0.410037577152252,0,8.7,3.17135584856656,0,"Holly Shelter","Holly Shelter","Holly Shelter1",NA
157,31.8388916053573,1.363,1,17.3925628662109,30155.6347096272,0,10.9269857406616,10.8026361101496,0.438885658979416,0,4173.85,-0.330473498447694,0,"Holly Shelter","Holly Shelter","Holly Shelter1",NA
158,31.8388916053573,1.548,0,17.5,324.740267379333,0,12.63365650177,8.27517363739214,0.370224207639694,0,4173.85,-0.330473498447694,0,"Holly Shelter","Holly Shelter","Holly Shelter1",NA
159,31.8388916053573,1.58,1,17.4111938476562,2194.43730697846,0,11.7709398269653,10.1754509858831,0.409223526716232,0,4173.85,-0.330473498447694,0,"Holly Shelter","Holly Shelter","Holly Shelter1",NA
160,31.8388916053573,1.363,1,17.1999988555908,30155.6347096272,0,9.33747005462646,14.3636613699566,0.340900778770447,0,4173.85,-0.330473498447694,0,"Holly Shelter","Holly Shelter","Holly Shelter1",NA
161,31.8388916053573,1.46411764705882,1,17.5,30278.9350151365,0,10.7492055892944,15.5473738523539,0.40633088350296,0,8.7,3.17135584856656,0,"Holly Shelter","Holly Shelter","Holly Shelter1",NA
162,31.8388916053573,1.363,1,17.2000007629395,30155.6347096272,0,9.40564155578613,17.9836697352733,0.400329500436783,0,4173.85,-0.330473498447694,0,"Holly Shelter","Holly Shelter","Holly Shelter1",NA
163,31.8388916053573,1.41307692307692,1,17.3999996185303,32350.0720166057,0,10.3009595870972,12.3153986167712,0.429619073867798,0,4173.85,-0.330473498447694,0,"Holly Shelter","Holly Shelter","Holly Shelter1",NA
164,31.8388916053573,1.363,1,17.223388671875,30155.6347096272,0,9.86405658721924,14.5154297723607,0.442451685667038,0,4173.85,-0.330473498447694,0,"Holly Shelter","Holly Shelter","Holly Shelter1",NA
165,31.8388916053573,1.363,1,17.2231311798096,30155.6347096272,0,9.57452964782715,13.3323946654316,0.438250243663788,0,4173.85,-0.330473498447694,0,"Holly Shelter","Holly Shelter","Holly Shelter1",NA
166,31.8388916053573,1.58333333333333,0,17.4859352111816,211.181744587126,0,9.34350776672363,15.3659157015297,0.45719188451767,0,8.7,3.17135584856656,0,"Holly Shelter","Holly Shelter","Holly Shelter1",NA
167,31.8388916053573,1.363,1,17.4096012115479,30155.6347096272,0,11.5261125564575,10.0496192780798,0.416451305150986,0,4173.85,-0.330473498447694,0,"Holly Shelter","Holly Shelter","Holly Shelter1",NA
168,31.8388916053573,1.41307692307692,1,17.4129867553711,2941.49919434528,0,12.0618228912354,9.43091161158298,0.401756197214127,0,4173.85,-0.330473498447694,0,"Holly Shelter","Holly Shelter","Holly Shelter1",NA
169,31.8388916053573,1.41307692307692,1,17.3999996185303,32350.0720166057,0,10.1332931518555,12.2547464790867,0.416783690452576,0,4173.85,-0.330473498447694,0,"Holly Shelter","Holly Shelter","Holly Shelter1",NA
170,31.8388916053573,1.548,0,17.4665985107422,163.695800272917,0,9.80482769012451,11.7604843920295,0.371917486190796,0,4173.85,-0.330473498447694,0,"Holly Shelter","Holly Shelter","Holly Shelter1",NA
171,31.8388916053573,1.363,1,17.2683086395264,30155.6347096272,0,9.75449848175049,17.4888409801895,0.403020530939102,0,4173.85,-0.330473498447694,0,"Holly Shelter","Holly Shelter","Holly Shelter1",NA
172,31.8388916053573,1.363,1,17.4968852996826,30155.6347096272,0,12.9292039871216,9.15891459489523,0.464241862297058,0,8.7,3.17135584856656,0,"Holly Shelter","Holly Shelter","Holly Shelter1",NA
173,31.8388916053573,1.363,1,17.3999996185303,30155.6347096272,0,10.6964359283447,14.3213691819395,0.413087368011475,0,8.7,3.17135584856656,0,"Holly Shelter","Holly Shelter","Holly Shelter1",NA
174,31.8388916053573,1.363,1,17.3182067871094,30155.6347096272,0,9.73143291473389,12.7403870026285,0.38157194852829,0,4173.85,-0.330473498447694,0,"Holly Shelter","Holly Shelter","Holly Shelter1",NA
175,31.8388916053573,1.45055555555556,1,17.6028861999512,32409.1242522131,0,14.1136512756348,7.10242166673925,0.425228953361511,0,4173.85,-0.330473498447694,0,"Holly Shelter","Holly Shelter","Holly Shelter1",NA
176,31.8388916053573,1.42466666666667,1,17.6671180725098,30480.3749770066,0,13.9173240661621,7.73792575457963,0.375309765338898,0,4173.85,-0.330473498447694,0,"Holly Shelter","Holly Shelter","Holly Shelter1",NA
178,31.8388916053573,1.363,1,17.3000011444092,30155.6347096272,0,9.39273929595947,14.809640057067,0.431998491287231,0,4173.85,-0.330473498447694,0,"Holly Shelter","Holly Shelter","Holly Shelter1",NA
179,31.8388916053573,1.363,1,17.3999996185303,30155.6347096272,0,11.3679141998291,10.9110532214441,0.406276047229767,0,4173.85,-0.330473498447694,0,"Holly Shelter","Holly Shelter","Holly Shelter1",NA
180,31.8388916053573,1.62,0,17.462739944458,16.8033694782744,0,11.788013458252,9.79012215643884,0.374297082424164,0,4173.85,-0.330473498447694,0,"Holly Shelter","Holly Shelter","Holly Shelter1",NA
181,31.8388916053573,1.38454545454545,1,17.2000007629395,30960.3963059861,0,9.5779619216919,13.3550938097089,0.430488526821136,0,4173.85,-0.330473498447694,0,"Holly Shelter","Holly Shelter","Holly Shelter1",NA
182,31.8388916053573,1.42466666666667,1,17.2594718933105,30291.5249481173,0,10.0598278045654,14.6682531534549,0.389138728380203,0,4173.85,-0.330473498447694,0,"Holly Shelter","Holly Shelter","Holly Shelter1",NA
183,31.8388916053573,1.445625,1,17.4259796142578,30318.8013449481,0,9.51896858215332,15.9590811583972,0.404012531042099,0,8.7,3.17135584856656,0,"Holly Shelter","Holly Shelter","Holly Shelter1",NA
184,31.8388916053573,1.43058823529412,1,17.7000007629395,31822.8587667099,0,13.8189878463745,7.80987025325237,0.38044947385788,0,4173.85,-0.330473498447694,0,"Holly Shelter","Holly Shelter","Holly Shelter1",NA
185,31.8388916053573,1.44315789473684,1,17.6649761199951,30280.3522724853,0,15.8044862747192,6.57000636644589,0.376228660345078,0,4173.85,-0.330473498447694,0,"Holly Shelter","Holly Shelter","Holly Shelter1",NA
186,31.8388916053573,1.363,1,17.1000900268555,30155.6347096272,0,9.53454113006592,14.5564690346894,0.41926121711731,0,4173.85,-0.330473498447694,0,"Holly Shelter","Holly Shelter","Holly Shelter1",NA
188,31.8388916053573,1.363,1,17.4935264587402,30155.6347096272,0,12.7774133682251,9.82003645892888,0.455268144607544,0,8.7,3.17135584856656,0,"Holly Shelter","Holly Shelter","Holly Shelter1",NA
189,31.8388916053573,1.363,1,17.2999992370605,30155.6347096272,0,9.79769134521484,16.2783330444955,0.420684695243835,0,8.7,3.17135584856656,0,"Holly Shelter","Holly Shelter","Holly Shelter1",NA
190,31.8388916053573,1.47173913043478,1,17.6125755310059,30415.513169369,0,15.9972238540649,5.83075020547287,0.410317718982697,0,4173.85,-0.330473498447694,0,"Holly Shelter","Holly Shelter","Holly Shelter1",NA
191,31.8388916053573,1.58,1,17.7134437561035,122.106987470172,0,15.8927917480469,5.80139961385175,0.42527237534523,0,4173.85,-0.330473498447694,0,"Holly Shelter","Holly Shelter","Holly Shelter1",NA
192,31.8388916053573,1.363,1,17.2000007629395,30155.6347096272,0,9.53468227386475,18.0055588249449,0.419976592063904,0,4173.85,-0.330473498447694,0,"Holly Shelter","Holly Shelter","Holly Shelter1",NA
193,31.8388916053573,1.363,1,17.5,30155.6347096272,0,13.000431060791,8.325129511113,0.456539869308472,0,4173.85,-0.330473498447694,0,"Holly Shelter","Holly Shelter","Holly Shelter1",NA
194,31.8388916053573,1.363,1,17.2000007629395,30155.6347096272,0,9.44921207427979,18.0927276746093,0.413784831762314,0,4173.85,-0.330473498447694,0,"Holly Shelter","Holly Shelter","Holly Shelter1",NA
195,31.8388916053573,1.41307692307692,1,17.2999992370605,32350.0720166057,0,9.93106937408447,12.1929891794402,0.377336919307709,0,4173.85,-0.330473498447694,0,"Holly Shelter","Holly Shelter","Holly Shelter1",NA
196,31.8388916053573,1.363,1,17.2999992370605,30155.6347096272,0,10.3758964538574,12.0355649821641,0.420766323804855,0,4173.85,-0.330473498447694,0,"Holly Shelter","Holly Shelter","Holly Shelter1",NA
197,31.8388916053573,1.47,1,17.4984683990479,30444.3869196382,0,10.5418224334717,15.5672621850876,0.403681993484497,0,8.7,3.17135584856656,0,"Holly Shelter","Holly Shelter","Holly Shelter1",NA
198,31.8388916053573,1.363,1,17.4974365234375,30155.6347096272,0,11.9826240539551,9.2521220875852,0.435187011957169,0,4173.85,-0.330473498447694,0,"Holly Shelter","Holly Shelter","Holly Shelter1",NA
199,31.8388916053573,1.363,1,17.2999992370605,30155.6347096272,0,9.71563720703125,13.2493323330483,0.397042393684387,0,4173.85,-0.330473498447694,0,"Holly Shelter","Holly Shelter","Holly Shelter1",NA
200,31.8388916053573,1.38454545454545,1,17.2465133666992,30960.3963059861,0,9.9790620803833,12.6788586987193,0.431329697370529,0,4173.85,-0.330473498447694,0,"Holly Shelter","Holly Shelter","Holly Shelter1",NA
201,31.8388916053573,1.363,1,17.3000011444092,30155.6347096272,0,10.1997957229614,12.4526830935461,0.452632248401642,0,4173.85,-0.330473498447694,0,"Holly Shelter","Holly Shelter","Holly Shelter1",NA
202,31.8388916053573,1.363,1,17.2000007629395,30155.6347096272,0,9.6611156463623,15.2399071746241,0.346072405576706,0,4173.85,-0.330473498447694,0,"Holly Shelter","Holly Shelter","Holly Shelter1",NA
203,31.8388916053573,1.363,1,17.2999973297119,30155.6347096272,0,9.65372276306152,12.9023035659131,0.416065990924835,0,4173.85,-0.330473498447694,0,"Holly Shelter","Holly Shelter","Holly Shelter1",NA
205,31.8388916053573,1.44315789473684,1,17.6518211364746,30280.3522724853,0,14.6229734420776,6.84609545408183,0.405186504125595,0,4173.85,-0.330473498447694,0,"Holly Shelter","Holly Shelter","Holly Shelter1",NA
206,31.8388916053573,1.363,1,17.2000007629395,30155.6347096272,0,9.65911388397217,14.0651747189114,0.389514088630676,0,4173.85,-0.330473498447694,0,"Holly Shelter","Holly Shelter","Holly Shelter1",NA
207,31.8388916053573,1.548,0,17.2999992370605,24.1317964935277,0,9.56566619873047,18.5295228993128,0.38077050447464,0,4173.85,-0.330473498447694,0,"Holly Shelter","Holly Shelter","Holly Shelter1",NA
209,31.8388916053573,1.363,1,17.3999996185303,30155.6347096272,0,11.9162082672119,11.3388136321989,0.426384419202805,0,4173.85,-0.330473498447694,0,"Holly Shelter","Holly Shelter","Holly Shelter1",NA
211,31.8388916053573,1.42466666666667,1,17.6975898742676,30480.3749770066,0,14.5306062698364,7.33356687400456,0.376007884740829,0,4173.85,-0.330473498447694,0,"Holly Shelter","Holly Shelter","Holly Shelter1",NA
212,31.8388916053573,1.363,1,17.2679843902588,30155.6347096272,0,10.1333961486816,16.5551249926533,0.401888787746429,0,4173.85,-0.330473498447694,0,"Holly Shelter","Holly Shelter","Holly Shelter1",NA
213,31.8388916053573,1.363,1,17.4000015258789,30155.6347096272,0,11.1316184997559,13.4076467516615,0.382766366004944,0,8.7,3.17135584856656,0,"Holly Shelter","Holly Shelter","Holly Shelter1",NA
214,31.8388916053573,1.363,1,17.2000007629395,30155.6347096272,0,9.93368434906006,15.4206737776476,0.435801476240158,0,4173.85,-0.330473498447694,0,"Holly Shelter","Holly Shelter","Holly Shelter1",NA
215,31.8388916053573,1.363,1,17.3999996185303,30155.6347096272,0,11.2618217468262,10.5874436201212,0.42334309220314,0,4173.85,-0.330473498447694,0,"Holly Shelter","Holly Shelter","Holly Shelter1",NA
217,31.8388916053573,1.42466666666667,1,17.6021633148193,30193.9967041251,0,14.3430137634277,6.93259751282287,0.436080902814865,0,4173.85,-0.330473498447694,0,"Holly Shelter","Holly Shelter","Holly Shelter1",NA
218,31.8388916053573,1.363,1,17.266716003418,30155.6347096272,0,10.0783910751343,12.822907302138,0.406394988298416,0,4173.85,-0.330473498447694,0,"Holly Shelter","Holly Shelter","Holly Shelter1",NA
219,31.8388916053573,1.56,1,17.5,2253.48954258592,0,12.7125978469849,7.52129963217752,0.453188478946686,0,4173.85,-0.330473498447694,0,"Holly Shelter","Holly Shelter","Holly Shelter1",NA
220,31.8388916053573,1.363,1,17.2746047973633,30155.6347096272,0,10.0797500610352,16.4221689204762,0.409426331520081,0,4173.85,-0.330473498447694,0,"Holly Shelter","Holly Shelter","Holly Shelter1",NA
221,31.8388916053573,1.41307692307692,1,17.3999996185303,2941.49919434528,0,11.9842157363892,9.36574381624353,0.411872088909149,0,4173.85,-0.330473498447694,0,"Holly Shelter","Holly Shelter","Holly Shelter1",NA
222,31.8388916053573,1.47166666666667,1,17.266939163208,31014.2096548774,0,8.32083415985107,15.9933636058832,0.437146902084351,0,4173.85,-0.330473498447694,0,"Holly Shelter","Holly Shelter","Holly Shelter1",NA
223,31.8388916053573,1.55666666666667,1,17.2000007629395,856.36777439667,0,7.81292295455933,15.8609430201658,0.403804391622543,0,4173.85,-0.330473498447694,0,"Holly Shelter","Holly Shelter","Holly Shelter1",NA
224,31.8388916053573,1.363,1,17.1900367736816,30155.6347096272,0,9.48812389373779,14.7906392900144,0.395579546689987,0,4173.85,-0.330473498447694,0,"Holly Shelter","Holly Shelter","Holly Shelter1",NA
225,31.8388916053573,1.41307692307692,1,17.3999996185303,32350.0720166057,0,10.1830577850342,12.4461790126601,0.419851660728455,0,4173.85,-0.330473498447694,0,"Holly Shelter","Holly Shelter","Holly Shelter1",NA
226,31.8388916053573,1.45055555555556,1,17.7266654968262,30393.7991317622,0,15.9972496032715,5.76421935583798,0.422003597021103,0,4173.85,-0.330473498447694,0,"Holly Shelter","Holly Shelter","Holly Shelter1",NA
227,31.8388916053573,1.548,0,17.3988056182861,24.8216221898483,0,8.65968799591064,19.1250784938615,0.406307846307755,0,4173.85,-0.330473498447694,0,"Holly Shelter","Holly Shelter","Holly Shelter1",NA
228,31.8388916053573,1.62,0,17.3999996185303,321.828043081472,0,10.9369449615479,10.8497727910444,0.409351110458374,0,4173.85,-0.330473498447694,0,"Holly Shelter","Holly Shelter","Holly Shelter1",NA
232,31.8388916053573,1.58,1,17.3770771026611,2194.43730697846,0,11.1158418655396,10.4213828834793,0.429727852344513,0,4173.85,-0.330473498447694,0,"Holly Shelter","Holly Shelter","Holly Shelter1",NA
233,31.8388916053573,1.363,1,17.2999992370605,30155.6347096272,0,10.2859334945679,12.6744743638085,0.379331022500992,0,4173.85,-0.330473498447694,0,"Holly Shelter","Holly Shelter","Holly Shelter1",NA
234,31.8388916053573,1.56666666666667,1,17.4971656799316,2679.96115033285,0,10.3398132324219,11.2886888891611,0.401956409215927,0,4173.85,-0.330473498447694,0,"Holly Shelter","Holly Shelter","Holly Shelter1",NA
235,31.8388916053573,1.363,1,17.2484264373779,30155.6347096272,0,10.0297422409058,13.1203883015466,0.387500017881393,0,4173.85,-0.330473498447694,0,"Holly Shelter","Holly Shelter","Holly Shelter1",NA
236,31.8388916053573,1.363,1,17.3999996185303,30155.6347096272,0,11.4605121612549,12.0910079889473,0.393522024154663,0,8.7,3.17135584856656,0,"Holly Shelter","Holly Shelter","Holly Shelter1",NA
238,31.8388916053573,1.38454545454545,1,17.3279514312744,30960.3963059861,0,10.4686632156372,11.6358799579778,0.439769685268402,0,4173.85,-0.330473498447694,0,"Holly Shelter","Holly Shelter","Holly Shelter1",NA
239,31.8388916053573,1.548,0,17.3194770812988,93.9874027525643,0,8.56618881225586,12.5610494001168,0.395592570304871,0,4173.85,-0.330473498447694,0,"Holly Shelter","Holly Shelter","Holly Shelter1",NA
240,31.8388916053573,1.363,1,17.1999988555908,30155.6347096272,0,9.71896076202393,15.7927020390584,0.398480653762817,0,4173.85,-0.330473498447694,0,"Holly Shelter","Holly Shelter","Holly Shelter1",NA
242,31.8388916053573,1.363,1,17.3000011444092,30155.6347096272,0,9.66591835021973,13.1104020037361,0.447225540876389,0,4173.85,-0.330473498447694,0,"Holly Shelter","Holly Shelter","Holly Shelter1",NA
243,31.8388916053573,1.363,1,17.4995422363281,30155.6347096272,0,11.4118709564209,10.109941145735,0.412682294845581,0,4173.85,-0.330473498447694,0,"Holly Shelter","Holly Shelter","Holly Shelter1",NA
245,31.8388916053573,1.363,1,17.4758930206299,30155.6347096272,0,12.1689434051514,9.62911246655439,0.464696794748306,0,4173.85,-0.330473498447694,0,"Holly Shelter","Holly Shelter","Holly Shelter1",NA
246,31.8388916053573,1.363,1,17.2201232910156,30155.6347096272,0,9.95687961578369,12.5765110093983,0.409277021884918,0,4173.85,-0.330473498447694,0,"Holly Shelter","Holly Shelter","Holly Shelter1",NA
247,31.8388916053573,1.363,1,17.3047046661377,30155.6347096272,0,10.6783657073975,13.3465018831256,0.395785450935364,0,8.7,3.17135584856656,0,"Holly Shelter","Holly Shelter","Holly Shelter1",NA
249,31.8388916053573,1.363,1,17.4004898071289,30155.6347096272,0,12.4544486999512,9.96111435498921,0.460285842418671,0,4173.85,-0.330473498447694,0,"Holly Shelter","Holly Shelter","Holly Shelter1",NA
250,31.8388916053573,1.363,1,17.2000007629395,30155.6347096272,0,10.1213159561157,14.2274231102548,0.385467052459717,0,4173.85,-0.330473498447694,0,"Holly Shelter","Holly Shelter","Holly Shelter1",NA
251,31.8388916053573,1.363,1,17.3900032043457,30155.6347096272,0,11.523344039917,9.37161557834257,0.438889443874359,0,4173.85,-0.330473498447694,0,"Holly Shelter","Holly Shelter","Holly Shelter1",NA
252,31.8388916053573,1.363,1,17.3999214172363,30155.6347096272,0,11.4084901809692,9.95459048211874,0.432563453912735,0,4173.85,-0.330473498447694,0,"Holly Shelter","Holly Shelter","Holly Shelter1",NA
253,31.8388916053573,1.363,1,17.6389064788818,30155.6347096272,0,13.2944660186768,7.4938757156437,0.433255136013031,0,4173.85,-0.330473498447694,0,"Holly Shelter","Holly Shelter","Holly Shelter1",NA
254,31.8388916053573,1.363,1,17.3114585876465,30155.6347096272,0,9.96750926971436,14.3028735584147,0.437292844057083,0,8.7,3.17135584856656,0,"Holly Shelter","Holly Shelter","Holly Shelter1",NA
256,31.8388916053573,1.363,1,17.2999992370605,30155.6347096272,0,10.5109977722168,11.6061942018708,0.441402077674866,0,4173.85,-0.330473498447694,0,"Holly Shelter","Holly Shelter","Holly Shelter1",NA
257,31.8388916053573,1.363,1,17.3572235107422,30155.6347096272,0,9.85002899169922,13.0193240744446,0.388159364461899,0,4173.85,-0.330473498447694,0,"Holly Shelter","Holly Shelter","Holly Shelter1",NA
258,31.8388916053573,1.363,1,17.1086864471436,30155.6347096272,0,9.36862850189209,14.7372726245574,0.345988303422928,0,4173.85,-0.330473498447694,0,"Holly Shelter","Holly Shelter","Holly Shelter1",NA
259,31.8388916053573,1.363,1,17.2000007629395,30155.6347096272,0,9.78765392303467,14.9327821399736,0.401722490787506,0,4173.85,-0.330473498447694,0,"Holly Shelter","Holly Shelter","Holly Shelter1",NA
260,31.8388916053573,1.41307692307692,1,17.5,32350.0720166057,0,12.5870895385742,7.86196467310522,0.447621673345566,0,4173.85,-0.330473498447694,0,"Holly Shelter","Holly Shelter","Holly Shelter1",NA
261,31.8388916053573,1.363,1,17.4957313537598,747.061887366824,0,12.4681768417358,8.66585105301107,0.386743932962418,0,4173.85,-0.330473498447694,0,"Holly Shelter","Holly Shelter","Holly Shelter1",NA
262,31.8388916053573,1.548,0,17.5,163.695800272917,0,10.204644203186,11.5088812443937,0.41085159778595,0,4173.85,-0.330473498447694,0,"Holly Shelter","Holly Shelter","Holly Shelter1",NA
265,31.8388916053573,1.38454545454545,1,17.2445983886719,30960.3963059861,0,10.0408039093018,12.3481581902854,0.422723084688187,0,4173.85,-0.330473498447694,0,"Holly Shelter","Holly Shelter","Holly Shelter1",NA
266,31.8388916053573,1.363,1,17.5,30155.6347096272,0,12.9532833099365,7.640837113329,0.44341829419136,0,4173.85,-0.330473498447694,0,"Holly Shelter","Holly Shelter","Holly Shelter1",NA
267,31.8388916053573,1.548,0,17.2020225524902,13.8390572393965,0,9.56052589416504,19.0520069681138,0.393179059028625,0,4173.85,-0.330473498447694,0,"Holly Shelter","Holly Shelter","Holly Shelter1",NA
268,31.8388916053573,1.363,1,17.2161674499512,30155.6347096272,0,9.98761558532715,13.3525052495189,0.398729830980301,0,4173.85,-0.330473498447694,0,"Holly Shelter","Holly Shelter","Holly Shelter1",NA
269,31.8388916053573,1.363,1,17.2000007629395,30155.6347096272,0,9.78661918640137,14.3505422928698,0.403034061193466,0,4173.85,-0.330473498447694,0,"Holly Shelter","Holly Shelter","Holly Shelter1",NA
270,31.8388916053573,1.363,1,17.4433135986328,30155.6347096272,0,12.3145933151245,10.280823910797,0.437207132577896,0,4173.85,-0.330473498447694,0,"Holly Shelter","Holly Shelter","Holly Shelter1",NA
271,31.8388916053573,1.363,1,17.3999996185303,30155.6347096272,0,11.9417285919189,11.7237492156708,0.420317560434341,0,8.7,3.17135584856656,0,"Holly Shelter","Holly Shelter","Holly Shelter1",NA
272,31.8388916053573,1.363,1,17.2000007629395,30155.6347096272,0,9.85929584503174,14.8738586716301,0.415893942117691,0,4173.85,-0.330473498447694,0,"Holly Shelter","Holly Shelter","Holly Shelter1",NA
273,31.8388916053573,1.363,1,17.3999996185303,30155.6347096272,0,11.2428007125854,12.3661125228945,0.387943714857101,0,8.7,3.17135584856656,0,"Holly Shelter","Holly Shelter","Holly Shelter1",NA
275,31.8388916053573,1.42466666666667,1,17.5973052978516,1071.80215474616,0,12.7885255813599,8.12024340147654,0.381581395864487,0,4173.85,-0.330473498447694,0,"Holly Shelter","Holly Shelter","Holly Shelter1",NA
276,31.8388916053573,1.363,1,17.2997207641602,30155.6347096272,0,9.53646755218506,14.3125834388369,0.441167324781418,0,4173.85,-0.330473498447694,0,"Holly Shelter","Holly Shelter","Holly Shelter1",NA
277,31.8388916053573,1.363,1,17.2000007629395,30155.6347096272,0,9.80514430999756,13.6171062456573,0.393711239099503,0,4173.85,-0.330473498447694,0,"Holly Shelter","Holly Shelter","Holly Shelter1",NA
278,31.8388916053573,1.363,1,17.2999992370605,30155.6347096272,0,10.1336917877197,15.6483582509696,0.405562430620193,0,4173.85,-0.330473498447694,0,"Holly Shelter","Holly Shelter","Holly Shelter1",NA
279,31.8388916053573,1.58,1,17.3999996185303,2194.43730697846,0,11.8949413299561,9.86105567824707,0.427690774202347,0,4173.85,-0.330473498447694,0,"Holly Shelter","Holly Shelter","Holly Shelter1",NA
280,31.8388916053573,1.42466666666667,1,17.3219928741455,30282.1511139022,0,9.88707637786865,16.1195810095796,0.422309011220932,0,8.7,3.17135584856656,0,"Holly Shelter","Holly Shelter","Holly Shelter1",NA
281,31.8388916053573,1.363,1,17.3560619354248,30155.6347096272,0,10.0506629943848,15.4026088004466,0.426907896995544,0,8.7,3.17135584856656,0,"Holly Shelter","Holly Shelter","Holly Shelter1",NA
282,31.8388916053573,1.363,1,17.36350440979,30155.6347096272,0,9.73310565948486,12.7523373816068,0.433376610279083,0,4173.85,-0.330473498447694,0,"Holly Shelter","Holly Shelter","Holly Shelter1",NA
283,31.8388916053573,1.548,0,17.5,16.460761559711,0,12.2724266052246,8.94853328411151,0.379330337047577,0,4173.85,-0.330473498447694,0,"Holly Shelter","Holly Shelter","Holly Shelter1",NA
284,31.8388916053573,1.363,1,17.2825622558594,30155.6347096272,0,9.89263439178467,13.604336462916,0.387986660003662,0,4173.85,-0.330473498447694,0,"Holly Shelter","Holly Shelter","Holly Shelter1",NA
285,31.8388916053573,1.5046875,1,17.7564811706543,30267.0394763624,0,15.7341909408569,5.84786902420537,0.380178809165955,0,4173.85,-0.330473498447694,0,"Holly Shelter","Holly Shelter","Holly Shelter1",NA
286,31.8388916053573,1.363,1,17.3999996185303,30155.6347096272,0,10.0917024612427,14.8821948890914,0.416064500808716,0,8.7,3.17135584856656,0,"Holly Shelter","Holly Shelter","Holly Shelter1",NA
287,31.8388916053573,1.363,1,17.2773113250732,30155.6347096272,0,9.87093544006348,13.2173100968629,0.409924656152725,0,4173.85,-0.330473498447694,0,"Holly Shelter","Holly Shelter","Holly Shelter1",NA
288,31.8388916053573,1.58,1,17.40940284729,2194.43730697846,0,10.4268274307251,11.5681785744201,0.4185471534729,0,4173.85,-0.330473498447694,0,"Holly Shelter","Holly Shelter","Holly Shelter1",NA
290,31.8388916053573,1.465,1,17.5781002044678,30312.5051847638,0,15.2688407897949,6.02801109197163,0.423373818397522,0,4173.85,-0.330473498447694,0,"Holly Shelter","Holly Shelter","Holly Shelter1",NA
292,31.8388916053573,1.548,0,17.2174167633057,13.8390572393965,0,9.6143274307251,19.0060938978539,0.412340253591537,0,4173.85,-0.330473498447694,0,"Holly Shelter","Holly Shelter","Holly Shelter1",NA
293,31.8388916053573,1.38454545454545,1,17.3595771789551,30960.3963059861,0,11.0682554244995,10.7481204622463,0.438027322292328,0,4173.85,-0.330473498447694,0,"Holly Shelter","Holly Shelter","Holly Shelter1",NA
294,31.8388916053573,1.363,1,17.5,30155.6347096272,0,12.5328130722046,8.13227107922249,0.453700453042984,0,4173.85,-0.330473498447694,0,"Holly Shelter","Holly Shelter","Holly Shelter1",NA
295,31.8388916053573,1.363,1,17.2136936187744,30155.6347096272,0,9.88527393341064,13.5343411039203,0.425145655870438,0,4173.85,-0.330473498447694,0,"Holly Shelter","Holly Shelter","Holly Shelter1",NA
296,31.8388916053573,1.363,1,17.2100391387939,30155.6347096272,0,9.74771595001221,15.0251089065571,0.384490191936493,0,4173.85,-0.330473498447694,0,"Holly Shelter","Holly Shelter","Holly Shelter1",NA
298,31.8388916053573,1.41307692307692,1,17.4500179290771,2941.49919434528,0,12.0706672668457,9.45895525899373,0.391584575176239,0,4173.85,-0.330473498447694,0,"Holly Shelter","Holly Shelter","Holly Shelter1",NA
300,31.8388916053573,1.363,1,17.2999992370605,30155.6347096272,0,10.2361660003662,12.2775123421139,0.380248218774796,0,4173.85,-0.330473498447694,0,"Holly Shelter","Holly Shelter","Holly Shelter1",NA
301,31.8388916053573,1.445625,1,17.4008712768555,30317.8705153632,0,8.74084281921387,15.8615573762299,0.432629495859146,0,8.7,3.17135584856656,0,"Holly Shelter","Holly Shelter","Holly Shelter1",NA
302,31.8388916053573,1.363,1,17.2000007629395,30155.6347096272,0,10.0029964447021,13.1024025197632,0.418748557567596,0,4173.85,-0.330473498447694,0,"Holly Shelter","Holly Shelter","Holly Shelter1",NA
303,31.8388916053573,1.548,0,17.2999744415283,24.528253053335,0,9.75289440155029,18.9111394330324,0.392983168363571,0,4173.85,-0.330473498447694,0,"Holly Shelter","Holly Shelter","Holly Shelter1",NA
304,31.8388916053573,1.363,1,17.2999992370605,30155.6347096272,0,10.138988494873,13.7835835477071,0.455100744962692,0,8.7,3.17135584856656,0,"Holly Shelter","Holly Shelter","Holly Shelter1",NA
305,31.8388916053573,1.59,1,17.3940906524658,2516.26535005993,0,11.262978553772,10.9408429357745,0.396967947483063,0,4173.85,-0.330473498447694,0,"Holly Shelter","Holly Shelter","Holly Shelter1",NA
306,31.8388916053573,1.363,1,17.1510334014893,30155.6347096272,0,9.74895572662354,15.2478321935406,0.400915056467056,0,4173.85,-0.330473498447694,0,"Holly Shelter","Holly Shelter","Holly Shelter1",NA
307,31.8388916053573,1.363,1,17.3117408752441,30155.6347096272,0,10.740047454834,12.6124910483396,0.361083418130875,0,8.7,3.17135584856656,0,"Holly Shelter","Holly Shelter","Holly Shelter1",NA
308,31.8388916053573,1.363,1,17.3999996185303,30155.6347096272,0,11.6035146713257,11.822269210004,0.420858979225159,0,4173.85,-0.330473498447694,0,"Holly Shelter","Holly Shelter","Holly Shelter1",NA
309,31.8388916053573,1.363,1,17.5053997039795,30155.6347096272,0,13.410439491272,7.4952587275438,0.442164957523346,0,4173.85,-0.330473498447694,0,"Holly Shelter","Holly Shelter","Holly Shelter1",NA
310,31.8388916053573,1.363,1,17.2000007629395,30155.6347096272,0,9.90714073181152,15.025301566235,0.411407262086868,0,4173.85,-0.330473498447694,0,"Holly Shelter","Holly Shelter","Holly Shelter1",NA
311,31.8388916053573,1.42466666666667,1,17.6470794677734,30214.6869452347,0,14.3192691802979,6.92112059059953,0.430980652570724,0,4173.85,-0.330473498447694,0,"Holly Shelter","Holly Shelter","Holly Shelter1",NA
312,31.8388916053573,1.38454545454545,1,17.220329284668,30960.3963059861,0,9.41872310638428,14.0143490595491,0.424917340278625,0,4173.85,-0.330473498447694,0,"Holly Shelter","Holly Shelter","Holly Shelter1",NA
313,31.8388916053573,1.363,1,17.3999996185303,30155.6347096272,0,10.777322769165,13.9882033725475,0.406555861234665,0,8.7,3.17135584856656,0,"Holly Shelter","Holly Shelter","Holly Shelter1",NA
314,31.8388916053573,1.363,1,17.2999992370605,30155.6347096272,0,10.3860883712769,11.8567819120043,0.445987582206726,0,4173.85,-0.330473498447694,0,"Holly Shelter","Holly Shelter","Holly Shelter1",NA
315,31.8388916053573,1.41307692307692,1,17.3688907623291,32350.0720166057,0,11.8112144470215,9.21763770053358,0.434579968452454,0,4173.85,-0.330473498447694,0,"Holly Shelter","Holly Shelter","Holly Shelter1",NA
316,31.8388916053573,1.58333333333333,0,17.2999992370605,267.613015738973,0,9.4796895980835,18.1979489418457,0.370842039585114,0,4173.85,-0.330473498447694,0,"Holly Shelter","Holly Shelter","Holly Shelter1",NA
317,31.8388916053573,1.363,1,17.2999992370605,30155.6347096272,0,10.6512432098389,11.4143940751273,0.441610515117645,0,4173.85,-0.330473498447694,0,"Holly Shelter","Holly Shelter","Holly Shelter1",NA
318,31.8388916053573,1.363,1,17.578592300415,30155.6347096272,0,14.6472759246826,6.91776757440972,0.432295024394989,0,4173.85,-0.330473498447694,0,"Holly Shelter","Holly Shelter","Holly Shelter1",NA
319,31.8388916053573,1.363,1,17.2093925476074,30155.6347096272,0,9.83754730224609,15.248101187328,0.401386559009552,0,4173.85,-0.330473498447694,0,"Holly Shelter","Holly Shelter","Holly Shelter1",NA
321,31.8388916053573,1.41307692307692,1,17.3501720428467,32350.0720166057,0,10.8216524124146,10.9547619038288,0.410634458065033,0,4173.85,-0.330473498447694,0,"Holly Shelter","Holly Shelter","Holly Shelter1",NA
323,31.8388916053573,1.58333333333333,0,17.2999992370605,267.613015738973,0,9.07209396362305,18.5205638139422,0.391898989677429,0,4173.85,-0.330473498447694,0,"Holly Shelter","Holly Shelter","Holly Shelter1",NA
324,31.8388916053573,1.363,1,17.283374786377,30155.6347096272,0,10.2078218460083,12.8061399417369,0.417073160409927,0,4173.85,-0.330473498447694,0,"Holly Shelter","Holly Shelter","Holly Shelter1",NA
325,31.8388916053573,1.44315789473684,1,17.5392265319824,1082.50690467744,0,13.0226697921753,7.80066014731463,0.384277492761612,0,4173.85,-0.330473498447694,0,"Holly Shelter","Holly Shelter","Holly Shelter1",NA
326,31.8388916053573,1.363,1,17.2999858856201,30155.6347096272,0,9.92002964019775,13.7400401377953,0.461975991725922,0,8.7,3.17135584856656,0,"Holly Shelter","Holly Shelter","Holly Shelter1",NA
327,31.8388916053573,1.363,1,17.2000007629395,30155.6347096272,0,9.93345737457275,13.9337038233353,0.402350425720215,0,4173.85,-0.330473498447694,0,"Holly Shelter","Holly Shelter","Holly Shelter1",NA
328,31.8388916053573,1.42466666666667,1,17.2000007629395,30291.5249481173,0,10.2864542007446,15.2176226551928,0.379994511604309,0,4173.85,-0.330473498447694,0,"Holly Shelter","Holly Shelter","Holly Shelter1",NA
329,31.8388916053573,1.41307692307692,1,17.2999992370605,32350.0720166057,0,11.4527502059937,9.71581387003276,0.383993595838547,0,4173.85,-0.330473498447694,0,"Holly Shelter","Holly Shelter","Holly Shelter1",NA
330,31.8388916053573,1.363,1,17.2000007629395,30155.6347096272,0,9.37264823913574,14.4782406902545,0.418294638395309,0,4173.85,-0.330473498447694,0,"Holly Shelter","Holly Shelter","Holly Shelter1",NA
331,31.8388916053573,1.41307692307692,1,17.3006954193115,32350.0720166057,0,10.6344804763794,11.5003502850743,0.413590997457504,0,4173.85,-0.330473498447694,0,"Holly Shelter","Holly Shelter","Holly Shelter1",NA
332,31.8388916053573,1.548,0,17.2000007629395,135.890238490035,0,10.3639116287231,15.519241586838,0.37984699010849,0,4173.85,-0.330473498447694,0,"Holly Shelter","Holly Shelter","Holly Shelter1",NA
333,31.8388916053573,1.363,1,17.2851428985596,30155.6347096272,0,9.52206325531006,13.3415379861905,0.383251935243607,0,4173.85,-0.330473498447694,0,"Holly Shelter","Holly Shelter","Holly Shelter1",NA
335,31.8388916053573,1.363,1,17.4012813568115,30155.6347096272,0,11.5944900512695,9.53244658195681,0.430974423885345,0,4173.85,-0.330473498447694,0,"Holly Shelter","Holly Shelter","Holly Shelter1",NA
336,31.8388916053573,1.363,1,17.3824920654297,30155.6347096272,0,10.8276472091675,12.3998774940336,0.348083585500717,0,8.7,3.17135584856656,0,"Holly Shelter","Holly Shelter","Holly Shelter1",NA
337,31.8388916053573,1.363,1,17.1633548736572,30155.6347096272,0,9.76062679290771,14.0178477698448,0.415471464395523,0,4173.85,-0.330473498447694,0,"Holly Shelter","Holly Shelter","Holly Shelter1",NA
338,31.8388916053573,1.363,1,17.2999992370605,30155.6347096272,0,10.1772947311401,12.3817817533928,0.409787267446518,0,4173.85,-0.330473498447694,0,"Holly Shelter","Holly Shelter","Holly Shelter1",NA
339,31.8388916053573,1.58,1,17.3999996185303,2194.43730697846,0,11.6129531860352,10.5671883474016,0.399519920349121,0,4173.85,-0.330473498447694,0,"Holly Shelter","Holly Shelter","Holly Shelter1",NA
340,31.8388916053573,1.363,1,17.3999996185303,30155.6347096272,0,10.7432327270508,13.939795403224,0.402282387018204,0,8.7,3.17135584856656,0,"Holly Shelter","Holly Shelter","Holly Shelter1",NA
341,31.8388916053573,1.4325,1,17.8206844329834,30394.4662098093,0,16.5034999847412,6.41332240867169,0.369100660085678,0,4173.85,-0.330473498447694,0,"Holly Shelter","Holly Shelter","Holly Shelter1",NA
342,31.8388916053573,1.42466666666667,1,17.5135898590088,30161.1168591669,0,14.7903566360474,6.61606889440945,0.44228920340538,0,4173.85,-0.330473498447694,0,"Holly Shelter","Holly Shelter","Holly Shelter1",NA
343,31.8388916053573,1.363,1,17.3996429443359,30155.6347096272,0,10.678825378418,13.7347141238648,0.399534612894058,0,8.7,3.17135584856656,0,"Holly Shelter","Holly Shelter","Holly Shelter1",NA
344,31.8388916053573,1.548,0,17.2999992370605,24.528253053335,0,9.64387226104736,19.1440260725618,0.380277305841446,0,4173.85,-0.330473498447694,0,"Holly Shelter","Holly Shelter","Holly Shelter1",NA
345,31.8388916053573,1.41307692307692,1,17.3999996185303,32350.0720166057,0,10.3021974563599,12.3865659278006,0.428797632455826,0,4173.85,-0.330473498447694,0,"Holly Shelter","Holly Shelter","Holly Shelter1",NA
346,31.8388916053573,1.363,1,17.2527656555176,30155.6347096272,0,9.69314002990723,16.6983996149193,0.417756348848343,0,4173.85,-0.330473498447694,0,"Holly Shelter","Holly Shelter","Holly Shelter1",NA
347,31.8388916053573,1.363,1,17.4263648986816,30155.6347096272,0,12.8319749832153,8.64586554269235,0.469850867986679,0,4173.85,-0.330473498447694,0,"Holly Shelter","Holly Shelter","Holly Shelter1",NA
348,31.8388916053573,1.363,1,17.4999980926514,30155.6347096272,0,11.7042951583862,9.72461578707821,0.424736708402634,0,4173.85,-0.330473498447694,0,"Holly Shelter","Holly Shelter","Holly Shelter1",NA
350,31.8388916053573,1.42466666666667,1,17.7000007629395,30243.9228238239,0,14.9029722213745,6.60900545609751,0.388185203075409,0,4173.85,-0.330473498447694,0,"Holly Shelter","Holly Shelter","Holly Shelter1",NA
351,31.8388916053573,1.363,1,17.2999992370605,30155.6347096272,0,10.4680871963501,11.9711546000616,0.410017669200897,0,4173.85,-0.330473498447694,0,"Holly Shelter","Holly Shelter","Holly Shelter1",NA
352,31.8388916053573,1.363,1,17.5,30155.6347096272,0,12.0752563476562,8.52444932233995,0.422354459762573,0,4173.85,-0.330473498447694,0,"Holly Shelter","Holly Shelter","Holly Shelter1",NA
353,31.8388916053573,1.363,1,17.5,30155.6347096272,0,12.8664016723633,9.35917554479132,0.444310814142227,0,8.7,3.17135584856656,0,"Holly Shelter","Holly Shelter","Holly Shelter1",NA
355,31.8388916053573,1.5046875,1,17.7000007629395,30267.0394763624,0,15.9828367233276,5.98897745980615,0.363765239715576,0,4173.85,-0.330473498447694,0,"Holly Shelter","Holly Shelter","Holly Shelter1",NA
356,31.8388916053573,1.363,1,17.3796501159668,30155.6347096272,0,10.4208898544312,13.8345195741902,0.416059017181396,0,8.7,3.17135584856656,0,"Holly Shelter","Holly Shelter","Holly Shelter1",NA
357,31.8388916053573,1.38454545454545,1,17.2268657684326,30960.3963059861,0,10.177357673645,12.6156461829418,0.412787914276123,0,4173.85,-0.330473498447694,0,"Holly Shelter","Holly Shelter","Holly Shelter1",NA
358,31.8388916053573,1.363,1,17.3213443756104,30155.6347096272,0,9.89479064941406,12.4612737852388,0.389327347278595,0,4173.85,-0.330473498447694,0,"Holly Shelter","Holly Shelter","Holly Shelter1",NA
360,31.8388916053573,1.45055555555556,1,17.5,32409.1242522131,0,12.9132461547852,7.54028757372997,0.449928432703018,0,4173.85,-0.330473498447694,0,"Holly Shelter","Holly Shelter","Holly Shelter1",NA
361,31.8388916053573,1.548,0,17.4175586700439,257.683203025482,0,8.81510066986084,12.3884580068535,0.405852019786835,0,4173.85,-0.330473498447694,0,"Holly Shelter","Holly Shelter","Holly Shelter1",NA
362,31.8388916053573,1.548,0,17.2999992370605,80.0934803458875,0,7.73547410964966,17.2152722849694,0.438734292984009,0,4173.85,-0.330473498447694,0,"Holly Shelter","Holly Shelter","Holly Shelter1",NA
363,31.8388916053573,1.363,1,17.2999973297119,30155.6347096272,0,9.88836765289307,16.0179432797169,0.424532234668732,0,8.7,3.17135584856656,0,"Holly Shelter","Holly Shelter","Holly Shelter1",NA
364,31.8388916053573,1.363,1,17.3377590179443,30155.6347096272,0,11.0455675125122,12.7235578563965,0.385700106620789,0,8.7,3.17135584856656,0,"Holly Shelter","Holly Shelter","Holly Shelter1",NA
365,31.8388916053573,1.363,1,17.3222255706787,30155.6347096272,0,10.2890310287476,14.0227941816108,0.419382989406586,0,8.7,3.17135584856656,0,"Holly Shelter","Holly Shelter","Holly Shelter1",NA
366,31.8388916053573,1.363,1,17.2000007629395,30155.6347096272,0,9.65846538543701,17.0341856516085,0.40094929933548,0,4173.85,-0.330473498447694,0,"Holly Shelter","Holly Shelter","Holly Shelter1",NA
367,31.8388916053573,1.548,0,17.2000007629395,51.6061780378151,0,9.41299915313721,16.4041848857337,0.388418942689896,0,4173.85,-0.330473498447694,0,"Holly Shelter","Holly Shelter","Holly Shelter1",NA
368,31.8388916053573,1.363,1,17.2000007629395,30155.6347096272,0,10.1101474761963,14.0777328183634,0.390113323926926,0,4173.85,-0.330473498447694,0,"Holly Shelter","Holly Shelter","Holly Shelter1",NA
369,31.8388916053573,1.363,1,17.2155590057373,30155.6347096272,0,10.0086364746094,16.5929395291882,0.415715962648392,0,4173.85,-0.330473498447694,0,"Holly Shelter","Holly Shelter","Holly Shelter1",NA
370,31.8388916053573,1.452,1,17.7247924804688,30297.1369072087,0,13.778883934021,7.05006318064266,0.40971514582634,0,4173.85,-0.330473498447694,0,"Holly Shelter","Holly Shelter","Holly Shelter1",NA
371,31.8388916053573,1.363,1,17.3999996185303,30155.6347096272,0,11.0845222473145,11.0874882355907,0.407221525907516,0,4173.85,-0.330473498447694,0,"Holly Shelter","Holly Shelter","Holly Shelter1",NA
372,31.8388916053573,1.363,1,17.5,30155.6347096272,0,12.0661401748657,8.58830865279014,0.426539689302444,0,4173.85,-0.330473498447694,0,"Holly Shelter","Holly Shelter","Holly Shelter1",NA
373,31.8388916053573,1.363,1,17.5084915161133,747.061887366824,0,12.6537437438965,8.37966246674649,0.397818952798843,0,4173.85,-0.330473498447694,0,"Holly Shelter","Holly Shelter","Holly Shelter1",NA
374,31.8388916053573,1.58,1,17.4962139129639,2194.43730697846,0,12.4579668045044,7.94363780535291,0.459215104579926,0,4173.85,-0.330473498447694,0,"Holly Shelter","Holly Shelter","Holly Shelter1",NA
375,31.8388916053573,1.363,1,17.2000007629395,30155.6347096272,0,9.9335298538208,14.498692856488,0.395389467477798,0,4173.85,-0.330473498447694,0,"Holly Shelter","Holly Shelter","Holly Shelter1",NA
376,31.8388916053573,1.363,1,17.3999996185303,30155.6347096272,0,10.4102993011475,12.7460797022994,0.39794647693634,0,8.7,3.17135584856656,0,"Holly Shelter","Holly Shelter","Holly Shelter1",NA
377,31.8388916053573,1.363,1,17.4541645050049,30155.6347096272,0,10.3264808654785,14.6576440087836,0.420895338058472,0,8.7,3.17135584856656,0,"Holly Shelter","Holly Shelter","Holly Shelter1",NA
378,31.8388916053573,1.58,1,17.3999977111816,2194.43730697846,0,10.240177154541,11.9220029885572,0.42739263176918,0,4173.85,-0.330473498447694,0,"Holly Shelter","Holly Shelter","Holly Shelter1",NA
379,31.8388916053573,1.363,1,17.2000007629395,30155.6347096272,0,10.0684108734131,13.7329623595978,0.389141529798508,0,4173.85,-0.330473498447694,0,"Holly Shelter","Holly Shelter","Holly Shelter1",NA
380,31.8388916053573,1.363,1,17.5,30155.6347096272,0,11.8938045501709,8.87855259153326,0.433715909719467,0,4173.85,-0.330473498447694,0,"Holly Shelter","Holly Shelter","Holly Shelter1",NA
381,31.8388916053573,1.56,0,17.6000003814697,52.3308208827624,0,14.5413522720337,6.86747204980542,0.39677619934082,0,4173.85,-0.330473498447694,0,"Holly Shelter","Holly Shelter","Holly Shelter1",NA
382,31.8388916053573,1.363,1,17.4105167388916,30155.6347096272,0,12.411901473999,8.79889030411954,0.453736007213593,0,4173.85,-0.330473498447694,0,"Holly Shelter","Holly Shelter","Holly Shelter1",NA
383,31.8388916053573,1.42466666666667,1,17.5,777.111803243903,0,12.2119779586792,9.05029386595432,0.379807233810425,0,4173.85,-0.330473498447694,0,"Holly Shelter","Holly Shelter","Holly Shelter1",NA
384,31.8388916053573,1.58333333333333,0,17.2999992370605,267.613015738973,0,10.0262584686279,17.8252006132524,0.348638266324997,0,4173.85,-0.330473498447694,0,"Holly Shelter","Holly Shelter","Holly Shelter1",NA
385,31.8388916053573,1.363,1,17.3999996185303,30155.6347096272,0,12.1885795593262,11.2349975085046,0.408856570720673,0,8.7,3.17135584856656,0,"Holly Shelter","Holly Shelter","Holly Shelter1",NA
386,31.8388916053573,1.363,1,17.4279708862305,30155.6347096272,0,12.7294511795044,8.37502049583839,0.456694960594177,0,4173.85,-0.330473498447694,0,"Holly Shelter","Holly Shelter","Holly Shelter1",NA
387,31.8388916053573,1.363,1,17.2010326385498,30155.6347096272,0,9.84658145904541,16.5372897307719,0.393561720848083,0,4173.85,-0.330473498447694,0,"Holly Shelter","Holly Shelter","Holly Shelter1",NA
388,31.8388916053573,1.53222222222222,0,17.6839084625244,133.917911768678,0,11.3425827026367,9.13024674027774,0.381156325340271,0,4173.85,-0.330473498447694,0,"Holly Shelter","Holly Shelter","Holly Shelter1",NA
389,31.8388916053573,1.58,1,17.3999996185303,2194.43730697846,0,10.4744234085083,11.9254916505075,0.426901459693909,0,4173.85,-0.330473498447694,0,"Holly Shelter","Holly Shelter","Holly Shelter1",NA
390,31.8388916053573,1.363,1,17.3413276672363,30155.6347096272,0,10.8855819702148,11.5028814427599,0.414775848388672,0,4173.85,-0.330473498447694,0,"Holly Shelter","Holly Shelter","Holly Shelter1",NA
391,31.8388916053573,1.363,1,17.2402629852295,30155.6347096272,0,10.1725645065308,16.2043756183325,0.422194123268127,0,4173.85,-0.330473498447694,0,"Holly Shelter","Holly Shelter","Holly Shelter1",NA
392,31.8388916053573,1.41307692307692,1,17.2999992370605,32350.0720166057,0,10.4758749008179,11.9387994332525,0.430378586053848,0,4173.85,-0.330473498447694,0,"Holly Shelter","Holly Shelter","Holly Shelter1",NA
393,31.8388916053573,1.548,0,17.4972152709961,163.695800272917,0,9.34169483184814,11.8634924011874,0.368321031332016,0,4173.85,-0.330473498447694,0,"Holly Shelter","Holly Shelter","Holly Shelter1",NA
397,31.8388916053573,1.363,1,17.2999992370605,30155.6347096272,0,10.1883192062378,15.6654787271532,0.409010112285614,0,4173.85,-0.330473498447694,0,"Holly Shelter","Holly Shelter","Holly Shelter1",NA
398,31.8388916053573,1.363,1,17.1069107055664,30155.6347096272,0,9.67433261871338,14.9084556743757,0.42408213019371,0,4173.85,-0.330473498447694,0,"Holly Shelter","Holly Shelter","Holly Shelter1",NA
399,31.8388916053573,1.363,1,17.2999992370605,30155.6347096272,0,10.4497003555298,11.9706179959581,0.454394042491913,0,4173.85,-0.330473498447694,0,"Holly Shelter","Holly Shelter","Holly Shelter1",NA
400,31.8388916053573,1.4735,1,17.5,1089.6504203333,0,13.8852891921997,7.63824549567943,0.391373842954636,0,4173.85,-0.330473498447694,0,"Holly Shelter","Holly Shelter","Holly Shelter1",NA
401,31.8388916053573,1.42466666666667,1,17.2392902374268,30291.5249481173,0,9.95269584655762,15.0050277210003,0.392165809869766,0,4173.85,-0.330473498447694,0,"Holly Shelter","Holly Shelter","Holly Shelter1",NA
402,31.8388916053573,1.5046875,1,17.7208881378174,30267.0394763624,0,15.3505249023438,6.13123934086469,0.400225520133972,0,4173.85,-0.330473498447694,0,"Holly Shelter","Holly Shelter","Holly Shelter1",NA
403,31.8388916053573,1.435625,1,17.2868709564209,30994.399683101,0,8.10277462005615,15.5942093948709,0.421391308307648,0,4173.85,-0.330473498447694,0,"Holly Shelter","Holly Shelter","Holly Shelter1",NA
404,31.8388916053573,1.363,1,17.3999996185303,30155.6347096272,0,11.2336616516113,10.7411872265575,0.425758600234985,0,4173.85,-0.330473498447694,0,"Holly Shelter","Holly Shelter","Holly Shelter1",NA
405,31.8388916053573,1.363,1,17.5,30155.6347096272,0,12.1981639862061,8.38789353439713,0.416043847799301,0,4173.85,-0.330473498447694,0,"Holly Shelter","Holly Shelter","Holly Shelter1",NA
406,31.8388916053573,1.543,1,17.6596927642822,1911.67214971756,0,13.333459854126,8.00321906988651,0.386887580156326,0,4173.85,-0.330473498447694,0,"Holly Shelter","Holly Shelter","Holly Shelter1",NA
407,31.8388916053573,1.58,1,17.3999996185303,2194.43730697846,0,11.2112979888916,10.3722958989676,0.432599693536758,0,4173.85,-0.330473498447694,0,"Holly Shelter","Holly Shelter","Holly Shelter1",NA
408,31.8388916053573,1.363,1,17.2999992370605,30155.6347096272,0,11.4267730712891,9.98602108240882,0.429654568433762,0,4173.85,-0.330473498447694,0,"Holly Shelter","Holly Shelter","Holly Shelter1",NA
409,31.8388916053573,1.58,1,17.3999996185303,2194.43730697846,0,11.6120233535767,10.3032462585167,0.419368892908096,0,4173.85,-0.330473498447694,0,"Holly Shelter","Holly Shelter","Holly Shelter1",NA
410,31.8388916053573,1.363,1,17.3999996185303,30155.6347096272,0,11.9832220077515,11.6762629000207,0.418662756681442,0,8.7,3.17135584856656,0,"Holly Shelter","Holly Shelter","Holly Shelter1",NA
411,31.8388916053573,1.445625,1,17.2999992370605,30195.8096240972,0,9.09986877441406,15.5829646770562,0.425078749656677,0,4173.85,-0.330473498447694,0,"Holly Shelter","Holly Shelter","Holly Shelter1",NA
412,31.8388916053573,1.58,1,17.4799766540527,2194.43730697846,0,11.8451089859009,9.93155706792446,0.438040047883987,0,4173.85,-0.330473498447694,0,"Holly Shelter","Holly Shelter","Holly Shelter1",NA
413,31.8388916053573,1.363,1,17.3999996185303,30155.6347096272,0,12.0779438018799,11.3167432316923,0.419909119606018,0,8.7,3.17135584856656,0,"Holly Shelter","Holly Shelter","Holly Shelter1",NA
414,31.8388916053573,1.363,1,17.3959331512451,30155.6347096272,0,10.2606201171875,14.7076053954213,0.408725619316101,0,8.7,3.17135584856656,0,"Holly Shelter","Holly Shelter","Holly Shelter1",NA
415,31.8388916053573,1.363,1,17.2000007629395,30155.6347096272,0,9.64972305297852,17.465864902675,0.412728905677795,0,4173.85,-0.330473498447694,0,"Holly Shelter","Holly Shelter","Holly Shelter1",NA
416,31.8388916053573,1.42466666666667,1,17.2053699493408,30291.5249481173,0,10.1679353713989,14.6623125165621,0.390659809112549,0,4173.85,-0.330473498447694,0,"Holly Shelter","Holly Shelter","Holly Shelter1",NA
417,31.8388916053573,1.41307692307692,1,17.4116535186768,32350.0720166057,0,12.3849506378174,8.3635385638404,0.453868806362152,0,4173.85,-0.330473498447694,0,"Holly Shelter","Holly Shelter","Holly Shelter1",NA
418,31.8388916053573,1.363,1,17.3999996185303,30155.6347096272,0,11.3005571365356,11.4135851257329,0.402177810668945,0,4173.85,-0.330473498447694,0,"Holly Shelter","Holly Shelter","Holly Shelter1",NA
419,31.8388916053573,1.363,1,17.4056262969971,30155.6347096272,0,12.1720504760742,10.6352899239762,0.446068912744522,0,4173.85,-0.330473498447694,0,"Holly Shelter","Holly Shelter","Holly Shelter1",NA
420,31.8388916053573,1.363,1,17.2372894287109,30155.6347096272,0,9.40433216094971,18.0313349694894,0.409049838781357,0,4173.85,-0.330473498447694,0,"Holly Shelter","Holly Shelter","Holly Shelter1",NA
422,31.8388916053573,1.56,0,17.5670127868652,180.499169751192,0,11.5737018585205,9.77750206134167,0.377792090177536,0,4173.85,-0.330473498447694,0,"Holly Shelter","Holly Shelter","Holly Shelter1",NA
423,31.8388916053573,1.363,1,17.3999996185303,30155.6347096272,0,11.0026931762695,11.1681387322931,0.418633937835693,0,4173.85,-0.330473498447694,0,"Holly Shelter","Holly Shelter","Holly Shelter1",NA
424,31.8388916053573,1.58,1,17.5,2194.43730697846,0,12.910551071167,7.7299115883618,0.434578120708466,0,4173.85,-0.330473498447694,0,"Holly Shelter","Holly Shelter","Holly Shelter1",NA
425,31.8388916053573,1.363,1,17.2101364135742,30155.6347096272,0,10.145281791687,16.1475871248597,0.414377003908157,0,4173.85,-0.330473498447694,0,"Holly Shelter","Holly Shelter","Holly Shelter1",NA
426,31.8388916053573,1.363,1,17.3608474731445,30155.6347096272,0,9.99074554443359,12.6403097981264,0.425161480903625,0,4173.85,-0.330473498447694,0,"Holly Shelter","Holly Shelter","Holly Shelter1",NA
427,31.8388916053573,1.363,1,17.2798614501953,30155.6347096272,0,10.1461486816406,15.7293307862538,0.413184970617294,0,4173.85,-0.330473498447694,0,"Holly Shelter","Holly Shelter","Holly Shelter1",NA
428,31.8388916053573,1.42466666666667,1,17.4999980926514,777.111803243903,0,12.1855945587158,8.98823894876744,0.389432042837143,0,4173.85,-0.330473498447694,0,"Holly Shelter","Holly Shelter","Holly Shelter1",NA
429,31.8388916053573,1.41307692307692,1,17.5,32350.0720166057,0,12.4839992523193,8.20840231828217,0.455615162849426,0,4173.85,-0.330473498447694,0,"Holly Shelter","Holly Shelter","Holly Shelter1",NA
430,31.8388916053573,1.363,1,17.2999973297119,30155.6347096272,0,10.4321117401123,11.8757149901632,0.440761774778366,0,4173.85,-0.330473498447694,0,"Holly Shelter","Holly Shelter","Holly Shelter1",NA
431,31.8388916053573,1.42466666666667,1,17.5256214141846,777.111803243903,0,12.4513492584229,8.5546752861984,0.381069213151932,0,4173.85,-0.330473498447694,0,"Holly Shelter","Holly Shelter","Holly Shelter1",NA
432,31.8388916053573,1.363,1,17.5,747.061887366824,0,12.2762680053711,8.90944808237296,0.383993089199066,0,4173.85,-0.330473498447694,0,"Holly Shelter","Holly Shelter","Holly Shelter1",NA
433,31.8388916053573,1.38454545454545,1,17.2000007629395,30960.3963059861,0,9.75649738311768,12.7752777531521,0.41482275724411,0,4173.85,-0.330473498447694,0,"Holly Shelter","Holly Shelter","Holly Shelter1",NA
434,31.8388916053573,1.363,1,17.3476047515869,30155.6347096272,0,10.15260887146,13.1196806508384,0.426511257886887,0,8.7,3.17135584856656,0,"Holly Shelter","Holly Shelter","Holly Shelter1",NA
435,31.8388916053573,1.363,1,17.4633331298828,30155.6347096272,0,11.7695827484131,8.87712904922907,0.42816898226738,0,4173.85,-0.330473498447694,0,"Holly Shelter","Holly Shelter","Holly Shelter1",NA
436,31.8388916053573,1.363,1,17.2999992370605,30155.6347096272,0,10.031533241272,15.844515247331,0.422660857439041,0,8.7,3.17135584856656,0,"Holly Shelter","Holly Shelter","Holly Shelter1",NA
437,31.8388916053573,1.363,1,17.5,30155.6347096272,0,11.8099184036255,9.19732842097143,0.425251662731171,0,4173.85,-0.330473498447694,0,"Holly Shelter","Holly Shelter","Holly Shelter1",NA
438,31.8388916053573,1.59,1,17.3999996185303,2516.26535005993,0,10.6782188415527,11.0653939738681,0.426474273204803,0,4173.85,-0.330473498447694,0,"Holly Shelter","Holly Shelter","Holly Shelter1",NA
439,31.8388916053573,1.363,1,17.2549839019775,30155.6347096272,0,9.79946231842041,13.4110006210397,0.403285712003708,0,4173.85,-0.330473498447694,0,"Holly Shelter","Holly Shelter","Holly Shelter1",NA
440,31.8388916053573,1.4555,1,17.5,1101.85207062324,0,12.4572257995605,8.70596133336109,0.376562356948853,0,4173.85,-0.330473498447694,0,"Holly Shelter","Holly Shelter","Holly Shelter1",NA
441,31.8388916053573,1.38454545454545,1,17.2999992370605,30960.3963059861,0,10.2620897293091,11.9587880408293,0.419710725545883,0,4173.85,-0.330473498447694,0,"Holly Shelter","Holly Shelter","Holly Shelter1",NA
442,31.8388916053573,1.41307692307692,1,17.5,32350.0720166057,0,12.5860214233398,7.60733678587655,0.43659296631813,0,4173.85,-0.330473498447694,0,"Holly Shelter","Holly Shelter","Holly Shelter1",NA
443,31.8388916053573,1.445625,1,17.4817752838135,30286.3768121452,0,9.60390281677246,15.3926918488326,0.416811496019363,0,8.7,3.17135584856656,0,"Holly Shelter","Holly Shelter","Holly Shelter1",NA
445,31.8388916053573,1.363,1,17.517993927002,30155.6347096272,0,13.0936422348022,8.70426413441423,0.439297437667847,0,8.7,3.17135584856656,0,"Holly Shelter","Holly Shelter","Holly Shelter1",NA
446,31.8388916053573,1.363,1,17.2999992370605,30155.6347096272,0,9.86056327819824,14.1794184681636,0.414556205272675,0,4173.85,-0.330473498447694,0,"Holly Shelter","Holly Shelter","Holly Shelter1",NA
448,31.8388916053573,1.363,1,17.2000007629395,30155.6347096272,0,10.0295038223267,13.1426712438477,0.420589804649353,0,4173.85,-0.330473498447694,0,"Holly Shelter","Holly Shelter","Holly Shelter1",NA
449,31.8388916053573,1.41307692307692,1,17.3791389465332,32350.0720166057,0,11.7492980957031,9.15396524897283,0.412676692008972,0,4173.85,-0.330473498447694,0,"Holly Shelter","Holly Shelter","Holly Shelter1",NA
450,31.8388916053573,1.363,1,17.2411823272705,30155.6347096272,0,9.78293132781982,14.8457282377446,0.438810616731644,0,4173.85,-0.330473498447694,0,"Holly Shelter","Holly Shelter","Holly Shelter1",NA
451,31.8388916053573,1.363,1,17.4996223449707,30155.6347096272,0,10.621039390564,14.5897335129161,0.404570788145065,0,8.7,3.17135584856656,0,"Holly Shelter","Holly Shelter","Holly Shelter1",NA
452,31.8388916053573,1.41307692307692,1,17.338285446167,32350.0720166057,0,10.0918893814087,12.2203100084067,0.377030551433563,0,4173.85,-0.330473498447694,0,"Holly Shelter","Holly Shelter","Holly Shelter1",NA
453,31.8388916053573,1.363,1,17.5026931762695,30155.6347096272,0,13.07932472229,8.27782003225438,0.438919484615326,0,8.7,3.17135584856656,0,"Holly Shelter","Holly Shelter","Holly Shelter1",NA
454,31.8388916053573,1.41307692307692,1,17.3233985900879,32350.0720166057,0,10.7003221511841,11.2244594381491,0.404420971870422,0,4173.85,-0.330473498447694,0,"Holly Shelter","Holly Shelter","Holly Shelter1",NA
455,31.8388916053573,1.363,1,17.3999996185303,30155.6347096272,0,11.615062713623,9.15352133774777,0.454440534114838,0,4173.85,-0.330473498447694,0,"Holly Shelter","Holly Shelter","Holly Shelter1",NA
456,31.8388916053573,1.363,1,17.454345703125,747.061887366824,0,12.2229223251343,9.15577152358544,0.395577549934387,0,4173.85,-0.330473498447694,0,"Holly Shelter","Holly Shelter","Holly Shelter1",NA
457,31.8388916053573,1.363,1,17.5,747.061887366824,0,12.4864330291748,8.79863457957738,0.388188153505325,0,4173.85,-0.330473498447694,0,"Holly Shelter","Holly Shelter","Holly Shelter1",NA
458,31.8388916053573,1.363,1,17.2000007629395,30155.6347096272,0,9.91184329986572,15.3261425614782,0.416243493556976,0,4173.85,-0.330473498447694,0,"Holly Shelter","Holly Shelter","Holly Shelter1",NA
459,31.8388916053573,1.363,1,17.6364650726318,30155.6347096272,0,13.0532093048096,7.51631537361733,0.452068239450455,0,4173.85,-0.330473498447694,0,"Holly Shelter","Holly Shelter","Holly Shelter1",NA
460,31.8388916053573,1.58,1,17.4000282287598,2194.43730697846,0,12.3548898696899,8.3017544073394,0.451640158891678,0,4173.85,-0.330473498447694,0,"Holly Shelter","Holly Shelter","Holly Shelter1",NA
461,31.8388916053573,1.363,1,17.2853565216064,30155.6347096272,0,9.71307468414307,13.9965908194146,0.46441251039505,0,8.7,3.17135584856656,0,"Holly Shelter","Holly Shelter","Holly Shelter1",NA
462,31.8388916053573,1.548,0,17.2996788024902,48.6600495468626,0,9.65482139587402,18.52101200365,0.392007887363434,0,4173.85,-0.330473498447694,0,"Holly Shelter","Holly Shelter","Holly Shelter1",NA
463,31.8388916053573,1.42466666666667,1,17.6800708770752,30480.3749770066,0,14.945779800415,7.20295103240766,0.366591185331345,0,4173.85,-0.330473498447694,0,"Holly Shelter","Holly Shelter","Holly Shelter1",NA
464,31.8388916053573,1.56,0,17.5234680175781,338.709093764187,0,14.7097110748291,7.25728620011703,0.379960387945175,0,4173.85,-0.330473498447694,0,"Holly Shelter","Holly Shelter","Holly Shelter1",NA
465,31.8388916053573,1.363,1,17.5,30155.6347096272,0,12.8922367095947,8.01641384546654,0.466973185539246,0,4173.85,-0.330473498447694,0,"Holly Shelter","Holly Shelter","Holly Shelter1",NA
466,31.8388916053573,1.363,1,17.4313621520996,30155.6347096272,0,12.4345302581787,9.61301545979043,0.46825784444809,0,4173.85,-0.330473498447694,0,"Holly Shelter","Holly Shelter","Holly Shelter1",NA
467,31.8388916053573,1.58,1,17.301118850708,2194.43730697846,0,10.3186178207397,11.8180718921983,0.388790369033813,0,4173.85,-0.330473498447694,0,"Holly Shelter","Holly Shelter","Holly Shelter1",NA
468,31.8388916053573,1.548,0,17.2689762115479,13.8390572393965,0,9.56772994995117,19.102163492241,0.394978135824203,0,4173.85,-0.330473498447694,0,"Holly Shelter","Holly Shelter","Holly Shelter1",NA
469,31.8388916053573,1.38454545454545,1,17.2000007629395,30960.3963059861,0,9.10625553131104,14.1889977526218,0.416807234287262,0,4173.85,-0.330473498447694,0,"Holly Shelter","Holly Shelter","Holly Shelter1",NA
470,31.8388916053573,1.38454545454545,1,17.2896480560303,30960.3963059861,0,10.2471837997437,12.2832746029744,0.413816034793854,0,4173.85,-0.330473498447694,0,"Holly Shelter","Holly Shelter","Holly Shelter1",NA
471,31.8388916053573,1.41307692307692,1,17.3999996185303,2941.49919434528,0,12.1199436187744,8.839358728709,0.431247681379318,0,4173.85,-0.330473498447694,0,"Holly Shelter","Holly Shelter","Holly Shelter1",NA
472,31.8388916053573,1.548,0,17.2000007629395,51.6061780378151,0,8.90103626251221,16.0959233332802,0.411850452423096,0,4173.85,-0.330473498447694,0,"Holly Shelter","Holly Shelter","Holly Shelter1",NA
473,31.8388916053573,1.548,0,17.2999992370605,24.8216221898483,0,9.1525297164917,19.7105535427594,0.395624130964279,0,3405,3.17635271498873,0,"Holly Shelter","Holly Shelter","Holly Shelter1",NA
475,31.8388916053573,1.363,1,17.3000011444092,30155.6347096272,0,10.6723308563232,11.7402503281031,0.433735966682434,0,4173.85,-0.330473498447694,0,"Holly Shelter","Holly Shelter","Holly Shelter1",NA
476,31.8388916053573,1.363,1,17.3585071563721,30155.6347096272,0,10.7615547180176,11.6394416680694,0.41699355840683,0,4173.85,-0.330473498447694,0,"Holly Shelter","Holly Shelter","Holly Shelter1",NA
477,31.8388916053573,1.41307692307692,1,17.5000019073486,32350.0720166057,0,12.5558023452759,8.30767942422757,0.448288917541504,0,4173.85,-0.330473498447694,0,"Holly Shelter","Holly Shelter","Holly Shelter1",NA
478,31.8388916053573,1.58,1,17.3999996185303,2194.43730697846,0,11.3138399124146,10.6887389625568,0.410693556070328,0,4173.85,-0.330473498447694,0,"Holly Shelter","Holly Shelter","Holly Shelter1",NA
479,31.8388916053573,1.363,1,17.2000007629395,30155.6347096272,0,9.61822414398193,13.6634562431619,0.418554931879044,0,4173.85,-0.330473498447694,0,"Holly Shelter","Holly Shelter","Holly Shelter1",NA
480,31.8388916053573,1.59,1,17.3999996185303,2516.26535005993,0,10.5918550491333,11.2282367343434,0.425345987081528,0,4173.85,-0.330473498447694,0,"Holly Shelter","Holly Shelter","Holly Shelter1",NA
481,31.8388916053573,1.58,1,17.3999996185303,2194.43730697846,0,10.9966421127319,10.804154756411,0.432187646627426,0,4173.85,-0.330473498447694,0,"Holly Shelter","Holly Shelter","Holly Shelter1",NA
482,31.8388916053573,1.76,0,17.2999992370605,64.0871443133374,0,9.73618984222412,17.7977589713027,0.351102411746979,0,4173.85,-0.330473498447694,0,"Holly Shelter","Holly Shelter","Holly Shelter1",NA
483,31.8388916053573,1.363,1,17.4779777526855,30155.6347096272,0,11.3828811645508,10.4552834455483,0.409012883901596,0,4173.85,-0.330473498447694,0,"Holly Shelter","Holly Shelter","Holly Shelter1",NA
484,31.8388916053573,1.363,1,17.3305702209473,30155.6347096272,0,10.6400413513184,12.2129211092832,0.39294159412384,0,4173.85,-0.330473498447694,0,"Holly Shelter","Holly Shelter","Holly Shelter1",NA
485,31.8388916053573,1.58,1,17.3999996185303,2194.43730697846,0,10.9932403564453,11.0868601564335,0.418102860450745,0,4173.85,-0.330473498447694,0,"Holly Shelter","Holly Shelter","Holly Shelter1",NA
486,31.8388916053573,1.363,1,17.5,30155.6347096272,0,13.0775537490845,7.98925641940011,0.459037780761719,0,4173.85,-0.330473498447694,0,"Holly Shelter","Holly Shelter","Holly Shelter1",NA
487,31.8388916053573,1.44866666666667,1,17.5,30173.4829752144,0,14.7953147888184,7.28542934405107,0.393469750881195,0,4173.85,-0.330473498447694,0,"Holly Shelter","Holly Shelter","Holly Shelter1",NA
488,31.8388916053573,1.363,1,17.3999996185303,30155.6347096272,0,12.116138458252,11.6277826084395,0.41679847240448,0,8.7,3.17135584856656,0,"Holly Shelter","Holly Shelter","Holly Shelter1",NA
489,31.8388916053573,1.363,1,17.4753570556641,747.061887366824,0,12.5402612686157,8.4862564949811,0.399084627628326,0,4173.85,-0.330473498447694,0,"Holly Shelter","Holly Shelter","Holly Shelter1",NA
490,31.8388916053573,1.59,1,17.4616165161133,2516.26535005993,0,10.3510484695435,11.1370927599451,0.423756778240204,0,4173.85,-0.330473498447694,0,"Holly Shelter","Holly Shelter","Holly Shelter1",NA
491,31.8388916053573,1.363,1,17.3999996185303,30155.6347096272,0,12.3963680267334,10.7800855544309,0.431946963071823,0,4173.85,-0.330473498447694,0,"Holly Shelter","Holly Shelter","Holly Shelter1",NA
492,31.8388916053573,1.6,1,17.2999992370605,804.761596358855,0,8.63720512390137,14.8349682823872,0.306543678045273,0,4173.85,-0.330473498447694,0,"Holly Shelter","Holly Shelter","Holly Shelter1",NA
493,31.8388916053573,1.363,1,17.2999992370605,30155.6347096272,0,10.4495182037354,11.5762143439899,0.428676843643188,0,4173.85,-0.330473498447694,0,"Holly Shelter","Holly Shelter","Holly Shelter1",NA
494,31.8388916053573,1.363,1,17.2999992370605,30155.6347096272,0,10.2417469024658,12.4934015564789,0.40283814072609,0,4173.85,-0.330473498447694,0,"Holly Shelter","Holly Shelter","Holly Shelter1",NA
495,31.8388916053573,1.363,1,17.2000007629395,30155.6347096272,0,10.1717262268066,16.5833714610871,0.424678832292557,0,4173.85,-0.330473498447694,0,"Holly Shelter","Holly Shelter","Holly Shelter1",NA
496,31.8388916053573,1.363,1,17.7999992370605,30155.6347096272,0,15.3404359817505,5.94235507015499,0.425539523363113,0,4173.85,-0.330473498447694,0,"Holly Shelter","Holly Shelter","Holly Shelter1",NA
497,31.8388916053573,1.363,1,17.4073295593262,30155.6347096272,0,11.378963470459,10.369374870084,0.430455386638641,0,4173.85,-0.330473498447694,0,"Holly Shelter","Holly Shelter","Holly Shelter1",NA
498,31.8388916053573,1.42466666666667,1,17.5,1071.80215474616,0,13.3003129959106,7.70507148819966,0.395180284976959,0,4173.85,-0.330473498447694,0,"Holly Shelter","Holly Shelter","Holly Shelter1",NA
499,31.8388916053573,1.363,1,17.2000007629395,30155.6347096272,0,10.0356168746948,14.95104847158,0.405135750770569,0,4173.85,-0.330473498447694,0,"Holly Shelter","Holly Shelter","Holly Shelter1",NA
500,31.8388916053573,1.58,1,17.3255920410156,2194.43730697846,0,11.5979948043823,9.92934793344502,0.419648468494415,0,4173.85,-0.330473498447694,0,"Holly Shelter","Holly Shelter","Holly Shelter1",NA
502,31.8388916053573,1.363,1,17.3000011444092,30155.6347096272,0,9.94742298126221,12.8438813229636,0.457643359899521,0,4173.85,-0.330473498447694,0,"Holly Shelter","Holly Shelter","Holly Shelter1",NA
503,31.8388916053573,1.363,1,17.2311534881592,30155.6347096272,0,9.87006664276123,13.5505617375012,0.410939931869507,0,4173.85,-0.330473498447694,0,"Holly Shelter","Holly Shelter","Holly Shelter1",NA
504,31.8388916053573,1.363,1,17.3999996185303,30155.6347096272,0,12.2909631729126,10.3560418397621,0.442978143692017,0,8.7,3.17135584856656,0,"Holly Shelter","Holly Shelter","Holly Shelter1",NA
505,31.8388916053573,1.40571428571429,1,17.6114349365234,30192.0641582886,0,14.4582939147949,6.79884707828632,0.408086627721786,0,4173.85,-0.330473498447694,0,"Holly Shelter","Holly Shelter","Holly Shelter1",NA
507,31.8388916053573,1.363,1,17.3999996185303,30155.6347096272,0,12.7431478500366,9.06041430001067,0.475621819496155,0,4173.85,-0.330473498447694,0,"Holly Shelter","Holly Shelter","Holly Shelter1",NA
508,31.8388916053573,1.548,0,17.2222766876221,24.528253053335,0,9.70971965789795,18.7912821946051,0.397439002990723,0,4173.85,-0.330473498447694,0,"Holly Shelter","Holly Shelter","Holly Shelter1",NA
509,31.8388916053573,1.363,1,17.2999992370605,30155.6347096272,0,10.4839868545532,11.8168164752699,0.445425242185593,0,4173.85,-0.330473498447694,0,"Holly Shelter","Holly Shelter","Holly Shelter1",NA
510,31.8388916053573,1.363,1,17.2000007629395,30155.6347096272,0,10.1682844161987,14.6846964017361,0.387581348419189,0,4173.85,-0.330473498447694,0,"Holly Shelter","Holly Shelter","Holly Shelter1",NA
511,31.8388916053573,1.363,1,17.3362445831299,30155.6347096272,0,10.8355093002319,13.1405644859354,0.387500882148743,0,8.7,3.17135584856656,0,"Holly Shelter","Holly Shelter","Holly Shelter1",NA
512,31.8388916053573,1.363,1,17.3000011444092,30155.6347096272,0,10.4027242660522,13.2736052154967,0.421565324068069,0,8.7,3.17135584856656,0,"Holly Shelter","Holly Shelter","Holly Shelter1",NA
514,31.8388916053573,1.548,0,17.2770938873291,5.07371494009944,0,8.49150562286377,16.7928109329996,0.39076241850853,0,4173.85,-0.330473498447694,0,"Holly Shelter","Holly Shelter","Holly Shelter1",NA
515,31.8388916053573,1.548,0,17.2951488494873,24.1317964935277,0,9.60414886474609,18.3969113086653,0.398789703845978,0,4173.85,-0.330473498447694,0,"Holly Shelter","Holly Shelter","Holly Shelter1",NA
516,31.8388916053573,1.41307692307692,1,17.2999992370605,32350.0720166057,0,11.5636625289917,9.39487678048126,0.423278570175171,0,4173.85,-0.330473498447694,0,"Holly Shelter","Holly Shelter","Holly Shelter1",NA
517,31.8388916053573,1.42466666666667,1,17.2000007629395,30291.5249481173,0,10.2849159240723,15.5119582338765,0.385273694992065,0,4173.85,-0.330473498447694,0,"Holly Shelter","Holly Shelter","Holly Shelter1",NA
518,31.8388916053573,1.41307692307692,1,17.3977222442627,32350.0720166057,0,12.1395196914673,8.81405727338483,0.459314107894897,0,4173.85,-0.330473498447694,0,"Holly Shelter","Holly Shelter","Holly Shelter1",NA
519,31.8388916053573,1.363,1,17.4050045013428,30155.6347096272,0,11.6235437393188,9.31395415873507,0.442195296287537,0,4173.85,-0.330473498447694,0,"Holly Shelter","Holly Shelter","Holly Shelter1",NA
520,31.8388916053573,1.363,1,17.3291168212891,30155.6347096272,0,10.2930498123169,12.9066549320953,0.343314051628113,0,8.7,3.17135584856656,0,"Holly Shelter","Holly Shelter","Holly Shelter1",NA
521,31.8388916053573,1.363,1,17.3203411102295,30155.6347096272,0,11.4666614532471,9.84347003526633,0.452727437019348,0,4173.85,-0.330473498447694,0,"Holly Shelter","Holly Shelter","Holly Shelter1",NA
522,31.8388916053573,1.6,1,17.2999992370605,804.761596358855,0,8.67319393157959,14.757245101103,0.277373164892197,0,4173.85,-0.330473498447694,0,"Holly Shelter","Holly Shelter","Holly Shelter1",NA
523,31.8388916053573,1.42466666666667,1,17.7790126800537,30171.4700276174,0,13.8377342224121,7.16448843181169,0.416566044092178,0,4173.85,-0.330473498447694,0,"Holly Shelter","Holly Shelter","Holly Shelter1",NA
524,31.8388916053573,1.363,1,17.3210430145264,30155.6347096272,0,9.87218189239502,15.1369272426239,0.42082068324089,0,8.7,3.17135584856656,0,"Holly Shelter","Holly Shelter","Holly Shelter1",NA
525,31.8388916053573,1.363,1,17.4270877838135,30155.6347096272,0,12.6909952163696,10.2631151645949,0.441614896059036,0,8.7,3.17135584856656,0,"Holly Shelter","Holly Shelter","Holly Shelter1",NA
526,31.8388916053573,1.363,1,17.3999977111816,30155.6347096272,0,11.6225824356079,12.1048393796955,0.407952666282654,0,8.7,3.17135584856656,0,"Holly Shelter","Holly Shelter","Holly Shelter1",NA
527,31.8388916053573,1.363,1,17.2020378112793,30155.6347096272,0,9.54986953735352,16.94343301315,0.392391711473465,0,4173.85,-0.330473498447694,0,"Holly Shelter","Holly Shelter","Holly Shelter1",NA
528,31.8388916053573,1.363,1,17.2692775726318,30155.6347096272,0,9.70894813537598,17.7015093924267,0.397133320569992,0,4173.85,-0.330473498447694,0,"Holly Shelter","Holly Shelter","Holly Shelter1",NA
529,31.8388916053573,1.363,1,17.3000011444092,30155.6347096272,0,10.068754196167,13.407775737758,0.438499629497528,0,8.7,3.17135584856656,0,"Holly Shelter","Holly Shelter","Holly Shelter1",NA
531,31.8388916053573,1.363,1,17.4043712615967,30155.6347096272,0,12.5940589904785,9.09514777181066,0.482362389564514,0,4173.85,-0.330473498447694,0,"Holly Shelter","Holly Shelter","Holly Shelter1",NA
532,31.8388916053573,1.363,1,17.3248996734619,30155.6347096272,0,10.6222925186157,11.3386613134102,0.449220031499863,0,4173.85,-0.330473498447694,0,"Holly Shelter","Holly Shelter","Holly Shelter1",NA
533,31.8388916053573,1.363,1,17.4592266082764,30155.6347096272,0,12.7649202346802,9.51460029016638,0.463901370763779,0,8.7,3.17135584856656,0,"Holly Shelter","Holly Shelter","Holly Shelter1",NA
534,31.8388916053573,1.363,1,17.2999992370605,30155.6347096272,0,11.1753921508789,10.4209598548233,0.451258659362793,0,4173.85,-0.330473498447694,0,"Holly Shelter","Holly Shelter","Holly Shelter1",NA
536,31.8388916053573,1.58,1,17.3924427032471,2194.43730697846,0,10.9077758789062,11.7445763983097,0.425121396780014,0,4173.85,-0.330473498447694,0,"Holly Shelter","Holly Shelter","Holly Shelter1",NA
537,31.8388916053573,1.363,1,17.2006149291992,30155.6347096272,0,9.53413581848145,13.2279525710153,0.40136906504631,0,4173.85,-0.330473498447694,0,"Holly Shelter","Holly Shelter","Holly Shelter1",NA
538,31.8388916053573,1.58,1,17.3926277160645,2194.43730697846,0,11.9854717254639,8.94670458325935,0.437115401029587,0,4173.85,-0.330473498447694,0,"Holly Shelter","Holly Shelter","Holly Shelter1",NA
539,31.8388916053573,1.363,1,17.4956817626953,30155.6347096272,0,12.9371147155762,8.89355599070023,0.457062035799026,0,4173.85,-0.330473498447694,0,"Holly Shelter","Holly Shelter","Holly Shelter1",NA
540,31.8388916053573,1.38454545454545,1,17.2999992370605,30960.3963059861,0,10.4819526672363,11.496206453689,0.428641051054001,0,4173.85,-0.330473498447694,0,"Holly Shelter","Holly Shelter","Holly Shelter1",NA
541,31.8388916053573,1.55666666666667,1,17.2001647949219,856.36777439667,0,8.87939071655273,15.7088822288257,0.452883213758469,0,4173.85,-0.330473498447694,0,"Holly Shelter","Holly Shelter","Holly Shelter1",NA
542,31.8388916053573,1.452,1,17.525089263916,30505.0485533227,0,14.557071685791,7.30928277096377,0.367208749055862,0,4173.85,-0.330473498447694,0,"Holly Shelter","Holly Shelter","Holly Shelter1",NA
543,31.8388916053573,1.363,1,17.4000015258789,30155.6347096272,0,12.2145586013794,10.9106409121269,0.41522890329361,0,8.7,3.17135584856656,0,"Holly Shelter","Holly Shelter","Holly Shelter1",NA
544,31.8388916053573,1.363,1,17.4000015258789,30155.6347096272,0,10.6847972869873,14.2196487198751,0.427781462669373,0,8.7,3.17135584856656,0,"Holly Shelter","Holly Shelter","Holly Shelter1",NA
545,31.8388916053573,1.42466666666667,1,17.5860729217529,1071.80215474616,0,12.9012823104858,7.98075153965797,0.366382449865341,0,4173.85,-0.330473498447694,0,"Holly Shelter","Holly Shelter","Holly Shelter1",NA
546,31.8388916053573,1.363,1,17.2000007629395,30155.6347096272,0,10.0713939666748,16.0200918333712,0.423691511154175,0,4173.85,-0.330473498447694,0,"Holly Shelter","Holly Shelter","Holly Shelter1",NA
547,31.8388916053573,1.548,0,17.3834285736084,24.8216221898483,0,8.95045375823975,19.3277396398534,0.402255058288574,0,4173.85,-0.330473498447694,0,"Holly Shelter","Holly Shelter","Holly Shelter1",NA
548,31.8388916053573,1.548,0,17.2000007629395,51.6061780378151,0,9.35907459259033,16.68677419168,0.386098682880402,0,4173.85,-0.330473498447694,0,"Holly Shelter","Holly Shelter","Holly Shelter1",NA
549,31.8388916053573,1.363,1,17.3859081268311,30155.6347096272,0,11.0873680114746,10.5029856701512,0.451787710189819,0,4173.85,-0.330473498447694,0,"Holly Shelter","Holly Shelter","Holly Shelter1",NA
550,31.8388916053573,1.363,1,17.3573017120361,30155.6347096272,0,11.1711578369141,13.0086401466955,0.386817902326584,0,8.7,3.17135584856656,0,"Holly Shelter","Holly Shelter","Holly Shelter1",NA
551,31.8388916053573,1.363,1,17.4275608062744,30155.6347096272,0,10.3551807403564,14.7196233208911,0.42205610871315,0,8.7,3.17135584856656,0,"Holly Shelter","Holly Shelter","Holly Shelter1",NA
552,31.8388916053573,1.48739130434783,1,17.4999980926514,2976.45588729613,0,13.0856742858887,7.6532914085644,0.41393917798996,0,4173.85,-0.330473498447694,0,"Holly Shelter","Holly Shelter","Holly Shelter1",NA
553,31.8388916053573,1.363,1,17.2999992370605,30155.6347096272,0,9.77157592773438,14.0802373884251,0.404735922813416,0,4173.85,-0.330473498447694,0,"Holly Shelter","Holly Shelter","Holly Shelter1",NA
554,31.8388916053573,1.45055555555556,1,17.5,32409.1242522131,0,14.3931016921997,7.08911605869464,0.39958992600441,0,4173.85,-0.330473498447694,0,"Holly Shelter","Holly Shelter","Holly Shelter1",NA
555,31.8388916053573,1.363,1,17.2974548339844,30155.6347096272,0,9.37533760070801,17.5056699077535,0.410951912403107,0,4173.85,-0.330473498447694,0,"Holly Shelter","Holly Shelter","Holly Shelter1",NA
556,31.8388916053573,1.363,1,17.3999996185303,30155.6347096272,0,11.1604385375977,10.8789572775702,0.424529105424881,0,4173.85,-0.330473498447694,0,"Holly Shelter","Holly Shelter","Holly Shelter1",NA
557,31.8388916053573,1.53222222222222,0,17.6199398040771,31.0886151420548,0,12.2174425125122,8.97145094329187,0.366395771503448,0,4173.85,-0.330473498447694,0,"Holly Shelter","Holly Shelter","Holly Shelter1",NA
558,31.8388916053573,1.58,1,17.3999996185303,2194.43730697846,0,10.4112930297852,11.7973755365045,0.442099660634995,0,4173.85,-0.330473498447694,0,"Holly Shelter","Holly Shelter","Holly Shelter1",NA
559,31.8388916053573,1.62,0,17.5,16.8033694782744,0,12.1510248184204,9.73100059350373,0.411391139030457,0,4173.85,-0.330473498447694,0,"Holly Shelter","Holly Shelter","Holly Shelter1",NA
560,31.8388916053573,1.49060606060606,1,17.7125988006592,30532.9911895269,0,13.9854946136475,6.95083192587537,0.402634918689728,0,4173.85,-0.330473498447694,0,"Holly Shelter","Holly Shelter","Holly Shelter1",NA
562,31.8388916053573,1.58,1,17.4972229003906,2194.43730697846,0,12.5177555084229,8.01353278190232,0.454007565975189,0,4173.85,-0.330473498447694,0,"Holly Shelter","Holly Shelter","Holly Shelter1",NA
563,31.8388916053573,1.363,1,17.2000007629395,30155.6347096272,0,10.0595798492432,13.622057060162,0.387917459011078,0,4173.85,-0.330473498447694,0,"Holly Shelter","Holly Shelter","Holly Shelter1",NA
564,31.8388916053573,1.548,0,17.2000026702881,135.890238490035,0,10.1550693511963,15.8772188091372,0.381976097822189,0,4173.85,-0.330473498447694,0,"Holly Shelter","Holly Shelter","Holly Shelter1",NA
566,31.8388916053573,1.41307692307692,1,17.3992710113525,32350.0720166057,0,10.2838983535767,12.0524637505901,0.402511179447174,0,4173.85,-0.330473498447694,0,"Holly Shelter","Holly Shelter","Holly Shelter1",NA
567,31.8388916053573,1.363,1,17.3619327545166,30155.6347096272,0,10.4656686782837,12.7866946050876,0.410103142261505,0,8.7,3.17135584856656,0,"Holly Shelter","Holly Shelter","Holly Shelter1",NA
568,31.8388916053573,1.363,1,17.3999996185303,30155.6347096272,0,12.113410949707,11.5045783716541,0.402871817350388,0,8.7,3.17135584856656,0,"Holly Shelter","Holly Shelter","Holly Shelter1",NA
569,31.8388916053573,1.40571428571429,1,17.5712947845459,30272.8892696208,0,13.0391836166382,7.29838696272336,0.424939662218094,0,4173.85,-0.330473498447694,0,"Holly Shelter","Holly Shelter","Holly Shelter1",NA
570,31.8388916053573,1.363,1,17.2999992370605,30155.6347096272,0,10.026782989502,13.0298404749134,0.385072499513626,0,4173.85,-0.330473498447694,0,"Holly Shelter","Holly Shelter","Holly Shelter1",NA
571,31.8388916053573,1.363,1,17.2000007629395,30155.6347096272,0,9.51856994628906,13.1508497385492,0.423863142728806,0,4173.85,-0.330473498447694,0,"Holly Shelter","Holly Shelter","Holly Shelter1",NA
572,31.8388916053573,1.363,1,17.271671295166,30155.6347096272,0,9.79455852508545,13.4647534684546,0.446830362081528,0,4173.85,-0.330473498447694,0,"Holly Shelter","Holly Shelter","Holly Shelter1",NA
573,31.8388916053573,1.38454545454545,1,17.2000007629395,30960.3963059861,0,9.7646951675415,13.0323938507692,0.431675493717194,0,4173.85,-0.330473498447694,0,"Holly Shelter","Holly Shelter","Holly Shelter1",NA
574,31.8388916053573,1.363,1,17.3079719543457,30155.6347096272,0,10.6680164337158,11.5086237277339,0.417743772268295,0,4173.85,-0.330473498447694,0,"Holly Shelter","Holly Shelter","Holly Shelter1",NA
575,31.8388916053573,1.47518518518519,1,17.6999988555908,30439.5344468942,0,15.6526641845703,6.38323951586777,0.386502891778946,0,4173.85,-0.330473498447694,0,"Holly Shelter","Holly Shelter","Holly Shelter1",NA
576,31.8388916053573,1.363,1,17.3225975036621,30155.6347096272,0,10.0280523300171,12.9642511556428,0.42423602938652,0,4173.85,-0.330473498447694,0,"Holly Shelter","Holly Shelter","Holly Shelter1",NA
577,31.8388916053573,1.41307692307692,1,17.3402633666992,32350.0720166057,0,11.0543212890625,10.463758904828,0.467281490564346,0,4173.85,-0.330473498447694,0,"Holly Shelter","Holly Shelter","Holly Shelter1",NA
578,31.8388916053573,1.56,1,17.6009483337402,256.979381603471,0,12.7685546875,8.39312627757106,0.388074725866318,0,4173.85,-0.330473498447694,0,"Holly Shelter","Holly Shelter","Holly Shelter1",NA
579,31.8388916053573,1.5125,0,17.7000007629395,14.6278535823438,0,12.2039880752563,9.00178558053022,0.371622681617737,0,4173.85,-0.330473498447694,0,"Holly Shelter","Holly Shelter","Holly Shelter1",NA
580,31.8388916053573,1.363,1,17.2142868041992,30155.6347096272,0,9.70271587371826,16.0657060135278,0.39780855178833,0,4173.85,-0.330473498447694,0,"Holly Shelter","Holly Shelter","Holly Shelter1",NA
581,31.8388916053573,1.42466666666667,1,17.612756729126,30480.3749770066,0,13.1184825897217,8.06976060512404,0.366641074419022,0,4173.85,-0.330473498447694,0,"Holly Shelter","Holly Shelter","Holly Shelter1",NA
582,31.8388916053573,1.59,1,17.3613510131836,2516.26535005993,0,11.0769338607788,11.3038037977902,0.394079953432083,0,4173.85,-0.330473498447694,0,"Holly Shelter","Holly Shelter","Holly Shelter1",NA
583,31.8388916053573,1.38454545454545,1,17.3924427032471,30960.3963059861,0,10.6901741027832,11.1886873802446,0.441808968782425,0,4173.85,-0.330473498447694,0,"Holly Shelter","Holly Shelter","Holly Shelter1",NA
584,31.8388916053573,1.363,1,17.3999996185303,30155.6347096272,0,12.675461769104,9.53285823778636,0.472493439912796,0,4173.85,-0.330473498447694,0,"Holly Shelter","Holly Shelter","Holly Shelter1",NA
585,31.8388916053573,1.548,0,17.5457439422607,341.201028939044,0,12.5631618499756,8.48958794005186,0.380654573440552,0,4173.85,-0.330473498447694,0,"Holly Shelter","Holly Shelter","Holly Shelter1",NA
586,31.8388916053573,1.363,1,17.4987754821777,30155.6347096272,0,12.9147520065308,8.12967864427112,0.453874289989471,0,4173.85,-0.330473498447694,0,"Holly Shelter","Holly Shelter","Holly Shelter1",NA
587,31.8388916053573,1.363,1,17.2999992370605,30155.6347096272,0,10.3448104858398,12.1660420861368,0.397587150335312,0,4173.85,-0.330473498447694,0,"Holly Shelter","Holly Shelter","Holly Shelter1",NA
588,31.8388916053573,1.363,1,17.5023994445801,30155.6347096272,0,14.7991409301758,6.92417489256982,0.448208153247833,0,4173.85,-0.330473498447694,0,"Holly Shelter","Holly Shelter","Holly Shelter1",NA
589,31.8388916053573,1.41307692307692,1,17.2999992370605,32350.0720166057,0,10.2150068283081,11.8359465437628,0.412743598222733,0,4173.85,-0.330473498447694,0,"Holly Shelter","Holly Shelter","Holly Shelter1",NA
590,31.8388916053573,1.42466666666667,1,17.7837238311768,30243.9228238239,0,15.3490180969238,6.24119233306165,0.419991463422775,0,4173.85,-0.330473498447694,0,"Holly Shelter","Holly Shelter","Holly Shelter1",NA
591,31.8388916053573,1.363,1,17.3000011444092,30155.6347096272,0,9.69958400726318,16.9843470602595,0.414498805999756,0,4173.85,-0.330473498447694,0,"Holly Shelter","Holly Shelter","Holly Shelter1",NA
592,31.8388916053573,1.58,1,17.3998928070068,2194.43730697846,0,10.7868490219116,11.1596356619248,0.428658217191696,0,4173.85,-0.330473498447694,0,"Holly Shelter","Holly Shelter","Holly Shelter1",NA
594,31.8388916053573,1.363,1,17.3724937438965,30155.6347096272,0,10.2981204986572,14.2935840047061,0.413325190544128,0,8.7,3.17135584856656,0,"Holly Shelter","Holly Shelter","Holly Shelter1",NA
595,31.8388916053573,1.363,1,17.3436241149902,30155.6347096272,0,10.1284303665161,14.73283058574,0.408533245325089,0,8.7,3.17135584856656,0,"Holly Shelter","Holly Shelter","Holly Shelter1",NA
596,31.8388916053573,1.363,1,17.2999992370605,30155.6347096272,0,10.1805047988892,14.3058884817613,0.416708081960678,0,8.7,3.17135584856656,0,"Holly Shelter","Holly Shelter","Holly Shelter1",NA
598,31.8388916053573,1.41307692307692,1,17.5000019073486,2941.49919434528,0,12.1081056594849,9.34003202905141,0.389682769775391,0,4173.85,-0.330473498447694,0,"Holly Shelter","Holly Shelter","Holly Shelter1",NA
599,31.8388916053573,1.363,1,17.2999992370605,30155.6347096272,0,10.1981029510498,12.1896783291078,0.424807846546173,0,4173.85,-0.330473498447694,0,"Holly Shelter","Holly Shelter","Holly Shelter1",NA
602,31.8388916053573,1.363,1,17.2000007629395,30155.6347096272,0,9.80462741851807,13.2012850063603,0.421617060899734,0,4173.85,-0.330473498447694,0,"Holly Shelter","Holly Shelter","Holly Shelter1",NA
603,31.8388916053573,1.363,1,17.5,747.061887366824,0,12.701265335083,8.28727910948496,0.393879443407059,0,4173.85,-0.330473498447694,0,"Holly Shelter","Holly Shelter","Holly Shelter1",NA
604,31.8388916053573,1.363,1,17.3999996185303,30155.6347096272,0,10.060848236084,12.5989121320861,0.401767045259476,0,4173.85,-0.330473498447694,0,"Holly Shelter","Holly Shelter","Holly Shelter1",NA
605,31.8388916053573,1.363,1,17.364725112915,30155.6347096272,0,9.94368839263916,12.9307978770892,0.442521244287491,0,4173.85,-0.330473498447694,0,"Holly Shelter","Holly Shelter","Holly Shelter1",NA
606,31.8388916053573,1.38454545454545,1,17.2000007629395,30960.3963059861,0,9.62988471984863,13.4275142288787,0.432292282581329,0,4173.85,-0.330473498447694,0,"Holly Shelter","Holly Shelter","Holly Shelter1",NA
608,31.8388916053573,1.363,1,17.2999992370605,30155.6347096272,0,9.66950416564941,13.6574137801897,0.38224595785141,0,4173.85,-0.330473498447694,0,"Holly Shelter","Holly Shelter","Holly Shelter1",NA
609,31.8388916053573,1.38454545454545,1,17.2806816101074,30960.3963059861,0,8.88285446166992,14.4095517667437,0.325970441102982,0,4173.85,-0.330473498447694,0,"Holly Shelter","Holly Shelter","Holly Shelter1",NA
610,31.8388916053573,1.363,1,17.4235363006592,30155.6347096272,0,12.3255434036255,8.6843479967478,0.427282214164734,0,4173.85,-0.330473498447694,0,"Holly Shelter","Holly Shelter","Holly Shelter1",NA
611,31.8388916053573,1.58,1,17.3999996185303,2194.43730697846,0,11.8216390609741,10.134479111832,0.415602385997772,0,4173.85,-0.330473498447694,0,"Holly Shelter","Holly Shelter","Holly Shelter1",NA
612,31.8388916053573,1.363,1,17.3999996185303,30155.6347096272,0,11.0085010528564,10.9842601743646,0.429634034633636,0,4173.85,-0.330473498447694,0,"Holly Shelter","Holly Shelter","Holly Shelter1",NA
613,31.8388916053573,1.363,1,17.4997100830078,30155.6347096272,0,12.7130031585693,8.34640508700577,0.461004197597504,0,4173.85,-0.330473498447694,0,"Holly Shelter","Holly Shelter","Holly Shelter1",NA
614,31.8388916053573,1.363,1,17.3999996185303,30155.6347096272,0,12.4256525039673,10.8630350990613,0.421035170555115,0,8.7,3.17135584856656,0,"Holly Shelter","Holly Shelter","Holly Shelter1",NA
615,31.8388916053573,1.363,1,17.3029537200928,30155.6347096272,0,10.2278900146484,13.2850261831488,0.446343064308167,0,8.7,3.17135584856656,0,"Holly Shelter","Holly Shelter","Holly Shelter1",NA
616,31.8388916053573,1.58,1,17.3999996185303,2194.43730697846,0,10.4851694107056,11.5185772572115,0.415330529212952,0,4173.85,-0.330473498447694,0,"Holly Shelter","Holly Shelter","Holly Shelter1",NA
617,31.8388916053573,1.62,0,17.4229946136475,321.828043081472,0,10.5859174728394,10.6204546994125,0.431528478860855,0,4173.85,-0.330473498447694,0,"Holly Shelter","Holly Shelter","Holly Shelter1",NA
618,31.8388916053573,1.363,1,17.2967987060547,30155.6347096272,0,9.93848133087158,16.1316589862891,0.407438367605209,0,4173.85,-0.330473498447694,0,"Holly Shelter","Holly Shelter","Holly Shelter1",NA
619,31.8388916053573,1.62,0,17.4195823669434,321.828043081472,0,10.6787919998169,10.6561128280233,0.430971294641495,0,4173.85,-0.330473498447694,0,"Holly Shelter","Holly Shelter","Holly Shelter1",NA
620,31.8388916053573,1.363,1,17.3999977111816,30155.6347096272,0,11.9896383285522,11.9662164392023,0.410425454378128,0,8.7,3.17135584856656,0,"Holly Shelter","Holly Shelter","Holly Shelter1",NA
621,31.8388916053573,1.41307692307692,1,17.5,32350.0720166057,0,12.6065492630005,7.96632663669293,0.467124462127686,0,4173.85,-0.330473498447694,0,"Holly Shelter","Holly Shelter","Holly Shelter1",NA
622,31.8388916053573,1.363,1,17.3999996185303,30155.6347096272,0,11.1416692733765,12.5386855686025,0.416858851909637,0,8.7,3.17135584856656,0,"Holly Shelter","Holly Shelter","Holly Shelter1",NA
623,31.8388916053573,1.363,1,17.5,30155.6347096272,0,12.7546901702881,7.80482672655367,0.440125346183777,0,4173.85,-0.330473498447694,0,"Holly Shelter","Holly Shelter","Holly Shelter1",NA
624,31.8388916053573,1.41307692307692,1,17.3062305450439,32350.0720166057,0,10.7955293655396,10.9567424734072,0.438991069793701,0,4173.85,-0.330473498447694,0,"Holly Shelter","Holly Shelter","Holly Shelter1",NA
626,31.8388916053573,1.363,1,17.2781772613525,30155.6347096272,0,9.81557941436768,14.071192356128,0.37468284368515,0,4173.85,-0.330473498447694,0,"Holly Shelter","Holly Shelter","Holly Shelter1",NA
627,31.8388916053573,1.548,0,17.5211486816406,163.695800272917,0,11.3361473083496,10.1621159026908,0.356055200099945,0,4173.85,-0.330473498447694,0,"Holly Shelter","Holly Shelter","Holly Shelter1",NA
628,31.8388916053573,1.62,0,17.4013195037842,321.828043081472,0,10.9906959533691,10.8756489280994,0.422259658575058,0,4173.85,-0.330473498447694,0,"Holly Shelter","Holly Shelter","Holly Shelter1",NA
629,31.8388916053573,1.62,0,17.3999996185303,321.828043081472,0,10.9350814819336,10.4884752251449,0.421219021081924,0,4173.85,-0.330473498447694,0,"Holly Shelter","Holly Shelter","Holly Shelter1",NA
630,31.8388916053573,1.58307692307692,1,17.5,2229.3939999293,0,14.2560062408447,7.46012525739062,0.360588252544403,0,4173.85,-0.330473498447694,0,"Holly Shelter","Holly Shelter","Holly Shelter1",NA
632,31.8388916053573,1.41307692307692,1,17.5,2941.49919434528,0,12.5314407348633,8.10148736997931,0.432692766189575,0,4173.85,-0.330473498447694,0,"Holly Shelter","Holly Shelter","Holly Shelter1",NA
633,31.8388916053573,1.363,1,17.297924041748,30155.6347096272,0,9.87392902374268,14.0746861352125,0.430572360754013,0,4173.85,-0.330473498447694,0,"Holly Shelter","Holly Shelter","Holly Shelter1",NA
634,31.8388916053573,1.58,1,17.5,2194.43730697846,0,12.5153484344482,7.84540394118315,0.457281142473221,0,4173.85,-0.330473498447694,0,"Holly Shelter","Holly Shelter","Holly Shelter1",NA
636,31.8388916053573,1.363,1,17.2671566009521,30155.6347096272,0,9.94235610961914,14.1178041142689,0.383876115083694,0,4173.85,-0.330473498447694,0,"Holly Shelter","Holly Shelter","Holly Shelter1",NA
637,31.8388916053573,1.363,1,17.3103427886963,30155.6347096272,0,10.1990270614624,14.7157535966462,0.404994904994965,0,8.7,3.17135584856656,0,"Holly Shelter","Holly Shelter","Holly Shelter1",NA
639,31.8388916053573,1.39909090909091,1,17.5,30177.9585942801,0,9.98346614837646,15.1488986617163,0.419950276613235,0,8.7,3.17135584856656,0,"Holly Shelter","Holly Shelter","Holly Shelter1",NA
640,31.8388916053573,1.47692307692308,1,17.8364639282227,30429.7027797935,0,15.0768785476685,6.84431433014963,0.39395472407341,0,4173.85,-0.330473498447694,0,"Holly Shelter","Holly Shelter","Holly Shelter1",NA
641,31.8388916053573,1.41307692307692,1,17.3056392669678,32350.0720166057,0,11.1031742095947,10.4214093275007,0.449738681316376,0,4173.85,-0.330473498447694,0,"Holly Shelter","Holly Shelter","Holly Shelter1",NA
642,31.8388916053573,1.363,1,17.2999992370605,30155.6347096272,0,9.74370002746582,12.767691885666,0.397928684949875,0,4173.85,-0.330473498447694,0,"Holly Shelter","Holly Shelter","Holly Shelter1",NA
643,31.8388916053573,1.363,1,17.2999992370605,30155.6347096272,0,9.80500507354736,13.1747705360398,0.417405188083649,0,4173.85,-0.330473498447694,0,"Holly Shelter","Holly Shelter","Holly Shelter1",NA
645,31.8388916053573,1.363,1,17.4999980926514,30155.6347096272,0,12.5510311126709,8.30090730011285,0.461860239505768,0,4173.85,-0.330473498447694,0,"Holly Shelter","Holly Shelter","Holly Shelter1",NA
647,31.8388916053573,1.363,1,17.2999992370605,30155.6347096272,0,10.2827463150024,12.3597915790446,0.432033747434616,0,4173.85,-0.330473498447694,0,"Holly Shelter","Holly Shelter","Holly Shelter1",NA
648,31.8388916053573,1.548,0,17.2000007629395,135.890238490035,0,10.3324527740479,15.529169923605,0.392198413610458,0,4173.85,-0.330473498447694,0,"Holly Shelter","Holly Shelter","Holly Shelter1",NA
649,31.8388916053573,1.40571428571429,1,17.7926483154297,30272.8892696208,0,15.0498161315918,6.45283890897567,0.433745056390762,0,4173.85,-0.330473498447694,0,"Holly Shelter","Holly Shelter","Holly Shelter1",NA
650,31.8388916053573,1.363,1,17.2000007629395,30155.6347096272,0,9.54852104187012,17.5265319110214,0.416364282369614,0,4173.85,-0.330473498447694,0,"Holly Shelter","Holly Shelter","Holly Shelter1",NA
651,31.8388916053573,1.363,1,17.2000007629395,30155.6347096272,0,9.53758907318115,18.505391000712,0.400896698236465,0,4173.85,-0.330473498447694,0,"Holly Shelter","Holly Shelter","Holly Shelter1",NA
652,31.8388916053573,1.363,1,17.3384227752686,30155.6347096272,0,10.842267036438,12.6397828908924,0.412803083658218,0,4173.85,-0.330473498447694,0,"Holly Shelter","Holly Shelter","Holly Shelter1",NA
653,31.8388916053573,1.363,1,17.2000007629395,30155.6347096272,0,9.5064868927002,18.5665009097393,0.39976093173027,0,4173.85,-0.330473498447694,0,"Holly Shelter","Holly Shelter","Holly Shelter1",NA
654,31.8388916053573,1.41307692307692,1,17.4118690490723,2941.49919434528,0,12.3365812301636,8.48077949398227,0.438249230384827,0,4173.85,-0.330473498447694,0,"Holly Shelter","Holly Shelter","Holly Shelter1",NA
655,31.8388916053573,1.49666666666667,1,17.7999992370605,30178.7513621658,0,15.477632522583,5.8364234471286,0.398757189512253,0,4173.85,-0.330473498447694,0,"Holly Shelter","Holly Shelter","Holly Shelter1",NA
656,31.8388916053573,1.41307692307692,1,17.3999691009521,2941.49919434528,0,11.8370189666748,9.74054143931296,0.428450554609299,0,4173.85,-0.330473498447694,0,"Holly Shelter","Holly Shelter","Holly Shelter1",NA
657,31.8388916053573,1.363,1,17.1781253814697,30155.6347096272,0,9.36821842193604,13.7883187218564,0.323605597019196,0,4173.85,-0.330473498447694,0,"Holly Shelter","Holly Shelter","Holly Shelter1",NA
658,31.8388916053573,1.363,1,17.3951606750488,30155.6347096272,0,11.3839979171753,12.1080558765516,0.381076335906982,0,8.7,3.17135584856656,0,"Holly Shelter","Holly Shelter","Holly Shelter1",NA
659,31.8388916053573,1.363,1,17.1999988555908,30155.6347096272,0,9.34714031219482,14.0192188466692,0.395319104194641,0,4173.85,-0.330473498447694,0,"Holly Shelter","Holly Shelter","Holly Shelter1",NA
661,31.8388916053573,1.548,0,17.6000003814697,282.985858459252,0,11.2789678573608,9.59185353636493,0.389990955591202,0,4173.85,-0.330473498447694,0,"Holly Shelter","Holly Shelter","Holly Shelter1",NA
662,31.8388916053573,1.363,1,17.3999996185303,30155.6347096272,0,9.85428714752197,12.5495942459105,0.425062775611877,0,4173.85,-0.330473498447694,0,"Holly Shelter","Holly Shelter","Holly Shelter1",NA
663,31.8388916053573,1.548,0,17.3334293365479,24.8216221898483,0,9.29887390136719,19.1991480182044,0.414991647005081,0,4173.85,-0.330473498447694,0,"Holly Shelter","Holly Shelter","Holly Shelter1",NA
664,31.8388916053573,1.363,1,17.5000019073486,30155.6347096272,0,11.8957738876343,10.0299535244554,0.432451456785202,0,4173.85,-0.330473498447694,0,"Holly Shelter","Holly Shelter","Holly Shelter1",NA
665,31.8388916053573,1.58,1,17.3999996185303,2194.43730697846,0,12.1917104721069,8.66863408459875,0.453099966049194,0,4173.85,-0.330473498447694,0,"Holly Shelter","Holly Shelter","Holly Shelter1",NA
666,31.8388916053573,1.363,1,17.2677764892578,30155.6347096272,0,9.83818912506104,14.6379803236507,0.441753089427948,0,4173.85,-0.330473498447694,0,"Holly Shelter","Holly Shelter","Holly Shelter1",NA
667,31.8388916053573,1.363,1,17.2999992370605,30155.6347096272,0,9.79692077636719,15.7726361882561,0.417368471622467,0,8.7,3.17135584856656,0,"Holly Shelter","Holly Shelter","Holly Shelter1",NA
668,31.8388916053573,1.363,1,17.2000007629395,30155.6347096272,0,10.1163692474365,14.6221422353742,0.391728132963181,0,4173.85,-0.330473498447694,0,"Holly Shelter","Holly Shelter","Holly Shelter1",NA
669,31.8388916053573,1.363,1,17.2783050537109,30155.6347096272,0,10.1624984741211,12.1146434081363,0.423740327358246,0,4173.85,-0.330473498447694,0,"Holly Shelter","Holly Shelter","Holly Shelter1",NA
670,31.8388916053573,1.363,1,17.2000007629395,30155.6347096272,0,10.1343793869019,15.241356614153,0.389804601669312,0,4173.85,-0.330473498447694,0,"Holly Shelter","Holly Shelter","Holly Shelter1",NA
671,31.8388916053573,1.363,1,17.3968124389648,30155.6347096272,0,10.3047695159912,15.0904235071853,0.428998678922653,0,8.7,3.17135584856656,0,"Holly Shelter","Holly Shelter","Holly Shelter1",NA
672,31.8388916053573,1.56909090909091,0,17.6999988555908,111.404766735212,0,16.441427230835,6.39512920558228,0.331364363431931,0,4173.85,-0.330473498447694,0,"Holly Shelter","Holly Shelter","Holly Shelter1",NA
673,31.8388916053573,1.363,1,17.2999992370605,30155.6347096272,0,10.3777370452881,13.6706880086308,0.442844420671463,0,8.7,3.17135584856656,0,"Holly Shelter","Holly Shelter","Holly Shelter1",NA
674,31.8388916053573,1.363,1,17.2444839477539,30155.6347096272,0,10.1788320541382,17.0486344402696,0.433816581964493,0,4173.85,-0.330473498447694,0,"Holly Shelter","Holly Shelter","Holly Shelter1",NA
675,31.8388916053573,1.363,1,17.2000007629395,30155.6347096272,0,9.77406978607178,13.7934317662879,0.390644729137421,0,4173.85,-0.330473498447694,0,"Holly Shelter","Holly Shelter","Holly Shelter1",NA
676,31.8388916053573,1.363,1,17.5,30155.6347096272,0,12.6457948684692,8.11021683799271,0.448156505823135,0,4173.85,-0.330473498447694,0,"Holly Shelter","Holly Shelter","Holly Shelter1",NA
680,31.8388916053573,1.363,1,17.3999996185303,30155.6347096272,0,11.9062013626099,11.1290379216649,0.433606654405594,0,4173.85,-0.330473498447694,0,"Holly Shelter","Holly Shelter","Holly Shelter1",NA
682,31.8388916053573,1.38454545454545,1,17.3759002685547,30960.3963059861,0,11.1945142745972,10.516354745276,0.399432331323624,0,4173.85,-0.330473498447694,0,"Holly Shelter","Holly Shelter","Holly Shelter1",NA
683,31.8388916053573,1.363,1,17.2843418121338,30155.6347096272,0,10.1695499420166,16.1994215378964,0.422259420156479,0,4173.85,-0.330473498447694,0,"Holly Shelter","Holly Shelter","Holly Shelter1",NA
685,31.8388916053573,1.363,1,17.3999996185303,30155.6347096272,0,11.7614068984985,12.0496148962999,0.408387988805771,0,8.7,3.17135584856656,0,"Holly Shelter","Holly Shelter","Holly Shelter1",NA
