"acresid","wtd","bulkdensity","mucktype","soiltemp","numacres","tx","elevation","distkm","ndvi","totalGDD","scPDSI","vegetation","location","site","uniqueid","soilresp"
1,10,1.55357142857143,0,16.2166404724121,870.303014119243,1,13.2834701538086,23.6321407358067,0.39264440536499,4661.8,5.48935820327959,0,"Van Swamp","Van Swamp","Van Swamp1",NA
2,10,1.55857142857143,1,16.4999980926514,2989.9198685051,1,12.8565263748169,25.8777612724191,0.411068826913834,4502.7,3.49361344434572,0,"Van Swamp","Van Swamp","Van Swamp1",NA
3,10,1.25285714285714,1,15.91672706604,1799.9595778533,1,9.46411991119385,24.4269851862171,0.45991787314415,4502.7,3.49361344434572,0,"Van Swamp","Van Swamp","Van Swamp1",NA
4,10,1.56777777777778,1,16.0016174316406,2871.90836628825,1,10.5149965286255,24.67766518927,0.430451333522797,4502.7,3.49361344434572,0,"Van Swamp","Van Swamp","Van Swamp1",NA
5,10,1.54625,0,16.7000007629395,2922.20243203144,1,11.6916408538818,21.9387132708117,0.474051386117935,4502.7,3.49361344434572,0,"Van Swamp","Van Swamp","Van Swamp1",NA
6,10,1.27375,1,16.1036586761475,1121.92160491723,1,7.73723363876343,23.9407616842344,0.4745914041996,4502.7,3.49361344434572,0,"Van Swamp","Van Swamp","Van Swamp1",NA
7,10,1.49285714285714,0,16.1585998535156,4103.12524044201,1,8.32895565032959,23.2921256457739,0.412480503320694,4502.7,3.49361344434572,0,"Van Swamp","Van Swamp","Van Swamp1",NA
8,10,1.5775,1,15.9000587463379,3245.60238230637,1,10.5244989395142,23.8287833547097,0.426493227481842,4502.7,3.49361344434572,0,"Van Swamp","Van Swamp","Van Swamp1",NA
9,10,1.57,1,15.9114379882812,2759.52786185377,1,10.4935245513916,23.8392004368032,0.450987845659256,4502.7,3.49361344434572,0,"Van Swamp","Van Swamp","Van Swamp1",NA
10,10,1.56777777777778,1,16.2121639251709,2871.90836628825,1,11.6611909866333,25.0140985039704,0.42430305480957,4502.7,3.49361344434572,0,"Van Swamp","Van Swamp","Van Swamp1",NA
11,10,1.40103448275862,1,16.3999996185303,9393.48732663226,1,7.24012231826782,22.9894632804861,0.462594419717789,4502.7,3.49361344434572,0,"Van Swamp","Van Swamp","Van Swamp1",NA
12,10,1.49285714285714,0,16.1010589599609,915.32076032676,1,10.6564693450928,25.3986360231964,0.362037658691406,4502.7,3.49361344434572,0,"Van Swamp","Van Swamp","Van Swamp1",NA
13,10,1.5775,1,15.9766206741333,2857.54088383359,1,10.7687854766846,24.5210813358897,0.43574246764183,4502.7,3.49361344434572,0,"Van Swamp","Van Swamp","Van Swamp1",NA
14,10,1.2,1,15.9998035430908,1634.2369875448,1,8.80849838256836,24.6311030476581,0.460701048374176,4502.7,3.49361344434572,0,"Van Swamp","Van Swamp","Van Swamp1",NA
15,10,1.49764705882353,0,16.2642726898193,996.452604839076,1,10.4585256576538,24.9339969367916,0.381091207265854,4502.7,3.49361344434572,0,"Van Swamp","Van Swamp","Van Swamp1",NA
16,10,1.3675,1,15.8999996185303,6859.28383290403,1,8.87072086334229,24.166148501516,0.443378418684006,4502.7,3.49361344434572,0,"Van Swamp","Van Swamp","Van Swamp1",NA
17,10,1.24214285714286,1,16,2756.15859246203,1,9.37561416625977,24.4715780616183,0.454139828681946,4502.7,3.49361344434572,0,"Van Swamp","Van Swamp","Van Swamp1",NA
18,10,1.56318181818182,1,16.2999992370605,954.387765405975,1,14.3305168151855,23.9313419265357,0.346488833427429,4329.45,-0.698713793966006,0,"Van Swamp","Van Swamp","Van Swamp1",NA
19,10,1.2,1,16.0998706817627,1634.2369875448,1,9.32707214355469,24.8456828194232,0.427830517292023,4502.7,3.49361344434572,0,"Van Swamp","Van Swamp","Van Swamp1",NA
20,10,1.556,0,16.698974609375,2877.82114347129,1,11.09255027771,21.6984056688162,0.446213245391846,4502.7,3.49361344434572,0,"Van Swamp","Van Swamp","Van Swamp1",NA
21,10,1.65,1,15.9249773025513,5462.96935031686,1,10.0992517471313,23.9927945810958,0.451306939125061,4502.7,3.49361344434572,0,"Van Swamp","Van Swamp","Van Swamp1",NA
22,10,1.2,1,16.0182762145996,1634.2369875448,1,9.47165775299072,24.9257606219243,0.414418965578079,4502.7,3.49361344434572,0,"Van Swamp","Van Swamp","Van Swamp1",NA
23,10,1.45595238095238,1,16.4916763305664,1651.47492333391,1,10.3089179992676,22.999014655116,0.438772648572922,4502.7,3.49361344434572,0,"Van Swamp","Van Swamp","Van Swamp1",NA
24,10,1.57,1,15.8999996185303,2759.52786185377,1,10.4015493392944,24.2337783378244,0.448164492845535,4502.7,3.49361344434572,0,"Van Swamp","Van Swamp","Van Swamp1",NA
25,10,1.49285714285714,0,15.9937000274658,4103.12524044201,1,9.18975448608398,23.2383947836182,0.446013867855072,4502.7,3.49361344434572,0,"Van Swamp","Van Swamp","Van Swamp1",NA
26,10,1.43307692307692,1,16.0482082366943,2585.21192595258,1,10.3965692520142,24.0442084750874,0.400682955980301,4502.7,3.49361344434572,0,"Van Swamp","Van Swamp","Van Swamp1",NA
27,10,1.41318181818182,1,15.9657583236694,5225.04684535923,1,7.68488931655884,24.0246895182751,0.464008957147598,4502.7,3.49361344434572,0,"Van Swamp","Van Swamp","Van Swamp1",NA
28,10,1.55115384615385,0,16.3999996185303,266.287798829604,1,14.0292634963989,25.0049899843306,0.399712532758713,4329.45,-0.698713793966006,0,"Van Swamp","Van Swamp","Van Swamp1",NA
29,10,1.405,1,16,2549.55774787156,1,9.89430236816406,25.4113154493854,0.394461184740067,4502.7,3.49361344434572,0,"Van Swamp","Van Swamp","Van Swamp1",NA
30,10,1.56318181818182,1,16.2997798919678,872.441119341883,1,14.0980434417725,24.0866285282591,0.361292034387589,4329.45,-0.698713793966006,0,"Van Swamp","Van Swamp","Van Swamp1",NA
31,10,1.25285714285714,1,16,1799.9595778533,1,9.55175971984863,24.8581361111327,0.414406925439835,4502.7,3.49361344434572,0,"Van Swamp","Van Swamp","Van Swamp1",NA
32,10,1.47333333333333,0,16.3999977111816,7994.71693335876,1,6.09332227706909,22.7060574779083,0.463596045970917,4502.7,3.49361344434572,0,"Van Swamp","Van Swamp","Van Swamp1",NA
33,10,1.65,1,15.8999996185303,5462.96935031686,1,10.4010896682739,23.5085047552688,0.456607460975647,4502.7,3.49361344434572,0,"Van Swamp","Van Swamp","Van Swamp1",NA
34,10,1.49166666666667,0,16.1756000518799,4175.75059865611,1,10.6690244674683,23.1077282593463,0.407451570034027,4502.7,3.49361344434572,0,"Van Swamp","Van Swamp","Van Swamp1",NA
35,10,1.5775,1,16.2842750549316,3044.25297404185,1,10.0386371612549,21.9796919120117,0.437262564897537,4502.7,3.49361344434572,0,"Van Swamp","Van Swamp","Van Swamp1",NA
36,10,1.73,1,15.9924325942993,2703.44148846309,1,9.80166721343994,24.4496570171741,0.449026048183441,4502.7,3.49361344434572,0,"Van Swamp","Van Swamp","Van Swamp1",NA
37,10,1.405,1,16,2549.55774787156,1,9.70950794219971,25.165190567274,0.407400131225586,4502.7,3.49361344434572,0,"Van Swamp","Van Swamp","Van Swamp1",NA
38,10,1.73,1,15.8999996185303,2703.44148846309,1,9.96520519256592,22.3409655081399,0.492202341556549,4502.7,3.49361344434572,0,"Van Swamp","Van Swamp","Van Swamp1",NA
39,10,1.65,1,15.993221282959,5462.96935031686,1,10.0116729736328,24.0084854194346,0.458290755748749,4502.7,3.49361344434572,0,"Van Swamp","Van Swamp","Van Swamp1",NA
40,10,1.5775,1,16,2857.54088383359,1,11.1873073577881,24.5850695568804,0.416333884000778,4502.7,3.49361344434572,0,"Van Swamp","Van Swamp","Van Swamp1",NA
41,10,1.405,1,16.2057209014893,2549.55774787156,1,9.21154022216797,24.7855101851302,0.410435974597931,4502.7,3.49361344434572,0,"Van Swamp","Van Swamp","Van Swamp1",NA
42,10,1.52333333333333,0,16.3998184204102,396.347292683959,1,8.3338451385498,22.3330585783006,0.384253114461899,4502.7,3.49361344434572,0,"Van Swamp","Van Swamp","Van Swamp1",NA
43,10,1.52272727272727,0,16.7000007629395,3332.05673499261,1,11.2340898513794,22.4194104614928,0.421221375465393,4502.7,3.49361344434572,0,"Van Swamp","Van Swamp","Van Swamp1",NA
44,10,1.49166666666667,0,16.0688629150391,4176.06263560742,1,10.9876270294189,23.1736182683152,0.386256456375122,4502.7,3.49361344434572,0,"Van Swamp","Van Swamp","Van Swamp1",NA
45,10,1.572,1,15.9910802841187,2884.7452994522,1,9.71537494659424,24.4092346944858,0.478051751852036,4502.7,3.49361344434572,0,"Van Swamp","Van Swamp","Van Swamp1",NA
46,10,1.73,1,15.8280878067017,2703.44148846309,1,9.62201023101807,23.1296273381949,0.426661610603333,4502.7,3.49361344434572,0,"Van Swamp","Van Swamp","Van Swamp1",NA
47,10,1.48846153846154,1,15.977783203125,3904.9439677975,1,9.23973941802979,23.6420631079712,0.447640985250473,4502.7,3.49361344434572,0,"Van Swamp","Van Swamp","Van Swamp1",NA
48,10,1.575,1,15.9583425521851,291.749500673993,1,9.78264808654785,22.6249406199367,0.461256235837936,4502.7,3.49361344434572,0,"Van Swamp","Van Swamp","Van Swamp1",NA
49,10,1.56137931034483,1,16.4857845306396,5670.62580783356,1,11.7289953231812,25.7566515668921,0.405932545661926,4502.7,3.49361344434572,0,"Van Swamp","Van Swamp","Van Swamp1",NA
50,10,1.572,1,15.8807983398438,2884.7452994522,1,9.64390659332275,23.8430764140095,0.479994297027588,4502.7,3.49361344434572,0,"Van Swamp","Van Swamp","Van Swamp1",NA
51,10,1.49882352941176,0,16.4264183044434,529.553318416686,1,11.01158618927,23.0867514780307,0.4095638692379,4502.7,3.49361344434572,0,"Van Swamp","Van Swamp","Van Swamp1",NA
52,10,1.57333333333333,0,16.5610389709473,2890.9630557799,1,11.3645601272583,21.5666465403727,0.48107972741127,4502.7,3.49361344434572,0,"Van Swamp","Van Swamp","Van Swamp1",NA
53,10,1.54454545454545,1,15.9945888519287,3299.61994014475,1,11.5779275894165,23.6454512534979,0.37479567527771,4661.8,5.48935820327959,0,"Van Swamp","Van Swamp","Van Swamp1",NA
54,10,1.49285714285714,0,16,4103.12524044201,1,9.27958011627197,23.7160932910637,0.489802330732346,4502.7,3.49361344434572,0,"Van Swamp","Van Swamp","Van Swamp1",NA
55,10,1.50458333333333,0,16.0747108459473,2337.02420219695,1,10.8595037460327,25.677102775515,0.435051947832108,4502.7,3.49361344434572,0,"Van Swamp","Van Swamp","Van Swamp1",NA
56,10,1.73,1,15.8000001907349,2703.44148846309,1,9.71195030212402,23.4736758377967,0.432014405727386,4502.7,3.49361344434572,0,"Van Swamp","Van Swamp","Van Swamp1",NA
57,10,1.503,0,16,1176.67113912238,1,10.5004453659058,25.6051638574188,0.410637646913528,4502.7,3.49361344434572,0,"Van Swamp","Van Swamp","Van Swamp1",NA
58,10,1.521,0,16.553316116333,507.080088120949,1,10.2922372817993,23.1682202846937,0.405560433864594,4502.7,3.49361344434572,0,"Van Swamp","Van Swamp","Van Swamp1",NA
59,10,1.42291666666667,1,16.2321128845215,2812.73059926598,1,11.4038982391357,23.6733155587601,0.395336836576462,4502.7,3.49361344434572,0,"Van Swamp","Van Swamp","Van Swamp1",NA
60,10,1.57333333333333,0,16.508171081543,2890.9630557799,1,11.2499752044678,21.6723281421853,0.489656925201416,4502.7,3.49361344434572,0,"Van Swamp","Van Swamp","Van Swamp1",NA
61,10,1.521,0,16.2000007629395,1241.37467366341,1,11.2219867706299,26.1046907673027,0.42427721619606,4502.7,3.49361344434572,0,"Van Swamp","Van Swamp","Van Swamp1",NA
62,10,1.55521739130435,0,16.3950805664062,159.391020561321,1,14.1409215927124,25.3969330161702,0.438606381416321,4329.45,-0.698713793966006,0,"Van Swamp","Van Swamp","Van Swamp1",NA
63,10,1.55137931034483,1,16.3199043273926,3724.27428057039,1,13.5709295272827,24.5384939746746,0.40092146396637,4329.45,-0.698713793966006,0,"Van Swamp","Van Swamp","Van Swamp1",NA
64,10,1.573,1,16.125509262085,5595.62647563516,1,10.261079788208,21.7866335587482,0.487917810678482,4502.7,3.49361344434572,0,"Van Swamp","Van Swamp","Van Swamp1",NA
65,10,1.405,1,16.1000003814697,5737.36222798681,1,9.31134033203125,24.3286238101161,0.448766976594925,4502.7,3.49361344434572,0,"Van Swamp","Van Swamp","Van Swamp1",NA
66,10,1.293125,1,15.9308795928955,5625.32267123361,1,9.38310623168945,24.3254955239323,0.456728607416153,4502.7,3.49361344434572,0,"Van Swamp","Van Swamp","Van Swamp1",NA
67,10,1.56777777777778,1,16.2091770172119,2871.90836628825,1,11.4938259124756,24.8981584647588,0.415740042924881,4502.7,3.49361344434572,0,"Van Swamp","Van Swamp","Van Swamp1",NA
68,10,1.405,1,16,5737.36222798681,1,8.96112537384033,24.5089762327167,0.45428404211998,4502.7,3.49361344434572,0,"Van Swamp","Van Swamp","Van Swamp1",NA
69,10,1.42,1,16.1003341674805,2630.68959238387,1,9.55224132537842,24.6148216410608,0.417578786611557,4502.7,3.49361344434572,0,"Van Swamp","Van Swamp","Van Swamp1",NA
70,10,1.49285714285714,0,16.2000007629395,4103.12524044201,1,10.3943901062012,23.4619419690521,0.38530695438385,4502.7,3.49361344434572,0,"Van Swamp","Van Swamp","Van Swamp1",NA
71,10,1.405,1,16.1217861175537,2549.55774787156,1,9.30007457733154,24.9718751130184,0.422314047813416,4502.7,3.49361344434572,0,"Van Swamp","Van Swamp","Van Swamp1",NA
72,10,1.36571428571429,1,16.3999996185303,8921.12436786736,1,5.36763572692871,23.5100054364094,0.532599091529846,4502.7,3.49361344434572,0,"Van Swamp","Van Swamp","Van Swamp1",NA
73,10,1.405,1,16.0892772674561,5737.36222798681,1,10.4134197235107,22.8303908481387,0.404393166303635,4502.7,3.49361344434572,0,"Van Swamp","Van Swamp","Van Swamp1",NA
74,10,1.58315789473684,1,15.9690837860107,2995.19098913708,1,9.68693733215332,22.6952754829997,0.460406243801117,4502.7,3.49361344434572,0,"Van Swamp","Van Swamp","Van Swamp1",NA
75,10,1.56294117647059,1,16.027364730835,5805.96211151927,1,10.3202123641968,24.9608791984024,0.42820930480957,4502.7,3.49361344434572,0,"Van Swamp","Van Swamp","Van Swamp1",NA
76,10,1.73,1,15.8325109481812,2703.44148846309,1,9.69312572479248,23.6366417684017,0.436280637979507,4502.7,3.49361344434572,0,"Van Swamp","Van Swamp","Van Swamp1",NA
77,10,1.57944444444444,1,16.0479965209961,3167.88846491434,1,9.44532871246338,23.1188959847763,0.454686105251312,4502.7,3.49361344434572,0,"Van Swamp","Van Swamp","Van Swamp1",NA
78,10,1.43307692307692,1,16.1645164489746,2585.21192595258,1,11.0948219299316,24.2860943208419,0.419618993997574,4502.7,3.49361344434572,0,"Van Swamp","Van Swamp","Van Swamp1",NA
79,10,1.405,1,15.899998664856,5737.36222798681,1,9.05083274841309,24.1532955443429,0.444181382656097,4502.7,3.49361344434572,0,"Van Swamp","Van Swamp","Van Swamp1",NA
80,10,1.44117647058824,1,16.1043453216553,6652.68298831357,1,9.54666137695312,24.0824086673692,0.42867785692215,4502.7,3.49361344434572,0,"Van Swamp","Van Swamp","Van Swamp1",NA
81,10,1.41318181818182,1,16.055154800415,5225.04684535923,1,7.74067735671997,23.7342728357273,0.451129049062729,4502.7,3.49361344434572,0,"Van Swamp","Van Swamp","Van Swamp1",NA
82,10,1.521,0,16.5995998382568,507.080088120949,1,9.86700916290283,23.1878631790196,0.418217688798904,4502.7,3.49361344434572,0,"Van Swamp","Van Swamp","Van Swamp1",NA
83,10,1.521,0,16.1964912414551,1421.70344187019,1,10.9843339920044,26.2795633302555,0.458051532506943,4502.7,3.49361344434572,0,"Van Swamp","Van Swamp","Van Swamp1",NA
84,10,1.57090909090909,0,16.5351619720459,2926.73461245633,1,11.3956995010376,21.9916062834842,0.496145874261856,4502.7,3.49361344434572,0,"Van Swamp","Van Swamp","Van Swamp1",NA
85,10,1.49285714285714,0,15.9011106491089,4103.12524044201,1,9.07454872131348,23.7503669325958,0.44377189874649,4502.7,3.49361344434572,0,"Van Swamp","Van Swamp","Van Swamp1",NA
86,10,1.38352941176471,1,16.1706104278564,1905.04479180328,1,10.8525009155273,23.1633550963093,0.434547990560532,4502.7,3.49361344434572,0,"Van Swamp","Van Swamp","Van Swamp1",NA
87,10,1.454,1,16.0884742736816,6721.51996518883,1,10.3430109024048,23.4823800153907,0.431775569915771,4502.7,3.49361344434572,0,"Van Swamp","Van Swamp","Van Swamp1",NA
88,10,1.572,1,15.8999996185303,2884.7452994522,1,9.88357734680176,23.9776940500447,0.466549932956696,4502.7,3.49361344434572,0,"Van Swamp","Van Swamp","Van Swamp1",NA
89,10,1.556,0,16.6999988555908,2924.59156057293,1,11.5474166870117,21.5554668275447,0.462757706642151,4502.7,3.49361344434572,0,"Van Swamp","Van Swamp","Van Swamp1",NA
90,10,1.56551724137931,0,16.550573348999,3091.53094682378,1,10.5610971450806,22.4989692675279,0.496042937040329,4502.7,3.49361344434572,0,"Van Swamp","Van Swamp","Van Swamp1",NA
91,10,1.42291666666667,1,16.1530590057373,6000.53507938123,1,10.3024768829346,22.8569892731053,0.414390623569489,4502.7,3.49361344434572,0,"Van Swamp","Van Swamp","Van Swamp1",NA
92,10,1.57571428571429,1,16.2922039031982,3216.95044981911,1,9.78053283691406,22.5558693205193,0.41390922665596,4502.7,3.49361344434572,0,"Van Swamp","Van Swamp","Van Swamp1",NA
93,10,1.73,1,15.8999996185303,2703.44148846309,1,9.78661346435547,22.625146919589,0.470403760671616,4502.7,3.49361344434572,0,"Van Swamp","Van Swamp","Van Swamp1",NA
94,10,1.535625,1,16.3002815246582,2927.06747319571,1,12.065333366394,25.371665639164,0.402886807918549,4502.7,3.49361344434572,0,"Van Swamp","Van Swamp","Van Swamp1",NA
95,10,1.57833333333333,1,16.1000003814697,2736.19765327921,1,10.0192918777466,22.0183922777817,0.499170988798141,4502.7,3.49361344434572,0,"Van Swamp","Van Swamp","Van Swamp1",NA
96,10,1.49285714285714,0,16.0741481781006,4103.12524044201,1,10.0931606292725,23.3031537204847,0.42522594332695,4502.7,3.49361344434572,0,"Van Swamp","Van Swamp","Van Swamp1",NA
97,10,1.49764705882353,0,16.1000003814697,996.452604839076,1,10.0399389266968,24.5703147503414,0.387558877468109,4502.7,3.49361344434572,0,"Van Swamp","Van Swamp","Van Swamp1",NA
98,10,1.4375,1,16.4999980926514,1623.58049764818,1,8.60067653656006,23.6886167586567,0.454465121030807,4502.7,3.49361344434572,0,"Van Swamp","Van Swamp","Van Swamp1",NA
99,10,1.3675,1,15.9259119033813,6859.28383290403,1,8.01093673706055,24.2719645631437,0.465870827436447,4502.7,3.49361344434572,0,"Van Swamp","Van Swamp","Van Swamp1",NA
100,10,1.65,1,15.8000001907349,5462.96935031686,1,10.0759601593018,23.524492694209,0.494087666273117,4502.7,3.49361344434572,0,"Van Swamp","Van Swamp","Van Swamp1",NA
101,10,1.73,1,15.8995361328125,2703.44148846309,1,9.65743064880371,23.7550379923748,0.427478194236755,4502.7,3.49361344434572,0,"Van Swamp","Van Swamp","Van Swamp1",NA
102,10,1.65,1,16.1000003814697,2915.61011471989,1,9.90220355987549,22.2857045622453,0.470195770263672,4502.7,3.49361344434572,0,"Van Swamp","Van Swamp","Van Swamp1",NA
103,10,1.56888888888889,0,16.4978637695312,2916.90743746923,1,11.4662284851074,21.3172787401643,0.453361868858337,4502.7,3.49361344434572,0,"Van Swamp","Van Swamp","Van Swamp1",NA
104,10,1.55085714285714,0,16.6753616333008,8671.82821646959,1,11.3373918533325,21.9688773302224,0.484912246465683,4502.7,3.49361344434572,0,"Van Swamp","Van Swamp","Van Swamp1",NA
105,10,1.521,0,16,1421.70344187019,1,10.8018598556519,25.9738487459787,0.459767162799835,4502.7,3.49361344434572,0,"Van Swamp","Van Swamp","Van Swamp1",NA
106,10,1.24214285714286,1,16,2756.15859246203,1,9.19533824920654,24.1904092546329,0.454915642738342,4502.7,3.49361344434572,0,"Van Swamp","Van Swamp","Van Swamp1",NA
107,10,1.4204,1,16.3728256225586,5297.14110959859,1,7.3169641494751,23.0575079339904,0.481746941804886,4502.7,3.49361344434572,0,"Van Swamp","Van Swamp","Van Swamp1",NA
108,10,1.49705882352941,0,15.9940137863159,4226.72791347592,1,9.19650459289551,23.485400752046,0.451268881559372,4502.7,3.49361344434572,0,"Van Swamp","Van Swamp","Van Swamp1",NA
109,10,1.5125,0,16.1856746673584,1160.35306307458,1,11.4420461654663,25.9497533210074,0.449549078941345,4502.7,3.49361344434572,0,"Van Swamp","Van Swamp","Van Swamp1",NA
110,10,1.41318181818182,1,16.189811706543,5225.04684535923,1,7.35047674179077,23.2105622738252,0.443438947200775,4502.7,3.49361344434572,0,"Van Swamp","Van Swamp","Van Swamp1",NA
111,10,1.44117647058824,1,16.0746803283691,6652.68298831357,1,9.58697032928467,24.0716414318972,0.448098093271255,4502.7,3.49361344434572,0,"Van Swamp","Van Swamp","Van Swamp1",NA
112,10,1.55666666666667,0,16.2980442047119,421.590721271876,1,9.13063335418701,22.3254681502534,0.384535223245621,4502.7,3.49361344434572,0,"Van Swamp","Van Swamp","Van Swamp1",NA
113,10,1.50733333333333,1,16.5994243621826,1064.76839273351,1,8.47825527191162,23.3297396494596,0.463783532381058,4502.7,3.49361344434572,0,"Van Swamp","Van Swamp","Van Swamp1",NA
114,10,1.405,1,15.9681434631348,5737.36222798681,1,8.96406650543213,24.3564466250808,0.452785342931747,4502.7,3.49361344434572,0,"Van Swamp","Van Swamp","Van Swamp1",NA
115,10,1.49705882352941,0,16,4226.72791347592,1,9.94310474395752,23.364701837503,0.427473098039627,4502.7,3.49361344434572,0,"Van Swamp","Van Swamp","Van Swamp1",NA
116,10,1.523125,0,16.0639591217041,1499.53993178777,1,11.5024194717407,25.5790876157098,0.408217430114746,4502.7,3.49361344434572,0,"Van Swamp","Van Swamp","Van Swamp1",NA
117,10,1.24214285714286,1,16.0606269836426,2756.15859246203,1,7.84335041046143,24.454589699121,0.489906370639801,4502.7,3.49361344434572,0,"Van Swamp","Van Swamp","Van Swamp1",NA
118,10,1.5,1,16.4000015258789,8760.17970819261,1,5.93138360977173,23.2796556994101,0.511335551738739,4502.7,3.49361344434572,0,"Van Swamp","Van Swamp","Van Swamp1",NA
119,10,1.3675,1,15.8999996185303,6859.28383290403,1,8.87887287139893,23.815687249465,0.408017575740814,4502.7,3.49361344434572,0,"Van Swamp","Van Swamp","Van Swamp1",NA
120,10,1.2,1,16.1368427276611,1634.2369875448,1,8.93222045898438,25.1070662831365,0.470058590173721,4502.7,3.49361344434572,0,"Van Swamp","Van Swamp","Van Swamp1",NA
121,10,1.24214285714286,1,16,2756.15859246203,1,8.70825862884521,24.0894104122303,0.461901038885117,4502.7,3.49361344434572,0,"Van Swamp","Van Swamp","Van Swamp1",NA
122,10,1.57,1,15.9069700241089,2759.52786185377,1,10.5267086029053,24.0719225333908,0.447879284620285,4502.7,3.49361344434572,0,"Van Swamp","Van Swamp","Van Swamp1",NA
123,10,1.43307692307692,1,16,2810.90812666717,1,10.5816669464111,25.44851878409,0.411698788404465,4502.7,3.49361344434572,0,"Van Swamp","Van Swamp","Van Swamp1",NA
124,10,1.52666666666667,0,16.4381542205811,339.186868713191,1,12.3420124053955,26.0059467231229,0.434393614530563,4502.7,3.49361344434572,0,"Van Swamp","Van Swamp","Van Swamp1",NA
125,10,1.27375,1,16.3739452362061,1121.92160491723,1,7.19234371185303,24.1195570696399,0.468489050865173,4502.7,3.49361344434572,0,"Van Swamp","Van Swamp","Van Swamp1",NA
126,10,1.54833333333333,0,16.5253486633301,8626.07680757172,1,9.02660369873047,21.5395716367901,0.484957247972488,4502.7,3.49361344434572,0,"Van Swamp","Van Swamp","Van Swamp1",NA
127,10,1.503,0,16.565450668335,501.658892730958,1,11.0944662094116,23.2416545092926,0.427518129348755,4502.7,3.49361344434572,0,"Van Swamp","Van Swamp","Van Swamp1",NA
128,10,1.503,0,16,950.97493840778,1,10.5678119659424,24.5049280588783,0.378541201353073,4502.7,3.49361344434572,0,"Van Swamp","Van Swamp","Van Swamp1",NA
129,10,1.405,1,16.0892448425293,5737.36222798681,1,10.2224445343018,23.7123705147334,0.41488915681839,4502.7,3.49361344434572,0,"Van Swamp","Van Swamp","Van Swamp1",NA
130,10,1.3245,1,16.5,1594.77515059208,1,8.1806116104126,23.8385229774621,0.47443899512291,4502.7,3.49361344434572,0,"Van Swamp","Van Swamp","Van Swamp1",NA
131,10,1.2,1,16,1634.2369875448,1,8.94704723358154,24.4303649485842,0.458189159631729,4502.7,3.49361344434572,0,"Van Swamp","Van Swamp","Van Swamp1",NA
132,10,1.56318181818182,1,16.3093204498291,2832.07873766578,1,13.0837001800537,24.8128465664731,0.425730347633362,4329.45,-0.698713793966006,0,"Van Swamp","Van Swamp","Van Swamp1",NA
133,10,1.49172413793103,1,16.2951755523682,4039.87673719612,1,9.38910007476807,22.9575200744069,0.45677837729454,4502.7,3.49361344434572,0,"Van Swamp","Van Swamp","Van Swamp1",NA
134,10,1.52222222222222,1,16.3999996185303,8779.72649899595,1,5.69672060012817,23.5686683798155,0.501510620117188,4502.7,3.49361344434572,0,"Van Swamp","Van Swamp","Van Swamp1",NA
135,10,1.41318181818182,1,16.311393737793,1284.57215647614,1,7.81730318069458,23.8286931987084,0.4660704433918,4502.7,3.49361344434572,0,"Van Swamp","Van Swamp","Van Swamp1",NA
136,10,1.5775,1,16.0607681274414,2857.54088383359,1,11.465781211853,25.2901891009557,0.456320971250534,4502.7,3.49361344434572,0,"Van Swamp","Van Swamp","Van Swamp1",NA
137,10,1.2,1,16.2999992370605,1634.2369875448,1,9.04659748077393,25.2648860510438,0.409132421016693,4502.7,3.49361344434572,0,"Van Swamp","Van Swamp","Van Swamp1",NA
138,10,1.49764705882353,0,16.3999996185303,996.452604839076,1,9.92990875244141,25.3915200986775,0.3987977206707,4502.7,3.49361344434572,0,"Van Swamp","Van Swamp","Van Swamp1",NA
139,10,1.46235294117647,1,16.0013370513916,5757.90869535633,1,10.5436992645264,25.0847639516157,0.40816131234169,4502.7,3.49361344434572,0,"Van Swamp","Van Swamp","Van Swamp1",NA
140,10,1.521,0,16.5955543518066,507.080088120949,1,10.4825105667114,23.5331959902881,0.479865461587906,4502.7,3.49361344434572,0,"Van Swamp","Van Swamp","Van Swamp1",NA
141,10,1.65,1,16,5462.96935031686,1,9.99058246612549,24.4804638169008,0.450622171163559,4502.7,3.49361344434572,0,"Van Swamp","Van Swamp","Van Swamp1",NA
142,10,1.24214285714286,1,15.963583946228,2756.15859246203,1,8.4992847442627,24.1153326515928,0.46314811706543,4502.7,3.49361344434572,0,"Van Swamp","Van Swamp","Van Swamp1",NA
143,10,1.24214285714286,1,15.9607877731323,2756.15859246203,1,9.38162708282471,24.0642161314271,0.465927869081497,4502.7,3.49361344434572,0,"Van Swamp","Van Swamp","Van Swamp1",NA
144,10,1.56230769230769,0,16.3824100494385,154.390986092532,1,13.729790687561,25.6335179730527,0.449517846107483,4502.7,3.49361344434572,0,"Van Swamp","Van Swamp","Van Swamp1",NA
145,10,1.73,1,15.9985580444336,2703.44148846309,1,9.8924674987793,22.4600407207129,0.464284002780914,4502.7,3.49361344434572,0,"Van Swamp","Van Swamp","Van Swamp1",NA
146,10,1.55,1,16.28297996521,2877.0709180665,1,11.6673126220703,24.9430529439498,0.407247185707092,4502.7,3.49361344434572,0,"Van Swamp","Van Swamp","Van Swamp1",NA
147,10,1.27375,1,16.3819313049316,1121.92160491723,1,6.75309038162231,23.5663567488648,0.458823710680008,4502.7,3.49361344434572,0,"Van Swamp","Van Swamp","Van Swamp1",NA
148,10,1.73,1,15.8712863922119,2703.44148846309,1,10.0755615234375,22.6580870120371,0.49866595864296,4502.7,3.49361344434572,0,"Van Swamp","Van Swamp","Van Swamp1",NA
149,10,1.73,1,15.737907409668,2703.44148846309,1,10.0757970809937,23.4286047334584,0.458449840545654,4502.7,3.49361344434572,0,"Van Swamp","Van Swamp","Van Swamp1",NA
150,10,1.405,1,16.157018661499,5737.36222798681,1,10.1805753707886,23.7940429865986,0.438119441270828,4502.7,3.49361344434572,0,"Van Swamp","Van Swamp","Van Swamp1",NA
151,10,1.2,1,15.9105825424194,1634.2369875448,1,8.7840051651001,24.6039668148093,0.415046632289886,4502.7,3.49361344434572,0,"Van Swamp","Van Swamp","Van Swamp1",NA
152,10,1.27375,1,16.0861015319824,1121.92160491723,1,9.07658004760742,23.4743517717399,0.453555673360825,4502.7,3.49361344434572,0,"Van Swamp","Van Swamp","Van Swamp1",NA
153,10,1.3125,1,15.9000005722046,4503.40106631638,1,9.64759731292725,24.0729088654917,0.457998394966125,4502.7,3.49361344434572,0,"Van Swamp","Van Swamp","Van Swamp1",NA
154,10,1.46961538461538,1,16.3999996185303,1661.27248145464,1,7.93185806274414,22.591097116095,0.457216680049896,4502.7,3.49361344434572,0,"Van Swamp","Van Swamp","Van Swamp1",NA
155,10,1.51941176470588,0,16.6265525817871,3602.79552226569,1,10.7975234985352,22.4747285733855,0.421932518482208,4502.7,3.49361344434572,0,"Van Swamp","Van Swamp","Van Swamp1",NA
156,10,1.73,1,15.71360206604,2703.44148846309,1,9.96836185455322,23.2199873830741,0.431848794221878,4502.7,3.49361344434572,0,"Van Swamp","Van Swamp","Van Swamp1",NA
157,10,1.405,1,16.0485954284668,2549.55774787156,1,9.69294738769531,25.2708038431911,0.401462465524673,4502.7,3.49361344434572,0,"Van Swamp","Van Swamp","Van Swamp1",NA
158,10,1.49285714285714,0,16.2000007629395,4103.12524044201,1,8.57482719421387,22.8954271724876,0.328941196203232,4502.7,3.49361344434572,0,"Van Swamp","Van Swamp","Van Swamp1",NA
159,10,1.25285714285714,1,16,1799.9595778533,1,9.53819847106934,24.6149661334261,0.454288154840469,4502.7,3.49361344434572,0,"Van Swamp","Van Swamp","Van Swamp1",NA
160,10,1.73,1,15.8000011444092,2703.44148846309,1,10.1507015228271,22.8659370950697,0.490284323692322,4502.7,3.49361344434572,0,"Van Swamp","Van Swamp","Van Swamp1",NA
161,10,1.56771929824561,0,16.5,8618.25161659644,1,8.1518611907959,21.2642802076787,0.535707533359528,4502.7,3.49361344434572,0,"Van Swamp","Van Swamp","Van Swamp1",NA
162,10,1.24214285714286,1,15.9048194885254,2756.15859246203,1,8.54218196868896,24.5323056873036,0.414453953504562,4502.7,3.49361344434572,0,"Van Swamp","Van Swamp","Van Swamp1",NA
163,10,1.56777777777778,1,16,2871.90836628825,1,10.7089834213257,24.8356307888617,0.43772628903389,4502.7,3.49361344434572,0,"Van Swamp","Van Swamp","Van Swamp1",NA
164,10,1.73,1,15.8724727630615,2703.44148846309,1,9.89975833892822,22.8612437544276,0.449903398752213,4502.7,3.49361344434572,0,"Van Swamp","Van Swamp","Van Swamp1",NA
165,10,1.49285714285714,0,15.989800453186,4103.12524044201,1,9.07749366760254,23.4044323408105,0.451091110706329,4502.7,3.49361344434572,0,"Van Swamp","Van Swamp","Van Swamp1",NA
166,10,1.521,0,16.1396617889404,1421.70344187019,1,11.5936889648438,25.9471966295235,0.44600385427475,4502.7,3.49361344434572,0,"Van Swamp","Van Swamp","Van Swamp1",NA
167,10,1.405,1,16.204288482666,2549.55774787156,1,9.56553173065186,25.2062504237947,0.404532551765442,4502.7,3.49361344434572,0,"Van Swamp","Van Swamp","Van Swamp1",NA
168,10,1.2,1,16,1634.2369875448,1,8.90255069732666,24.9379324664457,0.471593171358109,4502.7,3.49361344434572,0,"Van Swamp","Van Swamp","Van Swamp1",NA
169,10,1.56689655172414,0,16.5355243682861,8674.9872727079,1,8.81285858154297,21.1659731235339,0.509568691253662,4502.7,3.49361344434572,0,"Van Swamp","Van Swamp","Van Swamp1",NA
170,10,1.52875,0,16.2080917358398,4524.71596171388,1,9.3579797744751,22.4549013748169,0.366899728775024,4502.7,3.49361344434572,0,"Van Swamp","Van Swamp","Van Swamp1",NA
171,10,1.27375,1,16.0778179168701,1121.92160491723,1,7.83215236663818,23.9568605902336,0.452285975217819,4502.7,3.49361344434572,0,"Van Swamp","Van Swamp","Van Swamp1",NA
172,10,1.49285714285714,0,16.0166893005371,915.32076032676,1,10.4867563247681,24.8738716016533,0.370467692613602,4502.7,3.49361344434572,0,"Van Swamp","Van Swamp","Van Swamp1",NA
173,10,1.49285714285714,0,16.0704784393311,915.32076032676,1,9.98483848571777,24.4552887075783,0.367965191602707,4502.7,3.49361344434572,0,"Van Swamp","Van Swamp","Van Swamp1",NA
174,10,1.49285714285714,0,15.9694204330444,4103.12524044201,1,9.08198070526123,23.8882619258134,0.450919330120087,4502.7,3.49361344434572,0,"Van Swamp","Van Swamp","Van Swamp1",NA
175,10,1.42,1,16.3479785919189,2630.68959238387,1,9.69185256958008,25.0532339674054,0.396202445030212,4502.7,3.49361344434572,0,"Van Swamp","Van Swamp","Van Swamp1",NA
176,10,1.521,0,16,1421.70344187019,1,11.5991325378418,25.8722540268919,0.426450163125992,4502.7,3.49361344434572,0,"Van Swamp","Van Swamp","Van Swamp1",NA
177,10,1.24214285714286,1,16,2756.15859246203,1,9.03991508483887,23.8429906008368,0.4522425532341,4502.7,3.49361344434572,0,"Van Swamp","Van Swamp","Van Swamp1",NA
178,10,1.40352941176471,1,16.4470310211182,1265.41577568064,1,5.56120204925537,23.7866188957912,0.551324486732483,4502.7,3.49361344434572,0,"Van Swamp","Van Swamp","Van Swamp1",NA
179,10,1.65,1,15.8417472839355,5462.96935031686,1,10.1329517364502,23.4950625533249,0.502094268798828,4502.7,3.49361344434572,0,"Van Swamp","Van Swamp","Van Swamp1",NA
180,10,1.73,1,15.7864980697632,2703.44148846309,1,10.1607894897461,23.4578739269366,0.471837878227234,4502.7,3.49361344434572,0,"Van Swamp","Van Swamp","Van Swamp1",NA
181,10,1.56318181818182,1,16.2707176208496,954.387765405975,1,14.3165788650513,23.7091132302496,0.382925868034363,4329.45,-0.698713793966006,0,"Van Swamp","Van Swamp","Van Swamp1",NA
182,10,1.57,1,15.8999996185303,2759.52786185377,1,10.3613300323486,23.7579961881183,0.469080835580826,4502.7,3.49361344434572,0,"Van Swamp","Van Swamp","Van Swamp1",NA
183,10,1.2,1,16,1634.2369875448,1,8.85958194732666,24.7538964120217,0.46778279542923,4502.7,3.49361344434572,0,"Van Swamp","Van Swamp","Van Swamp1",NA
184,10,1.73,1,15.700213432312,2703.44148846309,1,9.96300315856934,23.0032456232745,0.487956911325455,4502.7,3.49361344434572,0,"Van Swamp","Van Swamp","Van Swamp1",NA
185,10,1.57514285714286,1,16.098424911499,464.44697645125,1,9.73942470550537,22.9168727439875,0.456521958112717,4502.7,3.49361344434572,0,"Van Swamp","Van Swamp","Van Swamp1",NA
186,10,1.54454545454545,1,15.9994087219238,3299.61994014475,1,10.7753620147705,24.2910116964814,0.427708387374878,4502.7,3.49361344434572,0,"Van Swamp","Van Swamp","Van Swamp1",NA
187,10,1.53529411764706,1,16.1000003814697,4202.98142025085,1,11.392632484436,25.5149746837883,0.418312251567841,4502.7,3.49361344434572,0,"Van Swamp","Van Swamp","Van Swamp1",NA
188,10,1.65,1,16,5462.96935031686,1,10.1538400650024,24.5216278245678,0.443814396858215,4502.7,3.49361344434572,0,"Van Swamp","Van Swamp","Van Swamp1",NA
189,10,1.57552631578947,1,16.3225135803223,3296.5313242363,1,9.64937019348145,22.4304202289608,0.407049924135208,4502.7,3.49361344434572,0,"Van Swamp","Van Swamp","Van Swamp1",NA
190,10,1.454375,1,16.3026924133301,4368.83815414982,1,9.45583057403564,23.0960015321057,0.451513648033142,4502.7,3.49361344434572,0,"Van Swamp","Van Swamp","Van Swamp1",NA
191,10,1.55333333333333,0,16.4132061004639,8137.72051721221,1,6.7853102684021,22.5442572506642,0.467102825641632,4502.7,3.49361344434572,0,"Van Swamp","Van Swamp","Van Swamp1",NA
192,10,1.56903225806452,0,16.6267127990723,3036.59467571879,1,10.9242763519287,22.3144971751752,0.433742076158524,4502.7,3.49361344434572,0,"Van Swamp","Van Swamp","Van Swamp1",NA
193,10,1.38214285714286,1,16.4593200683594,1460.92994608927,1,9.54641819000244,23.808610111448,0.456347972154617,4502.7,3.49361344434572,0,"Van Swamp","Van Swamp","Van Swamp1",NA
194,10,1.27466666666667,1,15.9089498519897,5459.60008092511,1,9.42803287506104,23.9931929831646,0.457957774400711,4502.7,3.49361344434572,0,"Van Swamp","Van Swamp","Van Swamp1",NA
195,10,1.73,1,15.7876396179199,2703.44148846309,1,10.1070280075073,23.1309882843587,0.492287248373032,4502.7,3.49361344434572,0,"Van Swamp","Van Swamp","Van Swamp1",NA
196,10,1.521,0,16.0669898986816,1421.70344187019,1,11.6295528411865,25.8476450256778,0.428929686546326,4502.7,3.49361344434572,0,"Van Swamp","Van Swamp","Van Swamp1",NA
197,10,1.43307692307692,1,16.0463695526123,5806.19920486207,1,10.568265914917,23.0979878486775,0.401139885187149,4502.7,3.49361344434572,0,"Van Swamp","Van Swamp","Van Swamp1",NA
198,10,1.56107142857143,1,16.2999992370605,965.986790806906,1,14.1149053573608,23.9806395926867,0.430966436862946,4329.45,-0.698713793966006,0,"Van Swamp","Van Swamp","Van Swamp1",NA
199,10,1.27375,1,16.0990562438965,1121.92160491723,1,7.40852403640747,24.2093613025583,0.480096250772476,4502.7,3.49361344434572,0,"Van Swamp","Van Swamp","Van Swamp1",NA
200,10,1.405,1,16.051851272583,5737.36222798681,1,9.63329410552979,23.9958562895388,0.497312992811203,4502.7,3.49361344434572,0,"Van Swamp","Van Swamp","Van Swamp1",NA
201,10,1.608,1,16.1844234466553,5747.69446250494,1,10.153694152832,21.9091759886305,0.442233234643936,4502.7,3.49361344434572,0,"Van Swamp","Van Swamp","Van Swamp1",NA
202,10,1.572,1,15.9451751708984,2884.7452994522,1,9.64175033569336,24.0875412398347,0.468193352222443,4502.7,3.49361344434572,0,"Van Swamp","Van Swamp","Van Swamp1",NA
203,10,1.40103448275862,1,16.3999996185303,1470.86465751285,1,7.75348615646362,22.8938070159041,0.459744989871979,4502.7,3.49361344434572,0,"Van Swamp","Van Swamp","Van Swamp1",NA
204,10,1.55545454545455,0,16.3248672485352,279.669409892547,1,13.2832164764404,25.2135548199567,0.431113004684448,4329.45,-0.698713793966006,0,"Van Swamp","Van Swamp","Van Swamp1",NA
205,10,1.73,1,15.945408821106,2703.44148846309,1,9.89286518096924,22.4819497801274,0.492574274539948,4502.7,3.49361344434572,0,"Van Swamp","Van Swamp","Van Swamp1",NA
206,10,1.41318181818182,1,16.3901634216309,1284.57215647614,1,9.22311210632324,23.4015687799542,0.440167784690857,4502.7,3.49361344434572,0,"Van Swamp","Van Swamp","Van Swamp1",NA
207,10,1.73,1,15.8875675201416,2703.44148846309,1,9.87510967254639,23.4701404879605,0.455085784196854,4502.7,3.49361344434572,0,"Van Swamp","Van Swamp","Van Swamp1",NA
208,10,1.405,1,16.3593692779541,2549.55774787156,1,9.31053066253662,25.3759650219514,0.408221125602722,4502.7,3.49361344434572,0,"Van Swamp","Van Swamp","Van Swamp1",NA
209,10,1.49285714285714,0,16.0019302368164,4103.12524044201,1,9.34992980957031,22.8391338193017,0.395001709461212,4502.7,3.49361344434572,0,"Van Swamp","Van Swamp","Van Swamp1",NA
210,10,1.48846153846154,1,15.9077215194702,3904.9439677975,1,9.46022605895996,23.4783639604906,0.441524118185043,4502.7,3.49361344434572,0,"Van Swamp","Van Swamp","Van Swamp1",NA
211,10,1.5565625,1,15.9939727783203,4119.60412883445,1,11.421630859375,24.0115470690865,0.380623698234558,4329.45,-0.698713793966006,0,"Van Swamp","Van Swamp","Van Swamp1",NA
212,10,1.43307692307692,1,16.0977020263672,2585.21192595258,1,10.7434406280518,23.8707938317486,0.426379770040512,4502.7,3.49361344434572,0,"Van Swamp","Van Swamp","Van Swamp1",NA
213,10,1.3165,1,16.4677085876465,10015.9465176126,1,5.8473596572876,23.4240463102779,0.514114797115326,4502.7,3.49361344434572,0,"Van Swamp","Van Swamp","Van Swamp1",NA
214,10,1.523125,0,16.5993938446045,632.626351157772,1,10.1826801300049,22.9251902375717,0.45301815867424,4502.7,3.49361344434572,0,"Van Swamp","Van Swamp","Van Swamp1",NA
215,10,1.54566666666667,0,16.3976535797119,386.099896652336,1,14.2617416381836,24.9091716475632,0.371205598115921,4329.45,-0.698713793966006,0,"Van Swamp","Van Swamp","Van Swamp1",NA
216,10,1.65,1,16.1660652160645,2915.61011471989,1,10.060474395752,22.0480516249154,0.463528126478195,4502.7,3.49361344434572,0,"Van Swamp","Van Swamp","Van Swamp1",NA
217,10,1.49285714285714,0,15.9604177474976,4103.12524044201,1,9.06396675109863,23.4058593466172,0.403751999139786,4502.7,3.49361344434572,0,"Van Swamp","Van Swamp","Van Swamp1",NA
218,10,1.55108108108108,1,16.4533138275146,2941.17436970356,1,11.6216259002686,25.5956383781419,0.418627321720123,4502.7,3.49361344434572,0,"Van Swamp","Van Swamp","Van Swamp1",NA
219,10,1.2,1,16.2999992370605,1634.2369875448,1,8.9977216720581,25.0369412338386,0.456883043050766,4502.7,3.49361344434572,0,"Van Swamp","Van Swamp","Van Swamp1",NA
220,10,1.49148148148148,1,16.0022926330566,4210.22919541437,1,9.14309120178223,23.3144106798559,0.454460620880127,4502.7,3.49361344434572,0,"Van Swamp","Van Swamp","Van Swamp1",NA
221,10,1.502,0,16.2001533508301,4499.47253312597,1,8.256760597229,22.7288164883501,0.338692456483841,4502.7,3.49361344434572,0,"Van Swamp","Van Swamp","Van Swamp1",NA
222,10,1.50458333333333,0,16.0304851531982,2337.02420219695,1,10.7389535903931,25.8759036857078,0.41334193944931,4502.7,3.49361344434572,0,"Van Swamp","Van Swamp","Van Swamp1",NA
223,10,1.27375,1,16.103759765625,1121.92160491723,1,6.95710039138794,24.0767956889951,0.470064133405685,4502.7,3.49361344434572,0,"Van Swamp","Van Swamp","Van Swamp1",NA
224,10,1.57,1,15.9841890335083,2759.52786185377,1,10.2513151168823,24.4790056876418,0.440677732229233,4502.7,3.49361344434572,0,"Van Swamp","Van Swamp","Van Swamp1",NA
225,10,1.27375,1,16.4380474090576,1121.92160491723,1,6.94147300720215,23.295021889505,0.480662405490875,4502.7,3.49361344434572,0,"Van Swamp","Van Swamp","Van Swamp1",NA
226,10,1.40352941176471,1,16.4775886535645,1265.41577568064,1,5.3265872001648,23.3722252359249,0.55577552318573,4502.7,3.49361344434572,0,"Van Swamp","Van Swamp","Van Swamp1",NA
227,10,1.73,1,15.9912004470825,2703.44148846309,1,10.0425786972046,22.1550075089261,0.483574867248535,4502.7,3.49361344434572,0,"Van Swamp","Van Swamp","Van Swamp1",NA
228,10,1.523125,0,16.5990715026855,632.626351157772,1,10.338137626648,22.5962632767861,0.422803372144699,4502.7,3.49361344434572,0,"Van Swamp","Van Swamp","Van Swamp1",NA
229,10,1.56888888888889,0,16.7000007629395,2919.23897399316,1,11.6740236282349,21.2644296263968,0.482955187559128,4502.7,3.49361344434572,0,"Van Swamp","Van Swamp","Van Swamp1",NA
230,10,1.3125,1,16,4503.40106631638,1,9.73610687255859,24.917549131373,0.404661238193512,4502.7,3.49361344434572,0,"Van Swamp","Van Swamp","Van Swamp1",NA
231,10,1.55606060606061,1,16.0309047698975,3632.85135393484,1,11.600094795227,24.2612276135543,0.389969974756241,4329.45,-0.698713793966006,0,"Van Swamp","Van Swamp","Van Swamp1",NA
232,10,1.405,1,15.8999996185303,5737.36222798681,1,8.99675750732422,24.5978554044598,0.39735147356987,4502.7,3.49361344434572,0,"Van Swamp","Van Swamp","Van Swamp1",NA
233,10,1.5625,1,16.0824165344238,5653.18634466891,1,11.0188074111938,25.1075973328302,0.434495717287064,4502.7,3.49361344434572,0,"Van Swamp","Van Swamp","Van Swamp1",NA
234,10,1.41318181818182,1,16.1000003814697,5225.04684535923,1,7.06972122192383,23.6647523300429,0.460022419691086,4502.7,3.49361344434572,0,"Van Swamp","Van Swamp","Van Swamp1",NA
235,10,1.50458333333333,0,16.5008411407471,669.730639679865,1,11.3033170700073,23.4798208322339,0.458554863929749,4502.7,3.49361344434572,0,"Van Swamp","Van Swamp","Van Swamp1",NA
236,10,1.73,1,15.9013633728027,2703.44148846309,1,9.9486255645752,23.7156754927169,0.467801421880722,4502.7,3.49361344434572,0,"Van Swamp","Van Swamp","Van Swamp1",NA
237,10,1.2,1,16.0465965270996,1634.2369875448,1,9.27092170715332,24.7395915043872,0.448599010705948,4502.7,3.49361344434572,0,"Van Swamp","Van Swamp","Van Swamp1",NA
238,10,1.2,1,15.9542579650879,1634.2369875448,1,8.93326950073242,24.6706314299578,0.452291518449783,4502.7,3.49361344434572,0,"Van Swamp","Van Swamp","Van Swamp1",NA
239,10,1.405,1,15.8999996185303,5737.36222798681,1,8.98081874847412,24.1739483520596,0.456836313009262,4502.7,3.49361344434572,0,"Van Swamp","Van Swamp","Van Swamp1",NA
240,10,1.55818181818182,0,16.6822452545166,8575.75654305452,1,9.21112442016602,21.1463105649344,0.492083072662354,4502.7,3.49361344434572,0,"Van Swamp","Van Swamp","Van Swamp1",NA
241,10,1.521,0,16.0027084350586,1421.70344187019,1,11.020866394043,26.1484412377702,0.453393012285233,4502.7,3.49361344434572,0,"Van Swamp","Van Swamp","Van Swamp1",NA
242,10,1.55714285714286,0,16.6312255859375,8626.64308744612,1,11.2804365158081,22.1777277603682,0.498860955238342,4502.7,3.49361344434572,0,"Van Swamp","Van Swamp","Van Swamp1",NA
243,10,1.73,1,15.8341045379639,2703.44148846309,1,9.91813659667969,23.1600514325329,0.411612570285797,4502.7,3.49361344434572,0,"Van Swamp","Van Swamp","Van Swamp1",NA
244,10,1.55058823529412,1,16.1015357971191,5900.16924100987,1,11.2932424545288,25.6033191817164,0.437291830778122,4502.7,3.49361344434572,0,"Van Swamp","Van Swamp","Van Swamp1",NA
245,10,1.58315789473684,1,15.8997611999512,2995.19098913708,1,9.63479042053223,23.163081866757,0.428242087364197,4502.7,3.49361344434572,0,"Van Swamp","Van Swamp","Van Swamp1",NA
246,10,1.73,1,16.0523128509521,2703.44148846309,1,9.96684455871582,22.1556899942419,0.457430452108383,4502.7,3.49361344434572,0,"Van Swamp","Van Swamp","Van Swamp1",NA
247,10,1.73,1,15.7018585205078,2703.44148846309,1,9.81573867797852,22.8572578645391,0.467848777770996,4502.7,3.49361344434572,0,"Van Swamp","Van Swamp","Van Swamp1",NA
248,10,1.49285714285714,0,16.0271453857422,4103.12524044201,1,10.073037147522,23.6669540265299,0.458627492189407,4502.7,3.49361344434572,0,"Van Swamp","Van Swamp","Van Swamp1",NA
249,10,1.57333333333333,0,16.41064453125,467.256612298051,1,7.72339200973511,22.4345246826091,0.455628782510757,4502.7,3.49361344434572,0,"Van Swamp","Van Swamp","Van Swamp1",NA
250,10,1.65,1,16.2310066223145,2915.61011471989,1,9.79260063171387,22.3173578381232,0.453378856182098,4502.7,3.49361344434572,0,"Van Swamp","Van Swamp","Van Swamp1",NA
251,10,1.27375,1,16,1121.92160491723,1,8.73622798919678,23.5991694696775,0.454555213451385,4502.7,3.49361344434572,0,"Van Swamp","Van Swamp","Van Swamp1",NA
252,10,1.521,0,16,1421.70344187019,1,10.8255577087402,26.23298455534,0.484781175851822,4502.7,3.49361344434572,0,"Van Swamp","Van Swamp","Van Swamp1",NA
253,10,1.57074074074074,1,16.586051940918,3256.81570939249,1,11.0062093734741,22.0113229762005,0.448456674814224,4502.7,3.49361344434572,0,"Van Swamp","Van Swamp","Van Swamp1",NA
254,10,1.56259259259259,1,16.1847534179688,3586.82180222485,1,12.3460626602173,24.3944203930212,0.409007906913757,4329.45,-0.698713793966006,0,"Van Swamp","Van Swamp","Van Swamp1",NA
255,10,1.52925373134328,0,16.5255107879639,3623.77459136186,1,10.8685531616211,22.6506043233413,0.438774317502975,4502.7,3.49361344434572,0,"Van Swamp","Van Swamp","Van Swamp1",NA
256,10,1.49764705882353,0,16.3073024749756,996.452604839076,1,10.2331171035767,25.4842396743446,0.392534971237183,4502.7,3.49361344434572,0,"Van Swamp","Van Swamp","Van Swamp1",NA
257,10,1.2,1,16.1268901824951,1634.2369875448,1,9.10361576080322,24.7069885716981,0.45880588889122,4502.7,3.49361344434572,0,"Van Swamp","Van Swamp","Van Swamp1",NA
258,10,1.2,1,16.0642242431641,1634.2369875448,1,9.35190391540527,24.5818190522032,0.453483432531357,4502.7,3.49361344434572,0,"Van Swamp","Van Swamp","Van Swamp1",NA
259,10,1.24214285714286,1,15.9060888290405,2756.15859246203,1,7.99353551864624,24.216800618986,0.430408477783203,4502.7,3.49361344434572,0,"Van Swamp","Van Swamp","Van Swamp1",NA
260,10,1.405,1,16.0328578948975,5737.36222798681,1,9.00622272491455,24.4021275882166,0.462493270635605,4502.7,3.49361344434572,0,"Van Swamp","Van Swamp","Van Swamp1",NA
261,10,1.57,1,15.8799076080322,2759.52786185377,1,10.2003746032715,24.0009929660532,0.46386456489563,4502.7,3.49361344434572,0,"Van Swamp","Van Swamp","Van Swamp1",NA
262,10,1.73,1,15.8389320373535,2703.44148846309,1,9.88199710845947,22.576252415076,0.48934942483902,4502.7,3.49361344434572,0,"Van Swamp","Van Swamp","Van Swamp1",NA
263,10,1.6175,1,16.3917236328125,5535.52583624813,1,10.612208366394,21.6860772802026,0.450790762901306,4502.7,3.49361344434572,0,"Van Swamp","Van Swamp","Van Swamp1",NA
264,10,1.48357142857143,0,16.0967483520508,4179.85101694626,1,11.2506313323975,22.9840833764443,0.415854632854462,4502.7,3.49361344434572,0,"Van Swamp","Van Swamp","Van Swamp1",NA
265,10,1.50521739130435,0,16.0826530456543,1257.80298363469,1,10.2332000732422,25.8016866730201,0.393054068088531,4502.7,3.49361344434572,0,"Van Swamp","Van Swamp","Van Swamp1",NA
266,10,1.73,1,15.8693370819092,2703.44148846309,1,9.77505397796631,22.8960473649765,0.440086632966995,4502.7,3.49361344434572,0,"Van Swamp","Van Swamp","Van Swamp1",NA
267,10,1.56318181818182,1,16.2999992370605,3579.51205054347,1,13.1603307723999,24.2912306384238,0.395264863967896,4329.45,-0.698713793966006,0,"Van Swamp","Van Swamp","Van Swamp1",NA
268,10,1.43678571428571,1,16.2988662719727,5621.39413804319,1,8.28484153747559,22.6756992802976,0.369710713624954,4502.7,3.49361344434572,0,"Van Swamp","Van Swamp","Van Swamp1",NA
269,10,1.55866666666667,0,16.7000007629395,2919.55219816026,1,11.3664541244507,21.2540619622586,0.476233720779419,4502.7,3.49361344434572,0,"Van Swamp","Van Swamp","Van Swamp1",NA
270,10,1.521,0,16.5508041381836,507.080088120949,1,9.62442874908447,23.6459044368115,0.461248815059662,4502.7,3.49361344434572,0,"Van Swamp","Van Swamp","Van Swamp1",NA
271,10,1.2,1,16.199728012085,1634.2369875448,1,9.11380958557129,24.8308310800932,0.44690603017807,4502.7,3.49361344434572,0,"Van Swamp","Van Swamp","Van Swamp1",NA
272,10,1.5775,1,16.1800117492676,2857.54088383359,1,11.542631149292,25.194159284669,0.458667993545532,4502.7,3.49361344434572,0,"Van Swamp","Van Swamp","Van Swamp1",NA
273,10,1.56318181818182,1,16.3573627471924,2832.07873766578,1,13.2690048217773,24.6462526210193,0.415686279535294,4329.45,-0.698713793966006,0,"Van Swamp","Van Swamp","Van Swamp1",NA
274,10,1.454,1,16,6721.51996518883,1,10.4197902679443,23.6009034306718,0.405142724514008,4502.7,3.49361344434572,0,"Van Swamp","Van Swamp","Van Swamp1",NA
275,10,1.47333333333333,0,16.3787002563477,7994.71693335876,1,5.97438478469849,23.0747295242687,0.464702397584915,4502.7,3.49361344434572,0,"Van Swamp","Van Swamp","Van Swamp1",NA
276,10,1.49285714285714,0,15.9102573394775,4103.12524044201,1,9.05909633636475,23.7232307766762,0.452161818742752,4502.7,3.49361344434572,0,"Van Swamp","Van Swamp","Van Swamp1",NA
277,10,1.565,0,16.3999996185303,2842.04958679486,1,10.9963264465332,21.4901722335663,0.444543391466141,4502.7,3.49361344434572,0,"Van Swamp","Van Swamp","Van Swamp1",NA
278,10,1.405,1,16,5737.36222798681,1,9.09491634368896,24.1595496824297,0.461652308702469,4502.7,3.49361344434572,0,"Van Swamp","Van Swamp","Van Swamp1",NA
279,10,1.565,0,16.3722152709961,2842.04958679486,1,10.8650798797607,21.659329547975,0.421433657407761,4502.7,3.49361344434572,0,"Van Swamp","Van Swamp","Van Swamp1",NA
280,10,1.563,1,16.7000007629395,3084.11823361523,1,10.4411430358887,21.973262160447,0.429166585206985,4502.7,3.49361344434572,0,"Van Swamp","Van Swamp","Van Swamp1",NA
281,10,1.38214285714286,1,16.320930480957,1460.92994608927,1,8.7284984588623,23.9984608029692,0.463323712348938,4502.7,3.49361344434572,0,"Van Swamp","Van Swamp","Van Swamp1",NA
282,10,1.65,1,15.8641567230225,5462.96935031686,1,10.1727867126465,23.1889873403072,0.477474063634872,4502.7,3.49361344434572,0,"Van Swamp","Van Swamp","Van Swamp1",NA
283,10,1.41318181818182,1,16.2883930206299,1284.57215647614,1,9.33638381958008,23.5311833181881,0.419637024402618,4502.7,3.49361344434572,0,"Van Swamp","Van Swamp","Van Swamp1",NA
1,41.5185780045381,1.55357142857143,0,16.2166404724121,870.303014119243,0,13.2834701538086,23.6321407358067,0.39264440536499,4661.8,5.48935820327959,0,"Van Swamp","Van Swamp","Van Swamp1",NA
2,41.5185780045381,1.55857142857143,1,16.4999980926514,2989.9198685051,0,12.8565263748169,25.8777612724191,0.411068826913834,4502.7,3.49361344434572,0,"Van Swamp","Van Swamp","Van Swamp1",NA
3,41.5185780045381,1.25285714285714,1,15.91672706604,1799.9595778533,0,9.46411991119385,24.4269851862171,0.45991787314415,4502.7,3.49361344434572,0,"Van Swamp","Van Swamp","Van Swamp1",NA
4,41.5185780045381,1.56777777777778,1,16.0016174316406,2871.90836628825,0,10.5149965286255,24.67766518927,0.430451333522797,4502.7,3.49361344434572,0,"Van Swamp","Van Swamp","Van Swamp1",NA
5,41.5185780045381,1.54625,0,16.7000007629395,2922.20243203144,0,11.6916408538818,21.9387132708117,0.474051386117935,4502.7,3.49361344434572,0,"Van Swamp","Van Swamp","Van Swamp1",NA
6,41.5185780045381,1.27375,1,16.1036586761475,1121.92160491723,0,7.73723363876343,23.9407616842344,0.4745914041996,4502.7,3.49361344434572,0,"Van Swamp","Van Swamp","Van Swamp1",NA
7,41.5185780045381,1.49285714285714,0,16.1585998535156,4103.12524044201,0,8.32895565032959,23.2921256457739,0.412480503320694,4502.7,3.49361344434572,0,"Van Swamp","Van Swamp","Van Swamp1",NA
8,41.5185780045381,1.5775,1,15.9000587463379,3245.60238230637,0,10.5244989395142,23.8287833547097,0.426493227481842,4502.7,3.49361344434572,0,"Van Swamp","Van Swamp","Van Swamp1",NA
9,41.5185780045381,1.57,1,15.9114379882812,2759.52786185377,0,10.4935245513916,23.8392004368032,0.450987845659256,4502.7,3.49361344434572,0,"Van Swamp","Van Swamp","Van Swamp1",NA
10,41.5185780045381,1.56777777777778,1,16.2121639251709,2871.90836628825,0,11.6611909866333,25.0140985039704,0.42430305480957,4502.7,3.49361344434572,0,"Van Swamp","Van Swamp","Van Swamp1",NA
11,41.5185780045381,1.40103448275862,1,16.3999996185303,9393.48732663226,0,7.24012231826782,22.9894632804861,0.462594419717789,4502.7,3.49361344434572,0,"Van Swamp","Van Swamp","Van Swamp1",NA
12,41.5185780045381,1.49285714285714,0,16.1010589599609,915.32076032676,0,10.6564693450928,25.3986360231964,0.362037658691406,4502.7,3.49361344434572,0,"Van Swamp","Van Swamp","Van Swamp1",NA
13,41.5185780045381,1.5775,1,15.9766206741333,2857.54088383359,0,10.7687854766846,24.5210813358897,0.43574246764183,4502.7,3.49361344434572,0,"Van Swamp","Van Swamp","Van Swamp1",NA
14,41.5185780045381,1.2,1,15.9998035430908,1634.2369875448,0,8.80849838256836,24.6311030476581,0.460701048374176,4502.7,3.49361344434572,0,"Van Swamp","Van Swamp","Van Swamp1",NA
15,41.5185780045381,1.49764705882353,0,16.2642726898193,996.452604839076,0,10.4585256576538,24.9339969367916,0.381091207265854,4502.7,3.49361344434572,0,"Van Swamp","Van Swamp","Van Swamp1",NA
16,41.5185780045381,1.3675,1,15.8999996185303,6859.28383290403,0,8.87072086334229,24.166148501516,0.443378418684006,4502.7,3.49361344434572,0,"Van Swamp","Van Swamp","Van Swamp1",NA
17,41.5185780045381,1.24214285714286,1,16,2756.15859246203,0,9.37561416625977,24.4715780616183,0.454139828681946,4502.7,3.49361344434572,0,"Van Swamp","Van Swamp","Van Swamp1",NA
18,41.5185780045381,1.56318181818182,1,16.2999992370605,954.387765405975,0,14.3305168151855,23.9313419265357,0.346488833427429,4329.45,-0.698713793966006,0,"Van Swamp","Van Swamp","Van Swamp1",NA
19,41.5185780045381,1.2,1,16.0998706817627,1634.2369875448,0,9.32707214355469,24.8456828194232,0.427830517292023,4502.7,3.49361344434572,0,"Van Swamp","Van Swamp","Van Swamp1",NA
20,41.5185780045381,1.556,0,16.698974609375,2877.82114347129,0,11.09255027771,21.6984056688162,0.446213245391846,4502.7,3.49361344434572,0,"Van Swamp","Van Swamp","Van Swamp1",NA
21,41.5185780045381,1.65,1,15.9249773025513,5462.96935031686,0,10.0992517471313,23.9927945810958,0.451306939125061,4502.7,3.49361344434572,0,"Van Swamp","Van Swamp","Van Swamp1",NA
22,41.5185780045381,1.2,1,16.0182762145996,1634.2369875448,0,9.47165775299072,24.9257606219243,0.414418965578079,4502.7,3.49361344434572,0,"Van Swamp","Van Swamp","Van Swamp1",NA
23,41.5185780045381,1.45595238095238,1,16.4916763305664,1651.47492333391,0,10.3089179992676,22.999014655116,0.438772648572922,4502.7,3.49361344434572,0,"Van Swamp","Van Swamp","Van Swamp1",NA
24,41.5185780045381,1.57,1,15.8999996185303,2759.52786185377,0,10.4015493392944,24.2337783378244,0.448164492845535,4502.7,3.49361344434572,0,"Van Swamp","Van Swamp","Van Swamp1",NA
25,41.5185780045381,1.49285714285714,0,15.9937000274658,4103.12524044201,0,9.18975448608398,23.2383947836182,0.446013867855072,4502.7,3.49361344434572,0,"Van Swamp","Van Swamp","Van Swamp1",NA
26,41.5185780045381,1.43307692307692,1,16.0482082366943,2585.21192595258,0,10.3965692520142,24.0442084750874,0.400682955980301,4502.7,3.49361344434572,0,"Van Swamp","Van Swamp","Van Swamp1",NA
27,41.5185780045381,1.41318181818182,1,15.9657583236694,5225.04684535923,0,7.68488931655884,24.0246895182751,0.464008957147598,4502.7,3.49361344434572,0,"Van Swamp","Van Swamp","Van Swamp1",NA
28,41.5185780045381,1.55115384615385,0,16.3999996185303,266.287798829604,0,14.0292634963989,25.0049899843306,0.399712532758713,4329.45,-0.698713793966006,0,"Van Swamp","Van Swamp","Van Swamp1",NA
29,41.5185780045381,1.405,1,16,2549.55774787156,0,9.89430236816406,25.4113154493854,0.394461184740067,4502.7,3.49361344434572,0,"Van Swamp","Van Swamp","Van Swamp1",NA
30,41.5185780045381,1.56318181818182,1,16.2997798919678,872.441119341883,0,14.0980434417725,24.0866285282591,0.361292034387589,4329.45,-0.698713793966006,0,"Van Swamp","Van Swamp","Van Swamp1",NA
31,41.5185780045381,1.25285714285714,1,16,1799.9595778533,0,9.55175971984863,24.8581361111327,0.414406925439835,4502.7,3.49361344434572,0,"Van Swamp","Van Swamp","Van Swamp1",NA
32,41.5185780045381,1.47333333333333,0,16.3999977111816,7994.71693335876,0,6.09332227706909,22.7060574779083,0.463596045970917,4502.7,3.49361344434572,0,"Van Swamp","Van Swamp","Van Swamp1",NA
33,41.5185780045381,1.65,1,15.8999996185303,5462.96935031686,0,10.4010896682739,23.5085047552688,0.456607460975647,4502.7,3.49361344434572,0,"Van Swamp","Van Swamp","Van Swamp1",NA
34,41.5185780045381,1.49166666666667,0,16.1756000518799,4175.75059865611,0,10.6690244674683,23.1077282593463,0.407451570034027,4502.7,3.49361344434572,0,"Van Swamp","Van Swamp","Van Swamp1",NA
35,41.5185780045381,1.5775,1,16.2842750549316,3044.25297404185,0,10.0386371612549,21.9796919120117,0.437262564897537,4502.7,3.49361344434572,0,"Van Swamp","Van Swamp","Van Swamp1",NA
36,41.5185780045381,1.73,1,15.9924325942993,2703.44148846309,0,9.80166721343994,24.4496570171741,0.449026048183441,4502.7,3.49361344434572,0,"Van Swamp","Van Swamp","Van Swamp1",NA
37,41.5185780045381,1.405,1,16,2549.55774787156,0,9.70950794219971,25.165190567274,0.407400131225586,4502.7,3.49361344434572,0,"Van Swamp","Van Swamp","Van Swamp1",NA
38,41.5185780045381,1.73,1,15.8999996185303,2703.44148846309,0,9.96520519256592,22.3409655081399,0.492202341556549,4502.7,3.49361344434572,0,"Van Swamp","Van Swamp","Van Swamp1",NA
39,41.5185780045381,1.65,1,15.993221282959,5462.96935031686,0,10.0116729736328,24.0084854194346,0.458290755748749,4502.7,3.49361344434572,0,"Van Swamp","Van Swamp","Van Swamp1",NA
40,41.5185780045381,1.5775,1,16,2857.54088383359,0,11.1873073577881,24.5850695568804,0.416333884000778,4502.7,3.49361344434572,0,"Van Swamp","Van Swamp","Van Swamp1",NA
41,41.5185780045381,1.405,1,16.2057209014893,2549.55774787156,0,9.21154022216797,24.7855101851302,0.410435974597931,4502.7,3.49361344434572,0,"Van Swamp","Van Swamp","Van Swamp1",NA
42,41.5185780045381,1.52333333333333,0,16.3998184204102,396.347292683959,0,8.3338451385498,22.3330585783006,0.384253114461899,4502.7,3.49361344434572,0,"Van Swamp","Van Swamp","Van Swamp1",NA
43,41.5185780045381,1.52272727272727,0,16.7000007629395,3332.05673499261,0,11.2340898513794,22.4194104614928,0.421221375465393,4502.7,3.49361344434572,0,"Van Swamp","Van Swamp","Van Swamp1",NA
44,41.5185780045381,1.49166666666667,0,16.0688629150391,4176.06263560742,0,10.9876270294189,23.1736182683152,0.386256456375122,4502.7,3.49361344434572,0,"Van Swamp","Van Swamp","Van Swamp1",NA
45,41.5185780045381,1.572,1,15.9910802841187,2884.7452994522,0,9.71537494659424,24.4092346944858,0.478051751852036,4502.7,3.49361344434572,0,"Van Swamp","Van Swamp","Van Swamp1",NA
46,41.5185780045381,1.73,1,15.8280878067017,2703.44148846309,0,9.62201023101807,23.1296273381949,0.426661610603333,4502.7,3.49361344434572,0,"Van Swamp","Van Swamp","Van Swamp1",NA
47,41.5185780045381,1.48846153846154,1,15.977783203125,3904.9439677975,0,9.23973941802979,23.6420631079712,0.447640985250473,4502.7,3.49361344434572,0,"Van Swamp","Van Swamp","Van Swamp1",NA
48,41.5185780045381,1.575,1,15.9583425521851,291.749500673993,0,9.78264808654785,22.6249406199367,0.461256235837936,4502.7,3.49361344434572,0,"Van Swamp","Van Swamp","Van Swamp1",NA
49,41.5185780045381,1.56137931034483,1,16.4857845306396,5670.62580783356,0,11.7289953231812,25.7566515668921,0.405932545661926,4502.7,3.49361344434572,0,"Van Swamp","Van Swamp","Van Swamp1",NA
50,41.5185780045381,1.572,1,15.8807983398438,2884.7452994522,0,9.64390659332275,23.8430764140095,0.479994297027588,4502.7,3.49361344434572,0,"Van Swamp","Van Swamp","Van Swamp1",NA
51,41.5185780045381,1.49882352941176,0,16.4264183044434,529.553318416686,0,11.01158618927,23.0867514780307,0.4095638692379,4502.7,3.49361344434572,0,"Van Swamp","Van Swamp","Van Swamp1",NA
52,41.5185780045381,1.57333333333333,0,16.5610389709473,2890.9630557799,0,11.3645601272583,21.5666465403727,0.48107972741127,4502.7,3.49361344434572,0,"Van Swamp","Van Swamp","Van Swamp1",NA
53,41.5185780045381,1.54454545454545,1,15.9945888519287,3299.61994014475,0,11.5779275894165,23.6454512534979,0.37479567527771,4661.8,5.48935820327959,0,"Van Swamp","Van Swamp","Van Swamp1",NA
54,41.5185780045381,1.49285714285714,0,16,4103.12524044201,0,9.27958011627197,23.7160932910637,0.489802330732346,4502.7,3.49361344434572,0,"Van Swamp","Van Swamp","Van Swamp1",NA
55,41.5185780045381,1.50458333333333,0,16.0747108459473,2337.02420219695,0,10.8595037460327,25.677102775515,0.435051947832108,4502.7,3.49361344434572,0,"Van Swamp","Van Swamp","Van Swamp1",NA
56,41.5185780045381,1.73,1,15.8000001907349,2703.44148846309,0,9.71195030212402,23.4736758377967,0.432014405727386,4502.7,3.49361344434572,0,"Van Swamp","Van Swamp","Van Swamp1",NA
57,41.5185780045381,1.503,0,16,1176.67113912238,0,10.5004453659058,25.6051638574188,0.410637646913528,4502.7,3.49361344434572,0,"Van Swamp","Van Swamp","Van Swamp1",NA
58,41.5185780045381,1.521,0,16.553316116333,507.080088120949,0,10.2922372817993,23.1682202846937,0.405560433864594,4502.7,3.49361344434572,0,"Van Swamp","Van Swamp","Van Swamp1",NA
59,41.5185780045381,1.42291666666667,1,16.2321128845215,2812.73059926598,0,11.4038982391357,23.6733155587601,0.395336836576462,4502.7,3.49361344434572,0,"Van Swamp","Van Swamp","Van Swamp1",NA
60,41.5185780045381,1.57333333333333,0,16.508171081543,2890.9630557799,0,11.2499752044678,21.6723281421853,0.489656925201416,4502.7,3.49361344434572,0,"Van Swamp","Van Swamp","Van Swamp1",NA
61,41.5185780045381,1.521,0,16.2000007629395,1241.37467366341,0,11.2219867706299,26.1046907673027,0.42427721619606,4502.7,3.49361344434572,0,"Van Swamp","Van Swamp","Van Swamp1",NA
62,41.5185780045381,1.55521739130435,0,16.3950805664062,159.391020561321,0,14.1409215927124,25.3969330161702,0.438606381416321,4329.45,-0.698713793966006,0,"Van Swamp","Van Swamp","Van Swamp1",NA
63,41.5185780045381,1.55137931034483,1,16.3199043273926,3724.27428057039,0,13.5709295272827,24.5384939746746,0.40092146396637,4329.45,-0.698713793966006,0,"Van Swamp","Van Swamp","Van Swamp1",NA
64,41.5185780045381,1.573,1,16.125509262085,5595.62647563516,0,10.261079788208,21.7866335587482,0.487917810678482,4502.7,3.49361344434572,0,"Van Swamp","Van Swamp","Van Swamp1",NA
65,41.5185780045381,1.405,1,16.1000003814697,5737.36222798681,0,9.31134033203125,24.3286238101161,0.448766976594925,4502.7,3.49361344434572,0,"Van Swamp","Van Swamp","Van Swamp1",NA
66,41.5185780045381,1.293125,1,15.9308795928955,5625.32267123361,0,9.38310623168945,24.3254955239323,0.456728607416153,4502.7,3.49361344434572,0,"Van Swamp","Van Swamp","Van Swamp1",NA
67,41.5185780045381,1.56777777777778,1,16.2091770172119,2871.90836628825,0,11.4938259124756,24.8981584647588,0.415740042924881,4502.7,3.49361344434572,0,"Van Swamp","Van Swamp","Van Swamp1",NA
68,41.5185780045381,1.405,1,16,5737.36222798681,0,8.96112537384033,24.5089762327167,0.45428404211998,4502.7,3.49361344434572,0,"Van Swamp","Van Swamp","Van Swamp1",NA
69,41.5185780045381,1.42,1,16.1003341674805,2630.68959238387,0,9.55224132537842,24.6148216410608,0.417578786611557,4502.7,3.49361344434572,0,"Van Swamp","Van Swamp","Van Swamp1",NA
70,41.5185780045381,1.49285714285714,0,16.2000007629395,4103.12524044201,0,10.3943901062012,23.4619419690521,0.38530695438385,4502.7,3.49361344434572,0,"Van Swamp","Van Swamp","Van Swamp1",NA
71,41.5185780045381,1.405,1,16.1217861175537,2549.55774787156,0,9.30007457733154,24.9718751130184,0.422314047813416,4502.7,3.49361344434572,0,"Van Swamp","Van Swamp","Van Swamp1",NA
72,41.5185780045381,1.36571428571429,1,16.3999996185303,8921.12436786736,0,5.36763572692871,23.5100054364094,0.532599091529846,4502.7,3.49361344434572,0,"Van Swamp","Van Swamp","Van Swamp1",NA
73,41.5185780045381,1.405,1,16.0892772674561,5737.36222798681,0,10.4134197235107,22.8303908481387,0.404393166303635,4502.7,3.49361344434572,0,"Van Swamp","Van Swamp","Van Swamp1",NA
74,41.5185780045381,1.58315789473684,1,15.9690837860107,2995.19098913708,0,9.68693733215332,22.6952754829997,0.460406243801117,4502.7,3.49361344434572,0,"Van Swamp","Van Swamp","Van Swamp1",NA
75,41.5185780045381,1.56294117647059,1,16.027364730835,5805.96211151927,0,10.3202123641968,24.9608791984024,0.42820930480957,4502.7,3.49361344434572,0,"Van Swamp","Van Swamp","Van Swamp1",NA
76,41.5185780045381,1.73,1,15.8325109481812,2703.44148846309,0,9.69312572479248,23.6366417684017,0.436280637979507,4502.7,3.49361344434572,0,"Van Swamp","Van Swamp","Van Swamp1",NA
77,41.5185780045381,1.57944444444444,1,16.0479965209961,3167.88846491434,0,9.44532871246338,23.1188959847763,0.454686105251312,4502.7,3.49361344434572,0,"Van Swamp","Van Swamp","Van Swamp1",NA
78,41.5185780045381,1.43307692307692,1,16.1645164489746,2585.21192595258,0,11.0948219299316,24.2860943208419,0.419618993997574,4502.7,3.49361344434572,0,"Van Swamp","Van Swamp","Van Swamp1",NA
79,41.5185780045381,1.405,1,15.899998664856,5737.36222798681,0,9.05083274841309,24.1532955443429,0.444181382656097,4502.7,3.49361344434572,0,"Van Swamp","Van Swamp","Van Swamp1",NA
80,41.5185780045381,1.44117647058824,1,16.1043453216553,6652.68298831357,0,9.54666137695312,24.0824086673692,0.42867785692215,4502.7,3.49361344434572,0,"Van Swamp","Van Swamp","Van Swamp1",NA
81,41.5185780045381,1.41318181818182,1,16.055154800415,5225.04684535923,0,7.74067735671997,23.7342728357273,0.451129049062729,4502.7,3.49361344434572,0,"Van Swamp","Van Swamp","Van Swamp1",NA
82,41.5185780045381,1.521,0,16.5995998382568,507.080088120949,0,9.86700916290283,23.1878631790196,0.418217688798904,4502.7,3.49361344434572,0,"Van Swamp","Van Swamp","Van Swamp1",NA
83,41.5185780045381,1.521,0,16.1964912414551,1421.70344187019,0,10.9843339920044,26.2795633302555,0.458051532506943,4502.7,3.49361344434572,0,"Van Swamp","Van Swamp","Van Swamp1",NA
84,41.5185780045381,1.57090909090909,0,16.5351619720459,2926.73461245633,0,11.3956995010376,21.9916062834842,0.496145874261856,4502.7,3.49361344434572,0,"Van Swamp","Van Swamp","Van Swamp1",NA
85,41.5185780045381,1.49285714285714,0,15.9011106491089,4103.12524044201,0,9.07454872131348,23.7503669325958,0.44377189874649,4502.7,3.49361344434572,0,"Van Swamp","Van Swamp","Van Swamp1",NA
86,41.5185780045381,1.38352941176471,1,16.1706104278564,1905.04479180328,0,10.8525009155273,23.1633550963093,0.434547990560532,4502.7,3.49361344434572,0,"Van Swamp","Van Swamp","Van Swamp1",NA
87,41.5185780045381,1.454,1,16.0884742736816,6721.51996518883,0,10.3430109024048,23.4823800153907,0.431775569915771,4502.7,3.49361344434572,0,"Van Swamp","Van Swamp","Van Swamp1",NA
88,41.5185780045381,1.572,1,15.8999996185303,2884.7452994522,0,9.88357734680176,23.9776940500447,0.466549932956696,4502.7,3.49361344434572,0,"Van Swamp","Van Swamp","Van Swamp1",NA
89,41.5185780045381,1.556,0,16.6999988555908,2924.59156057293,0,11.5474166870117,21.5554668275447,0.462757706642151,4502.7,3.49361344434572,0,"Van Swamp","Van Swamp","Van Swamp1",NA
90,41.5185780045381,1.56551724137931,0,16.550573348999,3091.53094682378,0,10.5610971450806,22.4989692675279,0.496042937040329,4502.7,3.49361344434572,0,"Van Swamp","Van Swamp","Van Swamp1",NA
91,41.5185780045381,1.42291666666667,1,16.1530590057373,6000.53507938123,0,10.3024768829346,22.8569892731053,0.414390623569489,4502.7,3.49361344434572,0,"Van Swamp","Van Swamp","Van Swamp1",NA
92,41.5185780045381,1.57571428571429,1,16.2922039031982,3216.95044981911,0,9.78053283691406,22.5558693205193,0.41390922665596,4502.7,3.49361344434572,0,"Van Swamp","Van Swamp","Van Swamp1",NA
93,41.5185780045381,1.73,1,15.8999996185303,2703.44148846309,0,9.78661346435547,22.625146919589,0.470403760671616,4502.7,3.49361344434572,0,"Van Swamp","Van Swamp","Van Swamp1",NA
94,41.5185780045381,1.535625,1,16.3002815246582,2927.06747319571,0,12.065333366394,25.371665639164,0.402886807918549,4502.7,3.49361344434572,0,"Van Swamp","Van Swamp","Van Swamp1",NA
95,41.5185780045381,1.57833333333333,1,16.1000003814697,2736.19765327921,0,10.0192918777466,22.0183922777817,0.499170988798141,4502.7,3.49361344434572,0,"Van Swamp","Van Swamp","Van Swamp1",NA
96,41.5185780045381,1.49285714285714,0,16.0741481781006,4103.12524044201,0,10.0931606292725,23.3031537204847,0.42522594332695,4502.7,3.49361344434572,0,"Van Swamp","Van Swamp","Van Swamp1",NA
97,41.5185780045381,1.49764705882353,0,16.1000003814697,996.452604839076,0,10.0399389266968,24.5703147503414,0.387558877468109,4502.7,3.49361344434572,0,"Van Swamp","Van Swamp","Van Swamp1",NA
98,41.5185780045381,1.4375,1,16.4999980926514,1623.58049764818,0,8.60067653656006,23.6886167586567,0.454465121030807,4502.7,3.49361344434572,0,"Van Swamp","Van Swamp","Van Swamp1",NA
99,41.5185780045381,1.3675,1,15.9259119033813,6859.28383290403,0,8.01093673706055,24.2719645631437,0.465870827436447,4502.7,3.49361344434572,0,"Van Swamp","Van Swamp","Van Swamp1",NA
100,41.5185780045381,1.65,1,15.8000001907349,5462.96935031686,0,10.0759601593018,23.524492694209,0.494087666273117,4502.7,3.49361344434572,0,"Van Swamp","Van Swamp","Van Swamp1",NA
101,41.5185780045381,1.73,1,15.8995361328125,2703.44148846309,0,9.65743064880371,23.7550379923748,0.427478194236755,4502.7,3.49361344434572,0,"Van Swamp","Van Swamp","Van Swamp1",NA
102,41.5185780045381,1.65,1,16.1000003814697,2915.61011471989,0,9.90220355987549,22.2857045622453,0.470195770263672,4502.7,3.49361344434572,0,"Van Swamp","Van Swamp","Van Swamp1",NA
103,41.5185780045381,1.56888888888889,0,16.4978637695312,2916.90743746923,0,11.4662284851074,21.3172787401643,0.453361868858337,4502.7,3.49361344434572,0,"Van Swamp","Van Swamp","Van Swamp1",NA
104,41.5185780045381,1.55085714285714,0,16.6753616333008,8671.82821646959,0,11.3373918533325,21.9688773302224,0.484912246465683,4502.7,3.49361344434572,0,"Van Swamp","Van Swamp","Van Swamp1",NA
105,41.5185780045381,1.521,0,16,1421.70344187019,0,10.8018598556519,25.9738487459787,0.459767162799835,4502.7,3.49361344434572,0,"Van Swamp","Van Swamp","Van Swamp1",NA
106,41.5185780045381,1.24214285714286,1,16,2756.15859246203,0,9.19533824920654,24.1904092546329,0.454915642738342,4502.7,3.49361344434572,0,"Van Swamp","Van Swamp","Van Swamp1",NA
107,41.5185780045381,1.4204,1,16.3728256225586,5297.14110959859,0,7.3169641494751,23.0575079339904,0.481746941804886,4502.7,3.49361344434572,0,"Van Swamp","Van Swamp","Van Swamp1",NA
108,41.5185780045381,1.49705882352941,0,15.9940137863159,4226.72791347592,0,9.19650459289551,23.485400752046,0.451268881559372,4502.7,3.49361344434572,0,"Van Swamp","Van Swamp","Van Swamp1",NA
109,41.5185780045381,1.5125,0,16.1856746673584,1160.35306307458,0,11.4420461654663,25.9497533210074,0.449549078941345,4502.7,3.49361344434572,0,"Van Swamp","Van Swamp","Van Swamp1",NA
110,41.5185780045381,1.41318181818182,1,16.189811706543,5225.04684535923,0,7.35047674179077,23.2105622738252,0.443438947200775,4502.7,3.49361344434572,0,"Van Swamp","Van Swamp","Van Swamp1",NA
111,41.5185780045381,1.44117647058824,1,16.0746803283691,6652.68298831357,0,9.58697032928467,24.0716414318972,0.448098093271255,4502.7,3.49361344434572,0,"Van Swamp","Van Swamp","Van Swamp1",NA
112,41.5185780045381,1.55666666666667,0,16.2980442047119,421.590721271876,0,9.13063335418701,22.3254681502534,0.384535223245621,4502.7,3.49361344434572,0,"Van Swamp","Van Swamp","Van Swamp1",NA
113,41.5185780045381,1.50733333333333,1,16.5994243621826,1064.76839273351,0,8.47825527191162,23.3297396494596,0.463783532381058,4502.7,3.49361344434572,0,"Van Swamp","Van Swamp","Van Swamp1",NA
114,41.5185780045381,1.405,1,15.9681434631348,5737.36222798681,0,8.96406650543213,24.3564466250808,0.452785342931747,4502.7,3.49361344434572,0,"Van Swamp","Van Swamp","Van Swamp1",NA
115,41.5185780045381,1.49705882352941,0,16,4226.72791347592,0,9.94310474395752,23.364701837503,0.427473098039627,4502.7,3.49361344434572,0,"Van Swamp","Van Swamp","Van Swamp1",NA
116,41.5185780045381,1.523125,0,16.0639591217041,1499.53993178777,0,11.5024194717407,25.5790876157098,0.408217430114746,4502.7,3.49361344434572,0,"Van Swamp","Van Swamp","Van Swamp1",NA
117,41.5185780045381,1.24214285714286,1,16.0606269836426,2756.15859246203,0,7.84335041046143,24.454589699121,0.489906370639801,4502.7,3.49361344434572,0,"Van Swamp","Van Swamp","Van Swamp1",NA
118,41.5185780045381,1.5,1,16.4000015258789,8760.17970819261,0,5.93138360977173,23.2796556994101,0.511335551738739,4502.7,3.49361344434572,0,"Van Swamp","Van Swamp","Van Swamp1",NA
119,41.5185780045381,1.3675,1,15.8999996185303,6859.28383290403,0,8.87887287139893,23.815687249465,0.408017575740814,4502.7,3.49361344434572,0,"Van Swamp","Van Swamp","Van Swamp1",NA
120,41.5185780045381,1.2,1,16.1368427276611,1634.2369875448,0,8.93222045898438,25.1070662831365,0.470058590173721,4502.7,3.49361344434572,0,"Van Swamp","Van Swamp","Van Swamp1",NA
121,41.5185780045381,1.24214285714286,1,16,2756.15859246203,0,8.70825862884521,24.0894104122303,0.461901038885117,4502.7,3.49361344434572,0,"Van Swamp","Van Swamp","Van Swamp1",NA
122,41.5185780045381,1.57,1,15.9069700241089,2759.52786185377,0,10.5267086029053,24.0719225333908,0.447879284620285,4502.7,3.49361344434572,0,"Van Swamp","Van Swamp","Van Swamp1",NA
123,41.5185780045381,1.43307692307692,1,16,2810.90812666717,0,10.5816669464111,25.44851878409,0.411698788404465,4502.7,3.49361344434572,0,"Van Swamp","Van Swamp","Van Swamp1",NA
124,41.5185780045381,1.52666666666667,0,16.4381542205811,339.186868713191,0,12.3420124053955,26.0059467231229,0.434393614530563,4502.7,3.49361344434572,0,"Van Swamp","Van Swamp","Van Swamp1",NA
125,41.5185780045381,1.27375,1,16.3739452362061,1121.92160491723,0,7.19234371185303,24.1195570696399,0.468489050865173,4502.7,3.49361344434572,0,"Van Swamp","Van Swamp","Van Swamp1",NA
126,41.5185780045381,1.54833333333333,0,16.5253486633301,8626.07680757172,0,9.02660369873047,21.5395716367901,0.484957247972488,4502.7,3.49361344434572,0,"Van Swamp","Van Swamp","Van Swamp1",NA
127,41.5185780045381,1.503,0,16.565450668335,501.658892730958,0,11.0944662094116,23.2416545092926,0.427518129348755,4502.7,3.49361344434572,0,"Van Swamp","Van Swamp","Van Swamp1",NA
128,41.5185780045381,1.503,0,16,950.97493840778,0,10.5678119659424,24.5049280588783,0.378541201353073,4502.7,3.49361344434572,0,"Van Swamp","Van Swamp","Van Swamp1",NA
129,41.5185780045381,1.405,1,16.0892448425293,5737.36222798681,0,10.2224445343018,23.7123705147334,0.41488915681839,4502.7,3.49361344434572,0,"Van Swamp","Van Swamp","Van Swamp1",NA
130,41.5185780045381,1.3245,1,16.5,1594.77515059208,0,8.1806116104126,23.8385229774621,0.47443899512291,4502.7,3.49361344434572,0,"Van Swamp","Van Swamp","Van Swamp1",NA
131,41.5185780045381,1.2,1,16,1634.2369875448,0,8.94704723358154,24.4303649485842,0.458189159631729,4502.7,3.49361344434572,0,"Van Swamp","Van Swamp","Van Swamp1",NA
132,41.5185780045381,1.56318181818182,1,16.3093204498291,2832.07873766578,0,13.0837001800537,24.8128465664731,0.425730347633362,4329.45,-0.698713793966006,0,"Van Swamp","Van Swamp","Van Swamp1",NA
133,41.5185780045381,1.49172413793103,1,16.2951755523682,4039.87673719612,0,9.38910007476807,22.9575200744069,0.45677837729454,4502.7,3.49361344434572,0,"Van Swamp","Van Swamp","Van Swamp1",NA
134,41.5185780045381,1.52222222222222,1,16.3999996185303,8779.72649899595,0,5.69672060012817,23.5686683798155,0.501510620117188,4502.7,3.49361344434572,0,"Van Swamp","Van Swamp","Van Swamp1",NA
135,41.5185780045381,1.41318181818182,1,16.311393737793,1284.57215647614,0,7.81730318069458,23.8286931987084,0.4660704433918,4502.7,3.49361344434572,0,"Van Swamp","Van Swamp","Van Swamp1",NA
136,41.5185780045381,1.5775,1,16.0607681274414,2857.54088383359,0,11.465781211853,25.2901891009557,0.456320971250534,4502.7,3.49361344434572,0,"Van Swamp","Van Swamp","Van Swamp1",NA
137,41.5185780045381,1.2,1,16.2999992370605,1634.2369875448,0,9.04659748077393,25.2648860510438,0.409132421016693,4502.7,3.49361344434572,0,"Van Swamp","Van Swamp","Van Swamp1",NA
138,41.5185780045381,1.49764705882353,0,16.3999996185303,996.452604839076,0,9.92990875244141,25.3915200986775,0.3987977206707,4502.7,3.49361344434572,0,"Van Swamp","Van Swamp","Van Swamp1",NA
139,41.5185780045381,1.46235294117647,1,16.0013370513916,5757.90869535633,0,10.5436992645264,25.0847639516157,0.40816131234169,4502.7,3.49361344434572,0,"Van Swamp","Van Swamp","Van Swamp1",NA
140,41.5185780045381,1.521,0,16.5955543518066,507.080088120949,0,10.4825105667114,23.5331959902881,0.479865461587906,4502.7,3.49361344434572,0,"Van Swamp","Van Swamp","Van Swamp1",NA
141,41.5185780045381,1.65,1,16,5462.96935031686,0,9.99058246612549,24.4804638169008,0.450622171163559,4502.7,3.49361344434572,0,"Van Swamp","Van Swamp","Van Swamp1",NA
142,41.5185780045381,1.24214285714286,1,15.963583946228,2756.15859246203,0,8.4992847442627,24.1153326515928,0.46314811706543,4502.7,3.49361344434572,0,"Van Swamp","Van Swamp","Van Swamp1",NA
143,41.5185780045381,1.24214285714286,1,15.9607877731323,2756.15859246203,0,9.38162708282471,24.0642161314271,0.465927869081497,4502.7,3.49361344434572,0,"Van Swamp","Van Swamp","Van Swamp1",NA
144,41.5185780045381,1.56230769230769,0,16.3824100494385,154.390986092532,0,13.729790687561,25.6335179730527,0.449517846107483,4502.7,3.49361344434572,0,"Van Swamp","Van Swamp","Van Swamp1",NA
145,41.5185780045381,1.73,1,15.9985580444336,2703.44148846309,0,9.8924674987793,22.4600407207129,0.464284002780914,4502.7,3.49361344434572,0,"Van Swamp","Van Swamp","Van Swamp1",NA
146,41.5185780045381,1.55,1,16.28297996521,2877.0709180665,0,11.6673126220703,24.9430529439498,0.407247185707092,4502.7,3.49361344434572,0,"Van Swamp","Van Swamp","Van Swamp1",NA
147,41.5185780045381,1.27375,1,16.3819313049316,1121.92160491723,0,6.75309038162231,23.5663567488648,0.458823710680008,4502.7,3.49361344434572,0,"Van Swamp","Van Swamp","Van Swamp1",NA
148,41.5185780045381,1.73,1,15.8712863922119,2703.44148846309,0,10.0755615234375,22.6580870120371,0.49866595864296,4502.7,3.49361344434572,0,"Van Swamp","Van Swamp","Van Swamp1",NA
149,41.5185780045381,1.73,1,15.737907409668,2703.44148846309,0,10.0757970809937,23.4286047334584,0.458449840545654,4502.7,3.49361344434572,0,"Van Swamp","Van Swamp","Van Swamp1",NA
150,41.5185780045381,1.405,1,16.157018661499,5737.36222798681,0,10.1805753707886,23.7940429865986,0.438119441270828,4502.7,3.49361344434572,0,"Van Swamp","Van Swamp","Van Swamp1",NA
151,41.5185780045381,1.2,1,15.9105825424194,1634.2369875448,0,8.7840051651001,24.6039668148093,0.415046632289886,4502.7,3.49361344434572,0,"Van Swamp","Van Swamp","Van Swamp1",NA
152,41.5185780045381,1.27375,1,16.0861015319824,1121.92160491723,0,9.07658004760742,23.4743517717399,0.453555673360825,4502.7,3.49361344434572,0,"Van Swamp","Van Swamp","Van Swamp1",NA
153,41.5185780045381,1.3125,1,15.9000005722046,4503.40106631638,0,9.64759731292725,24.0729088654917,0.457998394966125,4502.7,3.49361344434572,0,"Van Swamp","Van Swamp","Van Swamp1",NA
154,41.5185780045381,1.46961538461538,1,16.3999996185303,1661.27248145464,0,7.93185806274414,22.591097116095,0.457216680049896,4502.7,3.49361344434572,0,"Van Swamp","Van Swamp","Van Swamp1",NA
155,41.5185780045381,1.51941176470588,0,16.6265525817871,3602.79552226569,0,10.7975234985352,22.4747285733855,0.421932518482208,4502.7,3.49361344434572,0,"Van Swamp","Van Swamp","Van Swamp1",NA
156,41.5185780045381,1.73,1,15.71360206604,2703.44148846309,0,9.96836185455322,23.2199873830741,0.431848794221878,4502.7,3.49361344434572,0,"Van Swamp","Van Swamp","Van Swamp1",NA
157,41.5185780045381,1.405,1,16.0485954284668,2549.55774787156,0,9.69294738769531,25.2708038431911,0.401462465524673,4502.7,3.49361344434572,0,"Van Swamp","Van Swamp","Van Swamp1",NA
158,41.5185780045381,1.49285714285714,0,16.2000007629395,4103.12524044201,0,8.57482719421387,22.8954271724876,0.328941196203232,4502.7,3.49361344434572,0,"Van Swamp","Van Swamp","Van Swamp1",NA
159,41.5185780045381,1.25285714285714,1,16,1799.9595778533,0,9.53819847106934,24.6149661334261,0.454288154840469,4502.7,3.49361344434572,0,"Van Swamp","Van Swamp","Van Swamp1",NA
160,41.5185780045381,1.73,1,15.8000011444092,2703.44148846309,0,10.1507015228271,22.8659370950697,0.490284323692322,4502.7,3.49361344434572,0,"Van Swamp","Van Swamp","Van Swamp1",NA
161,41.5185780045381,1.56771929824561,0,16.5,8618.25161659644,0,8.1518611907959,21.2642802076787,0.535707533359528,4502.7,3.49361344434572,0,"Van Swamp","Van Swamp","Van Swamp1",NA
162,41.5185780045381,1.24214285714286,1,15.9048194885254,2756.15859246203,0,8.54218196868896,24.5323056873036,0.414453953504562,4502.7,3.49361344434572,0,"Van Swamp","Van Swamp","Van Swamp1",NA
163,41.5185780045381,1.56777777777778,1,16,2871.90836628825,0,10.7089834213257,24.8356307888617,0.43772628903389,4502.7,3.49361344434572,0,"Van Swamp","Van Swamp","Van Swamp1",NA
164,41.5185780045381,1.73,1,15.8724727630615,2703.44148846309,0,9.89975833892822,22.8612437544276,0.449903398752213,4502.7,3.49361344434572,0,"Van Swamp","Van Swamp","Van Swamp1",NA
165,41.5185780045381,1.49285714285714,0,15.989800453186,4103.12524044201,0,9.07749366760254,23.4044323408105,0.451091110706329,4502.7,3.49361344434572,0,"Van Swamp","Van Swamp","Van Swamp1",NA
166,41.5185780045381,1.521,0,16.1396617889404,1421.70344187019,0,11.5936889648438,25.9471966295235,0.44600385427475,4502.7,3.49361344434572,0,"Van Swamp","Van Swamp","Van Swamp1",NA
167,41.5185780045381,1.405,1,16.204288482666,2549.55774787156,0,9.56553173065186,25.2062504237947,0.404532551765442,4502.7,3.49361344434572,0,"Van Swamp","Van Swamp","Van Swamp1",NA
168,41.5185780045381,1.2,1,16,1634.2369875448,0,8.90255069732666,24.9379324664457,0.471593171358109,4502.7,3.49361344434572,0,"Van Swamp","Van Swamp","Van Swamp1",NA
169,41.5185780045381,1.56689655172414,0,16.5355243682861,8674.9872727079,0,8.81285858154297,21.1659731235339,0.509568691253662,4502.7,3.49361344434572,0,"Van Swamp","Van Swamp","Van Swamp1",NA
170,41.5185780045381,1.52875,0,16.2080917358398,4524.71596171388,0,9.3579797744751,22.4549013748169,0.366899728775024,4502.7,3.49361344434572,0,"Van Swamp","Van Swamp","Van Swamp1",NA
171,41.5185780045381,1.27375,1,16.0778179168701,1121.92160491723,0,7.83215236663818,23.9568605902336,0.452285975217819,4502.7,3.49361344434572,0,"Van Swamp","Van Swamp","Van Swamp1",NA
172,41.5185780045381,1.49285714285714,0,16.0166893005371,915.32076032676,0,10.4867563247681,24.8738716016533,0.370467692613602,4502.7,3.49361344434572,0,"Van Swamp","Van Swamp","Van Swamp1",NA
173,41.5185780045381,1.49285714285714,0,16.0704784393311,915.32076032676,0,9.98483848571777,24.4552887075783,0.367965191602707,4502.7,3.49361344434572,0,"Van Swamp","Van Swamp","Van Swamp1",NA
174,41.5185780045381,1.49285714285714,0,15.9694204330444,4103.12524044201,0,9.08198070526123,23.8882619258134,0.450919330120087,4502.7,3.49361344434572,0,"Van Swamp","Van Swamp","Van Swamp1",NA
175,41.5185780045381,1.42,1,16.3479785919189,2630.68959238387,0,9.69185256958008,25.0532339674054,0.396202445030212,4502.7,3.49361344434572,0,"Van Swamp","Van Swamp","Van Swamp1",NA
176,41.5185780045381,1.521,0,16,1421.70344187019,0,11.5991325378418,25.8722540268919,0.426450163125992,4502.7,3.49361344434572,0,"Van Swamp","Van Swamp","Van Swamp1",NA
177,41.5185780045381,1.24214285714286,1,16,2756.15859246203,0,9.03991508483887,23.8429906008368,0.4522425532341,4502.7,3.49361344434572,0,"Van Swamp","Van Swamp","Van Swamp1",NA
178,41.5185780045381,1.40352941176471,1,16.4470310211182,1265.41577568064,0,5.56120204925537,23.7866188957912,0.551324486732483,4502.7,3.49361344434572,0,"Van Swamp","Van Swamp","Van Swamp1",NA
179,41.5185780045381,1.65,1,15.8417472839355,5462.96935031686,0,10.1329517364502,23.4950625533249,0.502094268798828,4502.7,3.49361344434572,0,"Van Swamp","Van Swamp","Van Swamp1",NA
180,41.5185780045381,1.73,1,15.7864980697632,2703.44148846309,0,10.1607894897461,23.4578739269366,0.471837878227234,4502.7,3.49361344434572,0,"Van Swamp","Van Swamp","Van Swamp1",NA
181,41.5185780045381,1.56318181818182,1,16.2707176208496,954.387765405975,0,14.3165788650513,23.7091132302496,0.382925868034363,4329.45,-0.698713793966006,0,"Van Swamp","Van Swamp","Van Swamp1",NA
182,41.5185780045381,1.57,1,15.8999996185303,2759.52786185377,0,10.3613300323486,23.7579961881183,0.469080835580826,4502.7,3.49361344434572,0,"Van Swamp","Van Swamp","Van Swamp1",NA
183,41.5185780045381,1.2,1,16,1634.2369875448,0,8.85958194732666,24.7538964120217,0.46778279542923,4502.7,3.49361344434572,0,"Van Swamp","Van Swamp","Van Swamp1",NA
184,41.5185780045381,1.73,1,15.700213432312,2703.44148846309,0,9.96300315856934,23.0032456232745,0.487956911325455,4502.7,3.49361344434572,0,"Van Swamp","Van Swamp","Van Swamp1",NA
185,41.5185780045381,1.57514285714286,1,16.098424911499,464.44697645125,0,9.73942470550537,22.9168727439875,0.456521958112717,4502.7,3.49361344434572,0,"Van Swamp","Van Swamp","Van Swamp1",NA
186,41.5185780045381,1.54454545454545,1,15.9994087219238,3299.61994014475,0,10.7753620147705,24.2910116964814,0.427708387374878,4502.7,3.49361344434572,0,"Van Swamp","Van Swamp","Van Swamp1",NA
187,41.5185780045381,1.53529411764706,1,16.1000003814697,4202.98142025085,0,11.392632484436,25.5149746837883,0.418312251567841,4502.7,3.49361344434572,0,"Van Swamp","Van Swamp","Van Swamp1",NA
188,41.5185780045381,1.65,1,16,5462.96935031686,0,10.1538400650024,24.5216278245678,0.443814396858215,4502.7,3.49361344434572,0,"Van Swamp","Van Swamp","Van Swamp1",NA
189,41.5185780045381,1.57552631578947,1,16.3225135803223,3296.5313242363,0,9.64937019348145,22.4304202289608,0.407049924135208,4502.7,3.49361344434572,0,"Van Swamp","Van Swamp","Van Swamp1",NA
190,41.5185780045381,1.454375,1,16.3026924133301,4368.83815414982,0,9.45583057403564,23.0960015321057,0.451513648033142,4502.7,3.49361344434572,0,"Van Swamp","Van Swamp","Van Swamp1",NA
191,41.5185780045381,1.55333333333333,0,16.4132061004639,8137.72051721221,0,6.7853102684021,22.5442572506642,0.467102825641632,4502.7,3.49361344434572,0,"Van Swamp","Van Swamp","Van Swamp1",NA
192,41.5185780045381,1.56903225806452,0,16.6267127990723,3036.59467571879,0,10.9242763519287,22.3144971751752,0.433742076158524,4502.7,3.49361344434572,0,"Van Swamp","Van Swamp","Van Swamp1",NA
193,41.5185780045381,1.38214285714286,1,16.4593200683594,1460.92994608927,0,9.54641819000244,23.808610111448,0.456347972154617,4502.7,3.49361344434572,0,"Van Swamp","Van Swamp","Van Swamp1",NA
194,41.5185780045381,1.27466666666667,1,15.9089498519897,5459.60008092511,0,9.42803287506104,23.9931929831646,0.457957774400711,4502.7,3.49361344434572,0,"Van Swamp","Van Swamp","Van Swamp1",NA
195,41.5185780045381,1.73,1,15.7876396179199,2703.44148846309,0,10.1070280075073,23.1309882843587,0.492287248373032,4502.7,3.49361344434572,0,"Van Swamp","Van Swamp","Van Swamp1",NA
196,41.5185780045381,1.521,0,16.0669898986816,1421.70344187019,0,11.6295528411865,25.8476450256778,0.428929686546326,4502.7,3.49361344434572,0,"Van Swamp","Van Swamp","Van Swamp1",NA
197,41.5185780045381,1.43307692307692,1,16.0463695526123,5806.19920486207,0,10.568265914917,23.0979878486775,0.401139885187149,4502.7,3.49361344434572,0,"Van Swamp","Van Swamp","Van Swamp1",NA
198,41.5185780045381,1.56107142857143,1,16.2999992370605,965.986790806906,0,14.1149053573608,23.9806395926867,0.430966436862946,4329.45,-0.698713793966006,0,"Van Swamp","Van Swamp","Van Swamp1",NA
199,41.5185780045381,1.27375,1,16.0990562438965,1121.92160491723,0,7.40852403640747,24.2093613025583,0.480096250772476,4502.7,3.49361344434572,0,"Van Swamp","Van Swamp","Van Swamp1",NA
200,41.5185780045381,1.405,1,16.051851272583,5737.36222798681,0,9.63329410552979,23.9958562895388,0.497312992811203,4502.7,3.49361344434572,0,"Van Swamp","Van Swamp","Van Swamp1",NA
201,41.5185780045381,1.608,1,16.1844234466553,5747.69446250494,0,10.153694152832,21.9091759886305,0.442233234643936,4502.7,3.49361344434572,0,"Van Swamp","Van Swamp","Van Swamp1",NA
202,41.5185780045381,1.572,1,15.9451751708984,2884.7452994522,0,9.64175033569336,24.0875412398347,0.468193352222443,4502.7,3.49361344434572,0,"Van Swamp","Van Swamp","Van Swamp1",NA
203,41.5185780045381,1.40103448275862,1,16.3999996185303,1470.86465751285,0,7.75348615646362,22.8938070159041,0.459744989871979,4502.7,3.49361344434572,0,"Van Swamp","Van Swamp","Van Swamp1",NA
204,41.5185780045381,1.55545454545455,0,16.3248672485352,279.669409892547,0,13.2832164764404,25.2135548199567,0.431113004684448,4329.45,-0.698713793966006,0,"Van Swamp","Van Swamp","Van Swamp1",NA
205,41.5185780045381,1.73,1,15.945408821106,2703.44148846309,0,9.89286518096924,22.4819497801274,0.492574274539948,4502.7,3.49361344434572,0,"Van Swamp","Van Swamp","Van Swamp1",NA
206,41.5185780045381,1.41318181818182,1,16.3901634216309,1284.57215647614,0,9.22311210632324,23.4015687799542,0.440167784690857,4502.7,3.49361344434572,0,"Van Swamp","Van Swamp","Van Swamp1",NA
207,41.5185780045381,1.73,1,15.8875675201416,2703.44148846309,0,9.87510967254639,23.4701404879605,0.455085784196854,4502.7,3.49361344434572,0,"Van Swamp","Van Swamp","Van Swamp1",NA
208,41.5185780045381,1.405,1,16.3593692779541,2549.55774787156,0,9.31053066253662,25.3759650219514,0.408221125602722,4502.7,3.49361344434572,0,"Van Swamp","Van Swamp","Van Swamp1",NA
209,41.5185780045381,1.49285714285714,0,16.0019302368164,4103.12524044201,0,9.34992980957031,22.8391338193017,0.395001709461212,4502.7,3.49361344434572,0,"Van Swamp","Van Swamp","Van Swamp1",NA
210,41.5185780045381,1.48846153846154,1,15.9077215194702,3904.9439677975,0,9.46022605895996,23.4783639604906,0.441524118185043,4502.7,3.49361344434572,0,"Van Swamp","Van Swamp","Van Swamp1",NA
211,41.5185780045381,1.5565625,1,15.9939727783203,4119.60412883445,0,11.421630859375,24.0115470690865,0.380623698234558,4329.45,-0.698713793966006,0,"Van Swamp","Van Swamp","Van Swamp1",NA
212,41.5185780045381,1.43307692307692,1,16.0977020263672,2585.21192595258,0,10.7434406280518,23.8707938317486,0.426379770040512,4502.7,3.49361344434572,0,"Van Swamp","Van Swamp","Van Swamp1",NA
213,41.5185780045381,1.3165,1,16.4677085876465,10015.9465176126,0,5.8473596572876,23.4240463102779,0.514114797115326,4502.7,3.49361344434572,0,"Van Swamp","Van Swamp","Van Swamp1",NA
214,41.5185780045381,1.523125,0,16.5993938446045,632.626351157772,0,10.1826801300049,22.9251902375717,0.45301815867424,4502.7,3.49361344434572,0,"Van Swamp","Van Swamp","Van Swamp1",NA
215,41.5185780045381,1.54566666666667,0,16.3976535797119,386.099896652336,0,14.2617416381836,24.9091716475632,0.371205598115921,4329.45,-0.698713793966006,0,"Van Swamp","Van Swamp","Van Swamp1",NA
216,41.5185780045381,1.65,1,16.1660652160645,2915.61011471989,0,10.060474395752,22.0480516249154,0.463528126478195,4502.7,3.49361344434572,0,"Van Swamp","Van Swamp","Van Swamp1",NA
217,41.5185780045381,1.49285714285714,0,15.9604177474976,4103.12524044201,0,9.06396675109863,23.4058593466172,0.403751999139786,4502.7,3.49361344434572,0,"Van Swamp","Van Swamp","Van Swamp1",NA
218,41.5185780045381,1.55108108108108,1,16.4533138275146,2941.17436970356,0,11.6216259002686,25.5956383781419,0.418627321720123,4502.7,3.49361344434572,0,"Van Swamp","Van Swamp","Van Swamp1",NA
219,41.5185780045381,1.2,1,16.2999992370605,1634.2369875448,0,8.9977216720581,25.0369412338386,0.456883043050766,4502.7,3.49361344434572,0,"Van Swamp","Van Swamp","Van Swamp1",NA
220,41.5185780045381,1.49148148148148,1,16.0022926330566,4210.22919541437,0,9.14309120178223,23.3144106798559,0.454460620880127,4502.7,3.49361344434572,0,"Van Swamp","Van Swamp","Van Swamp1",NA
221,41.5185780045381,1.502,0,16.2001533508301,4499.47253312597,0,8.256760597229,22.7288164883501,0.338692456483841,4502.7,3.49361344434572,0,"Van Swamp","Van Swamp","Van Swamp1",NA
222,41.5185780045381,1.50458333333333,0,16.0304851531982,2337.02420219695,0,10.7389535903931,25.8759036857078,0.41334193944931,4502.7,3.49361344434572,0,"Van Swamp","Van Swamp","Van Swamp1",NA
223,41.5185780045381,1.27375,1,16.103759765625,1121.92160491723,0,6.95710039138794,24.0767956889951,0.470064133405685,4502.7,3.49361344434572,0,"Van Swamp","Van Swamp","Van Swamp1",NA
224,41.5185780045381,1.57,1,15.9841890335083,2759.52786185377,0,10.2513151168823,24.4790056876418,0.440677732229233,4502.7,3.49361344434572,0,"Van Swamp","Van Swamp","Van Swamp1",NA
225,41.5185780045381,1.27375,1,16.4380474090576,1121.92160491723,0,6.94147300720215,23.295021889505,0.480662405490875,4502.7,3.49361344434572,0,"Van Swamp","Van Swamp","Van Swamp1",NA
226,41.5185780045381,1.40352941176471,1,16.4775886535645,1265.41577568064,0,5.3265872001648,23.3722252359249,0.55577552318573,4502.7,3.49361344434572,0,"Van Swamp","Van Swamp","Van Swamp1",NA
227,41.5185780045381,1.73,1,15.9912004470825,2703.44148846309,0,10.0425786972046,22.1550075089261,0.483574867248535,4502.7,3.49361344434572,0,"Van Swamp","Van Swamp","Van Swamp1",NA
228,41.5185780045381,1.523125,0,16.5990715026855,632.626351157772,0,10.338137626648,22.5962632767861,0.422803372144699,4502.7,3.49361344434572,0,"Van Swamp","Van Swamp","Van Swamp1",NA
229,41.5185780045381,1.56888888888889,0,16.7000007629395,2919.23897399316,0,11.6740236282349,21.2644296263968,0.482955187559128,4502.7,3.49361344434572,0,"Van Swamp","Van Swamp","Van Swamp1",NA
230,41.5185780045381,1.3125,1,16,4503.40106631638,0,9.73610687255859,24.917549131373,0.404661238193512,4502.7,3.49361344434572,0,"Van Swamp","Van Swamp","Van Swamp1",NA
231,41.5185780045381,1.55606060606061,1,16.0309047698975,3632.85135393484,0,11.600094795227,24.2612276135543,0.389969974756241,4329.45,-0.698713793966006,0,"Van Swamp","Van Swamp","Van Swamp1",NA
232,41.5185780045381,1.405,1,15.8999996185303,5737.36222798681,0,8.99675750732422,24.5978554044598,0.39735147356987,4502.7,3.49361344434572,0,"Van Swamp","Van Swamp","Van Swamp1",NA
233,41.5185780045381,1.5625,1,16.0824165344238,5653.18634466891,0,11.0188074111938,25.1075973328302,0.434495717287064,4502.7,3.49361344434572,0,"Van Swamp","Van Swamp","Van Swamp1",NA
234,41.5185780045381,1.41318181818182,1,16.1000003814697,5225.04684535923,0,7.06972122192383,23.6647523300429,0.460022419691086,4502.7,3.49361344434572,0,"Van Swamp","Van Swamp","Van Swamp1",NA
235,41.5185780045381,1.50458333333333,0,16.5008411407471,669.730639679865,0,11.3033170700073,23.4798208322339,0.458554863929749,4502.7,3.49361344434572,0,"Van Swamp","Van Swamp","Van Swamp1",NA
236,41.5185780045381,1.73,1,15.9013633728027,2703.44148846309,0,9.9486255645752,23.7156754927169,0.467801421880722,4502.7,3.49361344434572,0,"Van Swamp","Van Swamp","Van Swamp1",NA
237,41.5185780045381,1.2,1,16.0465965270996,1634.2369875448,0,9.27092170715332,24.7395915043872,0.448599010705948,4502.7,3.49361344434572,0,"Van Swamp","Van Swamp","Van Swamp1",NA
238,41.5185780045381,1.2,1,15.9542579650879,1634.2369875448,0,8.93326950073242,24.6706314299578,0.452291518449783,4502.7,3.49361344434572,0,"Van Swamp","Van Swamp","Van Swamp1",NA
239,41.5185780045381,1.405,1,15.8999996185303,5737.36222798681,0,8.98081874847412,24.1739483520596,0.456836313009262,4502.7,3.49361344434572,0,"Van Swamp","Van Swamp","Van Swamp1",NA
240,41.5185780045381,1.55818181818182,0,16.6822452545166,8575.75654305452,0,9.21112442016602,21.1463105649344,0.492083072662354,4502.7,3.49361344434572,0,"Van Swamp","Van Swamp","Van Swamp1",NA
241,41.5185780045381,1.521,0,16.0027084350586,1421.70344187019,0,11.020866394043,26.1484412377702,0.453393012285233,4502.7,3.49361344434572,0,"Van Swamp","Van Swamp","Van Swamp1",NA
242,41.5185780045381,1.55714285714286,0,16.6312255859375,8626.64308744612,0,11.2804365158081,22.1777277603682,0.498860955238342,4502.7,3.49361344434572,0,"Van Swamp","Van Swamp","Van Swamp1",NA
243,41.5185780045381,1.73,1,15.8341045379639,2703.44148846309,0,9.91813659667969,23.1600514325329,0.411612570285797,4502.7,3.49361344434572,0,"Van Swamp","Van Swamp","Van Swamp1",NA
244,41.5185780045381,1.55058823529412,1,16.1015357971191,5900.16924100987,0,11.2932424545288,25.6033191817164,0.437291830778122,4502.7,3.49361344434572,0,"Van Swamp","Van Swamp","Van Swamp1",NA
245,41.5185780045381,1.58315789473684,1,15.8997611999512,2995.19098913708,0,9.63479042053223,23.163081866757,0.428242087364197,4502.7,3.49361344434572,0,"Van Swamp","Van Swamp","Van Swamp1",NA
246,41.5185780045381,1.73,1,16.0523128509521,2703.44148846309,0,9.96684455871582,22.1556899942419,0.457430452108383,4502.7,3.49361344434572,0,"Van Swamp","Van Swamp","Van Swamp1",NA
247,41.5185780045381,1.73,1,15.7018585205078,2703.44148846309,0,9.81573867797852,22.8572578645391,0.467848777770996,4502.7,3.49361344434572,0,"Van Swamp","Van Swamp","Van Swamp1",NA
248,41.5185780045381,1.49285714285714,0,16.0271453857422,4103.12524044201,0,10.073037147522,23.6669540265299,0.458627492189407,4502.7,3.49361344434572,0,"Van Swamp","Van Swamp","Van Swamp1",NA
249,41.5185780045381,1.57333333333333,0,16.41064453125,467.256612298051,0,7.72339200973511,22.4345246826091,0.455628782510757,4502.7,3.49361344434572,0,"Van Swamp","Van Swamp","Van Swamp1",NA
250,41.5185780045381,1.65,1,16.2310066223145,2915.61011471989,0,9.79260063171387,22.3173578381232,0.453378856182098,4502.7,3.49361344434572,0,"Van Swamp","Van Swamp","Van Swamp1",NA
251,41.5185780045381,1.27375,1,16,1121.92160491723,0,8.73622798919678,23.5991694696775,0.454555213451385,4502.7,3.49361344434572,0,"Van Swamp","Van Swamp","Van Swamp1",NA
252,41.5185780045381,1.521,0,16,1421.70344187019,0,10.8255577087402,26.23298455534,0.484781175851822,4502.7,3.49361344434572,0,"Van Swamp","Van Swamp","Van Swamp1",NA
253,41.5185780045381,1.57074074074074,1,16.586051940918,3256.81570939249,0,11.0062093734741,22.0113229762005,0.448456674814224,4502.7,3.49361344434572,0,"Van Swamp","Van Swamp","Van Swamp1",NA
254,41.5185780045381,1.56259259259259,1,16.1847534179688,3586.82180222485,0,12.3460626602173,24.3944203930212,0.409007906913757,4329.45,-0.698713793966006,0,"Van Swamp","Van Swamp","Van Swamp1",NA
255,41.5185780045381,1.52925373134328,0,16.5255107879639,3623.77459136186,0,10.8685531616211,22.6506043233413,0.438774317502975,4502.7,3.49361344434572,0,"Van Swamp","Van Swamp","Van Swamp1",NA
256,41.5185780045381,1.49764705882353,0,16.3073024749756,996.452604839076,0,10.2331171035767,25.4842396743446,0.392534971237183,4502.7,3.49361344434572,0,"Van Swamp","Van Swamp","Van Swamp1",NA
257,41.5185780045381,1.2,1,16.1268901824951,1634.2369875448,0,9.10361576080322,24.7069885716981,0.45880588889122,4502.7,3.49361344434572,0,"Van Swamp","Van Swamp","Van Swamp1",NA
258,41.5185780045381,1.2,1,16.0642242431641,1634.2369875448,0,9.35190391540527,24.5818190522032,0.453483432531357,4502.7,3.49361344434572,0,"Van Swamp","Van Swamp","Van Swamp1",NA
259,41.5185780045381,1.24214285714286,1,15.9060888290405,2756.15859246203,0,7.99353551864624,24.216800618986,0.430408477783203,4502.7,3.49361344434572,0,"Van Swamp","Van Swamp","Van Swamp1",NA
260,41.5185780045381,1.405,1,16.0328578948975,5737.36222798681,0,9.00622272491455,24.4021275882166,0.462493270635605,4502.7,3.49361344434572,0,"Van Swamp","Van Swamp","Van Swamp1",NA
261,41.5185780045381,1.57,1,15.8799076080322,2759.52786185377,0,10.2003746032715,24.0009929660532,0.46386456489563,4502.7,3.49361344434572,0,"Van Swamp","Van Swamp","Van Swamp1",NA
262,41.5185780045381,1.73,1,15.8389320373535,2703.44148846309,0,9.88199710845947,22.576252415076,0.48934942483902,4502.7,3.49361344434572,0,"Van Swamp","Van Swamp","Van Swamp1",NA
263,41.5185780045381,1.6175,1,16.3917236328125,5535.52583624813,0,10.612208366394,21.6860772802026,0.450790762901306,4502.7,3.49361344434572,0,"Van Swamp","Van Swamp","Van Swamp1",NA
264,41.5185780045381,1.48357142857143,0,16.0967483520508,4179.85101694626,0,11.2506313323975,22.9840833764443,0.415854632854462,4502.7,3.49361344434572,0,"Van Swamp","Van Swamp","Van Swamp1",NA
265,41.5185780045381,1.50521739130435,0,16.0826530456543,1257.80298363469,0,10.2332000732422,25.8016866730201,0.393054068088531,4502.7,3.49361344434572,0,"Van Swamp","Van Swamp","Van Swamp1",NA
266,41.5185780045381,1.73,1,15.8693370819092,2703.44148846309,0,9.77505397796631,22.8960473649765,0.440086632966995,4502.7,3.49361344434572,0,"Van Swamp","Van Swamp","Van Swamp1",NA
267,41.5185780045381,1.56318181818182,1,16.2999992370605,3579.51205054347,0,13.1603307723999,24.2912306384238,0.395264863967896,4329.45,-0.698713793966006,0,"Van Swamp","Van Swamp","Van Swamp1",NA
268,41.5185780045381,1.43678571428571,1,16.2988662719727,5621.39413804319,0,8.28484153747559,22.6756992802976,0.369710713624954,4502.7,3.49361344434572,0,"Van Swamp","Van Swamp","Van Swamp1",NA
269,41.5185780045381,1.55866666666667,0,16.7000007629395,2919.55219816026,0,11.3664541244507,21.2540619622586,0.476233720779419,4502.7,3.49361344434572,0,"Van Swamp","Van Swamp","Van Swamp1",NA
270,41.5185780045381,1.521,0,16.5508041381836,507.080088120949,0,9.62442874908447,23.6459044368115,0.461248815059662,4502.7,3.49361344434572,0,"Van Swamp","Van Swamp","Van Swamp1",NA
271,41.5185780045381,1.2,1,16.199728012085,1634.2369875448,0,9.11380958557129,24.8308310800932,0.44690603017807,4502.7,3.49361344434572,0,"Van Swamp","Van Swamp","Van Swamp1",NA
272,41.5185780045381,1.5775,1,16.1800117492676,2857.54088383359,0,11.542631149292,25.194159284669,0.458667993545532,4502.7,3.49361344434572,0,"Van Swamp","Van Swamp","Van Swamp1",NA
273,41.5185780045381,1.56318181818182,1,16.3573627471924,2832.07873766578,0,13.2690048217773,24.6462526210193,0.415686279535294,4329.45,-0.698713793966006,0,"Van Swamp","Van Swamp","Van Swamp1",NA
274,41.5185780045381,1.454,1,16,6721.51996518883,0,10.4197902679443,23.6009034306718,0.405142724514008,4502.7,3.49361344434572,0,"Van Swamp","Van Swamp","Van Swamp1",NA
275,41.5185780045381,1.47333333333333,0,16.3787002563477,7994.71693335876,0,5.97438478469849,23.0747295242687,0.464702397584915,4502.7,3.49361344434572,0,"Van Swamp","Van Swamp","Van Swamp1",NA
276,41.5185780045381,1.49285714285714,0,15.9102573394775,4103.12524044201,0,9.05909633636475,23.7232307766762,0.452161818742752,4502.7,3.49361344434572,0,"Van Swamp","Van Swamp","Van Swamp1",NA
277,41.5185780045381,1.565,0,16.3999996185303,2842.04958679486,0,10.9963264465332,21.4901722335663,0.444543391466141,4502.7,3.49361344434572,0,"Van Swamp","Van Swamp","Van Swamp1",NA
278,41.5185780045381,1.405,1,16,5737.36222798681,0,9.09491634368896,24.1595496824297,0.461652308702469,4502.7,3.49361344434572,0,"Van Swamp","Van Swamp","Van Swamp1",NA
279,41.5185780045381,1.565,0,16.3722152709961,2842.04958679486,0,10.8650798797607,21.659329547975,0.421433657407761,4502.7,3.49361344434572,0,"Van Swamp","Van Swamp","Van Swamp1",NA
280,41.5185780045381,1.563,1,16.7000007629395,3084.11823361523,0,10.4411430358887,21.973262160447,0.429166585206985,4502.7,3.49361344434572,0,"Van Swamp","Van Swamp","Van Swamp1",NA
281,41.5185780045381,1.38214285714286,1,16.320930480957,1460.92994608927,0,8.7284984588623,23.9984608029692,0.463323712348938,4502.7,3.49361344434572,0,"Van Swamp","Van Swamp","Van Swamp1",NA
282,41.5185780045381,1.65,1,15.8641567230225,5462.96935031686,0,10.1727867126465,23.1889873403072,0.477474063634872,4502.7,3.49361344434572,0,"Van Swamp","Van Swamp","Van Swamp1",NA
283,41.5185780045381,1.41318181818182,1,16.2883930206299,1284.57215647614,0,9.33638381958008,23.5311833181881,0.419637024402618,4502.7,3.49361344434572,0,"Van Swamp","Van Swamp","Van Swamp1",NA
