"acresid","wtd","bulkdensity","mucktype","soiltemp","numacres","tx","elevation","distkm","ndvi","totalGDD","scPDSI","vegetation","location","site","uniqueid","soilresp"
1,10,1.363,1,16.9829616546631,24175.7902287721,1,15.3269567489624,17.5071079745149,0.402355641126633,1115.25,-1.99630329675645,0,"Hofmann Forest","Hofmann Forest","Hofmann Forest1",NA
2,10,1.42368421052632,1,17.3999996185303,37034.5611029918,1,15.6505727767944,13.2479086893601,0.290062934160233,1115.25,-1.99630329675645,0,"Hofmann Forest","Hofmann Forest","Hofmann Forest1",NA
3,10,1.363,1,16.8999996185303,24175.7902287721,1,16.7026691436768,15.4828437383724,0.430773347616196,1115.25,-1.99630329675645,0,"Hofmann Forest","Hofmann Forest","Hofmann Forest1",NA
4,10,1.363,1,16.8141479492188,24175.7902287721,1,17.1492118835449,19.7602432127435,0.421960771083832,1115.25,-1.99630329675645,0,"Hofmann Forest","Hofmann Forest","Hofmann Forest1",NA
5,10,1.363,1,17,24175.7902287721,1,14.390567779541,15.7016621648473,0.392736673355103,285.4,0.56445597479834,0,"Hofmann Forest","Hofmann Forest","Hofmann Forest1",NA
6,10,1.363,1,17.0265922546387,24175.7902287721,1,15.792875289917,11.0341156269097,0.415021479129791,285.4,0.56445597479834,0,"Hofmann Forest","Hofmann Forest","Hofmann Forest1",NA
7,10,1.394375,1,17.3999996185303,36409.5581835947,1,14.0121431350708,11.707785131526,0.361552238464355,285.4,0.56445597479834,0,"Hofmann Forest","Hofmann Forest","Hofmann Forest1",NA
8,10,1.363,1,16.7999992370605,24175.7902287721,1,17.442310333252,20.1896046266798,0.434132874011993,1115.25,-1.99630329675645,0,"Hofmann Forest","Hofmann Forest","Hofmann Forest1",NA
9,10,1.363,1,17.0687694549561,24175.7902287721,1,14.2010183334351,14.5737952039545,0.376266717910767,285.4,0.56445597479834,0,"Hofmann Forest","Hofmann Forest","Hofmann Forest1",NA
10,10,1.363,1,17.1927490234375,24175.7902287721,1,13.3180961608887,13.3203529774114,0.403182208538055,285.4,0.56445597479834,0,"Hofmann Forest","Hofmann Forest","Hofmann Forest1",NA
11,10,1.363,1,17.0467319488525,24175.7902287721,1,15.9696235656738,11.2925476346003,0.406881302595139,285.4,0.56445597479834,0,"Hofmann Forest","Hofmann Forest","Hofmann Forest1",NA
12,10,1.363,1,17.0006103515625,24175.7902287721,1,14.0608148574829,14.5786211240199,0.345197141170502,285.4,0.56445597479834,0,"Hofmann Forest","Hofmann Forest","Hofmann Forest1",NA
13,10,1.363,1,17,24175.7902287721,1,16.3814239501953,13.2276096825842,0.404290080070496,285.4,0.56445597479834,0,"Hofmann Forest","Hofmann Forest","Hofmann Forest1",NA
14,10,1.363,1,16.9957008361816,24175.7902287721,1,16.4281673431396,21.6010521905683,0.39367151260376,1115.25,-1.99630329675645,0,"Hofmann Forest","Hofmann Forest","Hofmann Forest1",NA
15,10,1.363,1,16.8999996185303,24175.7902287721,1,16.5522727966309,16.7767998032041,0.413547456264496,1115.25,-1.99630329675645,0,"Hofmann Forest","Hofmann Forest","Hofmann Forest1",NA
16,10,1.363,1,16.7999973297119,24175.7902287721,1,16.9621047973633,18.1800983552288,0.433672577142715,1115.25,-1.99630329675645,0,"Hofmann Forest","Hofmann Forest","Hofmann Forest1",NA
17,10,1.363,1,16.8508491516113,24175.7902287721,1,16.8178462982178,18.436796854646,0.412975072860718,1115.25,-1.99630329675645,0,"Hofmann Forest","Hofmann Forest","Hofmann Forest1",NA
18,10,1.363,1,17,24175.7902287721,1,16.3634700775146,13.3993267454784,0.410383343696594,285.4,0.56445597479834,0,"Hofmann Forest","Hofmann Forest","Hofmann Forest1",NA
19,10,1.363,1,16.7999992370605,24175.7902287721,1,16.8828754425049,18.1197734974312,0.430735528469086,1115.25,-1.99630329675645,0,"Hofmann Forest","Hofmann Forest","Hofmann Forest1",NA
20,10,1.576,0,16.9999980926514,1581.25608502438,1,15.9866771697998,18.4107432617796,0.424192488193512,1115.25,-1.99630329675645,0,"Hofmann Forest","Hofmann Forest","Hofmann Forest1",NA
21,10,1.363,1,16.7999973297119,24175.7902287721,1,17.013786315918,18.5342450342178,0.424714505672455,1115.25,-1.99630329675645,0,"Hofmann Forest","Hofmann Forest","Hofmann Forest1",NA
22,10,1.41307692307692,1,16.8212566375732,23469.8941787215,1,16.4185829162598,24.1448223884881,0.426584929227829,1115.25,-1.99630329675645,0,"Hofmann Forest","Hofmann Forest","Hofmann Forest1",NA
23,10,1.363,1,16.9974136352539,24175.7902287721,1,15.1708850860596,14.4002713824343,0.351133972406387,285.4,0.56445597479834,0,"Hofmann Forest","Hofmann Forest","Hofmann Forest1",NA
24,10,1.56483870967742,0,17.141975402832,5097.33270831855,1,14.6110687255859,16.4367845394134,0.430773049592972,1115.25,-1.99630329675645,0,"Hofmann Forest","Hofmann Forest","Hofmann Forest1",NA
25,10,1.363,1,17,24175.7902287721,1,16.510534286499,14.8578131539028,0.424064457416534,1115.25,-1.99630329675645,0,"Hofmann Forest","Hofmann Forest","Hofmann Forest1",NA
26,10,1.394375,1,17.1878242492676,36409.5581835947,1,15.5611848831177,12.684323906846,0.358320593833923,1115.25,-1.99630329675645,0,"Hofmann Forest","Hofmann Forest","Hofmann Forest1",NA
27,10,1.363,1,16.8999996185303,20162.2292009034,1,16.6899757385254,23.0901810595949,0.393456786870956,1115.25,-1.99630329675645,0,"Hofmann Forest","Hofmann Forest","Hofmann Forest1",NA
28,10,1.41307692307692,1,17.0272026062012,25318.142857925,1,16.4853668212891,19.0115488181455,0.373394072055817,1115.25,-1.99630329675645,0,"Hofmann Forest","Hofmann Forest","Hofmann Forest1",NA
29,10,1.363,1,16.8747177124023,24175.7902287721,1,16.6911773681641,19.5782119470422,0.398681193590164,1115.25,-1.99630329675645,0,"Hofmann Forest","Hofmann Forest","Hofmann Forest1",NA
30,10,1.363,1,16.9057998657227,24175.7902287721,1,16.8976936340332,17.843161279975,0.405405908823013,1115.25,-1.99630329675645,0,"Hofmann Forest","Hofmann Forest","Hofmann Forest1",NA
31,10,1.576,0,17.3999996185303,1811.7080376601,1,15.6659984588623,13.3281746018509,0.366040259599686,1115.25,-1.99630329675645,0,"Hofmann Forest","Hofmann Forest","Hofmann Forest1",NA
32,10,1.55071428571429,1,17.1000003814697,1854.3612637646,1,15.7740087509155,16.3197064387928,0.379378914833069,1115.25,-1.99630329675645,0,"Hofmann Forest","Hofmann Forest","Hofmann Forest1",NA
33,10,1.44666666666667,1,17.3489170074463,12233.7679548225,1,15.3451118469238,10.6017720356346,0.514572978019714,285.4,0.56445597479834,0,"Hofmann Forest","Hofmann Forest","Hofmann Forest1",NA
34,10,1.421875,1,16.7854881286621,20341.3734344337,1,16.7712497711182,23.6150689979917,0.408365845680237,1115.25,-1.99630329675645,0,"Hofmann Forest","Hofmann Forest","Hofmann Forest1",NA
35,10,1.363,1,16.7333507537842,20162.2292009034,1,17.4429359436035,22.809447136067,0.426783353090286,1115.25,-1.99630329675645,0,"Hofmann Forest","Hofmann Forest","Hofmann Forest1",NA
36,10,1.363,1,17.0513210296631,24175.7902287721,1,15.8899393081665,11.5491680981861,0.406646937131882,285.4,0.56445597479834,0,"Hofmann Forest","Hofmann Forest","Hofmann Forest1",NA
37,10,1.363,1,17.1000022888184,20162.2292009034,1,15.4899463653564,22.1581356074048,0.391166687011719,1115.25,-1.99630329675645,0,"Hofmann Forest","Hofmann Forest","Hofmann Forest1",NA
38,10,1.363,1,17.0002307891846,24175.7902287721,1,16.3164100646973,13.3590673521561,0.418443143367767,1115.25,-1.99630329675645,0,"Hofmann Forest","Hofmann Forest","Hofmann Forest1",NA
39,10,1.363,1,16.8999996185303,20162.2292009034,1,16.7165031433105,22.8385692644172,0.388379335403442,1115.25,-1.99630329675645,0,"Hofmann Forest","Hofmann Forest","Hofmann Forest1",NA
40,10,1.363,1,16.9265575408936,24175.7902287721,1,16.155834197998,14.7206723400923,0.420763701200485,285.4,0.56445597479834,0,"Hofmann Forest","Hofmann Forest","Hofmann Forest1",NA
41,10,1.363,1,16.9028968811035,20162.2292009034,1,15.9029130935669,22.0055311826446,0.425595611333847,1115.25,-1.99630329675645,0,"Hofmann Forest","Hofmann Forest","Hofmann Forest1",NA
42,10,1.363,1,17.1752605438232,24175.7902287721,1,13.9612312316895,12.3674248685863,0.397601664066315,285.4,0.56445597479834,0,"Hofmann Forest","Hofmann Forest","Hofmann Forest1",NA
43,10,1.363,1,16.9000015258789,24175.7902287721,1,16.788293838501,20.799432466402,0.400875568389893,1115.25,-1.99630329675645,0,"Hofmann Forest","Hofmann Forest","Hofmann Forest1",NA
44,10,1.363,1,17,24175.7902287721,1,14.7764186859131,16.7814596689977,0.39786759018898,1115.25,-1.99630329675645,0,"Hofmann Forest","Hofmann Forest","Hofmann Forest1",NA
45,10,1.394375,1,17.2632274627686,36409.5581835947,1,15.2585973739624,9.84413318743509,0.425149410963058,285.4,0.56445597479834,0,"Hofmann Forest","Hofmann Forest","Hofmann Forest1",NA
46,10,1.48757575757576,1,17.3468189239502,36565.0102876017,1,15.1983604431152,10.2245451239309,0.372885018587112,285.4,0.56445597479834,0,"Hofmann Forest","Hofmann Forest","Hofmann Forest1",NA
47,10,1.394375,1,17,24490.0857646151,1,15.2679834365845,17.0329524345851,0.401777774095535,1115.25,-1.99630329675645,0,"Hofmann Forest","Hofmann Forest","Hofmann Forest1",NA
48,10,1.363,1,17,24175.7902287721,1,15.9887647628784,12.3997121061897,0.403629928827286,285.4,0.56445597479834,0,"Hofmann Forest","Hofmann Forest","Hofmann Forest1",NA
49,10,1.57909090909091,0,17.1057147979736,1674.19730917149,1,15.6586103439331,16.4650365229985,0.406049877405167,1115.25,-1.99630329675645,0,"Hofmann Forest","Hofmann Forest","Hofmann Forest1",NA
50,10,1.363,1,16.9505825042725,24175.7902287721,1,16.1099395751953,14.4287784298121,0.41629159450531,285.4,0.56445597479834,0,"Hofmann Forest","Hofmann Forest","Hofmann Forest1",NA
51,10,1.363,1,17,24175.7902287721,1,16.3926887512207,14.2732019427309,0.418342232704163,285.4,0.56445597479834,0,"Hofmann Forest","Hofmann Forest","Hofmann Forest1",NA
52,10,1.363,1,16.8999996185303,24175.7902287721,1,16.4443035125732,15.076302615595,0.424774557352066,1115.25,-1.99630329675645,0,"Hofmann Forest","Hofmann Forest","Hofmann Forest1",NA
53,10,1.41307692307692,1,17,24500.9556909948,1,16.5680923461914,22.6781015522612,0.403099000453949,1115.25,-1.99630329675645,0,"Hofmann Forest","Hofmann Forest","Hofmann Forest1",NA
54,10,1.363,1,16.9550266265869,24175.7902287721,1,16.5482292175293,14.9933289178662,0.431006282567978,1115.25,-1.99630329675645,0,"Hofmann Forest","Hofmann Forest","Hofmann Forest1",NA
55,10,1.363,1,16.8999996185303,24175.7902287721,1,16.519063949585,15.2846184271841,0.434076875448227,1115.25,-1.99630329675645,0,"Hofmann Forest","Hofmann Forest","Hofmann Forest1",NA
56,10,1.363,1,16.8999996185303,24175.7902287721,1,16.7054767608643,17.4341817855923,0.412461936473846,1115.25,-1.99630329675645,0,"Hofmann Forest","Hofmann Forest","Hofmann Forest1",NA
57,10,1.363,1,16.901159286499,24175.7902287721,1,15.7848787307739,16.278478242937,0.414281070232391,1115.25,-1.99630329675645,0,"Hofmann Forest","Hofmann Forest","Hofmann Forest1",NA
58,10,1.41307692307692,1,16.8166046142578,23469.8941787215,1,17.0588550567627,22.475739567208,0.421990156173706,1115.25,-1.99630329675645,0,"Hofmann Forest","Hofmann Forest","Hofmann Forest1",NA
59,10,1.363,1,16.9566669464111,24175.7902287721,1,15.6825523376465,13.8680782658016,0.405025243759155,285.4,0.56445597479834,0,"Hofmann Forest","Hofmann Forest","Hofmann Forest1",NA
60,10,1.363,1,16.7999992370605,24175.7902287721,1,16.8605690002441,17.087182026098,0.418365240097046,1115.25,-1.99630329675645,0,"Hofmann Forest","Hofmann Forest","Hofmann Forest1",NA
61,10,1.363,1,16.8226623535156,24175.7902287721,1,17.0672092437744,18.6639312539417,0.436760544776917,1115.25,-1.99630329675645,0,"Hofmann Forest","Hofmann Forest","Hofmann Forest1",NA
62,10,1.363,1,16.7999992370605,24175.7902287721,1,17.482048034668,20.1285316294205,0.417703688144684,1115.25,-1.99630329675645,0,"Hofmann Forest","Hofmann Forest","Hofmann Forest1",NA
63,10,1.363,1,17.1000003814697,24175.7902287721,1,13.5923776626587,13.9319226172421,0.407025337219238,285.4,0.56445597479834,0,"Hofmann Forest","Hofmann Forest","Hofmann Forest1",NA
64,10,1.363,1,17.355260848999,24175.7902287721,1,13.9826564788818,12.0862521081393,0.391127496957779,285.4,0.56445597479834,0,"Hofmann Forest","Hofmann Forest","Hofmann Forest1",NA
65,10,1.363,1,17.0682411193848,20162.2292009034,1,15.797908782959,22.1894113123032,0.418590307235718,1115.25,-1.99630329675645,0,"Hofmann Forest","Hofmann Forest","Hofmann Forest1",NA
66,10,1.363,1,17.0592613220215,24175.7902287721,1,15.5379152297974,11.5440847350572,0.333450347185135,285.4,0.56445597479834,0,"Hofmann Forest","Hofmann Forest","Hofmann Forest1",NA
67,10,1.394375,1,17.1903648376465,36409.5581835947,1,16.0038356781006,11.7886886781201,0.417860478162766,285.4,0.56445597479834,0,"Hofmann Forest","Hofmann Forest","Hofmann Forest1",NA
68,10,1.363,1,16.7999267578125,24175.7902287721,1,17.2727165222168,20.3788004163748,0.429692149162292,1115.25,-1.99630329675645,0,"Hofmann Forest","Hofmann Forest","Hofmann Forest1",NA
69,10,1.363,1,16.7355632781982,24175.7902287721,1,17.2637062072754,21.4203710398655,0.424167066812515,1115.25,-1.99630329675645,0,"Hofmann Forest","Hofmann Forest","Hofmann Forest1",NA
70,10,1.363,1,16.8167762756348,20162.2292009034,1,16.5155086517334,22.1802485923854,0.442761570215225,1115.25,-1.99630329675645,0,"Hofmann Forest","Hofmann Forest","Hofmann Forest1",NA
71,10,1.363,1,17.0271472930908,24175.7902287721,1,15.801305770874,13.5376895946495,0.404590129852295,1115.25,-1.99630329675645,0,"Hofmann Forest","Hofmann Forest","Hofmann Forest1",NA
72,10,1.58,0,17.3999996185303,625.002919397116,1,15.6030492782593,13.2507191193036,0.312599092721939,1115.25,-1.99630329675645,0,"Hofmann Forest","Hofmann Forest","Hofmann Forest1",NA
73,10,1.54173913043478,1,17.3001384735107,12480.3882034085,1,15.2551574707031,10.0287863387686,0.41962319612503,285.4,0.56445597479834,0,"Hofmann Forest","Hofmann Forest","Hofmann Forest1",NA
74,10,1.5895,0,17.0899238586426,6079.88925201286,1,15.6200971603394,17.5243723583074,0.383155792951584,1115.25,-1.99630329675645,0,"Hofmann Forest","Hofmann Forest","Hofmann Forest1",NA
75,10,1.41307692307692,1,16.9852256774902,24500.9556909948,1,16.7067623138428,21.9931581453879,0.414926260709763,1115.25,-1.99630329675645,0,"Hofmann Forest","Hofmann Forest","Hofmann Forest1",NA
76,10,1.363,1,17.0090236663818,44338.0194296756,1,15.9231939315796,19.7460035968274,0.379542201757431,1115.25,-1.99630329675645,0,"Hofmann Forest","Hofmann Forest","Hofmann Forest1",NA
77,10,1.363,1,16.9313411712646,24175.7902287721,1,16.3934383392334,13.3758060465155,0.406090915203094,285.4,0.56445597479834,0,"Hofmann Forest","Hofmann Forest","Hofmann Forest1",NA
78,10,1.363,1,17.1000003814697,24175.7902287721,1,15.7377328872681,12.8646013693839,0.371103644371033,1115.25,-1.99630329675645,0,"Hofmann Forest","Hofmann Forest","Hofmann Forest1",NA
79,10,1.363,1,16.975284576416,24175.7902287721,1,16.5625953674316,21.0446505479447,0.401137202978134,1115.25,-1.99630329675645,0,"Hofmann Forest","Hofmann Forest","Hofmann Forest1",NA
80,10,1.59355555555556,0,17.2999992370605,2574.02214801184,1,13.8523998260498,11.1839288475147,0.435352444648743,285.4,0.56445597479834,0,"Hofmann Forest","Hofmann Forest","Hofmann Forest1",NA
81,10,1.363,1,16.839958190918,24175.7902287721,1,16.7175464630127,16.321243848076,0.408967345952988,1115.25,-1.99630329675645,0,"Hofmann Forest","Hofmann Forest","Hofmann Forest1",NA
82,10,1.394375,1,17.12672996521,36409.5581835947,1,14.8789844512939,12.3040516413169,0.372683644294739,285.4,0.56445597479834,0,"Hofmann Forest","Hofmann Forest","Hofmann Forest1",NA
83,10,1.363,1,17.1984958648682,24175.7902287721,1,15.4053840637207,11.2585738756324,0.331907242536545,285.4,0.56445597479834,0,"Hofmann Forest","Hofmann Forest","Hofmann Forest1",NA
84,10,1.363,1,16.7220211029053,20162.2292009034,1,17.1440086364746,21.960139093136,0.416106820106506,1115.25,-1.99630329675645,0,"Hofmann Forest","Hofmann Forest","Hofmann Forest1",NA
85,10,1.42368421052632,1,17,24525.0428182918,1,15.1870489120483,16.95867419114,0.405108541250229,1115.25,-1.99630329675645,0,"Hofmann Forest","Hofmann Forest","Hofmann Forest1",NA
86,10,1.41307692307692,1,16.9983921051025,25318.142857925,1,16.6502456665039,17.4692225789693,0.410812109708786,1115.25,-1.99630329675645,0,"Hofmann Forest","Hofmann Forest","Hofmann Forest1",NA
87,10,1.394375,1,17.1570224761963,36409.5581835947,1,14.1496772766113,12.1338453828583,0.35473969578743,285.4,0.56445597479834,0,"Hofmann Forest","Hofmann Forest","Hofmann Forest1",NA
88,10,1.61833333333333,0,17.5,337.452252219923,1,14.8777456283569,15.2179150942433,0.345462828874588,1115.25,-1.99630329675645,0,"Hofmann Forest","Hofmann Forest","Hofmann Forest1",NA
89,10,1.363,1,16.7999992370605,20162.2292009034,1,17.5159206390381,21.7587274673183,0.408803224563599,1115.25,-1.99630329675645,0,"Hofmann Forest","Hofmann Forest","Hofmann Forest1",NA
90,10,1.363,1,16.9816074371338,24175.7902287721,1,16.3502883911133,13.2534532701934,0.410450756549835,285.4,0.56445597479834,0,"Hofmann Forest","Hofmann Forest","Hofmann Forest1",NA
91,10,1.363,1,16.8999996185303,24175.7902287721,1,16.7892608642578,19.3985943557632,0.407525777816772,1115.25,-1.99630329675645,0,"Hofmann Forest","Hofmann Forest","Hofmann Forest1",NA
92,10,1.363,1,16.9101123809814,24175.7902287721,1,16.7123146057129,21.2120642947447,0.376890927553177,1115.25,-1.99630329675645,0,"Hofmann Forest","Hofmann Forest","Hofmann Forest1",NA
93,10,1.363,1,16.7041206359863,20162.2292009034,1,16.8987255096436,22.2335848896602,0.40645369887352,1115.25,-1.99630329675645,0,"Hofmann Forest","Hofmann Forest","Hofmann Forest1",NA
94,10,1.363,1,16.7999973297119,24175.7902287721,1,16.9737529754639,18.5282963076469,0.426953941583633,1115.25,-1.99630329675645,0,"Hofmann Forest","Hofmann Forest","Hofmann Forest1",NA
95,10,1.41307692307692,1,16.9987239837646,24573.5341335022,1,15.059229850769,14.2560987418924,0.446897774934769,285.4,0.56445597479834,0,"Hofmann Forest","Hofmann Forest","Hofmann Forest1",NA
96,10,1.394375,1,17,24421.8630482167,1,15.9837112426758,15.9191216138325,0.440343230962753,1115.25,-1.99630329675645,0,"Hofmann Forest","Hofmann Forest","Hofmann Forest1",NA
97,10,1.363,1,17,24175.7902287721,1,15.8478326797485,12.6550404860331,0.418996304273605,285.4,0.56445597479834,0,"Hofmann Forest","Hofmann Forest","Hofmann Forest1",NA
98,10,1.363,1,17.0000019073486,24175.7902287721,1,15.8613595962524,11.9798757929657,0.396289885044098,285.4,0.56445597479834,0,"Hofmann Forest","Hofmann Forest","Hofmann Forest1",NA
99,10,1.363,1,16.7999992370605,20162.2292009034,1,17.3564357757568,22.3465692113932,0.415281623601913,1115.25,-1.99630329675645,0,"Hofmann Forest","Hofmann Forest","Hofmann Forest1",NA
100,10,1.394375,1,16.9536209106445,24421.8630482167,1,16.5266914367676,16.0894001522059,0.414836019277573,1115.25,-1.99630329675645,0,"Hofmann Forest","Hofmann Forest","Hofmann Forest1",NA
101,10,1.363,1,16.8336944580078,20162.2292009034,1,16.8201580047607,23.5359447564276,0.391579329967499,1115.25,-1.99630329675645,0,"Hofmann Forest","Hofmann Forest","Hofmann Forest1",NA
102,10,1.57777777777778,0,17.4077854156494,200.142082571224,1,16.9336204528809,13.6106654846339,0.356489032506943,1115.25,-1.99630329675645,0,"Hofmann Forest","Hofmann Forest","Hofmann Forest1",NA
103,10,1.363,1,16.8668766021729,20162.2292009034,1,16.5576324462891,23.5602126439565,0.408724218606949,1115.25,-1.99630329675645,0,"Hofmann Forest","Hofmann Forest","Hofmann Forest1",NA
104,10,1.576,0,17.0997772216797,1581.25608502438,1,15.915041923523,17.9045895613856,0.382670998573303,1115.25,-1.99630329675645,0,"Hofmann Forest","Hofmann Forest","Hofmann Forest1",NA
105,10,1.363,1,17,24175.7902287721,1,14.5609188079834,14.485210305505,0.416039735078812,285.4,0.56445597479834,0,"Hofmann Forest","Hofmann Forest","Hofmann Forest1",NA
106,10,1.41307692307692,1,16.8999996185303,23469.8941787215,1,16.5102977752686,23.0719709339851,0.372087240219116,1115.25,-1.99630329675645,0,"Hofmann Forest","Hofmann Forest","Hofmann Forest1",NA
107,10,1.363,1,16.8696384429932,24175.7902287721,1,17.0016384124756,17.8379627586942,0.422663003206253,1115.25,-1.99630329675645,0,"Hofmann Forest","Hofmann Forest","Hofmann Forest1",NA
108,10,1.363,1,16.8999996185303,20162.2292009034,1,16.4847946166992,22.9393382607122,0.426713883876801,1115.25,-1.99630329675645,0,"Hofmann Forest","Hofmann Forest","Hofmann Forest1",NA
109,10,1.363,1,16.8999996185303,24175.7902287721,1,16.6265087127686,17.9866211082427,0.40798082947731,1115.25,-1.99630329675645,0,"Hofmann Forest","Hofmann Forest","Hofmann Forest1",NA
110,10,1.363,1,16.9974479675293,24175.7902287721,1,16.2062911987305,14.135954539562,0.418445020914078,285.4,0.56445597479834,0,"Hofmann Forest","Hofmann Forest","Hofmann Forest1",NA
111,10,1.363,1,16.8999996185303,24175.7902287721,1,15.7438688278198,16.7223466644236,0.43015456199646,1115.25,-1.99630329675645,0,"Hofmann Forest","Hofmann Forest","Hofmann Forest1",NA
112,10,1.41307692307692,1,16.80859375,23469.8941787215,1,16.4746932983398,24.3442601857972,0.411674827337265,1115.25,-1.99630329675645,0,"Hofmann Forest","Hofmann Forest","Hofmann Forest1",NA
113,10,1.41307692307692,1,16.8733921051025,24500.9556909948,1,17.2873096466064,21.2730741057718,0.424339473247528,1115.25,-1.99630329675645,0,"Hofmann Forest","Hofmann Forest","Hofmann Forest1",NA
114,10,1.363,1,16.8050289154053,24175.7902287721,1,17.0194931030273,18.2685155459692,0.408327609300613,1115.25,-1.99630329675645,0,"Hofmann Forest","Hofmann Forest","Hofmann Forest1",NA
115,10,1.5472,1,17.0945587158203,712.008634611776,1,15.4864883422852,15.9450722297244,0.468512833118439,1115.25,-1.99630329675645,0,"Hofmann Forest","Hofmann Forest","Hofmann Forest1",NA
116,10,1.363,1,16.9794311523438,24175.7902287721,1,15.3702163696289,16.7171526515434,0.412633150815964,1115.25,-1.99630329675645,0,"Hofmann Forest","Hofmann Forest","Hofmann Forest1",NA
117,10,1.60464285714286,0,17.3999996185303,779.633845264642,1,13.2972049713135,12.2899875023915,0.444578915834427,1115.25,-1.99630329675645,0,"Hofmann Forest","Hofmann Forest","Hofmann Forest1",NA
118,10,1.58,0,17.2932434082031,625.002919397116,1,15.5243034362793,14.0742468703477,0.441279113292694,1115.25,-1.99630329675645,0,"Hofmann Forest","Hofmann Forest","Hofmann Forest1",NA
119,10,1.5425,0,17.2999992370605,4458.59186269935,1,13.9305448532104,14.3724065864033,0.425349175930023,1115.25,-1.99630329675645,0,"Hofmann Forest","Hofmann Forest","Hofmann Forest1",NA
120,10,1.363,1,16.8999996185303,24175.7902287721,1,16.6906871795654,17.432359739849,0.408405721187592,1115.25,-1.99630329675645,0,"Hofmann Forest","Hofmann Forest","Hofmann Forest1",NA
121,10,1.57627450980392,1,17.3370399475098,14807.7901028343,1,14.6443252563477,12.3434580575644,0.439923346042633,1115.25,-1.99630329675645,0,"Hofmann Forest","Hofmann Forest","Hofmann Forest1",NA
122,10,1.363,1,16.7000007629395,20162.2292009034,1,17.4581661224365,22.4678431326823,0.428830623626709,1115.25,-1.99630329675645,0,"Hofmann Forest","Hofmann Forest","Hofmann Forest1",NA
123,10,1.363,1,16.9999980926514,24175.7902287721,1,16.1176433563232,13.2685072880543,0.408370584249496,285.4,0.56445597479834,0,"Hofmann Forest","Hofmann Forest","Hofmann Forest1",NA
124,10,1.363,1,16.8999996185303,24175.7902287721,1,15.8671197891235,14.8087876931226,0.430959939956665,285.4,0.56445597479834,0,"Hofmann Forest","Hofmann Forest","Hofmann Forest1",NA
125,10,1.363,1,17.1000003814697,24175.7902287721,1,13.6368970870972,13.6521572068044,0.35438460111618,285.4,0.56445597479834,0,"Hofmann Forest","Hofmann Forest","Hofmann Forest1",NA
126,10,1.394375,1,17.2999992370605,36409.5581835947,1,14.9286756515503,11.2776659223436,0.368150591850281,285.4,0.56445597479834,0,"Hofmann Forest","Hofmann Forest","Hofmann Forest1",NA
127,10,1.54173913043478,1,17.2999992370605,13420.4730730855,1,15.4112882614136,12.0039117741316,0.412669658660889,285.4,0.56445597479834,0,"Hofmann Forest","Hofmann Forest","Hofmann Forest1",NA
128,10,1.363,1,17.0512733459473,24175.7902287721,1,14.5366830825806,12.897607013163,0.400799185037613,285.4,0.56445597479834,0,"Hofmann Forest","Hofmann Forest","Hofmann Forest1",NA
129,10,1.363,1,16.8260631561279,24175.7902287721,1,16.8099308013916,16.9927552489449,0.427800744771957,1115.25,-1.99630329675645,0,"Hofmann Forest","Hofmann Forest","Hofmann Forest1",NA
130,10,1.363,1,16.9999980926514,24175.7902287721,1,15.7596035003662,12.0679584517293,0.417910099029541,285.4,0.56445597479834,0,"Hofmann Forest","Hofmann Forest","Hofmann Forest1",NA
131,10,1.57777777777778,0,17.4029865264893,1210.89113663531,1,16.2015800476074,13.1558074990017,0.41311326622963,1115.25,-1.99630329675645,0,"Hofmann Forest","Hofmann Forest","Hofmann Forest1",NA
132,10,1.58222222222222,0,17.1000003814697,6212.44610336642,1,15.4763889312744,17.0547517014733,0.384303390979767,1115.25,-1.99630329675645,0,"Hofmann Forest","Hofmann Forest","Hofmann Forest1",NA
133,10,1.44666666666667,1,17.2999992370605,12233.7679548225,1,15.2618007659912,9.75174937885036,0.427068710327148,285.4,0.56445597479834,0,"Hofmann Forest","Hofmann Forest","Hofmann Forest1",NA
134,10,1.394375,1,17.188648223877,24421.8630482167,1,15.6352443695068,14.5998197542567,0.305466622114182,1115.25,-1.99630329675645,0,"Hofmann Forest","Hofmann Forest","Hofmann Forest1",NA
135,10,1.59552631578947,0,17.1899070739746,1682.97997340176,1,16.0856189727783,17.548804995046,0.408228307962418,1115.25,-1.99630329675645,0,"Hofmann Forest","Hofmann Forest","Hofmann Forest1",NA
136,10,1.363,1,16.8999996185303,20162.2292009034,1,16.1706981658936,21.0033542488136,0.325227707624435,1115.25,-1.99630329675645,0,"Hofmann Forest","Hofmann Forest","Hofmann Forest1",NA
137,10,1.363,1,16.8999996185303,24175.7902287721,1,15.9323806762695,16.8866843675417,0.412279307842255,1115.25,-1.99630329675645,0,"Hofmann Forest","Hofmann Forest","Hofmann Forest1",NA
138,10,1.41307692307692,1,17.1000003814697,24800.7931481693,1,15.6721830368042,13.773282925688,0.391976922750473,1115.25,-1.99630329675645,0,"Hofmann Forest","Hofmann Forest","Hofmann Forest1",NA
139,10,1.363,1,17.0994644165039,24175.7902287721,1,14.0264186859131,13.7761990842776,0.334783136844635,285.4,0.56445597479834,0,"Hofmann Forest","Hofmann Forest","Hofmann Forest1",NA
140,10,1.363,1,16.8970317840576,24175.7902287721,1,16.8223838806152,19.9314891437645,0.365867525339127,1115.25,-1.99630329675645,0,"Hofmann Forest","Hofmann Forest","Hofmann Forest1",NA
141,10,1.41307692307692,1,17.0000152587891,25318.142857925,1,16.3854160308838,17.3874397890645,0.392740428447723,1115.25,-1.99630329675645,0,"Hofmann Forest","Hofmann Forest","Hofmann Forest1",NA
142,10,1.363,1,16.9993858337402,24175.7902287721,1,16.1258239746094,14.5029619402041,0.429246187210083,285.4,0.56445597479834,0,"Hofmann Forest","Hofmann Forest","Hofmann Forest1",NA
143,10,1.363,1,16.9232025146484,24175.7902287721,1,16.4718246459961,14.869713511981,0.429254442453384,1115.25,-1.99630329675645,0,"Hofmann Forest","Hofmann Forest","Hofmann Forest1",NA
144,10,1.59285714285714,0,17.45237159729,931.025153863334,1,14.9665822982788,14.7849889385944,0.318316042423248,1115.25,-1.99630329675645,0,"Hofmann Forest","Hofmann Forest","Hofmann Forest1",NA
145,10,1.363,1,16.9954566955566,24175.7902287721,1,16.5610523223877,14.5889747387297,0.409353286027908,1115.25,-1.99630329675645,0,"Hofmann Forest","Hofmann Forest","Hofmann Forest1",NA
146,10,1.363,1,16.8999996185303,24175.7902287721,1,16.434154510498,14.6569093245346,0.412535786628723,1115.25,-1.99630329675645,0,"Hofmann Forest","Hofmann Forest","Hofmann Forest1",NA
147,10,1.363,1,16.8999996185303,24175.7902287721,1,16.6190032958984,16.0843024628347,0.413333743810654,1115.25,-1.99630329675645,0,"Hofmann Forest","Hofmann Forest","Hofmann Forest1",NA
148,10,1.363,1,16.7999992370605,24175.7902287721,1,17.6354637145996,19.9747895372081,0.414931088685989,1115.25,-1.99630329675645,0,"Hofmann Forest","Hofmann Forest","Hofmann Forest1",NA
149,10,1.363,1,17,24175.7902287721,1,16.4064426422119,13.9467774895349,0.405633360147476,1115.25,-1.99630329675645,0,"Hofmann Forest","Hofmann Forest","Hofmann Forest1",NA
150,10,1.363,1,17.0638084411621,24175.7902287721,1,15.7739534378052,13.2669512676084,0.391591399908066,1115.25,-1.99630329675645,0,"Hofmann Forest","Hofmann Forest","Hofmann Forest1",NA
151,10,1.363,1,16.8999996185303,24175.7902287721,1,16.0100173950195,16.296393435207,0.415917575359344,1115.25,-1.99630329675645,0,"Hofmann Forest","Hofmann Forest","Hofmann Forest1",NA
152,10,1.55454545454545,1,16.8854465484619,3631.02410626932,1,16.9732799530029,24.5319472139561,0.401799619197845,1115.25,-1.99630329675645,0,"Hofmann Forest","Hofmann Forest","Hofmann Forest1",NA
153,10,1.41307692307692,1,16.8999996185303,24186.578512045,1,15.7538843154907,15.8702642350572,0.423179537057877,1115.25,-1.99630329675645,0,"Hofmann Forest","Hofmann Forest","Hofmann Forest1",NA
154,10,1.363,1,16.9002151489258,24175.7902287721,1,16.7562217712402,17.3440710523143,0.402244418859482,1115.25,-1.99630329675645,0,"Hofmann Forest","Hofmann Forest","Hofmann Forest1",NA
155,10,1.57627450980392,1,17.389461517334,14807.7901028343,1,14.5583267211914,11.1332964948398,0.435121357440948,285.4,0.56445597479834,0,"Hofmann Forest","Hofmann Forest","Hofmann Forest1",NA
156,10,1.41307692307692,1,16.9075813293457,24573.5341335022,1,15.3728094100952,14.1671577331789,0.430599451065063,285.4,0.56445597479834,0,"Hofmann Forest","Hofmann Forest","Hofmann Forest1",NA
157,10,1.41307692307692,1,17,24210.7472824489,1,14.8782558441162,16.4835757584502,0.381855815649033,1115.25,-1.99630329675645,0,"Hofmann Forest","Hofmann Forest","Hofmann Forest1",NA
158,10,1.363,1,17.0992889404297,24175.7902287721,1,14.0888042449951,13.2565500012781,0.361881017684937,285.4,0.56445597479834,0,"Hofmann Forest","Hofmann Forest","Hofmann Forest1",NA
159,10,1.363,1,16.7469921112061,24175.7902287721,1,17.2544612884521,20.7294946318909,0.433190762996674,1115.25,-1.99630329675645,0,"Hofmann Forest","Hofmann Forest","Hofmann Forest1",NA
160,10,1.596,0,17.3727970123291,2434.3735977924,1,13.9112911224365,12.1361643979744,0.420870929956436,1115.25,-1.99630329675645,0,"Hofmann Forest","Hofmann Forest","Hofmann Forest1",NA
161,10,1.363,1,17,24175.7902287721,1,14.8389053344727,13.9331303153033,0.386936783790588,285.4,0.56445597479834,0,"Hofmann Forest","Hofmann Forest","Hofmann Forest1",NA
162,10,1.394375,1,17.2246398925781,36409.5581835947,1,15.2617483139038,10.445203935953,0.398364692926407,285.4,0.56445597479834,0,"Hofmann Forest","Hofmann Forest","Hofmann Forest1",NA
163,10,1.363,1,17.0047588348389,24175.7902287721,1,14.6939315795898,13.7803890861291,0.387748241424561,285.4,0.56445597479834,0,"Hofmann Forest","Hofmann Forest","Hofmann Forest1",NA
164,10,1.363,1,16.9999980926514,24175.7902287721,1,15.5629301071167,13.0430818117396,0.404777973890305,285.4,0.56445597479834,0,"Hofmann Forest","Hofmann Forest","Hofmann Forest1",NA
165,10,1.363,1,16.8999996185303,24175.7902287721,1,16.5775527954102,17.0683157528614,0.42568501830101,1115.25,-1.99630329675645,0,"Hofmann Forest","Hofmann Forest","Hofmann Forest1",NA
166,10,1.363,1,17.0848655700684,24175.7902287721,1,15.7912969589233,14.2037172407098,0.414575934410095,1115.25,-1.99630329675645,0,"Hofmann Forest","Hofmann Forest","Hofmann Forest1",NA
167,10,1.394375,1,17.0941715240479,36409.5581835947,1,15.366946220398,10.8269276027505,0.341232240200043,285.4,0.56445597479834,0,"Hofmann Forest","Hofmann Forest","Hofmann Forest1",NA
168,10,1.363,1,16.6999988555908,20162.2292009034,1,17.4672069549561,21.871512421381,0.421460896730423,1115.25,-1.99630329675645,0,"Hofmann Forest","Hofmann Forest","Hofmann Forest1",NA
169,10,1.55857142857143,0,17.3096332550049,5083.59478209646,1,15.2077407836914,13.8287101985118,0.388094663619995,1115.25,-1.99630329675645,0,"Hofmann Forest","Hofmann Forest","Hofmann Forest1",NA
170,10,1.394375,1,17.1755390167236,36409.5581835947,1,14.3481731414795,12.0123340585513,0.37431600689888,285.4,0.56445597479834,0,"Hofmann Forest","Hofmann Forest","Hofmann Forest1",NA
171,10,1.41307692307692,1,16.9835014343262,24573.5341335022,1,14.9868726730347,14.9184350233647,0.393106132745743,285.4,0.56445597479834,0,"Hofmann Forest","Hofmann Forest","Hofmann Forest1",NA
172,10,1.363,1,16.9380912780762,24175.7902287721,1,16.3920764923096,13.6892377567626,0.403771787881851,285.4,0.56445597479834,0,"Hofmann Forest","Hofmann Forest","Hofmann Forest1",NA
173,10,1.363,1,17,24175.7902287721,1,16.0757122039795,12.8505990098403,0.404558807611465,285.4,0.56445597479834,0,"Hofmann Forest","Hofmann Forest","Hofmann Forest1",NA
174,10,1.363,1,16.7000007629395,44338.0194296756,1,17.3545360565186,21.17881824301,0.417113453149796,1115.25,-1.99630329675645,0,"Hofmann Forest","Hofmann Forest","Hofmann Forest1",NA
175,10,1.363,1,16.8999996185303,24175.7902287721,1,16.3710670471191,15.5050799114734,0.442141830921173,1115.25,-1.99630329675645,0,"Hofmann Forest","Hofmann Forest","Hofmann Forest1",NA
176,10,1.363,1,16.8999996185303,24175.7902287721,1,15.4809503555298,14.8836657645445,0.425127476453781,285.4,0.56445597479834,0,"Hofmann Forest","Hofmann Forest","Hofmann Forest1",NA
177,10,1.363,1,16.8291721343994,24175.7902287721,1,17.1035671234131,18.7388942116245,0.404357463121414,1115.25,-1.99630329675645,0,"Hofmann Forest","Hofmann Forest","Hofmann Forest1",NA
178,10,1.363,1,16.8999977111816,20162.2292009034,1,16.1249866485596,21.2959730147668,0.298594951629639,1115.25,-1.99630329675645,0,"Hofmann Forest","Hofmann Forest","Hofmann Forest1",NA
179,10,1.363,1,17,24175.7902287721,1,15.5013742446899,13.6349606571275,0.412684977054596,285.4,0.56445597479834,0,"Hofmann Forest","Hofmann Forest","Hofmann Forest1",NA
180,10,1.363,1,16.9991626739502,24175.7902287721,1,16.3593463897705,13.9153253778485,0.427565604448318,1115.25,-1.99630329675645,0,"Hofmann Forest","Hofmann Forest","Hofmann Forest1",NA
181,10,1.363,1,17.0000019073486,24175.7902287721,1,16.3847713470459,13.0269980158262,0.410123586654663,285.4,0.56445597479834,0,"Hofmann Forest","Hofmann Forest","Hofmann Forest1",NA
182,10,1.363,1,17,24175.7902287721,1,15.192289352417,15.3704049960685,0.42182919383049,285.4,0.56445597479834,0,"Hofmann Forest","Hofmann Forest","Hofmann Forest1",NA
183,10,1.363,1,16.9284420013428,24175.7902287721,1,16.5098457336426,15.0965600889415,0.419784009456635,1115.25,-1.99630329675645,0,"Hofmann Forest","Hofmann Forest","Hofmann Forest1",NA
184,10,1.363,1,16.7003593444824,44338.0194296756,1,17.2535972595215,20.9199045550702,0.428766131401062,1115.25,-1.99630329675645,0,"Hofmann Forest","Hofmann Forest","Hofmann Forest1",NA
185,10,1.57487804878049,1,17.302131652832,14113.2900048214,1,14.8731021881104,11.4391028026997,0.432416290044785,285.4,0.56445597479834,0,"Hofmann Forest","Hofmann Forest","Hofmann Forest1",NA
186,10,1.394375,1,17.2000007629395,36409.5581835947,1,15.7362480163574,12.9995750892958,0.362746745347977,1115.25,-1.99630329675645,0,"Hofmann Forest","Hofmann Forest","Hofmann Forest1",NA
187,10,1.57627450980392,1,17.2999992370605,14807.7901028343,1,14.8637914657593,12.107310393664,0.421766430139542,1115.25,-1.99630329675645,0,"Hofmann Forest","Hofmann Forest","Hofmann Forest1",NA
188,10,1.363,1,16.8838958740234,44338.0194296756,1,16.4754428863525,20.582765504466,0.358922123908997,1115.25,-1.99630329675645,0,"Hofmann Forest","Hofmann Forest","Hofmann Forest1",NA
189,10,1.394375,1,16.9875869750977,25957.0487572377,1,16.6084308624268,21.2488939203758,0.420257180929184,1115.25,-1.99630329675645,0,"Hofmann Forest","Hofmann Forest","Hofmann Forest1",NA
190,10,1.363,1,16.8999996185303,20162.2292009034,1,16.202693939209,20.5234035186667,0.384514421224594,1115.25,-1.99630329675645,0,"Hofmann Forest","Hofmann Forest","Hofmann Forest1",NA
191,10,1.363,1,16.7888927459717,20162.2292009034,1,17.3780879974365,22.7701371494637,0.419546872377396,1115.25,-1.99630329675645,0,"Hofmann Forest","Hofmann Forest","Hofmann Forest1",NA
192,10,1.363,1,16.795036315918,24175.7902287721,1,17.4644756317139,20.6003785506453,0.42955955862999,1115.25,-1.99630329675645,0,"Hofmann Forest","Hofmann Forest","Hofmann Forest1",NA
193,10,1.363,1,16.8999996185303,24175.7902287721,1,15.9311475753784,18.0868591203504,0.363123774528503,1115.25,-1.99630329675645,0,"Hofmann Forest","Hofmann Forest","Hofmann Forest1",NA
194,10,1.363,1,16.9291877746582,24175.7902287721,1,16.5565204620361,14.799254362673,0.416610389947891,1115.25,-1.99630329675645,0,"Hofmann Forest","Hofmann Forest","Hofmann Forest1",NA
195,10,1.363,1,16.863260269165,24175.7902287721,1,16.9796142578125,19.9221940903721,0.40721783041954,1115.25,-1.99630329675645,0,"Hofmann Forest","Hofmann Forest","Hofmann Forest1",NA
196,10,1.394375,1,17.2905864715576,36409.5581835947,1,15.2538919448853,9.99234985289609,0.411925047636032,285.4,0.56445597479834,0,"Hofmann Forest","Hofmann Forest","Hofmann Forest1",NA
197,10,1.363,1,17.0934638977051,20162.2292009034,1,15.7708473205566,22.258347406642,0.410734742879868,1115.25,-1.99630329675645,0,"Hofmann Forest","Hofmann Forest","Hofmann Forest1",NA
198,10,1.363,1,16.996114730835,24175.7902287721,1,16.4829158782959,13.8055489252022,0.419640690088272,285.4,0.56445597479834,0,"Hofmann Forest","Hofmann Forest","Hofmann Forest1",NA
199,10,1.363,1,16.82297706604,20162.2292009034,1,16.8220977783203,24.0968120873019,0.406072348356247,1115.25,-1.99630329675645,0,"Hofmann Forest","Hofmann Forest","Hofmann Forest1",NA
200,10,1.363,1,16.9838123321533,24175.7902287721,1,15.6392097473145,16.3830145038605,0.43409737944603,1115.25,-1.99630329675645,0,"Hofmann Forest","Hofmann Forest","Hofmann Forest1",NA
201,10,1.54173913043478,1,17.3585739135742,12389.2200588296,1,15.0943489074707,10.3634922459241,0.390768200159073,285.4,0.56445597479834,0,"Hofmann Forest","Hofmann Forest","Hofmann Forest1",NA
202,10,1.363,1,16.7999992370605,20162.2292009034,1,16.8143749237061,23.7453018569083,0.398788094520569,1115.25,-1.99630329675645,0,"Hofmann Forest","Hofmann Forest","Hofmann Forest1",NA
203,10,1.363,1,16.8533058166504,20162.2292009034,1,16.8350296020508,23.5286625802405,0.391307026147842,1115.25,-1.99630329675645,0,"Hofmann Forest","Hofmann Forest","Hofmann Forest1",NA
204,10,1.363,1,16.9999980926514,24175.7902287721,1,15.6975317001343,13.2358489670116,0.412902891635895,285.4,0.56445597479834,0,"Hofmann Forest","Hofmann Forest","Hofmann Forest1",NA
205,10,1.363,1,16.7999992370605,20162.2292009034,1,16.8671531677246,23.6849910289182,0.408122390508652,1115.25,-1.99630329675645,0,"Hofmann Forest","Hofmann Forest","Hofmann Forest1",NA
206,10,1.54173913043478,1,17.2317237854004,13420.4730730855,1,15.4162321090698,12.5393899144831,0.399177193641663,1115.25,-1.99630329675645,0,"Hofmann Forest","Hofmann Forest","Hofmann Forest1",NA
207,10,1.363,1,16.8999996185303,24175.7902287721,1,16.5680522918701,15.2076302928817,0.419616878032684,1115.25,-1.99630329675645,0,"Hofmann Forest","Hofmann Forest","Hofmann Forest1",NA
208,10,1.41307692307692,1,16.8997116088867,25318.142857925,1,16.740306854248,18.5914924432172,0.39877313375473,1115.25,-1.99630329675645,0,"Hofmann Forest","Hofmann Forest","Hofmann Forest1",NA
209,10,1.363,1,16.8999996185303,24175.7902287721,1,16.0411052703857,15.9304317027373,0.419260740280151,1115.25,-1.99630329675645,0,"Hofmann Forest","Hofmann Forest","Hofmann Forest1",NA
210,10,1.363,1,17,24175.7902287721,1,15.8352546691895,12.7953260845531,0.411242723464966,285.4,0.56445597479834,0,"Hofmann Forest","Hofmann Forest","Hofmann Forest1",NA
211,10,1.363,1,16.8999996185303,20162.2292009034,1,15.8649425506592,21.2489030566357,0.240534782409668,1115.25,-1.99630329675645,0,"Hofmann Forest","Hofmann Forest","Hofmann Forest1",NA
212,10,1.363,1,17,24175.7902287721,1,16.3489112854004,12.9119393371905,0.412874132394791,1115.25,-1.99630329675645,0,"Hofmann Forest","Hofmann Forest","Hofmann Forest1",NA
213,10,1.44684210526316,1,16.941930770874,23649.0384122518,1,16.5026340484619,24.5250606831652,0.420602113008499,1115.25,-1.99630329675645,0,"Hofmann Forest","Hofmann Forest","Hofmann Forest1",NA
214,10,1.363,1,16.8999996185303,24175.7902287721,1,16.7041645050049,16.4641501024101,0.438650786876678,1115.25,-1.99630329675645,0,"Hofmann Forest","Hofmann Forest","Hofmann Forest1",NA
215,10,1.41307692307692,1,16.9692268371582,24210.7472824489,1,15.407247543335,16.3639926037017,0.408874571323395,1115.25,-1.99630329675645,0,"Hofmann Forest","Hofmann Forest","Hofmann Forest1",NA
216,10,1.363,1,16.8995037078857,24175.7902287721,1,16.773567199707,18.8196538322632,0.425441652536392,1115.25,-1.99630329675645,0,"Hofmann Forest","Hofmann Forest","Hofmann Forest1",NA
217,10,1.421875,1,16.7981109619141,20341.3734344337,1,16.9241714477539,23.7185471693785,0.403311282396317,1115.25,-1.99630329675645,0,"Hofmann Forest","Hofmann Forest","Hofmann Forest1",NA
218,10,1.48757575757576,1,17.3759078979492,37596.2633018576,1,15.4836463928223,13.0217084834993,0.389072000980377,1115.25,-1.99630329675645,0,"Hofmann Forest","Hofmann Forest","Hofmann Forest1",NA
219,10,1.363,1,17.0134582519531,24175.7902287721,1,16.1811027526855,13.3645070283449,0.425237625837326,1115.25,-1.99630329675645,0,"Hofmann Forest","Hofmann Forest","Hofmann Forest1",NA
220,10,1.363,1,17,24175.7902287721,1,15.8882341384888,12.3597082482382,0.410663455724716,285.4,0.56445597479834,0,"Hofmann Forest","Hofmann Forest","Hofmann Forest1",NA
221,10,1.41307692307692,1,16.9529132843018,23469.8941787215,1,16.4739151000977,22.9951600401779,0.368038505315781,1115.25,-1.99630329675645,0,"Hofmann Forest","Hofmann Forest","Hofmann Forest1",NA
222,10,1.41307692307692,1,17.2051181793213,24800.7931481693,1,15.4417858123779,13.5189870457382,0.276638954877853,1115.25,-1.99630329675645,0,"Hofmann Forest","Hofmann Forest","Hofmann Forest1",NA
223,10,1.363,1,16.8999996185303,20162.2292009034,1,16.736837387085,23.3735695590657,0.380038559436798,1115.25,-1.99630329675645,0,"Hofmann Forest","Hofmann Forest","Hofmann Forest1",NA
224,10,1.363,1,16.8769645690918,24175.7902287721,1,16.779203414917,17.6679467609249,0.408374726772308,1115.25,-1.99630329675645,0,"Hofmann Forest","Hofmann Forest","Hofmann Forest1",NA
225,10,1.5472,1,17.1000003814697,777.917499463262,1,15.0715255737305,15.5943251824471,0.430047780275345,1115.25,-1.99630329675645,0,"Hofmann Forest","Hofmann Forest","Hofmann Forest1",NA
226,10,1.41307692307692,1,16.8610076904297,24256.6365422887,1,16.8052730560303,20.0482044027789,0.399727523326874,1115.25,-1.99630329675645,0,"Hofmann Forest","Hofmann Forest","Hofmann Forest1",NA
227,10,1.41307692307692,1,17.1020927429199,24800.7931481693,1,15.624716758728,13.9202321309005,0.408781230449677,1115.25,-1.99630329675645,0,"Hofmann Forest","Hofmann Forest","Hofmann Forest1",NA
228,10,1.61714285714286,0,17.4075775146484,821.131818188699,1,15.2864923477173,15.0071001167396,0.375242292881012,1115.25,-1.99630329675645,0,"Hofmann Forest","Hofmann Forest","Hofmann Forest1",NA
229,10,1.394375,1,17.2000007629395,36409.5581835947,1,15.3559837341309,10.880038681827,0.327249586582184,285.4,0.56445597479834,0,"Hofmann Forest","Hofmann Forest","Hofmann Forest1",NA
230,10,1.60464285714286,0,17.3999996185303,779.633845264642,1,14.6787462234497,12.4569800792116,0.422480314970016,1115.25,-1.99630329675645,0,"Hofmann Forest","Hofmann Forest","Hofmann Forest1",NA
231,10,1.58,0,16.9999885559082,3632.83044004077,1,16.6095161437988,22.5901805622298,0.389742791652679,1115.25,-1.99630329675645,0,"Hofmann Forest","Hofmann Forest","Hofmann Forest1",NA
232,10,1.363,1,17.0309295654297,24175.7902287721,1,15.5547180175781,18.8641002999733,0.382631152868271,1115.25,-1.99630329675645,0,"Hofmann Forest","Hofmann Forest","Hofmann Forest1",NA
233,10,1.363,1,17,24175.7902287721,1,15.804443359375,13.1147804729279,0.41130667924881,285.4,0.56445597479834,0,"Hofmann Forest","Hofmann Forest","Hofmann Forest1",NA
234,10,1.57627450980392,1,17.3970832824707,14807.7901028343,1,14.8752107620239,12.6916974279607,0.430244892835617,1115.25,-1.99630329675645,0,"Hofmann Forest","Hofmann Forest","Hofmann Forest1",NA
235,10,1.363,1,16.9415016174316,24175.7902287721,1,16.3883171081543,14.4617314600155,0.416757732629776,1115.25,-1.99630329675645,0,"Hofmann Forest","Hofmann Forest","Hofmann Forest1",NA
236,10,1.363,1,17,24175.7902287721,1,16.3046264648438,13.6121852523177,0.40403163433075,285.4,0.56445597479834,0,"Hofmann Forest","Hofmann Forest","Hofmann Forest1",NA
237,10,1.363,1,16.8999996185303,20162.2292009034,1,15.9161338806152,20.8966925333818,0.324637651443481,1115.25,-1.99630329675645,0,"Hofmann Forest","Hofmann Forest","Hofmann Forest1",NA
238,10,1.363,1,17,24175.7902287721,1,13.9396371841431,14.9909371231974,0.416461855173111,285.4,0.56445597479834,0,"Hofmann Forest","Hofmann Forest","Hofmann Forest1",NA
239,10,1.363,1,17,24175.7902287721,1,16.4070014953613,13.6186096694405,0.402387619018555,285.4,0.56445597479834,0,"Hofmann Forest","Hofmann Forest","Hofmann Forest1",NA
240,10,1.363,1,16.9011516571045,24175.7902287721,1,16.7277889251709,20.933968491255,0.410609811544418,1115.25,-1.99630329675645,0,"Hofmann Forest","Hofmann Forest","Hofmann Forest1",NA
241,10,1.363,1,17,24175.7902287721,1,15.8150568008423,12.8863803018926,0.413865387439728,285.4,0.56445597479834,0,"Hofmann Forest","Hofmann Forest","Hofmann Forest1",NA
242,10,1.59685714285714,0,17.3908500671387,1879.52204999885,1,14.738920211792,10.4719258618048,0.420878320932388,285.4,0.56445597479834,0,"Hofmann Forest","Hofmann Forest","Hofmann Forest1",NA
243,10,1.394375,1,17.0968170166016,36409.5581835947,1,14.4832572937012,12.4938622453337,0.407543838024139,285.4,0.56445597479834,0,"Hofmann Forest","Hofmann Forest","Hofmann Forest1",NA
244,10,1.44666666666667,1,17.258752822876,12233.7679548225,1,15.4747486114502,10.6650250802755,0.323040544986725,285.4,0.56445597479834,0,"Hofmann Forest","Hofmann Forest","Hofmann Forest1",NA
245,10,1.363,1,16.7999992370605,20162.2292009034,1,16.7845306396484,23.8339035136222,0.423002511262894,1115.25,-1.99630329675645,0,"Hofmann Forest","Hofmann Forest","Hofmann Forest1",NA
246,10,1.363,1,17.1805057525635,24175.7902287721,1,15.3652725219727,12.1694447553523,0.410083144903183,285.4,0.56445597479834,0,"Hofmann Forest","Hofmann Forest","Hofmann Forest1",NA
247,10,1.363,1,16.8054275512695,24175.7902287721,1,16.8036479949951,17.4054590724096,0.42201554775238,1115.25,-1.99630329675645,0,"Hofmann Forest","Hofmann Forest","Hofmann Forest1",NA
248,10,1.58,0,17.3356456756592,625.002919397116,1,15.5795564651489,13.6498320919603,0.402926981449127,1115.25,-1.99630329675645,0,"Hofmann Forest","Hofmann Forest","Hofmann Forest1",NA
249,10,1.58,0,16.9675846099854,3307.66497781808,1,16.3346042633057,23.6530597162566,0.40509158372879,1115.25,-1.99630329675645,0,"Hofmann Forest","Hofmann Forest","Hofmann Forest1",NA
250,10,1.363,1,17,24175.7902287721,1,13.9787244796753,16.3655290371298,0.443553656339645,285.4,0.56445597479834,0,"Hofmann Forest","Hofmann Forest","Hofmann Forest1",NA
251,10,1.363,1,17.0015640258789,24175.7902287721,1,15.4582204818726,12.5816797370591,0.414571672677994,285.4,0.56445597479834,0,"Hofmann Forest","Hofmann Forest","Hofmann Forest1",NA
252,10,1.363,1,17.0469436645508,24175.7902287721,1,13.5895719528198,15.197869664555,0.41019681096077,285.4,0.56445597479834,0,"Hofmann Forest","Hofmann Forest","Hofmann Forest1",NA
253,10,1.363,1,16.8999996185303,20162.2292009034,1,15.9008293151855,20.4215446048108,0.448137849569321,1115.25,-1.99630329675645,0,"Hofmann Forest","Hofmann Forest","Hofmann Forest1",NA
254,10,1.363,1,16.8999996185303,24175.7902287721,1,16.6135540008545,15.680436065823,0.426456868648529,1115.25,-1.99630329675645,0,"Hofmann Forest","Hofmann Forest","Hofmann Forest1",NA
255,10,1.363,1,17,24175.7902287721,1,15.8585662841797,12.4002055966796,0.408269584178925,285.4,0.56445597479834,0,"Hofmann Forest","Hofmann Forest","Hofmann Forest1",NA
256,10,1.363,1,17,24175.7902287721,1,15.7188482284546,11.6566684943311,0.408822596073151,285.4,0.56445597479834,0,"Hofmann Forest","Hofmann Forest","Hofmann Forest1",NA
257,10,1.363,1,16.9770851135254,24175.7902287721,1,15.1904258728027,14.927328131839,0.412657350301743,285.4,0.56445597479834,0,"Hofmann Forest","Hofmann Forest","Hofmann Forest1",NA
258,10,1.394375,1,17.0115089416504,24421.8630482167,1,15.5865345001221,15.4520958098244,0.446541100740433,1115.25,-1.99630329675645,0,"Hofmann Forest","Hofmann Forest","Hofmann Forest1",NA
259,10,1.363,1,16.8637046813965,20162.2292009034,1,16.9871673583984,23.0415024977441,0.425719022750854,1115.25,-1.99630329675645,0,"Hofmann Forest","Hofmann Forest","Hofmann Forest1",NA
260,10,1.363,1,17.0660285949707,24175.7902287721,1,16.0088863372803,11.74343418408,0.397389322519302,285.4,0.56445597479834,0,"Hofmann Forest","Hofmann Forest","Hofmann Forest1",NA
261,10,1.363,1,16.8999996185303,24175.7902287721,1,16.1699028015137,17.3209692646078,0.450987547636032,1115.25,-1.99630329675645,0,"Hofmann Forest","Hofmann Forest","Hofmann Forest1",NA
262,10,1.363,1,17.0312595367432,20162.2292009034,1,15.8275327682495,20.1380624586919,0.372290283441544,1115.25,-1.99630329675645,0,"Hofmann Forest","Hofmann Forest","Hofmann Forest1",NA
263,10,1.59685714285714,0,17.4860172271729,1271.83886551464,1,15.9648962020874,12.9112510704468,0.414979338645935,1115.25,-1.99630329675645,0,"Hofmann Forest","Hofmann Forest","Hofmann Forest1",NA
264,10,1.363,1,16.8999996185303,24175.7902287721,1,16.628942489624,15.4974212435939,0.440791636705399,1115.25,-1.99630329675645,0,"Hofmann Forest","Hofmann Forest","Hofmann Forest1",NA
265,10,1.363,1,17,24175.7902287721,1,15.3432960510254,13.4025582412105,0.403279572725296,285.4,0.56445597479834,0,"Hofmann Forest","Hofmann Forest","Hofmann Forest1",NA
266,10,1.363,1,17,24175.7902287721,1,15.8537397384644,12.2617126749702,0.396132498979568,285.4,0.56445597479834,0,"Hofmann Forest","Hofmann Forest","Hofmann Forest1",NA
267,10,1.363,1,16.7607803344727,20162.2292009034,1,17.4831962585449,21.995502332025,0.416450291872025,1115.25,-1.99630329675645,0,"Hofmann Forest","Hofmann Forest","Hofmann Forest1",NA
268,10,1.41307692307692,1,16.9484844207764,47970.8498697163,1,17.0157604217529,22.0213224291282,0.434321701526642,1115.25,-1.99630329675645,0,"Hofmann Forest","Hofmann Forest","Hofmann Forest1",NA
269,10,1.394375,1,17,24490.0857646151,1,14.3694229125977,16.5849468530474,0.38340961933136,1115.25,-1.99630329675645,0,"Hofmann Forest","Hofmann Forest","Hofmann Forest1",NA
270,10,1.363,1,17.1999988555908,24175.7902287721,1,13.5340843200684,13.0355167963561,0.415272921323776,285.4,0.56445597479834,0,"Hofmann Forest","Hofmann Forest","Hofmann Forest1",NA
271,10,1.363,1,16.8999996185303,24175.7902287721,1,16.6328907012939,16.2937637393343,0.409893363714218,1115.25,-1.99630329675645,0,"Hofmann Forest","Hofmann Forest","Hofmann Forest1",NA
272,10,1.363,1,16.8999996185303,24175.7902287721,1,16.6038932800293,16.7574154364949,0.44171267747879,1115.25,-1.99630329675645,0,"Hofmann Forest","Hofmann Forest","Hofmann Forest1",NA
273,10,1.421875,1,16.7761058807373,20341.3734344337,1,16.8799800872803,23.2482971117349,0.419659376144409,1115.25,-1.99630329675645,0,"Hofmann Forest","Hofmann Forest","Hofmann Forest1",NA
274,10,1.592,0,17.3131294250488,686.685503485356,1,15.3383769989014,13.8584847867969,0.389252603054047,1115.25,-1.99630329675645,0,"Hofmann Forest","Hofmann Forest","Hofmann Forest1",NA
275,10,1.363,1,17,24175.7902287721,1,14.6091575622559,15.3071806553105,0.410523295402527,285.4,0.56445597479834,0,"Hofmann Forest","Hofmann Forest","Hofmann Forest1",NA
276,10,1.363,1,17.1371002197266,24175.7902287721,1,15.2874126434326,11.360297103511,0.349468767642975,285.4,0.56445597479834,0,"Hofmann Forest","Hofmann Forest","Hofmann Forest1",NA
277,10,1.363,1,16.7000007629395,44338.0194296756,1,17.384765625,21.9739600877832,0.417822629213333,1115.25,-1.99630329675645,0,"Hofmann Forest","Hofmann Forest","Hofmann Forest1",NA
278,10,1.363,1,17.0820903778076,24175.7902287721,1,13.8743915557861,14.2088914928766,0.369384795427322,285.4,0.56445597479834,0,"Hofmann Forest","Hofmann Forest","Hofmann Forest1",NA
279,10,1.363,1,16.7936191558838,44338.0194296756,1,17.2847366333008,20.8277868315021,0.418844282627106,1115.25,-1.99630329675645,0,"Hofmann Forest","Hofmann Forest","Hofmann Forest1",NA
280,10,1.363,1,16.7999992370605,20162.2292009034,1,16.801887512207,23.3549019075031,0.441722571849823,1115.25,-1.99630329675645,0,"Hofmann Forest","Hofmann Forest","Hofmann Forest1",NA
281,10,1.363,1,16.7641429901123,20162.2292009034,1,17.3205795288086,23.3114469421964,0.422132074832916,1115.25,-1.99630329675645,0,"Hofmann Forest","Hofmann Forest","Hofmann Forest1",NA
282,10,1.363,1,17.1271991729736,24175.7902287721,1,13.7744312286377,12.7320082357348,0.394226938486099,285.4,0.56445597479834,0,"Hofmann Forest","Hofmann Forest","Hofmann Forest1",NA
283,10,1.363,1,16.8799533843994,24175.7902287721,1,16.7051105499268,15.896880826107,0.410274356603622,1115.25,-1.99630329675645,0,"Hofmann Forest","Hofmann Forest","Hofmann Forest1",NA
284,10,1.363,1,16.8622150421143,24175.7902287721,1,17.1721019744873,19.7105721530359,0.421495497226715,1115.25,-1.99630329675645,0,"Hofmann Forest","Hofmann Forest","Hofmann Forest1",NA
285,10,1.363,1,17.1000003814697,20162.2292009034,1,15.4320659637451,20.9992664612976,0.440595954656601,1115.25,-1.99630329675645,0,"Hofmann Forest","Hofmann Forest","Hofmann Forest1",NA
286,10,1.41307692307692,1,16.9476985931396,25318.142857925,1,16.677604675293,18.0047147741417,0.392026245594025,1115.25,-1.99630329675645,0,"Hofmann Forest","Hofmann Forest","Hofmann Forest1",NA
287,10,1.363,1,16.8011932373047,24175.7902287721,1,16.9080448150635,18.9059531211911,0.412708789110184,1115.25,-1.99630329675645,0,"Hofmann Forest","Hofmann Forest","Hofmann Forest1",NA
288,10,1.363,1,16.8999996185303,20162.2292009034,1,16.0577545166016,20.472531759614,0.406805008649826,1115.25,-1.99630329675645,0,"Hofmann Forest","Hofmann Forest","Hofmann Forest1",NA
289,10,1.363,1,16.8999996185303,20162.2292009034,1,16.2325496673584,22.2692381312098,0.425736904144287,1115.25,-1.99630329675645,0,"Hofmann Forest","Hofmann Forest","Hofmann Forest1",NA
290,10,1.363,1,16.8999996185303,24175.7902287721,1,16.5904712677002,15.5311541592425,0.420722305774689,1115.25,-1.99630329675645,0,"Hofmann Forest","Hofmann Forest","Hofmann Forest1",NA
291,10,1.363,1,16.8000011444092,24175.7902287721,1,17.5255393981934,20.3320843455188,0.421999037265778,1115.25,-1.99630329675645,0,"Hofmann Forest","Hofmann Forest","Hofmann Forest1",NA
292,10,1.363,1,16.8999996185303,24175.7902287721,1,16.034236907959,15.6158395578886,0.431800872087479,1115.25,-1.99630329675645,0,"Hofmann Forest","Hofmann Forest","Hofmann Forest1",NA
293,10,1.363,1,16.7999992370605,24175.7902287721,1,17.4709701538086,19.2932597836486,0.423224300146103,1115.25,-1.99630329675645,0,"Hofmann Forest","Hofmann Forest","Hofmann Forest1",NA
294,10,1.58,0,17.3891849517822,625.002919397116,1,15.5246210098267,13.8165091759918,0.398702025413513,1115.25,-1.99630329675645,0,"Hofmann Forest","Hofmann Forest","Hofmann Forest1",NA
295,10,1.363,1,17.1000003814697,24175.7902287721,1,15.7353858947754,10.88394215465,0.418701648712158,285.4,0.56445597479834,0,"Hofmann Forest","Hofmann Forest","Hofmann Forest1",NA
296,10,1.363,1,17,24175.7902287721,1,15.8561735153198,12.0415713587183,0.408608615398407,285.4,0.56445597479834,0,"Hofmann Forest","Hofmann Forest","Hofmann Forest1",NA
297,10,1.41307692307692,1,17.065601348877,24573.5341335022,1,14.0779275894165,15.0827833867684,0.428582429885864,285.4,0.56445597479834,0,"Hofmann Forest","Hofmann Forest","Hofmann Forest1",NA
298,10,1.363,1,17.1293392181396,24175.7902287721,1,13.4200859069824,13.6806018624963,0.405009001493454,285.4,0.56445597479834,0,"Hofmann Forest","Hofmann Forest","Hofmann Forest1",NA
299,10,1.363,1,17,24175.7902287721,1,15.7187795639038,13.268771836827,0.425620764493942,285.4,0.56445597479834,0,"Hofmann Forest","Hofmann Forest","Hofmann Forest1",NA
300,10,1.41307692307692,1,17.0959186553955,25318.142857925,1,16.3184490203857,16.8196759345617,0.425835818052292,1115.25,-1.99630329675645,0,"Hofmann Forest","Hofmann Forest","Hofmann Forest1",NA
301,10,1.363,1,17.1244945526123,24175.7902287721,1,13.8734865188599,14.4193118154423,0.385070234537125,285.4,0.56445597479834,0,"Hofmann Forest","Hofmann Forest","Hofmann Forest1",NA
302,10,1.363,1,16.9538726806641,24175.7902287721,1,16.3879852294922,15.1745237249361,0.427903354167938,1115.25,-1.99630329675645,0,"Hofmann Forest","Hofmann Forest","Hofmann Forest1",NA
303,10,1.363,1,17.0528964996338,20162.2292009034,1,16.0850524902344,22.5687531727806,0.422892332077026,1115.25,-1.99630329675645,0,"Hofmann Forest","Hofmann Forest","Hofmann Forest1",NA
304,10,1.363,1,17.1000003814697,24175.7902287721,1,14.0635824203491,12.4802069858352,0.357115477323532,285.4,0.56445597479834,0,"Hofmann Forest","Hofmann Forest","Hofmann Forest1",NA
305,10,1.363,1,16.8056125640869,24175.7902287721,1,16.7631778717041,16.7586202517368,0.425734281539917,1115.25,-1.99630329675645,0,"Hofmann Forest","Hofmann Forest","Hofmann Forest1",NA
306,10,1.363,1,17.0000019073486,24175.7902287721,1,16.3322086334229,12.8167401919794,0.420070350170135,285.4,0.56445597479834,0,"Hofmann Forest","Hofmann Forest","Hofmann Forest1",NA
307,10,1.363,1,16.8999996185303,24175.7902287721,1,17.2484722137451,20.5400467465742,0.406749576330185,1115.25,-1.99630329675645,0,"Hofmann Forest","Hofmann Forest","Hofmann Forest1",NA
308,10,1.363,1,16.7999992370605,24175.7902287721,1,17.0318832397461,18.251477182553,0.428692758083344,1115.25,-1.99630329675645,0,"Hofmann Forest","Hofmann Forest","Hofmann Forest1",NA
309,10,1.59270833333333,0,17.4084453582764,2591.34188292474,1,15.5171689987183,12.8005447119502,0.352930158376694,1115.25,-1.99630329675645,0,"Hofmann Forest","Hofmann Forest","Hofmann Forest1",NA
310,10,1.363,1,17,24175.7902287721,1,14.5283622741699,14.327954927824,0.38113659620285,285.4,0.56445597479834,0,"Hofmann Forest","Hofmann Forest","Hofmann Forest1",NA
311,10,1.363,1,17.1026248931885,24175.7902287721,1,15.3650922775269,10.2836902737407,0.407167583703995,285.4,0.56445597479834,0,"Hofmann Forest","Hofmann Forest","Hofmann Forest1",NA
312,10,1.41307692307692,1,16.8844203948975,23469.8941787215,1,16.5108509063721,23.5855794930002,0.358586251735687,1115.25,-1.99630329675645,0,"Hofmann Forest","Hofmann Forest","Hofmann Forest1",NA
313,10,1.394375,1,16.8999996185303,24421.8630482167,1,16.6766357421875,16.355102718136,0.414433270692825,1115.25,-1.99630329675645,0,"Hofmann Forest","Hofmann Forest","Hofmann Forest1",NA
314,10,1.363,1,16.8993644714355,24175.7902287721,1,16.6318950653076,19.0558798277559,0.411564618349075,1115.25,-1.99630329675645,0,"Hofmann Forest","Hofmann Forest","Hofmann Forest1",NA
315,10,1.363,1,17,24175.7902287721,1,16.4248580932617,14.0145706721765,0.413232147693634,1115.25,-1.99630329675645,0,"Hofmann Forest","Hofmann Forest","Hofmann Forest1",NA
316,10,1.41307692307692,1,17.0000019073486,24500.9556909948,1,16.6036987304688,22.1784747887278,0.409282952547073,1115.25,-1.99630329675645,0,"Hofmann Forest","Hofmann Forest","Hofmann Forest1",NA
317,10,1.363,1,17,24175.7902287721,1,15.2722043991089,16.7654687767591,0.399114519357681,1115.25,-1.99630329675645,0,"Hofmann Forest","Hofmann Forest","Hofmann Forest1",NA
318,10,1.363,1,16.8999996185303,24175.7902287721,1,15.557785987854,17.5039971562977,0.376378327608109,1115.25,-1.99630329675645,0,"Hofmann Forest","Hofmann Forest","Hofmann Forest1",NA
319,10,1.363,1,17.1000003814697,44338.0194296756,1,15.6000003814697,19.4171300490066,0.391186743974686,1115.25,-1.99630329675645,0,"Hofmann Forest","Hofmann Forest","Hofmann Forest1",NA
320,10,1.363,1,16.907735824585,24175.7902287721,1,15.3992319107056,15.2638694904894,0.416551411151886,285.4,0.56445597479834,0,"Hofmann Forest","Hofmann Forest","Hofmann Forest1",NA
321,10,1.41307692307692,1,16.8924140930176,24256.6365422887,1,16.7494697570801,19.7733987393694,0.408076584339142,1115.25,-1.99630329675645,0,"Hofmann Forest","Hofmann Forest","Hofmann Forest1",NA
322,10,1.41307692307692,1,17.1399402618408,24800.7931481693,1,15.5426445007324,14.3547682638111,0.370173960924149,1115.25,-1.99630329675645,0,"Hofmann Forest","Hofmann Forest","Hofmann Forest1",NA
323,10,1.394375,1,17.1849727630615,36409.5581835947,1,15.5406141281128,11.3910578156494,0.319136291742325,285.4,0.56445597479834,0,"Hofmann Forest","Hofmann Forest","Hofmann Forest1",NA
324,10,1.363,1,16.8098049163818,24175.7902287721,1,16.69602394104,16.3296436085838,0.437857240438461,1115.25,-1.99630329675645,0,"Hofmann Forest","Hofmann Forest","Hofmann Forest1",NA
325,10,1.363,1,17.111499786377,24175.7902287721,1,15.7745151519775,11.0818288285267,0.417501747608185,285.4,0.56445597479834,0,"Hofmann Forest","Hofmann Forest","Hofmann Forest1",NA
326,10,1.363,1,16.801887512207,20162.2292009034,1,17.1865119934082,23.254122330888,0.426653385162354,1115.25,-1.99630329675645,0,"Hofmann Forest","Hofmann Forest","Hofmann Forest1",NA
327,10,1.58,0,17.341136932373,625.002919397116,1,15.3399095535278,14.4590107305692,0.307102501392365,1115.25,-1.99630329675645,0,"Hofmann Forest","Hofmann Forest","Hofmann Forest1",NA
328,10,1.363,1,17.0985774993896,24175.7902287721,1,15.8473749160767,13.6991493034546,0.406034022569656,1115.25,-1.99630329675645,0,"Hofmann Forest","Hofmann Forest","Hofmann Forest1",NA
329,10,1.41307692307692,1,16.9608306884766,25318.142857925,1,16.5804996490479,18.5725418137336,0.403308242559433,1115.25,-1.99630329675645,0,"Hofmann Forest","Hofmann Forest","Hofmann Forest1",NA
330,10,1.363,1,16.9999980926514,24175.7902287721,1,16.1496257781982,14.0851315446072,0.411186873912811,285.4,0.56445597479834,0,"Hofmann Forest","Hofmann Forest","Hofmann Forest1",NA
331,10,1.41307692307692,1,17,24210.7472824489,1,15.0034914016724,16.7895898989629,0.41076335310936,1115.25,-1.99630329675645,0,"Hofmann Forest","Hofmann Forest","Hofmann Forest1",NA
332,10,1.363,1,17,24175.7902287721,1,15.7319593429565,13.2139083304583,0.434209823608398,285.4,0.56445597479834,0,"Hofmann Forest","Hofmann Forest","Hofmann Forest1",NA
333,10,1.363,1,17.1000003814697,24175.7902287721,1,13.9466495513916,12.9058545733274,0.371290564537048,285.4,0.56445597479834,0,"Hofmann Forest","Hofmann Forest","Hofmann Forest1",NA
334,10,1.363,1,17.0380249023438,24175.7902287721,1,16.2472896575928,12.4412633492494,0.412265658378601,285.4,0.56445597479834,0,"Hofmann Forest","Hofmann Forest","Hofmann Forest1",NA
335,10,1.363,1,16.9002380371094,24175.7902287721,1,16.6398258209229,15.3461975548128,0.422215461730957,1115.25,-1.99630329675645,0,"Hofmann Forest","Hofmann Forest","Hofmann Forest1",NA
336,10,1.363,1,17.03928565979,24175.7902287721,1,14.0374441146851,14.0907958386137,0.363839596509933,285.4,0.56445597479834,0,"Hofmann Forest","Hofmann Forest","Hofmann Forest1",NA
337,10,1.363,1,16.9256057739258,24175.7902287721,1,16.5585536956787,15.2554784309548,0.427485942840576,1115.25,-1.99630329675645,0,"Hofmann Forest","Hofmann Forest","Hofmann Forest1",NA
338,10,1.363,1,16.9141616821289,24175.7902287721,1,15.6396627426147,17.8982058999279,0.372896492481232,1115.25,-1.99630329675645,0,"Hofmann Forest","Hofmann Forest","Hofmann Forest1",NA
339,10,1.505,1,17.0231666564941,25757.0463137965,1,16.0783615112305,17.8335875293438,0.352682948112488,1115.25,-1.99630329675645,0,"Hofmann Forest","Hofmann Forest","Hofmann Forest1",NA
340,10,1.45055555555556,1,17.1118354797363,24603.1340979689,1,13.7765941619873,15.7926796460953,0.405304998159409,285.4,0.56445597479834,0,"Hofmann Forest","Hofmann Forest","Hofmann Forest1",NA
341,10,1.394375,1,17.2059440612793,36409.5581835947,1,15.4297189712524,11.1382128983772,0.3191137611866,285.4,0.56445597479834,0,"Hofmann Forest","Hofmann Forest","Hofmann Forest1",NA
342,10,1.363,1,17,24175.7902287721,1,15.7240180969238,12.8477289272848,0.408191502094269,285.4,0.56445597479834,0,"Hofmann Forest","Hofmann Forest","Hofmann Forest1",NA
343,10,1.363,1,17,24175.7902287721,1,15.8967561721802,12.1441367687594,0.41663333773613,285.4,0.56445597479834,0,"Hofmann Forest","Hofmann Forest","Hofmann Forest1",NA
344,10,1.363,1,16.8943347930908,20162.2292009034,1,16.3291797637939,21.4551610646199,0.380497246980667,1115.25,-1.99630329675645,0,"Hofmann Forest","Hofmann Forest","Hofmann Forest1",NA
345,10,1.363,1,16.8067741394043,24175.7902287721,1,16.9116249084473,19.4503388681363,0.404542922973633,1115.25,-1.99630329675645,0,"Hofmann Forest","Hofmann Forest","Hofmann Forest1",NA
346,10,1.57894736842105,0,17.1235961914062,531.844680018666,1,15.1100902557373,15.9410736297228,0.414631098508835,1115.25,-1.99630329675645,0,"Hofmann Forest","Hofmann Forest","Hofmann Forest1",NA
347,10,1.363,1,16.8999996185303,24175.7902287721,1,16.7699451446533,17.4405555616449,0.422349691390991,1115.25,-1.99630329675645,0,"Hofmann Forest","Hofmann Forest","Hofmann Forest1",NA
348,10,1.363,1,16.8817272186279,20162.2292009034,1,16.3910903930664,21.807940433916,0.435394436120987,1115.25,-1.99630329675645,0,"Hofmann Forest","Hofmann Forest","Hofmann Forest1",NA
349,10,1.363,1,17.0451889038086,24175.7902287721,1,16.2315616607666,12.3554544866765,0.414413213729858,285.4,0.56445597479834,0,"Hofmann Forest","Hofmann Forest","Hofmann Forest1",NA
350,10,1.363,1,17,24175.7902287721,1,15.9114065170288,11.7895395651127,0.419175773859024,285.4,0.56445597479834,0,"Hofmann Forest","Hofmann Forest","Hofmann Forest1",NA
351,10,1.363,1,16.7000007629395,20162.2292009034,1,17.3624172210693,21.8830903652714,0.433891326189041,1115.25,-1.99630329675645,0,"Hofmann Forest","Hofmann Forest","Hofmann Forest1",NA
352,10,1.363,1,17.1000003814697,24175.7902287721,1,15.4242506027222,10.5874292058428,0.409637033939362,285.4,0.56445597479834,0,"Hofmann Forest","Hofmann Forest","Hofmann Forest1",NA
353,10,1.363,1,17.0102214813232,24175.7902287721,1,15.8116846084595,11.7088132192044,0.406884640455246,285.4,0.56445597479834,0,"Hofmann Forest","Hofmann Forest","Hofmann Forest1",NA
354,10,1.58,0,17,3632.83044004077,1,16.6467761993408,22.3897745955018,0.37845179438591,1115.25,-1.99630329675645,0,"Hofmann Forest","Hofmann Forest","Hofmann Forest1",NA
355,10,1.363,1,16.9562339782715,24175.7902287721,1,15.2229642868042,17.9058961628098,0.386858940124512,1115.25,-1.99630329675645,0,"Hofmann Forest","Hofmann Forest","Hofmann Forest1",NA
356,10,1.363,1,16.8999996185303,24175.7902287721,1,16.626537322998,15.3816604278588,0.422040283679962,1115.25,-1.99630329675645,0,"Hofmann Forest","Hofmann Forest","Hofmann Forest1",NA
357,10,1.57487804878049,1,17.4568920135498,14113.2900048214,1,15.339674949646,10.3948059941727,0.42741185426712,285.4,0.56445597479834,0,"Hofmann Forest","Hofmann Forest","Hofmann Forest1",NA
358,10,1.363,1,16.9737129211426,20162.2292009034,1,16.4402103424072,22.8785580847971,0.407302379608154,1115.25,-1.99630329675645,0,"Hofmann Forest","Hofmann Forest","Hofmann Forest1",NA
359,10,1.363,1,16.8999977111816,24175.7902287721,1,16.2770652770996,15.6399225725857,0.437049448490143,1115.25,-1.99630329675645,0,"Hofmann Forest","Hofmann Forest","Hofmann Forest1",NA
360,10,1.61714285714286,0,17.3836135864258,821.131818188699,1,15.5114898681641,15.0046208139976,0.349018007516861,1115.25,-1.99630329675645,0,"Hofmann Forest","Hofmann Forest","Hofmann Forest1",NA
361,10,1.363,1,16.8084449768066,24175.7902287721,1,16.8582153320312,18.9511927896139,0.402873277664185,1115.25,-1.99630329675645,0,"Hofmann Forest","Hofmann Forest","Hofmann Forest1",NA
362,10,1.394375,1,16.9966430664062,24490.0857646151,1,14.9691152572632,17.1731286507904,0.441785335540771,1115.25,-1.99630329675645,0,"Hofmann Forest","Hofmann Forest","Hofmann Forest1",NA
363,10,1.363,1,16.7999992370605,24175.7902287721,1,17.0672416687012,18.6005304243631,0.40728548169136,1115.25,-1.99630329675645,0,"Hofmann Forest","Hofmann Forest","Hofmann Forest1",NA
364,10,1.363,1,16.7999992370605,20162.2292009034,1,16.6733875274658,23.9171971413217,0.412038922309875,1115.25,-1.99630329675645,0,"Hofmann Forest","Hofmann Forest","Hofmann Forest1",NA
365,10,1.363,1,16.9222049713135,24175.7902287721,1,15.4056272506714,15.5592106364226,0.425061672925949,285.4,0.56445597479834,0,"Hofmann Forest","Hofmann Forest","Hofmann Forest1",NA
366,10,1.363,1,16.8072853088379,20162.2292009034,1,17.0999794006348,22.4887796399623,0.397840052843094,1115.25,-1.99630329675645,0,"Hofmann Forest","Hofmann Forest","Hofmann Forest1",NA
367,10,1.363,1,16.9964485168457,24175.7902287721,1,15.4481287002563,14.4252278358285,0.397795230150223,285.4,0.56445597479834,0,"Hofmann Forest","Hofmann Forest","Hofmann Forest1",NA
368,10,1.363,1,17.0925769805908,24175.7902287721,1,16.2527961730957,12.1668775768897,0.415918618440628,285.4,0.56445597479834,0,"Hofmann Forest","Hofmann Forest","Hofmann Forest1",NA
369,10,1.363,1,17,24175.7902287721,1,16.0348320007324,12.6615429626372,0.410730212926865,285.4,0.56445597479834,0,"Hofmann Forest","Hofmann Forest","Hofmann Forest1",NA
370,10,1.363,1,17.0806484222412,24175.7902287721,1,15.7445240020752,14.9976928260492,0.437888532876968,1115.25,-1.99630329675645,0,"Hofmann Forest","Hofmann Forest","Hofmann Forest1",NA
371,10,1.363,1,17,24175.7902287721,1,15.7205801010132,12.473408471398,0.417030334472656,285.4,0.56445597479834,0,"Hofmann Forest","Hofmann Forest","Hofmann Forest1",NA
372,10,1.363,1,16.8999996185303,24175.7902287721,1,15.8068161010742,15.0422133112892,0.423811823129654,285.4,0.56445597479834,0,"Hofmann Forest","Hofmann Forest","Hofmann Forest1",NA
373,10,1.363,1,16.8999996185303,24175.7902287721,1,16.4148693084717,15.3184865087638,0.435038417577744,1115.25,-1.99630329675645,0,"Hofmann Forest","Hofmann Forest","Hofmann Forest1",NA
374,10,1.363,1,16.8939094543457,24175.7902287721,1,16.6988983154297,16.0981541740198,0.42613497376442,1115.25,-1.99630329675645,0,"Hofmann Forest","Hofmann Forest","Hofmann Forest1",NA
375,10,1.363,1,17,24175.7902287721,1,16.028829574585,11.4104767095739,0.393915176391602,285.4,0.56445597479834,0,"Hofmann Forest","Hofmann Forest","Hofmann Forest1",NA
376,10,1.363,1,16.8999996185303,24175.7902287721,1,16.7494297027588,16.9974672312447,0.42618590593338,1115.25,-1.99630329675645,0,"Hofmann Forest","Hofmann Forest","Hofmann Forest1",NA
377,10,1.444375,1,16.9127388000488,25398.9891714415,1,16.5989284515381,18.961402347361,0.40856596827507,1115.25,-1.99630329675645,0,"Hofmann Forest","Hofmann Forest","Hofmann Forest1",NA
378,10,1.58511627906977,0,17.1035022735596,4948.98639575536,1,15.2365942001343,17.3142756381886,0.389319747686386,1115.25,-1.99630329675645,0,"Hofmann Forest","Hofmann Forest","Hofmann Forest1",NA
379,10,1.58266666666667,0,17.2000007629395,6508.97683465342,1,15.3739156723022,17.1011840012408,0.424153238534927,1115.25,-1.99630329675645,0,"Hofmann Forest","Hofmann Forest","Hofmann Forest1",NA
380,10,1.54173913043478,1,17.2999992370605,13420.4730730855,1,15.4903154373169,11.904072718531,0.406615614891052,285.4,0.56445597479834,0,"Hofmann Forest","Hofmann Forest","Hofmann Forest1",NA
381,10,1.58555555555556,0,17.3053741455078,5218.04109679981,1,14.7617502212524,14.3887232289025,0.385824054479599,1115.25,-1.99630329675645,0,"Hofmann Forest","Hofmann Forest","Hofmann Forest1",NA
382,10,1.421875,1,16.8079929351807,20341.3734344337,1,16.5134162902832,24.1288523763199,0.41617825627327,1115.25,-1.99630329675645,0,"Hofmann Forest","Hofmann Forest","Hofmann Forest1",NA
383,10,1.363,1,16.8999996185303,44338.0194296756,1,16.6187362670898,19.9602206853636,0.329575926065445,1115.25,-1.99630329675645,0,"Hofmann Forest","Hofmann Forest","Hofmann Forest1",NA
384,10,1.363,1,16.9184494018555,24175.7902287721,1,15.922794342041,18.6097357716166,0.386306166648865,1115.25,-1.99630329675645,0,"Hofmann Forest","Hofmann Forest","Hofmann Forest1",NA
385,10,1.41307692307692,1,16.9940376281738,25318.142857925,1,16.5231399536133,16.9630446505943,0.428473830223083,1115.25,-1.99630329675645,0,"Hofmann Forest","Hofmann Forest","Hofmann Forest1",NA
386,10,1.363,1,16.7999992370605,20162.2292009034,1,17.3041801452637,22.8845929384145,0.412946224212646,1115.25,-1.99630329675645,0,"Hofmann Forest","Hofmann Forest","Hofmann Forest1",NA
387,10,1.363,1,17,24175.7902287721,1,15.5088357925415,13.6560737455233,0.426793158054352,285.4,0.56445597479834,0,"Hofmann Forest","Hofmann Forest","Hofmann Forest1",NA
388,10,1.55393939393939,1,17.3999996185303,14114.9731710985,1,15.2000217437744,12.879368103017,0.415806978940964,1115.25,-1.99630329675645,0,"Hofmann Forest","Hofmann Forest","Hofmann Forest1",NA
389,10,1.363,1,16.8977794647217,20162.2292009034,1,16.6150512695312,23.2385235959647,0.426370292901993,1115.25,-1.99630329675645,0,"Hofmann Forest","Hofmann Forest","Hofmann Forest1",NA
390,10,1.363,1,17,24175.7902287721,1,14.6268844604492,16.2666477129855,0.376770168542862,1115.25,-1.99630329675645,0,"Hofmann Forest","Hofmann Forest","Hofmann Forest1",NA
391,10,1.394375,1,17.2000007629395,36409.5581835947,1,15.461766242981,10.9555742552592,0.337251424789429,285.4,0.56445597479834,0,"Hofmann Forest","Hofmann Forest","Hofmann Forest1",NA
392,10,1.363,1,16.9999980926514,24175.7902287721,1,16.3400344848633,13.1931226549315,0.413556396961212,1115.25,-1.99630329675645,0,"Hofmann Forest","Hofmann Forest","Hofmann Forest1",NA
393,10,1.363,1,16.808084487915,24175.7902287721,1,17.1082420349121,19.4734200854793,0.444849282503128,1115.25,-1.99630329675645,0,"Hofmann Forest","Hofmann Forest","Hofmann Forest1",NA
394,10,1.363,1,17.1000003814697,20162.2292009034,1,15.2179441452026,21.3682234321178,0.461695581674576,1115.25,-1.99630329675645,0,"Hofmann Forest","Hofmann Forest","Hofmann Forest1",NA
395,10,1.363,1,16.7999992370605,24175.7902287721,1,17.3474864959717,19.4226821427541,0.43698638677597,1115.25,-1.99630329675645,0,"Hofmann Forest","Hofmann Forest","Hofmann Forest1",NA
396,10,1.44666666666667,1,17.3824558258057,12233.7679548225,1,14.297269821167,11.3727172363013,0.372781425714493,285.4,0.56445597479834,0,"Hofmann Forest","Hofmann Forest","Hofmann Forest1",NA
397,10,1.54173913043478,1,17.2999992370605,13420.4730730855,1,15.2948217391968,10.7985852369741,0.493555814027786,285.4,0.56445597479834,0,"Hofmann Forest","Hofmann Forest","Hofmann Forest1",NA
398,10,1.54173913043478,1,17.3895568847656,13420.4730730855,1,14.8410530090332,11.2924078962937,0.411567389965057,285.4,0.56445597479834,0,"Hofmann Forest","Hofmann Forest","Hofmann Forest1",NA
399,10,1.394375,1,17.3063316345215,36409.5581835947,1,14.6866941452026,11.5211047747314,0.349849075078964,285.4,0.56445597479834,0,"Hofmann Forest","Hofmann Forest","Hofmann Forest1",NA
400,10,1.394375,1,17.2999992370605,36409.5581835947,1,15.2550430297852,10.0355133345475,0.414759695529938,285.4,0.56445597479834,0,"Hofmann Forest","Hofmann Forest","Hofmann Forest1",NA
401,10,1.41307692307692,1,16.9012317657471,24573.5341335022,1,15.3565158843994,14.3746525213884,0.417151778936386,285.4,0.56445597479834,0,"Hofmann Forest","Hofmann Forest","Hofmann Forest1",NA
402,10,1.5915,0,17.4115619659424,4853.20208190112,1,11.7992334365845,14.7670163841611,0.381115019321442,1115.25,-1.99630329675645,0,"Hofmann Forest","Hofmann Forest","Hofmann Forest1",NA
403,10,1.363,1,17.1311779022217,24175.7902287721,1,15.5881958007812,11.1798527451164,0.399063587188721,285.4,0.56445597479834,0,"Hofmann Forest","Hofmann Forest","Hofmann Forest1",NA
404,10,1.54173913043478,1,17.4031391143799,13420.4730730855,1,15.5122289657593,10.4790390747865,0.352709144353867,285.4,0.56445597479834,0,"Hofmann Forest","Hofmann Forest","Hofmann Forest1",NA
405,10,1.394375,1,17.2378692626953,36409.5581835947,1,15.0467481613159,11.4946552496589,0.306642144918442,285.4,0.56445597479834,0,"Hofmann Forest","Hofmann Forest","Hofmann Forest1",NA
406,10,1.363,1,16.9151077270508,24175.7902287721,1,16.360330581665,14.3089734923842,0.432739078998566,1115.25,-1.99630329675645,0,"Hofmann Forest","Hofmann Forest","Hofmann Forest1",NA
407,10,1.363,1,17,24175.7902287721,1,16.4359760284424,14.4811399098682,0.423460721969604,1115.25,-1.99630329675645,0,"Hofmann Forest","Hofmann Forest","Hofmann Forest1",NA
408,10,1.363,1,16.9999980926514,24175.7902287721,1,15.3771915435791,12.9605855849761,0.401167660951614,285.4,0.56445597479834,0,"Hofmann Forest","Hofmann Forest","Hofmann Forest1",NA
409,10,1.363,1,16.8999996185303,24175.7902287721,1,16.7406806945801,19.1636856554692,0.393480002880096,1115.25,-1.99630329675645,0,"Hofmann Forest","Hofmann Forest","Hofmann Forest1",NA
410,10,1.363,1,17.1130065917969,24175.7902287721,1,13.7773189544678,13.2171475307551,0.388736516237259,285.4,0.56445597479834,0,"Hofmann Forest","Hofmann Forest","Hofmann Forest1",NA
411,10,1.363,1,16.8999996185303,24175.7902287721,1,16.8604717254639,20.4372955281559,0.414580076932907,1115.25,-1.99630329675645,0,"Hofmann Forest","Hofmann Forest","Hofmann Forest1",NA
412,10,1.363,1,17.0000019073486,24175.7902287721,1,15.2483549118042,13.8960977700228,0.393515646457672,285.4,0.56445597479834,0,"Hofmann Forest","Hofmann Forest","Hofmann Forest1",NA
413,10,1.57529411764706,0,17.3754463195801,175.956064198891,1,15.7827568054199,13.9812392172015,0.378910928964615,1115.25,-1.99630329675645,0,"Hofmann Forest","Hofmann Forest","Hofmann Forest1",NA
414,10,1.363,1,17,24175.7902287721,1,14.2643632888794,14.3367290762476,0.39484491944313,285.4,0.56445597479834,0,"Hofmann Forest","Hofmann Forest","Hofmann Forest1",NA
415,10,1.363,1,17.1019859313965,24175.7902287721,1,15.8958320617676,13.5871787766107,0.397182643413544,1115.25,-1.99630329675645,0,"Hofmann Forest","Hofmann Forest","Hofmann Forest1",NA
416,10,1.363,1,17.0876712799072,20162.2292009034,1,15.7128629684448,21.3611320397921,0.305930078029633,1115.25,-1.99630329675645,0,"Hofmann Forest","Hofmann Forest","Hofmann Forest1",NA
417,10,1.56,0,17.0495643615723,427.343869196763,1,14.3633728027344,15.0986465322925,0.377162575721741,285.4,0.56445597479834,0,"Hofmann Forest","Hofmann Forest","Hofmann Forest1",NA
418,10,1.363,1,16.7999992370605,24175.7902287721,1,16.8365898132324,18.1217607901781,0.412122040987015,1115.25,-1.99630329675645,0,"Hofmann Forest","Hofmann Forest","Hofmann Forest1",NA
419,10,1.363,1,16.9854602813721,24175.7902287721,1,16.4503421783447,14.4144815575905,0.423747152090073,1115.25,-1.99630329675645,0,"Hofmann Forest","Hofmann Forest","Hofmann Forest1",NA
420,10,1.363,1,16.8999996185303,24175.7902287721,1,16.4096870422363,16.6839924354161,0.427375972270966,1115.25,-1.99630329675645,0,"Hofmann Forest","Hofmann Forest","Hofmann Forest1",NA
421,10,1.363,1,16.8999977111816,24175.7902287721,1,15.7013301849365,15.5849738955434,0.435398668050766,1115.25,-1.99630329675645,0,"Hofmann Forest","Hofmann Forest","Hofmann Forest1",NA
422,10,1.363,1,16.991626739502,24175.7902287721,1,16.5310592651367,14.8939138311254,0.424994796514511,1115.25,-1.99630329675645,0,"Hofmann Forest","Hofmann Forest","Hofmann Forest1",NA
423,10,1.44684210526316,1,16.8740997314453,23649.0384122518,1,16.8028659820557,24.3239462638762,0.43800351023674,1115.25,-1.99630329675645,0,"Hofmann Forest","Hofmann Forest","Hofmann Forest1",NA
424,10,1.363,1,16.8999996185303,24175.7902287721,1,15.4193983078003,17.5504639068571,0.396077513694763,1115.25,-1.99630329675645,0,"Hofmann Forest","Hofmann Forest","Hofmann Forest1",NA
425,10,1.363,1,16.9251708984375,20162.2292009034,1,15.9129867553711,21.5893013342391,0.279774487018585,1115.25,-1.99630329675645,0,"Hofmann Forest","Hofmann Forest","Hofmann Forest1",NA
426,10,1.363,1,16.8223972320557,20162.2292009034,1,16.7952785491943,24.2244436164,0.433704197406769,1115.25,-1.99630329675645,0,"Hofmann Forest","Hofmann Forest","Hofmann Forest1",NA
427,10,1.363,1,16.8999996185303,24175.7902287721,1,16.3945331573486,14.711159920048,0.417393624782562,1115.25,-1.99630329675645,0,"Hofmann Forest","Hofmann Forest","Hofmann Forest1",NA
428,10,1.363,1,17.0095539093018,24175.7902287721,1,15.5152101516724,12.3193488177584,0.419125825166702,285.4,0.56445597479834,0,"Hofmann Forest","Hofmann Forest","Hofmann Forest1",NA
429,10,1.363,1,16.9850902557373,24175.7902287721,1,15.0140619277954,16.1397635614415,0.395008862018585,1115.25,-1.99630329675645,0,"Hofmann Forest","Hofmann Forest","Hofmann Forest1",NA
430,10,1.394375,1,17.1852722167969,36409.5581835947,1,15.6357002258301,12.3538155437645,0.38062572479248,285.4,0.56445597479834,0,"Hofmann Forest","Hofmann Forest","Hofmann Forest1",NA
431,10,1.363,1,17,24175.7902287721,1,15.9899129867554,11.9637605674776,0.401301622390747,285.4,0.56445597479834,0,"Hofmann Forest","Hofmann Forest","Hofmann Forest1",NA
432,10,1.363,1,17.1532096862793,24175.7902287721,1,15.9089012145996,13.0827195794166,0.375663846731186,1115.25,-1.99630329675645,0,"Hofmann Forest","Hofmann Forest","Hofmann Forest1",NA
433,10,1.363,1,16.7999992370605,20162.2292009034,1,16.6315498352051,24.1203848986207,0.417990267276764,1115.25,-1.99630329675645,0,"Hofmann Forest","Hofmann Forest","Hofmann Forest1",NA
434,10,1.363,1,17,24175.7902287721,1,15.7234735488892,13.2991426969288,0.410905361175537,285.4,0.56445597479834,0,"Hofmann Forest","Hofmann Forest","Hofmann Forest1",NA
435,10,1.363,1,17,24175.7902287721,1,16.0575408935547,19.3776642020591,0.361575335264206,1115.25,-1.99630329675645,0,"Hofmann Forest","Hofmann Forest","Hofmann Forest1",NA
436,10,1.363,1,16.7881259918213,44338.0194296756,1,17.1357975006104,20.6018931660042,0.425002753734589,1115.25,-1.99630329675645,0,"Hofmann Forest","Hofmann Forest","Hofmann Forest1",NA
437,10,1.54173913043478,1,17.3225212097168,12389.2200588296,1,14.5893087387085,10.8567532915111,0.387171298265457,285.4,0.56445597479834,0,"Hofmann Forest","Hofmann Forest","Hofmann Forest1",NA
438,10,1.363,1,17.0075283050537,24175.7902287721,1,15.8463611602783,11.9358879620373,0.401072025299072,285.4,0.56445597479834,0,"Hofmann Forest","Hofmann Forest","Hofmann Forest1",NA
439,10,1.363,1,16.8999996185303,24175.7902287721,1,15.5393257141113,15.3472337233361,0.431338220834732,1115.25,-1.99630329675645,0,"Hofmann Forest","Hofmann Forest","Hofmann Forest1",NA
440,10,1.363,1,16.8004150390625,24175.7902287721,1,17.7308368682861,20.2932076305766,0.417790979146957,1115.25,-1.99630329675645,0,"Hofmann Forest","Hofmann Forest","Hofmann Forest1",NA
441,10,1.41307692307692,1,17.0157432556152,24573.5341335022,1,14.4342451095581,14.8228218087363,0.416040152311325,285.4,0.56445597479834,0,"Hofmann Forest","Hofmann Forest","Hofmann Forest1",NA
442,10,1.363,1,17.1242065429688,24175.7902287721,1,15.3512592315674,10.3571740070074,0.407214492559433,285.4,0.56445597479834,0,"Hofmann Forest","Hofmann Forest","Hofmann Forest1",NA
443,10,1.363,1,16.9904975891113,24175.7902287721,1,15.7016220092773,13.9071703890204,0.402343302965164,285.4,0.56445597479834,0,"Hofmann Forest","Hofmann Forest","Hofmann Forest1",NA
444,10,1.59552631578947,0,17.3999996185303,1896.84178491175,1,15.7977447509766,13.0387958009492,0.360901862382889,1115.25,-1.99630329675645,0,"Hofmann Forest","Hofmann Forest","Hofmann Forest1",NA
445,10,1.59270833333333,0,17.4454975128174,2591.34188292474,1,15.5040836334229,12.726580472165,0.372222274541855,1115.25,-1.99630329675645,0,"Hofmann Forest","Hofmann Forest","Hofmann Forest1",NA
446,10,1.54173913043478,1,17.4390735626221,13420.4730730855,1,15.5101470947266,10.3665212564505,0.363722026348114,285.4,0.56445597479834,0,"Hofmann Forest","Hofmann Forest","Hofmann Forest1",NA
447,10,1.5676,0,17.3068675994873,4806.26474732604,1,13.8234462738037,14.3685322741835,0.394235134124756,1115.25,-1.99630329675645,0,"Hofmann Forest","Hofmann Forest","Hofmann Forest1",NA
448,10,1.363,1,16.9927539825439,24175.7902287721,1,15.209584236145,15.7809562854703,0.416294932365417,1115.25,-1.99630329675645,0,"Hofmann Forest","Hofmann Forest","Hofmann Forest1",NA
449,10,1.363,1,16.8669662475586,24175.7902287721,1,16.8085041046143,17.9011190773995,0.406547576189041,1115.25,-1.99630329675645,0,"Hofmann Forest","Hofmann Forest","Hofmann Forest1",NA
450,10,1.363,1,16.8999996185303,20162.2292009034,1,15.6417369842529,20.8786406898141,0.397321403026581,1115.25,-1.99630329675645,0,"Hofmann Forest","Hofmann Forest","Hofmann Forest1",NA
451,10,1.363,1,16.9877529144287,24175.7902287721,1,16.211971282959,19.1547481298083,0.37956440448761,1115.25,-1.99630329675645,0,"Hofmann Forest","Hofmann Forest","Hofmann Forest1",NA
452,10,1.394375,1,17.1000003814697,36409.5581835947,1,16.0299110412598,11.7672782879451,0.391297221183777,285.4,0.56445597479834,0,"Hofmann Forest","Hofmann Forest","Hofmann Forest1",NA
453,10,1.363,1,16.746940612793,24175.7902287721,1,17.3245716094971,20.7682582247331,0.43529936671257,1115.25,-1.99630329675645,0,"Hofmann Forest","Hofmann Forest","Hofmann Forest1",NA
454,10,1.363,1,17.0325012207031,24175.7902287721,1,14.125054359436,14.7756607129604,0.402346640825272,285.4,0.56445597479834,0,"Hofmann Forest","Hofmann Forest","Hofmann Forest1",NA
455,10,1.363,1,16.9137172698975,24175.7902287721,1,15.739239692688,18.313556827345,0.389981299638748,1115.25,-1.99630329675645,0,"Hofmann Forest","Hofmann Forest","Hofmann Forest1",NA
456,10,1.363,1,16.8480377197266,24175.7902287721,1,16.9069290161133,19.3605754284916,0.39786171913147,1115.25,-1.99630329675645,0,"Hofmann Forest","Hofmann Forest","Hofmann Forest1",NA
457,10,1.363,1,17,24175.7902287721,1,15.5210552215576,14.1247548078378,0.398096770048141,285.4,0.56445597479834,0,"Hofmann Forest","Hofmann Forest","Hofmann Forest1",NA
458,10,1.394375,1,17,24490.0857646151,1,14.6077375411987,16.7859812059997,0.384310036897659,1115.25,-1.99630329675645,0,"Hofmann Forest","Hofmann Forest","Hofmann Forest1",NA
459,10,1.394375,1,17.2170276641846,36409.5581835947,1,15.3678045272827,10.0535819725964,0.426188319921494,285.4,0.56445597479834,0,"Hofmann Forest","Hofmann Forest","Hofmann Forest1",NA
460,10,1.363,1,17,24175.7902287721,1,13.6778192520142,16.0372708207385,0.423281282186508,285.4,0.56445597479834,0,"Hofmann Forest","Hofmann Forest","Hofmann Forest1",NA
461,10,1.363,1,17.0000324249268,24175.7902287721,1,15.7753219604492,11.0686377096345,0.412434130907059,285.4,0.56445597479834,0,"Hofmann Forest","Hofmann Forest","Hofmann Forest1",NA
462,10,1.444375,1,16.9490356445312,23795.0596409442,1,16.7689437866211,22.6846851020657,0.413794726133347,1115.25,-1.99630329675645,0,"Hofmann Forest","Hofmann Forest","Hofmann Forest1",NA
463,10,1.394375,1,17.14479637146,36409.5581835947,1,15.5598592758179,12.4715324469991,0.35402375459671,1115.25,-1.99630329675645,0,"Hofmann Forest","Hofmann Forest","Hofmann Forest1",NA
464,10,1.363,1,16.7999992370605,24175.7902287721,1,17.4845390319824,21.3580072455107,0.431256890296936,1115.25,-1.99630329675645,0,"Hofmann Forest","Hofmann Forest","Hofmann Forest1",NA
465,10,1.363,1,16.8049335479736,24175.7902287721,1,17.0011672973633,19.0487783267528,0.437594443559647,1115.25,-1.99630329675645,0,"Hofmann Forest","Hofmann Forest","Hofmann Forest1",NA
466,10,1.363,1,16.8999996185303,24175.7902287721,1,16.2756843566895,18.4943968585696,0.425632685422897,1115.25,-1.99630329675645,0,"Hofmann Forest","Hofmann Forest","Hofmann Forest1",NA
467,10,1.41307692307692,1,16.8999996185303,24186.578512045,1,15.4784727096558,15.7895040281201,0.427171021699905,1115.25,-1.99630329675645,0,"Hofmann Forest","Hofmann Forest","Hofmann Forest1",NA
468,10,1.363,1,16.8999996185303,24175.7902287721,1,16.465877532959,14.426116845174,0.411777466535568,1115.25,-1.99630329675645,0,"Hofmann Forest","Hofmann Forest","Hofmann Forest1",NA
469,10,1.42133333333333,1,16.8779277801514,25579.7624608766,1,16.3933715820312,23.9413003002954,0.392273813486099,1115.25,-1.99630329675645,0,"Hofmann Forest","Hofmann Forest","Hofmann Forest1",NA
470,10,1.363,1,17.1000022888184,24175.7902287721,1,15.9491577148438,11.5679609460327,0.398718327283859,285.4,0.56445597479834,0,"Hofmann Forest","Hofmann Forest","Hofmann Forest1",NA
471,10,1.363,1,17.0288982391357,24175.7902287721,1,15.9889001846313,14.5382025729823,0.424077361822128,1115.25,-1.99630329675645,0,"Hofmann Forest","Hofmann Forest","Hofmann Forest1",NA
472,10,1.363,1,16.7000007629395,20162.2292009034,1,17.3145027160645,23.0334913277978,0.418218702077866,1115.25,-1.99630329675645,0,"Hofmann Forest","Hofmann Forest","Hofmann Forest1",NA
473,10,1.363,1,16.8362445831299,20162.2292009034,1,16.5410194396973,22.5558704962301,0.414612799882889,1115.25,-1.99630329675645,0,"Hofmann Forest","Hofmann Forest","Hofmann Forest1",NA
474,10,1.363,1,16.8695049285889,24175.7902287721,1,16.6704502105713,15.8571485620241,0.425907343626022,1115.25,-1.99630329675645,0,"Hofmann Forest","Hofmann Forest","Hofmann Forest1",NA
475,10,1.363,1,17.1065731048584,24175.7902287721,1,13.4148044586182,13.5462839384718,0.392325401306152,285.4,0.56445597479834,0,"Hofmann Forest","Hofmann Forest","Hofmann Forest1",NA
476,10,1.363,1,16.8081378936768,24175.7902287721,1,16.955961227417,18.6077998845971,0.444601029157639,1115.25,-1.99630329675645,0,"Hofmann Forest","Hofmann Forest","Hofmann Forest1",NA
477,10,1.58463768115942,0,17.1707458496094,5571.83988375805,1,14.0125923156738,16.8065630127477,0.440598547458649,1115.25,-1.99630329675645,0,"Hofmann Forest","Hofmann Forest","Hofmann Forest1",NA
478,10,1.363,1,17,24175.7902287721,1,15.6766996383667,13.6147577800727,0.418053895235062,285.4,0.56445597479834,0,"Hofmann Forest","Hofmann Forest","Hofmann Forest1",NA
479,10,1.363,1,16.7000007629395,20162.2292009034,1,17.403226852417,22.4020686937885,0.416604459285736,1115.25,-1.99630329675645,0,"Hofmann Forest","Hofmann Forest","Hofmann Forest1",NA
480,10,1.41307692307692,1,16.8976516723633,25318.142857925,1,16.8626384735107,18.3311936647244,0.404530048370361,1115.25,-1.99630329675645,0,"Hofmann Forest","Hofmann Forest","Hofmann Forest1",NA
481,10,1.41307692307692,1,16.9706954956055,24210.7472824489,1,15.1681327819824,16.4286272891002,0.391094416379929,1115.25,-1.99630329675645,0,"Hofmann Forest","Hofmann Forest","Hofmann Forest1",NA
482,10,1.363,1,17,24175.7902287721,1,16.2949676513672,12.6015410297775,0.41439938545227,285.4,0.56445597479834,0,"Hofmann Forest","Hofmann Forest","Hofmann Forest1",NA
483,10,1.505,1,17.06667137146,25757.0463137965,1,16.0313262939453,17.1894788022044,0.361062258481979,1115.25,-1.99630329675645,0,"Hofmann Forest","Hofmann Forest","Hofmann Forest1",NA
484,10,1.363,1,16.9971141815186,24175.7902287721,1,16.032585144043,13.8547812935522,0.422178447246552,1115.25,-1.99630329675645,0,"Hofmann Forest","Hofmann Forest","Hofmann Forest1",NA
485,10,1.54173913043478,1,17.3000946044922,13420.4730730855,1,15.0821304321289,11.6452814703286,0.390678763389587,285.4,0.56445597479834,0,"Hofmann Forest","Hofmann Forest","Hofmann Forest1",NA
486,10,1.363,1,16.7679309844971,20162.2292009034,1,17.4758586883545,21.4167919222786,0.400707751512527,1115.25,-1.99630329675645,0,"Hofmann Forest","Hofmann Forest","Hofmann Forest1",NA
487,10,1.363,1,17.0524024963379,24175.7902287721,1,14.0116033554077,14.7973363707672,0.40104016661644,285.4,0.56445597479834,0,"Hofmann Forest","Hofmann Forest","Hofmann Forest1",NA
488,10,1.363,1,17.0000019073486,24175.7902287721,1,16.2998466491699,12.8922069068452,0.416118741035461,285.4,0.56445597479834,0,"Hofmann Forest","Hofmann Forest","Hofmann Forest1",NA
489,10,1.363,1,16.8999996185303,20162.2292009034,1,15.8407602310181,20.5400103489605,0.433736801147461,1115.25,-1.99630329675645,0,"Hofmann Forest","Hofmann Forest","Hofmann Forest1",NA
490,10,1.363,1,17,24175.7902287721,1,15.8283939361572,13.011627339991,0.414170682430267,285.4,0.56445597479834,0,"Hofmann Forest","Hofmann Forest","Hofmann Forest1",NA
491,10,1.363,1,17,24175.7902287721,1,16.4084796905518,13.9466783234418,0.421802282333374,1115.25,-1.99630329675645,0,"Hofmann Forest","Hofmann Forest","Hofmann Forest1",NA
492,10,1.363,1,16.970911026001,24175.7902287721,1,15.8208990097046,14.4187675976116,0.419989556074142,285.4,0.56445597479834,0,"Hofmann Forest","Hofmann Forest","Hofmann Forest1",NA
493,10,1.363,1,16.8921070098877,24175.7902287721,1,16.7142581939697,15.869427769525,0.425439774990082,1115.25,-1.99630329675645,0,"Hofmann Forest","Hofmann Forest","Hofmann Forest1",NA
494,10,1.41307692307692,1,17.206823348999,24800.7931481693,1,15.5539817810059,14.8364382718562,0.30516529083252,1115.25,-1.99630329675645,0,"Hofmann Forest","Hofmann Forest","Hofmann Forest1",NA
495,10,1.41307692307692,1,17.1962852478027,24800.7931481693,1,15.521143913269,13.6450070870918,0.356446385383606,1115.25,-1.99630329675645,0,"Hofmann Forest","Hofmann Forest","Hofmann Forest1",NA
496,10,1.363,1,17,24175.7902287721,1,15.8094024658203,13.6014627732793,0.41021528840065,285.4,0.56445597479834,0,"Hofmann Forest","Hofmann Forest","Hofmann Forest1",NA
497,10,1.363,1,17.1373271942139,24175.7902287721,1,15.4616565704346,10.6867205790759,0.41544958949089,285.4,0.56445597479834,0,"Hofmann Forest","Hofmann Forest","Hofmann Forest1",NA
498,10,1.394375,1,17.1924896240234,36409.5581835947,1,15.70032787323,12.2231333374516,0.371906816959381,285.4,0.56445597479834,0,"Hofmann Forest","Hofmann Forest","Hofmann Forest1",NA
499,10,1.363,1,16.7000007629395,24175.7902287721,1,17.3491592407227,21.0008564753423,0.431575000286102,1115.25,-1.99630329675645,0,"Hofmann Forest","Hofmann Forest","Hofmann Forest1",NA
500,10,1.363,1,16.9114685058594,24175.7902287721,1,15.4504289627075,17.1954593875127,0.443397372961044,1115.25,-1.99630329675645,0,"Hofmann Forest","Hofmann Forest","Hofmann Forest1",NA
501,10,1.41307692307692,1,16.8012599945068,24256.6365422887,1,16.7558078765869,19.4380860974703,0.414523422718048,1115.25,-1.99630329675645,0,"Hofmann Forest","Hofmann Forest","Hofmann Forest1",NA
502,10,1.363,1,17,24175.7902287721,1,16.338191986084,14.8992503349718,0.422474086284637,1115.25,-1.99630329675645,0,"Hofmann Forest","Hofmann Forest","Hofmann Forest1",NA
503,10,1.363,1,16.9034080505371,44338.0194296756,1,16.109203338623,19.9838866649947,0.402879267930984,1115.25,-1.99630329675645,0,"Hofmann Forest","Hofmann Forest","Hofmann Forest1",NA
504,10,1.44666666666667,1,17.2999992370605,12233.7679548225,1,15.2079010009766,9.82219812871284,0.416370153427124,285.4,0.56445597479834,0,"Hofmann Forest","Hofmann Forest","Hofmann Forest1",NA
505,10,1.56904761904762,0,17.1988658905029,4928.75395862977,1,14.2032852172852,16.0031821054207,0.426696717739105,1115.25,-1.99630329675645,0,"Hofmann Forest","Hofmann Forest","Hofmann Forest1",NA
506,10,1.363,1,16.803731918335,24175.7902287721,1,16.5958271026611,19.2265730577415,0.40258526802063,1115.25,-1.99630329675645,0,"Hofmann Forest","Hofmann Forest","Hofmann Forest1",NA
507,10,1.363,1,16.8999996185303,24175.7902287721,1,16.6641292572021,15.4813654079289,0.41939440369606,1115.25,-1.99630329675645,0,"Hofmann Forest","Hofmann Forest","Hofmann Forest1",NA
508,10,1.363,1,17,24175.7902287721,1,16.0304412841797,12.1042455738764,0.418402910232544,285.4,0.56445597479834,0,"Hofmann Forest","Hofmann Forest","Hofmann Forest1",NA
509,10,1.58,0,17.0727710723877,1142.35262915283,1,16.2627563476562,18.3329998960467,0.396078735589981,1115.25,-1.99630329675645,0,"Hofmann Forest","Hofmann Forest","Hofmann Forest1",NA
510,10,1.363,1,16.7815475463867,24175.7902287721,1,17.3699970245361,21.7234513743084,0.423499643802643,1115.25,-1.99630329675645,0,"Hofmann Forest","Hofmann Forest","Hofmann Forest1",NA
511,10,1.363,1,17.1000003814697,24175.7902287721,1,15.4003391265869,10.6240751303506,0.408856391906738,285.4,0.56445597479834,0,"Hofmann Forest","Hofmann Forest","Hofmann Forest1",NA
512,10,1.363,1,17,24175.7902287721,1,16.321325302124,21.9603097068545,0.416090130805969,1115.25,-1.99630329675645,0,"Hofmann Forest","Hofmann Forest","Hofmann Forest1",NA
513,10,1.363,1,16.7000007629395,20162.2292009034,1,17.4058818817139,21.8055541799013,0.431045770645142,1115.25,-1.99630329675645,0,"Hofmann Forest","Hofmann Forest","Hofmann Forest1",NA
514,10,1.363,1,17,24175.7902287721,1,16.4314746856689,14.382023614078,0.421126544475555,1115.25,-1.99630329675645,0,"Hofmann Forest","Hofmann Forest","Hofmann Forest1",NA
515,10,1.363,1,17.0996055603027,20162.2292009034,1,15.5481958389282,21.7536554844848,0.432013422250748,1115.25,-1.99630329675645,0,"Hofmann Forest","Hofmann Forest","Hofmann Forest1",NA
516,10,1.363,1,17,24175.7902287721,1,15.9528474807739,11.5585610594477,0.420244574546814,285.4,0.56445597479834,0,"Hofmann Forest","Hofmann Forest","Hofmann Forest1",NA
517,10,1.363,1,16.7999992370605,20162.2292009034,1,16.9242267608643,23.1409331797441,0.38282984495163,1115.25,-1.99630329675645,0,"Hofmann Forest","Hofmann Forest","Hofmann Forest1",NA
518,10,1.42368421052632,1,17.1349201202393,25046.8659676139,1,15.2710037231445,15.116655830529,0.389615416526794,1115.25,-1.99630329675645,0,"Hofmann Forest","Hofmann Forest","Hofmann Forest1",NA
519,10,1.45055555555556,1,17.1108493804932,24603.1340979689,1,14.0545053482056,15.5055207408501,0.404039263725281,285.4,0.56445597479834,0,"Hofmann Forest","Hofmann Forest","Hofmann Forest1",NA
520,10,1.59355555555556,0,17.4981536865234,1966.33896352762,1,15.8604927062988,12.7586362147937,0.419152230024338,1115.25,-1.99630329675645,0,"Hofmann Forest","Hofmann Forest","Hofmann Forest1",NA
521,10,1.363,1,16.7000007629395,20162.2292009034,1,17.5599479675293,22.2828102338745,0.42707484960556,1115.25,-1.99630329675645,0,"Hofmann Forest","Hofmann Forest","Hofmann Forest1",NA
522,10,1.363,1,17,24175.7902287721,1,16.3616886138916,13.6470000209956,0.417558163404465,1115.25,-1.99630329675645,0,"Hofmann Forest","Hofmann Forest","Hofmann Forest1",NA
523,10,1.44666666666667,1,17.2999992370605,12233.7679548225,1,15.1797542572021,9.88928883509966,0.403953790664673,285.4,0.56445597479834,0,"Hofmann Forest","Hofmann Forest","Hofmann Forest1",NA
524,10,1.363,1,16.8999977111816,24175.7902287721,1,16.3226375579834,17.8148023966104,0.439882934093475,1115.25,-1.99630329675645,0,"Hofmann Forest","Hofmann Forest","Hofmann Forest1",NA
525,10,1.363,1,16.7999992370605,24175.7902287721,1,16.7684097290039,17.8218982778307,0.406755059957504,1115.25,-1.99630329675645,0,"Hofmann Forest","Hofmann Forest","Hofmann Forest1",NA
526,10,1.363,1,16.8312950134277,24175.7902287721,1,17.5788021087646,20.5805437663891,0.42271089553833,1115.25,-1.99630329675645,0,"Hofmann Forest","Hofmann Forest","Hofmann Forest1",NA
527,10,1.50857142857143,1,17.1772022247314,30078.8076008881,1,15.0837535858154,15.1632709818092,0.362486958503723,1115.25,-1.99630329675645,0,"Hofmann Forest","Hofmann Forest","Hofmann Forest1",NA
528,10,1.363,1,16.8999996185303,24175.7902287721,1,15.7813730239868,15.7531109408953,0.423246443271637,1115.25,-1.99630329675645,0,"Hofmann Forest","Hofmann Forest","Hofmann Forest1",NA
529,10,1.363,1,17.202054977417,24175.7902287721,1,14.8924398422241,11.8650187978125,0.294838100671768,285.4,0.56445597479834,0,"Hofmann Forest","Hofmann Forest","Hofmann Forest1",NA
530,10,1.363,1,16.8999996185303,24175.7902287721,1,16.5553588867188,17.2425437915884,0.431386917829514,1115.25,-1.99630329675645,0,"Hofmann Forest","Hofmann Forest","Hofmann Forest1",NA
531,10,1.576,0,16.9942989349365,1581.25608502438,1,16.2798385620117,18.2096463677528,0.377801656723022,1115.25,-1.99630329675645,0,"Hofmann Forest","Hofmann Forest","Hofmann Forest1",NA
532,10,1.44142857142857,1,16.9600067138672,25591.2480366652,1,16.2732620239258,16.3225401178024,0.427189618349075,1115.25,-1.99630329675645,0,"Hofmann Forest","Hofmann Forest","Hofmann Forest1",NA
533,10,1.575,1,17.3101787567139,14346.2708772137,1,15.2611131668091,10.0871811817349,0.4149369597435,285.4,0.56445597479834,0,"Hofmann Forest","Hofmann Forest","Hofmann Forest1",NA
534,10,1.363,1,17.0025234222412,24175.7902287721,1,15.203537940979,12.8086894785608,0.397034049034119,285.4,0.56445597479834,0,"Hofmann Forest","Hofmann Forest","Hofmann Forest1",NA
535,10,1.363,1,16.8999996185303,24175.7902287721,1,16.6160945892334,15.9235011972972,0.413240611553192,1115.25,-1.99630329675645,0,"Hofmann Forest","Hofmann Forest","Hofmann Forest1",NA
536,10,1.363,1,17,24175.7902287721,1,15.3956985473633,17.1081264614722,0.422899842262268,1115.25,-1.99630329675645,0,"Hofmann Forest","Hofmann Forest","Hofmann Forest1",NA
537,10,1.363,1,17.1000003814697,24175.7902287721,1,15.8872051239014,11.2331730795953,0.406534254550934,285.4,0.56445597479834,0,"Hofmann Forest","Hofmann Forest","Hofmann Forest1",NA
538,10,1.41307692307692,1,16.8999996185303,24500.9556909948,1,16.7374687194824,21.5160464561778,0.388167291879654,1115.25,-1.99630329675645,0,"Hofmann Forest","Hofmann Forest","Hofmann Forest1",NA
539,10,1.363,1,16.8999996185303,24175.7902287721,1,16.378137588501,15.9173556107661,0.413085430860519,1115.25,-1.99630329675645,0,"Hofmann Forest","Hofmann Forest","Hofmann Forest1",NA
540,10,1.363,1,16.7999992370605,24175.7902287721,1,17.6563663482666,20.8542396782444,0.437019199132919,1115.25,-1.99630329675645,0,"Hofmann Forest","Hofmann Forest","Hofmann Forest1",NA
541,10,1.363,1,16.7999992370605,24175.7902287721,1,16.7011127471924,16.5094013530999,0.431105494499207,1115.25,-1.99630329675645,0,"Hofmann Forest","Hofmann Forest","Hofmann Forest1",NA
542,10,1.41307692307692,1,16.8999996185303,24186.578512045,1,15.660740852356,15.6017715941337,0.434410154819489,1115.25,-1.99630329675645,0,"Hofmann Forest","Hofmann Forest","Hofmann Forest1",NA
543,10,1.363,1,16.919563293457,24175.7902287721,1,16.5809268951416,14.7096229792251,0.409623146057129,1115.25,-1.99630329675645,0,"Hofmann Forest","Hofmann Forest","Hofmann Forest1",NA
544,10,1.363,1,17.0000019073486,24175.7902287721,1,15.4269514083862,18.3022817156089,0.424404501914978,1115.25,-1.99630329675645,0,"Hofmann Forest","Hofmann Forest","Hofmann Forest1",NA
545,10,1.363,1,16.8999996185303,24175.7902287721,1,16.759521484375,20.2513659618258,0.410726189613342,1115.25,-1.99630329675645,0,"Hofmann Forest","Hofmann Forest","Hofmann Forest1",NA
546,10,1.363,1,17.0000019073486,24175.7902287721,1,16.0277366638184,13.6665713028092,0.417101562023163,285.4,0.56445597479834,0,"Hofmann Forest","Hofmann Forest","Hofmann Forest1",NA
547,10,1.363,1,17.1000003814697,24175.7902287721,1,13.9701585769653,14.5246909265648,0.382981926202774,285.4,0.56445597479834,0,"Hofmann Forest","Hofmann Forest","Hofmann Forest1",NA
548,10,1.363,1,17,24175.7902287721,1,15.0563831329346,13.0882051949987,0.392010450363159,285.4,0.56445597479834,0,"Hofmann Forest","Hofmann Forest","Hofmann Forest1",NA
549,10,1.57777777777778,0,17.3999996185303,1210.89113663531,1,15.8286981582642,13.2986025650053,0.37864887714386,1115.25,-1.99630329675645,0,"Hofmann Forest","Hofmann Forest","Hofmann Forest1",NA
550,10,1.363,1,16.9475612640381,24175.7902287721,1,16.6802501678467,15.1674707516001,0.434389233589172,1115.25,-1.99630329675645,0,"Hofmann Forest","Hofmann Forest","Hofmann Forest1",NA
551,10,1.363,1,16.8720054626465,24175.7902287721,1,17.0621528625488,20.0293972185721,0.41749370098114,1115.25,-1.99630329675645,0,"Hofmann Forest","Hofmann Forest","Hofmann Forest1",NA
552,10,1.363,1,17,24175.7902287721,1,15.908106803894,12.6111998619431,0.403300851583481,285.4,0.56445597479834,0,"Hofmann Forest","Hofmann Forest","Hofmann Forest1",NA
553,10,1.363,1,16.9401969909668,24175.7902287721,1,15.8655090332031,15.2038073868799,0.443354219198227,1115.25,-1.99630329675645,0,"Hofmann Forest","Hofmann Forest","Hofmann Forest1",NA
554,10,1.363,1,16.9604721069336,24175.7902287721,1,15.3282403945923,18.06159885691,0.397451251745224,1115.25,-1.99630329675645,0,"Hofmann Forest","Hofmann Forest","Hofmann Forest1",NA
555,10,1.57487804878049,1,17.2999992370605,14113.2900048214,1,14.866340637207,11.6481327383417,0.400102555751801,285.4,0.56445597479834,0,"Hofmann Forest","Hofmann Forest","Hofmann Forest1",NA
556,10,1.44666666666667,1,17.2750015258789,12233.7679548225,1,15.254298210144,9.71623224196079,0.439977884292603,285.4,0.56445597479834,0,"Hofmann Forest","Hofmann Forest","Hofmann Forest1",NA
557,10,1.363,1,16.8296585083008,24175.7902287721,1,17.2685165405273,19.6298033266407,0.43192121386528,1115.25,-1.99630329675645,0,"Hofmann Forest","Hofmann Forest","Hofmann Forest1",NA
558,10,1.363,1,16.8829765319824,44338.0194296756,1,16.8268260955811,20.4327142914259,0.382877945899963,1115.25,-1.99630329675645,0,"Hofmann Forest","Hofmann Forest","Hofmann Forest1",NA
559,10,1.421875,1,16.7999992370605,20341.3734344337,1,16.6172771453857,23.9537981795649,0.405645072460175,1115.25,-1.99630329675645,0,"Hofmann Forest","Hofmann Forest","Hofmann Forest1",NA
560,10,1.576,0,17.0013465881348,1581.25608502438,1,16.3464756011963,18.7937402414784,0.415255576372147,1115.25,-1.99630329675645,0,"Hofmann Forest","Hofmann Forest","Hofmann Forest1",NA
561,10,1.363,1,16.8999996185303,44338.0194296756,1,16.3686618804932,20.1194896906077,0.413738369941711,1115.25,-1.99630329675645,0,"Hofmann Forest","Hofmann Forest","Hofmann Forest1",NA
562,10,1.394375,1,17.1002731323242,24421.8630482167,1,15.5999507904053,14.5972042442294,0.371426165103912,1115.25,-1.99630329675645,0,"Hofmann Forest","Hofmann Forest","Hofmann Forest1",NA
563,10,1.41307692307692,1,16.8999996185303,24186.578512045,1,15.4703731536865,16.1402350367041,0.420711189508438,1115.25,-1.99630329675645,0,"Hofmann Forest","Hofmann Forest","Hofmann Forest1",NA
564,10,1.363,1,17,24175.7902287721,1,15.1944046020508,17.7267658580324,0.397828221321106,1115.25,-1.99630329675645,0,"Hofmann Forest","Hofmann Forest","Hofmann Forest1",NA
565,10,1.363,1,17,24175.7902287721,1,14.3483419418335,14.3810730820228,0.386849224567413,285.4,0.56445597479834,0,"Hofmann Forest","Hofmann Forest","Hofmann Forest1",NA
566,10,1.59685714285714,0,17.4000015258789,1879.52204999885,1,14.5998773574829,10.8099234526911,0.422701269388199,285.4,0.56445597479834,0,"Hofmann Forest","Hofmann Forest","Hofmann Forest1",NA
567,10,1.363,1,16.7346057891846,20162.2292009034,1,16.6183223724365,21.6775616697965,0.428071975708008,1115.25,-1.99630329675645,0,"Hofmann Forest","Hofmann Forest","Hofmann Forest1",NA
568,10,1.394375,1,17.1613388061523,36409.5581835947,1,15.2938709259033,10.4948724603809,0.401129215955734,285.4,0.56445597479834,0,"Hofmann Forest","Hofmann Forest","Hofmann Forest1",NA
569,10,1.53888888888889,0,16.9733409881592,5454.85182758219,1,16.267894744873,23.6711067333714,0.402867317199707,1115.25,-1.99630329675645,0,"Hofmann Forest","Hofmann Forest","Hofmann Forest1",NA
570,10,1.363,1,17,24175.7902287721,1,15.624457359314,11.9885089954657,0.398735731840134,285.4,0.56445597479834,0,"Hofmann Forest","Hofmann Forest","Hofmann Forest1",NA
571,10,1.394375,1,16.9036903381348,24421.8630482167,1,16.5449905395508,16.3110433879432,0.40788722038269,1115.25,-1.99630329675645,0,"Hofmann Forest","Hofmann Forest","Hofmann Forest1",NA
572,10,1.363,1,16.934757232666,24175.7902287721,1,15.995400428772,15.3484127106307,0.424348443746567,1115.25,-1.99630329675645,0,"Hofmann Forest","Hofmann Forest","Hofmann Forest1",NA
573,10,1.44066666666667,1,16.9379863739014,23614.1090736425,1,16.3334045410156,24.5677673697075,0.416286915540695,1115.25,-1.99630329675645,0,"Hofmann Forest","Hofmann Forest","Hofmann Forest1",NA
574,10,1.363,1,16.7999992370605,24175.7902287721,1,17.4633636474609,19.5065721194775,0.415065467357635,1115.25,-1.99630329675645,0,"Hofmann Forest","Hofmann Forest","Hofmann Forest1",NA
575,10,1.363,1,16.8999996185303,24175.7902287721,1,16.1036529541016,17.6827850321176,0.425036936998367,1115.25,-1.99630329675645,0,"Hofmann Forest","Hofmann Forest","Hofmann Forest1",NA
576,10,1.363,1,16.8999996185303,24175.7902287721,1,15.8369951248169,15.854881110126,0.422253638505936,1115.25,-1.99630329675645,0,"Hofmann Forest","Hofmann Forest","Hofmann Forest1",NA
577,10,1.42368421052632,1,17.3999996185303,37034.5611029918,1,15.5468082427979,13.2638100099274,0.307077974081039,1115.25,-1.99630329675645,0,"Hofmann Forest","Hofmann Forest","Hofmann Forest1",NA
578,10,1.48757575757576,1,17.3338146209717,36565.0102876017,1,15.1583023071289,9.98130463083028,0.345076620578766,285.4,0.56445597479834,0,"Hofmann Forest","Hofmann Forest","Hofmann Forest1",NA
579,10,1.363,1,17,24175.7902287721,1,16.0001125335693,11.5651011066119,0.39156636595726,285.4,0.56445597479834,0,"Hofmann Forest","Hofmann Forest","Hofmann Forest1",NA
580,10,1.363,1,16.9104137420654,24175.7902287721,1,16.4099388122559,14.1730088795826,0.417217433452606,285.4,0.56445597479834,0,"Hofmann Forest","Hofmann Forest","Hofmann Forest1",NA
581,10,1.59355555555556,0,17.4744529724121,1966.33896352762,1,14.7216329574585,12.6019013299301,0.392539411783218,1115.25,-1.99630329675645,0,"Hofmann Forest","Hofmann Forest","Hofmann Forest1",NA
582,10,1.363,1,17.0000019073486,24175.7902287721,1,16.3095378875732,12.8378394938486,0.415497750043869,285.4,0.56445597479834,0,"Hofmann Forest","Hofmann Forest","Hofmann Forest1",NA
583,10,1.363,1,17,24175.7902287721,1,15.5873603820801,11.0223609111758,0.390111356973648,285.4,0.56445597479834,0,"Hofmann Forest","Hofmann Forest","Hofmann Forest1",NA
584,10,1.363,1,16.866418838501,24175.7902287721,1,16.8772106170654,16.9998493577579,0.423099488019943,1115.25,-1.99630329675645,0,"Hofmann Forest","Hofmann Forest","Hofmann Forest1",NA
585,10,1.363,1,16.7000007629395,20162.2292009034,1,17.5226402282715,22.2711828625725,0.434719622135162,1115.25,-1.99630329675645,0,"Hofmann Forest","Hofmann Forest","Hofmann Forest1",NA
586,10,1.363,1,17.1000003814697,20162.2292009034,1,15.175440788269,21.7582995933447,0.481753706932068,1115.25,-1.99630329675645,0,"Hofmann Forest","Hofmann Forest","Hofmann Forest1",NA
587,10,1.363,1,17.0149040222168,20162.2292009034,1,15.6464519500732,20.6502816921864,0.459232717752457,1115.25,-1.99630329675645,0,"Hofmann Forest","Hofmann Forest","Hofmann Forest1",NA
588,10,1.363,1,16.8999996185303,20162.2292009034,1,16.4798736572266,21.0632561978271,0.374481499195099,1115.25,-1.99630329675645,0,"Hofmann Forest","Hofmann Forest","Hofmann Forest1",NA
589,10,1.363,1,17,24175.7902287721,1,16.1861019134521,12.8055318516141,0.414037257432938,285.4,0.56445597479834,0,"Hofmann Forest","Hofmann Forest","Hofmann Forest1",NA
590,10,1.54173913043478,1,17.3536682128906,13420.4730730855,1,15.1375074386597,10.974348924863,0.487940490245819,285.4,0.56445597479834,0,"Hofmann Forest","Hofmann Forest","Hofmann Forest1",NA
591,10,1.394375,1,16.9987049102783,24421.8630482167,1,16.2811107635498,15.5474298653164,0.419151306152344,1115.25,-1.99630329675645,0,"Hofmann Forest","Hofmann Forest","Hofmann Forest1",NA
592,10,1.363,1,16.8999996185303,24175.7902287721,1,16.2132663726807,16.3276137919727,0.426779299974442,1115.25,-1.99630329675645,0,"Hofmann Forest","Hofmann Forest","Hofmann Forest1",NA
593,10,1.59355555555556,0,17.3150997161865,2574.02214801184,1,13.6676635742188,10.8400222729868,0.441096663475037,285.4,0.56445597479834,0,"Hofmann Forest","Hofmann Forest","Hofmann Forest1",NA
594,10,1.363,1,16.9081954956055,24175.7902287721,1,16.3987522125244,18.9413364057132,0.426562577486038,1115.25,-1.99630329675645,0,"Hofmann Forest","Hofmann Forest","Hofmann Forest1",NA
595,10,1.363,1,16.9999980926514,24175.7902287721,1,16.4699153900146,14.7271517866258,0.41646546125412,1115.25,-1.99630329675645,0,"Hofmann Forest","Hofmann Forest","Hofmann Forest1",NA
596,10,1.363,1,16.7004871368408,44338.0194296756,1,17.3806343078613,22.0041851615344,0.413828521966934,1115.25,-1.99630329675645,0,"Hofmann Forest","Hofmann Forest","Hofmann Forest1",NA
597,10,1.363,1,17,24175.7902287721,1,15.7631959915161,12.3707613585409,0.419017612934113,285.4,0.56445597479834,0,"Hofmann Forest","Hofmann Forest","Hofmann Forest1",NA
598,10,1.363,1,17,24175.7902287721,1,16.5936985015869,15.0423022522194,0.421256095170975,1115.25,-1.99630329675645,0,"Hofmann Forest","Hofmann Forest","Hofmann Forest1",NA
599,10,1.363,1,16.9112377166748,20162.2292009034,1,16.6422634124756,23.0866538374433,0.385708928108215,1115.25,-1.99630329675645,0,"Hofmann Forest","Hofmann Forest","Hofmann Forest1",NA
600,10,1.58,0,17,3632.83044004077,1,16.3920059204102,23.1853494950034,0.415079534053802,1115.25,-1.99630329675645,0,"Hofmann Forest","Hofmann Forest","Hofmann Forest1",NA
601,10,1.363,1,16.8667488098145,20162.2292009034,1,16.6869506835938,23.4498232033225,0.422952324151993,1115.25,-1.99630329675645,0,"Hofmann Forest","Hofmann Forest","Hofmann Forest1",NA
602,10,1.363,1,16.7999992370605,24175.7902287721,1,17.4307880401611,19.9053768885738,0.421230018138885,1115.25,-1.99630329675645,0,"Hofmann Forest","Hofmann Forest","Hofmann Forest1",NA
603,10,1.55454545454545,1,16.8851833343506,3631.02410626932,1,16.9046001434326,24.3483875275367,0.391697078943253,1115.25,-1.99630329675645,0,"Hofmann Forest","Hofmann Forest","Hofmann Forest1",NA
604,10,1.363,1,16.9281005859375,24175.7902287721,1,16.4801349639893,19.6453349318984,0.404131948947906,1115.25,-1.99630329675645,0,"Hofmann Forest","Hofmann Forest","Hofmann Forest1",NA
605,10,1.363,1,16.8885250091553,24175.7902287721,1,16.8672370910645,17.417415184231,0.417651057243347,1115.25,-1.99630329675645,0,"Hofmann Forest","Hofmann Forest","Hofmann Forest1",NA
606,10,1.59685714285714,0,17.3937740325928,1879.52204999885,1,15.2449407577515,10.424683082835,0.411341309547424,285.4,0.56445597479834,0,"Hofmann Forest","Hofmann Forest","Hofmann Forest1",NA
607,10,1.363,1,16.9999980926514,24175.7902287721,1,15.2394943237305,17.4040682247907,0.399420708417892,1115.25,-1.99630329675645,0,"Hofmann Forest","Hofmann Forest","Hofmann Forest1",NA
608,10,1.363,1,16.7000007629395,44338.0194296756,1,17.3081340789795,21.3768423011515,0.435784012079239,1115.25,-1.99630329675645,0,"Hofmann Forest","Hofmann Forest","Hofmann Forest1",NA
609,10,1.363,1,16.8999996185303,20162.2292009034,1,16.2735595703125,21.7373027604646,0.435020416975021,1115.25,-1.99630329675645,0,"Hofmann Forest","Hofmann Forest","Hofmann Forest1",NA
610,10,1.363,1,17.1676788330078,24175.7902287721,1,13.5086708068848,14.025776646279,0.400581061840057,285.4,0.56445597479834,0,"Hofmann Forest","Hofmann Forest","Hofmann Forest1",NA
611,10,1.363,1,16.9999980926514,24175.7902287721,1,16.2525024414062,14.026146048751,0.419403880834579,285.4,0.56445597479834,0,"Hofmann Forest","Hofmann Forest","Hofmann Forest1",NA
612,10,1.421875,1,16.7999992370605,20341.3734344337,1,16.7562236785889,23.8375721424513,0.418413490056992,1115.25,-1.99630329675645,0,"Hofmann Forest","Hofmann Forest","Hofmann Forest1",NA
613,10,1.363,1,17.0203151702881,24175.7902287721,1,14.1008319854736,13.9525532409829,0.361642330884933,285.4,0.56445597479834,0,"Hofmann Forest","Hofmann Forest","Hofmann Forest1",NA
614,10,1.363,1,16.8979473114014,20162.2292009034,1,16.7453460693359,23.7181110252816,0.426917284727097,1115.25,-1.99630329675645,0,"Hofmann Forest","Hofmann Forest","Hofmann Forest1",NA
615,10,1.363,1,17.0392398834229,24175.7902287721,1,15.9147052764893,19.1989729003639,0.356036722660065,1115.25,-1.99630329675645,0,"Hofmann Forest","Hofmann Forest","Hofmann Forest1",NA
616,10,1.363,1,16.8528823852539,24175.7902287721,1,16.6661586761475,16.805662227518,0.412205040454865,1115.25,-1.99630329675645,0,"Hofmann Forest","Hofmann Forest","Hofmann Forest1",NA
617,10,1.41307692307692,1,16.9665660858154,24500.9556909948,1,16.8537082672119,21.8559320136226,0.421707570552826,1115.25,-1.99630329675645,0,"Hofmann Forest","Hofmann Forest","Hofmann Forest1",NA
618,10,1.363,1,16.8000984191895,24175.7902287721,1,17.174243927002,20.0004117878271,0.436470478773117,1115.25,-1.99630329675645,0,"Hofmann Forest","Hofmann Forest","Hofmann Forest1",NA
619,10,1.363,1,16.8777675628662,24175.7902287721,1,16.9401397705078,17.8075262185637,0.416475802659988,1115.25,-1.99630329675645,0,"Hofmann Forest","Hofmann Forest","Hofmann Forest1",NA
620,10,1.48757575757576,1,17.2037296295166,37596.2633018576,1,15.56471824646,12.7919324268952,0.412679553031921,1115.25,-1.99630329675645,0,"Hofmann Forest","Hofmann Forest","Hofmann Forest1",NA
621,10,1.363,1,16.7999992370605,20162.2292009034,1,17.1571025848389,22.9305515632783,0.412344515323639,1115.25,-1.99630329675645,0,"Hofmann Forest","Hofmann Forest","Hofmann Forest1",NA
622,10,1.363,1,17.1772193908691,24175.7902287721,1,13.7474012374878,15.4657615653555,0.433306664228439,285.4,0.56445597479834,0,"Hofmann Forest","Hofmann Forest","Hofmann Forest1",NA
623,10,1.363,1,17,24175.7902287721,1,16.2054309844971,12.4394535756338,0.434616178274155,285.4,0.56445597479834,0,"Hofmann Forest","Hofmann Forest","Hofmann Forest1",NA
624,10,1.363,1,17,24175.7902287721,1,15.9089469909668,12.4376302747076,0.408570647239685,285.4,0.56445597479834,0,"Hofmann Forest","Hofmann Forest","Hofmann Forest1",NA
625,10,1.394375,1,17.1000003814697,36409.5581835947,1,15.3320007324219,10.2602706658288,0.407790094614029,285.4,0.56445597479834,0,"Hofmann Forest","Hofmann Forest","Hofmann Forest1",NA
626,10,1.363,1,17,24175.7902287721,1,15.2487688064575,13.9481309535069,0.418835699558258,285.4,0.56445597479834,0,"Hofmann Forest","Hofmann Forest","Hofmann Forest1",NA
627,10,1.576,0,17.3999996185303,1811.7080376601,1,15.6453332901001,13.1368845508312,0.298806458711624,1115.25,-1.99630329675645,0,"Hofmann Forest","Hofmann Forest","Hofmann Forest1",NA
628,10,1.363,1,17.010311126709,24175.7902287721,1,15.700439453125,11.289544622275,0.396503180265427,285.4,0.56445597479834,0,"Hofmann Forest","Hofmann Forest","Hofmann Forest1",NA
629,10,1.44666666666667,1,17.284854888916,12233.7679548225,1,15.44837474823,10.9463901291936,0.3461634516716,285.4,0.56445597479834,0,"Hofmann Forest","Hofmann Forest","Hofmann Forest1",NA
630,10,1.363,1,16.8999996185303,24175.7902287721,1,16.0356979370117,17.2818995922438,0.411442279815674,1115.25,-1.99630329675645,0,"Hofmann Forest","Hofmann Forest","Hofmann Forest1",NA
631,10,1.363,1,16.9226932525635,24175.7902287721,1,16.3325672149658,15.2933750303045,0.435449481010437,1115.25,-1.99630329675645,0,"Hofmann Forest","Hofmann Forest","Hofmann Forest1",NA
632,10,1.363,1,17.1000003814697,24175.7902287721,1,13.6941862106323,15.1629453091814,0.371944576501846,285.4,0.56445597479834,0,"Hofmann Forest","Hofmann Forest","Hofmann Forest1",NA
633,10,1.363,1,17,24175.7902287721,1,15.7981767654419,13.3682729534213,0.415599763393402,285.4,0.56445597479834,0,"Hofmann Forest","Hofmann Forest","Hofmann Forest1",NA
634,10,1.363,1,16.9999980926514,24175.7902287721,1,16.4312019348145,21.5553173187417,0.409054309129715,1115.25,-1.99630329675645,0,"Hofmann Forest","Hofmann Forest","Hofmann Forest1",NA
635,10,1.363,1,16.9777965545654,24175.7902287721,1,16.339900970459,15.0755520501072,0.425415754318237,1115.25,-1.99630329675645,0,"Hofmann Forest","Hofmann Forest","Hofmann Forest1",NA
636,10,1.363,1,17.1769561767578,24175.7902287721,1,15.9489374160767,13.3273449563033,0.399878323078156,1115.25,-1.99630329675645,0,"Hofmann Forest","Hofmann Forest","Hofmann Forest1",NA
637,10,1.54173913043478,1,17.2937507629395,13420.4730730855,1,15.1796464920044,12.1539198871662,0.413231641054153,1115.25,-1.99630329675645,0,"Hofmann Forest","Hofmann Forest","Hofmann Forest1",NA
638,10,1.363,1,17,24175.7902287721,1,14.8782005310059,14.8469652154875,0.306001752614975,285.4,0.56445597479834,0,"Hofmann Forest","Hofmann Forest","Hofmann Forest1",NA
639,10,1.55611111111111,1,17.3999996185303,14739.9760904956,1,15.5843687057495,13.012213604897,0.342736095190048,1115.25,-1.99630329675645,0,"Hofmann Forest","Hofmann Forest","Hofmann Forest1",NA
640,10,1.394375,1,17.1783199310303,36409.5581835947,1,15.3371419906616,10.6262613645511,0.359776943922043,285.4,0.56445597479834,0,"Hofmann Forest","Hofmann Forest","Hofmann Forest1",NA
641,10,1.363,1,17.099739074707,24175.7902287721,1,15.8133306503296,10.8995821741254,0.407155752182007,285.4,0.56445597479834,0,"Hofmann Forest","Hofmann Forest","Hofmann Forest1",NA
642,10,1.363,1,17.0686740875244,24175.7902287721,1,15.960054397583,11.8576562385065,0.40404400229454,285.4,0.56445597479834,0,"Hofmann Forest","Hofmann Forest","Hofmann Forest1",NA
643,10,1.363,1,17.0999984741211,24175.7902287721,1,13.5332851409912,13.9445090499857,0.380638420581818,285.4,0.56445597479834,0,"Hofmann Forest","Hofmann Forest","Hofmann Forest1",NA
644,10,1.41307692307692,1,16.8999996185303,24256.6365422887,1,16.805778503418,19.7018309606038,0.39997535943985,1115.25,-1.99630329675645,0,"Hofmann Forest","Hofmann Forest","Hofmann Forest1",NA
645,10,1.363,1,16.7106685638428,24175.7902287721,1,17.2517280578613,20.9463209246345,0.436731457710266,1115.25,-1.99630329675645,0,"Hofmann Forest","Hofmann Forest","Hofmann Forest1",NA
646,10,1.444375,1,16.8893356323242,25398.9891714415,1,16.6956348419189,19.3994450317763,0.34264662861824,1115.25,-1.99630329675645,0,"Hofmann Forest","Hofmann Forest","Hofmann Forest1",NA
647,10,1.363,1,17,24175.7902287721,1,15.8556938171387,12.8053301300336,0.405794858932495,285.4,0.56445597479834,0,"Hofmann Forest","Hofmann Forest","Hofmann Forest1",NA
648,10,1.394375,1,17.21657371521,36409.5581835947,1,15.6193294525146,11.3400800327257,0.370014160871506,285.4,0.56445597479834,0,"Hofmann Forest","Hofmann Forest","Hofmann Forest1",NA
649,10,1.583,0,17.1559028625488,5771.81691779528,1,14.6626625061035,15.3721862653256,0.405702352523804,1115.25,-1.99630329675645,0,"Hofmann Forest","Hofmann Forest","Hofmann Forest1",NA
650,10,1.363,1,16.8038902282715,20162.2292009034,1,17.2988433837891,21.0826524824257,0.384348720312119,1115.25,-1.99630329675645,0,"Hofmann Forest","Hofmann Forest","Hofmann Forest1",NA
651,10,1.363,1,16.8999996185303,24175.7902287721,1,16.5895977020264,20.1465681650397,0.397142916917801,1115.25,-1.99630329675645,0,"Hofmann Forest","Hofmann Forest","Hofmann Forest1",NA
652,10,1.363,1,17.0551605224609,24175.7902287721,1,16.1994686126709,12.2455470314215,0.427370995283127,285.4,0.56445597479834,0,"Hofmann Forest","Hofmann Forest","Hofmann Forest1",NA
653,10,1.363,1,17.0831451416016,24175.7902287721,1,13.904616355896,14.8813369965558,0.394985020160675,285.4,0.56445597479834,0,"Hofmann Forest","Hofmann Forest","Hofmann Forest1",NA
654,10,1.363,1,16.931921005249,24175.7902287721,1,16.4117755889893,14.1150622518932,0.412931829690933,1115.25,-1.99630329675645,0,"Hofmann Forest","Hofmann Forest","Hofmann Forest1",NA
655,10,1.45055555555556,1,17,24603.1340979689,1,14.2009019851685,15.5095289886321,0.38422042131424,285.4,0.56445597479834,0,"Hofmann Forest","Hofmann Forest","Hofmann Forest1",NA
656,10,1.363,1,16.8313407897949,20162.2292009034,1,17.0607414245605,21.4258675883057,0.39557084441185,1115.25,-1.99630329675645,0,"Hofmann Forest","Hofmann Forest","Hofmann Forest1",NA
657,10,1.363,1,16.8999977111816,24175.7902287721,1,16.8119850158691,20.6319163904345,0.405472993850708,1115.25,-1.99630329675645,0,"Hofmann Forest","Hofmann Forest","Hofmann Forest1",NA
658,10,1.363,1,17,24175.7902287721,1,14.1859397888184,15.9963446194356,0.400190562009811,285.4,0.56445597479834,0,"Hofmann Forest","Hofmann Forest","Hofmann Forest1",NA
659,10,1.363,1,16.8999996185303,20162.2292009034,1,16.3963851928711,22.7379415966601,0.426752150058746,1115.25,-1.99630329675645,0,"Hofmann Forest","Hofmann Forest","Hofmann Forest1",NA
660,10,1.58,0,17,3632.83044004077,1,16.3148460388184,23.2441150262801,0.412279963493347,1115.25,-1.99630329675645,0,"Hofmann Forest","Hofmann Forest","Hofmann Forest1",NA
661,10,1.41307692307692,1,16.8000068664551,23469.8941787215,1,16.5260715484619,23.9116463472494,0.40116360783577,1115.25,-1.99630329675645,0,"Hofmann Forest","Hofmann Forest","Hofmann Forest1",NA
662,10,1.41307692307692,1,16.8999996185303,24186.578512045,1,15.6972827911377,16.0999798557411,0.424308270215988,1115.25,-1.99630329675645,0,"Hofmann Forest","Hofmann Forest","Hofmann Forest1",NA
663,10,1.363,1,17,24175.7902287721,1,16.3733654022217,13.4556153881867,0.411273658275604,1115.25,-1.99630329675645,0,"Hofmann Forest","Hofmann Forest","Hofmann Forest1",NA
664,10,1.363,1,16.758020401001,20162.2292009034,1,17.3731365203857,22.7193566883873,0.434237122535706,1115.25,-1.99630329675645,0,"Hofmann Forest","Hofmann Forest","Hofmann Forest1",NA
665,10,1.363,1,16.8112144470215,24175.7902287721,1,16.6885604858398,16.1185906440163,0.417110681533813,1115.25,-1.99630329675645,0,"Hofmann Forest","Hofmann Forest","Hofmann Forest1",NA
666,10,1.363,1,16.855037689209,20162.2292009034,1,16.8689708709717,23.0198032621412,0.393829196691513,1115.25,-1.99630329675645,0,"Hofmann Forest","Hofmann Forest","Hofmann Forest1",NA
667,10,1.363,1,16.8999996185303,24175.7902287721,1,16.5330791473389,16.7064550051617,0.421284884214401,1115.25,-1.99630329675645,0,"Hofmann Forest","Hofmann Forest","Hofmann Forest1",NA
668,10,1.363,1,16.7999992370605,24175.7902287721,1,16.8066902160645,16.5436975575378,0.409382075071335,1115.25,-1.99630329675645,0,"Hofmann Forest","Hofmann Forest","Hofmann Forest1",NA
669,10,1.43933333333333,1,17.0470409393311,25345.1752172206,1,16.3087253570557,16.5554267185831,0.390420824289322,1115.25,-1.99630329675645,0,"Hofmann Forest","Hofmann Forest","Hofmann Forest1",NA
670,10,1.363,1,16.7999992370605,24175.7902287721,1,17.3184947967529,20.1337216261388,0.423568785190582,1115.25,-1.99630329675645,0,"Hofmann Forest","Hofmann Forest","Hofmann Forest1",NA
671,10,1.363,1,16.9088973999023,24175.7902287721,1,16.3944072723389,13.7496418862632,0.408167004585266,285.4,0.56445597479834,0,"Hofmann Forest","Hofmann Forest","Hofmann Forest1",NA
672,10,1.363,1,16.9610214233398,24175.7902287721,1,16.3498287200928,13.274804725688,0.402835190296173,285.4,0.56445597479834,0,"Hofmann Forest","Hofmann Forest","Hofmann Forest1",NA
673,10,1.394375,1,17.0474758148193,36409.5581835947,1,16.2032337188721,12.4378036233602,0.410609662532806,285.4,0.56445597479834,0,"Hofmann Forest","Hofmann Forest","Hofmann Forest1",NA
674,10,1.363,1,16.8999996185303,24175.7902287721,1,16.4993438720703,13.9120580307616,0.412034630775452,285.4,0.56445597479834,0,"Hofmann Forest","Hofmann Forest","Hofmann Forest1",NA
675,10,1.363,1,16.7999992370605,24175.7902287721,1,17.3949317932129,20.370859641994,0.426249235868454,1115.25,-1.99630329675645,0,"Hofmann Forest","Hofmann Forest","Hofmann Forest1",NA
676,10,1.363,1,17.0344066619873,24175.7902287721,1,16.1171569824219,12.8333218237164,0.417750209569931,1115.25,-1.99630329675645,0,"Hofmann Forest","Hofmann Forest","Hofmann Forest1",NA
677,10,1.363,1,17,24175.7902287721,1,15.4194717407227,13.4053978598187,0.399103254079819,285.4,0.56445597479834,0,"Hofmann Forest","Hofmann Forest","Hofmann Forest1",NA
678,10,1.41307692307692,1,17,24210.7472824489,1,15.2132415771484,16.7063831626323,0.393293589353561,1115.25,-1.99630329675645,0,"Hofmann Forest","Hofmann Forest","Hofmann Forest1",NA
679,10,1.363,1,17.0277881622314,24175.7902287721,1,14.6408100128174,13.3887505056059,0.38051450252533,285.4,0.56445597479834,0,"Hofmann Forest","Hofmann Forest","Hofmann Forest1",NA
680,10,1.363,1,17,24175.7902287721,1,16.4345378875732,14.3753142993447,0.410001069307327,1115.25,-1.99630329675645,0,"Hofmann Forest","Hofmann Forest","Hofmann Forest1",NA
681,10,1.363,1,16.8971824645996,24175.7902287721,1,16.6008129119873,15.9010996322052,0.412579029798508,1115.25,-1.99630329675645,0,"Hofmann Forest","Hofmann Forest","Hofmann Forest1",NA
682,10,1.363,1,16.9999980926514,24175.7902287721,1,15.7886610031128,12.8577334143177,0.428619682788849,285.4,0.56445597479834,0,"Hofmann Forest","Hofmann Forest","Hofmann Forest1",NA
683,10,1.363,1,17.0568161010742,24175.7902287721,1,15.4296073913574,11.7901648513208,0.415440112352371,285.4,0.56445597479834,0,"Hofmann Forest","Hofmann Forest","Hofmann Forest1",NA
684,10,1.394375,1,17.2666053771973,36409.5581835947,1,15.6997156143188,13.3012202790181,0.359102249145508,1115.25,-1.99630329675645,0,"Hofmann Forest","Hofmann Forest","Hofmann Forest1",NA
685,10,1.48757575757576,1,17.2512607574463,36565.0102876017,1,15.1466636657715,10.941761708982,0.37651938199997,285.4,0.56445597479834,0,"Hofmann Forest","Hofmann Forest","Hofmann Forest1",NA
686,10,1.363,1,16.7985935211182,24175.7902287721,1,17.3509349822998,21.1151267154471,0.439827650785446,1115.25,-1.99630329675645,0,"Hofmann Forest","Hofmann Forest","Hofmann Forest1",NA
687,10,1.363,1,16.799409866333,24175.7902287721,1,17.5281848907471,20.659569564969,0.423042267560959,1115.25,-1.99630329675645,0,"Hofmann Forest","Hofmann Forest","Hofmann Forest1",NA
688,10,1.363,1,17.0698394775391,20162.2292009034,1,15.5091590881348,20.9844393241647,0.382486462593079,1115.25,-1.99630329675645,0,"Hofmann Forest","Hofmann Forest","Hofmann Forest1",NA
689,10,1.363,1,16.9161415100098,20162.2292009034,1,16.2202835083008,22.4836369096357,0.415823370218277,1115.25,-1.99630329675645,0,"Hofmann Forest","Hofmann Forest","Hofmann Forest1",NA
690,10,1.363,1,16.8999996185303,24175.7902287721,1,16.6573085784912,20.5085208877705,0.403811097145081,1115.25,-1.99630329675645,0,"Hofmann Forest","Hofmann Forest","Hofmann Forest1",NA
691,10,1.394375,1,16.9836044311523,24490.0857646151,1,15.1617622375488,17.2639232869398,0.401366382837296,1115.25,-1.99630329675645,0,"Hofmann Forest","Hofmann Forest","Hofmann Forest1",NA
692,10,1.363,1,16.8999996185303,20162.2292009034,1,16.8072929382324,24.1734569642929,0.413413435220718,1115.25,-1.99630329675645,0,"Hofmann Forest","Hofmann Forest","Hofmann Forest1",NA
693,10,1.54173913043478,1,17.3408908843994,13420.4730730855,1,15.3838481903076,11.3837599111155,0.397934168577194,285.4,0.56445597479834,0,"Hofmann Forest","Hofmann Forest","Hofmann Forest1",NA
694,10,1.41307692307692,1,16.9402904510498,24573.5341335022,1,15.0549259185791,14.6007111615934,0.439071476459503,285.4,0.56445597479834,0,"Hofmann Forest","Hofmann Forest","Hofmann Forest1",NA
695,10,1.58,0,17.3754081726074,625.002919397116,1,15.2486457824707,14.568620710994,0.35411736369133,1115.25,-1.99630329675645,0,"Hofmann Forest","Hofmann Forest","Hofmann Forest1",NA
696,10,1.363,1,17.1815319061279,24175.7902287721,1,15.202205657959,12.4060598515593,0.384527295827866,285.4,0.56445597479834,0,"Hofmann Forest","Hofmann Forest","Hofmann Forest1",NA
697,10,1.363,1,16.8999996185303,24175.7902287721,1,16.6806507110596,16.9355883360817,0.441398113965988,1115.25,-1.99630329675645,0,"Hofmann Forest","Hofmann Forest","Hofmann Forest1",NA
698,10,1.363,1,16.8000164031982,24175.7902287721,1,16.8043689727783,17.5864025509073,0.418440341949463,1115.25,-1.99630329675645,0,"Hofmann Forest","Hofmann Forest","Hofmann Forest1",NA
699,10,1.576,0,17.1000003814697,1581.25608502438,1,16.0648860931396,16.7818123437918,0.358644753694534,1115.25,-1.99630329675645,0,"Hofmann Forest","Hofmann Forest","Hofmann Forest1",NA
700,10,1.363,1,16.7633571624756,20162.2292009034,1,17.3731060028076,22.486992619972,0.418816775083542,1115.25,-1.99630329675645,0,"Hofmann Forest","Hofmann Forest","Hofmann Forest1",NA
701,10,1.363,1,16.9912948608398,24175.7902287721,1,14.8414640426636,14.8437555942753,0.295986652374268,285.4,0.56445597479834,0,"Hofmann Forest","Hofmann Forest","Hofmann Forest1",NA
702,10,1.363,1,16.706356048584,44338.0194296756,1,17.373628616333,21.8203026853429,0.428841710090637,1115.25,-1.99630329675645,0,"Hofmann Forest","Hofmann Forest","Hofmann Forest1",NA
703,10,1.363,1,16.8997383117676,20162.2292009034,1,16.79030418396,23.8160433327933,0.4147909283638,1115.25,-1.99630329675645,0,"Hofmann Forest","Hofmann Forest","Hofmann Forest1",NA
704,10,1.363,1,16.7000007629395,44338.0194296756,1,17.3005027770996,21.2942188803097,0.432324767112732,1115.25,-1.99630329675645,0,"Hofmann Forest","Hofmann Forest","Hofmann Forest1",NA
705,10,1.363,1,16.8084106445312,24175.7902287721,1,17.1481990814209,19.1149816129102,0.404737651348114,1115.25,-1.99630329675645,0,"Hofmann Forest","Hofmann Forest","Hofmann Forest1",NA
706,10,1.363,1,17,24175.7902287721,1,14.7090301513672,15.8479250747955,0.412614583969116,285.4,0.56445597479834,0,"Hofmann Forest","Hofmann Forest","Hofmann Forest1",NA
707,10,1.363,1,17.1026649475098,24175.7902287721,1,15.775899887085,14.0845679664368,0.391862541437149,1115.25,-1.99630329675645,0,"Hofmann Forest","Hofmann Forest","Hofmann Forest1",NA
708,10,1.394375,1,17.2999839782715,36409.5581835947,1,16.0259323120117,12.0149241334546,0.400267273187637,285.4,0.56445597479834,0,"Hofmann Forest","Hofmann Forest","Hofmann Forest1",NA
709,10,1.363,1,16.9345054626465,24175.7902287721,1,16.5926704406738,15.7991350758913,0.413989126682281,1115.25,-1.99630329675645,0,"Hofmann Forest","Hofmann Forest","Hofmann Forest1",NA
1,33.5778076342042,1.363,1,16.9829616546631,24175.7902287721,0,15.3269567489624,17.5071079745149,0.402355641126633,1115.25,-1.99630329675645,0,"Hofmann Forest","Hofmann Forest","Hofmann Forest1",NA
2,33.5778076342042,1.42368421052632,1,17.3999996185303,37034.5611029918,0,15.6505727767944,13.2479086893601,0.290062934160233,1115.25,-1.99630329675645,0,"Hofmann Forest","Hofmann Forest","Hofmann Forest1",NA
3,33.5778076342042,1.363,1,16.8999996185303,24175.7902287721,0,16.7026691436768,15.4828437383724,0.430773347616196,1115.25,-1.99630329675645,0,"Hofmann Forest","Hofmann Forest","Hofmann Forest1",NA
4,33.5778076342042,1.363,1,16.8141479492188,24175.7902287721,0,17.1492118835449,19.7602432127435,0.421960771083832,1115.25,-1.99630329675645,0,"Hofmann Forest","Hofmann Forest","Hofmann Forest1",NA
5,33.5778076342042,1.363,1,17,24175.7902287721,0,14.390567779541,15.7016621648473,0.392736673355103,285.4,0.56445597479834,0,"Hofmann Forest","Hofmann Forest","Hofmann Forest1",NA
6,33.5778076342042,1.363,1,17.0265922546387,24175.7902287721,0,15.792875289917,11.0341156269097,0.415021479129791,285.4,0.56445597479834,0,"Hofmann Forest","Hofmann Forest","Hofmann Forest1",NA
7,33.5778076342042,1.394375,1,17.3999996185303,36409.5581835947,0,14.0121431350708,11.707785131526,0.361552238464355,285.4,0.56445597479834,0,"Hofmann Forest","Hofmann Forest","Hofmann Forest1",NA
8,33.5778076342042,1.363,1,16.7999992370605,24175.7902287721,0,17.442310333252,20.1896046266798,0.434132874011993,1115.25,-1.99630329675645,0,"Hofmann Forest","Hofmann Forest","Hofmann Forest1",NA
9,33.5778076342042,1.363,1,17.0687694549561,24175.7902287721,0,14.2010183334351,14.5737952039545,0.376266717910767,285.4,0.56445597479834,0,"Hofmann Forest","Hofmann Forest","Hofmann Forest1",NA
10,33.5778076342042,1.363,1,17.1927490234375,24175.7902287721,0,13.3180961608887,13.3203529774114,0.403182208538055,285.4,0.56445597479834,0,"Hofmann Forest","Hofmann Forest","Hofmann Forest1",NA
11,33.5778076342042,1.363,1,17.0467319488525,24175.7902287721,0,15.9696235656738,11.2925476346003,0.406881302595139,285.4,0.56445597479834,0,"Hofmann Forest","Hofmann Forest","Hofmann Forest1",NA
12,33.5778076342042,1.363,1,17.0006103515625,24175.7902287721,0,14.0608148574829,14.5786211240199,0.345197141170502,285.4,0.56445597479834,0,"Hofmann Forest","Hofmann Forest","Hofmann Forest1",NA
13,33.5778076342042,1.363,1,17,24175.7902287721,0,16.3814239501953,13.2276096825842,0.404290080070496,285.4,0.56445597479834,0,"Hofmann Forest","Hofmann Forest","Hofmann Forest1",NA
14,33.5778076342042,1.363,1,16.9957008361816,24175.7902287721,0,16.4281673431396,21.6010521905683,0.39367151260376,1115.25,-1.99630329675645,0,"Hofmann Forest","Hofmann Forest","Hofmann Forest1",NA
15,33.5778076342042,1.363,1,16.8999996185303,24175.7902287721,0,16.5522727966309,16.7767998032041,0.413547456264496,1115.25,-1.99630329675645,0,"Hofmann Forest","Hofmann Forest","Hofmann Forest1",NA
16,33.5778076342042,1.363,1,16.7999973297119,24175.7902287721,0,16.9621047973633,18.1800983552288,0.433672577142715,1115.25,-1.99630329675645,0,"Hofmann Forest","Hofmann Forest","Hofmann Forest1",NA
17,33.5778076342042,1.363,1,16.8508491516113,24175.7902287721,0,16.8178462982178,18.436796854646,0.412975072860718,1115.25,-1.99630329675645,0,"Hofmann Forest","Hofmann Forest","Hofmann Forest1",NA
18,33.5778076342042,1.363,1,17,24175.7902287721,0,16.3634700775146,13.3993267454784,0.410383343696594,285.4,0.56445597479834,0,"Hofmann Forest","Hofmann Forest","Hofmann Forest1",NA
19,33.5778076342042,1.363,1,16.7999992370605,24175.7902287721,0,16.8828754425049,18.1197734974312,0.430735528469086,1115.25,-1.99630329675645,0,"Hofmann Forest","Hofmann Forest","Hofmann Forest1",NA
20,33.5778076342042,1.576,0,16.9999980926514,1581.25608502438,0,15.9866771697998,18.4107432617796,0.424192488193512,1115.25,-1.99630329675645,0,"Hofmann Forest","Hofmann Forest","Hofmann Forest1",NA
21,33.5778076342042,1.363,1,16.7999973297119,24175.7902287721,0,17.013786315918,18.5342450342178,0.424714505672455,1115.25,-1.99630329675645,0,"Hofmann Forest","Hofmann Forest","Hofmann Forest1",NA
22,33.5778076342042,1.41307692307692,1,16.8212566375732,23469.8941787215,0,16.4185829162598,24.1448223884881,0.426584929227829,1115.25,-1.99630329675645,0,"Hofmann Forest","Hofmann Forest","Hofmann Forest1",NA
23,33.5778076342042,1.363,1,16.9974136352539,24175.7902287721,0,15.1708850860596,14.4002713824343,0.351133972406387,285.4,0.56445597479834,0,"Hofmann Forest","Hofmann Forest","Hofmann Forest1",NA
24,33.5778076342042,1.56483870967742,0,17.141975402832,5097.33270831855,0,14.6110687255859,16.4367845394134,0.430773049592972,1115.25,-1.99630329675645,0,"Hofmann Forest","Hofmann Forest","Hofmann Forest1",NA
25,33.5778076342042,1.363,1,17,24175.7902287721,0,16.510534286499,14.8578131539028,0.424064457416534,1115.25,-1.99630329675645,0,"Hofmann Forest","Hofmann Forest","Hofmann Forest1",NA
26,33.5778076342042,1.394375,1,17.1878242492676,36409.5581835947,0,15.5611848831177,12.684323906846,0.358320593833923,1115.25,-1.99630329675645,0,"Hofmann Forest","Hofmann Forest","Hofmann Forest1",NA
27,33.5778076342042,1.363,1,16.8999996185303,20162.2292009034,0,16.6899757385254,23.0901810595949,0.393456786870956,1115.25,-1.99630329675645,0,"Hofmann Forest","Hofmann Forest","Hofmann Forest1",NA
28,33.5778076342042,1.41307692307692,1,17.0272026062012,25318.142857925,0,16.4853668212891,19.0115488181455,0.373394072055817,1115.25,-1.99630329675645,0,"Hofmann Forest","Hofmann Forest","Hofmann Forest1",NA
29,33.5778076342042,1.363,1,16.8747177124023,24175.7902287721,0,16.6911773681641,19.5782119470422,0.398681193590164,1115.25,-1.99630329675645,0,"Hofmann Forest","Hofmann Forest","Hofmann Forest1",NA
30,33.5778076342042,1.363,1,16.9057998657227,24175.7902287721,0,16.8976936340332,17.843161279975,0.405405908823013,1115.25,-1.99630329675645,0,"Hofmann Forest","Hofmann Forest","Hofmann Forest1",NA
31,33.5778076342042,1.576,0,17.3999996185303,1811.7080376601,0,15.6659984588623,13.3281746018509,0.366040259599686,1115.25,-1.99630329675645,0,"Hofmann Forest","Hofmann Forest","Hofmann Forest1",NA
32,33.5778076342042,1.55071428571429,1,17.1000003814697,1854.3612637646,0,15.7740087509155,16.3197064387928,0.379378914833069,1115.25,-1.99630329675645,0,"Hofmann Forest","Hofmann Forest","Hofmann Forest1",NA
33,33.5778076342042,1.44666666666667,1,17.3489170074463,12233.7679548225,0,15.3451118469238,10.6017720356346,0.514572978019714,285.4,0.56445597479834,0,"Hofmann Forest","Hofmann Forest","Hofmann Forest1",NA
34,33.5778076342042,1.421875,1,16.7854881286621,20341.3734344337,0,16.7712497711182,23.6150689979917,0.408365845680237,1115.25,-1.99630329675645,0,"Hofmann Forest","Hofmann Forest","Hofmann Forest1",NA
35,33.5778076342042,1.363,1,16.7333507537842,20162.2292009034,0,17.4429359436035,22.809447136067,0.426783353090286,1115.25,-1.99630329675645,0,"Hofmann Forest","Hofmann Forest","Hofmann Forest1",NA
36,33.5778076342042,1.363,1,17.0513210296631,24175.7902287721,0,15.8899393081665,11.5491680981861,0.406646937131882,285.4,0.56445597479834,0,"Hofmann Forest","Hofmann Forest","Hofmann Forest1",NA
37,33.5778076342042,1.363,1,17.1000022888184,20162.2292009034,0,15.4899463653564,22.1581356074048,0.391166687011719,1115.25,-1.99630329675645,0,"Hofmann Forest","Hofmann Forest","Hofmann Forest1",NA
38,33.5778076342042,1.363,1,17.0002307891846,24175.7902287721,0,16.3164100646973,13.3590673521561,0.418443143367767,1115.25,-1.99630329675645,0,"Hofmann Forest","Hofmann Forest","Hofmann Forest1",NA
39,33.5778076342042,1.363,1,16.8999996185303,20162.2292009034,0,16.7165031433105,22.8385692644172,0.388379335403442,1115.25,-1.99630329675645,0,"Hofmann Forest","Hofmann Forest","Hofmann Forest1",NA
40,33.5778076342042,1.363,1,16.9265575408936,24175.7902287721,0,16.155834197998,14.7206723400923,0.420763701200485,285.4,0.56445597479834,0,"Hofmann Forest","Hofmann Forest","Hofmann Forest1",NA
41,33.5778076342042,1.363,1,16.9028968811035,20162.2292009034,0,15.9029130935669,22.0055311826446,0.425595611333847,1115.25,-1.99630329675645,0,"Hofmann Forest","Hofmann Forest","Hofmann Forest1",NA
42,33.5778076342042,1.363,1,17.1752605438232,24175.7902287721,0,13.9612312316895,12.3674248685863,0.397601664066315,285.4,0.56445597479834,0,"Hofmann Forest","Hofmann Forest","Hofmann Forest1",NA
43,33.5778076342042,1.363,1,16.9000015258789,24175.7902287721,0,16.788293838501,20.799432466402,0.400875568389893,1115.25,-1.99630329675645,0,"Hofmann Forest","Hofmann Forest","Hofmann Forest1",NA
44,33.5778076342042,1.363,1,17,24175.7902287721,0,14.7764186859131,16.7814596689977,0.39786759018898,1115.25,-1.99630329675645,0,"Hofmann Forest","Hofmann Forest","Hofmann Forest1",NA
45,33.5778076342042,1.394375,1,17.2632274627686,36409.5581835947,0,15.2585973739624,9.84413318743509,0.425149410963058,285.4,0.56445597479834,0,"Hofmann Forest","Hofmann Forest","Hofmann Forest1",NA
46,33.5778076342042,1.48757575757576,1,17.3468189239502,36565.0102876017,0,15.1983604431152,10.2245451239309,0.372885018587112,285.4,0.56445597479834,0,"Hofmann Forest","Hofmann Forest","Hofmann Forest1",NA
47,33.5778076342042,1.394375,1,17,24490.0857646151,0,15.2679834365845,17.0329524345851,0.401777774095535,1115.25,-1.99630329675645,0,"Hofmann Forest","Hofmann Forest","Hofmann Forest1",NA
48,33.5778076342042,1.363,1,17,24175.7902287721,0,15.9887647628784,12.3997121061897,0.403629928827286,285.4,0.56445597479834,0,"Hofmann Forest","Hofmann Forest","Hofmann Forest1",NA
49,33.5778076342042,1.57909090909091,0,17.1057147979736,1674.19730917149,0,15.6586103439331,16.4650365229985,0.406049877405167,1115.25,-1.99630329675645,0,"Hofmann Forest","Hofmann Forest","Hofmann Forest1",NA
50,33.5778076342042,1.363,1,16.9505825042725,24175.7902287721,0,16.1099395751953,14.4287784298121,0.41629159450531,285.4,0.56445597479834,0,"Hofmann Forest","Hofmann Forest","Hofmann Forest1",NA
51,33.5778076342042,1.363,1,17,24175.7902287721,0,16.3926887512207,14.2732019427309,0.418342232704163,285.4,0.56445597479834,0,"Hofmann Forest","Hofmann Forest","Hofmann Forest1",NA
52,33.5778076342042,1.363,1,16.8999996185303,24175.7902287721,0,16.4443035125732,15.076302615595,0.424774557352066,1115.25,-1.99630329675645,0,"Hofmann Forest","Hofmann Forest","Hofmann Forest1",NA
53,33.5778076342042,1.41307692307692,1,17,24500.9556909948,0,16.5680923461914,22.6781015522612,0.403099000453949,1115.25,-1.99630329675645,0,"Hofmann Forest","Hofmann Forest","Hofmann Forest1",NA
54,33.5778076342042,1.363,1,16.9550266265869,24175.7902287721,0,16.5482292175293,14.9933289178662,0.431006282567978,1115.25,-1.99630329675645,0,"Hofmann Forest","Hofmann Forest","Hofmann Forest1",NA
55,33.5778076342042,1.363,1,16.8999996185303,24175.7902287721,0,16.519063949585,15.2846184271841,0.434076875448227,1115.25,-1.99630329675645,0,"Hofmann Forest","Hofmann Forest","Hofmann Forest1",NA
56,33.5778076342042,1.363,1,16.8999996185303,24175.7902287721,0,16.7054767608643,17.4341817855923,0.412461936473846,1115.25,-1.99630329675645,0,"Hofmann Forest","Hofmann Forest","Hofmann Forest1",NA
57,33.5778076342042,1.363,1,16.901159286499,24175.7902287721,0,15.7848787307739,16.278478242937,0.414281070232391,1115.25,-1.99630329675645,0,"Hofmann Forest","Hofmann Forest","Hofmann Forest1",NA
58,33.5778076342042,1.41307692307692,1,16.8166046142578,23469.8941787215,0,17.0588550567627,22.475739567208,0.421990156173706,1115.25,-1.99630329675645,0,"Hofmann Forest","Hofmann Forest","Hofmann Forest1",NA
59,33.5778076342042,1.363,1,16.9566669464111,24175.7902287721,0,15.6825523376465,13.8680782658016,0.405025243759155,285.4,0.56445597479834,0,"Hofmann Forest","Hofmann Forest","Hofmann Forest1",NA
60,33.5778076342042,1.363,1,16.7999992370605,24175.7902287721,0,16.8605690002441,17.087182026098,0.418365240097046,1115.25,-1.99630329675645,0,"Hofmann Forest","Hofmann Forest","Hofmann Forest1",NA
61,33.5778076342042,1.363,1,16.8226623535156,24175.7902287721,0,17.0672092437744,18.6639312539417,0.436760544776917,1115.25,-1.99630329675645,0,"Hofmann Forest","Hofmann Forest","Hofmann Forest1",NA
62,33.5778076342042,1.363,1,16.7999992370605,24175.7902287721,0,17.482048034668,20.1285316294205,0.417703688144684,1115.25,-1.99630329675645,0,"Hofmann Forest","Hofmann Forest","Hofmann Forest1",NA
63,33.5778076342042,1.363,1,17.1000003814697,24175.7902287721,0,13.5923776626587,13.9319226172421,0.407025337219238,285.4,0.56445597479834,0,"Hofmann Forest","Hofmann Forest","Hofmann Forest1",NA
64,33.5778076342042,1.363,1,17.355260848999,24175.7902287721,0,13.9826564788818,12.0862521081393,0.391127496957779,285.4,0.56445597479834,0,"Hofmann Forest","Hofmann Forest","Hofmann Forest1",NA
65,33.5778076342042,1.363,1,17.0682411193848,20162.2292009034,0,15.797908782959,22.1894113123032,0.418590307235718,1115.25,-1.99630329675645,0,"Hofmann Forest","Hofmann Forest","Hofmann Forest1",NA
66,33.5778076342042,1.363,1,17.0592613220215,24175.7902287721,0,15.5379152297974,11.5440847350572,0.333450347185135,285.4,0.56445597479834,0,"Hofmann Forest","Hofmann Forest","Hofmann Forest1",NA
67,33.5778076342042,1.394375,1,17.1903648376465,36409.5581835947,0,16.0038356781006,11.7886886781201,0.417860478162766,285.4,0.56445597479834,0,"Hofmann Forest","Hofmann Forest","Hofmann Forest1",NA
68,33.5778076342042,1.363,1,16.7999267578125,24175.7902287721,0,17.2727165222168,20.3788004163748,0.429692149162292,1115.25,-1.99630329675645,0,"Hofmann Forest","Hofmann Forest","Hofmann Forest1",NA
69,33.5778076342042,1.363,1,16.7355632781982,24175.7902287721,0,17.2637062072754,21.4203710398655,0.424167066812515,1115.25,-1.99630329675645,0,"Hofmann Forest","Hofmann Forest","Hofmann Forest1",NA
70,33.5778076342042,1.363,1,16.8167762756348,20162.2292009034,0,16.5155086517334,22.1802485923854,0.442761570215225,1115.25,-1.99630329675645,0,"Hofmann Forest","Hofmann Forest","Hofmann Forest1",NA
71,33.5778076342042,1.363,1,17.0271472930908,24175.7902287721,0,15.801305770874,13.5376895946495,0.404590129852295,1115.25,-1.99630329675645,0,"Hofmann Forest","Hofmann Forest","Hofmann Forest1",NA
72,33.5778076342042,1.58,0,17.3999996185303,625.002919397116,0,15.6030492782593,13.2507191193036,0.312599092721939,1115.25,-1.99630329675645,0,"Hofmann Forest","Hofmann Forest","Hofmann Forest1",NA
73,33.5778076342042,1.54173913043478,1,17.3001384735107,12480.3882034085,0,15.2551574707031,10.0287863387686,0.41962319612503,285.4,0.56445597479834,0,"Hofmann Forest","Hofmann Forest","Hofmann Forest1",NA
74,33.5778076342042,1.5895,0,17.0899238586426,6079.88925201286,0,15.6200971603394,17.5243723583074,0.383155792951584,1115.25,-1.99630329675645,0,"Hofmann Forest","Hofmann Forest","Hofmann Forest1",NA
75,33.5778076342042,1.41307692307692,1,16.9852256774902,24500.9556909948,0,16.7067623138428,21.9931581453879,0.414926260709763,1115.25,-1.99630329675645,0,"Hofmann Forest","Hofmann Forest","Hofmann Forest1",NA
76,33.5778076342042,1.363,1,17.0090236663818,44338.0194296756,0,15.9231939315796,19.7460035968274,0.379542201757431,1115.25,-1.99630329675645,0,"Hofmann Forest","Hofmann Forest","Hofmann Forest1",NA
77,33.5778076342042,1.363,1,16.9313411712646,24175.7902287721,0,16.3934383392334,13.3758060465155,0.406090915203094,285.4,0.56445597479834,0,"Hofmann Forest","Hofmann Forest","Hofmann Forest1",NA
78,33.5778076342042,1.363,1,17.1000003814697,24175.7902287721,0,15.7377328872681,12.8646013693839,0.371103644371033,1115.25,-1.99630329675645,0,"Hofmann Forest","Hofmann Forest","Hofmann Forest1",NA
79,33.5778076342042,1.363,1,16.975284576416,24175.7902287721,0,16.5625953674316,21.0446505479447,0.401137202978134,1115.25,-1.99630329675645,0,"Hofmann Forest","Hofmann Forest","Hofmann Forest1",NA
80,33.5778076342042,1.59355555555556,0,17.2999992370605,2574.02214801184,0,13.8523998260498,11.1839288475147,0.435352444648743,285.4,0.56445597479834,0,"Hofmann Forest","Hofmann Forest","Hofmann Forest1",NA
81,33.5778076342042,1.363,1,16.839958190918,24175.7902287721,0,16.7175464630127,16.321243848076,0.408967345952988,1115.25,-1.99630329675645,0,"Hofmann Forest","Hofmann Forest","Hofmann Forest1",NA
82,33.5778076342042,1.394375,1,17.12672996521,36409.5581835947,0,14.8789844512939,12.3040516413169,0.372683644294739,285.4,0.56445597479834,0,"Hofmann Forest","Hofmann Forest","Hofmann Forest1",NA
83,33.5778076342042,1.363,1,17.1984958648682,24175.7902287721,0,15.4053840637207,11.2585738756324,0.331907242536545,285.4,0.56445597479834,0,"Hofmann Forest","Hofmann Forest","Hofmann Forest1",NA
84,33.5778076342042,1.363,1,16.7220211029053,20162.2292009034,0,17.1440086364746,21.960139093136,0.416106820106506,1115.25,-1.99630329675645,0,"Hofmann Forest","Hofmann Forest","Hofmann Forest1",NA
85,33.5778076342042,1.42368421052632,1,17,24525.0428182918,0,15.1870489120483,16.95867419114,0.405108541250229,1115.25,-1.99630329675645,0,"Hofmann Forest","Hofmann Forest","Hofmann Forest1",NA
86,33.5778076342042,1.41307692307692,1,16.9983921051025,25318.142857925,0,16.6502456665039,17.4692225789693,0.410812109708786,1115.25,-1.99630329675645,0,"Hofmann Forest","Hofmann Forest","Hofmann Forest1",NA
87,33.5778076342042,1.394375,1,17.1570224761963,36409.5581835947,0,14.1496772766113,12.1338453828583,0.35473969578743,285.4,0.56445597479834,0,"Hofmann Forest","Hofmann Forest","Hofmann Forest1",NA
88,33.5778076342042,1.61833333333333,0,17.5,337.452252219923,0,14.8777456283569,15.2179150942433,0.345462828874588,1115.25,-1.99630329675645,0,"Hofmann Forest","Hofmann Forest","Hofmann Forest1",NA
89,33.5778076342042,1.363,1,16.7999992370605,20162.2292009034,0,17.5159206390381,21.7587274673183,0.408803224563599,1115.25,-1.99630329675645,0,"Hofmann Forest","Hofmann Forest","Hofmann Forest1",NA
90,33.5778076342042,1.363,1,16.9816074371338,24175.7902287721,0,16.3502883911133,13.2534532701934,0.410450756549835,285.4,0.56445597479834,0,"Hofmann Forest","Hofmann Forest","Hofmann Forest1",NA
91,33.5778076342042,1.363,1,16.8999996185303,24175.7902287721,0,16.7892608642578,19.3985943557632,0.407525777816772,1115.25,-1.99630329675645,0,"Hofmann Forest","Hofmann Forest","Hofmann Forest1",NA
92,33.5778076342042,1.363,1,16.9101123809814,24175.7902287721,0,16.7123146057129,21.2120642947447,0.376890927553177,1115.25,-1.99630329675645,0,"Hofmann Forest","Hofmann Forest","Hofmann Forest1",NA
93,33.5778076342042,1.363,1,16.7041206359863,20162.2292009034,0,16.8987255096436,22.2335848896602,0.40645369887352,1115.25,-1.99630329675645,0,"Hofmann Forest","Hofmann Forest","Hofmann Forest1",NA
94,33.5778076342042,1.363,1,16.7999973297119,24175.7902287721,0,16.9737529754639,18.5282963076469,0.426953941583633,1115.25,-1.99630329675645,0,"Hofmann Forest","Hofmann Forest","Hofmann Forest1",NA
95,33.5778076342042,1.41307692307692,1,16.9987239837646,24573.5341335022,0,15.059229850769,14.2560987418924,0.446897774934769,285.4,0.56445597479834,0,"Hofmann Forest","Hofmann Forest","Hofmann Forest1",NA
96,33.5778076342042,1.394375,1,17,24421.8630482167,0,15.9837112426758,15.9191216138325,0.440343230962753,1115.25,-1.99630329675645,0,"Hofmann Forest","Hofmann Forest","Hofmann Forest1",NA
97,33.5778076342042,1.363,1,17,24175.7902287721,0,15.8478326797485,12.6550404860331,0.418996304273605,285.4,0.56445597479834,0,"Hofmann Forest","Hofmann Forest","Hofmann Forest1",NA
98,33.5778076342042,1.363,1,17.0000019073486,24175.7902287721,0,15.8613595962524,11.9798757929657,0.396289885044098,285.4,0.56445597479834,0,"Hofmann Forest","Hofmann Forest","Hofmann Forest1",NA
99,33.5778076342042,1.363,1,16.7999992370605,20162.2292009034,0,17.3564357757568,22.3465692113932,0.415281623601913,1115.25,-1.99630329675645,0,"Hofmann Forest","Hofmann Forest","Hofmann Forest1",NA
100,33.5778076342042,1.394375,1,16.9536209106445,24421.8630482167,0,16.5266914367676,16.0894001522059,0.414836019277573,1115.25,-1.99630329675645,0,"Hofmann Forest","Hofmann Forest","Hofmann Forest1",NA
101,33.5778076342042,1.363,1,16.8336944580078,20162.2292009034,0,16.8201580047607,23.5359447564276,0.391579329967499,1115.25,-1.99630329675645,0,"Hofmann Forest","Hofmann Forest","Hofmann Forest1",NA
102,33.5778076342042,1.57777777777778,0,17.4077854156494,200.142082571224,0,16.9336204528809,13.6106654846339,0.356489032506943,1115.25,-1.99630329675645,0,"Hofmann Forest","Hofmann Forest","Hofmann Forest1",NA
103,33.5778076342042,1.363,1,16.8668766021729,20162.2292009034,0,16.5576324462891,23.5602126439565,0.408724218606949,1115.25,-1.99630329675645,0,"Hofmann Forest","Hofmann Forest","Hofmann Forest1",NA
104,33.5778076342042,1.576,0,17.0997772216797,1581.25608502438,0,15.915041923523,17.9045895613856,0.382670998573303,1115.25,-1.99630329675645,0,"Hofmann Forest","Hofmann Forest","Hofmann Forest1",NA
105,33.5778076342042,1.363,1,17,24175.7902287721,0,14.5609188079834,14.485210305505,0.416039735078812,285.4,0.56445597479834,0,"Hofmann Forest","Hofmann Forest","Hofmann Forest1",NA
106,33.5778076342042,1.41307692307692,1,16.8999996185303,23469.8941787215,0,16.5102977752686,23.0719709339851,0.372087240219116,1115.25,-1.99630329675645,0,"Hofmann Forest","Hofmann Forest","Hofmann Forest1",NA
107,33.5778076342042,1.363,1,16.8696384429932,24175.7902287721,0,17.0016384124756,17.8379627586942,0.422663003206253,1115.25,-1.99630329675645,0,"Hofmann Forest","Hofmann Forest","Hofmann Forest1",NA
108,33.5778076342042,1.363,1,16.8999996185303,20162.2292009034,0,16.4847946166992,22.9393382607122,0.426713883876801,1115.25,-1.99630329675645,0,"Hofmann Forest","Hofmann Forest","Hofmann Forest1",NA
109,33.5778076342042,1.363,1,16.8999996185303,24175.7902287721,0,16.6265087127686,17.9866211082427,0.40798082947731,1115.25,-1.99630329675645,0,"Hofmann Forest","Hofmann Forest","Hofmann Forest1",NA
110,33.5778076342042,1.363,1,16.9974479675293,24175.7902287721,0,16.2062911987305,14.135954539562,0.418445020914078,285.4,0.56445597479834,0,"Hofmann Forest","Hofmann Forest","Hofmann Forest1",NA
111,33.5778076342042,1.363,1,16.8999996185303,24175.7902287721,0,15.7438688278198,16.7223466644236,0.43015456199646,1115.25,-1.99630329675645,0,"Hofmann Forest","Hofmann Forest","Hofmann Forest1",NA
112,33.5778076342042,1.41307692307692,1,16.80859375,23469.8941787215,0,16.4746932983398,24.3442601857972,0.411674827337265,1115.25,-1.99630329675645,0,"Hofmann Forest","Hofmann Forest","Hofmann Forest1",NA
113,33.5778076342042,1.41307692307692,1,16.8733921051025,24500.9556909948,0,17.2873096466064,21.2730741057718,0.424339473247528,1115.25,-1.99630329675645,0,"Hofmann Forest","Hofmann Forest","Hofmann Forest1",NA
114,33.5778076342042,1.363,1,16.8050289154053,24175.7902287721,0,17.0194931030273,18.2685155459692,0.408327609300613,1115.25,-1.99630329675645,0,"Hofmann Forest","Hofmann Forest","Hofmann Forest1",NA
115,33.5778076342042,1.5472,1,17.0945587158203,712.008634611776,0,15.4864883422852,15.9450722297244,0.468512833118439,1115.25,-1.99630329675645,0,"Hofmann Forest","Hofmann Forest","Hofmann Forest1",NA
116,33.5778076342042,1.363,1,16.9794311523438,24175.7902287721,0,15.3702163696289,16.7171526515434,0.412633150815964,1115.25,-1.99630329675645,0,"Hofmann Forest","Hofmann Forest","Hofmann Forest1",NA
117,33.5778076342042,1.60464285714286,0,17.3999996185303,779.633845264642,0,13.2972049713135,12.2899875023915,0.444578915834427,1115.25,-1.99630329675645,0,"Hofmann Forest","Hofmann Forest","Hofmann Forest1",NA
118,33.5778076342042,1.58,0,17.2932434082031,625.002919397116,0,15.5243034362793,14.0742468703477,0.441279113292694,1115.25,-1.99630329675645,0,"Hofmann Forest","Hofmann Forest","Hofmann Forest1",NA
119,33.5778076342042,1.5425,0,17.2999992370605,4458.59186269935,0,13.9305448532104,14.3724065864033,0.425349175930023,1115.25,-1.99630329675645,0,"Hofmann Forest","Hofmann Forest","Hofmann Forest1",NA
120,33.5778076342042,1.363,1,16.8999996185303,24175.7902287721,0,16.6906871795654,17.432359739849,0.408405721187592,1115.25,-1.99630329675645,0,"Hofmann Forest","Hofmann Forest","Hofmann Forest1",NA
121,33.5778076342042,1.57627450980392,1,17.3370399475098,14807.7901028343,0,14.6443252563477,12.3434580575644,0.439923346042633,1115.25,-1.99630329675645,0,"Hofmann Forest","Hofmann Forest","Hofmann Forest1",NA
122,33.5778076342042,1.363,1,16.7000007629395,20162.2292009034,0,17.4581661224365,22.4678431326823,0.428830623626709,1115.25,-1.99630329675645,0,"Hofmann Forest","Hofmann Forest","Hofmann Forest1",NA
123,33.5778076342042,1.363,1,16.9999980926514,24175.7902287721,0,16.1176433563232,13.2685072880543,0.408370584249496,285.4,0.56445597479834,0,"Hofmann Forest","Hofmann Forest","Hofmann Forest1",NA
124,33.5778076342042,1.363,1,16.8999996185303,24175.7902287721,0,15.8671197891235,14.8087876931226,0.430959939956665,285.4,0.56445597479834,0,"Hofmann Forest","Hofmann Forest","Hofmann Forest1",NA
125,33.5778076342042,1.363,1,17.1000003814697,24175.7902287721,0,13.6368970870972,13.6521572068044,0.35438460111618,285.4,0.56445597479834,0,"Hofmann Forest","Hofmann Forest","Hofmann Forest1",NA
126,33.5778076342042,1.394375,1,17.2999992370605,36409.5581835947,0,14.9286756515503,11.2776659223436,0.368150591850281,285.4,0.56445597479834,0,"Hofmann Forest","Hofmann Forest","Hofmann Forest1",NA
127,33.5778076342042,1.54173913043478,1,17.2999992370605,13420.4730730855,0,15.4112882614136,12.0039117741316,0.412669658660889,285.4,0.56445597479834,0,"Hofmann Forest","Hofmann Forest","Hofmann Forest1",NA
128,33.5778076342042,1.363,1,17.0512733459473,24175.7902287721,0,14.5366830825806,12.897607013163,0.400799185037613,285.4,0.56445597479834,0,"Hofmann Forest","Hofmann Forest","Hofmann Forest1",NA
129,33.5778076342042,1.363,1,16.8260631561279,24175.7902287721,0,16.8099308013916,16.9927552489449,0.427800744771957,1115.25,-1.99630329675645,0,"Hofmann Forest","Hofmann Forest","Hofmann Forest1",NA
130,33.5778076342042,1.363,1,16.9999980926514,24175.7902287721,0,15.7596035003662,12.0679584517293,0.417910099029541,285.4,0.56445597479834,0,"Hofmann Forest","Hofmann Forest","Hofmann Forest1",NA
131,33.5778076342042,1.57777777777778,0,17.4029865264893,1210.89113663531,0,16.2015800476074,13.1558074990017,0.41311326622963,1115.25,-1.99630329675645,0,"Hofmann Forest","Hofmann Forest","Hofmann Forest1",NA
132,33.5778076342042,1.58222222222222,0,17.1000003814697,6212.44610336642,0,15.4763889312744,17.0547517014733,0.384303390979767,1115.25,-1.99630329675645,0,"Hofmann Forest","Hofmann Forest","Hofmann Forest1",NA
133,33.5778076342042,1.44666666666667,1,17.2999992370605,12233.7679548225,0,15.2618007659912,9.75174937885036,0.427068710327148,285.4,0.56445597479834,0,"Hofmann Forest","Hofmann Forest","Hofmann Forest1",NA
134,33.5778076342042,1.394375,1,17.188648223877,24421.8630482167,0,15.6352443695068,14.5998197542567,0.305466622114182,1115.25,-1.99630329675645,0,"Hofmann Forest","Hofmann Forest","Hofmann Forest1",NA
135,33.5778076342042,1.59552631578947,0,17.1899070739746,1682.97997340176,0,16.0856189727783,17.548804995046,0.408228307962418,1115.25,-1.99630329675645,0,"Hofmann Forest","Hofmann Forest","Hofmann Forest1",NA
136,33.5778076342042,1.363,1,16.8999996185303,20162.2292009034,0,16.1706981658936,21.0033542488136,0.325227707624435,1115.25,-1.99630329675645,0,"Hofmann Forest","Hofmann Forest","Hofmann Forest1",NA
137,33.5778076342042,1.363,1,16.8999996185303,24175.7902287721,0,15.9323806762695,16.8866843675417,0.412279307842255,1115.25,-1.99630329675645,0,"Hofmann Forest","Hofmann Forest","Hofmann Forest1",NA
138,33.5778076342042,1.41307692307692,1,17.1000003814697,24800.7931481693,0,15.6721830368042,13.773282925688,0.391976922750473,1115.25,-1.99630329675645,0,"Hofmann Forest","Hofmann Forest","Hofmann Forest1",NA
139,33.5778076342042,1.363,1,17.0994644165039,24175.7902287721,0,14.0264186859131,13.7761990842776,0.334783136844635,285.4,0.56445597479834,0,"Hofmann Forest","Hofmann Forest","Hofmann Forest1",NA
140,33.5778076342042,1.363,1,16.8970317840576,24175.7902287721,0,16.8223838806152,19.9314891437645,0.365867525339127,1115.25,-1.99630329675645,0,"Hofmann Forest","Hofmann Forest","Hofmann Forest1",NA
141,33.5778076342042,1.41307692307692,1,17.0000152587891,25318.142857925,0,16.3854160308838,17.3874397890645,0.392740428447723,1115.25,-1.99630329675645,0,"Hofmann Forest","Hofmann Forest","Hofmann Forest1",NA
142,33.5778076342042,1.363,1,16.9993858337402,24175.7902287721,0,16.1258239746094,14.5029619402041,0.429246187210083,285.4,0.56445597479834,0,"Hofmann Forest","Hofmann Forest","Hofmann Forest1",NA
143,33.5778076342042,1.363,1,16.9232025146484,24175.7902287721,0,16.4718246459961,14.869713511981,0.429254442453384,1115.25,-1.99630329675645,0,"Hofmann Forest","Hofmann Forest","Hofmann Forest1",NA
144,33.5778076342042,1.59285714285714,0,17.45237159729,931.025153863334,0,14.9665822982788,14.7849889385944,0.318316042423248,1115.25,-1.99630329675645,0,"Hofmann Forest","Hofmann Forest","Hofmann Forest1",NA
145,33.5778076342042,1.363,1,16.9954566955566,24175.7902287721,0,16.5610523223877,14.5889747387297,0.409353286027908,1115.25,-1.99630329675645,0,"Hofmann Forest","Hofmann Forest","Hofmann Forest1",NA
146,33.5778076342042,1.363,1,16.8999996185303,24175.7902287721,0,16.434154510498,14.6569093245346,0.412535786628723,1115.25,-1.99630329675645,0,"Hofmann Forest","Hofmann Forest","Hofmann Forest1",NA
147,33.5778076342042,1.363,1,16.8999996185303,24175.7902287721,0,16.6190032958984,16.0843024628347,0.413333743810654,1115.25,-1.99630329675645,0,"Hofmann Forest","Hofmann Forest","Hofmann Forest1",NA
148,33.5778076342042,1.363,1,16.7999992370605,24175.7902287721,0,17.6354637145996,19.9747895372081,0.414931088685989,1115.25,-1.99630329675645,0,"Hofmann Forest","Hofmann Forest","Hofmann Forest1",NA
149,33.5778076342042,1.363,1,17,24175.7902287721,0,16.4064426422119,13.9467774895349,0.405633360147476,1115.25,-1.99630329675645,0,"Hofmann Forest","Hofmann Forest","Hofmann Forest1",NA
150,33.5778076342042,1.363,1,17.0638084411621,24175.7902287721,0,15.7739534378052,13.2669512676084,0.391591399908066,1115.25,-1.99630329675645,0,"Hofmann Forest","Hofmann Forest","Hofmann Forest1",NA
151,33.5778076342042,1.363,1,16.8999996185303,24175.7902287721,0,16.0100173950195,16.296393435207,0.415917575359344,1115.25,-1.99630329675645,0,"Hofmann Forest","Hofmann Forest","Hofmann Forest1",NA
152,33.5778076342042,1.55454545454545,1,16.8854465484619,3631.02410626932,0,16.9732799530029,24.5319472139561,0.401799619197845,1115.25,-1.99630329675645,0,"Hofmann Forest","Hofmann Forest","Hofmann Forest1",NA
153,33.5778076342042,1.41307692307692,1,16.8999996185303,24186.578512045,0,15.7538843154907,15.8702642350572,0.423179537057877,1115.25,-1.99630329675645,0,"Hofmann Forest","Hofmann Forest","Hofmann Forest1",NA
154,33.5778076342042,1.363,1,16.9002151489258,24175.7902287721,0,16.7562217712402,17.3440710523143,0.402244418859482,1115.25,-1.99630329675645,0,"Hofmann Forest","Hofmann Forest","Hofmann Forest1",NA
155,33.5778076342042,1.57627450980392,1,17.389461517334,14807.7901028343,0,14.5583267211914,11.1332964948398,0.435121357440948,285.4,0.56445597479834,0,"Hofmann Forest","Hofmann Forest","Hofmann Forest1",NA
156,33.5778076342042,1.41307692307692,1,16.9075813293457,24573.5341335022,0,15.3728094100952,14.1671577331789,0.430599451065063,285.4,0.56445597479834,0,"Hofmann Forest","Hofmann Forest","Hofmann Forest1",NA
157,33.5778076342042,1.41307692307692,1,17,24210.7472824489,0,14.8782558441162,16.4835757584502,0.381855815649033,1115.25,-1.99630329675645,0,"Hofmann Forest","Hofmann Forest","Hofmann Forest1",NA
158,33.5778076342042,1.363,1,17.0992889404297,24175.7902287721,0,14.0888042449951,13.2565500012781,0.361881017684937,285.4,0.56445597479834,0,"Hofmann Forest","Hofmann Forest","Hofmann Forest1",NA
159,33.5778076342042,1.363,1,16.7469921112061,24175.7902287721,0,17.2544612884521,20.7294946318909,0.433190762996674,1115.25,-1.99630329675645,0,"Hofmann Forest","Hofmann Forest","Hofmann Forest1",NA
160,33.5778076342042,1.596,0,17.3727970123291,2434.3735977924,0,13.9112911224365,12.1361643979744,0.420870929956436,1115.25,-1.99630329675645,0,"Hofmann Forest","Hofmann Forest","Hofmann Forest1",NA
161,33.5778076342042,1.363,1,17,24175.7902287721,0,14.8389053344727,13.9331303153033,0.386936783790588,285.4,0.56445597479834,0,"Hofmann Forest","Hofmann Forest","Hofmann Forest1",NA
162,33.5778076342042,1.394375,1,17.2246398925781,36409.5581835947,0,15.2617483139038,10.445203935953,0.398364692926407,285.4,0.56445597479834,0,"Hofmann Forest","Hofmann Forest","Hofmann Forest1",NA
163,33.5778076342042,1.363,1,17.0047588348389,24175.7902287721,0,14.6939315795898,13.7803890861291,0.387748241424561,285.4,0.56445597479834,0,"Hofmann Forest","Hofmann Forest","Hofmann Forest1",NA
164,33.5778076342042,1.363,1,16.9999980926514,24175.7902287721,0,15.5629301071167,13.0430818117396,0.404777973890305,285.4,0.56445597479834,0,"Hofmann Forest","Hofmann Forest","Hofmann Forest1",NA
165,33.5778076342042,1.363,1,16.8999996185303,24175.7902287721,0,16.5775527954102,17.0683157528614,0.42568501830101,1115.25,-1.99630329675645,0,"Hofmann Forest","Hofmann Forest","Hofmann Forest1",NA
166,33.5778076342042,1.363,1,17.0848655700684,24175.7902287721,0,15.7912969589233,14.2037172407098,0.414575934410095,1115.25,-1.99630329675645,0,"Hofmann Forest","Hofmann Forest","Hofmann Forest1",NA
167,33.5778076342042,1.394375,1,17.0941715240479,36409.5581835947,0,15.366946220398,10.8269276027505,0.341232240200043,285.4,0.56445597479834,0,"Hofmann Forest","Hofmann Forest","Hofmann Forest1",NA
168,33.5778076342042,1.363,1,16.6999988555908,20162.2292009034,0,17.4672069549561,21.871512421381,0.421460896730423,1115.25,-1.99630329675645,0,"Hofmann Forest","Hofmann Forest","Hofmann Forest1",NA
169,33.5778076342042,1.55857142857143,0,17.3096332550049,5083.59478209646,0,15.2077407836914,13.8287101985118,0.388094663619995,1115.25,-1.99630329675645,0,"Hofmann Forest","Hofmann Forest","Hofmann Forest1",NA
170,33.5778076342042,1.394375,1,17.1755390167236,36409.5581835947,0,14.3481731414795,12.0123340585513,0.37431600689888,285.4,0.56445597479834,0,"Hofmann Forest","Hofmann Forest","Hofmann Forest1",NA
171,33.5778076342042,1.41307692307692,1,16.9835014343262,24573.5341335022,0,14.9868726730347,14.9184350233647,0.393106132745743,285.4,0.56445597479834,0,"Hofmann Forest","Hofmann Forest","Hofmann Forest1",NA
172,33.5778076342042,1.363,1,16.9380912780762,24175.7902287721,0,16.3920764923096,13.6892377567626,0.403771787881851,285.4,0.56445597479834,0,"Hofmann Forest","Hofmann Forest","Hofmann Forest1",NA
173,33.5778076342042,1.363,1,17,24175.7902287721,0,16.0757122039795,12.8505990098403,0.404558807611465,285.4,0.56445597479834,0,"Hofmann Forest","Hofmann Forest","Hofmann Forest1",NA
174,33.5778076342042,1.363,1,16.7000007629395,44338.0194296756,0,17.3545360565186,21.17881824301,0.417113453149796,1115.25,-1.99630329675645,0,"Hofmann Forest","Hofmann Forest","Hofmann Forest1",NA
175,33.5778076342042,1.363,1,16.8999996185303,24175.7902287721,0,16.3710670471191,15.5050799114734,0.442141830921173,1115.25,-1.99630329675645,0,"Hofmann Forest","Hofmann Forest","Hofmann Forest1",NA
176,33.5778076342042,1.363,1,16.8999996185303,24175.7902287721,0,15.4809503555298,14.8836657645445,0.425127476453781,285.4,0.56445597479834,0,"Hofmann Forest","Hofmann Forest","Hofmann Forest1",NA
177,33.5778076342042,1.363,1,16.8291721343994,24175.7902287721,0,17.1035671234131,18.7388942116245,0.404357463121414,1115.25,-1.99630329675645,0,"Hofmann Forest","Hofmann Forest","Hofmann Forest1",NA
178,33.5778076342042,1.363,1,16.8999977111816,20162.2292009034,0,16.1249866485596,21.2959730147668,0.298594951629639,1115.25,-1.99630329675645,0,"Hofmann Forest","Hofmann Forest","Hofmann Forest1",NA
179,33.5778076342042,1.363,1,17,24175.7902287721,0,15.5013742446899,13.6349606571275,0.412684977054596,285.4,0.56445597479834,0,"Hofmann Forest","Hofmann Forest","Hofmann Forest1",NA
180,33.5778076342042,1.363,1,16.9991626739502,24175.7902287721,0,16.3593463897705,13.9153253778485,0.427565604448318,1115.25,-1.99630329675645,0,"Hofmann Forest","Hofmann Forest","Hofmann Forest1",NA
181,33.5778076342042,1.363,1,17.0000019073486,24175.7902287721,0,16.3847713470459,13.0269980158262,0.410123586654663,285.4,0.56445597479834,0,"Hofmann Forest","Hofmann Forest","Hofmann Forest1",NA
182,33.5778076342042,1.363,1,17,24175.7902287721,0,15.192289352417,15.3704049960685,0.42182919383049,285.4,0.56445597479834,0,"Hofmann Forest","Hofmann Forest","Hofmann Forest1",NA
183,33.5778076342042,1.363,1,16.9284420013428,24175.7902287721,0,16.5098457336426,15.0965600889415,0.419784009456635,1115.25,-1.99630329675645,0,"Hofmann Forest","Hofmann Forest","Hofmann Forest1",NA
184,33.5778076342042,1.363,1,16.7003593444824,44338.0194296756,0,17.2535972595215,20.9199045550702,0.428766131401062,1115.25,-1.99630329675645,0,"Hofmann Forest","Hofmann Forest","Hofmann Forest1",NA
185,33.5778076342042,1.57487804878049,1,17.302131652832,14113.2900048214,0,14.8731021881104,11.4391028026997,0.432416290044785,285.4,0.56445597479834,0,"Hofmann Forest","Hofmann Forest","Hofmann Forest1",NA
186,33.5778076342042,1.394375,1,17.2000007629395,36409.5581835947,0,15.7362480163574,12.9995750892958,0.362746745347977,1115.25,-1.99630329675645,0,"Hofmann Forest","Hofmann Forest","Hofmann Forest1",NA
187,33.5778076342042,1.57627450980392,1,17.2999992370605,14807.7901028343,0,14.8637914657593,12.107310393664,0.421766430139542,1115.25,-1.99630329675645,0,"Hofmann Forest","Hofmann Forest","Hofmann Forest1",NA
188,33.5778076342042,1.363,1,16.8838958740234,44338.0194296756,0,16.4754428863525,20.582765504466,0.358922123908997,1115.25,-1.99630329675645,0,"Hofmann Forest","Hofmann Forest","Hofmann Forest1",NA
189,33.5778076342042,1.394375,1,16.9875869750977,25957.0487572377,0,16.6084308624268,21.2488939203758,0.420257180929184,1115.25,-1.99630329675645,0,"Hofmann Forest","Hofmann Forest","Hofmann Forest1",NA
190,33.5778076342042,1.363,1,16.8999996185303,20162.2292009034,0,16.202693939209,20.5234035186667,0.384514421224594,1115.25,-1.99630329675645,0,"Hofmann Forest","Hofmann Forest","Hofmann Forest1",NA
191,33.5778076342042,1.363,1,16.7888927459717,20162.2292009034,0,17.3780879974365,22.7701371494637,0.419546872377396,1115.25,-1.99630329675645,0,"Hofmann Forest","Hofmann Forest","Hofmann Forest1",NA
192,33.5778076342042,1.363,1,16.795036315918,24175.7902287721,0,17.4644756317139,20.6003785506453,0.42955955862999,1115.25,-1.99630329675645,0,"Hofmann Forest","Hofmann Forest","Hofmann Forest1",NA
193,33.5778076342042,1.363,1,16.8999996185303,24175.7902287721,0,15.9311475753784,18.0868591203504,0.363123774528503,1115.25,-1.99630329675645,0,"Hofmann Forest","Hofmann Forest","Hofmann Forest1",NA
194,33.5778076342042,1.363,1,16.9291877746582,24175.7902287721,0,16.5565204620361,14.799254362673,0.416610389947891,1115.25,-1.99630329675645,0,"Hofmann Forest","Hofmann Forest","Hofmann Forest1",NA
195,33.5778076342042,1.363,1,16.863260269165,24175.7902287721,0,16.9796142578125,19.9221940903721,0.40721783041954,1115.25,-1.99630329675645,0,"Hofmann Forest","Hofmann Forest","Hofmann Forest1",NA
196,33.5778076342042,1.394375,1,17.2905864715576,36409.5581835947,0,15.2538919448853,9.99234985289609,0.411925047636032,285.4,0.56445597479834,0,"Hofmann Forest","Hofmann Forest","Hofmann Forest1",NA
197,33.5778076342042,1.363,1,17.0934638977051,20162.2292009034,0,15.7708473205566,22.258347406642,0.410734742879868,1115.25,-1.99630329675645,0,"Hofmann Forest","Hofmann Forest","Hofmann Forest1",NA
198,33.5778076342042,1.363,1,16.996114730835,24175.7902287721,0,16.4829158782959,13.8055489252022,0.419640690088272,285.4,0.56445597479834,0,"Hofmann Forest","Hofmann Forest","Hofmann Forest1",NA
199,33.5778076342042,1.363,1,16.82297706604,20162.2292009034,0,16.8220977783203,24.0968120873019,0.406072348356247,1115.25,-1.99630329675645,0,"Hofmann Forest","Hofmann Forest","Hofmann Forest1",NA
200,33.5778076342042,1.363,1,16.9838123321533,24175.7902287721,0,15.6392097473145,16.3830145038605,0.43409737944603,1115.25,-1.99630329675645,0,"Hofmann Forest","Hofmann Forest","Hofmann Forest1",NA
201,33.5778076342042,1.54173913043478,1,17.3585739135742,12389.2200588296,0,15.0943489074707,10.3634922459241,0.390768200159073,285.4,0.56445597479834,0,"Hofmann Forest","Hofmann Forest","Hofmann Forest1",NA
202,33.5778076342042,1.363,1,16.7999992370605,20162.2292009034,0,16.8143749237061,23.7453018569083,0.398788094520569,1115.25,-1.99630329675645,0,"Hofmann Forest","Hofmann Forest","Hofmann Forest1",NA
203,33.5778076342042,1.363,1,16.8533058166504,20162.2292009034,0,16.8350296020508,23.5286625802405,0.391307026147842,1115.25,-1.99630329675645,0,"Hofmann Forest","Hofmann Forest","Hofmann Forest1",NA
204,33.5778076342042,1.363,1,16.9999980926514,24175.7902287721,0,15.6975317001343,13.2358489670116,0.412902891635895,285.4,0.56445597479834,0,"Hofmann Forest","Hofmann Forest","Hofmann Forest1",NA
205,33.5778076342042,1.363,1,16.7999992370605,20162.2292009034,0,16.8671531677246,23.6849910289182,0.408122390508652,1115.25,-1.99630329675645,0,"Hofmann Forest","Hofmann Forest","Hofmann Forest1",NA
206,33.5778076342042,1.54173913043478,1,17.2317237854004,13420.4730730855,0,15.4162321090698,12.5393899144831,0.399177193641663,1115.25,-1.99630329675645,0,"Hofmann Forest","Hofmann Forest","Hofmann Forest1",NA
207,33.5778076342042,1.363,1,16.8999996185303,24175.7902287721,0,16.5680522918701,15.2076302928817,0.419616878032684,1115.25,-1.99630329675645,0,"Hofmann Forest","Hofmann Forest","Hofmann Forest1",NA
208,33.5778076342042,1.41307692307692,1,16.8997116088867,25318.142857925,0,16.740306854248,18.5914924432172,0.39877313375473,1115.25,-1.99630329675645,0,"Hofmann Forest","Hofmann Forest","Hofmann Forest1",NA
209,33.5778076342042,1.363,1,16.8999996185303,24175.7902287721,0,16.0411052703857,15.9304317027373,0.419260740280151,1115.25,-1.99630329675645,0,"Hofmann Forest","Hofmann Forest","Hofmann Forest1",NA
210,33.5778076342042,1.363,1,17,24175.7902287721,0,15.8352546691895,12.7953260845531,0.411242723464966,285.4,0.56445597479834,0,"Hofmann Forest","Hofmann Forest","Hofmann Forest1",NA
211,33.5778076342042,1.363,1,16.8999996185303,20162.2292009034,0,15.8649425506592,21.2489030566357,0.240534782409668,1115.25,-1.99630329675645,0,"Hofmann Forest","Hofmann Forest","Hofmann Forest1",NA
212,33.5778076342042,1.363,1,17,24175.7902287721,0,16.3489112854004,12.9119393371905,0.412874132394791,1115.25,-1.99630329675645,0,"Hofmann Forest","Hofmann Forest","Hofmann Forest1",NA
213,33.5778076342042,1.44684210526316,1,16.941930770874,23649.0384122518,0,16.5026340484619,24.5250606831652,0.420602113008499,1115.25,-1.99630329675645,0,"Hofmann Forest","Hofmann Forest","Hofmann Forest1",NA
214,33.5778076342042,1.363,1,16.8999996185303,24175.7902287721,0,16.7041645050049,16.4641501024101,0.438650786876678,1115.25,-1.99630329675645,0,"Hofmann Forest","Hofmann Forest","Hofmann Forest1",NA
215,33.5778076342042,1.41307692307692,1,16.9692268371582,24210.7472824489,0,15.407247543335,16.3639926037017,0.408874571323395,1115.25,-1.99630329675645,0,"Hofmann Forest","Hofmann Forest","Hofmann Forest1",NA
216,33.5778076342042,1.363,1,16.8995037078857,24175.7902287721,0,16.773567199707,18.8196538322632,0.425441652536392,1115.25,-1.99630329675645,0,"Hofmann Forest","Hofmann Forest","Hofmann Forest1",NA
217,33.5778076342042,1.421875,1,16.7981109619141,20341.3734344337,0,16.9241714477539,23.7185471693785,0.403311282396317,1115.25,-1.99630329675645,0,"Hofmann Forest","Hofmann Forest","Hofmann Forest1",NA
218,33.5778076342042,1.48757575757576,1,17.3759078979492,37596.2633018576,0,15.4836463928223,13.0217084834993,0.389072000980377,1115.25,-1.99630329675645,0,"Hofmann Forest","Hofmann Forest","Hofmann Forest1",NA
219,33.5778076342042,1.363,1,17.0134582519531,24175.7902287721,0,16.1811027526855,13.3645070283449,0.425237625837326,1115.25,-1.99630329675645,0,"Hofmann Forest","Hofmann Forest","Hofmann Forest1",NA
220,33.5778076342042,1.363,1,17,24175.7902287721,0,15.8882341384888,12.3597082482382,0.410663455724716,285.4,0.56445597479834,0,"Hofmann Forest","Hofmann Forest","Hofmann Forest1",NA
221,33.5778076342042,1.41307692307692,1,16.9529132843018,23469.8941787215,0,16.4739151000977,22.9951600401779,0.368038505315781,1115.25,-1.99630329675645,0,"Hofmann Forest","Hofmann Forest","Hofmann Forest1",NA
222,33.5778076342042,1.41307692307692,1,17.2051181793213,24800.7931481693,0,15.4417858123779,13.5189870457382,0.276638954877853,1115.25,-1.99630329675645,0,"Hofmann Forest","Hofmann Forest","Hofmann Forest1",NA
223,33.5778076342042,1.363,1,16.8999996185303,20162.2292009034,0,16.736837387085,23.3735695590657,0.380038559436798,1115.25,-1.99630329675645,0,"Hofmann Forest","Hofmann Forest","Hofmann Forest1",NA
224,33.5778076342042,1.363,1,16.8769645690918,24175.7902287721,0,16.779203414917,17.6679467609249,0.408374726772308,1115.25,-1.99630329675645,0,"Hofmann Forest","Hofmann Forest","Hofmann Forest1",NA
225,33.5778076342042,1.5472,1,17.1000003814697,777.917499463262,0,15.0715255737305,15.5943251824471,0.430047780275345,1115.25,-1.99630329675645,0,"Hofmann Forest","Hofmann Forest","Hofmann Forest1",NA
226,33.5778076342042,1.41307692307692,1,16.8610076904297,24256.6365422887,0,16.8052730560303,20.0482044027789,0.399727523326874,1115.25,-1.99630329675645,0,"Hofmann Forest","Hofmann Forest","Hofmann Forest1",NA
227,33.5778076342042,1.41307692307692,1,17.1020927429199,24800.7931481693,0,15.624716758728,13.9202321309005,0.408781230449677,1115.25,-1.99630329675645,0,"Hofmann Forest","Hofmann Forest","Hofmann Forest1",NA
228,33.5778076342042,1.61714285714286,0,17.4075775146484,821.131818188699,0,15.2864923477173,15.0071001167396,0.375242292881012,1115.25,-1.99630329675645,0,"Hofmann Forest","Hofmann Forest","Hofmann Forest1",NA
229,33.5778076342042,1.394375,1,17.2000007629395,36409.5581835947,0,15.3559837341309,10.880038681827,0.327249586582184,285.4,0.56445597479834,0,"Hofmann Forest","Hofmann Forest","Hofmann Forest1",NA
230,33.5778076342042,1.60464285714286,0,17.3999996185303,779.633845264642,0,14.6787462234497,12.4569800792116,0.422480314970016,1115.25,-1.99630329675645,0,"Hofmann Forest","Hofmann Forest","Hofmann Forest1",NA
231,33.5778076342042,1.58,0,16.9999885559082,3632.83044004077,0,16.6095161437988,22.5901805622298,0.389742791652679,1115.25,-1.99630329675645,0,"Hofmann Forest","Hofmann Forest","Hofmann Forest1",NA
232,33.5778076342042,1.363,1,17.0309295654297,24175.7902287721,0,15.5547180175781,18.8641002999733,0.382631152868271,1115.25,-1.99630329675645,0,"Hofmann Forest","Hofmann Forest","Hofmann Forest1",NA
233,33.5778076342042,1.363,1,17,24175.7902287721,0,15.804443359375,13.1147804729279,0.41130667924881,285.4,0.56445597479834,0,"Hofmann Forest","Hofmann Forest","Hofmann Forest1",NA
234,33.5778076342042,1.57627450980392,1,17.3970832824707,14807.7901028343,0,14.8752107620239,12.6916974279607,0.430244892835617,1115.25,-1.99630329675645,0,"Hofmann Forest","Hofmann Forest","Hofmann Forest1",NA
235,33.5778076342042,1.363,1,16.9415016174316,24175.7902287721,0,16.3883171081543,14.4617314600155,0.416757732629776,1115.25,-1.99630329675645,0,"Hofmann Forest","Hofmann Forest","Hofmann Forest1",NA
236,33.5778076342042,1.363,1,17,24175.7902287721,0,16.3046264648438,13.6121852523177,0.40403163433075,285.4,0.56445597479834,0,"Hofmann Forest","Hofmann Forest","Hofmann Forest1",NA
237,33.5778076342042,1.363,1,16.8999996185303,20162.2292009034,0,15.9161338806152,20.8966925333818,0.324637651443481,1115.25,-1.99630329675645,0,"Hofmann Forest","Hofmann Forest","Hofmann Forest1",NA
238,33.5778076342042,1.363,1,17,24175.7902287721,0,13.9396371841431,14.9909371231974,0.416461855173111,285.4,0.56445597479834,0,"Hofmann Forest","Hofmann Forest","Hofmann Forest1",NA
239,33.5778076342042,1.363,1,17,24175.7902287721,0,16.4070014953613,13.6186096694405,0.402387619018555,285.4,0.56445597479834,0,"Hofmann Forest","Hofmann Forest","Hofmann Forest1",NA
240,33.5778076342042,1.363,1,16.9011516571045,24175.7902287721,0,16.7277889251709,20.933968491255,0.410609811544418,1115.25,-1.99630329675645,0,"Hofmann Forest","Hofmann Forest","Hofmann Forest1",NA
241,33.5778076342042,1.363,1,17,24175.7902287721,0,15.8150568008423,12.8863803018926,0.413865387439728,285.4,0.56445597479834,0,"Hofmann Forest","Hofmann Forest","Hofmann Forest1",NA
242,33.5778076342042,1.59685714285714,0,17.3908500671387,1879.52204999885,0,14.738920211792,10.4719258618048,0.420878320932388,285.4,0.56445597479834,0,"Hofmann Forest","Hofmann Forest","Hofmann Forest1",NA
243,33.5778076342042,1.394375,1,17.0968170166016,36409.5581835947,0,14.4832572937012,12.4938622453337,0.407543838024139,285.4,0.56445597479834,0,"Hofmann Forest","Hofmann Forest","Hofmann Forest1",NA
244,33.5778076342042,1.44666666666667,1,17.258752822876,12233.7679548225,0,15.4747486114502,10.6650250802755,0.323040544986725,285.4,0.56445597479834,0,"Hofmann Forest","Hofmann Forest","Hofmann Forest1",NA
245,33.5778076342042,1.363,1,16.7999992370605,20162.2292009034,0,16.7845306396484,23.8339035136222,0.423002511262894,1115.25,-1.99630329675645,0,"Hofmann Forest","Hofmann Forest","Hofmann Forest1",NA
246,33.5778076342042,1.363,1,17.1805057525635,24175.7902287721,0,15.3652725219727,12.1694447553523,0.410083144903183,285.4,0.56445597479834,0,"Hofmann Forest","Hofmann Forest","Hofmann Forest1",NA
247,33.5778076342042,1.363,1,16.8054275512695,24175.7902287721,0,16.8036479949951,17.4054590724096,0.42201554775238,1115.25,-1.99630329675645,0,"Hofmann Forest","Hofmann Forest","Hofmann Forest1",NA
248,33.5778076342042,1.58,0,17.3356456756592,625.002919397116,0,15.5795564651489,13.6498320919603,0.402926981449127,1115.25,-1.99630329675645,0,"Hofmann Forest","Hofmann Forest","Hofmann Forest1",NA
249,33.5778076342042,1.58,0,16.9675846099854,3307.66497781808,0,16.3346042633057,23.6530597162566,0.40509158372879,1115.25,-1.99630329675645,0,"Hofmann Forest","Hofmann Forest","Hofmann Forest1",NA
250,33.5778076342042,1.363,1,17,24175.7902287721,0,13.9787244796753,16.3655290371298,0.443553656339645,285.4,0.56445597479834,0,"Hofmann Forest","Hofmann Forest","Hofmann Forest1",NA
251,33.5778076342042,1.363,1,17.0015640258789,24175.7902287721,0,15.4582204818726,12.5816797370591,0.414571672677994,285.4,0.56445597479834,0,"Hofmann Forest","Hofmann Forest","Hofmann Forest1",NA
252,33.5778076342042,1.363,1,17.0469436645508,24175.7902287721,0,13.5895719528198,15.197869664555,0.41019681096077,285.4,0.56445597479834,0,"Hofmann Forest","Hofmann Forest","Hofmann Forest1",NA
253,33.5778076342042,1.363,1,16.8999996185303,20162.2292009034,0,15.9008293151855,20.4215446048108,0.448137849569321,1115.25,-1.99630329675645,0,"Hofmann Forest","Hofmann Forest","Hofmann Forest1",NA
254,33.5778076342042,1.363,1,16.8999996185303,24175.7902287721,0,16.6135540008545,15.680436065823,0.426456868648529,1115.25,-1.99630329675645,0,"Hofmann Forest","Hofmann Forest","Hofmann Forest1",NA
255,33.5778076342042,1.363,1,17,24175.7902287721,0,15.8585662841797,12.4002055966796,0.408269584178925,285.4,0.56445597479834,0,"Hofmann Forest","Hofmann Forest","Hofmann Forest1",NA
256,33.5778076342042,1.363,1,17,24175.7902287721,0,15.7188482284546,11.6566684943311,0.408822596073151,285.4,0.56445597479834,0,"Hofmann Forest","Hofmann Forest","Hofmann Forest1",NA
257,33.5778076342042,1.363,1,16.9770851135254,24175.7902287721,0,15.1904258728027,14.927328131839,0.412657350301743,285.4,0.56445597479834,0,"Hofmann Forest","Hofmann Forest","Hofmann Forest1",NA
258,33.5778076342042,1.394375,1,17.0115089416504,24421.8630482167,0,15.5865345001221,15.4520958098244,0.446541100740433,1115.25,-1.99630329675645,0,"Hofmann Forest","Hofmann Forest","Hofmann Forest1",NA
259,33.5778076342042,1.363,1,16.8637046813965,20162.2292009034,0,16.9871673583984,23.0415024977441,0.425719022750854,1115.25,-1.99630329675645,0,"Hofmann Forest","Hofmann Forest","Hofmann Forest1",NA
260,33.5778076342042,1.363,1,17.0660285949707,24175.7902287721,0,16.0088863372803,11.74343418408,0.397389322519302,285.4,0.56445597479834,0,"Hofmann Forest","Hofmann Forest","Hofmann Forest1",NA
261,33.5778076342042,1.363,1,16.8999996185303,24175.7902287721,0,16.1699028015137,17.3209692646078,0.450987547636032,1115.25,-1.99630329675645,0,"Hofmann Forest","Hofmann Forest","Hofmann Forest1",NA
262,33.5778076342042,1.363,1,17.0312595367432,20162.2292009034,0,15.8275327682495,20.1380624586919,0.372290283441544,1115.25,-1.99630329675645,0,"Hofmann Forest","Hofmann Forest","Hofmann Forest1",NA
263,33.5778076342042,1.59685714285714,0,17.4860172271729,1271.83886551464,0,15.9648962020874,12.9112510704468,0.414979338645935,1115.25,-1.99630329675645,0,"Hofmann Forest","Hofmann Forest","Hofmann Forest1",NA
264,33.5778076342042,1.363,1,16.8999996185303,24175.7902287721,0,16.628942489624,15.4974212435939,0.440791636705399,1115.25,-1.99630329675645,0,"Hofmann Forest","Hofmann Forest","Hofmann Forest1",NA
265,33.5778076342042,1.363,1,17,24175.7902287721,0,15.3432960510254,13.4025582412105,0.403279572725296,285.4,0.56445597479834,0,"Hofmann Forest","Hofmann Forest","Hofmann Forest1",NA
266,33.5778076342042,1.363,1,17,24175.7902287721,0,15.8537397384644,12.2617126749702,0.396132498979568,285.4,0.56445597479834,0,"Hofmann Forest","Hofmann Forest","Hofmann Forest1",NA
267,33.5778076342042,1.363,1,16.7607803344727,20162.2292009034,0,17.4831962585449,21.995502332025,0.416450291872025,1115.25,-1.99630329675645,0,"Hofmann Forest","Hofmann Forest","Hofmann Forest1",NA
268,33.5778076342042,1.41307692307692,1,16.9484844207764,47970.8498697163,0,17.0157604217529,22.0213224291282,0.434321701526642,1115.25,-1.99630329675645,0,"Hofmann Forest","Hofmann Forest","Hofmann Forest1",NA
269,33.5778076342042,1.394375,1,17,24490.0857646151,0,14.3694229125977,16.5849468530474,0.38340961933136,1115.25,-1.99630329675645,0,"Hofmann Forest","Hofmann Forest","Hofmann Forest1",NA
270,33.5778076342042,1.363,1,17.1999988555908,24175.7902287721,0,13.5340843200684,13.0355167963561,0.415272921323776,285.4,0.56445597479834,0,"Hofmann Forest","Hofmann Forest","Hofmann Forest1",NA
271,33.5778076342042,1.363,1,16.8999996185303,24175.7902287721,0,16.6328907012939,16.2937637393343,0.409893363714218,1115.25,-1.99630329675645,0,"Hofmann Forest","Hofmann Forest","Hofmann Forest1",NA
272,33.5778076342042,1.363,1,16.8999996185303,24175.7902287721,0,16.6038932800293,16.7574154364949,0.44171267747879,1115.25,-1.99630329675645,0,"Hofmann Forest","Hofmann Forest","Hofmann Forest1",NA
273,33.5778076342042,1.421875,1,16.7761058807373,20341.3734344337,0,16.8799800872803,23.2482971117349,0.419659376144409,1115.25,-1.99630329675645,0,"Hofmann Forest","Hofmann Forest","Hofmann Forest1",NA
274,33.5778076342042,1.592,0,17.3131294250488,686.685503485356,0,15.3383769989014,13.8584847867969,0.389252603054047,1115.25,-1.99630329675645,0,"Hofmann Forest","Hofmann Forest","Hofmann Forest1",NA
275,33.5778076342042,1.363,1,17,24175.7902287721,0,14.6091575622559,15.3071806553105,0.410523295402527,285.4,0.56445597479834,0,"Hofmann Forest","Hofmann Forest","Hofmann Forest1",NA
276,33.5778076342042,1.363,1,17.1371002197266,24175.7902287721,0,15.2874126434326,11.360297103511,0.349468767642975,285.4,0.56445597479834,0,"Hofmann Forest","Hofmann Forest","Hofmann Forest1",NA
277,33.5778076342042,1.363,1,16.7000007629395,44338.0194296756,0,17.384765625,21.9739600877832,0.417822629213333,1115.25,-1.99630329675645,0,"Hofmann Forest","Hofmann Forest","Hofmann Forest1",NA
278,33.5778076342042,1.363,1,17.0820903778076,24175.7902287721,0,13.8743915557861,14.2088914928766,0.369384795427322,285.4,0.56445597479834,0,"Hofmann Forest","Hofmann Forest","Hofmann Forest1",NA
279,33.5778076342042,1.363,1,16.7936191558838,44338.0194296756,0,17.2847366333008,20.8277868315021,0.418844282627106,1115.25,-1.99630329675645,0,"Hofmann Forest","Hofmann Forest","Hofmann Forest1",NA
280,33.5778076342042,1.363,1,16.7999992370605,20162.2292009034,0,16.801887512207,23.3549019075031,0.441722571849823,1115.25,-1.99630329675645,0,"Hofmann Forest","Hofmann Forest","Hofmann Forest1",NA
281,33.5778076342042,1.363,1,16.7641429901123,20162.2292009034,0,17.3205795288086,23.3114469421964,0.422132074832916,1115.25,-1.99630329675645,0,"Hofmann Forest","Hofmann Forest","Hofmann Forest1",NA
282,33.5778076342042,1.363,1,17.1271991729736,24175.7902287721,0,13.7744312286377,12.7320082357348,0.394226938486099,285.4,0.56445597479834,0,"Hofmann Forest","Hofmann Forest","Hofmann Forest1",NA
283,33.5778076342042,1.363,1,16.8799533843994,24175.7902287721,0,16.7051105499268,15.896880826107,0.410274356603622,1115.25,-1.99630329675645,0,"Hofmann Forest","Hofmann Forest","Hofmann Forest1",NA
284,33.5778076342042,1.363,1,16.8622150421143,24175.7902287721,0,17.1721019744873,19.7105721530359,0.421495497226715,1115.25,-1.99630329675645,0,"Hofmann Forest","Hofmann Forest","Hofmann Forest1",NA
285,33.5778076342042,1.363,1,17.1000003814697,20162.2292009034,0,15.4320659637451,20.9992664612976,0.440595954656601,1115.25,-1.99630329675645,0,"Hofmann Forest","Hofmann Forest","Hofmann Forest1",NA
286,33.5778076342042,1.41307692307692,1,16.9476985931396,25318.142857925,0,16.677604675293,18.0047147741417,0.392026245594025,1115.25,-1.99630329675645,0,"Hofmann Forest","Hofmann Forest","Hofmann Forest1",NA
287,33.5778076342042,1.363,1,16.8011932373047,24175.7902287721,0,16.9080448150635,18.9059531211911,0.412708789110184,1115.25,-1.99630329675645,0,"Hofmann Forest","Hofmann Forest","Hofmann Forest1",NA
288,33.5778076342042,1.363,1,16.8999996185303,20162.2292009034,0,16.0577545166016,20.472531759614,0.406805008649826,1115.25,-1.99630329675645,0,"Hofmann Forest","Hofmann Forest","Hofmann Forest1",NA
289,33.5778076342042,1.363,1,16.8999996185303,20162.2292009034,0,16.2325496673584,22.2692381312098,0.425736904144287,1115.25,-1.99630329675645,0,"Hofmann Forest","Hofmann Forest","Hofmann Forest1",NA
290,33.5778076342042,1.363,1,16.8999996185303,24175.7902287721,0,16.5904712677002,15.5311541592425,0.420722305774689,1115.25,-1.99630329675645,0,"Hofmann Forest","Hofmann Forest","Hofmann Forest1",NA
291,33.5778076342042,1.363,1,16.8000011444092,24175.7902287721,0,17.5255393981934,20.3320843455188,0.421999037265778,1115.25,-1.99630329675645,0,"Hofmann Forest","Hofmann Forest","Hofmann Forest1",NA
292,33.5778076342042,1.363,1,16.8999996185303,24175.7902287721,0,16.034236907959,15.6158395578886,0.431800872087479,1115.25,-1.99630329675645,0,"Hofmann Forest","Hofmann Forest","Hofmann Forest1",NA
293,33.5778076342042,1.363,1,16.7999992370605,24175.7902287721,0,17.4709701538086,19.2932597836486,0.423224300146103,1115.25,-1.99630329675645,0,"Hofmann Forest","Hofmann Forest","Hofmann Forest1",NA
294,33.5778076342042,1.58,0,17.3891849517822,625.002919397116,0,15.5246210098267,13.8165091759918,0.398702025413513,1115.25,-1.99630329675645,0,"Hofmann Forest","Hofmann Forest","Hofmann Forest1",NA
295,33.5778076342042,1.363,1,17.1000003814697,24175.7902287721,0,15.7353858947754,10.88394215465,0.418701648712158,285.4,0.56445597479834,0,"Hofmann Forest","Hofmann Forest","Hofmann Forest1",NA
296,33.5778076342042,1.363,1,17,24175.7902287721,0,15.8561735153198,12.0415713587183,0.408608615398407,285.4,0.56445597479834,0,"Hofmann Forest","Hofmann Forest","Hofmann Forest1",NA
297,33.5778076342042,1.41307692307692,1,17.065601348877,24573.5341335022,0,14.0779275894165,15.0827833867684,0.428582429885864,285.4,0.56445597479834,0,"Hofmann Forest","Hofmann Forest","Hofmann Forest1",NA
298,33.5778076342042,1.363,1,17.1293392181396,24175.7902287721,0,13.4200859069824,13.6806018624963,0.405009001493454,285.4,0.56445597479834,0,"Hofmann Forest","Hofmann Forest","Hofmann Forest1",NA
299,33.5778076342042,1.363,1,17,24175.7902287721,0,15.7187795639038,13.268771836827,0.425620764493942,285.4,0.56445597479834,0,"Hofmann Forest","Hofmann Forest","Hofmann Forest1",NA
300,33.5778076342042,1.41307692307692,1,17.0959186553955,25318.142857925,0,16.3184490203857,16.8196759345617,0.425835818052292,1115.25,-1.99630329675645,0,"Hofmann Forest","Hofmann Forest","Hofmann Forest1",NA
301,33.5778076342042,1.363,1,17.1244945526123,24175.7902287721,0,13.8734865188599,14.4193118154423,0.385070234537125,285.4,0.56445597479834,0,"Hofmann Forest","Hofmann Forest","Hofmann Forest1",NA
302,33.5778076342042,1.363,1,16.9538726806641,24175.7902287721,0,16.3879852294922,15.1745237249361,0.427903354167938,1115.25,-1.99630329675645,0,"Hofmann Forest","Hofmann Forest","Hofmann Forest1",NA
303,33.5778076342042,1.363,1,17.0528964996338,20162.2292009034,0,16.0850524902344,22.5687531727806,0.422892332077026,1115.25,-1.99630329675645,0,"Hofmann Forest","Hofmann Forest","Hofmann Forest1",NA
304,33.5778076342042,1.363,1,17.1000003814697,24175.7902287721,0,14.0635824203491,12.4802069858352,0.357115477323532,285.4,0.56445597479834,0,"Hofmann Forest","Hofmann Forest","Hofmann Forest1",NA
305,33.5778076342042,1.363,1,16.8056125640869,24175.7902287721,0,16.7631778717041,16.7586202517368,0.425734281539917,1115.25,-1.99630329675645,0,"Hofmann Forest","Hofmann Forest","Hofmann Forest1",NA
306,33.5778076342042,1.363,1,17.0000019073486,24175.7902287721,0,16.3322086334229,12.8167401919794,0.420070350170135,285.4,0.56445597479834,0,"Hofmann Forest","Hofmann Forest","Hofmann Forest1",NA
307,33.5778076342042,1.363,1,16.8999996185303,24175.7902287721,0,17.2484722137451,20.5400467465742,0.406749576330185,1115.25,-1.99630329675645,0,"Hofmann Forest","Hofmann Forest","Hofmann Forest1",NA
308,33.5778076342042,1.363,1,16.7999992370605,24175.7902287721,0,17.0318832397461,18.251477182553,0.428692758083344,1115.25,-1.99630329675645,0,"Hofmann Forest","Hofmann Forest","Hofmann Forest1",NA
309,33.5778076342042,1.59270833333333,0,17.4084453582764,2591.34188292474,0,15.5171689987183,12.8005447119502,0.352930158376694,1115.25,-1.99630329675645,0,"Hofmann Forest","Hofmann Forest","Hofmann Forest1",NA
310,33.5778076342042,1.363,1,17,24175.7902287721,0,14.5283622741699,14.327954927824,0.38113659620285,285.4,0.56445597479834,0,"Hofmann Forest","Hofmann Forest","Hofmann Forest1",NA
311,33.5778076342042,1.363,1,17.1026248931885,24175.7902287721,0,15.3650922775269,10.2836902737407,0.407167583703995,285.4,0.56445597479834,0,"Hofmann Forest","Hofmann Forest","Hofmann Forest1",NA
312,33.5778076342042,1.41307692307692,1,16.8844203948975,23469.8941787215,0,16.5108509063721,23.5855794930002,0.358586251735687,1115.25,-1.99630329675645,0,"Hofmann Forest","Hofmann Forest","Hofmann Forest1",NA
313,33.5778076342042,1.394375,1,16.8999996185303,24421.8630482167,0,16.6766357421875,16.355102718136,0.414433270692825,1115.25,-1.99630329675645,0,"Hofmann Forest","Hofmann Forest","Hofmann Forest1",NA
314,33.5778076342042,1.363,1,16.8993644714355,24175.7902287721,0,16.6318950653076,19.0558798277559,0.411564618349075,1115.25,-1.99630329675645,0,"Hofmann Forest","Hofmann Forest","Hofmann Forest1",NA
315,33.5778076342042,1.363,1,17,24175.7902287721,0,16.4248580932617,14.0145706721765,0.413232147693634,1115.25,-1.99630329675645,0,"Hofmann Forest","Hofmann Forest","Hofmann Forest1",NA
316,33.5778076342042,1.41307692307692,1,17.0000019073486,24500.9556909948,0,16.6036987304688,22.1784747887278,0.409282952547073,1115.25,-1.99630329675645,0,"Hofmann Forest","Hofmann Forest","Hofmann Forest1",NA
317,33.5778076342042,1.363,1,17,24175.7902287721,0,15.2722043991089,16.7654687767591,0.399114519357681,1115.25,-1.99630329675645,0,"Hofmann Forest","Hofmann Forest","Hofmann Forest1",NA
318,33.5778076342042,1.363,1,16.8999996185303,24175.7902287721,0,15.557785987854,17.5039971562977,0.376378327608109,1115.25,-1.99630329675645,0,"Hofmann Forest","Hofmann Forest","Hofmann Forest1",NA
319,33.5778076342042,1.363,1,17.1000003814697,44338.0194296756,0,15.6000003814697,19.4171300490066,0.391186743974686,1115.25,-1.99630329675645,0,"Hofmann Forest","Hofmann Forest","Hofmann Forest1",NA
320,33.5778076342042,1.363,1,16.907735824585,24175.7902287721,0,15.3992319107056,15.2638694904894,0.416551411151886,285.4,0.56445597479834,0,"Hofmann Forest","Hofmann Forest","Hofmann Forest1",NA
321,33.5778076342042,1.41307692307692,1,16.8924140930176,24256.6365422887,0,16.7494697570801,19.7733987393694,0.408076584339142,1115.25,-1.99630329675645,0,"Hofmann Forest","Hofmann Forest","Hofmann Forest1",NA
322,33.5778076342042,1.41307692307692,1,17.1399402618408,24800.7931481693,0,15.5426445007324,14.3547682638111,0.370173960924149,1115.25,-1.99630329675645,0,"Hofmann Forest","Hofmann Forest","Hofmann Forest1",NA
323,33.5778076342042,1.394375,1,17.1849727630615,36409.5581835947,0,15.5406141281128,11.3910578156494,0.319136291742325,285.4,0.56445597479834,0,"Hofmann Forest","Hofmann Forest","Hofmann Forest1",NA
324,33.5778076342042,1.363,1,16.8098049163818,24175.7902287721,0,16.69602394104,16.3296436085838,0.437857240438461,1115.25,-1.99630329675645,0,"Hofmann Forest","Hofmann Forest","Hofmann Forest1",NA
325,33.5778076342042,1.363,1,17.111499786377,24175.7902287721,0,15.7745151519775,11.0818288285267,0.417501747608185,285.4,0.56445597479834,0,"Hofmann Forest","Hofmann Forest","Hofmann Forest1",NA
326,33.5778076342042,1.363,1,16.801887512207,20162.2292009034,0,17.1865119934082,23.254122330888,0.426653385162354,1115.25,-1.99630329675645,0,"Hofmann Forest","Hofmann Forest","Hofmann Forest1",NA
327,33.5778076342042,1.58,0,17.341136932373,625.002919397116,0,15.3399095535278,14.4590107305692,0.307102501392365,1115.25,-1.99630329675645,0,"Hofmann Forest","Hofmann Forest","Hofmann Forest1",NA
328,33.5778076342042,1.363,1,17.0985774993896,24175.7902287721,0,15.8473749160767,13.6991493034546,0.406034022569656,1115.25,-1.99630329675645,0,"Hofmann Forest","Hofmann Forest","Hofmann Forest1",NA
329,33.5778076342042,1.41307692307692,1,16.9608306884766,25318.142857925,0,16.5804996490479,18.5725418137336,0.403308242559433,1115.25,-1.99630329675645,0,"Hofmann Forest","Hofmann Forest","Hofmann Forest1",NA
330,33.5778076342042,1.363,1,16.9999980926514,24175.7902287721,0,16.1496257781982,14.0851315446072,0.411186873912811,285.4,0.56445597479834,0,"Hofmann Forest","Hofmann Forest","Hofmann Forest1",NA
331,33.5778076342042,1.41307692307692,1,17,24210.7472824489,0,15.0034914016724,16.7895898989629,0.41076335310936,1115.25,-1.99630329675645,0,"Hofmann Forest","Hofmann Forest","Hofmann Forest1",NA
332,33.5778076342042,1.363,1,17,24175.7902287721,0,15.7319593429565,13.2139083304583,0.434209823608398,285.4,0.56445597479834,0,"Hofmann Forest","Hofmann Forest","Hofmann Forest1",NA
333,33.5778076342042,1.363,1,17.1000003814697,24175.7902287721,0,13.9466495513916,12.9058545733274,0.371290564537048,285.4,0.56445597479834,0,"Hofmann Forest","Hofmann Forest","Hofmann Forest1",NA
334,33.5778076342042,1.363,1,17.0380249023438,24175.7902287721,0,16.2472896575928,12.4412633492494,0.412265658378601,285.4,0.56445597479834,0,"Hofmann Forest","Hofmann Forest","Hofmann Forest1",NA
335,33.5778076342042,1.363,1,16.9002380371094,24175.7902287721,0,16.6398258209229,15.3461975548128,0.422215461730957,1115.25,-1.99630329675645,0,"Hofmann Forest","Hofmann Forest","Hofmann Forest1",NA
336,33.5778076342042,1.363,1,17.03928565979,24175.7902287721,0,14.0374441146851,14.0907958386137,0.363839596509933,285.4,0.56445597479834,0,"Hofmann Forest","Hofmann Forest","Hofmann Forest1",NA
337,33.5778076342042,1.363,1,16.9256057739258,24175.7902287721,0,16.5585536956787,15.2554784309548,0.427485942840576,1115.25,-1.99630329675645,0,"Hofmann Forest","Hofmann Forest","Hofmann Forest1",NA
338,33.5778076342042,1.363,1,16.9141616821289,24175.7902287721,0,15.6396627426147,17.8982058999279,0.372896492481232,1115.25,-1.99630329675645,0,"Hofmann Forest","Hofmann Forest","Hofmann Forest1",NA
339,33.5778076342042,1.505,1,17.0231666564941,25757.0463137965,0,16.0783615112305,17.8335875293438,0.352682948112488,1115.25,-1.99630329675645,0,"Hofmann Forest","Hofmann Forest","Hofmann Forest1",NA
340,33.5778076342042,1.45055555555556,1,17.1118354797363,24603.1340979689,0,13.7765941619873,15.7926796460953,0.405304998159409,285.4,0.56445597479834,0,"Hofmann Forest","Hofmann Forest","Hofmann Forest1",NA
341,33.5778076342042,1.394375,1,17.2059440612793,36409.5581835947,0,15.4297189712524,11.1382128983772,0.3191137611866,285.4,0.56445597479834,0,"Hofmann Forest","Hofmann Forest","Hofmann Forest1",NA
342,33.5778076342042,1.363,1,17,24175.7902287721,0,15.7240180969238,12.8477289272848,0.408191502094269,285.4,0.56445597479834,0,"Hofmann Forest","Hofmann Forest","Hofmann Forest1",NA
343,33.5778076342042,1.363,1,17,24175.7902287721,0,15.8967561721802,12.1441367687594,0.41663333773613,285.4,0.56445597479834,0,"Hofmann Forest","Hofmann Forest","Hofmann Forest1",NA
344,33.5778076342042,1.363,1,16.8943347930908,20162.2292009034,0,16.3291797637939,21.4551610646199,0.380497246980667,1115.25,-1.99630329675645,0,"Hofmann Forest","Hofmann Forest","Hofmann Forest1",NA
345,33.5778076342042,1.363,1,16.8067741394043,24175.7902287721,0,16.9116249084473,19.4503388681363,0.404542922973633,1115.25,-1.99630329675645,0,"Hofmann Forest","Hofmann Forest","Hofmann Forest1",NA
346,33.5778076342042,1.57894736842105,0,17.1235961914062,531.844680018666,0,15.1100902557373,15.9410736297228,0.414631098508835,1115.25,-1.99630329675645,0,"Hofmann Forest","Hofmann Forest","Hofmann Forest1",NA
347,33.5778076342042,1.363,1,16.8999996185303,24175.7902287721,0,16.7699451446533,17.4405555616449,0.422349691390991,1115.25,-1.99630329675645,0,"Hofmann Forest","Hofmann Forest","Hofmann Forest1",NA
348,33.5778076342042,1.363,1,16.8817272186279,20162.2292009034,0,16.3910903930664,21.807940433916,0.435394436120987,1115.25,-1.99630329675645,0,"Hofmann Forest","Hofmann Forest","Hofmann Forest1",NA
349,33.5778076342042,1.363,1,17.0451889038086,24175.7902287721,0,16.2315616607666,12.3554544866765,0.414413213729858,285.4,0.56445597479834,0,"Hofmann Forest","Hofmann Forest","Hofmann Forest1",NA
350,33.5778076342042,1.363,1,17,24175.7902287721,0,15.9114065170288,11.7895395651127,0.419175773859024,285.4,0.56445597479834,0,"Hofmann Forest","Hofmann Forest","Hofmann Forest1",NA
351,33.5778076342042,1.363,1,16.7000007629395,20162.2292009034,0,17.3624172210693,21.8830903652714,0.433891326189041,1115.25,-1.99630329675645,0,"Hofmann Forest","Hofmann Forest","Hofmann Forest1",NA
352,33.5778076342042,1.363,1,17.1000003814697,24175.7902287721,0,15.4242506027222,10.5874292058428,0.409637033939362,285.4,0.56445597479834,0,"Hofmann Forest","Hofmann Forest","Hofmann Forest1",NA
353,33.5778076342042,1.363,1,17.0102214813232,24175.7902287721,0,15.8116846084595,11.7088132192044,0.406884640455246,285.4,0.56445597479834,0,"Hofmann Forest","Hofmann Forest","Hofmann Forest1",NA
354,33.5778076342042,1.58,0,17,3632.83044004077,0,16.6467761993408,22.3897745955018,0.37845179438591,1115.25,-1.99630329675645,0,"Hofmann Forest","Hofmann Forest","Hofmann Forest1",NA
355,33.5778076342042,1.363,1,16.9562339782715,24175.7902287721,0,15.2229642868042,17.9058961628098,0.386858940124512,1115.25,-1.99630329675645,0,"Hofmann Forest","Hofmann Forest","Hofmann Forest1",NA
356,33.5778076342042,1.363,1,16.8999996185303,24175.7902287721,0,16.626537322998,15.3816604278588,0.422040283679962,1115.25,-1.99630329675645,0,"Hofmann Forest","Hofmann Forest","Hofmann Forest1",NA
357,33.5778076342042,1.57487804878049,1,17.4568920135498,14113.2900048214,0,15.339674949646,10.3948059941727,0.42741185426712,285.4,0.56445597479834,0,"Hofmann Forest","Hofmann Forest","Hofmann Forest1",NA
358,33.5778076342042,1.363,1,16.9737129211426,20162.2292009034,0,16.4402103424072,22.8785580847971,0.407302379608154,1115.25,-1.99630329675645,0,"Hofmann Forest","Hofmann Forest","Hofmann Forest1",NA
359,33.5778076342042,1.363,1,16.8999977111816,24175.7902287721,0,16.2770652770996,15.6399225725857,0.437049448490143,1115.25,-1.99630329675645,0,"Hofmann Forest","Hofmann Forest","Hofmann Forest1",NA
360,33.5778076342042,1.61714285714286,0,17.3836135864258,821.131818188699,0,15.5114898681641,15.0046208139976,0.349018007516861,1115.25,-1.99630329675645,0,"Hofmann Forest","Hofmann Forest","Hofmann Forest1",NA
361,33.5778076342042,1.363,1,16.8084449768066,24175.7902287721,0,16.8582153320312,18.9511927896139,0.402873277664185,1115.25,-1.99630329675645,0,"Hofmann Forest","Hofmann Forest","Hofmann Forest1",NA
362,33.5778076342042,1.394375,1,16.9966430664062,24490.0857646151,0,14.9691152572632,17.1731286507904,0.441785335540771,1115.25,-1.99630329675645,0,"Hofmann Forest","Hofmann Forest","Hofmann Forest1",NA
363,33.5778076342042,1.363,1,16.7999992370605,24175.7902287721,0,17.0672416687012,18.6005304243631,0.40728548169136,1115.25,-1.99630329675645,0,"Hofmann Forest","Hofmann Forest","Hofmann Forest1",NA
364,33.5778076342042,1.363,1,16.7999992370605,20162.2292009034,0,16.6733875274658,23.9171971413217,0.412038922309875,1115.25,-1.99630329675645,0,"Hofmann Forest","Hofmann Forest","Hofmann Forest1",NA
365,33.5778076342042,1.363,1,16.9222049713135,24175.7902287721,0,15.4056272506714,15.5592106364226,0.425061672925949,285.4,0.56445597479834,0,"Hofmann Forest","Hofmann Forest","Hofmann Forest1",NA
366,33.5778076342042,1.363,1,16.8072853088379,20162.2292009034,0,17.0999794006348,22.4887796399623,0.397840052843094,1115.25,-1.99630329675645,0,"Hofmann Forest","Hofmann Forest","Hofmann Forest1",NA
367,33.5778076342042,1.363,1,16.9964485168457,24175.7902287721,0,15.4481287002563,14.4252278358285,0.397795230150223,285.4,0.56445597479834,0,"Hofmann Forest","Hofmann Forest","Hofmann Forest1",NA
368,33.5778076342042,1.363,1,17.0925769805908,24175.7902287721,0,16.2527961730957,12.1668775768897,0.415918618440628,285.4,0.56445597479834,0,"Hofmann Forest","Hofmann Forest","Hofmann Forest1",NA
369,33.5778076342042,1.363,1,17,24175.7902287721,0,16.0348320007324,12.6615429626372,0.410730212926865,285.4,0.56445597479834,0,"Hofmann Forest","Hofmann Forest","Hofmann Forest1",NA
370,33.5778076342042,1.363,1,17.0806484222412,24175.7902287721,0,15.7445240020752,14.9976928260492,0.437888532876968,1115.25,-1.99630329675645,0,"Hofmann Forest","Hofmann Forest","Hofmann Forest1",NA
371,33.5778076342042,1.363,1,17,24175.7902287721,0,15.7205801010132,12.473408471398,0.417030334472656,285.4,0.56445597479834,0,"Hofmann Forest","Hofmann Forest","Hofmann Forest1",NA
372,33.5778076342042,1.363,1,16.8999996185303,24175.7902287721,0,15.8068161010742,15.0422133112892,0.423811823129654,285.4,0.56445597479834,0,"Hofmann Forest","Hofmann Forest","Hofmann Forest1",NA
373,33.5778076342042,1.363,1,16.8999996185303,24175.7902287721,0,16.4148693084717,15.3184865087638,0.435038417577744,1115.25,-1.99630329675645,0,"Hofmann Forest","Hofmann Forest","Hofmann Forest1",NA
374,33.5778076342042,1.363,1,16.8939094543457,24175.7902287721,0,16.6988983154297,16.0981541740198,0.42613497376442,1115.25,-1.99630329675645,0,"Hofmann Forest","Hofmann Forest","Hofmann Forest1",NA
375,33.5778076342042,1.363,1,17,24175.7902287721,0,16.028829574585,11.4104767095739,0.393915176391602,285.4,0.56445597479834,0,"Hofmann Forest","Hofmann Forest","Hofmann Forest1",NA
376,33.5778076342042,1.363,1,16.8999996185303,24175.7902287721,0,16.7494297027588,16.9974672312447,0.42618590593338,1115.25,-1.99630329675645,0,"Hofmann Forest","Hofmann Forest","Hofmann Forest1",NA
377,33.5778076342042,1.444375,1,16.9127388000488,25398.9891714415,0,16.5989284515381,18.961402347361,0.40856596827507,1115.25,-1.99630329675645,0,"Hofmann Forest","Hofmann Forest","Hofmann Forest1",NA
378,33.5778076342042,1.58511627906977,0,17.1035022735596,4948.98639575536,0,15.2365942001343,17.3142756381886,0.389319747686386,1115.25,-1.99630329675645,0,"Hofmann Forest","Hofmann Forest","Hofmann Forest1",NA
379,33.5778076342042,1.58266666666667,0,17.2000007629395,6508.97683465342,0,15.3739156723022,17.1011840012408,0.424153238534927,1115.25,-1.99630329675645,0,"Hofmann Forest","Hofmann Forest","Hofmann Forest1",NA
380,33.5778076342042,1.54173913043478,1,17.2999992370605,13420.4730730855,0,15.4903154373169,11.904072718531,0.406615614891052,285.4,0.56445597479834,0,"Hofmann Forest","Hofmann Forest","Hofmann Forest1",NA
381,33.5778076342042,1.58555555555556,0,17.3053741455078,5218.04109679981,0,14.7617502212524,14.3887232289025,0.385824054479599,1115.25,-1.99630329675645,0,"Hofmann Forest","Hofmann Forest","Hofmann Forest1",NA
382,33.5778076342042,1.421875,1,16.8079929351807,20341.3734344337,0,16.5134162902832,24.1288523763199,0.41617825627327,1115.25,-1.99630329675645,0,"Hofmann Forest","Hofmann Forest","Hofmann Forest1",NA
383,33.5778076342042,1.363,1,16.8999996185303,44338.0194296756,0,16.6187362670898,19.9602206853636,0.329575926065445,1115.25,-1.99630329675645,0,"Hofmann Forest","Hofmann Forest","Hofmann Forest1",NA
384,33.5778076342042,1.363,1,16.9184494018555,24175.7902287721,0,15.922794342041,18.6097357716166,0.386306166648865,1115.25,-1.99630329675645,0,"Hofmann Forest","Hofmann Forest","Hofmann Forest1",NA
385,33.5778076342042,1.41307692307692,1,16.9940376281738,25318.142857925,0,16.5231399536133,16.9630446505943,0.428473830223083,1115.25,-1.99630329675645,0,"Hofmann Forest","Hofmann Forest","Hofmann Forest1",NA
386,33.5778076342042,1.363,1,16.7999992370605,20162.2292009034,0,17.3041801452637,22.8845929384145,0.412946224212646,1115.25,-1.99630329675645,0,"Hofmann Forest","Hofmann Forest","Hofmann Forest1",NA
387,33.5778076342042,1.363,1,17,24175.7902287721,0,15.5088357925415,13.6560737455233,0.426793158054352,285.4,0.56445597479834,0,"Hofmann Forest","Hofmann Forest","Hofmann Forest1",NA
388,33.5778076342042,1.55393939393939,1,17.3999996185303,14114.9731710985,0,15.2000217437744,12.879368103017,0.415806978940964,1115.25,-1.99630329675645,0,"Hofmann Forest","Hofmann Forest","Hofmann Forest1",NA
389,33.5778076342042,1.363,1,16.8977794647217,20162.2292009034,0,16.6150512695312,23.2385235959647,0.426370292901993,1115.25,-1.99630329675645,0,"Hofmann Forest","Hofmann Forest","Hofmann Forest1",NA
390,33.5778076342042,1.363,1,17,24175.7902287721,0,14.6268844604492,16.2666477129855,0.376770168542862,1115.25,-1.99630329675645,0,"Hofmann Forest","Hofmann Forest","Hofmann Forest1",NA
391,33.5778076342042,1.394375,1,17.2000007629395,36409.5581835947,0,15.461766242981,10.9555742552592,0.337251424789429,285.4,0.56445597479834,0,"Hofmann Forest","Hofmann Forest","Hofmann Forest1",NA
392,33.5778076342042,1.363,1,16.9999980926514,24175.7902287721,0,16.3400344848633,13.1931226549315,0.413556396961212,1115.25,-1.99630329675645,0,"Hofmann Forest","Hofmann Forest","Hofmann Forest1",NA
393,33.5778076342042,1.363,1,16.808084487915,24175.7902287721,0,17.1082420349121,19.4734200854793,0.444849282503128,1115.25,-1.99630329675645,0,"Hofmann Forest","Hofmann Forest","Hofmann Forest1",NA
394,33.5778076342042,1.363,1,17.1000003814697,20162.2292009034,0,15.2179441452026,21.3682234321178,0.461695581674576,1115.25,-1.99630329675645,0,"Hofmann Forest","Hofmann Forest","Hofmann Forest1",NA
395,33.5778076342042,1.363,1,16.7999992370605,24175.7902287721,0,17.3474864959717,19.4226821427541,0.43698638677597,1115.25,-1.99630329675645,0,"Hofmann Forest","Hofmann Forest","Hofmann Forest1",NA
396,33.5778076342042,1.44666666666667,1,17.3824558258057,12233.7679548225,0,14.297269821167,11.3727172363013,0.372781425714493,285.4,0.56445597479834,0,"Hofmann Forest","Hofmann Forest","Hofmann Forest1",NA
397,33.5778076342042,1.54173913043478,1,17.2999992370605,13420.4730730855,0,15.2948217391968,10.7985852369741,0.493555814027786,285.4,0.56445597479834,0,"Hofmann Forest","Hofmann Forest","Hofmann Forest1",NA
398,33.5778076342042,1.54173913043478,1,17.3895568847656,13420.4730730855,0,14.8410530090332,11.2924078962937,0.411567389965057,285.4,0.56445597479834,0,"Hofmann Forest","Hofmann Forest","Hofmann Forest1",NA
399,33.5778076342042,1.394375,1,17.3063316345215,36409.5581835947,0,14.6866941452026,11.5211047747314,0.349849075078964,285.4,0.56445597479834,0,"Hofmann Forest","Hofmann Forest","Hofmann Forest1",NA
400,33.5778076342042,1.394375,1,17.2999992370605,36409.5581835947,0,15.2550430297852,10.0355133345475,0.414759695529938,285.4,0.56445597479834,0,"Hofmann Forest","Hofmann Forest","Hofmann Forest1",NA
401,33.5778076342042,1.41307692307692,1,16.9012317657471,24573.5341335022,0,15.3565158843994,14.3746525213884,0.417151778936386,285.4,0.56445597479834,0,"Hofmann Forest","Hofmann Forest","Hofmann Forest1",NA
402,33.5778076342042,1.5915,0,17.4115619659424,4853.20208190112,0,11.7992334365845,14.7670163841611,0.381115019321442,1115.25,-1.99630329675645,0,"Hofmann Forest","Hofmann Forest","Hofmann Forest1",NA
403,33.5778076342042,1.363,1,17.1311779022217,24175.7902287721,0,15.5881958007812,11.1798527451164,0.399063587188721,285.4,0.56445597479834,0,"Hofmann Forest","Hofmann Forest","Hofmann Forest1",NA
404,33.5778076342042,1.54173913043478,1,17.4031391143799,13420.4730730855,0,15.5122289657593,10.4790390747865,0.352709144353867,285.4,0.56445597479834,0,"Hofmann Forest","Hofmann Forest","Hofmann Forest1",NA
405,33.5778076342042,1.394375,1,17.2378692626953,36409.5581835947,0,15.0467481613159,11.4946552496589,0.306642144918442,285.4,0.56445597479834,0,"Hofmann Forest","Hofmann Forest","Hofmann Forest1",NA
406,33.5778076342042,1.363,1,16.9151077270508,24175.7902287721,0,16.360330581665,14.3089734923842,0.432739078998566,1115.25,-1.99630329675645,0,"Hofmann Forest","Hofmann Forest","Hofmann Forest1",NA
407,33.5778076342042,1.363,1,17,24175.7902287721,0,16.4359760284424,14.4811399098682,0.423460721969604,1115.25,-1.99630329675645,0,"Hofmann Forest","Hofmann Forest","Hofmann Forest1",NA
408,33.5778076342042,1.363,1,16.9999980926514,24175.7902287721,0,15.3771915435791,12.9605855849761,0.401167660951614,285.4,0.56445597479834,0,"Hofmann Forest","Hofmann Forest","Hofmann Forest1",NA
409,33.5778076342042,1.363,1,16.8999996185303,24175.7902287721,0,16.7406806945801,19.1636856554692,0.393480002880096,1115.25,-1.99630329675645,0,"Hofmann Forest","Hofmann Forest","Hofmann Forest1",NA
410,33.5778076342042,1.363,1,17.1130065917969,24175.7902287721,0,13.7773189544678,13.2171475307551,0.388736516237259,285.4,0.56445597479834,0,"Hofmann Forest","Hofmann Forest","Hofmann Forest1",NA
411,33.5778076342042,1.363,1,16.8999996185303,24175.7902287721,0,16.8604717254639,20.4372955281559,0.414580076932907,1115.25,-1.99630329675645,0,"Hofmann Forest","Hofmann Forest","Hofmann Forest1",NA
412,33.5778076342042,1.363,1,17.0000019073486,24175.7902287721,0,15.2483549118042,13.8960977700228,0.393515646457672,285.4,0.56445597479834,0,"Hofmann Forest","Hofmann Forest","Hofmann Forest1",NA
413,33.5778076342042,1.57529411764706,0,17.3754463195801,175.956064198891,0,15.7827568054199,13.9812392172015,0.378910928964615,1115.25,-1.99630329675645,0,"Hofmann Forest","Hofmann Forest","Hofmann Forest1",NA
414,33.5778076342042,1.363,1,17,24175.7902287721,0,14.2643632888794,14.3367290762476,0.39484491944313,285.4,0.56445597479834,0,"Hofmann Forest","Hofmann Forest","Hofmann Forest1",NA
415,33.5778076342042,1.363,1,17.1019859313965,24175.7902287721,0,15.8958320617676,13.5871787766107,0.397182643413544,1115.25,-1.99630329675645,0,"Hofmann Forest","Hofmann Forest","Hofmann Forest1",NA
416,33.5778076342042,1.363,1,17.0876712799072,20162.2292009034,0,15.7128629684448,21.3611320397921,0.305930078029633,1115.25,-1.99630329675645,0,"Hofmann Forest","Hofmann Forest","Hofmann Forest1",NA
417,33.5778076342042,1.56,0,17.0495643615723,427.343869196763,0,14.3633728027344,15.0986465322925,0.377162575721741,285.4,0.56445597479834,0,"Hofmann Forest","Hofmann Forest","Hofmann Forest1",NA
418,33.5778076342042,1.363,1,16.7999992370605,24175.7902287721,0,16.8365898132324,18.1217607901781,0.412122040987015,1115.25,-1.99630329675645,0,"Hofmann Forest","Hofmann Forest","Hofmann Forest1",NA
419,33.5778076342042,1.363,1,16.9854602813721,24175.7902287721,0,16.4503421783447,14.4144815575905,0.423747152090073,1115.25,-1.99630329675645,0,"Hofmann Forest","Hofmann Forest","Hofmann Forest1",NA
420,33.5778076342042,1.363,1,16.8999996185303,24175.7902287721,0,16.4096870422363,16.6839924354161,0.427375972270966,1115.25,-1.99630329675645,0,"Hofmann Forest","Hofmann Forest","Hofmann Forest1",NA
421,33.5778076342042,1.363,1,16.8999977111816,24175.7902287721,0,15.7013301849365,15.5849738955434,0.435398668050766,1115.25,-1.99630329675645,0,"Hofmann Forest","Hofmann Forest","Hofmann Forest1",NA
422,33.5778076342042,1.363,1,16.991626739502,24175.7902287721,0,16.5310592651367,14.8939138311254,0.424994796514511,1115.25,-1.99630329675645,0,"Hofmann Forest","Hofmann Forest","Hofmann Forest1",NA
423,33.5778076342042,1.44684210526316,1,16.8740997314453,23649.0384122518,0,16.8028659820557,24.3239462638762,0.43800351023674,1115.25,-1.99630329675645,0,"Hofmann Forest","Hofmann Forest","Hofmann Forest1",NA
424,33.5778076342042,1.363,1,16.8999996185303,24175.7902287721,0,15.4193983078003,17.5504639068571,0.396077513694763,1115.25,-1.99630329675645,0,"Hofmann Forest","Hofmann Forest","Hofmann Forest1",NA
425,33.5778076342042,1.363,1,16.9251708984375,20162.2292009034,0,15.9129867553711,21.5893013342391,0.279774487018585,1115.25,-1.99630329675645,0,"Hofmann Forest","Hofmann Forest","Hofmann Forest1",NA
426,33.5778076342042,1.363,1,16.8223972320557,20162.2292009034,0,16.7952785491943,24.2244436164,0.433704197406769,1115.25,-1.99630329675645,0,"Hofmann Forest","Hofmann Forest","Hofmann Forest1",NA
427,33.5778076342042,1.363,1,16.8999996185303,24175.7902287721,0,16.3945331573486,14.711159920048,0.417393624782562,1115.25,-1.99630329675645,0,"Hofmann Forest","Hofmann Forest","Hofmann Forest1",NA
428,33.5778076342042,1.363,1,17.0095539093018,24175.7902287721,0,15.5152101516724,12.3193488177584,0.419125825166702,285.4,0.56445597479834,0,"Hofmann Forest","Hofmann Forest","Hofmann Forest1",NA
429,33.5778076342042,1.363,1,16.9850902557373,24175.7902287721,0,15.0140619277954,16.1397635614415,0.395008862018585,1115.25,-1.99630329675645,0,"Hofmann Forest","Hofmann Forest","Hofmann Forest1",NA
430,33.5778076342042,1.394375,1,17.1852722167969,36409.5581835947,0,15.6357002258301,12.3538155437645,0.38062572479248,285.4,0.56445597479834,0,"Hofmann Forest","Hofmann Forest","Hofmann Forest1",NA
431,33.5778076342042,1.363,1,17,24175.7902287721,0,15.9899129867554,11.9637605674776,0.401301622390747,285.4,0.56445597479834,0,"Hofmann Forest","Hofmann Forest","Hofmann Forest1",NA
432,33.5778076342042,1.363,1,17.1532096862793,24175.7902287721,0,15.9089012145996,13.0827195794166,0.375663846731186,1115.25,-1.99630329675645,0,"Hofmann Forest","Hofmann Forest","Hofmann Forest1",NA
433,33.5778076342042,1.363,1,16.7999992370605,20162.2292009034,0,16.6315498352051,24.1203848986207,0.417990267276764,1115.25,-1.99630329675645,0,"Hofmann Forest","Hofmann Forest","Hofmann Forest1",NA
434,33.5778076342042,1.363,1,17,24175.7902287721,0,15.7234735488892,13.2991426969288,0.410905361175537,285.4,0.56445597479834,0,"Hofmann Forest","Hofmann Forest","Hofmann Forest1",NA
435,33.5778076342042,1.363,1,17,24175.7902287721,0,16.0575408935547,19.3776642020591,0.361575335264206,1115.25,-1.99630329675645,0,"Hofmann Forest","Hofmann Forest","Hofmann Forest1",NA
436,33.5778076342042,1.363,1,16.7881259918213,44338.0194296756,0,17.1357975006104,20.6018931660042,0.425002753734589,1115.25,-1.99630329675645,0,"Hofmann Forest","Hofmann Forest","Hofmann Forest1",NA
437,33.5778076342042,1.54173913043478,1,17.3225212097168,12389.2200588296,0,14.5893087387085,10.8567532915111,0.387171298265457,285.4,0.56445597479834,0,"Hofmann Forest","Hofmann Forest","Hofmann Forest1",NA
438,33.5778076342042,1.363,1,17.0075283050537,24175.7902287721,0,15.8463611602783,11.9358879620373,0.401072025299072,285.4,0.56445597479834,0,"Hofmann Forest","Hofmann Forest","Hofmann Forest1",NA
439,33.5778076342042,1.363,1,16.8999996185303,24175.7902287721,0,15.5393257141113,15.3472337233361,0.431338220834732,1115.25,-1.99630329675645,0,"Hofmann Forest","Hofmann Forest","Hofmann Forest1",NA
440,33.5778076342042,1.363,1,16.8004150390625,24175.7902287721,0,17.7308368682861,20.2932076305766,0.417790979146957,1115.25,-1.99630329675645,0,"Hofmann Forest","Hofmann Forest","Hofmann Forest1",NA
441,33.5778076342042,1.41307692307692,1,17.0157432556152,24573.5341335022,0,14.4342451095581,14.8228218087363,0.416040152311325,285.4,0.56445597479834,0,"Hofmann Forest","Hofmann Forest","Hofmann Forest1",NA
442,33.5778076342042,1.363,1,17.1242065429688,24175.7902287721,0,15.3512592315674,10.3571740070074,0.407214492559433,285.4,0.56445597479834,0,"Hofmann Forest","Hofmann Forest","Hofmann Forest1",NA
443,33.5778076342042,1.363,1,16.9904975891113,24175.7902287721,0,15.7016220092773,13.9071703890204,0.402343302965164,285.4,0.56445597479834,0,"Hofmann Forest","Hofmann Forest","Hofmann Forest1",NA
444,33.5778076342042,1.59552631578947,0,17.3999996185303,1896.84178491175,0,15.7977447509766,13.0387958009492,0.360901862382889,1115.25,-1.99630329675645,0,"Hofmann Forest","Hofmann Forest","Hofmann Forest1",NA
445,33.5778076342042,1.59270833333333,0,17.4454975128174,2591.34188292474,0,15.5040836334229,12.726580472165,0.372222274541855,1115.25,-1.99630329675645,0,"Hofmann Forest","Hofmann Forest","Hofmann Forest1",NA
446,33.5778076342042,1.54173913043478,1,17.4390735626221,13420.4730730855,0,15.5101470947266,10.3665212564505,0.363722026348114,285.4,0.56445597479834,0,"Hofmann Forest","Hofmann Forest","Hofmann Forest1",NA
447,33.5778076342042,1.5676,0,17.3068675994873,4806.26474732604,0,13.8234462738037,14.3685322741835,0.394235134124756,1115.25,-1.99630329675645,0,"Hofmann Forest","Hofmann Forest","Hofmann Forest1",NA
448,33.5778076342042,1.363,1,16.9927539825439,24175.7902287721,0,15.209584236145,15.7809562854703,0.416294932365417,1115.25,-1.99630329675645,0,"Hofmann Forest","Hofmann Forest","Hofmann Forest1",NA
449,33.5778076342042,1.363,1,16.8669662475586,24175.7902287721,0,16.8085041046143,17.9011190773995,0.406547576189041,1115.25,-1.99630329675645,0,"Hofmann Forest","Hofmann Forest","Hofmann Forest1",NA
450,33.5778076342042,1.363,1,16.8999996185303,20162.2292009034,0,15.6417369842529,20.8786406898141,0.397321403026581,1115.25,-1.99630329675645,0,"Hofmann Forest","Hofmann Forest","Hofmann Forest1",NA
451,33.5778076342042,1.363,1,16.9877529144287,24175.7902287721,0,16.211971282959,19.1547481298083,0.37956440448761,1115.25,-1.99630329675645,0,"Hofmann Forest","Hofmann Forest","Hofmann Forest1",NA
452,33.5778076342042,1.394375,1,17.1000003814697,36409.5581835947,0,16.0299110412598,11.7672782879451,0.391297221183777,285.4,0.56445597479834,0,"Hofmann Forest","Hofmann Forest","Hofmann Forest1",NA
453,33.5778076342042,1.363,1,16.746940612793,24175.7902287721,0,17.3245716094971,20.7682582247331,0.43529936671257,1115.25,-1.99630329675645,0,"Hofmann Forest","Hofmann Forest","Hofmann Forest1",NA
454,33.5778076342042,1.363,1,17.0325012207031,24175.7902287721,0,14.125054359436,14.7756607129604,0.402346640825272,285.4,0.56445597479834,0,"Hofmann Forest","Hofmann Forest","Hofmann Forest1",NA
455,33.5778076342042,1.363,1,16.9137172698975,24175.7902287721,0,15.739239692688,18.313556827345,0.389981299638748,1115.25,-1.99630329675645,0,"Hofmann Forest","Hofmann Forest","Hofmann Forest1",NA
456,33.5778076342042,1.363,1,16.8480377197266,24175.7902287721,0,16.9069290161133,19.3605754284916,0.39786171913147,1115.25,-1.99630329675645,0,"Hofmann Forest","Hofmann Forest","Hofmann Forest1",NA
457,33.5778076342042,1.363,1,17,24175.7902287721,0,15.5210552215576,14.1247548078378,0.398096770048141,285.4,0.56445597479834,0,"Hofmann Forest","Hofmann Forest","Hofmann Forest1",NA
458,33.5778076342042,1.394375,1,17,24490.0857646151,0,14.6077375411987,16.7859812059997,0.384310036897659,1115.25,-1.99630329675645,0,"Hofmann Forest","Hofmann Forest","Hofmann Forest1",NA
459,33.5778076342042,1.394375,1,17.2170276641846,36409.5581835947,0,15.3678045272827,10.0535819725964,0.426188319921494,285.4,0.56445597479834,0,"Hofmann Forest","Hofmann Forest","Hofmann Forest1",NA
460,33.5778076342042,1.363,1,17,24175.7902287721,0,13.6778192520142,16.0372708207385,0.423281282186508,285.4,0.56445597479834,0,"Hofmann Forest","Hofmann Forest","Hofmann Forest1",NA
461,33.5778076342042,1.363,1,17.0000324249268,24175.7902287721,0,15.7753219604492,11.0686377096345,0.412434130907059,285.4,0.56445597479834,0,"Hofmann Forest","Hofmann Forest","Hofmann Forest1",NA
462,33.5778076342042,1.444375,1,16.9490356445312,23795.0596409442,0,16.7689437866211,22.6846851020657,0.413794726133347,1115.25,-1.99630329675645,0,"Hofmann Forest","Hofmann Forest","Hofmann Forest1",NA
463,33.5778076342042,1.394375,1,17.14479637146,36409.5581835947,0,15.5598592758179,12.4715324469991,0.35402375459671,1115.25,-1.99630329675645,0,"Hofmann Forest","Hofmann Forest","Hofmann Forest1",NA
464,33.5778076342042,1.363,1,16.7999992370605,24175.7902287721,0,17.4845390319824,21.3580072455107,0.431256890296936,1115.25,-1.99630329675645,0,"Hofmann Forest","Hofmann Forest","Hofmann Forest1",NA
465,33.5778076342042,1.363,1,16.8049335479736,24175.7902287721,0,17.0011672973633,19.0487783267528,0.437594443559647,1115.25,-1.99630329675645,0,"Hofmann Forest","Hofmann Forest","Hofmann Forest1",NA
466,33.5778076342042,1.363,1,16.8999996185303,24175.7902287721,0,16.2756843566895,18.4943968585696,0.425632685422897,1115.25,-1.99630329675645,0,"Hofmann Forest","Hofmann Forest","Hofmann Forest1",NA
467,33.5778076342042,1.41307692307692,1,16.8999996185303,24186.578512045,0,15.4784727096558,15.7895040281201,0.427171021699905,1115.25,-1.99630329675645,0,"Hofmann Forest","Hofmann Forest","Hofmann Forest1",NA
468,33.5778076342042,1.363,1,16.8999996185303,24175.7902287721,0,16.465877532959,14.426116845174,0.411777466535568,1115.25,-1.99630329675645,0,"Hofmann Forest","Hofmann Forest","Hofmann Forest1",NA
469,33.5778076342042,1.42133333333333,1,16.8779277801514,25579.7624608766,0,16.3933715820312,23.9413003002954,0.392273813486099,1115.25,-1.99630329675645,0,"Hofmann Forest","Hofmann Forest","Hofmann Forest1",NA
470,33.5778076342042,1.363,1,17.1000022888184,24175.7902287721,0,15.9491577148438,11.5679609460327,0.398718327283859,285.4,0.56445597479834,0,"Hofmann Forest","Hofmann Forest","Hofmann Forest1",NA
471,33.5778076342042,1.363,1,17.0288982391357,24175.7902287721,0,15.9889001846313,14.5382025729823,0.424077361822128,1115.25,-1.99630329675645,0,"Hofmann Forest","Hofmann Forest","Hofmann Forest1",NA
472,33.5778076342042,1.363,1,16.7000007629395,20162.2292009034,0,17.3145027160645,23.0334913277978,0.418218702077866,1115.25,-1.99630329675645,0,"Hofmann Forest","Hofmann Forest","Hofmann Forest1",NA
473,33.5778076342042,1.363,1,16.8362445831299,20162.2292009034,0,16.5410194396973,22.5558704962301,0.414612799882889,1115.25,-1.99630329675645,0,"Hofmann Forest","Hofmann Forest","Hofmann Forest1",NA
474,33.5778076342042,1.363,1,16.8695049285889,24175.7902287721,0,16.6704502105713,15.8571485620241,0.425907343626022,1115.25,-1.99630329675645,0,"Hofmann Forest","Hofmann Forest","Hofmann Forest1",NA
475,33.5778076342042,1.363,1,17.1065731048584,24175.7902287721,0,13.4148044586182,13.5462839384718,0.392325401306152,285.4,0.56445597479834,0,"Hofmann Forest","Hofmann Forest","Hofmann Forest1",NA
476,33.5778076342042,1.363,1,16.8081378936768,24175.7902287721,0,16.955961227417,18.6077998845971,0.444601029157639,1115.25,-1.99630329675645,0,"Hofmann Forest","Hofmann Forest","Hofmann Forest1",NA
477,33.5778076342042,1.58463768115942,0,17.1707458496094,5571.83988375805,0,14.0125923156738,16.8065630127477,0.440598547458649,1115.25,-1.99630329675645,0,"Hofmann Forest","Hofmann Forest","Hofmann Forest1",NA
478,33.5778076342042,1.363,1,17,24175.7902287721,0,15.6766996383667,13.6147577800727,0.418053895235062,285.4,0.56445597479834,0,"Hofmann Forest","Hofmann Forest","Hofmann Forest1",NA
479,33.5778076342042,1.363,1,16.7000007629395,20162.2292009034,0,17.403226852417,22.4020686937885,0.416604459285736,1115.25,-1.99630329675645,0,"Hofmann Forest","Hofmann Forest","Hofmann Forest1",NA
480,33.5778076342042,1.41307692307692,1,16.8976516723633,25318.142857925,0,16.8626384735107,18.3311936647244,0.404530048370361,1115.25,-1.99630329675645,0,"Hofmann Forest","Hofmann Forest","Hofmann Forest1",NA
481,33.5778076342042,1.41307692307692,1,16.9706954956055,24210.7472824489,0,15.1681327819824,16.4286272891002,0.391094416379929,1115.25,-1.99630329675645,0,"Hofmann Forest","Hofmann Forest","Hofmann Forest1",NA
482,33.5778076342042,1.363,1,17,24175.7902287721,0,16.2949676513672,12.6015410297775,0.41439938545227,285.4,0.56445597479834,0,"Hofmann Forest","Hofmann Forest","Hofmann Forest1",NA
483,33.5778076342042,1.505,1,17.06667137146,25757.0463137965,0,16.0313262939453,17.1894788022044,0.361062258481979,1115.25,-1.99630329675645,0,"Hofmann Forest","Hofmann Forest","Hofmann Forest1",NA
484,33.5778076342042,1.363,1,16.9971141815186,24175.7902287721,0,16.032585144043,13.8547812935522,0.422178447246552,1115.25,-1.99630329675645,0,"Hofmann Forest","Hofmann Forest","Hofmann Forest1",NA
485,33.5778076342042,1.54173913043478,1,17.3000946044922,13420.4730730855,0,15.0821304321289,11.6452814703286,0.390678763389587,285.4,0.56445597479834,0,"Hofmann Forest","Hofmann Forest","Hofmann Forest1",NA
486,33.5778076342042,1.363,1,16.7679309844971,20162.2292009034,0,17.4758586883545,21.4167919222786,0.400707751512527,1115.25,-1.99630329675645,0,"Hofmann Forest","Hofmann Forest","Hofmann Forest1",NA
487,33.5778076342042,1.363,1,17.0524024963379,24175.7902287721,0,14.0116033554077,14.7973363707672,0.40104016661644,285.4,0.56445597479834,0,"Hofmann Forest","Hofmann Forest","Hofmann Forest1",NA
488,33.5778076342042,1.363,1,17.0000019073486,24175.7902287721,0,16.2998466491699,12.8922069068452,0.416118741035461,285.4,0.56445597479834,0,"Hofmann Forest","Hofmann Forest","Hofmann Forest1",NA
489,33.5778076342042,1.363,1,16.8999996185303,20162.2292009034,0,15.8407602310181,20.5400103489605,0.433736801147461,1115.25,-1.99630329675645,0,"Hofmann Forest","Hofmann Forest","Hofmann Forest1",NA
490,33.5778076342042,1.363,1,17,24175.7902287721,0,15.8283939361572,13.011627339991,0.414170682430267,285.4,0.56445597479834,0,"Hofmann Forest","Hofmann Forest","Hofmann Forest1",NA
491,33.5778076342042,1.363,1,17,24175.7902287721,0,16.4084796905518,13.9466783234418,0.421802282333374,1115.25,-1.99630329675645,0,"Hofmann Forest","Hofmann Forest","Hofmann Forest1",NA
492,33.5778076342042,1.363,1,16.970911026001,24175.7902287721,0,15.8208990097046,14.4187675976116,0.419989556074142,285.4,0.56445597479834,0,"Hofmann Forest","Hofmann Forest","Hofmann Forest1",NA
493,33.5778076342042,1.363,1,16.8921070098877,24175.7902287721,0,16.7142581939697,15.869427769525,0.425439774990082,1115.25,-1.99630329675645,0,"Hofmann Forest","Hofmann Forest","Hofmann Forest1",NA
494,33.5778076342042,1.41307692307692,1,17.206823348999,24800.7931481693,0,15.5539817810059,14.8364382718562,0.30516529083252,1115.25,-1.99630329675645,0,"Hofmann Forest","Hofmann Forest","Hofmann Forest1",NA
495,33.5778076342042,1.41307692307692,1,17.1962852478027,24800.7931481693,0,15.521143913269,13.6450070870918,0.356446385383606,1115.25,-1.99630329675645,0,"Hofmann Forest","Hofmann Forest","Hofmann Forest1",NA
496,33.5778076342042,1.363,1,17,24175.7902287721,0,15.8094024658203,13.6014627732793,0.41021528840065,285.4,0.56445597479834,0,"Hofmann Forest","Hofmann Forest","Hofmann Forest1",NA
497,33.5778076342042,1.363,1,17.1373271942139,24175.7902287721,0,15.4616565704346,10.6867205790759,0.41544958949089,285.4,0.56445597479834,0,"Hofmann Forest","Hofmann Forest","Hofmann Forest1",NA
498,33.5778076342042,1.394375,1,17.1924896240234,36409.5581835947,0,15.70032787323,12.2231333374516,0.371906816959381,285.4,0.56445597479834,0,"Hofmann Forest","Hofmann Forest","Hofmann Forest1",NA
499,33.5778076342042,1.363,1,16.7000007629395,24175.7902287721,0,17.3491592407227,21.0008564753423,0.431575000286102,1115.25,-1.99630329675645,0,"Hofmann Forest","Hofmann Forest","Hofmann Forest1",NA
500,33.5778076342042,1.363,1,16.9114685058594,24175.7902287721,0,15.4504289627075,17.1954593875127,0.443397372961044,1115.25,-1.99630329675645,0,"Hofmann Forest","Hofmann Forest","Hofmann Forest1",NA
501,33.5778076342042,1.41307692307692,1,16.8012599945068,24256.6365422887,0,16.7558078765869,19.4380860974703,0.414523422718048,1115.25,-1.99630329675645,0,"Hofmann Forest","Hofmann Forest","Hofmann Forest1",NA
502,33.5778076342042,1.363,1,17,24175.7902287721,0,16.338191986084,14.8992503349718,0.422474086284637,1115.25,-1.99630329675645,0,"Hofmann Forest","Hofmann Forest","Hofmann Forest1",NA
503,33.5778076342042,1.363,1,16.9034080505371,44338.0194296756,0,16.109203338623,19.9838866649947,0.402879267930984,1115.25,-1.99630329675645,0,"Hofmann Forest","Hofmann Forest","Hofmann Forest1",NA
504,33.5778076342042,1.44666666666667,1,17.2999992370605,12233.7679548225,0,15.2079010009766,9.82219812871284,0.416370153427124,285.4,0.56445597479834,0,"Hofmann Forest","Hofmann Forest","Hofmann Forest1",NA
505,33.5778076342042,1.56904761904762,0,17.1988658905029,4928.75395862977,0,14.2032852172852,16.0031821054207,0.426696717739105,1115.25,-1.99630329675645,0,"Hofmann Forest","Hofmann Forest","Hofmann Forest1",NA
506,33.5778076342042,1.363,1,16.803731918335,24175.7902287721,0,16.5958271026611,19.2265730577415,0.40258526802063,1115.25,-1.99630329675645,0,"Hofmann Forest","Hofmann Forest","Hofmann Forest1",NA
507,33.5778076342042,1.363,1,16.8999996185303,24175.7902287721,0,16.6641292572021,15.4813654079289,0.41939440369606,1115.25,-1.99630329675645,0,"Hofmann Forest","Hofmann Forest","Hofmann Forest1",NA
508,33.5778076342042,1.363,1,17,24175.7902287721,0,16.0304412841797,12.1042455738764,0.418402910232544,285.4,0.56445597479834,0,"Hofmann Forest","Hofmann Forest","Hofmann Forest1",NA
509,33.5778076342042,1.58,0,17.0727710723877,1142.35262915283,0,16.2627563476562,18.3329998960467,0.396078735589981,1115.25,-1.99630329675645,0,"Hofmann Forest","Hofmann Forest","Hofmann Forest1",NA
510,33.5778076342042,1.363,1,16.7815475463867,24175.7902287721,0,17.3699970245361,21.7234513743084,0.423499643802643,1115.25,-1.99630329675645,0,"Hofmann Forest","Hofmann Forest","Hofmann Forest1",NA
511,33.5778076342042,1.363,1,17.1000003814697,24175.7902287721,0,15.4003391265869,10.6240751303506,0.408856391906738,285.4,0.56445597479834,0,"Hofmann Forest","Hofmann Forest","Hofmann Forest1",NA
512,33.5778076342042,1.363,1,17,24175.7902287721,0,16.321325302124,21.9603097068545,0.416090130805969,1115.25,-1.99630329675645,0,"Hofmann Forest","Hofmann Forest","Hofmann Forest1",NA
513,33.5778076342042,1.363,1,16.7000007629395,20162.2292009034,0,17.4058818817139,21.8055541799013,0.431045770645142,1115.25,-1.99630329675645,0,"Hofmann Forest","Hofmann Forest","Hofmann Forest1",NA
514,33.5778076342042,1.363,1,17,24175.7902287721,0,16.4314746856689,14.382023614078,0.421126544475555,1115.25,-1.99630329675645,0,"Hofmann Forest","Hofmann Forest","Hofmann Forest1",NA
515,33.5778076342042,1.363,1,17.0996055603027,20162.2292009034,0,15.5481958389282,21.7536554844848,0.432013422250748,1115.25,-1.99630329675645,0,"Hofmann Forest","Hofmann Forest","Hofmann Forest1",NA
516,33.5778076342042,1.363,1,17,24175.7902287721,0,15.9528474807739,11.5585610594477,0.420244574546814,285.4,0.56445597479834,0,"Hofmann Forest","Hofmann Forest","Hofmann Forest1",NA
517,33.5778076342042,1.363,1,16.7999992370605,20162.2292009034,0,16.9242267608643,23.1409331797441,0.38282984495163,1115.25,-1.99630329675645,0,"Hofmann Forest","Hofmann Forest","Hofmann Forest1",NA
518,33.5778076342042,1.42368421052632,1,17.1349201202393,25046.8659676139,0,15.2710037231445,15.116655830529,0.389615416526794,1115.25,-1.99630329675645,0,"Hofmann Forest","Hofmann Forest","Hofmann Forest1",NA
519,33.5778076342042,1.45055555555556,1,17.1108493804932,24603.1340979689,0,14.0545053482056,15.5055207408501,0.404039263725281,285.4,0.56445597479834,0,"Hofmann Forest","Hofmann Forest","Hofmann Forest1",NA
520,33.5778076342042,1.59355555555556,0,17.4981536865234,1966.33896352762,0,15.8604927062988,12.7586362147937,0.419152230024338,1115.25,-1.99630329675645,0,"Hofmann Forest","Hofmann Forest","Hofmann Forest1",NA
521,33.5778076342042,1.363,1,16.7000007629395,20162.2292009034,0,17.5599479675293,22.2828102338745,0.42707484960556,1115.25,-1.99630329675645,0,"Hofmann Forest","Hofmann Forest","Hofmann Forest1",NA
522,33.5778076342042,1.363,1,17,24175.7902287721,0,16.3616886138916,13.6470000209956,0.417558163404465,1115.25,-1.99630329675645,0,"Hofmann Forest","Hofmann Forest","Hofmann Forest1",NA
523,33.5778076342042,1.44666666666667,1,17.2999992370605,12233.7679548225,0,15.1797542572021,9.88928883509966,0.403953790664673,285.4,0.56445597479834,0,"Hofmann Forest","Hofmann Forest","Hofmann Forest1",NA
524,33.5778076342042,1.363,1,16.8999977111816,24175.7902287721,0,16.3226375579834,17.8148023966104,0.439882934093475,1115.25,-1.99630329675645,0,"Hofmann Forest","Hofmann Forest","Hofmann Forest1",NA
525,33.5778076342042,1.363,1,16.7999992370605,24175.7902287721,0,16.7684097290039,17.8218982778307,0.406755059957504,1115.25,-1.99630329675645,0,"Hofmann Forest","Hofmann Forest","Hofmann Forest1",NA
526,33.5778076342042,1.363,1,16.8312950134277,24175.7902287721,0,17.5788021087646,20.5805437663891,0.42271089553833,1115.25,-1.99630329675645,0,"Hofmann Forest","Hofmann Forest","Hofmann Forest1",NA
527,33.5778076342042,1.50857142857143,1,17.1772022247314,30078.8076008881,0,15.0837535858154,15.1632709818092,0.362486958503723,1115.25,-1.99630329675645,0,"Hofmann Forest","Hofmann Forest","Hofmann Forest1",NA
528,33.5778076342042,1.363,1,16.8999996185303,24175.7902287721,0,15.7813730239868,15.7531109408953,0.423246443271637,1115.25,-1.99630329675645,0,"Hofmann Forest","Hofmann Forest","Hofmann Forest1",NA
529,33.5778076342042,1.363,1,17.202054977417,24175.7902287721,0,14.8924398422241,11.8650187978125,0.294838100671768,285.4,0.56445597479834,0,"Hofmann Forest","Hofmann Forest","Hofmann Forest1",NA
530,33.5778076342042,1.363,1,16.8999996185303,24175.7902287721,0,16.5553588867188,17.2425437915884,0.431386917829514,1115.25,-1.99630329675645,0,"Hofmann Forest","Hofmann Forest","Hofmann Forest1",NA
531,33.5778076342042,1.576,0,16.9942989349365,1581.25608502438,0,16.2798385620117,18.2096463677528,0.377801656723022,1115.25,-1.99630329675645,0,"Hofmann Forest","Hofmann Forest","Hofmann Forest1",NA
532,33.5778076342042,1.44142857142857,1,16.9600067138672,25591.2480366652,0,16.2732620239258,16.3225401178024,0.427189618349075,1115.25,-1.99630329675645,0,"Hofmann Forest","Hofmann Forest","Hofmann Forest1",NA
533,33.5778076342042,1.575,1,17.3101787567139,14346.2708772137,0,15.2611131668091,10.0871811817349,0.4149369597435,285.4,0.56445597479834,0,"Hofmann Forest","Hofmann Forest","Hofmann Forest1",NA
534,33.5778076342042,1.363,1,17.0025234222412,24175.7902287721,0,15.203537940979,12.8086894785608,0.397034049034119,285.4,0.56445597479834,0,"Hofmann Forest","Hofmann Forest","Hofmann Forest1",NA
535,33.5778076342042,1.363,1,16.8999996185303,24175.7902287721,0,16.6160945892334,15.9235011972972,0.413240611553192,1115.25,-1.99630329675645,0,"Hofmann Forest","Hofmann Forest","Hofmann Forest1",NA
536,33.5778076342042,1.363,1,17,24175.7902287721,0,15.3956985473633,17.1081264614722,0.422899842262268,1115.25,-1.99630329675645,0,"Hofmann Forest","Hofmann Forest","Hofmann Forest1",NA
537,33.5778076342042,1.363,1,17.1000003814697,24175.7902287721,0,15.8872051239014,11.2331730795953,0.406534254550934,285.4,0.56445597479834,0,"Hofmann Forest","Hofmann Forest","Hofmann Forest1",NA
538,33.5778076342042,1.41307692307692,1,16.8999996185303,24500.9556909948,0,16.7374687194824,21.5160464561778,0.388167291879654,1115.25,-1.99630329675645,0,"Hofmann Forest","Hofmann Forest","Hofmann Forest1",NA
539,33.5778076342042,1.363,1,16.8999996185303,24175.7902287721,0,16.378137588501,15.9173556107661,0.413085430860519,1115.25,-1.99630329675645,0,"Hofmann Forest","Hofmann Forest","Hofmann Forest1",NA
540,33.5778076342042,1.363,1,16.7999992370605,24175.7902287721,0,17.6563663482666,20.8542396782444,0.437019199132919,1115.25,-1.99630329675645,0,"Hofmann Forest","Hofmann Forest","Hofmann Forest1",NA
541,33.5778076342042,1.363,1,16.7999992370605,24175.7902287721,0,16.7011127471924,16.5094013530999,0.431105494499207,1115.25,-1.99630329675645,0,"Hofmann Forest","Hofmann Forest","Hofmann Forest1",NA
542,33.5778076342042,1.41307692307692,1,16.8999996185303,24186.578512045,0,15.660740852356,15.6017715941337,0.434410154819489,1115.25,-1.99630329675645,0,"Hofmann Forest","Hofmann Forest","Hofmann Forest1",NA
543,33.5778076342042,1.363,1,16.919563293457,24175.7902287721,0,16.5809268951416,14.7096229792251,0.409623146057129,1115.25,-1.99630329675645,0,"Hofmann Forest","Hofmann Forest","Hofmann Forest1",NA
544,33.5778076342042,1.363,1,17.0000019073486,24175.7902287721,0,15.4269514083862,18.3022817156089,0.424404501914978,1115.25,-1.99630329675645,0,"Hofmann Forest","Hofmann Forest","Hofmann Forest1",NA
545,33.5778076342042,1.363,1,16.8999996185303,24175.7902287721,0,16.759521484375,20.2513659618258,0.410726189613342,1115.25,-1.99630329675645,0,"Hofmann Forest","Hofmann Forest","Hofmann Forest1",NA
546,33.5778076342042,1.363,1,17.0000019073486,24175.7902287721,0,16.0277366638184,13.6665713028092,0.417101562023163,285.4,0.56445597479834,0,"Hofmann Forest","Hofmann Forest","Hofmann Forest1",NA
547,33.5778076342042,1.363,1,17.1000003814697,24175.7902287721,0,13.9701585769653,14.5246909265648,0.382981926202774,285.4,0.56445597479834,0,"Hofmann Forest","Hofmann Forest","Hofmann Forest1",NA
548,33.5778076342042,1.363,1,17,24175.7902287721,0,15.0563831329346,13.0882051949987,0.392010450363159,285.4,0.56445597479834,0,"Hofmann Forest","Hofmann Forest","Hofmann Forest1",NA
549,33.5778076342042,1.57777777777778,0,17.3999996185303,1210.89113663531,0,15.8286981582642,13.2986025650053,0.37864887714386,1115.25,-1.99630329675645,0,"Hofmann Forest","Hofmann Forest","Hofmann Forest1",NA
550,33.5778076342042,1.363,1,16.9475612640381,24175.7902287721,0,16.6802501678467,15.1674707516001,0.434389233589172,1115.25,-1.99630329675645,0,"Hofmann Forest","Hofmann Forest","Hofmann Forest1",NA
551,33.5778076342042,1.363,1,16.8720054626465,24175.7902287721,0,17.0621528625488,20.0293972185721,0.41749370098114,1115.25,-1.99630329675645,0,"Hofmann Forest","Hofmann Forest","Hofmann Forest1",NA
552,33.5778076342042,1.363,1,17,24175.7902287721,0,15.908106803894,12.6111998619431,0.403300851583481,285.4,0.56445597479834,0,"Hofmann Forest","Hofmann Forest","Hofmann Forest1",NA
553,33.5778076342042,1.363,1,16.9401969909668,24175.7902287721,0,15.8655090332031,15.2038073868799,0.443354219198227,1115.25,-1.99630329675645,0,"Hofmann Forest","Hofmann Forest","Hofmann Forest1",NA
554,33.5778076342042,1.363,1,16.9604721069336,24175.7902287721,0,15.3282403945923,18.06159885691,0.397451251745224,1115.25,-1.99630329675645,0,"Hofmann Forest","Hofmann Forest","Hofmann Forest1",NA
555,33.5778076342042,1.57487804878049,1,17.2999992370605,14113.2900048214,0,14.866340637207,11.6481327383417,0.400102555751801,285.4,0.56445597479834,0,"Hofmann Forest","Hofmann Forest","Hofmann Forest1",NA
556,33.5778076342042,1.44666666666667,1,17.2750015258789,12233.7679548225,0,15.254298210144,9.71623224196079,0.439977884292603,285.4,0.56445597479834,0,"Hofmann Forest","Hofmann Forest","Hofmann Forest1",NA
557,33.5778076342042,1.363,1,16.8296585083008,24175.7902287721,0,17.2685165405273,19.6298033266407,0.43192121386528,1115.25,-1.99630329675645,0,"Hofmann Forest","Hofmann Forest","Hofmann Forest1",NA
558,33.5778076342042,1.363,1,16.8829765319824,44338.0194296756,0,16.8268260955811,20.4327142914259,0.382877945899963,1115.25,-1.99630329675645,0,"Hofmann Forest","Hofmann Forest","Hofmann Forest1",NA
559,33.5778076342042,1.421875,1,16.7999992370605,20341.3734344337,0,16.6172771453857,23.9537981795649,0.405645072460175,1115.25,-1.99630329675645,0,"Hofmann Forest","Hofmann Forest","Hofmann Forest1",NA
560,33.5778076342042,1.576,0,17.0013465881348,1581.25608502438,0,16.3464756011963,18.7937402414784,0.415255576372147,1115.25,-1.99630329675645,0,"Hofmann Forest","Hofmann Forest","Hofmann Forest1",NA
561,33.5778076342042,1.363,1,16.8999996185303,44338.0194296756,0,16.3686618804932,20.1194896906077,0.413738369941711,1115.25,-1.99630329675645,0,"Hofmann Forest","Hofmann Forest","Hofmann Forest1",NA
562,33.5778076342042,1.394375,1,17.1002731323242,24421.8630482167,0,15.5999507904053,14.5972042442294,0.371426165103912,1115.25,-1.99630329675645,0,"Hofmann Forest","Hofmann Forest","Hofmann Forest1",NA
563,33.5778076342042,1.41307692307692,1,16.8999996185303,24186.578512045,0,15.4703731536865,16.1402350367041,0.420711189508438,1115.25,-1.99630329675645,0,"Hofmann Forest","Hofmann Forest","Hofmann Forest1",NA
564,33.5778076342042,1.363,1,17,24175.7902287721,0,15.1944046020508,17.7267658580324,0.397828221321106,1115.25,-1.99630329675645,0,"Hofmann Forest","Hofmann Forest","Hofmann Forest1",NA
565,33.5778076342042,1.363,1,17,24175.7902287721,0,14.3483419418335,14.3810730820228,0.386849224567413,285.4,0.56445597479834,0,"Hofmann Forest","Hofmann Forest","Hofmann Forest1",NA
566,33.5778076342042,1.59685714285714,0,17.4000015258789,1879.52204999885,0,14.5998773574829,10.8099234526911,0.422701269388199,285.4,0.56445597479834,0,"Hofmann Forest","Hofmann Forest","Hofmann Forest1",NA
567,33.5778076342042,1.363,1,16.7346057891846,20162.2292009034,0,16.6183223724365,21.6775616697965,0.428071975708008,1115.25,-1.99630329675645,0,"Hofmann Forest","Hofmann Forest","Hofmann Forest1",NA
568,33.5778076342042,1.394375,1,17.1613388061523,36409.5581835947,0,15.2938709259033,10.4948724603809,0.401129215955734,285.4,0.56445597479834,0,"Hofmann Forest","Hofmann Forest","Hofmann Forest1",NA
569,33.5778076342042,1.53888888888889,0,16.9733409881592,5454.85182758219,0,16.267894744873,23.6711067333714,0.402867317199707,1115.25,-1.99630329675645,0,"Hofmann Forest","Hofmann Forest","Hofmann Forest1",NA
570,33.5778076342042,1.363,1,17,24175.7902287721,0,15.624457359314,11.9885089954657,0.398735731840134,285.4,0.56445597479834,0,"Hofmann Forest","Hofmann Forest","Hofmann Forest1",NA
571,33.5778076342042,1.394375,1,16.9036903381348,24421.8630482167,0,16.5449905395508,16.3110433879432,0.40788722038269,1115.25,-1.99630329675645,0,"Hofmann Forest","Hofmann Forest","Hofmann Forest1",NA
572,33.5778076342042,1.363,1,16.934757232666,24175.7902287721,0,15.995400428772,15.3484127106307,0.424348443746567,1115.25,-1.99630329675645,0,"Hofmann Forest","Hofmann Forest","Hofmann Forest1",NA
573,33.5778076342042,1.44066666666667,1,16.9379863739014,23614.1090736425,0,16.3334045410156,24.5677673697075,0.416286915540695,1115.25,-1.99630329675645,0,"Hofmann Forest","Hofmann Forest","Hofmann Forest1",NA
574,33.5778076342042,1.363,1,16.7999992370605,24175.7902287721,0,17.4633636474609,19.5065721194775,0.415065467357635,1115.25,-1.99630329675645,0,"Hofmann Forest","Hofmann Forest","Hofmann Forest1",NA
575,33.5778076342042,1.363,1,16.8999996185303,24175.7902287721,0,16.1036529541016,17.6827850321176,0.425036936998367,1115.25,-1.99630329675645,0,"Hofmann Forest","Hofmann Forest","Hofmann Forest1",NA
576,33.5778076342042,1.363,1,16.8999996185303,24175.7902287721,0,15.8369951248169,15.854881110126,0.422253638505936,1115.25,-1.99630329675645,0,"Hofmann Forest","Hofmann Forest","Hofmann Forest1",NA
577,33.5778076342042,1.42368421052632,1,17.3999996185303,37034.5611029918,0,15.5468082427979,13.2638100099274,0.307077974081039,1115.25,-1.99630329675645,0,"Hofmann Forest","Hofmann Forest","Hofmann Forest1",NA
578,33.5778076342042,1.48757575757576,1,17.3338146209717,36565.0102876017,0,15.1583023071289,9.98130463083028,0.345076620578766,285.4,0.56445597479834,0,"Hofmann Forest","Hofmann Forest","Hofmann Forest1",NA
579,33.5778076342042,1.363,1,17,24175.7902287721,0,16.0001125335693,11.5651011066119,0.39156636595726,285.4,0.56445597479834,0,"Hofmann Forest","Hofmann Forest","Hofmann Forest1",NA
580,33.5778076342042,1.363,1,16.9104137420654,24175.7902287721,0,16.4099388122559,14.1730088795826,0.417217433452606,285.4,0.56445597479834,0,"Hofmann Forest","Hofmann Forest","Hofmann Forest1",NA
581,33.5778076342042,1.59355555555556,0,17.4744529724121,1966.33896352762,0,14.7216329574585,12.6019013299301,0.392539411783218,1115.25,-1.99630329675645,0,"Hofmann Forest","Hofmann Forest","Hofmann Forest1",NA
582,33.5778076342042,1.363,1,17.0000019073486,24175.7902287721,0,16.3095378875732,12.8378394938486,0.415497750043869,285.4,0.56445597479834,0,"Hofmann Forest","Hofmann Forest","Hofmann Forest1",NA
583,33.5778076342042,1.363,1,17,24175.7902287721,0,15.5873603820801,11.0223609111758,0.390111356973648,285.4,0.56445597479834,0,"Hofmann Forest","Hofmann Forest","Hofmann Forest1",NA
584,33.5778076342042,1.363,1,16.866418838501,24175.7902287721,0,16.8772106170654,16.9998493577579,0.423099488019943,1115.25,-1.99630329675645,0,"Hofmann Forest","Hofmann Forest","Hofmann Forest1",NA
585,33.5778076342042,1.363,1,16.7000007629395,20162.2292009034,0,17.5226402282715,22.2711828625725,0.434719622135162,1115.25,-1.99630329675645,0,"Hofmann Forest","Hofmann Forest","Hofmann Forest1",NA
586,33.5778076342042,1.363,1,17.1000003814697,20162.2292009034,0,15.175440788269,21.7582995933447,0.481753706932068,1115.25,-1.99630329675645,0,"Hofmann Forest","Hofmann Forest","Hofmann Forest1",NA
587,33.5778076342042,1.363,1,17.0149040222168,20162.2292009034,0,15.6464519500732,20.6502816921864,0.459232717752457,1115.25,-1.99630329675645,0,"Hofmann Forest","Hofmann Forest","Hofmann Forest1",NA
588,33.5778076342042,1.363,1,16.8999996185303,20162.2292009034,0,16.4798736572266,21.0632561978271,0.374481499195099,1115.25,-1.99630329675645,0,"Hofmann Forest","Hofmann Forest","Hofmann Forest1",NA
589,33.5778076342042,1.363,1,17,24175.7902287721,0,16.1861019134521,12.8055318516141,0.414037257432938,285.4,0.56445597479834,0,"Hofmann Forest","Hofmann Forest","Hofmann Forest1",NA
590,33.5778076342042,1.54173913043478,1,17.3536682128906,13420.4730730855,0,15.1375074386597,10.974348924863,0.487940490245819,285.4,0.56445597479834,0,"Hofmann Forest","Hofmann Forest","Hofmann Forest1",NA
591,33.5778076342042,1.394375,1,16.9987049102783,24421.8630482167,0,16.2811107635498,15.5474298653164,0.419151306152344,1115.25,-1.99630329675645,0,"Hofmann Forest","Hofmann Forest","Hofmann Forest1",NA
592,33.5778076342042,1.363,1,16.8999996185303,24175.7902287721,0,16.2132663726807,16.3276137919727,0.426779299974442,1115.25,-1.99630329675645,0,"Hofmann Forest","Hofmann Forest","Hofmann Forest1",NA
593,33.5778076342042,1.59355555555556,0,17.3150997161865,2574.02214801184,0,13.6676635742188,10.8400222729868,0.441096663475037,285.4,0.56445597479834,0,"Hofmann Forest","Hofmann Forest","Hofmann Forest1",NA
594,33.5778076342042,1.363,1,16.9081954956055,24175.7902287721,0,16.3987522125244,18.9413364057132,0.426562577486038,1115.25,-1.99630329675645,0,"Hofmann Forest","Hofmann Forest","Hofmann Forest1",NA
595,33.5778076342042,1.363,1,16.9999980926514,24175.7902287721,0,16.4699153900146,14.7271517866258,0.41646546125412,1115.25,-1.99630329675645,0,"Hofmann Forest","Hofmann Forest","Hofmann Forest1",NA
596,33.5778076342042,1.363,1,16.7004871368408,44338.0194296756,0,17.3806343078613,22.0041851615344,0.413828521966934,1115.25,-1.99630329675645,0,"Hofmann Forest","Hofmann Forest","Hofmann Forest1",NA
597,33.5778076342042,1.363,1,17,24175.7902287721,0,15.7631959915161,12.3707613585409,0.419017612934113,285.4,0.56445597479834,0,"Hofmann Forest","Hofmann Forest","Hofmann Forest1",NA
598,33.5778076342042,1.363,1,17,24175.7902287721,0,16.5936985015869,15.0423022522194,0.421256095170975,1115.25,-1.99630329675645,0,"Hofmann Forest","Hofmann Forest","Hofmann Forest1",NA
599,33.5778076342042,1.363,1,16.9112377166748,20162.2292009034,0,16.6422634124756,23.0866538374433,0.385708928108215,1115.25,-1.99630329675645,0,"Hofmann Forest","Hofmann Forest","Hofmann Forest1",NA
600,33.5778076342042,1.58,0,17,3632.83044004077,0,16.3920059204102,23.1853494950034,0.415079534053802,1115.25,-1.99630329675645,0,"Hofmann Forest","Hofmann Forest","Hofmann Forest1",NA
601,33.5778076342042,1.363,1,16.8667488098145,20162.2292009034,0,16.6869506835938,23.4498232033225,0.422952324151993,1115.25,-1.99630329675645,0,"Hofmann Forest","Hofmann Forest","Hofmann Forest1",NA
602,33.5778076342042,1.363,1,16.7999992370605,24175.7902287721,0,17.4307880401611,19.9053768885738,0.421230018138885,1115.25,-1.99630329675645,0,"Hofmann Forest","Hofmann Forest","Hofmann Forest1",NA
603,33.5778076342042,1.55454545454545,1,16.8851833343506,3631.02410626932,0,16.9046001434326,24.3483875275367,0.391697078943253,1115.25,-1.99630329675645,0,"Hofmann Forest","Hofmann Forest","Hofmann Forest1",NA
604,33.5778076342042,1.363,1,16.9281005859375,24175.7902287721,0,16.4801349639893,19.6453349318984,0.404131948947906,1115.25,-1.99630329675645,0,"Hofmann Forest","Hofmann Forest","Hofmann Forest1",NA
605,33.5778076342042,1.363,1,16.8885250091553,24175.7902287721,0,16.8672370910645,17.417415184231,0.417651057243347,1115.25,-1.99630329675645,0,"Hofmann Forest","Hofmann Forest","Hofmann Forest1",NA
606,33.5778076342042,1.59685714285714,0,17.3937740325928,1879.52204999885,0,15.2449407577515,10.424683082835,0.411341309547424,285.4,0.56445597479834,0,"Hofmann Forest","Hofmann Forest","Hofmann Forest1",NA
607,33.5778076342042,1.363,1,16.9999980926514,24175.7902287721,0,15.2394943237305,17.4040682247907,0.399420708417892,1115.25,-1.99630329675645,0,"Hofmann Forest","Hofmann Forest","Hofmann Forest1",NA
608,33.5778076342042,1.363,1,16.7000007629395,44338.0194296756,0,17.3081340789795,21.3768423011515,0.435784012079239,1115.25,-1.99630329675645,0,"Hofmann Forest","Hofmann Forest","Hofmann Forest1",NA
609,33.5778076342042,1.363,1,16.8999996185303,20162.2292009034,0,16.2735595703125,21.7373027604646,0.435020416975021,1115.25,-1.99630329675645,0,"Hofmann Forest","Hofmann Forest","Hofmann Forest1",NA
610,33.5778076342042,1.363,1,17.1676788330078,24175.7902287721,0,13.5086708068848,14.025776646279,0.400581061840057,285.4,0.56445597479834,0,"Hofmann Forest","Hofmann Forest","Hofmann Forest1",NA
611,33.5778076342042,1.363,1,16.9999980926514,24175.7902287721,0,16.2525024414062,14.026146048751,0.419403880834579,285.4,0.56445597479834,0,"Hofmann Forest","Hofmann Forest","Hofmann Forest1",NA
612,33.5778076342042,1.421875,1,16.7999992370605,20341.3734344337,0,16.7562236785889,23.8375721424513,0.418413490056992,1115.25,-1.99630329675645,0,"Hofmann Forest","Hofmann Forest","Hofmann Forest1",NA
613,33.5778076342042,1.363,1,17.0203151702881,24175.7902287721,0,14.1008319854736,13.9525532409829,0.361642330884933,285.4,0.56445597479834,0,"Hofmann Forest","Hofmann Forest","Hofmann Forest1",NA
614,33.5778076342042,1.363,1,16.8979473114014,20162.2292009034,0,16.7453460693359,23.7181110252816,0.426917284727097,1115.25,-1.99630329675645,0,"Hofmann Forest","Hofmann Forest","Hofmann Forest1",NA
615,33.5778076342042,1.363,1,17.0392398834229,24175.7902287721,0,15.9147052764893,19.1989729003639,0.356036722660065,1115.25,-1.99630329675645,0,"Hofmann Forest","Hofmann Forest","Hofmann Forest1",NA
616,33.5778076342042,1.363,1,16.8528823852539,24175.7902287721,0,16.6661586761475,16.805662227518,0.412205040454865,1115.25,-1.99630329675645,0,"Hofmann Forest","Hofmann Forest","Hofmann Forest1",NA
617,33.5778076342042,1.41307692307692,1,16.9665660858154,24500.9556909948,0,16.8537082672119,21.8559320136226,0.421707570552826,1115.25,-1.99630329675645,0,"Hofmann Forest","Hofmann Forest","Hofmann Forest1",NA
618,33.5778076342042,1.363,1,16.8000984191895,24175.7902287721,0,17.174243927002,20.0004117878271,0.436470478773117,1115.25,-1.99630329675645,0,"Hofmann Forest","Hofmann Forest","Hofmann Forest1",NA
619,33.5778076342042,1.363,1,16.8777675628662,24175.7902287721,0,16.9401397705078,17.8075262185637,0.416475802659988,1115.25,-1.99630329675645,0,"Hofmann Forest","Hofmann Forest","Hofmann Forest1",NA
620,33.5778076342042,1.48757575757576,1,17.2037296295166,37596.2633018576,0,15.56471824646,12.7919324268952,0.412679553031921,1115.25,-1.99630329675645,0,"Hofmann Forest","Hofmann Forest","Hofmann Forest1",NA
621,33.5778076342042,1.363,1,16.7999992370605,20162.2292009034,0,17.1571025848389,22.9305515632783,0.412344515323639,1115.25,-1.99630329675645,0,"Hofmann Forest","Hofmann Forest","Hofmann Forest1",NA
622,33.5778076342042,1.363,1,17.1772193908691,24175.7902287721,0,13.7474012374878,15.4657615653555,0.433306664228439,285.4,0.56445597479834,0,"Hofmann Forest","Hofmann Forest","Hofmann Forest1",NA
623,33.5778076342042,1.363,1,17,24175.7902287721,0,16.2054309844971,12.4394535756338,0.434616178274155,285.4,0.56445597479834,0,"Hofmann Forest","Hofmann Forest","Hofmann Forest1",NA
624,33.5778076342042,1.363,1,17,24175.7902287721,0,15.9089469909668,12.4376302747076,0.408570647239685,285.4,0.56445597479834,0,"Hofmann Forest","Hofmann Forest","Hofmann Forest1",NA
625,33.5778076342042,1.394375,1,17.1000003814697,36409.5581835947,0,15.3320007324219,10.2602706658288,0.407790094614029,285.4,0.56445597479834,0,"Hofmann Forest","Hofmann Forest","Hofmann Forest1",NA
626,33.5778076342042,1.363,1,17,24175.7902287721,0,15.2487688064575,13.9481309535069,0.418835699558258,285.4,0.56445597479834,0,"Hofmann Forest","Hofmann Forest","Hofmann Forest1",NA
627,33.5778076342042,1.576,0,17.3999996185303,1811.7080376601,0,15.6453332901001,13.1368845508312,0.298806458711624,1115.25,-1.99630329675645,0,"Hofmann Forest","Hofmann Forest","Hofmann Forest1",NA
628,33.5778076342042,1.363,1,17.010311126709,24175.7902287721,0,15.700439453125,11.289544622275,0.396503180265427,285.4,0.56445597479834,0,"Hofmann Forest","Hofmann Forest","Hofmann Forest1",NA
629,33.5778076342042,1.44666666666667,1,17.284854888916,12233.7679548225,0,15.44837474823,10.9463901291936,0.3461634516716,285.4,0.56445597479834,0,"Hofmann Forest","Hofmann Forest","Hofmann Forest1",NA
630,33.5778076342042,1.363,1,16.8999996185303,24175.7902287721,0,16.0356979370117,17.2818995922438,0.411442279815674,1115.25,-1.99630329675645,0,"Hofmann Forest","Hofmann Forest","Hofmann Forest1",NA
631,33.5778076342042,1.363,1,16.9226932525635,24175.7902287721,0,16.3325672149658,15.2933750303045,0.435449481010437,1115.25,-1.99630329675645,0,"Hofmann Forest","Hofmann Forest","Hofmann Forest1",NA
632,33.5778076342042,1.363,1,17.1000003814697,24175.7902287721,0,13.6941862106323,15.1629453091814,0.371944576501846,285.4,0.56445597479834,0,"Hofmann Forest","Hofmann Forest","Hofmann Forest1",NA
633,33.5778076342042,1.363,1,17,24175.7902287721,0,15.7981767654419,13.3682729534213,0.415599763393402,285.4,0.56445597479834,0,"Hofmann Forest","Hofmann Forest","Hofmann Forest1",NA
634,33.5778076342042,1.363,1,16.9999980926514,24175.7902287721,0,16.4312019348145,21.5553173187417,0.409054309129715,1115.25,-1.99630329675645,0,"Hofmann Forest","Hofmann Forest","Hofmann Forest1",NA
635,33.5778076342042,1.363,1,16.9777965545654,24175.7902287721,0,16.339900970459,15.0755520501072,0.425415754318237,1115.25,-1.99630329675645,0,"Hofmann Forest","Hofmann Forest","Hofmann Forest1",NA
636,33.5778076342042,1.363,1,17.1769561767578,24175.7902287721,0,15.9489374160767,13.3273449563033,0.399878323078156,1115.25,-1.99630329675645,0,"Hofmann Forest","Hofmann Forest","Hofmann Forest1",NA
637,33.5778076342042,1.54173913043478,1,17.2937507629395,13420.4730730855,0,15.1796464920044,12.1539198871662,0.413231641054153,1115.25,-1.99630329675645,0,"Hofmann Forest","Hofmann Forest","Hofmann Forest1",NA
638,33.5778076342042,1.363,1,17,24175.7902287721,0,14.8782005310059,14.8469652154875,0.306001752614975,285.4,0.56445597479834,0,"Hofmann Forest","Hofmann Forest","Hofmann Forest1",NA
639,33.5778076342042,1.55611111111111,1,17.3999996185303,14739.9760904956,0,15.5843687057495,13.012213604897,0.342736095190048,1115.25,-1.99630329675645,0,"Hofmann Forest","Hofmann Forest","Hofmann Forest1",NA
640,33.5778076342042,1.394375,1,17.1783199310303,36409.5581835947,0,15.3371419906616,10.6262613645511,0.359776943922043,285.4,0.56445597479834,0,"Hofmann Forest","Hofmann Forest","Hofmann Forest1",NA
641,33.5778076342042,1.363,1,17.099739074707,24175.7902287721,0,15.8133306503296,10.8995821741254,0.407155752182007,285.4,0.56445597479834,0,"Hofmann Forest","Hofmann Forest","Hofmann Forest1",NA
642,33.5778076342042,1.363,1,17.0686740875244,24175.7902287721,0,15.960054397583,11.8576562385065,0.40404400229454,285.4,0.56445597479834,0,"Hofmann Forest","Hofmann Forest","Hofmann Forest1",NA
643,33.5778076342042,1.363,1,17.0999984741211,24175.7902287721,0,13.5332851409912,13.9445090499857,0.380638420581818,285.4,0.56445597479834,0,"Hofmann Forest","Hofmann Forest","Hofmann Forest1",NA
644,33.5778076342042,1.41307692307692,1,16.8999996185303,24256.6365422887,0,16.805778503418,19.7018309606038,0.39997535943985,1115.25,-1.99630329675645,0,"Hofmann Forest","Hofmann Forest","Hofmann Forest1",NA
645,33.5778076342042,1.363,1,16.7106685638428,24175.7902287721,0,17.2517280578613,20.9463209246345,0.436731457710266,1115.25,-1.99630329675645,0,"Hofmann Forest","Hofmann Forest","Hofmann Forest1",NA
646,33.5778076342042,1.444375,1,16.8893356323242,25398.9891714415,0,16.6956348419189,19.3994450317763,0.34264662861824,1115.25,-1.99630329675645,0,"Hofmann Forest","Hofmann Forest","Hofmann Forest1",NA
647,33.5778076342042,1.363,1,17,24175.7902287721,0,15.8556938171387,12.8053301300336,0.405794858932495,285.4,0.56445597479834,0,"Hofmann Forest","Hofmann Forest","Hofmann Forest1",NA
648,33.5778076342042,1.394375,1,17.21657371521,36409.5581835947,0,15.6193294525146,11.3400800327257,0.370014160871506,285.4,0.56445597479834,0,"Hofmann Forest","Hofmann Forest","Hofmann Forest1",NA
649,33.5778076342042,1.583,0,17.1559028625488,5771.81691779528,0,14.6626625061035,15.3721862653256,0.405702352523804,1115.25,-1.99630329675645,0,"Hofmann Forest","Hofmann Forest","Hofmann Forest1",NA
650,33.5778076342042,1.363,1,16.8038902282715,20162.2292009034,0,17.2988433837891,21.0826524824257,0.384348720312119,1115.25,-1.99630329675645,0,"Hofmann Forest","Hofmann Forest","Hofmann Forest1",NA
651,33.5778076342042,1.363,1,16.8999996185303,24175.7902287721,0,16.5895977020264,20.1465681650397,0.397142916917801,1115.25,-1.99630329675645,0,"Hofmann Forest","Hofmann Forest","Hofmann Forest1",NA
652,33.5778076342042,1.363,1,17.0551605224609,24175.7902287721,0,16.1994686126709,12.2455470314215,0.427370995283127,285.4,0.56445597479834,0,"Hofmann Forest","Hofmann Forest","Hofmann Forest1",NA
653,33.5778076342042,1.363,1,17.0831451416016,24175.7902287721,0,13.904616355896,14.8813369965558,0.394985020160675,285.4,0.56445597479834,0,"Hofmann Forest","Hofmann Forest","Hofmann Forest1",NA
654,33.5778076342042,1.363,1,16.931921005249,24175.7902287721,0,16.4117755889893,14.1150622518932,0.412931829690933,1115.25,-1.99630329675645,0,"Hofmann Forest","Hofmann Forest","Hofmann Forest1",NA
655,33.5778076342042,1.45055555555556,1,17,24603.1340979689,0,14.2009019851685,15.5095289886321,0.38422042131424,285.4,0.56445597479834,0,"Hofmann Forest","Hofmann Forest","Hofmann Forest1",NA
656,33.5778076342042,1.363,1,16.8313407897949,20162.2292009034,0,17.0607414245605,21.4258675883057,0.39557084441185,1115.25,-1.99630329675645,0,"Hofmann Forest","Hofmann Forest","Hofmann Forest1",NA
657,33.5778076342042,1.363,1,16.8999977111816,24175.7902287721,0,16.8119850158691,20.6319163904345,0.405472993850708,1115.25,-1.99630329675645,0,"Hofmann Forest","Hofmann Forest","Hofmann Forest1",NA
658,33.5778076342042,1.363,1,17,24175.7902287721,0,14.1859397888184,15.9963446194356,0.400190562009811,285.4,0.56445597479834,0,"Hofmann Forest","Hofmann Forest","Hofmann Forest1",NA
659,33.5778076342042,1.363,1,16.8999996185303,20162.2292009034,0,16.3963851928711,22.7379415966601,0.426752150058746,1115.25,-1.99630329675645,0,"Hofmann Forest","Hofmann Forest","Hofmann Forest1",NA
660,33.5778076342042,1.58,0,17,3632.83044004077,0,16.3148460388184,23.2441150262801,0.412279963493347,1115.25,-1.99630329675645,0,"Hofmann Forest","Hofmann Forest","Hofmann Forest1",NA
661,33.5778076342042,1.41307692307692,1,16.8000068664551,23469.8941787215,0,16.5260715484619,23.9116463472494,0.40116360783577,1115.25,-1.99630329675645,0,"Hofmann Forest","Hofmann Forest","Hofmann Forest1",NA
662,33.5778076342042,1.41307692307692,1,16.8999996185303,24186.578512045,0,15.6972827911377,16.0999798557411,0.424308270215988,1115.25,-1.99630329675645,0,"Hofmann Forest","Hofmann Forest","Hofmann Forest1",NA
663,33.5778076342042,1.363,1,17,24175.7902287721,0,16.3733654022217,13.4556153881867,0.411273658275604,1115.25,-1.99630329675645,0,"Hofmann Forest","Hofmann Forest","Hofmann Forest1",NA
664,33.5778076342042,1.363,1,16.758020401001,20162.2292009034,0,17.3731365203857,22.7193566883873,0.434237122535706,1115.25,-1.99630329675645,0,"Hofmann Forest","Hofmann Forest","Hofmann Forest1",NA
665,33.5778076342042,1.363,1,16.8112144470215,24175.7902287721,0,16.6885604858398,16.1185906440163,0.417110681533813,1115.25,-1.99630329675645,0,"Hofmann Forest","Hofmann Forest","Hofmann Forest1",NA
666,33.5778076342042,1.363,1,16.855037689209,20162.2292009034,0,16.8689708709717,23.0198032621412,0.393829196691513,1115.25,-1.99630329675645,0,"Hofmann Forest","Hofmann Forest","Hofmann Forest1",NA
667,33.5778076342042,1.363,1,16.8999996185303,24175.7902287721,0,16.5330791473389,16.7064550051617,0.421284884214401,1115.25,-1.99630329675645,0,"Hofmann Forest","Hofmann Forest","Hofmann Forest1",NA
668,33.5778076342042,1.363,1,16.7999992370605,24175.7902287721,0,16.8066902160645,16.5436975575378,0.409382075071335,1115.25,-1.99630329675645,0,"Hofmann Forest","Hofmann Forest","Hofmann Forest1",NA
669,33.5778076342042,1.43933333333333,1,17.0470409393311,25345.1752172206,0,16.3087253570557,16.5554267185831,0.390420824289322,1115.25,-1.99630329675645,0,"Hofmann Forest","Hofmann Forest","Hofmann Forest1",NA
670,33.5778076342042,1.363,1,16.7999992370605,24175.7902287721,0,17.3184947967529,20.1337216261388,0.423568785190582,1115.25,-1.99630329675645,0,"Hofmann Forest","Hofmann Forest","Hofmann Forest1",NA
671,33.5778076342042,1.363,1,16.9088973999023,24175.7902287721,0,16.3944072723389,13.7496418862632,0.408167004585266,285.4,0.56445597479834,0,"Hofmann Forest","Hofmann Forest","Hofmann Forest1",NA
672,33.5778076342042,1.363,1,16.9610214233398,24175.7902287721,0,16.3498287200928,13.274804725688,0.402835190296173,285.4,0.56445597479834,0,"Hofmann Forest","Hofmann Forest","Hofmann Forest1",NA
673,33.5778076342042,1.394375,1,17.0474758148193,36409.5581835947,0,16.2032337188721,12.4378036233602,0.410609662532806,285.4,0.56445597479834,0,"Hofmann Forest","Hofmann Forest","Hofmann Forest1",NA
674,33.5778076342042,1.363,1,16.8999996185303,24175.7902287721,0,16.4993438720703,13.9120580307616,0.412034630775452,285.4,0.56445597479834,0,"Hofmann Forest","Hofmann Forest","Hofmann Forest1",NA
675,33.5778076342042,1.363,1,16.7999992370605,24175.7902287721,0,17.3949317932129,20.370859641994,0.426249235868454,1115.25,-1.99630329675645,0,"Hofmann Forest","Hofmann Forest","Hofmann Forest1",NA
676,33.5778076342042,1.363,1,17.0344066619873,24175.7902287721,0,16.1171569824219,12.8333218237164,0.417750209569931,1115.25,-1.99630329675645,0,"Hofmann Forest","Hofmann Forest","Hofmann Forest1",NA
677,33.5778076342042,1.363,1,17,24175.7902287721,0,15.4194717407227,13.4053978598187,0.399103254079819,285.4,0.56445597479834,0,"Hofmann Forest","Hofmann Forest","Hofmann Forest1",NA
678,33.5778076342042,1.41307692307692,1,17,24210.7472824489,0,15.2132415771484,16.7063831626323,0.393293589353561,1115.25,-1.99630329675645,0,"Hofmann Forest","Hofmann Forest","Hofmann Forest1",NA
679,33.5778076342042,1.363,1,17.0277881622314,24175.7902287721,0,14.6408100128174,13.3887505056059,0.38051450252533,285.4,0.56445597479834,0,"Hofmann Forest","Hofmann Forest","Hofmann Forest1",NA
680,33.5778076342042,1.363,1,17,24175.7902287721,0,16.4345378875732,14.3753142993447,0.410001069307327,1115.25,-1.99630329675645,0,"Hofmann Forest","Hofmann Forest","Hofmann Forest1",NA
681,33.5778076342042,1.363,1,16.8971824645996,24175.7902287721,0,16.6008129119873,15.9010996322052,0.412579029798508,1115.25,-1.99630329675645,0,"Hofmann Forest","Hofmann Forest","Hofmann Forest1",NA
682,33.5778076342042,1.363,1,16.9999980926514,24175.7902287721,0,15.7886610031128,12.8577334143177,0.428619682788849,285.4,0.56445597479834,0,"Hofmann Forest","Hofmann Forest","Hofmann Forest1",NA
683,33.5778076342042,1.363,1,17.0568161010742,24175.7902287721,0,15.4296073913574,11.7901648513208,0.415440112352371,285.4,0.56445597479834,0,"Hofmann Forest","Hofmann Forest","Hofmann Forest1",NA
684,33.5778076342042,1.394375,1,17.2666053771973,36409.5581835947,0,15.6997156143188,13.3012202790181,0.359102249145508,1115.25,-1.99630329675645,0,"Hofmann Forest","Hofmann Forest","Hofmann Forest1",NA
685,33.5778076342042,1.48757575757576,1,17.2512607574463,36565.0102876017,0,15.1466636657715,10.941761708982,0.37651938199997,285.4,0.56445597479834,0,"Hofmann Forest","Hofmann Forest","Hofmann Forest1",NA
686,33.5778076342042,1.363,1,16.7985935211182,24175.7902287721,0,17.3509349822998,21.1151267154471,0.439827650785446,1115.25,-1.99630329675645,0,"Hofmann Forest","Hofmann Forest","Hofmann Forest1",NA
687,33.5778076342042,1.363,1,16.799409866333,24175.7902287721,0,17.5281848907471,20.659569564969,0.423042267560959,1115.25,-1.99630329675645,0,"Hofmann Forest","Hofmann Forest","Hofmann Forest1",NA
688,33.5778076342042,1.363,1,17.0698394775391,20162.2292009034,0,15.5091590881348,20.9844393241647,0.382486462593079,1115.25,-1.99630329675645,0,"Hofmann Forest","Hofmann Forest","Hofmann Forest1",NA
689,33.5778076342042,1.363,1,16.9161415100098,20162.2292009034,0,16.2202835083008,22.4836369096357,0.415823370218277,1115.25,-1.99630329675645,0,"Hofmann Forest","Hofmann Forest","Hofmann Forest1",NA
690,33.5778076342042,1.363,1,16.8999996185303,24175.7902287721,0,16.6573085784912,20.5085208877705,0.403811097145081,1115.25,-1.99630329675645,0,"Hofmann Forest","Hofmann Forest","Hofmann Forest1",NA
691,33.5778076342042,1.394375,1,16.9836044311523,24490.0857646151,0,15.1617622375488,17.2639232869398,0.401366382837296,1115.25,-1.99630329675645,0,"Hofmann Forest","Hofmann Forest","Hofmann Forest1",NA
692,33.5778076342042,1.363,1,16.8999996185303,20162.2292009034,0,16.8072929382324,24.1734569642929,0.413413435220718,1115.25,-1.99630329675645,0,"Hofmann Forest","Hofmann Forest","Hofmann Forest1",NA
693,33.5778076342042,1.54173913043478,1,17.3408908843994,13420.4730730855,0,15.3838481903076,11.3837599111155,0.397934168577194,285.4,0.56445597479834,0,"Hofmann Forest","Hofmann Forest","Hofmann Forest1",NA
694,33.5778076342042,1.41307692307692,1,16.9402904510498,24573.5341335022,0,15.0549259185791,14.6007111615934,0.439071476459503,285.4,0.56445597479834,0,"Hofmann Forest","Hofmann Forest","Hofmann Forest1",NA
695,33.5778076342042,1.58,0,17.3754081726074,625.002919397116,0,15.2486457824707,14.568620710994,0.35411736369133,1115.25,-1.99630329675645,0,"Hofmann Forest","Hofmann Forest","Hofmann Forest1",NA
696,33.5778076342042,1.363,1,17.1815319061279,24175.7902287721,0,15.202205657959,12.4060598515593,0.384527295827866,285.4,0.56445597479834,0,"Hofmann Forest","Hofmann Forest","Hofmann Forest1",NA
697,33.5778076342042,1.363,1,16.8999996185303,24175.7902287721,0,16.6806507110596,16.9355883360817,0.441398113965988,1115.25,-1.99630329675645,0,"Hofmann Forest","Hofmann Forest","Hofmann Forest1",NA
698,33.5778076342042,1.363,1,16.8000164031982,24175.7902287721,0,16.8043689727783,17.5864025509073,0.418440341949463,1115.25,-1.99630329675645,0,"Hofmann Forest","Hofmann Forest","Hofmann Forest1",NA
699,33.5778076342042,1.576,0,17.1000003814697,1581.25608502438,0,16.0648860931396,16.7818123437918,0.358644753694534,1115.25,-1.99630329675645,0,"Hofmann Forest","Hofmann Forest","Hofmann Forest1",NA
700,33.5778076342042,1.363,1,16.7633571624756,20162.2292009034,0,17.3731060028076,22.486992619972,0.418816775083542,1115.25,-1.99630329675645,0,"Hofmann Forest","Hofmann Forest","Hofmann Forest1",NA
701,33.5778076342042,1.363,1,16.9912948608398,24175.7902287721,0,14.8414640426636,14.8437555942753,0.295986652374268,285.4,0.56445597479834,0,"Hofmann Forest","Hofmann Forest","Hofmann Forest1",NA
702,33.5778076342042,1.363,1,16.706356048584,44338.0194296756,0,17.373628616333,21.8203026853429,0.428841710090637,1115.25,-1.99630329675645,0,"Hofmann Forest","Hofmann Forest","Hofmann Forest1",NA
703,33.5778076342042,1.363,1,16.8997383117676,20162.2292009034,0,16.79030418396,23.8160433327933,0.4147909283638,1115.25,-1.99630329675645,0,"Hofmann Forest","Hofmann Forest","Hofmann Forest1",NA
704,33.5778076342042,1.363,1,16.7000007629395,44338.0194296756,0,17.3005027770996,21.2942188803097,0.432324767112732,1115.25,-1.99630329675645,0,"Hofmann Forest","Hofmann Forest","Hofmann Forest1",NA
705,33.5778076342042,1.363,1,16.8084106445312,24175.7902287721,0,17.1481990814209,19.1149816129102,0.404737651348114,1115.25,-1.99630329675645,0,"Hofmann Forest","Hofmann Forest","Hofmann Forest1",NA
706,33.5778076342042,1.363,1,17,24175.7902287721,0,14.7090301513672,15.8479250747955,0.412614583969116,285.4,0.56445597479834,0,"Hofmann Forest","Hofmann Forest","Hofmann Forest1",NA
707,33.5778076342042,1.363,1,17.1026649475098,24175.7902287721,0,15.775899887085,14.0845679664368,0.391862541437149,1115.25,-1.99630329675645,0,"Hofmann Forest","Hofmann Forest","Hofmann Forest1",NA
708,33.5778076342042,1.394375,1,17.2999839782715,36409.5581835947,0,16.0259323120117,12.0149241334546,0.400267273187637,285.4,0.56445597479834,0,"Hofmann Forest","Hofmann Forest","Hofmann Forest1",NA
709,33.5778076342042,1.363,1,16.9345054626465,24175.7902287721,0,16.5926704406738,15.7991350758913,0.413989126682281,1115.25,-1.99630329675645,0,"Hofmann Forest","Hofmann Forest","Hofmann Forest1",NA
