"acresid","wtd","bulkdensity","mucktype","soiltemp","numacres","tx","elevation","distkm","ndvi","totalGDD","scPDSI","vegetation","location","site","uniqueid","soilresp"
1,10,1.363,1,17,23572.8712272876,1,8.23187923431396,29.9198739382434,0.43287268280983,4074.15,-3.38245743398265,0,"Angola Bay","Angola Bay","Angola Bay1",NA
2,10,1.363,1,17,23572.8712272876,1,7.7336163520813,30.8074042077678,0.461367338895798,4074.15,-3.38245743398265,0,"Angola Bay","Angola Bay","Angola Bay1",NA
3,10,1.363,1,17.0496139526367,23572.8712272876,1,8.17982864379883,32.4687172143267,0.418965607881546,4074.15,-3.38245743398265,0,"Angola Bay","Angola Bay","Angola Bay1",NA
4,10,1.363,1,17,23572.8712272876,1,8.16476535797119,29.2026606781874,0.447705298662186,4074.15,-3.38245743398265,0,"Angola Bay","Angola Bay","Angola Bay1",NA
5,10,1.548,0,17.3024768829346,365.805551682688,1,7.43183279037476,28.1626417062518,0.326946258544922,4074.15,-3.38245743398265,0,"Angola Bay","Angola Bay","Angola Bay1",NA
6,10,1.363,1,17.0000019073486,23572.8712272876,1,9.20600128173828,33.9443346873547,0.411056578159332,4074.15,-3.38245743398265,0,"Angola Bay","Angola Bay","Angola Bay1",NA
9,10,1.363,1,17,23572.8712272876,1,8.36710453033447,36.1983076562026,0.404702723026276,4074.15,-3.38245743398265,0,"Angola Bay","Angola Bay","Angola Bay1",NA
10,10,1.41307692307692,1,17.1992855072021,23691.5633373432,1,7.01588916778564,34.1996286777865,0.398347109556198,4074.15,-3.38245743398265,0,"Angola Bay","Angola Bay","Angola Bay1",NA
11,10,1.42466666666667,1,17.1000003814697,23581.8771191621,1,7.41746711730957,29.3641810017366,0.429786741733551,4074.15,-3.38245743398265,0,"Angola Bay","Angola Bay","Angola Bay1",NA
12,10,1.363,1,17.1999988555908,23572.8712272876,1,7.08223104476929,34.1977745115874,0.404337972402573,4074.15,-3.38245743398265,0,"Angola Bay","Angola Bay","Angola Bay1",NA
13,10,1.4555,1,17,23590.433176688,1,7.51351451873779,28.9927416866763,0.406245321035385,4074.15,-3.38245743398265,0,"Angola Bay","Angola Bay","Angola Bay1",NA
14,10,1.363,1,16.8999996185303,23572.8712272876,1,9.61332893371582,37.0779497308945,0.405937194824219,4074.15,-3.38245743398265,0,"Angola Bay","Angola Bay","Angola Bay1",NA
16,10,1.41307692307692,1,17.1000003814697,23959.779445316,1,7.16373443603516,28.7326752506484,0.390509366989136,4074.15,-3.38245743398265,0,"Angola Bay","Angola Bay","Angola Bay1",NA
18,10,1.363,1,17.1764831542969,23572.8712272876,1,7.43820238113403,30.0659105142735,0.397142291069031,4074.15,-3.38245743398265,0,"Angola Bay","Angola Bay","Angola Bay1",NA
19,10,1.363,1,17,23572.8712272876,1,8.93905162811279,32.8119252178363,0.403592109680176,4074.15,-3.38245743398265,0,"Angola Bay","Angola Bay","Angola Bay1",NA
20,10,1.363,1,17.0963382720947,23572.8712272876,1,6.9159345626831,33.5461447276525,0.461516857147217,4074.15,-3.38245743398265,0,"Angola Bay","Angola Bay","Angola Bay1",NA
21,10,1.363,1,17,23572.8712272876,1,7.34520053863525,32.9166437322485,0.406589478254318,4074.15,-3.38245743398265,0,"Angola Bay","Angola Bay","Angola Bay1",NA
22,10,1.44857142857143,1,17.1605014801025,24752.4221783743,1,5.81584548950195,35.6913542108707,0.414801806211472,4074.15,-3.38245743398265,0,"Angola Bay","Angola Bay","Angola Bay1",NA
23,10,1.363,1,17.0001907348633,23572.8712272876,1,8.19267463684082,35.2835862304366,0.393978446722031,4074.15,-3.38245743398265,0,"Angola Bay","Angola Bay","Angola Bay1",NA
24,10,1.363,1,17,23572.8712272876,1,7.3048095703125,35.4265826975074,0.467404276132584,4074.15,-3.38245743398265,0,"Angola Bay","Angola Bay","Angola Bay1",NA
25,10,1.363,1,17.0000038146973,23572.8712272876,1,7.6212968826294,30.5769776427135,0.491164684295654,4074.15,-3.38245743398265,0,"Angola Bay","Angola Bay","Angola Bay1",NA
26,10,1.363,1,17.1000003814697,23572.8712272876,1,7.21825885772705,33.0700514810228,0.485492467880249,4074.15,-3.38245743398265,0,"Angola Bay","Angola Bay","Angola Bay1",NA
27,10,1.363,1,16.9999980926514,23572.8712272876,1,7.9656548500061,33.4887891075481,0.419245153665543,4074.15,-3.38245743398265,0,"Angola Bay","Angola Bay","Angola Bay1",NA
28,10,1.363,1,17,23572.8712272876,1,7.38721036911011,34.2328343677952,0.452666312456131,4074.15,-3.38245743398265,0,"Angola Bay","Angola Bay","Angola Bay1",NA
29,10,1.363,1,17,23572.8712272876,1,8.38672542572021,31.3807828138912,0.449026048183441,4074.15,-3.38245743398265,0,"Angola Bay","Angola Bay","Angola Bay1",NA
30,10,1.363,1,17,23572.8712272876,1,7.90373039245605,30.8294701159808,0.45094421505928,4074.15,-3.38245743398265,0,"Angola Bay","Angola Bay","Angola Bay1",NA
32,10,1.363,1,17,23572.8712272876,1,8.22311401367188,35.7027425866621,0.44218721985817,4074.15,-3.38245743398265,0,"Angola Bay","Angola Bay","Angola Bay1",NA
33,10,1.363,1,17,23572.8712272876,1,8.59404563903809,34.7925203823838,0.414096236228943,4074.15,-3.38245743398265,0,"Angola Bay","Angola Bay","Angola Bay1",NA
34,10,1.363,1,16.9779396057129,23572.8712272876,1,9.62788581848145,36.3003889228278,0.402166724205017,4074.15,-3.38245743398265,0,"Angola Bay","Angola Bay","Angola Bay1",NA
35,10,1.363,1,17.0105648040771,23572.8712272876,1,7.38184642791748,33.4388989952683,0.485365748405457,4074.15,-3.38245743398265,0,"Angola Bay","Angola Bay","Angola Bay1",NA
36,10,1.363,1,16.8999996185303,23572.8712272876,1,7.72511911392212,37.2332303988907,0.48063513636589,4074.15,-3.38245743398265,0,"Angola Bay","Angola Bay","Angola Bay1",NA
37,10,1.363,1,17.0746192932129,23572.8712272876,1,8.14811992645264,35.2488126706985,0.423614025115967,4074.15,-3.38245743398265,0,"Angola Bay","Angola Bay","Angola Bay1",NA
38,10,1.363,1,16.8999996185303,23572.8712272876,1,7.65640258789062,36.8638547008151,0.466630816459656,4074.15,-3.38245743398265,0,"Angola Bay","Angola Bay","Angola Bay1",NA
39,10,1.62,0,17.3198890686035,258.402511754222,1,5.99089431762695,27.2438930170052,0.428141504526138,4074.15,-3.38245743398265,0,"Angola Bay","Angola Bay","Angola Bay1",NA
40,10,1.363,1,17,23572.8712272876,1,9.20556545257568,34.3108551210061,0.383363366127014,4074.15,-3.38245743398265,0,"Angola Bay","Angola Bay","Angola Bay1",NA
41,10,1.363,1,16.9000015258789,23572.8712272876,1,8.20548343658447,37.6062221214154,0.452709197998047,4074.15,-3.38245743398265,0,"Angola Bay","Angola Bay","Angola Bay1",NA
42,10,1.363,1,17.2699775695801,39.8625197724092,1,6.54604625701904,29.6996343577583,0.234164461493492,4074.15,-3.38245743398265,0,"Angola Bay","Angola Bay","Angola Bay1",NA
43,10,1.363,1,17,23572.8712272876,1,9.3354024887085,34.1006227712415,0.416820466518402,4074.15,-3.38245743398265,0,"Angola Bay","Angola Bay","Angola Bay1",NA
44,10,1.363,1,17.1000003814697,23572.8712272876,1,7.78094244003296,31.290047149156,0.397814571857452,4074.15,-3.38245743398265,0,"Angola Bay","Angola Bay","Angola Bay1",NA
45,10,1.363,1,17.1000003814697,23572.8712272876,1,7.41128206253052,29.314382437167,0.446733832359314,4074.15,-3.38245743398265,0,"Angola Bay","Angola Bay","Angola Bay1",NA
46,10,1.363,1,17.0755310058594,23572.8712272876,1,8.10026454925537,31.5273825388984,0.414412379264832,4074.15,-3.38245743398265,0,"Angola Bay","Angola Bay","Angola Bay1",NA
47,10,1.548,0,17.2667999267578,365.805551682688,1,7.3082971572876,27.6931423968832,0.383906722068787,4074.15,-3.38245743398265,0,"Angola Bay","Angola Bay","Angola Bay1",NA
48,10,1.363,1,17.077672958374,23572.8712272876,1,7.31870651245117,32.9932001140681,0.483899414539337,4074.15,-3.38245743398265,0,"Angola Bay","Angola Bay","Angola Bay1",NA
49,10,1.363,1,17.1000003814697,23572.8712272876,1,7.78130674362183,31.02183258177,0.399529278278351,4074.15,-3.38245743398265,0,"Angola Bay","Angola Bay","Angola Bay1",NA
50,10,1.363,1,17.041145324707,23572.8712272876,1,7.47841882705688,30.1632844985499,0.463615477085114,4074.15,-3.38245743398265,0,"Angola Bay","Angola Bay","Angola Bay1",NA
52,10,1.56857142857143,1,17.2042789459229,823.154537228122,1,6.89754056930542,27.8645474437904,0.414766520261765,4074.15,-3.38245743398265,0,"Angola Bay","Angola Bay","Angola Bay1",NA
53,10,1.363,1,17.1000003814697,23572.8712272876,1,8.09847736358643,31.146173705334,0.398835718631744,4074.15,-3.38245743398265,0,"Angola Bay","Angola Bay","Angola Bay1",NA
54,10,1.363,1,17.1000003814697,23572.8712272876,1,7.47652578353882,32.3117443706042,0.477113038301468,4074.15,-3.38245743398265,0,"Angola Bay","Angola Bay","Angola Bay1",NA
55,10,1.363,1,17.1000003814697,23572.8712272876,1,7.33030891418457,29.1246270047021,0.461220324039459,4074.15,-3.38245743398265,0,"Angola Bay","Angola Bay","Angola Bay1",NA
56,10,1.363,1,17,23572.8712272876,1,8.18678283691406,29.2759603044343,0.43615448474884,4074.15,-3.38245743398265,0,"Angola Bay","Angola Bay","Angola Bay1",NA
57,10,1.363,1,17,23572.8712272876,1,8.64128589630127,32.146704304308,0.451597690582275,4074.15,-3.38245743398265,0,"Angola Bay","Angola Bay","Angola Bay1",NA
58,10,1.363,1,17,23572.8712272876,1,7.25293493270874,28.130535987191,0.443752467632294,4074.15,-3.38245743398265,0,"Angola Bay","Angola Bay","Angola Bay1",NA
59,10,1.363,1,17.087911605835,23572.8712272876,1,7.32605409622192,32.7109059101524,0.38612973690033,4074.15,-3.38245743398265,0,"Angola Bay","Angola Bay","Angola Bay1",NA
60,10,1.363,1,17,23572.8712272876,1,7.91083383560181,33.7650070037718,0.442313015460968,4074.15,-3.38245743398265,0,"Angola Bay","Angola Bay","Angola Bay1",NA
61,10,1.363,1,17.1000003814697,23572.8712272876,1,8.08501529693604,31.2815729088186,0.407854229211807,4074.15,-3.38245743398265,0,"Angola Bay","Angola Bay","Angola Bay1",NA
62,10,1.363,1,17.0000019073486,23572.8712272876,1,9.32299423217773,35.1203441452899,0.400126397609711,4074.15,-3.38245743398265,0,"Angola Bay","Angola Bay","Angola Bay1",NA
63,10,1.363,1,16.9000015258789,23572.8712272876,1,8.99084949493408,37.855928786584,0.417627274990082,4074.15,-3.38245743398265,0,"Angola Bay","Angola Bay","Angola Bay1",NA
64,10,1.363,1,17,23572.8712272876,1,8.57835006713867,31.8800902157653,0.443071067333221,4074.15,-3.38245743398265,0,"Angola Bay","Angola Bay","Angola Bay1",NA
65,10,1.58,1,17.2164211273193,755.861500209799,1,5.36881446838379,27.3614399433532,0.47159218788147,4074.15,-3.38245743398265,0,"Angola Bay","Angola Bay","Angola Bay1",NA
66,10,1.363,1,17,23572.8712272876,1,8.67394638061523,33.7639835446203,0.422776460647583,4074.15,-3.38245743398265,0,"Angola Bay","Angola Bay","Angola Bay1",NA
67,10,1.363,1,17.1479320526123,23572.8712272876,1,7.1529712677002,34.8382966147044,0.501504600048065,4074.15,-3.38245743398265,0,"Angola Bay","Angola Bay","Angola Bay1",NA
68,10,1.363,1,17.1000003814697,23572.8712272876,1,7.24604034423828,32.4624493010683,0.3910171687603,4074.15,-3.38245743398265,0,"Angola Bay","Angola Bay","Angola Bay1",NA
69,10,1.44666666666667,1,17.1088752746582,424.96240657094,1,6.50359106063843,32.5860993170831,0.386824250221252,4074.15,-3.38245743398265,0,"Angola Bay","Angola Bay","Angola Bay1",NA
70,10,1.536,1,17.2000007629395,1144.79476798189,1,5.62851238250732,30.348410204969,0.40828138589859,4074.15,-3.38245743398265,0,"Angola Bay","Angola Bay","Angola Bay1",NA
72,10,1.363,1,16.8229751586914,23572.8712272876,1,9.12268829345703,38.3203320851431,0.413924723863602,4074.15,-3.38245743398265,0,"Angola Bay","Angola Bay","Angola Bay1",NA
73,10,1.4175,1,17.1440124511719,24277.6018218012,1,6.57863473892212,35.4312959534423,0.431148171424866,4074.15,-3.38245743398265,0,"Angola Bay","Angola Bay","Angola Bay1",NA
74,10,1.363,1,17.1000022888184,23572.8712272876,1,7.40457439422607,32.1860458611335,0.423780351877213,4074.15,-3.38245743398265,0,"Angola Bay","Angola Bay","Angola Bay1",NA
75,10,1.363,1,16.9808177947998,23572.8712272876,1,9.08749103546143,37.3007414475305,0.414628922939301,4074.15,-3.38245743398265,0,"Angola Bay","Angola Bay","Angola Bay1",NA
76,10,1.363,1,16.9381313323975,23572.8712272876,1,9.44113349914551,36.6003234120724,0.399735867977142,4074.15,-3.38245743398265,0,"Angola Bay","Angola Bay","Angola Bay1",NA
77,10,1.41307692307692,1,17.1840419769287,23691.5633373432,1,6.16527128219604,33.5448291298227,0.440196990966797,4074.15,-3.38245743398265,0,"Angola Bay","Angola Bay","Angola Bay1",NA
78,10,1.548,0,17.2567596435547,396.356369708844,1,7.29095840454102,29.3287269780849,0.324651777744293,4074.15,-3.38245743398265,0,"Angola Bay","Angola Bay","Angola Bay1",NA
79,10,1.363,1,17,23572.8712272876,1,8.01493453979492,34.2753421483091,0.436625838279724,4074.15,-3.38245743398265,0,"Angola Bay","Angola Bay","Angola Bay1",NA
80,10,1.363,1,17,23572.8712272876,1,8.4221363067627,30.5036865952892,0.43211030960083,4074.15,-3.38245743398265,0,"Angola Bay","Angola Bay","Angola Bay1",NA
81,10,1.363,1,17,23572.8712272876,1,7.519944190979,33.8385171080126,0.468843281269073,4074.15,-3.38245743398265,0,"Angola Bay","Angola Bay","Angola Bay1",NA
82,10,1.52333333333333,0,17.2427158355713,89.7518914688712,1,6.15089225769043,30.3856832087757,0.367500483989716,4074.15,-3.38245743398265,0,"Angola Bay","Angola Bay","Angola Bay1",NA
83,10,1.41307692307692,1,17.1995582580566,504.776961415483,1,6.0977578163147,27.8615246081255,0.4862479865551,4074.15,-3.38245743398265,0,"Angola Bay","Angola Bay","Angola Bay1",NA
84,10,1.548,0,17.2826843261719,365.805551682688,1,6.96960926055908,27.594656936667,0.413402915000916,4074.15,-3.38245743398265,0,"Angola Bay","Angola Bay","Angola Bay1",NA
85,10,1.363,1,17.0380687713623,23572.8712272876,1,8.83945083618164,33.5344351673011,0.416661590337753,4074.15,-3.38245743398265,0,"Angola Bay","Angola Bay","Angola Bay1",NA
86,10,1.363,1,17.0593547821045,23572.8712272876,1,7.48800134658813,33.0137664867164,0.393196702003479,4074.15,-3.38245743398265,0,"Angola Bay","Angola Bay","Angola Bay1",NA
87,10,1.363,1,17.0182228088379,23572.8712272876,1,7.39983177185059,33.0235349405541,0.48726037144661,4074.15,-3.38245743398265,0,"Angola Bay","Angola Bay","Angola Bay1",NA
88,10,1.41307692307692,1,17.1998023986816,23691.5633373432,1,6.82648181915283,33.669737239847,0.397101908922195,4074.15,-3.38245743398265,0,"Angola Bay","Angola Bay","Angola Bay1",NA
89,10,1.363,1,17,23572.8712272876,1,8.4276123046875,29.79412757394,0.428480952978134,4074.15,-3.38245743398265,0,"Angola Bay","Angola Bay","Angola Bay1",NA
90,10,1.363,1,17,23572.8712272876,1,8.16842842102051,36.0899117060333,0.416299164295197,4074.15,-3.38245743398265,0,"Angola Bay","Angola Bay","Angola Bay1",NA
91,10,1.363,1,17.1000003814697,23572.8712272876,1,7.18500137329102,29.1516320086683,0.436695665121078,4074.15,-3.38245743398265,0,"Angola Bay","Angola Bay","Angola Bay1",NA
92,10,1.42466666666667,1,17.1000003814697,23581.8771191621,1,7.51853036880493,29.7257807521651,0.409743577241898,4074.15,-3.38245743398265,0,"Angola Bay","Angola Bay","Angola Bay1",NA
93,10,1.363,1,17.1000003814697,23572.8712272876,1,7.59023952484131,31.4775570035795,0.394983917474747,4074.15,-3.38245743398265,0,"Angola Bay","Angola Bay","Angola Bay1",NA
94,10,1.363,1,17,23572.8712272876,1,8.18353939056396,31.2123088525527,0.440139591693878,4074.15,-3.38245743398265,0,"Angola Bay","Angola Bay","Angola Bay1",NA
95,10,1.58,1,17.1883449554443,755.861500209799,1,5.80858659744263,27.7260596090529,0.495047599077225,4074.15,-3.38245743398265,0,"Angola Bay","Angola Bay","Angola Bay1",NA
96,10,1.363,1,17.0921516418457,23572.8712272876,1,7.81365299224854,34.5687829858238,0.455736875534058,4074.15,-3.38245743398265,0,"Angola Bay","Angola Bay","Angola Bay1",NA
97,10,1.363,1,17,23572.8712272876,1,7.97454118728638,32.7967400701285,0.434402197599411,4074.15,-3.38245743398265,0,"Angola Bay","Angola Bay","Angola Bay1",NA
98,10,1.363,1,17.0957908630371,23572.8712272876,1,7.96020793914795,32.2130675808129,0.41541138291359,4074.15,-3.38245743398265,0,"Angola Bay","Angola Bay","Angola Bay1",NA
99,10,1.363,1,17,23572.8712272876,1,8.03094005584717,34.2631582819462,0.424900680780411,4074.15,-3.38245743398265,0,"Angola Bay","Angola Bay","Angola Bay1",NA
100,10,1.41307692307692,1,17.1000003814697,23959.779445316,1,6.82835245132446,28.5878753485661,0.386730641126633,4074.15,-3.38245743398265,0,"Angola Bay","Angola Bay","Angola Bay1",NA
101,10,1.363,1,17.1244812011719,23572.8712272876,1,7.61539173126221,30.6844039904525,0.400675684213638,4074.15,-3.38245743398265,0,"Angola Bay","Angola Bay","Angola Bay1",NA
102,10,1.45588235294118,1,17,23611.2098962007,1,7.61546850204468,28.3288389378358,0.405074030160904,4074.15,-3.38245743398265,0,"Angola Bay","Angola Bay","Angola Bay1",NA
103,10,1.363,1,17.0846462249756,23572.8712272876,1,7.53051090240479,35.255738057562,0.457170814275742,4074.15,-3.38245743398265,0,"Angola Bay","Angola Bay","Angola Bay1",NA
105,10,1.363,1,16.9999980926514,23572.8712272876,1,8.47640037536621,31.228535322927,0.439528852701187,4074.15,-3.38245743398265,0,"Angola Bay","Angola Bay","Angola Bay1",NA
106,10,1.363,1,16.8999996185303,23572.8712272876,1,9.53841209411621,36.7786186337584,0.395347207784653,4074.15,-3.38245743398265,0,"Angola Bay","Angola Bay","Angola Bay1",NA
107,10,1.363,1,17,23572.8712272876,1,7.6419882774353,30.4958470493489,0.4659443795681,4074.15,-3.38245743398265,0,"Angola Bay","Angola Bay","Angola Bay1",NA
108,10,1.363,1,17.0333976745605,23572.8712272876,1,7.97770261764526,31.9348428948161,0.402895957231522,4074.15,-3.38245743398265,0,"Angola Bay","Angola Bay","Angola Bay1",NA
109,10,1.363,1,17.0719871520996,23572.8712272876,1,8.74349498748779,32.4054571368477,0.44344437122345,4074.15,-3.38245743398265,0,"Angola Bay","Angola Bay","Angola Bay1",NA
110,10,1.363,1,17.0878505706787,23572.8712272876,1,7.16739654541016,29.2955158140725,0.435507386922836,4074.15,-3.38245743398265,0,"Angola Bay","Angola Bay","Angola Bay1",NA
111,10,1.363,1,17.0265140533447,23572.8712272876,1,8.11902523040771,32.9836574388232,0.450841277837753,4074.15,-3.38245743398265,0,"Angola Bay","Angola Bay","Angola Bay1",NA
112,10,1.363,1,17.0454387664795,23572.8712272876,1,8.07981395721436,33.3600158060378,0.460293710231781,4074.15,-3.38245743398265,0,"Angola Bay","Angola Bay","Angola Bay1",NA
113,10,1.363,1,16.9706592559814,23572.8712272876,1,9.27141761779785,36.2937638668675,0.404016971588135,4074.15,-3.38245743398265,0,"Angola Bay","Angola Bay","Angola Bay1",NA
114,10,1.363,1,17.1482372283936,23572.8712272876,1,7.36120414733887,29.3148602107284,0.400957822799683,4074.15,-3.38245743398265,0,"Angola Bay","Angola Bay","Angola Bay1",NA
116,10,1.56,1,17.2002048492432,454.201255046804,1,6.77033042907715,27.8249406133871,0.398825645446777,4074.15,-3.38245743398265,0,"Angola Bay","Angola Bay","Angola Bay1",NA
117,10,1.363,1,17,23572.8712272876,1,9.05828762054443,35.3029413110441,0.418840765953064,4074.15,-3.38245743398265,0,"Angola Bay","Angola Bay","Angola Bay1",NA
118,10,1.363,1,17.1000003814697,23572.8712272876,1,6.95585584640503,31.465234871962,0.434156745672226,4074.15,-3.38245743398265,0,"Angola Bay","Angola Bay","Angola Bay1",NA
119,10,1.363,1,17.0067558288574,23572.8712272876,1,8.28446960449219,35.3562924598679,0.418465346097946,4074.15,-3.38245743398265,0,"Angola Bay","Angola Bay","Angola Bay1",NA
121,10,1.363,1,16.8988037109375,23572.8712272876,1,8.45760440826416,38.3613181445712,0.452939867973328,4074.15,-3.38245743398265,0,"Angola Bay","Angola Bay","Angola Bay1",NA
122,10,1.363,1,17.1000003814697,23572.8712272876,1,7.1583104133606,33.5373040377544,0.461718022823334,4074.15,-3.38245743398265,0,"Angola Bay","Angola Bay","Angola Bay1",NA
123,10,1.363,1,17,23572.8712272876,1,7.88796854019165,36.1189221548405,0.448330104351044,4074.15,-3.38245743398265,0,"Angola Bay","Angola Bay","Angola Bay1",NA
124,10,1.59,1,17.2000007629395,1012.6400834208,1,5.1087703704834,30.4814014414404,0.405473053455353,4074.15,-3.38245743398265,0,"Angola Bay","Angola Bay","Angola Bay1",NA
125,10,1.363,1,17.0645389556885,23572.8712272876,1,7.46247625350952,35.1315967619316,0.478648394346237,4074.15,-3.38245743398265,0,"Angola Bay","Angola Bay","Angola Bay1",NA
126,10,1.363,1,17,23572.8712272876,1,7.9993782043457,31.2332820972816,0.414386928081512,4074.15,-3.38245743398265,0,"Angola Bay","Angola Bay","Angola Bay1",NA
127,10,1.363,1,16.9999980926514,23572.8712272876,1,8.33209609985352,36.567773310199,0.403139740228653,4074.15,-3.38245743398265,0,"Angola Bay","Angola Bay","Angola Bay1",NA
128,10,1.363,1,17.0000019073486,23572.8712272876,1,8.44850254058838,31.569606099938,0.452792018651962,4074.15,-3.38245743398265,0,"Angola Bay","Angola Bay","Angola Bay1",NA
129,10,1.363,1,17.0964775085449,23572.8712272876,1,8.00442314147949,31.11712197614,0.404628664255142,4074.15,-3.38245743398265,0,"Angola Bay","Angola Bay","Angola Bay1",NA
130,10,1.363,1,17.0486316680908,23572.8712272876,1,7.70964002609253,34.877982304487,0.41535747051239,4074.15,-3.38245743398265,0,"Angola Bay","Angola Bay","Angola Bay1",NA
131,10,1.363,1,17,23572.8712272876,1,8.50021839141846,31.6100055040553,0.467162817716599,4074.15,-3.38245743398265,0,"Angola Bay","Angola Bay","Angola Bay1",NA
132,10,1.363,1,16.9999980926514,23572.8712272876,1,9.31179428100586,35.9810362967698,0.416392117738724,4074.15,-3.38245743398265,0,"Angola Bay","Angola Bay","Angola Bay1",NA
133,10,1.363,1,17.1000003814697,23572.8712272876,1,7.8546257019043,29.7144936688593,0.413428455591202,4074.15,-3.38245743398265,0,"Angola Bay","Angola Bay","Angola Bay1",NA
134,10,1.51333333333333,1,17.1393966674805,1426.61335298911,1,6.64082908630371,32.3226874967449,0.407349616289139,4074.15,-3.38245743398265,0,"Angola Bay","Angola Bay","Angola Bay1",NA
135,10,1.46578947368421,1,17.1076507568359,873.7302435968,1,6.05787134170532,28.0696662291006,0.487706273794174,4074.15,-3.38245743398265,0,"Angola Bay","Angola Bay","Angola Bay1",NA
136,10,1.363,1,17,23572.8712272876,1,9.14884281158447,35.6989473030553,0.401108711957932,4074.15,-3.38245743398265,0,"Angola Bay","Angola Bay","Angola Bay1",NA
137,10,1.363,1,17.1000003814697,23572.8712272876,1,7.31974840164185,29.5727567173862,0.382390022277832,4074.15,-3.38245743398265,0,"Angola Bay","Angola Bay","Angola Bay1",NA
138,10,1.363,1,17.0915546417236,23572.8712272876,1,7.60084056854248,32.7826726529393,0.383103668689728,4074.15,-3.38245743398265,0,"Angola Bay","Angola Bay","Angola Bay1",NA
139,10,1.363,1,17.1000003814697,23572.8712272876,1,6.94207143783569,28.9087039221167,0.3265680372715,4074.15,-3.38245743398265,0,"Angola Bay","Angola Bay","Angola Bay1",NA
140,10,1.363,1,17.1000003814697,23572.8712272876,1,7.33614253997803,29.3646542024183,0.439071804285049,4074.15,-3.38245743398265,0,"Angola Bay","Angola Bay","Angola Bay1",NA
141,10,1.363,1,16.8002147674561,23572.8712272876,1,8.98301029205322,38.4500173056669,0.422334492206573,4074.15,-3.38245743398265,0,"Angola Bay","Angola Bay","Angola Bay1",NA
142,10,1.42785714285714,1,17.2000007629395,561.569719296631,1,6.04636716842651,27.5715993221463,0.49216216802597,4074.15,-3.38245743398265,0,"Angola Bay","Angola Bay","Angola Bay1",NA
143,10,1.572,1,17.3078994750977,1081.55704898234,1,7.01230096817017,27.4802517265871,0.447227120399475,4074.15,-3.38245743398265,0,"Angola Bay","Angola Bay","Angola Bay1",NA
145,10,1.57,0,17.2580375671387,476.897960498199,1,5.91629695892334,27.608322783974,0.492888748645782,4074.15,-3.38245743398265,0,"Angola Bay","Angola Bay","Angola Bay1",NA
147,10,1.363,1,16.9314460754395,23572.8712272876,1,9.52109909057617,36.2448252915314,0.407923549413681,4074.15,-3.38245743398265,0,"Angola Bay","Angola Bay","Angola Bay1",NA
148,10,1.363,1,17,23572.8712272876,1,8.34292507171631,29.5842801550478,0.438227325677872,4074.15,-3.38245743398265,0,"Angola Bay","Angola Bay","Angola Bay1",NA
149,10,1.363,1,17.0089702606201,23572.8712272876,1,7.63439416885376,30.320389553439,0.452748000621796,4074.15,-3.38245743398265,0,"Angola Bay","Angola Bay","Angola Bay1",NA
150,10,1.59,1,17.3170871734619,645.310729782703,1,6.643150806427,27.5748624823385,0.391542583703995,4074.15,-3.38245743398265,0,"Angola Bay","Angola Bay","Angola Bay1",NA
151,10,1.363,1,17.1000003814697,23572.8712272876,1,7.67284393310547,31.9059668356527,0.414806425571442,4074.15,-3.38245743398265,0,"Angola Bay","Angola Bay","Angola Bay1",NA
152,10,1.46578947368421,1,17.2000026702881,873.7302435968,1,5.72386980056763,27.4683909864365,0.482218742370605,4074.15,-3.38245743398265,0,"Angola Bay","Angola Bay","Angola Bay1",NA
153,10,1.363,1,17.0014324188232,23572.8712272876,1,7.72290134429932,30.7550537204952,0.43561989068985,4074.15,-3.38245743398265,0,"Angola Bay","Angola Bay","Angola Bay1",NA
154,10,1.363,1,17,23572.8712272876,1,8.53754043579102,35.0275100797211,0.403782218694687,4074.15,-3.38245743398265,0,"Angola Bay","Angola Bay","Angola Bay1",NA
155,10,1.41307692307692,1,17.2000007629395,23691.5633373432,1,6.9115777015686,33.7081732781113,0.429928332567215,4074.15,-3.38245743398265,0,"Angola Bay","Angola Bay","Angola Bay1",NA
156,10,1.363,1,17.0134105682373,23572.8712272876,1,7.41698217391968,33.7335890107318,0.46267893910408,4074.15,-3.38245743398265,0,"Angola Bay","Angola Bay","Angola Bay1",NA
157,10,1.363,1,16.9058818817139,23572.8712272876,1,9.24075412750244,37.6946848535793,0.415285736322403,4074.15,-3.38245743398265,0,"Angola Bay","Angola Bay","Angola Bay1",NA
158,10,1.363,1,17,23572.8712272876,1,9.03374195098877,33.2200194843715,0.397745698690414,4074.15,-3.38245743398265,0,"Angola Bay","Angola Bay","Angola Bay1",NA
159,10,1.363,1,17,23572.8712272876,1,8.10860347747803,33.9729806629405,0.420341193675995,4074.15,-3.38245743398265,0,"Angola Bay","Angola Bay","Angola Bay1",NA
160,10,1.363,1,17.0055389404297,23572.8712272876,1,8.09019660949707,33.2407051961974,0.398122400045395,4074.15,-3.38245743398265,0,"Angola Bay","Angola Bay","Angola Bay1",NA
161,10,1.363,1,17.0005931854248,23572.8712272876,1,7.13606452941895,29.2458630020996,0.394795268774033,4074.15,-3.38245743398265,0,"Angola Bay","Angola Bay","Angola Bay1",NA
162,10,1.56,1,17.1118488311768,1012.85333776696,1,6.02890062332153,31.1051063387649,0.462296545505524,4074.15,-3.38245743398265,0,"Angola Bay","Angola Bay","Angola Bay1",NA
163,10,1.363,1,16.9000015258789,23572.8712272876,1,8.26217079162598,38.0500879320822,0.455767571926117,4074.15,-3.38245743398265,0,"Angola Bay","Angola Bay","Angola Bay1",NA
164,10,1.363,1,17.1771106719971,117.868743387001,1,6.55827236175537,27.7438067043038,0.505605518817902,4074.15,-3.38245743398265,0,"Angola Bay","Angola Bay","Angola Bay1",NA
165,10,1.363,1,17.1000232696533,23572.8712272876,1,6.18454885482788,33.5928837990553,0.422674238681793,4074.15,-3.38245743398265,0,"Angola Bay","Angola Bay","Angola Bay1",NA
166,10,1.56727272727273,0,17,22.5419098577271,1,7.73400115966797,28.6573003451379,0.415755599737167,4074.15,-3.38245743398265,0,"Angola Bay","Angola Bay","Angola Bay1",NA
167,10,1.363,1,17,23572.8712272876,1,8.25988006591797,30.7020738275745,0.44133248925209,4074.15,-3.38245743398265,0,"Angola Bay","Angola Bay","Angola Bay1",NA
168,10,1.363,1,17.1000003814697,23572.8712272876,1,6.72597360610962,32.2092742467275,0.491152733564377,4074.15,-3.38245743398265,0,"Angola Bay","Angola Bay","Angola Bay1",NA
169,10,1.363,1,17,23572.8712272876,1,8.27517700195312,33.6645600075384,0.403748899698257,4074.15,-3.38245743398265,0,"Angola Bay","Angola Bay","Angola Bay1",NA
170,10,1.363,1,17.0539379119873,23572.8712272876,1,8.00328826904297,32.1638759691504,0.408566445112228,4074.15,-3.38245743398265,0,"Angola Bay","Angola Bay","Angola Bay1",NA
171,10,1.363,1,16.8999996185303,23572.8712272876,1,8.05881023406982,37.0798506220156,0.435539692640305,4074.15,-3.38245743398265,0,"Angola Bay","Angola Bay","Angola Bay1",NA
172,10,1.363,1,17,23572.8712272876,1,8.29376316070557,31.0067739007891,0.43878561258316,4074.15,-3.38245743398265,0,"Angola Bay","Angola Bay","Angola Bay1",NA
173,10,1.58,1,17.1156787872314,1001.65094641817,1,6.66451644897461,30.6815750149706,0.402818113565445,4074.15,-3.38245743398265,0,"Angola Bay","Angola Bay","Angola Bay1",NA
174,10,1.363,1,17.1000003814697,23572.8712272876,1,7.96874141693115,31.5508147709751,0.389436691999435,4074.15,-3.38245743398265,0,"Angola Bay","Angola Bay","Angola Bay1",NA
175,10,1.363,1,17.1060543060303,23572.8712272876,1,7.79467058181763,30.0401863931145,0.412935733795166,4074.15,-3.38245743398265,0,"Angola Bay","Angola Bay","Angola Bay1",NA
176,10,1.363,1,17.0999984741211,23572.8712272876,1,7.11153078079224,29.1706222218086,0.386362314224243,4074.15,-3.38245743398265,0,"Angola Bay","Angola Bay","Angola Bay1",NA
177,10,1.548,0,17.2228374481201,396.356369708844,1,7.43200635910034,28.8775074790876,0.380035132169724,4074.15,-3.38245743398265,0,"Angola Bay","Angola Bay","Angola Bay1",NA
178,10,1.363,1,17,23572.8712272876,1,8.23378658294678,31.6708653448007,0.414240270853043,4074.15,-3.38245743398265,0,"Angola Bay","Angola Bay","Angola Bay1",NA
179,10,1.363,1,16.9080982208252,23572.8712272876,1,8.2742977142334,37.1152232617479,0.407109946012497,4074.15,-3.38245743398265,0,"Angola Bay","Angola Bay","Angola Bay1",NA
180,10,1.363,1,17.004056930542,23572.8712272876,1,8.24999618530273,35.0521241127661,0.387138307094574,4074.15,-3.38245743398265,0,"Angola Bay","Angola Bay","Angola Bay1",NA
181,10,1.363,1,17.1000003814697,23572.8712272876,1,7.14447832107544,32.8389166204214,0.488292098045349,4074.15,-3.38245743398265,0,"Angola Bay","Angola Bay","Angola Bay1",NA
182,10,1.363,1,17,23572.8712272876,1,8.69125652313232,35.7068742555874,0.406011283397675,4074.15,-3.38245743398265,0,"Angola Bay","Angola Bay","Angola Bay1",NA
183,10,1.363,1,17,23572.8712272876,1,9.51645278930664,35.7041180445224,0.413650363683701,4074.15,-3.38245743398265,0,"Angola Bay","Angola Bay","Angola Bay1",NA
184,10,1.363,1,17.1000003814697,23572.8712272876,1,8.24618530273438,32.6251188609559,0.420775532722473,4074.15,-3.38245743398265,0,"Angola Bay","Angola Bay","Angola Bay1",NA
185,10,1.41307692307692,1,17.1000003814697,24574.5221737057,1,6.88544082641602,30.978767814041,0.424313455820084,4074.15,-3.38245743398265,0,"Angola Bay","Angola Bay","Angola Bay1",NA
186,10,1.363,1,17,23572.8712272876,1,8.06778049468994,32.3031988548404,0.406494796276093,4074.15,-3.38245743398265,0,"Angola Bay","Angola Bay","Angola Bay1",NA
187,10,1.44315789473684,1,16.8999996185303,23609.0534844532,1,7.89924812316895,37.3471394434231,0.471084147691727,4074.15,-3.38245743398265,0,"Angola Bay","Angola Bay","Angola Bay1",NA
188,10,1.42466666666667,1,17.3229541778564,405.668071455097,1,6.84873151779175,29.5415457316126,0.244391024112701,4074.15,-3.38245743398265,0,"Angola Bay","Angola Bay","Angola Bay1",NA
189,10,1.363,1,17.0202102661133,23572.8712272876,1,7.8470344543457,34.9944179779926,0.438033491373062,4074.15,-3.38245743398265,0,"Angola Bay","Angola Bay","Angola Bay1",NA
191,10,1.41307692307692,1,17.1000003814697,23959.779445316,1,6.72689056396484,28.4801165866626,0.414883553981781,4074.15,-3.38245743398265,0,"Angola Bay","Angola Bay","Angola Bay1",NA
192,10,1.38636363636364,1,17,23595.0513523465,1,7.13446760177612,27.9903471242244,0.433985978364944,4074.15,-3.38245743398265,0,"Angola Bay","Angola Bay","Angola Bay1",NA
193,10,1.363,1,17.1000003814697,23572.8712272876,1,8.3235273361206,33.0656287176713,0.449527621269226,4074.15,-3.38245743398265,0,"Angola Bay","Angola Bay","Angola Bay1",NA
194,10,1.363,1,17,23572.8712272876,1,8.01347923278809,28.886941017433,0.442365825176239,4074.15,-3.38245743398265,0,"Angola Bay","Angola Bay","Angola Bay1",NA
195,10,1.363,1,17.0902938842773,23572.8712272876,1,7.47438669204712,30.2888779538452,0.484449207782745,4074.15,-3.38245743398265,0,"Angola Bay","Angola Bay","Angola Bay1",NA
196,10,1.363,1,17,23572.8712272876,1,8.79098415374756,32.4648933255568,0.438576400279999,4074.15,-3.38245743398265,0,"Angola Bay","Angola Bay","Angola Bay1",NA
197,10,1.363,1,17,23572.8712272876,1,8.2878303527832,33.8353821272904,0.397924244403839,4074.15,-3.38245743398265,0,"Angola Bay","Angola Bay","Angola Bay1",NA
198,10,1.444375,1,16.999174118042,23581.6720342109,1,7.23215627670288,36.3818598505333,0.474733471870422,4074.15,-3.38245743398265,0,"Angola Bay","Angola Bay","Angola Bay1",NA
199,10,1.363,1,17.1000003814697,23572.8712272876,1,6.5391845703125,31.8816246520543,0.467993855476379,4074.15,-3.38245743398265,0,"Angola Bay","Angola Bay","Angola Bay1",NA
200,10,1.363,1,17.0915298461914,23572.8712272876,1,7.0300555229187,32.6136275282294,0.484734445810318,4074.15,-3.38245743398265,0,"Angola Bay","Angola Bay","Angola Bay1",NA
201,10,1.363,1,16.8999996185303,23572.8712272876,1,9.41206550598145,37.460430816575,0.415862083435059,4074.15,-3.38245743398265,0,"Angola Bay","Angola Bay","Angola Bay1",NA
202,10,1.363,1,17,23572.8712272876,1,7.85797739028931,30.4357208427089,0.443626224994659,4074.15,-3.38245743398265,0,"Angola Bay","Angola Bay","Angola Bay1",NA
203,10,1.41307692307692,1,17.1000022888184,24574.5221737057,1,5.86587762832642,31.4392411657011,0.448715329170227,4074.15,-3.38245743398265,0,"Angola Bay","Angola Bay","Angola Bay1",NA
204,10,1.363,1,17.1000003814697,23572.8712272876,1,7.33246183395386,29.6089241089121,0.490610092878342,4074.15,-3.38245743398265,0,"Angola Bay","Angola Bay","Angola Bay1",NA
205,10,1.363,1,17,23572.8712272876,1,8.48863697052002,34.1796404842264,0.381452411413193,4074.15,-3.38245743398265,0,"Angola Bay","Angola Bay","Angola Bay1",NA
206,10,1.41307692307692,1,17.1028289794922,504.776961415483,1,6.42450284957886,28.2047149204377,0.462927758693695,4074.15,-3.38245743398265,0,"Angola Bay","Angola Bay","Angola Bay1",NA
207,10,1.363,1,17.0946846008301,23572.8712272876,1,7.23667049407959,33.3732605231949,0.48811012506485,4074.15,-3.38245743398265,0,"Angola Bay","Angola Bay","Angola Bay1",NA
208,10,1.363,1,17.0999984741211,23572.8712272876,1,7.98677158355713,31.6967652538394,0.392529100179672,4074.15,-3.38245743398265,0,"Angola Bay","Angola Bay","Angola Bay1",NA
209,10,1.44315789473684,1,16.9000015258789,23602.6926538409,1,8.05140113830566,37.9252793371107,0.474992543458939,4074.15,-3.38245743398265,0,"Angola Bay","Angola Bay","Angola Bay1",NA
210,10,1.363,1,17.1000003814697,23572.8712272876,1,7.83722257614136,31.8228837707292,0.406154930591583,4074.15,-3.38245743398265,0,"Angola Bay","Angola Bay","Angola Bay1",NA
211,10,1.534,0,17.5,270.803312994914,1,6.30995750427246,27.2039604485229,0.447178393602371,4074.15,-3.38245743398265,0,"Angola Bay","Angola Bay","Angola Bay1",NA
212,10,1.363,1,17.0360374450684,23572.8712272876,1,8.02511310577393,31.1880089746903,0.418286263942719,4074.15,-3.38245743398265,0,"Angola Bay","Angola Bay","Angola Bay1",NA
213,10,1.363,1,17,23572.8712272876,1,8.59625244140625,31.9275221905368,0.462033241987228,4074.15,-3.38245743398265,0,"Angola Bay","Angola Bay","Angola Bay1",NA
214,10,1.363,1,17.0000038146973,23572.8712272876,1,7.54531383514404,34.0099802550169,0.443027943372726,4074.15,-3.38245743398265,0,"Angola Bay","Angola Bay","Angola Bay1",NA
215,10,1.363,1,17.0948333740234,23572.8712272876,1,7.73397541046143,32.3971558096925,0.409734606742859,4074.15,-3.38245743398265,0,"Angola Bay","Angola Bay","Angola Bay1",NA
216,10,1.363,1,17.1000003814697,23572.8712272876,1,6.91530132293701,32.1498114599546,0.459470301866531,4074.15,-3.38245743398265,0,"Angola Bay","Angola Bay","Angola Bay1",NA
217,10,1.363,1,17,23572.8712272876,1,8.51029872894287,36.039532458746,0.40585258603096,4074.15,-3.38245743398265,0,"Angola Bay","Angola Bay","Angola Bay1",NA
218,10,1.363,1,17.0876865386963,23572.8712272876,1,7.53732490539551,30.1151844194687,0.474754959344864,4074.15,-3.38245743398265,0,"Angola Bay","Angola Bay","Angola Bay1",NA
219,10,1.363,1,17,23572.8712272876,1,8.17162322998047,33.2880061025122,0.393929451704025,4074.15,-3.38245743398265,0,"Angola Bay","Angola Bay","Angola Bay1",NA
221,10,1.363,1,17.1000003814697,23572.8712272876,1,7.10747814178467,32.4559918487669,0.458539485931396,4074.15,-3.38245743398265,0,"Angola Bay","Angola Bay","Angola Bay1",NA
222,10,1.363,1,17.2000026702881,23572.8712272876,1,7.1983814239502,34.4493625906544,0.452455520629883,4074.15,-3.38245743398265,0,"Angola Bay","Angola Bay","Angola Bay1",NA
223,10,1.363,1,17,23572.8712272876,1,7.70925426483154,30.8618941003874,0.462678074836731,4074.15,-3.38245743398265,0,"Angola Bay","Angola Bay","Angola Bay1",NA
224,10,1.363,1,17.1000003814697,23572.8712272876,1,7.67265748977661,30.6876943196777,0.418351292610168,4074.15,-3.38245743398265,0,"Angola Bay","Angola Bay","Angola Bay1",NA
225,10,1.363,1,17.1000003814697,23572.8712272876,1,7.59187746047974,29.4911080987658,0.416104078292847,4074.15,-3.38245743398265,0,"Angola Bay","Angola Bay","Angola Bay1",NA
226,10,1.363,1,17,23572.8712272876,1,9.54728507995605,34.4933571148809,0.399487644433975,4074.15,-3.38245743398265,0,"Angola Bay","Angola Bay","Angola Bay1",NA
227,10,1.363,1,17.1001014709473,23572.8712272876,1,6.60602951049805,33.5504600276527,0.437195330858231,4074.15,-3.38245743398265,0,"Angola Bay","Angola Bay","Angola Bay1",NA
228,10,1.41307692307692,1,17.1000022888184,24574.5221737057,1,6.60166788101196,31.4799128108643,0.414747714996338,4074.15,-3.38245743398265,0,"Angola Bay","Angola Bay","Angola Bay1",NA
229,10,1.363,1,17.0614967346191,23572.8712272876,1,7.98680019378662,31.7254712675501,0.40190789103508,4074.15,-3.38245743398265,0,"Angola Bay","Angola Bay","Angola Bay1",NA
230,10,1.56666666666667,1,17.1958885192871,1054.59946009919,1,5.53607082366943,30.8267934408071,0.462625771760941,4074.15,-3.38245743398265,0,"Angola Bay","Angola Bay","Angola Bay1",NA
231,10,1.363,1,16.8586654663086,23572.8712272876,1,8.69347095489502,38.3197772908183,0.424072951078415,4074.15,-3.38245743398265,0,"Angola Bay","Angola Bay","Angola Bay1",NA
232,10,1.40571428571429,1,16.9000015258789,23594.1541484234,1,8.01475048065186,37.6485995367929,0.473320960998535,4074.15,-3.38245743398265,0,"Angola Bay","Angola Bay","Angola Bay1",NA
233,10,1.363,1,17.0250339508057,23572.8712272876,1,7.92970848083496,33.197773721652,0.408962339162827,4074.15,-3.38245743398265,0,"Angola Bay","Angola Bay","Angola Bay1",NA
235,10,1.363,1,17,23572.8712272876,1,8.22053718566895,36.4571325147257,0.402250438928604,4074.15,-3.38245743398265,0,"Angola Bay","Angola Bay","Angola Bay1",NA
236,10,1.363,1,17.0700702667236,23572.8712272876,1,8.10013580322266,35.0167749963912,0.448505938053131,4074.15,-3.38245743398265,0,"Angola Bay","Angola Bay","Angola Bay1",NA
237,10,1.363,1,17,23572.8712272876,1,6.95570802688599,35.9517771746214,0.434615582227707,4074.15,-3.38245743398265,0,"Angola Bay","Angola Bay","Angola Bay1",NA
238,10,1.363,1,17,23572.8712272876,1,9.41287994384766,35.8078904916644,0.412357240915298,4074.15,-3.38245743398265,0,"Angola Bay","Angola Bay","Angola Bay1",NA
239,10,1.363,1,17,23572.8712272876,1,7.60616493225098,28.3870033516868,0.422084212303162,4074.15,-3.38245743398265,0,"Angola Bay","Angola Bay","Angola Bay1",NA
241,10,1.62,0,17.0022258758545,22.1801250589863,1,7.25984764099121,28.0103588607187,0.454549521207809,4074.15,-3.38245743398265,0,"Angola Bay","Angola Bay","Angola Bay1",NA
243,10,1.363,1,17,23572.8712272876,1,8.14067554473877,35.3636658169436,0.375190228223801,4074.15,-3.38245743398265,0,"Angola Bay","Angola Bay","Angola Bay1",NA
244,10,1.363,1,16.9493026733398,23572.8712272876,1,9.3091516494751,36.9955873744294,0.413630813360214,4074.15,-3.38245743398265,0,"Angola Bay","Angola Bay","Angola Bay1",NA
245,10,1.56857142857143,1,17.1809177398682,823.154537228122,1,6.86018514633179,28.2457387087282,0.457017719745636,4074.15,-3.38245743398265,0,"Angola Bay","Angola Bay","Angola Bay1",NA
246,10,1.363,1,17.1237125396729,23572.8712272876,1,7.19948148727417,34.4323664573714,0.471156179904938,4074.15,-3.38245743398265,0,"Angola Bay","Angola Bay","Angola Bay1",NA
247,10,1.363,1,17,23572.8712272876,1,9.38422584533691,34.276916889387,0.397167056798935,4074.15,-3.38245743398265,0,"Angola Bay","Angola Bay","Angola Bay1",NA
248,10,1.363,1,17.1000003814697,23572.8712272876,1,7.95357179641724,31.0914619744582,0.399883478879929,4074.15,-3.38245743398265,0,"Angola Bay","Angola Bay","Angola Bay1",NA
249,10,1.363,1,17,23572.8712272876,1,7.66905641555786,33.3471523163162,0.451345801353455,4074.15,-3.38245743398265,0,"Angola Bay","Angola Bay","Angola Bay1",NA
250,10,1.363,1,17.0016098022461,23572.8712272876,1,7.41497278213501,29.6467375937706,0.483983546495438,4074.15,-3.38245743398265,0,"Angola Bay","Angola Bay","Angola Bay1",NA
251,10,1.363,1,17,23572.8712272876,1,8.38848495483398,30.1471160182244,0.429427832365036,4074.15,-3.38245743398265,0,"Angola Bay","Angola Bay","Angola Bay1",NA
252,10,1.363,1,17,23572.8712272876,1,9.04113006591797,35.0425577336036,0.400604575872421,4074.15,-3.38245743398265,0,"Angola Bay","Angola Bay","Angola Bay1",NA
253,10,1.363,1,17.1000003814697,23572.8712272876,1,7.22533750534058,32.7031810779957,0.466664254665375,4074.15,-3.38245743398265,0,"Angola Bay","Angola Bay","Angola Bay1",NA
254,10,1.363,1,17,23572.8712272876,1,8.32836532592773,34.764685474155,0.401191234588623,4074.15,-3.38245743398265,0,"Angola Bay","Angola Bay","Angola Bay1",NA
255,10,1.363,1,17.0470771789551,23572.8712272876,1,7.98029232025146,30.6974390961562,0.416447579860687,4074.15,-3.38245743398265,0,"Angola Bay","Angola Bay","Angola Bay1",NA
256,10,1.363,1,17,23572.8712272876,1,8.22534561157227,30.2914689528986,0.428067147731781,4074.15,-3.38245743398265,0,"Angola Bay","Angola Bay","Angola Bay1",NA
257,10,1.363,1,17,23572.8712272876,1,7.68549489974976,28.5413907184552,0.432327210903168,4074.15,-3.38245743398265,0,"Angola Bay","Angola Bay","Angola Bay1",NA
258,10,1.363,1,17,23572.8712272876,1,8.08870601654053,32.0909562986222,0.411881774663925,4074.15,-3.38245743398265,0,"Angola Bay","Angola Bay","Angola Bay1",NA
259,10,1.58,1,17.1621971130371,386.908218028482,1,7.01330423355103,28.3213077300106,0.425770193338394,4074.15,-3.38245743398265,0,"Angola Bay","Angola Bay","Angola Bay1",NA
260,10,1.363,1,17.1000003814697,23572.8712272876,1,7.61875200271606,30.4028385648257,0.40952542424202,4074.15,-3.38245743398265,0,"Angola Bay","Angola Bay","Angola Bay1",NA
261,10,1.41307692307692,1,17.1000022888184,24574.5221737057,1,6.7856912612915,31.1345023176553,0.434134840965271,4074.15,-3.38245743398265,0,"Angola Bay","Angola Bay","Angola Bay1",NA
262,10,1.363,1,17.1000003814697,23572.8712272876,1,6.8820972442627,31.8515175385673,0.392050355672836,4074.15,-3.38245743398265,0,"Angola Bay","Angola Bay","Angola Bay1",NA
263,10,1.363,1,17.0885620117188,23572.8712272876,1,8.02621173858643,34.5858477231534,0.427863389253616,4074.15,-3.38245743398265,0,"Angola Bay","Angola Bay","Angola Bay1",NA
264,10,1.363,1,17.0003509521484,23572.8712272876,1,7.85351419448853,30.320389553439,0.427659243345261,4074.15,-3.38245743398265,0,"Angola Bay","Angola Bay","Angola Bay1",NA
265,10,1.363,1,17.0473289489746,23572.8712272876,1,8.0921802520752,31.9773146221424,0.422774314880371,4074.15,-3.38245743398265,0,"Angola Bay","Angola Bay","Angola Bay1",NA
266,10,1.363,1,16.9999980926514,23572.8712272876,1,8.95881366729736,35.967163079255,0.414797216653824,4074.15,-3.38245743398265,0,"Angola Bay","Angola Bay","Angola Bay1",NA
267,10,1.363,1,16.8877410888672,23572.8712272876,1,8.75080585479736,37.9763455137584,0.41730609536171,4074.15,-3.38245743398265,0,"Angola Bay","Angola Bay","Angola Bay1",NA
268,10,1.42466666666667,1,17.2000007629395,23938.6767789702,1,6.9509768486023,29.7489824563405,0.266351759433746,4074.15,-3.38245743398265,0,"Angola Bay","Angola Bay","Angola Bay1",NA
269,10,1.363,1,16.8999996185303,23572.8712272876,1,9.46975421905518,37.7949443100004,0.411163210868835,4074.15,-3.38245743398265,0,"Angola Bay","Angola Bay","Angola Bay1",NA
270,10,1.363,1,17.1000003814697,23572.8712272876,1,7.54044008255005,29.9958550447586,0.449438780546188,4074.15,-3.38245743398265,0,"Angola Bay","Angola Bay","Angola Bay1",NA
271,10,1.363,1,17.0083160400391,23572.8712272876,1,7.59307384490967,30.5034253110275,0.480412125587463,4074.15,-3.38245743398265,0,"Angola Bay","Angola Bay","Angola Bay1",NA
272,10,1.363,1,17.1000003814697,23572.8712272876,1,8.23392581939697,32.2318254501888,0.415760606527328,4074.15,-3.38245743398265,0,"Angola Bay","Angola Bay","Angola Bay1",NA
273,10,1.363,1,17,23572.8712272876,1,8.24489784240723,34.5318537534249,0.428797215223312,4074.15,-3.38245743398265,0,"Angola Bay","Angola Bay","Angola Bay1",NA
274,10,1.363,1,17.0336322784424,23572.8712272876,1,7.04452133178711,34.0469465490966,0.472682178020477,4074.15,-3.38245743398265,0,"Angola Bay","Angola Bay","Angola Bay1",NA
275,10,1.548,0,17.2000007629395,396.356369708844,1,7.71085166931152,29.4639603696886,0.363649815320969,4074.15,-3.38245743398265,0,"Angola Bay","Angola Bay","Angola Bay1",NA
277,10,1.45055555555556,1,17.0815696716309,23966.1628113196,1,7.12041282653809,28.5415594644011,0.411631017923355,4074.15,-3.38245743398265,0,"Angola Bay","Angola Bay","Angola Bay1",NA
278,10,1.363,1,17.1000003814697,23572.8712272876,1,7.52326440811157,31.4804790613478,0.41003605723381,4074.15,-3.38245743398265,0,"Angola Bay","Angola Bay","Angola Bay1",NA
279,10,1.41307692307692,1,17.1062965393066,504.776961415483,1,7.05058670043945,28.1428326479679,0.439436674118042,4074.15,-3.38245743398265,0,"Angola Bay","Angola Bay","Angola Bay1",NA
280,10,1.363,1,16.9999980926514,23572.8712272876,1,7.79887676239014,29.6702999837957,0.443170458078384,4074.15,-3.38245743398265,0,"Angola Bay","Angola Bay","Angola Bay1",NA
281,10,1.548,0,17.2722072601318,365.805551682688,1,7.2627420425415,28.5687866979016,0.327951073646545,4074.15,-3.38245743398265,0,"Angola Bay","Angola Bay","Angola Bay1",NA
282,10,1.363,1,16.8999996185303,23572.8712272876,1,9.60957431793213,37.1597756039041,0.410674542188644,4074.15,-3.38245743398265,0,"Angola Bay","Angola Bay","Angola Bay1",NA
283,10,1.363,1,17.1708793640137,23572.8712272876,1,7.26367092132568,30.205696853517,0.403351545333862,4074.15,-3.38245743398265,0,"Angola Bay","Angola Bay","Angola Bay1",NA
284,10,1.363,1,17,23572.8712272876,1,8.52288246154785,30.881995195391,0.434807181358337,4074.15,-3.38245743398265,0,"Angola Bay","Angola Bay","Angola Bay1",NA
285,10,1.363,1,17.068977355957,23572.8712272876,1,8.06993198394775,31.0990469544623,0.423738181591034,4074.15,-3.38245743398265,0,"Angola Bay","Angola Bay","Angola Bay1",NA
286,10,1.363,1,17.0984268188477,23572.8712272876,1,8.21105098724365,34.7952261370817,0.42069673538208,4074.15,-3.38245743398265,0,"Angola Bay","Angola Bay","Angola Bay1",NA
287,10,1.363,1,16.8999996185303,23572.8712272876,1,9.22514533996582,38.2508960221702,0.415168255567551,4074.15,-3.38245743398265,0,"Angola Bay","Angola Bay","Angola Bay1",NA
288,10,1.363,1,17,23572.8712272876,1,8.57112789154053,34.6582593226107,0.406543046236038,4074.15,-3.38245743398265,0,"Angola Bay","Angola Bay","Angola Bay1",NA
289,10,1.363,1,17,23572.8712272876,1,7.69621706008911,29.3668209978925,0.433923006057739,4074.15,-3.38245743398265,0,"Angola Bay","Angola Bay","Angola Bay1",NA
290,10,1.363,1,17.1000003814697,23572.8712272876,1,7.4043173789978,31.8306739410071,0.418350279331207,4074.15,-3.38245743398265,0,"Angola Bay","Angola Bay","Angola Bay1",NA
291,10,1.363,1,17,23572.8712272876,1,9.14226150512695,35.4368450837817,0.408302158117294,4074.15,-3.38245743398265,0,"Angola Bay","Angola Bay","Angola Bay1",NA
292,10,1.363,1,17.1000003814697,23572.8712272876,1,7.37341499328613,29.950128800839,0.49298283457756,4074.15,-3.38245743398265,0,"Angola Bay","Angola Bay","Angola Bay1",NA
293,10,1.363,1,17,23572.8712272876,1,9.26902103424072,35.4488279274729,0.421003550291061,4074.15,-3.38245743398265,0,"Angola Bay","Angola Bay","Angola Bay1",NA
294,10,1.363,1,17.0706462860107,23572.8712272876,1,7.81148481369019,29.9881990380927,0.408291578292847,4074.15,-3.38245743398265,0,"Angola Bay","Angola Bay","Angola Bay1",NA
295,10,1.46904761904762,1,17.0971412658691,23912.5591085629,1,6.62842226028442,36.4263848599177,0.481664061546326,4074.15,-3.38245743398265,0,"Angola Bay","Angola Bay","Angola Bay1",NA
296,10,1.58,1,17.1000003814697,755.861500209799,1,6.65467929840088,28.456861686483,0.45394167304039,4074.15,-3.38245743398265,0,"Angola Bay","Angola Bay","Angola Bay1",NA
297,10,1.548,0,17.2137260437012,365.805551682688,1,7.67595386505127,29.1358003984631,0.349535554647446,4074.15,-3.38245743398265,0,"Angola Bay","Angola Bay","Angola Bay1",NA
299,10,1.42466666666667,1,17,23584.0498106844,1,7.77803993225098,28.7061343864031,0.421929746866226,4074.15,-3.38245743398265,0,"Angola Bay","Angola Bay","Angola Bay1",NA
300,10,1.363,1,16.9649925231934,23572.8712272876,1,7.98064661026001,36.6163341207877,0.427777796983719,4074.15,-3.38245743398265,0,"Angola Bay","Angola Bay","Angola Bay1",NA
301,10,1.58,1,17.2000007629395,386.908218028482,1,6.75223731994629,28.0535443232527,0.390880793333054,4074.15,-3.38245743398265,0,"Angola Bay","Angola Bay","Angola Bay1",NA
302,10,1.363,1,17,23572.8712272876,1,8.1106424331665,29.2429845001177,0.433396846055984,4074.15,-3.38245743398265,0,"Angola Bay","Angola Bay","Angola Bay1",NA
303,10,1.363,1,17.0733070373535,23572.8712272876,1,7.55937147140503,34.700102043344,0.403181403875351,4074.15,-3.38245743398265,0,"Angola Bay","Angola Bay","Angola Bay1",NA
304,10,1.363,1,17,23572.8712272876,1,8.53339099884033,35.9916282738888,0.412490159273148,4074.15,-3.38245743398265,0,"Angola Bay","Angola Bay","Angola Bay1",NA
305,10,1.363,1,17,23572.8712272876,1,9.51624584197998,35.067019684514,0.411156266927719,4074.15,-3.38245743398265,0,"Angola Bay","Angola Bay","Angola Bay1",NA
306,10,1.363,1,17.0019969940186,23572.8712272876,1,8.2013988494873,34.6467053722636,0.414827436208725,4074.15,-3.38245743398265,0,"Angola Bay","Angola Bay","Angola Bay1",NA
308,10,1.363,1,17.1000003814697,23572.8712272876,1,7.82674169540405,29.8937166624333,0.420198410749435,4074.15,-3.38245743398265,0,"Angola Bay","Angola Bay","Angola Bay1",NA
309,10,1.363,1,16.9067459106445,23572.8712272876,1,7.37636852264404,36.8561886589052,0.482203453779221,4074.15,-3.38245743398265,0,"Angola Bay","Angola Bay","Angola Bay1",NA
310,10,1.363,1,17.0572357177734,23572.8712272876,1,7.42551136016846,29.7989058896291,0.489080399274826,4074.15,-3.38245743398265,0,"Angola Bay","Angola Bay","Angola Bay1",NA
311,10,1.363,1,17.0197010040283,23572.8712272876,1,7.87132120132446,35.298899436011,0.455063462257385,4074.15,-3.38245743398265,0,"Angola Bay","Angola Bay","Angola Bay1",NA
312,10,1.363,1,17,23572.8712272876,1,9.19687938690186,33.6476371530162,0.397910624742508,4074.15,-3.38245743398265,0,"Angola Bay","Angola Bay","Angola Bay1",NA
313,10,1.363,1,17.0278053283691,23572.8712272876,1,8.67533779144287,32.060295356971,0.443779230117798,4074.15,-3.38245743398265,0,"Angola Bay","Angola Bay","Angola Bay1",NA
314,10,1.363,1,17.0757827758789,23572.8712272876,1,8.77114868164062,32.813056861326,0.431183308362961,4074.15,-3.38245743398265,0,"Angola Bay","Angola Bay","Angola Bay1",NA
315,10,1.363,1,17.1614532470703,23572.8712272876,1,6.8131365776062,33.7929608110363,0.400890171527863,4074.15,-3.38245743398265,0,"Angola Bay","Angola Bay","Angola Bay1",NA
316,10,1.363,1,17,23572.8712272876,1,8.15324687957764,32.5833511288507,0.413559526205063,4074.15,-3.38245743398265,0,"Angola Bay","Angola Bay","Angola Bay1",NA
317,10,1.363,1,17.1000003814697,23572.8712272876,1,7.27109622955322,34.946209050771,0.40631115436554,4074.15,-3.38245743398265,0,"Angola Bay","Angola Bay","Angola Bay1",NA
318,10,1.363,1,16.9999980926514,23572.8712272876,1,8.32127666473389,33.5358349554129,0.39005321264267,4074.15,-3.38245743398265,0,"Angola Bay","Angola Bay","Angola Bay1",NA
319,10,1.363,1,17,23572.8712272876,1,7.35701322555542,32.9939587228667,0.485264599323273,4074.15,-3.38245743398265,0,"Angola Bay","Angola Bay","Angola Bay1",NA
320,10,1.363,1,17.0554122924805,23572.8712272876,1,7.98633003234863,30.2546964911688,0.423144042491913,4074.15,-3.38245743398265,0,"Angola Bay","Angola Bay","Angola Bay1",NA
321,10,1.363,1,17.1000003814697,23572.8712272876,1,7.30426931381226,29.6187210135798,0.503525853157043,4074.15,-3.38245743398265,0,"Angola Bay","Angola Bay","Angola Bay1",NA
322,10,1.363,1,17,23572.8712272876,1,8.26887798309326,34.269899138539,0.40626871585846,4074.15,-3.38245743398265,0,"Angola Bay","Angola Bay","Angola Bay1",NA
323,10,1.363,1,17,23572.8712272876,1,8.48226261138916,36.6905823090089,0.412530660629272,4074.15,-3.38245743398265,0,"Angola Bay","Angola Bay","Angola Bay1",NA
324,10,1.55,1,17.4104595184326,725.004568041719,1,6.73840141296387,27.1731796849899,0.450797230005264,4074.15,-3.38245743398265,0,"Angola Bay","Angola Bay","Angola Bay1",NA
325,10,1.363,1,16.8999977111816,23572.8712272876,1,9.58356189727783,36.6329077763528,0.389914125204086,4074.15,-3.38245743398265,0,"Angola Bay","Angola Bay","Angola Bay1",NA
326,10,1.363,1,17,23572.8712272876,1,7.83360815048218,33.8871423501261,0.437264949083328,4074.15,-3.38245743398265,0,"Angola Bay","Angola Bay","Angola Bay1",NA
327,10,1.58,1,17.1170101165771,755.861500209799,1,6.27016687393188,28.0278541307887,0.504067778587341,4074.15,-3.38245743398265,0,"Angola Bay","Angola Bay","Angola Bay1",NA
328,10,1.44666666666667,1,17.1916275024414,424.96240657094,1,6.42466449737549,32.7005689650493,0.380666464567184,4074.15,-3.38245743398265,0,"Angola Bay","Angola Bay","Angola Bay1",NA
329,10,1.363,1,17,23572.8712272876,1,8.08308696746826,28.9977216165422,0.425156056880951,4074.15,-3.38245743398265,0,"Angola Bay","Angola Bay","Angola Bay1",NA
330,10,1.363,1,17,23572.8712272876,1,8.99294090270996,34.6038815517996,0.400987893342972,4074.15,-3.38245743398265,0,"Angola Bay","Angola Bay","Angola Bay1",NA
331,10,1.363,1,17.1581039428711,23572.8712272876,1,7.21543025970459,34.5748725378936,0.395741164684296,4074.15,-3.38245743398265,0,"Angola Bay","Angola Bay","Angola Bay1",NA
332,10,1.363,1,17,23572.8712272876,1,8.66233539581299,34.0850581606898,0.385940313339233,4074.15,-3.38245743398265,0,"Angola Bay","Angola Bay","Angola Bay1",NA
333,10,1.363,1,17.0164489746094,23572.8712272876,1,7.90762519836426,32.8793610021184,0.414166301488876,4074.15,-3.38245743398265,0,"Angola Bay","Angola Bay","Angola Bay1",NA
334,10,1.58,1,17.1000919342041,386.908218028482,1,7.05996465682983,28.7453518537428,0.396986752748489,4074.15,-3.38245743398265,0,"Angola Bay","Angola Bay","Angola Bay1",NA
335,10,1.363,1,17,23572.8712272876,1,9.43233299255371,34.6435829892043,0.397939145565033,4074.15,-3.38245743398265,0,"Angola Bay","Angola Bay","Angola Bay1",NA
336,10,1.363,1,17,23572.8712272876,1,7.75534248352051,30.0638586253239,0.458030551671982,4074.15,-3.38245743398265,0,"Angola Bay","Angola Bay","Angola Bay1",NA
337,10,1.42466666666667,1,17.1000003814697,23903.7583016395,1,6.78237819671631,36.7419023876304,0.461105108261108,4074.15,-3.38245743398265,0,"Angola Bay","Angola Bay","Angola Bay1",NA
338,10,1.363,1,17.1334285736084,23572.8712272876,1,7.45549726486206,29.4395665115397,0.377006322145462,4074.15,-3.38245743398265,0,"Angola Bay","Angola Bay","Angola Bay1",NA
339,10,1.363,1,17,23572.8712272876,1,8.43565082550049,35.7196917201468,0.399537980556488,4074.15,-3.38245743398265,0,"Angola Bay","Angola Bay","Angola Bay1",NA
340,10,1.363,1,16.9194622039795,23572.8712272876,1,7.53761529922485,36.3771528694872,0.481723755598068,4074.15,-3.38245743398265,0,"Angola Bay","Angola Bay","Angola Bay1",NA
341,10,1.363,1,17,23572.8712272876,1,9.55488681793213,34.8000984126309,0.409065157175064,4074.15,-3.38245743398265,0,"Angola Bay","Angola Bay","Angola Bay1",NA
342,10,1.363,1,17.1000003814697,23572.8712272876,1,8.00201225280762,30.5503464825656,0.419644564390182,4074.15,-3.38245743398265,0,"Angola Bay","Angola Bay","Angola Bay1",NA
343,10,1.58,1,17.1508350372314,1001.65094641817,1,5.89841985702515,31.1834721506802,0.476966172456741,4074.15,-3.38245743398265,0,"Angola Bay","Angola Bay","Angola Bay1",NA
344,10,1.363,1,17,23572.8712272876,1,8.26063346862793,36.9784241301251,0.404218226671219,4074.15,-3.38245743398265,0,"Angola Bay","Angola Bay","Angola Bay1",NA
345,10,1.363,1,17,23572.8712272876,1,8.44564723968506,33.736219769669,0.400159567594528,4074.15,-3.38245743398265,0,"Angola Bay","Angola Bay","Angola Bay1",NA
346,10,1.363,1,17.002965927124,23572.8712272876,1,7.76079940795898,30.7539935736876,0.433676153421402,4074.15,-3.38245743398265,0,"Angola Bay","Angola Bay","Angola Bay1",NA
347,10,1.363,1,16.9999980926514,23572.8712272876,1,9.48046493530273,35.3964238191034,0.40346622467041,4074.15,-3.38245743398265,0,"Angola Bay","Angola Bay","Angola Bay1",NA
348,10,1.363,1,17,23572.8712272876,1,8.03263568878174,28.8177574481545,0.42828169465065,4074.15,-3.38245743398265,0,"Angola Bay","Angola Bay","Angola Bay1",NA
349,10,1.363,1,17,23572.8712272876,1,8.13534164428711,32.6187487544508,0.396602302789688,4074.15,-3.38245743398265,0,"Angola Bay","Angola Bay","Angola Bay1",NA
350,10,1.363,1,17,23572.8712272876,1,7.61947059631348,33.4404986759806,0.450480341911316,4074.15,-3.38245743398265,0,"Angola Bay","Angola Bay","Angola Bay1",NA
351,10,1.5524,1,17.2000007629395,1051.17499810147,1,6.13267517089844,33.2769636387401,0.459378927946091,4074.15,-3.38245743398265,0,"Angola Bay","Angola Bay","Angola Bay1",NA
352,10,1.45055555555556,1,17.0547428131104,23966.1628113196,1,7.06510305404663,29.0004800615265,0.398443549871445,4074.15,-3.38245743398265,0,"Angola Bay","Angola Bay","Angola Bay1",NA
353,10,1.465,1,16.9587574005127,23939.9405588052,1,7.17715835571289,37.0079923923783,0.489202082157135,4074.15,-3.38245743398265,0,"Angola Bay","Angola Bay","Angola Bay1",NA
354,10,1.363,1,17.0987968444824,23572.8712272876,1,8.04721450805664,31.5127388208168,0.388155460357666,4074.15,-3.38245743398265,0,"Angola Bay","Angola Bay","Angola Bay1",NA
355,10,1.363,1,17.1609325408936,23572.8712272876,1,7.20366430282593,34.5818011711374,0.425015300512314,4074.15,-3.38245743398265,0,"Angola Bay","Angola Bay","Angola Bay1",NA
356,10,1.57,0,17.2999992370605,476.897960498199,1,5.78088617324829,27.2589662532283,0.487191259860992,4074.15,-3.38245743398265,0,"Angola Bay","Angola Bay","Angola Bay1",NA
357,10,1.363,1,16.9000015258789,23572.8712272876,1,9.28812503814697,37.9879865986645,0.424288988113403,4074.15,-3.38245743398265,0,"Angola Bay","Angola Bay","Angola Bay1",NA
358,10,1.363,1,17.1880302429199,23572.8712272876,1,7.33208417892456,34.8266366720118,0.432696610689163,4074.15,-3.38245743398265,0,"Angola Bay","Angola Bay","Angola Bay1",NA
359,10,1.363,1,17.0448970794678,23572.8712272876,1,7.05881690979004,32.6127186899354,0.478442698717117,4074.15,-3.38245743398265,0,"Angola Bay","Angola Bay","Angola Bay1",NA
360,10,1.363,1,17,23572.8712272876,1,8.83448314666748,36.5056685726506,0.412306249141693,4074.15,-3.38245743398265,0,"Angola Bay","Angola Bay","Angola Bay1",NA
362,10,1.58,1,17.1993141174316,1001.65094641817,1,5.67158269882202,30.8589782508978,0.474668145179749,4074.15,-3.38245743398265,0,"Angola Bay","Angola Bay","Angola Bay1",NA
363,10,1.363,1,16.9108104705811,23572.8712272876,1,8.78177356719971,37.4369565500093,0.401168644428253,4074.15,-3.38245743398265,0,"Angola Bay","Angola Bay","Angola Bay1",NA
364,10,1.363,1,17.1000003814697,23572.8712272876,1,6.75848865509033,32.1927690583617,0.47569665312767,4074.15,-3.38245743398265,0,"Angola Bay","Angola Bay","Angola Bay1",NA
365,10,1.363,1,16.9974670410156,23572.8712272876,1,7.37106084823608,35.9631760225334,0.460556834936142,4074.15,-3.38245743398265,0,"Angola Bay","Angola Bay","Angola Bay1",NA
366,10,1.363,1,17,23572.8712272876,1,8.29812431335449,35.4566245337081,0.431748539209366,4074.15,-3.38245743398265,0,"Angola Bay","Angola Bay","Angola Bay1",NA
367,10,1.363,1,17.1000003814697,23572.8712272876,1,7.2443265914917,33.178434008295,0.476531445980072,4074.15,-3.38245743398265,0,"Angola Bay","Angola Bay","Angola Bay1",NA
368,10,1.363,1,17.0980796813965,23572.8712272876,1,7.2864031791687,32.5573555548771,0.465350121259689,4074.15,-3.38245743398265,0,"Angola Bay","Angola Bay","Angola Bay1",NA
370,10,1.363,1,17.0009460449219,23572.8712272876,1,7.83698177337646,35.6870777851617,0.460941672325134,4074.15,-3.38245743398265,0,"Angola Bay","Angola Bay","Angola Bay1",NA
371,10,1.445625,1,17.1391563415527,24112.9605361472,1,6.70970916748047,36.1606072459023,0.399343818426132,4074.15,-3.38245743398265,0,"Angola Bay","Angola Bay","Angola Bay1",NA
372,10,1.363,1,17,23572.8712272876,1,7.49311113357544,33.4257555214839,0.476033270359039,4074.15,-3.38245743398265,0,"Angola Bay","Angola Bay","Angola Bay1",NA
373,10,1.363,1,17.0190620422363,23572.8712272876,1,8.15798950195312,31.8658644308751,0.407730758190155,4074.15,-3.38245743398265,0,"Angola Bay","Angola Bay","Angola Bay1",NA
374,10,1.548,0,17.2342967987061,365.805551682688,1,7.55015802383423,28.0717397088451,0.390926241874695,4074.15,-3.38245743398265,0,"Angola Bay","Angola Bay","Angola Bay1",NA
375,10,1.363,1,17.1000003814697,23572.8712272876,1,6.60409545898438,31.8456633647888,0.481545329093933,4074.15,-3.38245743398265,0,"Angola Bay","Angola Bay","Angola Bay1",NA
376,10,1.363,1,17.1000003814697,23572.8712272876,1,7.64501476287842,31.0578404430102,0.401336401700974,4074.15,-3.38245743398265,0,"Angola Bay","Angola Bay","Angola Bay1",NA
377,10,1.363,1,16.9889640808105,23572.8712272876,1,8.96575164794922,37.0831321733543,0.409488588571548,4074.15,-3.38245743398265,0,"Angola Bay","Angola Bay","Angola Bay1",NA
378,10,1.363,1,17,23572.8712272876,1,9.3794412612915,36.0095193981081,0.409886807203293,4074.15,-3.38245743398265,0,"Angola Bay","Angola Bay","Angola Bay1",NA
379,10,1.363,1,17,23572.8712272876,1,8.48102474212646,35.6022325775212,0.399301022291183,4074.15,-3.38245743398265,0,"Angola Bay","Angola Bay","Angola Bay1",NA
380,10,1.363,1,17,23572.8712272876,1,8.2112455368042,29.6178508215272,0.428904145956039,4074.15,-3.38245743398265,0,"Angola Bay","Angola Bay","Angola Bay1",NA
381,10,1.363,1,16.8999977111816,23572.8712272876,1,8.37477874755859,37.5571306531356,0.420749813318253,4074.15,-3.38245743398265,0,"Angola Bay","Angola Bay","Angola Bay1",NA
382,10,1.363,1,17.043342590332,23572.8712272876,1,8.90575981140137,33.266904841763,0.414740830659866,4074.15,-3.38245743398265,0,"Angola Bay","Angola Bay","Angola Bay1",NA
383,10,1.363,1,17.1296672821045,23572.8712272876,1,6.98862743377686,35.1627242602497,0.453304022550583,4074.15,-3.38245743398265,0,"Angola Bay","Angola Bay","Angola Bay1",NA
384,10,1.363,1,17.0150108337402,23572.8712272876,1,7.67611265182495,35.6216244591964,0.446069657802582,4074.15,-3.38245743398265,0,"Angola Bay","Angola Bay","Angola Bay1",NA
386,10,1.363,1,17.0312976837158,23572.8712272876,1,7.94455528259277,34.2146056077281,0.415352046489716,4074.15,-3.38245743398265,0,"Angola Bay","Angola Bay","Angola Bay1",NA
387,10,1.42466666666667,1,17.1560115814209,23938.6767789702,1,7.61320352554321,29.5299511160687,0.360122293233871,4074.15,-3.38245743398265,0,"Angola Bay","Angola Bay","Angola Bay1",NA
388,10,1.363,1,17.1000003814697,23572.8712272876,1,8.03533935546875,34.9051661474611,0.434982031583786,4074.15,-3.38245743398265,0,"Angola Bay","Angola Bay","Angola Bay1",NA
1,44.0005012645815,1.363,1,17,23572.8712272876,0,8.23187923431396,29.9198739382434,0.43287268280983,4074.15,-3.38245743398265,0,"Angola Bay","Angola Bay","Angola Bay1",NA
2,44.0005012645815,1.363,1,17,23572.8712272876,0,7.7336163520813,30.8074042077678,0.461367338895798,4074.15,-3.38245743398265,0,"Angola Bay","Angola Bay","Angola Bay1",NA
3,44.0005012645815,1.363,1,17.0496139526367,23572.8712272876,0,8.17982864379883,32.4687172143267,0.418965607881546,4074.15,-3.38245743398265,0,"Angola Bay","Angola Bay","Angola Bay1",NA
4,44.0005012645815,1.363,1,17,23572.8712272876,0,8.16476535797119,29.2026606781874,0.447705298662186,4074.15,-3.38245743398265,0,"Angola Bay","Angola Bay","Angola Bay1",NA
5,44.0005012645815,1.548,0,17.3024768829346,365.805551682688,0,7.43183279037476,28.1626417062518,0.326946258544922,4074.15,-3.38245743398265,0,"Angola Bay","Angola Bay","Angola Bay1",NA
6,44.0005012645815,1.363,1,17.0000019073486,23572.8712272876,0,9.20600128173828,33.9443346873547,0.411056578159332,4074.15,-3.38245743398265,0,"Angola Bay","Angola Bay","Angola Bay1",NA
9,44.0005012645815,1.363,1,17,23572.8712272876,0,8.36710453033447,36.1983076562026,0.404702723026276,4074.15,-3.38245743398265,0,"Angola Bay","Angola Bay","Angola Bay1",NA
10,44.0005012645815,1.41307692307692,1,17.1992855072021,23691.5633373432,0,7.01588916778564,34.1996286777865,0.398347109556198,4074.15,-3.38245743398265,0,"Angola Bay","Angola Bay","Angola Bay1",NA
11,44.0005012645815,1.42466666666667,1,17.1000003814697,23581.8771191621,0,7.41746711730957,29.3641810017366,0.429786741733551,4074.15,-3.38245743398265,0,"Angola Bay","Angola Bay","Angola Bay1",NA
12,44.0005012645815,1.363,1,17.1999988555908,23572.8712272876,0,7.08223104476929,34.1977745115874,0.404337972402573,4074.15,-3.38245743398265,0,"Angola Bay","Angola Bay","Angola Bay1",NA
13,44.0005012645815,1.4555,1,17,23590.433176688,0,7.51351451873779,28.9927416866763,0.406245321035385,4074.15,-3.38245743398265,0,"Angola Bay","Angola Bay","Angola Bay1",NA
14,44.0005012645815,1.363,1,16.8999996185303,23572.8712272876,0,9.61332893371582,37.0779497308945,0.405937194824219,4074.15,-3.38245743398265,0,"Angola Bay","Angola Bay","Angola Bay1",NA
16,44.0005012645815,1.41307692307692,1,17.1000003814697,23959.779445316,0,7.16373443603516,28.7326752506484,0.390509366989136,4074.15,-3.38245743398265,0,"Angola Bay","Angola Bay","Angola Bay1",NA
18,44.0005012645815,1.363,1,17.1764831542969,23572.8712272876,0,7.43820238113403,30.0659105142735,0.397142291069031,4074.15,-3.38245743398265,0,"Angola Bay","Angola Bay","Angola Bay1",NA
19,44.0005012645815,1.363,1,17,23572.8712272876,0,8.93905162811279,32.8119252178363,0.403592109680176,4074.15,-3.38245743398265,0,"Angola Bay","Angola Bay","Angola Bay1",NA
20,44.0005012645815,1.363,1,17.0963382720947,23572.8712272876,0,6.9159345626831,33.5461447276525,0.461516857147217,4074.15,-3.38245743398265,0,"Angola Bay","Angola Bay","Angola Bay1",NA
21,44.0005012645815,1.363,1,17,23572.8712272876,0,7.34520053863525,32.9166437322485,0.406589478254318,4074.15,-3.38245743398265,0,"Angola Bay","Angola Bay","Angola Bay1",NA
22,44.0005012645815,1.44857142857143,1,17.1605014801025,24752.4221783743,0,5.81584548950195,35.6913542108707,0.414801806211472,4074.15,-3.38245743398265,0,"Angola Bay","Angola Bay","Angola Bay1",NA
23,44.0005012645815,1.363,1,17.0001907348633,23572.8712272876,0,8.19267463684082,35.2835862304366,0.393978446722031,4074.15,-3.38245743398265,0,"Angola Bay","Angola Bay","Angola Bay1",NA
24,44.0005012645815,1.363,1,17,23572.8712272876,0,7.3048095703125,35.4265826975074,0.467404276132584,4074.15,-3.38245743398265,0,"Angola Bay","Angola Bay","Angola Bay1",NA
25,44.0005012645815,1.363,1,17.0000038146973,23572.8712272876,0,7.6212968826294,30.5769776427135,0.491164684295654,4074.15,-3.38245743398265,0,"Angola Bay","Angola Bay","Angola Bay1",NA
26,44.0005012645815,1.363,1,17.1000003814697,23572.8712272876,0,7.21825885772705,33.0700514810228,0.485492467880249,4074.15,-3.38245743398265,0,"Angola Bay","Angola Bay","Angola Bay1",NA
27,44.0005012645815,1.363,1,16.9999980926514,23572.8712272876,0,7.9656548500061,33.4887891075481,0.419245153665543,4074.15,-3.38245743398265,0,"Angola Bay","Angola Bay","Angola Bay1",NA
28,44.0005012645815,1.363,1,17,23572.8712272876,0,7.38721036911011,34.2328343677952,0.452666312456131,4074.15,-3.38245743398265,0,"Angola Bay","Angola Bay","Angola Bay1",NA
29,44.0005012645815,1.363,1,17,23572.8712272876,0,8.38672542572021,31.3807828138912,0.449026048183441,4074.15,-3.38245743398265,0,"Angola Bay","Angola Bay","Angola Bay1",NA
30,44.0005012645815,1.363,1,17,23572.8712272876,0,7.90373039245605,30.8294701159808,0.45094421505928,4074.15,-3.38245743398265,0,"Angola Bay","Angola Bay","Angola Bay1",NA
32,44.0005012645815,1.363,1,17,23572.8712272876,0,8.22311401367188,35.7027425866621,0.44218721985817,4074.15,-3.38245743398265,0,"Angola Bay","Angola Bay","Angola Bay1",NA
33,44.0005012645815,1.363,1,17,23572.8712272876,0,8.59404563903809,34.7925203823838,0.414096236228943,4074.15,-3.38245743398265,0,"Angola Bay","Angola Bay","Angola Bay1",NA
34,44.0005012645815,1.363,1,16.9779396057129,23572.8712272876,0,9.62788581848145,36.3003889228278,0.402166724205017,4074.15,-3.38245743398265,0,"Angola Bay","Angola Bay","Angola Bay1",NA
35,44.0005012645815,1.363,1,17.0105648040771,23572.8712272876,0,7.38184642791748,33.4388989952683,0.485365748405457,4074.15,-3.38245743398265,0,"Angola Bay","Angola Bay","Angola Bay1",NA
36,44.0005012645815,1.363,1,16.8999996185303,23572.8712272876,0,7.72511911392212,37.2332303988907,0.48063513636589,4074.15,-3.38245743398265,0,"Angola Bay","Angola Bay","Angola Bay1",NA
37,44.0005012645815,1.363,1,17.0746192932129,23572.8712272876,0,8.14811992645264,35.2488126706985,0.423614025115967,4074.15,-3.38245743398265,0,"Angola Bay","Angola Bay","Angola Bay1",NA
38,44.0005012645815,1.363,1,16.8999996185303,23572.8712272876,0,7.65640258789062,36.8638547008151,0.466630816459656,4074.15,-3.38245743398265,0,"Angola Bay","Angola Bay","Angola Bay1",NA
39,44.0005012645815,1.62,0,17.3198890686035,258.402511754222,0,5.99089431762695,27.2438930170052,0.428141504526138,4074.15,-3.38245743398265,0,"Angola Bay","Angola Bay","Angola Bay1",NA
40,44.0005012645815,1.363,1,17,23572.8712272876,0,9.20556545257568,34.3108551210061,0.383363366127014,4074.15,-3.38245743398265,0,"Angola Bay","Angola Bay","Angola Bay1",NA
41,44.0005012645815,1.363,1,16.9000015258789,23572.8712272876,0,8.20548343658447,37.6062221214154,0.452709197998047,4074.15,-3.38245743398265,0,"Angola Bay","Angola Bay","Angola Bay1",NA
42,44.0005012645815,1.363,1,17.2699775695801,39.8625197724092,0,6.54604625701904,29.6996343577583,0.234164461493492,4074.15,-3.38245743398265,0,"Angola Bay","Angola Bay","Angola Bay1",NA
43,44.0005012645815,1.363,1,17,23572.8712272876,0,9.3354024887085,34.1006227712415,0.416820466518402,4074.15,-3.38245743398265,0,"Angola Bay","Angola Bay","Angola Bay1",NA
44,44.0005012645815,1.363,1,17.1000003814697,23572.8712272876,0,7.78094244003296,31.290047149156,0.397814571857452,4074.15,-3.38245743398265,0,"Angola Bay","Angola Bay","Angola Bay1",NA
45,44.0005012645815,1.363,1,17.1000003814697,23572.8712272876,0,7.41128206253052,29.314382437167,0.446733832359314,4074.15,-3.38245743398265,0,"Angola Bay","Angola Bay","Angola Bay1",NA
46,44.0005012645815,1.363,1,17.0755310058594,23572.8712272876,0,8.10026454925537,31.5273825388984,0.414412379264832,4074.15,-3.38245743398265,0,"Angola Bay","Angola Bay","Angola Bay1",NA
47,44.0005012645815,1.548,0,17.2667999267578,365.805551682688,0,7.3082971572876,27.6931423968832,0.383906722068787,4074.15,-3.38245743398265,0,"Angola Bay","Angola Bay","Angola Bay1",NA
48,44.0005012645815,1.363,1,17.077672958374,23572.8712272876,0,7.31870651245117,32.9932001140681,0.483899414539337,4074.15,-3.38245743398265,0,"Angola Bay","Angola Bay","Angola Bay1",NA
49,44.0005012645815,1.363,1,17.1000003814697,23572.8712272876,0,7.78130674362183,31.02183258177,0.399529278278351,4074.15,-3.38245743398265,0,"Angola Bay","Angola Bay","Angola Bay1",NA
50,44.0005012645815,1.363,1,17.041145324707,23572.8712272876,0,7.47841882705688,30.1632844985499,0.463615477085114,4074.15,-3.38245743398265,0,"Angola Bay","Angola Bay","Angola Bay1",NA
52,44.0005012645815,1.56857142857143,1,17.2042789459229,823.154537228122,0,6.89754056930542,27.8645474437904,0.414766520261765,4074.15,-3.38245743398265,0,"Angola Bay","Angola Bay","Angola Bay1",NA
53,44.0005012645815,1.363,1,17.1000003814697,23572.8712272876,0,8.09847736358643,31.146173705334,0.398835718631744,4074.15,-3.38245743398265,0,"Angola Bay","Angola Bay","Angola Bay1",NA
54,44.0005012645815,1.363,1,17.1000003814697,23572.8712272876,0,7.47652578353882,32.3117443706042,0.477113038301468,4074.15,-3.38245743398265,0,"Angola Bay","Angola Bay","Angola Bay1",NA
55,44.0005012645815,1.363,1,17.1000003814697,23572.8712272876,0,7.33030891418457,29.1246270047021,0.461220324039459,4074.15,-3.38245743398265,0,"Angola Bay","Angola Bay","Angola Bay1",NA
56,44.0005012645815,1.363,1,17,23572.8712272876,0,8.18678283691406,29.2759603044343,0.43615448474884,4074.15,-3.38245743398265,0,"Angola Bay","Angola Bay","Angola Bay1",NA
57,44.0005012645815,1.363,1,17,23572.8712272876,0,8.64128589630127,32.146704304308,0.451597690582275,4074.15,-3.38245743398265,0,"Angola Bay","Angola Bay","Angola Bay1",NA
58,44.0005012645815,1.363,1,17,23572.8712272876,0,7.25293493270874,28.130535987191,0.443752467632294,4074.15,-3.38245743398265,0,"Angola Bay","Angola Bay","Angola Bay1",NA
59,44.0005012645815,1.363,1,17.087911605835,23572.8712272876,0,7.32605409622192,32.7109059101524,0.38612973690033,4074.15,-3.38245743398265,0,"Angola Bay","Angola Bay","Angola Bay1",NA
60,44.0005012645815,1.363,1,17,23572.8712272876,0,7.91083383560181,33.7650070037718,0.442313015460968,4074.15,-3.38245743398265,0,"Angola Bay","Angola Bay","Angola Bay1",NA
61,44.0005012645815,1.363,1,17.1000003814697,23572.8712272876,0,8.08501529693604,31.2815729088186,0.407854229211807,4074.15,-3.38245743398265,0,"Angola Bay","Angola Bay","Angola Bay1",NA
62,44.0005012645815,1.363,1,17.0000019073486,23572.8712272876,0,9.32299423217773,35.1203441452899,0.400126397609711,4074.15,-3.38245743398265,0,"Angola Bay","Angola Bay","Angola Bay1",NA
63,44.0005012645815,1.363,1,16.9000015258789,23572.8712272876,0,8.99084949493408,37.855928786584,0.417627274990082,4074.15,-3.38245743398265,0,"Angola Bay","Angola Bay","Angola Bay1",NA
64,44.0005012645815,1.363,1,17,23572.8712272876,0,8.57835006713867,31.8800902157653,0.443071067333221,4074.15,-3.38245743398265,0,"Angola Bay","Angola Bay","Angola Bay1",NA
65,44.0005012645815,1.58,1,17.2164211273193,755.861500209799,0,5.36881446838379,27.3614399433532,0.47159218788147,4074.15,-3.38245743398265,0,"Angola Bay","Angola Bay","Angola Bay1",NA
66,44.0005012645815,1.363,1,17,23572.8712272876,0,8.67394638061523,33.7639835446203,0.422776460647583,4074.15,-3.38245743398265,0,"Angola Bay","Angola Bay","Angola Bay1",NA
67,44.0005012645815,1.363,1,17.1479320526123,23572.8712272876,0,7.1529712677002,34.8382966147044,0.501504600048065,4074.15,-3.38245743398265,0,"Angola Bay","Angola Bay","Angola Bay1",NA
68,44.0005012645815,1.363,1,17.1000003814697,23572.8712272876,0,7.24604034423828,32.4624493010683,0.3910171687603,4074.15,-3.38245743398265,0,"Angola Bay","Angola Bay","Angola Bay1",NA
69,44.0005012645815,1.44666666666667,1,17.1088752746582,424.96240657094,0,6.50359106063843,32.5860993170831,0.386824250221252,4074.15,-3.38245743398265,0,"Angola Bay","Angola Bay","Angola Bay1",NA
70,44.0005012645815,1.536,1,17.2000007629395,1144.79476798189,0,5.62851238250732,30.348410204969,0.40828138589859,4074.15,-3.38245743398265,0,"Angola Bay","Angola Bay","Angola Bay1",NA
72,44.0005012645815,1.363,1,16.8229751586914,23572.8712272876,0,9.12268829345703,38.3203320851431,0.413924723863602,4074.15,-3.38245743398265,0,"Angola Bay","Angola Bay","Angola Bay1",NA
73,44.0005012645815,1.4175,1,17.1440124511719,24277.6018218012,0,6.57863473892212,35.4312959534423,0.431148171424866,4074.15,-3.38245743398265,0,"Angola Bay","Angola Bay","Angola Bay1",NA
74,44.0005012645815,1.363,1,17.1000022888184,23572.8712272876,0,7.40457439422607,32.1860458611335,0.423780351877213,4074.15,-3.38245743398265,0,"Angola Bay","Angola Bay","Angola Bay1",NA
75,44.0005012645815,1.363,1,16.9808177947998,23572.8712272876,0,9.08749103546143,37.3007414475305,0.414628922939301,4074.15,-3.38245743398265,0,"Angola Bay","Angola Bay","Angola Bay1",NA
76,44.0005012645815,1.363,1,16.9381313323975,23572.8712272876,0,9.44113349914551,36.6003234120724,0.399735867977142,4074.15,-3.38245743398265,0,"Angola Bay","Angola Bay","Angola Bay1",NA
77,44.0005012645815,1.41307692307692,1,17.1840419769287,23691.5633373432,0,6.16527128219604,33.5448291298227,0.440196990966797,4074.15,-3.38245743398265,0,"Angola Bay","Angola Bay","Angola Bay1",NA
78,44.0005012645815,1.548,0,17.2567596435547,396.356369708844,0,7.29095840454102,29.3287269780849,0.324651777744293,4074.15,-3.38245743398265,0,"Angola Bay","Angola Bay","Angola Bay1",NA
79,44.0005012645815,1.363,1,17,23572.8712272876,0,8.01493453979492,34.2753421483091,0.436625838279724,4074.15,-3.38245743398265,0,"Angola Bay","Angola Bay","Angola Bay1",NA
80,44.0005012645815,1.363,1,17,23572.8712272876,0,8.4221363067627,30.5036865952892,0.43211030960083,4074.15,-3.38245743398265,0,"Angola Bay","Angola Bay","Angola Bay1",NA
81,44.0005012645815,1.363,1,17,23572.8712272876,0,7.519944190979,33.8385171080126,0.468843281269073,4074.15,-3.38245743398265,0,"Angola Bay","Angola Bay","Angola Bay1",NA
82,44.0005012645815,1.52333333333333,0,17.2427158355713,89.7518914688712,0,6.15089225769043,30.3856832087757,0.367500483989716,4074.15,-3.38245743398265,0,"Angola Bay","Angola Bay","Angola Bay1",NA
83,44.0005012645815,1.41307692307692,1,17.1995582580566,504.776961415483,0,6.0977578163147,27.8615246081255,0.4862479865551,4074.15,-3.38245743398265,0,"Angola Bay","Angola Bay","Angola Bay1",NA
84,44.0005012645815,1.548,0,17.2826843261719,365.805551682688,0,6.96960926055908,27.594656936667,0.413402915000916,4074.15,-3.38245743398265,0,"Angola Bay","Angola Bay","Angola Bay1",NA
85,44.0005012645815,1.363,1,17.0380687713623,23572.8712272876,0,8.83945083618164,33.5344351673011,0.416661590337753,4074.15,-3.38245743398265,0,"Angola Bay","Angola Bay","Angola Bay1",NA
86,44.0005012645815,1.363,1,17.0593547821045,23572.8712272876,0,7.48800134658813,33.0137664867164,0.393196702003479,4074.15,-3.38245743398265,0,"Angola Bay","Angola Bay","Angola Bay1",NA
87,44.0005012645815,1.363,1,17.0182228088379,23572.8712272876,0,7.39983177185059,33.0235349405541,0.48726037144661,4074.15,-3.38245743398265,0,"Angola Bay","Angola Bay","Angola Bay1",NA
88,44.0005012645815,1.41307692307692,1,17.1998023986816,23691.5633373432,0,6.82648181915283,33.669737239847,0.397101908922195,4074.15,-3.38245743398265,0,"Angola Bay","Angola Bay","Angola Bay1",NA
89,44.0005012645815,1.363,1,17,23572.8712272876,0,8.4276123046875,29.79412757394,0.428480952978134,4074.15,-3.38245743398265,0,"Angola Bay","Angola Bay","Angola Bay1",NA
90,44.0005012645815,1.363,1,17,23572.8712272876,0,8.16842842102051,36.0899117060333,0.416299164295197,4074.15,-3.38245743398265,0,"Angola Bay","Angola Bay","Angola Bay1",NA
91,44.0005012645815,1.363,1,17.1000003814697,23572.8712272876,0,7.18500137329102,29.1516320086683,0.436695665121078,4074.15,-3.38245743398265,0,"Angola Bay","Angola Bay","Angola Bay1",NA
92,44.0005012645815,1.42466666666667,1,17.1000003814697,23581.8771191621,0,7.51853036880493,29.7257807521651,0.409743577241898,4074.15,-3.38245743398265,0,"Angola Bay","Angola Bay","Angola Bay1",NA
93,44.0005012645815,1.363,1,17.1000003814697,23572.8712272876,0,7.59023952484131,31.4775570035795,0.394983917474747,4074.15,-3.38245743398265,0,"Angola Bay","Angola Bay","Angola Bay1",NA
94,44.0005012645815,1.363,1,17,23572.8712272876,0,8.18353939056396,31.2123088525527,0.440139591693878,4074.15,-3.38245743398265,0,"Angola Bay","Angola Bay","Angola Bay1",NA
95,44.0005012645815,1.58,1,17.1883449554443,755.861500209799,0,5.80858659744263,27.7260596090529,0.495047599077225,4074.15,-3.38245743398265,0,"Angola Bay","Angola Bay","Angola Bay1",NA
96,44.0005012645815,1.363,1,17.0921516418457,23572.8712272876,0,7.81365299224854,34.5687829858238,0.455736875534058,4074.15,-3.38245743398265,0,"Angola Bay","Angola Bay","Angola Bay1",NA
97,44.0005012645815,1.363,1,17,23572.8712272876,0,7.97454118728638,32.7967400701285,0.434402197599411,4074.15,-3.38245743398265,0,"Angola Bay","Angola Bay","Angola Bay1",NA
98,44.0005012645815,1.363,1,17.0957908630371,23572.8712272876,0,7.96020793914795,32.2130675808129,0.41541138291359,4074.15,-3.38245743398265,0,"Angola Bay","Angola Bay","Angola Bay1",NA
99,44.0005012645815,1.363,1,17,23572.8712272876,0,8.03094005584717,34.2631582819462,0.424900680780411,4074.15,-3.38245743398265,0,"Angola Bay","Angola Bay","Angola Bay1",NA
100,44.0005012645815,1.41307692307692,1,17.1000003814697,23959.779445316,0,6.82835245132446,28.5878753485661,0.386730641126633,4074.15,-3.38245743398265,0,"Angola Bay","Angola Bay","Angola Bay1",NA
101,44.0005012645815,1.363,1,17.1244812011719,23572.8712272876,0,7.61539173126221,30.6844039904525,0.400675684213638,4074.15,-3.38245743398265,0,"Angola Bay","Angola Bay","Angola Bay1",NA
102,44.0005012645815,1.45588235294118,1,17,23611.2098962007,0,7.61546850204468,28.3288389378358,0.405074030160904,4074.15,-3.38245743398265,0,"Angola Bay","Angola Bay","Angola Bay1",NA
103,44.0005012645815,1.363,1,17.0846462249756,23572.8712272876,0,7.53051090240479,35.255738057562,0.457170814275742,4074.15,-3.38245743398265,0,"Angola Bay","Angola Bay","Angola Bay1",NA
105,44.0005012645815,1.363,1,16.9999980926514,23572.8712272876,0,8.47640037536621,31.228535322927,0.439528852701187,4074.15,-3.38245743398265,0,"Angola Bay","Angola Bay","Angola Bay1",NA
106,44.0005012645815,1.363,1,16.8999996185303,23572.8712272876,0,9.53841209411621,36.7786186337584,0.395347207784653,4074.15,-3.38245743398265,0,"Angola Bay","Angola Bay","Angola Bay1",NA
107,44.0005012645815,1.363,1,17,23572.8712272876,0,7.6419882774353,30.4958470493489,0.4659443795681,4074.15,-3.38245743398265,0,"Angola Bay","Angola Bay","Angola Bay1",NA
108,44.0005012645815,1.363,1,17.0333976745605,23572.8712272876,0,7.97770261764526,31.9348428948161,0.402895957231522,4074.15,-3.38245743398265,0,"Angola Bay","Angola Bay","Angola Bay1",NA
109,44.0005012645815,1.363,1,17.0719871520996,23572.8712272876,0,8.74349498748779,32.4054571368477,0.44344437122345,4074.15,-3.38245743398265,0,"Angola Bay","Angola Bay","Angola Bay1",NA
110,44.0005012645815,1.363,1,17.0878505706787,23572.8712272876,0,7.16739654541016,29.2955158140725,0.435507386922836,4074.15,-3.38245743398265,0,"Angola Bay","Angola Bay","Angola Bay1",NA
111,44.0005012645815,1.363,1,17.0265140533447,23572.8712272876,0,8.11902523040771,32.9836574388232,0.450841277837753,4074.15,-3.38245743398265,0,"Angola Bay","Angola Bay","Angola Bay1",NA
112,44.0005012645815,1.363,1,17.0454387664795,23572.8712272876,0,8.07981395721436,33.3600158060378,0.460293710231781,4074.15,-3.38245743398265,0,"Angola Bay","Angola Bay","Angola Bay1",NA
113,44.0005012645815,1.363,1,16.9706592559814,23572.8712272876,0,9.27141761779785,36.2937638668675,0.404016971588135,4074.15,-3.38245743398265,0,"Angola Bay","Angola Bay","Angola Bay1",NA
114,44.0005012645815,1.363,1,17.1482372283936,23572.8712272876,0,7.36120414733887,29.3148602107284,0.400957822799683,4074.15,-3.38245743398265,0,"Angola Bay","Angola Bay","Angola Bay1",NA
116,44.0005012645815,1.56,1,17.2002048492432,454.201255046804,0,6.77033042907715,27.8249406133871,0.398825645446777,4074.15,-3.38245743398265,0,"Angola Bay","Angola Bay","Angola Bay1",NA
117,44.0005012645815,1.363,1,17,23572.8712272876,0,9.05828762054443,35.3029413110441,0.418840765953064,4074.15,-3.38245743398265,0,"Angola Bay","Angola Bay","Angola Bay1",NA
118,44.0005012645815,1.363,1,17.1000003814697,23572.8712272876,0,6.95585584640503,31.465234871962,0.434156745672226,4074.15,-3.38245743398265,0,"Angola Bay","Angola Bay","Angola Bay1",NA
119,44.0005012645815,1.363,1,17.0067558288574,23572.8712272876,0,8.28446960449219,35.3562924598679,0.418465346097946,4074.15,-3.38245743398265,0,"Angola Bay","Angola Bay","Angola Bay1",NA
121,44.0005012645815,1.363,1,16.8988037109375,23572.8712272876,0,8.45760440826416,38.3613181445712,0.452939867973328,4074.15,-3.38245743398265,0,"Angola Bay","Angola Bay","Angola Bay1",NA
122,44.0005012645815,1.363,1,17.1000003814697,23572.8712272876,0,7.1583104133606,33.5373040377544,0.461718022823334,4074.15,-3.38245743398265,0,"Angola Bay","Angola Bay","Angola Bay1",NA
123,44.0005012645815,1.363,1,17,23572.8712272876,0,7.88796854019165,36.1189221548405,0.448330104351044,4074.15,-3.38245743398265,0,"Angola Bay","Angola Bay","Angola Bay1",NA
124,44.0005012645815,1.59,1,17.2000007629395,1012.6400834208,0,5.1087703704834,30.4814014414404,0.405473053455353,4074.15,-3.38245743398265,0,"Angola Bay","Angola Bay","Angola Bay1",NA
125,44.0005012645815,1.363,1,17.0645389556885,23572.8712272876,0,7.46247625350952,35.1315967619316,0.478648394346237,4074.15,-3.38245743398265,0,"Angola Bay","Angola Bay","Angola Bay1",NA
126,44.0005012645815,1.363,1,17,23572.8712272876,0,7.9993782043457,31.2332820972816,0.414386928081512,4074.15,-3.38245743398265,0,"Angola Bay","Angola Bay","Angola Bay1",NA
127,44.0005012645815,1.363,1,16.9999980926514,23572.8712272876,0,8.33209609985352,36.567773310199,0.403139740228653,4074.15,-3.38245743398265,0,"Angola Bay","Angola Bay","Angola Bay1",NA
128,44.0005012645815,1.363,1,17.0000019073486,23572.8712272876,0,8.44850254058838,31.569606099938,0.452792018651962,4074.15,-3.38245743398265,0,"Angola Bay","Angola Bay","Angola Bay1",NA
129,44.0005012645815,1.363,1,17.0964775085449,23572.8712272876,0,8.00442314147949,31.11712197614,0.404628664255142,4074.15,-3.38245743398265,0,"Angola Bay","Angola Bay","Angola Bay1",NA
130,44.0005012645815,1.363,1,17.0486316680908,23572.8712272876,0,7.70964002609253,34.877982304487,0.41535747051239,4074.15,-3.38245743398265,0,"Angola Bay","Angola Bay","Angola Bay1",NA
131,44.0005012645815,1.363,1,17,23572.8712272876,0,8.50021839141846,31.6100055040553,0.467162817716599,4074.15,-3.38245743398265,0,"Angola Bay","Angola Bay","Angola Bay1",NA
132,44.0005012645815,1.363,1,16.9999980926514,23572.8712272876,0,9.31179428100586,35.9810362967698,0.416392117738724,4074.15,-3.38245743398265,0,"Angola Bay","Angola Bay","Angola Bay1",NA
133,44.0005012645815,1.363,1,17.1000003814697,23572.8712272876,0,7.8546257019043,29.7144936688593,0.413428455591202,4074.15,-3.38245743398265,0,"Angola Bay","Angola Bay","Angola Bay1",NA
134,44.0005012645815,1.51333333333333,1,17.1393966674805,1426.61335298911,0,6.64082908630371,32.3226874967449,0.407349616289139,4074.15,-3.38245743398265,0,"Angola Bay","Angola Bay","Angola Bay1",NA
135,44.0005012645815,1.46578947368421,1,17.1076507568359,873.7302435968,0,6.05787134170532,28.0696662291006,0.487706273794174,4074.15,-3.38245743398265,0,"Angola Bay","Angola Bay","Angola Bay1",NA
136,44.0005012645815,1.363,1,17,23572.8712272876,0,9.14884281158447,35.6989473030553,0.401108711957932,4074.15,-3.38245743398265,0,"Angola Bay","Angola Bay","Angola Bay1",NA
137,44.0005012645815,1.363,1,17.1000003814697,23572.8712272876,0,7.31974840164185,29.5727567173862,0.382390022277832,4074.15,-3.38245743398265,0,"Angola Bay","Angola Bay","Angola Bay1",NA
138,44.0005012645815,1.363,1,17.0915546417236,23572.8712272876,0,7.60084056854248,32.7826726529393,0.383103668689728,4074.15,-3.38245743398265,0,"Angola Bay","Angola Bay","Angola Bay1",NA
139,44.0005012645815,1.363,1,17.1000003814697,23572.8712272876,0,6.94207143783569,28.9087039221167,0.3265680372715,4074.15,-3.38245743398265,0,"Angola Bay","Angola Bay","Angola Bay1",NA
140,44.0005012645815,1.363,1,17.1000003814697,23572.8712272876,0,7.33614253997803,29.3646542024183,0.439071804285049,4074.15,-3.38245743398265,0,"Angola Bay","Angola Bay","Angola Bay1",NA
141,44.0005012645815,1.363,1,16.8002147674561,23572.8712272876,0,8.98301029205322,38.4500173056669,0.422334492206573,4074.15,-3.38245743398265,0,"Angola Bay","Angola Bay","Angola Bay1",NA
142,44.0005012645815,1.42785714285714,1,17.2000007629395,561.569719296631,0,6.04636716842651,27.5715993221463,0.49216216802597,4074.15,-3.38245743398265,0,"Angola Bay","Angola Bay","Angola Bay1",NA
143,44.0005012645815,1.572,1,17.3078994750977,1081.55704898234,0,7.01230096817017,27.4802517265871,0.447227120399475,4074.15,-3.38245743398265,0,"Angola Bay","Angola Bay","Angola Bay1",NA
145,44.0005012645815,1.57,0,17.2580375671387,476.897960498199,0,5.91629695892334,27.608322783974,0.492888748645782,4074.15,-3.38245743398265,0,"Angola Bay","Angola Bay","Angola Bay1",NA
147,44.0005012645815,1.363,1,16.9314460754395,23572.8712272876,0,9.52109909057617,36.2448252915314,0.407923549413681,4074.15,-3.38245743398265,0,"Angola Bay","Angola Bay","Angola Bay1",NA
148,44.0005012645815,1.363,1,17,23572.8712272876,0,8.34292507171631,29.5842801550478,0.438227325677872,4074.15,-3.38245743398265,0,"Angola Bay","Angola Bay","Angola Bay1",NA
149,44.0005012645815,1.363,1,17.0089702606201,23572.8712272876,0,7.63439416885376,30.320389553439,0.452748000621796,4074.15,-3.38245743398265,0,"Angola Bay","Angola Bay","Angola Bay1",NA
150,44.0005012645815,1.59,1,17.3170871734619,645.310729782703,0,6.643150806427,27.5748624823385,0.391542583703995,4074.15,-3.38245743398265,0,"Angola Bay","Angola Bay","Angola Bay1",NA
151,44.0005012645815,1.363,1,17.1000003814697,23572.8712272876,0,7.67284393310547,31.9059668356527,0.414806425571442,4074.15,-3.38245743398265,0,"Angola Bay","Angola Bay","Angola Bay1",NA
152,44.0005012645815,1.46578947368421,1,17.2000026702881,873.7302435968,0,5.72386980056763,27.4683909864365,0.482218742370605,4074.15,-3.38245743398265,0,"Angola Bay","Angola Bay","Angola Bay1",NA
153,44.0005012645815,1.363,1,17.0014324188232,23572.8712272876,0,7.72290134429932,30.7550537204952,0.43561989068985,4074.15,-3.38245743398265,0,"Angola Bay","Angola Bay","Angola Bay1",NA
154,44.0005012645815,1.363,1,17,23572.8712272876,0,8.53754043579102,35.0275100797211,0.403782218694687,4074.15,-3.38245743398265,0,"Angola Bay","Angola Bay","Angola Bay1",NA
155,44.0005012645815,1.41307692307692,1,17.2000007629395,23691.5633373432,0,6.9115777015686,33.7081732781113,0.429928332567215,4074.15,-3.38245743398265,0,"Angola Bay","Angola Bay","Angola Bay1",NA
156,44.0005012645815,1.363,1,17.0134105682373,23572.8712272876,0,7.41698217391968,33.7335890107318,0.46267893910408,4074.15,-3.38245743398265,0,"Angola Bay","Angola Bay","Angola Bay1",NA
157,44.0005012645815,1.363,1,16.9058818817139,23572.8712272876,0,9.24075412750244,37.6946848535793,0.415285736322403,4074.15,-3.38245743398265,0,"Angola Bay","Angola Bay","Angola Bay1",NA
158,44.0005012645815,1.363,1,17,23572.8712272876,0,9.03374195098877,33.2200194843715,0.397745698690414,4074.15,-3.38245743398265,0,"Angola Bay","Angola Bay","Angola Bay1",NA
159,44.0005012645815,1.363,1,17,23572.8712272876,0,8.10860347747803,33.9729806629405,0.420341193675995,4074.15,-3.38245743398265,0,"Angola Bay","Angola Bay","Angola Bay1",NA
160,44.0005012645815,1.363,1,17.0055389404297,23572.8712272876,0,8.09019660949707,33.2407051961974,0.398122400045395,4074.15,-3.38245743398265,0,"Angola Bay","Angola Bay","Angola Bay1",NA
161,44.0005012645815,1.363,1,17.0005931854248,23572.8712272876,0,7.13606452941895,29.2458630020996,0.394795268774033,4074.15,-3.38245743398265,0,"Angola Bay","Angola Bay","Angola Bay1",NA
162,44.0005012645815,1.56,1,17.1118488311768,1012.85333776696,0,6.02890062332153,31.1051063387649,0.462296545505524,4074.15,-3.38245743398265,0,"Angola Bay","Angola Bay","Angola Bay1",NA
163,44.0005012645815,1.363,1,16.9000015258789,23572.8712272876,0,8.26217079162598,38.0500879320822,0.455767571926117,4074.15,-3.38245743398265,0,"Angola Bay","Angola Bay","Angola Bay1",NA
164,44.0005012645815,1.363,1,17.1771106719971,117.868743387001,0,6.55827236175537,27.7438067043038,0.505605518817902,4074.15,-3.38245743398265,0,"Angola Bay","Angola Bay","Angola Bay1",NA
165,44.0005012645815,1.363,1,17.1000232696533,23572.8712272876,0,6.18454885482788,33.5928837990553,0.422674238681793,4074.15,-3.38245743398265,0,"Angola Bay","Angola Bay","Angola Bay1",NA
166,44.0005012645815,1.56727272727273,0,17,22.5419098577271,0,7.73400115966797,28.6573003451379,0.415755599737167,4074.15,-3.38245743398265,0,"Angola Bay","Angola Bay","Angola Bay1",NA
167,44.0005012645815,1.363,1,17,23572.8712272876,0,8.25988006591797,30.7020738275745,0.44133248925209,4074.15,-3.38245743398265,0,"Angola Bay","Angola Bay","Angola Bay1",NA
168,44.0005012645815,1.363,1,17.1000003814697,23572.8712272876,0,6.72597360610962,32.2092742467275,0.491152733564377,4074.15,-3.38245743398265,0,"Angola Bay","Angola Bay","Angola Bay1",NA
169,44.0005012645815,1.363,1,17,23572.8712272876,0,8.27517700195312,33.6645600075384,0.403748899698257,4074.15,-3.38245743398265,0,"Angola Bay","Angola Bay","Angola Bay1",NA
170,44.0005012645815,1.363,1,17.0539379119873,23572.8712272876,0,8.00328826904297,32.1638759691504,0.408566445112228,4074.15,-3.38245743398265,0,"Angola Bay","Angola Bay","Angola Bay1",NA
171,44.0005012645815,1.363,1,16.8999996185303,23572.8712272876,0,8.05881023406982,37.0798506220156,0.435539692640305,4074.15,-3.38245743398265,0,"Angola Bay","Angola Bay","Angola Bay1",NA
172,44.0005012645815,1.363,1,17,23572.8712272876,0,8.29376316070557,31.0067739007891,0.43878561258316,4074.15,-3.38245743398265,0,"Angola Bay","Angola Bay","Angola Bay1",NA
173,44.0005012645815,1.58,1,17.1156787872314,1001.65094641817,0,6.66451644897461,30.6815750149706,0.402818113565445,4074.15,-3.38245743398265,0,"Angola Bay","Angola Bay","Angola Bay1",NA
174,44.0005012645815,1.363,1,17.1000003814697,23572.8712272876,0,7.96874141693115,31.5508147709751,0.389436691999435,4074.15,-3.38245743398265,0,"Angola Bay","Angola Bay","Angola Bay1",NA
175,44.0005012645815,1.363,1,17.1060543060303,23572.8712272876,0,7.79467058181763,30.0401863931145,0.412935733795166,4074.15,-3.38245743398265,0,"Angola Bay","Angola Bay","Angola Bay1",NA
176,44.0005012645815,1.363,1,17.0999984741211,23572.8712272876,0,7.11153078079224,29.1706222218086,0.386362314224243,4074.15,-3.38245743398265,0,"Angola Bay","Angola Bay","Angola Bay1",NA
177,44.0005012645815,1.548,0,17.2228374481201,396.356369708844,0,7.43200635910034,28.8775074790876,0.380035132169724,4074.15,-3.38245743398265,0,"Angola Bay","Angola Bay","Angola Bay1",NA
178,44.0005012645815,1.363,1,17,23572.8712272876,0,8.23378658294678,31.6708653448007,0.414240270853043,4074.15,-3.38245743398265,0,"Angola Bay","Angola Bay","Angola Bay1",NA
179,44.0005012645815,1.363,1,16.9080982208252,23572.8712272876,0,8.2742977142334,37.1152232617479,0.407109946012497,4074.15,-3.38245743398265,0,"Angola Bay","Angola Bay","Angola Bay1",NA
180,44.0005012645815,1.363,1,17.004056930542,23572.8712272876,0,8.24999618530273,35.0521241127661,0.387138307094574,4074.15,-3.38245743398265,0,"Angola Bay","Angola Bay","Angola Bay1",NA
181,44.0005012645815,1.363,1,17.1000003814697,23572.8712272876,0,7.14447832107544,32.8389166204214,0.488292098045349,4074.15,-3.38245743398265,0,"Angola Bay","Angola Bay","Angola Bay1",NA
182,44.0005012645815,1.363,1,17,23572.8712272876,0,8.69125652313232,35.7068742555874,0.406011283397675,4074.15,-3.38245743398265,0,"Angola Bay","Angola Bay","Angola Bay1",NA
183,44.0005012645815,1.363,1,17,23572.8712272876,0,9.51645278930664,35.7041180445224,0.413650363683701,4074.15,-3.38245743398265,0,"Angola Bay","Angola Bay","Angola Bay1",NA
184,44.0005012645815,1.363,1,17.1000003814697,23572.8712272876,0,8.24618530273438,32.6251188609559,0.420775532722473,4074.15,-3.38245743398265,0,"Angola Bay","Angola Bay","Angola Bay1",NA
185,44.0005012645815,1.41307692307692,1,17.1000003814697,24574.5221737057,0,6.88544082641602,30.978767814041,0.424313455820084,4074.15,-3.38245743398265,0,"Angola Bay","Angola Bay","Angola Bay1",NA
186,44.0005012645815,1.363,1,17,23572.8712272876,0,8.06778049468994,32.3031988548404,0.406494796276093,4074.15,-3.38245743398265,0,"Angola Bay","Angola Bay","Angola Bay1",NA
187,44.0005012645815,1.44315789473684,1,16.8999996185303,23609.0534844532,0,7.89924812316895,37.3471394434231,0.471084147691727,4074.15,-3.38245743398265,0,"Angola Bay","Angola Bay","Angola Bay1",NA
188,44.0005012645815,1.42466666666667,1,17.3229541778564,405.668071455097,0,6.84873151779175,29.5415457316126,0.244391024112701,4074.15,-3.38245743398265,0,"Angola Bay","Angola Bay","Angola Bay1",NA
189,44.0005012645815,1.363,1,17.0202102661133,23572.8712272876,0,7.8470344543457,34.9944179779926,0.438033491373062,4074.15,-3.38245743398265,0,"Angola Bay","Angola Bay","Angola Bay1",NA
191,44.0005012645815,1.41307692307692,1,17.1000003814697,23959.779445316,0,6.72689056396484,28.4801165866626,0.414883553981781,4074.15,-3.38245743398265,0,"Angola Bay","Angola Bay","Angola Bay1",NA
192,44.0005012645815,1.38636363636364,1,17,23595.0513523465,0,7.13446760177612,27.9903471242244,0.433985978364944,4074.15,-3.38245743398265,0,"Angola Bay","Angola Bay","Angola Bay1",NA
193,44.0005012645815,1.363,1,17.1000003814697,23572.8712272876,0,8.3235273361206,33.0656287176713,0.449527621269226,4074.15,-3.38245743398265,0,"Angola Bay","Angola Bay","Angola Bay1",NA
194,44.0005012645815,1.363,1,17,23572.8712272876,0,8.01347923278809,28.886941017433,0.442365825176239,4074.15,-3.38245743398265,0,"Angola Bay","Angola Bay","Angola Bay1",NA
195,44.0005012645815,1.363,1,17.0902938842773,23572.8712272876,0,7.47438669204712,30.2888779538452,0.484449207782745,4074.15,-3.38245743398265,0,"Angola Bay","Angola Bay","Angola Bay1",NA
196,44.0005012645815,1.363,1,17,23572.8712272876,0,8.79098415374756,32.4648933255568,0.438576400279999,4074.15,-3.38245743398265,0,"Angola Bay","Angola Bay","Angola Bay1",NA
197,44.0005012645815,1.363,1,17,23572.8712272876,0,8.2878303527832,33.8353821272904,0.397924244403839,4074.15,-3.38245743398265,0,"Angola Bay","Angola Bay","Angola Bay1",NA
198,44.0005012645815,1.444375,1,16.999174118042,23581.6720342109,0,7.23215627670288,36.3818598505333,0.474733471870422,4074.15,-3.38245743398265,0,"Angola Bay","Angola Bay","Angola Bay1",NA
199,44.0005012645815,1.363,1,17.1000003814697,23572.8712272876,0,6.5391845703125,31.8816246520543,0.467993855476379,4074.15,-3.38245743398265,0,"Angola Bay","Angola Bay","Angola Bay1",NA
200,44.0005012645815,1.363,1,17.0915298461914,23572.8712272876,0,7.0300555229187,32.6136275282294,0.484734445810318,4074.15,-3.38245743398265,0,"Angola Bay","Angola Bay","Angola Bay1",NA
201,44.0005012645815,1.363,1,16.8999996185303,23572.8712272876,0,9.41206550598145,37.460430816575,0.415862083435059,4074.15,-3.38245743398265,0,"Angola Bay","Angola Bay","Angola Bay1",NA
202,44.0005012645815,1.363,1,17,23572.8712272876,0,7.85797739028931,30.4357208427089,0.443626224994659,4074.15,-3.38245743398265,0,"Angola Bay","Angola Bay","Angola Bay1",NA
203,44.0005012645815,1.41307692307692,1,17.1000022888184,24574.5221737057,0,5.86587762832642,31.4392411657011,0.448715329170227,4074.15,-3.38245743398265,0,"Angola Bay","Angola Bay","Angola Bay1",NA
204,44.0005012645815,1.363,1,17.1000003814697,23572.8712272876,0,7.33246183395386,29.6089241089121,0.490610092878342,4074.15,-3.38245743398265,0,"Angola Bay","Angola Bay","Angola Bay1",NA
205,44.0005012645815,1.363,1,17,23572.8712272876,0,8.48863697052002,34.1796404842264,0.381452411413193,4074.15,-3.38245743398265,0,"Angola Bay","Angola Bay","Angola Bay1",NA
206,44.0005012645815,1.41307692307692,1,17.1028289794922,504.776961415483,0,6.42450284957886,28.2047149204377,0.462927758693695,4074.15,-3.38245743398265,0,"Angola Bay","Angola Bay","Angola Bay1",NA
207,44.0005012645815,1.363,1,17.0946846008301,23572.8712272876,0,7.23667049407959,33.3732605231949,0.48811012506485,4074.15,-3.38245743398265,0,"Angola Bay","Angola Bay","Angola Bay1",NA
208,44.0005012645815,1.363,1,17.0999984741211,23572.8712272876,0,7.98677158355713,31.6967652538394,0.392529100179672,4074.15,-3.38245743398265,0,"Angola Bay","Angola Bay","Angola Bay1",NA
209,44.0005012645815,1.44315789473684,1,16.9000015258789,23602.6926538409,0,8.05140113830566,37.9252793371107,0.474992543458939,4074.15,-3.38245743398265,0,"Angola Bay","Angola Bay","Angola Bay1",NA
210,44.0005012645815,1.363,1,17.1000003814697,23572.8712272876,0,7.83722257614136,31.8228837707292,0.406154930591583,4074.15,-3.38245743398265,0,"Angola Bay","Angola Bay","Angola Bay1",NA
211,44.0005012645815,1.534,0,17.5,270.803312994914,0,6.30995750427246,27.2039604485229,0.447178393602371,4074.15,-3.38245743398265,0,"Angola Bay","Angola Bay","Angola Bay1",NA
212,44.0005012645815,1.363,1,17.0360374450684,23572.8712272876,0,8.02511310577393,31.1880089746903,0.418286263942719,4074.15,-3.38245743398265,0,"Angola Bay","Angola Bay","Angola Bay1",NA
213,44.0005012645815,1.363,1,17,23572.8712272876,0,8.59625244140625,31.9275221905368,0.462033241987228,4074.15,-3.38245743398265,0,"Angola Bay","Angola Bay","Angola Bay1",NA
214,44.0005012645815,1.363,1,17.0000038146973,23572.8712272876,0,7.54531383514404,34.0099802550169,0.443027943372726,4074.15,-3.38245743398265,0,"Angola Bay","Angola Bay","Angola Bay1",NA
215,44.0005012645815,1.363,1,17.0948333740234,23572.8712272876,0,7.73397541046143,32.3971558096925,0.409734606742859,4074.15,-3.38245743398265,0,"Angola Bay","Angola Bay","Angola Bay1",NA
216,44.0005012645815,1.363,1,17.1000003814697,23572.8712272876,0,6.91530132293701,32.1498114599546,0.459470301866531,4074.15,-3.38245743398265,0,"Angola Bay","Angola Bay","Angola Bay1",NA
217,44.0005012645815,1.363,1,17,23572.8712272876,0,8.51029872894287,36.039532458746,0.40585258603096,4074.15,-3.38245743398265,0,"Angola Bay","Angola Bay","Angola Bay1",NA
218,44.0005012645815,1.363,1,17.0876865386963,23572.8712272876,0,7.53732490539551,30.1151844194687,0.474754959344864,4074.15,-3.38245743398265,0,"Angola Bay","Angola Bay","Angola Bay1",NA
219,44.0005012645815,1.363,1,17,23572.8712272876,0,8.17162322998047,33.2880061025122,0.393929451704025,4074.15,-3.38245743398265,0,"Angola Bay","Angola Bay","Angola Bay1",NA
221,44.0005012645815,1.363,1,17.1000003814697,23572.8712272876,0,7.10747814178467,32.4559918487669,0.458539485931396,4074.15,-3.38245743398265,0,"Angola Bay","Angola Bay","Angola Bay1",NA
222,44.0005012645815,1.363,1,17.2000026702881,23572.8712272876,0,7.1983814239502,34.4493625906544,0.452455520629883,4074.15,-3.38245743398265,0,"Angola Bay","Angola Bay","Angola Bay1",NA
223,44.0005012645815,1.363,1,17,23572.8712272876,0,7.70925426483154,30.8618941003874,0.462678074836731,4074.15,-3.38245743398265,0,"Angola Bay","Angola Bay","Angola Bay1",NA
224,44.0005012645815,1.363,1,17.1000003814697,23572.8712272876,0,7.67265748977661,30.6876943196777,0.418351292610168,4074.15,-3.38245743398265,0,"Angola Bay","Angola Bay","Angola Bay1",NA
225,44.0005012645815,1.363,1,17.1000003814697,23572.8712272876,0,7.59187746047974,29.4911080987658,0.416104078292847,4074.15,-3.38245743398265,0,"Angola Bay","Angola Bay","Angola Bay1",NA
226,44.0005012645815,1.363,1,17,23572.8712272876,0,9.54728507995605,34.4933571148809,0.399487644433975,4074.15,-3.38245743398265,0,"Angola Bay","Angola Bay","Angola Bay1",NA
227,44.0005012645815,1.363,1,17.1001014709473,23572.8712272876,0,6.60602951049805,33.5504600276527,0.437195330858231,4074.15,-3.38245743398265,0,"Angola Bay","Angola Bay","Angola Bay1",NA
228,44.0005012645815,1.41307692307692,1,17.1000022888184,24574.5221737057,0,6.60166788101196,31.4799128108643,0.414747714996338,4074.15,-3.38245743398265,0,"Angola Bay","Angola Bay","Angola Bay1",NA
229,44.0005012645815,1.363,1,17.0614967346191,23572.8712272876,0,7.98680019378662,31.7254712675501,0.40190789103508,4074.15,-3.38245743398265,0,"Angola Bay","Angola Bay","Angola Bay1",NA
230,44.0005012645815,1.56666666666667,1,17.1958885192871,1054.59946009919,0,5.53607082366943,30.8267934408071,0.462625771760941,4074.15,-3.38245743398265,0,"Angola Bay","Angola Bay","Angola Bay1",NA
231,44.0005012645815,1.363,1,16.8586654663086,23572.8712272876,0,8.69347095489502,38.3197772908183,0.424072951078415,4074.15,-3.38245743398265,0,"Angola Bay","Angola Bay","Angola Bay1",NA
232,44.0005012645815,1.40571428571429,1,16.9000015258789,23594.1541484234,0,8.01475048065186,37.6485995367929,0.473320960998535,4074.15,-3.38245743398265,0,"Angola Bay","Angola Bay","Angola Bay1",NA
233,44.0005012645815,1.363,1,17.0250339508057,23572.8712272876,0,7.92970848083496,33.197773721652,0.408962339162827,4074.15,-3.38245743398265,0,"Angola Bay","Angola Bay","Angola Bay1",NA
235,44.0005012645815,1.363,1,17,23572.8712272876,0,8.22053718566895,36.4571325147257,0.402250438928604,4074.15,-3.38245743398265,0,"Angola Bay","Angola Bay","Angola Bay1",NA
236,44.0005012645815,1.363,1,17.0700702667236,23572.8712272876,0,8.10013580322266,35.0167749963912,0.448505938053131,4074.15,-3.38245743398265,0,"Angola Bay","Angola Bay","Angola Bay1",NA
237,44.0005012645815,1.363,1,17,23572.8712272876,0,6.95570802688599,35.9517771746214,0.434615582227707,4074.15,-3.38245743398265,0,"Angola Bay","Angola Bay","Angola Bay1",NA
238,44.0005012645815,1.363,1,17,23572.8712272876,0,9.41287994384766,35.8078904916644,0.412357240915298,4074.15,-3.38245743398265,0,"Angola Bay","Angola Bay","Angola Bay1",NA
239,44.0005012645815,1.363,1,17,23572.8712272876,0,7.60616493225098,28.3870033516868,0.422084212303162,4074.15,-3.38245743398265,0,"Angola Bay","Angola Bay","Angola Bay1",NA
241,44.0005012645815,1.62,0,17.0022258758545,22.1801250589863,0,7.25984764099121,28.0103588607187,0.454549521207809,4074.15,-3.38245743398265,0,"Angola Bay","Angola Bay","Angola Bay1",NA
243,44.0005012645815,1.363,1,17,23572.8712272876,0,8.14067554473877,35.3636658169436,0.375190228223801,4074.15,-3.38245743398265,0,"Angola Bay","Angola Bay","Angola Bay1",NA
244,44.0005012645815,1.363,1,16.9493026733398,23572.8712272876,0,9.3091516494751,36.9955873744294,0.413630813360214,4074.15,-3.38245743398265,0,"Angola Bay","Angola Bay","Angola Bay1",NA
245,44.0005012645815,1.56857142857143,1,17.1809177398682,823.154537228122,0,6.86018514633179,28.2457387087282,0.457017719745636,4074.15,-3.38245743398265,0,"Angola Bay","Angola Bay","Angola Bay1",NA
246,44.0005012645815,1.363,1,17.1237125396729,23572.8712272876,0,7.19948148727417,34.4323664573714,0.471156179904938,4074.15,-3.38245743398265,0,"Angola Bay","Angola Bay","Angola Bay1",NA
247,44.0005012645815,1.363,1,17,23572.8712272876,0,9.38422584533691,34.276916889387,0.397167056798935,4074.15,-3.38245743398265,0,"Angola Bay","Angola Bay","Angola Bay1",NA
248,44.0005012645815,1.363,1,17.1000003814697,23572.8712272876,0,7.95357179641724,31.0914619744582,0.399883478879929,4074.15,-3.38245743398265,0,"Angola Bay","Angola Bay","Angola Bay1",NA
249,44.0005012645815,1.363,1,17,23572.8712272876,0,7.66905641555786,33.3471523163162,0.451345801353455,4074.15,-3.38245743398265,0,"Angola Bay","Angola Bay","Angola Bay1",NA
250,44.0005012645815,1.363,1,17.0016098022461,23572.8712272876,0,7.41497278213501,29.6467375937706,0.483983546495438,4074.15,-3.38245743398265,0,"Angola Bay","Angola Bay","Angola Bay1",NA
251,44.0005012645815,1.363,1,17,23572.8712272876,0,8.38848495483398,30.1471160182244,0.429427832365036,4074.15,-3.38245743398265,0,"Angola Bay","Angola Bay","Angola Bay1",NA
252,44.0005012645815,1.363,1,17,23572.8712272876,0,9.04113006591797,35.0425577336036,0.400604575872421,4074.15,-3.38245743398265,0,"Angola Bay","Angola Bay","Angola Bay1",NA
253,44.0005012645815,1.363,1,17.1000003814697,23572.8712272876,0,7.22533750534058,32.7031810779957,0.466664254665375,4074.15,-3.38245743398265,0,"Angola Bay","Angola Bay","Angola Bay1",NA
254,44.0005012645815,1.363,1,17,23572.8712272876,0,8.32836532592773,34.764685474155,0.401191234588623,4074.15,-3.38245743398265,0,"Angola Bay","Angola Bay","Angola Bay1",NA
255,44.0005012645815,1.363,1,17.0470771789551,23572.8712272876,0,7.98029232025146,30.6974390961562,0.416447579860687,4074.15,-3.38245743398265,0,"Angola Bay","Angola Bay","Angola Bay1",NA
256,44.0005012645815,1.363,1,17,23572.8712272876,0,8.22534561157227,30.2914689528986,0.428067147731781,4074.15,-3.38245743398265,0,"Angola Bay","Angola Bay","Angola Bay1",NA
257,44.0005012645815,1.363,1,17,23572.8712272876,0,7.68549489974976,28.5413907184552,0.432327210903168,4074.15,-3.38245743398265,0,"Angola Bay","Angola Bay","Angola Bay1",NA
258,44.0005012645815,1.363,1,17,23572.8712272876,0,8.08870601654053,32.0909562986222,0.411881774663925,4074.15,-3.38245743398265,0,"Angola Bay","Angola Bay","Angola Bay1",NA
259,44.0005012645815,1.58,1,17.1621971130371,386.908218028482,0,7.01330423355103,28.3213077300106,0.425770193338394,4074.15,-3.38245743398265,0,"Angola Bay","Angola Bay","Angola Bay1",NA
260,44.0005012645815,1.363,1,17.1000003814697,23572.8712272876,0,7.61875200271606,30.4028385648257,0.40952542424202,4074.15,-3.38245743398265,0,"Angola Bay","Angola Bay","Angola Bay1",NA
261,44.0005012645815,1.41307692307692,1,17.1000022888184,24574.5221737057,0,6.7856912612915,31.1345023176553,0.434134840965271,4074.15,-3.38245743398265,0,"Angola Bay","Angola Bay","Angola Bay1",NA
262,44.0005012645815,1.363,1,17.1000003814697,23572.8712272876,0,6.8820972442627,31.8515175385673,0.392050355672836,4074.15,-3.38245743398265,0,"Angola Bay","Angola Bay","Angola Bay1",NA
263,44.0005012645815,1.363,1,17.0885620117188,23572.8712272876,0,8.02621173858643,34.5858477231534,0.427863389253616,4074.15,-3.38245743398265,0,"Angola Bay","Angola Bay","Angola Bay1",NA
264,44.0005012645815,1.363,1,17.0003509521484,23572.8712272876,0,7.85351419448853,30.320389553439,0.427659243345261,4074.15,-3.38245743398265,0,"Angola Bay","Angola Bay","Angola Bay1",NA
265,44.0005012645815,1.363,1,17.0473289489746,23572.8712272876,0,8.0921802520752,31.9773146221424,0.422774314880371,4074.15,-3.38245743398265,0,"Angola Bay","Angola Bay","Angola Bay1",NA
266,44.0005012645815,1.363,1,16.9999980926514,23572.8712272876,0,8.95881366729736,35.967163079255,0.414797216653824,4074.15,-3.38245743398265,0,"Angola Bay","Angola Bay","Angola Bay1",NA
267,44.0005012645815,1.363,1,16.8877410888672,23572.8712272876,0,8.75080585479736,37.9763455137584,0.41730609536171,4074.15,-3.38245743398265,0,"Angola Bay","Angola Bay","Angola Bay1",NA
268,44.0005012645815,1.42466666666667,1,17.2000007629395,23938.6767789702,0,6.9509768486023,29.7489824563405,0.266351759433746,4074.15,-3.38245743398265,0,"Angola Bay","Angola Bay","Angola Bay1",NA
269,44.0005012645815,1.363,1,16.8999996185303,23572.8712272876,0,9.46975421905518,37.7949443100004,0.411163210868835,4074.15,-3.38245743398265,0,"Angola Bay","Angola Bay","Angola Bay1",NA
270,44.0005012645815,1.363,1,17.1000003814697,23572.8712272876,0,7.54044008255005,29.9958550447586,0.449438780546188,4074.15,-3.38245743398265,0,"Angola Bay","Angola Bay","Angola Bay1",NA
271,44.0005012645815,1.363,1,17.0083160400391,23572.8712272876,0,7.59307384490967,30.5034253110275,0.480412125587463,4074.15,-3.38245743398265,0,"Angola Bay","Angola Bay","Angola Bay1",NA
272,44.0005012645815,1.363,1,17.1000003814697,23572.8712272876,0,8.23392581939697,32.2318254501888,0.415760606527328,4074.15,-3.38245743398265,0,"Angola Bay","Angola Bay","Angola Bay1",NA
273,44.0005012645815,1.363,1,17,23572.8712272876,0,8.24489784240723,34.5318537534249,0.428797215223312,4074.15,-3.38245743398265,0,"Angola Bay","Angola Bay","Angola Bay1",NA
274,44.0005012645815,1.363,1,17.0336322784424,23572.8712272876,0,7.04452133178711,34.0469465490966,0.472682178020477,4074.15,-3.38245743398265,0,"Angola Bay","Angola Bay","Angola Bay1",NA
275,44.0005012645815,1.548,0,17.2000007629395,396.356369708844,0,7.71085166931152,29.4639603696886,0.363649815320969,4074.15,-3.38245743398265,0,"Angola Bay","Angola Bay","Angola Bay1",NA
277,44.0005012645815,1.45055555555556,1,17.0815696716309,23966.1628113196,0,7.12041282653809,28.5415594644011,0.411631017923355,4074.15,-3.38245743398265,0,"Angola Bay","Angola Bay","Angola Bay1",NA
278,44.0005012645815,1.363,1,17.1000003814697,23572.8712272876,0,7.52326440811157,31.4804790613478,0.41003605723381,4074.15,-3.38245743398265,0,"Angola Bay","Angola Bay","Angola Bay1",NA
279,44.0005012645815,1.41307692307692,1,17.1062965393066,504.776961415483,0,7.05058670043945,28.1428326479679,0.439436674118042,4074.15,-3.38245743398265,0,"Angola Bay","Angola Bay","Angola Bay1",NA
280,44.0005012645815,1.363,1,16.9999980926514,23572.8712272876,0,7.79887676239014,29.6702999837957,0.443170458078384,4074.15,-3.38245743398265,0,"Angola Bay","Angola Bay","Angola Bay1",NA
281,44.0005012645815,1.548,0,17.2722072601318,365.805551682688,0,7.2627420425415,28.5687866979016,0.327951073646545,4074.15,-3.38245743398265,0,"Angola Bay","Angola Bay","Angola Bay1",NA
282,44.0005012645815,1.363,1,16.8999996185303,23572.8712272876,0,9.60957431793213,37.1597756039041,0.410674542188644,4074.15,-3.38245743398265,0,"Angola Bay","Angola Bay","Angola Bay1",NA
283,44.0005012645815,1.363,1,17.1708793640137,23572.8712272876,0,7.26367092132568,30.205696853517,0.403351545333862,4074.15,-3.38245743398265,0,"Angola Bay","Angola Bay","Angola Bay1",NA
284,44.0005012645815,1.363,1,17,23572.8712272876,0,8.52288246154785,30.881995195391,0.434807181358337,4074.15,-3.38245743398265,0,"Angola Bay","Angola Bay","Angola Bay1",NA
285,44.0005012645815,1.363,1,17.068977355957,23572.8712272876,0,8.06993198394775,31.0990469544623,0.423738181591034,4074.15,-3.38245743398265,0,"Angola Bay","Angola Bay","Angola Bay1",NA
286,44.0005012645815,1.363,1,17.0984268188477,23572.8712272876,0,8.21105098724365,34.7952261370817,0.42069673538208,4074.15,-3.38245743398265,0,"Angola Bay","Angola Bay","Angola Bay1",NA
287,44.0005012645815,1.363,1,16.8999996185303,23572.8712272876,0,9.22514533996582,38.2508960221702,0.415168255567551,4074.15,-3.38245743398265,0,"Angola Bay","Angola Bay","Angola Bay1",NA
288,44.0005012645815,1.363,1,17,23572.8712272876,0,8.57112789154053,34.6582593226107,0.406543046236038,4074.15,-3.38245743398265,0,"Angola Bay","Angola Bay","Angola Bay1",NA
289,44.0005012645815,1.363,1,17,23572.8712272876,0,7.69621706008911,29.3668209978925,0.433923006057739,4074.15,-3.38245743398265,0,"Angola Bay","Angola Bay","Angola Bay1",NA
290,44.0005012645815,1.363,1,17.1000003814697,23572.8712272876,0,7.4043173789978,31.8306739410071,0.418350279331207,4074.15,-3.38245743398265,0,"Angola Bay","Angola Bay","Angola Bay1",NA
291,44.0005012645815,1.363,1,17,23572.8712272876,0,9.14226150512695,35.4368450837817,0.408302158117294,4074.15,-3.38245743398265,0,"Angola Bay","Angola Bay","Angola Bay1",NA
292,44.0005012645815,1.363,1,17.1000003814697,23572.8712272876,0,7.37341499328613,29.950128800839,0.49298283457756,4074.15,-3.38245743398265,0,"Angola Bay","Angola Bay","Angola Bay1",NA
293,44.0005012645815,1.363,1,17,23572.8712272876,0,9.26902103424072,35.4488279274729,0.421003550291061,4074.15,-3.38245743398265,0,"Angola Bay","Angola Bay","Angola Bay1",NA
294,44.0005012645815,1.363,1,17.0706462860107,23572.8712272876,0,7.81148481369019,29.9881990380927,0.408291578292847,4074.15,-3.38245743398265,0,"Angola Bay","Angola Bay","Angola Bay1",NA
295,44.0005012645815,1.46904761904762,1,17.0971412658691,23912.5591085629,0,6.62842226028442,36.4263848599177,0.481664061546326,4074.15,-3.38245743398265,0,"Angola Bay","Angola Bay","Angola Bay1",NA
296,44.0005012645815,1.58,1,17.1000003814697,755.861500209799,0,6.65467929840088,28.456861686483,0.45394167304039,4074.15,-3.38245743398265,0,"Angola Bay","Angola Bay","Angola Bay1",NA
297,44.0005012645815,1.548,0,17.2137260437012,365.805551682688,0,7.67595386505127,29.1358003984631,0.349535554647446,4074.15,-3.38245743398265,0,"Angola Bay","Angola Bay","Angola Bay1",NA
299,44.0005012645815,1.42466666666667,1,17,23584.0498106844,0,7.77803993225098,28.7061343864031,0.421929746866226,4074.15,-3.38245743398265,0,"Angola Bay","Angola Bay","Angola Bay1",NA
300,44.0005012645815,1.363,1,16.9649925231934,23572.8712272876,0,7.98064661026001,36.6163341207877,0.427777796983719,4074.15,-3.38245743398265,0,"Angola Bay","Angola Bay","Angola Bay1",NA
301,44.0005012645815,1.58,1,17.2000007629395,386.908218028482,0,6.75223731994629,28.0535443232527,0.390880793333054,4074.15,-3.38245743398265,0,"Angola Bay","Angola Bay","Angola Bay1",NA
302,44.0005012645815,1.363,1,17,23572.8712272876,0,8.1106424331665,29.2429845001177,0.433396846055984,4074.15,-3.38245743398265,0,"Angola Bay","Angola Bay","Angola Bay1",NA
303,44.0005012645815,1.363,1,17.0733070373535,23572.8712272876,0,7.55937147140503,34.700102043344,0.403181403875351,4074.15,-3.38245743398265,0,"Angola Bay","Angola Bay","Angola Bay1",NA
304,44.0005012645815,1.363,1,17,23572.8712272876,0,8.53339099884033,35.9916282738888,0.412490159273148,4074.15,-3.38245743398265,0,"Angola Bay","Angola Bay","Angola Bay1",NA
305,44.0005012645815,1.363,1,17,23572.8712272876,0,9.51624584197998,35.067019684514,0.411156266927719,4074.15,-3.38245743398265,0,"Angola Bay","Angola Bay","Angola Bay1",NA
306,44.0005012645815,1.363,1,17.0019969940186,23572.8712272876,0,8.2013988494873,34.6467053722636,0.414827436208725,4074.15,-3.38245743398265,0,"Angola Bay","Angola Bay","Angola Bay1",NA
308,44.0005012645815,1.363,1,17.1000003814697,23572.8712272876,0,7.82674169540405,29.8937166624333,0.420198410749435,4074.15,-3.38245743398265,0,"Angola Bay","Angola Bay","Angola Bay1",NA
309,44.0005012645815,1.363,1,16.9067459106445,23572.8712272876,0,7.37636852264404,36.8561886589052,0.482203453779221,4074.15,-3.38245743398265,0,"Angola Bay","Angola Bay","Angola Bay1",NA
310,44.0005012645815,1.363,1,17.0572357177734,23572.8712272876,0,7.42551136016846,29.7989058896291,0.489080399274826,4074.15,-3.38245743398265,0,"Angola Bay","Angola Bay","Angola Bay1",NA
311,44.0005012645815,1.363,1,17.0197010040283,23572.8712272876,0,7.87132120132446,35.298899436011,0.455063462257385,4074.15,-3.38245743398265,0,"Angola Bay","Angola Bay","Angola Bay1",NA
312,44.0005012645815,1.363,1,17,23572.8712272876,0,9.19687938690186,33.6476371530162,0.397910624742508,4074.15,-3.38245743398265,0,"Angola Bay","Angola Bay","Angola Bay1",NA
313,44.0005012645815,1.363,1,17.0278053283691,23572.8712272876,0,8.67533779144287,32.060295356971,0.443779230117798,4074.15,-3.38245743398265,0,"Angola Bay","Angola Bay","Angola Bay1",NA
314,44.0005012645815,1.363,1,17.0757827758789,23572.8712272876,0,8.77114868164062,32.813056861326,0.431183308362961,4074.15,-3.38245743398265,0,"Angola Bay","Angola Bay","Angola Bay1",NA
315,44.0005012645815,1.363,1,17.1614532470703,23572.8712272876,0,6.8131365776062,33.7929608110363,0.400890171527863,4074.15,-3.38245743398265,0,"Angola Bay","Angola Bay","Angola Bay1",NA
316,44.0005012645815,1.363,1,17,23572.8712272876,0,8.15324687957764,32.5833511288507,0.413559526205063,4074.15,-3.38245743398265,0,"Angola Bay","Angola Bay","Angola Bay1",NA
317,44.0005012645815,1.363,1,17.1000003814697,23572.8712272876,0,7.27109622955322,34.946209050771,0.40631115436554,4074.15,-3.38245743398265,0,"Angola Bay","Angola Bay","Angola Bay1",NA
318,44.0005012645815,1.363,1,16.9999980926514,23572.8712272876,0,8.32127666473389,33.5358349554129,0.39005321264267,4074.15,-3.38245743398265,0,"Angola Bay","Angola Bay","Angola Bay1",NA
319,44.0005012645815,1.363,1,17,23572.8712272876,0,7.35701322555542,32.9939587228667,0.485264599323273,4074.15,-3.38245743398265,0,"Angola Bay","Angola Bay","Angola Bay1",NA
320,44.0005012645815,1.363,1,17.0554122924805,23572.8712272876,0,7.98633003234863,30.2546964911688,0.423144042491913,4074.15,-3.38245743398265,0,"Angola Bay","Angola Bay","Angola Bay1",NA
321,44.0005012645815,1.363,1,17.1000003814697,23572.8712272876,0,7.30426931381226,29.6187210135798,0.503525853157043,4074.15,-3.38245743398265,0,"Angola Bay","Angola Bay","Angola Bay1",NA
322,44.0005012645815,1.363,1,17,23572.8712272876,0,8.26887798309326,34.269899138539,0.40626871585846,4074.15,-3.38245743398265,0,"Angola Bay","Angola Bay","Angola Bay1",NA
323,44.0005012645815,1.363,1,17,23572.8712272876,0,8.48226261138916,36.6905823090089,0.412530660629272,4074.15,-3.38245743398265,0,"Angola Bay","Angola Bay","Angola Bay1",NA
324,44.0005012645815,1.55,1,17.4104595184326,725.004568041719,0,6.73840141296387,27.1731796849899,0.450797230005264,4074.15,-3.38245743398265,0,"Angola Bay","Angola Bay","Angola Bay1",NA
325,44.0005012645815,1.363,1,16.8999977111816,23572.8712272876,0,9.58356189727783,36.6329077763528,0.389914125204086,4074.15,-3.38245743398265,0,"Angola Bay","Angola Bay","Angola Bay1",NA
326,44.0005012645815,1.363,1,17,23572.8712272876,0,7.83360815048218,33.8871423501261,0.437264949083328,4074.15,-3.38245743398265,0,"Angola Bay","Angola Bay","Angola Bay1",NA
327,44.0005012645815,1.58,1,17.1170101165771,755.861500209799,0,6.27016687393188,28.0278541307887,0.504067778587341,4074.15,-3.38245743398265,0,"Angola Bay","Angola Bay","Angola Bay1",NA
328,44.0005012645815,1.44666666666667,1,17.1916275024414,424.96240657094,0,6.42466449737549,32.7005689650493,0.380666464567184,4074.15,-3.38245743398265,0,"Angola Bay","Angola Bay","Angola Bay1",NA
329,44.0005012645815,1.363,1,17,23572.8712272876,0,8.08308696746826,28.9977216165422,0.425156056880951,4074.15,-3.38245743398265,0,"Angola Bay","Angola Bay","Angola Bay1",NA
330,44.0005012645815,1.363,1,17,23572.8712272876,0,8.99294090270996,34.6038815517996,0.400987893342972,4074.15,-3.38245743398265,0,"Angola Bay","Angola Bay","Angola Bay1",NA
331,44.0005012645815,1.363,1,17.1581039428711,23572.8712272876,0,7.21543025970459,34.5748725378936,0.395741164684296,4074.15,-3.38245743398265,0,"Angola Bay","Angola Bay","Angola Bay1",NA
332,44.0005012645815,1.363,1,17,23572.8712272876,0,8.66233539581299,34.0850581606898,0.385940313339233,4074.15,-3.38245743398265,0,"Angola Bay","Angola Bay","Angola Bay1",NA
333,44.0005012645815,1.363,1,17.0164489746094,23572.8712272876,0,7.90762519836426,32.8793610021184,0.414166301488876,4074.15,-3.38245743398265,0,"Angola Bay","Angola Bay","Angola Bay1",NA
334,44.0005012645815,1.58,1,17.1000919342041,386.908218028482,0,7.05996465682983,28.7453518537428,0.396986752748489,4074.15,-3.38245743398265,0,"Angola Bay","Angola Bay","Angola Bay1",NA
335,44.0005012645815,1.363,1,17,23572.8712272876,0,9.43233299255371,34.6435829892043,0.397939145565033,4074.15,-3.38245743398265,0,"Angola Bay","Angola Bay","Angola Bay1",NA
336,44.0005012645815,1.363,1,17,23572.8712272876,0,7.75534248352051,30.0638586253239,0.458030551671982,4074.15,-3.38245743398265,0,"Angola Bay","Angola Bay","Angola Bay1",NA
337,44.0005012645815,1.42466666666667,1,17.1000003814697,23903.7583016395,0,6.78237819671631,36.7419023876304,0.461105108261108,4074.15,-3.38245743398265,0,"Angola Bay","Angola Bay","Angola Bay1",NA
338,44.0005012645815,1.363,1,17.1334285736084,23572.8712272876,0,7.45549726486206,29.4395665115397,0.377006322145462,4074.15,-3.38245743398265,0,"Angola Bay","Angola Bay","Angola Bay1",NA
339,44.0005012645815,1.363,1,17,23572.8712272876,0,8.43565082550049,35.7196917201468,0.399537980556488,4074.15,-3.38245743398265,0,"Angola Bay","Angola Bay","Angola Bay1",NA
340,44.0005012645815,1.363,1,16.9194622039795,23572.8712272876,0,7.53761529922485,36.3771528694872,0.481723755598068,4074.15,-3.38245743398265,0,"Angola Bay","Angola Bay","Angola Bay1",NA
341,44.0005012645815,1.363,1,17,23572.8712272876,0,9.55488681793213,34.8000984126309,0.409065157175064,4074.15,-3.38245743398265,0,"Angola Bay","Angola Bay","Angola Bay1",NA
342,44.0005012645815,1.363,1,17.1000003814697,23572.8712272876,0,8.00201225280762,30.5503464825656,0.419644564390182,4074.15,-3.38245743398265,0,"Angola Bay","Angola Bay","Angola Bay1",NA
343,44.0005012645815,1.58,1,17.1508350372314,1001.65094641817,0,5.89841985702515,31.1834721506802,0.476966172456741,4074.15,-3.38245743398265,0,"Angola Bay","Angola Bay","Angola Bay1",NA
344,44.0005012645815,1.363,1,17,23572.8712272876,0,8.26063346862793,36.9784241301251,0.404218226671219,4074.15,-3.38245743398265,0,"Angola Bay","Angola Bay","Angola Bay1",NA
345,44.0005012645815,1.363,1,17,23572.8712272876,0,8.44564723968506,33.736219769669,0.400159567594528,4074.15,-3.38245743398265,0,"Angola Bay","Angola Bay","Angola Bay1",NA
346,44.0005012645815,1.363,1,17.002965927124,23572.8712272876,0,7.76079940795898,30.7539935736876,0.433676153421402,4074.15,-3.38245743398265,0,"Angola Bay","Angola Bay","Angola Bay1",NA
347,44.0005012645815,1.363,1,16.9999980926514,23572.8712272876,0,9.48046493530273,35.3964238191034,0.40346622467041,4074.15,-3.38245743398265,0,"Angola Bay","Angola Bay","Angola Bay1",NA
348,44.0005012645815,1.363,1,17,23572.8712272876,0,8.03263568878174,28.8177574481545,0.42828169465065,4074.15,-3.38245743398265,0,"Angola Bay","Angola Bay","Angola Bay1",NA
349,44.0005012645815,1.363,1,17,23572.8712272876,0,8.13534164428711,32.6187487544508,0.396602302789688,4074.15,-3.38245743398265,0,"Angola Bay","Angola Bay","Angola Bay1",NA
350,44.0005012645815,1.363,1,17,23572.8712272876,0,7.61947059631348,33.4404986759806,0.450480341911316,4074.15,-3.38245743398265,0,"Angola Bay","Angola Bay","Angola Bay1",NA
351,44.0005012645815,1.5524,1,17.2000007629395,1051.17499810147,0,6.13267517089844,33.2769636387401,0.459378927946091,4074.15,-3.38245743398265,0,"Angola Bay","Angola Bay","Angola Bay1",NA
352,44.0005012645815,1.45055555555556,1,17.0547428131104,23966.1628113196,0,7.06510305404663,29.0004800615265,0.398443549871445,4074.15,-3.38245743398265,0,"Angola Bay","Angola Bay","Angola Bay1",NA
353,44.0005012645815,1.465,1,16.9587574005127,23939.9405588052,0,7.17715835571289,37.0079923923783,0.489202082157135,4074.15,-3.38245743398265,0,"Angola Bay","Angola Bay","Angola Bay1",NA
354,44.0005012645815,1.363,1,17.0987968444824,23572.8712272876,0,8.04721450805664,31.5127388208168,0.388155460357666,4074.15,-3.38245743398265,0,"Angola Bay","Angola Bay","Angola Bay1",NA
355,44.0005012645815,1.363,1,17.1609325408936,23572.8712272876,0,7.20366430282593,34.5818011711374,0.425015300512314,4074.15,-3.38245743398265,0,"Angola Bay","Angola Bay","Angola Bay1",NA
356,44.0005012645815,1.57,0,17.2999992370605,476.897960498199,0,5.78088617324829,27.2589662532283,0.487191259860992,4074.15,-3.38245743398265,0,"Angola Bay","Angola Bay","Angola Bay1",NA
357,44.0005012645815,1.363,1,16.9000015258789,23572.8712272876,0,9.28812503814697,37.9879865986645,0.424288988113403,4074.15,-3.38245743398265,0,"Angola Bay","Angola Bay","Angola Bay1",NA
358,44.0005012645815,1.363,1,17.1880302429199,23572.8712272876,0,7.33208417892456,34.8266366720118,0.432696610689163,4074.15,-3.38245743398265,0,"Angola Bay","Angola Bay","Angola Bay1",NA
359,44.0005012645815,1.363,1,17.0448970794678,23572.8712272876,0,7.05881690979004,32.6127186899354,0.478442698717117,4074.15,-3.38245743398265,0,"Angola Bay","Angola Bay","Angola Bay1",NA
360,44.0005012645815,1.363,1,17,23572.8712272876,0,8.83448314666748,36.5056685726506,0.412306249141693,4074.15,-3.38245743398265,0,"Angola Bay","Angola Bay","Angola Bay1",NA
362,44.0005012645815,1.58,1,17.1993141174316,1001.65094641817,0,5.67158269882202,30.8589782508978,0.474668145179749,4074.15,-3.38245743398265,0,"Angola Bay","Angola Bay","Angola Bay1",NA
363,44.0005012645815,1.363,1,16.9108104705811,23572.8712272876,0,8.78177356719971,37.4369565500093,0.401168644428253,4074.15,-3.38245743398265,0,"Angola Bay","Angola Bay","Angola Bay1",NA
364,44.0005012645815,1.363,1,17.1000003814697,23572.8712272876,0,6.75848865509033,32.1927690583617,0.47569665312767,4074.15,-3.38245743398265,0,"Angola Bay","Angola Bay","Angola Bay1",NA
365,44.0005012645815,1.363,1,16.9974670410156,23572.8712272876,0,7.37106084823608,35.9631760225334,0.460556834936142,4074.15,-3.38245743398265,0,"Angola Bay","Angola Bay","Angola Bay1",NA
366,44.0005012645815,1.363,1,17,23572.8712272876,0,8.29812431335449,35.4566245337081,0.431748539209366,4074.15,-3.38245743398265,0,"Angola Bay","Angola Bay","Angola Bay1",NA
367,44.0005012645815,1.363,1,17.1000003814697,23572.8712272876,0,7.2443265914917,33.178434008295,0.476531445980072,4074.15,-3.38245743398265,0,"Angola Bay","Angola Bay","Angola Bay1",NA
368,44.0005012645815,1.363,1,17.0980796813965,23572.8712272876,0,7.2864031791687,32.5573555548771,0.465350121259689,4074.15,-3.38245743398265,0,"Angola Bay","Angola Bay","Angola Bay1",NA
370,44.0005012645815,1.363,1,17.0009460449219,23572.8712272876,0,7.83698177337646,35.6870777851617,0.460941672325134,4074.15,-3.38245743398265,0,"Angola Bay","Angola Bay","Angola Bay1",NA
371,44.0005012645815,1.445625,1,17.1391563415527,24112.9605361472,0,6.70970916748047,36.1606072459023,0.399343818426132,4074.15,-3.38245743398265,0,"Angola Bay","Angola Bay","Angola Bay1",NA
372,44.0005012645815,1.363,1,17,23572.8712272876,0,7.49311113357544,33.4257555214839,0.476033270359039,4074.15,-3.38245743398265,0,"Angola Bay","Angola Bay","Angola Bay1",NA
373,44.0005012645815,1.363,1,17.0190620422363,23572.8712272876,0,8.15798950195312,31.8658644308751,0.407730758190155,4074.15,-3.38245743398265,0,"Angola Bay","Angola Bay","Angola Bay1",NA
374,44.0005012645815,1.548,0,17.2342967987061,365.805551682688,0,7.55015802383423,28.0717397088451,0.390926241874695,4074.15,-3.38245743398265,0,"Angola Bay","Angola Bay","Angola Bay1",NA
375,44.0005012645815,1.363,1,17.1000003814697,23572.8712272876,0,6.60409545898438,31.8456633647888,0.481545329093933,4074.15,-3.38245743398265,0,"Angola Bay","Angola Bay","Angola Bay1",NA
376,44.0005012645815,1.363,1,17.1000003814697,23572.8712272876,0,7.64501476287842,31.0578404430102,0.401336401700974,4074.15,-3.38245743398265,0,"Angola Bay","Angola Bay","Angola Bay1",NA
377,44.0005012645815,1.363,1,16.9889640808105,23572.8712272876,0,8.96575164794922,37.0831321733543,0.409488588571548,4074.15,-3.38245743398265,0,"Angola Bay","Angola Bay","Angola Bay1",NA
378,44.0005012645815,1.363,1,17,23572.8712272876,0,9.3794412612915,36.0095193981081,0.409886807203293,4074.15,-3.38245743398265,0,"Angola Bay","Angola Bay","Angola Bay1",NA
379,44.0005012645815,1.363,1,17,23572.8712272876,0,8.48102474212646,35.6022325775212,0.399301022291183,4074.15,-3.38245743398265,0,"Angola Bay","Angola Bay","Angola Bay1",NA
380,44.0005012645815,1.363,1,17,23572.8712272876,0,8.2112455368042,29.6178508215272,0.428904145956039,4074.15,-3.38245743398265,0,"Angola Bay","Angola Bay","Angola Bay1",NA
381,44.0005012645815,1.363,1,16.8999977111816,23572.8712272876,0,8.37477874755859,37.5571306531356,0.420749813318253,4074.15,-3.38245743398265,0,"Angola Bay","Angola Bay","Angola Bay1",NA
382,44.0005012645815,1.363,1,17.043342590332,23572.8712272876,0,8.90575981140137,33.266904841763,0.414740830659866,4074.15,-3.38245743398265,0,"Angola Bay","Angola Bay","Angola Bay1",NA
383,44.0005012645815,1.363,1,17.1296672821045,23572.8712272876,0,6.98862743377686,35.1627242602497,0.453304022550583,4074.15,-3.38245743398265,0,"Angola Bay","Angola Bay","Angola Bay1",NA
384,44.0005012645815,1.363,1,17.0150108337402,23572.8712272876,0,7.67611265182495,35.6216244591964,0.446069657802582,4074.15,-3.38245743398265,0,"Angola Bay","Angola Bay","Angola Bay1",NA
386,44.0005012645815,1.363,1,17.0312976837158,23572.8712272876,0,7.94455528259277,34.2146056077281,0.415352046489716,4074.15,-3.38245743398265,0,"Angola Bay","Angola Bay","Angola Bay1",NA
387,44.0005012645815,1.42466666666667,1,17.1560115814209,23938.6767789702,0,7.61320352554321,29.5299511160687,0.360122293233871,4074.15,-3.38245743398265,0,"Angola Bay","Angola Bay","Angola Bay1",NA
388,44.0005012645815,1.363,1,17.1000003814697,23572.8712272876,0,8.03533935546875,34.9051661474611,0.434982031583786,4074.15,-3.38245743398265,0,"Angola Bay","Angola Bay","Angola Bay1",NA
