"acresid","wtd","bulkdensity","mucktype","soiltemp","numacres","tx","elevation","distkm","ndvi","totalGDD","scPDSI","vegetation","location","site","uniqueid","soilresp"
1,10,1.363,1,17.1000003814697,24175.7902287721,1,14.0899972915649,12.7239049597743,0.350011765956879,6.95,3.4309644359925,0,"Hofmann Forest","Hofmann Forest","Hofmann Forest1",NA
2,10,1.363,1,16.7999992370605,24175.7902287721,1,16.9114532470703,19.1697369330174,0.411919713020325,4302.15,-0.540000890018821,0,"Hofmann Forest","Hofmann Forest","Hofmann Forest1",NA
3,10,1.363,1,17,24175.7902287721,1,15.7011489868164,11.1803272845005,0.411715507507324,6.95,3.4309644359925,0,"Hofmann Forest","Hofmann Forest","Hofmann Forest1",NA
4,10,1.363,1,16.8002223968506,24175.7902287721,1,16.7736110687256,19.1727018449293,0.408947825431824,4302.15,-0.540000890018821,0,"Hofmann Forest","Hofmann Forest","Hofmann Forest1",NA
5,10,1.363,1,17.1000003814697,20162.2292009034,1,15.4621095657349,21.0976366802285,0.429837673902512,4302.15,-0.540000890018821,0,"Hofmann Forest","Hofmann Forest","Hofmann Forest1",NA
6,10,1.363,1,17,24175.7902287721,1,15.8773221969604,13.6602464326801,0.429867833852768,4302.15,-0.540000890018821,0,"Hofmann Forest","Hofmann Forest","Hofmann Forest1",NA
7,10,1.363,1,16.8999996185303,20162.2292009034,1,16.4238128662109,22.8514502105898,0.412760585546494,4302.15,-0.540000890018821,0,"Hofmann Forest","Hofmann Forest","Hofmann Forest1",NA
8,10,1.394375,1,17.1387310028076,36409.5581835947,1,15.8090839385986,11.4896218497492,0.413058310747147,6.95,3.4309644359925,0,"Hofmann Forest","Hofmann Forest","Hofmann Forest1",NA
9,10,1.363,1,16.7999992370605,24175.7902287721,1,17.5074844360352,19.5421674191479,0.423909842967987,4302.15,-0.540000890018821,0,"Hofmann Forest","Hofmann Forest","Hofmann Forest1",NA
10,10,1.363,1,16.8999996185303,24175.7902287721,1,15.8142070770264,16.5361187003801,0.432302623987198,4302.15,-0.540000890018821,0,"Hofmann Forest","Hofmann Forest","Hofmann Forest1",NA
11,10,1.44666666666667,1,17.2999992370605,12233.7679548225,1,15.270510673523,9.76325985300875,0.393931448459625,6.95,3.4309644359925,0,"Hofmann Forest","Hofmann Forest","Hofmann Forest1",NA
12,10,1.59685714285714,0,17.3999996185303,1879.52204999885,1,15.1266298294067,10.4411500609611,0.40238755941391,6.95,3.4309644359925,0,"Hofmann Forest","Hofmann Forest","Hofmann Forest1",NA
13,10,1.363,1,17,24175.7902287721,1,16.3823356628418,13.8929087166953,0.425109386444092,6.95,3.4309644359925,0,"Hofmann Forest","Hofmann Forest","Hofmann Forest1",NA
14,10,1.394375,1,17.1436672210693,36409.5581835947,1,14.1155738830566,12.2329990208345,0.340973347425461,6.95,3.4309644359925,0,"Hofmann Forest","Hofmann Forest","Hofmann Forest1",NA
15,10,1.394375,1,17.0875835418701,36409.5581835947,1,15.3330526351929,10.696003220863,0.372513830661774,6.95,3.4309644359925,0,"Hofmann Forest","Hofmann Forest","Hofmann Forest1",NA
16,10,1.58,0,17,325.165462222684,1,16.7572460174561,22.1809706266475,0.400333046913147,4302.15,-0.540000890018821,0,"Hofmann Forest","Hofmann Forest","Hofmann Forest1",NA
17,10,1.59685714285714,0,17.4547634124756,1879.52204999885,1,15.4515829086304,10.403532428269,0.421521633863449,6.95,3.4309644359925,0,"Hofmann Forest","Hofmann Forest","Hofmann Forest1",NA
18,10,1.363,1,17,24175.7902287721,1,15.0764684677124,14.9910115519504,0.425864487886429,6.95,3.4309644359925,0,"Hofmann Forest","Hofmann Forest","Hofmann Forest1",NA
19,10,1.363,1,16.9966659545898,24175.7902287721,1,15.2347755432129,17.2925414616932,0.407499730587006,4302.15,-0.540000890018821,0,"Hofmann Forest","Hofmann Forest","Hofmann Forest1",NA
20,10,1.363,1,16.7999992370605,24175.7902287721,1,16.9972305297852,18.1792558845983,0.421962916851044,4302.15,-0.540000890018821,0,"Hofmann Forest","Hofmann Forest","Hofmann Forest1",NA
21,10,1.394375,1,17.2486324310303,36409.5581835947,1,15.6085481643677,12.2386128224173,0.366525083780289,6.95,3.4309644359925,0,"Hofmann Forest","Hofmann Forest","Hofmann Forest1",NA
22,10,1.41307692307692,1,17.0000019073486,24573.5341335022,1,14.7359466552734,15.106171738361,0.403669893741608,6.95,3.4309644359925,0,"Hofmann Forest","Hofmann Forest","Hofmann Forest1",NA
23,10,1.363,1,17.0775241851807,20162.2292009034,1,15.5598926544189,20.7064626522723,0.316056340932846,4302.15,-0.540000890018821,0,"Hofmann Forest","Hofmann Forest","Hofmann Forest1",NA
24,10,1.363,1,16.9016666412354,24175.7902287721,1,16.2873802185059,14.4961991714597,0.431023448705673,4302.15,-0.540000890018821,0,"Hofmann Forest","Hofmann Forest","Hofmann Forest1",NA
25,10,1.363,1,17,24175.7902287721,1,15.8189086914062,13.6598726149408,0.413263201713562,6.95,3.4309644359925,0,"Hofmann Forest","Hofmann Forest","Hofmann Forest1",NA
26,10,1.363,1,17.0726413726807,20162.2292009034,1,15.9050922393799,22.586278884077,0.392884820699692,4302.15,-0.540000890018821,0,"Hofmann Forest","Hofmann Forest","Hofmann Forest1",NA
27,10,1.363,1,16.8999996185303,20162.2292009034,1,16.7580413818359,23.5733324110311,0.361632913351059,4302.15,-0.540000890018821,0,"Hofmann Forest","Hofmann Forest","Hofmann Forest1",NA
28,10,1.56,0,17.1000003814697,427.343869196763,1,14.1882228851318,15.3221427440864,0.360250025987625,6.95,3.4309644359925,0,"Hofmann Forest","Hofmann Forest","Hofmann Forest1",NA
29,10,1.363,1,16.9999980926514,24175.7902287721,1,14.8917217254639,15.6568224402463,0.418574005365372,6.95,3.4309644359925,0,"Hofmann Forest","Hofmann Forest","Hofmann Forest1",NA
30,10,1.363,1,17.06077003479,24175.7902287721,1,13.9236040115356,14.1406311183731,0.473334014415741,6.95,3.4309644359925,0,"Hofmann Forest","Hofmann Forest","Hofmann Forest1",NA
31,10,1.363,1,17,24175.7902287721,1,16.2740688323975,12.6193444051347,0.428381025791168,6.95,3.4309644359925,0,"Hofmann Forest","Hofmann Forest","Hofmann Forest1",NA
32,10,1.363,1,17.1112232208252,24175.7902287721,1,15.2913436889648,10.5246998296036,0.42945384979248,6.95,3.4309644359925,0,"Hofmann Forest","Hofmann Forest","Hofmann Forest1",NA
33,10,1.363,1,16.7076168060303,20162.2292009034,1,17.3124389648438,22.8276123855882,0.423508852720261,4302.15,-0.540000890018821,0,"Hofmann Forest","Hofmann Forest","Hofmann Forest1",NA
34,10,1.363,1,16.8654308319092,20162.2292009034,1,16.6993808746338,23.4980643832503,0.407307893037796,4302.15,-0.540000890018821,0,"Hofmann Forest","Hofmann Forest","Hofmann Forest1",NA
35,10,1.363,1,16.8999996185303,20162.2292009034,1,16.0198612213135,22.2852188484213,0.413550436496735,4302.15,-0.540000890018821,0,"Hofmann Forest","Hofmann Forest","Hofmann Forest1",NA
36,10,1.505,1,17.09885597229,25757.0463137965,1,16.1663475036621,16.8149749521116,0.44724503159523,4302.15,-0.540000890018821,0,"Hofmann Forest","Hofmann Forest","Hofmann Forest1",NA
37,10,1.44666666666667,1,17.2999992370605,12233.7679548225,1,15.2048416137695,9.82973002192314,0.407082438468933,6.95,3.4309644359925,0,"Hofmann Forest","Hofmann Forest","Hofmann Forest1",NA
38,10,1.363,1,16.8695602416992,24175.7902287721,1,16.7000942230225,16.310837632327,0.423403024673462,4302.15,-0.540000890018821,0,"Hofmann Forest","Hofmann Forest","Hofmann Forest1",NA
39,10,1.363,1,16.7999992370605,20162.2292009034,1,16.7401237487793,23.696418883205,0.379214257001877,4302.15,-0.540000890018821,0,"Hofmann Forest","Hofmann Forest","Hofmann Forest1",NA
40,10,1.363,1,16.8999996185303,24175.7902287721,1,16.827127456665,20.076780292107,0.414746016263962,4302.15,-0.540000890018821,0,"Hofmann Forest","Hofmann Forest","Hofmann Forest1",NA
41,10,1.41307692307692,1,16.8606758117676,25318.142857925,1,16.6641540527344,18.9736298598592,0.427981555461884,4302.15,-0.540000890018821,0,"Hofmann Forest","Hofmann Forest","Hofmann Forest1",NA
42,10,1.41307692307692,1,16.8999996185303,24186.578512045,1,15.6671161651611,15.9557311223005,0.423919260501862,4302.15,-0.540000890018821,0,"Hofmann Forest","Hofmann Forest","Hofmann Forest1",NA
43,10,1.363,1,16.9950523376465,24175.7902287721,1,15.4280452728271,18.1708486105716,0.383123636245728,4302.15,-0.540000890018821,0,"Hofmann Forest","Hofmann Forest","Hofmann Forest1",NA
44,10,1.363,1,16.7122592926025,44338.0194296756,1,17.3777599334717,21.7548009743099,0.416577935218811,4302.15,-0.540000890018821,0,"Hofmann Forest","Hofmann Forest","Hofmann Forest1",NA
45,10,1.363,1,17.0231838226318,44338.0194296756,1,15.9882078170776,19.5314235618609,0.401119709014893,4302.15,-0.540000890018821,0,"Hofmann Forest","Hofmann Forest","Hofmann Forest1",NA
46,10,1.58,0,17.2703151702881,625.002919397116,1,15.5703363418579,13.7884006102701,0.438221633434296,4302.15,-0.540000890018821,0,"Hofmann Forest","Hofmann Forest","Hofmann Forest1",NA
47,10,1.41307692307692,1,16.9774551391602,24210.7472824489,1,15.1681938171387,16.3513362204719,0.423475027084351,4302.15,-0.540000890018821,0,"Hofmann Forest","Hofmann Forest","Hofmann Forest1",NA
48,10,1.41307692307692,1,16.9439029693604,24573.5341335022,1,15.2730169296265,14.3499357673555,0.429603278636932,6.95,3.4309644359925,0,"Hofmann Forest","Hofmann Forest","Hofmann Forest1",NA
49,10,1.363,1,16.7000007629395,44338.0194296756,1,17.343297958374,21.5894993451148,0.426406025886536,4302.15,-0.540000890018821,0,"Hofmann Forest","Hofmann Forest","Hofmann Forest1",NA
50,10,1.363,1,16.8999996185303,24175.7902287721,1,16.0700874328613,18.6059606859487,0.402450323104858,4302.15,-0.540000890018821,0,"Hofmann Forest","Hofmann Forest","Hofmann Forest1",NA
51,10,1.41307692307692,1,17.0222396850586,24573.5341335022,1,14.4807014465332,14.880494872476,0.387163281440735,6.95,3.4309644359925,0,"Hofmann Forest","Hofmann Forest","Hofmann Forest1",NA
52,10,1.363,1,16.8000011444092,24175.7902287721,1,17.4677200317383,19.903520015184,0.427635192871094,4302.15,-0.540000890018821,0,"Hofmann Forest","Hofmann Forest","Hofmann Forest1",NA
53,10,1.41307692307692,1,16.9913311004639,24573.5341335022,1,15.2249555587769,14.0391555226802,0.460537672042847,6.95,3.4309644359925,0,"Hofmann Forest","Hofmann Forest","Hofmann Forest1",NA
54,10,1.394375,1,17.1721153259277,36409.5581835947,1,15.3377637863159,10.1032911459626,0.392137140035629,6.95,3.4309644359925,0,"Hofmann Forest","Hofmann Forest","Hofmann Forest1",NA
55,10,1.421875,1,16.7999992370605,20341.3734344337,1,16.6000156402588,24.0615363813774,0.342079311609268,4302.15,-0.540000890018821,0,"Hofmann Forest","Hofmann Forest","Hofmann Forest1",NA
56,10,1.363,1,17.0340480804443,24175.7902287721,1,14.6131048202515,13.0912705258303,0.429973602294922,6.95,3.4309644359925,0,"Hofmann Forest","Hofmann Forest","Hofmann Forest1",NA
57,10,1.363,1,16.7000026702881,20162.2292009034,1,17.43603515625,21.8423180027071,0.431278079748154,4302.15,-0.540000890018821,0,"Hofmann Forest","Hofmann Forest","Hofmann Forest1",NA
58,10,1.363,1,17.1921920776367,24175.7902287721,1,15.5286350250244,10.9170150883324,0.444785535335541,6.95,3.4309644359925,0,"Hofmann Forest","Hofmann Forest","Hofmann Forest1",NA
59,10,1.576,0,17.0254955291748,1581.25608502438,1,15.9087867736816,18.1597033732114,0.423990964889526,4302.15,-0.540000890018821,0,"Hofmann Forest","Hofmann Forest","Hofmann Forest1",NA
60,10,1.363,1,16.8999996185303,24175.7902287721,1,16.6509456634521,15.7530362794441,0.425204932689667,4302.15,-0.540000890018821,0,"Hofmann Forest","Hofmann Forest","Hofmann Forest1",NA
61,10,1.363,1,16.7999992370605,24175.7902287721,1,17.4378509521484,20.4809309281955,0.428839832544327,4302.15,-0.540000890018821,0,"Hofmann Forest","Hofmann Forest","Hofmann Forest1",NA
62,10,1.394375,1,17.222713470459,36409.5581835947,1,14.7160196304321,11.8196265823801,0.413097202777863,6.95,3.4309644359925,0,"Hofmann Forest","Hofmann Forest","Hofmann Forest1",NA
63,10,1.363,1,16.9724597930908,24175.7902287721,1,16.4276504516602,15.6733880429172,0.425336897373199,4302.15,-0.540000890018821,0,"Hofmann Forest","Hofmann Forest","Hofmann Forest1",NA
64,10,1.363,1,17.1319007873535,24175.7902287721,1,13.5568742752075,13.4044650155406,0.334300845861435,6.95,3.4309644359925,0,"Hofmann Forest","Hofmann Forest","Hofmann Forest1",NA
65,10,1.59270833333333,0,17.4289608001709,2591.34188292474,1,15.2056512832642,12.5378700931619,0.413155168294907,4302.15,-0.540000890018821,0,"Hofmann Forest","Hofmann Forest","Hofmann Forest1",NA
66,10,1.363,1,16.7593650817871,24175.7902287721,1,17.3745174407959,21.6500762038057,0.422526985406876,4302.15,-0.540000890018821,0,"Hofmann Forest","Hofmann Forest","Hofmann Forest1",NA
67,10,1.363,1,17,24175.7902287721,1,16.3528442382812,13.4564052256292,0.418190211057663,6.95,3.4309644359925,0,"Hofmann Forest","Hofmann Forest","Hofmann Forest1",NA
68,10,1.44666666666667,1,17.2999992370605,12233.7679548225,1,14.7299633026123,11.1643236010164,0.425269931554794,6.95,3.4309644359925,0,"Hofmann Forest","Hofmann Forest","Hofmann Forest1",NA
69,10,1.363,1,16.8999996185303,24175.7902287721,1,16.436450958252,14.8687567654666,0.4329554438591,4302.15,-0.540000890018821,0,"Hofmann Forest","Hofmann Forest","Hofmann Forest1",NA
70,10,1.363,1,16.8999996185303,24175.7902287721,1,15.9040794372559,17.5164077119406,0.409938246011734,4302.15,-0.540000890018821,0,"Hofmann Forest","Hofmann Forest","Hofmann Forest1",NA
71,10,1.363,1,16.8999996185303,24175.7902287721,1,16.7030467987061,17.0638816667348,0.418053776025772,4302.15,-0.540000890018821,0,"Hofmann Forest","Hofmann Forest","Hofmann Forest1",NA
72,10,1.363,1,16.9475746154785,24175.7902287721,1,16.6004238128662,15.1380024534799,0.423908948898315,4302.15,-0.540000890018821,0,"Hofmann Forest","Hofmann Forest","Hofmann Forest1",NA
73,10,1.576,0,17.3999996185303,1811.7080376601,1,15.6252870559692,13.2306418959052,0.420478731393814,4302.15,-0.540000890018821,0,"Hofmann Forest","Hofmann Forest","Hofmann Forest1",NA
74,10,1.363,1,16.9960861206055,24175.7902287721,1,15.8812646865845,19.0071489003207,0.386122047901154,4302.15,-0.540000890018821,0,"Hofmann Forest","Hofmann Forest","Hofmann Forest1",NA
75,10,1.363,1,16.7012405395508,20162.2292009034,1,17.5304546356201,22.2051669313232,0.435468763113022,4302.15,-0.540000890018821,0,"Hofmann Forest","Hofmann Forest","Hofmann Forest1",NA
76,10,1.41307692307692,1,16.8192501068115,24256.6365422887,1,16.9205703735352,19.8244782158825,0.435129761695862,4302.15,-0.540000890018821,0,"Hofmann Forest","Hofmann Forest","Hofmann Forest1",NA
77,10,1.394375,1,17.0126876831055,24421.8630482167,1,15.6486558914185,15.6356208952008,0.439821541309357,4302.15,-0.540000890018821,0,"Hofmann Forest","Hofmann Forest","Hofmann Forest1",NA
78,10,1.363,1,17.0943126678467,24175.7902287721,1,15.8462257385254,11.3218587882136,0.42266657948494,6.95,3.4309644359925,0,"Hofmann Forest","Hofmann Forest","Hofmann Forest1",NA
79,10,1.363,1,17.0000019073486,24175.7902287721,1,15.3735313415527,12.7353319340406,0.411941915750504,6.95,3.4309644359925,0,"Hofmann Forest","Hofmann Forest","Hofmann Forest1",NA
80,10,1.363,1,16.8999996185303,24175.7902287721,1,16.6313323974609,15.6381067547674,0.427754670381546,4302.15,-0.540000890018821,0,"Hofmann Forest","Hofmann Forest","Hofmann Forest1",NA
81,10,1.363,1,17.0323848724365,24175.7902287721,1,16.1099605560303,12.1355835227598,0.427958309650421,6.95,3.4309644359925,0,"Hofmann Forest","Hofmann Forest","Hofmann Forest1",NA
82,10,1.60464285714286,0,17.2999992370605,1387.31702974886,1,13.3138799667358,10.8706149581981,0.422215223312378,6.95,3.4309644359925,0,"Hofmann Forest","Hofmann Forest","Hofmann Forest1",NA
83,10,1.363,1,16.7999992370605,24175.7902287721,1,17.3531360626221,20.1863256199862,0.427473545074463,4302.15,-0.540000890018821,0,"Hofmann Forest","Hofmann Forest","Hofmann Forest1",NA
84,10,1.363,1,16.8282451629639,44338.0194296756,1,17.1677551269531,20.6920006912648,0.414015382528305,4302.15,-0.540000890018821,0,"Hofmann Forest","Hofmann Forest","Hofmann Forest1",NA
85,10,1.363,1,16.7000007629395,44338.0194296756,1,17.2900619506836,21.3170319994234,0.419509023427963,4302.15,-0.540000890018821,0,"Hofmann Forest","Hofmann Forest","Hofmann Forest1",NA
86,10,1.57769230769231,0,17.3987522125244,5275.19906378166,1,14.2398252487183,14.7209211430568,0.424286693334579,4302.15,-0.540000890018821,0,"Hofmann Forest","Hofmann Forest","Hofmann Forest1",NA
87,10,1.58695652173913,1,17.3978729248047,14892.923850086,1,14.250584602356,12.3877429310695,0.434136897325516,4302.15,-0.540000890018821,0,"Hofmann Forest","Hofmann Forest","Hofmann Forest1",NA
88,10,1.59355555555556,0,17.2999992370605,2574.02214801184,1,14.2263813018799,11.3166300463903,0.409114122390747,6.95,3.4309644359925,0,"Hofmann Forest","Hofmann Forest","Hofmann Forest1",NA
89,10,1.363,1,17.0878791809082,24175.7902287721,1,15.8885192871094,11.1597013985147,0.41410556435585,6.95,3.4309644359925,0,"Hofmann Forest","Hofmann Forest","Hofmann Forest1",NA
90,10,1.363,1,17,24175.7902287721,1,15.598653793335,11.8644917815131,0.427058130502701,6.95,3.4309644359925,0,"Hofmann Forest","Hofmann Forest","Hofmann Forest1",NA
91,10,1.44666666666667,1,17.2999992370605,12233.7679548225,1,15.1411972045898,9.71820781430318,0.420573145151138,6.95,3.4309644359925,0,"Hofmann Forest","Hofmann Forest","Hofmann Forest1",NA
92,10,1.363,1,16.7368679046631,20162.2292009034,1,17.22705078125,21.8826527827678,0.423716872930527,4302.15,-0.540000890018821,0,"Hofmann Forest","Hofmann Forest","Hofmann Forest1",NA
93,10,1.363,1,16.9011459350586,24175.7902287721,1,16.7782077789307,20.6018724896026,0.33094123005867,4302.15,-0.540000890018821,0,"Hofmann Forest","Hofmann Forest","Hofmann Forest1",NA
94,10,1.41307692307692,1,16.8044471740723,23469.8941787215,1,16.5205993652344,24.2542053797778,0.361046224832535,4302.15,-0.540000890018821,0,"Hofmann Forest","Hofmann Forest","Hofmann Forest1",NA
95,10,1.363,1,17,24175.7902287721,1,15.4054594039917,13.2481015295283,0.406573534011841,6.95,3.4309644359925,0,"Hofmann Forest","Hofmann Forest","Hofmann Forest1",NA
96,10,1.576,0,17.0481395721436,1581.25608502438,1,16.1001720428467,17.3818007822325,0.427067548036575,4302.15,-0.540000890018821,0,"Hofmann Forest","Hofmann Forest","Hofmann Forest1",NA
97,10,1.41307692307692,1,17.0022621154785,25318.142857925,1,16.3457183837891,17.6157728714206,0.442931562662125,4302.15,-0.540000890018821,0,"Hofmann Forest","Hofmann Forest","Hofmann Forest1",NA
98,10,1.363,1,16.9999980926514,24175.7902287721,1,14.0814876556396,15.8393432644131,0.403780907392502,6.95,3.4309644359925,0,"Hofmann Forest","Hofmann Forest","Hofmann Forest1",NA
99,10,1.363,1,16.8303527832031,24175.7902287721,1,17.1619148254395,20.2530065829826,0.42158031463623,4302.15,-0.540000890018821,0,"Hofmann Forest","Hofmann Forest","Hofmann Forest1",NA
100,10,1.363,1,17,24175.7902287721,1,15.8709926605225,12.7028352927905,0.418562293052673,6.95,3.4309644359925,0,"Hofmann Forest","Hofmann Forest","Hofmann Forest1",NA
101,10,1.394375,1,17.3236751556396,36409.5581835947,1,14.1451892852783,11.9023254715598,0.395946890115738,6.95,3.4309644359925,0,"Hofmann Forest","Hofmann Forest","Hofmann Forest1",NA
102,10,1.363,1,17,24175.7902287721,1,15.168231010437,12.9298697185228,0.405650019645691,6.95,3.4309644359925,0,"Hofmann Forest","Hofmann Forest","Hofmann Forest1",NA
103,10,1.363,1,16.7999992370605,20162.2292009034,1,16.7933864593506,23.9158694167043,0.400855749845505,4302.15,-0.540000890018821,0,"Hofmann Forest","Hofmann Forest","Hofmann Forest1",NA
104,10,1.363,1,16.8999996185303,24175.7902287721,1,17.2890129089355,21.2292771407263,0.419236868619919,4302.15,-0.540000890018821,0,"Hofmann Forest","Hofmann Forest","Hofmann Forest1",NA
105,10,1.363,1,16.8999996185303,24175.7902287721,1,16.6912498474121,17.2525807173325,0.41716131567955,4302.15,-0.540000890018821,0,"Hofmann Forest","Hofmann Forest","Hofmann Forest1",NA
106,10,1.363,1,17.0913906097412,24175.7902287721,1,15.4859809875488,19.0491243705503,0.392758369445801,4302.15,-0.540000890018821,0,"Hofmann Forest","Hofmann Forest","Hofmann Forest1",NA
107,10,1.45055555555556,1,17.1347064971924,24603.1340979689,1,13.9702606201172,15.7721822660822,0.359356313943863,6.95,3.4309644359925,0,"Hofmann Forest","Hofmann Forest","Hofmann Forest1",NA
108,10,1.363,1,16.8357048034668,20162.2292009034,1,16.7538871765137,23.8622229140909,0.36572203040123,4302.15,-0.540000890018821,0,"Hofmann Forest","Hofmann Forest","Hofmann Forest1",NA
109,10,1.363,1,16.8769493103027,20162.2292009034,1,16.4249019622803,22.5954176506317,0.429587125778198,4302.15,-0.540000890018821,0,"Hofmann Forest","Hofmann Forest","Hofmann Forest1",NA
110,10,1.363,1,16.901798248291,24175.7902287721,1,15.7767066955566,16.0472631083501,0.412434935569763,4302.15,-0.540000890018821,0,"Hofmann Forest","Hofmann Forest","Hofmann Forest1",NA
111,10,1.41307692307692,1,16.7767009735107,23469.8941787215,1,17.1503448486328,22.5220569431481,0.421381860971451,4302.15,-0.540000890018821,0,"Hofmann Forest","Hofmann Forest","Hofmann Forest1",NA
112,10,1.55454545454545,1,16.8906269073486,3631.02410626932,1,17.0378112792969,24.5398208773386,0.402098923921585,4302.15,-0.540000890018821,0,"Hofmann Forest","Hofmann Forest","Hofmann Forest1",NA
113,10,1.363,1,16.8999996185303,24175.7902287721,1,16.4564151763916,14.7039875369499,0.424871623516083,4302.15,-0.540000890018821,0,"Hofmann Forest","Hofmann Forest","Hofmann Forest1",NA
114,10,1.363,1,17.1000003814697,24175.7902287721,1,15.3907871246338,10.4121553046822,0.390424132347107,6.95,3.4309644359925,0,"Hofmann Forest","Hofmann Forest","Hofmann Forest1",NA
115,10,1.363,1,16.9733772277832,24175.7902287721,1,16.3283348083496,13.2232261602511,0.432347118854523,6.95,3.4309644359925,0,"Hofmann Forest","Hofmann Forest","Hofmann Forest1",NA
116,10,1.363,1,16.8999996185303,20162.2292009034,1,16.0251941680908,20.4355654020184,0.359158545732498,4302.15,-0.540000890018821,0,"Hofmann Forest","Hofmann Forest","Hofmann Forest1",NA
117,10,1.46333333333333,1,16.999849319458,23793.2533071727,1,16.3803558349609,24.721129979725,0.409820228815079,4302.15,-0.540000890018821,0,"Hofmann Forest","Hofmann Forest","Hofmann Forest1",NA
118,10,1.394375,1,17.1923942565918,36409.5581835947,1,15.383770942688,10.0090307730892,0.389735907316208,6.95,3.4309644359925,0,"Hofmann Forest","Hofmann Forest","Hofmann Forest1",NA
119,10,1.58944444444444,0,17.4525012969971,4791.51949781288,1,11.752438545227,14.8733723206368,0.358761757612228,4302.15,-0.540000890018821,0,"Hofmann Forest","Hofmann Forest","Hofmann Forest1",NA
120,10,1.363,1,16.8000011444092,24175.7902287721,1,17.4465351104736,19.203818186218,0.412773370742798,4302.15,-0.540000890018821,0,"Hofmann Forest","Hofmann Forest","Hofmann Forest1",NA
121,10,1.59047619047619,0,17.1000003814697,6172.83047615998,1,15.1954164505005,17.4725518672201,0.443629264831543,4302.15,-0.540000890018821,0,"Hofmann Forest","Hofmann Forest","Hofmann Forest1",NA
122,10,1.421875,1,16.7845458984375,20341.3734344337,1,16.9194831848145,23.2034958491182,0.379189819097519,4302.15,-0.540000890018821,0,"Hofmann Forest","Hofmann Forest","Hofmann Forest1",NA
123,10,1.363,1,17,24175.7902287721,1,15.9280242919922,11.6003674323843,0.416282445192337,6.95,3.4309644359925,0,"Hofmann Forest","Hofmann Forest","Hofmann Forest1",NA
124,10,1.55125,0,17.3000011444092,4515.7498296812,1,13.3480062484741,14.4260329316094,0.409674614667892,4302.15,-0.540000890018821,0,"Hofmann Forest","Hofmann Forest","Hofmann Forest1",NA
125,10,1.363,1,16.7999992370605,20162.2292009034,1,17.5864486694336,21.8462862355013,0.413100242614746,4302.15,-0.540000890018821,0,"Hofmann Forest","Hofmann Forest","Hofmann Forest1",NA
126,10,1.363,1,16.9170055389404,24175.7902287721,1,16.2211780548096,15.3472654546425,0.438550025224686,4302.15,-0.540000890018821,0,"Hofmann Forest","Hofmann Forest","Hofmann Forest1",NA
127,10,1.363,1,16.7000007629395,20162.2292009034,1,17.3625164031982,21.496918249859,0.427764475345612,4302.15,-0.540000890018821,0,"Hofmann Forest","Hofmann Forest","Hofmann Forest1",NA
128,10,1.363,1,17.100923538208,24175.7902287721,1,14.0348129272461,12.5633637346175,0.341357558965683,6.95,3.4309644359925,0,"Hofmann Forest","Hofmann Forest","Hofmann Forest1",NA
129,10,1.363,1,16.9113273620605,24175.7902287721,1,16.5738487243652,15.2425790114494,0.42435148358345,4302.15,-0.540000890018821,0,"Hofmann Forest","Hofmann Forest","Hofmann Forest1",NA
130,10,1.394375,1,16.9524040222168,25957.0487572377,1,16.6559028625488,20.9378219274317,0.368295609951019,4302.15,-0.540000890018821,0,"Hofmann Forest","Hofmann Forest","Hofmann Forest1",NA
131,10,1.59552631578947,0,17.3999996185303,1896.84178491175,1,15.741771697998,13.0890112564131,0.408446490764618,4302.15,-0.540000890018821,0,"Hofmann Forest","Hofmann Forest","Hofmann Forest1",NA
132,10,1.394375,1,17,24490.0857646151,1,14.4412832260132,16.5001875889823,0.395292162895203,4302.15,-0.540000890018821,0,"Hofmann Forest","Hofmann Forest","Hofmann Forest1",NA
133,10,1.363,1,16.9472618103027,24175.7902287721,1,16.534236907959,21.2974376100899,0.316751331090927,4302.15,-0.540000890018821,0,"Hofmann Forest","Hofmann Forest","Hofmann Forest1",NA
134,10,1.363,1,16.8999996185303,24175.7902287721,1,16.6474094390869,19.5318076559403,0.420493364334106,4302.15,-0.540000890018821,0,"Hofmann Forest","Hofmann Forest","Hofmann Forest1",NA
135,10,1.363,1,17,24175.7902287721,1,16.2423572540283,14.1010663759605,0.429133683443069,6.95,3.4309644359925,0,"Hofmann Forest","Hofmann Forest","Hofmann Forest1",NA
136,10,1.363,1,16.7881889343262,20162.2292009034,1,17.4217834472656,22.6624397618889,0.415912985801697,4302.15,-0.540000890018821,0,"Hofmann Forest","Hofmann Forest","Hofmann Forest1",NA
137,10,1.363,1,17.1117897033691,24175.7902287721,1,15.2277908325195,12.5896315055523,0.413102060556412,6.95,3.4309644359925,0,"Hofmann Forest","Hofmann Forest","Hofmann Forest1",NA
138,10,1.5472,1,17.0701675415039,712.008634611776,1,15.6110887527466,16.0121171760828,0.439243644475937,4302.15,-0.540000890018821,0,"Hofmann Forest","Hofmann Forest","Hofmann Forest1",NA
139,10,1.363,1,16.8999996185303,24175.7902287721,1,16.3758850097656,17.0602710291037,0.43409526348114,4302.15,-0.540000890018821,0,"Hofmann Forest","Hofmann Forest","Hofmann Forest1",NA
140,10,1.576,0,17.3999328613281,1811.7080376601,1,15.6248388290405,13.4380472840247,0.400393009185791,4302.15,-0.540000890018821,0,"Hofmann Forest","Hofmann Forest","Hofmann Forest1",NA
141,10,1.363,1,16.7140769958496,20162.2292009034,1,17.4731330871582,22.5397608492062,0.430072367191315,4302.15,-0.540000890018821,0,"Hofmann Forest","Hofmann Forest","Hofmann Forest1",NA
142,10,1.363,1,17.1006240844727,24175.7902287721,1,15.9527988433838,13.5518759042639,0.387574732303619,4302.15,-0.540000890018821,0,"Hofmann Forest","Hofmann Forest","Hofmann Forest1",NA
143,10,1.61714285714286,0,17.3912754058838,821.131818188699,1,15.5518865585327,15.2411264650841,0.384605705738068,4302.15,-0.540000890018821,0,"Hofmann Forest","Hofmann Forest","Hofmann Forest1",NA
144,10,1.44666666666667,1,17.2999992370605,12233.7679548225,1,15.5001344680786,11.9806213071332,0.408886849880219,6.95,3.4309644359925,0,"Hofmann Forest","Hofmann Forest","Hofmann Forest1",NA
145,10,1.363,1,17.1000003814697,24175.7902287721,1,13.9265775680542,13.629222024705,0.425228357315063,6.95,3.4309644359925,0,"Hofmann Forest","Hofmann Forest","Hofmann Forest1",NA
146,10,1.363,1,17.3665657043457,24175.7902287721,1,13.9721822738647,12.0980512186222,0.356068193912506,6.95,3.4309644359925,0,"Hofmann Forest","Hofmann Forest","Hofmann Forest1",NA
147,10,1.363,1,16.872013092041,44338.0194296756,1,16.8663711547852,20.5534665535641,0.417596161365509,4302.15,-0.540000890018821,0,"Hofmann Forest","Hofmann Forest","Hofmann Forest1",NA
148,10,1.59375,0,17.2999992370605,4654.72076149093,1,13.6217479705811,14.4203032752486,0.445136666297913,4302.15,-0.540000890018821,0,"Hofmann Forest","Hofmann Forest","Hofmann Forest1",NA
149,10,1.363,1,16.8075275421143,24175.7902287721,1,16.701732635498,16.2037675319591,0.42239174246788,4302.15,-0.540000890018821,0,"Hofmann Forest","Hofmann Forest","Hofmann Forest1",NA
150,10,1.394375,1,17.316780090332,36409.5581835947,1,15.1643104553223,9.92174585381671,0.41284054517746,6.95,3.4309644359925,0,"Hofmann Forest","Hofmann Forest","Hofmann Forest1",NA
151,10,1.363,1,17.0174903869629,24175.7902287721,1,15.4973192214966,12.3094772606549,0.413183599710464,6.95,3.4309644359925,0,"Hofmann Forest","Hofmann Forest","Hofmann Forest1",NA
152,10,1.363,1,16.9999980926514,24175.7902287721,1,15.8643913269043,13.0192430331007,0.431132912635803,6.95,3.4309644359925,0,"Hofmann Forest","Hofmann Forest","Hofmann Forest1",NA
153,10,1.363,1,16.8999996185303,24175.7902287721,1,16.7784900665283,19.0854736856237,0.417934358119965,4302.15,-0.540000890018821,0,"Hofmann Forest","Hofmann Forest","Hofmann Forest1",NA
154,10,1.363,1,16.7108821868896,20162.2292009034,1,17.4144420623779,22.9855415154648,0.416760057210922,4302.15,-0.540000890018821,0,"Hofmann Forest","Hofmann Forest","Hofmann Forest1",NA
155,10,1.363,1,16.8999996185303,24175.7902287721,1,16.4340267181396,13.6409126016614,0.4155133664608,6.95,3.4309644359925,0,"Hofmann Forest","Hofmann Forest","Hofmann Forest1",NA
156,10,1.41307692307692,1,16.9192848205566,24573.5341335022,1,15.1451683044434,14.6226254300516,0.42542627453804,6.95,3.4309644359925,0,"Hofmann Forest","Hofmann Forest","Hofmann Forest1",NA
157,10,1.363,1,17,24175.7902287721,1,15.8863925933838,12.2504187066189,0.407915771007538,6.95,3.4309644359925,0,"Hofmann Forest","Hofmann Forest","Hofmann Forest1",NA
158,10,1.363,1,16.9944610595703,24175.7902287721,1,16.0632953643799,14.0543128011227,0.429227769374847,4302.15,-0.540000890018821,0,"Hofmann Forest","Hofmann Forest","Hofmann Forest1",NA
159,10,1.61714285714286,0,17.4079837799072,821.131818188699,1,15.3290796279907,15.1923106920215,0.409359395503998,4302.15,-0.540000890018821,0,"Hofmann Forest","Hofmann Forest","Hofmann Forest1",NA
160,10,1.543125,1,17.3999996185303,39000.9000665194,1,15.4574365615845,12.7492775707922,0.416708558797836,4302.15,-0.540000890018821,0,"Hofmann Forest","Hofmann Forest","Hofmann Forest1",NA
161,10,1.363,1,17.1000003814697,20162.2292009034,1,15.8340635299683,22.3612786253405,0.393404334783554,4302.15,-0.540000890018821,0,"Hofmann Forest","Hofmann Forest","Hofmann Forest1",NA
162,10,1.363,1,16.7000026702881,44338.0194296756,1,17.2695751190186,21.0306537047777,0.433955162763596,4302.15,-0.540000890018821,0,"Hofmann Forest","Hofmann Forest","Hofmann Forest1",NA
163,10,1.363,1,16.8937587738037,24175.7902287721,1,16.876350402832,17.7828695134229,0.418300271034241,4302.15,-0.540000890018821,0,"Hofmann Forest","Hofmann Forest","Hofmann Forest1",NA
164,10,1.363,1,16.8834762573242,20162.2292009034,1,16.749059677124,23.2899185743398,0.412678420543671,4302.15,-0.540000890018821,0,"Hofmann Forest","Hofmann Forest","Hofmann Forest1",NA
165,10,1.363,1,17,24175.7902287721,1,14.6965179443359,16.1868836906133,0.408440619707108,4302.15,-0.540000890018821,0,"Hofmann Forest","Hofmann Forest","Hofmann Forest1",NA
166,10,1.363,1,16.8360004425049,24175.7902287721,1,16.8271903991699,18.462898746921,0.417474240064621,4302.15,-0.540000890018821,0,"Hofmann Forest","Hofmann Forest","Hofmann Forest1",NA
167,10,1.363,1,16.8151206970215,24175.7902287721,1,16.665864944458,16.1774556764329,0.427110373973846,4302.15,-0.540000890018821,0,"Hofmann Forest","Hofmann Forest","Hofmann Forest1",NA
168,10,1.363,1,16.8485069274902,24175.7902287721,1,16.7780895233154,17.1220008864038,0.433408051729202,4302.15,-0.540000890018821,0,"Hofmann Forest","Hofmann Forest","Hofmann Forest1",NA
169,10,1.576,0,17.198522567749,1581.25608502438,1,16.0779075622559,17.6315891787656,0.423903286457062,4302.15,-0.540000890018821,0,"Hofmann Forest","Hofmann Forest","Hofmann Forest1",NA
170,10,1.363,1,17,24175.7902287721,1,15.3224496841431,13.1440677016439,0.395914375782013,6.95,3.4309644359925,0,"Hofmann Forest","Hofmann Forest","Hofmann Forest1",NA
171,10,1.59355555555556,0,17.3538055419922,2574.02214801184,1,14.312294960022,10.6744395699227,0.402926534414291,6.95,3.4309644359925,0,"Hofmann Forest","Hofmann Forest","Hofmann Forest1",NA
172,10,1.538,0,16.9020671844482,5417.53325997317,1,16.3107452392578,23.9554607815838,0.411934167146683,4302.15,-0.540000890018821,0,"Hofmann Forest","Hofmann Forest","Hofmann Forest1",NA
173,10,1.363,1,16.8999996185303,24175.7902287721,1,16.733922958374,17.4867979326351,0.409847885370255,4302.15,-0.540000890018821,0,"Hofmann Forest","Hofmann Forest","Hofmann Forest1",NA
174,10,1.363,1,16.8999996185303,24175.7902287721,1,16.6589469909668,15.9874333133815,0.423140347003937,4302.15,-0.540000890018821,0,"Hofmann Forest","Hofmann Forest","Hofmann Forest1",NA
175,10,1.363,1,16.8999996185303,24175.7902287721,1,16.605978012085,18.7472466854345,0.421796649694443,4302.15,-0.540000890018821,0,"Hofmann Forest","Hofmann Forest","Hofmann Forest1",NA
176,10,1.363,1,16.7999992370605,24175.7902287721,1,16.8585376739502,18.1594783973681,0.4247967004776,4302.15,-0.540000890018821,0,"Hofmann Forest","Hofmann Forest","Hofmann Forest1",NA
177,10,1.363,1,17,24175.7902287721,1,16.4220314025879,14.2845487720792,0.432285934686661,4302.15,-0.540000890018821,0,"Hofmann Forest","Hofmann Forest","Hofmann Forest1",NA
178,10,1.576,0,17.0508804321289,1581.25608502438,1,16.4181613922119,18.8862117840559,0.413309901952744,4302.15,-0.540000890018821,0,"Hofmann Forest","Hofmann Forest","Hofmann Forest1",NA
179,10,1.58,0,17.3611660003662,625.002919397116,1,15.5920743942261,13.5656444783173,0.424810022115707,4302.15,-0.540000890018821,0,"Hofmann Forest","Hofmann Forest","Hofmann Forest1",NA
180,10,1.363,1,16.7999992370605,24175.7902287721,1,17.348913192749,19.5056692162008,0.437047004699707,4302.15,-0.540000890018821,0,"Hofmann Forest","Hofmann Forest","Hofmann Forest1",NA
181,10,1.46764705882353,1,17.2665348052979,24996.9220469608,1,15.5808620452881,15.1194663994942,0.391557157039642,4302.15,-0.540000890018821,0,"Hofmann Forest","Hofmann Forest","Hofmann Forest1",NA
182,10,1.363,1,16.7999992370605,24175.7902287721,1,16.7263984680176,19.5989575932491,0.441802620887756,4302.15,-0.540000890018821,0,"Hofmann Forest","Hofmann Forest","Hofmann Forest1",NA
183,10,1.363,1,16.8999996185303,24175.7902287721,1,16.8547458648682,20.3163598708557,0.368178725242615,4302.15,-0.540000890018821,0,"Hofmann Forest","Hofmann Forest","Hofmann Forest1",NA
184,10,1.363,1,17.123628616333,24175.7902287721,1,13.655216217041,14.0625834321034,0.391490966081619,6.95,3.4309644359925,0,"Hofmann Forest","Hofmann Forest","Hofmann Forest1",NA
185,10,1.363,1,16.7000007629395,44338.0194296756,1,17.423942565918,22.1042856480883,0.421832352876663,4302.15,-0.540000890018821,0,"Hofmann Forest","Hofmann Forest","Hofmann Forest1",NA
186,10,1.363,1,17,24175.7902287721,1,15.8893032073975,12.5289394190176,0.417999982833862,6.95,3.4309644359925,0,"Hofmann Forest","Hofmann Forest","Hofmann Forest1",NA
187,10,1.363,1,17.0295925140381,24175.7902287721,1,16.2500457763672,13.1921126152607,0.425043344497681,4302.15,-0.540000890018821,0,"Hofmann Forest","Hofmann Forest","Hofmann Forest1",NA
188,10,1.363,1,16.8999996185303,24175.7902287721,1,16.4866180419922,17.9046501571119,0.424890756607056,4302.15,-0.540000890018821,0,"Hofmann Forest","Hofmann Forest","Hofmann Forest1",NA
189,10,1.394375,1,17.2578468322754,36409.5581835947,1,15.2815837860107,10.1394284421973,0.402145534753799,6.95,3.4309644359925,0,"Hofmann Forest","Hofmann Forest","Hofmann Forest1",NA
190,10,1.363,1,16.8000240325928,20162.2292009034,1,16.6871280670166,23.7842295447495,0.274311155080795,4302.15,-0.540000890018821,0,"Hofmann Forest","Hofmann Forest","Hofmann Forest1",NA
191,10,1.394375,1,17.2153472900391,36409.5581835947,1,15.9628705978394,12.1829339828616,0.422049880027771,6.95,3.4309644359925,0,"Hofmann Forest","Hofmann Forest","Hofmann Forest1",NA
192,10,1.363,1,16.8242664337158,20162.2292009034,1,16.9165573120117,21.5970204136859,0.424318701028824,4302.15,-0.540000890018821,0,"Hofmann Forest","Hofmann Forest","Hofmann Forest1",NA
193,10,1.363,1,17.0439643859863,24175.7902287721,1,14.1085577011108,13.8522424027889,0.452025294303894,6.95,3.4309644359925,0,"Hofmann Forest","Hofmann Forest","Hofmann Forest1",NA
194,10,1.394375,1,16.9003257751465,24421.8630482167,1,16.5286026000977,16.3715794498006,0.421889424324036,4302.15,-0.540000890018821,0,"Hofmann Forest","Hofmann Forest","Hofmann Forest1",NA
195,10,1.41307692307692,1,16.7999992370605,23469.8941787215,1,16.4927577972412,24.1269422726765,0.428333252668381,4302.15,-0.540000890018821,0,"Hofmann Forest","Hofmann Forest","Hofmann Forest1",NA
196,10,1.363,1,16.9036273956299,24175.7902287721,1,16.644926071167,15.3168488482959,0.423055320978165,4302.15,-0.540000890018821,0,"Hofmann Forest","Hofmann Forest","Hofmann Forest1",NA
197,10,1.363,1,16.8999996185303,24175.7902287721,1,16.1220664978027,16.3413979997451,0.437444150447845,4302.15,-0.540000890018821,0,"Hofmann Forest","Hofmann Forest","Hofmann Forest1",NA
198,10,1.363,1,17,24175.7902287721,1,15.3221120834351,13.7380819343421,0.402246713638306,6.95,3.4309644359925,0,"Hofmann Forest","Hofmann Forest","Hofmann Forest1",NA
199,10,1.363,1,17,24175.7902287721,1,14.4670600891113,14.5126498994404,0.441815257072449,6.95,3.4309644359925,0,"Hofmann Forest","Hofmann Forest","Hofmann Forest1",NA
200,10,1.41307692307692,1,16.8250999450684,47970.8498697163,1,17.1909198760986,22.0574005048088,0.412776857614517,4302.15,-0.540000890018821,0,"Hofmann Forest","Hofmann Forest","Hofmann Forest1",NA
201,10,1.394375,1,17.2867603302002,36409.5581835947,1,15.0098781585693,11.2368499375449,0.420945584774017,6.95,3.4309644359925,0,"Hofmann Forest","Hofmann Forest","Hofmann Forest1",NA
202,10,1.44684210526316,1,16.8575572967529,23649.0384122518,1,16.8043842315674,24.1913114999792,0.39575058221817,4302.15,-0.540000890018821,0,"Hofmann Forest","Hofmann Forest","Hofmann Forest1",NA
203,10,1.363,1,16.8999996185303,24175.7902287721,1,16.5935211181641,15.2453219815871,0.421830415725708,4302.15,-0.540000890018821,0,"Hofmann Forest","Hofmann Forest","Hofmann Forest1",NA
204,10,1.363,1,16.8283309936523,24175.7902287721,1,16.9152450561523,19.6956402959906,0.404180020093918,4302.15,-0.540000890018821,0,"Hofmann Forest","Hofmann Forest","Hofmann Forest1",NA
205,10,1.394375,1,17.1459808349609,36409.5581835947,1,15.6072130203247,12.7662740853449,0.429463416337967,4302.15,-0.540000890018821,0,"Hofmann Forest","Hofmann Forest","Hofmann Forest1",NA
206,10,1.54173913043478,1,17.0970554351807,684.976275316146,1,15.2132921218872,15.4549608832593,0.437684416770935,4302.15,-0.540000890018821,0,"Hofmann Forest","Hofmann Forest","Hofmann Forest1",NA
207,10,1.363,1,16.7999992370605,24175.7902287721,1,17.3557319641113,19.5935910614875,0.432078838348389,4302.15,-0.540000890018821,0,"Hofmann Forest","Hofmann Forest","Hofmann Forest1",NA
208,10,1.363,1,16.7999992370605,24175.7902287721,1,17.0027980804443,18.727649171518,0.418189615011215,4302.15,-0.540000890018821,0,"Hofmann Forest","Hofmann Forest","Hofmann Forest1",NA
209,10,1.363,1,17,24175.7902287721,1,16.3797225952148,12.9764210832219,0.427851021289825,6.95,3.4309644359925,0,"Hofmann Forest","Hofmann Forest","Hofmann Forest1",NA
210,10,1.363,1,16.8526210784912,24175.7902287721,1,16.893087387085,17.8173461568153,0.430107355117798,4302.15,-0.540000890018821,0,"Hofmann Forest","Hofmann Forest","Hofmann Forest1",NA
211,10,1.363,1,16.864444732666,24175.7902287721,1,16.987886428833,19.8039044971152,0.408210903406143,4302.15,-0.540000890018821,0,"Hofmann Forest","Hofmann Forest","Hofmann Forest1",NA
212,10,1.41307692307692,1,16.9424266815186,23469.8941787215,1,16.443962097168,23.2063509286775,0.422524571418762,4302.15,-0.540000890018821,0,"Hofmann Forest","Hofmann Forest","Hofmann Forest1",NA
213,10,1.58,0,17,325.165462222684,1,16.6189727783203,22.381562942172,0.420948624610901,4302.15,-0.540000890018821,0,"Hofmann Forest","Hofmann Forest","Hofmann Forest1",NA
214,10,1.58,0,16.8592338562012,3307.66497781808,1,16.3481731414795,24.1567651337572,0.436131685972214,4302.15,-0.540000890018821,0,"Hofmann Forest","Hofmann Forest","Hofmann Forest1",NA
215,10,1.363,1,16.9772510528564,24175.7902287721,1,15.3678646087646,16.9263707782195,0.404366314411163,4302.15,-0.540000890018821,0,"Hofmann Forest","Hofmann Forest","Hofmann Forest1",NA
216,10,1.363,1,17,24175.7902287721,1,15.384181022644,13.5281005872887,0.416086465120316,6.95,3.4309644359925,0,"Hofmann Forest","Hofmann Forest","Hofmann Forest1",NA
217,10,1.363,1,16.8806076049805,24175.7902287721,1,16.926887512207,17.2038387881093,0.416535824537277,4302.15,-0.540000890018821,0,"Hofmann Forest","Hofmann Forest","Hofmann Forest1",NA
218,10,1.394375,1,17.3999996185303,36409.5581835947,1,13.9942617416382,11.5681551029639,0.424342721700668,6.95,3.4309644359925,0,"Hofmann Forest","Hofmann Forest","Hofmann Forest1",NA
219,10,1.363,1,17.0991115570068,24175.7902287721,1,13.7484159469604,15.0144603837005,0.388485848903656,6.95,3.4309644359925,0,"Hofmann Forest","Hofmann Forest","Hofmann Forest1",NA
220,10,1.58235294117647,0,17.1099739074707,5070.0934742136,1,14.9474115371704,16.7689792350654,0.41261300444603,4302.15,-0.540000890018821,0,"Hofmann Forest","Hofmann Forest","Hofmann Forest1",NA
221,10,1.363,1,17.0030765533447,24175.7902287721,1,16.2602062225342,12.5620101544374,0.45692977309227,6.95,3.4309644359925,0,"Hofmann Forest","Hofmann Forest","Hofmann Forest1",NA
222,10,1.363,1,16.8999996185303,24175.7902287721,1,16.3341064453125,17.6462615455733,0.437389880418777,4302.15,-0.540000890018821,0,"Hofmann Forest","Hofmann Forest","Hofmann Forest1",NA
223,10,1.363,1,16.8623447418213,24175.7902287721,1,16.9361686706543,19.2283108657419,0.420865058898926,4302.15,-0.540000890018821,0,"Hofmann Forest","Hofmann Forest","Hofmann Forest1",NA
224,10,1.363,1,16.9190196990967,24175.7902287721,1,15.437014579773,15.5744193037483,0.417098999023438,4302.15,-0.540000890018821,0,"Hofmann Forest","Hofmann Forest","Hofmann Forest1",NA
225,10,1.363,1,16.8131866455078,24175.7902287721,1,17.0340843200684,18.7109645683993,0.417902588844299,4302.15,-0.540000890018821,0,"Hofmann Forest","Hofmann Forest","Hofmann Forest1",NA
226,10,1.363,1,17.1096534729004,24175.7902287721,1,13.7883243560791,13.139197964069,0.318073958158493,6.95,3.4309644359925,0,"Hofmann Forest","Hofmann Forest","Hofmann Forest1",NA
227,10,1.363,1,17.1000003814697,24175.7902287721,1,13.4418172836304,13.7860006347716,0.376934200525284,6.95,3.4309644359925,0,"Hofmann Forest","Hofmann Forest","Hofmann Forest1",NA
228,10,1.41307692307692,1,17,24573.5341335022,1,14.9613952636719,14.3553597348736,0.444006204605103,6.95,3.4309644359925,0,"Hofmann Forest","Hofmann Forest","Hofmann Forest1",NA
229,10,1.363,1,16.7999992370605,24175.7902287721,1,16.8079414367676,17.2148142678934,0.414733916521072,4302.15,-0.540000890018821,0,"Hofmann Forest","Hofmann Forest","Hofmann Forest1",NA
230,10,1.363,1,17,24175.7902287721,1,16.3400554656982,12.8170480531773,0.424201786518097,6.95,3.4309644359925,0,"Hofmann Forest","Hofmann Forest","Hofmann Forest1",NA
231,10,1.363,1,17.0998935699463,24175.7902287721,1,14.7539024353027,12.6699566344908,0.424510538578033,6.95,3.4309644359925,0,"Hofmann Forest","Hofmann Forest","Hofmann Forest1",NA
232,10,1.363,1,16.815013885498,24175.7902287721,1,16.9168872833252,18.9541203672611,0.418830573558807,4302.15,-0.540000890018821,0,"Hofmann Forest","Hofmann Forest","Hofmann Forest1",NA
233,10,1.55071428571429,1,17.1000003814697,1854.3612637646,1,15.9991960525513,16.3512115140524,0.43125855922699,4302.15,-0.540000890018821,0,"Hofmann Forest","Hofmann Forest","Hofmann Forest1",NA
234,10,1.44666666666667,1,17.3675518035889,12233.7679548225,1,14.4004058837891,11.3644515816504,0.42017126083374,6.95,3.4309644359925,0,"Hofmann Forest","Hofmann Forest","Hofmann Forest1",NA
235,10,1.363,1,16.926326751709,24175.7902287721,1,16.6697330474854,17.2469023453398,0.435019254684448,4302.15,-0.540000890018821,0,"Hofmann Forest","Hofmann Forest","Hofmann Forest1",NA
236,10,1.363,1,16.926082611084,24175.7902287721,1,16.5962696075439,19.4775017931626,0.410288035869598,4302.15,-0.540000890018821,0,"Hofmann Forest","Hofmann Forest","Hofmann Forest1",NA
237,10,1.363,1,16.7999992370605,24175.7902287721,1,17.0453796386719,18.3218072166098,0.423100829124451,4302.15,-0.540000890018821,0,"Hofmann Forest","Hofmann Forest","Hofmann Forest1",NA
238,10,1.363,1,16.8835411071777,20162.2292009034,1,16.8206996917725,24.0952883736784,0.401999413967133,4302.15,-0.540000890018821,0,"Hofmann Forest","Hofmann Forest","Hofmann Forest1",NA
239,10,1.363,1,16.8999996185303,24175.7902287721,1,16.4188785552979,15.4051018173756,0.455551028251648,4302.15,-0.540000890018821,0,"Hofmann Forest","Hofmann Forest","Hofmann Forest1",NA
240,10,1.363,1,16.9000015258789,24175.7902287721,1,15.7482080459595,15.571132470045,0.416141390800476,4302.15,-0.540000890018821,0,"Hofmann Forest","Hofmann Forest","Hofmann Forest1",NA
241,10,1.363,1,17.063138961792,24175.7902287721,1,15.6270084381104,10.7973557472449,0.426386296749115,6.95,3.4309644359925,0,"Hofmann Forest","Hofmann Forest","Hofmann Forest1",NA
242,10,1.42368421052632,1,17.1937389373779,25046.8659676139,1,15.3585987091064,14.9956887908746,0.427619755268097,4302.15,-0.540000890018821,0,"Hofmann Forest","Hofmann Forest","Hofmann Forest1",NA
243,10,1.363,1,17.0786609649658,24175.7902287721,1,14.0088968276978,13.7995107525516,0.463263124227524,6.95,3.4309644359925,0,"Hofmann Forest","Hofmann Forest","Hofmann Forest1",NA
244,10,1.363,1,16.9999885559082,24175.7902287721,1,16.5016098022461,14.8820586661511,0.428953588008881,4302.15,-0.540000890018821,0,"Hofmann Forest","Hofmann Forest","Hofmann Forest1",NA
245,10,1.41307692307692,1,17.0989875793457,24573.5341335022,1,14.0682706832886,15.255912520978,0.412874341011047,6.95,3.4309644359925,0,"Hofmann Forest","Hofmann Forest","Hofmann Forest1",NA
246,10,1.363,1,16.9502086639404,24175.7902287721,1,16.4849433898926,14.1224508562514,0.417575716972351,6.95,3.4309644359925,0,"Hofmann Forest","Hofmann Forest","Hofmann Forest1",NA
247,10,1.363,1,16.8999996185303,24175.7902287721,1,16.7275142669678,16.5484352420496,0.423828393220901,4302.15,-0.540000890018821,0,"Hofmann Forest","Hofmann Forest","Hofmann Forest1",NA
248,10,1.363,1,17,24175.7902287721,1,15.7595720291138,12.8685568637919,0.437630981206894,6.95,3.4309644359925,0,"Hofmann Forest","Hofmann Forest","Hofmann Forest1",NA
249,10,1.363,1,17.1000003814697,24175.7902287721,1,15.7268447875977,12.9114487192263,0.421531081199646,4302.15,-0.540000890018821,0,"Hofmann Forest","Hofmann Forest","Hofmann Forest1",NA
250,10,1.44142857142857,1,16.9863262176514,25591.2480366652,1,16.4283885955811,16.5920495994999,0.440410733222961,4302.15,-0.540000890018821,0,"Hofmann Forest","Hofmann Forest","Hofmann Forest1",NA
251,10,1.363,1,17.0000095367432,24175.7902287721,1,14.2853012084961,14.5061303330763,0.418566972017288,6.95,3.4309644359925,0,"Hofmann Forest","Hofmann Forest","Hofmann Forest1",NA
252,10,1.363,1,16.8999996185303,24175.7902287721,1,16.4186744689941,14.5523737147132,0.443143129348755,4302.15,-0.540000890018821,0,"Hofmann Forest","Hofmann Forest","Hofmann Forest1",NA
253,10,1.55714285714286,0,16.9826011657715,3344.9835454271,1,16.2498245239258,23.4732614158435,0.416175097227097,4302.15,-0.540000890018821,0,"Hofmann Forest","Hofmann Forest","Hofmann Forest1",NA
254,10,1.363,1,17,24175.7902287721,1,14.7309837341309,14.0691725479432,0.415353745222092,6.95,3.4309644359925,0,"Hofmann Forest","Hofmann Forest","Hofmann Forest1",NA
255,10,1.363,1,16.8047924041748,24175.7902287721,1,17.5220947265625,21.0807083297372,0.420512169599533,4302.15,-0.540000890018821,0,"Hofmann Forest","Hofmann Forest","Hofmann Forest1",NA
256,10,1.363,1,16.7999992370605,20162.2292009034,1,16.8512649536133,23.6373499648501,0.401675850152969,4302.15,-0.540000890018821,0,"Hofmann Forest","Hofmann Forest","Hofmann Forest1",NA
257,10,1.363,1,16.9979705810547,24175.7902287721,1,16.1221351623535,14.3245269033667,0.430232524871826,6.95,3.4309644359925,0,"Hofmann Forest","Hofmann Forest","Hofmann Forest1",NA
258,10,1.363,1,16.8999996185303,20162.2292009034,1,16.2584953308105,21.5752220085209,0.451371937990189,4302.15,-0.540000890018821,0,"Hofmann Forest","Hofmann Forest","Hofmann Forest1",NA
259,10,1.363,1,16.8999996185303,24175.7902287721,1,16.5187244415283,15.7398882286882,0.445480972528458,4302.15,-0.540000890018821,0,"Hofmann Forest","Hofmann Forest","Hofmann Forest1",NA
260,10,1.363,1,17.0090999603271,24175.7902287721,1,16.2825679779053,12.5308850609101,0.435577809810638,6.95,3.4309644359925,0,"Hofmann Forest","Hofmann Forest","Hofmann Forest1",NA
261,10,1.54173913043478,1,17.2999992370605,13420.4730730855,1,15.3996524810791,12.011398480489,0.358739405870438,6.95,3.4309644359925,0,"Hofmann Forest","Hofmann Forest","Hofmann Forest1",NA
262,10,1.394375,1,16.986930847168,24421.8630482167,1,16.318380355835,15.9225777661965,0.439214766025543,4302.15,-0.540000890018821,0,"Hofmann Forest","Hofmann Forest","Hofmann Forest1",NA
263,10,1.363,1,16.9452476501465,24175.7902287721,1,15.3219203948975,14.7860877554757,0.434077858924866,6.95,3.4309644359925,0,"Hofmann Forest","Hofmann Forest","Hofmann Forest1",NA
264,10,1.41307692307692,1,17.0748386383057,25318.142857925,1,16.4355583190918,16.9560091829186,0.468760818243027,4302.15,-0.540000890018821,0,"Hofmann Forest","Hofmann Forest","Hofmann Forest1",NA
265,10,1.363,1,16.9303016662598,24175.7902287721,1,15.359091758728,15.172999209916,0.433093100786209,6.95,3.4309644359925,0,"Hofmann Forest","Hofmann Forest","Hofmann Forest1",NA
266,10,1.363,1,16.9164733886719,24175.7902287721,1,16.4502830505371,15.4324626896138,0.423994690179825,4302.15,-0.540000890018821,0,"Hofmann Forest","Hofmann Forest","Hofmann Forest1",NA
267,10,1.48757575757576,1,17.2081661224365,36565.0102876017,1,15.2680549621582,10.8524762836443,0.417237937450409,6.95,3.4309644359925,0,"Hofmann Forest","Hofmann Forest","Hofmann Forest1",NA
268,10,1.363,1,16.7000007629395,20162.2292009034,1,16.9235935211182,22.010947484089,0.42284968495369,4302.15,-0.540000890018821,0,"Hofmann Forest","Hofmann Forest","Hofmann Forest1",NA
269,10,1.363,1,17.0210494995117,24175.7902287721,1,14.6559209823608,13.5390002150421,0.409337937831879,6.95,3.4309644359925,0,"Hofmann Forest","Hofmann Forest","Hofmann Forest1",NA
270,10,1.58,0,17.3092174530029,625.002919397116,1,15.3679685592651,14.3220864156822,0.428270816802979,4302.15,-0.540000890018821,0,"Hofmann Forest","Hofmann Forest","Hofmann Forest1",NA
271,10,1.58,0,17.317554473877,625.002919397116,1,15.3107213973999,13.7480334596604,0.411580413579941,4302.15,-0.540000890018821,0,"Hofmann Forest","Hofmann Forest","Hofmann Forest1",NA
272,10,1.363,1,16.9225292205811,24175.7902287721,1,16.1208534240723,14.7255039418189,0.438762336969376,6.95,3.4309644359925,0,"Hofmann Forest","Hofmann Forest","Hofmann Forest1",NA
273,10,1.363,1,16.8944683074951,44338.0194296756,1,17.0511627197266,20.5076235820977,0.408515125513077,4302.15,-0.540000890018821,0,"Hofmann Forest","Hofmann Forest","Hofmann Forest1",NA
274,10,1.45055555555556,1,17,24603.1340979689,1,14.0193586349487,15.6496278627975,0.375159054994583,6.95,3.4309644359925,0,"Hofmann Forest","Hofmann Forest","Hofmann Forest1",NA
275,10,1.41307692307692,1,17.1979484558105,24800.7931481693,1,15.5201501846313,14.6329325042729,0.396871894598007,4302.15,-0.540000890018821,0,"Hofmann Forest","Hofmann Forest","Hofmann Forest1",NA
276,10,1.394375,1,17.2999992370605,36409.5581835947,1,14.8726453781128,11.462213803659,0.426624715328217,6.95,3.4309644359925,0,"Hofmann Forest","Hofmann Forest","Hofmann Forest1",NA
277,10,1.363,1,16.9979400634766,24175.7902287721,1,16.3657169342041,13.6297796714737,0.428373605012894,4302.15,-0.540000890018821,0,"Hofmann Forest","Hofmann Forest","Hofmann Forest1",NA
278,10,1.363,1,16.7999992370605,24175.7902287721,1,16.8500862121582,17.0302083925792,0.424938589334488,4302.15,-0.540000890018821,0,"Hofmann Forest","Hofmann Forest","Hofmann Forest1",NA
279,10,1.363,1,16.8999977111816,24175.7902287721,1,16.680154800415,15.565361352798,0.426817059516907,4302.15,-0.540000890018821,0,"Hofmann Forest","Hofmann Forest","Hofmann Forest1",NA
280,10,1.51181818181818,1,16.9920139312744,25837.892627313,1,16.4729099273682,18.7970863561448,0.404257029294968,4302.15,-0.540000890018821,0,"Hofmann Forest","Hofmann Forest","Hofmann Forest1",NA
281,10,1.363,1,16.7945804595947,20162.2292009034,1,17.3563404083252,22.7329768303934,0.408593654632568,4302.15,-0.540000890018821,0,"Hofmann Forest","Hofmann Forest","Hofmann Forest1",NA
282,10,1.363,1,17.007152557373,24175.7902287721,1,15.6916942596436,11.6511588972599,0.413113713264465,6.95,3.4309644359925,0,"Hofmann Forest","Hofmann Forest","Hofmann Forest1",NA
283,10,1.363,1,16.8999099731445,24175.7902287721,1,16.5930480957031,15.7842820308914,0.425521850585938,4302.15,-0.540000890018821,0,"Hofmann Forest","Hofmann Forest","Hofmann Forest1",NA
284,10,1.363,1,16.7999992370605,20162.2292009034,1,16.8358669281006,23.741616676598,0.385796517133713,4302.15,-0.540000890018821,0,"Hofmann Forest","Hofmann Forest","Hofmann Forest1",NA
285,10,1.363,1,16.9921092987061,24175.7902287721,1,16.4932956695557,14.677989040687,0.433633178472519,4302.15,-0.540000890018821,0,"Hofmann Forest","Hofmann Forest","Hofmann Forest1",NA
286,10,1.363,1,16.7000007629395,20162.2292009034,1,17.4207057952881,21.5058470343765,0.419974207878113,4302.15,-0.540000890018821,0,"Hofmann Forest","Hofmann Forest","Hofmann Forest1",NA
287,10,1.59355555555556,0,17.4457092285156,1296.02488388697,1,15.9247531890869,12.9073347945267,0.354548364877701,4302.15,-0.540000890018821,0,"Hofmann Forest","Hofmann Forest","Hofmann Forest1",NA
288,10,1.61833333333333,0,17.5,337.452252219923,1,15.0213136672974,15.1443259539429,0.392107635736465,4302.15,-0.540000890018821,0,"Hofmann Forest","Hofmann Forest","Hofmann Forest1",NA
289,10,1.57487804878049,1,17.3623943328857,14113.2900048214,1,15.1567983627319,10.7106577666522,0.450671970844269,6.95,3.4309644359925,0,"Hofmann Forest","Hofmann Forest","Hofmann Forest1",NA
290,10,1.363,1,16.9592800140381,24175.7902287721,1,15.9907026290894,15.0966939466901,0.431073129177094,4302.15,-0.540000890018821,0,"Hofmann Forest","Hofmann Forest","Hofmann Forest1",NA
291,10,1.363,1,16.7999992370605,24175.7902287721,1,17.0378971099854,18.5154579376732,0.41635599732399,4302.15,-0.540000890018821,0,"Hofmann Forest","Hofmann Forest","Hofmann Forest1",NA
292,10,1.41307692307692,1,16.8999996185303,23469.8941787215,1,16.5758743286133,23.1883822270726,0.393769174814224,4302.15,-0.540000890018821,0,"Hofmann Forest","Hofmann Forest","Hofmann Forest1",NA
293,10,1.576,0,17.1019134521484,1581.25608502438,1,16.0131855010986,17.7693278426881,0.421220511198044,4302.15,-0.540000890018821,0,"Hofmann Forest","Hofmann Forest","Hofmann Forest1",NA
294,10,1.363,1,17,24175.7902287721,1,16.4513244628906,14.0555612501365,0.428897440433502,4302.15,-0.540000890018821,0,"Hofmann Forest","Hofmann Forest","Hofmann Forest1",NA
295,10,1.363,1,16.7000007629395,20162.2292009034,1,17.4807357788086,22.3578700124188,0.424579977989197,4302.15,-0.540000890018821,0,"Hofmann Forest","Hofmann Forest","Hofmann Forest1",NA
296,10,1.363,1,16.9994297027588,24175.7902287721,1,16.5170383453369,14.9298585936687,0.426457971334457,4302.15,-0.540000890018821,0,"Hofmann Forest","Hofmann Forest","Hofmann Forest1",NA
297,10,1.363,1,17.0865726470947,24175.7902287721,1,15.4992761611938,11.0562223596385,0.384146839380264,6.95,3.4309644359925,0,"Hofmann Forest","Hofmann Forest","Hofmann Forest1",NA
298,10,1.363,1,16.7999992370605,24175.7902287721,1,17.628547668457,19.9545181761357,0.423015892505646,4302.15,-0.540000890018821,0,"Hofmann Forest","Hofmann Forest","Hofmann Forest1",NA
299,10,1.363,1,16.8999996185303,24175.7902287721,1,16.4384117126465,15.8135222019618,0.429210543632507,4302.15,-0.540000890018821,0,"Hofmann Forest","Hofmann Forest","Hofmann Forest1",NA
300,10,1.363,1,17.0453071594238,24175.7902287721,1,13.9947233200073,14.8270529732072,0.397492229938507,6.95,3.4309644359925,0,"Hofmann Forest","Hofmann Forest","Hofmann Forest1",NA
301,10,1.54173913043478,1,17.4253597259521,13420.4730730855,1,15.3108987808228,10.3948059941727,0.464396476745605,6.95,3.4309644359925,0,"Hofmann Forest","Hofmann Forest","Hofmann Forest1",NA
302,10,1.363,1,17,24175.7902287721,1,15.6179666519165,12.833535528348,0.427390426397324,6.95,3.4309644359925,0,"Hofmann Forest","Hofmann Forest","Hofmann Forest1",NA
303,10,1.363,1,17,24175.7902287721,1,16.2578983306885,14.5941710482882,0.421124249696732,6.95,3.4309644359925,0,"Hofmann Forest","Hofmann Forest","Hofmann Forest1",NA
304,10,1.363,1,17.1179294586182,24175.7902287721,1,16.2238483428955,12.328184734318,0.437680929899216,6.95,3.4309644359925,0,"Hofmann Forest","Hofmann Forest","Hofmann Forest1",NA
305,10,1.58122448979592,0,17.1126518249512,4977.15225006648,1,15.0368337631226,17.2968842634765,0.432327002286911,4302.15,-0.540000890018821,0,"Hofmann Forest","Hofmann Forest","Hofmann Forest1",NA
306,10,1.54173913043478,1,17.3425045013428,12389.2200588296,1,14.6397886276245,10.8190245993174,0.410806089639664,6.95,3.4309644359925,0,"Hofmann Forest","Hofmann Forest","Hofmann Forest1",NA
307,10,1.363,1,16.8999996185303,24175.7902287721,1,16.5453300476074,16.8801344554411,0.428265780210495,4302.15,-0.540000890018821,0,"Hofmann Forest","Hofmann Forest","Hofmann Forest1",NA
308,10,1.363,1,17,24175.7902287721,1,16.4942378997803,14.7184117158451,0.426831185817719,4302.15,-0.540000890018821,0,"Hofmann Forest","Hofmann Forest","Hofmann Forest1",NA
309,10,1.394375,1,17.2000007629395,36409.5581835947,1,15.6917524337769,12.8207574775821,0.426354199647903,4302.15,-0.540000890018821,0,"Hofmann Forest","Hofmann Forest","Hofmann Forest1",NA
310,10,1.57909090909091,0,17.1000003814697,1674.19730917149,1,15.8039293289185,16.5931256800685,0.412885993719101,4302.15,-0.540000890018821,0,"Hofmann Forest","Hofmann Forest","Hofmann Forest1",NA
311,10,1.363,1,17,24175.7902287721,1,15.8255767822266,12.7652220488989,0.409879595041275,6.95,3.4309644359925,0,"Hofmann Forest","Hofmann Forest","Hofmann Forest1",NA
312,10,1.363,1,17,24175.7902287721,1,15.7761716842651,13.1914633366611,0.422863006591797,6.95,3.4309644359925,0,"Hofmann Forest","Hofmann Forest","Hofmann Forest1",NA
313,10,1.363,1,17.1623306274414,24175.7902287721,1,15.6968955993652,14.4355895643407,0.35000404715538,4302.15,-0.540000890018821,0,"Hofmann Forest","Hofmann Forest","Hofmann Forest1",NA
314,10,1.363,1,17,24175.7902287721,1,16.0562038421631,11.3325058075307,0.416746556758881,6.95,3.4309644359925,0,"Hofmann Forest","Hofmann Forest","Hofmann Forest1",NA
315,10,1.363,1,16.9000015258789,24175.7902287721,1,16.707218170166,15.4997296779605,0.425841599702835,4302.15,-0.540000890018821,0,"Hofmann Forest","Hofmann Forest","Hofmann Forest1",NA
316,10,1.363,1,17,24175.7902287721,1,15.5792074203491,13.4196853732858,0.42600879073143,6.95,3.4309644359925,0,"Hofmann Forest","Hofmann Forest","Hofmann Forest1",NA
317,10,1.58,0,16.9428272247314,1142.35262915283,1,16.5957851409912,18.4561510544916,0.414363116025925,4302.15,-0.540000890018821,0,"Hofmann Forest","Hofmann Forest","Hofmann Forest1",NA
318,10,1.363,1,16.9999980926514,24175.7902287721,1,15.2547369003296,13.9417837043311,0.407746165990829,6.95,3.4309644359925,0,"Hofmann Forest","Hofmann Forest","Hofmann Forest1",NA
319,10,1.363,1,17,24175.7902287721,1,15.6135311126709,13.6559711416406,0.429169148206711,6.95,3.4309644359925,0,"Hofmann Forest","Hofmann Forest","Hofmann Forest1",NA
320,10,1.58,0,17,3632.83044004077,1,16.5504512786865,22.8055536584211,0.415151327848434,4302.15,-0.540000890018821,0,"Hofmann Forest","Hofmann Forest","Hofmann Forest1",NA
321,10,1.5425,0,17.2999992370605,4458.59186269935,1,14.7860412597656,14.3582997019739,0.414985299110413,4302.15,-0.540000890018821,0,"Hofmann Forest","Hofmann Forest","Hofmann Forest1",NA
322,10,1.363,1,16.8999996185303,24175.7902287721,1,16.6128597259521,16.2590844849233,0.423680156469345,4302.15,-0.540000890018821,0,"Hofmann Forest","Hofmann Forest","Hofmann Forest1",NA
323,10,1.363,1,16.8999996185303,24175.7902287721,1,15.5475769042969,17.0401322413513,0.412489145994186,4302.15,-0.540000890018821,0,"Hofmann Forest","Hofmann Forest","Hofmann Forest1",NA
324,10,1.363,1,17,24175.7902287721,1,16.4053287506104,13.8643731487983,0.424905180931091,4302.15,-0.540000890018821,0,"Hofmann Forest","Hofmann Forest","Hofmann Forest1",NA
325,10,1.363,1,17.1000003814697,24175.7902287721,1,13.9657688140869,14.7854638967924,0.380837053060532,6.95,3.4309644359925,0,"Hofmann Forest","Hofmann Forest","Hofmann Forest1",NA
326,10,1.363,1,16.8742580413818,24175.7902287721,1,17.4826164245605,20.7699969811182,0.41964790225029,4302.15,-0.540000890018821,0,"Hofmann Forest","Hofmann Forest","Hofmann Forest1",NA
327,10,1.363,1,16.9687042236328,24175.7902287721,1,16.3536281585693,15.0326114593595,0.436466723680496,4302.15,-0.540000890018821,0,"Hofmann Forest","Hofmann Forest","Hofmann Forest1",NA
328,10,1.363,1,16.9741191864014,24175.7902287721,1,16.3571510314941,13.2394120576535,0.429144114255905,6.95,3.4309644359925,0,"Hofmann Forest","Hofmann Forest","Hofmann Forest1",NA
329,10,1.363,1,16.8023948669434,20162.2292009034,1,16.9745216369629,22.4835776902073,0.449652999639511,4302.15,-0.540000890018821,0,"Hofmann Forest","Hofmann Forest","Hofmann Forest1",NA
330,10,1.576,0,17.0281238555908,1581.25608502438,1,16.1413974761963,18.5246187425934,0.410680025815964,4302.15,-0.540000890018821,0,"Hofmann Forest","Hofmann Forest","Hofmann Forest1",NA
331,10,1.363,1,17,24175.7902287721,1,16.3221855163574,12.7010821849128,0.438084632158279,6.95,3.4309644359925,0,"Hofmann Forest","Hofmann Forest","Hofmann Forest1",NA
332,10,1.363,1,17.1000003814697,20162.2292009034,1,15.2472286224365,21.4052190618452,0.452288299798965,4302.15,-0.540000890018821,0,"Hofmann Forest","Hofmann Forest","Hofmann Forest1",NA
333,10,1.41307692307692,1,16.9133110046387,24573.5341335022,1,15.5182838439941,14.0583825298551,0.436164319515228,6.95,3.4309644359925,0,"Hofmann Forest","Hofmann Forest","Hofmann Forest1",NA
334,10,1.363,1,17.0516090393066,24175.7902287721,1,15.7402877807617,13.7929551770392,0.425360858440399,4302.15,-0.540000890018821,0,"Hofmann Forest","Hofmann Forest","Hofmann Forest1",NA
335,10,1.363,1,16.8999996185303,24175.7902287721,1,16.0172424316406,18.1251776346672,0.368179172277451,4302.15,-0.540000890018821,0,"Hofmann Forest","Hofmann Forest","Hofmann Forest1",NA
336,10,1.394375,1,17.2999973297119,36409.5581835947,1,15.3274879455566,10.4026518590663,0.405670404434204,6.95,3.4309644359925,0,"Hofmann Forest","Hofmann Forest","Hofmann Forest1",NA
337,10,1.363,1,16.7276153564453,24175.7902287721,1,17.3021774291992,20.7962414442145,0.424933075904846,4302.15,-0.540000890018821,0,"Hofmann Forest","Hofmann Forest","Hofmann Forest1",NA
338,10,1.363,1,16.8187484741211,24175.7902287721,1,16.8020496368408,17.7087785279077,0.41483610868454,4302.15,-0.540000890018821,0,"Hofmann Forest","Hofmann Forest","Hofmann Forest1",NA
339,10,1.363,1,16.8999996185303,20162.2292009034,1,16.1810302734375,20.7424237224588,0.41640317440033,4302.15,-0.540000890018821,0,"Hofmann Forest","Hofmann Forest","Hofmann Forest1",NA
340,10,1.41307692307692,1,16.8524379730225,24256.6365422887,1,16.8369522094727,20.0275571945936,0.40775665640831,4302.15,-0.540000890018821,0,"Hofmann Forest","Hofmann Forest","Hofmann Forest1",NA
341,10,1.363,1,16.8999996185303,24175.7902287721,1,15.9525089263916,16.153718183754,0.410448282957077,4302.15,-0.540000890018821,0,"Hofmann Forest","Hofmann Forest","Hofmann Forest1",NA
342,10,1.363,1,16.7999992370605,24175.7902287721,1,17.705265045166,20.100020435411,0.422573119401932,4302.15,-0.540000890018821,0,"Hofmann Forest","Hofmann Forest","Hofmann Forest1",NA
343,10,1.363,1,17,24175.7902287721,1,16.01926612854,12.1569507382535,0.413918823003769,6.95,3.4309644359925,0,"Hofmann Forest","Hofmann Forest","Hofmann Forest1",NA
344,10,1.363,1,17,24175.7902287721,1,15.1720056533813,13.7050373562492,0.43440979719162,6.95,3.4309644359925,0,"Hofmann Forest","Hofmann Forest","Hofmann Forest1",NA
345,10,1.363,1,17,24175.7902287721,1,15.0252437591553,14.1838989322128,0.416224151849747,6.95,3.4309644359925,0,"Hofmann Forest","Hofmann Forest","Hofmann Forest1",NA
346,10,1.41307692307692,1,17.1088581085205,24800.7931481693,1,15.5982151031494,14.0490205892796,0.415627390146255,4302.15,-0.540000890018821,0,"Hofmann Forest","Hofmann Forest","Hofmann Forest1",NA
347,10,1.363,1,16.8756484985352,24175.7902287721,1,16.7151546478271,16.5236070291757,0.415233939886093,4302.15,-0.540000890018821,0,"Hofmann Forest","Hofmann Forest","Hofmann Forest1",NA
348,10,1.363,1,17.051815032959,24175.7902287721,1,14.2519054412842,14.5530844429183,0.424453943967819,6.95,3.4309644359925,0,"Hofmann Forest","Hofmann Forest","Hofmann Forest1",NA
349,10,1.363,1,16.7999992370605,24175.7902287721,1,17.3265972137451,19.2380042709765,0.429494708776474,4302.15,-0.540000890018821,0,"Hofmann Forest","Hofmann Forest","Hofmann Forest1",NA
350,10,1.363,1,16.8999977111816,24175.7902287721,1,15.8904161453247,17.878539073236,0.356372803449631,4302.15,-0.540000890018821,0,"Hofmann Forest","Hofmann Forest","Hofmann Forest1",NA
351,10,1.363,1,16.7999992370605,20162.2292009034,1,17.2807483673096,23.2968461845781,0.417767584323883,4302.15,-0.540000890018821,0,"Hofmann Forest","Hofmann Forest","Hofmann Forest1",NA
352,10,1.363,1,16.8999996185303,20162.2292009034,1,15.9978351593018,20.9941961371555,0.401441812515259,4302.15,-0.540000890018821,0,"Hofmann Forest","Hofmann Forest","Hofmann Forest1",NA
353,10,1.363,1,16.8999996185303,20162.2292009034,1,16.5755825042725,21.143738505433,0.42993775010109,4302.15,-0.540000890018821,0,"Hofmann Forest","Hofmann Forest","Hofmann Forest1",NA
354,10,1.363,1,16.8736209869385,24175.7902287721,1,16.5907516479492,16.9724868050691,0.433830916881561,4302.15,-0.540000890018821,0,"Hofmann Forest","Hofmann Forest","Hofmann Forest1",NA
355,10,1.363,1,17.0608577728271,24175.7902287721,1,15.836238861084,13.2550974350165,0.415929794311523,4302.15,-0.540000890018821,0,"Hofmann Forest","Hofmann Forest","Hofmann Forest1",NA
356,10,1.363,1,16.8999996185303,24175.7902287721,1,16.3967971801758,16.8041066923134,0.427135944366455,4302.15,-0.540000890018821,0,"Hofmann Forest","Hofmann Forest","Hofmann Forest1",NA
357,10,1.363,1,17,24175.7902287721,1,16.3819961547852,13.3543911893106,0.440942227840424,6.95,3.4309644359925,0,"Hofmann Forest","Hofmann Forest","Hofmann Forest1",NA
358,10,1.363,1,16.9999980926514,24175.7902287721,1,15.3643016815186,13.8726227923509,0.416204869747162,6.95,3.4309644359925,0,"Hofmann Forest","Hofmann Forest","Hofmann Forest1",NA
359,10,1.363,1,17.0253658294678,24175.7902287721,1,15.9091119766235,12.0197622469952,0.410757452249527,6.95,3.4309644359925,0,"Hofmann Forest","Hofmann Forest","Hofmann Forest1",NA
360,10,1.363,1,16.7999992370605,24175.7902287721,1,17.70387840271,20.6094174319177,0.425079941749573,4302.15,-0.540000890018821,0,"Hofmann Forest","Hofmann Forest","Hofmann Forest1",NA
361,10,1.44666666666667,1,17.1957550048828,12233.7679548225,1,14.3250007629395,11.9667680162303,0.405453562736511,6.95,3.4309644359925,0,"Hofmann Forest","Hofmann Forest","Hofmann Forest1",NA
362,10,1.41307692307692,1,16.8845596313477,25318.142857925,1,16.9915447235107,18.8851800537253,0.44892805814743,4302.15,-0.540000890018821,0,"Hofmann Forest","Hofmann Forest","Hofmann Forest1",NA
363,10,1.363,1,17.0032234191895,20162.2292009034,1,16.2917423248291,22.8273902984696,0.410587161779404,4302.15,-0.540000890018821,0,"Hofmann Forest","Hofmann Forest","Hofmann Forest1",NA
364,10,1.363,1,16.9000015258789,24175.7902287721,1,16.1454372406006,16.6598217575725,0.420749068260193,4302.15,-0.540000890018821,0,"Hofmann Forest","Hofmann Forest","Hofmann Forest1",NA
365,10,1.363,1,17.1000003814697,20162.2292009034,1,15.6287384033203,21.5139981352572,0.415309131145477,4302.15,-0.540000890018821,0,"Hofmann Forest","Hofmann Forest","Hofmann Forest1",NA
366,10,1.363,1,16.8999996185303,24175.7902287721,1,16.8300113677979,20.6690918099777,0.412701517343521,4302.15,-0.540000890018821,0,"Hofmann Forest","Hofmann Forest","Hofmann Forest1",NA
367,10,1.363,1,17.1000003814697,20162.2292009034,1,15.5654888153076,21.9182891382849,0.417141050100327,4302.15,-0.540000890018821,0,"Hofmann Forest","Hofmann Forest","Hofmann Forest1",NA
368,10,1.363,1,17,24175.7902287721,1,16.373607635498,13.8171021157055,0.437079727649689,4302.15,-0.540000890018821,0,"Hofmann Forest","Hofmann Forest","Hofmann Forest1",NA
369,10,1.363,1,16.7785682678223,24175.7902287721,1,17.2172203063965,20.6013470275597,0.425765216350555,4302.15,-0.540000890018821,0,"Hofmann Forest","Hofmann Forest","Hofmann Forest1",NA
370,10,1.363,1,16.9415378570557,24175.7902287721,1,16.395040512085,13.5605712415423,0.423327475786209,6.95,3.4309644359925,0,"Hofmann Forest","Hofmann Forest","Hofmann Forest1",NA
371,10,1.363,1,17.0000019073486,24175.7902287721,1,16.4431991577148,14.564174312887,0.423676490783691,4302.15,-0.540000890018821,0,"Hofmann Forest","Hofmann Forest","Hofmann Forest1",NA
372,10,1.363,1,16.8999996185303,24175.7902287721,1,16.7888412475586,19.2845340362176,0.420610457658768,4302.15,-0.540000890018821,0,"Hofmann Forest","Hofmann Forest","Hofmann Forest1",NA
373,10,1.363,1,16.83713722229,20162.2292009034,1,16.4905586242676,22.1033465381636,0.449866265058517,4302.15,-0.540000890018821,0,"Hofmann Forest","Hofmann Forest","Hofmann Forest1",NA
374,10,1.363,1,16.9000015258789,44338.0194296756,1,16.4720878601074,20.2430171191685,0.440848141908646,4302.15,-0.540000890018821,0,"Hofmann Forest","Hofmann Forest","Hofmann Forest1",NA
375,10,1.363,1,17.1000003814697,24175.7902287721,1,15.657564163208,10.7789175338885,0.43498757481575,6.95,3.4309644359925,0,"Hofmann Forest","Hofmann Forest","Hofmann Forest1",NA
376,10,1.363,1,16.9579410552979,24175.7902287721,1,16.6347541809082,14.6076705732127,0.41475984454155,4302.15,-0.540000890018821,0,"Hofmann Forest","Hofmann Forest","Hofmann Forest1",NA
377,10,1.363,1,17,24175.7902287721,1,15.6389245986938,13.8410922351765,0.419094145298004,6.95,3.4309644359925,0,"Hofmann Forest","Hofmann Forest","Hofmann Forest1",NA
378,10,1.363,1,16.7999992370605,24175.7902287721,1,16.7901802062988,17.5692966640894,0.406653046607971,4302.15,-0.540000890018821,0,"Hofmann Forest","Hofmann Forest","Hofmann Forest1",NA
379,10,1.363,1,16.851490020752,24175.7902287721,1,17.0328121185303,18.2442914910465,0.421806395053864,4302.15,-0.540000890018821,0,"Hofmann Forest","Hofmann Forest","Hofmann Forest1",NA
380,10,1.363,1,16.9301567077637,20162.2292009034,1,15.9032573699951,21.6208531043747,0.408999353647232,4302.15,-0.540000890018821,0,"Hofmann Forest","Hofmann Forest","Hofmann Forest1",NA
381,10,1.363,1,17.1000003814697,24175.7902287721,1,16.256555557251,12.0849222420718,0.425008118152618,6.95,3.4309644359925,0,"Hofmann Forest","Hofmann Forest","Hofmann Forest1",NA
382,10,1.363,1,16.8999996185303,44338.0194296756,1,16.3443241119385,20.3611287896437,0.414416909217834,4302.15,-0.540000890018821,0,"Hofmann Forest","Hofmann Forest","Hofmann Forest1",NA
383,10,1.44666666666667,1,17.2999992370605,12233.7679548225,1,15.2701234817505,10.8432667610314,0.479385256767273,6.95,3.4309644359925,0,"Hofmann Forest","Hofmann Forest","Hofmann Forest1",NA
384,10,1.394375,1,17.2000007629395,36409.5581835947,1,15.0161771774292,12.3087303121638,0.443467617034912,6.95,3.4309644359925,0,"Hofmann Forest","Hofmann Forest","Hofmann Forest1",NA
385,10,1.363,1,16.8999996185303,24175.7902287721,1,16.7785301208496,17.4415051631545,0.416015684604645,4302.15,-0.540000890018821,0,"Hofmann Forest","Hofmann Forest","Hofmann Forest1",NA
386,10,1.363,1,16.7999992370605,20162.2292009034,1,17.2861785888672,22.7348963532132,0.419504791498184,4302.15,-0.540000890018821,0,"Hofmann Forest","Hofmann Forest","Hofmann Forest1",NA
387,10,1.363,1,17.1000003814697,24175.7902287721,1,13.5098104476929,13.7169842209072,0.367368996143341,6.95,3.4309644359925,0,"Hofmann Forest","Hofmann Forest","Hofmann Forest1",NA
388,10,1.363,1,16.8999996185303,20162.2292009034,1,16.7931118011475,23.0375330813198,0.447405278682709,4302.15,-0.540000890018821,0,"Hofmann Forest","Hofmann Forest","Hofmann Forest1",NA
389,10,1.363,1,16.9721431732178,24175.7902287721,1,15.5910768508911,18.6161229674962,0.393949270248413,4302.15,-0.540000890018821,0,"Hofmann Forest","Hofmann Forest","Hofmann Forest1",NA
390,10,1.363,1,17,24175.7902287721,1,15.983549118042,12.0575316792629,0.412386953830719,6.95,3.4309644359925,0,"Hofmann Forest","Hofmann Forest","Hofmann Forest1",NA
391,10,1.363,1,16.8238430023193,20162.2292009034,1,16.5327777862549,23.727930185788,0.325200200080872,4302.15,-0.540000890018821,0,"Hofmann Forest","Hofmann Forest","Hofmann Forest1",NA
392,10,1.363,1,17.1000003814697,24175.7902287721,1,15.995171546936,11.5469392595734,0.423738658428192,6.95,3.4309644359925,0,"Hofmann Forest","Hofmann Forest","Hofmann Forest1",NA
393,10,1.363,1,17.0136280059814,24175.7902287721,1,14.9821071624756,12.8794732349895,0.409169703722,6.95,3.4309644359925,0,"Hofmann Forest","Hofmann Forest","Hofmann Forest1",NA
394,10,1.363,1,16.8999996185303,24175.7902287721,1,16.3297939300537,15.5390403338759,0.457074582576752,4302.15,-0.540000890018821,0,"Hofmann Forest","Hofmann Forest","Hofmann Forest1",NA
395,10,1.363,1,17,24175.7902287721,1,16.402322769165,14.1788259651988,0.435088634490967,4302.15,-0.540000890018821,0,"Hofmann Forest","Hofmann Forest","Hofmann Forest1",NA
396,10,1.363,1,16.9308052062988,24175.7902287721,1,16.0150146484375,14.5607341173402,0.453018724918365,6.95,3.4309644359925,0,"Hofmann Forest","Hofmann Forest","Hofmann Forest1",NA
397,10,1.363,1,16.8999996185303,24175.7902287721,1,16.8138408660889,19.7207487040295,0.402379095554352,4302.15,-0.540000890018821,0,"Hofmann Forest","Hofmann Forest","Hofmann Forest1",NA
398,10,1.363,1,16.8136100769043,20162.2292009034,1,17.1920566558838,22.6540255238109,0.450620710849762,4302.15,-0.540000890018821,0,"Hofmann Forest","Hofmann Forest","Hofmann Forest1",NA
399,10,1.48757575757576,1,17.3612022399902,37596.2633018576,1,15.4099063873291,12.9058384466068,0.364445298910141,4302.15,-0.540000890018821,0,"Hofmann Forest","Hofmann Forest","Hofmann Forest1",NA
400,10,1.421875,1,16.7972278594971,20341.3734344337,1,16.7698535919189,23.6743615898029,0.369120478630066,4302.15,-0.540000890018821,0,"Hofmann Forest","Hofmann Forest","Hofmann Forest1",NA
401,10,1.58555555555556,0,17.3069877624512,5218.04109679981,1,15.0193386077881,14.2970639821969,0.436789304018021,4302.15,-0.540000890018821,0,"Hofmann Forest","Hofmann Forest","Hofmann Forest1",NA
402,10,1.363,1,17.0903339385986,24175.7902287721,1,15.8516368865967,12.7724477047446,0.414488613605499,4302.15,-0.540000890018821,0,"Hofmann Forest","Hofmann Forest","Hofmann Forest1",NA
403,10,1.363,1,16.8999996185303,24175.7902287721,1,16.4585494995117,14.3776193564523,0.422404617071152,4302.15,-0.540000890018821,0,"Hofmann Forest","Hofmann Forest","Hofmann Forest1",NA
404,10,1.363,1,16.7000007629395,44338.0194296756,1,17.3275203704834,21.2482242974772,0.425535023212433,4302.15,-0.540000890018821,0,"Hofmann Forest","Hofmann Forest","Hofmann Forest1",NA
405,10,1.5690243902439,0,17.1678924560547,5374.55762268611,1,14.0341520309448,16.4275579903883,0.424444437026978,4302.15,-0.540000890018821,0,"Hofmann Forest","Hofmann Forest","Hofmann Forest1",NA
406,10,1.394375,1,17.1035041809082,36409.5581835947,1,14.3707695007324,12.2904842887105,0.374065965414047,6.95,3.4309644359925,0,"Hofmann Forest","Hofmann Forest","Hofmann Forest1",NA
407,10,1.444375,1,16.9559764862061,23795.0596409442,1,16.7973232269287,22.631980732507,0.405022323131561,4302.15,-0.540000890018821,0,"Hofmann Forest","Hofmann Forest","Hofmann Forest1",NA
408,10,1.363,1,16.9314289093018,44338.0194296756,1,16.0020656585693,19.8089650597136,0.390619486570358,4302.15,-0.540000890018821,0,"Hofmann Forest","Hofmann Forest","Hofmann Forest1",NA
409,10,1.363,1,17.1000003814697,20162.2292009034,1,15.5561208724976,22.1430303161936,0.41595584154129,4302.15,-0.540000890018821,0,"Hofmann Forest","Hofmann Forest","Hofmann Forest1",NA
410,10,1.363,1,16.9000968933105,20162.2292009034,1,15.9389991760254,20.3355222638829,0.29330849647522,4302.15,-0.540000890018821,0,"Hofmann Forest","Hofmann Forest","Hofmann Forest1",NA
411,10,1.363,1,16.8999996185303,24175.7902287721,1,16.649097442627,20.2443716037603,0.308809727430344,4302.15,-0.540000890018821,0,"Hofmann Forest","Hofmann Forest","Hofmann Forest1",NA
412,10,1.363,1,17.1159954071045,24175.7902287721,1,13.8536405563354,12.5259635814801,0.344036370515823,6.95,3.4309644359925,0,"Hofmann Forest","Hofmann Forest","Hofmann Forest1",NA
413,10,1.363,1,17.0661201477051,24175.7902287721,1,15.9772987365723,11.7022481845095,0.427141666412354,6.95,3.4309644359925,0,"Hofmann Forest","Hofmann Forest","Hofmann Forest1",NA
414,10,1.363,1,16.7000007629395,20162.2292009034,1,17.3349018096924,21.8183761126951,0.424536675214767,4302.15,-0.540000890018821,0,"Hofmann Forest","Hofmann Forest","Hofmann Forest1",NA
415,10,1.54173913043478,1,17.3707485198975,12480.3882034085,1,15.2075719833374,9.84518464714269,0.453997284173965,6.95,3.4309644359925,0,"Hofmann Forest","Hofmann Forest","Hofmann Forest1",NA
416,10,1.363,1,17,24175.7902287721,1,16.416898727417,14.2860152377283,0.418128103017807,4302.15,-0.540000890018821,0,"Hofmann Forest","Hofmann Forest","Hofmann Forest1",NA
417,10,1.363,1,17.1019992828369,24175.7902287721,1,15.8867855072021,13.2137885532213,0.411942929029465,4302.15,-0.540000890018821,0,"Hofmann Forest","Hofmann Forest","Hofmann Forest1",NA
418,10,1.363,1,16.7999992370605,20162.2292009034,1,16.8039493560791,23.4588986388149,0.398673385381699,4302.15,-0.540000890018821,0,"Hofmann Forest","Hofmann Forest","Hofmann Forest1",NA
419,10,1.363,1,16.8999996185303,24175.7902287721,1,16.4719848632812,18.327828967145,0.402572810649872,4302.15,-0.540000890018821,0,"Hofmann Forest","Hofmann Forest","Hofmann Forest1",NA
420,10,1.363,1,17,24175.7902287721,1,15.7839908599854,12.2464379967259,0.41812738776207,6.95,3.4309644359925,0,"Hofmann Forest","Hofmann Forest","Hofmann Forest1",NA
421,10,1.59685714285714,0,17.3999996185303,1879.52204999885,1,14.6568555831909,10.8779079496852,0.426066100597382,6.95,3.4309644359925,0,"Hofmann Forest","Hofmann Forest","Hofmann Forest1",NA
422,10,1.363,1,16.9323196411133,24175.7902287721,1,16.3935260772705,14.3659401755377,0.425247222185135,4302.15,-0.540000890018821,0,"Hofmann Forest","Hofmann Forest","Hofmann Forest1",NA
423,10,1.363,1,16.8999996185303,20162.2292009034,1,16.7166919708252,23.3846470550243,0.390854984521866,4302.15,-0.540000890018821,0,"Hofmann Forest","Hofmann Forest","Hofmann Forest1",NA
424,10,1.56027777777778,1,17.128885269165,6017.88973723988,1,14.6632308959961,15.3252813191365,0.423045009374619,4302.15,-0.540000890018821,0,"Hofmann Forest","Hofmann Forest","Hofmann Forest1",NA
425,10,1.363,1,16.916166305542,24175.7902287721,1,16.6537189483643,15.2150837698347,0.429636776447296,4302.15,-0.540000890018821,0,"Hofmann Forest","Hofmann Forest","Hofmann Forest1",NA
426,10,1.363,1,16.8100929260254,24175.7902287721,1,17.0265769958496,18.093032874198,0.422095745801926,4302.15,-0.540000890018821,0,"Hofmann Forest","Hofmann Forest","Hofmann Forest1",NA
427,10,1.363,1,16.7999992370605,24175.7902287721,1,17.3764629364014,20.4127706375979,0.428069829940796,4302.15,-0.540000890018821,0,"Hofmann Forest","Hofmann Forest","Hofmann Forest1",NA
428,10,1.363,1,17.1000003814697,24175.7902287721,1,14.0161952972412,14.4758767153763,0.422145813703537,6.95,3.4309644359925,0,"Hofmann Forest","Hofmann Forest","Hofmann Forest1",NA
429,10,1.363,1,16.9620723724365,24175.7902287721,1,15.4033689498901,17.4062207911344,0.422240883111954,4302.15,-0.540000890018821,0,"Hofmann Forest","Hofmann Forest","Hofmann Forest1",NA
430,10,1.363,1,16.7147598266602,20162.2292009034,1,17.4039859771729,22.3079396402305,0.42473042011261,4302.15,-0.540000890018821,0,"Hofmann Forest","Hofmann Forest","Hofmann Forest1",NA
431,10,1.363,1,17,24175.7902287721,1,15.7806797027588,13.1697795223924,0.419170707464218,6.95,3.4309644359925,0,"Hofmann Forest","Hofmann Forest","Hofmann Forest1",NA
432,10,1.363,1,16.8313732147217,24175.7902287721,1,16.7459526062012,16.1584746363459,0.425179690122604,4302.15,-0.540000890018821,0,"Hofmann Forest","Hofmann Forest","Hofmann Forest1",NA
433,10,1.363,1,16.9000015258789,20162.2292009034,1,16.7691345214844,23.8676624281064,0.395407408475876,4302.15,-0.540000890018821,0,"Hofmann Forest","Hofmann Forest","Hofmann Forest1",NA
434,10,1.363,1,17.2000007629395,24175.7902287721,1,15.0492191314697,12.0800012625744,0.430116087198257,6.95,3.4309644359925,0,"Hofmann Forest","Hofmann Forest","Hofmann Forest1",NA
435,10,1.363,1,16.7999992370605,20162.2292009034,1,17.020580291748,23.1581601153606,0.434847354888916,4302.15,-0.540000890018821,0,"Hofmann Forest","Hofmann Forest","Hofmann Forest1",NA
436,10,1.363,1,16.8016567230225,24175.7902287721,1,16.9905548095703,18.3599567464711,0.422862619161606,4302.15,-0.540000890018821,0,"Hofmann Forest","Hofmann Forest","Hofmann Forest1",NA
437,10,1.421875,1,16.7999992370605,20341.3734344337,1,16.6464500427246,23.9474375356899,0.356399923563004,4302.15,-0.540000890018821,0,"Hofmann Forest","Hofmann Forest","Hofmann Forest1",NA
438,10,1.363,1,16.7999992370605,24175.7902287721,1,16.6650524139404,16.3361711559973,0.428594499826431,4302.15,-0.540000890018821,0,"Hofmann Forest","Hofmann Forest","Hofmann Forest1",NA
439,10,1.363,1,17,24175.7902287721,1,13.9133806228638,14.8802535356939,0.46532216668129,6.95,3.4309644359925,0,"Hofmann Forest","Hofmann Forest","Hofmann Forest1",NA
440,10,1.394375,1,17.2461204528809,36409.5581835947,1,15.7246198654175,13.1391798991768,0.407537251710892,4302.15,-0.540000890018821,0,"Hofmann Forest","Hofmann Forest","Hofmann Forest1",NA
441,10,1.363,1,16.8999996185303,24175.7902287721,1,16.6433792114258,15.8747527663247,0.41802653670311,4302.15,-0.540000890018821,0,"Hofmann Forest","Hofmann Forest","Hofmann Forest1",NA
442,10,1.363,1,16.8649787902832,24175.7902287721,1,16.808277130127,18.0397293885625,0.409047544002533,4302.15,-0.540000890018821,0,"Hofmann Forest","Hofmann Forest","Hofmann Forest1",NA
443,10,1.44666666666667,1,17.3053760528564,12233.7679548225,1,15.38902759552,10.6724760393322,0.445148348808289,6.95,3.4309644359925,0,"Hofmann Forest","Hofmann Forest","Hofmann Forest1",NA
444,10,1.54173913043478,1,17.3341197967529,13420.4730730855,1,14.8496160507202,11.486852396547,0.442359834909439,6.95,3.4309644359925,0,"Hofmann Forest","Hofmann Forest","Hofmann Forest1",NA
445,10,1.394375,1,17.1897640228271,36409.5581835947,1,15.2893877029419,10.3874566276375,0.384666711091995,6.95,3.4309644359925,0,"Hofmann Forest","Hofmann Forest","Hofmann Forest1",NA
446,10,1.61714285714286,0,17.4322643280029,821.131818188699,1,15.128734588623,14.8647969463672,0.423450708389282,4302.15,-0.540000890018821,0,"Hofmann Forest","Hofmann Forest","Hofmann Forest1",NA
447,10,1.363,1,16.8999996185303,24175.7902287721,1,16.4832153320312,14.038369616655,0.416616052389145,4302.15,-0.540000890018821,0,"Hofmann Forest","Hofmann Forest","Hofmann Forest1",NA
448,10,1.363,1,16.8980178833008,24175.7902287721,1,16.8441066741943,17.6426276414294,0.419243276119232,4302.15,-0.540000890018821,0,"Hofmann Forest","Hofmann Forest","Hofmann Forest1",NA
449,10,1.59355555555556,0,17.2999992370605,2574.02214801184,1,14.6840305328369,11.4901767016896,0.399983644485474,6.95,3.4309644359925,0,"Hofmann Forest","Hofmann Forest","Hofmann Forest1",NA
450,10,1.363,1,16.9297504425049,20162.2292009034,1,16.5474491119385,22.8948889924626,0.43277433514595,4302.15,-0.540000890018821,0,"Hofmann Forest","Hofmann Forest","Hofmann Forest1",NA
451,10,1.363,1,16.8999996185303,24175.7902287721,1,15.6447448730469,15.5070389473901,0.416615515947342,4302.15,-0.540000890018821,0,"Hofmann Forest","Hofmann Forest","Hofmann Forest1",NA
452,10,1.394375,1,17.0996417999268,36409.5581835947,1,15.8881216049194,11.7429728551579,0.40197628736496,6.95,3.4309644359925,0,"Hofmann Forest","Hofmann Forest","Hofmann Forest1",NA
453,10,1.363,1,17,24175.7902287721,1,14.0529403686523,14.9376028216157,0.476048171520233,6.95,3.4309644359925,0,"Hofmann Forest","Hofmann Forest","Hofmann Forest1",NA
454,10,1.394375,1,17.2675514221191,36409.5581835947,1,15.5350399017334,11.2309332964667,0.396896988153458,6.95,3.4309644359925,0,"Hofmann Forest","Hofmann Forest","Hofmann Forest1",NA
455,10,1.363,1,16.8999996185303,20162.2292009034,1,16.1714344024658,21.9290307010506,0.436013847589493,4302.15,-0.540000890018821,0,"Hofmann Forest","Hofmann Forest","Hofmann Forest1",NA
456,10,1.394375,1,17.0259647369385,36409.5581835947,1,15.9871826171875,12.5550992425243,0.419936567544937,6.95,3.4309644359925,0,"Hofmann Forest","Hofmann Forest","Hofmann Forest1",NA
457,10,1.394375,1,17.1088733673096,36409.5581835947,1,15.6216192245483,12.5479164911472,0.407621145248413,4302.15,-0.540000890018821,0,"Hofmann Forest","Hofmann Forest","Hofmann Forest1",NA
458,10,1.54173913043478,1,17.3650360107422,13420.4730730855,1,15.2337512969971,11.1907348673085,0.440397024154663,6.95,3.4309644359925,0,"Hofmann Forest","Hofmann Forest","Hofmann Forest1",NA
459,10,1.41307692307692,1,17.1070880889893,24800.7931481693,1,15.6593656539917,14.1076071320573,0.332024991512299,4302.15,-0.540000890018821,0,"Hofmann Forest","Hofmann Forest","Hofmann Forest1",NA
460,10,1.363,1,16.8499736785889,20162.2292009034,1,16.9412403106689,23.2306009779237,0.368926882743835,4302.15,-0.540000890018821,0,"Hofmann Forest","Hofmann Forest","Hofmann Forest1",NA
461,10,1.363,1,17.0013294219971,24175.7902287721,1,15.7148933410645,11.4854794038447,0.417978316545486,6.95,3.4309644359925,0,"Hofmann Forest","Hofmann Forest","Hofmann Forest1",NA
462,10,1.363,1,17,24175.7902287721,1,16.312219619751,13.3529712110312,0.425422251224518,4302.15,-0.540000890018821,0,"Hofmann Forest","Hofmann Forest","Hofmann Forest1",NA
463,10,1.363,1,17,24175.7902287721,1,16.2687149047852,12.806206581098,0.423628389835358,6.95,3.4309644359925,0,"Hofmann Forest","Hofmann Forest","Hofmann Forest1",NA
464,10,1.57777777777778,0,17.3991432189941,200.142082571224,1,16.1391544342041,13.8124234508143,0.272354036569595,4302.15,-0.540000890018821,0,"Hofmann Forest","Hofmann Forest","Hofmann Forest1",NA
465,10,1.363,1,17,24175.7902287721,1,16.1089019775391,19.1321488679198,0.398709535598755,4302.15,-0.540000890018821,0,"Hofmann Forest","Hofmann Forest","Hofmann Forest1",NA
466,10,1.363,1,17,24175.7902287721,1,15.8515033721924,12.6477673675354,0.427012413740158,6.95,3.4309644359925,0,"Hofmann Forest","Hofmann Forest","Hofmann Forest1",NA
467,10,1.363,1,16.9999980926514,24175.7902287721,1,16.3760299682617,13.9805235452967,0.431946933269501,4302.15,-0.540000890018821,0,"Hofmann Forest","Hofmann Forest","Hofmann Forest1",NA
468,10,1.421875,1,16.7423801422119,20341.3734344337,1,16.9465351104736,23.4333784398399,0.387269377708435,4302.15,-0.540000890018821,0,"Hofmann Forest","Hofmann Forest","Hofmann Forest1",NA
469,10,1.363,1,17,24175.7902287721,1,14.7318363189697,13.9290136669693,0.448199927806854,6.95,3.4309644359925,0,"Hofmann Forest","Hofmann Forest","Hofmann Forest1",NA
470,10,1.363,1,16.8725070953369,20162.2292009034,1,16.5427627563477,20.7660824564212,0.413285434246063,4302.15,-0.540000890018821,0,"Hofmann Forest","Hofmann Forest","Hofmann Forest1",NA
472,10,1.363,1,16.7999992370605,20162.2292009034,1,17.134952545166,22.964755873994,0.426792770624161,4302.15,-0.540000890018821,0,"Hofmann Forest","Hofmann Forest","Hofmann Forest1",NA
473,10,1.363,1,16.8773460388184,24175.7902287721,1,16.7079181671143,15.9372116502311,0.426009684801102,4302.15,-0.540000890018821,0,"Hofmann Forest","Hofmann Forest","Hofmann Forest1",NA
474,10,1.59355555555556,0,17.3883666992188,2574.02214801184,1,14.4189224243164,11.0307441564302,0.424869358539581,6.95,3.4309644359925,0,"Hofmann Forest","Hofmann Forest","Hofmann Forest1",NA
475,10,1.363,1,16.8999996185303,24175.7902287721,1,16.6792106628418,15.5464912931353,0.422238320112228,4302.15,-0.540000890018821,0,"Hofmann Forest","Hofmann Forest","Hofmann Forest1",NA
476,10,1.363,1,16.82590675354,24175.7902287721,1,16.7506084442139,16.6290658598815,0.440232336521149,4302.15,-0.540000890018821,0,"Hofmann Forest","Hofmann Forest","Hofmann Forest1",NA
477,10,1.394375,1,17.1005439758301,36409.5581835947,1,15.3121671676636,10.1247102748222,0.419260561466217,6.95,3.4309644359925,0,"Hofmann Forest","Hofmann Forest","Hofmann Forest1",NA
478,10,1.48757575757576,1,17.4017143249512,37596.2633018576,1,15.5036096572876,10.3665212564505,0.401820302009583,6.95,3.4309644359925,0,"Hofmann Forest","Hofmann Forest","Hofmann Forest1",NA
479,10,1.363,1,17.1000003814697,24175.7902287721,1,14.0098142623901,13.1986996412069,0.355662614107132,6.95,3.4309644359925,0,"Hofmann Forest","Hofmann Forest","Hofmann Forest1",NA
480,10,1.54,1,16.8869590759277,3486.80921134836,1,16.8726482391357,24.3734178225053,0.410399049520493,4302.15,-0.540000890018821,0,"Hofmann Forest","Hofmann Forest","Hofmann Forest1",NA
481,10,1.363,1,16.9711112976074,24175.7902287721,1,15.2364015579224,17.8124937956712,0.417374908924103,4302.15,-0.540000890018821,0,"Hofmann Forest","Hofmann Forest","Hofmann Forest1",NA
482,10,1.363,1,16.6999988555908,20162.2292009034,1,17.5079193115234,22.1405291260481,0.424083441495895,4302.15,-0.540000890018821,0,"Hofmann Forest","Hofmann Forest","Hofmann Forest1",NA
483,10,1.57627450980392,1,17.2977390289307,14807.7901028343,1,14.9518623352051,12.2238882150857,0.421910464763641,4302.15,-0.540000890018821,0,"Hofmann Forest","Hofmann Forest","Hofmann Forest1",NA
484,10,1.363,1,17,24175.7902287721,1,14.3433237075806,14.2771913154105,0.405571043491364,6.95,3.4309644359925,0,"Hofmann Forest","Hofmann Forest","Hofmann Forest1",NA
485,10,1.363,1,16.8999996185303,24175.7902287721,1,16.7001838684082,17.0605442608874,0.422058969736099,4302.15,-0.540000890018821,0,"Hofmann Forest","Hofmann Forest","Hofmann Forest1",NA
486,10,1.363,1,16.8999996185303,24175.7902287721,1,16.5486125946045,17.236552417364,0.429703682661057,4302.15,-0.540000890018821,0,"Hofmann Forest","Hofmann Forest","Hofmann Forest1",NA
487,10,1.567,0,17.0999984741211,6099.27244209371,1,15.7141981124878,17.0682222682334,0.422805070877075,4302.15,-0.540000890018821,0,"Hofmann Forest","Hofmann Forest","Hofmann Forest1",NA
488,10,1.54173913043478,1,17.2581825256348,13420.4730730855,1,15.3800926208496,12.2793792205283,0.351988971233368,4302.15,-0.540000890018821,0,"Hofmann Forest","Hofmann Forest","Hofmann Forest1",NA
489,10,1.363,1,16.8999996185303,24175.7902287721,1,16.6801586151123,16.1183043165364,0.420515328645706,4302.15,-0.540000890018821,0,"Hofmann Forest","Hofmann Forest","Hofmann Forest1",NA
490,10,1.363,1,17.027645111084,24175.7902287721,1,15.9971380233765,11.3323139069553,0.404005825519562,6.95,3.4309644359925,0,"Hofmann Forest","Hofmann Forest","Hofmann Forest1",NA
491,10,1.363,1,16.9235858917236,44338.0194296756,1,16.2483692169189,19.811963668929,0.410641580820084,4302.15,-0.540000890018821,0,"Hofmann Forest","Hofmann Forest","Hofmann Forest1",NA
492,10,1.363,1,17,24175.7902287721,1,15.8173294067383,13.2513210460715,0.414524286985397,6.95,3.4309644359925,0,"Hofmann Forest","Hofmann Forest","Hofmann Forest1",NA
493,10,1.363,1,16.8978214263916,24175.7902287721,1,16.7237777709961,15.9212537885961,0.420604377985001,4302.15,-0.540000890018821,0,"Hofmann Forest","Hofmann Forest","Hofmann Forest1",NA
494,10,1.363,1,16.8999996185303,20162.2292009034,1,16.5120124816895,23.0324693060409,0.405304580926895,4302.15,-0.540000890018821,0,"Hofmann Forest","Hofmann Forest","Hofmann Forest1",NA
495,10,1.363,1,16.8999996185303,24175.7902287721,1,15.639422416687,15.0114520539853,0.427199631929398,6.95,3.4309644359925,0,"Hofmann Forest","Hofmann Forest","Hofmann Forest1",NA
496,10,1.363,1,16.7877464294434,20162.2292009034,1,17.4721641540527,21.5350445521037,0.412353962659836,4302.15,-0.540000890018821,0,"Hofmann Forest","Hofmann Forest","Hofmann Forest1",NA
497,10,1.363,1,16.9091186523438,24175.7902287721,1,15.6968307495117,18.0131034417327,0.350053817033768,4302.15,-0.540000890018821,0,"Hofmann Forest","Hofmann Forest","Hofmann Forest1",NA
498,10,1.363,1,16.8757610321045,24175.7902287721,1,16.8231163024902,19.7716763744255,0.42761754989624,4302.15,-0.540000890018821,0,"Hofmann Forest","Hofmann Forest","Hofmann Forest1",NA
499,10,1.394375,1,17.2000026702881,36409.5581835947,1,15.4522905349731,10.81758968645,0.358602225780487,6.95,3.4309644359925,0,"Hofmann Forest","Hofmann Forest","Hofmann Forest1",NA
500,10,1.363,1,16.8432559967041,24175.7902287721,1,16.6748847961426,16.0848881228249,0.426464825868607,4302.15,-0.540000890018821,0,"Hofmann Forest","Hofmann Forest","Hofmann Forest1",NA
501,10,1.41307692307692,1,17.001350402832,25318.142857925,1,16.5034713745117,17.3569806970599,0.438888877630234,4302.15,-0.540000890018821,0,"Hofmann Forest","Hofmann Forest","Hofmann Forest1",NA
502,10,1.363,1,17.0201663970947,24175.7902287721,1,15.8834609985352,12.0859738511737,0.424391090869904,6.95,3.4309644359925,0,"Hofmann Forest","Hofmann Forest","Hofmann Forest1",NA
503,10,1.363,1,17.0209655761719,20162.2292009034,1,15.6963472366333,21.1747265351895,0.4200778901577,4302.15,-0.540000890018821,0,"Hofmann Forest","Hofmann Forest","Hofmann Forest1",NA
504,10,1.444375,1,16.9650001525879,23795.0596409442,1,16.5645427703857,22.7002220104304,0.42346528172493,4302.15,-0.540000890018821,0,"Hofmann Forest","Hofmann Forest","Hofmann Forest1",NA
505,10,1.363,1,17,24175.7902287721,1,15.2838230133057,14.3652039681899,0.438232779502869,6.95,3.4309644359925,0,"Hofmann Forest","Hofmann Forest","Hofmann Forest1",NA
506,10,1.363,1,16.9322738647461,24175.7902287721,1,16.5683708190918,15.1466062565561,0.426105380058289,4302.15,-0.540000890018821,0,"Hofmann Forest","Hofmann Forest","Hofmann Forest1",NA
507,10,1.363,1,17.1000003814697,44338.0194296756,1,15.6009569168091,19.5669894854768,0.411334663629532,4302.15,-0.540000890018821,0,"Hofmann Forest","Hofmann Forest","Hofmann Forest1",NA
508,10,1.363,1,17.0626182556152,24175.7902287721,1,15.8030920028687,14.2377784888471,0.42931479215622,4302.15,-0.540000890018821,0,"Hofmann Forest","Hofmann Forest","Hofmann Forest1",NA
509,10,1.363,1,16.7999992370605,24175.7902287721,1,16.9473514556885,19.4931006904511,0.405981749296188,4302.15,-0.540000890018821,0,"Hofmann Forest","Hofmann Forest","Hofmann Forest1",NA
510,10,1.41307692307692,1,16.8102722167969,24256.6365422887,1,16.5679225921631,19.2010696904737,0.400948137044907,4302.15,-0.540000890018821,0,"Hofmann Forest","Hofmann Forest","Hofmann Forest1",NA
511,10,1.363,1,16.988302230835,24175.7902287721,1,15.4512367248535,16.4321258206473,0.421484887599945,4302.15,-0.540000890018821,0,"Hofmann Forest","Hofmann Forest","Hofmann Forest1",NA
512,10,1.363,1,16.7999992370605,24175.7902287721,1,16.791410446167,16.6298579269123,0.411328494548798,4302.15,-0.540000890018821,0,"Hofmann Forest","Hofmann Forest","Hofmann Forest1",NA
513,10,1.363,1,17.0702571868896,24175.7902287721,1,13.6678771972656,15.1481965977004,0.38468787074089,6.95,3.4309644359925,0,"Hofmann Forest","Hofmann Forest","Hofmann Forest1",NA
514,10,1.575,1,17.3077259063721,14346.2708772137,1,15.2488965988159,10.0871811817349,0.421267688274384,6.95,3.4309644359925,0,"Hofmann Forest","Hofmann Forest","Hofmann Forest1",NA
515,10,1.363,1,16.7935638427734,24175.7902287721,1,17.5067176818848,20.7011362429057,0.424978792667389,4302.15,-0.540000890018821,0,"Hofmann Forest","Hofmann Forest","Hofmann Forest1",NA
516,10,1.363,1,16.8626155853271,24175.7902287721,1,16.7797832489014,17.0454950934528,0.41935059428215,4302.15,-0.540000890018821,0,"Hofmann Forest","Hofmann Forest","Hofmann Forest1",NA
517,10,1.394375,1,16.9334373474121,24421.8630482167,1,16.6263427734375,16.0514108723155,0.425154745578766,4302.15,-0.540000890018821,0,"Hofmann Forest","Hofmann Forest","Hofmann Forest1",NA
518,10,1.363,1,17.0565395355225,24175.7902287721,1,14.0810823440552,14.7659738872725,0.395632386207581,6.95,3.4309644359925,0,"Hofmann Forest","Hofmann Forest","Hofmann Forest1",NA
519,10,1.363,1,17,24175.7902287721,1,14.2363538742065,14.2364133145026,0.420313030481339,6.95,3.4309644359925,0,"Hofmann Forest","Hofmann Forest","Hofmann Forest1",NA
520,10,1.363,1,17.1226387023926,24175.7902287721,1,13.8902978897095,14.5758158395432,0.327160269021988,6.95,3.4309644359925,0,"Hofmann Forest","Hofmann Forest","Hofmann Forest1",NA
521,10,1.394375,1,17.1027164459229,36409.5581835947,1,15.0359487533569,12.4232208032876,0.43720754981041,6.95,3.4309644359925,0,"Hofmann Forest","Hofmann Forest","Hofmann Forest1",NA
522,10,1.54173913043478,1,17.3653106689453,12389.2200588296,1,15.1887063980103,10.1967972451518,0.397275477647781,6.95,3.4309644359925,0,"Hofmann Forest","Hofmann Forest","Hofmann Forest1",NA
523,10,1.363,1,17.0109081268311,24175.7902287721,1,15.8924875259399,11.8548848130039,0.413549154996872,6.95,3.4309644359925,0,"Hofmann Forest","Hofmann Forest","Hofmann Forest1",NA
524,10,1.363,1,16.8999996185303,24175.7902287721,1,15.8333644866943,15.7724813546638,0.42022642493248,4302.15,-0.540000890018821,0,"Hofmann Forest","Hofmann Forest","Hofmann Forest1",NA
525,10,1.363,1,16.8999996185303,20162.2292009034,1,15.9560880661011,21.2842122009767,0.416781544685364,4302.15,-0.540000890018821,0,"Hofmann Forest","Hofmann Forest","Hofmann Forest1",NA
526,10,1.363,1,16.7999992370605,20162.2292009034,1,16.9018745422363,23.7150485785947,0.332551777362823,4302.15,-0.540000890018821,0,"Hofmann Forest","Hofmann Forest","Hofmann Forest1",NA
527,10,1.44684210526316,1,16.8591289520264,23649.0384122518,1,16.464391708374,24.414090522702,0.393347978591919,4302.15,-0.540000890018821,0,"Hofmann Forest","Hofmann Forest","Hofmann Forest1",NA
528,10,1.363,1,17.1000003814697,20162.2292009034,1,15.149772644043,21.6558967141751,0.43073895573616,4302.15,-0.540000890018821,0,"Hofmann Forest","Hofmann Forest","Hofmann Forest1",NA
529,10,1.363,1,16.8999996185303,20162.2292009034,1,16.5992546081543,22.9016753182117,0.416295945644379,4302.15,-0.540000890018821,0,"Hofmann Forest","Hofmann Forest","Hofmann Forest1",NA
530,10,1.363,1,16.9999980926514,24175.7902287721,1,16.4268360137939,14.2954633016294,0.416277945041656,4302.15,-0.540000890018821,0,"Hofmann Forest","Hofmann Forest","Hofmann Forest1",NA
531,10,1.363,1,16.7464904785156,20162.2292009034,1,16.6964015960693,22.3586402414163,0.445862472057343,4302.15,-0.540000890018821,0,"Hofmann Forest","Hofmann Forest","Hofmann Forest1",NA
532,10,1.363,1,17,24175.7902287721,1,15.9316663742065,11.7271161181252,0.408355891704559,6.95,3.4309644359925,0,"Hofmann Forest","Hofmann Forest","Hofmann Forest1",NA
533,10,1.363,1,16.9081344604492,24175.7902287721,1,16.4655323028564,15.032426160335,0.443681925535202,4302.15,-0.540000890018821,0,"Hofmann Forest","Hofmann Forest","Hofmann Forest1",NA
534,10,1.363,1,16.9337177276611,24175.7902287721,1,16.0808277130127,15.3089790927775,0.430441707372665,4302.15,-0.540000890018821,0,"Hofmann Forest","Hofmann Forest","Hofmann Forest1",NA
535,10,1.363,1,17.0000019073486,24175.7902287721,1,15.505521774292,13.3631029372499,0.410828500986099,6.95,3.4309644359925,0,"Hofmann Forest","Hofmann Forest","Hofmann Forest1",NA
536,10,1.363,1,16.8999996185303,44338.0194296756,1,16.5116519927979,20.0069957622041,0.408757358789444,4302.15,-0.540000890018821,0,"Hofmann Forest","Hofmann Forest","Hofmann Forest1",NA
537,10,1.363,1,16.7999992370605,24175.7902287721,1,16.6840362548828,16.5694855383148,0.424545496702194,4302.15,-0.540000890018821,0,"Hofmann Forest","Hofmann Forest","Hofmann Forest1",NA
538,10,1.363,1,16.9997406005859,24175.7902287721,1,16.3153839111328,13.0824690296637,0.420949816703796,6.95,3.4309644359925,0,"Hofmann Forest","Hofmann Forest","Hofmann Forest1",NA
539,10,1.363,1,16.9997844696045,24175.7902287721,1,16.5140190124512,14.8605198849345,0.423177629709244,4302.15,-0.540000890018821,0,"Hofmann Forest","Hofmann Forest","Hofmann Forest1",NA
540,10,1.363,1,17,24175.7902287721,1,16.3384017944336,21.9287440601533,0.399002611637115,4302.15,-0.540000890018821,0,"Hofmann Forest","Hofmann Forest","Hofmann Forest1",NA
541,10,1.41307692307692,1,16.9411125183105,24500.9556909948,1,16.9474449157715,21.8164125763216,0.401508986949921,4302.15,-0.540000890018821,0,"Hofmann Forest","Hofmann Forest","Hofmann Forest1",NA
542,10,1.363,1,16.8004417419434,20162.2292009034,1,16.8088226318359,24.0876548651133,0.400896459817886,4302.15,-0.540000890018821,0,"Hofmann Forest","Hofmann Forest","Hofmann Forest1",NA
543,10,1.394375,1,17.2999992370605,36409.5581835947,1,15.8849821090698,11.9710906952136,0.420506715774536,6.95,3.4309644359925,0,"Hofmann Forest","Hofmann Forest","Hofmann Forest1",NA
544,10,1.363,1,16.9917182922363,24175.7902287721,1,15.7670097351074,13.7072248510793,0.423004746437073,6.95,3.4309644359925,0,"Hofmann Forest","Hofmann Forest","Hofmann Forest1",NA
545,10,1.363,1,16.7421169281006,20162.2292009034,1,16.5167922973633,21.8345468144269,0.438977092504501,4302.15,-0.540000890018821,0,"Hofmann Forest","Hofmann Forest","Hofmann Forest1",NA
546,10,1.363,1,16.8999996185303,24175.7902287721,1,15.8966236114502,17.1125893229771,0.390449672937393,4302.15,-0.540000890018821,0,"Hofmann Forest","Hofmann Forest","Hofmann Forest1",NA
547,10,1.363,1,16.8999996185303,20162.2292009034,1,16.3283271789551,21.2758690893132,0.421846926212311,4302.15,-0.540000890018821,0,"Hofmann Forest","Hofmann Forest","Hofmann Forest1",NA
548,10,1.363,1,16.8000011444092,20162.2292009034,1,17.5232849121094,21.864950738755,0.413072645664215,4302.15,-0.540000890018821,0,"Hofmann Forest","Hofmann Forest","Hofmann Forest1",NA
549,10,1.363,1,17.1000003814697,24175.7902287721,1,14.2116794586182,12.498082294378,0.352250277996063,6.95,3.4309644359925,0,"Hofmann Forest","Hofmann Forest","Hofmann Forest1",NA
550,10,1.363,1,16.7999992370605,24175.7902287721,1,17.3946228027344,19.9835678699575,0.428076684474945,4302.15,-0.540000890018821,0,"Hofmann Forest","Hofmann Forest","Hofmann Forest1",NA
551,10,1.363,1,17.1000003814697,24175.7902287721,1,13.9313402175903,12.932419770024,0.3348268866539,6.95,3.4309644359925,0,"Hofmann Forest","Hofmann Forest","Hofmann Forest1",NA
552,10,1.363,1,16.8999996185303,24175.7902287721,1,16.3705615997314,16.3687694247122,0.436283111572266,4302.15,-0.540000890018821,0,"Hofmann Forest","Hofmann Forest","Hofmann Forest1",NA
553,10,1.58,0,17.3999996185303,625.002919397116,1,15.2808246612549,14.8125497037197,0.405973106622696,4302.15,-0.540000890018821,0,"Hofmann Forest","Hofmann Forest","Hofmann Forest1",NA
554,10,1.5865625,0,17.2000007629395,6593.08543445265,1,15.0080280303955,16.9755133627302,0.424855560064316,4302.15,-0.540000890018821,0,"Hofmann Forest","Hofmann Forest","Hofmann Forest1",NA
555,10,1.56904761904762,0,17.1814765930176,4928.75395862977,1,14.5338859558105,16.1117706492299,0.417257070541382,4302.15,-0.540000890018821,0,"Hofmann Forest","Hofmann Forest","Hofmann Forest1",NA
556,10,1.363,1,17,24175.7902287721,1,15.9099025726318,11.1534303823073,0.418537586927414,6.95,3.4309644359925,0,"Hofmann Forest","Hofmann Forest","Hofmann Forest1",NA
557,10,1.59685714285714,0,17.3999996185303,1879.52204999885,1,14.8369655609131,10.4791425867262,0.391440838575363,6.95,3.4309644359925,0,"Hofmann Forest","Hofmann Forest","Hofmann Forest1",NA
558,10,1.394375,1,16.9000015258789,24421.8630482167,1,16.5647487640381,16.6349172774878,0.417307794094086,4302.15,-0.540000890018821,0,"Hofmann Forest","Hofmann Forest","Hofmann Forest1",NA
559,10,1.363,1,17,24175.7902287721,1,15.7414646148682,12.3070280798977,0.42876985669136,6.95,3.4309644359925,0,"Hofmann Forest","Hofmann Forest","Hofmann Forest1",NA
560,10,1.363,1,16.8999996185303,20162.2292009034,1,15.638466835022,20.798281680728,0.284526467323303,4302.15,-0.540000890018821,0,"Hofmann Forest","Hofmann Forest","Hofmann Forest1",NA
561,10,1.394375,1,17.1653308868408,36409.5581835947,1,15.9384660720825,13.2334897139706,0.407302856445312,4302.15,-0.540000890018821,0,"Hofmann Forest","Hofmann Forest","Hofmann Forest1",NA
562,10,1.363,1,16.8999996185303,24175.7902287721,1,15.5628871917725,17.6186618443619,0.352386265993118,4302.15,-0.540000890018821,0,"Hofmann Forest","Hofmann Forest","Hofmann Forest1",NA
563,10,1.363,1,17.0872325897217,24175.7902287721,1,15.8560619354248,14.7347351313129,0.432843506336212,4302.15,-0.540000890018821,0,"Hofmann Forest","Hofmann Forest","Hofmann Forest1",NA
564,10,1.57909090909091,0,17.1095676422119,1608.28844432001,1,15.4281520843506,16.0957943412568,0.429314911365509,4302.15,-0.540000890018821,0,"Hofmann Forest","Hofmann Forest","Hofmann Forest1",NA
565,10,1.363,1,16.9285144805908,24175.7902287721,1,16.596212387085,14.9772589869683,0.428346335887909,4302.15,-0.540000890018821,0,"Hofmann Forest","Hofmann Forest","Hofmann Forest1",NA
566,10,1.41307692307692,1,17.1016979217529,24800.7931481693,1,15.6670389175415,13.6643290935504,0.348486572504044,4302.15,-0.540000890018821,0,"Hofmann Forest","Hofmann Forest","Hofmann Forest1",NA
567,10,1.363,1,16.9771251678467,24175.7902287721,1,16.3313274383545,14.1298103103315,0.435892373323441,4302.15,-0.540000890018821,0,"Hofmann Forest","Hofmann Forest","Hofmann Forest1",NA
568,10,1.42368421052632,1,16.9962406158447,24525.0428182918,1,15.1862916946411,16.8825883076884,0.403340190649033,4302.15,-0.540000890018821,0,"Hofmann Forest","Hofmann Forest","Hofmann Forest1",NA
569,10,1.363,1,17.0453624725342,24175.7902287721,1,13.5125703811646,15.3871567811466,0.399319380521774,6.95,3.4309644359925,0,"Hofmann Forest","Hofmann Forest","Hofmann Forest1",NA
570,10,1.363,1,16.7426872253418,24175.7902287721,1,17.2344532012939,21.1886586028797,0.424589812755585,4302.15,-0.540000890018821,0,"Hofmann Forest","Hofmann Forest","Hofmann Forest1",NA
571,10,1.444375,1,16.9049682617188,25398.9891714415,1,16.7217121124268,19.3565128077505,0.396065503358841,4302.15,-0.540000890018821,0,"Hofmann Forest","Hofmann Forest","Hofmann Forest1",NA
572,10,1.363,1,17.0946750640869,44338.0194296756,1,15.8089838027954,19.871604908713,0.368120551109314,4302.15,-0.540000890018821,0,"Hofmann Forest","Hofmann Forest","Hofmann Forest1",NA
573,10,1.363,1,16.7999992370605,24175.7902287721,1,17.3392810821533,20.1067286444863,0.434359043836594,4302.15,-0.540000890018821,0,"Hofmann Forest","Hofmann Forest","Hofmann Forest1",NA
574,10,1.363,1,17.0000019073486,24175.7902287721,1,16.4636516571045,14.7117322422715,0.420248985290527,4302.15,-0.540000890018821,0,"Hofmann Forest","Hofmann Forest","Hofmann Forest1",NA
575,10,1.394375,1,16.9000015258789,24421.8630482167,1,16.6622695922852,16.5996096847282,0.414141982793808,4302.15,-0.540000890018821,0,"Hofmann Forest","Hofmann Forest","Hofmann Forest1",NA
576,10,1.363,1,16.8096218109131,24175.7902287721,1,17.139347076416,19.834045656712,0.431000560522079,4302.15,-0.540000890018821,0,"Hofmann Forest","Hofmann Forest","Hofmann Forest1",NA
577,10,1.363,1,16.8999996185303,24175.7902287721,1,16.434103012085,14.898027979065,0.431029409170151,4302.15,-0.540000890018821,0,"Hofmann Forest","Hofmann Forest","Hofmann Forest1",NA
578,10,1.41307692307692,1,16.9999980926514,24573.5341335022,1,14.2651681900024,14.8746507471665,0.447256624698639,6.95,3.4309644359925,0,"Hofmann Forest","Hofmann Forest","Hofmann Forest1",NA
579,10,1.363,1,17,24175.7902287721,1,16.3270816802979,13.8425326564655,0.4239521920681,6.95,3.4309644359925,0,"Hofmann Forest","Hofmann Forest","Hofmann Forest1",NA
580,10,1.363,1,16.9056091308594,24175.7902287721,1,16.8135166168213,20.9606492044768,0.404442816972733,4302.15,-0.540000890018821,0,"Hofmann Forest","Hofmann Forest","Hofmann Forest1",NA
581,10,1.596,0,16.9116306304932,3451.87987273905,1,16.822114944458,24.8182637921471,0.410145580768585,4302.15,-0.540000890018821,0,"Hofmann Forest","Hofmann Forest","Hofmann Forest1",NA
582,10,1.363,1,16.9000854492188,24175.7902287721,1,15.8096799850464,18.4841334198265,0.371952474117279,4302.15,-0.540000890018821,0,"Hofmann Forest","Hofmann Forest","Hofmann Forest1",NA
583,10,1.363,1,16.8822441101074,24175.7902287721,1,16.6246604919434,19.076804144613,0.408470332622528,4302.15,-0.540000890018821,0,"Hofmann Forest","Hofmann Forest","Hofmann Forest1",NA
584,10,1.363,1,16.8009071350098,24175.7902287721,1,17.06325340271,18.7924297841955,0.418639242649078,4302.15,-0.540000890018821,0,"Hofmann Forest","Hofmann Forest","Hofmann Forest1",NA
585,10,1.363,1,16.9000015258789,20162.2292009034,1,16.2907886505127,22.3656417987638,0.4199338555336,4302.15,-0.540000890018821,0,"Hofmann Forest","Hofmann Forest","Hofmann Forest1",NA
586,10,1.363,1,16.9952945709229,24175.7902287721,1,15.8953056335449,14.2948405670515,0.436645686626434,6.95,3.4309644359925,0,"Hofmann Forest","Hofmann Forest","Hofmann Forest1",NA
587,10,1.45055555555556,1,17.0109100341797,24603.1340979689,1,14.4505853652954,15.2233819629516,0.345427364110947,6.95,3.4309644359925,0,"Hofmann Forest","Hofmann Forest","Hofmann Forest1",NA
588,10,1.363,1,16.8999996185303,24175.7902287721,1,16.627067565918,16.5208782836808,0.416867226362228,4302.15,-0.540000890018821,0,"Hofmann Forest","Hofmann Forest","Hofmann Forest1",NA
589,10,1.363,1,17.0915718078613,24175.7902287721,1,15.33815574646,11.4409392147787,0.43566283583641,6.95,3.4309644359925,0,"Hofmann Forest","Hofmann Forest","Hofmann Forest1",NA
590,10,1.394375,1,16.8999996185303,24421.8630482167,1,16.6257190704346,16.2176736566259,0.425171047449112,4302.15,-0.540000890018821,0,"Hofmann Forest","Hofmann Forest","Hofmann Forest1",NA
591,10,1.363,1,16.7920207977295,20162.2292009034,1,17.3991432189941,21.145285785749,0.420503795146942,4302.15,-0.540000890018821,0,"Hofmann Forest","Hofmann Forest","Hofmann Forest1",NA
592,10,1.363,1,16.8999996185303,24175.7902287721,1,16.2522163391113,17.2812635238925,0.455187261104584,4302.15,-0.540000890018821,0,"Hofmann Forest","Hofmann Forest","Hofmann Forest1",NA
593,10,1.363,1,16.7999992370605,24175.7902287721,1,17.5307598114014,20.3602359549009,0.430112183094025,4302.15,-0.540000890018821,0,"Hofmann Forest","Hofmann Forest","Hofmann Forest1",NA
594,10,1.363,1,16.7999744415283,20162.2292009034,1,17.4107475280762,22.3495756183628,0.4201799929142,4302.15,-0.540000890018821,0,"Hofmann Forest","Hofmann Forest","Hofmann Forest1",NA
595,10,1.363,1,16.7735729217529,20162.2292009034,1,17.1982002258301,23.5076868798001,0.415743082761765,4302.15,-0.540000890018821,0,"Hofmann Forest","Hofmann Forest","Hofmann Forest1",NA
596,10,1.444375,1,17.0000019073486,27808.6206688129,1,16.5284442901611,22.655527877992,0.40580078959465,4302.15,-0.540000890018821,0,"Hofmann Forest","Hofmann Forest","Hofmann Forest1",NA
597,10,1.363,1,16.7133522033691,44338.0194296756,1,17.1764717102051,20.8115222660454,0.420546650886536,4302.15,-0.540000890018821,0,"Hofmann Forest","Hofmann Forest","Hofmann Forest1",NA
598,10,1.363,1,17.1781921386719,24175.7902287721,1,15.3674669265747,12.2421343405582,0.400548934936523,6.95,3.4309644359925,0,"Hofmann Forest","Hofmann Forest","Hofmann Forest1",NA
599,10,1.363,1,16.889518737793,24175.7902287721,1,16.9696788787842,17.7088087577764,0.415812522172928,4302.15,-0.540000890018821,0,"Hofmann Forest","Hofmann Forest","Hofmann Forest1",NA
600,10,1.363,1,16.7999992370605,24175.7902287721,1,17.5202922821045,21.1172035028243,0.422097057104111,4302.15,-0.540000890018821,0,"Hofmann Forest","Hofmann Forest","Hofmann Forest1",NA
601,10,1.363,1,17,24175.7902287721,1,16.3533000946045,13.1818087292195,0.430577427148819,6.95,3.4309644359925,0,"Hofmann Forest","Hofmann Forest","Hofmann Forest1",NA
602,10,1.54173913043478,1,17.2189960479736,13420.4730730855,1,15.4681453704834,12.5495247121931,0.364099860191345,4302.15,-0.540000890018821,0,"Hofmann Forest","Hofmann Forest","Hofmann Forest1",NA
603,10,1.363,1,16.7116794586182,20162.2292009034,1,17.463493347168,21.8997245030404,0.425933986902237,4302.15,-0.540000890018821,0,"Hofmann Forest","Hofmann Forest","Hofmann Forest1",NA
604,10,1.363,1,16.9384593963623,24175.7902287721,1,15.325252532959,17.9052710973309,0.401390194892883,4302.15,-0.540000890018821,0,"Hofmann Forest","Hofmann Forest","Hofmann Forest1",NA
605,10,1.41307692307692,1,16.9454956054688,25318.142857925,1,16.7489471435547,18.0633251012131,0.433228731155396,4302.15,-0.540000890018821,0,"Hofmann Forest","Hofmann Forest","Hofmann Forest1",NA
606,10,1.363,1,17.1000003814697,24175.7902287721,1,13.6288108825684,14.1536758806751,0.390207380056381,6.95,3.4309644359925,0,"Hofmann Forest","Hofmann Forest","Hofmann Forest1",NA
607,10,1.363,1,17.1560306549072,24175.7902287721,1,13.8474702835083,15.3599087556528,0.433896273374557,6.95,3.4309644359925,0,"Hofmann Forest","Hofmann Forest","Hofmann Forest1",NA
608,10,1.363,1,16.808219909668,20162.2292009034,1,17.154899597168,21.1712823918784,0.41669899225235,4302.15,-0.540000890018821,0,"Hofmann Forest","Hofmann Forest","Hofmann Forest1",NA
609,10,1.41307692307692,1,16.8999996185303,24256.6365422887,1,16.7646026611328,19.8231476369512,0.34123495221138,4302.15,-0.540000890018821,0,"Hofmann Forest","Hofmann Forest","Hofmann Forest1",NA
610,10,1.41307692307692,1,17.0622749328613,24573.5341335022,1,13.5133666992188,16.1168986228344,0.386221408843994,6.95,3.4309644359925,0,"Hofmann Forest","Hofmann Forest","Hofmann Forest1",NA
611,10,1.41307692307692,1,16.9999980926514,24500.9556909948,1,16.6330852508545,22.0931061553978,0.426614344120026,4302.15,-0.540000890018821,0,"Hofmann Forest","Hofmann Forest","Hofmann Forest1",NA
612,10,1.363,1,16.8243083953857,24175.7902287721,1,17.1363677978516,19.9218552906664,0.431858271360397,4302.15,-0.540000890018821,0,"Hofmann Forest","Hofmann Forest","Hofmann Forest1",NA
613,10,1.363,1,16.991039276123,24175.7902287721,1,16.7658214569092,17.7008218416452,0.422172784805298,4302.15,-0.540000890018821,0,"Hofmann Forest","Hofmann Forest","Hofmann Forest1",NA
614,10,1.41307692307692,1,16.9587249755859,24573.5341335022,1,15.1555099487305,14.3432532042326,0.460383862257004,6.95,3.4309644359925,0,"Hofmann Forest","Hofmann Forest","Hofmann Forest1",NA
615,10,1.363,1,16.7999992370605,24175.7902287721,1,17.0964012145996,18.947158144979,0.421759277582169,4302.15,-0.540000890018821,0,"Hofmann Forest","Hofmann Forest","Hofmann Forest1",NA
616,10,1.363,1,16.8395709991455,24175.7902287721,1,17.308177947998,19.7821349984543,0.431874871253967,4302.15,-0.540000890018821,0,"Hofmann Forest","Hofmann Forest","Hofmann Forest1",NA
617,10,1.363,1,17.1000022888184,24175.7902287721,1,15.7808208465576,14.280127512645,0.346839964389801,4302.15,-0.540000890018821,0,"Hofmann Forest","Hofmann Forest","Hofmann Forest1",NA
618,10,1.363,1,16.8999996185303,24175.7902287721,1,17.1124877929688,20.2812667966422,0.430193513631821,4302.15,-0.540000890018821,0,"Hofmann Forest","Hofmann Forest","Hofmann Forest1",NA
619,10,1.363,1,16.7315540313721,24175.7902287721,1,17.3245239257812,20.7837056751166,0.423164635896683,4302.15,-0.540000890018821,0,"Hofmann Forest","Hofmann Forest","Hofmann Forest1",NA
620,10,1.576,0,17.111120223999,1581.25608502438,1,16.1079444885254,18.1329703862029,0.413120567798615,4302.15,-0.540000890018821,0,"Hofmann Forest","Hofmann Forest","Hofmann Forest1",NA
621,10,1.363,1,17.0200176239014,24175.7902287721,1,14.0487270355225,14.7318110964621,0.475792527198792,6.95,3.4309644359925,0,"Hofmann Forest","Hofmann Forest","Hofmann Forest1",NA
622,10,1.363,1,16.8466720581055,24175.7902287721,1,16.9317245483398,19.4576877527862,0.434958010911942,4302.15,-0.540000890018821,0,"Hofmann Forest","Hofmann Forest","Hofmann Forest1",NA
623,10,1.363,1,17.1601905822754,24175.7902287721,1,13.3538646697998,13.3649709754176,0.386424660682678,6.95,3.4309644359925,0,"Hofmann Forest","Hofmann Forest","Hofmann Forest1",NA
624,10,1.363,1,16.8999996185303,24175.7902287721,1,16.0200309753418,15.8286142250513,0.41639769077301,4302.15,-0.540000890018821,0,"Hofmann Forest","Hofmann Forest","Hofmann Forest1",NA
625,10,1.363,1,16.8999996185303,24175.7902287721,1,15.4694881439209,17.4989652867522,0.386210411787033,4302.15,-0.540000890018821,0,"Hofmann Forest","Hofmann Forest","Hofmann Forest1",NA
626,10,1.363,1,17.1000003814697,24175.7902287721,1,15.8029727935791,13.9063126096651,0.285742670297623,4302.15,-0.540000890018821,0,"Hofmann Forest","Hofmann Forest","Hofmann Forest1",NA
627,10,1.54173913043478,1,17.3054542541504,13420.4730730855,1,15.4683694839478,10.513283503932,0.426849246025085,6.95,3.4309644359925,0,"Hofmann Forest","Hofmann Forest","Hofmann Forest1",NA
628,10,1.363,1,16.8999996185303,24175.7902287721,1,16.1309032440186,16.0261611908551,0.416203886270523,4302.15,-0.540000890018821,0,"Hofmann Forest","Hofmann Forest","Hofmann Forest1",NA
629,10,1.363,1,16.8311901092529,24175.7902287721,1,17.4995994567871,20.2856009091867,0.415857344865799,4302.15,-0.540000890018821,0,"Hofmann Forest","Hofmann Forest","Hofmann Forest1",NA
630,10,1.363,1,17.0607814788818,20162.2292009034,1,15.809684753418,20.1952555878812,0.313674986362457,4302.15,-0.540000890018821,0,"Hofmann Forest","Hofmann Forest","Hofmann Forest1",NA
631,10,1.363,1,17,24175.7902287721,1,16.2381458282471,12.7980497649466,0.428299725055695,6.95,3.4309644359925,0,"Hofmann Forest","Hofmann Forest","Hofmann Forest1",NA
632,10,1.394375,1,17,25957.0487572377,1,16.4522304534912,21.4145273990012,0.397960245609283,4302.15,-0.540000890018821,0,"Hofmann Forest","Hofmann Forest","Hofmann Forest1",NA
633,10,1.394375,1,17.155294418335,36409.5581835947,1,16.150785446167,11.989481240297,0.428066730499268,6.95,3.4309644359925,0,"Hofmann Forest","Hofmann Forest","Hofmann Forest1",NA
634,10,1.363,1,16.8383045196533,20162.2292009034,1,16.8580913543701,23.4248523468042,0.419349402189255,4302.15,-0.540000890018821,0,"Hofmann Forest","Hofmann Forest","Hofmann Forest1",NA
635,10,1.363,1,17.0364837646484,24175.7902287721,1,15.4414863586426,10.881572834391,0.404612809419632,6.95,3.4309644359925,0,"Hofmann Forest","Hofmann Forest","Hofmann Forest1",NA
636,10,1.363,1,17,24175.7902287721,1,15.8672761917114,12.567246209626,0.412303239107132,6.95,3.4309644359925,0,"Hofmann Forest","Hofmann Forest","Hofmann Forest1",NA
637,10,1.363,1,17,24175.7902287721,1,15.972710609436,12.2333710234376,0.410951942205429,6.95,3.4309644359925,0,"Hofmann Forest","Hofmann Forest","Hofmann Forest1",NA
638,10,1.363,1,17,24175.7902287721,1,15.0696296691895,13.2846962609671,0.399468660354614,6.95,3.4309644359925,0,"Hofmann Forest","Hofmann Forest","Hofmann Forest1",NA
639,10,1.394375,1,17.0065650939941,24421.8630482167,1,16.1543121337891,15.3305697419221,0.441054224967957,4302.15,-0.540000890018821,0,"Hofmann Forest","Hofmann Forest","Hofmann Forest1",NA
640,10,1.363,1,17.1801662445068,24175.7902287721,1,15.2397346496582,11.8146334750921,0.424195349216461,6.95,3.4309644359925,0,"Hofmann Forest","Hofmann Forest","Hofmann Forest1",NA
641,10,1.54173913043478,1,17.2999992370605,13420.4730730855,1,15.3037147521973,11.7502770881859,0.403115421533585,6.95,3.4309644359925,0,"Hofmann Forest","Hofmann Forest","Hofmann Forest1",NA
642,10,1.56655172413793,0,17.3101577758789,4863.42271430789,1,13.8998737335205,14.3286396830135,0.374356597661972,4302.15,-0.540000890018821,0,"Hofmann Forest","Hofmann Forest","Hofmann Forest1",NA
643,10,1.44666666666667,1,17.3052234649658,12233.7679548225,1,15.4033536911011,11.5677772562002,0.426601529121399,6.95,3.4309644359925,0,"Hofmann Forest","Hofmann Forest","Hofmann Forest1",NA
644,10,1.363,1,17.0695514678955,24175.7902287721,1,13.7198829650879,15.3545254852181,0.428860127925873,6.95,3.4309644359925,0,"Hofmann Forest","Hofmann Forest","Hofmann Forest1",NA
645,10,1.57627450980392,1,17.2999992370605,14807.7901028343,1,14.8940629959106,12.1119540972641,0.390891164541245,4302.15,-0.540000890018821,0,"Hofmann Forest","Hofmann Forest","Hofmann Forest1",NA
646,10,1.363,1,16.9541606903076,24175.7902287721,1,15.1930408477783,15.9688782939393,0.426037400960922,4302.15,-0.540000890018821,0,"Hofmann Forest","Hofmann Forest","Hofmann Forest1",NA
647,10,1.394375,1,17.1885528564453,36409.5581835947,1,15.4141883850098,11.1804905170542,0.387370526790619,6.95,3.4309644359925,0,"Hofmann Forest","Hofmann Forest","Hofmann Forest1",NA
648,10,1.363,1,16.7999992370605,20162.2292009034,1,16.9496421813965,23.3052461874457,0.412048846483231,4302.15,-0.540000890018821,0,"Hofmann Forest","Hofmann Forest","Hofmann Forest1",NA
649,10,1.394375,1,16.9995899200439,24490.0857646151,1,14.8729295730591,16.7210852966935,0.379927486181259,4302.15,-0.540000890018821,0,"Hofmann Forest","Hofmann Forest","Hofmann Forest1",NA
650,10,1.41307692307692,1,17.118537902832,24573.5341335022,1,13.9987926483154,15.6687599296595,0.394767552614212,6.95,3.4309644359925,0,"Hofmann Forest","Hofmann Forest","Hofmann Forest1",NA
651,10,1.363,1,17,24175.7902287721,1,14.5793933868408,15.3828879562991,0.42676654458046,6.95,3.4309644359925,0,"Hofmann Forest","Hofmann Forest","Hofmann Forest1",NA
652,10,1.363,1,16.9492530822754,24175.7902287721,1,16.4251308441162,14.3966857330987,0.436978280544281,4302.15,-0.540000890018821,0,"Hofmann Forest","Hofmann Forest","Hofmann Forest1",NA
653,10,1.54173913043478,1,17.3435478210449,12389.2200588296,1,15.1096668243408,10.4497469938685,0.393069714307785,6.95,3.4309644359925,0,"Hofmann Forest","Hofmann Forest","Hofmann Forest1",NA
654,10,1.363,1,16.7999992370605,20162.2292009034,1,17.5229511260986,21.5095043388328,0.405654639005661,4302.15,-0.540000890018821,0,"Hofmann Forest","Hofmann Forest","Hofmann Forest1",NA
655,10,1.57777777777778,0,17.400505065918,1210.89113663531,1,16.7306880950928,13.4486613117017,0.309577256441116,4302.15,-0.540000890018821,0,"Hofmann Forest","Hofmann Forest","Hofmann Forest1",NA
656,10,1.363,1,17,24175.7902287721,1,16.2952690124512,13.7390740825451,0.435978800058365,4302.15,-0.540000890018821,0,"Hofmann Forest","Hofmann Forest","Hofmann Forest1",NA
657,10,1.363,1,17,24175.7902287721,1,16.3318519592285,13.2253490416462,0.424255073070526,4302.15,-0.540000890018821,0,"Hofmann Forest","Hofmann Forest","Hofmann Forest1",NA
658,10,1.41307692307692,1,17.251485824585,24800.7931481693,1,15.5043001174927,13.4318874198871,0.423467695713043,4302.15,-0.540000890018821,0,"Hofmann Forest","Hofmann Forest","Hofmann Forest1",NA
659,10,1.363,1,16.9332618713379,24175.7902287721,1,16.2246761322021,18.9533045912343,0.414764970541,4302.15,-0.540000890018821,0,"Hofmann Forest","Hofmann Forest","Hofmann Forest1",NA
660,10,1.363,1,16.7819976806641,20162.2292009034,1,17.3856639862061,22.7101926468192,0.422335177659988,4302.15,-0.540000890018821,0,"Hofmann Forest","Hofmann Forest","Hofmann Forest1",NA
661,10,1.363,1,17.0000610351562,24175.7902287721,1,15.8218021392822,11.7587996728653,0.419235229492188,6.95,3.4309644359925,0,"Hofmann Forest","Hofmann Forest","Hofmann Forest1",NA
662,10,1.363,1,17,24175.7902287721,1,15.9261960983276,12.4995562630427,0.3988196849823,6.95,3.4309644359925,0,"Hofmann Forest","Hofmann Forest","Hofmann Forest1",NA
663,10,1.363,1,16.8011875152588,20162.2292009034,1,16.9962902069092,23.080092364785,0.446163535118103,4302.15,-0.540000890018821,0,"Hofmann Forest","Hofmann Forest","Hofmann Forest1",NA
664,10,1.41307692307692,1,16.9551868438721,24500.9556909948,1,16.7237453460693,21.7974360400494,0.401273041963577,4302.15,-0.540000890018821,0,"Hofmann Forest","Hofmann Forest","Hofmann Forest1",NA
665,10,1.363,1,16.8023223876953,24175.7902287721,1,16.8036365509033,16.7386772518825,0.424483776092529,4302.15,-0.540000890018821,0,"Hofmann Forest","Hofmann Forest","Hofmann Forest1",NA
666,10,1.363,1,16.8622913360596,24175.7902287721,1,17.0513896942139,18.7304501512998,0.419763475656509,4302.15,-0.540000890018821,0,"Hofmann Forest","Hofmann Forest","Hofmann Forest1",NA
667,10,1.363,1,17,24175.7902287721,1,16.2886047363281,13.5618314754562,0.431117504835129,4302.15,-0.540000890018821,0,"Hofmann Forest","Hofmann Forest","Hofmann Forest1",NA
668,10,1.363,1,17,24175.7902287721,1,16.371150970459,13.6690280455419,0.433324575424194,4302.15,-0.540000890018821,0,"Hofmann Forest","Hofmann Forest","Hofmann Forest1",NA
669,10,1.363,1,17,24175.7902287721,1,14.8009128570557,14.7906571565389,0.458160281181335,6.95,3.4309644359925,0,"Hofmann Forest","Hofmann Forest","Hofmann Forest1",NA
670,10,1.363,1,17,24175.7902287721,1,13.8768377304077,16.2509625207043,0.385241061449051,6.95,3.4309644359925,0,"Hofmann Forest","Hofmann Forest","Hofmann Forest1",NA
671,10,1.363,1,16.8256549835205,20162.2292009034,1,16.7898693084717,24.2476976224679,0.395197570323944,4302.15,-0.540000890018821,0,"Hofmann Forest","Hofmann Forest","Hofmann Forest1",NA
672,10,1.363,1,16.9994049072266,20162.2292009034,1,15.7309341430664,21.9994449661446,0.404166132211685,4302.15,-0.540000890018821,0,"Hofmann Forest","Hofmann Forest","Hofmann Forest1",NA
673,10,1.58333333333333,0,17.1340312957764,5146.81399839817,1,14.5683755874634,15.6733273089338,0.436287641525269,4302.15,-0.540000890018821,0,"Hofmann Forest","Hofmann Forest","Hofmann Forest1",NA
674,10,1.54708333333333,1,17.0330944061279,25858.7702021739,1,15.9927797317505,17.9450985928968,0.426757842302322,4302.15,-0.540000890018821,0,"Hofmann Forest","Hofmann Forest","Hofmann Forest1",NA
675,10,1.363,1,17,24175.7902287721,1,16.0041999816895,11.643173438822,0.410750061273575,6.95,3.4309644359925,0,"Hofmann Forest","Hofmann Forest","Hofmann Forest1",NA
676,10,1.363,1,16.9785099029541,24175.7902287721,1,16.4909362792969,14.7633629712249,0.426247358322144,4302.15,-0.540000890018821,0,"Hofmann Forest","Hofmann Forest","Hofmann Forest1",NA
677,10,1.41307692307692,1,16.8188629150391,24256.6365422887,1,16.7618255615234,19.6234689510009,0.41967037320137,4302.15,-0.540000890018821,0,"Hofmann Forest","Hofmann Forest","Hofmann Forest1",NA
678,10,1.41307692307692,1,16.8999977111816,25318.142857925,1,16.6128826141357,18.4514844409996,0.439693242311478,4302.15,-0.540000890018821,0,"Hofmann Forest","Hofmann Forest","Hofmann Forest1",NA
679,10,1.363,1,16.7000007629395,44338.0194296756,1,17.3384456634521,21.1633481917068,0.420833170413971,4302.15,-0.540000890018821,0,"Hofmann Forest","Hofmann Forest","Hofmann Forest1",NA
680,10,1.363,1,16.7999992370605,20162.2292009034,1,17.2829151153564,20.9644701833222,0.410953968763351,4302.15,-0.540000890018821,0,"Hofmann Forest","Hofmann Forest","Hofmann Forest1",NA
681,10,1.596,0,17.3664817810059,2434.3735977924,1,13.8169202804565,12.107310393664,0.422976136207581,4302.15,-0.540000890018821,0,"Hofmann Forest","Hofmann Forest","Hofmann Forest1",NA
682,10,1.59270833333333,0,17.4562015533447,2591.34188292474,1,15.7073841094971,12.7475594093535,0.3746717274189,4302.15,-0.540000890018821,0,"Hofmann Forest","Hofmann Forest","Hofmann Forest1",NA
683,10,1.363,1,16.7907752990723,20162.2292009034,1,17.3006477355957,22.2274658105536,0.420335024595261,4302.15,-0.540000890018821,0,"Hofmann Forest","Hofmann Forest","Hofmann Forest1",NA
684,10,1.363,1,16.849983215332,24175.7902287721,1,16.918285369873,19.0978076211626,0.421771615743637,4302.15,-0.540000890018821,0,"Hofmann Forest","Hofmann Forest","Hofmann Forest1",NA
685,10,1.394375,1,17.0573425292969,24421.8630482167,1,15.4660348892212,15.2071350443269,0.443591296672821,4302.15,-0.540000890018821,0,"Hofmann Forest","Hofmann Forest","Hofmann Forest1",NA
686,10,1.394375,1,17.2398815155029,36409.5581835947,1,15.4677658081055,11.1414461766024,0.396565467119217,6.95,3.4309644359925,0,"Hofmann Forest","Hofmann Forest","Hofmann Forest1",NA
687,10,1.363,1,16.8039226531982,20162.2292009034,1,16.554027557373,24.2184113698415,0.282169014215469,4302.15,-0.540000890018821,0,"Hofmann Forest","Hofmann Forest","Hofmann Forest1",NA
688,10,1.41307692307692,1,16.8816146850586,23469.8941787215,1,16.496524810791,23.6271046839035,0.418188273906708,4302.15,-0.540000890018821,0,"Hofmann Forest","Hofmann Forest","Hofmann Forest1",NA
689,10,1.363,1,17.1000022888184,24175.7902287721,1,15.6435632705688,10.6891817114343,0.408600747585297,6.95,3.4309644359925,0,"Hofmann Forest","Hofmann Forest","Hofmann Forest1",NA
690,10,1.41307692307692,1,16.8500347137451,24500.9556909948,1,17.2013092041016,21.5084323393487,0.417565613985062,4302.15,-0.540000890018821,0,"Hofmann Forest","Hofmann Forest","Hofmann Forest1",NA
691,10,1.363,1,17.1522026062012,24175.7902287721,1,13.4309539794922,13.6452562225661,0.40237233042717,6.95,3.4309644359925,0,"Hofmann Forest","Hofmann Forest","Hofmann Forest1",NA
692,10,1.363,1,16.9697227478027,24175.7902287721,1,16.4029293060303,13.9056548515484,0.415889739990234,4302.15,-0.540000890018821,0,"Hofmann Forest","Hofmann Forest","Hofmann Forest1",NA
693,10,1.363,1,16.9673442840576,20162.2292009034,1,16.2163715362549,22.5001860615144,0.422002971172333,4302.15,-0.540000890018821,0,"Hofmann Forest","Hofmann Forest","Hofmann Forest1",NA
694,10,1.421875,1,16.8019695281982,20341.3734344337,1,16.7680492401123,24.0973964619703,0.403469890356064,4302.15,-0.540000890018821,0,"Hofmann Forest","Hofmann Forest","Hofmann Forest1",NA
695,10,1.363,1,17.0248947143555,24175.7902287721,1,14.215726852417,14.5776213340045,0.433692008256912,6.95,3.4309644359925,0,"Hofmann Forest","Hofmann Forest","Hofmann Forest1",NA
696,10,1.58,0,16.9997825622559,3307.66497781808,1,16.3081722259521,23.4495579410031,0.4108005464077,4302.15,-0.540000890018821,0,"Hofmann Forest","Hofmann Forest","Hofmann Forest1",NA
697,10,1.363,1,16.7999992370605,24175.7902287721,1,17.2461318969727,19.5404364345142,0.446095705032349,4302.15,-0.540000890018821,0,"Hofmann Forest","Hofmann Forest","Hofmann Forest1",NA
698,10,1.363,1,17.1000003814697,24175.7902287721,1,15.3152418136597,10.4008818097448,0.422330319881439,6.95,3.4309644359925,0,"Hofmann Forest","Hofmann Forest","Hofmann Forest1",NA
699,10,1.394375,1,17.2534942626953,36409.5581835947,1,15.2774887084961,10.0891496587322,0.393092662096024,6.95,3.4309644359925,0,"Hofmann Forest","Hofmann Forest","Hofmann Forest1",NA
700,10,1.363,1,17,24175.7902287721,1,15.955714225769,13.4860442328061,0.415963441133499,6.95,3.4309644359925,0,"Hofmann Forest","Hofmann Forest","Hofmann Forest1",NA
701,10,1.363,1,17.1965103149414,24175.7902287721,1,13.5545415878296,12.867420164836,0.362283140420914,6.95,3.4309644359925,0,"Hofmann Forest","Hofmann Forest","Hofmann Forest1",NA
702,10,1.44666666666667,1,17.2944984436035,12233.7679548225,1,15.3114337921143,9.92870813599114,0.393214702606201,6.95,3.4309644359925,0,"Hofmann Forest","Hofmann Forest","Hofmann Forest1",NA
703,10,1.363,1,16.7999992370605,24175.7902287721,1,16.7247581481934,16.5781526366304,0.434333652257919,4302.15,-0.540000890018821,0,"Hofmann Forest","Hofmann Forest","Hofmann Forest1",NA
704,10,1.41307692307692,1,16.9097309112549,23469.8941787215,1,16.3660278320312,24.4141984339023,0.370658457279205,4302.15,-0.540000890018821,0,"Hofmann Forest","Hofmann Forest","Hofmann Forest1",NA
705,10,1.444375,1,16.8655891418457,25398.9891714415,1,16.6058578491211,19.2084116793037,0.409321486949921,4302.15,-0.540000890018821,0,"Hofmann Forest","Hofmann Forest","Hofmann Forest1",NA
706,10,1.363,1,16.8999996185303,24175.7902287721,1,16.6274223327637,15.6413767238338,0.416088461875916,4302.15,-0.540000890018821,0,"Hofmann Forest","Hofmann Forest","Hofmann Forest1",NA
707,10,1.58,0,17.3791809082031,625.002919397116,1,15.3633642196655,14.7037715639865,0.416765660047531,4302.15,-0.540000890018821,0,"Hofmann Forest","Hofmann Forest","Hofmann Forest1",NA
708,10,1.363,1,16.9999980926514,24175.7902287721,1,14.242527961731,14.4105771467548,0.45591726899147,6.95,3.4309644359925,0,"Hofmann Forest","Hofmann Forest","Hofmann Forest1",NA
709,10,1.394375,1,17.1007461547852,24421.8630482167,1,15.5270385742188,14.774177779274,0.420999825000763,4302.15,-0.540000890018821,0,"Hofmann Forest","Hofmann Forest","Hofmann Forest1",NA
1,35.5607492897168,1.363,1,17.1000003814697,24175.7902287721,0,14.0899972915649,12.7239049597743,0.350011765956879,6.95,3.4309644359925,0,"Hofmann Forest","Hofmann Forest","Hofmann Forest1",NA
2,35.5607492897168,1.363,1,16.7999992370605,24175.7902287721,0,16.9114532470703,19.1697369330174,0.411919713020325,4302.15,-0.540000890018821,0,"Hofmann Forest","Hofmann Forest","Hofmann Forest1",NA
3,35.5607492897168,1.363,1,17,24175.7902287721,0,15.7011489868164,11.1803272845005,0.411715507507324,6.95,3.4309644359925,0,"Hofmann Forest","Hofmann Forest","Hofmann Forest1",NA
4,35.5607492897168,1.363,1,16.8002223968506,24175.7902287721,0,16.7736110687256,19.1727018449293,0.408947825431824,4302.15,-0.540000890018821,0,"Hofmann Forest","Hofmann Forest","Hofmann Forest1",NA
5,35.5607492897168,1.363,1,17.1000003814697,20162.2292009034,0,15.4621095657349,21.0976366802285,0.429837673902512,4302.15,-0.540000890018821,0,"Hofmann Forest","Hofmann Forest","Hofmann Forest1",NA
6,35.5607492897168,1.363,1,17,24175.7902287721,0,15.8773221969604,13.6602464326801,0.429867833852768,4302.15,-0.540000890018821,0,"Hofmann Forest","Hofmann Forest","Hofmann Forest1",NA
7,35.5607492897168,1.363,1,16.8999996185303,20162.2292009034,0,16.4238128662109,22.8514502105898,0.412760585546494,4302.15,-0.540000890018821,0,"Hofmann Forest","Hofmann Forest","Hofmann Forest1",NA
8,35.5607492897168,1.394375,1,17.1387310028076,36409.5581835947,0,15.8090839385986,11.4896218497492,0.413058310747147,6.95,3.4309644359925,0,"Hofmann Forest","Hofmann Forest","Hofmann Forest1",NA
9,35.5607492897168,1.363,1,16.7999992370605,24175.7902287721,0,17.5074844360352,19.5421674191479,0.423909842967987,4302.15,-0.540000890018821,0,"Hofmann Forest","Hofmann Forest","Hofmann Forest1",NA
10,35.5607492897168,1.363,1,16.8999996185303,24175.7902287721,0,15.8142070770264,16.5361187003801,0.432302623987198,4302.15,-0.540000890018821,0,"Hofmann Forest","Hofmann Forest","Hofmann Forest1",NA
11,35.5607492897168,1.44666666666667,1,17.2999992370605,12233.7679548225,0,15.270510673523,9.76325985300875,0.393931448459625,6.95,3.4309644359925,0,"Hofmann Forest","Hofmann Forest","Hofmann Forest1",NA
12,35.5607492897168,1.59685714285714,0,17.3999996185303,1879.52204999885,0,15.1266298294067,10.4411500609611,0.40238755941391,6.95,3.4309644359925,0,"Hofmann Forest","Hofmann Forest","Hofmann Forest1",NA
13,35.5607492897168,1.363,1,17,24175.7902287721,0,16.3823356628418,13.8929087166953,0.425109386444092,6.95,3.4309644359925,0,"Hofmann Forest","Hofmann Forest","Hofmann Forest1",NA
14,35.5607492897168,1.394375,1,17.1436672210693,36409.5581835947,0,14.1155738830566,12.2329990208345,0.340973347425461,6.95,3.4309644359925,0,"Hofmann Forest","Hofmann Forest","Hofmann Forest1",NA
15,35.5607492897168,1.394375,1,17.0875835418701,36409.5581835947,0,15.3330526351929,10.696003220863,0.372513830661774,6.95,3.4309644359925,0,"Hofmann Forest","Hofmann Forest","Hofmann Forest1",NA
16,35.5607492897168,1.58,0,17,325.165462222684,0,16.7572460174561,22.1809706266475,0.400333046913147,4302.15,-0.540000890018821,0,"Hofmann Forest","Hofmann Forest","Hofmann Forest1",NA
17,35.5607492897168,1.59685714285714,0,17.4547634124756,1879.52204999885,0,15.4515829086304,10.403532428269,0.421521633863449,6.95,3.4309644359925,0,"Hofmann Forest","Hofmann Forest","Hofmann Forest1",NA
18,35.5607492897168,1.363,1,17,24175.7902287721,0,15.0764684677124,14.9910115519504,0.425864487886429,6.95,3.4309644359925,0,"Hofmann Forest","Hofmann Forest","Hofmann Forest1",NA
19,35.5607492897168,1.363,1,16.9966659545898,24175.7902287721,0,15.2347755432129,17.2925414616932,0.407499730587006,4302.15,-0.540000890018821,0,"Hofmann Forest","Hofmann Forest","Hofmann Forest1",NA
20,35.5607492897168,1.363,1,16.7999992370605,24175.7902287721,0,16.9972305297852,18.1792558845983,0.421962916851044,4302.15,-0.540000890018821,0,"Hofmann Forest","Hofmann Forest","Hofmann Forest1",NA
21,35.5607492897168,1.394375,1,17.2486324310303,36409.5581835947,0,15.6085481643677,12.2386128224173,0.366525083780289,6.95,3.4309644359925,0,"Hofmann Forest","Hofmann Forest","Hofmann Forest1",NA
22,35.5607492897168,1.41307692307692,1,17.0000019073486,24573.5341335022,0,14.7359466552734,15.106171738361,0.403669893741608,6.95,3.4309644359925,0,"Hofmann Forest","Hofmann Forest","Hofmann Forest1",NA
23,35.5607492897168,1.363,1,17.0775241851807,20162.2292009034,0,15.5598926544189,20.7064626522723,0.316056340932846,4302.15,-0.540000890018821,0,"Hofmann Forest","Hofmann Forest","Hofmann Forest1",NA
24,35.5607492897168,1.363,1,16.9016666412354,24175.7902287721,0,16.2873802185059,14.4961991714597,0.431023448705673,4302.15,-0.540000890018821,0,"Hofmann Forest","Hofmann Forest","Hofmann Forest1",NA
25,35.5607492897168,1.363,1,17,24175.7902287721,0,15.8189086914062,13.6598726149408,0.413263201713562,6.95,3.4309644359925,0,"Hofmann Forest","Hofmann Forest","Hofmann Forest1",NA
26,35.5607492897168,1.363,1,17.0726413726807,20162.2292009034,0,15.9050922393799,22.586278884077,0.392884820699692,4302.15,-0.540000890018821,0,"Hofmann Forest","Hofmann Forest","Hofmann Forest1",NA
27,35.5607492897168,1.363,1,16.8999996185303,20162.2292009034,0,16.7580413818359,23.5733324110311,0.361632913351059,4302.15,-0.540000890018821,0,"Hofmann Forest","Hofmann Forest","Hofmann Forest1",NA
28,35.5607492897168,1.56,0,17.1000003814697,427.343869196763,0,14.1882228851318,15.3221427440864,0.360250025987625,6.95,3.4309644359925,0,"Hofmann Forest","Hofmann Forest","Hofmann Forest1",NA
29,35.5607492897168,1.363,1,16.9999980926514,24175.7902287721,0,14.8917217254639,15.6568224402463,0.418574005365372,6.95,3.4309644359925,0,"Hofmann Forest","Hofmann Forest","Hofmann Forest1",NA
30,35.5607492897168,1.363,1,17.06077003479,24175.7902287721,0,13.9236040115356,14.1406311183731,0.473334014415741,6.95,3.4309644359925,0,"Hofmann Forest","Hofmann Forest","Hofmann Forest1",NA
31,35.5607492897168,1.363,1,17,24175.7902287721,0,16.2740688323975,12.6193444051347,0.428381025791168,6.95,3.4309644359925,0,"Hofmann Forest","Hofmann Forest","Hofmann Forest1",NA
32,35.5607492897168,1.363,1,17.1112232208252,24175.7902287721,0,15.2913436889648,10.5246998296036,0.42945384979248,6.95,3.4309644359925,0,"Hofmann Forest","Hofmann Forest","Hofmann Forest1",NA
33,35.5607492897168,1.363,1,16.7076168060303,20162.2292009034,0,17.3124389648438,22.8276123855882,0.423508852720261,4302.15,-0.540000890018821,0,"Hofmann Forest","Hofmann Forest","Hofmann Forest1",NA
34,35.5607492897168,1.363,1,16.8654308319092,20162.2292009034,0,16.6993808746338,23.4980643832503,0.407307893037796,4302.15,-0.540000890018821,0,"Hofmann Forest","Hofmann Forest","Hofmann Forest1",NA
35,35.5607492897168,1.363,1,16.8999996185303,20162.2292009034,0,16.0198612213135,22.2852188484213,0.413550436496735,4302.15,-0.540000890018821,0,"Hofmann Forest","Hofmann Forest","Hofmann Forest1",NA
36,35.5607492897168,1.505,1,17.09885597229,25757.0463137965,0,16.1663475036621,16.8149749521116,0.44724503159523,4302.15,-0.540000890018821,0,"Hofmann Forest","Hofmann Forest","Hofmann Forest1",NA
37,35.5607492897168,1.44666666666667,1,17.2999992370605,12233.7679548225,0,15.2048416137695,9.82973002192314,0.407082438468933,6.95,3.4309644359925,0,"Hofmann Forest","Hofmann Forest","Hofmann Forest1",NA
38,35.5607492897168,1.363,1,16.8695602416992,24175.7902287721,0,16.7000942230225,16.310837632327,0.423403024673462,4302.15,-0.540000890018821,0,"Hofmann Forest","Hofmann Forest","Hofmann Forest1",NA
39,35.5607492897168,1.363,1,16.7999992370605,20162.2292009034,0,16.7401237487793,23.696418883205,0.379214257001877,4302.15,-0.540000890018821,0,"Hofmann Forest","Hofmann Forest","Hofmann Forest1",NA
40,35.5607492897168,1.363,1,16.8999996185303,24175.7902287721,0,16.827127456665,20.076780292107,0.414746016263962,4302.15,-0.540000890018821,0,"Hofmann Forest","Hofmann Forest","Hofmann Forest1",NA
41,35.5607492897168,1.41307692307692,1,16.8606758117676,25318.142857925,0,16.6641540527344,18.9736298598592,0.427981555461884,4302.15,-0.540000890018821,0,"Hofmann Forest","Hofmann Forest","Hofmann Forest1",NA
42,35.5607492897168,1.41307692307692,1,16.8999996185303,24186.578512045,0,15.6671161651611,15.9557311223005,0.423919260501862,4302.15,-0.540000890018821,0,"Hofmann Forest","Hofmann Forest","Hofmann Forest1",NA
43,35.5607492897168,1.363,1,16.9950523376465,24175.7902287721,0,15.4280452728271,18.1708486105716,0.383123636245728,4302.15,-0.540000890018821,0,"Hofmann Forest","Hofmann Forest","Hofmann Forest1",NA
44,35.5607492897168,1.363,1,16.7122592926025,44338.0194296756,0,17.3777599334717,21.7548009743099,0.416577935218811,4302.15,-0.540000890018821,0,"Hofmann Forest","Hofmann Forest","Hofmann Forest1",NA
45,35.5607492897168,1.363,1,17.0231838226318,44338.0194296756,0,15.9882078170776,19.5314235618609,0.401119709014893,4302.15,-0.540000890018821,0,"Hofmann Forest","Hofmann Forest","Hofmann Forest1",NA
46,35.5607492897168,1.58,0,17.2703151702881,625.002919397116,0,15.5703363418579,13.7884006102701,0.438221633434296,4302.15,-0.540000890018821,0,"Hofmann Forest","Hofmann Forest","Hofmann Forest1",NA
47,35.5607492897168,1.41307692307692,1,16.9774551391602,24210.7472824489,0,15.1681938171387,16.3513362204719,0.423475027084351,4302.15,-0.540000890018821,0,"Hofmann Forest","Hofmann Forest","Hofmann Forest1",NA
48,35.5607492897168,1.41307692307692,1,16.9439029693604,24573.5341335022,0,15.2730169296265,14.3499357673555,0.429603278636932,6.95,3.4309644359925,0,"Hofmann Forest","Hofmann Forest","Hofmann Forest1",NA
49,35.5607492897168,1.363,1,16.7000007629395,44338.0194296756,0,17.343297958374,21.5894993451148,0.426406025886536,4302.15,-0.540000890018821,0,"Hofmann Forest","Hofmann Forest","Hofmann Forest1",NA
50,35.5607492897168,1.363,1,16.8999996185303,24175.7902287721,0,16.0700874328613,18.6059606859487,0.402450323104858,4302.15,-0.540000890018821,0,"Hofmann Forest","Hofmann Forest","Hofmann Forest1",NA
51,35.5607492897168,1.41307692307692,1,17.0222396850586,24573.5341335022,0,14.4807014465332,14.880494872476,0.387163281440735,6.95,3.4309644359925,0,"Hofmann Forest","Hofmann Forest","Hofmann Forest1",NA
52,35.5607492897168,1.363,1,16.8000011444092,24175.7902287721,0,17.4677200317383,19.903520015184,0.427635192871094,4302.15,-0.540000890018821,0,"Hofmann Forest","Hofmann Forest","Hofmann Forest1",NA
53,35.5607492897168,1.41307692307692,1,16.9913311004639,24573.5341335022,0,15.2249555587769,14.0391555226802,0.460537672042847,6.95,3.4309644359925,0,"Hofmann Forest","Hofmann Forest","Hofmann Forest1",NA
54,35.5607492897168,1.394375,1,17.1721153259277,36409.5581835947,0,15.3377637863159,10.1032911459626,0.392137140035629,6.95,3.4309644359925,0,"Hofmann Forest","Hofmann Forest","Hofmann Forest1",NA
55,35.5607492897168,1.421875,1,16.7999992370605,20341.3734344337,0,16.6000156402588,24.0615363813774,0.342079311609268,4302.15,-0.540000890018821,0,"Hofmann Forest","Hofmann Forest","Hofmann Forest1",NA
56,35.5607492897168,1.363,1,17.0340480804443,24175.7902287721,0,14.6131048202515,13.0912705258303,0.429973602294922,6.95,3.4309644359925,0,"Hofmann Forest","Hofmann Forest","Hofmann Forest1",NA
57,35.5607492897168,1.363,1,16.7000026702881,20162.2292009034,0,17.43603515625,21.8423180027071,0.431278079748154,4302.15,-0.540000890018821,0,"Hofmann Forest","Hofmann Forest","Hofmann Forest1",NA
58,35.5607492897168,1.363,1,17.1921920776367,24175.7902287721,0,15.5286350250244,10.9170150883324,0.444785535335541,6.95,3.4309644359925,0,"Hofmann Forest","Hofmann Forest","Hofmann Forest1",NA
59,35.5607492897168,1.576,0,17.0254955291748,1581.25608502438,0,15.9087867736816,18.1597033732114,0.423990964889526,4302.15,-0.540000890018821,0,"Hofmann Forest","Hofmann Forest","Hofmann Forest1",NA
60,35.5607492897168,1.363,1,16.8999996185303,24175.7902287721,0,16.6509456634521,15.7530362794441,0.425204932689667,4302.15,-0.540000890018821,0,"Hofmann Forest","Hofmann Forest","Hofmann Forest1",NA
61,35.5607492897168,1.363,1,16.7999992370605,24175.7902287721,0,17.4378509521484,20.4809309281955,0.428839832544327,4302.15,-0.540000890018821,0,"Hofmann Forest","Hofmann Forest","Hofmann Forest1",NA
62,35.5607492897168,1.394375,1,17.222713470459,36409.5581835947,0,14.7160196304321,11.8196265823801,0.413097202777863,6.95,3.4309644359925,0,"Hofmann Forest","Hofmann Forest","Hofmann Forest1",NA
63,35.5607492897168,1.363,1,16.9724597930908,24175.7902287721,0,16.4276504516602,15.6733880429172,0.425336897373199,4302.15,-0.540000890018821,0,"Hofmann Forest","Hofmann Forest","Hofmann Forest1",NA
64,35.5607492897168,1.363,1,17.1319007873535,24175.7902287721,0,13.5568742752075,13.4044650155406,0.334300845861435,6.95,3.4309644359925,0,"Hofmann Forest","Hofmann Forest","Hofmann Forest1",NA
65,35.5607492897168,1.59270833333333,0,17.4289608001709,2591.34188292474,0,15.2056512832642,12.5378700931619,0.413155168294907,4302.15,-0.540000890018821,0,"Hofmann Forest","Hofmann Forest","Hofmann Forest1",NA
66,35.5607492897168,1.363,1,16.7593650817871,24175.7902287721,0,17.3745174407959,21.6500762038057,0.422526985406876,4302.15,-0.540000890018821,0,"Hofmann Forest","Hofmann Forest","Hofmann Forest1",NA
67,35.5607492897168,1.363,1,17,24175.7902287721,0,16.3528442382812,13.4564052256292,0.418190211057663,6.95,3.4309644359925,0,"Hofmann Forest","Hofmann Forest","Hofmann Forest1",NA
68,35.5607492897168,1.44666666666667,1,17.2999992370605,12233.7679548225,0,14.7299633026123,11.1643236010164,0.425269931554794,6.95,3.4309644359925,0,"Hofmann Forest","Hofmann Forest","Hofmann Forest1",NA
69,35.5607492897168,1.363,1,16.8999996185303,24175.7902287721,0,16.436450958252,14.8687567654666,0.4329554438591,4302.15,-0.540000890018821,0,"Hofmann Forest","Hofmann Forest","Hofmann Forest1",NA
70,35.5607492897168,1.363,1,16.8999996185303,24175.7902287721,0,15.9040794372559,17.5164077119406,0.409938246011734,4302.15,-0.540000890018821,0,"Hofmann Forest","Hofmann Forest","Hofmann Forest1",NA
71,35.5607492897168,1.363,1,16.8999996185303,24175.7902287721,0,16.7030467987061,17.0638816667348,0.418053776025772,4302.15,-0.540000890018821,0,"Hofmann Forest","Hofmann Forest","Hofmann Forest1",NA
72,35.5607492897168,1.363,1,16.9475746154785,24175.7902287721,0,16.6004238128662,15.1380024534799,0.423908948898315,4302.15,-0.540000890018821,0,"Hofmann Forest","Hofmann Forest","Hofmann Forest1",NA
73,35.5607492897168,1.576,0,17.3999996185303,1811.7080376601,0,15.6252870559692,13.2306418959052,0.420478731393814,4302.15,-0.540000890018821,0,"Hofmann Forest","Hofmann Forest","Hofmann Forest1",NA
74,35.5607492897168,1.363,1,16.9960861206055,24175.7902287721,0,15.8812646865845,19.0071489003207,0.386122047901154,4302.15,-0.540000890018821,0,"Hofmann Forest","Hofmann Forest","Hofmann Forest1",NA
75,35.5607492897168,1.363,1,16.7012405395508,20162.2292009034,0,17.5304546356201,22.2051669313232,0.435468763113022,4302.15,-0.540000890018821,0,"Hofmann Forest","Hofmann Forest","Hofmann Forest1",NA
76,35.5607492897168,1.41307692307692,1,16.8192501068115,24256.6365422887,0,16.9205703735352,19.8244782158825,0.435129761695862,4302.15,-0.540000890018821,0,"Hofmann Forest","Hofmann Forest","Hofmann Forest1",NA
77,35.5607492897168,1.394375,1,17.0126876831055,24421.8630482167,0,15.6486558914185,15.6356208952008,0.439821541309357,4302.15,-0.540000890018821,0,"Hofmann Forest","Hofmann Forest","Hofmann Forest1",NA
78,35.5607492897168,1.363,1,17.0943126678467,24175.7902287721,0,15.8462257385254,11.3218587882136,0.42266657948494,6.95,3.4309644359925,0,"Hofmann Forest","Hofmann Forest","Hofmann Forest1",NA
79,35.5607492897168,1.363,1,17.0000019073486,24175.7902287721,0,15.3735313415527,12.7353319340406,0.411941915750504,6.95,3.4309644359925,0,"Hofmann Forest","Hofmann Forest","Hofmann Forest1",NA
80,35.5607492897168,1.363,1,16.8999996185303,24175.7902287721,0,16.6313323974609,15.6381067547674,0.427754670381546,4302.15,-0.540000890018821,0,"Hofmann Forest","Hofmann Forest","Hofmann Forest1",NA
81,35.5607492897168,1.363,1,17.0323848724365,24175.7902287721,0,16.1099605560303,12.1355835227598,0.427958309650421,6.95,3.4309644359925,0,"Hofmann Forest","Hofmann Forest","Hofmann Forest1",NA
82,35.5607492897168,1.60464285714286,0,17.2999992370605,1387.31702974886,0,13.3138799667358,10.8706149581981,0.422215223312378,6.95,3.4309644359925,0,"Hofmann Forest","Hofmann Forest","Hofmann Forest1",NA
83,35.5607492897168,1.363,1,16.7999992370605,24175.7902287721,0,17.3531360626221,20.1863256199862,0.427473545074463,4302.15,-0.540000890018821,0,"Hofmann Forest","Hofmann Forest","Hofmann Forest1",NA
84,35.5607492897168,1.363,1,16.8282451629639,44338.0194296756,0,17.1677551269531,20.6920006912648,0.414015382528305,4302.15,-0.540000890018821,0,"Hofmann Forest","Hofmann Forest","Hofmann Forest1",NA
85,35.5607492897168,1.363,1,16.7000007629395,44338.0194296756,0,17.2900619506836,21.3170319994234,0.419509023427963,4302.15,-0.540000890018821,0,"Hofmann Forest","Hofmann Forest","Hofmann Forest1",NA
86,35.5607492897168,1.57769230769231,0,17.3987522125244,5275.19906378166,0,14.2398252487183,14.7209211430568,0.424286693334579,4302.15,-0.540000890018821,0,"Hofmann Forest","Hofmann Forest","Hofmann Forest1",NA
87,35.5607492897168,1.58695652173913,1,17.3978729248047,14892.923850086,0,14.250584602356,12.3877429310695,0.434136897325516,4302.15,-0.540000890018821,0,"Hofmann Forest","Hofmann Forest","Hofmann Forest1",NA
88,35.5607492897168,1.59355555555556,0,17.2999992370605,2574.02214801184,0,14.2263813018799,11.3166300463903,0.409114122390747,6.95,3.4309644359925,0,"Hofmann Forest","Hofmann Forest","Hofmann Forest1",NA
89,35.5607492897168,1.363,1,17.0878791809082,24175.7902287721,0,15.8885192871094,11.1597013985147,0.41410556435585,6.95,3.4309644359925,0,"Hofmann Forest","Hofmann Forest","Hofmann Forest1",NA
90,35.5607492897168,1.363,1,17,24175.7902287721,0,15.598653793335,11.8644917815131,0.427058130502701,6.95,3.4309644359925,0,"Hofmann Forest","Hofmann Forest","Hofmann Forest1",NA
91,35.5607492897168,1.44666666666667,1,17.2999992370605,12233.7679548225,0,15.1411972045898,9.71820781430318,0.420573145151138,6.95,3.4309644359925,0,"Hofmann Forest","Hofmann Forest","Hofmann Forest1",NA
92,35.5607492897168,1.363,1,16.7368679046631,20162.2292009034,0,17.22705078125,21.8826527827678,0.423716872930527,4302.15,-0.540000890018821,0,"Hofmann Forest","Hofmann Forest","Hofmann Forest1",NA
93,35.5607492897168,1.363,1,16.9011459350586,24175.7902287721,0,16.7782077789307,20.6018724896026,0.33094123005867,4302.15,-0.540000890018821,0,"Hofmann Forest","Hofmann Forest","Hofmann Forest1",NA
94,35.5607492897168,1.41307692307692,1,16.8044471740723,23469.8941787215,0,16.5205993652344,24.2542053797778,0.361046224832535,4302.15,-0.540000890018821,0,"Hofmann Forest","Hofmann Forest","Hofmann Forest1",NA
95,35.5607492897168,1.363,1,17,24175.7902287721,0,15.4054594039917,13.2481015295283,0.406573534011841,6.95,3.4309644359925,0,"Hofmann Forest","Hofmann Forest","Hofmann Forest1",NA
96,35.5607492897168,1.576,0,17.0481395721436,1581.25608502438,0,16.1001720428467,17.3818007822325,0.427067548036575,4302.15,-0.540000890018821,0,"Hofmann Forest","Hofmann Forest","Hofmann Forest1",NA
97,35.5607492897168,1.41307692307692,1,17.0022621154785,25318.142857925,0,16.3457183837891,17.6157728714206,0.442931562662125,4302.15,-0.540000890018821,0,"Hofmann Forest","Hofmann Forest","Hofmann Forest1",NA
98,35.5607492897168,1.363,1,16.9999980926514,24175.7902287721,0,14.0814876556396,15.8393432644131,0.403780907392502,6.95,3.4309644359925,0,"Hofmann Forest","Hofmann Forest","Hofmann Forest1",NA
99,35.5607492897168,1.363,1,16.8303527832031,24175.7902287721,0,17.1619148254395,20.2530065829826,0.42158031463623,4302.15,-0.540000890018821,0,"Hofmann Forest","Hofmann Forest","Hofmann Forest1",NA
100,35.5607492897168,1.363,1,17,24175.7902287721,0,15.8709926605225,12.7028352927905,0.418562293052673,6.95,3.4309644359925,0,"Hofmann Forest","Hofmann Forest","Hofmann Forest1",NA
101,35.5607492897168,1.394375,1,17.3236751556396,36409.5581835947,0,14.1451892852783,11.9023254715598,0.395946890115738,6.95,3.4309644359925,0,"Hofmann Forest","Hofmann Forest","Hofmann Forest1",NA
102,35.5607492897168,1.363,1,17,24175.7902287721,0,15.168231010437,12.9298697185228,0.405650019645691,6.95,3.4309644359925,0,"Hofmann Forest","Hofmann Forest","Hofmann Forest1",NA
103,35.5607492897168,1.363,1,16.7999992370605,20162.2292009034,0,16.7933864593506,23.9158694167043,0.400855749845505,4302.15,-0.540000890018821,0,"Hofmann Forest","Hofmann Forest","Hofmann Forest1",NA
104,35.5607492897168,1.363,1,16.8999996185303,24175.7902287721,0,17.2890129089355,21.2292771407263,0.419236868619919,4302.15,-0.540000890018821,0,"Hofmann Forest","Hofmann Forest","Hofmann Forest1",NA
105,35.5607492897168,1.363,1,16.8999996185303,24175.7902287721,0,16.6912498474121,17.2525807173325,0.41716131567955,4302.15,-0.540000890018821,0,"Hofmann Forest","Hofmann Forest","Hofmann Forest1",NA
106,35.5607492897168,1.363,1,17.0913906097412,24175.7902287721,0,15.4859809875488,19.0491243705503,0.392758369445801,4302.15,-0.540000890018821,0,"Hofmann Forest","Hofmann Forest","Hofmann Forest1",NA
107,35.5607492897168,1.45055555555556,1,17.1347064971924,24603.1340979689,0,13.9702606201172,15.7721822660822,0.359356313943863,6.95,3.4309644359925,0,"Hofmann Forest","Hofmann Forest","Hofmann Forest1",NA
108,35.5607492897168,1.363,1,16.8357048034668,20162.2292009034,0,16.7538871765137,23.8622229140909,0.36572203040123,4302.15,-0.540000890018821,0,"Hofmann Forest","Hofmann Forest","Hofmann Forest1",NA
109,35.5607492897168,1.363,1,16.8769493103027,20162.2292009034,0,16.4249019622803,22.5954176506317,0.429587125778198,4302.15,-0.540000890018821,0,"Hofmann Forest","Hofmann Forest","Hofmann Forest1",NA
110,35.5607492897168,1.363,1,16.901798248291,24175.7902287721,0,15.7767066955566,16.0472631083501,0.412434935569763,4302.15,-0.540000890018821,0,"Hofmann Forest","Hofmann Forest","Hofmann Forest1",NA
111,35.5607492897168,1.41307692307692,1,16.7767009735107,23469.8941787215,0,17.1503448486328,22.5220569431481,0.421381860971451,4302.15,-0.540000890018821,0,"Hofmann Forest","Hofmann Forest","Hofmann Forest1",NA
112,35.5607492897168,1.55454545454545,1,16.8906269073486,3631.02410626932,0,17.0378112792969,24.5398208773386,0.402098923921585,4302.15,-0.540000890018821,0,"Hofmann Forest","Hofmann Forest","Hofmann Forest1",NA
113,35.5607492897168,1.363,1,16.8999996185303,24175.7902287721,0,16.4564151763916,14.7039875369499,0.424871623516083,4302.15,-0.540000890018821,0,"Hofmann Forest","Hofmann Forest","Hofmann Forest1",NA
114,35.5607492897168,1.363,1,17.1000003814697,24175.7902287721,0,15.3907871246338,10.4121553046822,0.390424132347107,6.95,3.4309644359925,0,"Hofmann Forest","Hofmann Forest","Hofmann Forest1",NA
115,35.5607492897168,1.363,1,16.9733772277832,24175.7902287721,0,16.3283348083496,13.2232261602511,0.432347118854523,6.95,3.4309644359925,0,"Hofmann Forest","Hofmann Forest","Hofmann Forest1",NA
116,35.5607492897168,1.363,1,16.8999996185303,20162.2292009034,0,16.0251941680908,20.4355654020184,0.359158545732498,4302.15,-0.540000890018821,0,"Hofmann Forest","Hofmann Forest","Hofmann Forest1",NA
117,35.5607492897168,1.46333333333333,1,16.999849319458,23793.2533071727,0,16.3803558349609,24.721129979725,0.409820228815079,4302.15,-0.540000890018821,0,"Hofmann Forest","Hofmann Forest","Hofmann Forest1",NA
118,35.5607492897168,1.394375,1,17.1923942565918,36409.5581835947,0,15.383770942688,10.0090307730892,0.389735907316208,6.95,3.4309644359925,0,"Hofmann Forest","Hofmann Forest","Hofmann Forest1",NA
119,35.5607492897168,1.58944444444444,0,17.4525012969971,4791.51949781288,0,11.752438545227,14.8733723206368,0.358761757612228,4302.15,-0.540000890018821,0,"Hofmann Forest","Hofmann Forest","Hofmann Forest1",NA
120,35.5607492897168,1.363,1,16.8000011444092,24175.7902287721,0,17.4465351104736,19.203818186218,0.412773370742798,4302.15,-0.540000890018821,0,"Hofmann Forest","Hofmann Forest","Hofmann Forest1",NA
121,35.5607492897168,1.59047619047619,0,17.1000003814697,6172.83047615998,0,15.1954164505005,17.4725518672201,0.443629264831543,4302.15,-0.540000890018821,0,"Hofmann Forest","Hofmann Forest","Hofmann Forest1",NA
122,35.5607492897168,1.421875,1,16.7845458984375,20341.3734344337,0,16.9194831848145,23.2034958491182,0.379189819097519,4302.15,-0.540000890018821,0,"Hofmann Forest","Hofmann Forest","Hofmann Forest1",NA
123,35.5607492897168,1.363,1,17,24175.7902287721,0,15.9280242919922,11.6003674323843,0.416282445192337,6.95,3.4309644359925,0,"Hofmann Forest","Hofmann Forest","Hofmann Forest1",NA
124,35.5607492897168,1.55125,0,17.3000011444092,4515.7498296812,0,13.3480062484741,14.4260329316094,0.409674614667892,4302.15,-0.540000890018821,0,"Hofmann Forest","Hofmann Forest","Hofmann Forest1",NA
125,35.5607492897168,1.363,1,16.7999992370605,20162.2292009034,0,17.5864486694336,21.8462862355013,0.413100242614746,4302.15,-0.540000890018821,0,"Hofmann Forest","Hofmann Forest","Hofmann Forest1",NA
126,35.5607492897168,1.363,1,16.9170055389404,24175.7902287721,0,16.2211780548096,15.3472654546425,0.438550025224686,4302.15,-0.540000890018821,0,"Hofmann Forest","Hofmann Forest","Hofmann Forest1",NA
127,35.5607492897168,1.363,1,16.7000007629395,20162.2292009034,0,17.3625164031982,21.496918249859,0.427764475345612,4302.15,-0.540000890018821,0,"Hofmann Forest","Hofmann Forest","Hofmann Forest1",NA
128,35.5607492897168,1.363,1,17.100923538208,24175.7902287721,0,14.0348129272461,12.5633637346175,0.341357558965683,6.95,3.4309644359925,0,"Hofmann Forest","Hofmann Forest","Hofmann Forest1",NA
129,35.5607492897168,1.363,1,16.9113273620605,24175.7902287721,0,16.5738487243652,15.2425790114494,0.42435148358345,4302.15,-0.540000890018821,0,"Hofmann Forest","Hofmann Forest","Hofmann Forest1",NA
130,35.5607492897168,1.394375,1,16.9524040222168,25957.0487572377,0,16.6559028625488,20.9378219274317,0.368295609951019,4302.15,-0.540000890018821,0,"Hofmann Forest","Hofmann Forest","Hofmann Forest1",NA
131,35.5607492897168,1.59552631578947,0,17.3999996185303,1896.84178491175,0,15.741771697998,13.0890112564131,0.408446490764618,4302.15,-0.540000890018821,0,"Hofmann Forest","Hofmann Forest","Hofmann Forest1",NA
132,35.5607492897168,1.394375,1,17,24490.0857646151,0,14.4412832260132,16.5001875889823,0.395292162895203,4302.15,-0.540000890018821,0,"Hofmann Forest","Hofmann Forest","Hofmann Forest1",NA
133,35.5607492897168,1.363,1,16.9472618103027,24175.7902287721,0,16.534236907959,21.2974376100899,0.316751331090927,4302.15,-0.540000890018821,0,"Hofmann Forest","Hofmann Forest","Hofmann Forest1",NA
134,35.5607492897168,1.363,1,16.8999996185303,24175.7902287721,0,16.6474094390869,19.5318076559403,0.420493364334106,4302.15,-0.540000890018821,0,"Hofmann Forest","Hofmann Forest","Hofmann Forest1",NA
135,35.5607492897168,1.363,1,17,24175.7902287721,0,16.2423572540283,14.1010663759605,0.429133683443069,6.95,3.4309644359925,0,"Hofmann Forest","Hofmann Forest","Hofmann Forest1",NA
136,35.5607492897168,1.363,1,16.7881889343262,20162.2292009034,0,17.4217834472656,22.6624397618889,0.415912985801697,4302.15,-0.540000890018821,0,"Hofmann Forest","Hofmann Forest","Hofmann Forest1",NA
137,35.5607492897168,1.363,1,17.1117897033691,24175.7902287721,0,15.2277908325195,12.5896315055523,0.413102060556412,6.95,3.4309644359925,0,"Hofmann Forest","Hofmann Forest","Hofmann Forest1",NA
138,35.5607492897168,1.5472,1,17.0701675415039,712.008634611776,0,15.6110887527466,16.0121171760828,0.439243644475937,4302.15,-0.540000890018821,0,"Hofmann Forest","Hofmann Forest","Hofmann Forest1",NA
139,35.5607492897168,1.363,1,16.8999996185303,24175.7902287721,0,16.3758850097656,17.0602710291037,0.43409526348114,4302.15,-0.540000890018821,0,"Hofmann Forest","Hofmann Forest","Hofmann Forest1",NA
140,35.5607492897168,1.576,0,17.3999328613281,1811.7080376601,0,15.6248388290405,13.4380472840247,0.400393009185791,4302.15,-0.540000890018821,0,"Hofmann Forest","Hofmann Forest","Hofmann Forest1",NA
141,35.5607492897168,1.363,1,16.7140769958496,20162.2292009034,0,17.4731330871582,22.5397608492062,0.430072367191315,4302.15,-0.540000890018821,0,"Hofmann Forest","Hofmann Forest","Hofmann Forest1",NA
142,35.5607492897168,1.363,1,17.1006240844727,24175.7902287721,0,15.9527988433838,13.5518759042639,0.387574732303619,4302.15,-0.540000890018821,0,"Hofmann Forest","Hofmann Forest","Hofmann Forest1",NA
143,35.5607492897168,1.61714285714286,0,17.3912754058838,821.131818188699,0,15.5518865585327,15.2411264650841,0.384605705738068,4302.15,-0.540000890018821,0,"Hofmann Forest","Hofmann Forest","Hofmann Forest1",NA
144,35.5607492897168,1.44666666666667,1,17.2999992370605,12233.7679548225,0,15.5001344680786,11.9806213071332,0.408886849880219,6.95,3.4309644359925,0,"Hofmann Forest","Hofmann Forest","Hofmann Forest1",NA
145,35.5607492897168,1.363,1,17.1000003814697,24175.7902287721,0,13.9265775680542,13.629222024705,0.425228357315063,6.95,3.4309644359925,0,"Hofmann Forest","Hofmann Forest","Hofmann Forest1",NA
146,35.5607492897168,1.363,1,17.3665657043457,24175.7902287721,0,13.9721822738647,12.0980512186222,0.356068193912506,6.95,3.4309644359925,0,"Hofmann Forest","Hofmann Forest","Hofmann Forest1",NA
147,35.5607492897168,1.363,1,16.872013092041,44338.0194296756,0,16.8663711547852,20.5534665535641,0.417596161365509,4302.15,-0.540000890018821,0,"Hofmann Forest","Hofmann Forest","Hofmann Forest1",NA
148,35.5607492897168,1.59375,0,17.2999992370605,4654.72076149093,0,13.6217479705811,14.4203032752486,0.445136666297913,4302.15,-0.540000890018821,0,"Hofmann Forest","Hofmann Forest","Hofmann Forest1",NA
149,35.5607492897168,1.363,1,16.8075275421143,24175.7902287721,0,16.701732635498,16.2037675319591,0.42239174246788,4302.15,-0.540000890018821,0,"Hofmann Forest","Hofmann Forest","Hofmann Forest1",NA
150,35.5607492897168,1.394375,1,17.316780090332,36409.5581835947,0,15.1643104553223,9.92174585381671,0.41284054517746,6.95,3.4309644359925,0,"Hofmann Forest","Hofmann Forest","Hofmann Forest1",NA
151,35.5607492897168,1.363,1,17.0174903869629,24175.7902287721,0,15.4973192214966,12.3094772606549,0.413183599710464,6.95,3.4309644359925,0,"Hofmann Forest","Hofmann Forest","Hofmann Forest1",NA
152,35.5607492897168,1.363,1,16.9999980926514,24175.7902287721,0,15.8643913269043,13.0192430331007,0.431132912635803,6.95,3.4309644359925,0,"Hofmann Forest","Hofmann Forest","Hofmann Forest1",NA
153,35.5607492897168,1.363,1,16.8999996185303,24175.7902287721,0,16.7784900665283,19.0854736856237,0.417934358119965,4302.15,-0.540000890018821,0,"Hofmann Forest","Hofmann Forest","Hofmann Forest1",NA
154,35.5607492897168,1.363,1,16.7108821868896,20162.2292009034,0,17.4144420623779,22.9855415154648,0.416760057210922,4302.15,-0.540000890018821,0,"Hofmann Forest","Hofmann Forest","Hofmann Forest1",NA
155,35.5607492897168,1.363,1,16.8999996185303,24175.7902287721,0,16.4340267181396,13.6409126016614,0.4155133664608,6.95,3.4309644359925,0,"Hofmann Forest","Hofmann Forest","Hofmann Forest1",NA
156,35.5607492897168,1.41307692307692,1,16.9192848205566,24573.5341335022,0,15.1451683044434,14.6226254300516,0.42542627453804,6.95,3.4309644359925,0,"Hofmann Forest","Hofmann Forest","Hofmann Forest1",NA
157,35.5607492897168,1.363,1,17,24175.7902287721,0,15.8863925933838,12.2504187066189,0.407915771007538,6.95,3.4309644359925,0,"Hofmann Forest","Hofmann Forest","Hofmann Forest1",NA
158,35.5607492897168,1.363,1,16.9944610595703,24175.7902287721,0,16.0632953643799,14.0543128011227,0.429227769374847,4302.15,-0.540000890018821,0,"Hofmann Forest","Hofmann Forest","Hofmann Forest1",NA
159,35.5607492897168,1.61714285714286,0,17.4079837799072,821.131818188699,0,15.3290796279907,15.1923106920215,0.409359395503998,4302.15,-0.540000890018821,0,"Hofmann Forest","Hofmann Forest","Hofmann Forest1",NA
160,35.5607492897168,1.543125,1,17.3999996185303,39000.9000665194,0,15.4574365615845,12.7492775707922,0.416708558797836,4302.15,-0.540000890018821,0,"Hofmann Forest","Hofmann Forest","Hofmann Forest1",NA
161,35.5607492897168,1.363,1,17.1000003814697,20162.2292009034,0,15.8340635299683,22.3612786253405,0.393404334783554,4302.15,-0.540000890018821,0,"Hofmann Forest","Hofmann Forest","Hofmann Forest1",NA
162,35.5607492897168,1.363,1,16.7000026702881,44338.0194296756,0,17.2695751190186,21.0306537047777,0.433955162763596,4302.15,-0.540000890018821,0,"Hofmann Forest","Hofmann Forest","Hofmann Forest1",NA
163,35.5607492897168,1.363,1,16.8937587738037,24175.7902287721,0,16.876350402832,17.7828695134229,0.418300271034241,4302.15,-0.540000890018821,0,"Hofmann Forest","Hofmann Forest","Hofmann Forest1",NA
164,35.5607492897168,1.363,1,16.8834762573242,20162.2292009034,0,16.749059677124,23.2899185743398,0.412678420543671,4302.15,-0.540000890018821,0,"Hofmann Forest","Hofmann Forest","Hofmann Forest1",NA
165,35.5607492897168,1.363,1,17,24175.7902287721,0,14.6965179443359,16.1868836906133,0.408440619707108,4302.15,-0.540000890018821,0,"Hofmann Forest","Hofmann Forest","Hofmann Forest1",NA
166,35.5607492897168,1.363,1,16.8360004425049,24175.7902287721,0,16.8271903991699,18.462898746921,0.417474240064621,4302.15,-0.540000890018821,0,"Hofmann Forest","Hofmann Forest","Hofmann Forest1",NA
167,35.5607492897168,1.363,1,16.8151206970215,24175.7902287721,0,16.665864944458,16.1774556764329,0.427110373973846,4302.15,-0.540000890018821,0,"Hofmann Forest","Hofmann Forest","Hofmann Forest1",NA
168,35.5607492897168,1.363,1,16.8485069274902,24175.7902287721,0,16.7780895233154,17.1220008864038,0.433408051729202,4302.15,-0.540000890018821,0,"Hofmann Forest","Hofmann Forest","Hofmann Forest1",NA
169,35.5607492897168,1.576,0,17.198522567749,1581.25608502438,0,16.0779075622559,17.6315891787656,0.423903286457062,4302.15,-0.540000890018821,0,"Hofmann Forest","Hofmann Forest","Hofmann Forest1",NA
170,35.5607492897168,1.363,1,17,24175.7902287721,0,15.3224496841431,13.1440677016439,0.395914375782013,6.95,3.4309644359925,0,"Hofmann Forest","Hofmann Forest","Hofmann Forest1",NA
171,35.5607492897168,1.59355555555556,0,17.3538055419922,2574.02214801184,0,14.312294960022,10.6744395699227,0.402926534414291,6.95,3.4309644359925,0,"Hofmann Forest","Hofmann Forest","Hofmann Forest1",NA
172,35.5607492897168,1.538,0,16.9020671844482,5417.53325997317,0,16.3107452392578,23.9554607815838,0.411934167146683,4302.15,-0.540000890018821,0,"Hofmann Forest","Hofmann Forest","Hofmann Forest1",NA
173,35.5607492897168,1.363,1,16.8999996185303,24175.7902287721,0,16.733922958374,17.4867979326351,0.409847885370255,4302.15,-0.540000890018821,0,"Hofmann Forest","Hofmann Forest","Hofmann Forest1",NA
174,35.5607492897168,1.363,1,16.8999996185303,24175.7902287721,0,16.6589469909668,15.9874333133815,0.423140347003937,4302.15,-0.540000890018821,0,"Hofmann Forest","Hofmann Forest","Hofmann Forest1",NA
175,35.5607492897168,1.363,1,16.8999996185303,24175.7902287721,0,16.605978012085,18.7472466854345,0.421796649694443,4302.15,-0.540000890018821,0,"Hofmann Forest","Hofmann Forest","Hofmann Forest1",NA
176,35.5607492897168,1.363,1,16.7999992370605,24175.7902287721,0,16.8585376739502,18.1594783973681,0.4247967004776,4302.15,-0.540000890018821,0,"Hofmann Forest","Hofmann Forest","Hofmann Forest1",NA
177,35.5607492897168,1.363,1,17,24175.7902287721,0,16.4220314025879,14.2845487720792,0.432285934686661,4302.15,-0.540000890018821,0,"Hofmann Forest","Hofmann Forest","Hofmann Forest1",NA
178,35.5607492897168,1.576,0,17.0508804321289,1581.25608502438,0,16.4181613922119,18.8862117840559,0.413309901952744,4302.15,-0.540000890018821,0,"Hofmann Forest","Hofmann Forest","Hofmann Forest1",NA
179,35.5607492897168,1.58,0,17.3611660003662,625.002919397116,0,15.5920743942261,13.5656444783173,0.424810022115707,4302.15,-0.540000890018821,0,"Hofmann Forest","Hofmann Forest","Hofmann Forest1",NA
180,35.5607492897168,1.363,1,16.7999992370605,24175.7902287721,0,17.348913192749,19.5056692162008,0.437047004699707,4302.15,-0.540000890018821,0,"Hofmann Forest","Hofmann Forest","Hofmann Forest1",NA
181,35.5607492897168,1.46764705882353,1,17.2665348052979,24996.9220469608,0,15.5808620452881,15.1194663994942,0.391557157039642,4302.15,-0.540000890018821,0,"Hofmann Forest","Hofmann Forest","Hofmann Forest1",NA
182,35.5607492897168,1.363,1,16.7999992370605,24175.7902287721,0,16.7263984680176,19.5989575932491,0.441802620887756,4302.15,-0.540000890018821,0,"Hofmann Forest","Hofmann Forest","Hofmann Forest1",NA
183,35.5607492897168,1.363,1,16.8999996185303,24175.7902287721,0,16.8547458648682,20.3163598708557,0.368178725242615,4302.15,-0.540000890018821,0,"Hofmann Forest","Hofmann Forest","Hofmann Forest1",NA
184,35.5607492897168,1.363,1,17.123628616333,24175.7902287721,0,13.655216217041,14.0625834321034,0.391490966081619,6.95,3.4309644359925,0,"Hofmann Forest","Hofmann Forest","Hofmann Forest1",NA
185,35.5607492897168,1.363,1,16.7000007629395,44338.0194296756,0,17.423942565918,22.1042856480883,0.421832352876663,4302.15,-0.540000890018821,0,"Hofmann Forest","Hofmann Forest","Hofmann Forest1",NA
186,35.5607492897168,1.363,1,17,24175.7902287721,0,15.8893032073975,12.5289394190176,0.417999982833862,6.95,3.4309644359925,0,"Hofmann Forest","Hofmann Forest","Hofmann Forest1",NA
187,35.5607492897168,1.363,1,17.0295925140381,24175.7902287721,0,16.2500457763672,13.1921126152607,0.425043344497681,4302.15,-0.540000890018821,0,"Hofmann Forest","Hofmann Forest","Hofmann Forest1",NA
188,35.5607492897168,1.363,1,16.8999996185303,24175.7902287721,0,16.4866180419922,17.9046501571119,0.424890756607056,4302.15,-0.540000890018821,0,"Hofmann Forest","Hofmann Forest","Hofmann Forest1",NA
189,35.5607492897168,1.394375,1,17.2578468322754,36409.5581835947,0,15.2815837860107,10.1394284421973,0.402145534753799,6.95,3.4309644359925,0,"Hofmann Forest","Hofmann Forest","Hofmann Forest1",NA
190,35.5607492897168,1.363,1,16.8000240325928,20162.2292009034,0,16.6871280670166,23.7842295447495,0.274311155080795,4302.15,-0.540000890018821,0,"Hofmann Forest","Hofmann Forest","Hofmann Forest1",NA
191,35.5607492897168,1.394375,1,17.2153472900391,36409.5581835947,0,15.9628705978394,12.1829339828616,0.422049880027771,6.95,3.4309644359925,0,"Hofmann Forest","Hofmann Forest","Hofmann Forest1",NA
192,35.5607492897168,1.363,1,16.8242664337158,20162.2292009034,0,16.9165573120117,21.5970204136859,0.424318701028824,4302.15,-0.540000890018821,0,"Hofmann Forest","Hofmann Forest","Hofmann Forest1",NA
193,35.5607492897168,1.363,1,17.0439643859863,24175.7902287721,0,14.1085577011108,13.8522424027889,0.452025294303894,6.95,3.4309644359925,0,"Hofmann Forest","Hofmann Forest","Hofmann Forest1",NA
194,35.5607492897168,1.394375,1,16.9003257751465,24421.8630482167,0,16.5286026000977,16.3715794498006,0.421889424324036,4302.15,-0.540000890018821,0,"Hofmann Forest","Hofmann Forest","Hofmann Forest1",NA
195,35.5607492897168,1.41307692307692,1,16.7999992370605,23469.8941787215,0,16.4927577972412,24.1269422726765,0.428333252668381,4302.15,-0.540000890018821,0,"Hofmann Forest","Hofmann Forest","Hofmann Forest1",NA
196,35.5607492897168,1.363,1,16.9036273956299,24175.7902287721,0,16.644926071167,15.3168488482959,0.423055320978165,4302.15,-0.540000890018821,0,"Hofmann Forest","Hofmann Forest","Hofmann Forest1",NA
197,35.5607492897168,1.363,1,16.8999996185303,24175.7902287721,0,16.1220664978027,16.3413979997451,0.437444150447845,4302.15,-0.540000890018821,0,"Hofmann Forest","Hofmann Forest","Hofmann Forest1",NA
198,35.5607492897168,1.363,1,17,24175.7902287721,0,15.3221120834351,13.7380819343421,0.402246713638306,6.95,3.4309644359925,0,"Hofmann Forest","Hofmann Forest","Hofmann Forest1",NA
199,35.5607492897168,1.363,1,17,24175.7902287721,0,14.4670600891113,14.5126498994404,0.441815257072449,6.95,3.4309644359925,0,"Hofmann Forest","Hofmann Forest","Hofmann Forest1",NA
200,35.5607492897168,1.41307692307692,1,16.8250999450684,47970.8498697163,0,17.1909198760986,22.0574005048088,0.412776857614517,4302.15,-0.540000890018821,0,"Hofmann Forest","Hofmann Forest","Hofmann Forest1",NA
201,35.5607492897168,1.394375,1,17.2867603302002,36409.5581835947,0,15.0098781585693,11.2368499375449,0.420945584774017,6.95,3.4309644359925,0,"Hofmann Forest","Hofmann Forest","Hofmann Forest1",NA
202,35.5607492897168,1.44684210526316,1,16.8575572967529,23649.0384122518,0,16.8043842315674,24.1913114999792,0.39575058221817,4302.15,-0.540000890018821,0,"Hofmann Forest","Hofmann Forest","Hofmann Forest1",NA
203,35.5607492897168,1.363,1,16.8999996185303,24175.7902287721,0,16.5935211181641,15.2453219815871,0.421830415725708,4302.15,-0.540000890018821,0,"Hofmann Forest","Hofmann Forest","Hofmann Forest1",NA
204,35.5607492897168,1.363,1,16.8283309936523,24175.7902287721,0,16.9152450561523,19.6956402959906,0.404180020093918,4302.15,-0.540000890018821,0,"Hofmann Forest","Hofmann Forest","Hofmann Forest1",NA
205,35.5607492897168,1.394375,1,17.1459808349609,36409.5581835947,0,15.6072130203247,12.7662740853449,0.429463416337967,4302.15,-0.540000890018821,0,"Hofmann Forest","Hofmann Forest","Hofmann Forest1",NA
206,35.5607492897168,1.54173913043478,1,17.0970554351807,684.976275316146,0,15.2132921218872,15.4549608832593,0.437684416770935,4302.15,-0.540000890018821,0,"Hofmann Forest","Hofmann Forest","Hofmann Forest1",NA
207,35.5607492897168,1.363,1,16.7999992370605,24175.7902287721,0,17.3557319641113,19.5935910614875,0.432078838348389,4302.15,-0.540000890018821,0,"Hofmann Forest","Hofmann Forest","Hofmann Forest1",NA
208,35.5607492897168,1.363,1,16.7999992370605,24175.7902287721,0,17.0027980804443,18.727649171518,0.418189615011215,4302.15,-0.540000890018821,0,"Hofmann Forest","Hofmann Forest","Hofmann Forest1",NA
209,35.5607492897168,1.363,1,17,24175.7902287721,0,16.3797225952148,12.9764210832219,0.427851021289825,6.95,3.4309644359925,0,"Hofmann Forest","Hofmann Forest","Hofmann Forest1",NA
210,35.5607492897168,1.363,1,16.8526210784912,24175.7902287721,0,16.893087387085,17.8173461568153,0.430107355117798,4302.15,-0.540000890018821,0,"Hofmann Forest","Hofmann Forest","Hofmann Forest1",NA
211,35.5607492897168,1.363,1,16.864444732666,24175.7902287721,0,16.987886428833,19.8039044971152,0.408210903406143,4302.15,-0.540000890018821,0,"Hofmann Forest","Hofmann Forest","Hofmann Forest1",NA
212,35.5607492897168,1.41307692307692,1,16.9424266815186,23469.8941787215,0,16.443962097168,23.2063509286775,0.422524571418762,4302.15,-0.540000890018821,0,"Hofmann Forest","Hofmann Forest","Hofmann Forest1",NA
213,35.5607492897168,1.58,0,17,325.165462222684,0,16.6189727783203,22.381562942172,0.420948624610901,4302.15,-0.540000890018821,0,"Hofmann Forest","Hofmann Forest","Hofmann Forest1",NA
214,35.5607492897168,1.58,0,16.8592338562012,3307.66497781808,0,16.3481731414795,24.1567651337572,0.436131685972214,4302.15,-0.540000890018821,0,"Hofmann Forest","Hofmann Forest","Hofmann Forest1",NA
215,35.5607492897168,1.363,1,16.9772510528564,24175.7902287721,0,15.3678646087646,16.9263707782195,0.404366314411163,4302.15,-0.540000890018821,0,"Hofmann Forest","Hofmann Forest","Hofmann Forest1",NA
216,35.5607492897168,1.363,1,17,24175.7902287721,0,15.384181022644,13.5281005872887,0.416086465120316,6.95,3.4309644359925,0,"Hofmann Forest","Hofmann Forest","Hofmann Forest1",NA
217,35.5607492897168,1.363,1,16.8806076049805,24175.7902287721,0,16.926887512207,17.2038387881093,0.416535824537277,4302.15,-0.540000890018821,0,"Hofmann Forest","Hofmann Forest","Hofmann Forest1",NA
218,35.5607492897168,1.394375,1,17.3999996185303,36409.5581835947,0,13.9942617416382,11.5681551029639,0.424342721700668,6.95,3.4309644359925,0,"Hofmann Forest","Hofmann Forest","Hofmann Forest1",NA
219,35.5607492897168,1.363,1,17.0991115570068,24175.7902287721,0,13.7484159469604,15.0144603837005,0.388485848903656,6.95,3.4309644359925,0,"Hofmann Forest","Hofmann Forest","Hofmann Forest1",NA
220,35.5607492897168,1.58235294117647,0,17.1099739074707,5070.0934742136,0,14.9474115371704,16.7689792350654,0.41261300444603,4302.15,-0.540000890018821,0,"Hofmann Forest","Hofmann Forest","Hofmann Forest1",NA
221,35.5607492897168,1.363,1,17.0030765533447,24175.7902287721,0,16.2602062225342,12.5620101544374,0.45692977309227,6.95,3.4309644359925,0,"Hofmann Forest","Hofmann Forest","Hofmann Forest1",NA
222,35.5607492897168,1.363,1,16.8999996185303,24175.7902287721,0,16.3341064453125,17.6462615455733,0.437389880418777,4302.15,-0.540000890018821,0,"Hofmann Forest","Hofmann Forest","Hofmann Forest1",NA
223,35.5607492897168,1.363,1,16.8623447418213,24175.7902287721,0,16.9361686706543,19.2283108657419,0.420865058898926,4302.15,-0.540000890018821,0,"Hofmann Forest","Hofmann Forest","Hofmann Forest1",NA
224,35.5607492897168,1.363,1,16.9190196990967,24175.7902287721,0,15.437014579773,15.5744193037483,0.417098999023438,4302.15,-0.540000890018821,0,"Hofmann Forest","Hofmann Forest","Hofmann Forest1",NA
225,35.5607492897168,1.363,1,16.8131866455078,24175.7902287721,0,17.0340843200684,18.7109645683993,0.417902588844299,4302.15,-0.540000890018821,0,"Hofmann Forest","Hofmann Forest","Hofmann Forest1",NA
226,35.5607492897168,1.363,1,17.1096534729004,24175.7902287721,0,13.7883243560791,13.139197964069,0.318073958158493,6.95,3.4309644359925,0,"Hofmann Forest","Hofmann Forest","Hofmann Forest1",NA
227,35.5607492897168,1.363,1,17.1000003814697,24175.7902287721,0,13.4418172836304,13.7860006347716,0.376934200525284,6.95,3.4309644359925,0,"Hofmann Forest","Hofmann Forest","Hofmann Forest1",NA
228,35.5607492897168,1.41307692307692,1,17,24573.5341335022,0,14.9613952636719,14.3553597348736,0.444006204605103,6.95,3.4309644359925,0,"Hofmann Forest","Hofmann Forest","Hofmann Forest1",NA
229,35.5607492897168,1.363,1,16.7999992370605,24175.7902287721,0,16.8079414367676,17.2148142678934,0.414733916521072,4302.15,-0.540000890018821,0,"Hofmann Forest","Hofmann Forest","Hofmann Forest1",NA
230,35.5607492897168,1.363,1,17,24175.7902287721,0,16.3400554656982,12.8170480531773,0.424201786518097,6.95,3.4309644359925,0,"Hofmann Forest","Hofmann Forest","Hofmann Forest1",NA
231,35.5607492897168,1.363,1,17.0998935699463,24175.7902287721,0,14.7539024353027,12.6699566344908,0.424510538578033,6.95,3.4309644359925,0,"Hofmann Forest","Hofmann Forest","Hofmann Forest1",NA
232,35.5607492897168,1.363,1,16.815013885498,24175.7902287721,0,16.9168872833252,18.9541203672611,0.418830573558807,4302.15,-0.540000890018821,0,"Hofmann Forest","Hofmann Forest","Hofmann Forest1",NA
233,35.5607492897168,1.55071428571429,1,17.1000003814697,1854.3612637646,0,15.9991960525513,16.3512115140524,0.43125855922699,4302.15,-0.540000890018821,0,"Hofmann Forest","Hofmann Forest","Hofmann Forest1",NA
234,35.5607492897168,1.44666666666667,1,17.3675518035889,12233.7679548225,0,14.4004058837891,11.3644515816504,0.42017126083374,6.95,3.4309644359925,0,"Hofmann Forest","Hofmann Forest","Hofmann Forest1",NA
235,35.5607492897168,1.363,1,16.926326751709,24175.7902287721,0,16.6697330474854,17.2469023453398,0.435019254684448,4302.15,-0.540000890018821,0,"Hofmann Forest","Hofmann Forest","Hofmann Forest1",NA
236,35.5607492897168,1.363,1,16.926082611084,24175.7902287721,0,16.5962696075439,19.4775017931626,0.410288035869598,4302.15,-0.540000890018821,0,"Hofmann Forest","Hofmann Forest","Hofmann Forest1",NA
237,35.5607492897168,1.363,1,16.7999992370605,24175.7902287721,0,17.0453796386719,18.3218072166098,0.423100829124451,4302.15,-0.540000890018821,0,"Hofmann Forest","Hofmann Forest","Hofmann Forest1",NA
238,35.5607492897168,1.363,1,16.8835411071777,20162.2292009034,0,16.8206996917725,24.0952883736784,0.401999413967133,4302.15,-0.540000890018821,0,"Hofmann Forest","Hofmann Forest","Hofmann Forest1",NA
239,35.5607492897168,1.363,1,16.8999996185303,24175.7902287721,0,16.4188785552979,15.4051018173756,0.455551028251648,4302.15,-0.540000890018821,0,"Hofmann Forest","Hofmann Forest","Hofmann Forest1",NA
240,35.5607492897168,1.363,1,16.9000015258789,24175.7902287721,0,15.7482080459595,15.571132470045,0.416141390800476,4302.15,-0.540000890018821,0,"Hofmann Forest","Hofmann Forest","Hofmann Forest1",NA
241,35.5607492897168,1.363,1,17.063138961792,24175.7902287721,0,15.6270084381104,10.7973557472449,0.426386296749115,6.95,3.4309644359925,0,"Hofmann Forest","Hofmann Forest","Hofmann Forest1",NA
242,35.5607492897168,1.42368421052632,1,17.1937389373779,25046.8659676139,0,15.3585987091064,14.9956887908746,0.427619755268097,4302.15,-0.540000890018821,0,"Hofmann Forest","Hofmann Forest","Hofmann Forest1",NA
243,35.5607492897168,1.363,1,17.0786609649658,24175.7902287721,0,14.0088968276978,13.7995107525516,0.463263124227524,6.95,3.4309644359925,0,"Hofmann Forest","Hofmann Forest","Hofmann Forest1",NA
244,35.5607492897168,1.363,1,16.9999885559082,24175.7902287721,0,16.5016098022461,14.8820586661511,0.428953588008881,4302.15,-0.540000890018821,0,"Hofmann Forest","Hofmann Forest","Hofmann Forest1",NA
245,35.5607492897168,1.41307692307692,1,17.0989875793457,24573.5341335022,0,14.0682706832886,15.255912520978,0.412874341011047,6.95,3.4309644359925,0,"Hofmann Forest","Hofmann Forest","Hofmann Forest1",NA
246,35.5607492897168,1.363,1,16.9502086639404,24175.7902287721,0,16.4849433898926,14.1224508562514,0.417575716972351,6.95,3.4309644359925,0,"Hofmann Forest","Hofmann Forest","Hofmann Forest1",NA
247,35.5607492897168,1.363,1,16.8999996185303,24175.7902287721,0,16.7275142669678,16.5484352420496,0.423828393220901,4302.15,-0.540000890018821,0,"Hofmann Forest","Hofmann Forest","Hofmann Forest1",NA
248,35.5607492897168,1.363,1,17,24175.7902287721,0,15.7595720291138,12.8685568637919,0.437630981206894,6.95,3.4309644359925,0,"Hofmann Forest","Hofmann Forest","Hofmann Forest1",NA
249,35.5607492897168,1.363,1,17.1000003814697,24175.7902287721,0,15.7268447875977,12.9114487192263,0.421531081199646,4302.15,-0.540000890018821,0,"Hofmann Forest","Hofmann Forest","Hofmann Forest1",NA
250,35.5607492897168,1.44142857142857,1,16.9863262176514,25591.2480366652,0,16.4283885955811,16.5920495994999,0.440410733222961,4302.15,-0.540000890018821,0,"Hofmann Forest","Hofmann Forest","Hofmann Forest1",NA
251,35.5607492897168,1.363,1,17.0000095367432,24175.7902287721,0,14.2853012084961,14.5061303330763,0.418566972017288,6.95,3.4309644359925,0,"Hofmann Forest","Hofmann Forest","Hofmann Forest1",NA
252,35.5607492897168,1.363,1,16.8999996185303,24175.7902287721,0,16.4186744689941,14.5523737147132,0.443143129348755,4302.15,-0.540000890018821,0,"Hofmann Forest","Hofmann Forest","Hofmann Forest1",NA
253,35.5607492897168,1.55714285714286,0,16.9826011657715,3344.9835454271,0,16.2498245239258,23.4732614158435,0.416175097227097,4302.15,-0.540000890018821,0,"Hofmann Forest","Hofmann Forest","Hofmann Forest1",NA
254,35.5607492897168,1.363,1,17,24175.7902287721,0,14.7309837341309,14.0691725479432,0.415353745222092,6.95,3.4309644359925,0,"Hofmann Forest","Hofmann Forest","Hofmann Forest1",NA
255,35.5607492897168,1.363,1,16.8047924041748,24175.7902287721,0,17.5220947265625,21.0807083297372,0.420512169599533,4302.15,-0.540000890018821,0,"Hofmann Forest","Hofmann Forest","Hofmann Forest1",NA
256,35.5607492897168,1.363,1,16.7999992370605,20162.2292009034,0,16.8512649536133,23.6373499648501,0.401675850152969,4302.15,-0.540000890018821,0,"Hofmann Forest","Hofmann Forest","Hofmann Forest1",NA
257,35.5607492897168,1.363,1,16.9979705810547,24175.7902287721,0,16.1221351623535,14.3245269033667,0.430232524871826,6.95,3.4309644359925,0,"Hofmann Forest","Hofmann Forest","Hofmann Forest1",NA
258,35.5607492897168,1.363,1,16.8999996185303,20162.2292009034,0,16.2584953308105,21.5752220085209,0.451371937990189,4302.15,-0.540000890018821,0,"Hofmann Forest","Hofmann Forest","Hofmann Forest1",NA
259,35.5607492897168,1.363,1,16.8999996185303,24175.7902287721,0,16.5187244415283,15.7398882286882,0.445480972528458,4302.15,-0.540000890018821,0,"Hofmann Forest","Hofmann Forest","Hofmann Forest1",NA
260,35.5607492897168,1.363,1,17.0090999603271,24175.7902287721,0,16.2825679779053,12.5308850609101,0.435577809810638,6.95,3.4309644359925,0,"Hofmann Forest","Hofmann Forest","Hofmann Forest1",NA
261,35.5607492897168,1.54173913043478,1,17.2999992370605,13420.4730730855,0,15.3996524810791,12.011398480489,0.358739405870438,6.95,3.4309644359925,0,"Hofmann Forest","Hofmann Forest","Hofmann Forest1",NA
262,35.5607492897168,1.394375,1,16.986930847168,24421.8630482167,0,16.318380355835,15.9225777661965,0.439214766025543,4302.15,-0.540000890018821,0,"Hofmann Forest","Hofmann Forest","Hofmann Forest1",NA
263,35.5607492897168,1.363,1,16.9452476501465,24175.7902287721,0,15.3219203948975,14.7860877554757,0.434077858924866,6.95,3.4309644359925,0,"Hofmann Forest","Hofmann Forest","Hofmann Forest1",NA
264,35.5607492897168,1.41307692307692,1,17.0748386383057,25318.142857925,0,16.4355583190918,16.9560091829186,0.468760818243027,4302.15,-0.540000890018821,0,"Hofmann Forest","Hofmann Forest","Hofmann Forest1",NA
265,35.5607492897168,1.363,1,16.9303016662598,24175.7902287721,0,15.359091758728,15.172999209916,0.433093100786209,6.95,3.4309644359925,0,"Hofmann Forest","Hofmann Forest","Hofmann Forest1",NA
266,35.5607492897168,1.363,1,16.9164733886719,24175.7902287721,0,16.4502830505371,15.4324626896138,0.423994690179825,4302.15,-0.540000890018821,0,"Hofmann Forest","Hofmann Forest","Hofmann Forest1",NA
267,35.5607492897168,1.48757575757576,1,17.2081661224365,36565.0102876017,0,15.2680549621582,10.8524762836443,0.417237937450409,6.95,3.4309644359925,0,"Hofmann Forest","Hofmann Forest","Hofmann Forest1",NA
268,35.5607492897168,1.363,1,16.7000007629395,20162.2292009034,0,16.9235935211182,22.010947484089,0.42284968495369,4302.15,-0.540000890018821,0,"Hofmann Forest","Hofmann Forest","Hofmann Forest1",NA
269,35.5607492897168,1.363,1,17.0210494995117,24175.7902287721,0,14.6559209823608,13.5390002150421,0.409337937831879,6.95,3.4309644359925,0,"Hofmann Forest","Hofmann Forest","Hofmann Forest1",NA
270,35.5607492897168,1.58,0,17.3092174530029,625.002919397116,0,15.3679685592651,14.3220864156822,0.428270816802979,4302.15,-0.540000890018821,0,"Hofmann Forest","Hofmann Forest","Hofmann Forest1",NA
271,35.5607492897168,1.58,0,17.317554473877,625.002919397116,0,15.3107213973999,13.7480334596604,0.411580413579941,4302.15,-0.540000890018821,0,"Hofmann Forest","Hofmann Forest","Hofmann Forest1",NA
272,35.5607492897168,1.363,1,16.9225292205811,24175.7902287721,0,16.1208534240723,14.7255039418189,0.438762336969376,6.95,3.4309644359925,0,"Hofmann Forest","Hofmann Forest","Hofmann Forest1",NA
273,35.5607492897168,1.363,1,16.8944683074951,44338.0194296756,0,17.0511627197266,20.5076235820977,0.408515125513077,4302.15,-0.540000890018821,0,"Hofmann Forest","Hofmann Forest","Hofmann Forest1",NA
274,35.5607492897168,1.45055555555556,1,17,24603.1340979689,0,14.0193586349487,15.6496278627975,0.375159054994583,6.95,3.4309644359925,0,"Hofmann Forest","Hofmann Forest","Hofmann Forest1",NA
275,35.5607492897168,1.41307692307692,1,17.1979484558105,24800.7931481693,0,15.5201501846313,14.6329325042729,0.396871894598007,4302.15,-0.540000890018821,0,"Hofmann Forest","Hofmann Forest","Hofmann Forest1",NA
276,35.5607492897168,1.394375,1,17.2999992370605,36409.5581835947,0,14.8726453781128,11.462213803659,0.426624715328217,6.95,3.4309644359925,0,"Hofmann Forest","Hofmann Forest","Hofmann Forest1",NA
277,35.5607492897168,1.363,1,16.9979400634766,24175.7902287721,0,16.3657169342041,13.6297796714737,0.428373605012894,4302.15,-0.540000890018821,0,"Hofmann Forest","Hofmann Forest","Hofmann Forest1",NA
278,35.5607492897168,1.363,1,16.7999992370605,24175.7902287721,0,16.8500862121582,17.0302083925792,0.424938589334488,4302.15,-0.540000890018821,0,"Hofmann Forest","Hofmann Forest","Hofmann Forest1",NA
279,35.5607492897168,1.363,1,16.8999977111816,24175.7902287721,0,16.680154800415,15.565361352798,0.426817059516907,4302.15,-0.540000890018821,0,"Hofmann Forest","Hofmann Forest","Hofmann Forest1",NA
280,35.5607492897168,1.51181818181818,1,16.9920139312744,25837.892627313,0,16.4729099273682,18.7970863561448,0.404257029294968,4302.15,-0.540000890018821,0,"Hofmann Forest","Hofmann Forest","Hofmann Forest1",NA
281,35.5607492897168,1.363,1,16.7945804595947,20162.2292009034,0,17.3563404083252,22.7329768303934,0.408593654632568,4302.15,-0.540000890018821,0,"Hofmann Forest","Hofmann Forest","Hofmann Forest1",NA
282,35.5607492897168,1.363,1,17.007152557373,24175.7902287721,0,15.6916942596436,11.6511588972599,0.413113713264465,6.95,3.4309644359925,0,"Hofmann Forest","Hofmann Forest","Hofmann Forest1",NA
283,35.5607492897168,1.363,1,16.8999099731445,24175.7902287721,0,16.5930480957031,15.7842820308914,0.425521850585938,4302.15,-0.540000890018821,0,"Hofmann Forest","Hofmann Forest","Hofmann Forest1",NA
284,35.5607492897168,1.363,1,16.7999992370605,20162.2292009034,0,16.8358669281006,23.741616676598,0.385796517133713,4302.15,-0.540000890018821,0,"Hofmann Forest","Hofmann Forest","Hofmann Forest1",NA
285,35.5607492897168,1.363,1,16.9921092987061,24175.7902287721,0,16.4932956695557,14.677989040687,0.433633178472519,4302.15,-0.540000890018821,0,"Hofmann Forest","Hofmann Forest","Hofmann Forest1",NA
286,35.5607492897168,1.363,1,16.7000007629395,20162.2292009034,0,17.4207057952881,21.5058470343765,0.419974207878113,4302.15,-0.540000890018821,0,"Hofmann Forest","Hofmann Forest","Hofmann Forest1",NA
287,35.5607492897168,1.59355555555556,0,17.4457092285156,1296.02488388697,0,15.9247531890869,12.9073347945267,0.354548364877701,4302.15,-0.540000890018821,0,"Hofmann Forest","Hofmann Forest","Hofmann Forest1",NA
288,35.5607492897168,1.61833333333333,0,17.5,337.452252219923,0,15.0213136672974,15.1443259539429,0.392107635736465,4302.15,-0.540000890018821,0,"Hofmann Forest","Hofmann Forest","Hofmann Forest1",NA
289,35.5607492897168,1.57487804878049,1,17.3623943328857,14113.2900048214,0,15.1567983627319,10.7106577666522,0.450671970844269,6.95,3.4309644359925,0,"Hofmann Forest","Hofmann Forest","Hofmann Forest1",NA
290,35.5607492897168,1.363,1,16.9592800140381,24175.7902287721,0,15.9907026290894,15.0966939466901,0.431073129177094,4302.15,-0.540000890018821,0,"Hofmann Forest","Hofmann Forest","Hofmann Forest1",NA
291,35.5607492897168,1.363,1,16.7999992370605,24175.7902287721,0,17.0378971099854,18.5154579376732,0.41635599732399,4302.15,-0.540000890018821,0,"Hofmann Forest","Hofmann Forest","Hofmann Forest1",NA
292,35.5607492897168,1.41307692307692,1,16.8999996185303,23469.8941787215,0,16.5758743286133,23.1883822270726,0.393769174814224,4302.15,-0.540000890018821,0,"Hofmann Forest","Hofmann Forest","Hofmann Forest1",NA
293,35.5607492897168,1.576,0,17.1019134521484,1581.25608502438,0,16.0131855010986,17.7693278426881,0.421220511198044,4302.15,-0.540000890018821,0,"Hofmann Forest","Hofmann Forest","Hofmann Forest1",NA
294,35.5607492897168,1.363,1,17,24175.7902287721,0,16.4513244628906,14.0555612501365,0.428897440433502,4302.15,-0.540000890018821,0,"Hofmann Forest","Hofmann Forest","Hofmann Forest1",NA
295,35.5607492897168,1.363,1,16.7000007629395,20162.2292009034,0,17.4807357788086,22.3578700124188,0.424579977989197,4302.15,-0.540000890018821,0,"Hofmann Forest","Hofmann Forest","Hofmann Forest1",NA
296,35.5607492897168,1.363,1,16.9994297027588,24175.7902287721,0,16.5170383453369,14.9298585936687,0.426457971334457,4302.15,-0.540000890018821,0,"Hofmann Forest","Hofmann Forest","Hofmann Forest1",NA
297,35.5607492897168,1.363,1,17.0865726470947,24175.7902287721,0,15.4992761611938,11.0562223596385,0.384146839380264,6.95,3.4309644359925,0,"Hofmann Forest","Hofmann Forest","Hofmann Forest1",NA
298,35.5607492897168,1.363,1,16.7999992370605,24175.7902287721,0,17.628547668457,19.9545181761357,0.423015892505646,4302.15,-0.540000890018821,0,"Hofmann Forest","Hofmann Forest","Hofmann Forest1",NA
299,35.5607492897168,1.363,1,16.8999996185303,24175.7902287721,0,16.4384117126465,15.8135222019618,0.429210543632507,4302.15,-0.540000890018821,0,"Hofmann Forest","Hofmann Forest","Hofmann Forest1",NA
300,35.5607492897168,1.363,1,17.0453071594238,24175.7902287721,0,13.9947233200073,14.8270529732072,0.397492229938507,6.95,3.4309644359925,0,"Hofmann Forest","Hofmann Forest","Hofmann Forest1",NA
301,35.5607492897168,1.54173913043478,1,17.4253597259521,13420.4730730855,0,15.3108987808228,10.3948059941727,0.464396476745605,6.95,3.4309644359925,0,"Hofmann Forest","Hofmann Forest","Hofmann Forest1",NA
302,35.5607492897168,1.363,1,17,24175.7902287721,0,15.6179666519165,12.833535528348,0.427390426397324,6.95,3.4309644359925,0,"Hofmann Forest","Hofmann Forest","Hofmann Forest1",NA
303,35.5607492897168,1.363,1,17,24175.7902287721,0,16.2578983306885,14.5941710482882,0.421124249696732,6.95,3.4309644359925,0,"Hofmann Forest","Hofmann Forest","Hofmann Forest1",NA
304,35.5607492897168,1.363,1,17.1179294586182,24175.7902287721,0,16.2238483428955,12.328184734318,0.437680929899216,6.95,3.4309644359925,0,"Hofmann Forest","Hofmann Forest","Hofmann Forest1",NA
305,35.5607492897168,1.58122448979592,0,17.1126518249512,4977.15225006648,0,15.0368337631226,17.2968842634765,0.432327002286911,4302.15,-0.540000890018821,0,"Hofmann Forest","Hofmann Forest","Hofmann Forest1",NA
306,35.5607492897168,1.54173913043478,1,17.3425045013428,12389.2200588296,0,14.6397886276245,10.8190245993174,0.410806089639664,6.95,3.4309644359925,0,"Hofmann Forest","Hofmann Forest","Hofmann Forest1",NA
307,35.5607492897168,1.363,1,16.8999996185303,24175.7902287721,0,16.5453300476074,16.8801344554411,0.428265780210495,4302.15,-0.540000890018821,0,"Hofmann Forest","Hofmann Forest","Hofmann Forest1",NA
308,35.5607492897168,1.363,1,17,24175.7902287721,0,16.4942378997803,14.7184117158451,0.426831185817719,4302.15,-0.540000890018821,0,"Hofmann Forest","Hofmann Forest","Hofmann Forest1",NA
309,35.5607492897168,1.394375,1,17.2000007629395,36409.5581835947,0,15.6917524337769,12.8207574775821,0.426354199647903,4302.15,-0.540000890018821,0,"Hofmann Forest","Hofmann Forest","Hofmann Forest1",NA
310,35.5607492897168,1.57909090909091,0,17.1000003814697,1674.19730917149,0,15.8039293289185,16.5931256800685,0.412885993719101,4302.15,-0.540000890018821,0,"Hofmann Forest","Hofmann Forest","Hofmann Forest1",NA
311,35.5607492897168,1.363,1,17,24175.7902287721,0,15.8255767822266,12.7652220488989,0.409879595041275,6.95,3.4309644359925,0,"Hofmann Forest","Hofmann Forest","Hofmann Forest1",NA
312,35.5607492897168,1.363,1,17,24175.7902287721,0,15.7761716842651,13.1914633366611,0.422863006591797,6.95,3.4309644359925,0,"Hofmann Forest","Hofmann Forest","Hofmann Forest1",NA
313,35.5607492897168,1.363,1,17.1623306274414,24175.7902287721,0,15.6968955993652,14.4355895643407,0.35000404715538,4302.15,-0.540000890018821,0,"Hofmann Forest","Hofmann Forest","Hofmann Forest1",NA
314,35.5607492897168,1.363,1,17,24175.7902287721,0,16.0562038421631,11.3325058075307,0.416746556758881,6.95,3.4309644359925,0,"Hofmann Forest","Hofmann Forest","Hofmann Forest1",NA
315,35.5607492897168,1.363,1,16.9000015258789,24175.7902287721,0,16.707218170166,15.4997296779605,0.425841599702835,4302.15,-0.540000890018821,0,"Hofmann Forest","Hofmann Forest","Hofmann Forest1",NA
316,35.5607492897168,1.363,1,17,24175.7902287721,0,15.5792074203491,13.4196853732858,0.42600879073143,6.95,3.4309644359925,0,"Hofmann Forest","Hofmann Forest","Hofmann Forest1",NA
317,35.5607492897168,1.58,0,16.9428272247314,1142.35262915283,0,16.5957851409912,18.4561510544916,0.414363116025925,4302.15,-0.540000890018821,0,"Hofmann Forest","Hofmann Forest","Hofmann Forest1",NA
318,35.5607492897168,1.363,1,16.9999980926514,24175.7902287721,0,15.2547369003296,13.9417837043311,0.407746165990829,6.95,3.4309644359925,0,"Hofmann Forest","Hofmann Forest","Hofmann Forest1",NA
319,35.5607492897168,1.363,1,17,24175.7902287721,0,15.6135311126709,13.6559711416406,0.429169148206711,6.95,3.4309644359925,0,"Hofmann Forest","Hofmann Forest","Hofmann Forest1",NA
320,35.5607492897168,1.58,0,17,3632.83044004077,0,16.5504512786865,22.8055536584211,0.415151327848434,4302.15,-0.540000890018821,0,"Hofmann Forest","Hofmann Forest","Hofmann Forest1",NA
321,35.5607492897168,1.5425,0,17.2999992370605,4458.59186269935,0,14.7860412597656,14.3582997019739,0.414985299110413,4302.15,-0.540000890018821,0,"Hofmann Forest","Hofmann Forest","Hofmann Forest1",NA
322,35.5607492897168,1.363,1,16.8999996185303,24175.7902287721,0,16.6128597259521,16.2590844849233,0.423680156469345,4302.15,-0.540000890018821,0,"Hofmann Forest","Hofmann Forest","Hofmann Forest1",NA
323,35.5607492897168,1.363,1,16.8999996185303,24175.7902287721,0,15.5475769042969,17.0401322413513,0.412489145994186,4302.15,-0.540000890018821,0,"Hofmann Forest","Hofmann Forest","Hofmann Forest1",NA
324,35.5607492897168,1.363,1,17,24175.7902287721,0,16.4053287506104,13.8643731487983,0.424905180931091,4302.15,-0.540000890018821,0,"Hofmann Forest","Hofmann Forest","Hofmann Forest1",NA
325,35.5607492897168,1.363,1,17.1000003814697,24175.7902287721,0,13.9657688140869,14.7854638967924,0.380837053060532,6.95,3.4309644359925,0,"Hofmann Forest","Hofmann Forest","Hofmann Forest1",NA
326,35.5607492897168,1.363,1,16.8742580413818,24175.7902287721,0,17.4826164245605,20.7699969811182,0.41964790225029,4302.15,-0.540000890018821,0,"Hofmann Forest","Hofmann Forest","Hofmann Forest1",NA
327,35.5607492897168,1.363,1,16.9687042236328,24175.7902287721,0,16.3536281585693,15.0326114593595,0.436466723680496,4302.15,-0.540000890018821,0,"Hofmann Forest","Hofmann Forest","Hofmann Forest1",NA
328,35.5607492897168,1.363,1,16.9741191864014,24175.7902287721,0,16.3571510314941,13.2394120576535,0.429144114255905,6.95,3.4309644359925,0,"Hofmann Forest","Hofmann Forest","Hofmann Forest1",NA
329,35.5607492897168,1.363,1,16.8023948669434,20162.2292009034,0,16.9745216369629,22.4835776902073,0.449652999639511,4302.15,-0.540000890018821,0,"Hofmann Forest","Hofmann Forest","Hofmann Forest1",NA
330,35.5607492897168,1.576,0,17.0281238555908,1581.25608502438,0,16.1413974761963,18.5246187425934,0.410680025815964,4302.15,-0.540000890018821,0,"Hofmann Forest","Hofmann Forest","Hofmann Forest1",NA
331,35.5607492897168,1.363,1,17,24175.7902287721,0,16.3221855163574,12.7010821849128,0.438084632158279,6.95,3.4309644359925,0,"Hofmann Forest","Hofmann Forest","Hofmann Forest1",NA
332,35.5607492897168,1.363,1,17.1000003814697,20162.2292009034,0,15.2472286224365,21.4052190618452,0.452288299798965,4302.15,-0.540000890018821,0,"Hofmann Forest","Hofmann Forest","Hofmann Forest1",NA
333,35.5607492897168,1.41307692307692,1,16.9133110046387,24573.5341335022,0,15.5182838439941,14.0583825298551,0.436164319515228,6.95,3.4309644359925,0,"Hofmann Forest","Hofmann Forest","Hofmann Forest1",NA
334,35.5607492897168,1.363,1,17.0516090393066,24175.7902287721,0,15.7402877807617,13.7929551770392,0.425360858440399,4302.15,-0.540000890018821,0,"Hofmann Forest","Hofmann Forest","Hofmann Forest1",NA
335,35.5607492897168,1.363,1,16.8999996185303,24175.7902287721,0,16.0172424316406,18.1251776346672,0.368179172277451,4302.15,-0.540000890018821,0,"Hofmann Forest","Hofmann Forest","Hofmann Forest1",NA
336,35.5607492897168,1.394375,1,17.2999973297119,36409.5581835947,0,15.3274879455566,10.4026518590663,0.405670404434204,6.95,3.4309644359925,0,"Hofmann Forest","Hofmann Forest","Hofmann Forest1",NA
337,35.5607492897168,1.363,1,16.7276153564453,24175.7902287721,0,17.3021774291992,20.7962414442145,0.424933075904846,4302.15,-0.540000890018821,0,"Hofmann Forest","Hofmann Forest","Hofmann Forest1",NA
338,35.5607492897168,1.363,1,16.8187484741211,24175.7902287721,0,16.8020496368408,17.7087785279077,0.41483610868454,4302.15,-0.540000890018821,0,"Hofmann Forest","Hofmann Forest","Hofmann Forest1",NA
339,35.5607492897168,1.363,1,16.8999996185303,20162.2292009034,0,16.1810302734375,20.7424237224588,0.41640317440033,4302.15,-0.540000890018821,0,"Hofmann Forest","Hofmann Forest","Hofmann Forest1",NA
340,35.5607492897168,1.41307692307692,1,16.8524379730225,24256.6365422887,0,16.8369522094727,20.0275571945936,0.40775665640831,4302.15,-0.540000890018821,0,"Hofmann Forest","Hofmann Forest","Hofmann Forest1",NA
341,35.5607492897168,1.363,1,16.8999996185303,24175.7902287721,0,15.9525089263916,16.153718183754,0.410448282957077,4302.15,-0.540000890018821,0,"Hofmann Forest","Hofmann Forest","Hofmann Forest1",NA
342,35.5607492897168,1.363,1,16.7999992370605,24175.7902287721,0,17.705265045166,20.100020435411,0.422573119401932,4302.15,-0.540000890018821,0,"Hofmann Forest","Hofmann Forest","Hofmann Forest1",NA
343,35.5607492897168,1.363,1,17,24175.7902287721,0,16.01926612854,12.1569507382535,0.413918823003769,6.95,3.4309644359925,0,"Hofmann Forest","Hofmann Forest","Hofmann Forest1",NA
344,35.5607492897168,1.363,1,17,24175.7902287721,0,15.1720056533813,13.7050373562492,0.43440979719162,6.95,3.4309644359925,0,"Hofmann Forest","Hofmann Forest","Hofmann Forest1",NA
345,35.5607492897168,1.363,1,17,24175.7902287721,0,15.0252437591553,14.1838989322128,0.416224151849747,6.95,3.4309644359925,0,"Hofmann Forest","Hofmann Forest","Hofmann Forest1",NA
346,35.5607492897168,1.41307692307692,1,17.1088581085205,24800.7931481693,0,15.5982151031494,14.0490205892796,0.415627390146255,4302.15,-0.540000890018821,0,"Hofmann Forest","Hofmann Forest","Hofmann Forest1",NA
347,35.5607492897168,1.363,1,16.8756484985352,24175.7902287721,0,16.7151546478271,16.5236070291757,0.415233939886093,4302.15,-0.540000890018821,0,"Hofmann Forest","Hofmann Forest","Hofmann Forest1",NA
348,35.5607492897168,1.363,1,17.051815032959,24175.7902287721,0,14.2519054412842,14.5530844429183,0.424453943967819,6.95,3.4309644359925,0,"Hofmann Forest","Hofmann Forest","Hofmann Forest1",NA
349,35.5607492897168,1.363,1,16.7999992370605,24175.7902287721,0,17.3265972137451,19.2380042709765,0.429494708776474,4302.15,-0.540000890018821,0,"Hofmann Forest","Hofmann Forest","Hofmann Forest1",NA
350,35.5607492897168,1.363,1,16.8999977111816,24175.7902287721,0,15.8904161453247,17.878539073236,0.356372803449631,4302.15,-0.540000890018821,0,"Hofmann Forest","Hofmann Forest","Hofmann Forest1",NA
351,35.5607492897168,1.363,1,16.7999992370605,20162.2292009034,0,17.2807483673096,23.2968461845781,0.417767584323883,4302.15,-0.540000890018821,0,"Hofmann Forest","Hofmann Forest","Hofmann Forest1",NA
352,35.5607492897168,1.363,1,16.8999996185303,20162.2292009034,0,15.9978351593018,20.9941961371555,0.401441812515259,4302.15,-0.540000890018821,0,"Hofmann Forest","Hofmann Forest","Hofmann Forest1",NA
353,35.5607492897168,1.363,1,16.8999996185303,20162.2292009034,0,16.5755825042725,21.143738505433,0.42993775010109,4302.15,-0.540000890018821,0,"Hofmann Forest","Hofmann Forest","Hofmann Forest1",NA
354,35.5607492897168,1.363,1,16.8736209869385,24175.7902287721,0,16.5907516479492,16.9724868050691,0.433830916881561,4302.15,-0.540000890018821,0,"Hofmann Forest","Hofmann Forest","Hofmann Forest1",NA
355,35.5607492897168,1.363,1,17.0608577728271,24175.7902287721,0,15.836238861084,13.2550974350165,0.415929794311523,4302.15,-0.540000890018821,0,"Hofmann Forest","Hofmann Forest","Hofmann Forest1",NA
356,35.5607492897168,1.363,1,16.8999996185303,24175.7902287721,0,16.3967971801758,16.8041066923134,0.427135944366455,4302.15,-0.540000890018821,0,"Hofmann Forest","Hofmann Forest","Hofmann Forest1",NA
357,35.5607492897168,1.363,1,17,24175.7902287721,0,16.3819961547852,13.3543911893106,0.440942227840424,6.95,3.4309644359925,0,"Hofmann Forest","Hofmann Forest","Hofmann Forest1",NA
358,35.5607492897168,1.363,1,16.9999980926514,24175.7902287721,0,15.3643016815186,13.8726227923509,0.416204869747162,6.95,3.4309644359925,0,"Hofmann Forest","Hofmann Forest","Hofmann Forest1",NA
359,35.5607492897168,1.363,1,17.0253658294678,24175.7902287721,0,15.9091119766235,12.0197622469952,0.410757452249527,6.95,3.4309644359925,0,"Hofmann Forest","Hofmann Forest","Hofmann Forest1",NA
360,35.5607492897168,1.363,1,16.7999992370605,24175.7902287721,0,17.70387840271,20.6094174319177,0.425079941749573,4302.15,-0.540000890018821,0,"Hofmann Forest","Hofmann Forest","Hofmann Forest1",NA
361,35.5607492897168,1.44666666666667,1,17.1957550048828,12233.7679548225,0,14.3250007629395,11.9667680162303,0.405453562736511,6.95,3.4309644359925,0,"Hofmann Forest","Hofmann Forest","Hofmann Forest1",NA
362,35.5607492897168,1.41307692307692,1,16.8845596313477,25318.142857925,0,16.9915447235107,18.8851800537253,0.44892805814743,4302.15,-0.540000890018821,0,"Hofmann Forest","Hofmann Forest","Hofmann Forest1",NA
363,35.5607492897168,1.363,1,17.0032234191895,20162.2292009034,0,16.2917423248291,22.8273902984696,0.410587161779404,4302.15,-0.540000890018821,0,"Hofmann Forest","Hofmann Forest","Hofmann Forest1",NA
364,35.5607492897168,1.363,1,16.9000015258789,24175.7902287721,0,16.1454372406006,16.6598217575725,0.420749068260193,4302.15,-0.540000890018821,0,"Hofmann Forest","Hofmann Forest","Hofmann Forest1",NA
365,35.5607492897168,1.363,1,17.1000003814697,20162.2292009034,0,15.6287384033203,21.5139981352572,0.415309131145477,4302.15,-0.540000890018821,0,"Hofmann Forest","Hofmann Forest","Hofmann Forest1",NA
366,35.5607492897168,1.363,1,16.8999996185303,24175.7902287721,0,16.8300113677979,20.6690918099777,0.412701517343521,4302.15,-0.540000890018821,0,"Hofmann Forest","Hofmann Forest","Hofmann Forest1",NA
367,35.5607492897168,1.363,1,17.1000003814697,20162.2292009034,0,15.5654888153076,21.9182891382849,0.417141050100327,4302.15,-0.540000890018821,0,"Hofmann Forest","Hofmann Forest","Hofmann Forest1",NA
368,35.5607492897168,1.363,1,17,24175.7902287721,0,16.373607635498,13.8171021157055,0.437079727649689,4302.15,-0.540000890018821,0,"Hofmann Forest","Hofmann Forest","Hofmann Forest1",NA
369,35.5607492897168,1.363,1,16.7785682678223,24175.7902287721,0,17.2172203063965,20.6013470275597,0.425765216350555,4302.15,-0.540000890018821,0,"Hofmann Forest","Hofmann Forest","Hofmann Forest1",NA
370,35.5607492897168,1.363,1,16.9415378570557,24175.7902287721,0,16.395040512085,13.5605712415423,0.423327475786209,6.95,3.4309644359925,0,"Hofmann Forest","Hofmann Forest","Hofmann Forest1",NA
371,35.5607492897168,1.363,1,17.0000019073486,24175.7902287721,0,16.4431991577148,14.564174312887,0.423676490783691,4302.15,-0.540000890018821,0,"Hofmann Forest","Hofmann Forest","Hofmann Forest1",NA
372,35.5607492897168,1.363,1,16.8999996185303,24175.7902287721,0,16.7888412475586,19.2845340362176,0.420610457658768,4302.15,-0.540000890018821,0,"Hofmann Forest","Hofmann Forest","Hofmann Forest1",NA
373,35.5607492897168,1.363,1,16.83713722229,20162.2292009034,0,16.4905586242676,22.1033465381636,0.449866265058517,4302.15,-0.540000890018821,0,"Hofmann Forest","Hofmann Forest","Hofmann Forest1",NA
374,35.5607492897168,1.363,1,16.9000015258789,44338.0194296756,0,16.4720878601074,20.2430171191685,0.440848141908646,4302.15,-0.540000890018821,0,"Hofmann Forest","Hofmann Forest","Hofmann Forest1",NA
375,35.5607492897168,1.363,1,17.1000003814697,24175.7902287721,0,15.657564163208,10.7789175338885,0.43498757481575,6.95,3.4309644359925,0,"Hofmann Forest","Hofmann Forest","Hofmann Forest1",NA
376,35.5607492897168,1.363,1,16.9579410552979,24175.7902287721,0,16.6347541809082,14.6076705732127,0.41475984454155,4302.15,-0.540000890018821,0,"Hofmann Forest","Hofmann Forest","Hofmann Forest1",NA
377,35.5607492897168,1.363,1,17,24175.7902287721,0,15.6389245986938,13.8410922351765,0.419094145298004,6.95,3.4309644359925,0,"Hofmann Forest","Hofmann Forest","Hofmann Forest1",NA
378,35.5607492897168,1.363,1,16.7999992370605,24175.7902287721,0,16.7901802062988,17.5692966640894,0.406653046607971,4302.15,-0.540000890018821,0,"Hofmann Forest","Hofmann Forest","Hofmann Forest1",NA
379,35.5607492897168,1.363,1,16.851490020752,24175.7902287721,0,17.0328121185303,18.2442914910465,0.421806395053864,4302.15,-0.540000890018821,0,"Hofmann Forest","Hofmann Forest","Hofmann Forest1",NA
380,35.5607492897168,1.363,1,16.9301567077637,20162.2292009034,0,15.9032573699951,21.6208531043747,0.408999353647232,4302.15,-0.540000890018821,0,"Hofmann Forest","Hofmann Forest","Hofmann Forest1",NA
381,35.5607492897168,1.363,1,17.1000003814697,24175.7902287721,0,16.256555557251,12.0849222420718,0.425008118152618,6.95,3.4309644359925,0,"Hofmann Forest","Hofmann Forest","Hofmann Forest1",NA
382,35.5607492897168,1.363,1,16.8999996185303,44338.0194296756,0,16.3443241119385,20.3611287896437,0.414416909217834,4302.15,-0.540000890018821,0,"Hofmann Forest","Hofmann Forest","Hofmann Forest1",NA
383,35.5607492897168,1.44666666666667,1,17.2999992370605,12233.7679548225,0,15.2701234817505,10.8432667610314,0.479385256767273,6.95,3.4309644359925,0,"Hofmann Forest","Hofmann Forest","Hofmann Forest1",NA
384,35.5607492897168,1.394375,1,17.2000007629395,36409.5581835947,0,15.0161771774292,12.3087303121638,0.443467617034912,6.95,3.4309644359925,0,"Hofmann Forest","Hofmann Forest","Hofmann Forest1",NA
385,35.5607492897168,1.363,1,16.8999996185303,24175.7902287721,0,16.7785301208496,17.4415051631545,0.416015684604645,4302.15,-0.540000890018821,0,"Hofmann Forest","Hofmann Forest","Hofmann Forest1",NA
386,35.5607492897168,1.363,1,16.7999992370605,20162.2292009034,0,17.2861785888672,22.7348963532132,0.419504791498184,4302.15,-0.540000890018821,0,"Hofmann Forest","Hofmann Forest","Hofmann Forest1",NA
387,35.5607492897168,1.363,1,17.1000003814697,24175.7902287721,0,13.5098104476929,13.7169842209072,0.367368996143341,6.95,3.4309644359925,0,"Hofmann Forest","Hofmann Forest","Hofmann Forest1",NA
388,35.5607492897168,1.363,1,16.8999996185303,20162.2292009034,0,16.7931118011475,23.0375330813198,0.447405278682709,4302.15,-0.540000890018821,0,"Hofmann Forest","Hofmann Forest","Hofmann Forest1",NA
389,35.5607492897168,1.363,1,16.9721431732178,24175.7902287721,0,15.5910768508911,18.6161229674962,0.393949270248413,4302.15,-0.540000890018821,0,"Hofmann Forest","Hofmann Forest","Hofmann Forest1",NA
390,35.5607492897168,1.363,1,17,24175.7902287721,0,15.983549118042,12.0575316792629,0.412386953830719,6.95,3.4309644359925,0,"Hofmann Forest","Hofmann Forest","Hofmann Forest1",NA
391,35.5607492897168,1.363,1,16.8238430023193,20162.2292009034,0,16.5327777862549,23.727930185788,0.325200200080872,4302.15,-0.540000890018821,0,"Hofmann Forest","Hofmann Forest","Hofmann Forest1",NA
392,35.5607492897168,1.363,1,17.1000003814697,24175.7902287721,0,15.995171546936,11.5469392595734,0.423738658428192,6.95,3.4309644359925,0,"Hofmann Forest","Hofmann Forest","Hofmann Forest1",NA
393,35.5607492897168,1.363,1,17.0136280059814,24175.7902287721,0,14.9821071624756,12.8794732349895,0.409169703722,6.95,3.4309644359925,0,"Hofmann Forest","Hofmann Forest","Hofmann Forest1",NA
394,35.5607492897168,1.363,1,16.8999996185303,24175.7902287721,0,16.3297939300537,15.5390403338759,0.457074582576752,4302.15,-0.540000890018821,0,"Hofmann Forest","Hofmann Forest","Hofmann Forest1",NA
395,35.5607492897168,1.363,1,17,24175.7902287721,0,16.402322769165,14.1788259651988,0.435088634490967,4302.15,-0.540000890018821,0,"Hofmann Forest","Hofmann Forest","Hofmann Forest1",NA
396,35.5607492897168,1.363,1,16.9308052062988,24175.7902287721,0,16.0150146484375,14.5607341173402,0.453018724918365,6.95,3.4309644359925,0,"Hofmann Forest","Hofmann Forest","Hofmann Forest1",NA
397,35.5607492897168,1.363,1,16.8999996185303,24175.7902287721,0,16.8138408660889,19.7207487040295,0.402379095554352,4302.15,-0.540000890018821,0,"Hofmann Forest","Hofmann Forest","Hofmann Forest1",NA
398,35.5607492897168,1.363,1,16.8136100769043,20162.2292009034,0,17.1920566558838,22.6540255238109,0.450620710849762,4302.15,-0.540000890018821,0,"Hofmann Forest","Hofmann Forest","Hofmann Forest1",NA
399,35.5607492897168,1.48757575757576,1,17.3612022399902,37596.2633018576,0,15.4099063873291,12.9058384466068,0.364445298910141,4302.15,-0.540000890018821,0,"Hofmann Forest","Hofmann Forest","Hofmann Forest1",NA
400,35.5607492897168,1.421875,1,16.7972278594971,20341.3734344337,0,16.7698535919189,23.6743615898029,0.369120478630066,4302.15,-0.540000890018821,0,"Hofmann Forest","Hofmann Forest","Hofmann Forest1",NA
401,35.5607492897168,1.58555555555556,0,17.3069877624512,5218.04109679981,0,15.0193386077881,14.2970639821969,0.436789304018021,4302.15,-0.540000890018821,0,"Hofmann Forest","Hofmann Forest","Hofmann Forest1",NA
402,35.5607492897168,1.363,1,17.0903339385986,24175.7902287721,0,15.8516368865967,12.7724477047446,0.414488613605499,4302.15,-0.540000890018821,0,"Hofmann Forest","Hofmann Forest","Hofmann Forest1",NA
403,35.5607492897168,1.363,1,16.8999996185303,24175.7902287721,0,16.4585494995117,14.3776193564523,0.422404617071152,4302.15,-0.540000890018821,0,"Hofmann Forest","Hofmann Forest","Hofmann Forest1",NA
404,35.5607492897168,1.363,1,16.7000007629395,44338.0194296756,0,17.3275203704834,21.2482242974772,0.425535023212433,4302.15,-0.540000890018821,0,"Hofmann Forest","Hofmann Forest","Hofmann Forest1",NA
405,35.5607492897168,1.5690243902439,0,17.1678924560547,5374.55762268611,0,14.0341520309448,16.4275579903883,0.424444437026978,4302.15,-0.540000890018821,0,"Hofmann Forest","Hofmann Forest","Hofmann Forest1",NA
406,35.5607492897168,1.394375,1,17.1035041809082,36409.5581835947,0,14.3707695007324,12.2904842887105,0.374065965414047,6.95,3.4309644359925,0,"Hofmann Forest","Hofmann Forest","Hofmann Forest1",NA
407,35.5607492897168,1.444375,1,16.9559764862061,23795.0596409442,0,16.7973232269287,22.631980732507,0.405022323131561,4302.15,-0.540000890018821,0,"Hofmann Forest","Hofmann Forest","Hofmann Forest1",NA
408,35.5607492897168,1.363,1,16.9314289093018,44338.0194296756,0,16.0020656585693,19.8089650597136,0.390619486570358,4302.15,-0.540000890018821,0,"Hofmann Forest","Hofmann Forest","Hofmann Forest1",NA
409,35.5607492897168,1.363,1,17.1000003814697,20162.2292009034,0,15.5561208724976,22.1430303161936,0.41595584154129,4302.15,-0.540000890018821,0,"Hofmann Forest","Hofmann Forest","Hofmann Forest1",NA
410,35.5607492897168,1.363,1,16.9000968933105,20162.2292009034,0,15.9389991760254,20.3355222638829,0.29330849647522,4302.15,-0.540000890018821,0,"Hofmann Forest","Hofmann Forest","Hofmann Forest1",NA
411,35.5607492897168,1.363,1,16.8999996185303,24175.7902287721,0,16.649097442627,20.2443716037603,0.308809727430344,4302.15,-0.540000890018821,0,"Hofmann Forest","Hofmann Forest","Hofmann Forest1",NA
412,35.5607492897168,1.363,1,17.1159954071045,24175.7902287721,0,13.8536405563354,12.5259635814801,0.344036370515823,6.95,3.4309644359925,0,"Hofmann Forest","Hofmann Forest","Hofmann Forest1",NA
413,35.5607492897168,1.363,1,17.0661201477051,24175.7902287721,0,15.9772987365723,11.7022481845095,0.427141666412354,6.95,3.4309644359925,0,"Hofmann Forest","Hofmann Forest","Hofmann Forest1",NA
414,35.5607492897168,1.363,1,16.7000007629395,20162.2292009034,0,17.3349018096924,21.8183761126951,0.424536675214767,4302.15,-0.540000890018821,0,"Hofmann Forest","Hofmann Forest","Hofmann Forest1",NA
415,35.5607492897168,1.54173913043478,1,17.3707485198975,12480.3882034085,0,15.2075719833374,9.84518464714269,0.453997284173965,6.95,3.4309644359925,0,"Hofmann Forest","Hofmann Forest","Hofmann Forest1",NA
416,35.5607492897168,1.363,1,17,24175.7902287721,0,16.416898727417,14.2860152377283,0.418128103017807,4302.15,-0.540000890018821,0,"Hofmann Forest","Hofmann Forest","Hofmann Forest1",NA
417,35.5607492897168,1.363,1,17.1019992828369,24175.7902287721,0,15.8867855072021,13.2137885532213,0.411942929029465,4302.15,-0.540000890018821,0,"Hofmann Forest","Hofmann Forest","Hofmann Forest1",NA
418,35.5607492897168,1.363,1,16.7999992370605,20162.2292009034,0,16.8039493560791,23.4588986388149,0.398673385381699,4302.15,-0.540000890018821,0,"Hofmann Forest","Hofmann Forest","Hofmann Forest1",NA
419,35.5607492897168,1.363,1,16.8999996185303,24175.7902287721,0,16.4719848632812,18.327828967145,0.402572810649872,4302.15,-0.540000890018821,0,"Hofmann Forest","Hofmann Forest","Hofmann Forest1",NA
420,35.5607492897168,1.363,1,17,24175.7902287721,0,15.7839908599854,12.2464379967259,0.41812738776207,6.95,3.4309644359925,0,"Hofmann Forest","Hofmann Forest","Hofmann Forest1",NA
421,35.5607492897168,1.59685714285714,0,17.3999996185303,1879.52204999885,0,14.6568555831909,10.8779079496852,0.426066100597382,6.95,3.4309644359925,0,"Hofmann Forest","Hofmann Forest","Hofmann Forest1",NA
422,35.5607492897168,1.363,1,16.9323196411133,24175.7902287721,0,16.3935260772705,14.3659401755377,0.425247222185135,4302.15,-0.540000890018821,0,"Hofmann Forest","Hofmann Forest","Hofmann Forest1",NA
423,35.5607492897168,1.363,1,16.8999996185303,20162.2292009034,0,16.7166919708252,23.3846470550243,0.390854984521866,4302.15,-0.540000890018821,0,"Hofmann Forest","Hofmann Forest","Hofmann Forest1",NA
424,35.5607492897168,1.56027777777778,1,17.128885269165,6017.88973723988,0,14.6632308959961,15.3252813191365,0.423045009374619,4302.15,-0.540000890018821,0,"Hofmann Forest","Hofmann Forest","Hofmann Forest1",NA
425,35.5607492897168,1.363,1,16.916166305542,24175.7902287721,0,16.6537189483643,15.2150837698347,0.429636776447296,4302.15,-0.540000890018821,0,"Hofmann Forest","Hofmann Forest","Hofmann Forest1",NA
426,35.5607492897168,1.363,1,16.8100929260254,24175.7902287721,0,17.0265769958496,18.093032874198,0.422095745801926,4302.15,-0.540000890018821,0,"Hofmann Forest","Hofmann Forest","Hofmann Forest1",NA
427,35.5607492897168,1.363,1,16.7999992370605,24175.7902287721,0,17.3764629364014,20.4127706375979,0.428069829940796,4302.15,-0.540000890018821,0,"Hofmann Forest","Hofmann Forest","Hofmann Forest1",NA
428,35.5607492897168,1.363,1,17.1000003814697,24175.7902287721,0,14.0161952972412,14.4758767153763,0.422145813703537,6.95,3.4309644359925,0,"Hofmann Forest","Hofmann Forest","Hofmann Forest1",NA
429,35.5607492897168,1.363,1,16.9620723724365,24175.7902287721,0,15.4033689498901,17.4062207911344,0.422240883111954,4302.15,-0.540000890018821,0,"Hofmann Forest","Hofmann Forest","Hofmann Forest1",NA
430,35.5607492897168,1.363,1,16.7147598266602,20162.2292009034,0,17.4039859771729,22.3079396402305,0.42473042011261,4302.15,-0.540000890018821,0,"Hofmann Forest","Hofmann Forest","Hofmann Forest1",NA
431,35.5607492897168,1.363,1,17,24175.7902287721,0,15.7806797027588,13.1697795223924,0.419170707464218,6.95,3.4309644359925,0,"Hofmann Forest","Hofmann Forest","Hofmann Forest1",NA
432,35.5607492897168,1.363,1,16.8313732147217,24175.7902287721,0,16.7459526062012,16.1584746363459,0.425179690122604,4302.15,-0.540000890018821,0,"Hofmann Forest","Hofmann Forest","Hofmann Forest1",NA
433,35.5607492897168,1.363,1,16.9000015258789,20162.2292009034,0,16.7691345214844,23.8676624281064,0.395407408475876,4302.15,-0.540000890018821,0,"Hofmann Forest","Hofmann Forest","Hofmann Forest1",NA
434,35.5607492897168,1.363,1,17.2000007629395,24175.7902287721,0,15.0492191314697,12.0800012625744,0.430116087198257,6.95,3.4309644359925,0,"Hofmann Forest","Hofmann Forest","Hofmann Forest1",NA
435,35.5607492897168,1.363,1,16.7999992370605,20162.2292009034,0,17.020580291748,23.1581601153606,0.434847354888916,4302.15,-0.540000890018821,0,"Hofmann Forest","Hofmann Forest","Hofmann Forest1",NA
436,35.5607492897168,1.363,1,16.8016567230225,24175.7902287721,0,16.9905548095703,18.3599567464711,0.422862619161606,4302.15,-0.540000890018821,0,"Hofmann Forest","Hofmann Forest","Hofmann Forest1",NA
437,35.5607492897168,1.421875,1,16.7999992370605,20341.3734344337,0,16.6464500427246,23.9474375356899,0.356399923563004,4302.15,-0.540000890018821,0,"Hofmann Forest","Hofmann Forest","Hofmann Forest1",NA
438,35.5607492897168,1.363,1,16.7999992370605,24175.7902287721,0,16.6650524139404,16.3361711559973,0.428594499826431,4302.15,-0.540000890018821,0,"Hofmann Forest","Hofmann Forest","Hofmann Forest1",NA
439,35.5607492897168,1.363,1,17,24175.7902287721,0,13.9133806228638,14.8802535356939,0.46532216668129,6.95,3.4309644359925,0,"Hofmann Forest","Hofmann Forest","Hofmann Forest1",NA
440,35.5607492897168,1.394375,1,17.2461204528809,36409.5581835947,0,15.7246198654175,13.1391798991768,0.407537251710892,4302.15,-0.540000890018821,0,"Hofmann Forest","Hofmann Forest","Hofmann Forest1",NA
441,35.5607492897168,1.363,1,16.8999996185303,24175.7902287721,0,16.6433792114258,15.8747527663247,0.41802653670311,4302.15,-0.540000890018821,0,"Hofmann Forest","Hofmann Forest","Hofmann Forest1",NA
442,35.5607492897168,1.363,1,16.8649787902832,24175.7902287721,0,16.808277130127,18.0397293885625,0.409047544002533,4302.15,-0.540000890018821,0,"Hofmann Forest","Hofmann Forest","Hofmann Forest1",NA
443,35.5607492897168,1.44666666666667,1,17.3053760528564,12233.7679548225,0,15.38902759552,10.6724760393322,0.445148348808289,6.95,3.4309644359925,0,"Hofmann Forest","Hofmann Forest","Hofmann Forest1",NA
444,35.5607492897168,1.54173913043478,1,17.3341197967529,13420.4730730855,0,14.8496160507202,11.486852396547,0.442359834909439,6.95,3.4309644359925,0,"Hofmann Forest","Hofmann Forest","Hofmann Forest1",NA
445,35.5607492897168,1.394375,1,17.1897640228271,36409.5581835947,0,15.2893877029419,10.3874566276375,0.384666711091995,6.95,3.4309644359925,0,"Hofmann Forest","Hofmann Forest","Hofmann Forest1",NA
446,35.5607492897168,1.61714285714286,0,17.4322643280029,821.131818188699,0,15.128734588623,14.8647969463672,0.423450708389282,4302.15,-0.540000890018821,0,"Hofmann Forest","Hofmann Forest","Hofmann Forest1",NA
447,35.5607492897168,1.363,1,16.8999996185303,24175.7902287721,0,16.4832153320312,14.038369616655,0.416616052389145,4302.15,-0.540000890018821,0,"Hofmann Forest","Hofmann Forest","Hofmann Forest1",NA
448,35.5607492897168,1.363,1,16.8980178833008,24175.7902287721,0,16.8441066741943,17.6426276414294,0.419243276119232,4302.15,-0.540000890018821,0,"Hofmann Forest","Hofmann Forest","Hofmann Forest1",NA
449,35.5607492897168,1.59355555555556,0,17.2999992370605,2574.02214801184,0,14.6840305328369,11.4901767016896,0.399983644485474,6.95,3.4309644359925,0,"Hofmann Forest","Hofmann Forest","Hofmann Forest1",NA
450,35.5607492897168,1.363,1,16.9297504425049,20162.2292009034,0,16.5474491119385,22.8948889924626,0.43277433514595,4302.15,-0.540000890018821,0,"Hofmann Forest","Hofmann Forest","Hofmann Forest1",NA
451,35.5607492897168,1.363,1,16.8999996185303,24175.7902287721,0,15.6447448730469,15.5070389473901,0.416615515947342,4302.15,-0.540000890018821,0,"Hofmann Forest","Hofmann Forest","Hofmann Forest1",NA
452,35.5607492897168,1.394375,1,17.0996417999268,36409.5581835947,0,15.8881216049194,11.7429728551579,0.40197628736496,6.95,3.4309644359925,0,"Hofmann Forest","Hofmann Forest","Hofmann Forest1",NA
453,35.5607492897168,1.363,1,17,24175.7902287721,0,14.0529403686523,14.9376028216157,0.476048171520233,6.95,3.4309644359925,0,"Hofmann Forest","Hofmann Forest","Hofmann Forest1",NA
454,35.5607492897168,1.394375,1,17.2675514221191,36409.5581835947,0,15.5350399017334,11.2309332964667,0.396896988153458,6.95,3.4309644359925,0,"Hofmann Forest","Hofmann Forest","Hofmann Forest1",NA
455,35.5607492897168,1.363,1,16.8999996185303,20162.2292009034,0,16.1714344024658,21.9290307010506,0.436013847589493,4302.15,-0.540000890018821,0,"Hofmann Forest","Hofmann Forest","Hofmann Forest1",NA
456,35.5607492897168,1.394375,1,17.0259647369385,36409.5581835947,0,15.9871826171875,12.5550992425243,0.419936567544937,6.95,3.4309644359925,0,"Hofmann Forest","Hofmann Forest","Hofmann Forest1",NA
457,35.5607492897168,1.394375,1,17.1088733673096,36409.5581835947,0,15.6216192245483,12.5479164911472,0.407621145248413,4302.15,-0.540000890018821,0,"Hofmann Forest","Hofmann Forest","Hofmann Forest1",NA
458,35.5607492897168,1.54173913043478,1,17.3650360107422,13420.4730730855,0,15.2337512969971,11.1907348673085,0.440397024154663,6.95,3.4309644359925,0,"Hofmann Forest","Hofmann Forest","Hofmann Forest1",NA
459,35.5607492897168,1.41307692307692,1,17.1070880889893,24800.7931481693,0,15.6593656539917,14.1076071320573,0.332024991512299,4302.15,-0.540000890018821,0,"Hofmann Forest","Hofmann Forest","Hofmann Forest1",NA
460,35.5607492897168,1.363,1,16.8499736785889,20162.2292009034,0,16.9412403106689,23.2306009779237,0.368926882743835,4302.15,-0.540000890018821,0,"Hofmann Forest","Hofmann Forest","Hofmann Forest1",NA
461,35.5607492897168,1.363,1,17.0013294219971,24175.7902287721,0,15.7148933410645,11.4854794038447,0.417978316545486,6.95,3.4309644359925,0,"Hofmann Forest","Hofmann Forest","Hofmann Forest1",NA
462,35.5607492897168,1.363,1,17,24175.7902287721,0,16.312219619751,13.3529712110312,0.425422251224518,4302.15,-0.540000890018821,0,"Hofmann Forest","Hofmann Forest","Hofmann Forest1",NA
463,35.5607492897168,1.363,1,17,24175.7902287721,0,16.2687149047852,12.806206581098,0.423628389835358,6.95,3.4309644359925,0,"Hofmann Forest","Hofmann Forest","Hofmann Forest1",NA
464,35.5607492897168,1.57777777777778,0,17.3991432189941,200.142082571224,0,16.1391544342041,13.8124234508143,0.272354036569595,4302.15,-0.540000890018821,0,"Hofmann Forest","Hofmann Forest","Hofmann Forest1",NA
465,35.5607492897168,1.363,1,17,24175.7902287721,0,16.1089019775391,19.1321488679198,0.398709535598755,4302.15,-0.540000890018821,0,"Hofmann Forest","Hofmann Forest","Hofmann Forest1",NA
466,35.5607492897168,1.363,1,17,24175.7902287721,0,15.8515033721924,12.6477673675354,0.427012413740158,6.95,3.4309644359925,0,"Hofmann Forest","Hofmann Forest","Hofmann Forest1",NA
467,35.5607492897168,1.363,1,16.9999980926514,24175.7902287721,0,16.3760299682617,13.9805235452967,0.431946933269501,4302.15,-0.540000890018821,0,"Hofmann Forest","Hofmann Forest","Hofmann Forest1",NA
468,35.5607492897168,1.421875,1,16.7423801422119,20341.3734344337,0,16.9465351104736,23.4333784398399,0.387269377708435,4302.15,-0.540000890018821,0,"Hofmann Forest","Hofmann Forest","Hofmann Forest1",NA
469,35.5607492897168,1.363,1,17,24175.7902287721,0,14.7318363189697,13.9290136669693,0.448199927806854,6.95,3.4309644359925,0,"Hofmann Forest","Hofmann Forest","Hofmann Forest1",NA
470,35.5607492897168,1.363,1,16.8725070953369,20162.2292009034,0,16.5427627563477,20.7660824564212,0.413285434246063,4302.15,-0.540000890018821,0,"Hofmann Forest","Hofmann Forest","Hofmann Forest1",NA
472,35.5607492897168,1.363,1,16.7999992370605,20162.2292009034,0,17.134952545166,22.964755873994,0.426792770624161,4302.15,-0.540000890018821,0,"Hofmann Forest","Hofmann Forest","Hofmann Forest1",NA
473,35.5607492897168,1.363,1,16.8773460388184,24175.7902287721,0,16.7079181671143,15.9372116502311,0.426009684801102,4302.15,-0.540000890018821,0,"Hofmann Forest","Hofmann Forest","Hofmann Forest1",NA
474,35.5607492897168,1.59355555555556,0,17.3883666992188,2574.02214801184,0,14.4189224243164,11.0307441564302,0.424869358539581,6.95,3.4309644359925,0,"Hofmann Forest","Hofmann Forest","Hofmann Forest1",NA
475,35.5607492897168,1.363,1,16.8999996185303,24175.7902287721,0,16.6792106628418,15.5464912931353,0.422238320112228,4302.15,-0.540000890018821,0,"Hofmann Forest","Hofmann Forest","Hofmann Forest1",NA
476,35.5607492897168,1.363,1,16.82590675354,24175.7902287721,0,16.7506084442139,16.6290658598815,0.440232336521149,4302.15,-0.540000890018821,0,"Hofmann Forest","Hofmann Forest","Hofmann Forest1",NA
477,35.5607492897168,1.394375,1,17.1005439758301,36409.5581835947,0,15.3121671676636,10.1247102748222,0.419260561466217,6.95,3.4309644359925,0,"Hofmann Forest","Hofmann Forest","Hofmann Forest1",NA
478,35.5607492897168,1.48757575757576,1,17.4017143249512,37596.2633018576,0,15.5036096572876,10.3665212564505,0.401820302009583,6.95,3.4309644359925,0,"Hofmann Forest","Hofmann Forest","Hofmann Forest1",NA
479,35.5607492897168,1.363,1,17.1000003814697,24175.7902287721,0,14.0098142623901,13.1986996412069,0.355662614107132,6.95,3.4309644359925,0,"Hofmann Forest","Hofmann Forest","Hofmann Forest1",NA
480,35.5607492897168,1.54,1,16.8869590759277,3486.80921134836,0,16.8726482391357,24.3734178225053,0.410399049520493,4302.15,-0.540000890018821,0,"Hofmann Forest","Hofmann Forest","Hofmann Forest1",NA
481,35.5607492897168,1.363,1,16.9711112976074,24175.7902287721,0,15.2364015579224,17.8124937956712,0.417374908924103,4302.15,-0.540000890018821,0,"Hofmann Forest","Hofmann Forest","Hofmann Forest1",NA
482,35.5607492897168,1.363,1,16.6999988555908,20162.2292009034,0,17.5079193115234,22.1405291260481,0.424083441495895,4302.15,-0.540000890018821,0,"Hofmann Forest","Hofmann Forest","Hofmann Forest1",NA
483,35.5607492897168,1.57627450980392,1,17.2977390289307,14807.7901028343,0,14.9518623352051,12.2238882150857,0.421910464763641,4302.15,-0.540000890018821,0,"Hofmann Forest","Hofmann Forest","Hofmann Forest1",NA
484,35.5607492897168,1.363,1,17,24175.7902287721,0,14.3433237075806,14.2771913154105,0.405571043491364,6.95,3.4309644359925,0,"Hofmann Forest","Hofmann Forest","Hofmann Forest1",NA
485,35.5607492897168,1.363,1,16.8999996185303,24175.7902287721,0,16.7001838684082,17.0605442608874,0.422058969736099,4302.15,-0.540000890018821,0,"Hofmann Forest","Hofmann Forest","Hofmann Forest1",NA
486,35.5607492897168,1.363,1,16.8999996185303,24175.7902287721,0,16.5486125946045,17.236552417364,0.429703682661057,4302.15,-0.540000890018821,0,"Hofmann Forest","Hofmann Forest","Hofmann Forest1",NA
487,35.5607492897168,1.567,0,17.0999984741211,6099.27244209371,0,15.7141981124878,17.0682222682334,0.422805070877075,4302.15,-0.540000890018821,0,"Hofmann Forest","Hofmann Forest","Hofmann Forest1",NA
488,35.5607492897168,1.54173913043478,1,17.2581825256348,13420.4730730855,0,15.3800926208496,12.2793792205283,0.351988971233368,4302.15,-0.540000890018821,0,"Hofmann Forest","Hofmann Forest","Hofmann Forest1",NA
489,35.5607492897168,1.363,1,16.8999996185303,24175.7902287721,0,16.6801586151123,16.1183043165364,0.420515328645706,4302.15,-0.540000890018821,0,"Hofmann Forest","Hofmann Forest","Hofmann Forest1",NA
490,35.5607492897168,1.363,1,17.027645111084,24175.7902287721,0,15.9971380233765,11.3323139069553,0.404005825519562,6.95,3.4309644359925,0,"Hofmann Forest","Hofmann Forest","Hofmann Forest1",NA
491,35.5607492897168,1.363,1,16.9235858917236,44338.0194296756,0,16.2483692169189,19.811963668929,0.410641580820084,4302.15,-0.540000890018821,0,"Hofmann Forest","Hofmann Forest","Hofmann Forest1",NA
492,35.5607492897168,1.363,1,17,24175.7902287721,0,15.8173294067383,13.2513210460715,0.414524286985397,6.95,3.4309644359925,0,"Hofmann Forest","Hofmann Forest","Hofmann Forest1",NA
493,35.5607492897168,1.363,1,16.8978214263916,24175.7902287721,0,16.7237777709961,15.9212537885961,0.420604377985001,4302.15,-0.540000890018821,0,"Hofmann Forest","Hofmann Forest","Hofmann Forest1",NA
494,35.5607492897168,1.363,1,16.8999996185303,20162.2292009034,0,16.5120124816895,23.0324693060409,0.405304580926895,4302.15,-0.540000890018821,0,"Hofmann Forest","Hofmann Forest","Hofmann Forest1",NA
495,35.5607492897168,1.363,1,16.8999996185303,24175.7902287721,0,15.639422416687,15.0114520539853,0.427199631929398,6.95,3.4309644359925,0,"Hofmann Forest","Hofmann Forest","Hofmann Forest1",NA
496,35.5607492897168,1.363,1,16.7877464294434,20162.2292009034,0,17.4721641540527,21.5350445521037,0.412353962659836,4302.15,-0.540000890018821,0,"Hofmann Forest","Hofmann Forest","Hofmann Forest1",NA
497,35.5607492897168,1.363,1,16.9091186523438,24175.7902287721,0,15.6968307495117,18.0131034417327,0.350053817033768,4302.15,-0.540000890018821,0,"Hofmann Forest","Hofmann Forest","Hofmann Forest1",NA
498,35.5607492897168,1.363,1,16.8757610321045,24175.7902287721,0,16.8231163024902,19.7716763744255,0.42761754989624,4302.15,-0.540000890018821,0,"Hofmann Forest","Hofmann Forest","Hofmann Forest1",NA
499,35.5607492897168,1.394375,1,17.2000026702881,36409.5581835947,0,15.4522905349731,10.81758968645,0.358602225780487,6.95,3.4309644359925,0,"Hofmann Forest","Hofmann Forest","Hofmann Forest1",NA
500,35.5607492897168,1.363,1,16.8432559967041,24175.7902287721,0,16.6748847961426,16.0848881228249,0.426464825868607,4302.15,-0.540000890018821,0,"Hofmann Forest","Hofmann Forest","Hofmann Forest1",NA
501,35.5607492897168,1.41307692307692,1,17.001350402832,25318.142857925,0,16.5034713745117,17.3569806970599,0.438888877630234,4302.15,-0.540000890018821,0,"Hofmann Forest","Hofmann Forest","Hofmann Forest1",NA
502,35.5607492897168,1.363,1,17.0201663970947,24175.7902287721,0,15.8834609985352,12.0859738511737,0.424391090869904,6.95,3.4309644359925,0,"Hofmann Forest","Hofmann Forest","Hofmann Forest1",NA
503,35.5607492897168,1.363,1,17.0209655761719,20162.2292009034,0,15.6963472366333,21.1747265351895,0.4200778901577,4302.15,-0.540000890018821,0,"Hofmann Forest","Hofmann Forest","Hofmann Forest1",NA
504,35.5607492897168,1.444375,1,16.9650001525879,23795.0596409442,0,16.5645427703857,22.7002220104304,0.42346528172493,4302.15,-0.540000890018821,0,"Hofmann Forest","Hofmann Forest","Hofmann Forest1",NA
505,35.5607492897168,1.363,1,17,24175.7902287721,0,15.2838230133057,14.3652039681899,0.438232779502869,6.95,3.4309644359925,0,"Hofmann Forest","Hofmann Forest","Hofmann Forest1",NA
506,35.5607492897168,1.363,1,16.9322738647461,24175.7902287721,0,16.5683708190918,15.1466062565561,0.426105380058289,4302.15,-0.540000890018821,0,"Hofmann Forest","Hofmann Forest","Hofmann Forest1",NA
507,35.5607492897168,1.363,1,17.1000003814697,44338.0194296756,0,15.6009569168091,19.5669894854768,0.411334663629532,4302.15,-0.540000890018821,0,"Hofmann Forest","Hofmann Forest","Hofmann Forest1",NA
508,35.5607492897168,1.363,1,17.0626182556152,24175.7902287721,0,15.8030920028687,14.2377784888471,0.42931479215622,4302.15,-0.540000890018821,0,"Hofmann Forest","Hofmann Forest","Hofmann Forest1",NA
509,35.5607492897168,1.363,1,16.7999992370605,24175.7902287721,0,16.9473514556885,19.4931006904511,0.405981749296188,4302.15,-0.540000890018821,0,"Hofmann Forest","Hofmann Forest","Hofmann Forest1",NA
510,35.5607492897168,1.41307692307692,1,16.8102722167969,24256.6365422887,0,16.5679225921631,19.2010696904737,0.400948137044907,4302.15,-0.540000890018821,0,"Hofmann Forest","Hofmann Forest","Hofmann Forest1",NA
511,35.5607492897168,1.363,1,16.988302230835,24175.7902287721,0,15.4512367248535,16.4321258206473,0.421484887599945,4302.15,-0.540000890018821,0,"Hofmann Forest","Hofmann Forest","Hofmann Forest1",NA
512,35.5607492897168,1.363,1,16.7999992370605,24175.7902287721,0,16.791410446167,16.6298579269123,0.411328494548798,4302.15,-0.540000890018821,0,"Hofmann Forest","Hofmann Forest","Hofmann Forest1",NA
513,35.5607492897168,1.363,1,17.0702571868896,24175.7902287721,0,13.6678771972656,15.1481965977004,0.38468787074089,6.95,3.4309644359925,0,"Hofmann Forest","Hofmann Forest","Hofmann Forest1",NA
514,35.5607492897168,1.575,1,17.3077259063721,14346.2708772137,0,15.2488965988159,10.0871811817349,0.421267688274384,6.95,3.4309644359925,0,"Hofmann Forest","Hofmann Forest","Hofmann Forest1",NA
515,35.5607492897168,1.363,1,16.7935638427734,24175.7902287721,0,17.5067176818848,20.7011362429057,0.424978792667389,4302.15,-0.540000890018821,0,"Hofmann Forest","Hofmann Forest","Hofmann Forest1",NA
516,35.5607492897168,1.363,1,16.8626155853271,24175.7902287721,0,16.7797832489014,17.0454950934528,0.41935059428215,4302.15,-0.540000890018821,0,"Hofmann Forest","Hofmann Forest","Hofmann Forest1",NA
517,35.5607492897168,1.394375,1,16.9334373474121,24421.8630482167,0,16.6263427734375,16.0514108723155,0.425154745578766,4302.15,-0.540000890018821,0,"Hofmann Forest","Hofmann Forest","Hofmann Forest1",NA
518,35.5607492897168,1.363,1,17.0565395355225,24175.7902287721,0,14.0810823440552,14.7659738872725,0.395632386207581,6.95,3.4309644359925,0,"Hofmann Forest","Hofmann Forest","Hofmann Forest1",NA
519,35.5607492897168,1.363,1,17,24175.7902287721,0,14.2363538742065,14.2364133145026,0.420313030481339,6.95,3.4309644359925,0,"Hofmann Forest","Hofmann Forest","Hofmann Forest1",NA
520,35.5607492897168,1.363,1,17.1226387023926,24175.7902287721,0,13.8902978897095,14.5758158395432,0.327160269021988,6.95,3.4309644359925,0,"Hofmann Forest","Hofmann Forest","Hofmann Forest1",NA
521,35.5607492897168,1.394375,1,17.1027164459229,36409.5581835947,0,15.0359487533569,12.4232208032876,0.43720754981041,6.95,3.4309644359925,0,"Hofmann Forest","Hofmann Forest","Hofmann Forest1",NA
522,35.5607492897168,1.54173913043478,1,17.3653106689453,12389.2200588296,0,15.1887063980103,10.1967972451518,0.397275477647781,6.95,3.4309644359925,0,"Hofmann Forest","Hofmann Forest","Hofmann Forest1",NA
523,35.5607492897168,1.363,1,17.0109081268311,24175.7902287721,0,15.8924875259399,11.8548848130039,0.413549154996872,6.95,3.4309644359925,0,"Hofmann Forest","Hofmann Forest","Hofmann Forest1",NA
524,35.5607492897168,1.363,1,16.8999996185303,24175.7902287721,0,15.8333644866943,15.7724813546638,0.42022642493248,4302.15,-0.540000890018821,0,"Hofmann Forest","Hofmann Forest","Hofmann Forest1",NA
525,35.5607492897168,1.363,1,16.8999996185303,20162.2292009034,0,15.9560880661011,21.2842122009767,0.416781544685364,4302.15,-0.540000890018821,0,"Hofmann Forest","Hofmann Forest","Hofmann Forest1",NA
526,35.5607492897168,1.363,1,16.7999992370605,20162.2292009034,0,16.9018745422363,23.7150485785947,0.332551777362823,4302.15,-0.540000890018821,0,"Hofmann Forest","Hofmann Forest","Hofmann Forest1",NA
527,35.5607492897168,1.44684210526316,1,16.8591289520264,23649.0384122518,0,16.464391708374,24.414090522702,0.393347978591919,4302.15,-0.540000890018821,0,"Hofmann Forest","Hofmann Forest","Hofmann Forest1",NA
528,35.5607492897168,1.363,1,17.1000003814697,20162.2292009034,0,15.149772644043,21.6558967141751,0.43073895573616,4302.15,-0.540000890018821,0,"Hofmann Forest","Hofmann Forest","Hofmann Forest1",NA
529,35.5607492897168,1.363,1,16.8999996185303,20162.2292009034,0,16.5992546081543,22.9016753182117,0.416295945644379,4302.15,-0.540000890018821,0,"Hofmann Forest","Hofmann Forest","Hofmann Forest1",NA
530,35.5607492897168,1.363,1,16.9999980926514,24175.7902287721,0,16.4268360137939,14.2954633016294,0.416277945041656,4302.15,-0.540000890018821,0,"Hofmann Forest","Hofmann Forest","Hofmann Forest1",NA
531,35.5607492897168,1.363,1,16.7464904785156,20162.2292009034,0,16.6964015960693,22.3586402414163,0.445862472057343,4302.15,-0.540000890018821,0,"Hofmann Forest","Hofmann Forest","Hofmann Forest1",NA
532,35.5607492897168,1.363,1,17,24175.7902287721,0,15.9316663742065,11.7271161181252,0.408355891704559,6.95,3.4309644359925,0,"Hofmann Forest","Hofmann Forest","Hofmann Forest1",NA
533,35.5607492897168,1.363,1,16.9081344604492,24175.7902287721,0,16.4655323028564,15.032426160335,0.443681925535202,4302.15,-0.540000890018821,0,"Hofmann Forest","Hofmann Forest","Hofmann Forest1",NA
534,35.5607492897168,1.363,1,16.9337177276611,24175.7902287721,0,16.0808277130127,15.3089790927775,0.430441707372665,4302.15,-0.540000890018821,0,"Hofmann Forest","Hofmann Forest","Hofmann Forest1",NA
535,35.5607492897168,1.363,1,17.0000019073486,24175.7902287721,0,15.505521774292,13.3631029372499,0.410828500986099,6.95,3.4309644359925,0,"Hofmann Forest","Hofmann Forest","Hofmann Forest1",NA
536,35.5607492897168,1.363,1,16.8999996185303,44338.0194296756,0,16.5116519927979,20.0069957622041,0.408757358789444,4302.15,-0.540000890018821,0,"Hofmann Forest","Hofmann Forest","Hofmann Forest1",NA
537,35.5607492897168,1.363,1,16.7999992370605,24175.7902287721,0,16.6840362548828,16.5694855383148,0.424545496702194,4302.15,-0.540000890018821,0,"Hofmann Forest","Hofmann Forest","Hofmann Forest1",NA
538,35.5607492897168,1.363,1,16.9997406005859,24175.7902287721,0,16.3153839111328,13.0824690296637,0.420949816703796,6.95,3.4309644359925,0,"Hofmann Forest","Hofmann Forest","Hofmann Forest1",NA
539,35.5607492897168,1.363,1,16.9997844696045,24175.7902287721,0,16.5140190124512,14.8605198849345,0.423177629709244,4302.15,-0.540000890018821,0,"Hofmann Forest","Hofmann Forest","Hofmann Forest1",NA
540,35.5607492897168,1.363,1,17,24175.7902287721,0,16.3384017944336,21.9287440601533,0.399002611637115,4302.15,-0.540000890018821,0,"Hofmann Forest","Hofmann Forest","Hofmann Forest1",NA
541,35.5607492897168,1.41307692307692,1,16.9411125183105,24500.9556909948,0,16.9474449157715,21.8164125763216,0.401508986949921,4302.15,-0.540000890018821,0,"Hofmann Forest","Hofmann Forest","Hofmann Forest1",NA
542,35.5607492897168,1.363,1,16.8004417419434,20162.2292009034,0,16.8088226318359,24.0876548651133,0.400896459817886,4302.15,-0.540000890018821,0,"Hofmann Forest","Hofmann Forest","Hofmann Forest1",NA
543,35.5607492897168,1.394375,1,17.2999992370605,36409.5581835947,0,15.8849821090698,11.9710906952136,0.420506715774536,6.95,3.4309644359925,0,"Hofmann Forest","Hofmann Forest","Hofmann Forest1",NA
544,35.5607492897168,1.363,1,16.9917182922363,24175.7902287721,0,15.7670097351074,13.7072248510793,0.423004746437073,6.95,3.4309644359925,0,"Hofmann Forest","Hofmann Forest","Hofmann Forest1",NA
545,35.5607492897168,1.363,1,16.7421169281006,20162.2292009034,0,16.5167922973633,21.8345468144269,0.438977092504501,4302.15,-0.540000890018821,0,"Hofmann Forest","Hofmann Forest","Hofmann Forest1",NA
546,35.5607492897168,1.363,1,16.8999996185303,24175.7902287721,0,15.8966236114502,17.1125893229771,0.390449672937393,4302.15,-0.540000890018821,0,"Hofmann Forest","Hofmann Forest","Hofmann Forest1",NA
547,35.5607492897168,1.363,1,16.8999996185303,20162.2292009034,0,16.3283271789551,21.2758690893132,0.421846926212311,4302.15,-0.540000890018821,0,"Hofmann Forest","Hofmann Forest","Hofmann Forest1",NA
548,35.5607492897168,1.363,1,16.8000011444092,20162.2292009034,0,17.5232849121094,21.864950738755,0.413072645664215,4302.15,-0.540000890018821,0,"Hofmann Forest","Hofmann Forest","Hofmann Forest1",NA
549,35.5607492897168,1.363,1,17.1000003814697,24175.7902287721,0,14.2116794586182,12.498082294378,0.352250277996063,6.95,3.4309644359925,0,"Hofmann Forest","Hofmann Forest","Hofmann Forest1",NA
550,35.5607492897168,1.363,1,16.7999992370605,24175.7902287721,0,17.3946228027344,19.9835678699575,0.428076684474945,4302.15,-0.540000890018821,0,"Hofmann Forest","Hofmann Forest","Hofmann Forest1",NA
551,35.5607492897168,1.363,1,17.1000003814697,24175.7902287721,0,13.9313402175903,12.932419770024,0.3348268866539,6.95,3.4309644359925,0,"Hofmann Forest","Hofmann Forest","Hofmann Forest1",NA
552,35.5607492897168,1.363,1,16.8999996185303,24175.7902287721,0,16.3705615997314,16.3687694247122,0.436283111572266,4302.15,-0.540000890018821,0,"Hofmann Forest","Hofmann Forest","Hofmann Forest1",NA
553,35.5607492897168,1.58,0,17.3999996185303,625.002919397116,0,15.2808246612549,14.8125497037197,0.405973106622696,4302.15,-0.540000890018821,0,"Hofmann Forest","Hofmann Forest","Hofmann Forest1",NA
554,35.5607492897168,1.5865625,0,17.2000007629395,6593.08543445265,0,15.0080280303955,16.9755133627302,0.424855560064316,4302.15,-0.540000890018821,0,"Hofmann Forest","Hofmann Forest","Hofmann Forest1",NA
555,35.5607492897168,1.56904761904762,0,17.1814765930176,4928.75395862977,0,14.5338859558105,16.1117706492299,0.417257070541382,4302.15,-0.540000890018821,0,"Hofmann Forest","Hofmann Forest","Hofmann Forest1",NA
556,35.5607492897168,1.363,1,17,24175.7902287721,0,15.9099025726318,11.1534303823073,0.418537586927414,6.95,3.4309644359925,0,"Hofmann Forest","Hofmann Forest","Hofmann Forest1",NA
557,35.5607492897168,1.59685714285714,0,17.3999996185303,1879.52204999885,0,14.8369655609131,10.4791425867262,0.391440838575363,6.95,3.4309644359925,0,"Hofmann Forest","Hofmann Forest","Hofmann Forest1",NA
558,35.5607492897168,1.394375,1,16.9000015258789,24421.8630482167,0,16.5647487640381,16.6349172774878,0.417307794094086,4302.15,-0.540000890018821,0,"Hofmann Forest","Hofmann Forest","Hofmann Forest1",NA
559,35.5607492897168,1.363,1,17,24175.7902287721,0,15.7414646148682,12.3070280798977,0.42876985669136,6.95,3.4309644359925,0,"Hofmann Forest","Hofmann Forest","Hofmann Forest1",NA
560,35.5607492897168,1.363,1,16.8999996185303,20162.2292009034,0,15.638466835022,20.798281680728,0.284526467323303,4302.15,-0.540000890018821,0,"Hofmann Forest","Hofmann Forest","Hofmann Forest1",NA
561,35.5607492897168,1.394375,1,17.1653308868408,36409.5581835947,0,15.9384660720825,13.2334897139706,0.407302856445312,4302.15,-0.540000890018821,0,"Hofmann Forest","Hofmann Forest","Hofmann Forest1",NA
562,35.5607492897168,1.363,1,16.8999996185303,24175.7902287721,0,15.5628871917725,17.6186618443619,0.352386265993118,4302.15,-0.540000890018821,0,"Hofmann Forest","Hofmann Forest","Hofmann Forest1",NA
563,35.5607492897168,1.363,1,17.0872325897217,24175.7902287721,0,15.8560619354248,14.7347351313129,0.432843506336212,4302.15,-0.540000890018821,0,"Hofmann Forest","Hofmann Forest","Hofmann Forest1",NA
564,35.5607492897168,1.57909090909091,0,17.1095676422119,1608.28844432001,0,15.4281520843506,16.0957943412568,0.429314911365509,4302.15,-0.540000890018821,0,"Hofmann Forest","Hofmann Forest","Hofmann Forest1",NA
565,35.5607492897168,1.363,1,16.9285144805908,24175.7902287721,0,16.596212387085,14.9772589869683,0.428346335887909,4302.15,-0.540000890018821,0,"Hofmann Forest","Hofmann Forest","Hofmann Forest1",NA
566,35.5607492897168,1.41307692307692,1,17.1016979217529,24800.7931481693,0,15.6670389175415,13.6643290935504,0.348486572504044,4302.15,-0.540000890018821,0,"Hofmann Forest","Hofmann Forest","Hofmann Forest1",NA
567,35.5607492897168,1.363,1,16.9771251678467,24175.7902287721,0,16.3313274383545,14.1298103103315,0.435892373323441,4302.15,-0.540000890018821,0,"Hofmann Forest","Hofmann Forest","Hofmann Forest1",NA
568,35.5607492897168,1.42368421052632,1,16.9962406158447,24525.0428182918,0,15.1862916946411,16.8825883076884,0.403340190649033,4302.15,-0.540000890018821,0,"Hofmann Forest","Hofmann Forest","Hofmann Forest1",NA
569,35.5607492897168,1.363,1,17.0453624725342,24175.7902287721,0,13.5125703811646,15.3871567811466,0.399319380521774,6.95,3.4309644359925,0,"Hofmann Forest","Hofmann Forest","Hofmann Forest1",NA
570,35.5607492897168,1.363,1,16.7426872253418,24175.7902287721,0,17.2344532012939,21.1886586028797,0.424589812755585,4302.15,-0.540000890018821,0,"Hofmann Forest","Hofmann Forest","Hofmann Forest1",NA
571,35.5607492897168,1.444375,1,16.9049682617188,25398.9891714415,0,16.7217121124268,19.3565128077505,0.396065503358841,4302.15,-0.540000890018821,0,"Hofmann Forest","Hofmann Forest","Hofmann Forest1",NA
572,35.5607492897168,1.363,1,17.0946750640869,44338.0194296756,0,15.8089838027954,19.871604908713,0.368120551109314,4302.15,-0.540000890018821,0,"Hofmann Forest","Hofmann Forest","Hofmann Forest1",NA
573,35.5607492897168,1.363,1,16.7999992370605,24175.7902287721,0,17.3392810821533,20.1067286444863,0.434359043836594,4302.15,-0.540000890018821,0,"Hofmann Forest","Hofmann Forest","Hofmann Forest1",NA
574,35.5607492897168,1.363,1,17.0000019073486,24175.7902287721,0,16.4636516571045,14.7117322422715,0.420248985290527,4302.15,-0.540000890018821,0,"Hofmann Forest","Hofmann Forest","Hofmann Forest1",NA
575,35.5607492897168,1.394375,1,16.9000015258789,24421.8630482167,0,16.6622695922852,16.5996096847282,0.414141982793808,4302.15,-0.540000890018821,0,"Hofmann Forest","Hofmann Forest","Hofmann Forest1",NA
576,35.5607492897168,1.363,1,16.8096218109131,24175.7902287721,0,17.139347076416,19.834045656712,0.431000560522079,4302.15,-0.540000890018821,0,"Hofmann Forest","Hofmann Forest","Hofmann Forest1",NA
577,35.5607492897168,1.363,1,16.8999996185303,24175.7902287721,0,16.434103012085,14.898027979065,0.431029409170151,4302.15,-0.540000890018821,0,"Hofmann Forest","Hofmann Forest","Hofmann Forest1",NA
578,35.5607492897168,1.41307692307692,1,16.9999980926514,24573.5341335022,0,14.2651681900024,14.8746507471665,0.447256624698639,6.95,3.4309644359925,0,"Hofmann Forest","Hofmann Forest","Hofmann Forest1",NA
579,35.5607492897168,1.363,1,17,24175.7902287721,0,16.3270816802979,13.8425326564655,0.4239521920681,6.95,3.4309644359925,0,"Hofmann Forest","Hofmann Forest","Hofmann Forest1",NA
580,35.5607492897168,1.363,1,16.9056091308594,24175.7902287721,0,16.8135166168213,20.9606492044768,0.404442816972733,4302.15,-0.540000890018821,0,"Hofmann Forest","Hofmann Forest","Hofmann Forest1",NA
581,35.5607492897168,1.596,0,16.9116306304932,3451.87987273905,0,16.822114944458,24.8182637921471,0.410145580768585,4302.15,-0.540000890018821,0,"Hofmann Forest","Hofmann Forest","Hofmann Forest1",NA
582,35.5607492897168,1.363,1,16.9000854492188,24175.7902287721,0,15.8096799850464,18.4841334198265,0.371952474117279,4302.15,-0.540000890018821,0,"Hofmann Forest","Hofmann Forest","Hofmann Forest1",NA
583,35.5607492897168,1.363,1,16.8822441101074,24175.7902287721,0,16.6246604919434,19.076804144613,0.408470332622528,4302.15,-0.540000890018821,0,"Hofmann Forest","Hofmann Forest","Hofmann Forest1",NA
584,35.5607492897168,1.363,1,16.8009071350098,24175.7902287721,0,17.06325340271,18.7924297841955,0.418639242649078,4302.15,-0.540000890018821,0,"Hofmann Forest","Hofmann Forest","Hofmann Forest1",NA
585,35.5607492897168,1.363,1,16.9000015258789,20162.2292009034,0,16.2907886505127,22.3656417987638,0.4199338555336,4302.15,-0.540000890018821,0,"Hofmann Forest","Hofmann Forest","Hofmann Forest1",NA
586,35.5607492897168,1.363,1,16.9952945709229,24175.7902287721,0,15.8953056335449,14.2948405670515,0.436645686626434,6.95,3.4309644359925,0,"Hofmann Forest","Hofmann Forest","Hofmann Forest1",NA
587,35.5607492897168,1.45055555555556,1,17.0109100341797,24603.1340979689,0,14.4505853652954,15.2233819629516,0.345427364110947,6.95,3.4309644359925,0,"Hofmann Forest","Hofmann Forest","Hofmann Forest1",NA
588,35.5607492897168,1.363,1,16.8999996185303,24175.7902287721,0,16.627067565918,16.5208782836808,0.416867226362228,4302.15,-0.540000890018821,0,"Hofmann Forest","Hofmann Forest","Hofmann Forest1",NA
589,35.5607492897168,1.363,1,17.0915718078613,24175.7902287721,0,15.33815574646,11.4409392147787,0.43566283583641,6.95,3.4309644359925,0,"Hofmann Forest","Hofmann Forest","Hofmann Forest1",NA
590,35.5607492897168,1.394375,1,16.8999996185303,24421.8630482167,0,16.6257190704346,16.2176736566259,0.425171047449112,4302.15,-0.540000890018821,0,"Hofmann Forest","Hofmann Forest","Hofmann Forest1",NA
591,35.5607492897168,1.363,1,16.7920207977295,20162.2292009034,0,17.3991432189941,21.145285785749,0.420503795146942,4302.15,-0.540000890018821,0,"Hofmann Forest","Hofmann Forest","Hofmann Forest1",NA
592,35.5607492897168,1.363,1,16.8999996185303,24175.7902287721,0,16.2522163391113,17.2812635238925,0.455187261104584,4302.15,-0.540000890018821,0,"Hofmann Forest","Hofmann Forest","Hofmann Forest1",NA
593,35.5607492897168,1.363,1,16.7999992370605,24175.7902287721,0,17.5307598114014,20.3602359549009,0.430112183094025,4302.15,-0.540000890018821,0,"Hofmann Forest","Hofmann Forest","Hofmann Forest1",NA
594,35.5607492897168,1.363,1,16.7999744415283,20162.2292009034,0,17.4107475280762,22.3495756183628,0.4201799929142,4302.15,-0.540000890018821,0,"Hofmann Forest","Hofmann Forest","Hofmann Forest1",NA
595,35.5607492897168,1.363,1,16.7735729217529,20162.2292009034,0,17.1982002258301,23.5076868798001,0.415743082761765,4302.15,-0.540000890018821,0,"Hofmann Forest","Hofmann Forest","Hofmann Forest1",NA
596,35.5607492897168,1.444375,1,17.0000019073486,27808.6206688129,0,16.5284442901611,22.655527877992,0.40580078959465,4302.15,-0.540000890018821,0,"Hofmann Forest","Hofmann Forest","Hofmann Forest1",NA
597,35.5607492897168,1.363,1,16.7133522033691,44338.0194296756,0,17.1764717102051,20.8115222660454,0.420546650886536,4302.15,-0.540000890018821,0,"Hofmann Forest","Hofmann Forest","Hofmann Forest1",NA
598,35.5607492897168,1.363,1,17.1781921386719,24175.7902287721,0,15.3674669265747,12.2421343405582,0.400548934936523,6.95,3.4309644359925,0,"Hofmann Forest","Hofmann Forest","Hofmann Forest1",NA
599,35.5607492897168,1.363,1,16.889518737793,24175.7902287721,0,16.9696788787842,17.7088087577764,0.415812522172928,4302.15,-0.540000890018821,0,"Hofmann Forest","Hofmann Forest","Hofmann Forest1",NA
600,35.5607492897168,1.363,1,16.7999992370605,24175.7902287721,0,17.5202922821045,21.1172035028243,0.422097057104111,4302.15,-0.540000890018821,0,"Hofmann Forest","Hofmann Forest","Hofmann Forest1",NA
601,35.5607492897168,1.363,1,17,24175.7902287721,0,16.3533000946045,13.1818087292195,0.430577427148819,6.95,3.4309644359925,0,"Hofmann Forest","Hofmann Forest","Hofmann Forest1",NA
602,35.5607492897168,1.54173913043478,1,17.2189960479736,13420.4730730855,0,15.4681453704834,12.5495247121931,0.364099860191345,4302.15,-0.540000890018821,0,"Hofmann Forest","Hofmann Forest","Hofmann Forest1",NA
603,35.5607492897168,1.363,1,16.7116794586182,20162.2292009034,0,17.463493347168,21.8997245030404,0.425933986902237,4302.15,-0.540000890018821,0,"Hofmann Forest","Hofmann Forest","Hofmann Forest1",NA
604,35.5607492897168,1.363,1,16.9384593963623,24175.7902287721,0,15.325252532959,17.9052710973309,0.401390194892883,4302.15,-0.540000890018821,0,"Hofmann Forest","Hofmann Forest","Hofmann Forest1",NA
605,35.5607492897168,1.41307692307692,1,16.9454956054688,25318.142857925,0,16.7489471435547,18.0633251012131,0.433228731155396,4302.15,-0.540000890018821,0,"Hofmann Forest","Hofmann Forest","Hofmann Forest1",NA
606,35.5607492897168,1.363,1,17.1000003814697,24175.7902287721,0,13.6288108825684,14.1536758806751,0.390207380056381,6.95,3.4309644359925,0,"Hofmann Forest","Hofmann Forest","Hofmann Forest1",NA
607,35.5607492897168,1.363,1,17.1560306549072,24175.7902287721,0,13.8474702835083,15.3599087556528,0.433896273374557,6.95,3.4309644359925,0,"Hofmann Forest","Hofmann Forest","Hofmann Forest1",NA
608,35.5607492897168,1.363,1,16.808219909668,20162.2292009034,0,17.154899597168,21.1712823918784,0.41669899225235,4302.15,-0.540000890018821,0,"Hofmann Forest","Hofmann Forest","Hofmann Forest1",NA
609,35.5607492897168,1.41307692307692,1,16.8999996185303,24256.6365422887,0,16.7646026611328,19.8231476369512,0.34123495221138,4302.15,-0.540000890018821,0,"Hofmann Forest","Hofmann Forest","Hofmann Forest1",NA
610,35.5607492897168,1.41307692307692,1,17.0622749328613,24573.5341335022,0,13.5133666992188,16.1168986228344,0.386221408843994,6.95,3.4309644359925,0,"Hofmann Forest","Hofmann Forest","Hofmann Forest1",NA
611,35.5607492897168,1.41307692307692,1,16.9999980926514,24500.9556909948,0,16.6330852508545,22.0931061553978,0.426614344120026,4302.15,-0.540000890018821,0,"Hofmann Forest","Hofmann Forest","Hofmann Forest1",NA
612,35.5607492897168,1.363,1,16.8243083953857,24175.7902287721,0,17.1363677978516,19.9218552906664,0.431858271360397,4302.15,-0.540000890018821,0,"Hofmann Forest","Hofmann Forest","Hofmann Forest1",NA
613,35.5607492897168,1.363,1,16.991039276123,24175.7902287721,0,16.7658214569092,17.7008218416452,0.422172784805298,4302.15,-0.540000890018821,0,"Hofmann Forest","Hofmann Forest","Hofmann Forest1",NA
614,35.5607492897168,1.41307692307692,1,16.9587249755859,24573.5341335022,0,15.1555099487305,14.3432532042326,0.460383862257004,6.95,3.4309644359925,0,"Hofmann Forest","Hofmann Forest","Hofmann Forest1",NA
615,35.5607492897168,1.363,1,16.7999992370605,24175.7902287721,0,17.0964012145996,18.947158144979,0.421759277582169,4302.15,-0.540000890018821,0,"Hofmann Forest","Hofmann Forest","Hofmann Forest1",NA
616,35.5607492897168,1.363,1,16.8395709991455,24175.7902287721,0,17.308177947998,19.7821349984543,0.431874871253967,4302.15,-0.540000890018821,0,"Hofmann Forest","Hofmann Forest","Hofmann Forest1",NA
617,35.5607492897168,1.363,1,17.1000022888184,24175.7902287721,0,15.7808208465576,14.280127512645,0.346839964389801,4302.15,-0.540000890018821,0,"Hofmann Forest","Hofmann Forest","Hofmann Forest1",NA
618,35.5607492897168,1.363,1,16.8999996185303,24175.7902287721,0,17.1124877929688,20.2812667966422,0.430193513631821,4302.15,-0.540000890018821,0,"Hofmann Forest","Hofmann Forest","Hofmann Forest1",NA
619,35.5607492897168,1.363,1,16.7315540313721,24175.7902287721,0,17.3245239257812,20.7837056751166,0.423164635896683,4302.15,-0.540000890018821,0,"Hofmann Forest","Hofmann Forest","Hofmann Forest1",NA
620,35.5607492897168,1.576,0,17.111120223999,1581.25608502438,0,16.1079444885254,18.1329703862029,0.413120567798615,4302.15,-0.540000890018821,0,"Hofmann Forest","Hofmann Forest","Hofmann Forest1",NA
621,35.5607492897168,1.363,1,17.0200176239014,24175.7902287721,0,14.0487270355225,14.7318110964621,0.475792527198792,6.95,3.4309644359925,0,"Hofmann Forest","Hofmann Forest","Hofmann Forest1",NA
622,35.5607492897168,1.363,1,16.8466720581055,24175.7902287721,0,16.9317245483398,19.4576877527862,0.434958010911942,4302.15,-0.540000890018821,0,"Hofmann Forest","Hofmann Forest","Hofmann Forest1",NA
623,35.5607492897168,1.363,1,17.1601905822754,24175.7902287721,0,13.3538646697998,13.3649709754176,0.386424660682678,6.95,3.4309644359925,0,"Hofmann Forest","Hofmann Forest","Hofmann Forest1",NA
624,35.5607492897168,1.363,1,16.8999996185303,24175.7902287721,0,16.0200309753418,15.8286142250513,0.41639769077301,4302.15,-0.540000890018821,0,"Hofmann Forest","Hofmann Forest","Hofmann Forest1",NA
625,35.5607492897168,1.363,1,16.8999996185303,24175.7902287721,0,15.4694881439209,17.4989652867522,0.386210411787033,4302.15,-0.540000890018821,0,"Hofmann Forest","Hofmann Forest","Hofmann Forest1",NA
626,35.5607492897168,1.363,1,17.1000003814697,24175.7902287721,0,15.8029727935791,13.9063126096651,0.285742670297623,4302.15,-0.540000890018821,0,"Hofmann Forest","Hofmann Forest","Hofmann Forest1",NA
627,35.5607492897168,1.54173913043478,1,17.3054542541504,13420.4730730855,0,15.4683694839478,10.513283503932,0.426849246025085,6.95,3.4309644359925,0,"Hofmann Forest","Hofmann Forest","Hofmann Forest1",NA
628,35.5607492897168,1.363,1,16.8999996185303,24175.7902287721,0,16.1309032440186,16.0261611908551,0.416203886270523,4302.15,-0.540000890018821,0,"Hofmann Forest","Hofmann Forest","Hofmann Forest1",NA
629,35.5607492897168,1.363,1,16.8311901092529,24175.7902287721,0,17.4995994567871,20.2856009091867,0.415857344865799,4302.15,-0.540000890018821,0,"Hofmann Forest","Hofmann Forest","Hofmann Forest1",NA
630,35.5607492897168,1.363,1,17.0607814788818,20162.2292009034,0,15.809684753418,20.1952555878812,0.313674986362457,4302.15,-0.540000890018821,0,"Hofmann Forest","Hofmann Forest","Hofmann Forest1",NA
631,35.5607492897168,1.363,1,17,24175.7902287721,0,16.2381458282471,12.7980497649466,0.428299725055695,6.95,3.4309644359925,0,"Hofmann Forest","Hofmann Forest","Hofmann Forest1",NA
632,35.5607492897168,1.394375,1,17,25957.0487572377,0,16.4522304534912,21.4145273990012,0.397960245609283,4302.15,-0.540000890018821,0,"Hofmann Forest","Hofmann Forest","Hofmann Forest1",NA
633,35.5607492897168,1.394375,1,17.155294418335,36409.5581835947,0,16.150785446167,11.989481240297,0.428066730499268,6.95,3.4309644359925,0,"Hofmann Forest","Hofmann Forest","Hofmann Forest1",NA
634,35.5607492897168,1.363,1,16.8383045196533,20162.2292009034,0,16.8580913543701,23.4248523468042,0.419349402189255,4302.15,-0.540000890018821,0,"Hofmann Forest","Hofmann Forest","Hofmann Forest1",NA
635,35.5607492897168,1.363,1,17.0364837646484,24175.7902287721,0,15.4414863586426,10.881572834391,0.404612809419632,6.95,3.4309644359925,0,"Hofmann Forest","Hofmann Forest","Hofmann Forest1",NA
636,35.5607492897168,1.363,1,17,24175.7902287721,0,15.8672761917114,12.567246209626,0.412303239107132,6.95,3.4309644359925,0,"Hofmann Forest","Hofmann Forest","Hofmann Forest1",NA
637,35.5607492897168,1.363,1,17,24175.7902287721,0,15.972710609436,12.2333710234376,0.410951942205429,6.95,3.4309644359925,0,"Hofmann Forest","Hofmann Forest","Hofmann Forest1",NA
638,35.5607492897168,1.363,1,17,24175.7902287721,0,15.0696296691895,13.2846962609671,0.399468660354614,6.95,3.4309644359925,0,"Hofmann Forest","Hofmann Forest","Hofmann Forest1",NA
639,35.5607492897168,1.394375,1,17.0065650939941,24421.8630482167,0,16.1543121337891,15.3305697419221,0.441054224967957,4302.15,-0.540000890018821,0,"Hofmann Forest","Hofmann Forest","Hofmann Forest1",NA
640,35.5607492897168,1.363,1,17.1801662445068,24175.7902287721,0,15.2397346496582,11.8146334750921,0.424195349216461,6.95,3.4309644359925,0,"Hofmann Forest","Hofmann Forest","Hofmann Forest1",NA
641,35.5607492897168,1.54173913043478,1,17.2999992370605,13420.4730730855,0,15.3037147521973,11.7502770881859,0.403115421533585,6.95,3.4309644359925,0,"Hofmann Forest","Hofmann Forest","Hofmann Forest1",NA
642,35.5607492897168,1.56655172413793,0,17.3101577758789,4863.42271430789,0,13.8998737335205,14.3286396830135,0.374356597661972,4302.15,-0.540000890018821,0,"Hofmann Forest","Hofmann Forest","Hofmann Forest1",NA
643,35.5607492897168,1.44666666666667,1,17.3052234649658,12233.7679548225,0,15.4033536911011,11.5677772562002,0.426601529121399,6.95,3.4309644359925,0,"Hofmann Forest","Hofmann Forest","Hofmann Forest1",NA
644,35.5607492897168,1.363,1,17.0695514678955,24175.7902287721,0,13.7198829650879,15.3545254852181,0.428860127925873,6.95,3.4309644359925,0,"Hofmann Forest","Hofmann Forest","Hofmann Forest1",NA
645,35.5607492897168,1.57627450980392,1,17.2999992370605,14807.7901028343,0,14.8940629959106,12.1119540972641,0.390891164541245,4302.15,-0.540000890018821,0,"Hofmann Forest","Hofmann Forest","Hofmann Forest1",NA
646,35.5607492897168,1.363,1,16.9541606903076,24175.7902287721,0,15.1930408477783,15.9688782939393,0.426037400960922,4302.15,-0.540000890018821,0,"Hofmann Forest","Hofmann Forest","Hofmann Forest1",NA
647,35.5607492897168,1.394375,1,17.1885528564453,36409.5581835947,0,15.4141883850098,11.1804905170542,0.387370526790619,6.95,3.4309644359925,0,"Hofmann Forest","Hofmann Forest","Hofmann Forest1",NA
648,35.5607492897168,1.363,1,16.7999992370605,20162.2292009034,0,16.9496421813965,23.3052461874457,0.412048846483231,4302.15,-0.540000890018821,0,"Hofmann Forest","Hofmann Forest","Hofmann Forest1",NA
649,35.5607492897168,1.394375,1,16.9995899200439,24490.0857646151,0,14.8729295730591,16.7210852966935,0.379927486181259,4302.15,-0.540000890018821,0,"Hofmann Forest","Hofmann Forest","Hofmann Forest1",NA
650,35.5607492897168,1.41307692307692,1,17.118537902832,24573.5341335022,0,13.9987926483154,15.6687599296595,0.394767552614212,6.95,3.4309644359925,0,"Hofmann Forest","Hofmann Forest","Hofmann Forest1",NA
651,35.5607492897168,1.363,1,17,24175.7902287721,0,14.5793933868408,15.3828879562991,0.42676654458046,6.95,3.4309644359925,0,"Hofmann Forest","Hofmann Forest","Hofmann Forest1",NA
652,35.5607492897168,1.363,1,16.9492530822754,24175.7902287721,0,16.4251308441162,14.3966857330987,0.436978280544281,4302.15,-0.540000890018821,0,"Hofmann Forest","Hofmann Forest","Hofmann Forest1",NA
653,35.5607492897168,1.54173913043478,1,17.3435478210449,12389.2200588296,0,15.1096668243408,10.4497469938685,0.393069714307785,6.95,3.4309644359925,0,"Hofmann Forest","Hofmann Forest","Hofmann Forest1",NA
654,35.5607492897168,1.363,1,16.7999992370605,20162.2292009034,0,17.5229511260986,21.5095043388328,0.405654639005661,4302.15,-0.540000890018821,0,"Hofmann Forest","Hofmann Forest","Hofmann Forest1",NA
655,35.5607492897168,1.57777777777778,0,17.400505065918,1210.89113663531,0,16.7306880950928,13.4486613117017,0.309577256441116,4302.15,-0.540000890018821,0,"Hofmann Forest","Hofmann Forest","Hofmann Forest1",NA
656,35.5607492897168,1.363,1,17,24175.7902287721,0,16.2952690124512,13.7390740825451,0.435978800058365,4302.15,-0.540000890018821,0,"Hofmann Forest","Hofmann Forest","Hofmann Forest1",NA
657,35.5607492897168,1.363,1,17,24175.7902287721,0,16.3318519592285,13.2253490416462,0.424255073070526,4302.15,-0.540000890018821,0,"Hofmann Forest","Hofmann Forest","Hofmann Forest1",NA
658,35.5607492897168,1.41307692307692,1,17.251485824585,24800.7931481693,0,15.5043001174927,13.4318874198871,0.423467695713043,4302.15,-0.540000890018821,0,"Hofmann Forest","Hofmann Forest","Hofmann Forest1",NA
659,35.5607492897168,1.363,1,16.9332618713379,24175.7902287721,0,16.2246761322021,18.9533045912343,0.414764970541,4302.15,-0.540000890018821,0,"Hofmann Forest","Hofmann Forest","Hofmann Forest1",NA
660,35.5607492897168,1.363,1,16.7819976806641,20162.2292009034,0,17.3856639862061,22.7101926468192,0.422335177659988,4302.15,-0.540000890018821,0,"Hofmann Forest","Hofmann Forest","Hofmann Forest1",NA
661,35.5607492897168,1.363,1,17.0000610351562,24175.7902287721,0,15.8218021392822,11.7587996728653,0.419235229492188,6.95,3.4309644359925,0,"Hofmann Forest","Hofmann Forest","Hofmann Forest1",NA
662,35.5607492897168,1.363,1,17,24175.7902287721,0,15.9261960983276,12.4995562630427,0.3988196849823,6.95,3.4309644359925,0,"Hofmann Forest","Hofmann Forest","Hofmann Forest1",NA
663,35.5607492897168,1.363,1,16.8011875152588,20162.2292009034,0,16.9962902069092,23.080092364785,0.446163535118103,4302.15,-0.540000890018821,0,"Hofmann Forest","Hofmann Forest","Hofmann Forest1",NA
664,35.5607492897168,1.41307692307692,1,16.9551868438721,24500.9556909948,0,16.7237453460693,21.7974360400494,0.401273041963577,4302.15,-0.540000890018821,0,"Hofmann Forest","Hofmann Forest","Hofmann Forest1",NA
665,35.5607492897168,1.363,1,16.8023223876953,24175.7902287721,0,16.8036365509033,16.7386772518825,0.424483776092529,4302.15,-0.540000890018821,0,"Hofmann Forest","Hofmann Forest","Hofmann Forest1",NA
666,35.5607492897168,1.363,1,16.8622913360596,24175.7902287721,0,17.0513896942139,18.7304501512998,0.419763475656509,4302.15,-0.540000890018821,0,"Hofmann Forest","Hofmann Forest","Hofmann Forest1",NA
667,35.5607492897168,1.363,1,17,24175.7902287721,0,16.2886047363281,13.5618314754562,0.431117504835129,4302.15,-0.540000890018821,0,"Hofmann Forest","Hofmann Forest","Hofmann Forest1",NA
668,35.5607492897168,1.363,1,17,24175.7902287721,0,16.371150970459,13.6690280455419,0.433324575424194,4302.15,-0.540000890018821,0,"Hofmann Forest","Hofmann Forest","Hofmann Forest1",NA
669,35.5607492897168,1.363,1,17,24175.7902287721,0,14.8009128570557,14.7906571565389,0.458160281181335,6.95,3.4309644359925,0,"Hofmann Forest","Hofmann Forest","Hofmann Forest1",NA
670,35.5607492897168,1.363,1,17,24175.7902287721,0,13.8768377304077,16.2509625207043,0.385241061449051,6.95,3.4309644359925,0,"Hofmann Forest","Hofmann Forest","Hofmann Forest1",NA
671,35.5607492897168,1.363,1,16.8256549835205,20162.2292009034,0,16.7898693084717,24.2476976224679,0.395197570323944,4302.15,-0.540000890018821,0,"Hofmann Forest","Hofmann Forest","Hofmann Forest1",NA
672,35.5607492897168,1.363,1,16.9994049072266,20162.2292009034,0,15.7309341430664,21.9994449661446,0.404166132211685,4302.15,-0.540000890018821,0,"Hofmann Forest","Hofmann Forest","Hofmann Forest1",NA
673,35.5607492897168,1.58333333333333,0,17.1340312957764,5146.81399839817,0,14.5683755874634,15.6733273089338,0.436287641525269,4302.15,-0.540000890018821,0,"Hofmann Forest","Hofmann Forest","Hofmann Forest1",NA
674,35.5607492897168,1.54708333333333,1,17.0330944061279,25858.7702021739,0,15.9927797317505,17.9450985928968,0.426757842302322,4302.15,-0.540000890018821,0,"Hofmann Forest","Hofmann Forest","Hofmann Forest1",NA
675,35.5607492897168,1.363,1,17,24175.7902287721,0,16.0041999816895,11.643173438822,0.410750061273575,6.95,3.4309644359925,0,"Hofmann Forest","Hofmann Forest","Hofmann Forest1",NA
676,35.5607492897168,1.363,1,16.9785099029541,24175.7902287721,0,16.4909362792969,14.7633629712249,0.426247358322144,4302.15,-0.540000890018821,0,"Hofmann Forest","Hofmann Forest","Hofmann Forest1",NA
677,35.5607492897168,1.41307692307692,1,16.8188629150391,24256.6365422887,0,16.7618255615234,19.6234689510009,0.41967037320137,4302.15,-0.540000890018821,0,"Hofmann Forest","Hofmann Forest","Hofmann Forest1",NA
678,35.5607492897168,1.41307692307692,1,16.8999977111816,25318.142857925,0,16.6128826141357,18.4514844409996,0.439693242311478,4302.15,-0.540000890018821,0,"Hofmann Forest","Hofmann Forest","Hofmann Forest1",NA
679,35.5607492897168,1.363,1,16.7000007629395,44338.0194296756,0,17.3384456634521,21.1633481917068,0.420833170413971,4302.15,-0.540000890018821,0,"Hofmann Forest","Hofmann Forest","Hofmann Forest1",NA
680,35.5607492897168,1.363,1,16.7999992370605,20162.2292009034,0,17.2829151153564,20.9644701833222,0.410953968763351,4302.15,-0.540000890018821,0,"Hofmann Forest","Hofmann Forest","Hofmann Forest1",NA
681,35.5607492897168,1.596,0,17.3664817810059,2434.3735977924,0,13.8169202804565,12.107310393664,0.422976136207581,4302.15,-0.540000890018821,0,"Hofmann Forest","Hofmann Forest","Hofmann Forest1",NA
682,35.5607492897168,1.59270833333333,0,17.4562015533447,2591.34188292474,0,15.7073841094971,12.7475594093535,0.3746717274189,4302.15,-0.540000890018821,0,"Hofmann Forest","Hofmann Forest","Hofmann Forest1",NA
683,35.5607492897168,1.363,1,16.7907752990723,20162.2292009034,0,17.3006477355957,22.2274658105536,0.420335024595261,4302.15,-0.540000890018821,0,"Hofmann Forest","Hofmann Forest","Hofmann Forest1",NA
684,35.5607492897168,1.363,1,16.849983215332,24175.7902287721,0,16.918285369873,19.0978076211626,0.421771615743637,4302.15,-0.540000890018821,0,"Hofmann Forest","Hofmann Forest","Hofmann Forest1",NA
685,35.5607492897168,1.394375,1,17.0573425292969,24421.8630482167,0,15.4660348892212,15.2071350443269,0.443591296672821,4302.15,-0.540000890018821,0,"Hofmann Forest","Hofmann Forest","Hofmann Forest1",NA
686,35.5607492897168,1.394375,1,17.2398815155029,36409.5581835947,0,15.4677658081055,11.1414461766024,0.396565467119217,6.95,3.4309644359925,0,"Hofmann Forest","Hofmann Forest","Hofmann Forest1",NA
687,35.5607492897168,1.363,1,16.8039226531982,20162.2292009034,0,16.554027557373,24.2184113698415,0.282169014215469,4302.15,-0.540000890018821,0,"Hofmann Forest","Hofmann Forest","Hofmann Forest1",NA
688,35.5607492897168,1.41307692307692,1,16.8816146850586,23469.8941787215,0,16.496524810791,23.6271046839035,0.418188273906708,4302.15,-0.540000890018821,0,"Hofmann Forest","Hofmann Forest","Hofmann Forest1",NA
689,35.5607492897168,1.363,1,17.1000022888184,24175.7902287721,0,15.6435632705688,10.6891817114343,0.408600747585297,6.95,3.4309644359925,0,"Hofmann Forest","Hofmann Forest","Hofmann Forest1",NA
690,35.5607492897168,1.41307692307692,1,16.8500347137451,24500.9556909948,0,17.2013092041016,21.5084323393487,0.417565613985062,4302.15,-0.540000890018821,0,"Hofmann Forest","Hofmann Forest","Hofmann Forest1",NA
691,35.5607492897168,1.363,1,17.1522026062012,24175.7902287721,0,13.4309539794922,13.6452562225661,0.40237233042717,6.95,3.4309644359925,0,"Hofmann Forest","Hofmann Forest","Hofmann Forest1",NA
692,35.5607492897168,1.363,1,16.9697227478027,24175.7902287721,0,16.4029293060303,13.9056548515484,0.415889739990234,4302.15,-0.540000890018821,0,"Hofmann Forest","Hofmann Forest","Hofmann Forest1",NA
693,35.5607492897168,1.363,1,16.9673442840576,20162.2292009034,0,16.2163715362549,22.5001860615144,0.422002971172333,4302.15,-0.540000890018821,0,"Hofmann Forest","Hofmann Forest","Hofmann Forest1",NA
694,35.5607492897168,1.421875,1,16.8019695281982,20341.3734344337,0,16.7680492401123,24.0973964619703,0.403469890356064,4302.15,-0.540000890018821,0,"Hofmann Forest","Hofmann Forest","Hofmann Forest1",NA
695,35.5607492897168,1.363,1,17.0248947143555,24175.7902287721,0,14.215726852417,14.5776213340045,0.433692008256912,6.95,3.4309644359925,0,"Hofmann Forest","Hofmann Forest","Hofmann Forest1",NA
696,35.5607492897168,1.58,0,16.9997825622559,3307.66497781808,0,16.3081722259521,23.4495579410031,0.4108005464077,4302.15,-0.540000890018821,0,"Hofmann Forest","Hofmann Forest","Hofmann Forest1",NA
697,35.5607492897168,1.363,1,16.7999992370605,24175.7902287721,0,17.2461318969727,19.5404364345142,0.446095705032349,4302.15,-0.540000890018821,0,"Hofmann Forest","Hofmann Forest","Hofmann Forest1",NA
698,35.5607492897168,1.363,1,17.1000003814697,24175.7902287721,0,15.3152418136597,10.4008818097448,0.422330319881439,6.95,3.4309644359925,0,"Hofmann Forest","Hofmann Forest","Hofmann Forest1",NA
699,35.5607492897168,1.394375,1,17.2534942626953,36409.5581835947,0,15.2774887084961,10.0891496587322,0.393092662096024,6.95,3.4309644359925,0,"Hofmann Forest","Hofmann Forest","Hofmann Forest1",NA
700,35.5607492897168,1.363,1,17,24175.7902287721,0,15.955714225769,13.4860442328061,0.415963441133499,6.95,3.4309644359925,0,"Hofmann Forest","Hofmann Forest","Hofmann Forest1",NA
701,35.5607492897168,1.363,1,17.1965103149414,24175.7902287721,0,13.5545415878296,12.867420164836,0.362283140420914,6.95,3.4309644359925,0,"Hofmann Forest","Hofmann Forest","Hofmann Forest1",NA
702,35.5607492897168,1.44666666666667,1,17.2944984436035,12233.7679548225,0,15.3114337921143,9.92870813599114,0.393214702606201,6.95,3.4309644359925,0,"Hofmann Forest","Hofmann Forest","Hofmann Forest1",NA
703,35.5607492897168,1.363,1,16.7999992370605,24175.7902287721,0,16.7247581481934,16.5781526366304,0.434333652257919,4302.15,-0.540000890018821,0,"Hofmann Forest","Hofmann Forest","Hofmann Forest1",NA
704,35.5607492897168,1.41307692307692,1,16.9097309112549,23469.8941787215,0,16.3660278320312,24.4141984339023,0.370658457279205,4302.15,-0.540000890018821,0,"Hofmann Forest","Hofmann Forest","Hofmann Forest1",NA
705,35.5607492897168,1.444375,1,16.8655891418457,25398.9891714415,0,16.6058578491211,19.2084116793037,0.409321486949921,4302.15,-0.540000890018821,0,"Hofmann Forest","Hofmann Forest","Hofmann Forest1",NA
706,35.5607492897168,1.363,1,16.8999996185303,24175.7902287721,0,16.6274223327637,15.6413767238338,0.416088461875916,4302.15,-0.540000890018821,0,"Hofmann Forest","Hofmann Forest","Hofmann Forest1",NA
707,35.5607492897168,1.58,0,17.3791809082031,625.002919397116,0,15.3633642196655,14.7037715639865,0.416765660047531,4302.15,-0.540000890018821,0,"Hofmann Forest","Hofmann Forest","Hofmann Forest1",NA
708,35.5607492897168,1.363,1,16.9999980926514,24175.7902287721,0,14.242527961731,14.4105771467548,0.45591726899147,6.95,3.4309644359925,0,"Hofmann Forest","Hofmann Forest","Hofmann Forest1",NA
709,35.5607492897168,1.394375,1,17.1007461547852,24421.8630482167,0,15.5270385742188,14.774177779274,0.420999825000763,4302.15,-0.540000890018821,0,"Hofmann Forest","Hofmann Forest","Hofmann Forest1",NA
