"acresid","wtd","bulkdensity","mucktype","soiltemp","numacres","tx","elevation","distkm","ndvi","totalGDD","scPDSI","vegetation","location","site","uniqueid","soilresp"
1,10,1.62,0,17.2000007629395,10.98913700263,1,5.6246018409729,30.5488234471404,0.414432734251022,3405,3.17635271498873,0,"Angola Bay","Angola Bay","Angola Bay1",NA
2,10,1.444375,1,17.0318698883057,23581.6720342109,1,7.05006647109985,36.3558324716284,0.479474931955338,3405,3.17635271498873,0,"Angola Bay","Angola Bay","Angola Bay1",NA
3,10,1.363,1,17,23572.8712272876,1,8.31142902374268,36.6661643549476,0.397951066493988,3405,3.17635271498873,0,"Angola Bay","Angola Bay","Angola Bay1",NA
4,10,1.363,1,17,23572.8712272876,1,8.36962223052979,31.2963156872062,0.430948734283447,3405,3.17635271498873,0,"Angola Bay","Angola Bay","Angola Bay1",NA
5,10,1.51333333333333,1,17.1191482543945,1426.61335298911,1,6.6368522644043,32.342368100348,0.404095888137817,3405,3.17635271498873,0,"Angola Bay","Angola Bay","Angola Bay1",NA
6,10,1.363,1,17.0712051391602,23572.8712272876,1,8.12167835235596,32.0337726731622,0.419976770877838,3405,3.17635271498873,0,"Angola Bay","Angola Bay","Angola Bay1",NA
7,10,1.363,1,17.1000003814697,23572.8712272876,1,7.38783407211304,29.6644508709571,0.457521766424179,3405,3.17635271498873,0,"Angola Bay","Angola Bay","Angola Bay1",NA
8,10,1.363,1,17.1000003814697,23572.8712272876,1,7.00128316879272,31.8372546939242,0.447659850120544,3405,3.17635271498873,0,"Angola Bay","Angola Bay","Angola Bay1",NA
9,10,1.363,1,17.2000007629395,23572.8712272876,1,7.14335632324219,34.4318399537481,0.326389223337173,3405,3.17635271498873,0,"Angola Bay","Angola Bay","Angola Bay1",NA
10,10,1.40928571428571,1,17.2115612030029,23832.4848713545,1,6.76549959182739,35.3198990496867,0.400236248970032,3405,3.17635271498873,0,"Angola Bay","Angola Bay","Angola Bay1",NA
11,10,1.41307692307692,1,17.1000003814697,24574.5221737057,1,6.42652940750122,31.5597387239829,0.416692495346069,3405,3.17635271498873,0,"Angola Bay","Angola Bay","Angola Bay1",NA
12,10,1.548,0,17.2510528564453,365.805551682688,1,7.61805152893066,28.4928419503904,0.412153631448746,3405,3.17635271498873,0,"Angola Bay","Angola Bay","Angola Bay1",NA
13,10,1.363,1,17.1000003814697,23572.8712272876,1,7.37727165222168,29.8838212606596,0.466477453708649,3405,3.17635271498873,0,"Angola Bay","Angola Bay","Angola Bay1",NA
14,10,1.38636363636364,1,17,23595.0513523465,1,7.17158365249634,27.9903471242244,0.423290491104126,3405,3.17635271498873,0,"Angola Bay","Angola Bay","Angola Bay1",NA
15,10,1.363,1,17.1572914123535,23572.8712272876,1,7.22727584838867,34.6233028290796,0.438937395811081,3405,3.17635271498873,0,"Angola Bay","Angola Bay","Angola Bay1",NA
16,10,1.363,1,17.0965309143066,23572.8712272876,1,7.98952198028564,30.0007263477088,0.417822003364563,3405,3.17635271498873,0,"Angola Bay","Angola Bay","Angola Bay1",NA
17,10,1.363,1,17.1000003814697,23572.8712272876,1,7.25642156600952,33.3601022404309,0.451205372810364,3405,3.17635271498873,0,"Angola Bay","Angola Bay","Angola Bay1",NA
18,10,1.363,1,17,23572.8712272876,1,8.34303188323975,31.5685594626105,0.431647956371307,3405,3.17635271498873,0,"Angola Bay","Angola Bay","Angola Bay1",NA
19,10,1.363,1,17.1368007659912,23572.8712272876,1,7.67448949813843,30.0771584960781,0.408583164215088,3405,3.17635271498873,0,"Angola Bay","Angola Bay","Angola Bay1",NA
20,10,1.363,1,17,23572.8712272876,1,9.49965572357178,35.8340314111219,0.392191857099533,3405,3.17635271498873,0,"Angola Bay","Angola Bay","Angola Bay1",NA
21,10,1.363,1,17.1144409179688,23572.8712272876,1,7.57978582382202,29.7284802515265,0.284187644720078,3405,3.17635271498873,0,"Angola Bay","Angola Bay","Angola Bay1",NA
22,10,1.58,1,17.1257019042969,1001.65094641817,1,6.59284687042236,32.3254455651064,0.41079044342041,3405,3.17635271498873,0,"Angola Bay","Angola Bay","Angola Bay1",NA
23,10,1.363,1,17.0552749633789,23572.8712272876,1,7.75012302398682,34.3718278559268,0.420622915029526,3405,3.17635271498873,0,"Angola Bay","Angola Bay","Angola Bay1",NA
24,10,1.363,1,17.0924911499023,23572.8712272876,1,7.94885730743408,32.0095905098182,0.404507219791412,3405,3.17635271498873,0,"Angola Bay","Angola Bay","Angola Bay1",NA
25,10,1.48375,1,17.0195941925049,23982.3213551738,1,7.48977041244507,28.589569652538,0.35874742269516,3405,3.17635271498873,0,"Angola Bay","Angola Bay","Angola Bay1",NA
26,10,1.363,1,17,23572.8712272876,1,8.29890155792236,34.1269020113467,0.41390934586525,3405,3.17635271498873,0,"Angola Bay","Angola Bay","Angola Bay1",NA
27,10,1.363,1,17.07151222229,23572.8712272876,1,8.06613826751709,31.1072982837906,0.42926099896431,3405,3.17635271498873,0,"Angola Bay","Angola Bay","Angola Bay1",NA
28,10,1.363,1,17.0349349975586,23572.8712272876,1,7.09255933761597,32.668540322926,0.442415684461594,3405,3.17635271498873,0,"Angola Bay","Angola Bay","Angola Bay1",NA
29,10,1.363,1,17,23572.8712272876,1,7.42693281173706,32.9965557519572,0.378711014986038,3405,3.17635271498873,0,"Angola Bay","Angola Bay","Angola Bay1",NA
30,10,1.4735,1,17.2000007629395,930.523001477949,1,5.86381959915161,27.5434947471309,0.453613698482513,3405,3.17635271498873,0,"Angola Bay","Angola Bay","Angola Bay1",NA
31,10,1.363,1,17.1006050109863,23572.8712272876,1,7.45798635482788,29.3161525533166,0.411300182342529,3405,3.17635271498873,0,"Angola Bay","Angola Bay","Angola Bay1",NA
32,10,1.363,1,17,23572.8712272876,1,8.60916137695312,31.9728318066703,0.436861127614975,3405,3.17635271498873,0,"Angola Bay","Angola Bay","Angola Bay1",NA
34,10,1.58,1,17.2000007629395,1001.65094641817,1,5.4636492729187,30.8469247028819,0.465366005897522,3405,3.17635271498873,0,"Angola Bay","Angola Bay","Angola Bay1",NA
36,10,1.363,1,17.1616458892822,23572.8712272876,1,7.28572368621826,30.2759960746264,0.386819571256638,3405,3.17635271498873,0,"Angola Bay","Angola Bay","Angola Bay1",NA
37,10,1.363,1,17.0440635681152,23572.8712272876,1,7.60383605957031,30.2700181747675,0.456862807273865,3405,3.17635271498873,0,"Angola Bay","Angola Bay","Angola Bay1",NA
39,10,1.363,1,17.1000003814697,23572.8712272876,1,7.84309816360474,30.4334926633593,0.433374464511871,3405,3.17635271498873,0,"Angola Bay","Angola Bay","Angola Bay1",NA
40,10,1.363,1,16.8740272521973,23572.8712272876,1,8.85801982879639,38.0924969109231,0.391166120767593,3405,3.17635271498873,0,"Angola Bay","Angola Bay","Angola Bay1",NA
42,10,1.363,1,17,23572.8712272876,1,8.66569328308105,34.3974073095431,0.402997553348541,3405,3.17635271498873,0,"Angola Bay","Angola Bay","Angola Bay1",NA
43,10,1.42785714285714,1,17.1999778747559,561.569719296631,1,6.54292249679565,27.6547510127397,0.453595399856567,3405,3.17635271498873,0,"Angola Bay","Angola Bay","Angola Bay1",NA
44,10,1.363,1,17.1557788848877,23572.8712272876,1,7.57348918914795,30.6626883496128,0.414740204811096,3405,3.17635271498873,0,"Angola Bay","Angola Bay","Angola Bay1",NA
45,10,1.363,1,17,23572.8712272876,1,8.73617267608643,32.3697577757388,0.4221331179142,3405,3.17635271498873,0,"Angola Bay","Angola Bay","Angola Bay1",NA
46,10,1.363,1,17.005485534668,23572.8712272876,1,5.96439743041992,36.0010922829607,0.462153285741806,3405,3.17635271498873,0,"Angola Bay","Angola Bay","Angola Bay1",NA
47,10,1.363,1,16.9546356201172,23572.8712272876,1,7.32067394256592,36.3737985438252,0.459189027547836,3405,3.17635271498873,0,"Angola Bay","Angola Bay","Angola Bay1",NA
48,10,1.58,1,17.1003494262695,755.861500209799,1,6.66906404495239,28.3598924945505,0.394547313451767,3405,3.17635271498873,0,"Angola Bay","Angola Bay","Angola Bay1",NA
49,10,1.363,1,17.0999984741211,23572.8712272876,1,7.5564923286438,31.9927612188211,0.422760814428329,3405,3.17635271498873,0,"Angola Bay","Angola Bay","Angola Bay1",NA
50,10,1.363,1,17.065372467041,23572.8712272876,1,7.28549718856812,33.3149002527148,0.47724112868309,3405,3.17635271498873,0,"Angola Bay","Angola Bay","Angola Bay1",NA
52,10,1.363,1,17.0967845916748,23572.8712272876,1,8.10903644561768,34.7511769121328,0.421107769012451,3405,3.17635271498873,0,"Angola Bay","Angola Bay","Angola Bay1",NA
53,10,1.42466666666667,1,17.1872272491455,23938.6767789702,1,7.78038120269775,29.4824155847602,0.35663303732872,3405,3.17635271498873,0,"Angola Bay","Angola Bay","Angola Bay1",NA
54,10,1.363,1,17.1000003814697,23572.8712272876,1,7.47476196289062,30.0283260074692,0.449910253286362,3405,3.17635271498873,0,"Angola Bay","Angola Bay","Angola Bay1",NA
55,10,1.363,1,17,23572.8712272876,1,7.13794565200806,35.7478314214425,0.477573037147522,3405,3.17635271498873,0,"Angola Bay","Angola Bay","Angola Bay1",NA
56,10,1.363,1,17.0530891418457,23572.8712272876,1,7.36246395111084,33.2230405654764,0.471127390861511,3405,3.17635271498873,0,"Angola Bay","Angola Bay","Angola Bay1",NA
57,10,1.43764705882353,1,17.248161315918,24486.8040563089,1,5.65510940551758,35.594514030002,0.419001132249832,3405,3.17635271498873,0,"Angola Bay","Angola Bay","Angola Bay1",NA
58,10,1.39130434782609,1,17.1000003814697,24077.648188703,1,6.72004699707031,28.3116904040422,0.378730535507202,3405,3.17635271498873,0,"Angola Bay","Angola Bay","Angola Bay1",NA
59,10,1.596,1,17.2000007629395,1054.38620575303,1,4.95586109161377,30.571864506783,0.414647430181503,3405,3.17635271498873,0,"Angola Bay","Angola Bay","Angola Bay1",NA
60,10,1.58,1,17.1947555541992,386.908218028482,1,6.87520360946655,28.132484757131,0.323808908462524,3405,3.17635271498873,0,"Angola Bay","Angola Bay","Angola Bay1",NA
61,10,1.363,1,17.05251121521,23572.8712272876,1,8.08789157867432,33.0786953650704,0.475678652524948,3405,3.17635271498873,0,"Angola Bay","Angola Bay","Angola Bay1",NA
62,10,1.363,1,17.09228515625,23572.8712272876,1,7.588059425354,30.0647404623516,0.420303553342819,3405,3.17635271498873,0,"Angola Bay","Angola Bay","Angola Bay1",NA
63,10,1.363,1,16.9155216217041,23572.8712272876,1,9.4219388961792,37.073948547708,0.406403392553329,3405,3.17635271498873,0,"Angola Bay","Angola Bay","Angola Bay1",NA
64,10,1.41307692307692,1,17.0999984741211,24574.5221737057,1,6.6973443031311,30.781520766042,0.40377813577652,3405,3.17635271498873,0,"Angola Bay","Angola Bay","Angola Bay1",NA
65,10,1.363,1,17.1000003814697,23572.8712272876,1,8.09815788269043,31.1820732805096,0.412206083536148,3405,3.17635271498873,0,"Angola Bay","Angola Bay","Angola Bay1",NA
66,10,1.363,1,16.9000148773193,23572.8712272876,1,8.61057186126709,37.4695125551608,0.402036488056183,3405,3.17635271498873,0,"Angola Bay","Angola Bay","Angola Bay1",NA
67,10,1.363,1,17.0463562011719,23572.8712272876,1,7.49440288543701,30.327152337655,0.462704837322235,3405,3.17635271498873,0,"Angola Bay","Angola Bay","Angola Bay1",NA
68,10,1.363,1,17,23572.8712272876,1,8.46822452545166,35.5682295765507,0.403370648622513,3405,3.17635271498873,0,"Angola Bay","Angola Bay","Angola Bay1",NA
70,10,1.363,1,16.9148292541504,23572.8712272876,1,8.1489725112915,36.9641091934574,0.410412788391113,3405,3.17635271498873,0,"Angola Bay","Angola Bay","Angola Bay1",NA
71,10,1.363,1,17,23572.8712272876,1,8.98929119110107,34.8066491527519,0.399060994386673,3405,3.17635271498873,0,"Angola Bay","Angola Bay","Angola Bay1",NA
72,10,1.44315789473684,1,16.9070911407471,23609.0534844532,1,7.47692155838013,37.1501544549171,0.463012456893921,3405,3.17635271498873,0,"Angola Bay","Angola Bay","Angola Bay1",NA
73,10,1.363,1,16.9999980926514,23572.8712272876,1,8.30445575714111,34.5807974080109,0.429144352674484,3405,3.17635271498873,0,"Angola Bay","Angola Bay","Angola Bay1",NA
74,10,1.363,1,17.0620384216309,23572.8712272876,1,8.00575828552246,31.8148457633062,0.396422564983368,3405,3.17635271498873,0,"Angola Bay","Angola Bay","Angola Bay1",NA
75,10,1.363,1,17.0145626068115,23572.8712272876,1,8.87683868408203,32.6239941555363,0.410205632448196,3405,3.17635271498873,0,"Angola Bay","Angola Bay","Angola Bay1",NA
76,10,1.363,1,17.1476459503174,23572.8712272876,1,7.32954549789429,34.944171713016,0.441911220550537,3405,3.17635271498873,0,"Angola Bay","Angola Bay","Angola Bay1",NA
77,10,1.363,1,17.104663848877,23572.8712272876,1,6.24219942092896,33.5703762632535,0.428770571947098,3405,3.17635271498873,0,"Angola Bay","Angola Bay","Angola Bay1",NA
78,10,1.62,0,17.2434883117676,10.98913700263,1,6.2503490447998,30.4339683417854,0.410114288330078,3405,3.17635271498873,0,"Angola Bay","Angola Bay","Angola Bay1",NA
79,10,1.41307692307692,1,17.1891937255859,23691.5633373432,1,6.15260934829712,33.545409109605,0.437244921922684,3405,3.17635271498873,0,"Angola Bay","Angola Bay","Angola Bay1",NA
80,10,1.62,0,17.4999980926514,258.402511754222,1,6.28222179412842,27.2423053494537,0.430223256349564,3405,3.17635271498873,0,"Angola Bay","Angola Bay","Angola Bay1",NA
81,10,1.363,1,17.0107288360596,23572.8712272876,1,8.1629114151001,33.4518531382311,0.446279227733612,3405,3.17635271498873,0,"Angola Bay","Angola Bay","Angola Bay1",NA
82,10,1.363,1,16.8999996185303,23572.8712272876,1,7.68835878372192,37.1059470172369,0.458009958267212,3405,3.17635271498873,0,"Angola Bay","Angola Bay","Angola Bay1",NA
83,10,1.363,1,17.1000003814697,23572.8712272876,1,7.79494380950928,30.0404999844029,0.399613976478577,3405,3.17635271498873,0,"Angola Bay","Angola Bay","Angola Bay1",NA
84,10,1.363,1,16.9000015258789,23572.8712272876,1,8.0817289352417,37.5611878841693,0.451443642377853,3405,3.17635271498873,0,"Angola Bay","Angola Bay","Angola Bay1",NA
85,10,1.363,1,17,23572.8712272876,1,9.50180816650391,34.8277955582011,0.389194816350937,3405,3.17635271498873,0,"Angola Bay","Angola Bay","Angola Bay1",NA
86,10,1.363,1,16.9999980926514,23572.8712272876,1,8.51109981536865,36.1891120463002,0.407671809196472,3405,3.17635271498873,0,"Angola Bay","Angola Bay","Angola Bay1",NA
87,10,1.363,1,17,23572.8712272876,1,8.36556816101074,36.3192871328361,0.409602552652359,3405,3.17635271498873,0,"Angola Bay","Angola Bay","Angola Bay1",NA
88,10,1.363,1,17.049732208252,23572.8712272876,1,8.04403114318848,32.3823070813706,0.415619432926178,3405,3.17635271498873,0,"Angola Bay","Angola Bay","Angola Bay1",NA
89,10,1.363,1,17,23572.8712272876,1,9.46701908111572,34.4038239751287,0.394470423460007,3405,3.17635271498873,0,"Angola Bay","Angola Bay","Angola Bay1",NA
90,10,1.363,1,17.0000019073486,23572.8712272876,1,7.91287517547607,30.7477527971994,0.45309191942215,3405,3.17635271498873,0,"Angola Bay","Angola Bay","Angola Bay1",NA
91,10,1.445625,1,17,23589.0297711417,1,7.66952753067017,28.396339517904,0.407087653875351,3405,3.17635271498873,0,"Angola Bay","Angola Bay","Angola Bay1",NA
92,10,1.363,1,16.9999980926514,23572.8712272876,1,7.69272804260254,30.6828341908053,0.465873122215271,3405,3.17635271498873,0,"Angola Bay","Angola Bay","Angola Bay1",NA
95,10,1.363,1,17,23572.8712272876,1,8.04623126983643,28.8751191034896,0.435189485549927,3405,3.17635271498873,0,"Angola Bay","Angola Bay","Angola Bay1",NA
96,10,1.363,1,17.0118789672852,23572.8712272876,1,7.34205293655396,33.0166064088061,0.48348468542099,3405,3.17635271498873,0,"Angola Bay","Angola Bay","Angola Bay1",NA
97,10,1.363,1,17,23572.8712272876,1,8.12845802307129,33.7848848289813,0.435329645872116,3405,3.17635271498873,0,"Angola Bay","Angola Bay","Angola Bay1",NA
98,10,1.363,1,17.1000003814697,23572.8712272876,1,7.65103530883789,31.4953319580756,0.408937007188797,3405,3.17635271498873,0,"Angola Bay","Angola Bay","Angola Bay1",NA
99,10,1.363,1,16.8999977111816,23572.8712272876,1,9.61954498291016,37.4486955385944,0.403985232114792,3405,3.17635271498873,0,"Angola Bay","Angola Bay","Angola Bay1",NA
100,10,1.465,1,16.8999996185303,23617.5919898707,1,8.03877067565918,37.6089057707365,0.451794743537903,3405,3.17635271498873,0,"Angola Bay","Angola Bay","Angola Bay1",NA
101,10,1.5524,1,17.1999988555908,1051.17499810147,1,6.17461633682251,33.0186570339556,0.404155254364014,3405,3.17635271498873,0,"Angola Bay","Angola Bay","Angola Bay1",NA
102,10,1.42466666666667,1,17.1000003814697,23581.8771191621,1,7.3440465927124,29.5321458926656,0.287599682807922,3405,3.17635271498873,0,"Angola Bay","Angola Bay","Angola Bay1",NA
103,10,1.41307692307692,1,17.1000003814697,24574.5221737057,1,6.90845251083374,31.3476131837264,0.428663015365601,3405,3.17635271498873,0,"Angola Bay","Angola Bay","Angola Bay1",NA
104,10,1.363,1,17.0884952545166,23572.8712272876,1,7.30499505996704,32.9353480419494,0.479679703712463,3405,3.17635271498873,0,"Angola Bay","Angola Bay","Angola Bay1",NA
105,10,1.363,1,17,23572.8712272876,1,8.26654052734375,30.3200886027216,0.428745418787003,3405,3.17635271498873,0,"Angola Bay","Angola Bay","Angola Bay1",NA
106,10,1.363,1,17.1000003814697,23572.8712272876,1,7.26036739349365,32.3763726715397,0.2771315574646,3405,3.17635271498873,0,"Angola Bay","Angola Bay","Angola Bay1",NA
107,10,1.363,1,17.1000003814697,23572.8712272876,1,7.41796588897705,29.7764301837621,0.382852792739868,3405,3.17635271498873,0,"Angola Bay","Angola Bay","Angola Bay1",NA
108,10,1.363,1,17.0363216400146,23572.8712272876,1,8.02362442016602,34.3105757416356,0.435978293418884,3405,3.17635271498873,0,"Angola Bay","Angola Bay","Angola Bay1",NA
109,10,1.363,1,17,23572.8712272876,1,9.25701141357422,34.0303099452388,0.397807538509369,3405,3.17635271498873,0,"Angola Bay","Angola Bay","Angola Bay1",NA
110,10,1.363,1,17,23572.8712272876,1,8.24819946289062,29.8697443278661,0.420709371566772,3405,3.17635271498873,0,"Angola Bay","Angola Bay","Angola Bay1",NA
111,10,1.363,1,17,23572.8712272876,1,8.15766620635986,29.4432923816719,0.424109905958176,3405,3.17635271498873,0,"Angola Bay","Angola Bay","Angola Bay1",NA
112,10,1.363,1,17.1000003814697,23572.8712272876,1,7.70726871490479,30.636618056424,0.414561152458191,3405,3.17635271498873,0,"Angola Bay","Angola Bay","Angola Bay1",NA
113,10,1.42466666666667,1,17.2000026702881,23938.6767789702,1,7.02952480316162,29.8701256085049,0.374321609735489,3405,3.17635271498873,0,"Angola Bay","Angola Bay","Angola Bay1",NA
114,10,1.363,1,17,23572.8712272876,1,8.79315090179443,35.1225058081397,0.39675834774971,3405,3.17635271498873,0,"Angola Bay","Angola Bay","Angola Bay1",NA
115,10,1.363,1,17.0000019073486,23572.8712272876,1,7.83682107925415,36.1048768025317,0.435563653707504,3405,3.17635271498873,0,"Angola Bay","Angola Bay","Angola Bay1",NA
116,10,1.363,1,17.1000003814697,23572.8712272876,1,7.33703708648682,34.9762220678284,0.453902095556259,3405,3.17635271498873,0,"Angola Bay","Angola Bay","Angola Bay1",NA
117,10,1.363,1,17,23572.8712272876,1,7.92016887664795,33.3729698854405,0.435163348913193,3405,3.17635271498873,0,"Angola Bay","Angola Bay","Angola Bay1",NA
118,10,1.363,1,17,23572.8712272876,1,9.37696552276611,35.5625871222438,0.399978429079056,3405,3.17635271498873,0,"Angola Bay","Angola Bay","Angola Bay1",NA
119,10,1.363,1,16.8994369506836,23572.8712272876,1,8.33899784088135,38.2496017292979,0.468603253364563,3405,3.17635271498873,0,"Angola Bay","Angola Bay","Angola Bay1",NA
120,10,1.363,1,16.9000091552734,23572.8712272876,1,9.59339046478271,36.4441159092352,0.396447956562042,3405,3.17635271498873,0,"Angola Bay","Angola Bay","Angola Bay1",NA
121,10,1.363,1,17.0600891113281,23572.8712272876,1,7.65586853027344,35.46018787217,0.451769053936005,3405,3.17635271498873,0,"Angola Bay","Angola Bay","Angola Bay1",NA
122,10,1.363,1,17.0629863739014,23572.8712272876,1,7.5248646736145,30.2511576917608,0.462472945451736,3405,3.17635271498873,0,"Angola Bay","Angola Bay","Angola Bay1",NA
123,10,1.55,1,17.4951877593994,725.004568041719,1,6.42019844055176,27.1731796849899,0.43100094795227,3405,3.17635271498873,0,"Angola Bay","Angola Bay","Angola Bay1",NA
124,10,1.363,1,17.0974273681641,23572.8712272876,1,7.33179998397827,29.5966619494113,0.468659937381744,3405,3.17635271498873,0,"Angola Bay","Angola Bay","Angola Bay1",NA
125,10,1.363,1,17,23572.8712272876,1,9.16716003417969,35.7149805590655,0.395226210355759,3405,3.17635271498873,0,"Angola Bay","Angola Bay","Angola Bay1",NA
126,10,1.363,1,17.0246505737305,23572.8712272876,1,7.83967685699463,32.8774694036271,0.394997507333755,3405,3.17635271498873,0,"Angola Bay","Angola Bay","Angola Bay1",NA
127,10,1.363,1,17,23572.8712272876,1,8.5084810256958,36.1666479036047,0.411916553974152,3405,3.17635271498873,0,"Angola Bay","Angola Bay","Angola Bay1",NA
128,10,1.363,1,17.1000003814697,23572.8712272876,1,6.66316366195679,32.0140553144638,0.458806335926056,3405,3.17635271498873,0,"Angola Bay","Angola Bay","Angola Bay1",NA
129,10,1.363,1,17,23572.8712272876,1,9.3912763595581,35.1772232190263,0.389543652534485,3405,3.17635271498873,0,"Angola Bay","Angola Bay","Angola Bay1",NA
130,10,1.363,1,17.167329788208,23572.8712272876,1,7.17275524139404,34.5394252273917,0.451221257448196,3405,3.17635271498873,0,"Angola Bay","Angola Bay","Angola Bay1",NA
131,10,1.363,1,17,23572.8712272876,1,7.67632246017456,28.4787485567944,0.429334133863449,3405,3.17635271498873,0,"Angola Bay","Angola Bay","Angola Bay1",NA
132,10,1.55125,1,17.1907043457031,1066.03201351565,1,6.47417497634888,30.5028798798696,0.398873925209045,3405,3.17635271498873,0,"Angola Bay","Angola Bay","Angola Bay1",NA
133,10,1.363,1,17.1000003814697,23572.8712272876,1,7.06445264816284,29.1159545260222,0.340610176324844,3405,3.17635271498873,0,"Angola Bay","Angola Bay","Angola Bay1",NA
134,10,1.548,0,17.3050022125244,365.805551682688,1,7.50330877304077,28.0687096180742,0.386605739593506,3405,3.17635271498873,0,"Angola Bay","Angola Bay","Angola Bay1",NA
135,10,1.58,1,17.1823177337646,1001.65094641817,1,5.82299375534058,31.0444556911765,0.454232752323151,3405,3.17635271498873,0,"Angola Bay","Angola Bay","Angola Bay1",NA
136,10,1.363,1,17,23572.8712272876,1,8.11591339111328,32.2173538084411,0.39601930975914,3405,3.17635271498873,0,"Angola Bay","Angola Bay","Angola Bay1",NA
138,10,1.363,1,17.0000019073486,23572.8712272876,1,7.6492190361023,30.4146652229418,0.443436563014984,3405,3.17635271498873,0,"Angola Bay","Angola Bay","Angola Bay1",NA
140,10,1.42466666666667,1,17.1000003814697,23581.8771191621,1,7.55955028533936,29.7003400515207,0.313745647668839,3405,3.17635271498873,0,"Angola Bay","Angola Bay","Angola Bay1",NA
141,10,1.363,1,16.9989471435547,23572.8712272876,1,8.93177223205566,36.0325876593174,0.4045649766922,3405,3.17635271498873,0,"Angola Bay","Angola Bay","Angola Bay1",NA
142,10,1.363,1,17.0973262786865,23572.8712272876,1,6.98336124420166,32.412487394418,0.481262743473053,3405,3.17635271498873,0,"Angola Bay","Angola Bay","Angola Bay1",NA
143,10,1.363,1,17.1000003814697,23572.8712272876,1,7.76407051086426,31.7948644631086,0.415242403745651,3405,3.17635271498873,0,"Angola Bay","Angola Bay","Angola Bay1",NA
144,10,1.363,1,17.0845222473145,23572.8712272876,1,7.32001829147339,32.6277747237357,0.329546868801117,3405,3.17635271498873,0,"Angola Bay","Angola Bay","Angola Bay1",NA
145,10,1.42466666666667,1,17,23584.0498106844,1,7.98846435546875,28.8364628348148,0.427517056465149,3405,3.17635271498873,0,"Angola Bay","Angola Bay","Angola Bay1",NA
146,10,1.42466666666667,1,17.2058925628662,23938.6767789702,1,7.78558397293091,29.4095991529159,0.356446921825409,3405,3.17635271498873,0,"Angola Bay","Angola Bay","Angola Bay1",NA
147,10,1.363,1,17,23572.8712272876,1,8.24521064758301,36.698983106619,0.390648066997528,3405,3.17635271498873,0,"Angola Bay","Angola Bay","Angola Bay1",NA
148,10,1.363,1,16.939395904541,23572.8712272876,1,7.61034202575684,36.2859414375547,0.460581570863724,3405,3.17635271498873,0,"Angola Bay","Angola Bay","Angola Bay1",NA
149,10,1.363,1,16.8999996185303,23572.8712272876,1,9.13234996795654,37.7861605278056,0.411639153957367,3405,3.17635271498873,0,"Angola Bay","Angola Bay","Angola Bay1",NA
150,10,1.363,1,17.1000003814697,23572.8712272876,1,8.09092617034912,31.3761832807057,0.422069609165192,3405,3.17635271498873,0,"Angola Bay","Angola Bay","Angola Bay1",NA
151,10,1.363,1,17,23572.8712272876,1,7.76520538330078,29.6649978869927,0.436612725257874,3405,3.17635271498873,0,"Angola Bay","Angola Bay","Angola Bay1",NA
152,10,1.363,1,17.0001316070557,23572.8712272876,1,6.86590766906738,35.7942310608661,0.451457232236862,3405,3.17635271498873,0,"Angola Bay","Angola Bay","Angola Bay1",NA
153,10,1.363,1,17,23572.8712272876,1,7.52015256881714,33.8155881636218,0.440955877304077,3405,3.17635271498873,0,"Angola Bay","Angola Bay","Angola Bay1",NA
154,10,1.56666666666667,1,17.1784858703613,1054.59946009919,1,5.66321849822998,30.8322136258571,0.44168496131897,3405,3.17635271498873,0,"Angola Bay","Angola Bay","Angola Bay1",NA
155,10,1.363,1,16.8999996185303,23572.8712272876,1,8.37512016296387,37.7051081086482,0.407462924718857,3405,3.17635271498873,0,"Angola Bay","Angola Bay","Angola Bay1",NA
156,10,1.42466666666667,1,17.0964889526367,23903.7583016395,1,6.80051708221436,36.8121991319654,0.438294112682343,3405,3.17635271498873,0,"Angola Bay","Angola Bay","Angola Bay1",NA
157,10,1.363,1,17,23572.8712272876,1,8.03903675079346,31.2680949289108,0.423314958810806,3405,3.17635271498873,0,"Angola Bay","Angola Bay","Angola Bay1",NA
158,10,1.57384615384615,0,17.3076400756836,735.300472252421,1,6.88563013076782,27.197625122874,0.44358491897583,3405,3.17635271498873,0,"Angola Bay","Angola Bay","Angola Bay1",NA
159,10,1.363,1,17,23572.8712272876,1,8.0635871887207,35.8134245075398,0.421034663915634,3405,3.17635271498873,0,"Angola Bay","Angola Bay","Angola Bay1",NA
161,10,1.363,1,17,23572.8712272876,1,8.57316589355469,33.9836953350677,0.384510666131973,3405,3.17635271498873,0,"Angola Bay","Angola Bay","Angola Bay1",NA
162,10,1.363,1,17.2047691345215,23572.8712272876,1,7.32189273834229,29.3921396711418,0.315666913986206,3405,3.17635271498873,0,"Angola Bay","Angola Bay","Angola Bay1",NA
163,10,1.363,1,17,23572.8712272876,1,8.33016300201416,33.5773813436372,0.397194743156433,3405,3.17635271498873,0,"Angola Bay","Angola Bay","Angola Bay1",NA
164,10,1.363,1,17.0930461883545,23572.8712272876,1,8.0701150894165,30.5688341312166,0.4253209233284,3405,3.17635271498873,0,"Angola Bay","Angola Bay","Angola Bay1",NA
165,10,1.363,1,17,23572.8712272876,1,7.35486936569214,35.5676880742418,0.457004070281982,3405,3.17635271498873,0,"Angola Bay","Angola Bay","Angola Bay1",NA
166,10,1.363,1,17.0161304473877,23572.8712272876,1,7.51832151412964,29.996087171688,0.465213119983673,3405,3.17635271498873,0,"Angola Bay","Angola Bay","Angola Bay1",NA
167,10,1.363,1,17.1000003814697,23572.8712272876,1,7.31239748001099,32.3140154773612,0.399158030748367,3405,3.17635271498873,0,"Angola Bay","Angola Bay","Angola Bay1",NA
168,10,1.363,1,17,23572.8712272876,1,8.41010665893555,35.7174361466742,0.408675730228424,3405,3.17635271498873,0,"Angola Bay","Angola Bay","Angola Bay1",NA
170,10,1.363,1,17.1000003814697,23572.8712272876,1,6.72867250442505,31.7623148690181,0.418203920125961,3405,3.17635271498873,0,"Angola Bay","Angola Bay","Angola Bay1",NA
171,10,1.363,1,17,23572.8712272876,1,8.43908977508545,30.5799393090555,0.421839863061905,3405,3.17635271498873,0,"Angola Bay","Angola Bay","Angola Bay1",NA
172,10,1.363,1,17,23572.8712272876,1,7.88198614120483,29.9942989767008,0.445715337991714,3405,3.17635271498873,0,"Angola Bay","Angola Bay","Angola Bay1",NA
173,10,1.42466666666667,1,17,23584.0498106844,1,7.75382995605469,28.9932822293899,0.386246412992477,3405,3.17635271498873,0,"Angola Bay","Angola Bay","Angola Bay1",NA
174,10,1.363,1,17,23572.8712272876,1,7.9096302986145,33.7904553679824,0.469213038682938,3405,3.17635271498873,0,"Angola Bay","Angola Bay","Angola Bay1",NA
175,10,1.363,1,17,23572.8712272876,1,7.64309597015381,33.654806086771,0.458587110042572,3405,3.17635271498873,0,"Angola Bay","Angola Bay","Angola Bay1",NA
176,10,1.363,1,17,23572.8712272876,1,7.48996543884277,33.2958281942646,0.46585538983345,3405,3.17635271498873,0,"Angola Bay","Angola Bay","Angola Bay1",NA
177,10,1.363,1,17,23572.8712272876,1,8.38427257537842,33.70009474804,0.392197966575623,3405,3.17635271498873,0,"Angola Bay","Angola Bay","Angola Bay1",NA
178,10,1.363,1,17,23572.8712272876,1,8.92248630523682,32.7666852028564,0.421884953975677,3405,3.17635271498873,0,"Angola Bay","Angola Bay","Angola Bay1",NA
179,10,1.363,1,17.1000003814697,23572.8712272876,1,6.82393169403076,32.3218523693189,0.468088835477829,3405,3.17635271498873,0,"Angola Bay","Angola Bay","Angola Bay1",NA
180,10,1.548,0,17.236213684082,365.805551682688,1,7.46567964553833,28.9174352648304,0.376234799623489,3405,3.17635271498873,0,"Angola Bay","Angola Bay","Angola Bay1",NA
181,10,1.363,1,17,23572.8712272876,1,8.19671440124512,30.4872887871813,0.429806917905807,3405,3.17635271498873,0,"Angola Bay","Angola Bay","Angola Bay1",NA
182,10,1.363,1,17.1000003814697,23572.8712272876,1,7.76028537750244,29.6958714832653,0.409177511930466,3405,3.17635271498873,0,"Angola Bay","Angola Bay","Angola Bay1",NA
183,10,1.363,1,17,23572.8712272876,1,9.16542339324951,33.473426291011,0.411695092916489,3405,3.17635271498873,0,"Angola Bay","Angola Bay","Angola Bay1",NA
184,10,1.548,0,17.2000007629395,396.356369708844,1,7.56384754180908,29.3630953308228,0.37476459145546,3405,3.17635271498873,0,"Angola Bay","Angola Bay","Angola Bay1",NA
185,10,1.363,1,17.1000003814697,23572.8712272876,1,7.7390513420105,31.2301554511553,0.416137158870697,3405,3.17635271498873,0,"Angola Bay","Angola Bay","Angola Bay1",NA
186,10,1.363,1,16.9643688201904,23572.8712272876,1,7.90065050125122,36.5624456198323,0.430475264787674,3405,3.17635271498873,0,"Angola Bay","Angola Bay","Angola Bay1",NA
187,10,1.363,1,17,23572.8712272876,1,8.6366491317749,36.9873195169593,0.384515017271042,3405,3.17635271498873,0,"Angola Bay","Angola Bay","Angola Bay1",NA
188,10,1.58,1,17.1000003814697,755.861500209799,1,6.12860584259033,28.1008463122939,0.453440964221954,3405,3.17635271498873,0,"Angola Bay","Angola Bay","Angola Bay1",NA
189,10,1.363,1,17,23572.8712272876,1,8.88316059112549,35.0372163475862,0.39561527967453,3405,3.17635271498873,0,"Angola Bay","Angola Bay","Angola Bay1",NA
190,10,1.363,1,17.0890960693359,23572.8712272876,1,7.96614074707031,31.0639224179658,0.408938080072403,3405,3.17635271498873,0,"Angola Bay","Angola Bay","Angola Bay1",NA
191,10,1.363,1,17,23572.8712272876,1,7.43610763549805,33.5840871456857,0.465452998876572,3405,3.17635271498873,0,"Angola Bay","Angola Bay","Angola Bay1",NA
192,10,1.363,1,17,23572.8712272876,1,7.83552980422974,33.59024955516,0.467574268579483,3405,3.17635271498873,0,"Angola Bay","Angola Bay","Angola Bay1",NA
193,10,1.363,1,17,23572.8712272876,1,8.06797122955322,32.340249914808,0.393860906362534,3405,3.17635271498873,0,"Angola Bay","Angola Bay","Angola Bay1",NA
194,10,1.548,0,17.2256507873535,396.356369708844,1,7.31862354278564,28.7472305173194,0.383943110704422,3405,3.17635271498873,0,"Angola Bay","Angola Bay","Angola Bay1",NA
195,10,1.363,1,17.0098056793213,23572.8712272876,1,8.29971981048584,34.7055087876504,0.406117677688599,3405,3.17635271498873,0,"Angola Bay","Angola Bay","Angola Bay1",NA
197,10,1.363,1,16.9392547607422,23572.8712272876,1,9.16402816772461,37.517636873277,0.398723721504211,3405,3.17635271498873,0,"Angola Bay","Angola Bay","Angola Bay1",NA
198,10,1.363,1,16.9999980926514,23572.8712272876,1,7.25306797027588,35.9703383560863,0.425574451684952,3405,3.17635271498873,0,"Angola Bay","Angola Bay","Angola Bay1",NA
199,10,1.363,1,17.100549697876,23572.8712272876,1,6.99813985824585,34.0271722056551,0.428284853696823,3405,3.17635271498873,0,"Angola Bay","Angola Bay","Angola Bay1",NA
200,10,1.363,1,17,23572.8712272876,1,8.48649597167969,31.5629715450197,0.434475243091583,3405,3.17635271498873,0,"Angola Bay","Angola Bay","Angola Bay1",NA
201,10,1.363,1,16.9006423950195,23572.8712272876,1,9.47901439666748,36.5531297079648,0.392669528722763,3405,3.17635271498873,0,"Angola Bay","Angola Bay","Angola Bay1",NA
202,10,1.363,1,17.0524463653564,23572.8712272876,1,7.6148042678833,35.2915343282545,0.456743061542511,3405,3.17635271498873,0,"Angola Bay","Angola Bay","Angola Bay1",NA
203,10,1.363,1,17.0879001617432,23572.8712272876,1,7.17130374908447,33.4604121230919,0.460520774126053,3405,3.17635271498873,0,"Angola Bay","Angola Bay","Angola Bay1",NA
204,10,1.363,1,17.1000003814697,23572.8712272876,1,7.5217547416687,29.3527763626143,0.366820842027664,3405,3.17635271498873,0,"Angola Bay","Angola Bay","Angola Bay1",NA
205,10,1.363,1,17,23572.8712272876,1,8.99730014801025,36.5558942058456,0.398390024900436,3405,3.17635271498873,0,"Angola Bay","Angola Bay","Angola Bay1",NA
207,10,1.363,1,17,23572.8712272876,1,7.24336290359497,29.2269622284147,0.307730287313461,3405,3.17635271498873,0,"Angola Bay","Angola Bay","Angola Bay1",NA
208,10,1.363,1,17.1000633239746,23572.8712272876,1,7.54247426986694,29.5379372052081,0.327253222465515,3405,3.17635271498873,0,"Angola Bay","Angola Bay","Angola Bay1",NA
209,10,1.363,1,16.8052673339844,23572.8712272876,1,9.10852241516113,38.372090192196,0.392362534999847,3405,3.17635271498873,0,"Angola Bay","Angola Bay","Angola Bay1",NA
210,10,1.363,1,16.8830451965332,23572.8712272876,1,8.57217311859131,38.1314731293801,0.425363659858704,3405,3.17635271498873,0,"Angola Bay","Angola Bay","Angola Bay1",NA
211,10,1.445625,1,17.2623538970947,24112.9605361472,1,6.15413761138916,35.7821404191778,0.407871872186661,3405,3.17635271498873,0,"Angola Bay","Angola Bay","Angola Bay1",NA
212,10,1.363,1,17,23572.8712272876,1,8.35020542144775,30.242542340685,0.421526819467545,3405,3.17635271498873,0,"Angola Bay","Angola Bay","Angola Bay1",NA
213,10,1.363,1,16.8999996185303,23572.8712272876,1,9.38192939758301,37.442472777168,0.414586514234543,3405,3.17635271498873,0,"Angola Bay","Angola Bay","Angola Bay1",NA
215,10,1.548,0,17.3052577972412,365.805551682688,1,6.97535848617554,27.5947293322473,0.382943540811539,3405,3.17635271498873,0,"Angola Bay","Angola Bay","Angola Bay1",NA
216,10,1.363,1,17.1000003814697,23572.8712272876,1,7.12053108215332,32.6282558131953,0.474709093570709,3405,3.17635271498873,0,"Angola Bay","Angola Bay","Angola Bay1",NA
217,10,1.548,0,17.2984294891357,365.805551682688,1,7.3290605545044,28.4304380585529,0.403213798999786,3405,3.17635271498873,0,"Angola Bay","Angola Bay","Angola Bay1",NA
219,10,1.363,1,17.2861309051514,39.8625197724092,1,6.48053359985352,29.7963347087631,0.382801026105881,3405,3.17635271498873,0,"Angola Bay","Angola Bay","Angola Bay1",NA
220,10,1.363,1,17,23572.8712272876,1,8.2673864364624,30.9629108314741,0.437210947275162,3405,3.17635271498873,0,"Angola Bay","Angola Bay","Angola Bay1",NA
221,10,1.363,1,17.1000003814697,23572.8712272876,1,7.91759634017944,30.0842089506268,0.418199270963669,3405,3.17635271498873,0,"Angola Bay","Angola Bay","Angola Bay1",NA
222,10,1.363,1,17,23572.8712272876,1,9.32630157470703,34.1819426082422,0.409714549779892,3405,3.17635271498873,0,"Angola Bay","Angola Bay","Angola Bay1",NA
223,10,1.363,1,16.9040966033936,23572.8712272876,1,7.39798879623413,36.7667946123704,0.46967139840126,3405,3.17635271498873,0,"Angola Bay","Angola Bay","Angola Bay1",NA
224,10,1.363,1,17,23572.8712272876,1,8.45178985595703,31.2503407865024,0.424370914697647,3405,3.17635271498873,0,"Angola Bay","Angola Bay","Angola Bay1",NA
225,10,1.363,1,17.0000019073486,23572.8712272876,1,7.6631669998169,30.5676628147945,0.453587561845779,3405,3.17635271498873,0,"Angola Bay","Angola Bay","Angola Bay1",NA
226,10,1.41307692307692,1,17.1512088775635,504.776961415483,1,6.01641464233398,27.8479360816818,0.448370963335037,3405,3.17635271498873,0,"Angola Bay","Angola Bay","Angola Bay1",NA
227,10,1.59,1,17.2441310882568,645.310729782703,1,6.5140233039856,27.6731019610041,0.397049993276596,3405,3.17635271498873,0,"Angola Bay","Angola Bay","Angola Bay1",NA
228,10,1.363,1,17.1137866973877,23572.8712272876,1,7.38168430328369,30.2407245520766,0.287706434726715,3405,3.17635271498873,0,"Angola Bay","Angola Bay","Angola Bay1",NA
229,10,1.56857142857143,1,17.2545318603516,823.154537228122,1,6.82458305358887,27.6364480729437,0.435212045907974,3405,3.17635271498873,0,"Angola Bay","Angola Bay","Angola Bay1",NA
230,10,1.41307692307692,1,17.1003856658936,24574.5221737057,1,5.88294744491577,31.5212619098225,0.413350105285645,3405,3.17635271498873,0,"Angola Bay","Angola Bay","Angola Bay1",NA
231,10,1.363,1,17.0015716552734,23572.8712272876,1,7.78042840957642,30.8092949026517,0.430335521697998,3405,3.17635271498873,0,"Angola Bay","Angola Bay","Angola Bay1",NA
232,10,1.363,1,17.0010871887207,23572.8712272876,1,8.15054416656494,33.3047187554805,0.40251299738884,3405,3.17635271498873,0,"Angola Bay","Angola Bay","Angola Bay1",NA
233,10,1.363,1,17.1000003814697,23572.8712272876,1,7.46918392181396,29.8212362118275,0.290459036827087,3405,3.17635271498873,0,"Angola Bay","Angola Bay","Angola Bay1",NA
234,10,1.363,1,17,23572.8712272876,1,8.02918338775635,32.900719799846,0.453337848186493,3405,3.17635271498873,0,"Angola Bay","Angola Bay","Angola Bay1",NA
235,10,1.363,1,17.0013389587402,23572.8712272876,1,8.32418727874756,35.3461194742194,0.395535856485367,3405,3.17635271498873,0,"Angola Bay","Angola Bay","Angola Bay1",NA
236,10,1.363,1,16.9999980926514,23572.8712272876,1,8.73962306976318,36.6579428359626,0.408253163099289,3405,3.17635271498873,0,"Angola Bay","Angola Bay","Angola Bay1",NA
237,10,1.363,1,17.0140075683594,23572.8712272876,1,7.31843900680542,29.4784366012123,0.452309280633926,3405,3.17635271498873,0,"Angola Bay","Angola Bay","Angola Bay1",NA
238,10,1.363,1,17.1105537414551,23572.8712272876,1,7.56109857559204,34.807973263173,0.363277643918991,3405,3.17635271498873,0,"Angola Bay","Angola Bay","Angola Bay1",NA
239,10,1.363,1,17.1000003814697,23572.8712272876,1,6.58461236953735,31.8163871437528,0.467831552028656,3405,3.17635271498873,0,"Angola Bay","Angola Bay","Angola Bay1",NA
240,10,1.363,1,16.8999996185303,23572.8712272876,1,9.56398773193359,36.9405505460069,0.396988570690155,3405,3.17635271498873,0,"Angola Bay","Angola Bay","Angola Bay1",NA
241,10,1.54363636363636,1,17.2000007629395,1155.78390498452,1,5.26939582824707,30.348410204969,0.401025384664536,3405,3.17635271498873,0,"Angola Bay","Angola Bay","Angola Bay1",NA
242,10,1.363,1,17.1000003814697,23572.8712272876,1,7.20768070220947,33.0599063886391,0.462221384048462,3405,3.17635271498873,0,"Angola Bay","Angola Bay","Angola Bay1",NA
244,10,1.45055555555556,1,17.057149887085,23966.1628113196,1,7.07722330093384,28.7580881487956,0.280011117458344,3405,3.17635271498873,0,"Angola Bay","Angola Bay","Angola Bay1",NA
245,10,1.41307692307692,1,17.1000003814697,23959.779445316,1,6.90032339096069,28.7463925577771,0.232956603169441,3405,3.17635271498873,0,"Angola Bay","Angola Bay","Angola Bay1",NA
246,10,1.363,1,16.7999992370605,23572.8712272876,1,8.94605731964111,38.4897995872991,0.396480947732925,3405,3.17635271498873,0,"Angola Bay","Angola Bay","Angola Bay1",NA
247,10,1.444375,1,17.0280914306641,23581.6720342109,1,7.21191024780273,36.7429309571581,0.483045995235443,3405,3.17635271498873,0,"Angola Bay","Angola Bay","Angola Bay1",NA
248,10,1.363,1,17,23572.8712272876,1,7.37527799606323,33.8515290646456,0.438704401254654,3405,3.17635271498873,0,"Angola Bay","Angola Bay","Angola Bay1",NA
249,10,1.363,1,16.9919300079346,23572.8712272876,1,9.19583606719971,35.8701173992632,0.397781401872635,3405,3.17635271498873,0,"Angola Bay","Angola Bay","Angola Bay1",NA
250,10,1.363,1,17,23572.8712272876,1,8.35706806182861,36.2479575769578,0.411688089370728,3405,3.17635271498873,0,"Angola Bay","Angola Bay","Angola Bay1",NA
251,10,1.41307692307692,1,17.1000003814697,24574.5221737057,1,6.70250463485718,31.1433177478638,0.434558480978012,3405,3.17635271498873,0,"Angola Bay","Angola Bay","Angola Bay1",NA
252,10,1.363,1,16.8982925415039,23572.8712272876,1,9.2061357498169,38.2210216176413,0.390957355499268,3405,3.17635271498873,0,"Angola Bay","Angola Bay","Angola Bay1",NA
253,10,1.363,1,17,23572.8712272876,1,7.63947200775146,35.6865929034868,0.434104144573212,3405,3.17635271498873,0,"Angola Bay","Angola Bay","Angola Bay1",NA
254,10,1.363,1,17.0998935699463,23572.8712272876,1,8.09294605255127,31.5940019926046,0.415834248065948,3405,3.17635271498873,0,"Angola Bay","Angola Bay","Angola Bay1",NA
255,10,1.363,1,17.1000003814697,23572.8712272876,1,7.38080358505249,29.314382437167,0.432061821222305,3405,3.17635271498873,0,"Angola Bay","Angola Bay","Angola Bay1",NA
256,10,1.363,1,17.1000003814697,23572.8712272876,1,7.90892219543457,31.517449982352,0.413199782371521,3405,3.17635271498873,0,"Angola Bay","Angola Bay","Angola Bay1",NA
257,10,1.58,1,17.1160449981689,386.908218028482,1,7.02699422836304,28.5942292328973,0.388566941022873,3405,3.17635271498873,0,"Angola Bay","Angola Bay","Angola Bay1",NA
258,10,1.363,1,17.1000003814697,23572.8712272876,1,7.21737384796143,28.8679657892089,0.402207523584366,3405,3.17635271498873,0,"Angola Bay","Angola Bay","Angola Bay1",NA
259,10,1.363,1,17,23572.8712272876,1,7.52371549606323,33.3039957851773,0.478024214506149,3405,3.17635271498873,0,"Angola Bay","Angola Bay","Angola Bay1",NA
260,10,1.363,1,17.2000007629395,23572.8712272876,1,7.21306848526001,34.5556311268779,0.42299011349678,3405,3.17635271498873,0,"Angola Bay","Angola Bay","Angola Bay1",NA
261,10,1.363,1,16.8999996185303,23572.8712272876,1,9.4793529510498,37.8652411148677,0.393224567174911,3405,3.17635271498873,0,"Angola Bay","Angola Bay","Angola Bay1",NA
262,10,1.363,1,17.1054916381836,23572.8712272876,1,6.68658208847046,33.5997341538895,0.43236255645752,3405,3.17635271498873,0,"Angola Bay","Angola Bay","Angola Bay1",NA
263,10,1.363,1,17.0154914855957,23572.8712272876,1,7.87002563476562,31.0657436244583,0.43238490819931,3405,3.17635271498873,0,"Angola Bay","Angola Bay","Angola Bay1",NA
264,10,1.363,1,17,23572.8712272876,1,8.45861625671387,35.7390010200299,0.411570847034454,3405,3.17635271498873,0,"Angola Bay","Angola Bay","Angola Bay1",NA
265,10,1.363,1,17,23572.8712272876,1,9.4183406829834,36.0964521591712,0.3992118537426,3405,3.17635271498873,0,"Angola Bay","Angola Bay","Angola Bay1",NA
266,10,1.363,1,17.0000019073486,23572.8712272876,1,7.70402383804321,30.717420503769,0.458929806947708,3405,3.17635271498873,0,"Angola Bay","Angola Bay","Angola Bay1",NA
267,10,1.57,0,17.2808990478516,476.897960498199,1,5.42411088943481,27.295709910212,0.451485604047775,3405,3.17635271498873,0,"Angola Bay","Angola Bay","Angola Bay1",NA
268,10,1.363,1,16.9999980926514,23572.8712272876,1,8.40998363494873,29.6973508031698,0.42829555273056,3405,3.17635271498873,0,"Angola Bay","Angola Bay","Angola Bay1",NA
269,10,1.363,1,17.1645221710205,23572.8712272876,1,7.20302963256836,34.7991497177755,0.504708051681519,3405,3.17635271498873,0,"Angola Bay","Angola Bay","Angola Bay1",NA
270,10,1.548,0,17.2416934967041,365.805551682688,1,7.00180244445801,29.5415457316126,0.364433258771896,3405,3.17635271498873,0,"Angola Bay","Angola Bay","Angola Bay1",NA
271,10,1.363,1,17.1000003814697,23572.8712272876,1,7.35430860519409,29.292832861241,0.362829834222794,3405,3.17635271498873,0,"Angola Bay","Angola Bay","Angola Bay1",NA
272,10,1.363,1,17.1000003814697,23572.8712272876,1,7.44915246963501,29.5003310992556,0.412125289440155,3405,3.17635271498873,0,"Angola Bay","Angola Bay","Angola Bay1",NA
274,10,1.363,1,16.8999996185303,23572.8712272876,1,9.32775688171387,38.0146544181105,0.3990738093853,3405,3.17635271498873,0,"Angola Bay","Angola Bay","Angola Bay1",NA
275,10,1.363,1,17,23572.8712272876,1,8.10858345031738,34.0799690831665,0.453392952680588,3405,3.17635271498873,0,"Angola Bay","Angola Bay","Angola Bay1",NA
276,10,1.58333333333333,0,17.1559600830078,540.089308859616,1,6.94001007080078,36.1817891973762,0.358839333057404,3405,3.17635271498873,0,"Angola Bay","Angola Bay","Angola Bay1",NA
277,10,1.363,1,17.0023403167725,23572.8712272876,1,7.32187080383301,32.9264177000899,0.465877324342728,3405,3.17635271498873,0,"Angola Bay","Angola Bay","Angola Bay1",NA
278,10,1.41307692307692,1,17.1543426513672,504.776961415483,1,6.51230525970459,28.0216376243261,0.440601974725723,3405,3.17635271498873,0,"Angola Bay","Angola Bay","Angola Bay1",NA
279,10,1.363,1,16.9755687713623,23572.8712272876,1,9.2758150100708,36.404128716466,0.402189493179321,3405,3.17635271498873,0,"Angola Bay","Angola Bay","Angola Bay1",NA
281,10,1.363,1,16.9224872589111,23572.8712272876,1,9.46763229370117,36.8497627657762,0.395261377096176,3405,3.17635271498873,0,"Angola Bay","Angola Bay","Angola Bay1",NA
282,10,1.363,1,17.0000019073486,23572.8712272876,1,8.48243999481201,30.8610205090698,0.421558976173401,3405,3.17635271498873,0,"Angola Bay","Angola Bay","Angola Bay1",NA
283,10,1.363,1,17.0187492370605,23572.8712272876,1,7.93723773956299,30.1808022796285,0.42325097322464,3405,3.17635271498873,0,"Angola Bay","Angola Bay","Angola Bay1",NA
284,10,1.363,1,17.0902137756348,23572.8712272876,1,8.09325885772705,31.3672896705406,0.42396280169487,3405,3.17635271498873,0,"Angola Bay","Angola Bay","Angola Bay1",NA
285,10,1.363,1,16.9854831695557,23572.8712272876,1,9.15615081787109,37.0133501609923,0.397414565086365,3405,3.17635271498873,0,"Angola Bay","Angola Bay","Angola Bay1",NA
286,10,1.363,1,17.1000003814697,23572.8712272876,1,6.85307502746582,32.091477018721,0.454062193632126,3405,3.17635271498873,0,"Angola Bay","Angola Bay","Angola Bay1",NA
287,10,1.363,1,17,23572.8712272876,1,8.21000480651855,35.2966560005881,0.43131697177887,3405,3.17635271498873,0,"Angola Bay","Angola Bay","Angola Bay1",NA
288,10,1.363,1,17.1000003814697,23572.8712272876,1,7.92759370803833,30.9096826974479,0.424189478158951,3405,3.17635271498873,0,"Angola Bay","Angola Bay","Angola Bay1",NA
289,10,1.363,1,17,23572.8712272876,1,7.22456216812134,28.1111878279319,0.436172097921371,3405,3.17635271498873,0,"Angola Bay","Angola Bay","Angola Bay1",NA
290,10,1.41307692307692,1,17.1000003814697,24574.5221737057,1,6.87134218215942,30.9772535536206,0.426111608743668,3405,3.17635271498873,0,"Angola Bay","Angola Bay","Angola Bay1",NA
292,10,1.363,1,17.0575389862061,23572.8712272876,1,8.17420768737793,32.6384371453625,0.407778829336166,3405,3.17635271498873,0,"Angola Bay","Angola Bay","Angola Bay1",NA
293,10,1.363,1,16.8999996185303,23572.8712272876,1,8.87301731109619,37.8244021757513,0.408111780881882,3405,3.17635271498873,0,"Angola Bay","Angola Bay","Angola Bay1",NA
294,10,1.363,1,17.1944923400879,23572.8712272876,1,6.72952365875244,33.6321805393918,0.425699323415756,3405,3.17635271498873,0,"Angola Bay","Angola Bay","Angola Bay1",NA
295,10,1.363,1,16.8999996185303,23572.8712272876,1,8.09678936004639,37.8263501971734,0.461030185222626,3405,3.17635271498873,0,"Angola Bay","Angola Bay","Angola Bay1",NA
296,10,1.363,1,17.0721187591553,23572.8712272876,1,7.92775297164917,30.0441612796872,0.416501700878143,3405,3.17635271498873,0,"Angola Bay","Angola Bay","Angola Bay1",NA
297,10,1.42466666666667,1,17.0952682495117,23903.7583016395,1,6.05822086334229,36.2463849134125,0.437495052814484,3405,3.17635271498873,0,"Angola Bay","Angola Bay","Angola Bay1",NA
298,10,1.363,1,17,23572.8712272876,1,7.94790983200073,31.0570153984993,0.448543518781662,3405,3.17635271498873,0,"Angola Bay","Angola Bay","Angola Bay1",NA
299,10,1.363,1,17.0222969055176,23572.8712272876,1,8.94387149810791,33.5943380158196,0.407583296298981,3405,3.17635271498873,0,"Angola Bay","Angola Bay","Angola Bay1",NA
300,10,1.363,1,17.0471229553223,23572.8712272876,1,8.90611553192139,33.2885211850864,0.41195672750473,3405,3.17635271498873,0,"Angola Bay","Angola Bay","Angola Bay1",NA
301,10,1.58,1,17.175386428833,386.908218028482,1,7.01057481765747,28.2135694386997,0.40135395526886,3405,3.17635271498873,0,"Angola Bay","Angola Bay","Angola Bay1",NA
302,10,1.363,1,17.1000003814697,23572.8712272876,1,8.36602401733398,32.986842490214,0.426531195640564,3405,3.17635271498873,0,"Angola Bay","Angola Bay","Angola Bay1",NA
303,10,1.363,1,17.039758682251,23572.8712272876,1,7.46098041534424,35.2423671284246,0.497433006763458,3405,3.17635271498873,0,"Angola Bay","Angola Bay","Angola Bay1",NA
304,10,1.363,1,17,23572.8712272876,1,9.22512912750244,35.6834740854913,0.408988177776337,3405,3.17635271498873,0,"Angola Bay","Angola Bay","Angola Bay1",NA
305,10,1.363,1,16.8999996185303,23572.8712272876,1,7.66728782653809,36.7130145040426,0.443555027246475,3405,3.17635271498873,0,"Angola Bay","Angola Bay","Angola Bay1",NA
306,10,1.363,1,17.014347076416,23572.8712272876,1,7.98910140991211,30.4544009576287,0.418981969356537,3405,3.17635271498873,0,"Angola Bay","Angola Bay","Angola Bay1",NA
308,10,1.363,1,17.1000003814697,23572.8712272876,1,7.16663217544556,32.5284678474781,0.462094932794571,3405,3.17635271498873,0,"Angola Bay","Angola Bay","Angola Bay1",NA
309,10,1.363,1,17,23572.8712272876,1,6.99536657333374,36.0970336474023,0.395579963922501,3405,3.17635271498873,0,"Angola Bay","Angola Bay","Angola Bay1",NA
310,10,1.363,1,17.0031356811523,23572.8712272876,1,8.6569995880127,32.0126120700094,0.435160398483276,3405,3.17635271498873,0,"Angola Bay","Angola Bay","Angola Bay1",NA
311,10,1.41307692307692,1,17.1977977752686,23691.5633373432,1,7.0117883682251,34.3352780713464,0.41454154253006,3405,3.17635271498873,0,"Angola Bay","Angola Bay","Angola Bay1",NA
312,10,1.363,1,17.1000003814697,23572.8712272876,1,8.36408710479736,32.5775723356822,0.413454234600067,3405,3.17635271498873,0,"Angola Bay","Angola Bay","Angola Bay1",NA
314,10,1.363,1,17.1006698608398,23572.8712272876,1,7.10581398010254,35.062267869827,0.491977453231812,3405,3.17635271498873,0,"Angola Bay","Angola Bay","Angola Bay1",NA
315,10,1.363,1,17.1000003814697,23572.8712272876,1,7.12542676925659,32.8108609451493,0.485732167959213,3405,3.17635271498873,0,"Angola Bay","Angola Bay","Angola Bay1",NA
316,10,1.58,1,17.1963062286377,755.861500209799,1,5.72568893432617,27.656990911438,0.448621511459351,3405,3.17635271498873,0,"Angola Bay","Angola Bay","Angola Bay1",NA
317,10,1.363,1,17.0720157623291,23572.8712272876,1,8.33047962188721,33.3893125859926,0.437161356210709,3405,3.17635271498873,0,"Angola Bay","Angola Bay","Angola Bay1",NA
318,10,1.363,1,17.0999984741211,23572.8712272876,1,7.63702344894409,30.982780601732,0.409276038408279,3405,3.17635271498873,0,"Angola Bay","Angola Bay","Angola Bay1",NA
319,10,1.42466666666667,1,17.1000003814697,23903.7583016395,1,6.56425619125366,36.5844360509274,0.457087576389313,3405,3.17635271498873,0,"Angola Bay","Angola Bay","Angola Bay1",NA
320,10,1.42466666666667,1,17.3158264160156,405.668071455097,1,6.69996404647827,29.5863139602895,0.389904320240021,3405,3.17635271498873,0,"Angola Bay","Angola Bay","Angola Bay1",NA
321,10,1.363,1,17.1000003814697,23572.8712272876,1,7.9635214805603,31.3938206182711,0.395671129226685,3405,3.17635271498873,0,"Angola Bay","Angola Bay","Angola Bay1",NA
322,10,1.363,1,17,23572.8712272876,1,8.20254707336426,29.2604465874969,0.437773942947388,3405,3.17635271498873,0,"Angola Bay","Angola Bay","Angola Bay1",NA
323,10,1.363,1,17.1000003814697,23572.8712272876,1,7.15296220779419,32.8644917112799,0.471395313739777,3405,3.17635271498873,0,"Angola Bay","Angola Bay","Angola Bay1",NA
325,10,1.363,1,17.0988292694092,23572.8712272876,1,7.06368446350098,29.128274934633,0.31336060166359,3405,3.17635271498873,0,"Angola Bay","Angola Bay","Angola Bay1",NA
326,10,1.363,1,17,23572.8712272876,1,8.60112953186035,33.9067297015879,0.411808520555496,3405,3.17635271498873,0,"Angola Bay","Angola Bay","Angola Bay1",NA
328,10,1.548,0,17.2357063293457,365.805551682688,1,7.44587707519531,27.947681798878,0.372975379228592,3405,3.17635271498873,0,"Angola Bay","Angola Bay","Angola Bay1",NA
329,10,1.363,1,17.0595970153809,23572.8712272876,1,8.80913352966309,32.8476641702069,0.40823233127594,3405,3.17635271498873,0,"Angola Bay","Angola Bay","Angola Bay1",NA
330,10,1.363,1,17.0471801757812,23572.8712272876,1,7.82732677459717,34.8034072403935,0.409319519996643,3405,3.17635271498873,0,"Angola Bay","Angola Bay","Angola Bay1",NA
331,10,1.363,1,17.1000003814697,23572.8712272876,1,7.37081527709961,31.7835756034005,0.427196890115738,3405,3.17635271498873,0,"Angola Bay","Angola Bay","Angola Bay1",NA
332,10,1.56666666666667,1,17.2579040527344,712.603766801026,1,6.74405813217163,27.6571761367638,0.396705538034439,3405,3.17635271498873,0,"Angola Bay","Angola Bay","Angola Bay1",NA
333,10,1.363,1,17.0843391418457,23572.8712272876,1,7.63088989257812,32.8822026057097,0.356344491243362,3405,3.17635271498873,0,"Angola Bay","Angola Bay","Angola Bay1",NA
334,10,1.42466666666667,1,17.2000007629395,23938.6767789702,1,7.41656112670898,29.9050387541318,0.385010659694672,3405,3.17635271498873,0,"Angola Bay","Angola Bay","Angola Bay1",NA
335,10,1.363,1,17.0948944091797,23572.8712272876,1,7.04438877105713,35.2164192090896,0.456866979598999,3405,3.17635271498873,0,"Angola Bay","Angola Bay","Angola Bay1",NA
336,10,1.363,1,17.0791263580322,23572.8712272876,1,8.12931823730469,34.9785209051862,0.432454317808151,3405,3.17635271498873,0,"Angola Bay","Angola Bay","Angola Bay1",NA
337,10,1.363,1,16.8999996185303,23572.8712272876,1,7.58315181732178,37.2626725470648,0.482462137937546,3405,3.17635271498873,0,"Angola Bay","Angola Bay","Angola Bay1",NA
338,10,1.363,1,17,23572.8712272876,1,7.7108416557312,30.6305727515594,0.434224396944046,3405,3.17635271498873,0,"Angola Bay","Angola Bay","Angola Bay1",NA
339,10,1.363,1,17.1000003814697,23572.8712272876,1,7.69687843322754,30.7491667016361,0.413119226694107,3405,3.17635271498873,0,"Angola Bay","Angola Bay","Angola Bay1",NA
340,10,1.505,1,17.2000007629395,23753.9668683714,1,6.57349014282227,33.5848754975912,0.456241339445114,3405,3.17635271498873,0,"Angola Bay","Angola Bay","Angola Bay1",NA
341,10,1.363,1,17.0992622375488,23572.8712272876,1,7.67809724807739,32.4403688145527,0.376436859369278,3405,3.17635271498873,0,"Angola Bay","Angola Bay","Angola Bay1",NA
342,10,1.363,1,17,23572.8712272876,1,7.72677040100098,30.3993055617465,0.452796936035156,3405,3.17635271498873,0,"Angola Bay","Angola Bay","Angola Bay1",NA
343,10,1.363,1,17,23572.8712272876,1,7.85390710830688,34.035161939321,0.452734142541885,3405,3.17635271498873,0,"Angola Bay","Angola Bay","Angola Bay1",NA
344,10,1.548,0,17.2999992370605,365.805551682688,1,7.69150590896606,28.6701762455031,0.416513442993164,3405,3.17635271498873,0,"Angola Bay","Angola Bay","Angola Bay1",NA
345,10,1.363,1,17.0809783935547,23572.8712272876,1,8.18454742431641,32.2927488294802,0.400253593921661,3405,3.17635271498873,0,"Angola Bay","Angola Bay","Angola Bay1",NA
346,10,1.363,1,17,23572.8712272876,1,8.0371036529541,34.3161009620704,0.451654672622681,3405,3.17635271498873,0,"Angola Bay","Angola Bay","Angola Bay1",NA
347,10,1.548,0,17.2903156280518,30.5508180261567,1,7.24064350128174,29.3287269780849,0.395774155855179,3405,3.17635271498873,0,"Angola Bay","Angola Bay","Angola Bay1",NA
348,10,1.58,1,17.2000007629395,755.861500209799,1,5.59651660919189,27.40115865259,0.45052769780159,3405,3.17635271498873,0,"Angola Bay","Angola Bay","Angola Bay1",NA
349,10,1.363,1,17.0000019073486,23572.8712272876,1,9.53071880340576,34.4908947324176,0.406249403953552,3405,3.17635271498873,0,"Angola Bay","Angola Bay","Angola Bay1",NA
350,10,1.363,1,17.0679721832275,23572.8712272876,1,7.26527404785156,34.3426471791984,0.411973118782043,3405,3.17635271498873,0,"Angola Bay","Angola Bay","Angola Bay1",NA
351,10,1.56,1,17.124547958374,1012.85333776696,1,5.68495464324951,31.2008103828063,0.448770076036453,3405,3.17635271498873,0,"Angola Bay","Angola Bay","Angola Bay1",NA
352,10,1.363,1,17,23572.8712272876,1,8.12944889068604,33.2204975294313,0.418161392211914,3405,3.17635271498873,0,"Angola Bay","Angola Bay","Angola Bay1",NA
353,10,1.548,0,17.297191619873,365.805551682688,1,7.08336877822876,27.6325361548224,0.386232376098633,3405,3.17635271498873,0,"Angola Bay","Angola Bay","Angola Bay1",NA
354,10,1.363,1,16.9580745697021,23572.8712272876,1,8.3619327545166,37.1071787420397,0.397660911083221,3405,3.17635271498873,0,"Angola Bay","Angola Bay","Angola Bay1",NA
355,10,1.363,1,17,23572.8712272876,1,8.16785430908203,35.225237936632,0.319853276014328,3405,3.17635271498873,0,"Angola Bay","Angola Bay","Angola Bay1",NA
356,10,1.363,1,17,23572.8712272876,1,9.19260597229004,33.8079092202227,0.41260227560997,3405,3.17635271498873,0,"Angola Bay","Angola Bay","Angola Bay1",NA
357,10,1.39130434782609,1,17.1000003814697,24077.648188703,1,6.68780660629272,28.3992974754201,0.382647901773453,3405,3.17635271498873,0,"Angola Bay","Angola Bay","Angola Bay1",NA
358,10,1.363,1,17.0853214263916,23572.8712272876,1,8.65165996551514,32.3650129118352,0.420839011669159,3405,3.17635271498873,0,"Angola Bay","Angola Bay","Angola Bay1",NA
359,10,1.62,0,17.0083312988281,22.1801250589863,1,7.23683929443359,28.0047523993434,0.430303692817688,3405,3.17635271498873,0,"Angola Bay","Angola Bay","Angola Bay1",NA
360,10,1.363,1,17.0638027191162,23572.8712272876,1,7.6306676864624,32.9505730835899,0.372084766626358,3405,3.17635271498873,0,"Angola Bay","Angola Bay","Angola Bay1",NA
361,10,1.363,1,17.0628452301025,23572.8712272876,1,7.97743225097656,31.6736982144478,0.407526135444641,3405,3.17635271498873,0,"Angola Bay","Angola Bay","Angola Bay1",NA
362,10,1.363,1,17.0638980865479,23572.8712272876,1,7.97529602050781,30.8312541595388,0.427379548549652,3405,3.17635271498873,0,"Angola Bay","Angola Bay","Angola Bay1",NA
363,10,1.363,1,16.8999996185303,23572.8712272876,1,9.66107845306396,37.2187576353464,0.399137169122696,3405,3.17635271498873,0,"Angola Bay","Angola Bay","Angola Bay1",NA
364,10,1.363,1,17,23572.8712272876,1,8.18643093109131,35.7208913482292,0.437918961048126,3405,3.17635271498873,0,"Angola Bay","Angola Bay","Angola Bay1",NA
365,10,1.58,0,17.1800289154053,368.953282181318,1,6.10812330245972,27.7983879549107,0.446937829256058,3405,3.17635271498873,0,"Angola Bay","Angola Bay","Angola Bay1",NA
366,10,1.363,1,17,23572.8712272876,1,7.87608480453491,35.9574608836423,0.430052280426025,3405,3.17635271498873,0,"Angola Bay","Angola Bay","Angola Bay1",NA
367,10,1.363,1,17.1000003814697,23572.8712272876,1,7.26794910430908,29.5191825851389,0.461243808269501,3405,3.17635271498873,0,"Angola Bay","Angola Bay","Angola Bay1",NA
368,10,1.363,1,17.0252151489258,23572.8712272876,1,8.42200756072998,31.9761833751478,0.424716114997864,3405,3.17635271498873,0,"Angola Bay","Angola Bay","Angola Bay1",NA
369,10,1.363,1,17.0159759521484,23572.8712272876,1,8.06050777435303,31.9887781322777,0.409101545810699,3405,3.17635271498873,0,"Angola Bay","Angola Bay","Angola Bay1",NA
371,10,1.363,1,17.1000003814697,23572.8712272876,1,7.20545196533203,32.9113886901752,0.484640777111053,3405,3.17635271498873,0,"Angola Bay","Angola Bay","Angola Bay1",NA
372,10,1.363,1,17,23572.8712272876,1,8.4448184967041,30.070991401653,0.428190231323242,3405,3.17635271498873,0,"Angola Bay","Angola Bay","Angola Bay1",NA
373,10,1.42466666666667,1,17.1000003814697,23581.8771191621,1,7.32142019271851,29.2911457109375,0.378591507673264,3405,3.17635271498873,0,"Angola Bay","Angola Bay","Angola Bay1",NA
374,10,1.363,1,17.2000007629395,23572.8712272876,1,6.98295736312866,34.0506062101419,0.389455825090408,3405,3.17635271498873,0,"Angola Bay","Angola Bay","Angola Bay1",NA
375,10,1.363,1,17.0000019073486,23572.8712272876,1,8.54187107086182,31.7412158157662,0.428928464651108,3405,3.17635271498873,0,"Angola Bay","Angola Bay","Angola Bay1",NA
376,10,1.56857142857143,1,17.1977710723877,823.154537228122,1,6.89609146118164,28.1547688708411,0.413096606731415,3405,3.17635271498873,0,"Angola Bay","Angola Bay","Angola Bay1",NA
377,10,1.41307692307692,1,17.2000007629395,23691.5633373432,1,7.02086400985718,33.9211227082318,0.423421949148178,3405,3.17635271498873,0,"Angola Bay","Angola Bay","Angola Bay1",NA
378,10,1.363,1,17.1000003814697,23572.8712272876,1,7.43136835098267,32.1688592921274,0.434018611907959,3405,3.17635271498873,0,"Angola Bay","Angola Bay","Angola Bay1",NA
379,10,1.363,1,17,23572.8712272876,1,8.13704967498779,32.7715729667858,0.441241949796677,3405,3.17635271498873,0,"Angola Bay","Angola Bay","Angola Bay1",NA
380,10,1.363,1,17.0024166107178,23572.8712272876,1,7.95946216583252,35.2598081796689,0.445581823587418,3405,3.17635271498873,0,"Angola Bay","Angola Bay","Angola Bay1",NA
381,10,1.363,1,16.9782276153564,23572.8712272876,1,9.61048316955566,36.2603726030648,0.393803924322128,3405,3.17635271498873,0,"Angola Bay","Angola Bay","Angola Bay1",NA
382,10,1.363,1,17.1000003814697,23572.8712272876,1,7.54026460647583,31.4774505346112,0.418601900339127,3405,3.17635271498873,0,"Angola Bay","Angola Bay","Angola Bay1",NA
383,10,1.363,1,17,23572.8712272876,1,8.99011611938477,33.0878375585657,0.415567636489868,3405,3.17635271498873,0,"Angola Bay","Angola Bay","Angola Bay1",NA
384,10,1.363,1,16.9000015258789,23572.8712272876,1,8.14487934112549,37.2460163263716,0.41833370923996,3405,3.17635271498873,0,"Angola Bay","Angola Bay","Angola Bay1",NA
385,10,1.363,1,17,23572.8712272876,1,8.03623390197754,36.314758343733,0.411783635616302,3405,3.17635271498873,0,"Angola Bay","Angola Bay","Angola Bay1",NA
386,10,1.363,1,16.9092960357666,23572.8712272876,1,9.34129238128662,37.4575897801914,0.402681618928909,3405,3.17635271498873,0,"Angola Bay","Angola Bay","Angola Bay1",NA
387,10,1.44666666666667,1,17.1457633972168,424.96240657094,1,6.46071577072144,32.5794639561362,0.417803943157196,3405,3.17635271498873,0,"Angola Bay","Angola Bay","Angola Bay1",NA
388,10,1.363,1,17.0038928985596,23572.8712272876,1,8.12244701385498,31.6469250469372,0.412863314151764,3405,3.17635271498873,0,"Angola Bay","Angola Bay","Angola Bay1",NA
1,39.4857743214884,1.62,0,17.2000007629395,10.98913700263,0,5.6246018409729,30.5488234471404,0.414432734251022,3405,3.17635271498873,0,"Angola Bay","Angola Bay","Angola Bay1",NA
2,39.4857743214884,1.444375,1,17.0318698883057,23581.6720342109,0,7.05006647109985,36.3558324716284,0.479474931955338,3405,3.17635271498873,0,"Angola Bay","Angola Bay","Angola Bay1",NA
3,39.4857743214884,1.363,1,17,23572.8712272876,0,8.31142902374268,36.6661643549476,0.397951066493988,3405,3.17635271498873,0,"Angola Bay","Angola Bay","Angola Bay1",NA
4,39.4857743214884,1.363,1,17,23572.8712272876,0,8.36962223052979,31.2963156872062,0.430948734283447,3405,3.17635271498873,0,"Angola Bay","Angola Bay","Angola Bay1",NA
5,39.4857743214884,1.51333333333333,1,17.1191482543945,1426.61335298911,0,6.6368522644043,32.342368100348,0.404095888137817,3405,3.17635271498873,0,"Angola Bay","Angola Bay","Angola Bay1",NA
6,39.4857743214884,1.363,1,17.0712051391602,23572.8712272876,0,8.12167835235596,32.0337726731622,0.419976770877838,3405,3.17635271498873,0,"Angola Bay","Angola Bay","Angola Bay1",NA
7,39.4857743214884,1.363,1,17.1000003814697,23572.8712272876,0,7.38783407211304,29.6644508709571,0.457521766424179,3405,3.17635271498873,0,"Angola Bay","Angola Bay","Angola Bay1",NA
8,39.4857743214884,1.363,1,17.1000003814697,23572.8712272876,0,7.00128316879272,31.8372546939242,0.447659850120544,3405,3.17635271498873,0,"Angola Bay","Angola Bay","Angola Bay1",NA
9,39.4857743214884,1.363,1,17.2000007629395,23572.8712272876,0,7.14335632324219,34.4318399537481,0.326389223337173,3405,3.17635271498873,0,"Angola Bay","Angola Bay","Angola Bay1",NA
10,39.4857743214884,1.40928571428571,1,17.2115612030029,23832.4848713545,0,6.76549959182739,35.3198990496867,0.400236248970032,3405,3.17635271498873,0,"Angola Bay","Angola Bay","Angola Bay1",NA
11,39.4857743214884,1.41307692307692,1,17.1000003814697,24574.5221737057,0,6.42652940750122,31.5597387239829,0.416692495346069,3405,3.17635271498873,0,"Angola Bay","Angola Bay","Angola Bay1",NA
12,39.4857743214884,1.548,0,17.2510528564453,365.805551682688,0,7.61805152893066,28.4928419503904,0.412153631448746,3405,3.17635271498873,0,"Angola Bay","Angola Bay","Angola Bay1",NA
13,39.4857743214884,1.363,1,17.1000003814697,23572.8712272876,0,7.37727165222168,29.8838212606596,0.466477453708649,3405,3.17635271498873,0,"Angola Bay","Angola Bay","Angola Bay1",NA
14,39.4857743214884,1.38636363636364,1,17,23595.0513523465,0,7.17158365249634,27.9903471242244,0.423290491104126,3405,3.17635271498873,0,"Angola Bay","Angola Bay","Angola Bay1",NA
15,39.4857743214884,1.363,1,17.1572914123535,23572.8712272876,0,7.22727584838867,34.6233028290796,0.438937395811081,3405,3.17635271498873,0,"Angola Bay","Angola Bay","Angola Bay1",NA
16,39.4857743214884,1.363,1,17.0965309143066,23572.8712272876,0,7.98952198028564,30.0007263477088,0.417822003364563,3405,3.17635271498873,0,"Angola Bay","Angola Bay","Angola Bay1",NA
17,39.4857743214884,1.363,1,17.1000003814697,23572.8712272876,0,7.25642156600952,33.3601022404309,0.451205372810364,3405,3.17635271498873,0,"Angola Bay","Angola Bay","Angola Bay1",NA
18,39.4857743214884,1.363,1,17,23572.8712272876,0,8.34303188323975,31.5685594626105,0.431647956371307,3405,3.17635271498873,0,"Angola Bay","Angola Bay","Angola Bay1",NA
19,39.4857743214884,1.363,1,17.1368007659912,23572.8712272876,0,7.67448949813843,30.0771584960781,0.408583164215088,3405,3.17635271498873,0,"Angola Bay","Angola Bay","Angola Bay1",NA
20,39.4857743214884,1.363,1,17,23572.8712272876,0,9.49965572357178,35.8340314111219,0.392191857099533,3405,3.17635271498873,0,"Angola Bay","Angola Bay","Angola Bay1",NA
21,39.4857743214884,1.363,1,17.1144409179688,23572.8712272876,0,7.57978582382202,29.7284802515265,0.284187644720078,3405,3.17635271498873,0,"Angola Bay","Angola Bay","Angola Bay1",NA
22,39.4857743214884,1.58,1,17.1257019042969,1001.65094641817,0,6.59284687042236,32.3254455651064,0.41079044342041,3405,3.17635271498873,0,"Angola Bay","Angola Bay","Angola Bay1",NA
23,39.4857743214884,1.363,1,17.0552749633789,23572.8712272876,0,7.75012302398682,34.3718278559268,0.420622915029526,3405,3.17635271498873,0,"Angola Bay","Angola Bay","Angola Bay1",NA
24,39.4857743214884,1.363,1,17.0924911499023,23572.8712272876,0,7.94885730743408,32.0095905098182,0.404507219791412,3405,3.17635271498873,0,"Angola Bay","Angola Bay","Angola Bay1",NA
25,39.4857743214884,1.48375,1,17.0195941925049,23982.3213551738,0,7.48977041244507,28.589569652538,0.35874742269516,3405,3.17635271498873,0,"Angola Bay","Angola Bay","Angola Bay1",NA
26,39.4857743214884,1.363,1,17,23572.8712272876,0,8.29890155792236,34.1269020113467,0.41390934586525,3405,3.17635271498873,0,"Angola Bay","Angola Bay","Angola Bay1",NA
27,39.4857743214884,1.363,1,17.07151222229,23572.8712272876,0,8.06613826751709,31.1072982837906,0.42926099896431,3405,3.17635271498873,0,"Angola Bay","Angola Bay","Angola Bay1",NA
28,39.4857743214884,1.363,1,17.0349349975586,23572.8712272876,0,7.09255933761597,32.668540322926,0.442415684461594,3405,3.17635271498873,0,"Angola Bay","Angola Bay","Angola Bay1",NA
29,39.4857743214884,1.363,1,17,23572.8712272876,0,7.42693281173706,32.9965557519572,0.378711014986038,3405,3.17635271498873,0,"Angola Bay","Angola Bay","Angola Bay1",NA
30,39.4857743214884,1.4735,1,17.2000007629395,930.523001477949,0,5.86381959915161,27.5434947471309,0.453613698482513,3405,3.17635271498873,0,"Angola Bay","Angola Bay","Angola Bay1",NA
31,39.4857743214884,1.363,1,17.1006050109863,23572.8712272876,0,7.45798635482788,29.3161525533166,0.411300182342529,3405,3.17635271498873,0,"Angola Bay","Angola Bay","Angola Bay1",NA
32,39.4857743214884,1.363,1,17,23572.8712272876,0,8.60916137695312,31.9728318066703,0.436861127614975,3405,3.17635271498873,0,"Angola Bay","Angola Bay","Angola Bay1",NA
34,39.4857743214884,1.58,1,17.2000007629395,1001.65094641817,0,5.4636492729187,30.8469247028819,0.465366005897522,3405,3.17635271498873,0,"Angola Bay","Angola Bay","Angola Bay1",NA
36,39.4857743214884,1.363,1,17.1616458892822,23572.8712272876,0,7.28572368621826,30.2759960746264,0.386819571256638,3405,3.17635271498873,0,"Angola Bay","Angola Bay","Angola Bay1",NA
37,39.4857743214884,1.363,1,17.0440635681152,23572.8712272876,0,7.60383605957031,30.2700181747675,0.456862807273865,3405,3.17635271498873,0,"Angola Bay","Angola Bay","Angola Bay1",NA
39,39.4857743214884,1.363,1,17.1000003814697,23572.8712272876,0,7.84309816360474,30.4334926633593,0.433374464511871,3405,3.17635271498873,0,"Angola Bay","Angola Bay","Angola Bay1",NA
40,39.4857743214884,1.363,1,16.8740272521973,23572.8712272876,0,8.85801982879639,38.0924969109231,0.391166120767593,3405,3.17635271498873,0,"Angola Bay","Angola Bay","Angola Bay1",NA
42,39.4857743214884,1.363,1,17,23572.8712272876,0,8.66569328308105,34.3974073095431,0.402997553348541,3405,3.17635271498873,0,"Angola Bay","Angola Bay","Angola Bay1",NA
43,39.4857743214884,1.42785714285714,1,17.1999778747559,561.569719296631,0,6.54292249679565,27.6547510127397,0.453595399856567,3405,3.17635271498873,0,"Angola Bay","Angola Bay","Angola Bay1",NA
44,39.4857743214884,1.363,1,17.1557788848877,23572.8712272876,0,7.57348918914795,30.6626883496128,0.414740204811096,3405,3.17635271498873,0,"Angola Bay","Angola Bay","Angola Bay1",NA
45,39.4857743214884,1.363,1,17,23572.8712272876,0,8.73617267608643,32.3697577757388,0.4221331179142,3405,3.17635271498873,0,"Angola Bay","Angola Bay","Angola Bay1",NA
46,39.4857743214884,1.363,1,17.005485534668,23572.8712272876,0,5.96439743041992,36.0010922829607,0.462153285741806,3405,3.17635271498873,0,"Angola Bay","Angola Bay","Angola Bay1",NA
47,39.4857743214884,1.363,1,16.9546356201172,23572.8712272876,0,7.32067394256592,36.3737985438252,0.459189027547836,3405,3.17635271498873,0,"Angola Bay","Angola Bay","Angola Bay1",NA
48,39.4857743214884,1.58,1,17.1003494262695,755.861500209799,0,6.66906404495239,28.3598924945505,0.394547313451767,3405,3.17635271498873,0,"Angola Bay","Angola Bay","Angola Bay1",NA
49,39.4857743214884,1.363,1,17.0999984741211,23572.8712272876,0,7.5564923286438,31.9927612188211,0.422760814428329,3405,3.17635271498873,0,"Angola Bay","Angola Bay","Angola Bay1",NA
50,39.4857743214884,1.363,1,17.065372467041,23572.8712272876,0,7.28549718856812,33.3149002527148,0.47724112868309,3405,3.17635271498873,0,"Angola Bay","Angola Bay","Angola Bay1",NA
52,39.4857743214884,1.363,1,17.0967845916748,23572.8712272876,0,8.10903644561768,34.7511769121328,0.421107769012451,3405,3.17635271498873,0,"Angola Bay","Angola Bay","Angola Bay1",NA
53,39.4857743214884,1.42466666666667,1,17.1872272491455,23938.6767789702,0,7.78038120269775,29.4824155847602,0.35663303732872,3405,3.17635271498873,0,"Angola Bay","Angola Bay","Angola Bay1",NA
54,39.4857743214884,1.363,1,17.1000003814697,23572.8712272876,0,7.47476196289062,30.0283260074692,0.449910253286362,3405,3.17635271498873,0,"Angola Bay","Angola Bay","Angola Bay1",NA
55,39.4857743214884,1.363,1,17,23572.8712272876,0,7.13794565200806,35.7478314214425,0.477573037147522,3405,3.17635271498873,0,"Angola Bay","Angola Bay","Angola Bay1",NA
56,39.4857743214884,1.363,1,17.0530891418457,23572.8712272876,0,7.36246395111084,33.2230405654764,0.471127390861511,3405,3.17635271498873,0,"Angola Bay","Angola Bay","Angola Bay1",NA
57,39.4857743214884,1.43764705882353,1,17.248161315918,24486.8040563089,0,5.65510940551758,35.594514030002,0.419001132249832,3405,3.17635271498873,0,"Angola Bay","Angola Bay","Angola Bay1",NA
58,39.4857743214884,1.39130434782609,1,17.1000003814697,24077.648188703,0,6.72004699707031,28.3116904040422,0.378730535507202,3405,3.17635271498873,0,"Angola Bay","Angola Bay","Angola Bay1",NA
59,39.4857743214884,1.596,1,17.2000007629395,1054.38620575303,0,4.95586109161377,30.571864506783,0.414647430181503,3405,3.17635271498873,0,"Angola Bay","Angola Bay","Angola Bay1",NA
60,39.4857743214884,1.58,1,17.1947555541992,386.908218028482,0,6.87520360946655,28.132484757131,0.323808908462524,3405,3.17635271498873,0,"Angola Bay","Angola Bay","Angola Bay1",NA
61,39.4857743214884,1.363,1,17.05251121521,23572.8712272876,0,8.08789157867432,33.0786953650704,0.475678652524948,3405,3.17635271498873,0,"Angola Bay","Angola Bay","Angola Bay1",NA
62,39.4857743214884,1.363,1,17.09228515625,23572.8712272876,0,7.588059425354,30.0647404623516,0.420303553342819,3405,3.17635271498873,0,"Angola Bay","Angola Bay","Angola Bay1",NA
63,39.4857743214884,1.363,1,16.9155216217041,23572.8712272876,0,9.4219388961792,37.073948547708,0.406403392553329,3405,3.17635271498873,0,"Angola Bay","Angola Bay","Angola Bay1",NA
64,39.4857743214884,1.41307692307692,1,17.0999984741211,24574.5221737057,0,6.6973443031311,30.781520766042,0.40377813577652,3405,3.17635271498873,0,"Angola Bay","Angola Bay","Angola Bay1",NA
65,39.4857743214884,1.363,1,17.1000003814697,23572.8712272876,0,8.09815788269043,31.1820732805096,0.412206083536148,3405,3.17635271498873,0,"Angola Bay","Angola Bay","Angola Bay1",NA
66,39.4857743214884,1.363,1,16.9000148773193,23572.8712272876,0,8.61057186126709,37.4695125551608,0.402036488056183,3405,3.17635271498873,0,"Angola Bay","Angola Bay","Angola Bay1",NA
67,39.4857743214884,1.363,1,17.0463562011719,23572.8712272876,0,7.49440288543701,30.327152337655,0.462704837322235,3405,3.17635271498873,0,"Angola Bay","Angola Bay","Angola Bay1",NA
68,39.4857743214884,1.363,1,17,23572.8712272876,0,8.46822452545166,35.5682295765507,0.403370648622513,3405,3.17635271498873,0,"Angola Bay","Angola Bay","Angola Bay1",NA
70,39.4857743214884,1.363,1,16.9148292541504,23572.8712272876,0,8.1489725112915,36.9641091934574,0.410412788391113,3405,3.17635271498873,0,"Angola Bay","Angola Bay","Angola Bay1",NA
71,39.4857743214884,1.363,1,17,23572.8712272876,0,8.98929119110107,34.8066491527519,0.399060994386673,3405,3.17635271498873,0,"Angola Bay","Angola Bay","Angola Bay1",NA
72,39.4857743214884,1.44315789473684,1,16.9070911407471,23609.0534844532,0,7.47692155838013,37.1501544549171,0.463012456893921,3405,3.17635271498873,0,"Angola Bay","Angola Bay","Angola Bay1",NA
73,39.4857743214884,1.363,1,16.9999980926514,23572.8712272876,0,8.30445575714111,34.5807974080109,0.429144352674484,3405,3.17635271498873,0,"Angola Bay","Angola Bay","Angola Bay1",NA
74,39.4857743214884,1.363,1,17.0620384216309,23572.8712272876,0,8.00575828552246,31.8148457633062,0.396422564983368,3405,3.17635271498873,0,"Angola Bay","Angola Bay","Angola Bay1",NA
75,39.4857743214884,1.363,1,17.0145626068115,23572.8712272876,0,8.87683868408203,32.6239941555363,0.410205632448196,3405,3.17635271498873,0,"Angola Bay","Angola Bay","Angola Bay1",NA
76,39.4857743214884,1.363,1,17.1476459503174,23572.8712272876,0,7.32954549789429,34.944171713016,0.441911220550537,3405,3.17635271498873,0,"Angola Bay","Angola Bay","Angola Bay1",NA
77,39.4857743214884,1.363,1,17.104663848877,23572.8712272876,0,6.24219942092896,33.5703762632535,0.428770571947098,3405,3.17635271498873,0,"Angola Bay","Angola Bay","Angola Bay1",NA
78,39.4857743214884,1.62,0,17.2434883117676,10.98913700263,0,6.2503490447998,30.4339683417854,0.410114288330078,3405,3.17635271498873,0,"Angola Bay","Angola Bay","Angola Bay1",NA
79,39.4857743214884,1.41307692307692,1,17.1891937255859,23691.5633373432,0,6.15260934829712,33.545409109605,0.437244921922684,3405,3.17635271498873,0,"Angola Bay","Angola Bay","Angola Bay1",NA
80,39.4857743214884,1.62,0,17.4999980926514,258.402511754222,0,6.28222179412842,27.2423053494537,0.430223256349564,3405,3.17635271498873,0,"Angola Bay","Angola Bay","Angola Bay1",NA
81,39.4857743214884,1.363,1,17.0107288360596,23572.8712272876,0,8.1629114151001,33.4518531382311,0.446279227733612,3405,3.17635271498873,0,"Angola Bay","Angola Bay","Angola Bay1",NA
82,39.4857743214884,1.363,1,16.8999996185303,23572.8712272876,0,7.68835878372192,37.1059470172369,0.458009958267212,3405,3.17635271498873,0,"Angola Bay","Angola Bay","Angola Bay1",NA
83,39.4857743214884,1.363,1,17.1000003814697,23572.8712272876,0,7.79494380950928,30.0404999844029,0.399613976478577,3405,3.17635271498873,0,"Angola Bay","Angola Bay","Angola Bay1",NA
84,39.4857743214884,1.363,1,16.9000015258789,23572.8712272876,0,8.0817289352417,37.5611878841693,0.451443642377853,3405,3.17635271498873,0,"Angola Bay","Angola Bay","Angola Bay1",NA
85,39.4857743214884,1.363,1,17,23572.8712272876,0,9.50180816650391,34.8277955582011,0.389194816350937,3405,3.17635271498873,0,"Angola Bay","Angola Bay","Angola Bay1",NA
86,39.4857743214884,1.363,1,16.9999980926514,23572.8712272876,0,8.51109981536865,36.1891120463002,0.407671809196472,3405,3.17635271498873,0,"Angola Bay","Angola Bay","Angola Bay1",NA
87,39.4857743214884,1.363,1,17,23572.8712272876,0,8.36556816101074,36.3192871328361,0.409602552652359,3405,3.17635271498873,0,"Angola Bay","Angola Bay","Angola Bay1",NA
88,39.4857743214884,1.363,1,17.049732208252,23572.8712272876,0,8.04403114318848,32.3823070813706,0.415619432926178,3405,3.17635271498873,0,"Angola Bay","Angola Bay","Angola Bay1",NA
89,39.4857743214884,1.363,1,17,23572.8712272876,0,9.46701908111572,34.4038239751287,0.394470423460007,3405,3.17635271498873,0,"Angola Bay","Angola Bay","Angola Bay1",NA
90,39.4857743214884,1.363,1,17.0000019073486,23572.8712272876,0,7.91287517547607,30.7477527971994,0.45309191942215,3405,3.17635271498873,0,"Angola Bay","Angola Bay","Angola Bay1",NA
91,39.4857743214884,1.445625,1,17,23589.0297711417,0,7.66952753067017,28.396339517904,0.407087653875351,3405,3.17635271498873,0,"Angola Bay","Angola Bay","Angola Bay1",NA
92,39.4857743214884,1.363,1,16.9999980926514,23572.8712272876,0,7.69272804260254,30.6828341908053,0.465873122215271,3405,3.17635271498873,0,"Angola Bay","Angola Bay","Angola Bay1",NA
95,39.4857743214884,1.363,1,17,23572.8712272876,0,8.04623126983643,28.8751191034896,0.435189485549927,3405,3.17635271498873,0,"Angola Bay","Angola Bay","Angola Bay1",NA
96,39.4857743214884,1.363,1,17.0118789672852,23572.8712272876,0,7.34205293655396,33.0166064088061,0.48348468542099,3405,3.17635271498873,0,"Angola Bay","Angola Bay","Angola Bay1",NA
97,39.4857743214884,1.363,1,17,23572.8712272876,0,8.12845802307129,33.7848848289813,0.435329645872116,3405,3.17635271498873,0,"Angola Bay","Angola Bay","Angola Bay1",NA
98,39.4857743214884,1.363,1,17.1000003814697,23572.8712272876,0,7.65103530883789,31.4953319580756,0.408937007188797,3405,3.17635271498873,0,"Angola Bay","Angola Bay","Angola Bay1",NA
99,39.4857743214884,1.363,1,16.8999977111816,23572.8712272876,0,9.61954498291016,37.4486955385944,0.403985232114792,3405,3.17635271498873,0,"Angola Bay","Angola Bay","Angola Bay1",NA
100,39.4857743214884,1.465,1,16.8999996185303,23617.5919898707,0,8.03877067565918,37.6089057707365,0.451794743537903,3405,3.17635271498873,0,"Angola Bay","Angola Bay","Angola Bay1",NA
101,39.4857743214884,1.5524,1,17.1999988555908,1051.17499810147,0,6.17461633682251,33.0186570339556,0.404155254364014,3405,3.17635271498873,0,"Angola Bay","Angola Bay","Angola Bay1",NA
102,39.4857743214884,1.42466666666667,1,17.1000003814697,23581.8771191621,0,7.3440465927124,29.5321458926656,0.287599682807922,3405,3.17635271498873,0,"Angola Bay","Angola Bay","Angola Bay1",NA
103,39.4857743214884,1.41307692307692,1,17.1000003814697,24574.5221737057,0,6.90845251083374,31.3476131837264,0.428663015365601,3405,3.17635271498873,0,"Angola Bay","Angola Bay","Angola Bay1",NA
104,39.4857743214884,1.363,1,17.0884952545166,23572.8712272876,0,7.30499505996704,32.9353480419494,0.479679703712463,3405,3.17635271498873,0,"Angola Bay","Angola Bay","Angola Bay1",NA
105,39.4857743214884,1.363,1,17,23572.8712272876,0,8.26654052734375,30.3200886027216,0.428745418787003,3405,3.17635271498873,0,"Angola Bay","Angola Bay","Angola Bay1",NA
106,39.4857743214884,1.363,1,17.1000003814697,23572.8712272876,0,7.26036739349365,32.3763726715397,0.2771315574646,3405,3.17635271498873,0,"Angola Bay","Angola Bay","Angola Bay1",NA
107,39.4857743214884,1.363,1,17.1000003814697,23572.8712272876,0,7.41796588897705,29.7764301837621,0.382852792739868,3405,3.17635271498873,0,"Angola Bay","Angola Bay","Angola Bay1",NA
108,39.4857743214884,1.363,1,17.0363216400146,23572.8712272876,0,8.02362442016602,34.3105757416356,0.435978293418884,3405,3.17635271498873,0,"Angola Bay","Angola Bay","Angola Bay1",NA
109,39.4857743214884,1.363,1,17,23572.8712272876,0,9.25701141357422,34.0303099452388,0.397807538509369,3405,3.17635271498873,0,"Angola Bay","Angola Bay","Angola Bay1",NA
110,39.4857743214884,1.363,1,17,23572.8712272876,0,8.24819946289062,29.8697443278661,0.420709371566772,3405,3.17635271498873,0,"Angola Bay","Angola Bay","Angola Bay1",NA
111,39.4857743214884,1.363,1,17,23572.8712272876,0,8.15766620635986,29.4432923816719,0.424109905958176,3405,3.17635271498873,0,"Angola Bay","Angola Bay","Angola Bay1",NA
112,39.4857743214884,1.363,1,17.1000003814697,23572.8712272876,0,7.70726871490479,30.636618056424,0.414561152458191,3405,3.17635271498873,0,"Angola Bay","Angola Bay","Angola Bay1",NA
113,39.4857743214884,1.42466666666667,1,17.2000026702881,23938.6767789702,0,7.02952480316162,29.8701256085049,0.374321609735489,3405,3.17635271498873,0,"Angola Bay","Angola Bay","Angola Bay1",NA
114,39.4857743214884,1.363,1,17,23572.8712272876,0,8.79315090179443,35.1225058081397,0.39675834774971,3405,3.17635271498873,0,"Angola Bay","Angola Bay","Angola Bay1",NA
115,39.4857743214884,1.363,1,17.0000019073486,23572.8712272876,0,7.83682107925415,36.1048768025317,0.435563653707504,3405,3.17635271498873,0,"Angola Bay","Angola Bay","Angola Bay1",NA
116,39.4857743214884,1.363,1,17.1000003814697,23572.8712272876,0,7.33703708648682,34.9762220678284,0.453902095556259,3405,3.17635271498873,0,"Angola Bay","Angola Bay","Angola Bay1",NA
117,39.4857743214884,1.363,1,17,23572.8712272876,0,7.92016887664795,33.3729698854405,0.435163348913193,3405,3.17635271498873,0,"Angola Bay","Angola Bay","Angola Bay1",NA
118,39.4857743214884,1.363,1,17,23572.8712272876,0,9.37696552276611,35.5625871222438,0.399978429079056,3405,3.17635271498873,0,"Angola Bay","Angola Bay","Angola Bay1",NA
119,39.4857743214884,1.363,1,16.8994369506836,23572.8712272876,0,8.33899784088135,38.2496017292979,0.468603253364563,3405,3.17635271498873,0,"Angola Bay","Angola Bay","Angola Bay1",NA
120,39.4857743214884,1.363,1,16.9000091552734,23572.8712272876,0,9.59339046478271,36.4441159092352,0.396447956562042,3405,3.17635271498873,0,"Angola Bay","Angola Bay","Angola Bay1",NA
121,39.4857743214884,1.363,1,17.0600891113281,23572.8712272876,0,7.65586853027344,35.46018787217,0.451769053936005,3405,3.17635271498873,0,"Angola Bay","Angola Bay","Angola Bay1",NA
122,39.4857743214884,1.363,1,17.0629863739014,23572.8712272876,0,7.5248646736145,30.2511576917608,0.462472945451736,3405,3.17635271498873,0,"Angola Bay","Angola Bay","Angola Bay1",NA
123,39.4857743214884,1.55,1,17.4951877593994,725.004568041719,0,6.42019844055176,27.1731796849899,0.43100094795227,3405,3.17635271498873,0,"Angola Bay","Angola Bay","Angola Bay1",NA
124,39.4857743214884,1.363,1,17.0974273681641,23572.8712272876,0,7.33179998397827,29.5966619494113,0.468659937381744,3405,3.17635271498873,0,"Angola Bay","Angola Bay","Angola Bay1",NA
125,39.4857743214884,1.363,1,17,23572.8712272876,0,9.16716003417969,35.7149805590655,0.395226210355759,3405,3.17635271498873,0,"Angola Bay","Angola Bay","Angola Bay1",NA
126,39.4857743214884,1.363,1,17.0246505737305,23572.8712272876,0,7.83967685699463,32.8774694036271,0.394997507333755,3405,3.17635271498873,0,"Angola Bay","Angola Bay","Angola Bay1",NA
127,39.4857743214884,1.363,1,17,23572.8712272876,0,8.5084810256958,36.1666479036047,0.411916553974152,3405,3.17635271498873,0,"Angola Bay","Angola Bay","Angola Bay1",NA
128,39.4857743214884,1.363,1,17.1000003814697,23572.8712272876,0,6.66316366195679,32.0140553144638,0.458806335926056,3405,3.17635271498873,0,"Angola Bay","Angola Bay","Angola Bay1",NA
129,39.4857743214884,1.363,1,17,23572.8712272876,0,9.3912763595581,35.1772232190263,0.389543652534485,3405,3.17635271498873,0,"Angola Bay","Angola Bay","Angola Bay1",NA
130,39.4857743214884,1.363,1,17.167329788208,23572.8712272876,0,7.17275524139404,34.5394252273917,0.451221257448196,3405,3.17635271498873,0,"Angola Bay","Angola Bay","Angola Bay1",NA
131,39.4857743214884,1.363,1,17,23572.8712272876,0,7.67632246017456,28.4787485567944,0.429334133863449,3405,3.17635271498873,0,"Angola Bay","Angola Bay","Angola Bay1",NA
132,39.4857743214884,1.55125,1,17.1907043457031,1066.03201351565,0,6.47417497634888,30.5028798798696,0.398873925209045,3405,3.17635271498873,0,"Angola Bay","Angola Bay","Angola Bay1",NA
133,39.4857743214884,1.363,1,17.1000003814697,23572.8712272876,0,7.06445264816284,29.1159545260222,0.340610176324844,3405,3.17635271498873,0,"Angola Bay","Angola Bay","Angola Bay1",NA
134,39.4857743214884,1.548,0,17.3050022125244,365.805551682688,0,7.50330877304077,28.0687096180742,0.386605739593506,3405,3.17635271498873,0,"Angola Bay","Angola Bay","Angola Bay1",NA
135,39.4857743214884,1.58,1,17.1823177337646,1001.65094641817,0,5.82299375534058,31.0444556911765,0.454232752323151,3405,3.17635271498873,0,"Angola Bay","Angola Bay","Angola Bay1",NA
136,39.4857743214884,1.363,1,17,23572.8712272876,0,8.11591339111328,32.2173538084411,0.39601930975914,3405,3.17635271498873,0,"Angola Bay","Angola Bay","Angola Bay1",NA
138,39.4857743214884,1.363,1,17.0000019073486,23572.8712272876,0,7.6492190361023,30.4146652229418,0.443436563014984,3405,3.17635271498873,0,"Angola Bay","Angola Bay","Angola Bay1",NA
140,39.4857743214884,1.42466666666667,1,17.1000003814697,23581.8771191621,0,7.55955028533936,29.7003400515207,0.313745647668839,3405,3.17635271498873,0,"Angola Bay","Angola Bay","Angola Bay1",NA
141,39.4857743214884,1.363,1,16.9989471435547,23572.8712272876,0,8.93177223205566,36.0325876593174,0.4045649766922,3405,3.17635271498873,0,"Angola Bay","Angola Bay","Angola Bay1",NA
142,39.4857743214884,1.363,1,17.0973262786865,23572.8712272876,0,6.98336124420166,32.412487394418,0.481262743473053,3405,3.17635271498873,0,"Angola Bay","Angola Bay","Angola Bay1",NA
143,39.4857743214884,1.363,1,17.1000003814697,23572.8712272876,0,7.76407051086426,31.7948644631086,0.415242403745651,3405,3.17635271498873,0,"Angola Bay","Angola Bay","Angola Bay1",NA
144,39.4857743214884,1.363,1,17.0845222473145,23572.8712272876,0,7.32001829147339,32.6277747237357,0.329546868801117,3405,3.17635271498873,0,"Angola Bay","Angola Bay","Angola Bay1",NA
145,39.4857743214884,1.42466666666667,1,17,23584.0498106844,0,7.98846435546875,28.8364628348148,0.427517056465149,3405,3.17635271498873,0,"Angola Bay","Angola Bay","Angola Bay1",NA
146,39.4857743214884,1.42466666666667,1,17.2058925628662,23938.6767789702,0,7.78558397293091,29.4095991529159,0.356446921825409,3405,3.17635271498873,0,"Angola Bay","Angola Bay","Angola Bay1",NA
147,39.4857743214884,1.363,1,17,23572.8712272876,0,8.24521064758301,36.698983106619,0.390648066997528,3405,3.17635271498873,0,"Angola Bay","Angola Bay","Angola Bay1",NA
148,39.4857743214884,1.363,1,16.939395904541,23572.8712272876,0,7.61034202575684,36.2859414375547,0.460581570863724,3405,3.17635271498873,0,"Angola Bay","Angola Bay","Angola Bay1",NA
149,39.4857743214884,1.363,1,16.8999996185303,23572.8712272876,0,9.13234996795654,37.7861605278056,0.411639153957367,3405,3.17635271498873,0,"Angola Bay","Angola Bay","Angola Bay1",NA
150,39.4857743214884,1.363,1,17.1000003814697,23572.8712272876,0,8.09092617034912,31.3761832807057,0.422069609165192,3405,3.17635271498873,0,"Angola Bay","Angola Bay","Angola Bay1",NA
151,39.4857743214884,1.363,1,17,23572.8712272876,0,7.76520538330078,29.6649978869927,0.436612725257874,3405,3.17635271498873,0,"Angola Bay","Angola Bay","Angola Bay1",NA
152,39.4857743214884,1.363,1,17.0001316070557,23572.8712272876,0,6.86590766906738,35.7942310608661,0.451457232236862,3405,3.17635271498873,0,"Angola Bay","Angola Bay","Angola Bay1",NA
153,39.4857743214884,1.363,1,17,23572.8712272876,0,7.52015256881714,33.8155881636218,0.440955877304077,3405,3.17635271498873,0,"Angola Bay","Angola Bay","Angola Bay1",NA
154,39.4857743214884,1.56666666666667,1,17.1784858703613,1054.59946009919,0,5.66321849822998,30.8322136258571,0.44168496131897,3405,3.17635271498873,0,"Angola Bay","Angola Bay","Angola Bay1",NA
155,39.4857743214884,1.363,1,16.8999996185303,23572.8712272876,0,8.37512016296387,37.7051081086482,0.407462924718857,3405,3.17635271498873,0,"Angola Bay","Angola Bay","Angola Bay1",NA
156,39.4857743214884,1.42466666666667,1,17.0964889526367,23903.7583016395,0,6.80051708221436,36.8121991319654,0.438294112682343,3405,3.17635271498873,0,"Angola Bay","Angola Bay","Angola Bay1",NA
157,39.4857743214884,1.363,1,17,23572.8712272876,0,8.03903675079346,31.2680949289108,0.423314958810806,3405,3.17635271498873,0,"Angola Bay","Angola Bay","Angola Bay1",NA
158,39.4857743214884,1.57384615384615,0,17.3076400756836,735.300472252421,0,6.88563013076782,27.197625122874,0.44358491897583,3405,3.17635271498873,0,"Angola Bay","Angola Bay","Angola Bay1",NA
159,39.4857743214884,1.363,1,17,23572.8712272876,0,8.0635871887207,35.8134245075398,0.421034663915634,3405,3.17635271498873,0,"Angola Bay","Angola Bay","Angola Bay1",NA
161,39.4857743214884,1.363,1,17,23572.8712272876,0,8.57316589355469,33.9836953350677,0.384510666131973,3405,3.17635271498873,0,"Angola Bay","Angola Bay","Angola Bay1",NA
162,39.4857743214884,1.363,1,17.2047691345215,23572.8712272876,0,7.32189273834229,29.3921396711418,0.315666913986206,3405,3.17635271498873,0,"Angola Bay","Angola Bay","Angola Bay1",NA
163,39.4857743214884,1.363,1,17,23572.8712272876,0,8.33016300201416,33.5773813436372,0.397194743156433,3405,3.17635271498873,0,"Angola Bay","Angola Bay","Angola Bay1",NA
164,39.4857743214884,1.363,1,17.0930461883545,23572.8712272876,0,8.0701150894165,30.5688341312166,0.4253209233284,3405,3.17635271498873,0,"Angola Bay","Angola Bay","Angola Bay1",NA
165,39.4857743214884,1.363,1,17,23572.8712272876,0,7.35486936569214,35.5676880742418,0.457004070281982,3405,3.17635271498873,0,"Angola Bay","Angola Bay","Angola Bay1",NA
166,39.4857743214884,1.363,1,17.0161304473877,23572.8712272876,0,7.51832151412964,29.996087171688,0.465213119983673,3405,3.17635271498873,0,"Angola Bay","Angola Bay","Angola Bay1",NA
167,39.4857743214884,1.363,1,17.1000003814697,23572.8712272876,0,7.31239748001099,32.3140154773612,0.399158030748367,3405,3.17635271498873,0,"Angola Bay","Angola Bay","Angola Bay1",NA
168,39.4857743214884,1.363,1,17,23572.8712272876,0,8.41010665893555,35.7174361466742,0.408675730228424,3405,3.17635271498873,0,"Angola Bay","Angola Bay","Angola Bay1",NA
170,39.4857743214884,1.363,1,17.1000003814697,23572.8712272876,0,6.72867250442505,31.7623148690181,0.418203920125961,3405,3.17635271498873,0,"Angola Bay","Angola Bay","Angola Bay1",NA
171,39.4857743214884,1.363,1,17,23572.8712272876,0,8.43908977508545,30.5799393090555,0.421839863061905,3405,3.17635271498873,0,"Angola Bay","Angola Bay","Angola Bay1",NA
172,39.4857743214884,1.363,1,17,23572.8712272876,0,7.88198614120483,29.9942989767008,0.445715337991714,3405,3.17635271498873,0,"Angola Bay","Angola Bay","Angola Bay1",NA
173,39.4857743214884,1.42466666666667,1,17,23584.0498106844,0,7.75382995605469,28.9932822293899,0.386246412992477,3405,3.17635271498873,0,"Angola Bay","Angola Bay","Angola Bay1",NA
174,39.4857743214884,1.363,1,17,23572.8712272876,0,7.9096302986145,33.7904553679824,0.469213038682938,3405,3.17635271498873,0,"Angola Bay","Angola Bay","Angola Bay1",NA
175,39.4857743214884,1.363,1,17,23572.8712272876,0,7.64309597015381,33.654806086771,0.458587110042572,3405,3.17635271498873,0,"Angola Bay","Angola Bay","Angola Bay1",NA
176,39.4857743214884,1.363,1,17,23572.8712272876,0,7.48996543884277,33.2958281942646,0.46585538983345,3405,3.17635271498873,0,"Angola Bay","Angola Bay","Angola Bay1",NA
177,39.4857743214884,1.363,1,17,23572.8712272876,0,8.38427257537842,33.70009474804,0.392197966575623,3405,3.17635271498873,0,"Angola Bay","Angola Bay","Angola Bay1",NA
178,39.4857743214884,1.363,1,17,23572.8712272876,0,8.92248630523682,32.7666852028564,0.421884953975677,3405,3.17635271498873,0,"Angola Bay","Angola Bay","Angola Bay1",NA
179,39.4857743214884,1.363,1,17.1000003814697,23572.8712272876,0,6.82393169403076,32.3218523693189,0.468088835477829,3405,3.17635271498873,0,"Angola Bay","Angola Bay","Angola Bay1",NA
180,39.4857743214884,1.548,0,17.236213684082,365.805551682688,0,7.46567964553833,28.9174352648304,0.376234799623489,3405,3.17635271498873,0,"Angola Bay","Angola Bay","Angola Bay1",NA
181,39.4857743214884,1.363,1,17,23572.8712272876,0,8.19671440124512,30.4872887871813,0.429806917905807,3405,3.17635271498873,0,"Angola Bay","Angola Bay","Angola Bay1",NA
182,39.4857743214884,1.363,1,17.1000003814697,23572.8712272876,0,7.76028537750244,29.6958714832653,0.409177511930466,3405,3.17635271498873,0,"Angola Bay","Angola Bay","Angola Bay1",NA
183,39.4857743214884,1.363,1,17,23572.8712272876,0,9.16542339324951,33.473426291011,0.411695092916489,3405,3.17635271498873,0,"Angola Bay","Angola Bay","Angola Bay1",NA
184,39.4857743214884,1.548,0,17.2000007629395,396.356369708844,0,7.56384754180908,29.3630953308228,0.37476459145546,3405,3.17635271498873,0,"Angola Bay","Angola Bay","Angola Bay1",NA
185,39.4857743214884,1.363,1,17.1000003814697,23572.8712272876,0,7.7390513420105,31.2301554511553,0.416137158870697,3405,3.17635271498873,0,"Angola Bay","Angola Bay","Angola Bay1",NA
186,39.4857743214884,1.363,1,16.9643688201904,23572.8712272876,0,7.90065050125122,36.5624456198323,0.430475264787674,3405,3.17635271498873,0,"Angola Bay","Angola Bay","Angola Bay1",NA
187,39.4857743214884,1.363,1,17,23572.8712272876,0,8.6366491317749,36.9873195169593,0.384515017271042,3405,3.17635271498873,0,"Angola Bay","Angola Bay","Angola Bay1",NA
188,39.4857743214884,1.58,1,17.1000003814697,755.861500209799,0,6.12860584259033,28.1008463122939,0.453440964221954,3405,3.17635271498873,0,"Angola Bay","Angola Bay","Angola Bay1",NA
189,39.4857743214884,1.363,1,17,23572.8712272876,0,8.88316059112549,35.0372163475862,0.39561527967453,3405,3.17635271498873,0,"Angola Bay","Angola Bay","Angola Bay1",NA
190,39.4857743214884,1.363,1,17.0890960693359,23572.8712272876,0,7.96614074707031,31.0639224179658,0.408938080072403,3405,3.17635271498873,0,"Angola Bay","Angola Bay","Angola Bay1",NA
191,39.4857743214884,1.363,1,17,23572.8712272876,0,7.43610763549805,33.5840871456857,0.465452998876572,3405,3.17635271498873,0,"Angola Bay","Angola Bay","Angola Bay1",NA
192,39.4857743214884,1.363,1,17,23572.8712272876,0,7.83552980422974,33.59024955516,0.467574268579483,3405,3.17635271498873,0,"Angola Bay","Angola Bay","Angola Bay1",NA
193,39.4857743214884,1.363,1,17,23572.8712272876,0,8.06797122955322,32.340249914808,0.393860906362534,3405,3.17635271498873,0,"Angola Bay","Angola Bay","Angola Bay1",NA
194,39.4857743214884,1.548,0,17.2256507873535,396.356369708844,0,7.31862354278564,28.7472305173194,0.383943110704422,3405,3.17635271498873,0,"Angola Bay","Angola Bay","Angola Bay1",NA
195,39.4857743214884,1.363,1,17.0098056793213,23572.8712272876,0,8.29971981048584,34.7055087876504,0.406117677688599,3405,3.17635271498873,0,"Angola Bay","Angola Bay","Angola Bay1",NA
197,39.4857743214884,1.363,1,16.9392547607422,23572.8712272876,0,9.16402816772461,37.517636873277,0.398723721504211,3405,3.17635271498873,0,"Angola Bay","Angola Bay","Angola Bay1",NA
198,39.4857743214884,1.363,1,16.9999980926514,23572.8712272876,0,7.25306797027588,35.9703383560863,0.425574451684952,3405,3.17635271498873,0,"Angola Bay","Angola Bay","Angola Bay1",NA
199,39.4857743214884,1.363,1,17.100549697876,23572.8712272876,0,6.99813985824585,34.0271722056551,0.428284853696823,3405,3.17635271498873,0,"Angola Bay","Angola Bay","Angola Bay1",NA
200,39.4857743214884,1.363,1,17,23572.8712272876,0,8.48649597167969,31.5629715450197,0.434475243091583,3405,3.17635271498873,0,"Angola Bay","Angola Bay","Angola Bay1",NA
201,39.4857743214884,1.363,1,16.9006423950195,23572.8712272876,0,9.47901439666748,36.5531297079648,0.392669528722763,3405,3.17635271498873,0,"Angola Bay","Angola Bay","Angola Bay1",NA
202,39.4857743214884,1.363,1,17.0524463653564,23572.8712272876,0,7.6148042678833,35.2915343282545,0.456743061542511,3405,3.17635271498873,0,"Angola Bay","Angola Bay","Angola Bay1",NA
203,39.4857743214884,1.363,1,17.0879001617432,23572.8712272876,0,7.17130374908447,33.4604121230919,0.460520774126053,3405,3.17635271498873,0,"Angola Bay","Angola Bay","Angola Bay1",NA
204,39.4857743214884,1.363,1,17.1000003814697,23572.8712272876,0,7.5217547416687,29.3527763626143,0.366820842027664,3405,3.17635271498873,0,"Angola Bay","Angola Bay","Angola Bay1",NA
205,39.4857743214884,1.363,1,17,23572.8712272876,0,8.99730014801025,36.5558942058456,0.398390024900436,3405,3.17635271498873,0,"Angola Bay","Angola Bay","Angola Bay1",NA
207,39.4857743214884,1.363,1,17,23572.8712272876,0,7.24336290359497,29.2269622284147,0.307730287313461,3405,3.17635271498873,0,"Angola Bay","Angola Bay","Angola Bay1",NA
208,39.4857743214884,1.363,1,17.1000633239746,23572.8712272876,0,7.54247426986694,29.5379372052081,0.327253222465515,3405,3.17635271498873,0,"Angola Bay","Angola Bay","Angola Bay1",NA
209,39.4857743214884,1.363,1,16.8052673339844,23572.8712272876,0,9.10852241516113,38.372090192196,0.392362534999847,3405,3.17635271498873,0,"Angola Bay","Angola Bay","Angola Bay1",NA
210,39.4857743214884,1.363,1,16.8830451965332,23572.8712272876,0,8.57217311859131,38.1314731293801,0.425363659858704,3405,3.17635271498873,0,"Angola Bay","Angola Bay","Angola Bay1",NA
211,39.4857743214884,1.445625,1,17.2623538970947,24112.9605361472,0,6.15413761138916,35.7821404191778,0.407871872186661,3405,3.17635271498873,0,"Angola Bay","Angola Bay","Angola Bay1",NA
212,39.4857743214884,1.363,1,17,23572.8712272876,0,8.35020542144775,30.242542340685,0.421526819467545,3405,3.17635271498873,0,"Angola Bay","Angola Bay","Angola Bay1",NA
213,39.4857743214884,1.363,1,16.8999996185303,23572.8712272876,0,9.38192939758301,37.442472777168,0.414586514234543,3405,3.17635271498873,0,"Angola Bay","Angola Bay","Angola Bay1",NA
215,39.4857743214884,1.548,0,17.3052577972412,365.805551682688,0,6.97535848617554,27.5947293322473,0.382943540811539,3405,3.17635271498873,0,"Angola Bay","Angola Bay","Angola Bay1",NA
216,39.4857743214884,1.363,1,17.1000003814697,23572.8712272876,0,7.12053108215332,32.6282558131953,0.474709093570709,3405,3.17635271498873,0,"Angola Bay","Angola Bay","Angola Bay1",NA
217,39.4857743214884,1.548,0,17.2984294891357,365.805551682688,0,7.3290605545044,28.4304380585529,0.403213798999786,3405,3.17635271498873,0,"Angola Bay","Angola Bay","Angola Bay1",NA
219,39.4857743214884,1.363,1,17.2861309051514,39.8625197724092,0,6.48053359985352,29.7963347087631,0.382801026105881,3405,3.17635271498873,0,"Angola Bay","Angola Bay","Angola Bay1",NA
220,39.4857743214884,1.363,1,17,23572.8712272876,0,8.2673864364624,30.9629108314741,0.437210947275162,3405,3.17635271498873,0,"Angola Bay","Angola Bay","Angola Bay1",NA
221,39.4857743214884,1.363,1,17.1000003814697,23572.8712272876,0,7.91759634017944,30.0842089506268,0.418199270963669,3405,3.17635271498873,0,"Angola Bay","Angola Bay","Angola Bay1",NA
222,39.4857743214884,1.363,1,17,23572.8712272876,0,9.32630157470703,34.1819426082422,0.409714549779892,3405,3.17635271498873,0,"Angola Bay","Angola Bay","Angola Bay1",NA
223,39.4857743214884,1.363,1,16.9040966033936,23572.8712272876,0,7.39798879623413,36.7667946123704,0.46967139840126,3405,3.17635271498873,0,"Angola Bay","Angola Bay","Angola Bay1",NA
224,39.4857743214884,1.363,1,17,23572.8712272876,0,8.45178985595703,31.2503407865024,0.424370914697647,3405,3.17635271498873,0,"Angola Bay","Angola Bay","Angola Bay1",NA
225,39.4857743214884,1.363,1,17.0000019073486,23572.8712272876,0,7.6631669998169,30.5676628147945,0.453587561845779,3405,3.17635271498873,0,"Angola Bay","Angola Bay","Angola Bay1",NA
226,39.4857743214884,1.41307692307692,1,17.1512088775635,504.776961415483,0,6.01641464233398,27.8479360816818,0.448370963335037,3405,3.17635271498873,0,"Angola Bay","Angola Bay","Angola Bay1",NA
227,39.4857743214884,1.59,1,17.2441310882568,645.310729782703,0,6.5140233039856,27.6731019610041,0.397049993276596,3405,3.17635271498873,0,"Angola Bay","Angola Bay","Angola Bay1",NA
228,39.4857743214884,1.363,1,17.1137866973877,23572.8712272876,0,7.38168430328369,30.2407245520766,0.287706434726715,3405,3.17635271498873,0,"Angola Bay","Angola Bay","Angola Bay1",NA
229,39.4857743214884,1.56857142857143,1,17.2545318603516,823.154537228122,0,6.82458305358887,27.6364480729437,0.435212045907974,3405,3.17635271498873,0,"Angola Bay","Angola Bay","Angola Bay1",NA
230,39.4857743214884,1.41307692307692,1,17.1003856658936,24574.5221737057,0,5.88294744491577,31.5212619098225,0.413350105285645,3405,3.17635271498873,0,"Angola Bay","Angola Bay","Angola Bay1",NA
231,39.4857743214884,1.363,1,17.0015716552734,23572.8712272876,0,7.78042840957642,30.8092949026517,0.430335521697998,3405,3.17635271498873,0,"Angola Bay","Angola Bay","Angola Bay1",NA
232,39.4857743214884,1.363,1,17.0010871887207,23572.8712272876,0,8.15054416656494,33.3047187554805,0.40251299738884,3405,3.17635271498873,0,"Angola Bay","Angola Bay","Angola Bay1",NA
233,39.4857743214884,1.363,1,17.1000003814697,23572.8712272876,0,7.46918392181396,29.8212362118275,0.290459036827087,3405,3.17635271498873,0,"Angola Bay","Angola Bay","Angola Bay1",NA
234,39.4857743214884,1.363,1,17,23572.8712272876,0,8.02918338775635,32.900719799846,0.453337848186493,3405,3.17635271498873,0,"Angola Bay","Angola Bay","Angola Bay1",NA
235,39.4857743214884,1.363,1,17.0013389587402,23572.8712272876,0,8.32418727874756,35.3461194742194,0.395535856485367,3405,3.17635271498873,0,"Angola Bay","Angola Bay","Angola Bay1",NA
236,39.4857743214884,1.363,1,16.9999980926514,23572.8712272876,0,8.73962306976318,36.6579428359626,0.408253163099289,3405,3.17635271498873,0,"Angola Bay","Angola Bay","Angola Bay1",NA
237,39.4857743214884,1.363,1,17.0140075683594,23572.8712272876,0,7.31843900680542,29.4784366012123,0.452309280633926,3405,3.17635271498873,0,"Angola Bay","Angola Bay","Angola Bay1",NA
238,39.4857743214884,1.363,1,17.1105537414551,23572.8712272876,0,7.56109857559204,34.807973263173,0.363277643918991,3405,3.17635271498873,0,"Angola Bay","Angola Bay","Angola Bay1",NA
239,39.4857743214884,1.363,1,17.1000003814697,23572.8712272876,0,6.58461236953735,31.8163871437528,0.467831552028656,3405,3.17635271498873,0,"Angola Bay","Angola Bay","Angola Bay1",NA
240,39.4857743214884,1.363,1,16.8999996185303,23572.8712272876,0,9.56398773193359,36.9405505460069,0.396988570690155,3405,3.17635271498873,0,"Angola Bay","Angola Bay","Angola Bay1",NA
241,39.4857743214884,1.54363636363636,1,17.2000007629395,1155.78390498452,0,5.26939582824707,30.348410204969,0.401025384664536,3405,3.17635271498873,0,"Angola Bay","Angola Bay","Angola Bay1",NA
242,39.4857743214884,1.363,1,17.1000003814697,23572.8712272876,0,7.20768070220947,33.0599063886391,0.462221384048462,3405,3.17635271498873,0,"Angola Bay","Angola Bay","Angola Bay1",NA
244,39.4857743214884,1.45055555555556,1,17.057149887085,23966.1628113196,0,7.07722330093384,28.7580881487956,0.280011117458344,3405,3.17635271498873,0,"Angola Bay","Angola Bay","Angola Bay1",NA
245,39.4857743214884,1.41307692307692,1,17.1000003814697,23959.779445316,0,6.90032339096069,28.7463925577771,0.232956603169441,3405,3.17635271498873,0,"Angola Bay","Angola Bay","Angola Bay1",NA
246,39.4857743214884,1.363,1,16.7999992370605,23572.8712272876,0,8.94605731964111,38.4897995872991,0.396480947732925,3405,3.17635271498873,0,"Angola Bay","Angola Bay","Angola Bay1",NA
247,39.4857743214884,1.444375,1,17.0280914306641,23581.6720342109,0,7.21191024780273,36.7429309571581,0.483045995235443,3405,3.17635271498873,0,"Angola Bay","Angola Bay","Angola Bay1",NA
248,39.4857743214884,1.363,1,17,23572.8712272876,0,7.37527799606323,33.8515290646456,0.438704401254654,3405,3.17635271498873,0,"Angola Bay","Angola Bay","Angola Bay1",NA
249,39.4857743214884,1.363,1,16.9919300079346,23572.8712272876,0,9.19583606719971,35.8701173992632,0.397781401872635,3405,3.17635271498873,0,"Angola Bay","Angola Bay","Angola Bay1",NA
250,39.4857743214884,1.363,1,17,23572.8712272876,0,8.35706806182861,36.2479575769578,0.411688089370728,3405,3.17635271498873,0,"Angola Bay","Angola Bay","Angola Bay1",NA
251,39.4857743214884,1.41307692307692,1,17.1000003814697,24574.5221737057,0,6.70250463485718,31.1433177478638,0.434558480978012,3405,3.17635271498873,0,"Angola Bay","Angola Bay","Angola Bay1",NA
252,39.4857743214884,1.363,1,16.8982925415039,23572.8712272876,0,9.2061357498169,38.2210216176413,0.390957355499268,3405,3.17635271498873,0,"Angola Bay","Angola Bay","Angola Bay1",NA
253,39.4857743214884,1.363,1,17,23572.8712272876,0,7.63947200775146,35.6865929034868,0.434104144573212,3405,3.17635271498873,0,"Angola Bay","Angola Bay","Angola Bay1",NA
254,39.4857743214884,1.363,1,17.0998935699463,23572.8712272876,0,8.09294605255127,31.5940019926046,0.415834248065948,3405,3.17635271498873,0,"Angola Bay","Angola Bay","Angola Bay1",NA
255,39.4857743214884,1.363,1,17.1000003814697,23572.8712272876,0,7.38080358505249,29.314382437167,0.432061821222305,3405,3.17635271498873,0,"Angola Bay","Angola Bay","Angola Bay1",NA
256,39.4857743214884,1.363,1,17.1000003814697,23572.8712272876,0,7.90892219543457,31.517449982352,0.413199782371521,3405,3.17635271498873,0,"Angola Bay","Angola Bay","Angola Bay1",NA
257,39.4857743214884,1.58,1,17.1160449981689,386.908218028482,0,7.02699422836304,28.5942292328973,0.388566941022873,3405,3.17635271498873,0,"Angola Bay","Angola Bay","Angola Bay1",NA
258,39.4857743214884,1.363,1,17.1000003814697,23572.8712272876,0,7.21737384796143,28.8679657892089,0.402207523584366,3405,3.17635271498873,0,"Angola Bay","Angola Bay","Angola Bay1",NA
259,39.4857743214884,1.363,1,17,23572.8712272876,0,7.52371549606323,33.3039957851773,0.478024214506149,3405,3.17635271498873,0,"Angola Bay","Angola Bay","Angola Bay1",NA
260,39.4857743214884,1.363,1,17.2000007629395,23572.8712272876,0,7.21306848526001,34.5556311268779,0.42299011349678,3405,3.17635271498873,0,"Angola Bay","Angola Bay","Angola Bay1",NA
261,39.4857743214884,1.363,1,16.8999996185303,23572.8712272876,0,9.4793529510498,37.8652411148677,0.393224567174911,3405,3.17635271498873,0,"Angola Bay","Angola Bay","Angola Bay1",NA
262,39.4857743214884,1.363,1,17.1054916381836,23572.8712272876,0,6.68658208847046,33.5997341538895,0.43236255645752,3405,3.17635271498873,0,"Angola Bay","Angola Bay","Angola Bay1",NA
263,39.4857743214884,1.363,1,17.0154914855957,23572.8712272876,0,7.87002563476562,31.0657436244583,0.43238490819931,3405,3.17635271498873,0,"Angola Bay","Angola Bay","Angola Bay1",NA
264,39.4857743214884,1.363,1,17,23572.8712272876,0,8.45861625671387,35.7390010200299,0.411570847034454,3405,3.17635271498873,0,"Angola Bay","Angola Bay","Angola Bay1",NA
265,39.4857743214884,1.363,1,17,23572.8712272876,0,9.4183406829834,36.0964521591712,0.3992118537426,3405,3.17635271498873,0,"Angola Bay","Angola Bay","Angola Bay1",NA
266,39.4857743214884,1.363,1,17.0000019073486,23572.8712272876,0,7.70402383804321,30.717420503769,0.458929806947708,3405,3.17635271498873,0,"Angola Bay","Angola Bay","Angola Bay1",NA
267,39.4857743214884,1.57,0,17.2808990478516,476.897960498199,0,5.42411088943481,27.295709910212,0.451485604047775,3405,3.17635271498873,0,"Angola Bay","Angola Bay","Angola Bay1",NA
268,39.4857743214884,1.363,1,16.9999980926514,23572.8712272876,0,8.40998363494873,29.6973508031698,0.42829555273056,3405,3.17635271498873,0,"Angola Bay","Angola Bay","Angola Bay1",NA
269,39.4857743214884,1.363,1,17.1645221710205,23572.8712272876,0,7.20302963256836,34.7991497177755,0.504708051681519,3405,3.17635271498873,0,"Angola Bay","Angola Bay","Angola Bay1",NA
270,39.4857743214884,1.548,0,17.2416934967041,365.805551682688,0,7.00180244445801,29.5415457316126,0.364433258771896,3405,3.17635271498873,0,"Angola Bay","Angola Bay","Angola Bay1",NA
271,39.4857743214884,1.363,1,17.1000003814697,23572.8712272876,0,7.35430860519409,29.292832861241,0.362829834222794,3405,3.17635271498873,0,"Angola Bay","Angola Bay","Angola Bay1",NA
272,39.4857743214884,1.363,1,17.1000003814697,23572.8712272876,0,7.44915246963501,29.5003310992556,0.412125289440155,3405,3.17635271498873,0,"Angola Bay","Angola Bay","Angola Bay1",NA
274,39.4857743214884,1.363,1,16.8999996185303,23572.8712272876,0,9.32775688171387,38.0146544181105,0.3990738093853,3405,3.17635271498873,0,"Angola Bay","Angola Bay","Angola Bay1",NA
275,39.4857743214884,1.363,1,17,23572.8712272876,0,8.10858345031738,34.0799690831665,0.453392952680588,3405,3.17635271498873,0,"Angola Bay","Angola Bay","Angola Bay1",NA
276,39.4857743214884,1.58333333333333,0,17.1559600830078,540.089308859616,0,6.94001007080078,36.1817891973762,0.358839333057404,3405,3.17635271498873,0,"Angola Bay","Angola Bay","Angola Bay1",NA
277,39.4857743214884,1.363,1,17.0023403167725,23572.8712272876,0,7.32187080383301,32.9264177000899,0.465877324342728,3405,3.17635271498873,0,"Angola Bay","Angola Bay","Angola Bay1",NA
278,39.4857743214884,1.41307692307692,1,17.1543426513672,504.776961415483,0,6.51230525970459,28.0216376243261,0.440601974725723,3405,3.17635271498873,0,"Angola Bay","Angola Bay","Angola Bay1",NA
279,39.4857743214884,1.363,1,16.9755687713623,23572.8712272876,0,9.2758150100708,36.404128716466,0.402189493179321,3405,3.17635271498873,0,"Angola Bay","Angola Bay","Angola Bay1",NA
281,39.4857743214884,1.363,1,16.9224872589111,23572.8712272876,0,9.46763229370117,36.8497627657762,0.395261377096176,3405,3.17635271498873,0,"Angola Bay","Angola Bay","Angola Bay1",NA
282,39.4857743214884,1.363,1,17.0000019073486,23572.8712272876,0,8.48243999481201,30.8610205090698,0.421558976173401,3405,3.17635271498873,0,"Angola Bay","Angola Bay","Angola Bay1",NA
283,39.4857743214884,1.363,1,17.0187492370605,23572.8712272876,0,7.93723773956299,30.1808022796285,0.42325097322464,3405,3.17635271498873,0,"Angola Bay","Angola Bay","Angola Bay1",NA
284,39.4857743214884,1.363,1,17.0902137756348,23572.8712272876,0,8.09325885772705,31.3672896705406,0.42396280169487,3405,3.17635271498873,0,"Angola Bay","Angola Bay","Angola Bay1",NA
285,39.4857743214884,1.363,1,16.9854831695557,23572.8712272876,0,9.15615081787109,37.0133501609923,0.397414565086365,3405,3.17635271498873,0,"Angola Bay","Angola Bay","Angola Bay1",NA
286,39.4857743214884,1.363,1,17.1000003814697,23572.8712272876,0,6.85307502746582,32.091477018721,0.454062193632126,3405,3.17635271498873,0,"Angola Bay","Angola Bay","Angola Bay1",NA
287,39.4857743214884,1.363,1,17,23572.8712272876,0,8.21000480651855,35.2966560005881,0.43131697177887,3405,3.17635271498873,0,"Angola Bay","Angola Bay","Angola Bay1",NA
288,39.4857743214884,1.363,1,17.1000003814697,23572.8712272876,0,7.92759370803833,30.9096826974479,0.424189478158951,3405,3.17635271498873,0,"Angola Bay","Angola Bay","Angola Bay1",NA
289,39.4857743214884,1.363,1,17,23572.8712272876,0,7.22456216812134,28.1111878279319,0.436172097921371,3405,3.17635271498873,0,"Angola Bay","Angola Bay","Angola Bay1",NA
290,39.4857743214884,1.41307692307692,1,17.1000003814697,24574.5221737057,0,6.87134218215942,30.9772535536206,0.426111608743668,3405,3.17635271498873,0,"Angola Bay","Angola Bay","Angola Bay1",NA
292,39.4857743214884,1.363,1,17.0575389862061,23572.8712272876,0,8.17420768737793,32.6384371453625,0.407778829336166,3405,3.17635271498873,0,"Angola Bay","Angola Bay","Angola Bay1",NA
293,39.4857743214884,1.363,1,16.8999996185303,23572.8712272876,0,8.87301731109619,37.8244021757513,0.408111780881882,3405,3.17635271498873,0,"Angola Bay","Angola Bay","Angola Bay1",NA
294,39.4857743214884,1.363,1,17.1944923400879,23572.8712272876,0,6.72952365875244,33.6321805393918,0.425699323415756,3405,3.17635271498873,0,"Angola Bay","Angola Bay","Angola Bay1",NA
295,39.4857743214884,1.363,1,16.8999996185303,23572.8712272876,0,8.09678936004639,37.8263501971734,0.461030185222626,3405,3.17635271498873,0,"Angola Bay","Angola Bay","Angola Bay1",NA
296,39.4857743214884,1.363,1,17.0721187591553,23572.8712272876,0,7.92775297164917,30.0441612796872,0.416501700878143,3405,3.17635271498873,0,"Angola Bay","Angola Bay","Angola Bay1",NA
297,39.4857743214884,1.42466666666667,1,17.0952682495117,23903.7583016395,0,6.05822086334229,36.2463849134125,0.437495052814484,3405,3.17635271498873,0,"Angola Bay","Angola Bay","Angola Bay1",NA
298,39.4857743214884,1.363,1,17,23572.8712272876,0,7.94790983200073,31.0570153984993,0.448543518781662,3405,3.17635271498873,0,"Angola Bay","Angola Bay","Angola Bay1",NA
299,39.4857743214884,1.363,1,17.0222969055176,23572.8712272876,0,8.94387149810791,33.5943380158196,0.407583296298981,3405,3.17635271498873,0,"Angola Bay","Angola Bay","Angola Bay1",NA
300,39.4857743214884,1.363,1,17.0471229553223,23572.8712272876,0,8.90611553192139,33.2885211850864,0.41195672750473,3405,3.17635271498873,0,"Angola Bay","Angola Bay","Angola Bay1",NA
301,39.4857743214884,1.58,1,17.175386428833,386.908218028482,0,7.01057481765747,28.2135694386997,0.40135395526886,3405,3.17635271498873,0,"Angola Bay","Angola Bay","Angola Bay1",NA
302,39.4857743214884,1.363,1,17.1000003814697,23572.8712272876,0,8.36602401733398,32.986842490214,0.426531195640564,3405,3.17635271498873,0,"Angola Bay","Angola Bay","Angola Bay1",NA
303,39.4857743214884,1.363,1,17.039758682251,23572.8712272876,0,7.46098041534424,35.2423671284246,0.497433006763458,3405,3.17635271498873,0,"Angola Bay","Angola Bay","Angola Bay1",NA
304,39.4857743214884,1.363,1,17,23572.8712272876,0,9.22512912750244,35.6834740854913,0.408988177776337,3405,3.17635271498873,0,"Angola Bay","Angola Bay","Angola Bay1",NA
305,39.4857743214884,1.363,1,16.8999996185303,23572.8712272876,0,7.66728782653809,36.7130145040426,0.443555027246475,3405,3.17635271498873,0,"Angola Bay","Angola Bay","Angola Bay1",NA
306,39.4857743214884,1.363,1,17.014347076416,23572.8712272876,0,7.98910140991211,30.4544009576287,0.418981969356537,3405,3.17635271498873,0,"Angola Bay","Angola Bay","Angola Bay1",NA
308,39.4857743214884,1.363,1,17.1000003814697,23572.8712272876,0,7.16663217544556,32.5284678474781,0.462094932794571,3405,3.17635271498873,0,"Angola Bay","Angola Bay","Angola Bay1",NA
309,39.4857743214884,1.363,1,17,23572.8712272876,0,6.99536657333374,36.0970336474023,0.395579963922501,3405,3.17635271498873,0,"Angola Bay","Angola Bay","Angola Bay1",NA
310,39.4857743214884,1.363,1,17.0031356811523,23572.8712272876,0,8.6569995880127,32.0126120700094,0.435160398483276,3405,3.17635271498873,0,"Angola Bay","Angola Bay","Angola Bay1",NA
311,39.4857743214884,1.41307692307692,1,17.1977977752686,23691.5633373432,0,7.0117883682251,34.3352780713464,0.41454154253006,3405,3.17635271498873,0,"Angola Bay","Angola Bay","Angola Bay1",NA
312,39.4857743214884,1.363,1,17.1000003814697,23572.8712272876,0,8.36408710479736,32.5775723356822,0.413454234600067,3405,3.17635271498873,0,"Angola Bay","Angola Bay","Angola Bay1",NA
314,39.4857743214884,1.363,1,17.1006698608398,23572.8712272876,0,7.10581398010254,35.062267869827,0.491977453231812,3405,3.17635271498873,0,"Angola Bay","Angola Bay","Angola Bay1",NA
315,39.4857743214884,1.363,1,17.1000003814697,23572.8712272876,0,7.12542676925659,32.8108609451493,0.485732167959213,3405,3.17635271498873,0,"Angola Bay","Angola Bay","Angola Bay1",NA
316,39.4857743214884,1.58,1,17.1963062286377,755.861500209799,0,5.72568893432617,27.656990911438,0.448621511459351,3405,3.17635271498873,0,"Angola Bay","Angola Bay","Angola Bay1",NA
317,39.4857743214884,1.363,1,17.0720157623291,23572.8712272876,0,8.33047962188721,33.3893125859926,0.437161356210709,3405,3.17635271498873,0,"Angola Bay","Angola Bay","Angola Bay1",NA
318,39.4857743214884,1.363,1,17.0999984741211,23572.8712272876,0,7.63702344894409,30.982780601732,0.409276038408279,3405,3.17635271498873,0,"Angola Bay","Angola Bay","Angola Bay1",NA
319,39.4857743214884,1.42466666666667,1,17.1000003814697,23903.7583016395,0,6.56425619125366,36.5844360509274,0.457087576389313,3405,3.17635271498873,0,"Angola Bay","Angola Bay","Angola Bay1",NA
320,39.4857743214884,1.42466666666667,1,17.3158264160156,405.668071455097,0,6.69996404647827,29.5863139602895,0.389904320240021,3405,3.17635271498873,0,"Angola Bay","Angola Bay","Angola Bay1",NA
321,39.4857743214884,1.363,1,17.1000003814697,23572.8712272876,0,7.9635214805603,31.3938206182711,0.395671129226685,3405,3.17635271498873,0,"Angola Bay","Angola Bay","Angola Bay1",NA
322,39.4857743214884,1.363,1,17,23572.8712272876,0,8.20254707336426,29.2604465874969,0.437773942947388,3405,3.17635271498873,0,"Angola Bay","Angola Bay","Angola Bay1",NA
323,39.4857743214884,1.363,1,17.1000003814697,23572.8712272876,0,7.15296220779419,32.8644917112799,0.471395313739777,3405,3.17635271498873,0,"Angola Bay","Angola Bay","Angola Bay1",NA
325,39.4857743214884,1.363,1,17.0988292694092,23572.8712272876,0,7.06368446350098,29.128274934633,0.31336060166359,3405,3.17635271498873,0,"Angola Bay","Angola Bay","Angola Bay1",NA
326,39.4857743214884,1.363,1,17,23572.8712272876,0,8.60112953186035,33.9067297015879,0.411808520555496,3405,3.17635271498873,0,"Angola Bay","Angola Bay","Angola Bay1",NA
328,39.4857743214884,1.548,0,17.2357063293457,365.805551682688,0,7.44587707519531,27.947681798878,0.372975379228592,3405,3.17635271498873,0,"Angola Bay","Angola Bay","Angola Bay1",NA
329,39.4857743214884,1.363,1,17.0595970153809,23572.8712272876,0,8.80913352966309,32.8476641702069,0.40823233127594,3405,3.17635271498873,0,"Angola Bay","Angola Bay","Angola Bay1",NA
330,39.4857743214884,1.363,1,17.0471801757812,23572.8712272876,0,7.82732677459717,34.8034072403935,0.409319519996643,3405,3.17635271498873,0,"Angola Bay","Angola Bay","Angola Bay1",NA
331,39.4857743214884,1.363,1,17.1000003814697,23572.8712272876,0,7.37081527709961,31.7835756034005,0.427196890115738,3405,3.17635271498873,0,"Angola Bay","Angola Bay","Angola Bay1",NA
332,39.4857743214884,1.56666666666667,1,17.2579040527344,712.603766801026,0,6.74405813217163,27.6571761367638,0.396705538034439,3405,3.17635271498873,0,"Angola Bay","Angola Bay","Angola Bay1",NA
333,39.4857743214884,1.363,1,17.0843391418457,23572.8712272876,0,7.63088989257812,32.8822026057097,0.356344491243362,3405,3.17635271498873,0,"Angola Bay","Angola Bay","Angola Bay1",NA
334,39.4857743214884,1.42466666666667,1,17.2000007629395,23938.6767789702,0,7.41656112670898,29.9050387541318,0.385010659694672,3405,3.17635271498873,0,"Angola Bay","Angola Bay","Angola Bay1",NA
335,39.4857743214884,1.363,1,17.0948944091797,23572.8712272876,0,7.04438877105713,35.2164192090896,0.456866979598999,3405,3.17635271498873,0,"Angola Bay","Angola Bay","Angola Bay1",NA
336,39.4857743214884,1.363,1,17.0791263580322,23572.8712272876,0,8.12931823730469,34.9785209051862,0.432454317808151,3405,3.17635271498873,0,"Angola Bay","Angola Bay","Angola Bay1",NA
337,39.4857743214884,1.363,1,16.8999996185303,23572.8712272876,0,7.58315181732178,37.2626725470648,0.482462137937546,3405,3.17635271498873,0,"Angola Bay","Angola Bay","Angola Bay1",NA
338,39.4857743214884,1.363,1,17,23572.8712272876,0,7.7108416557312,30.6305727515594,0.434224396944046,3405,3.17635271498873,0,"Angola Bay","Angola Bay","Angola Bay1",NA
339,39.4857743214884,1.363,1,17.1000003814697,23572.8712272876,0,7.69687843322754,30.7491667016361,0.413119226694107,3405,3.17635271498873,0,"Angola Bay","Angola Bay","Angola Bay1",NA
340,39.4857743214884,1.505,1,17.2000007629395,23753.9668683714,0,6.57349014282227,33.5848754975912,0.456241339445114,3405,3.17635271498873,0,"Angola Bay","Angola Bay","Angola Bay1",NA
341,39.4857743214884,1.363,1,17.0992622375488,23572.8712272876,0,7.67809724807739,32.4403688145527,0.376436859369278,3405,3.17635271498873,0,"Angola Bay","Angola Bay","Angola Bay1",NA
342,39.4857743214884,1.363,1,17,23572.8712272876,0,7.72677040100098,30.3993055617465,0.452796936035156,3405,3.17635271498873,0,"Angola Bay","Angola Bay","Angola Bay1",NA
343,39.4857743214884,1.363,1,17,23572.8712272876,0,7.85390710830688,34.035161939321,0.452734142541885,3405,3.17635271498873,0,"Angola Bay","Angola Bay","Angola Bay1",NA
344,39.4857743214884,1.548,0,17.2999992370605,365.805551682688,0,7.69150590896606,28.6701762455031,0.416513442993164,3405,3.17635271498873,0,"Angola Bay","Angola Bay","Angola Bay1",NA
345,39.4857743214884,1.363,1,17.0809783935547,23572.8712272876,0,8.18454742431641,32.2927488294802,0.400253593921661,3405,3.17635271498873,0,"Angola Bay","Angola Bay","Angola Bay1",NA
346,39.4857743214884,1.363,1,17,23572.8712272876,0,8.0371036529541,34.3161009620704,0.451654672622681,3405,3.17635271498873,0,"Angola Bay","Angola Bay","Angola Bay1",NA
347,39.4857743214884,1.548,0,17.2903156280518,30.5508180261567,0,7.24064350128174,29.3287269780849,0.395774155855179,3405,3.17635271498873,0,"Angola Bay","Angola Bay","Angola Bay1",NA
348,39.4857743214884,1.58,1,17.2000007629395,755.861500209799,0,5.59651660919189,27.40115865259,0.45052769780159,3405,3.17635271498873,0,"Angola Bay","Angola Bay","Angola Bay1",NA
349,39.4857743214884,1.363,1,17.0000019073486,23572.8712272876,0,9.53071880340576,34.4908947324176,0.406249403953552,3405,3.17635271498873,0,"Angola Bay","Angola Bay","Angola Bay1",NA
350,39.4857743214884,1.363,1,17.0679721832275,23572.8712272876,0,7.26527404785156,34.3426471791984,0.411973118782043,3405,3.17635271498873,0,"Angola Bay","Angola Bay","Angola Bay1",NA
351,39.4857743214884,1.56,1,17.124547958374,1012.85333776696,0,5.68495464324951,31.2008103828063,0.448770076036453,3405,3.17635271498873,0,"Angola Bay","Angola Bay","Angola Bay1",NA
352,39.4857743214884,1.363,1,17,23572.8712272876,0,8.12944889068604,33.2204975294313,0.418161392211914,3405,3.17635271498873,0,"Angola Bay","Angola Bay","Angola Bay1",NA
353,39.4857743214884,1.548,0,17.297191619873,365.805551682688,0,7.08336877822876,27.6325361548224,0.386232376098633,3405,3.17635271498873,0,"Angola Bay","Angola Bay","Angola Bay1",NA
354,39.4857743214884,1.363,1,16.9580745697021,23572.8712272876,0,8.3619327545166,37.1071787420397,0.397660911083221,3405,3.17635271498873,0,"Angola Bay","Angola Bay","Angola Bay1",NA
355,39.4857743214884,1.363,1,17,23572.8712272876,0,8.16785430908203,35.225237936632,0.319853276014328,3405,3.17635271498873,0,"Angola Bay","Angola Bay","Angola Bay1",NA
356,39.4857743214884,1.363,1,17,23572.8712272876,0,9.19260597229004,33.8079092202227,0.41260227560997,3405,3.17635271498873,0,"Angola Bay","Angola Bay","Angola Bay1",NA
357,39.4857743214884,1.39130434782609,1,17.1000003814697,24077.648188703,0,6.68780660629272,28.3992974754201,0.382647901773453,3405,3.17635271498873,0,"Angola Bay","Angola Bay","Angola Bay1",NA
358,39.4857743214884,1.363,1,17.0853214263916,23572.8712272876,0,8.65165996551514,32.3650129118352,0.420839011669159,3405,3.17635271498873,0,"Angola Bay","Angola Bay","Angola Bay1",NA
359,39.4857743214884,1.62,0,17.0083312988281,22.1801250589863,0,7.23683929443359,28.0047523993434,0.430303692817688,3405,3.17635271498873,0,"Angola Bay","Angola Bay","Angola Bay1",NA
360,39.4857743214884,1.363,1,17.0638027191162,23572.8712272876,0,7.6306676864624,32.9505730835899,0.372084766626358,3405,3.17635271498873,0,"Angola Bay","Angola Bay","Angola Bay1",NA
361,39.4857743214884,1.363,1,17.0628452301025,23572.8712272876,0,7.97743225097656,31.6736982144478,0.407526135444641,3405,3.17635271498873,0,"Angola Bay","Angola Bay","Angola Bay1",NA
362,39.4857743214884,1.363,1,17.0638980865479,23572.8712272876,0,7.97529602050781,30.8312541595388,0.427379548549652,3405,3.17635271498873,0,"Angola Bay","Angola Bay","Angola Bay1",NA
363,39.4857743214884,1.363,1,16.8999996185303,23572.8712272876,0,9.66107845306396,37.2187576353464,0.399137169122696,3405,3.17635271498873,0,"Angola Bay","Angola Bay","Angola Bay1",NA
364,39.4857743214884,1.363,1,17,23572.8712272876,0,8.18643093109131,35.7208913482292,0.437918961048126,3405,3.17635271498873,0,"Angola Bay","Angola Bay","Angola Bay1",NA
365,39.4857743214884,1.58,0,17.1800289154053,368.953282181318,0,6.10812330245972,27.7983879549107,0.446937829256058,3405,3.17635271498873,0,"Angola Bay","Angola Bay","Angola Bay1",NA
366,39.4857743214884,1.363,1,17,23572.8712272876,0,7.87608480453491,35.9574608836423,0.430052280426025,3405,3.17635271498873,0,"Angola Bay","Angola Bay","Angola Bay1",NA
367,39.4857743214884,1.363,1,17.1000003814697,23572.8712272876,0,7.26794910430908,29.5191825851389,0.461243808269501,3405,3.17635271498873,0,"Angola Bay","Angola Bay","Angola Bay1",NA
368,39.4857743214884,1.363,1,17.0252151489258,23572.8712272876,0,8.42200756072998,31.9761833751478,0.424716114997864,3405,3.17635271498873,0,"Angola Bay","Angola Bay","Angola Bay1",NA
369,39.4857743214884,1.363,1,17.0159759521484,23572.8712272876,0,8.06050777435303,31.9887781322777,0.409101545810699,3405,3.17635271498873,0,"Angola Bay","Angola Bay","Angola Bay1",NA
371,39.4857743214884,1.363,1,17.1000003814697,23572.8712272876,0,7.20545196533203,32.9113886901752,0.484640777111053,3405,3.17635271498873,0,"Angola Bay","Angola Bay","Angola Bay1",NA
372,39.4857743214884,1.363,1,17,23572.8712272876,0,8.4448184967041,30.070991401653,0.428190231323242,3405,3.17635271498873,0,"Angola Bay","Angola Bay","Angola Bay1",NA
373,39.4857743214884,1.42466666666667,1,17.1000003814697,23581.8771191621,0,7.32142019271851,29.2911457109375,0.378591507673264,3405,3.17635271498873,0,"Angola Bay","Angola Bay","Angola Bay1",NA
374,39.4857743214884,1.363,1,17.2000007629395,23572.8712272876,0,6.98295736312866,34.0506062101419,0.389455825090408,3405,3.17635271498873,0,"Angola Bay","Angola Bay","Angola Bay1",NA
375,39.4857743214884,1.363,1,17.0000019073486,23572.8712272876,0,8.54187107086182,31.7412158157662,0.428928464651108,3405,3.17635271498873,0,"Angola Bay","Angola Bay","Angola Bay1",NA
376,39.4857743214884,1.56857142857143,1,17.1977710723877,823.154537228122,0,6.89609146118164,28.1547688708411,0.413096606731415,3405,3.17635271498873,0,"Angola Bay","Angola Bay","Angola Bay1",NA
377,39.4857743214884,1.41307692307692,1,17.2000007629395,23691.5633373432,0,7.02086400985718,33.9211227082318,0.423421949148178,3405,3.17635271498873,0,"Angola Bay","Angola Bay","Angola Bay1",NA
378,39.4857743214884,1.363,1,17.1000003814697,23572.8712272876,0,7.43136835098267,32.1688592921274,0.434018611907959,3405,3.17635271498873,0,"Angola Bay","Angola Bay","Angola Bay1",NA
379,39.4857743214884,1.363,1,17,23572.8712272876,0,8.13704967498779,32.7715729667858,0.441241949796677,3405,3.17635271498873,0,"Angola Bay","Angola Bay","Angola Bay1",NA
380,39.4857743214884,1.363,1,17.0024166107178,23572.8712272876,0,7.95946216583252,35.2598081796689,0.445581823587418,3405,3.17635271498873,0,"Angola Bay","Angola Bay","Angola Bay1",NA
381,39.4857743214884,1.363,1,16.9782276153564,23572.8712272876,0,9.61048316955566,36.2603726030648,0.393803924322128,3405,3.17635271498873,0,"Angola Bay","Angola Bay","Angola Bay1",NA
382,39.4857743214884,1.363,1,17.1000003814697,23572.8712272876,0,7.54026460647583,31.4774505346112,0.418601900339127,3405,3.17635271498873,0,"Angola Bay","Angola Bay","Angola Bay1",NA
383,39.4857743214884,1.363,1,17,23572.8712272876,0,8.99011611938477,33.0878375585657,0.415567636489868,3405,3.17635271498873,0,"Angola Bay","Angola Bay","Angola Bay1",NA
384,39.4857743214884,1.363,1,16.9000015258789,23572.8712272876,0,8.14487934112549,37.2460163263716,0.41833370923996,3405,3.17635271498873,0,"Angola Bay","Angola Bay","Angola Bay1",NA
385,39.4857743214884,1.363,1,17,23572.8712272876,0,8.03623390197754,36.314758343733,0.411783635616302,3405,3.17635271498873,0,"Angola Bay","Angola Bay","Angola Bay1",NA
386,39.4857743214884,1.363,1,16.9092960357666,23572.8712272876,0,9.34129238128662,37.4575897801914,0.402681618928909,3405,3.17635271498873,0,"Angola Bay","Angola Bay","Angola Bay1",NA
387,39.4857743214884,1.44666666666667,1,17.1457633972168,424.96240657094,0,6.46071577072144,32.5794639561362,0.417803943157196,3405,3.17635271498873,0,"Angola Bay","Angola Bay","Angola Bay1",NA
388,39.4857743214884,1.363,1,17.0038928985596,23572.8712272876,0,8.12244701385498,31.6469250469372,0.412863314151764,3405,3.17635271498873,0,"Angola Bay","Angola Bay","Angola Bay1",NA
