DateTime,GPP,NEE,RECO
yyyy-mm-dd HH:MM,umol+1s-1m-2,umol+1s-1m-2,umol+1s-1m-2
3/18/2020 0:30,-0.2674136,2.54212,2.2747064
3/18/2020 1:00,-6.3790905,8.56726,2.1881695
3/18/2020 1:30,-0.3780723,2.54212,2.1640477
3/18/2020 2:00,0.6189202,1.55226,2.1711802
3/18/2020 2:30,-0.4198933,2.54212,2.1222267
3/18/2020 3:00,-0.4157393,2.54212,2.1263807
3/18/2020 3:30,-0.4815119,2.54212,2.0606081
3/18/2020 4:00,-0.5143626,2.54212,2.0277574
3/18/2020 4:30,-0.4511004,2.51771,2.0666096
3/18/2020 5:00,-0.5310213,2.51706,1.9860387
3/18/2020 5:30,-0.6131409,2.51706,1.9039191
3/18/2020 6:00,-0.6965425,2.51706,1.8205175
3/18/2020 6:30,-0.6985393,2.51706,1.8185207
3/18/2020 7:00,-0.6962928,2.51706,1.8207672
3/18/2020 7:30,-0.6892716,2.73974,2.0504684
3/18/2020 8:00,0.960438,1.21983,2.180268
3/18/2020 8:30,3.0799075,-0.850498,2.2294095
3/18/2020 9:00,3.1695333,-0.888948,2.2805853
3/18/2020 9:30,8.932796,-6.52157,2.411226
3/18/2020 10:00,7.627062,-5.06888,2.558182
3/18/2020 10:30,7.7236725,-5.08963,2.6340425
3/18/2020 11:00,6.8627884,-4.21455,2.6482384
3/18/2020 11:30,7.4127668,-4.67041,2.7423568
3/18/2020 12:00,7.8368489,-5.01097,2.8258789
3/18/2020 12:30,10.384267,-7.53441,2.849857
3/18/2020 13:00,10.1240197,-7.23698,2.8870397
3/18/2020 13:30,10.1686705,-7.23698,2.9316905
3/18/2020 14:00,10.2069781,-7.23698,2.9699981
3/18/2020 14:30,7.200551,-4.28266,2.917891
3/18/2020 15:00,7.8349944,-4.88338,2.9516144
3/18/2020 15:30,7.8384848,-4.88338,2.9551048
3/18/2020 16:00,7.5932544,-4.66182,2.9314344
3/18/2020 16:30,7.174586,-4.2314,2.943186
3/18/2020 17:00,7.0406016,-4.20269,2.8379116
3/18/2020 17:30,4.2070138,-1.46141,2.7456038
3/18/2020 18:00,3.8892793,-1.19034,2.6989393
3/18/2020 18:30,3.4828518,-0.88815,2.5947018
3/18/2020 19:00,-0.41092,2.90659,2.49567
3/18/2020 19:30,0.7481725,1.63427,2.3824425
3/18/2020 20:00,-0.4552477,2.7568,2.3015523
3/18/2020 20:30,0.2404583,2.00393,2.2443883
3/18/2020 21:00,0.2432301,2.03531,2.2785401
3/18/2020 21:30,0.4900585,1.74301,2.2330685
3/18/2020 22:00,0.9324781,1.25909,2.1915681
3/18/2020 22:30,-0.668974,2.80519,2.136216
3/18/2020 23:00,-0.6660813,2.7568,2.0907187
3/18/2020 23:30,-0.6959382,2.7568,2.0608618
3/19/2020 0:00,-0.6884993,2.7568,2.0683007
3/19/2020 0:30,-0.6868082,2.7568,2.0699918
3/19/2020 1:00,-0.6563454,2.7568,2.1004546
3/19/2020 1:30,-0.687823,2.7568,2.068977
3/19/2020 2:00,-0.662441,2.7568,2.094359
3/19/2020 2:30,-0.7209404,2.7568,2.0358596
3/19/2020 3:00,-0.7972578,2.7568,1.9595422
3/19/2020 3:30,-0.8195145,2.7568,1.9372855
3/19/2020 4:00,0.981945,1.08847,2.070415
3/19/2020 4:30,-2.2570967,4.36924,2.1121433
3/19/2020 5:00,-0.535132,2.7568,2.221668
3/19/2020 5:30,-0.490442,2.7568,2.266358
3/19/2020 6:00,-0.4473181,2.7568,2.3094819
3/19/2020 6:30,-0.395701,2.7568,2.361099
3/19/2020 7:00,-0.3709415,2.7568,2.3858585
3/19/2020 7:30,-0.3476241,2.7568,2.4091759
3/19/2020 8:00,-0.321252,2.73974,2.418488
3/19/2020 8:30,-0.6732375,3.16335,2.4901125
3/19/2020 9:00,-1.1660716,3.72374,2.5576684
3/19/2020 9:30,3.2638842,-0.621889,2.6419952
3/19/2020 10:00,6.586114,-3.70095,2.885164
3/19/2020 10:30,6.9803684,-3.89619,3.0841784
3/19/2020 11:00,10.5428535,-7.25004,3.2928135
3/19/2020 11:30,7.4580296,-4.02786,3.4301696
3/19/2020 12:00,7.9981543,-4.51953,3.4786243
3/19/2020 12:30,8.3067868,-4.77633,3.5304568
3/19/2020 13:00,5.4129904,-1.95766,3.4553304
3/19/2020 13:30,6.6679606,-3.20386,3.4641006
3/19/2020 14:00,6.119644,-2.66682,3.452824
3/19/2020 14:30,7.679147,-4.18109,3.498057
3/19/2020 15:00,7.8040973,-4.30079,3.5033073
3/19/2020 15:30,8.2438655,-4.68364,3.5602255
3/19/2020 16:00,7.728875,-4.12309,3.605785
3/19/2020 16:30,7.1533198,-3.52037,3.6329498
3/19/2020 17:00,6.9675962,-3.29241,3.6751862
3/19/2020 17:30,4.5279837,-0.881054,3.6469297
3/19/2020 18:00,3.9677782,-0.358098,3.6096802
3/19/2020 18:30,3.5632963,0.0096371,3.5729334
3/19/2020 19:00,2.6221484,0.821901,3.4440494
3/19/2020 19:30,1.1239016,2.19297,3.3168716
3/19/2020 20:00,-0.0384526,3.26705,3.2285974
3/19/2020 20:30,-0.4161616,3.6109,3.1947384
3/19/2020 21:00,0.4018448,2.77337,3.1752148
3/19/2020 21:30,0.1190935,3.00814,3.1272335
3/19/2020 22:00,0.1834433,2.89378,3.0772233
3/19/2020 22:30,0.467167,2.56481,3.031977
3/19/2020 23:00,0.1354973,2.89287,3.0283673
3/19/2020 23:30,-0.143629,3.14397,3.000341
3/20/2020 0:00,-0.1620505,3.12813,2.9660795
3/20/2020 0:30,0.5476197,2.38738,2.9349997
3/20/2020 1:00,-0.3492706,3.24756,2.8982894
3/20/2020 1:30,0.249511,2.64014,2.889651
3/20/2020 2:00,-0.1885283,3.08688,2.8983517
3/20/2020 2:30,-0.314377,3.23026,2.915883
3/20/2020 3:00,-0.171266,3.07732,2.906054
3/20/2020 3:30,-0.5086002,3.41789,2.9092898
3/20/2020 4:00,-0.1810812,3.09191,2.9108288
3/20/2020 4:30,-0.4967131,3.42208,2.9253669
3/20/2020 5:00,-0.057519,2.98824,2.930721
3/20/2020 5:30,0.320992,2.60041,2.921402
3/20/2020 6:00,-0.0756516,2.98967,2.9140184
3/20/2020 6:30,-0.31499,3.21804,2.90305
3/20/2020 7:00,0.083302,2.81556,2.898862
3/20/2020 7:30,0.213672,2.67725,2.890922
3/20/2020 8:00,0.467769,2.45344,2.921209
3/20/2020 8:30,3.8149172,-0.81556,2.9993572
3/20/2020 9:00,3.210419,-0.140005,3.070414
3/20/2020 9:30,3.245357,-0.139751,3.105606
3/20/2020 10:00,5.679237,-2.48161,3.197627
3/20/2020 10:30,6.1696918,-2.90587,3.2638218
3/20/2020 11:00,7.6136432,-4.25859,3.3550532
3/20/2020 11:30,8.053133,-4.65915,3.393983
3/20/2020 12:00,9.373336,-5.91331,3.460026
3/20/2020 12:30,7.9181504,-4.45944,3.4587104
3/20/2020 13:00,8.253854,-4.70214,3.551714
3/20/2020 13:30,10.5718284,-6.93956,3.6322684
3/20/2020 14:00,8.6869297,-5.06194,3.6249897
3/20/2020 14:30,8.688994,-5.03268,3.656314
3/20/2020 15:00,8.2091026,-4.55599,3.6531126
3/20/2020 15:30,7.7091816,-4.04982,3.6593616
3/20/2020 16:00,7.5635688,-3.89681,3.6667588
3/20/2020 16:30,7.3261359,-3.64747,3.6786659
3/20/2020 17:00,7.8295013,-4.2404,3.5891013
3/20/2020 17:30,6.2960376,-2.78285,3.5131876
3/20/2020 18:00,5.0310002,-1.58159,3.4494102
3/20/2020 18:30,3.2307034,0.140491,3.3711944
3/20/2020 19:00,0.4798958,2.77125,3.2511458
3/20/2020 19:30,0.0792659,3.08324,3.1625059
3/20/2020 20:00,-0.788768,3.88505,3.096282
3/20/2020 20:30,-0.1740697,3.22169,3.0476203
3/20/2020 21:00,-0.110586,3.12217,3.011584
3/20/2020 21:30,-0.0089498,2.98943,2.9804802
3/20/2020 22:00,-0.2649462,3.22631,2.9613638
3/20/2020 22:30,-0.373753,3.31707,2.943317
3/20/2020 23:00,-0.2426662,3.15539,2.9127238
3/20/2020 23:30,-0.490842,3.37878,2.887938
3/21/2020 0:00,-0.3579038,3.21797,2.8600662
3/21/2020 0:30,-0.4228172,3.27808,2.8552628
3/21/2020 1:00,-0.1170937,2.97131,2.8542163
3/21/2020 1:30,-0.63643,3.49597,2.85954
3/21/2020 2:00,0.1663552,2.69355,2.8599052
3/21/2020 2:30,0.1319502,2.72211,2.8540602
3/21/2020 3:00,0.4061217,2.42748,2.8336017
3/21/2020 3:30,1.2688212,1.54507,2.8138912
3/21/2020 4:00,-0.0202727,2.81885,2.7985773
3/21/2020 4:30,0.9303674,1.80541,2.7357774
3/21/2020 5:00,0.8761727,1.82035,2.6965227
3/21/2020 5:30,0.7453352,1.91794,2.6632752
3/21/2020 6:00,0.1821973,2.45343,2.6356273
3/21/2020 6:30,0.9521665,1.67011,2.6222765
3/21/2020 7:00,-0.1666818,2.72034,2.5536582
3/21/2020 7:30,-0.203745,2.70249,2.498745
3/21/2020 8:00,-0.1636844,2.71156,2.5478756
3/21/2020 8:30,2.1103978,0.512744,2.6231418
3/21/2020 9:00,2.1939153,0.512744,2.7066593
3/21/2020 9:30,3.5312075,-0.741579,2.7896285
3/21/2020 10:00,3.355505,-0.504376,2.851129
3/21/2020 10:30,4.0438025,-1.13515,2.9086525
3/21/2020 11:00,3.7184552,-0.767845,2.9506102
3/21/2020 11:30,6.7962825,-3.78144,3.0148425
3/21/2020 12:00,6.8197288,-3.78144,3.0382888
3/21/2020 12:30,4.0828518,-1.14316,2.9396918
3/21/2020 13:00,3.6690653,-0.813962,2.8551033
3/21/2020 13:30,3.6591815,-1.07523,2.5839515
3/21/2020 14:00,3.9273756,-1.53634,2.3910356
3/21/2020 14:30,3.364754,-1.07523,2.289524
3/21/2020 15:00,3.4090007,-1.1114,2.2976007
3/21/2020 15:30,3.8510244,-1.53634,2.3146844
3/21/2020 16:00,3.2417133,-0.988395,2.2533183
3/21/2020 16:30,3.1135746,-0.877446,2.2361286
3/21/2020 17:00,2.1523374,0.0546383,2.2069757
3/21/2020 17:30,1.2500737,0.914118,2.1641917
3/21/2020 18:00,0.1709294,1.94976,2.1206894
3/21/2020 18:30,0.4715196,1.62349,2.0950096
3/21/2020 19:00,-0.1259999,2.1958,2.0698001
3/21/2020 19:30,0.0327258,2.02999,2.0627158
3/21/2020 20:00,-0.0445901,2.09751,2.0529199
3/21/2020 20:30,-0.0901126,2.13856,2.0484474
3/21/2020 21:00,-0.6854728,2.73836,2.0528872
3/21/2020 21:30,-0.6988828,2.75,2.0511172
3/21/2020 22:00,-0.1852936,2.23934,2.0540464
3/21/2020 22:30,-0.0061651,2.05469,2.0485249
3/21/2020 23:00,-0.5419499,2.58734,2.0453901
3/21/2020 23:30,-0.0848518,2.12479,2.0399382
3/22/2020 0:00,-0.7336622,2.76942,2.0357578
3/22/2020 0:30,-0.7305822,2.77022,2.0396378
3/22/2020 1:00,-0.7286922,2.77517,2.0464778
3/22/2020 1:30,-0.732173,2.78006,2.047887
3/22/2020 2:00,-0.7500609,2.78488,2.0348191
3/22/2020 2:30,-0.7663276,2.79199,2.0256624
3/22/2020 3:00,-0.776701,2.7968,2.020099
3/22/2020 3:30,-0.8080646,2.80316,1.9950954
3/22/2020 4:00,-0.9345555,2.8014,1.8668445
3/22/2020 4:30,0.4130084,1.45435,1.8673584
3/22/2020 5:00,0.4056525,1.45435,1.8600025
3/22/2020 5:30,-0.9388616,2.81576,1.8768984
3/22/2020 6:00,-0.932065,2.82111,1.889045
3/22/2020 6:30,-0.927753,2.82362,1.895867
3/22/2020 7:00,-0.9108459,2.82584,1.9149941
3/22/2020 7:30,-0.923658,2.82792,1.904262
3/22/2020 8:00,-0.9155467,2.8173,1.9017533
3/22/2020 8:30,-0.7820641,2.72628,1.9442159
3/22/2020 9:00,0.776219,1.24734,2.023559
3/22/2020 9:30,1.3343553,0.726127,2.0604823
3/22/2020 10:00,2.7818368,-0.677315,2.1045218
3/22/2020 10:30,4.1406784,-1.95702,2.1836584
3/22/2020 11:00,5.3493227,-3.1298,2.2195227
3/22/2020 11:30,5.1612609,-2.91694,2.2443209
3/22/2020 12:00,5.1986976,-2.91694,2.2817576
3/22/2020 12:30,6.2463314,-3.94124,2.3050914
3/22/2020 13:00,3.3434714,-1.06029,2.2831814
3/22/2020 13:30,3.317721,-1.06029,2.257431
3/22/2020 14:00,3.1832654,-0.942238,2.2410274
3/22/2020 14:30,3.0862811,-0.870056,2.2162251
3/22/2020 15:00,2.883553,-0.66421,2.219343
3/22/2020 15:30,2.6176829,-0.427648,2.1900349
3/22/2020 16:00,2.2055533,-0.0497193,2.155834
3/22/2020 16:30,2.272675,-0.139649,2.133026
3/22/2020 17:00,2.7622236,-0.640375,2.1218486
3/22/2020 17:30,0.3360331,1.76706,2.1030931
3/22/2020 18:00,-0.7383146,2.83689,2.0985754
3/22/2020 18:30,1.1356231,0.951264,2.0868871
3/22/2020 19:00,0.8035301,1.27785,2.0813801
3/22/2020 19:30,0.3136793,1.76781,2.0814893
3/22/2020 20:00,0.235694,1.84941,2.085104
3/22/2020 20:30,0.2596617,1.82237,2.0820317
3/22/2020 21:00,0.1804482,1.88668,2.0671282
3/22/2020 21:30,0.6390282,1.42053,2.0595582
3/22/2020 22:00,0.4650736,1.6087,2.0737736
3/22/2020 22:30,1.3079263,0.761046,2.0689723
3/22/2020 23:00,-0.8242356,2.85648,2.0322444
3/22/2020 23:30,-0.832811,2.85991,2.027099
3/23/2020 0:00,-0.8178494,2.86724,2.0493906
3/23/2020 0:30,-0.7908346,2.87451,2.0836754
3/23/2020 1:00,-10.9132033,13.0328,2.1195967
3/23/2020 1:30,-0.732099,2.87907,2.146971
3/23/2020 2:00,0.6122464,1.53888,2.1511264
3/23/2020 2:30,0.6156098,1.55226,2.1678698
3/23/2020 3:00,0.6344365,1.55226,2.1866965
3/23/2020 3:30,0.6469433,1.55226,2.1992033
3/23/2020 4:00,-0.6480938,2.87071,2.2226162
3/23/2020 4:30,-0.619353,2.8693,2.249947
3/23/2020 5:00,-0.5977047,2.86411,2.2664053
3/23/2020 5:30,-0.5935346,2.85896,2.2654254
3/23/2020 6:00,-0.59468,2.85929,2.26461
3/23/2020 6:30,-0.6386171,2.85317,2.2145529
3/23/2020 7:00,0.6390274,1.5478,2.1868274
3/23/2020 7:30,0.6291555,1.5478,2.1769555
3/23/2020 8:00,0.6167114,1.5478,2.1645114
3/23/2020 8:30,-0.7835817,2.89382,2.1102383
3/23/2020 9:00,-0.545922,2.64436,2.098438
3/23/2020 9:30,-0.4398705,2.53344,2.0935695
3/23/2020 10:00,1.2410784,0.885575,2.1266534
3/23/2020 10:30,2.9215506,-0.726162,2.1953886
3/23/2020 11:00,3.2247052,-0.994714,2.2299912
3/23/2020 11:30,5.0624022,-2.79866,2.2637422
3/23/2020 12:00,3.2728574,-0.994714,2.2781434
3/23/2020 12:30,5.0263223,-2.68757,2.3387523
3/23/2020 13:00,4.8827793,-2.50827,2.3745093
3/23/2020 13:30,3.4391133,-1.06464,2.3744733
3/23/2020 14:00,3.4974615,-1.13698,2.3604815
3/23/2020 14:30,3.699246,-1.2929,2.406346
3/23/2020 15:00,3.7013988,-1.2929,2.4084988
3/23/2020 15:30,3.5691365,-1.14316,2.4259765
3/23/2020 16:00,2.8028499,-0.376304,2.4265459
3/23/2020 16:30,3.6656708,-1.22162,2.4440508
3/23/2020 17:00,3.2599954,-0.8027,2.4572954
3/23/2020 17:30,2.6018077,-0.139649,2.4621587
3/23/2020 18:00,2.2204716,0.206166,2.4266376
3/23/2020 18:30,1.622177,0.783442,2.405619
3/23/2020 19:00,0.6058915,1.77743,2.3833215
3/23/2020 19:30,1.1950826,1.18937,2.3844526
3/23/2020 20:00,0.5907069,1.78445,2.3751569
3/23/2020 20:30,0.4667562,1.89405,2.3608062
3/23/2020 21:00,0.58692,1.75986,2.34678
3/23/2020 21:30,0.7799319,1.5587,2.3386319
3/23/2020 22:00,1.1849588,1.1488,2.3337588
3/23/2020 22:30,0.779429,1.53901,2.318439
3/23/2020 23:00,0.1002413,2.21272,2.3129613
3/23/2020 23:30,-0.3658597,2.68227,2.3164103
3/24/2020 0:00,0.845668,1.47723,2.322898
3/24/2020 0:30,1.0562337,1.25814,2.3143737
3/24/2020 1:00,0.296578,2.00167,2.298248
3/24/2020 1:30,0.0775763,2.21272,2.2902963
3/24/2020 2:00,-0.6131474,2.89844,2.2852926
3/24/2020 2:30,0.0657891,2.21272,2.2785091
3/24/2020 3:00,-0.6615936,2.89844,2.2368464
3/24/2020 3:30,-2.7785855,5.0066,2.2280145
3/24/2020 4:00,-0.65891,2.89844,2.23953
3/24/2020 4:30,-0.3380686,2.56732,2.2292514
3/24/2020 5:00,-0.696458,2.89844,2.201982
3/24/2020 5:30,-0.706839,2.89844,2.191601
3/24/2020 6:00,-0.713509,2.89844,2.184931
3/24/2020 6:30,-0.398593,2.58285,2.184257
3/24/2020 7:00,-0.2818322,2.47108,2.1892478
3/24/2020 7:30,-0.6981934,2.88245,2.1842566
3/24/2020 8:00,0.6510901,1.53071,2.1818001
3/24/2020 8:30,2.9144265,-0.66421,2.2502165
3/24/2020 9:00,4.8548906,-2.52543,2.3294606
3/24/2020 9:30,5.1901838,-2.79866,2.3915238
3/24/2020 10:00,6.1954957,-3.73855,2.4569457
3/24/2020 10:30,6.0798753,-3.59617,2.4837053
3/24/2020 11:00,6.4618823,-3.90858,2.5533023
3/24/2020 11:30,7.493662,-4.89411,2.599552
3/24/2020 12:00,6.2956681,-3.65256,2.6431081
3/24/2020 12:30,6.83716,-4.16646,2.6707
3/24/2020 13:00,7.3796236,-4.68927,2.6903536
3/24/2020 13:30,7.9966242,-5.25193,2.7446942
3/24/2020 14:00,8.445405,-5.78012,2.665285
3/24/2020 14:30,7.4326075,-4.81049,2.6221175
3/24/2020 15:00,7.3994934,-4.77864,2.6208534
3/24/2020 15:30,5.4091166,-2.84807,2.5610466
3/24/2020 16:00,6.8574816,-4.32836,2.5291216
3/24/2020 16:30,7.3260843,-4.82712,2.4989643
3/24/2020 17:00,4.7884741,-2.3783,2.4101741
3/24/2020 17:30,1.46729,0.901483,2.368773
3/24/2020 18:00,0.6258968,1.70197,2.3278668
3/24/2020 18:30,-0.4793215,2.77717,2.2978485
3/24/2020 19:00,0.3464383,1.91039,2.2568283
3/24/2020 19:30,0.1129545,2.1098,2.2227545
3/24/2020 20:00,-0.7320405,2.89844,2.1663995
3/24/2020 20:30,0.1742344,1.93578,2.1100144
3/24/2020 21:00,0.1566842,1.96718,2.1238642
3/24/2020 21:30,-0.3377958,2.47399,2.1361942
3/24/2020 22:00,-0.0508444,2.19364,2.1427956
3/24/2020 22:30,-0.786343,2.89844,2.112097
3/24/2020 23:00,-5.091152,7.17975,2.088598
3/24/2020 23:30,-0.7897264,2.89844,2.1087136
3/25/2020 0:00,-0.4718416,2.58285,2.1110084
3/25/2020 0:30,-0.061333,2.17249,2.111157
3/25/2020 1:00,-0.7995945,2.89844,2.0988455
3/25/2020 1:30,-0.780799,2.89844,2.117641
3/25/2020 2:00,-0.7486118,2.89844,2.1498282
3/25/2020 2:30,0.165516,2.00268,2.168196
3/25/2020 3:00,0.639403,1.5478,2.187203
3/25/2020 3:30,0.669349,1.5478,2.217149
3/25/2020 4:00,1.636078,0.638059,2.274137
3/25/2020 4:30,-0.1284828,2.46647,2.3379872
3/25/2020 5:00,0.8224965,1.5478,2.3702965
3/25/2020 5:30,-0.4805988,2.89844,2.4178412
3/25/2020 6:00,0.9228307,1.55226,2.4750907
3/25/2020 6:30,-0.418281,2.89844,2.480159
3/25/2020 7:00,-19.2556806,21.6964,2.4407194
3/25/2020 7:30,-0.579579,2.89603,2.316451
3/25/2020 8:00,-6.2542293,8.56726,2.3130307
3/25/2020 8:30,-0.4963873,2.84234,2.3459527
3/25/2020 9:00,0.015362,2.37417,2.389532
3/25/2020 9:30,2.4871059,-0.0281222,2.4589837
3/25/2020 10:00,0.9903595,1.46816,2.4585195
3/25/2020 10:30,1.8280118,0.629163,2.4571748
3/25/2020 11:00,2.6892656,-0.208479,2.4807866
3/25/2020 11:30,3.973416,-1.48306,2.490356
3/25/2020 12:00,4.0657981,-1.56278,2.5030181
3/25/2020 12:30,4.1009122,-1.57297,2.5279422
3/25/2020 13:00,3.9721342,-1.48306,2.4890742
3/25/2020 13:30,4.6989772,-2.18223,2.5167472
3/25/2020 14:00,3.8221202,-1.27351,2.5486102
3/25/2020 14:30,3.2673308,-0.787594,2.4797368
3/25/2020 15:00,3.739702,-1.27351,2.466192
3/25/2020 15:30,4.036176,-1.56278,2.473396
3/25/2020 16:00,3.3062965,-0.828165,2.4781315
3/25/2020 16:30,3.642586,-1.1821,2.460486
3/25/2020 17:00,2.7668958,-0.32425,2.4426458
3/25/2020 17:30,2.5376878,-0.116441,2.4212468
3/25/2020 18:00,1.764022,0.641031,2.405053
3/25/2020 18:30,0.6773663,1.69032,2.3676863
3/25/2020 19:00,-0.4922363,2.82856,2.3363237
3/25/2020 19:30,-0.5856205,2.88951,2.3038895
3/25/2020 20:00,-0.613253,2.90575,2.292497
3/25/2020 20:30,-0.6346545,2.90575,2.2710955
3/25/2020 21:00,-0.6537659,2.90575,2.2519841
3/25/2020 21:30,-0.6730642,2.90575,2.2326858
3/25/2020 22:00,-0.687598,2.90575,2.218152
3/25/2020 22:30,-0.7138114,2.90575,2.1919386
3/25/2020 23:00,-0.7120058,2.90575,2.1937442
3/25/2020 23:30,-0.725241,2.90575,2.180509
3/26/2020 0:00,-0.7442326,2.90575,2.1615174
3/26/2020 0:30,-0.7656161,2.90575,2.1401339
3/26/2020 1:00,-0.77808,2.90575,2.12767
3/26/2020 1:30,-0.7770254,2.90575,2.1287246
3/26/2020 2:00,-0.7868518,2.90575,2.1188982
3/26/2020 2:30,-0.7987726,2.89378,2.0950074
3/26/2020 3:00,-0.829633,2.89378,2.064147
3/26/2020 3:30,-0.8113906,2.89378,2.0823894
3/26/2020 4:00,-0.805946,2.89378,2.087834
3/26/2020 4:30,-0.8216938,2.88525,2.0635562
3/26/2020 5:00,-0.83713,2.88525,2.04812
3/26/2020 5:30,-0.8546907,2.88525,2.0305593
3/26/2020 6:00,-0.8447753,2.88525,2.0404747
3/26/2020 6:30,-0.5222255,2.56732,2.0450945
3/26/2020 7:00,-0.8490274,2.8829,2.0338726
3/26/2020 7:30,-0.851576,2.87723,2.025654
3/26/2020 8:00,2.349025,-0.32425,2.024775
3/26/2020 8:30,3.63995,-1.53241,2.10754
3/26/2020 9:00,4.750036,-2.57375,2.176286
3/26/2020 9:30,5.9508506,-3.71162,2.2392306
3/26/2020 10:00,5.8878612,-3.60766,2.2802012
3/26/2020 10:30,6.5380954,-4.19403,2.3440654
3/26/2020 11:00,6.7655799,-4.36224,2.4033399
3/26/2020 11:30,7.758029,-5.29164,2.466389
3/26/2020 12:00,7.6362838,-5.11349,2.5227938
3/26/2020 12:30,7.0865962,-4.52026,2.5663362
3/26/2020 13:00,8.424564,-5.79608,2.628484
3/26/2020 13:30,7.4339714,-4.75633,2.6776414
3/26/2020 14:00,7.408761,-4.67516,2.733601
3/26/2020 14:30,6.6366833,-3.80927,2.8274133
3/26/2020 15:00,6.6592055,-3.82442,2.8347855
3/26/2020 15:30,9.789517,-6.85724,2.932277
3/26/2020 16:00,5.1121201,-2.21315,2.8989701
3/26/2020 16:30,7.173411,-4.21641,2.957001
3/26/2020 17:00,7.4112677,-4.42228,2.9889877
3/26/2020 17:30,6.5173675,-3.60808,2.9092875
3/26/2020 18:00,4.2654304,-1.40172,2.8637104
3/26/2020 18:30,3.4304739,-0.640868,2.7896059
3/26/2020 19:00,1.8942798,0.76162,2.6558998
3/26/2020 19:30,0.808841,1.66334,2.472181
3/26/2020 20:00,-0.6291963,2.96266,2.3334637
3/26/2020 20:30,0.2654427,2.00565,2.2710927
3/26/2020 21:00,-0.6729566,2.89773,2.2247734
3/26/2020 21:30,-0.0615403,2.25989,2.1983497
3/26/2020 22:00,-0.8888657,3.07412,2.1852543
3/26/2020 22:30,-0.3405076,2.53625,2.1957424
3/26/2020 23:00,0.1689018,2.09157,2.2604718
3/26/2020 23:30,0.192133,2.14766,2.339793
3/27/2020 0:00,0.7427747,1.62515,2.3679247
3/27/2020 0:30,0.0586392,2.29487,2.3535092
3/27/2020 1:00,-0.484428,2.84586,2.361432
3/27/2020 1:30,0.3008215,2.0646,2.3654215
3/27/2020 2:00,-0.027421,2.44247,2.415049
3/27/2020 2:30,-0.4774497,2.94096,2.4635103
3/27/2020 3:00,0.021514,2.45103,2.472544
3/27/2020 3:30,0.129504,2.34047,2.469974
3/27/2020 4:00,0.6508781,1.88444,2.5353181
3/27/2020 4:30,0.4624953,2.09181,2.5543053
3/27/2020 5:00,0.2849189,2.28359,2.5685089
3/27/2020 5:30,0.1229302,2.43814,2.5610702
3/27/2020 6:00,0.6460395,1.86501,2.5110495
3/27/2020 6:30,0.04325,2.44811,2.49136
3/27/2020 7:00,0.5223535,2.00745,2.5298035
3/27/2020 7:30,0.3991096,2.15678,2.5558896
3/27/2020 8:00,2.073229,0.594621,2.66785
3/27/2020 8:30,2.6183878,0.199171,2.8175588
3/27/2020 9:00,4.285043,-1.33752,2.947523
3/27/2020 9:30,3.9952476,-0.941082,3.0541656
3/27/2020 10:00,5.220406,-2.10024,3.120166
3/27/2020 10:30,6.5802067,-3.37722,3.2029867
3/27/2020 11:00,8.095052,-4.77656,3.318492
3/27/2020 11:30,9.5031124,-6.07404,3.4290724
3/27/2020 12:00,9.279175,-5.72926,3.549915
3/27/2020 12:30,10.3624987,-6.69615,3.6663487
3/27/2020 13:00,7.9301035,-4.20545,3.7246535
3/27/2020 13:30,7.8892542,-4.10929,3.7799642
3/27/2020 14:00,6.6826567,-2.90594,3.7767167
3/27/2020 14:30,7.2139271,-3.40459,3.8093371
3/27/2020 15:00,6.3620644,-2.47575,3.8863144
3/27/2020 15:30,6.2785549,-2.36204,3.9165149
3/27/2020 16:00,4.9713123,-1.03881,3.9325023
3/27/2020 16:30,5.4886256,-1.49945,3.9891756
3/27/2020 17:00,7.3508225,-3.32194,4.0288825
3/27/2020 17:30,4.5625844,-0.530323,4.0322614
3/27/2020 18:00,5.7527336,-1.75011,4.0026236
3/27/2020 18:30,5.0342772,-1.07763,3.9566472
3/27/2020 19:00,2.993959,0.852785,3.846744
3/27/2020 19:30,1.933326,1.6774,3.610726
3/27/2020 20:00,-0.526382,3.9577,3.431318
3/27/2020 20:30,-1.9816358,5.33689,3.3552542
3/27/2020 21:00,-1.3190108,4.5909,3.2718892
3/27/2020 21:30,0.411333,2.76402,3.175353
3/27/2020 22:00,-0.728479,3.78557,3.057091
3/27/2020 22:30,0.329766,2.67439,3.004156
3/27/2020 23:00,-0.2759079,3.23991,2.9640021
3/27/2020 23:30,0.1679222,2.74611,2.9140322
3/28/2020 0:00,-0.7070893,3.60018,2.8930907
3/28/2020 0:30,0.3482214,2.52902,2.8772414
3/28/2020 1:00,-0.210624,3.07285,2.862226
3/28/2020 1:30,0.2742344,2.62508,2.8993144
3/28/2020 2:00,0.5084554,2.40196,2.9104154
3/28/2020 2:30,-0.958673,3.8725,2.913827
3/28/2020 3:00,0.0953507,2.8353,2.9306507
3/28/2020 3:30,0.2178655,2.69575,2.9136155
3/28/2020 4:00,0.043052,2.9113,2.954352
3/28/2020 4:30,0.1786438,2.78972,2.9683638
3/28/2020 5:00,0.1440837,2.86108,3.0051637
3/28/2020 5:30,1.1305753,1.922,3.0525753
3/28/2020 6:00,0.9388917,2.12452,3.0634117
3/28/2020 6:30,1.357639,1.71948,3.077119
3/28/2020 7:00,0.7441934,2.32536,3.0695534
3/28/2020 7:30,1.0256774,2.02751,3.0531874
3/28/2020 8:00,1.028451,2.02412,3.052571
3/28/2020 8:30,2.5306168,0.573641,3.1042578
3/28/2020 9:00,4.2236796,-1.03894,3.1847396
3/28/2020 9:30,5.1062685,-1.7554,3.3508685
3/28/2020 10:00,5.1599915,-1.65692,3.5030715
3/28/2020 10:30,7.2164684,-3.56264,3.6538284
3/28/2020 11:00,7.0695758,-3.28443,3.7851458
3/28/2020 11:30,8.4258871,-4.5344,3.8914871
3/28/2020 12:00,9.1772315,-5.17012,4.0071115
3/28/2020 12:30,8.2691533,-4.1768,4.0923533
3/28/2020 13:00,9.213507,-5.07893,4.134577
3/28/2020 13:30,9.9560437,-5.75247,4.2035737
3/28/2020 14:00,9.7613054,-5.48383,4.2774754
3/28/2020 14:30,8.955464,-4.62226,4.333204
3/28/2020 15:00,9.575267,-5.20441,4.370857
3/28/2020 15:30,7.978056,-3.58575,4.392306
3/28/2020 16:00,9.129049,-4.74532,4.383729
3/28/2020 16:30,6.912392,-2.47987,4.432522
3/28/2020 17:00,7.534832,-3.19683,4.338002
3/28/2020 17:30,6.517221,-2.27693,4.240291
3/28/2020 18:00,3.348451,0.78668,4.135131
3/28/2020 18:30,4.8159825,-0.749262,4.0667205
3/28/2020 19:00,2.6055402,1.35421,3.9597502
3/28/2020 19:30,0.8079004,2.99805,3.8059504
3/28/2020 20:00,-0.2936966,3.98617,3.6924734
3/28/2020 20:30,-0.9715262,4.58916,3.6176338
3/28/2020 21:00,-0.7042284,4.25178,3.5475516
3/28/2020 21:30,0.123063,3.38373,3.506793
3/28/2020 22:00,0.0328583,3.4441,3.4769583
3/28/2020 22:30,0.2101433,3.2349,3.4450433
3/28/2020 23:00,0.3026978,3.13091,3.4336078
3/28/2020 23:30,0.2451556,3.17806,3.4232156
3/29/2020 0:00,0.5358247,2.87738,3.4132047
3/29/2020 0:30,-0.048538,3.449,3.400462
3/29/2020 1:00,-0.0524219,3.44958,3.3971581
3/29/2020 1:30,-0.042241,3.45052,3.408279
3/29/2020 2:00,-0.3722645,3.77997,3.4077055
3/29/2020 2:30,-0.064315,3.47041,3.406095
3/29/2020 3:00,-0.303638,3.69946,3.395822
3/29/2020 3:30,0.8117749,2.55136,3.3631349
3/29/2020 4:00,-0.4098112,3.74054,3.3307288
3/29/2020 4:30,0.273722,3.03365,3.307372
3/29/2020 5:00,-0.4161269,3.72654,3.3104131
3/29/2020 5:30,-0.280253,3.60284,3.322587
3/29/2020 6:00,0.1402685,3.19269,3.3329585
3/29/2020 6:30,0.184075,3.15454,3.338615
3/29/2020 7:00,0.1932107,3.13808,3.3312907
3/29/2020 7:30,-0.071565,3.40456,3.332995
3/29/2020 8:00,1.6086018,1.81984,3.4284418
3/29/2020 8:30,2.3019115,1.18341,3.4853215
3/29/2020 9:00,3.6674428,-0.0519652,3.6154776
3/29/2020 9:30,4.7478832,-1.07416,3.6737232
3/29/2020 10:00,4.8797157,-1.08443,3.7952857
3/29/2020 10:30,6.2084939,-2.2441,3.9643939
3/29/2020 11:00,4.937382,-0.863211,4.074171
3/29/2020 11:30,8.398044,-4.27985,4.118194
3/29/2020 12:00,8.5267496,-4.32691,4.1998396
3/29/2020 12:30,7.2447883,-2.98865,4.2561383
3/29/2020 13:00,10.114522,-5.77717,4.337352
3/29/2020 13:30,8.9245466,-4.603,4.3215466
3/29/2020 14:00,9.607249,-5.2535,4.353749
3/29/2020 14:30,9.000974,-4.67391,4.327064
3/29/2020 15:00,8.3228024,-3.95654,4.3662624
3/29/2020 15:30,8.5524375,-4.20319,4.3492475
3/29/2020 16:00,8.7032596,-4.34188,4.3613796
3/29/2020 16:30,7.90943,-3.59083,4.3186
3/29/2020 17:00,7.7771175,-3.64095,4.1361675
3/29/2020 17:30,6.6356677,-2.54994,4.0857277
3/29/2020 18:00,5.1931674,-1.12557,4.0675974
3/29/2020 18:30,4.3003175,-0.320749,3.9795685
3/29/2020 19:00,1.6172554,2.26329,3.8805454
3/29/2020 19:30,1.3079642,2.47674,3.7847042
3/29/2020 20:00,0.6577152,3.03716,3.6948752
3/29/2020 20:30,0.170426,3.49073,3.661156
3/29/2020 21:00,-0.28774,3.95261,3.66487
3/29/2020 21:30,0.1293804,3.52679,3.6561704
3/29/2020 22:00,-0.1203554,3.75983,3.6394746
3/29/2020 22:30,-0.0228098,3.65589,3.6330802
3/29/2020 23:00,0.2062072,3.39445,3.6006572
3/29/2020 23:30,-0.4364246,4.01855,3.5821254
3/30/2020 0:00,-0.433511,4.02214,3.588629
3/30/2020 0:30,-0.0751532,3.65584,3.5806868
3/30/2020 1:00,0.7477995,2.82734,3.5751395
3/30/2020 1:30,0.3952538,3.16634,3.5615938
3/30/2020 2:00,0.8006677,2.73395,3.5346177
3/30/2020 2:30,1.0993638,2.41435,3.5137138
3/30/2020 3:00,1.2803204,2.23578,3.5161004
3/30/2020 3:30,0.99299,2.45837,3.45136
3/30/2020 4:00,0.7490254,2.6352,3.3842254
3/30/2020 4:30,1.321734,1.99583,3.317564
3/30/2020 5:00,1.1987514,1.9938,3.1925514
3/30/2020 5:30,0.2459138,2.91542,3.1613338
3/30/2020 6:00,1.3206116,1.81396,3.1345716
3/30/2020 6:30,0.129617,2.94526,3.074877
3/30/2020 7:00,0.0891362,2.94145,3.0305862
3/30/2020 7:30,0.081856,2.92357,3.005426
3/30/2020 8:00,0.2383404,2.71418,2.9525204
3/30/2020 8:30,2.15878,0.910811,3.069591
3/30/2020 9:00,4.378006,-1.16845,3.209556
3/30/2020 9:30,6.393535,-2.99822,3.395315
3/30/2020 10:00,6.545144,-3.04792,3.497224
3/30/2020 10:30,6.1631577,-2.68981,3.4733477
3/30/2020 11:00,7.1912299,-3.63356,3.5576699
3/30/2020 11:30,7.1287312,-3.51093,3.6178012
3/30/2020 12:00,7.2500882,-3.58238,3.6677082
3/30/2020 12:30,8.1770584,-4.4681,3.7089584
3/30/2020 13:00,7.9759423,-4.26165,3.7142923
3/30/2020 13:30,9.0601554,-5.29438,3.7657754
3/30/2020 14:00,9.1079236,-5.27612,3.8318036
3/30/2020 14:30,9.175051,-5.27989,3.895161
3/30/2020 15:00,9.0840728,-5.18401,3.9000628
3/30/2020 15:30,8.5019032,-4.58378,3.9181232
3/30/2020 16:00,8.7101803,-4.78403,3.9261503
3/30/2020 16:30,8.0371736,-4.10546,3.9317136
3/30/2020 17:00,7.3138668,-3.41751,3.8963568
3/30/2020 17:30,6.563125,-2.74334,3.819785
3/30/2020 18:00,5.1184108,-1.35678,3.7616308
3/30/2020 18:30,4.8848582,-1.16041,3.7244482
3/30/2020 19:00,2.6549284,0.942523,3.5974514
3/30/2020 19:30,0.570816,2.85663,3.427446
3/30/2020 20:00,0.2681333,2.97958,3.2477133
3/30/2020 20:30,0.2202943,2.98878,3.2090743
3/30/2020 21:00,0.137258,3.00375,3.141008
3/30/2020 21:30,0.0601325,3.01456,3.0746925
3/30/2020 22:00,-0.0229234,3.03585,3.0129266
3/30/2020 22:30,-2.3600827,5.38001,3.0199273
3/30/2020 23:00,-1.9765449,5.00281,3.0262651
3/30/2020 23:30,-0.1319771,3.04052,2.9085429
3/31/2020 0:00,-0.3473276,3.05399,2.7066624
3/31/2020 0:30,-0.4840993,3.06961,2.5855107
3/31/2020 1:00,-0.484725,3.06961,2.584885
3/31/2020 1:30,-3.4995693,6.0531,2.5535307
3/31/2020 2:00,-0.5744542,3.06961,2.4951558
3/31/2020 2:30,-0.4500638,3.06961,2.6195462
3/31/2020 3:00,-0.2673,3.06961,2.80231
3/31/2020 3:30,-0.3335084,3.06961,2.7361016
3/31/2020 4:00,0.7881613,1.8645,2.6526613
3/31/2020 4:30,-0.4743577,3.06961,2.5952523
3/31/2020 5:00,0.7854285,1.78998,2.5754085
3/31/2020 5:30,0.3657844,2.2219,2.5876844
3/31/2020 6:00,0.2526595,2.37004,2.6226995
3/31/2020 6:30,-0.557636,3.19133,2.633694
3/31/2020 7:00,0.7606423,1.8645,2.6251423
3/31/2020 7:30,-0.5596503,3.17651,2.6168597
3/31/2020 8:00,-0.6480156,3.27061,2.6225944
3/31/2020 8:30,1.4326214,1.2173,2.6499214
3/31/2020 9:00,2.0102963,0.69061,2.7009063
3/31/2020 9:30,2.0076055,0.69061,2.6982155
3/31/2020 10:00,2.0181472,0.69061,2.7087572
3/31/2020 10:30,3.6808381,-0.944716,2.7361221
3/31/2020 11:00,3.0982675,-0.341113,2.7571545
3/31/2020 11:30,4.4711987,-1.65669,2.8145087
3/31/2020 12:00,7.8725615,-5.03441,2.8381515
3/31/2020 12:30,6.5040711,-3.54116,2.9629111
3/31/2020 13:00,5.4297083,-2.50749,2.9222183
3/31/2020 13:30,7.3132843,-4.40648,2.9068043
3/31/2020 14:00,5.8506742,-2.93432,2.9163542
3/31/2020 14:30,5.4901728,-2.63836,2.8518128
3/31/2020 15:00,3.0590025,-0.26539,2.7936125
3/31/2020 15:30,2.0608093,0.69061,2.7514193
3/31/2020 16:00,1.9980578,0.69061,2.6886678
3/31/2020 16:30,3.3568965,-0.732437,2.6244595
3/31/2020 17:00,3.4029466,-0.732437,2.6705096
3/31/2020 17:30,3.1729687,-0.499265,2.6737037
3/31/2020 18:00,3.6323272,-0.965609,2.6667182
3/31/2020 18:30,0.7947124,1.8645,2.6592124
3/31/2020 19:00,-0.5617577,3.17087,2.6091123
3/31/2020 19:30,0.2761747,2.23341,2.5095847
3/31/2020 20:00,0.1062052,2.39011,2.4963152
3/31/2020 20:30,0.2972575,2.17249,2.4697475
3/31/2020 21:00,-0.9887153,3.45671,2.4679947
3/31/2020 21:30,-0.9735432,3.46047,2.4869268
3/31/2020 22:00,-0.97787,3.46835,2.49048
3/31/2020 22:30,-0.98949,3.4724,2.48291
3/31/2020 23:00,-0.9481588,3.44515,2.4969912
3/31/2020 23:30,-0.9609804,3.4554,2.4944196
4/1/2020 0:00,-0.9665781,3.45741,2.4908319
4/1/2020 0:30,-0.990178,3.48063,2.490452
4/1/2020 1:00,-0.9953701,3.48755,2.4921799
4/1/2020 1:30,-0.967233,3.4894,2.522167
4/1/2020 2:00,-0.9665263,3.49702,2.5304937
4/1/2020 2:30,-0.9932614,3.49577,2.5025086
4/1/2020 3:00,-1.016555,3.49509,2.478535
4/1/2020 3:30,-1.048464,3.49349,2.445026
4/1/2020 4:00,-1.0687512,3.52049,2.4517388
4/1/2020 4:30,-1.0599933,3.51876,2.4587667
4/1/2020 5:00,-1.0611585,3.51134,2.4501815
4/1/2020 5:30,-1.0696895,3.51705,2.4473605
4/1/2020 6:00,-1.0645395,3.50399,2.4394505
4/1/2020 6:30,-1.0750087,3.5047,2.4296913
4/1/2020 7:00,0.2367462,2.17249,2.4092362
4/1/2020 7:30,-0.9874862,3.34476,2.3572738
4/1/2020 8:00,-0.2685589,2.56732,2.2987611
4/1/2020 8:30,-1.373573,3.63775,2.264177
4/1/2020 9:00,0.7335175,1.49325,2.2267675
4/1/2020 9:30,0.715092,1.49325,2.208342
4/1/2020 10:00,1.295757,0.915353,2.21111
4/1/2020 10:30,1.3391292,0.878495,2.2176242
4/1/2020 11:00,2.3788284,-0.103001,2.2758274
4/1/2020 11:30,3.1095656,-0.771952,2.3376136
4/1/2020 12:00,3.521057,-1.15915,2.361907
4/1/2020 12:30,4.80668,-2.35081,2.45587
4/1/2020 13:00,4.8249562,-2.31404,2.5109162
4/1/2020 13:30,5.6112957,-3.00507,2.6062257
4/1/2020 14:00,6.4656366,-3.761,2.7046366
4/1/2020 14:30,6.1214558,-3.37751,2.7439458
4/1/2020 15:00,5.4357275,-2.67882,2.7569075
4/1/2020 15:30,4.9535412,-2.18103,2.7725112
4/1/2020 16:00,5.372101,-2.61739,2.754711
4/1/2020 16:30,5.9869042,-3.15043,2.8364742
4/1/2020 17:00,6.0762036,-3.24208,2.8341236
4/1/2020 17:30,5.1173172,-2.24122,2.8760972
4/1/2020 18:00,3.9577771,-1.15915,2.7986271
4/1/2020 18:30,1.8637824,0.878495,2.7422774
4/1/2020 19:00,1.1550495,1.55652,2.7115695
4/1/2020 19:30,-0.9930268,3.63775,2.6447232
4/1/2020 20:00,-0.8754642,3.35356,2.4780958
4/1/2020 20:30,-1.074859,3.36011,2.285251
4/1/2020 21:00,-1.2642862,3.36011,2.0958238
4/1/2020 21:30,-1.3985483,3.36011,1.9615617
4/1/2020 22:00,-1.4800422,3.36011,1.8800678
4/1/2020 22:30,-1.4597076,3.36011,1.9004024
4/1/2020 23:00,-1.4437618,3.33103,1.8872682
4/1/2020 23:30,-1.4066148,3.34407,1.9374552
4/2/2020 0:00,-1.4336307,3.33931,1.9056793
4/2/2020 0:30,-1.4722304,3.32648,1.8542496
4/2/2020 1:00,-1.4644954,3.32648,1.8619846
4/2/2020 1:30,-1.4248397,3.32648,1.9016403
4/2/2020 2:00,1.1658259,0.8231,1.9889259
4/2/2020 2:30,-1.3434893,3.32648,1.9829907
4/2/2020 3:00,-1.3820885,3.32648,1.9443915
4/2/2020 3:30,-1.3919236,3.32648,1.9345564
4/2/2020 4:00,-1.3829119,3.32648,1.9435681
4/2/2020 4:30,-1.3029378,3.31367,2.0107322
4/2/2020 5:00,-1.2989314,3.31367,2.0147386
4/2/2020 5:30,-1.3364801,3.31367,1.9771899
4/2/2020 6:00,-1.3547958,3.31367,1.9588742
4/2/2020 6:30,-1.3475703,3.31367,1.9660997
4/2/2020 7:00,-1.3888316,3.29952,1.9106884
4/2/2020 7:30,-1.3211523,3.28486,1.9637077
4/2/2020 8:00,2.7894306,-0.342838,2.4465926
4/2/2020 8:30,3.8561716,-1.15485,2.7013216
4/2/2020 9:00,5.3202038,-2.5163,2.8039038
4/2/2020 9:30,5.5080234,-2.62632,2.8817034
4/2/2020 10:00,6.1674312,-3.22325,2.9441812
4/2/2020 10:30,6.9572127,-3.93735,3.0198627
4/2/2020 11:00,7.5670714,-4.46823,3.0988414
4/2/2020 11:30,8.0239,-4.86748,3.15642
4/2/2020 12:00,8.0719377,-4.87791,3.1940277
4/2/2020 12:30,8.356989,-5.05948,3.297509
4/2/2020 13:00,8.2675666,-4.93178,3.3357866
4/2/2020 13:30,8.398991,-4.98858,3.410411
4/2/2020 14:00,8.4336942,-4.96938,3.4643142
4/2/2020 14:30,8.7705902,-5.25957,3.5110202
4/2/2020 15:00,8.6596948,-5.11703,3.5426648
4/2/2020 15:30,8.4332784,-4.84631,3.5869684
4/2/2020 16:00,7.9135977,-4.3138,3.5997977
4/2/2020 16:30,7.539026,-3.89802,3.641006
4/2/2020 17:00,6.9687562,-3.30233,3.6664262
4/2/2020 17:30,5.7958436,-2.13991,3.6559336
4/2/2020 18:00,6.0502765,-2.4112,3.6390765
4/2/2020 18:30,4.7924036,-1.19616,3.5962436
4/2/2020 19:00,2.6246516,0.880148,3.5047996
4/2/2020 19:30,-0.28403,3.58638,3.30235
4/2/2020 20:00,-0.3206037,3.3221,3.0014963
4/2/2020 20:30,-0.6120463,3.32617,2.7141237
4/2/2020 21:00,-0.7434395,3.31702,2.5735805
4/2/2020 21:30,-0.8032731,3.31536,2.5120869
4/2/2020 22:00,-0.8139926,3.31713,2.5031374
4/2/2020 22:30,-0.889017,3.32292,2.433903
4/2/2020 23:00,-1.039963,3.33211,2.292147
4/2/2020 23:30,-1.1538834,3.34101,2.1871266
4/3/2020 0:00,-1.179435,3.3482,2.168765
4/3/2020 0:30,-1.2016874,3.35618,2.1544926
4/3/2020 1:00,-1.2575327,3.35312,2.0955873
4/3/2020 1:30,-1.2911843,3.36296,2.0717757
4/3/2020 2:00,-1.3072901,3.37004,2.0627499
4/3/2020 2:30,-1.266919,3.37337,2.106451
4/3/2020 3:00,-1.2410942,3.38057,2.1394758
4/3/2020 3:30,-1.2720639,3.38876,2.1166961
4/3/2020 4:00,-1.3035437,3.4007,2.0971563
4/3/2020 4:30,-1.3770919,3.41117,2.0340781
4/3/2020 5:00,-1.3656333,3.42027,2.0546367
4/3/2020 5:30,-1.3575134,3.42825,2.0707366
4/3/2020 6:00,-1.4944493,3.44106,1.9466107
4/3/2020 6:30,-1.5399377,3.44927,1.9093323
4/3/2020 7:00,-1.6360664,3.44252,1.8064536
4/3/2020 7:30,0.3041277,1.52707,1.8311977
4/3/2020 8:00,2.291805,-0.22668,2.065125
4/3/2020 8:30,3.7676554,-1.11424,2.6534154
4/3/2020 9:00,5.3944127,-2.34485,3.0495627
4/3/2020 9:30,5.9318927,-2.66659,3.2653027
4/3/2020 10:00,6.796846,-3.3888,3.408046
4/3/2020 10:30,7.551562,-4.02795,3.523612
4/3/2020 11:00,8.0129853,-4.41623,3.5967553
4/3/2020 11:30,8.702125,-5.02623,3.675895
4/3/2020 12:00,8.7990177,-5.07213,3.7268877
4/3/2020 12:30,9.0844833,-5.25957,3.8249133
4/3/2020 13:00,9.114926,-5.2159,3.899026
4/3/2020 13:30,9.0392732,-5.04554,3.9937332
4/3/2020 14:00,9.264614,-5.2159,4.048714
4/3/2020 14:30,9.361817,-5.25957,4.102247
4/3/2020 15:00,9.148421,-4.98314,4.165281
4/3/2020 15:30,8.9829384,-4.79943,4.1835084
4/3/2020 16:00,8.4167635,-4.20981,4.2069535
4/3/2020 16:30,8.0270373,-3.82537,4.2016673
4/3/2020 17:00,7.5870633,-3.36237,4.2246933
4/3/2020 17:30,6.6946933,-2.45701,4.2376833
4/3/2020 18:00,6.644045,-2.447,4.197045
4/3/2020 18:30,5.1861144,-1.03995,4.1461644
4/3/2020 19:00,3.071905,0.968568,4.040473
4/3/2020 19:30,0.2104263,3.57126,3.7816863
4/3/2020 20:00,-0.081548,3.46383,3.382282
4/3/2020 20:30,-0.3481837,3.45626,3.1080763
4/3/2020 21:00,-0.4279673,3.44648,3.0185127
4/3/2020 21:30,-0.4678883,3.43772,2.9698317
4/3/2020 22:00,0.383886,2.61214,2.996026
4/3/2020 22:30,-0.5435264,3.44136,2.8978336
4/3/2020 23:00,-1.393508,3.99708,2.603572
4/3/2020 23:30,-1.0677591,3.44937,2.3816109
4/4/2020 0:00,-1.2096205,3.44801,2.2383895
4/4/2020 0:30,-1.2092275,3.45636,2.2471325
4/4/2020 1:00,-1.247805,3.45988,2.212075
4/4/2020 1:30,-1.199995,3.46761,2.267615
4/4/2020 2:00,-1.2930855,3.47757,2.1844845
4/4/2020 2:30,-1.3524184,3.47385,2.1214316
4/4/2020 3:00,-1.3848317,3.47385,2.0890183
4/4/2020 3:30,-1.3416502,3.48126,2.1396098
4/4/2020 4:00,-1.335593,3.48674,2.151147
4/4/2020 4:30,-1.3147545,3.4935,2.1787455
4/4/2020 5:00,-1.3348973,3.4935,2.1586027
4/4/2020 5:30,-1.3055403,3.4935,2.1879597
4/4/2020 6:00,-1.4760405,3.50693,2.0308895
4/4/2020 6:30,-1.4299068,3.52462,2.0947132
4/4/2020 7:00,-1.4939805,3.52612,2.0321395
4/4/2020 7:30,0.7420755,1.44982,2.1918955
4/4/2020 8:00,3.1716072,-0.715492,2.4561152
4/4/2020 8:30,4.069091,-1.04782,3.021271
4/4/2020 9:00,5.770868,-2.51887,3.251998
4/4/2020 9:30,6.2760717,-2.89701,3.3790617
4/4/2020 10:00,6.926561,-3.41666,3.509901
4/4/2020 10:30,7.5815531,-3.989,3.5925531
4/4/2020 11:00,8.628249,-4.94249,3.685759
4/4/2020 11:30,8.2450994,-4.52993,3.7151694
4/4/2020 12:00,5.8045601,-2.17455,3.6300101
4/4/2020 12:30,6.272513,-2.59723,3.675283
4/4/2020 13:00,6.3922299,-2.70834,3.6838899
4/4/2020 13:30,5.968237,-2.19987,3.768367
4/4/2020 14:00,4.8525837,-1.17672,3.6758637
4/4/2020 14:30,5.8693635,-2.17455,3.6948135
4/4/2020 15:00,6.031552,-2.27126,3.760292
4/4/2020 15:30,5.686468,-1.95062,3.735848
4/4/2020 16:00,7.1915677,-3.45973,3.7318377
4/4/2020 16:30,8.0305903,-4.23808,3.7925103
4/4/2020 17:00,7.3445085,-3.57931,3.7651985
4/4/2020 17:30,5.546631,-1.91228,3.634351
4/4/2020 18:00,5.9597929,-2.37745,3.5823429
4/4/2020 18:30,4.4590666,-0.951236,3.5078306
4/4/2020 19:00,2.4482844,1.00208,3.4503644
4/4/2020 19:30,-0.3521108,3.68283,3.3307192
4/4/2020 20:00,1.7593166,1.35404,3.1133566
4/4/2020 20:30,1.2057972,1.72878,2.9345772
4/4/2020 21:00,0.7955659,2.04302,2.8385859
4/4/2020 21:30,0.5270856,2.25341,2.7804956
4/4/2020 22:00,1.0614547,1.6639,2.7253547
4/4/2020 22:30,-0.8409313,3.55629,2.7153587
4/4/2020 23:00,-1.035176,3.59993,2.564754
4/4/2020 23:30,-1.284867,3.60793,2.323063
4/5/2020 0:00,-1.334723,3.63746,2.302737
4/5/2020 0:30,-1.3171119,3.6665,2.3493881
4/5/2020 1:00,-1.4379523,3.68607,2.2481177
4/5/2020 1:30,-1.4473403,3.68852,2.2411797
4/5/2020 2:00,-1.4801652,3.68756,2.2073948
4/5/2020 2:30,-1.319942,3.68987,2.369928
4/5/2020 3:00,-1.4171703,3.75404,2.3368697
4/5/2020 3:30,-1.4752863,3.80911,2.3338237
4/5/2020 4:00,-1.6222189,3.84513,2.2229111
4/5/2020 4:30,-1.7711278,3.89948,2.1283522
4/5/2020 5:00,-1.698154,3.97312,2.274966
4/5/2020 5:30,-1.7556554,3.9771,2.2214446
4/5/2020 6:00,-1.8780803,3.98563,2.1075497
4/5/2020 6:30,-1.7787556,3.99476,2.2160044
4/5/2020 7:00,-1.8152755,4.1234,2.3081245
4/5/2020 7:30,1.0488504,1.15791,2.2067604
4/5/2020 8:00,0.4712794,1.82848,2.2997594
4/5/2020 8:30,3.7882068,-0.969198,2.8190088
4/5/2020 9:00,5.6188528,-2.5167,3.1021528
4/5/2020 9:30,5.3312116,-1.94817,3.3830416
4/5/2020 10:00,7.3873852,-3.70186,3.6855252
4/5/2020 10:30,8.0496985,-4.22003,3.8296685
4/5/2020 11:00,7.8518151,-3.95722,3.8945951
4/5/2020 11:30,9.8676154,-5.77061,4.0970054
4/5/2020 12:00,9.9547256,-5.70236,4.2523656
4/5/2020 12:30,10.5287656,-6.17176,4.3570056
4/5/2020 13:00,9.7691726,-5.33537,4.4338026
4/5/2020 13:30,10.4214015,-5.96386,4.4575415
4/5/2020 14:00,10.9143275,-6.33539,4.5789375
4/5/2020 14:30,9.337355,-4.80876,4.528595
4/5/2020 15:00,9.1374295,-4.54055,4.5968795
4/5/2020 15:30,8.9410333,-4.27319,4.6678433
4/5/2020 16:00,9.5660527,-4.91872,4.6473327
4/5/2020 16:30,9.0671937,-4.43347,4.6337237
4/5/2020 17:00,6.3935013,-2.06389,4.3296113
4/5/2020 17:30,4.2803952,-0.0720962,4.208299
4/5/2020 18:00,5.197545,-0.90933,4.288215
4/5/2020 18:30,5.4803123,-1.18119,4.2991223
4/5/2020 19:00,2.2987024,1.85613,4.1548324
4/5/2020 19:30,2.9444766,1.01069,3.9551666
4/5/2020 20:00,1.8491564,1.90099,3.7501464
4/5/2020 20:30,1.2572585,2.32991,3.5871685
4/5/2020 21:00,1.7688023,1.69552,3.4643223
4/5/2020 21:30,0.336042,3.06198,3.398022
4/5/2020 22:00,-1.2375642,4.58771,3.3501458
4/5/2020 22:30,-0.869635,4.15841,3.288775
4/5/2020 23:00,-0.9297345,4.15584,3.2261055
4/5/2020 23:30,-0.9942417,4.14271,3.1484683
4/6/2020 0:00,-5.807512,8.92388,3.116368
4/6/2020 0:30,-0.9392847,4.11685,3.1775653
4/6/2020 1:00,-1.1268505,4.11157,2.9847195
4/6/2020 1:30,-1.243108,4.10328,2.860172
4/6/2020 2:00,-1.3224257,4.1014,2.7789743
4/6/2020 2:30,-1.3791494,4.10551,2.7263606
4/6/2020 3:00,-1.4360025,4.11637,2.6803675
4/6/2020 3:30,-1.423788,4.11726,2.693472
4/6/2020 4:00,-1.480057,4.12098,2.640923
4/6/2020 4:30,-1.159372,4.13393,2.974558
4/6/2020 5:00,-1.2173514,4.14051,2.9231586
4/6/2020 5:30,-1.0525757,4.14005,3.0874743
4/6/2020 6:00,-1.1479424,4.1488,3.0008576
4/6/2020 6:30,-1.037906,4.13589,3.097984
4/6/2020 7:00,-1.0683606,4.12093,3.0525694
4/6/2020 7:30,-1.1927745,4.01269,2.8199155
4/6/2020 8:00,1.5264032,1.70225,3.2286532
4/6/2020 8:30,4.9536811,-1.2341,3.7195811
4/6/2020 9:00,5.0620922,-1.07783,3.9842622
4/6/2020 9:30,10.4869437,-6.22968,4.2572637
4/6/2020 10:00,8.0200717,-3.47211,4.5479617
4/6/2020 10:30,7.734923,-2.97932,4.755603
4/6/2020 11:00,8.7125492,-3.84653,4.8660192
4/6/2020 11:30,9.2069304,-4.25755,4.9493804
4/6/2020 12:00,8.2342613,-3.29372,4.9405413
4/6/2020 12:30,9.032965,-4.09162,4.941345
4/6/2020 13:00,9.554755,-4.54766,5.007095
4/6/2020 13:30,9.107982,-3.91839,5.189592
4/6/2020 14:00,10.390732,-5.01924,5.371492
4/6/2020 14:30,10.22431,-4.77525,5.44906
4/6/2020 15:00,9.668569,-4.16885,5.499719
4/6/2020 15:30,9.38208,-3.86567,5.51641
4/6/2020 16:00,8.806532,-3.19077,5.615762
4/6/2020 16:30,9.2682826,-3.70913,5.5591526
4/6/2020 17:00,8.3075183,-2.81754,5.4899783
4/6/2020 17:30,7.800805,-2.36756,5.433245
4/6/2020 18:00,6.1366895,-0.767453,5.3692365
4/6/2020 18:30,0.442929,4.53371,4.976639
4/6/2020 19:00,0.3618287,4.04239,4.4042187
4/6/2020 19:30,-0.5431284,4.51396,3.9708316
4/6/2020 20:00,-0.1782516,4.04239,3.8641384
4/6/2020 20:30,0.2880147,3.52652,3.8145347
4/6/2020 21:00,0.9319478,2.83345,3.7653978
4/6/2020 21:30,0.0617074,3.66106,3.7227674
4/6/2020 22:00,1.96485,1.7316,3.69645
4/6/2020 22:30,-0.4123492,4.04902,3.6366708
4/6/2020 23:00,-4.989796,8.56959,3.579794
4/6/2020 23:30,-3.4028287,6.77141,3.3685813
4/7/2020 0:00,-0.6959318,4.02007,3.3241382
4/7/2020 0:30,-0.6734108,4.02007,3.3466592
4/7/2020 1:00,-0.762036,4.02007,3.258034
4/7/2020 1:30,-0.7881827,3.99424,3.2060573
4/7/2020 2:00,-0.7979896,3.99424,3.1962504
4/7/2020 2:30,-0.7108229,4.01261,3.3017871
4/7/2020 3:00,-0.682199,4.00117,3.318971
4/7/2020 3:30,-0.761355,4.00117,3.239815
4/7/2020 4:00,-0.8532713,4.00117,3.1478987
4/7/2020 4:30,-0.953546,4.00117,3.047624
4/7/2020 5:00,-15.1133444,18.3987,3.2853556
4/7/2020 5:30,-13.7801903,17.1897,3.4095097
4/7/2020 6:00,-8.541123,11.9453,3.404177
4/7/2020 6:30,-11.1686092,14.4845,3.3158908
4/7/2020 7:00,-10.2202597,13.4708,3.2505403
4/7/2020 7:30,-0.7283475,3.99669,3.2683425
4/7/2020 8:00,2.7128507,0.919154,3.6320047
4/7/2020 8:30,4.6468295,-0.770595,3.8762345
4/7/2020 9:00,6.249099,-2.14742,4.101679
4/7/2020 9:30,7.148654,-2.81664,4.332014
4/7/2020 10:00,6.1988303,-1.61471,4.5841203
4/7/2020 10:30,6.6482453,-1.87501,4.7732353
4/7/2020 11:00,8.6052427,-3.66366,4.9415827
4/7/2020 11:30,8.530064,-3.46677,5.063294
4/7/2020 12:00,8.8184633,-3.60115,5.2173133
4/7/2020 12:30,9.943569,-4.6295,5.314069
4/7/2020 13:00,10.5447324,-5.06646,5.4782724
4/7/2020 13:30,9.285647,-3.68741,5.598237
4/7/2020 14:00,11.24669,-5.48158,5.76511
4/7/2020 14:30,11.4869095,-5.7022,5.7847095
4/7/2020 15:00,11.4023894,-5.56155,5.8408394
4/7/2020 15:30,11.1794433,-5.30374,5.8757033
4/7/2020 16:00,9.956929,-4.06363,5.893299
4/7/2020 16:30,9.8486564,-3.98545,5.8632064
4/7/2020 17:00,6.8022617,-1.037,5.7652617
4/7/2020 17:30,5.1509646,0.554578,5.7055426
4/7/2020 18:00,3.9563645,1.5866,5.5429645
4/7/2020 18:30,0.72039,4.57514,5.29553
4/7/2020 19:00,-25.3525424,30.0579,4.7053576
4/7/2020 19:30,0.21849,4.00117,4.21966
4/7/2020 20:00,-0.8489063,5.02053,4.1716237
4/7/2020 20:30,0.990119,3.18261,4.172729
4/7/2020 21:00,0.2812463,3.90034,4.1815863
4/7/2020 21:30,-0.22451,4.39837,4.17386
4/7/2020 22:00,0.205687,3.95364,4.159327
4/7/2020 22:30,0.195837,3.90971,4.105547
4/7/2020 23:00,-0.5891555,4.68515,4.0959945
4/7/2020 23:30,0.4230496,3.70062,4.1236696
4/8/2020 0:00,-2.149935,6.31391,4.163975
4/8/2020 0:30,-0.1258677,4.33929,4.2134223
4/8/2020 1:00,0.518647,3.7182,4.236847
4/8/2020 1:30,-0.196725,4.44965,4.252925
4/8/2020 2:00,0.9433575,3.33812,4.2814775
4/8/2020 2:30,0.8695807,3.40866,4.2782407
4/8/2020 3:00,0.9839578,3.28932,4.2732778
4/8/2020 3:30,0.1169455,4.12097,4.2379155
4/8/2020 4:00,1.990277,2.24336,4.233637
4/8/2020 4:30,1.6813905,2.55354,4.2349305
4/8/2020 5:00,0.0213227,4.25983,4.2811527
4/8/2020 5:30,2.4867047,1.7924,4.2791047
4/8/2020 6:00,0.645417,3.5992,4.244617
4/8/2020 6:30,1.0353826,3.19304,4.2284226
4/8/2020 7:00,1.5647527,2.63214,4.1968927
4/8/2020 7:30,2.2720746,2.04205,4.3141246
4/8/2020 8:00,2.5921546,1.89472,4.4868746
4/8/2020 8:30,3.2164627,1.40774,4.6242027
4/8/2020 9:00,4.1949756,0.564245,4.7592206
4/8/2020 9:30,5.7649217,-0.850318,4.9146037
4/8/2020 10:00,6.9526515,-1.95859,4.9940615
4/8/2020 10:30,6.0897418,-1.27454,4.8152018
4/8/2020 11:00,9.671689,-4.63725,5.034439
4/8/2020 11:30,7.7318014,-2.55029,5.1815114
4/8/2020 12:00,8.273942,-2.97023,5.303712
4/8/2020 12:30,11.110286,-5.63199,5.478296
4/8/2020 13:00,11.473655,-5.94746,5.526195
4/8/2020 13:30,11.524591,-5.94746,5.577131
4/8/2020 14:00,11.624465,-5.94746,5.677005
4/8/2020 14:30,11.459737,-5.73566,5.724077
4/8/2020 15:00,9.354443,-3.59631,5.758133
4/8/2020 15:30,9.7900443,-3.98561,5.8044343
4/8/2020 16:00,9.0449993,-3.24003,5.8049693
4/8/2020 16:30,8.2628117,-2.43746,5.8253517
4/8/2020 17:00,8.5269445,-2.66408,5.8628645
4/8/2020 17:30,9.1289645,-3.28228,5.8466845
4/8/2020 18:00,7.0365145,-1.30497,5.7315445
4/8/2020 18:30,5.31863,0.338538,5.657168
4/8/2020 19:00,3.933369,1.60312,5.536489
4/8/2020 19:30,1.099772,4.07703,5.176802
4/8/2020 20:00,1.072328,3.89223,4.964558
4/8/2020 20:30,0.944449,3.89223,4.836679
4/8/2020 21:00,2.2900986,2.54769,4.8377886
4/8/2020 21:30,1.6349042,3.03641,4.6713142
4/8/2020 22:00,0.9143715,3.89223,4.8066015
4/8/2020 22:30,5.3746756,-0.56541,4.8092656
4/8/2020 23:00,-0.368252,5.10488,4.736628
4/8/2020 23:30,2.000946,2.69129,4.692236
4/9/2020 0:00,2.935345,1.56859,4.503935
4/9/2020 0:30,0.4440484,3.89223,4.3362784
4/9/2020 1:00,1.3959077,2.76178,4.1576877
4/9/2020 1:30,0.1142345,3.89223,4.0064645
4/9/2020 2:00,0.933081,3.02612,3.959201
4/9/2020 2:30,-1.1488217,4.88864,3.7398183
4/9/2020 3:00,-2.1789084,5.74786,3.5689516
4/9/2020 3:30,-0.3214235,3.91892,3.5974965
4/9/2020 4:00,2.1623476,1.54586,3.7082076
4/9/2020 4:30,-0.1259245,3.91892,3.7929955
4/9/2020 5:00,4.1861565,-0.426065,3.7600915
4/9/2020 5:30,-0.1929874,3.91892,3.7259326
4/9/2020 6:00,-0.2724454,3.91892,3.6464746
4/9/2020 6:30,-0.427437,3.91892,3.491483
4/9/2020 7:00,-0.6387794,4.15381,3.5150306
4/9/2020 7:30,-0.7364244,4.34147,3.6050456
4/9/2020 8:00,1.9438633,1.85372,3.7975833
4/9/2020 8:30,2.6964684,1.42737,4.1238384
4/9/2020 9:00,3.8808233,0.432565,4.3133883
4/9/2020 9:30,2.492469,1.85372,4.346189
4/9/2020 10:00,-0.2897375,4.34147,4.0517325
4/9/2020 10:30,1.9658705,1.9848,3.9506705
4/9/2020 11:00,7.840187,-3.72086,4.119327
4/9/2020 11:30,7.747916,-3.32377,4.424146
4/9/2020 12:00,9.387652,-4.67371,4.713942
4/9/2020 12:30,11.170112,-6.23807,4.932042
4/9/2020 13:00,9.870678,-4.79486,5.075818
4/9/2020 13:30,10.4234883,-5.19407,5.2294183
4/9/2020 14:00,10.539525,-5.19507,5.344455
4/9/2020 14:30,11.117257,-5.69869,5.418567
4/9/2020 15:00,11.835174,-6.38265,5.452524
4/9/2020 15:30,11.8320765,-6.36028,5.4717965
4/9/2020 16:00,9.4911935,-4.01252,5.4786735
4/9/2020 16:30,9.5802356,-4.09927,5.4809656
4/9/2020 17:00,9.641983,-4.19269,5.449293
4/9/2020 17:30,7.5141406,-2.07341,5.4407306
4/9/2020 18:00,6.8903687,-1.48612,5.4042487
4/9/2020 18:30,5.2572763,0.104296,5.3615723
4/9/2020 19:00,4.144629,1.11896,5.263589
4/9/2020 19:30,3.426076,1.687,5.113076
4/9/2020 20:00,3.182804,1.71682,4.899624
4/9/2020 20:30,2.9637148,1.64513,4.6088448
4/9/2020 21:00,2.329413,2.03229,4.361703
4/9/2020 21:30,0.2277437,3.91892,4.1466637
4/9/2020 22:00,0.0557132,3.91892,3.9746332
4/9/2020 22:30,-0.0801813,3.91892,3.8387387
4/9/2020 23:00,-0.0069189,3.91892,3.9120011
4/9/2020 23:30,1.1370258,2.58036,3.7173858
4/10/2020 0:00,-0.3735036,3.91892,3.5454164
4/10/2020 0:30,0.9977961,2.44299,3.4407861
4/10/2020 1:00,0.8284224,2.40932,3.2377424
4/10/2020 1:30,0.6551886,2.47528,3.1304686
4/10/2020 2:00,-0.9559676,3.91892,2.9629524
4/10/2020 2:30,-1.041542,3.91892,2.877378
4/10/2020 3:00,-1.078807,3.91892,2.840113
4/10/2020 3:30,-1.0699164,3.91892,2.8490036
4/10/2020 4:00,-1.302628,3.91892,2.616292
4/10/2020 4:30,-1.259477,3.91892,2.659443
4/10/2020 5:00,-1.288231,3.91892,2.630689
4/10/2020 5:30,-1.1009984,3.91892,2.8179216
4/10/2020 6:00,-1.2817032,3.91892,2.6372168
4/10/2020 6:30,-1.4638586,3.91892,2.4550614
4/10/2020 7:00,-1.9188676,4.13059,2.2117224
4/10/2020 7:30,-1.3692046,3.80206,2.4328554
4/10/2020 8:00,1.0443253,1.85372,2.8980453
4/10/2020 8:30,3.6570884,-0.483066,3.1740224
4/10/2020 9:00,5.9814214,-2.58488,3.3965414
4/10/2020 9:30,6.4228707,-2.95149,3.4713807
4/10/2020 10:00,7.5732417,-4.02335,3.5498917
4/10/2020 10:30,7.5543713,-3.96686,3.5875113
4/10/2020 11:00,8.635381,-5.00159,3.633791
4/10/2020 11:30,8.563268,-4.90607,3.657198
4/10/2020 12:00,9.4171545,-5.68557,3.7315845
4/10/2020 12:30,9.4578775,-5.71111,3.7467675
4/10/2020 13:00,9.4674656,-5.74754,3.7199256
4/10/2020 13:30,9.732569,-5.99141,3.741159
4/10/2020 14:00,9.6828644,-5.91221,3.7706544
4/10/2020 14:30,9.5111117,-5.70136,3.8097517
4/10/2020 15:00,9.5577462,-5.76034,3.7974062
4/10/2020 15:30,9.2231702,-5.45318,3.7699902
4/10/2020 16:00,9.2280185,-5.48021,3.7478085
4/10/2020 16:30,7.7163284,-4.00264,3.7136884
4/10/2020 17:00,7.8055844,-4.10327,3.7023144
4/10/2020 17:30,6.7097505,-3.04491,3.6648405
4/10/2020 18:00,5.703299,-2.09125,3.612049
4/10/2020 18:30,4.024114,-0.483066,3.541048
4/10/2020 19:00,1.910019,1.53626,3.446279
4/10/2020 19:30,-1.0225113,4.28839,3.2658787
4/10/2020 20:00,-0.8887737,3.89483,3.0060563
4/10/2020 20:30,-1.1421624,3.90812,2.7659576
4/10/2020 21:00,0.8548113,1.74795,2.6027613
4/10/2020 21:30,-1.4698906,3.8817,2.4118094
4/10/2020 22:00,-1.6869966,3.88086,2.1938634
4/10/2020 22:30,-1.7094126,3.86991,2.1604974
4/10/2020 23:00,-1.6769212,3.85409,2.1771688
4/10/2020 23:30,-1.7200352,3.84576,2.1257248
4/11/2020 0:00,-1.7138441,3.83949,2.1256459
4/11/2020 0:30,-1.629748,3.83562,2.205872
4/11/2020 1:00,-1.6308063,3.82631,2.1955037
4/11/2020 1:30,-1.7190568,3.81464,2.0955832
4/11/2020 2:00,-1.7802457,3.80013,2.0198843
4/11/2020 2:30,-1.724242,3.78877,2.064528
4/11/2020 3:00,-1.8619824,3.77826,1.9162776
4/11/2020 3:30,-1.8547144,3.77171,1.9169956
4/11/2020 4:00,-1.8496885,3.76363,1.9139415
4/11/2020 4:30,-1.8691539,3.75683,1.8876761
4/11/2020 5:00,-1.8672557,3.74783,1.8805743
4/11/2020 5:30,-1.9812353,3.74013,1.7588947
4/11/2020 6:00,-1.8820141,3.7323,1.8502859
4/11/2020 6:30,-2.0075252,3.72491,1.7173848
4/11/2020 7:00,-2.1535365,3.88151,1.7279735
4/11/2020 7:30,0.0556966,1.69773,1.7534266
4/11/2020 8:00,1.6175608,0.49454,2.1121008
4/11/2020 8:30,3.8359402,-1.22713,2.6088102
4/11/2020 9:00,5.295043,-2.28606,3.008983
4/11/2020 9:30,4.5539163,-1.44706,3.1068563
4/11/2020 10:00,7.6480672,-4.45294,3.1951272
4/11/2020 10:30,7.039071,-3.75963,3.279441
4/11/2020 11:00,8.3941597,-5.06819,3.3259697
4/11/2020 11:30,9.7560116,-6.32994,3.4260716
4/11/2020 12:00,10.0728988,-6.61367,3.4592288
4/11/2020 12:30,8.4819772,-4.96875,3.5132272
4/11/2020 13:00,9.5098047,-5.90577,3.6040347
4/11/2020 13:30,9.578846,-5.90577,3.673076
4/11/2020 14:00,9.6279544,-5.90577,3.7221844
4/11/2020 14:30,9.7476153,-5.95492,3.7926953
4/11/2020 15:00,9.579263,-5.72392,3.855343
4/11/2020 15:30,9.341907,-5.46829,3.873617
4/11/2020 16:00,8.7325286,-4.83574,3.8967886
4/11/2020 16:30,8.259605,-4.31302,3.946585
4/11/2020 17:00,7.6067593,-3.67274,3.9340193
4/11/2020 17:30,6.6974354,-2.76822,3.9292154
4/11/2020 18:00,5.4947884,-1.58374,3.9110484
4/11/2020 18:30,4.420011,-0.576904,3.843107
4/11/2020 19:00,2.651635,1.11213,3.763765
4/11/2020 19:30,-0.6344247,4.19699,3.5625653
4/11/2020 20:00,0.9853557,2.27358,3.2589357
4/11/2020 20:30,0.3421026,2.74441,3.0865126
4/11/2020 21:00,-1.9908387,4.95279,2.9619513
4/11/2020 21:30,-2.695606,5.58274,2.887134
4/11/2020 22:00,-0.819617,3.66037,2.840753
4/11/2020 22:30,-4.562103,7.36422,2.802117
4/11/2020 23:00,-1.152647,3.95359,2.800943
4/11/2020 23:30,-3.019289,5.74243,2.723141
4/12/2020 0:00,-3.56166,6.26539,2.70373
4/12/2020 0:30,-2.6108953,5.34771,2.7368147
4/12/2020 1:00,-1.1206296,3.80494,2.6843104
4/12/2020 1:30,-1.3096566,3.80494,2.4952834
4/12/2020 2:00,-1.4939819,3.80494,2.3109581
4/12/2020 2:30,-7.2228582,9.73141,2.5085518
4/12/2020 3:00,-5.0299783,7.72857,2.6985917
4/12/2020 3:30,-4.4422319,7.12608,2.6838481
4/12/2020 4:00,-5.459546,8.14263,2.683084
4/12/2020 4:30,-7.9265473,10.6489,2.7223527
4/12/2020 5:00,-1.2907663,3.80494,2.5141737
4/12/2020 5:30,-1.4152572,3.80494,2.3896828
4/12/2020 6:00,-1.4686432,3.80494,2.3362968
4/12/2020 6:30,-14.5223667,17.2097,2.6873333
4/12/2020 7:00,-9.015306,11.8468,2.831494
4/12/2020 7:30,-8.0043979,10.9103,2.9059021
4/12/2020 8:00,-4.582469,7.73271,3.150241
4/12/2020 8:30,4.2651638,-0.830156,3.4350078
4/12/2020 9:00,6.8554031,-3.16577,3.6896331
4/12/2020 9:30,5.9952042,-2.11779,3.8774142
4/12/2020 10:00,8.5189316,-4.47947,4.0394616
4/12/2020 10:30,9.4840865,-5.32481,4.1592765
4/12/2020 11:00,11.5617727,-7.26136,4.3004127
4/12/2020 11:30,12.1526747,-7.80755,4.3451247
4/12/2020 12:00,9.9941845,-5.61478,4.3794045
4/12/2020 12:30,9.1626706,-4.81671,4.3459606
4/12/2020 13:00,8.8170023,-4.50668,4.3103223
4/12/2020 13:30,12.972328,-8.57845,4.393878
4/12/2020 14:00,12.4472097,-8.04541,4.4017997
4/12/2020 14:30,10.5144476,-6.20091,4.3135376
4/12/2020 15:00,11.8805353,-7.50691,4.3736253
4/12/2020 15:30,9.529831,-5.27429,4.255541
4/12/2020 16:00,9.410229,-5.14997,4.260259
4/12/2020 16:30,10.0614217,-5.76382,4.2976017
4/12/2020 17:00,10.0896395,-5.84457,4.2450695
4/12/2020 17:30,7.9521017,-3.76684,4.1852617
4/12/2020 18:00,7.0238825,-2.9076,4.1162825
4/12/2020 18:30,5.5698782,-1.48199,4.0878882
4/12/2020 19:00,3.3358753,0.630435,3.9663103
4/12/2020 19:30,2.3326066,1.56115,3.8937566
4/12/2020 20:00,1.2820275,2.5753,3.8573275
4/12/2020 20:30,1.0404729,2.77748,3.8179529
4/12/2020 21:00,1.6466904,2.1735,3.8201904
4/12/2020 21:30,1.3875778,2.45597,3.8435478
4/12/2020 22:00,0.8442896,3.01161,3.8558996
4/12/2020 22:30,0.694903,3.15775,3.852653
4/12/2020 23:00,1.053865,2.81031,3.864175
4/12/2020 23:30,1.1235474,2.74727,3.8708174
4/13/2020 0:00,1.3228964,2.55157,3.8744664
4/13/2020 0:30,1.5291492,2.34208,3.8712292
4/13/2020 1:00,1.484254,2.4032,3.887454
4/13/2020 1:30,1.3399419,2.56154,3.9014819
4/13/2020 2:00,1.1291555,2.79218,3.9213355
4/13/2020 2:30,0.698556,3.23538,3.933936
4/13/2020 3:00,1.4063978,2.53948,3.9458778
4/13/2020 3:30,0.9856047,2.97804,3.9636447
4/13/2020 4:00,0.796937,3.18711,3.984047
4/13/2020 4:30,1.3819628,2.59865,3.9806128
4/13/2020 5:00,1.112767,2.87353,3.986297
4/13/2020 5:30,1.3860365,2.61913,4.0051665
4/13/2020 6:00,1.0730797,2.9481,4.0211797
4/13/2020 6:30,1.3005846,2.72947,4.0300546
4/13/2020 7:00,1.7646575,2.28163,4.0462875
4/13/2020 7:30,1.6176843,2.44341,4.0610943
4/13/2020 8:00,1.118708,2.93666,4.055368
4/13/2020 8:30,2.6785434,1.41315,4.0916934
4/13/2020 9:00,2.978966,1.12468,4.103646
4/13/2020 9:30,-0.4521902,4.41553,3.9633398
4/13/2020 10:00,0.0789237,3.84007,3.9189937
4/13/2020 10:30,-0.523255,4.47539,3.952135
4/13/2020 11:00,0.092078,3.87082,3.962898
4/13/2020 11:30,-30.417838,34.1957,3.777862
4/13/2020 12:00,2.0024172,1.79783,3.8002472
4/13/2020 12:30,3.3316506,0.52205,3.8537006
4/13/2020 13:00,5.192466,-1.21395,3.978516
4/13/2020 13:30,3.91156,0.164074,4.075634
4/13/2020 14:00,4.376324,-0.248804,4.12752
4/13/2020 14:30,6.5371967,-2.35598,4.1812167
4/13/2020 15:00,5.987186,-1.71488,4.272306
4/13/2020 15:30,7.065428,-2.72377,4.341658
4/13/2020 16:00,6.2195866,-1.8243,4.3952866
4/13/2020 16:30,4.896107,-0.50797,4.388137
4/13/2020 17:00,4.6751175,-0.139039,4.5360785
4/13/2020 17:30,5.2459786,-0.665899,4.5800796
4/13/2020 18:00,4.5215904,0.099079,4.6206694
4/13/2020 18:30,3.779849,0.81016,4.590009
4/13/2020 19:00,2.957549,1.5545,4.512049
4/13/2020 19:30,2.0051184,2.3469,4.3520184
4/13/2020 20:00,1.359316,2.78893,4.148246
4/13/2020 20:30,-0.846327,4.85015,4.003823
4/13/2020 21:00,-0.4922258,4.38067,3.8884442
4/13/2020 21:30,-0.0102535,3.85439,3.8441365
4/13/2020 22:00,0.4270406,3.42768,3.8547206
4/13/2020 22:30,0.624852,3.16407,3.788922
4/13/2020 23:00,-0.50387,4.24936,3.74549
4/13/2020 23:30,1.0079728,2.70617,3.7141428
4/14/2020 0:00,21.736558,3.44925,25.185808
4/14/2020 0:30,0.4022265,3.23143,3.6336565
4/14/2020 1:00,0.2276166,3.39222,3.6198366
4/14/2020 1:30,-0.1751742,3.72018,3.5450058
4/14/2020 2:00,-2.287288,5.90478,3.617492
4/14/2020 2:30,0.7444792,2.81143,3.5559092
4/14/2020 3:00,1.718478,1.70589,3.424368
4/14/2020 3:30,-0.3752756,3.72018,3.3449044
4/14/2020 4:00,0.8140467,2.45584,3.2698867
4/14/2020 4:30,0.993969,2.20559,3.199559
4/14/2020 5:00,0.9338126,2.20559,3.1394026
4/14/2020 5:30,-0.1363635,3.41208,3.2757165
4/14/2020 6:00,0.970359,2.35761,3.327969
4/14/2020 6:30,-0.646998,3.97804,3.331042
4/14/2020 7:00,-0.9017983,4.14969,3.2478917
4/14/2020 7:30,-2.0401466,5.28405,3.2439034
4/14/2020 8:00,2.991597,0.349003,3.3406
4/14/2020 8:30,5.0389907,-1.60556,3.4334307
4/14/2020 9:00,5.3056132,-1.7931,3.5125132
4/14/2020 9:30,6.7064308,-3.11417,3.5922608
4/14/2020 10:00,8.0154676,-4.43049,3.5849776
4/14/2020 10:30,7.7885145,-4.19057,3.5979445
4/14/2020 11:00,9.4312478,-5.81541,3.6158378
4/14/2020 11:30,11.6751218,-8.05034,3.6247818
4/14/2020 12:00,9.411383,-5.77161,3.639773
4/14/2020 12:30,9.7118661,-6.07691,3.6349561
4/14/2020 13:00,9.7085773,-6.03971,3.6688673
4/14/2020 13:30,10.0572146,-6.40301,3.6542046
4/14/2020 14:00,11.9064767,-8.21242,3.6940567
4/14/2020 14:30,11.2854853,-7.58493,3.7005553
4/14/2020 15:00,9.7839101,-6.07137,3.7125401
4/14/2020 15:30,9.1906448,-5.43187,3.7587748
4/14/2020 16:00,8.6698766,-4.88658,3.7832966
4/14/2020 16:30,8.8330006,-5.04062,3.7923806
4/14/2020 17:00,8.3123343,-4.54388,3.7684543
4/14/2020 17:30,7.906229,-4.16508,3.741149
4/14/2020 18:00,5.3878586,-1.82186,3.5659986
4/14/2020 18:30,3.3945144,0.0422136,3.436728
4/14/2020 19:00,2.0134241,1.31406,3.3274841
4/14/2020 19:30,-0.736145,3.95831,3.222165
4/14/2020 20:00,0.9993826,2.1523,3.1516826
4/14/2020 20:30,0.821194,2.27933,3.100524
4/14/2020 21:00,1.0853753,2.00775,3.0931253
4/14/2020 21:30,0.6654508,2.42364,3.0890908
4/14/2020 22:00,1.698971,1.39248,3.091451
4/14/2020 22:30,0.8438338,2.24605,3.0898838
4/14/2020 23:00,0.8096958,2.29097,3.1006658
4/14/2020 23:30,1.5303482,1.58088,3.1112282
4/15/2020 0:00,-0.5932253,3.72873,3.1355047
4/15/2020 0:30,1.6740896,1.46817,3.1422596
4/15/2020 1:00,1.4737358,1.68349,3.1572258
4/15/2020 1:30,0.5080124,2.67971,3.1877224
4/15/2020 2:00,-0.5361383,3.72208,3.1859417
4/15/2020 2:30,-0.5202594,3.72434,3.2040806
4/15/2020 3:00,-0.5878723,3.72749,3.1396177
4/15/2020 3:30,1.0847338,1.97179,3.0565238
4/15/2020 4:00,-9.0236939,11.8509,2.8272061
4/15/2020 4:30,-0.9635472,3.73719,2.7736428
4/15/2020 5:00,-9.0923878,11.8489,2.7565122
4/15/2020 5:30,-0.9859854,3.7478,2.7618146
4/15/2020 6:00,0.6041467,2.1257,2.7298467
4/15/2020 6:30,-1.0678099,3.75313,2.6853201
4/15/2020 7:00,-6.7677943,9.39576,2.6279657
4/15/2020 7:30,-1.4206132,3.9516,2.5309868
4/15/2020 8:00,-1.442481,3.93315,2.490669
4/15/2020 8:30,-1.6946118,4.18717,2.4925582
4/15/2020 9:00,2.4664844,-0.01451,2.4519744
4/15/2020 9:30,0.4886028,1.95203,2.4406328
4/15/2020 10:00,-1.2698495,3.68594,2.4160905
4/15/2020 10:30,-3.4292734,5.85901,2.4297366
4/15/2020 11:00,-1.0129048,3.46457,2.4516652
4/15/2020 11:30,-2.5507412,5.00561,2.4548688
4/15/2020 12:00,-3.963606,6.45282,2.489214
4/15/2020 12:30,-3.9023175,6.41466,2.5123425
4/15/2020 13:00,2.2240242,0.315694,2.5397182
4/15/2020 13:30,3.6448486,-1.01756,2.6272886
4/15/2020 14:00,4.0169415,-1.35909,2.6578515
4/15/2020 14:30,3.752434,-1.07625,2.676184
4/15/2020 15:00,4.4813047,-1.76945,2.7118547
4/15/2020 15:30,3.738643,-1.03926,2.699383
4/15/2020 16:00,4.5498425,-1.75918,2.7906625
4/15/2020 16:30,5.1946043,-2.34574,2.8488643
4/15/2020 17:00,4.6984099,-1.87969,2.8187199
4/15/2020 17:30,3.9571412,-1.12477,2.8323712
4/15/2020 18:00,3.8379781,-1.01756,2.8204181
4/15/2020 18:30,3.930895,-1.07625,2.854645
4/15/2020 19:00,-2.9626427,5.69714,2.7344973
4/15/2020 19:30,2.227582,0.452796,2.680378
4/15/2020 20:00,-1.5387351,3.97069,2.4319549
4/15/2020 20:30,-1.567944,3.74563,2.177686
4/15/2020 21:00,-1.627842,3.73574,2.107898
4/15/2020 21:30,-1.8273945,3.74199,1.9145955
4/15/2020 22:00,-1.9002105,3.7368,1.8365895
4/15/2020 22:30,-2.0821636,3.76252,1.6803564
4/15/2020 23:00,-2.0306213,3.74454,1.7139187
4/15/2020 23:30,-2.0633398,3.7524,1.6890602
4/16/2020 0:00,-2.0944087,3.76882,1.6744113
4/16/2020 0:30,-2.1491202,3.76882,1.6196998
4/16/2020 1:00,-2.1380645,3.76882,1.6307555
4/16/2020 1:30,-2.1664398,3.77973,1.6132902
4/16/2020 2:00,-2.187494,3.77973,1.592236
4/16/2020 2:30,-2.1678824,3.77973,1.6118476
4/16/2020 3:00,-2.2329954,3.77973,1.5467346
4/16/2020 3:30,-2.2931468,3.79198,1.4988332
4/16/2020 4:00,-2.2789568,3.7884,1.5094432
4/16/2020 4:30,-2.1605711,3.7878,1.6272289
4/16/2020 5:00,-2.1032205,3.78046,1.6772395
4/16/2020 5:30,-2.2216681,3.769,1.5473319
4/16/2020 6:00,-2.221558,3.75875,1.537192
4/16/2020 6:30,-2.1586225,3.75052,1.5918975
4/16/2020 7:00,-2.2450616,3.89241,1.6473484
4/16/2020 7:30,-3.5952237,5.44066,1.8454363
4/16/2020 8:00,2.5809778,-0.502483,2.0784948
4/16/2020 8:30,4.190928,-1.81216,2.378768
4/16/2020 9:00,5.303613,-2.59853,2.705083
4/16/2020 9:30,7.143262,-4.04418,3.099082
4/16/2020 10:00,7.7166273,-4.41101,3.3056173
4/16/2020 10:30,8.189468,-4.78366,3.405808
4/16/2020 11:00,9.3989714,-5.81702,3.5819514
4/16/2020 11:30,9.914125,-6.22125,3.692875
4/16/2020 12:00,9.8279248,-6.08827,3.7396548
4/16/2020 12:30,9.7222205,-5.95309,3.7691305
4/16/2020 13:00,9.7530954,-5.94573,3.8073654
4/16/2020 13:30,9.854587,-5.99523,3.859357
4/16/2020 14:00,9.8488957,-5.99271,3.8561857
4/16/2020 14:30,9.969304,-6.07387,3.895434
4/16/2020 15:00,10.2522476,-6.3086,3.9436476
4/16/2020 15:30,10.0567484,-6.09887,3.9578784
4/16/2020 16:00,9.4089541,-5.44559,3.9633641
4/16/2020 16:30,8.3592887,-4.39237,3.9669187
4/16/2020 17:00,8.6718832,-4.71323,3.9586532
4/16/2020 17:30,7.3953343,-3.45746,3.9378743
4/16/2020 18:00,5.7363988,-1.84015,3.8962488
4/16/2020 18:30,5.8457728,-2.01011,3.8356628
4/16/2020 19:00,-0.4440627,4.18209,3.7380273
4/16/2020 19:30,0.2584476,3.28911,3.5475576
4/16/2020 20:00,-0.693727,3.93322,3.239493
4/16/2020 20:30,-0.82766,3.74411,2.91645
4/16/2020 21:00,-1.056831,3.74622,2.689389
4/16/2020 21:30,-1.2592876,3.73616,2.4768724
4/16/2020 22:00,-1.358518,3.72869,2.370172
4/16/2020 22:30,-1.4849472,3.72803,2.2430828
4/16/2020 23:00,-1.6375269,3.72078,2.0832531
4/16/2020 23:30,-1.6697454,3.7288,2.0590546
4/17/2020 0:00,-1.7411796,3.77199,2.0308104
4/17/2020 0:30,-1.8498833,3.78109,1.9312067
4/17/2020 1:00,-1.8985733,3.78109,1.8825167
4/17/2020 1:30,-1.9695276,3.81566,1.8461324
4/17/2020 2:00,-2.2432738,4.04541,1.8021362
4/17/2020 2:30,-2.2868107,4.04541,1.7585993
4/17/2020 3:00,-2.3011962,4.04541,1.7442138
4/17/2020 3:30,-2.3180746,4.03526,1.7171854
4/17/2020 4:00,-2.3341657,4.02825,1.6940843
4/17/2020 4:30,-2.321643,4.03094,1.709297
4/17/2020 5:00,-2.31861,4.0102,1.69159
4/17/2020 5:30,-2.2036826,3.99055,1.7868674
4/17/2020 6:00,-2.1468268,3.99055,1.8437232
4/17/2020 6:30,-2.3366091,3.99055,1.6539409
4/17/2020 7:00,-2.2978932,4.03082,1.7329268
4/17/2020 7:30,-3.587027,5.66396,2.076933
4/17/2020 8:00,3.0859872,-0.61423,2.4717572
4/17/2020 8:30,5.329096,-2.45006,2.879036
4/17/2020 9:00,5.8920288,-2.69575,3.1962788
4/17/2020 9:30,5.6639205,-2.20566,3.4582605
4/17/2020 10:00,7.5303675,-3.88407,3.6462975
4/17/2020 10:30,7.9553415,-4.13804,3.8173015
4/17/2020 11:00,7.6734882,-3.74329,3.9301982
4/17/2020 11:30,11.050747,-7.02518,4.025567
4/17/2020 12:00,9.9269693,-5.81722,4.1097493
4/17/2020 12:30,9.259121,-5.1016,4.157521
4/17/2020 13:00,10.7769534,-6.55743,4.2195234
4/17/2020 13:30,11.0435816,-6.78224,4.2613416
4/17/2020 14:00,10.3949846,-6.11669,4.2782946
4/17/2020 14:30,10.9450713,-6.62562,4.3194513
4/17/2020 15:00,10.914211,-6.58672,4.327491
4/17/2020 15:30,11.277424,-6.90829,4.369134
4/17/2020 16:00,10.1504615,-5.80699,4.3434715
4/17/2020 16:30,9.498217,-5.15714,4.341077
4/17/2020 17:00,9.129683,-4.79641,4.333273
4/17/2020 17:30,8.023919,-3.73335,4.290569
4/17/2020 18:00,6.5738197,-2.35353,4.2202897
4/17/2020 18:30,5.1416926,-1.02848,4.1132126
4/17/2020 19:00,3.646124,0.397703,4.043827
4/17/2020 19:30,2.6462668,1.30939,3.9556568
4/17/2020 20:00,1.1716328,2.66625,3.8378828
4/17/2020 20:30,1.2191709,2.56132,3.7804909
4/17/2020 21:00,1.5894218,2.13661,3.7260318
4/17/2020 21:30,1.1734742,2.51379,3.6872642
4/17/2020 22:00,1.0742544,2.57699,3.6512444
4/17/2020 22:30,1.671346,1.97193,3.643276
4/17/2020 23:00,0.7998364,2.84659,3.6464264
4/17/2020 23:30,0.5957597,3.07996,3.6757197
4/18/2020 0:00,0.3511042,3.36461,3.7157142
4/18/2020 0:30,1.0754373,2.68066,3.7560973
4/18/2020 1:00,1.4032205,2.36771,3.7709305
4/18/2020 1:30,1.7994616,1.98667,3.7861316
4/18/2020 2:00,1.4400375,2.35708,3.7971175
4/18/2020 2:30,1.3445274,2.4436,3.7881274
4/18/2020 3:00,0.8527607,2.93354,3.7863007
4/18/2020 3:30,1.0654396,2.72044,3.7858796
4/18/2020 4:00,0.9339566,2.8727,3.8066566
4/18/2020 4:30,1.2853132,2.56888,3.8541932
4/18/2020 5:00,1.158778,2.72449,3.883268
4/18/2020 5:30,1.2042353,2.69045,3.8946853
4/18/2020 6:00,1.1722801,2.73513,3.9074101
4/18/2020 6:30,1.106824,2.80341,3.910234
4/18/2020 7:00,1.4523807,2.4556,3.9079807
4/18/2020 7:30,2.2627031,1.70503,3.9677331
4/18/2020 8:00,-0.141511,4.21445,4.072939
4/18/2020 8:30,4.7098416,-0.542476,4.1673656
4/18/2020 9:00,5.228711,-1.00429,4.224421
4/18/2020 9:30,4.887076,-0.606773,4.280303
4/18/2020 10:00,6.483768,-2.09716,4.386608
4/18/2020 10:30,4.932916,-0.496575,4.436341
4/18/2020 11:00,0.196353,4.03171,4.228063
4/18/2020 11:30,6.2033245,-2.09716,4.1061645
4/18/2020 12:00,6.2931855,-1.98542,4.3077655
4/18/2020 12:30,-0.672369,4.03727,3.364901
4/18/2020 13:00,-0.6426467,4.03468,3.3920333
4/18/2020 13:30,5.5047194,-2.00708,3.4976394
4/18/2020 14:00,8.3933108,-4.7609,3.6324108
4/18/2020 14:30,8.960607,-5.21298,3.747627
4/18/2020 15:00,8.2971891,-4.46268,3.8345091
4/18/2020 15:30,8.2270116,-4.29484,3.9321716
4/18/2020 16:00,9.0704783,-5.03205,4.0384283
4/18/2020 16:30,9.2006343,-5.03205,4.1685843
4/18/2020 17:00,8.559513,-4.38857,4.170943
4/18/2020 17:30,6.0173505,-1.89234,4.1250105
4/18/2020 18:00,6.1585993,-2.00775,4.1508493
4/18/2020 18:30,5.1219085,-1.04995,4.0719585
4/18/2020 19:00,1.0870947,2.82155,3.9086447
4/18/2020 19:30,-0.414204,4.16663,3.752426
4/18/2020 20:00,-0.6509813,4.14775,3.4967687
4/18/2020 20:30,0.0640377,3.22833,3.2923677
4/18/2020 21:00,0.747529,2.4259,3.173429
4/18/2020 21:30,-0.3066504,3.38939,3.0827396
4/18/2020 22:00,-1.7528431,4.75598,3.0031369
4/18/2020 22:30,-2.74734,5.68826,2.94092
4/18/2020 23:00,-2.1585587,5.02256,2.8640013
4/18/2020 23:30,-2.492703,5.29726,2.804557
4/19/2020 0:00,-1.2025148,3.88119,2.6786752
4/19/2020 0:30,0.5471455,1.9436,2.4907455
4/19/2020 1:00,-1.5180465,3.8472,2.3291535
4/19/2020 1:30,-1.502794,3.83355,2.330756
4/19/2020 2:00,-1.6579635,3.82674,2.1687765
4/19/2020 2:30,-1.6645033,3.77883,2.1143267
4/19/2020 3:00,-1.7194906,3.74419,2.0246994
4/19/2020 3:30,-1.6950422,3.71012,2.0150778
4/19/2020 4:00,-1.651552,3.68077,2.029218
4/19/2020 4:30,-1.3517286,3.62825,2.2765214
4/19/2020 5:00,-1.334633,3.61862,2.283987
4/19/2020 5:30,-1.634692,3.61758,1.982888
4/19/2020 6:00,-1.6989909,3.61221,1.9132191
4/19/2020 6:30,-1.5411953,3.50776,1.9665647
4/19/2020 7:00,-0.9060592,2.84777,1.9417108
4/19/2020 7:30,-1.4950068,3.59641,2.1014032
4/19/2020 8:00,3.6294338,-1.05047,2.5789638
4/19/2020 8:30,5.1030045,-2.07266,3.0303445
4/19/2020 9:00,5.617721,-2.22819,3.389531
4/19/2020 9:30,4.753272,-1.15826,3.595012
4/19/2020 10:00,8.021524,-4.27513,3.746394
4/19/2020 10:30,8.173431,-4.21239,3.961041
4/19/2020 11:00,9.7436734,-5.63373,4.1099434
4/19/2020 11:30,9.4578496,-5.23274,4.2251096
4/19/2020 12:00,8.238517,-3.90319,4.335327
4/19/2020 12:30,10.970827,-6.49856,4.472267
4/19/2020 13:00,10.249004,-5.7387,4.510304
4/19/2020 13:30,9.901867,-5.36249,4.539377
4/19/2020 14:00,10.131071,-5.59938,4.531691
4/19/2020 14:30,9.567517,-5.00976,4.557757
4/19/2020 15:00,9.7926084,-5.21375,4.5788584
4/19/2020 15:30,7.221007,-2.71295,4.508057
4/19/2020 16:00,7.702724,-3.22581,4.476914
4/19/2020 16:30,7.021887,-2.53909,4.482797
4/19/2020 17:00,6.2490073,-1.76118,4.4878273
4/19/2020 17:30,4.4957303,-0.0506276,4.4451027
4/19/2020 18:00,1.0083456,3.41119,4.4195356
4/19/2020 18:30,2.003393,2.35205,4.355443
4/19/2020 19:00,2.900821,1.41136,4.312181
4/19/2020 19:30,2.9449324,1.3588,4.3037324
4/19/2020 20:00,2.50116,1.80333,4.30449
4/19/2020 20:30,1.771874,2.49818,4.270054
4/19/2020 21:00,1.8969317,2.28376,4.1806917
4/19/2020 21:30,0.4179335,3.76652,4.1844535
4/19/2020 22:00,1.1895755,2.95566,4.1452355
4/19/2020 22:30,1.806255,2.37201,4.178265
4/19/2020 23:00,1.5081266,2.70109,4.2092166
4/19/2020 23:30,0.6693005,3.52984,4.1991405
4/20/2020 0:00,1.3493563,2.7364,4.0857563
4/20/2020 0:30,-11.442681,15.4767,4.034019
4/20/2020 1:00,2.901188,1.12732,4.028508
4/20/2020 1:30,2.37253,1.6517,4.02423
4/20/2020 2:00,0.7854057,3.23143,4.0168357
4/20/2020 2:30,0.4156075,3.57678,3.9923875
4/20/2020 3:00,0.4026357,3.58419,3.9868257
4/20/2020 3:30,0.388595,3.58855,3.977145
4/20/2020 4:00,2.1563135,1.7685,3.9248135
4/20/2020 4:30,4.278753,-0.426065,3.852688
4/20/2020 5:00,0.2910896,3.58165,3.8727396
4/20/2020 5:30,0.2707085,3.58862,3.8593285
4/20/2020 6:00,0.2538046,3.57897,3.8327746
4/20/2020 6:30,6.2170603,-2.39799,3.8190703
4/20/2020 7:00,0.875109,2.93224,3.807349
4/20/2020 7:30,3.5902467,0.200607,3.7908537
4/20/2020 8:00,1.097063,2.72727,3.824333
4/20/2020 8:30,1.4149495,2.45844,3.8733895
4/20/2020 9:00,0.9936672,2.8833,3.8769672
4/20/2020 9:30,0.986579,2.8833,3.869879
4/20/2020 10:00,1.0438805,2.79956,3.8434405
4/20/2020 10:30,0.6613917,3.1743,3.8356917
4/20/2020 11:00,0.3313441,3.40292,3.7342641
4/20/2020 11:30,4.1899305,-0.48085,3.7090805
4/20/2020 12:00,0.2263342,3.48132,3.7076542
4/20/2020 12:30,4.413385,-0.72202,3.691365
4/20/2020 13:00,0.626352,2.99555,3.621902
4/20/2020 13:30,4.394505,-0.816166,3.578339
4/20/2020 14:00,-51.1704198,54.6709,3.5004802
4/20/2020 14:30,-13.396074,16.8251,3.429026
4/20/2020 15:00,7.2048902,-3.59677,3.6081202
4/20/2020 15:30,7.3046474,-3.67088,3.6337674
4/20/2020 16:00,4.3786954,-0.89821,3.4804854
4/20/2020 16:30,5.3529898,-1.85489,3.4980998
4/20/2020 17:00,5.7418687,-2.14788,3.5939887
4/20/2020 17:30,5.582061,-1.82907,3.752991
4/20/2020 18:00,4.6451487,-0.962521,3.6826277
4/20/2020 18:30,4.5642493,-0.91428,3.6499693
4/20/2020 19:00,0.511201,3.10481,3.616011
4/20/2020 19:30,0.3380404,3.23105,3.5690904
4/20/2020 20:00,-0.2478464,3.58967,3.3418236
4/20/2020 20:30,-3.9796883,7.12634,3.1466517
4/20/2020 21:00,1.171822,1.9436,3.115422
4/20/2020 21:30,-0.608453,3.57212,2.963667
4/20/2020 22:00,-0.6373336,3.57322,2.9358864
4/20/2020 22:30,-0.596971,3.57637,2.979399
4/20/2020 23:00,-0.6313557,3.57115,2.9397943
4/20/2020 23:30,-0.8552335,3.57791,2.7226765
4/21/2020 0:00,-9.9862172,12.851,2.8647828
4/21/2020 0:30,-10.0264024,12.851,2.8245976
4/21/2020 1:00,-15.831776,18.3501,2.518324
4/21/2020 1:30,-1.1626012,3.57937,2.4167688
4/21/2020 2:00,-1.2436469,3.56092,2.3172731
4/21/2020 2:30,-1.2488522,3.56691,2.3180578
4/21/2020 3:00,-1.1975796,3.56691,2.3693304
4/21/2020 3:30,-15.8262374,18.3501,2.5238626
4/21/2020 4:00,-16.861505,19.6584,2.796895
4/21/2020 4:30,-15.5520275,18.3481,2.7960725
4/21/2020 5:00,-14.225147,17.0439,2.818753
4/21/2020 5:30,-3.8090475,6.70098,2.8919325
4/21/2020 6:00,-5.039394,7.96568,2.926286
4/21/2020 6:30,-4.5117083,7.38884,2.8771317
4/21/2020 7:00,-0.787405,3.70634,2.918935
4/21/2020 7:30,-0.6627707,3.72562,3.0628493
4/21/2020 8:00,4.4616192,-1.17534,3.2862792
4/21/2020 8:30,5.9050013,-2.40333,3.5016713
4/21/2020 9:00,5.543455,-1.80707,3.736385
4/21/2020 9:30,8.4497556,-4.45367,3.9960856
4/21/2020 10:00,6.2774937,-2.11884,4.1586537
4/21/2020 10:30,7.8560615,-3.58282,4.2732415
4/21/2020 11:00,8.289841,-3.87922,4.410621
4/21/2020 11:30,8.891528,-4.43156,4.459968
4/21/2020 12:00,9.73429,-5.15363,4.58066
4/21/2020 12:30,11.9852366,-7.29392,4.6913166
4/21/2020 13:00,10.0885677,-5.32939,4.7591777
4/21/2020 13:30,12.443736,-7.5855,4.858236
4/21/2020 14:00,11.0268695,-6.12032,4.9065495
4/21/2020 14:30,11.0059464,-6.11535,4.8905964
4/21/2020 15:00,9.786877,-4.89087,4.896007
4/21/2020 15:30,10.658882,-5.65959,4.999292
4/21/2020 16:00,7.8679956,-2.8688,4.9991956
4/21/2020 16:30,6.994676,-1.99768,4.996996
4/21/2020 17:00,6.056392,-1.11144,4.944952
4/21/2020 17:30,7.208902,-2.11504,5.093862
4/21/2020 18:00,6.2903525,-1.27551,5.0148425
4/21/2020 18:30,5.3842114,-0.429118,4.9550934
4/21/2020 19:00,3.831581,1.03386,4.865441
4/21/2020 19:30,3.0381944,1.68625,4.7244444
4/21/2020 20:00,2.401449,2.06974,4.471189
4/21/2020 20:30,2.7510614,1.41672,4.1677814
4/21/2020 21:00,1.5090285,2.58715,4.0961785
4/21/2020 21:30,1.9816842,1.97542,3.9571042
4/21/2020 22:00,1.501202,2.39009,3.891292
4/21/2020 22:30,1.4663445,2.33366,3.8000045
4/21/2020 23:00,-0.6537498,4.35876,3.7050102
4/21/2020 23:30,0.554482,3.07972,3.634202
4/22/2020 0:00,0.144532,3.66098,3.805512
4/22/2020 0:30,0.1878432,3.67759,3.8654332
4/22/2020 1:00,0.0542867,3.69995,3.7542367
4/22/2020 1:30,0.0302864,3.69232,3.7226064
4/22/2020 2:00,0.0530624,3.68481,3.7378724
4/22/2020 2:30,-0.0537027,3.6788,3.6250973
4/22/2020 3:00,-0.1603254,3.67217,3.5118446
4/22/2020 3:30,-0.3568576,3.6718,3.3149424
4/22/2020 4:00,0.3273873,2.78207,3.1094573
4/22/2020 4:30,-0.6280725,3.59478,2.9667075
4/22/2020 5:00,-0.758426,3.58333,2.824904
4/22/2020 5:30,-0.9678775,3.57769,2.6098125
4/22/2020 6:00,-1.0913623,3.57912,2.4877577
4/22/2020 6:30,-1.172315,3.57815,2.405835
4/22/2020 7:00,0.0817994,2.30362,2.3854194
4/22/2020 7:30,-0.4826954,3.07862,2.5959246
4/22/2020 8:00,4.1062488,-1.08048,3.0257688
4/22/2020 8:30,5.5712995,-2.289,3.2822995
4/22/2020 9:00,5.8984175,-2.49543,3.4029875
4/22/2020 9:30,7.28916,-3.79886,3.4903
4/22/2020 10:00,6.7951616,-3.17392,3.6212416
4/22/2020 10:30,8.2507913,-4.63815,3.6126413
4/22/2020 11:00,8.0973784,-4.3942,3.7031784
4/22/2020 11:30,8.4906166,-4.70504,3.7855766
4/22/2020 12:00,9.0063853,-5.15453,3.8518553
4/22/2020 12:30,8.239668,-4.29523,3.944438
4/22/2020 13:00,9.6706757,-5.66471,4.0059657
4/22/2020 13:30,9.628519,-5.54509,4.083429
4/22/2020 14:00,8.911595,-4.75975,4.151845
4/22/2020 14:30,8.9436583,-4.74233,4.2013283
4/22/2020 15:00,10.4319616,-6.13831,4.2936516
4/22/2020 15:30,9.77015,-5.44117,4.32898
4/22/2020 16:00,8.437816,-4.07368,4.364136
4/22/2020 16:30,8.104713,-3.76664,4.338073
4/22/2020 17:00,8.2046407,-3.85685,4.3477907
4/22/2020 17:30,6.8687904,-2.51881,4.3499804
4/22/2020 18:00,5.768126,-1.42705,4.341076
4/22/2020 18:30,5.9858616,-1.75963,4.2262316
4/22/2020 19:00,4.1496716,-0.229287,3.9203846
4/22/2020 19:30,2.6741197,1.08061,3.7547297
4/22/2020 20:00,1.8974296,1.64139,3.5388196
4/22/2020 20:30,0.9224818,2.43029,3.3527718
4/22/2020 21:00,-1.2970716,4.5736,3.2765284
4/22/2020 21:30,0.231874,3.04179,3.273664
4/22/2020 22:00,0.3285627,2.90692,3.2354827
4/22/2020 22:30,0.536415,2.67704,3.213455
4/22/2020 23:00,0.31736,2.84131,3.15867
4/22/2020 23:30,-0.679548,3.57289,2.893342
4/23/2020 0:00,-0.794353,3.56851,2.774157
4/23/2020 0:30,-2.453189,5.36507,2.911881
4/23/2020 1:00,-2.1569142,5.23038,3.0734658
4/23/2020 1:30,-2.3810589,5.45932,3.0782611
4/23/2020 2:00,-0.5094326,3.56035,3.0509174
4/23/2020 2:30,-0.5227497,3.55771,3.0349603
4/23/2020 3:00,-2.3916236,5.43443,3.0428064
4/23/2020 3:30,2.073631,1.06131,3.134941
4/23/2020 4:00,-0.5666262,3.70793,3.1413038
4/23/2020 4:30,0.423709,2.78231,3.206019
4/23/2020 5:00,1.0119197,2.19873,3.2106497
4/23/2020 5:30,0.8619215,2.34369,3.2056115
4/23/2020 6:00,0.6213507,2.60687,3.2282207
4/23/2020 6:30,-0.2732793,3.57332,3.3000407
4/23/2020 7:00,0.8006679,2.57258,3.3732479
4/23/2020 7:30,1.9223115,1.52809,3.4504015
4/23/2020 8:00,-0.0472404,3.54855,3.5013096
4/23/2020 8:30,0.083243,3.53803,3.621273
4/23/2020 9:00,4.565828,-0.768452,3.797376
4/23/2020 9:30,5.2564107,-1.37946,3.8769507
4/23/2020 10:00,5.031758,-1.07239,3.959368
4/23/2020 10:30,6.032863,-1.93044,4.102423
4/23/2020 11:00,5.779667,-1.54444,4.235227
4/23/2020 11:30,7.39105,-3.09154,4.29951
4/23/2020 12:00,8.5218138,-4.25254,4.2692738
4/23/2020 12:30,5.724752,-1.43301,4.291742
4/23/2020 13:00,11.983668,-7.71095,4.272718
4/23/2020 13:30,6.9655436,-2.69287,4.2726736
4/23/2020 14:00,5.0058537,-0.667264,4.3385897
4/23/2020 14:30,8.152335,-3.77124,4.381095
4/23/2020 15:00,8.605457,-4.1829,4.422557
4/23/2020 15:30,10.2306444,-5.76706,4.4635844
4/23/2020 16:00,5.6087497,-1.24343,4.3653197
4/23/2020 16:30,8.318648,-3.92678,4.391868
4/23/2020 17:00,6.1578215,-1.76448,4.3933415
4/23/2020 17:30,4.5024444,-0.134483,4.3679614
4/23/2020 18:00,3.4549735,0.875024,4.3299975
4/23/2020 18:30,2.9448793,1.35236,4.2972393
4/23/2020 19:00,2.882912,1.38787,4.270782
4/23/2020 19:30,2.6744435,1.56165,4.2360935
4/23/2020 20:00,1.9700046,2.24582,4.2158246
4/23/2020 20:30,1.872699,2.3311,4.203799
4/23/2020 21:00,1.902912,2.30751,4.210422
4/23/2020 21:30,1.582289,2.66015,4.242439
4/23/2020 22:00,0.658801,3.63385,4.292651
4/23/2020 22:30,1.656865,2.66878,4.325645
4/23/2020 23:00,0.590247,3.75171,4.341957
4/23/2020 23:30,-5.7293693,10.0775,4.3481307
4/24/2020 0:00,0.7442558,3.54159,4.2858458
4/24/2020 0:30,1.6716784,2.3749,4.0465784
4/24/2020 1:00,-4.9013256,8.8621,3.9607744
4/24/2020 1:30,-33.8820293,37.819,3.9369707
4/24/2020 2:00,0.3863559,3.54159,3.9279459
4/24/2020 2:30,0.708977,3.18405,3.893027
4/24/2020 3:00,1.339755,2.53289,3.872645
4/24/2020 3:30,0.8816076,2.98458,3.8661876
4/24/2020 4:00,-0.5864276,4.43334,3.8469124
4/24/2020 4:30,2.9503303,0.87889,3.8292203
4/24/2020 5:00,2.816263,1.0041,3.820363
4/24/2020 5:30,3.4420976,0.333639,3.7757366
4/24/2020 6:00,0.1772244,3.54146,3.7186844
4/24/2020 6:30,1.2234634,2.45584,3.6793034
4/24/2020 7:00,1.4571848,2.20559,3.6627748
4/24/2020 7:30,-1.8664526,5.57223,3.7057774
4/24/2020 8:00,1.9859732,1.82418,3.8101532
4/24/2020 8:30,0.70833,3.18232,3.89065
4/24/2020 9:00,-0.7823038,4.73985,3.9575462
4/24/2020 9:30,0.93726,3.09574,4.033
4/24/2020 10:00,3.019552,1.09225,4.111802
4/24/2020 10:30,3.8096553,0.44355,4.2532053
4/24/2020 11:00,6.562023,-2.22665,4.335373
4/24/2020 11:30,4.5666344,-0.26315,4.3034844
4/24/2020 12:00,4.803447,-0.406885,4.396562
4/24/2020 12:30,4.7716454,-0.317129,4.4545164
4/24/2020 13:00,6.502592,-1.93532,4.567272
4/24/2020 13:30,8.807389,-4.09995,4.707439
4/24/2020 14:00,10.4908236,-5.70272,4.7881036
4/24/2020 14:30,8.8892493,-3.99123,4.8980193
4/24/2020 15:00,9.3629857,-4.46274,4.9002457
4/24/2020 15:30,7.974202,-3.02017,4.954032
4/24/2020 16:00,8.282171,-3.28045,5.001721
4/24/2020 16:30,7.035744,-2.03209,5.003654
4/24/2020 17:00,6.7055533,-1.68379,5.0217633
4/24/2020 17:30,6.5802644,-1.54507,5.0351944
4/24/2020 18:00,6.029835,-1.01377,5.016065
4/24/2020 18:30,5.2741977,-0.295066,4.9791317
4/24/2020 19:00,4.3313836,0.586198,4.9175816
4/24/2020 19:30,3.028785,1.74877,4.777555
4/24/2020 20:00,0.9593294,3.54693,4.5062594
4/24/2020 20:30,0.535819,3.85485,4.390669
4/24/2020 21:00,0.520495,3.56209,4.082585
4/24/2020 21:30,0.3416456,3.56877,3.9104156
4/24/2020 22:00,2.166848,1.70589,3.872738
4/24/2020 22:30,1.5072725,2.27636,3.7836325
4/24/2020 23:00,0.4997576,3.23143,3.7311876
4/24/2020 23:30,1.971013,1.63507,3.606083
4/25/2020 0:00,-0.0723608,3.63097,3.5586092
4/25/2020 0:30,-0.2894257,3.81455,3.5251243
4/25/2020 1:00,-0.4982577,3.98468,3.4864223
4/25/2020 1:30,0.0625554,3.38615,3.4487054
4/25/2020 2:00,0.0342792,3.38615,3.4204292
4/25/2020 2:30,-0.3047898,3.70506,3.4002702
4/25/2020 3:00,-0.6116894,3.98468,3.3729906
4/25/2020 3:30,0.1417027,3.21283,3.3545327
4/25/2020 4:00,-0.607985,3.93077,3.322785
4/25/2020 4:30,-0.6424316,3.93077,3.2883384
4/25/2020 5:00,-0.7443952,4.01517,3.2707748
4/25/2020 5:30,-0.7619423,4.01517,3.2532277
4/25/2020 6:00,-0.682751,3.93077,3.248019
4/25/2020 6:30,1.0243895,2.21262,3.2370095
4/25/2020 7:00,-0.9597906,4.17917,3.2193794
4/25/2020 7:30,0.568912,2.64362,3.212532
4/25/2020 8:00,0.9861438,2.23859,3.2247338
4/25/2020 8:30,1.3563927,1.8693,3.2256927
4/25/2020 9:00,1.2837906,1.95823,3.2420206
4/25/2020 9:30,3.2898554,-0.0595321,3.2303233
4/25/2020 10:00,3.4522855,-0.2581,3.1941855
4/25/2020 10:30,3.8158448,-0.610188,3.2056568
4/25/2020 11:00,-0.487222,3.73717,3.249948
4/25/2020 11:30,5.4010193,-2.07252,3.3284993
4/25/2020 12:00,5.2296426,-1.87837,3.3512726
4/25/2020 12:30,5.5021945,-2.09295,3.4092445
4/25/2020 13:00,5.6967435,-2.22031,3.4764335
4/25/2020 13:30,7.4115793,-3.79707,3.6145093
4/25/2020 14:00,7.6257346,-3.84622,3.7795146
4/25/2020 14:30,8.8898064,-5.00463,3.8851764
4/25/2020 15:00,5.9384708,-2.16432,3.7741508
4/25/2020 15:30,4.1630448,-0.409093,3.7539518
4/25/2020 16:00,5.3596804,-1.61554,3.7441404
4/25/2020 16:30,4.9206188,-1.20032,3.7202988
4/25/2020 17:00,5.8294244,-2.11869,3.7107344
4/25/2020 17:30,4.3499312,-0.723747,3.6261842
4/25/2020 18:00,3.4355085,0.14329,3.5787985
4/25/2020 18:30,3.6420759,-0.0961427,3.5459332
4/25/2020 19:00,1.9103762,1.58963,3.5000062
4/25/2020 19:30,1.9470925,1.5056,3.4526925
4/25/2020 20:00,-0.3061138,3.69481,3.3886962
4/25/2020 20:30,1.2594429,2.08308,3.3425229
4/25/2020 21:00,0.5755989,2.74607,3.3216689
4/25/2020 21:30,1.3782362,1.93517,3.3134062
4/25/2020 22:00,1.821766,1.48491,3.306676
4/25/2020 22:30,-1.3196885,4.63209,3.3124015
4/25/2020 23:00,-0.6751311,3.98468,3.3095489
4/25/2020 23:30,-8.5581055,11.8641,3.3059945
4/26/2020 0:00,1.1102826,2.18711,3.2973926
4/26/2020 0:30,1.3611276,1.94222,3.3033476
4/26/2020 1:00,1.519016,1.78606,3.305076
4/26/2020 1:30,0.5044344,2.7992,3.3036344
4/26/2020 2:00,0.843055,2.44882,3.291875
4/26/2020 2:30,0.825585,2.46286,3.288445
4/26/2020 3:00,1.3425557,1.94832,3.2908757
4/26/2020 3:30,0.6741973,2.63563,3.3098273
4/26/2020 4:00,0.6181225,2.7178,3.3359225
4/26/2020 4:30,1.2070423,2.16528,3.3723223
4/26/2020 5:00,-0.054197,3.45951,3.405313
4/26/2020 5:30,0.6609858,2.78973,3.4507158
4/26/2020 6:00,0.8597676,2.63563,3.4953976
4/26/2020 6:30,1.7107745,1.84838,3.5591545
4/26/2020 7:00,0.9243587,2.63563,3.5599887
4/26/2020 7:30,1.828892,1.78836,3.617252
4/26/2020 8:00,4.9643318,-1.17769,3.7866418
4/26/2020 8:30,6.541524,-2.46153,4.079994
4/26/2020 9:00,5.7016073,-1.35212,4.3494873
4/26/2020 9:30,5.6389194,-1.13161,4.5073094
4/26/2020 10:00,6.347505,-1.78573,4.561775
4/26/2020 10:30,7.5237454,-2.92288,4.6008654
4/26/2020 11:00,7.091823,-2.44702,4.644803
4/26/2020 11:30,8.0432427,-3.29935,4.7438927
4/26/2020 12:00,7.909205,-3.17886,4.730345
4/26/2020 12:30,8.367044,-3.59714,4.769904
4/26/2020 13:00,8.1106815,-3.34623,4.7644515
4/26/2020 13:30,7.546797,-2.7977,4.749097
4/26/2020 14:00,10.825726,-5.90563,4.920096
4/26/2020 14:30,8.8767125,-3.86819,5.0085225
4/26/2020 15:00,8.026746,-3.04634,4.980406
4/26/2020 15:30,7.2793923,-2.41109,4.8683023
4/26/2020 16:00,10.43,-5.47913,4.95087
4/26/2020 16:30,7.589031,-2.67895,4.910081
4/26/2020 17:00,7.6100575,-2.70182,4.9082375
4/26/2020 17:30,7.2339514,-2.36812,4.8658314
4/26/2020 18:00,5.8942673,-1.11361,4.7806573
4/26/2020 18:30,4.415174,0.265635,4.680809
4/26/2020 19:00,0.367984,4.21268,4.580664
4/26/2020 19:30,3.105231,1.33331,4.438541
4/26/2020 20:00,0.3783526,3.81039,4.1887426
4/26/2020 20:30,0.1981927,3.81011,4.0083027
4/26/2020 21:00,-0.1253303,3.82313,3.6977997
4/26/2020 21:30,-0.1270834,3.82717,3.7000866
4/26/2020 22:00,-0.2192667,3.83139,3.6121233
4/26/2020 22:30,-0.2942226,3.84407,3.5498474
4/26/2020 23:00,-2.3175523,6.0253,3.7077477
4/26/2020 23:30,-1.059953,4.76998,3.710027
4/27/2020 0:00,0.1217744,3.615,3.7367744
4/27/2020 0:30,-0.1896232,3.85016,3.6605368
4/27/2020 1:00,-0.3744407,3.86512,3.4906793
4/27/2020 1:30,0.8211382,2.43177,3.2529082
4/27/2020 2:00,-0.8317004,3.87458,3.0428796
4/27/2020 2:30,-0.9446845,3.872,2.9273155
4/27/2020 3:00,-0.9493271,3.87139,2.9220629
4/27/2020 3:30,0.2969976,2.62292,2.9199176
4/27/2020 4:00,0.4066743,2.49007,2.8967443
4/27/2020 4:30,0.1978572,2.5875,2.7853572
4/27/2020 5:00,-1.1383835,3.87067,2.7322865
4/27/2020 5:30,1.066049,1.61581,2.681859
4/27/2020 6:00,0.5956132,2.0679,2.6635132
4/27/2020 6:30,0.8420352,1.8193,2.6613352
4/27/2020 7:00,0.2697595,2.4437,2.7134595
4/27/2020 7:30,-1.154032,4.13708,2.983048
4/27/2020 8:00,4.397338,-1.19601,3.201328
4/27/2020 8:30,5.2419627,-1.89463,3.3473327
4/27/2020 9:00,4.8063626,-1.38818,3.4181826
4/27/2020 9:30,1.2767365,1.98562,3.2623565
4/27/2020 10:00,-2.9961885,6.19934,3.2031515
4/27/2020 10:30,4.6613565,-1.47541,3.1859465
4/27/2020 11:00,-0.5101215,3.65861,3.1484885
4/27/2020 11:30,5.2600401,-2.10651,3.1535301
4/27/2020 12:00,4.9221766,-1.65028,3.2718966
4/27/2020 12:30,7.9856312,-4.59184,3.3937912
4/27/2020 13:00,5.7246413,-2.30938,3.4152613
4/27/2020 13:30,6.8869437,-3.42671,3.4602337
4/27/2020 14:00,6.2902437,-2.80753,3.4827137
4/27/2020 14:30,7.7066414,-4.12889,3.5777514
4/27/2020 15:00,6.964621,-3.35212,3.612501
4/27/2020 15:30,7.007755,-3.42671,3.581045
4/27/2020 16:00,7.229985,-3.59327,3.636715
4/27/2020 16:30,7.8922724,-4.16281,3.7294624
4/27/2020 17:00,7.2196905,-3.49374,3.7259505
4/27/2020 17:30,6.603506,-2.86935,3.734156
4/27/2020 18:00,5.616081,-1.87935,3.736731
4/27/2020 18:30,5.4721379,-1.77796,3.6941779
4/27/2020 19:00,-0.0218645,3.64685,3.6249855
4/27/2020 19:30,3.4140391,0.0670829,3.481122
4/27/2020 20:00,-0.6649513,3.89553,3.2305787
4/27/2020 20:30,-1.2864245,4.30291,3.0164855
4/27/2020 21:00,-7.1410318,9.88494,2.7439082
4/27/2020 21:30,-1.2559397,3.89553,2.6395903
4/27/2020 22:00,-0.0860972,2.6264,2.5403028
4/27/2020 22:30,-1.5538595,3.89553,2.3416705
4/27/2020 23:00,-1.5175173,3.89553,2.3780127
4/27/2020 23:30,-1.6908405,3.89553,2.2046895
4/28/2020 0:00,-1.7851231,3.89553,2.1104069
4/28/2020 0:30,-1.8173797,3.89553,2.0781503
4/28/2020 1:00,-1.875626,3.89553,2.019904
4/28/2020 1:30,-1.9278639,3.8838,1.9559361
4/28/2020 2:00,-1.9737522,3.88693,1.9131778
4/28/2020 2:30,-1.9636807,3.88082,1.9171393
4/28/2020 3:00,-1.9953527,3.88744,1.8920873
4/28/2020 3:30,-1.9788671,3.88744,1.9085729
4/28/2020 4:00,-1.973603,3.79186,1.818257
4/28/2020 4:30,-1.8276624,3.7031,1.8754376
4/28/2020 5:00,-1.8169766,3.62126,1.8042834
4/28/2020 5:30,-1.709493,3.60225,1.892757
4/28/2020 6:00,-1.8076757,3.60001,1.7923343
4/28/2020 6:30,-1.7945492,3.57648,1.7819308
4/28/2020 7:00,1.1525559,0.678554,1.8311099
4/28/2020 7:30,-1.3840525,3.43874,2.0546875
4/28/2020 8:00,3.99285,-1.3806,2.61225
4/28/2020 8:30,5.0448637,-1.94804,3.0968237
4/28/2020 9:00,7.846639,-4.37621,3.470429
4/28/2020 9:30,6.4978942,-2.88803,3.6098642
4/28/2020 10:00,7.361209,-3.61974,3.741469
4/28/2020 10:30,7.8824107,-4.03676,3.8456507
4/28/2020 11:00,9.002068,-5.08819,3.913878
4/28/2020 11:30,9.6098166,-5.61356,3.9962566
4/28/2020 12:00,8.972016,-4.87481,4.097206
4/28/2020 12:30,8.638986,-4.45893,4.180056
4/28/2020 13:00,11.3455256,-7.14687,4.1986556
4/28/2020 13:30,10.1593697,-5.89558,4.2637897
4/28/2020 14:00,10.0415007,-5.73764,4.3038607
4/28/2020 14:30,10.2033343,-5.86306,4.3402743
4/28/2020 15:00,11.03652,-6.66549,4.37103
4/28/2020 15:30,10.515536,-6.15776,4.357776
4/28/2020 16:00,9.918562,-5.6544,4.264162
4/28/2020 16:30,10.1275593,-5.85276,4.2747993
4/28/2020 17:00,9.1481244,-4.93596,4.2121644
4/28/2020 17:30,8.1836136,-4.01032,4.1732936
4/28/2020 18:00,6.0987323,-1.96219,4.1365423
4/28/2020 18:30,5.0486566,-0.962948,4.0857086
4/28/2020 19:00,4.0555031,-0.0463545,4.0091486
4/28/2020 19:30,2.7354307,1.17382,3.9092507
4/28/2020 20:00,1.3052417,2.46338,3.7686217
4/28/2020 20:30,1.6714422,1.97449,3.6459322
4/28/2020 21:00,1.098885,2.49182,3.590705
4/28/2020 21:30,0.4408387,3.10473,3.5455687
4/28/2020 22:00,-1.8671929,5.35314,3.4859471
4/28/2020 22:30,-0.9927156,4.44466,3.4519444
4/28/2020 23:00,0.0985618,3.31396,3.4125218
4/28/2020 23:30,-1.6039876,4.98605,3.3820624
4/29/2020 0:00,-0.1533892,3.54405,3.3906608
4/29/2020 0:30,-1.065033,4.47809,3.413057
4/29/2020 1:00,0.7401716,2.7387,3.4788716
4/29/2020 1:30,0.7695052,2.73941,3.5089152
4/29/2020 2:00,0.581961,2.91471,3.496671
4/29/2020 2:30,0.625987,2.82443,3.450417
4/29/2020 3:00,-0.1569992,3.62321,3.4662108
4/29/2020 3:30,1.2903233,2.19506,3.4853833
4/29/2020 4:00,0.2869902,3.2381,3.5250902
4/29/2020 4:30,1.4525994,2.08328,3.5358794
4/29/2020 5:00,0.6644746,2.83367,3.4981446
4/29/2020 5:30,-0.3274984,3.76863,3.4411316
4/29/2020 6:00,-0.0508638,3.44922,3.3983562
4/29/2020 6:30,0.0937389,3.30359,3.3973289
4/29/2020 7:00,1.3362166,2.09526,3.4314766
4/29/2020 7:30,0.5083488,3.04064,3.5489888
4/29/2020 8:00,4.8589516,-1.12219,3.7367616
4/29/2020 8:30,4.083637,-0.126627,3.95701
4/29/2020 9:00,5.771476,-1.60258,4.168896
4/29/2020 9:30,7.0594454,-2.74224,4.3172054
4/29/2020 10:00,8.005742,-3.62184,4.383902
4/29/2020 10:30,8.937193,-4.52221,4.414983
4/29/2020 11:00,8.820468,-4.32972,4.490748
4/29/2020 11:30,9.838521,-5.27808,4.560441
4/29/2020 12:00,10.6160688,-5.95477,4.6612988
4/29/2020 12:30,10.195403,-5.58919,4.606213
4/29/2020 13:00,11.195161,-6.5035,4.691661
4/29/2020 13:30,12.146984,-7.42698,4.720004
4/29/2020 14:00,12.445177,-7.71713,4.728047
4/29/2020 14:30,12.4866565,-7.77537,4.7112865
4/29/2020 15:00,13.5379887,-8.82894,4.7090487
4/29/2020 15:30,11.4193997,-6.74338,4.6760197
4/29/2020 16:00,10.9598995,-6.33282,4.6270795
4/29/2020 16:30,9.091933,-4.48785,4.604083
4/29/2020 17:00,7.3532457,-2.89961,4.4536357
4/29/2020 17:30,8.1122277,-3.69219,4.4200377
4/29/2020 18:00,7.4198187,-3.02046,4.3993587
4/29/2020 18:30,5.058049,-0.746105,4.311944
4/29/2020 19:00,3.9733215,0.23286,4.2061815
4/29/2020 19:30,2.922738,1.18948,4.112218
4/29/2020 20:00,1.2974304,2.72567,4.0231004
4/29/2020 20:30,0.8002533,3.18147,3.9817233
4/29/2020 21:00,-0.5154277,4.49832,3.9828923
4/29/2020 21:30,0.561005,3.44978,4.010785
4/29/2020 22:00,-0.2344275,4.25316,4.0187325
4/29/2020 22:30,0.324423,3.70655,4.030973
4/29/2020 23:00,1.2943853,2.75414,4.0485253
4/29/2020 23:30,1.098429,2.9426,4.041029
4/30/2020 0:00,1.3492006,2.67754,4.0267406
4/30/2020 0:30,0.7242438,3.29011,4.0143538
4/30/2020 1:00,0.482498,3.53235,4.014848
4/30/2020 1:30,0.450198,3.56537,4.015568
4/30/2020 2:00,0.8282983,3.16782,3.9961183
4/30/2020 2:30,0.6103852,3.37487,3.9852552
4/30/2020 3:00,0.033374,3.97323,4.006604
4/30/2020 3:30,0.240893,3.76483,4.005723
4/30/2020 4:00,0.618101,3.39514,4.013241
4/30/2020 4:30,0.8199835,3.19033,4.0103135
4/30/2020 5:00,1.1421337,2.90059,4.0427237
4/30/2020 5:30,0.6529715,3.38854,4.0415115
4/30/2020 6:00,0.920651,3.12317,4.043821
4/30/2020 6:30,0.6465146,3.4036,4.0501146
4/30/2020 7:00,1.9227475,2.14493,4.0676775
4/30/2020 7:30,3.5372518,0.601577,4.1388288
4/30/2020 8:00,5.048824,-0.824244,4.22458
4/30/2020 8:30,6.0860297,-1.81411,4.2719197
4/30/2020 9:00,8.5067093,-4.14555,4.3611593
4/30/2020 9:30,8.0493795,-3.70388,4.3454995
4/30/2020 10:00,7.606267,-3.27725,4.329017
4/30/2020 10:30,6.101002,-1.78577,4.315232
4/30/2020 11:00,7.5421196,-3.20287,4.3392496
4/30/2020 11:30,5.209467,-0.893789,4.315678
4/30/2020 12:00,5.268494,-0.947763,4.320731
4/30/2020 12:30,-4.6185813,8.8125,4.1939187
4/30/2020 13:00,-57.766611,61.7965,4.029889
4/30/2020 13:30,-39.034191,43.0963,4.062109
4/30/2020 14:00,4.2405403,-0.20871,4.0318303
4/30/2020 14:30,51.990419,-47.9563,4.034119
4/30/2020 15:00,0.3439407,3.5072,3.8511407
4/30/2020 15:30,3.2655734,0.335733,3.6013064
4/30/2020 16:00,-3.4583822,7.08985,3.6314678
4/30/2020 16:30,3.6194013,0.0370492,3.6564505
4/30/2020 17:00,1.5310475,2.1511,3.6821475
4/30/2020 17:30,-1.5584712,5.32638,3.7679088
4/30/2020 18:00,1.9452938,1.84698,3.7922738
4/30/2020 18:30,1.7461513,2.05465,3.8008013
4/30/2020 19:00,0.818505,2.97589,3.794395
4/30/2020 19:30,2.0221458,1.7685,3.7906458
4/30/2020 20:00,0.7130408,3.06527,3.7783108
4/30/2020 20:30,-0.1132265,3.81651,3.7032835
4/30/2020 21:00,-0.1667031,3.82714,3.6604369
4/30/2020 21:30,-0.1907858,3.83541,3.6446242
4/30/2020 22:00,-0.203523,3.83685,3.633327
4/30/2020 22:30,-0.2195192,3.84526,3.6257408
4/30/2020 23:00,-1.3172224,4.83672,3.5194976
4/30/2020 23:30,-0.264741,3.70946,3.444719
5/1/2020 0:00,-0.2610166,3.70946,3.4484434
5/1/2020 0:30,-0.0271363,3.36433,3.3371937
5/1/2020 1:00,-0.0843315,3.36433,3.2799985
5/1/2020 1:30,-0.7903628,3.94209,3.1517272
5/1/2020 2:00,-0.6583625,3.68476,3.0263975
5/1/2020 2:30,-0.7235285,3.82416,3.1006315
5/1/2020 3:00,-0.0777041,3.36433,3.2866259
5/1/2020 3:30,-0.1024194,3.52037,3.4179506
5/1/2020 4:00,0.038608,3.36433,3.402938
5/1/2020 4:30,0.0866902,3.36433,3.4510202
5/1/2020 5:00,0.1057687,3.36433,3.4700987
5/1/2020 5:30,0.0819593,3.36433,3.4462893
5/1/2020 6:00,-0.0178444,3.36433,3.3464856
5/1/2020 6:30,-0.6282682,3.75123,3.1229618
5/1/2020 7:00,-0.436756,3.57743,3.140674
5/1/2020 7:30,2.609551,0.690344,3.299895
5/1/2020 8:00,3.9947773,-0.487995,3.5067823
5/1/2020 8:30,-1.018457,4.60508,3.586623
5/1/2020 9:00,-1.328897,4.92273,3.593833
5/1/2020 9:30,5.2008923,-1.58054,3.6203523
5/1/2020 10:00,6.2477672,-2.52882,3.7189472
5/1/2020 10:30,7.8856912,-4.05034,3.8353512
5/1/2020 11:00,8.1593354,-4.23629,3.9230454
5/1/2020 11:30,8.2998993,-4.31397,3.9859293
5/1/2020 12:00,8.1023674,-4.03616,4.0662074
5/1/2020 12:30,6.291913,-2.27435,4.017563
5/1/2020 13:00,6.7093492,-2.72698,3.9823692
5/1/2020 13:30,6.644236,-2.71256,3.931676
5/1/2020 14:00,7.5735713,-3.58369,3.9898813
5/1/2020 14:30,7.7635157,-3.71012,4.0533957
5/1/2020 15:00,8.9409296,-4.80848,4.1324496
5/1/2020 15:30,9.7539243,-5.59834,4.1555843
5/1/2020 16:00,8.016287,-3.81437,4.201917
5/1/2020 16:30,5.458291,-1.39587,4.062421
5/1/2020 17:00,6.147905,-2.05548,4.092425
5/1/2020 17:30,5.1269126,-1.10324,4.0236726
5/1/2020 18:00,-1.125803,4.94417,3.818367
5/1/2020 18:30,4.1983293,-0.214228,3.9841013
5/1/2020 19:00,-0.7827628,4.73696,3.9541972
5/1/2020 19:30,3.1790278,0.656786,3.8358138
5/1/2020 20:00,-0.1042614,3.91013,3.8058686
5/1/2020 20:30,0.4529316,3.15114,3.6040716
5/1/2020 21:00,1.3121879,2.23223,3.5444179
5/1/2020 21:30,-0.4659112,3.91323,3.4473188
5/1/2020 22:00,-0.559836,3.91323,3.353394
5/1/2020 22:30,-1.3029453,4.45473,3.1517847
5/1/2020 23:00,-0.826658,3.90237,3.075712
5/1/2020 23:30,-0.8983151,3.89506,2.9967449
5/2/2020 0:00,-0.9076275,3.87684,2.9692125
5/2/2020 0:30,-0.577013,3.46242,2.885407
5/2/2020 1:00,-1.0376433,3.8433,2.8056567
5/2/2020 1:30,-1.0632352,3.8433,2.7800648
5/2/2020 2:00,-1.0888878,3.83913,2.7502422
5/2/2020 2:30,0.7905855,1.9436,2.7341855
5/2/2020 3:00,-1.1544846,3.83913,2.6846454
5/2/2020 3:30,-1.1952792,3.83913,2.6438508
5/2/2020 4:00,-1.1711024,3.83913,2.6680276
5/2/2020 4:30,-1.1952262,3.83253,2.6373038
5/2/2020 5:00,-1.222063,3.83253,2.610467
5/2/2020 5:30,-1.3304246,3.827,2.4965754
5/2/2020 6:00,-1.2845608,3.81944,2.5348792
5/2/2020 6:30,-1.3749658,3.81944,2.4444742
5/2/2020 7:00,3.034744,-0.585469,2.449275
5/2/2020 7:30,-1.9201906,4.73696,2.8167694
5/2/2020 8:00,5.1073841,-1.87083,3.2365541
5/2/2020 8:30,6.0086526,-2.49178,3.5168726
5/2/2020 9:00,6.7272823,-3.0393,3.6879823
5/2/2020 9:30,7.6397962,-3.84046,3.7993362
5/2/2020 10:00,7.7854493,-3.90797,3.8774793
5/2/2020 10:30,8.1258944,-4.20217,3.9237244
5/2/2020 11:00,8.9344604,-4.95013,3.9843304
5/2/2020 11:30,10.8048925,-6.73742,4.0674725
5/2/2020 12:00,9.3019896,-5.19905,4.1029396
5/2/2020 12:30,9.0788785,-4.91566,4.1632185
5/2/2020 13:00,9.643883,-5.37614,4.267743
5/2/2020 13:30,9.412658,-5.10281,4.309848
5/2/2020 14:00,10.455801,-6.09988,4.355921
5/2/2020 14:30,9.8459033,-5.41967,4.4262333
5/2/2020 15:00,9.286884,-4.81807,4.468814
5/2/2020 15:30,10.1634455,-5.60355,4.5598955
5/2/2020 16:00,8.380902,-3.82825,4.552652
5/2/2020 16:30,6.803336,-2.20476,4.598576
5/2/2020 17:00,10.2108953,-5.58447,4.6264253
5/2/2020 17:30,7.1008935,-2.49857,4.6023235
5/2/2020 18:00,6.7482756,-2.22063,4.5276456
5/2/2020 18:30,6.183788,-1.61119,4.572598
5/2/2020 19:00,-0.4287643,4.9375,4.5087357
5/2/2020 19:30,4.957097,-0.541928,4.415169
5/2/2020 20:00,0.2734623,3.81989,4.0933523
5/2/2020 20:30,-0.3546063,4.20217,3.8475637
5/2/2020 21:00,-1.6728136,5.40169,3.7288764
5/2/2020 21:30,-0.2172324,3.86679,3.6495576
5/2/2020 22:00,-1.466978,5.11137,3.644392
5/2/2020 22:30,-2.2158838,5.78942,3.5735362
5/2/2020 23:00,-2.9077724,6.45079,3.5430176
5/2/2020 23:30,-2.3594474,5.87925,3.5198026
5/3/2020 0:00,-2.707545,6.18174,3.474195
5/3/2020 0:30,-1.7210373,5.18174,3.4607027
5/3/2020 1:00,-4.72131,8.15189,3.43058
5/3/2020 1:30,-0.575345,4.07114,3.495795
5/3/2020 2:00,-0.266485,3.76514,3.498655
5/3/2020 2:30,0.6366517,2.86005,3.4967017
5/3/2020 3:00,0.0663147,3.42645,3.4927647
5/3/2020 3:30,0.3799285,3.11284,3.4927685
5/3/2020 4:00,-0.2832587,3.76155,3.4782913
5/3/2020 4:30,-0.3973984,3.9065,3.5091016
5/3/2020 5:00,0.6805158,2.84061,3.5211258
5/3/2020 5:30,-0.575083,4.08244,3.507357
5/3/2020 6:00,0.1994206,3.31438,3.5138006
5/3/2020 6:30,0.0845936,3.45791,3.5425036
5/3/2020 7:00,0.2107606,3.43732,3.6480806
5/3/2020 7:30,2.466412,1.38373,3.850142
5/3/2020 8:00,5.315912,-1.24625,4.069662
5/3/2020 8:30,4.3146605,-0.0918505,4.22281
5/3/2020 9:00,5.5098794,-1.05594,4.4539394
5/3/2020 9:30,6.1164143,-1.46299,4.6534243
5/3/2020 10:00,7.3911607,-2.56939,4.8217707
5/3/2020 10:30,9.378734,-4.41032,4.968414
5/3/2020 11:00,8.9914703,-3.9161,5.0753703
5/3/2020 11:30,10.1328456,-4.91,5.2228456
5/3/2020 12:00,9.1615564,-3.7945,5.3670564
5/3/2020 12:30,11.033106,-5.58229,5.450816
5/3/2020 13:00,10.785752,-5.19001,5.595742
5/3/2020 13:30,11.01946,-5.35995,5.65951
5/3/2020 14:00,10.3309033,-4.60586,5.7250433
5/3/2020 14:30,11.745347,-5.9277,5.817647
5/3/2020 15:00,10.3762576,-4.53109,5.8451676
5/3/2020 15:30,9.7458195,-3.85717,5.8886495
5/3/2020 16:00,9.2945977,-3.39985,5.8947477
5/3/2020 16:30,8.322151,-2.41494,5.907211
5/3/2020 17:00,8.256699,-2.35924,5.897459
5/3/2020 17:30,7.4929385,-1.62117,5.8717685
5/3/2020 18:00,6.4030833,-0.582725,5.8203583
5/3/2020 18:30,5.3092694,0.446805,5.7560744
5/3/2020 19:00,4.296443,1.31112,5.607563
5/3/2020 19:30,2.958871,2.32886,5.287731
5/3/2020 20:00,2.617285,2.45564,5.072925
5/3/2020 20:30,0.657787,4.23779,4.895577
5/3/2020 21:00,0.4483442,4.37185,4.8201942
5/3/2020 21:30,1.1295966,3.58946,4.7190566
5/3/2020 22:00,0.4106554,4.27307,4.6837254
5/3/2020 22:30,0.515126,4.13888,4.654006
5/3/2020 23:00,0.3909196,4.23557,4.6264896
5/3/2020 23:30,1.4292076,3.19823,4.6274376
5/4/2020 0:00,1.034924,3.59282,4.627744
5/4/2020 0:30,1.206246,3.41669,4.622936
5/4/2020 1:00,1.3245815,3.3026,4.6271815
5/4/2020 1:30,0.9681276,3.67123,4.6393576
5/4/2020 2:00,1.1679355,3.47414,4.6420755
5/4/2020 2:30,0.8000175,3.77746,4.5774775
5/4/2020 3:00,1.0364645,3.4897,4.5261645
5/4/2020 3:30,0.2021413,4.28968,4.4918213
5/4/2020 4:00,0.622461,3.92872,4.551181
5/4/2020 4:30,0.8881384,3.6623,4.5504384
5/4/2020 5:00,0.932191,3.59569,4.527881
5/4/2020 5:30,1.2400195,3.2624,4.5024195
5/4/2020 6:00,1.998605,2.51244,4.511045
5/4/2020 6:30,0.685614,3.85309,4.538704
5/4/2020 7:00,0.1133256,4.13693,4.2502556
5/4/2020 7:30,0.403223,3.87926,4.282483
5/4/2020 8:00,-0.0127926,4.41395,4.4011574
5/4/2020 8:30,-0.809427,5.41824,4.608813
5/4/2020 9:00,7.5936056,-2.72854,4.8650656
5/4/2020 9:30,7.1715435,-2.25078,4.9207635
5/4/2020 10:00,7.006188,-2.09481,4.911378
5/4/2020 10:30,9.596524,-4.50061,5.095914
5/4/2020 11:00,10.6597554,-5.42647,5.2332854
5/4/2020 11:30,11.207453,-5.85016,5.357293
5/4/2020 12:00,11.4985294,-6.05937,5.4391594
5/4/2020 12:30,11.7528416,-6.23303,5.5198116
5/4/2020 13:00,11.934793,-6.35644,5.578353
5/4/2020 13:30,11.568135,-5.97291,5.595225
5/4/2020 14:00,11.000921,-5.33121,5.669711
5/4/2020 14:30,11.7019747,-5.97487,5.7271047
5/4/2020 15:00,11.7434235,-5.97291,5.7705135
5/4/2020 15:30,11.598576,-5.79417,5.804406
5/4/2020 16:00,10.9505945,-5.13477,5.8158245
5/4/2020 16:30,10.247255,-4.4214,5.825855
5/4/2020 17:00,10.143919,-4.28881,5.855109
5/4/2020 17:30,8.1967007,-2.42438,5.7723207
5/4/2020 18:00,7.9539925,-2.17474,5.7792525
5/4/2020 18:30,7.540944,-1.8716,5.669344
5/4/2020 19:00,1.0286798,4.54207,5.5707498
5/4/2020 19:30,5.7749393,-0.356703,5.4182363
5/4/2020 20:00,0.9911576,4.12365,5.1148076
5/4/2020 20:30,0.6138473,4.17035,4.7841973
5/4/2020 21:00,0.331832,4.17035,4.502182
5/4/2020 21:30,0.186458,4.17035,4.356808
5/4/2020 22:00,1.4812746,2.7107,4.1919746
5/4/2020 22:30,-0.1914326,4.17035,3.9789174
5/4/2020 23:00,-0.484785,4.17035,3.685565
5/4/2020 23:30,1.2167067,2.38462,3.6013267
5/5/2020 0:00,-2.043975,5.69238,3.648405
5/5/2020 0:30,0.7153063,3.43017,4.1454763
5/5/2020 1:00,2.111601,1.98252,4.094121
5/5/2020 1:30,-0.3195665,4.39696,4.0773935
5/5/2020 2:00,1.0694008,2.88009,3.9494908
5/5/2020 2:30,-1.1081423,4.97955,3.8714077
5/5/2020 3:00,-0.3930291,4.17035,3.7773209
5/5/2020 3:30,-0.709393,4.17035,3.460957
5/5/2020 4:00,-0.866052,4.17035,3.304298
5/5/2020 4:30,-0.7298147,4.17035,3.4405353
5/5/2020 5:00,-0.6714985,4.17035,3.4988515
5/5/2020 5:30,-4.0579795,7.60384,3.5458605
5/5/2020 6:00,-0.6651212,4.17035,3.5052288
5/5/2020 6:30,-3.9202854,7.25637,3.3360846
5/5/2020 7:00,-3.8299488,7.25637,3.4264212
5/5/2020 7:30,3.9269885,-0.273249,3.6537395
5/5/2020 8:00,-2.8821271,6.80788,3.9257529
5/5/2020 8:30,4.911185,-0.823991,4.087194
5/5/2020 9:00,-1.348111,5.45249,4.104379
5/5/2020 9:30,-0.2424096,4.24375,4.0013404
5/5/2020 10:00,-2.433712,6.50108,4.067368
5/5/2020 10:30,-2.648525,6.80788,4.159355
5/5/2020 11:00,6.750308,-2.52427,4.226038
5/5/2020 11:30,5.4825167,-1.16752,4.3149967
5/5/2020 12:00,9.1896515,-4.77175,4.4179015
5/5/2020 12:30,8.8653213,-4.33771,4.5276113
5/5/2020 13:00,5.911685,-1.4032,4.508485
5/5/2020 13:30,6.62813,-2.09354,4.53459
5/5/2020 14:00,7.8609054,-3.28357,4.5773354
5/5/2020 14:30,5.953983,-1.55142,4.402563
5/5/2020 15:00,8.3459,-3.92097,4.42493
5/5/2020 15:30,8.7902623,-4.33839,4.4518723
5/5/2020 16:00,8.755515,-4.37775,4.377765
5/5/2020 16:30,7.1113387,-2.77346,4.3378787
5/5/2020 17:00,9.4244707,-4.91061,4.5138607
5/5/2020 17:30,7.0614072,-2.57257,4.4888372
5/5/2020 18:00,0.4198663,3.99878,4.4186463
5/5/2020 18:30,4.5526093,-0.187549,4.3650603
5/5/2020 19:00,3.6678054,0.583762,4.2515674
5/5/2020 19:30,0.215258,3.87358,4.088838
5/5/2020 20:00,-0.163035,4.14824,3.985205
5/5/2020 20:30,1.5129102,2.38119,3.8941002
5/5/2020 21:00,1.1559,2.65327,3.80917
5/5/2020 21:30,0.587475,3.17782,3.765295
5/5/2020 22:00,-0.433389,4.20883,3.775441
5/5/2020 22:30,-0.4509208,4.20716,3.7562392
5/5/2020 23:00,-0.455651,4.21354,3.757889
5/5/2020 23:30,-1.3839932,5.05969,3.6756968
5/6/2020 0:00,-11.876698,15.5764,3.699702
5/6/2020 0:30,2.2850354,1.4609,3.7459354
5/6/2020 1:00,-3.2136094,6.96969,3.7560806
5/6/2020 1:30,-0.470055,4.23266,3.762605
5/6/2020 2:00,-0.4375336,4.2425,3.8049664
5/6/2020 2:30,-0.3910234,4.25316,3.8621366
5/6/2020 3:00,-0.3535218,4.25793,3.9044082
5/6/2020 3:30,-0.3024578,4.27368,3.9712222
5/6/2020 4:00,1.545456,2.45584,4.001296
5/6/2020 4:30,-0.428476,4.46666,4.038184
5/6/2020 5:00,-0.433127,4.46666,4.033533
5/6/2020 5:30,-3.4291146,7.46786,4.0387454
5/6/2020 6:00,-3.390701,7.46786,4.077159
5/6/2020 6:30,-3.378807,7.46786,4.089053
5/6/2020 7:00,-4.381847,8.46526,4.083413
5/6/2020 7:30,-2.4126673,6.47046,4.0577927
5/6/2020 8:00,-0.36221,4.28769,3.92548
5/6/2020 8:30,4.126828,-0.181783,3.945045
5/6/2020 9:00,-2.245354,6.25582,4.010466
5/6/2020 9:30,-1.169747,5.26964,4.099893
5/6/2020 10:00,5.8493014,-1.72751,4.1217914
5/6/2020 10:30,6.883023,-2.69972,4.183303
5/6/2020 11:00,8.470776,-4.16357,4.307206
5/6/2020 11:30,10.502457,-5.95238,4.550077
5/6/2020 12:00,10.743867,-6.03433,4.709537
5/6/2020 12:30,10.7881565,-5.95117,4.8369865
5/6/2020 13:00,7.476576,-2.44615,5.030426
5/6/2020 13:30,7.0942466,-1.9802,5.1140466
5/6/2020 14:00,12.03437,-6.74691,5.28746
5/6/2020 14:30,11.657073,-6.27274,5.384333
5/6/2020 15:00,11.2326627,-5.77949,5.4531727
5/6/2020 15:30,8.069649,-2.88728,5.182369
5/6/2020 16:00,10.2141586,-4.80856,5.4055986
5/6/2020 16:30,9.8742573,-4.40959,5.4646673
5/6/2020 17:00,10.0897177,-4.60864,5.4810777
5/6/2020 17:30,8.7256667,-3.29308,5.4325867
5/6/2020 18:00,8.418209,-2.97661,5.441599
5/6/2020 18:30,0.134892,5.13371,5.268602
5/6/2020 19:00,5.351487,-0.761731,4.589756
5/6/2020 19:30,5.171869,-0.573011,4.598858
5/6/2020 20:00,0.134647,4.30008,4.434727
5/6/2020 20:30,0.0094075,4.35178,4.3611875
5/6/2020 21:00,-0.0678843,4.3344,4.2665157
5/6/2020 21:30,0.9869784,3.1972,4.1841784
5/6/2020 22:00,1.378181,2.80114,4.179321
5/6/2020 22:30,-0.207451,4.33357,4.126119
5/6/2020 23:00,-0.3570283,4.34673,3.9897017
5/6/2020 23:30,-0.058208,3.87209,3.813882
5/7/2020 0:00,-1.200555,4.9583,3.757745
5/7/2020 0:30,-0.6571495,4.38203,3.7248805
5/7/2020 1:00,-0.702731,4.38936,3.686629
5/7/2020 1:30,-0.7067204,4.43837,3.7316496
5/7/2020 2:00,-2.4645743,6.20389,3.7393157
5/7/2020 2:30,-0.7751908,4.53584,3.7606492
5/7/2020 3:00,-0.7215332,4.52814,3.8066068
5/7/2020 3:30,-0.7406819,4.53478,3.7940981
5/7/2020 4:00,-0.809517,4.54478,3.735263
5/7/2020 4:30,0.8078154,2.69122,3.4990354
5/7/2020 5:00,-1.2556665,4.6092,3.3535335
5/7/2020 5:30,3.3749293,-0.239096,3.1358333
5/7/2020 6:00,1.1867626,1.79039,2.9771526
5/7/2020 6:30,-1.6378415,4.59198,2.9541385
5/7/2020 7:00,3.836627,-0.73289,3.103737
5/7/2020 7:30,-2.5561386,5.99203,3.4358914
5/7/2020 8:00,5.4368687,-1.66534,3.7715287
5/7/2020 8:30,5.6573805,-1.83852,3.8188605
5/7/2020 9:00,4.8148844,-0.9937,3.8211844
5/7/2020 9:30,5.570589,-1.66455,3.906039
5/7/2020 10:00,6.852459,-2.84672,4.005739
5/7/2020 10:30,7.3740674,-3.20566,4.1684074
5/7/2020 11:00,7.42788,-3.20566,4.22222
5/7/2020 11:30,8.4786676,-4.13003,4.3486376
5/7/2020 12:00,9.383522,-4.91416,4.469362
5/7/2020 12:30,10.674166,-6.07483,4.599336
5/7/2020 13:00,9.6436314,-4.94878,4.6948514
5/7/2020 13:30,10.85541,-6.08278,4.77263
5/7/2020 14:00,10.5500523,-5.70178,4.8482723
5/7/2020 14:30,10.973028,-6.06087,4.912158
5/7/2020 15:00,11.0585433,-6.10984,4.9487033
5/7/2020 15:30,10.9642714,-5.91936,5.0449114
5/7/2020 16:00,9.806056,-4.71394,5.092116
5/7/2020 16:30,9.3846884,-4.30055,5.0841384
5/7/2020 17:00,7.9300137,-2.79734,5.1326737
5/7/2020 17:30,7.769831,-2.66248,5.107351
5/7/2020 18:00,8.563482,-3.4512,5.112282
5/7/2020 18:30,6.7148163,-1.66455,5.0502663
5/7/2020 19:00,4.9899656,-0.0194696,4.970496
5/7/2020 19:30,3.150204,1.64903,4.799234
5/7/2020 20:00,-0.3809707,4.80951,4.4285393
5/7/2020 20:30,-0.6270846,4.71112,4.0840354
5/7/2020 21:00,-0.9274913,4.69862,3.7711287
5/7/2020 21:30,-0.9078543,4.68385,3.7759957
5/7/2020 22:00,-1.0414207,4.67591,3.6344893
5/7/2020 22:30,0.6904914,2.6264,3.3168914
5/7/2020 23:00,-1.217093,4.65822,3.441127
5/7/2020 23:30,-1.1656852,4.64185,3.4761648
5/8/2020 0:00,-7.8406398,11.4549,3.6142602
5/8/2020 0:30,-7.2121575,10.8311,3.6189425
5/8/2020 1:00,-2.3037655,5.80799,3.5042245
5/8/2020 1:30,-6.6199042,10.1073,3.4873958
5/8/2020 2:00,0.3817265,3.02496,3.4066865
5/8/2020 2:30,-16.2238247,19.6961,3.4722753
5/8/2020 3:00,-10.9884708,14.4726,3.4841292
5/8/2020 3:30,-4.337191,7.77759,3.440399
5/8/2020 4:00,-6.311659,9.72849,3.416831
5/8/2020 4:30,-1.079068,4.51287,3.433802
5/8/2020 5:00,-6.5545615,9.85475,3.3001885
5/8/2020 5:30,-1.2812997,4.50024,3.2189403
5/8/2020 6:00,0.6596486,2.77557,3.4352186
5/8/2020 6:30,1.3413404,2.20074,3.5420804
5/8/2020 7:00,0.8361795,2.8315,3.6676795
5/8/2020 7:30,3.6455287,0.276244,3.9217727
5/8/2020 8:00,5.6838602,-1.41296,4.2709002
5/8/2020 8:30,5.193903,-0.604249,4.589654
5/8/2020 9:00,6.97372,-2.18871,4.78501
5/8/2020 9:30,9.536101,-4.55352,4.982581
5/8/2020 10:00,9.5792744,-4.46788,5.1113944
5/8/2020 10:30,11.8096097,-6.59355,5.2160597
5/8/2020 11:00,11.533698,-6.18128,5.352418
5/8/2020 11:30,12.243732,-6.77392,5.469812
5/8/2020 12:00,12.977065,-7.43555,5.541515
5/8/2020 12:30,13.7555983,-8.17399,5.5816083
5/8/2020 13:00,12.396653,-6.72661,5.670043
5/8/2020 13:30,15.348502,-9.56156,5.786942
5/8/2020 14:00,14.421819,-8.55254,5.869279
5/8/2020 14:30,11.852704,-6.15924,5.693464
5/8/2020 15:00,11.774342,-6.16273,5.611612
5/8/2020 15:30,11.4157425,-5.8138,5.6019425
5/8/2020 16:00,9.0055416,-3.4861,5.5194416
5/8/2020 16:30,7.2390075,-1.7517,5.4873075
5/8/2020 17:00,5.8243916,-0.431576,5.3928156
5/8/2020 17:30,5.2139228,0.149482,5.3634048
5/8/2020 18:00,3.6034155,1.70223,5.3056455
5/8/2020 18:30,4.338422,0.920584,5.259006
5/8/2020 19:00,3.612675,1.57365,5.186325
5/8/2020 19:30,2.5637897,2.48376,5.0475497
5/8/2020 20:00,3.051417,1.9626,5.014017
5/8/2020 20:30,3.241766,1.70902,4.950786
5/8/2020 21:00,-1.2683025,6.16675,4.8984475
5/8/2020 21:30,0.2527264,4.47849,4.7312164
5/8/2020 22:00,2.8044344,1.91473,4.7191644
5/8/2020 22:30,2.0409236,2.71065,4.7515736
5/8/2020 23:00,1.8846696,2.84253,4.7271996
5/8/2020 23:30,3.450302,1.23448,4.684782
5/9/2020 0:00,3.899678,0.73169,4.631368
5/9/2020 0:30,2.5102794,2.05878,4.5690594
5/9/2020 1:00,-0.1429507,4.45736,4.3144093
5/9/2020 1:30,1.147946,3.22109,4.369036
5/9/2020 2:00,-0.05908,4.45299,4.39391
5/9/2020 2:30,-0.1198047,4.44955,4.3297453
5/9/2020 3:00,-0.1427206,4.44319,4.3004694
5/9/2020 3:30,-0.5169515,4.44319,3.9262385
5/9/2020 4:00,0.942696,2.84891,3.791606
5/9/2020 4:30,-0.856373,4.44319,3.586817
5/9/2020 5:00,0.4128423,2.99828,3.4111223
5/9/2020 5:30,0.6883847,2.67777,3.3661547
5/9/2020 6:00,-1.1761813,4.4452,3.2690187
5/9/2020 6:30,-1.2448817,4.39126,3.1463783
5/9/2020 7:00,1.125011,2.05842,3.183431
5/9/2020 7:30,2.6028267,0.671934,3.2747607
5/9/2020 8:00,4.852036,-1.49368,3.358356
5/9/2020 8:30,6.1657582,-2.72499,3.4407682
5/9/2020 9:00,6.7946921,-3.23395,3.5607421
5/9/2020 9:30,7.8966127,-4.26731,3.6293027
5/9/2020 10:00,7.9381193,-4.24309,3.6950293
5/9/2020 10:30,8.8547634,-5.07189,3.7828734
5/9/2020 11:00,9.988897,-6.10119,3.887707
5/9/2020 11:30,10.0489158,-6.10345,3.9454658
5/9/2020 12:00,10.41207,-6.33313,4.07894
5/9/2020 12:30,10.7270326,-6.62927,4.0977626
5/9/2020 13:00,15.643494,-11.4451,4.198394
5/9/2020 13:30,12.922118,-8.61769,4.304428
5/9/2020 14:00,11.9404905,-7.47769,4.4628005
5/9/2020 14:30,11.1425004,-6.59129,4.5512104
5/9/2020 15:00,10.8486336,-6.16202,4.6866136
5/9/2020 15:30,10.8960703,-6.17885,4.7172203
5/9/2020 16:00,10.5788186,-5.78387,4.7949486
5/9/2020 16:30,9.5079706,-4.69856,4.8094106
5/9/2020 17:00,9.3008444,-4.49917,4.8016744
5/9/2020 17:30,8.4513954,-3.64477,4.8066254
5/9/2020 18:00,7.454065,-2.67754,4.776525
5/9/2020 18:30,6.5369947,-1.819,4.7179947
5/9/2020 19:00,4.7949915,-0.163682,4.6313095
5/9/2020 19:30,2.0884437,2.40835,4.4967937
5/9/2020 20:00,-0.5136866,4.6963,4.1826134
5/9/2020 20:30,-0.6460841,4.44694,3.8008559
5/9/2020 21:00,-0.9400184,4.42749,3.4874716
5/9/2020 21:30,-1.1190085,4.42471,3.3057015
5/9/2020 22:00,-1.1383326,4.41469,3.2763574
5/9/2020 22:30,-1.4908132,4.39609,2.9052768
5/9/2020 23:00,-1.5727675,4.38696,2.8141925
5/9/2020 23:30,-1.6440469,4.36599,2.7219431
5/10/2020 0:00,-1.6775271,4.35292,2.6753929
5/10/2020 0:30,-1.655015,4.34692,2.691905
5/10/2020 1:00,-1.6235493,4.31914,2.6955907
5/10/2020 1:30,-1.5166177,4.32097,2.8043523
5/10/2020 2:00,-1.4232856,4.32509,2.9018044
5/10/2020 2:30,-1.4982605,4.33602,2.8377595
5/10/2020 3:00,-1.7336054,4.34286,2.6092546
5/10/2020 3:30,-1.8221092,4.35218,2.5300708
5/10/2020 4:00,-1.8064907,4.35668,2.5501893
5/10/2020 4:30,-1.6242455,4.36015,2.7359045
5/10/2020 5:00,-1.8590254,4.37193,2.5129046
5/10/2020 5:30,-1.96298,4.37419,2.41121
5/10/2020 6:00,-2.0303354,4.38522,2.3548846
5/10/2020 6:30,-2.0088235,4.32052,2.3116965
5/10/2020 7:00,-0.0538403,2.44177,2.3879297
5/10/2020 7:30,2.7805097,0.0252783,2.805788
5/10/2020 8:00,4.927542,-1.32688,3.600662
5/10/2020 8:30,8.890177,-4.86175,4.028427
5/10/2020 9:00,6.950159,-2.74305,4.207109
5/10/2020 9:30,6.159733,-1.77312,4.386613
5/10/2020 10:00,9.305227,-4.7711,4.534127
5/10/2020 10:30,9.244867,-4.57865,4.666217
5/10/2020 11:00,9.2446236,-4.42839,4.8162336
5/10/2020 11:30,13.1370006,-8.22014,4.9168606
5/10/2020 12:00,9.8953487,-4.85561,5.0397387
5/10/2020 12:30,10.830701,-5.69546,5.135241
5/10/2020 13:00,12.1748736,-7.00932,5.1655536
5/10/2020 13:30,13.5343056,-8.29635,5.2379556
5/10/2020 14:00,11.465863,-6.19534,5.270523
5/10/2020 14:30,13.233929,-7.93402,5.299909
5/10/2020 15:00,12.2637513,-6.88502,5.3787313
5/10/2020 15:30,11.683786,-6.32315,5.360636
5/10/2020 16:00,11.3451604,-5.91541,5.4297504
5/10/2020 16:30,9.816077,-4.41695,5.399127
5/10/2020 17:00,10.458151,-5.02376,5.434391
5/10/2020 17:30,8.7190175,-3.31707,5.4019475
5/10/2020 18:00,7.9471996,-2.6357,5.3114996
5/10/2020 18:30,6.3189896,-1.11037,5.2086196
5/10/2020 19:00,5.278549,-0.168725,5.109824
5/10/2020 19:30,4.130219,0.876566,5.006785
5/10/2020 20:00,3.0660017,1.78708,4.8530817
5/10/2020 20:30,1.832936,2.84417,4.677106
5/10/2020 21:00,1.425823,3.14789,4.573713
5/10/2020 21:30,1.9556664,2.5413,4.4969664
5/10/2020 22:00,1.6688907,2.73258,4.4014707
5/10/2020 22:30,1.466063,2.83277,4.298833
5/10/2020 23:00,1.3152594,2.97081,4.2860694
5/10/2020 23:30,0.6796664,3.58983,4.2694964
5/11/2020 0:00,0.853013,3.38757,4.240583
5/11/2020 0:30,1.1659817,3.05787,4.2238517
5/11/2020 1:00,1.090889,3.05884,4.149729
5/11/2020 1:30,0.289066,3.77822,4.067286
5/11/2020 2:00,-1.037486,5.01709,3.979604
5/11/2020 2:30,-4.1977045,8.18352,3.9858155
5/11/2020 3:00,-2.9763085,6.97335,3.9970415
5/11/2020 3:30,-1.663155,5.66155,3.998395
5/11/2020 4:00,-4.2988265,8.29964,4.0008135
5/11/2020 4:30,-3.8502347,7.85453,4.0042953
5/11/2020 5:00,-3.0580753,7.14725,4.0891747
5/11/2020 5:30,-3.419315,7.62932,4.210005
5/11/2020 6:00,-0.547674,4.80559,4.257916
5/11/2020 6:30,1.3959993,2.89704,4.2930393
5/11/2020 7:00,1.9685077,2.47959,4.4480977
5/11/2020 7:30,3.4585427,1.34439,4.8029327
5/11/2020 8:00,4.4089315,0.734401,5.1433325
5/11/2020 8:30,5.650354,-0.317425,5.332929
5/11/2020 9:00,7.0031824,-1.5857,5.4174824
5/11/2020 9:30,9.3012263,-3.8436,5.4576263
5/11/2020 10:00,10.367312,-4.8861,5.481212
5/11/2020 10:30,10.3248865,-4.8078,5.5170865
5/11/2020 11:00,11.398949,-5.81537,5.583579
5/11/2020 11:30,11.7936234,-6.16012,5.6335034
5/11/2020 12:00,12.222701,-6.503,5.719701
5/11/2020 12:30,10.028078,-4.34702,5.681058
5/11/2020 13:00,8.9939307,-3.30098,5.6929507
5/11/2020 13:30,10.80427,-5.02986,5.77441
5/11/2020 14:00,9.9993867,-4.27569,5.7236967
5/11/2020 14:30,10.4180684,-4.5702,5.8478684
5/11/2020 15:00,11.826985,-5.98444,5.842545
5/11/2020 15:30,12.125708,-6.23265,5.893058
5/11/2020 16:00,11.5121846,-5.6738,5.8383846
5/11/2020 16:30,10.55512,-4.76363,5.79149
5/11/2020 17:00,10.425876,-4.66409,5.761786
5/11/2020 17:30,9.159401,-3.46947,5.689931
5/11/2020 18:00,8.874644,-3.28206,5.592584
5/11/2020 18:30,7.5014843,-2.02533,5.4761543
5/11/2020 19:00,5.688665,-0.38399,5.304675
5/11/2020 19:30,2.948044,2.17444,5.122484
5/11/2020 20:00,0.1035306,4.80877,4.9123006
5/11/2020 20:30,-0.1527017,4.79402,4.6413183
5/11/2020 21:00,-0.28418,4.79465,4.51047
5/11/2020 21:30,-0.395945,4.79465,4.398705
5/11/2020 22:00,-0.496959,4.79465,4.297691
5/11/2020 22:30,-0.4458546,4.79465,4.3487954
5/11/2020 23:00,-0.5028147,4.79465,4.2918353
5/11/2020 23:30,-0.587191,4.79465,4.207459
5/12/2020 0:00,-0.687571,4.79465,4.107079
5/12/2020 0:30,-0.805365,4.79465,3.989285
5/12/2020 1:00,-0.898049,4.82211,3.924061
5/12/2020 1:30,-0.9674814,4.82601,3.8585286
5/12/2020 2:00,-1.0389537,4.84436,3.8054063
5/12/2020 2:30,-1.1829768,4.83172,3.6487432
5/12/2020 3:00,-1.2222752,4.83608,3.6138048
5/12/2020 3:30,-1.2311444,4.83322,3.6020756
5/12/2020 4:00,-1.249649,4.82319,3.573541
5/12/2020 4:30,-1.362705,4.82319,3.460485
5/12/2020 5:00,-1.433987,4.82143,3.387443
5/12/2020 5:30,-1.606937,4.7959,3.188963
5/12/2020 6:00,-2.1564665,4.79527,2.6388035
5/12/2020 6:30,-2.2629017,4.86771,2.6048083
5/12/2020 7:00,0.1225807,2.73871,2.8612907
5/12/2020 7:30,2.9434164,0.28847,3.2318864
5/12/2020 8:00,5.3882987,-1.61798,3.7703187
5/12/2020 8:30,6.593373,-2.57218,4.021193
5/12/2020 9:00,6.910046,-2.81933,4.090716
5/12/2020 9:30,9.6761365,-5.47858,4.1975565
5/12/2020 10:00,8.8606983,-4.54315,4.3175483
5/12/2020 10:30,9.0008456,-4.66283,4.3380156
5/12/2020 11:00,9.434855,-5.0365,4.398355
5/12/2020 11:30,11.581413,-7.08742,4.493993
5/12/2020 12:00,12.4872705,-7.89773,4.5895405
5/12/2020 12:30,11.741696,-7.15708,4.584616
5/12/2020 13:00,11.624,-6.86996,4.75404
5/12/2020 13:30,11.831736,-7.08226,4.749476
5/12/2020 14:00,13.1042115,-8.23794,4.8662715
5/12/2020 14:30,11.5023307,-6.55557,4.9467607
5/12/2020 15:00,11.433774,-6.41268,5.021094
5/12/2020 15:30,11.101537,-6.02635,5.075187
5/12/2020 16:00,9.5988086,-4.55384,5.0449686
5/12/2020 16:30,9.8680044,-4.7629,5.1051044
5/12/2020 17:00,9.5989337,-4.46731,5.1316237
5/12/2020 17:30,8.447497,-3.31825,5.129247
5/12/2020 18:00,7.9587206,-2.86099,5.0977306
5/12/2020 18:30,6.485665,-1.44768,5.037985
5/12/2020 19:00,-1.316087,6.12813,4.812043
5/12/2020 19:30,-1.1453512,5.92182,4.7764688
5/12/2020 20:00,-0.6103754,5.16468,4.5543046
5/12/2020 20:30,-0.649342,4.81742,4.168078
5/12/2020 21:00,-1.0361245,4.83849,3.8023655
5/12/2020 21:30,-1.0686378,4.83849,3.7698522
5/12/2020 22:00,-1.2424588,4.83849,3.5960312
5/12/2020 22:30,-3.7056681,7.25637,3.5507019
5/12/2020 23:00,-1.2082333,4.83849,3.6302567
5/12/2020 23:30,-3.389464,6.79279,3.403326
5/13/2020 0:00,-1.7038355,4.73719,3.0333545
5/13/2020 0:30,-1.737724,4.76839,3.030666
5/13/2020 1:00,-1.923678,4.74723,2.823552
5/13/2020 1:30,-1.9822044,4.74723,2.7650256
5/13/2020 2:00,-2.0226929,4.74723,2.7245371
5/13/2020 2:30,-2.0973935,4.74723,2.6498365
5/13/2020 3:00,-2.0939652,4.74723,2.6532648
5/13/2020 3:30,-2.0255458,4.74723,2.7216842
5/13/2020 4:00,-2.0228414,4.74723,2.7243886
5/13/2020 4:30,-2.0271708,4.74723,2.7200592
5/13/2020 5:00,-2.0372538,4.74723,2.7099762
5/13/2020 5:30,-2.0700228,4.74723,2.6772072
5/13/2020 6:00,-1.8763008,4.74703,2.8707292
5/13/2020 6:30,-1.7415787,4.59597,2.8543913
5/13/2020 7:00,-1.321026,4.33498,3.013954
5/13/2020 7:30,-0.4501096,3.96952,3.5194104
5/13/2020 8:00,2.498322,1.47299,3.971312
5/13/2020 8:30,6.93584,-2.52838,4.40746
5/13/2020 9:00,6.1535313,-1.49598,4.6575513
5/13/2020 9:30,10.823739,-6.01323,4.810509
5/13/2020 10:00,8.8508277,-3.84764,5.0031877
5/13/2020 10:30,12.169846,-6.9997,5.170146
5/13/2020 11:00,9.9227706,-4.69234,5.2304306
5/13/2020 11:30,9.6175955,-4.27786,5.3397355
5/13/2020 12:00,10.4502073,-5.04488,5.4053273
5/13/2020 12:30,9.576115,-4.14765,5.428465
5/13/2020 13:00,10.5059175,-4.9621,5.5438175
5/13/2020 13:30,12.191955,-6.58931,5.602645
5/13/2020 14:00,7.8730825,-2.39373,5.4793525
5/13/2020 14:30,8.5994212,-3.07147,5.5279512
5/13/2020 15:00,8.973301,-3.4732,5.500101
5/13/2020 15:30,6.85064,-1.41485,5.43579
5/13/2020 16:00,5.828053,-0.436739,5.391314
5/13/2020 16:30,3.9860694,1.35267,5.3387394
5/13/2020 17:00,2.26772,3.0328,5.30052
5/13/2020 17:30,1.453568,3.82773,5.281298
5/13/2020 18:00,1.877508,3.38835,5.265858
5/13/2020 18:30,4.981562,0.206574,5.188136
5/13/2020 19:00,3.344999,1.67977,5.024769
5/13/2020 19:30,0.077124,4.84182,4.918944
5/13/2020 20:00,0.2339147,4.58312,4.8170347
5/13/2020 20:30,2.3392753,2.36059,4.6998653
5/13/2020 21:00,2.0231404,2.64076,4.6639004
5/13/2020 21:30,-0.062857,4.70507,4.642213
5/13/2020 22:00,-0.128804,4.67712,4.548316
5/13/2020 22:30,0.9794357,3.23401,4.2134457
5/13/2020 23:00,-0.711537,4.66993,3.958393
5/13/2020 23:30,-0.8592318,4.67305,3.8138182
5/14/2020 0:00,-0.8915728,4.67305,3.7814772
5/14/2020 0:30,-0.6689935,4.69485,4.0258565
5/14/2020 1:00,-5.0728223,9.25126,4.1784377
5/14/2020 1:30,-4.638059,8.84321,4.205151
5/14/2020 2:00,-4.781105,9.00585,4.224745
5/14/2020 2:30,1.2065387,3.08044,4.2869787
5/14/2020 3:00,-1.955398,6.23617,4.280772
5/14/2020 3:30,-0.8350893,5.11226,4.2771707
5/14/2020 4:00,-2.901496,7.16568,4.264184
5/14/2020 4:30,-2.002011,6.26895,4.266939
5/14/2020 5:00,-0.447129,4.69158,4.244451
5/14/2020 5:30,-0.487235,4.70677,4.219535
5/14/2020 6:00,-0.541691,4.72741,4.185719
5/14/2020 6:30,-4.4855417,8.73148,4.2459383
5/14/2020 7:00,-0.817103,5.13615,4.319047
5/14/2020 7:30,-1.04361,5.43022,4.38661
5/14/2020 8:00,0.251992,4.2271,4.479092
5/14/2020 8:30,0.6541623,3.92861,4.5827723
5/14/2020 9:00,-0.5580705,5.23186,4.6737895
5/14/2020 9:30,3.856621,0.910724,4.767345
5/14/2020 10:00,5.730828,-0.89658,4.834248
5/14/2020 10:30,1.9996704,2.85108,4.8507504
5/14/2020 11:00,6.827454,-1.77749,5.049964
5/14/2020 11:30,10.642095,-5.42984,5.212255
5/14/2020 12:00,10.2455103,-4.86816,5.3773503
5/14/2020 12:30,11.784066,-6.23107,5.552996
5/14/2020 13:00,12.6122554,-6.90744,5.7048154
5/14/2020 13:30,14.031297,-8.29401,5.737287
5/14/2020 14:00,11.5884653,-5.82506,5.7634053
5/14/2020 14:30,12.3435447,-6.51776,5.8257847
5/14/2020 15:00,10.1812706,-4.46593,5.7153406
5/14/2020 15:30,12.599051,-6.78696,5.812091
5/14/2020 16:00,9.1929714,-3.49777,5.6952014
5/14/2020 16:30,10.5187014,-4.77893,5.7397714
5/14/2020 17:00,10.5762694,-4.90257,5.6736994
5/14/2020 17:30,8.90887,-3.30533,5.60354
5/14/2020 18:00,7.8003946,-2.24682,5.5535746
5/14/2020 18:30,6.5709943,-1.09588,5.4751143
5/14/2020 19:00,5.5230175,-0.132578,5.3904395
5/14/2020 19:30,4.2197576,1.0474,5.2671576
5/14/2020 20:00,2.915029,2.20647,5.121499
5/14/2020 20:30,1.669733,3.32362,4.993353
5/14/2020 21:00,1.851101,3.04387,4.894971
5/14/2020 21:30,1.0496044,3.78686,4.8364644
5/14/2020 22:00,0.736875,4.05238,4.789255
5/14/2020 22:30,1.490948,3.2655,4.756448
5/14/2020 23:00,1.965139,2.75909,4.724229
5/14/2020 23:30,2.198601,2.453,4.651601
5/15/2020 0:00,1.635761,2.95579,4.591551
5/15/2020 0:30,0.894628,3.67607,4.570698
5/15/2020 1:00,2.050959,2.4951,4.546059
5/15/2020 1:30,1.5905534,2.90739,4.4979434
5/15/2020 2:00,1.9888083,2.47766,4.4664683
5/15/2020 2:30,1.71762,2.72626,4.44388
5/15/2020 3:00,0.735013,3.69909,4.434103
5/15/2020 3:30,1.3274106,3.09861,4.4260206
5/15/2020 4:00,1.688801,2.6852,4.374001
5/15/2020 4:30,0.4531765,3.90029,4.3534665
5/15/2020 5:00,0.803969,3.52155,4.325519
5/15/2020 5:30,-0.626348,4.92717,4.300822
5/15/2020 6:00,0.139706,4.1286,4.268306
5/15/2020 6:30,-0.440857,4.72667,4.285813
5/15/2020 7:00,1.423093,2.99548,4.418573
5/15/2020 7:30,1.754604,2.87689,4.631494
5/15/2020 8:00,6.200408,-1.3178,4.882608
5/15/2020 8:30,7.7712986,-2.62066,5.1506386
5/15/2020 9:00,7.191965,-1.86669,5.325275
5/15/2020 9:30,8.2699045,-2.85578,5.4141245
5/15/2020 10:00,8.405025,-2.89227,5.512755
5/15/2020 10:30,9.955344,-4.42223,5.533114
5/15/2020 11:00,12.204699,-6.51154,5.693159
5/15/2020 11:30,12.7758655,-7.045,5.7308655
5/15/2020 12:00,13.5509645,-7.76816,5.7828045
5/15/2020 12:30,11.4718637,-5.62677,5.8450937
5/15/2020 13:00,12.78387,-6.92326,5.86061
5/15/2020 13:30,14.662242,-8.74785,5.914392
5/15/2020 14:00,37.381962,-6.05164,31.330322
5/15/2020 14:30,37.08415,-5.77249,31.31166
5/15/2020 15:00,11.038205,-5.10851,5.929695
5/15/2020 15:30,11.0567656,-5.19412,5.8626456
5/15/2020 16:00,12.9761096,-7.12246,5.8536496
5/15/2020 16:30,10.8167007,-4.98786,5.8288407
5/15/2020 17:00,8.33172,-2.6547,5.67702
5/15/2020 17:30,8.0321137,-2.35243,5.6796837
5/15/2020 18:00,7.865177,-2.17786,5.687317
5/15/2020 18:30,6.494981,-0.933993,5.560988
5/15/2020 19:00,4.83595,0.586622,5.422572
5/15/2020 19:30,3.38763,1.89034,5.27797
5/15/2020 20:00,1.962648,3.19284,5.155488
5/15/2020 20:30,2.5019916,2.48689,4.9888816
5/15/2020 21:00,0.8162593,4.05751,4.8737693
5/15/2020 21:30,0.544148,4.23796,4.782108
5/15/2020 22:00,0.596026,4.10686,4.702886
5/15/2020 22:30,0.783762,3.89235,4.676112
5/15/2020 23:00,0.9835545,3.64473,4.6282845
5/15/2020 23:30,0.8048963,3.79067,4.5955663
5/16/2020 0:00,0.29955,4.27309,4.57264
5/16/2020 0:30,1.052235,3.51473,4.566965
5/16/2020 1:00,0.2403757,4.36214,4.6025157
5/16/2020 1:30,0.6876115,3.94871,4.6363215
5/16/2020 2:00,0.678991,3.97508,4.654071
5/16/2020 2:30,1.0616454,3.55964,4.6212854
5/16/2020 3:00,-0.3527104,4.88439,4.5316796
5/16/2020 3:30,1.833819,2.63234,4.466159
5/16/2020 4:00,0.346489,4.05288,4.399369
5/16/2020 4:30,0.5211294,3.82321,4.3443394
5/16/2020 5:00,0.9417744,3.43859,4.3803644
5/16/2020 5:30,1.0618542,3.31557,4.3774242
5/16/2020 6:00,0.2912757,3.93733,4.2286057
5/16/2020 6:30,-0.397959,4.43918,4.041221
5/16/2020 7:00,-8.45327,12.8119,4.35863
5/16/2020 7:30,2.8128583,1.81578,4.6286383
5/16/2020 8:00,5.9494306,-0.99253,4.9569006
5/16/2020 8:30,6.4692915,-1.18732,5.2819715
5/16/2020 9:00,5.1499424,0.319715,5.4696574
5/16/2020 9:30,8.421758,-2.78974,5.632018
5/16/2020 10:00,9.086276,-3.32888,5.757396
5/16/2020 10:30,9.880599,-4.02079,5.859809
5/16/2020 11:00,10.3322936,-4.37211,5.9601836
5/16/2020 11:30,10.704106,-4.59009,6.114016
5/16/2020 12:00,11.1698365,-4.97476,6.1950765
5/16/2020 12:30,12.275384,-5.9759,6.299484
5/16/2020 13:00,11.1076406,-4.86248,6.2451606
5/16/2020 13:30,11.4471445,-5.09832,6.3488245
5/16/2020 14:00,12.549727,-6.06619,6.483537
5/16/2020 14:30,11.9793353,-5.46034,6.5189953
5/16/2020 15:00,13.0838543,-6.54627,6.5375843
5/16/2020 15:30,10.966056,-4.40799,6.558066
5/16/2020 16:00,10.338568,-3.75021,6.588358
5/16/2020 16:30,11.075705,-4.45369,6.622015
5/16/2020 17:00,10.5269943,-4.0182,6.5087943
5/16/2020 17:30,8.5400725,-2.14922,6.3908525
5/16/2020 18:00,8.723757,-2.41597,6.307787
5/16/2020 18:30,6.799941,-0.693533,6.106408
5/16/2020 19:00,5.364042,0.587105,5.951147
5/16/2020 19:30,0.8776154,4.92728,5.8048954
5/16/2020 20:00,3.03036,2.57026,5.60062
5/16/2020 20:30,2.475742,2.97744,5.453182
5/16/2020 21:00,1.3235754,4.03821,5.3617854
5/16/2020 21:30,1.5586354,3.70939,5.2680254
5/16/2020 22:00,2.00974,3.18458,5.19432
5/16/2020 22:30,-0.047413,5.1726,5.125187
5/16/2020 23:00,2.167134,2.94366,5.110794
5/16/2020 23:30,0.8095987,4.24528,5.0548787
5/17/2020 0:00,0.16039,4.84926,5.00965
5/17/2020 0:30,0.9736066,4.00142,4.9750266
5/17/2020 1:00,-0.09398,4.84926,4.75528
5/17/2020 1:30,0.6916093,4.01079,4.7023993
5/17/2020 2:00,-0.2170054,4.84926,4.6322546
5/17/2020 2:30,2.5404275,2.09749,4.6379175
5/17/2020 3:00,1.244956,3.40598,4.650936
5/17/2020 3:30,1.199367,3.4864,4.685767
5/17/2020 4:00,1.1610004,3.4864,4.6474004
5/17/2020 4:30,1.1566855,3.4864,4.6430855
5/17/2020 5:00,1.0775656,3.52803,4.6055956
5/17/2020 5:30,1.0301403,3.52803,4.5581703
5/17/2020 6:00,1.0432657,3.52803,4.5712957
5/17/2020 6:30,0.9997745,3.58292,4.5826945
5/17/2020 7:00,-0.3853566,5.1031,4.7177434
5/17/2020 7:30,0.9250614,4.01981,4.9448714
5/17/2020 8:00,6.1562232,-0.965949,5.1902742
5/17/2020 8:30,6.9066713,-1.41586,5.4908113
5/17/2020 9:00,7.588419,-1.87093,5.717489
5/17/2020 9:30,8.2401885,-2.50039,5.7397985
5/17/2020 10:00,11.2361103,-5.28996,5.9461503
5/17/2020 10:30,8.652833,-2.67399,5.978843
5/17/2020 11:00,10.582184,-4.47151,6.110674
5/17/2020 11:30,10.3596343,-4.18438,6.1752543
5/17/2020 12:00,9.9272465,-3.68473,6.2425165
5/17/2020 12:30,10.384874,-4.15287,6.232004
5/17/2020 13:00,11.950102,-5.58912,6.360982
5/17/2020 13:30,11.410856,-5.05615,6.354706
5/17/2020 14:00,12.9187045,-6.51159,6.4071145
5/17/2020 14:30,11.525509,-5.08141,6.444099
5/17/2020 15:00,12.227486,-5.77118,6.456306
5/17/2020 15:30,10.2850374,-3.84773,6.4373074
5/17/2020 16:00,11.596962,-5.13821,6.458752
5/17/2020 16:30,11.35246,-4.92742,6.42504
5/17/2020 17:00,10.438944,-4.07628,6.362664
5/17/2020 17:30,10.4893106,-4.21924,6.2700706
5/17/2020 18:00,7.057968,-0.92563,6.132338
5/17/2020 18:30,5.430494,0.552373,5.982867
5/17/2020 19:00,4.8594104,1.05278,5.9121904
5/17/2020 19:30,1.4100285,4.43892,5.8489485
5/17/2020 20:00,2.344933,3.35965,5.704583
5/17/2020 20:30,2.5437516,2.9181,5.4618516
5/17/2020 21:00,0.4600437,4.86501,5.3250537
5/17/2020 21:30,0.350533,4.88576,5.236293
5/17/2020 22:00,0.0370203,5.08259,5.1196103
5/17/2020 22:30,-0.802794,5.92021,5.117416
5/17/2020 23:00,-7.3489075,12.4982,5.1492925
5/17/2020 23:30,-4.4592515,9.65966,5.2004085
5/18/2020 0:00,-4.420001,9.65966,5.239659
5/18/2020 0:30,-8.7814183,14.0492,5.2677817
5/18/2020 1:00,-0.181258,5.45812,5.276862
5/18/2020 1:30,-0.600324,5.88821,5.287886
5/18/2020 2:00,-1.2816294,6.58682,5.3051906
5/18/2020 2:30,-1.5746565,6.93047,5.3558135
5/18/2020 3:00,-1.922033,7.34836,5.426327
5/18/2020 3:30,-1.8580503,7.34836,5.4903097
5/18/2020 4:00,-0.918102,6.47094,5.552838
5/18/2020 4:30,-27.88474,33.4615,5.57676
5/18/2020 5:00,-11.7601775,17.3579,5.5977225
5/18/2020 5:30,-9.9360506,15.5325,5.5964494
5/18/2020 6:00,0.828514,4.75438,5.582894
5/18/2020 6:30,-9.9552595,15.5325,5.5772405
5/18/2020 7:00,-9.7381247,15.2968,5.5586753
5/18/2020 7:30,-9.7674044,15.2968,5.5293956
5/18/2020 8:00,-9.7782653,15.2968,5.5185347
5/18/2020 8:30,0.8079598,4.69818,5.5061398
5/18/2020 9:00,1.660071,3.83831,5.498381
5/18/2020 9:30,-0.1124316,5.56772,5.4552884
5/18/2020 10:00,-25.434496,30.8827,5.448204
5/18/2020 10:30,1.417343,4.04069,5.458033
5/18/2020 11:00,-0.115522,5.57295,5.457428
5/18/2020 11:30,0.502426,5.00194,5.504366
5/18/2020 12:00,1.333322,4.21166,5.544982
5/18/2020 12:30,7.292799,-1.7264,5.566399
5/18/2020 13:00,6.8585412,-1.2407,5.6178412
5/18/2020 13:30,8.0026384,-2.25554,5.7470984
5/18/2020 14:00,7.0329105,-1.40652,5.6263905
5/18/2020 14:30,6.326699,-0.959259,5.36744
5/18/2020 15:00,5.36976461,-0.00765921,5.3621054
5/18/2020 15:30,5.33720521,-0.00765921,5.329546
5/18/2020 16:00,7.5422575,-2.11611,5.4261475
5/18/2020 16:30,7.3260737,-1.7264,5.5996737
5/18/2020 17:00,2.802449,2.81191,5.614359
5/18/2020 17:30,6.3593994,-0.673266,5.6861334
5/18/2020 18:00,1.9533797,3.6398,5.5931797
5/18/2020 18:30,1.7217415,3.70913,5.4308715
5/18/2020 19:00,1.862627,3.49771,5.360337
5/18/2020 19:30,1.9965306,3.33711,5.3336406
5/18/2020 20:00,2.4287797,2.84665,5.2754297
5/18/2020 20:30,1.4999155,3.7187,5.2186155
5/18/2020 21:00,0.4389908,4.74942,5.1884108
5/18/2020 21:30,0.4337957,4.75406,5.1878557
5/18/2020 22:00,0.4563134,4.73408,5.1903934
5/18/2020 22:30,0.5438896,4.64826,5.1921496
5/18/2020 23:00,0.3162647,4.80376,5.1200247
5/18/2020 23:30,0.3898786,4.72531,5.1151886
5/19/2020 0:00,0.397844,4.7128,5.110644
5/19/2020 0:30,0.1545314,4.92166,5.0761914
5/19/2020 1:00,0.2072927,4.81333,5.0206227
5/19/2020 1:30,-0.0782276,5.0558,4.9775724
5/19/2020 2:00,1.323288,3.63958,4.962868
5/19/2020 2:30,-0.364209,5.29827,4.934061
5/19/2020 3:00,0.3907777,4.52678,4.9175577
5/19/2020 3:30,1.1668115,3.74016,4.9069715
5/19/2020 4:00,-0.1139423,5.01109,4.8971477
5/19/2020 4:30,0.2252527,4.62925,4.8545027
5/19/2020 5:00,2.1754622,2.64291,4.8183722
5/19/2020 5:30,0.0993275,4.69307,4.7923975
5/19/2020 6:00,0.0756365,4.6879,4.7635365
5/19/2020 6:30,0.0199493,4.72113,4.7410793
5/19/2020 7:00,2.0070837,2.74144,4.7485237
5/19/2020 7:30,0.642121,4.15107,4.793191
5/19/2020 8:00,-0.7796763,5.62123,4.8415537
5/19/2020 8:30,-0.22501,5.03065,4.80564
5/19/2020 9:00,1.459352,3.31568,4.775032
5/19/2020 9:30,1.641791,3.14688,4.788671
5/19/2020 10:00,2.0274707,2.81191,4.8393807
5/19/2020 10:30,2.064781,2.81191,4.876691
5/19/2020 11:00,1.989703,2.81191,4.801613
5/19/2020 11:30,1.8530377,2.98305,4.8360877
5/19/2020 12:00,1.6908466,3.14688,4.8377266
5/19/2020 12:30,-23.6213923,28.4908,4.8694077
5/19/2020 13:00,-8.7485668,13.6077,4.8591332
5/19/2020 13:30,-4.8796107,9.75201,4.8723993
5/19/2020 14:00,-4.908239,9.75201,4.843771
5/19/2020 14:30,-4.954743,9.75201,4.797267
5/19/2020 15:00,-1.179388,5.89629,4.716902
5/19/2020 15:30,-5.064635,9.75201,4.687375
5/19/2020 16:00,1.909158,2.78211,4.691268
5/19/2020 16:30,1.385359,3.31568,4.701039
5/19/2020 17:00,-0.067825,4.75654,4.688715
5/19/2020 17:30,-10.0709167,14.7651,4.6941833
5/19/2020 18:00,-0.0536676,4.73522,4.6815524
5/19/2020 18:30,0.801367,3.84853,4.649897
5/19/2020 19:00,0.7347264,3.88624,4.6209664
5/19/2020 19:30,0.0146446,4.59691,4.6115546
5/19/2020 20:00,-0.0722036,4.67562,4.6034164
5/19/2020 20:30,-0.0774206,4.6879,4.6104794
5/19/2020 21:00,-0.034879,4.68754,4.652661
5/19/2020 21:30,0.0183373,4.68754,4.7058773
5/19/2020 22:00,0.0439787,4.67348,4.7174587
5/19/2020 22:30,0.0441096,4.66169,4.7057996
5/19/2020 23:00,0.043727,4.646,4.689727
5/19/2020 23:30,0.0637753,4.63357,4.6973453
5/20/2020 0:00,0.0734403,4.6241,4.6975403
5/20/2020 0:30,0.092085,4.6241,4.716185
5/20/2020 1:00,0.123792,4.6241,4.747892
5/20/2020 1:30,0.115447,4.6241,4.739547
5/20/2020 2:00,0.0973427,4.6241,4.7214427
5/20/2020 2:30,0.0985957,4.6131,4.7116957
5/20/2020 3:00,0.1089013,4.5929,4.7018013
5/20/2020 3:30,0.08538,4.59757,4.68295
5/20/2020 4:00,0.061359,4.59757,4.658929
5/20/2020 4:30,0.060295,4.59757,4.657865
5/20/2020 5:00,0.0626835,4.59757,4.6602535
5/20/2020 5:30,0.069773,4.59757,4.667343
5/20/2020 6:00,0.091089,4.58961,4.680699
5/20/2020 6:30,0.1285177,4.56709,4.6956077
5/20/2020 7:00,0.8972893,3.83499,4.7322793
5/20/2020 7:30,0.126161,4.64698,4.773141
5/20/2020 8:00,0.3843083,4.41744,4.8017483
5/20/2020 8:30,0.8053286,4.04408,4.8494086
5/20/2020 9:00,-0.375805,5.28673,4.910925
5/20/2020 9:30,1.4460213,3.51525,4.9612713
5/20/2020 10:00,0.8222064,4.21166,5.0338664
5/20/2020 10:30,13.057476,-8.01459,5.042886
5/20/2020 11:00,1.4982624,3.58605,5.0843124
5/20/2020 11:30,2.29726,2.81191,5.10917
5/20/2020 12:00,-0.524586,5.62123,5.096644
5/20/2020 12:30,2.192958,2.95899,5.151948
5/20/2020 13:00,-6.2951088,11.5678,5.2726912
5/20/2020 13:30,6.74258,-1.43438,5.3082
5/20/2020 14:00,6.7355584,-1.41267,5.3228884
5/20/2020 14:30,3.7537035,1.51398,5.2676835
5/20/2020 15:00,2.449868,2.81191,5.261778
5/20/2020 15:30,6.3777147,-0.982442,5.3952727
5/20/2020 16:00,2.489899,2.81191,5.301809
5/20/2020 16:30,0.513209,4.71246,5.225669
5/20/2020 17:00,0.032193,5.19022,5.222413
5/20/2020 17:30,-0.2333447,5.42823,5.1948853
5/20/2020 18:00,0.637156,4.53826,5.175416
5/20/2020 18:30,-7.2837084,12.4752,5.1914916
5/20/2020 19:00,-5.641585,10.8181,5.176515
5/20/2020 19:30,0.8740638,4.25862,5.1326838
5/20/2020 20:00,1.4964876,3.64116,5.1376476
5/20/2020 20:30,-0.3885794,5.53334,5.1447606
5/20/2020 21:00,-0.6883534,5.84669,5.1583366
5/20/2020 21:30,3.371994,1.79759,5.169584
5/20/2020 22:00,1.257034,3.92224,5.179274
5/20/2020 22:30,0.5098,4.67423,5.18403
5/20/2020 23:00,0.162812,5.00106,5.163872
5/20/2020 23:30,0.06757,5.09091,5.15848
5/21/2020 0:00,-1.8579376,7.00581,5.1478724
5/21/2020 0:30,0.3873206,4.7673,5.1546206
5/21/2020 1:00,0.8913554,4.26187,5.1532254
5/21/2020 1:30,0.455567,4.69519,5.150757
5/21/2020 2:00,1.0476193,4.10496,5.1525793
5/21/2020 2:30,1.698541,3.44605,5.144591
5/21/2020 3:00,0.217836,4.80216,5.019996
5/21/2020 3:30,0.4105598,4.59523,5.0057898
5/21/2020 4:00,0.4673513,4.56483,5.0321813
5/21/2020 4:30,0.4893384,4.55864,5.0479784
5/21/2020 5:00,3.6508173,1.43144,5.0822573
5/21/2020 5:30,1.050046,4.06216,5.112206
5/21/2020 6:00,0.9720397,4.13343,5.1054697
5/21/2020 6:30,0.564498,4.59024,5.154738
5/21/2020 7:00,1.9523003,3.26,5.2123003
5/21/2020 7:30,2.1289056,3.13857,5.2674756
5/21/2020 8:00,2.6683137,2.64618,5.3144937
5/21/2020 8:30,1.695107,3.71851,5.413617
5/21/2020 9:00,2.3856243,3.09718,5.4828043
5/21/2020 9:30,1.7942786,3.68889,5.4831686
5/21/2020 10:00,1.988171,3.53935,5.527521
5/21/2020 10:30,1.975363,3.53935,5.514713
5/21/2020 11:00,-0.4266234,5.92023,5.4936066
5/21/2020 11:30,0.1096007,5.29643,5.4060307
5/21/2020 12:00,0.0903216,5.06148,5.1518016
5/21/2020 12:30,-0.134246,5.29643,5.162184
5/21/2020 13:00,-0.252501,5.42823,5.175729
5/21/2020 13:30,3.6750334,1.58939,5.2644234
5/21/2020 14:00,-0.847512,6.12282,5.275308
5/21/2020 14:30,0.731359,4.51057,5.241929
5/21/2020 15:00,1.7641333,3.52414,5.2882733
5/21/2020 15:30,1.7718225,3.53935,5.3111725
5/21/2020 16:00,0.098596,5.17879,5.277386
5/21/2020 16:30,-4.4345805,9.65966,5.2250795
5/21/2020 17:00,-7.2636707,12.4752,5.2115293
5/21/2020 17:30,-0.260829,5.42823,5.167401
5/21/2020 18:00,0.102585,5.11168,5.214265
5/21/2020 18:30,0.547313,4.6319,5.179213
5/21/2020 19:00,2.0208867,3.18136,5.2022467
5/21/2020 19:30,1.8549444,3.42467,5.2796144
5/21/2020 20:00,-1.13418,6.4715,5.33732
5/21/2020 20:30,-0.8024144,6.16153,5.3591156
5/21/2020 21:00,-11.466476,16.8276,5.361124
5/21/2020 21:30,-8.543501,13.8981,5.354599
5/21/2020 22:00,-5.81227,11.1747,5.36243
5/21/2020 22:30,-4.6718026,10.0428,5.3709974
5/21/2020 23:00,0.9932037,4.38381,5.3770137
5/21/2020 23:30,0.7414516,4.60246,5.3439116
5/22/2020 0:00,-0.460127,5.79857,5.338443
5/22/2020 0:30,-0.441881,5.79857,5.356689
5/22/2020 1:00,-7.585027,12.9343,5.349273
5/22/2020 1:30,-13.0795684,18.4192,5.3396316
5/22/2020 2:00,-7.9362495,13.2923,5.3560505
5/22/2020 2:30,-9.1681735,14.5757,5.4075265
5/22/2020 3:00,-19.2336985,24.673,5.4393015
5/22/2020 3:30,0.3040416,5.14132,5.4453616
5/22/2020 4:00,0.307032,5.16231,5.469342
5/22/2020 4:30,-2.200626,7.67081,5.470184
5/22/2020 5:00,-10.0922763,15.5325,5.4402237
5/22/2020 5:30,-6.3882916,11.8267,5.4384084
5/22/2020 6:00,-6.385076,11.8267,5.441624
5/22/2020 6:30,-3.6928604,9.12128,5.4284196
5/22/2020 7:00,-2.995048,8.37108,5.376032
5/22/2020 7:30,-2.282854,7.63743,5.354576
5/22/2020 8:00,-0.755493,6.03329,5.277797
5/22/2020 8:30,0.2017996,5.05073,5.2525296
5/22/2020 9:00,1.7382627,3.58956,5.3278227
5/22/2020 9:30,7.8244575,-2.25152,5.5729375
5/22/2020 10:00,8.4788457,-2.79063,5.6882157
5/22/2020 10:30,10.253671,-4.39899,5.854681
5/22/2020 11:00,11.264494,-5.30756,5.956934
5/22/2020 11:30,8.926749,-2.88174,6.045009
5/22/2020 12:00,9.9680285,-3.84943,6.1185985
5/22/2020 12:30,10.0767815,-3.80675,6.2700315
5/22/2020 13:00,10.737934,-4.34956,6.388374
5/22/2020 13:30,10.920983,-4.51998,6.401003
5/22/2020 14:00,10.856245,-4.40884,6.447405
5/22/2020 14:30,10.732203,-4.38038,6.351823
5/22/2020 15:00,10.8396665,-4.46936,6.3703065
5/22/2020 15:30,8.2878103,-2.05125,6.2365603
5/22/2020 16:00,10.0624903,-3.70064,6.3618503
5/22/2020 16:30,10.2805344,-3.86895,6.4115844
5/22/2020 17:00,10.329888,-4.01925,6.310638
5/22/2020 17:30,8.8603843,-2.68239,6.1779943
5/22/2020 18:00,7.7099625,-1.60802,6.1019425
5/22/2020 18:30,5.4657102,0.53236,5.9980702
5/22/2020 19:00,1.1755293,4.74743,5.9229593
5/22/2020 19:30,2.6554944,3.30459,5.9600844
5/22/2020 20:00,2.494041,3.31083,5.804871
5/22/2020 20:30,0.511827,5.18425,5.696077
5/22/2020 21:00,-0.4777644,6.13148,5.6537156
5/22/2020 21:30,0.2319075,5.35962,5.5915275
5/22/2020 22:00,1.612101,3.97109,5.583191
5/22/2020 22:30,0.031864,5.51579,5.547654
5/22/2020 23:00,-1.4587775,6.97467,5.5158925
5/22/2020 23:30,0.0442414,5.44381,5.4880514
5/23/2020 0:00,1.8663424,3.51114,5.3774824
5/23/2020 0:30,0.917902,4.25469,5.172592
5/23/2020 1:00,-0.186203,5.24367,5.057467
5/23/2020 1:30,1.624404,3.28492,4.909324
5/23/2020 2:00,-0.025646,4.98102,4.955374
5/23/2020 2:30,1.062713,3.91068,4.973393
5/23/2020 3:00,0.4080977,4.59827,5.0063677
5/23/2020 3:30,1.6047154,3.32029,4.9250054
5/23/2020 4:00,-0.447917,5.28269,4.834773
5/23/2020 4:30,0.683905,4.10229,4.786195
5/23/2020 5:00,0.129439,4.64473,4.774169
5/23/2020 5:30,0.734031,4.04135,4.775381
5/23/2020 6:00,2.236241,2.50169,4.737931
5/23/2020 6:30,-0.809001,5.56269,4.753689
5/23/2020 7:00,1.662397,3.21903,4.881427
5/23/2020 7:30,2.758597,2.24821,5.006807
5/23/2020 8:00,5.131453,0.010468,5.141921
5/23/2020 8:30,6.8239183,-1.55095,5.2729683
5/23/2020 9:00,5.8873207,-0.503009,5.3843117
5/23/2020 9:30,7.4395513,-1.96776,5.4717913
5/23/2020 10:00,10.361046,-4.69161,5.669436
5/23/2020 10:30,11.497328,-5.62543,5.871898
5/23/2020 11:00,10.4524625,-4.41694,6.0355225
5/23/2020 11:30,10.324326,-4.26678,6.057546
5/23/2020 12:00,10.965437,-4.7872,6.178237
5/23/2020 12:30,11.225062,-4.97092,6.254142
5/23/2020 13:00,12.257582,-5.90605,6.351532
5/23/2020 13:30,16.2162613,-9.74199,6.4742713
5/23/2020 14:00,13.159226,-6.67095,6.488276
5/23/2020 14:30,12.805174,-6.22813,6.577044
5/23/2020 15:00,12.2498994,-5.69839,6.5515094
5/23/2020 15:30,12.6815304,-6.04602,6.6355104
5/23/2020 16:00,11.7487037,-5.1045,6.6442037
5/23/2020 16:30,13.4151307,-6.70744,6.7076907
5/23/2020 17:00,11.943874,-5.25808,6.685794
5/23/2020 17:30,11.5208007,-4.89385,6.6269507
5/23/2020 18:00,5.632607,0.849455,6.482062
5/23/2020 18:30,2.0991613,4.14863,6.2477913
5/23/2020 19:00,2.695542,3.51469,6.210232
5/23/2020 19:30,0.44951,5.75208,6.20159
5/23/2020 20:00,0.320968,5.60799,5.928958
5/23/2020 20:30,2.7786274,2.87429,5.6529174
5/23/2020 21:00,-0.064088,5.53866,5.474572
5/23/2020 21:30,-0.5035307,5.8647,5.3611693
5/23/2020 22:00,2.5313697,2.73951,5.2708797
5/23/2020 22:30,1.1927153,3.95203,5.1447453
5/23/2020 23:00,-0.847694,5.91629,5.068596
5/23/2020 23:30,-0.1993204,5.1997,5.0003796
5/24/2020 0:00,-6.6965883,11.6596,4.9630117
5/24/2020 0:30,-2.301144,7.26591,4.964766
5/24/2020 1:00,0.8237914,4.02098,4.8447714
5/24/2020 1:30,1.858768,2.72411,4.582878
5/24/2020 2:00,1.3893913,3.12663,4.5160213
5/24/2020 2:30,0.9396476,3.59338,4.5330276
5/24/2020 3:00,0.998675,3.52803,4.526705
5/24/2020 3:30,0.9641914,3.59338,4.5575714
5/24/2020 4:00,0.982685,3.59338,4.576065
5/24/2020 4:30,0.872116,3.59338,4.465496
5/24/2020 5:00,1.1345044,3.4864,4.6209044
5/24/2020 5:30,0.8822994,3.59338,4.4756794
5/24/2020 6:00,0.8899264,3.59338,4.4833064
5/24/2020 6:30,0.9757304,3.59338,4.5691104
5/24/2020 7:00,-1.0336903,5.56472,4.5310297
5/24/2020 7:30,3.395325,1.54516,4.940485
5/24/2020 8:00,6.837375,-1.59092,5.246455
5/24/2020 8:30,7.336259,-1.83238,5.503879
5/24/2020 9:00,10.2338787,-4.63264,5.6012387
5/24/2020 9:30,10.5653464,-4.90125,5.6640964
5/24/2020 10:00,10.9625754,-5.23178,5.7307954
5/24/2020 10:30,11.889015,-6.24262,5.646395
5/24/2020 11:00,11.861356,-6.39346,5.467896
5/24/2020 11:30,11.503616,-6.04708,5.456536
5/24/2020 12:00,12.5661407,-7.10673,5.4594107
5/24/2020 12:30,13.3667506,-7.81751,5.5492406
5/24/2020 13:00,13.383495,-7.81751,5.565985
5/24/2020 13:30,11.519518,-5.9745,5.545018
5/24/2020 14:00,12.6097173,-7.03901,5.5707073
5/24/2020 14:30,13.0708214,-7.45885,5.6119714
5/24/2020 15:00,11.3871495,-5.7316,5.6555495
5/24/2020 15:30,12.07171,-6.41865,5.65306
5/24/2020 16:00,12.189539,-6.58139,5.608149
5/24/2020 16:30,11.2101946,-5.6173,5.5928946
5/24/2020 17:00,10.8746046,-5.36069,5.5139146
5/24/2020 17:30,10.70297,-5.34502,5.35795
5/24/2020 18:00,7.382482,-2.18616,5.196322
5/24/2020 18:30,6.0880405,-1.21302,4.8750205
5/24/2020 19:00,-1.314609,6.0752,4.760591
5/24/2020 19:30,-1.317802,6.0752,4.757398
5/24/2020 20:00,-1.268897,5.94112,4.672223
5/24/2020 20:30,1.671813,2.9226,4.594413
5/24/2020 21:00,-1.4673998,5.9883,4.5209002
5/24/2020 21:30,-1.507973,5.99274,4.484767
5/24/2020 22:00,1.1843987,3.30199,4.4863887
5/24/2020 22:30,0.5698845,3.93733,4.5072145
5/24/2020 23:00,0.5929496,3.93733,4.5302796
5/24/2020 23:30,1.5981513,2.94531,4.5434613
5/25/2020 0:00,-1.470699,6.02602,4.555321
5/25/2020 0:30,-1.4771947,6.02602,4.5488253
5/25/2020 1:00,-1.4928884,6.02602,4.5331316
5/25/2020 1:30,-1.5485053,6.02602,4.4775147
5/25/2020 2:00,-1.5803,6.02602,4.44572
5/25/2020 2:30,-1.587042,6.02602,4.438978
5/25/2020 3:00,2.81433,1.59323,4.40756
5/25/2020 3:30,1.5745827,2.8091,4.3836827
5/25/2020 4:00,1.2050226,3.161,4.3660226
5/25/2020 4:30,-0.28448,4.66318,4.3787
5/25/2020 5:00,1.1974693,3.20226,4.3997293
5/25/2020 5:30,-1.379447,5.80828,4.428833
5/25/2020 6:00,1.2010435,3.22993,4.4309735
5/25/2020 6:30,-1.347083,5.77796,4.430877
5/25/2020 7:00,-1.2465315,5.7124,4.4658685
5/25/2020 7:30,1.6286635,2.86581,4.4944735
5/25/2020 8:00,-1.55839,6.10602,4.54763
5/25/2020 8:30,-1.19912,5.76257,4.56345
5/25/2020 9:00,-1.4949493,6.12752,4.6325707
5/25/2020 9:30,0.2014157,4.48043,4.6818457
5/25/2020 10:00,3.2268076,1.54286,4.7696676
5/25/2020 10:30,5.348467,-0.502899,4.845568
5/25/2020 11:00,7.364432,-2.41026,4.954172
5/25/2020 11:30,7.714962,-2.64782,5.067142
5/25/2020 12:00,11.6795886,-6.44641,5.2331786
5/25/2020 12:30,12.1157352,-6.85976,5.2559752
5/25/2020 13:00,10.536701,-5.08633,5.450371
5/25/2020 13:30,10.997756,-5.52018,5.477576
5/25/2020 14:00,10.6710765,-5.15539,5.5156865
5/25/2020 14:30,10.4969495,-4.93657,5.5603795
5/25/2020 15:00,12.075363,-6.37081,5.704553
5/25/2020 15:30,12.481703,-6.63992,5.841783
5/25/2020 16:00,12.948999,-7.02978,5.919219
5/25/2020 16:30,12.2972646,-6.38689,5.9103746
5/25/2020 17:00,9.732752,-3.92607,5.806682
5/25/2020 17:30,7.72165,-2.02115,5.7005
5/25/2020 18:00,8.9189234,-3.19733,5.7215934
5/25/2020 18:30,7.962982,-2.36551,5.597472
5/25/2020 19:00,5.009778,0.30587,5.315648
5/25/2020 19:30,0.3188417,4.83056,5.1494017
5/25/2020 20:00,-0.785611,5.81954,5.033929
5/25/2020 20:30,0.9986697,3.92102,4.9196897
5/25/2020 21:00,-0.3216095,5.22259,4.9009805
5/25/2020 21:30,2.2392006,2.69557,4.9347706
5/25/2020 22:00,0.720819,4.21968,4.940499
5/25/2020 22:30,0.59891,4.32832,4.92723
5/25/2020 23:00,1.869123,3.03067,4.899793
5/25/2020 23:30,1.503614,3.39869,4.902304
5/26/2020 0:00,2.345396,2.58424,4.929636
5/26/2020 0:30,0.920828,4.02611,4.946938
5/26/2020 1:00,0.1463597,4.77826,4.9246197
5/26/2020 1:30,-0.909871,5.82297,4.913099
5/26/2020 2:00,0.5591736,4.2981,4.8572736
5/26/2020 2:30,1.106037,3.7505,4.856537
5/26/2020 3:00,1.99137,2.87054,4.86191
5/26/2020 3:30,2.382246,2.48504,4.867286
5/26/2020 4:00,2.000462,2.86057,4.861032
5/26/2020 4:30,1.71787,3.12663,4.8445
5/26/2020 5:00,2.2485846,2.60174,4.8503246
5/26/2020 5:30,0.7574877,4.09652,4.8540077
5/26/2020 6:00,1.704302,3.14249,4.846792
5/26/2020 6:30,1.5499495,3.31557,4.8655195
5/26/2020 7:00,1.316403,3.58292,4.899323
5/26/2020 7:30,-3.2609216,8.18916,4.9282384
5/26/2020 8:00,-0.318265,5.28098,4.962715
5/26/2020 8:30,0.9443315,4.09365,5.0379815
5/26/2020 9:00,1.8241904,3.26634,5.0905304
5/26/2020 9:30,5.1721392,-0.0345602,5.137579
5/26/2020 10:00,6.667857,-1.42583,5.242027
5/26/2020 10:30,6.8461475,-1.56254,5.2836075
5/26/2020 11:00,7.5841476,-2.13893,5.4452176
5/26/2020 11:30,10.4462284,-4.85645,5.5897784
5/26/2020 12:00,12.3705683,-6.65309,5.7174783
5/26/2020 12:30,11.6597214,-5.84616,5.8135614
5/26/2020 13:00,11.733072,-5.79772,5.935352
5/26/2020 13:30,12.245769,-6.26449,5.981279
5/26/2020 14:00,13.6108363,-7.5209,6.0899363
5/26/2020 14:30,11.996463,-5.88586,6.110603
5/26/2020 15:00,13.529297,-7.26843,6.260867
5/26/2020 15:30,11.037003,-4.8084,6.228603
5/26/2020 16:00,13.757843,-7.41097,6.346873
5/26/2020 16:30,9.205453,-2.88166,6.323793
5/26/2020 17:00,7.514817,-1.46167,6.053147
5/26/2020 17:30,9.077036,-2.99354,6.083496
5/26/2020 18:00,8.1707196,-2.08041,6.0903096
5/26/2020 18:30,3.913979,2.03045,5.944429
5/26/2020 19:00,2.636081,3.21341,5.849491
5/26/2020 19:30,2.029426,3.72141,5.750836
5/26/2020 20:00,-0.6252633,6.1741,5.5488367
5/26/2020 20:30,2.3252074,3.03067,5.3558774
5/26/2020 21:00,-1.1054476,6.36635,5.2609024
5/26/2020 21:30,2.0801043,3.15411,5.2342143
5/26/2020 22:00,1.8101865,3.37684,5.1870265
5/26/2020 22:30,2.2259203,2.9204,5.1463203
5/26/2020 23:00,1.881437,3.25352,5.134957
5/26/2020 23:30,1.5644284,3.56322,5.1276484
5/27/2020 0:00,1.7140885,3.41861,5.1326985
5/27/2020 0:30,1.699237,3.41861,5.117847
5/27/2020 1:00,1.688441,3.41861,5.107051
5/27/2020 1:30,1.668208,3.41861,5.086818
5/27/2020 2:00,1.7234107,3.37016,5.0935707
5/27/2020 2:30,2.829544,2.29027,5.119814
5/27/2020 3:00,0.011749,5.1348,5.146549
5/27/2020 3:30,1.7396017,3.41861,5.1582117
5/27/2020 4:00,1.7187005,3.41861,5.1373105
5/27/2020 4:30,1.711468,3.41861,5.130078
5/27/2020 5:00,1.7043797,3.41861,5.1229897
5/27/2020 5:30,1.5987693,3.52958,5.1283493
5/27/2020 6:00,2.012829,3.13918,5.152009
5/27/2020 6:30,1.6052065,3.56638,5.1715865
5/27/2020 7:00,-2.9873983,8.18916,5.2017617
5/27/2020 7:30,0.7251307,4.52641,5.2515407
5/27/2020 8:00,4.2527204,1.13766,5.3903804
5/27/2020 8:30,8.791556,-3.14667,5.644886
5/27/2020 9:00,11.5051334,-5.49908,6.0060534
5/27/2020 9:30,10.4868666,-4.2864,6.2004666
5/27/2020 10:00,12.123278,-5.67541,6.447868
5/27/2020 10:30,12.552802,-5.94731,6.605492
5/27/2020 11:00,14.5726203,-7.87786,6.6947603
5/27/2020 11:30,13.0228117,-6.22768,6.7951317
5/27/2020 12:00,13.6418047,-6.7451,6.8967047
5/27/2020 12:30,16.7806333,-9.84177,6.9388633
5/27/2020 13:00,16.6760435,-9.66641,7.0096335
5/27/2020 13:30,16.559793,-9.50497,7.054823
5/27/2020 14:00,17.8426165,-10.8287,7.0139165
5/27/2020 14:30,17.0482023,-10.0546,6.9936023
5/27/2020 15:00,14.7143995,-7.70602,7.0083795
5/27/2020 15:30,16.1453042,-9.28333,6.8619742
5/27/2020 16:00,10.305363,-3.92753,6.377833
5/27/2020 16:30,13.83802,-7.2777,6.56032
5/27/2020 17:00,10.58396,-3.95585,6.62811
5/27/2020 17:30,4.9751653,1.43955,6.4147153
5/27/2020 18:00,3.298431,2.88267,6.181101
5/27/2020 18:30,6.0344936,0.211933,6.2464266
5/27/2020 19:00,0.9998147,5.19187,6.1916847
5/27/2020 19:30,1.9377515,4.28211,6.2198615
5/27/2020 20:00,0.0694873,6.16831,6.2377973
5/27/2020 20:30,-2.671278,8.91471,6.243432
5/27/2020 21:00,-1.02106,7.27297,6.25191
5/27/2020 21:30,-1.0007486,7.23142,6.2306714
5/27/2020 22:00,0.3123035,5.955,6.2673035
5/27/2020 22:30,1.866966,4.43445,6.301416
5/27/2020 23:00,2.993017,3.31058,6.303597
5/27/2020 23:30,1.659797,4.6463,6.306097
5/28/2020 0:00,0.2692923,5.98415,6.2534423
5/28/2020 0:30,-2.782735,8.84289,6.060155
5/28/2020 1:00,-5.3231216,11.3483,6.0251784
5/28/2020 1:30,-5.761377,11.8267,6.065323
5/28/2020 2:00,-2.0805526,8.19975,6.1191974
5/28/2020 2:30,-6.340995,12.4715,6.130505
5/28/2020 3:00,-5.1801434,11.3483,6.1681566
5/28/2020 3:30,-5.377355,11.587,6.209645
5/28/2020 4:00,-0.7701675,7.00202,6.2318525
5/28/2020 4:30,0.2212615,6.00984,6.2311015
5/28/2020 5:00,-5.180939,11.3664,6.185461
5/28/2020 5:30,-5.279553,11.4751,6.195547
5/28/2020 6:00,1.9352785,4.26764,6.2029185
5/28/2020 6:30,-6.278167,12.4995,6.221333
5/28/2020 7:00,-7.644161,13.8796,6.235439
5/28/2020 7:30,0.1262264,6.00666,6.1328864
5/28/2020 8:00,1.1402334,4.97431,6.1145434
5/28/2020 8:30,1.72966,4.51755,6.24721
5/28/2020 9:00,4.9773425,1.44129,6.4186325
5/28/2020 9:30,7.3844434,-0.853655,6.5307884
5/28/2020 10:00,7.182047,-0.732005,6.450042
5/28/2020 10:30,2.09246,4.04901,6.14147
5/28/2020 11:00,11.8255145,-5.55075,6.2747645
5/28/2020 11:30,13.307685,-6.71871,6.588975
5/28/2020 12:00,7.5770325,-1.17841,6.3986225
5/28/2020 12:30,12.943799,-6.16023,6.783569
5/28/2020 13:00,15.292849,-8.32171,6.971139
5/28/2020 13:30,16.0061436,-8.94799,7.0581536
5/28/2020 14:00,14.821508,-7.71066,7.110848
5/28/2020 14:30,15.2263126,-8.07303,7.1532826
5/28/2020 15:00,15.7240687,-8.44975,7.2743187
5/28/2020 15:30,9.2346757,-2.26558,6.9690957
5/28/2020 16:00,5.168255,1.29907,6.467325
5/28/2020 16:30,2.2369106,4.15818,6.3950906
5/28/2020 17:00,4.2672085,2.13971,6.4069185
5/28/2020 17:30,9.169466,-2.59965,6.569816
5/28/2020 18:00,12.945718,-6.04424,6.901478
5/28/2020 18:30,7.6395687,-0.721321,6.9182477
5/28/2020 19:00,3.394479,3.44154,6.836019
5/28/2020 19:30,1.32742,5.39575,6.72317
5/28/2020 20:00,1.857941,4.77155,6.629491
5/28/2020 20:30,-0.408278,6.94133,6.533052
5/28/2020 21:00,-1.897577,8.36007,6.462493
5/28/2020 21:30,-1.367867,7.81714,6.449273
5/28/2020 22:00,-1.5083444,7.95945,6.4511056
5/28/2020 22:30,-0.1850777,6.61125,6.4261723
5/28/2020 23:00,-0.572682,6.99531,6.422628
5/28/2020 23:30,-0.9926056,7.41477,6.4221644
5/29/2020 0:00,0.034822,6.3963,6.431122
5/29/2020 0:30,0.3115614,6.12202,6.4335814
5/29/2020 1:00,-0.9081327,7.33132,6.4231873
5/29/2020 1:30,-1.698792,8.11645,6.417658
5/29/2020 2:00,-0.838797,7.24782,6.409023
5/29/2020 2:30,-0.7359006,7.16595,6.4300494
5/29/2020 3:00,0.585491,5.83151,6.417001
5/29/2020 3:30,0.6042964,5.81547,6.4197664
5/29/2020 4:00,-4.1042283,10.438,6.3337717
5/29/2020 4:30,-0.591499,6.87066,6.279161
5/29/2020 5:00,0.387387,5.89069,6.278077
5/29/2020 5:30,-2.526478,8.83644,6.309962
5/29/2020 6:00,-1.6383414,8.00741,6.3690686
5/29/2020 6:30,1.094548,5.31216,6.406708
5/29/2020 7:00,1.1105357,5.34627,6.4568057
5/29/2020 7:30,3.787223,2.77594,6.563163
5/29/2020 8:00,-0.9213436,7.44921,6.5278664
5/29/2020 8:30,-17.0905254,23.4106,6.3200746
5/29/2020 9:00,1.5129997,4.75114,6.2641397
5/29/2020 9:30,-5.8557593,12.1491,6.2933407
5/29/2020 10:00,7.447013,-1.08476,6.362253
5/29/2020 10:30,8.330974,-1.78056,6.550414
5/29/2020 11:00,8.998644,-2.30792,6.690724
5/29/2020 11:30,5.4962005,0.983553,6.4797535
5/29/2020 12:00,11.5814677,-4.84472,6.7367477
5/29/2020 12:30,13.5778503,-6.64648,6.9313703
5/29/2020 13:00,9.3091036,-2.42546,6.8836436
5/29/2020 13:30,9.0507253,-2.40423,6.6464953
5/29/2020 14:00,13.10817,-6.37903,6.72914
5/29/2020 14:30,0.458133,5.83711,6.295243
5/29/2020 15:00,4.026755,2.1739,6.200655
5/29/2020 15:30,8.956285,-2.58428,6.372005
5/29/2020 16:00,3.932502,2.43358,6.366082
5/29/2020 16:30,6.4599923,-0.0724839,6.3875084
5/29/2020 17:00,7.923667,-1.46169,6.461977
5/29/2020 17:30,4.282884,2.21827,6.501154
5/29/2020 18:00,2.8093156,3.67272,6.4820356
5/29/2020 18:30,1.4865784,4.98974,6.4763184
5/29/2020 19:00,1.611615,4.84188,6.453495
5/29/2020 19:30,0.287002,6.08376,6.370762
5/29/2020 20:00,1.7364814,4.62164,6.3581214
5/29/2020 20:30,-0.1348113,6.47094,6.3361287
5/29/2020 21:00,-2.7505387,9.08749,6.3369513
5/29/2020 21:30,-3.0040253,9.35231,6.3482847
5/29/2020 22:00,-0.4954177,6.85037,6.3549523
5/29/2020 22:30,-1.8027794,8.14202,6.3392406
5/29/2020 23:00,-1.94598,8.23921,6.29323
5/29/2020 23:30,-1.49716,7.74345,6.24629
5/30/2020 0:00,1.0777624,5.15537,6.2331324
5/30/2020 0:30,-2.099479,8.30819,6.208711
5/30/2020 1:00,-0.6098873,6.81379,6.2039027
5/30/2020 1:30,0.4157856,5.8043,6.2200856
5/30/2020 2:00,-0.4854283,6.697,6.2115717
5/30/2020 2:30,-2.6455784,8.8989,6.2533216
5/30/2020 3:00,1.202723,5.12159,6.324313
5/30/2020 3:30,2.192978,4.16655,6.359528
5/30/2020 4:00,0.3817872,6.02103,6.4028172
5/30/2020 4:30,2.654671,3.78154,6.436211
5/30/2020 5:00,0.966398,5.46342,6.429818
5/30/2020 5:30,-0.9435767,7.34766,6.4040833
5/30/2020 6:00,-0.3059744,6.68478,6.3788056
5/30/2020 6:30,1.4977675,4.88065,6.3784175
5/30/2020 7:00,2.1420537,4.25114,6.3931937
5/30/2020 7:30,3.3835513,3.10828,6.4918313
5/30/2020 8:00,3.562401,2.92354,6.485941
5/30/2020 8:30,7.6342474,-1.08703,6.5472174
5/30/2020 9:00,8.169262,-1.49241,6.676852
5/30/2020 9:30,11.3319986,-4.49594,6.8360586
5/30/2020 10:00,10.7529765,-3.90267,6.8503065
5/30/2020 10:30,10.9926347,-4.08256,6.9100747
5/30/2020 11:00,10.8497595,-3.84453,7.0052295
5/30/2020 11:30,13.197689,-6.02984,7.167849
5/30/2020 12:00,16.7442734,-9.44649,7.2977834
5/30/2020 12:30,14.7947035,-7.44907,7.3456335
5/30/2020 13:00,17.0843783,-9.65202,7.4323583
5/30/2020 13:30,15.7673543,-8.25962,7.5077343
5/30/2020 14:00,11.88926,-4.43753,7.45173
5/30/2020 14:30,13.3925003,-5.81714,7.5753603
5/30/2020 15:00,14.2608697,-6.67685,7.5840197
5/30/2020 15:30,13.787307,-6.07698,7.710327
5/30/2020 16:00,13.6442893,-5.97168,7.6726093
5/30/2020 16:30,10.467612,-2.95701,7.510602
5/30/2020 17:00,10.7021603,-3.10015,7.6020103
5/30/2020 17:30,9.230747,-1.68777,7.542977
5/30/2020 18:00,9.96356,-2.39701,7.56655
5/30/2020 18:30,7.9348104,-0.449723,7.4850874
5/30/2020 19:00,6.7826174,0.603872,7.3864894
5/30/2020 19:30,4.51701,2.76529,7.2823
5/30/2020 20:00,1.5205775,5.55554,7.0761175
5/30/2020 20:30,2.3150126,4.59523,6.9102426
5/30/2020 21:00,0.7938227,6.01608,6.8099027
5/30/2020 21:30,1.522755,5.10525,6.628005
5/30/2020 22:00,0.336003,6.0392,6.375203
5/30/2020 22:30,-1.0149777,7.37305,6.3580723
5/30/2020 23:00,-1.34043,7.6544,6.31397
5/30/2020 23:30,-1.0964496,7.39837,6.3019204
5/31/2020 0:00,-1.9845727,8.23332,6.2487473
5/31/2020 0:30,-0.1943247,6.38187,6.1875453
5/31/2020 1:00,-0.7151055,6.93047,6.2153645
5/31/2020 1:30,-1.073807,7.34836,6.274553
5/31/2020 2:00,-3.8077213,10.1084,6.3006787
5/31/2020 2:30,-1.82199,8.11969,6.2977
5/31/2020 3:00,-1.814459,8.11969,6.305231
5/31/2020 3:30,-1.838502,8.11969,6.281188
5/31/2020 4:00,-2.419597,8.6812,6.261603
5/31/2020 4:30,-1.8205066,8.11969,6.2991834
5/31/2020 5:00,-1.8086515,8.11969,6.3110385
5/31/2020 5:30,-1.0513887,7.34836,6.2969713
5/31/2020 6:00,0.2304883,6.04772,6.2782083
5/31/2020 6:30,2.651359,3.55833,6.209689
5/31/2020 7:00,3.089396,3.09259,6.181986
5/31/2020 7:30,5.156311,1.06492,6.221231
5/31/2020 8:00,10.1462444,-3.80098,6.3452644
5/31/2020 8:30,12.5933016,-6.17569,6.4176116
5/31/2020 9:00,12.6879413,-6.17361,6.5143313
5/31/2020 9:30,14.21559,-7.63432,6.58127
5/31/2020 10:00,15.364861,-8.69681,6.668051
5/31/2020 10:30,16.4665823,-9.65202,6.8145623
5/31/2020 11:00,15.7986047,-8.9465,6.8521047
5/31/2020 11:30,16.2107024,-9.29042,6.9202824
5/31/2020 12:00,17.9228,-11.0109,6.9119
5/31/2020 12:30,18.4312195,-11.5148,6.9164195
5/31/2020 13:00,18.7766156,-11.8023,6.9743156
5/31/2020 13:30,18.7510257,-11.8023,6.9487257
5/31/2020 14:00,15.8192045,-8.9465,6.8727045
5/31/2020 14:30,18.4622685,-11.5143,6.9479685
5/31/2020 15:00,16.5015184,-9.55851,6.9430084
5/31/2020 15:30,15.97067,-9.07392,6.89675
5/31/2020 16:00,16.7744517,-9.84588,6.9285717
5/31/2020 16:30,15.2290302,-8.33278,6.8962502
5/31/2020 17:00,13.070064,-6.29012,6.779944
5/31/2020 17:30,14.26979,-7.48192,6.78787
5/31/2020 18:00,13.051168,-6.29012,6.761048
5/31/2020 18:30,11.5122647,-4.86097,6.6512947
5/31/2020 19:00,7.444312,-0.941736,6.502576
5/31/2020 19:30,4.0644537,2.30061,6.3650637
5/31/2020 20:00,3.9527416,2.16675,6.1194916
5/31/2020 20:30,1.314357,4.50686,5.821217
5/31/2020 21:00,-0.964802,6.54813,5.583328
5/31/2020 21:30,-4.8126388,10.2191,5.4064612
5/31/2020 22:00,-0.9694015,6.07505,5.1056485
5/31/2020 22:30,-1.176491,6.07505,4.898559
5/31/2020 23:00,-1.42462,6.07505,4.65043
5/31/2020 23:30,-1.4718224,6.09293,4.6211076
6/1/2020 0:00,-1.690617,6.09293,4.402313
6/1/2020 0:30,-1.737444,6.09293,4.355486
6/1/2020 1:00,-1.7536923,6.09293,4.3392377
6/1/2020 1:30,-1.8810393,6.09293,4.2118907
6/1/2020 2:00,-1.873711,6.09293,4.219219
6/1/2020 2:30,-1.9307286,6.09293,4.1622014
6/1/2020 3:00,-1.8642972,6.11879,4.2544928
6/1/2020 3:30,-1.8108526,6.13792,4.3270674
6/1/2020 4:00,-1.772675,6.13792,4.365245
6/1/2020 4:30,-1.797467,6.1465,4.349033
6/1/2020 5:00,-1.902471,6.16372,4.261249
6/1/2020 5:30,-1.9101013,6.16372,4.2536187
6/1/2020 6:00,-2.0996147,6.17165,4.0720353
6/1/2020 6:30,-1.57312,5.88952,4.3164
6/1/2020 7:00,1.33055,3.05662,4.38717
6/1/2020 7:30,7.133914,-2.10144,5.032474
6/1/2020 8:00,9.8764565,-4.10761,5.7688465
6/1/2020 8:30,12.206863,-6.23473,5.972133
6/1/2020 9:00,11.5377747,-5.44551,6.0922647
6/1/2020 9:30,11.481973,-5.2542,6.227773
6/1/2020 10:00,9.224986,-2.93062,6.294366
6/1/2020 10:30,16.67437,-10.2936,6.38077
6/1/2020 11:00,16.012771,-9.65073,6.362041
6/1/2020 11:30,15.2210686,-8.86364,6.3574286
6/1/2020 12:00,15.6477406,-9.34565,6.3020906
6/1/2020 12:30,17.7722635,-11.4512,6.3210635
6/1/2020 13:00,17.5027385,-11.1952,6.3075385
6/1/2020 13:30,17.54895,-11.1952,6.35375
6/1/2020 14:00,17.3535534,-10.9501,6.4034534
6/1/2020 14:30,16.729022,-10.3001,6.428922
6/1/2020 15:00,15.0425113,-8.63142,6.4110913
6/1/2020 15:30,16.4751563,-9.99545,6.4797063
6/1/2020 16:00,15.4090216,-8.8994,6.5096216
6/1/2020 16:30,16.12267,-9.5849,6.53777
6/1/2020 17:00,12.3091914,-5.73092,6.5782714
6/1/2020 17:30,14.1956786,-7.62931,6.5663686
6/1/2020 18:00,9.725728,-3.28551,6.440218
6/1/2020 18:30,9.059802,-2.69014,6.369662
6/1/2020 19:00,7.1757466,-0.998428,6.1773186
6/1/2020 19:30,5.5941054,0.427338,6.0214434
6/1/2020 20:00,3.7975783,1.98274,5.7803183
6/1/2020 20:30,-0.2604246,5.76332,5.5028954
6/1/2020 21:00,-0.9449216,6.19762,5.2526984
6/1/2020 21:30,-1.1317117,6.23016,5.0984483
6/1/2020 22:00,-1.312072,6.2397,4.927628
6/1/2020 22:30,-1.485843,6.24796,4.762117
6/1/2020 23:00,-1.4718956,6.24796,4.7760644
6/1/2020 23:30,-1.5712745,6.26492,4.6936455
6/2/2020 0:00,-1.7416284,6.26492,4.5232916
6/2/2020 0:30,-1.621992,6.26492,4.642928
6/2/2020 1:00,-1.5613425,6.26492,4.7035775
6/2/2020 1:30,-6.4985225,11.2351,4.7365775
6/2/2020 2:00,-4.6183664,9.38791,4.7695436
6/2/2020 2:30,-5.8789383,10.6351,4.7561617
6/2/2020 3:00,-1.5301187,6.26492,4.7348013
6/2/2020 3:30,-1.5205166,6.26492,4.7444034
6/2/2020 4:00,-1.485101,6.26492,4.779819
6/2/2020 4:30,-1.5334504,6.26492,4.7314696
6/2/2020 5:00,-1.5212054,6.28686,4.7656546
6/2/2020 5:30,-1.7788408,6.30005,4.5212092
6/2/2020 6:00,-1.9452203,6.2898,4.3445797
6/2/2020 6:30,-1.4367196,6.08871,4.6519904
6/2/2020 7:00,-11.5229953,16.5033,4.9803047
6/2/2020 7:30,1.8958767,3.57465,5.4705267
6/2/2020 8:00,9.412751,-3.57033,5.842421
6/2/2020 8:30,12.317237,-6.15068,6.166557
6/2/2020 9:00,12.3784516,-5.98545,6.3930016
6/2/2020 9:30,13.540255,-7.07119,6.469065
6/2/2020 10:00,15.301461,-8.73748,6.563981
6/2/2020 10:30,16.3179007,-9.62179,6.6961107
6/2/2020 11:00,17.650524,-10.8946,6.755924
6/2/2020 11:30,18.131834,-11.2939,6.837934
6/2/2020 12:00,18.107172,-11.2348,6.872372
6/2/2020 12:30,16.6563193,-9.82675,6.8295693
6/2/2020 13:00,17.9079597,-10.8857,7.0222597
6/2/2020 13:30,17.956135,-10.9248,7.031335
6/2/2020 14:00,16.8116694,-9.83459,6.9770794
6/2/2020 14:30,14.072048,-7.12636,6.945688
6/2/2020 15:00,15.564978,-8.51062,7.054358
6/2/2020 15:30,16.340454,-9.20582,7.134634
6/2/2020 16:00,12.0622956,-5.01045,7.0518456
6/2/2020 16:30,14.403124,-7.3428,7.060324
6/2/2020 17:00,13.478249,-6.4239,7.054349
6/2/2020 17:30,12.074567,-5.0416,7.032967
6/2/2020 18:00,10.0880907,-3.13849,6.9496007
6/2/2020 18:30,8.864653,-1.97393,6.890723
6/2/2020 19:00,7.342048,-0.46046,6.881588
6/2/2020 19:30,5.3870064,1.33754,6.7245464
6/2/2020 20:00,3.9636157,2.58763,6.5512457
6/2/2020 20:30,0.2456056,6.1163,6.3619056
6/2/2020 21:00,1.037294,5.23103,6.268324
6/2/2020 21:30,0.3251657,5.8918,6.2169657
6/2/2020 22:00,0.079712,6.09183,6.171542
6/2/2020 22:30,0.5863683,5.58054,6.1669083
6/2/2020 23:00,-0.8747377,7.01862,6.1438823
6/2/2020 23:30,-0.2698357,6.41484,6.1450043
6/3/2020 0:00,0.120796,6.02221,6.143006
6/3/2020 0:30,0.567466,5.53156,6.099026
6/3/2020 1:00,1.0647424,4.99426,6.0590024
6/3/2020 1:30,0.376325,5.65367,6.029995
6/3/2020 2:00,1.0746827,4.93928,6.0139627
6/3/2020 2:30,0.6484524,5.37652,6.0249724
6/3/2020 3:00,0.5913794,5.41168,6.0030594
6/3/2020 3:30,-0.0433336,6.04381,6.0004764
6/3/2020 4:00,0.8871467,5.10093,5.9880767
6/3/2020 4:30,0.557721,5.41944,5.977161
6/3/2020 5:00,0.9567696,4.96601,5.9227796
6/3/2020 5:30,0.5312833,5.34793,5.8792133
6/3/2020 6:00,1.019294,4.83763,5.856924
6/3/2020 6:30,1.9883738,3.86833,5.8567038
6/3/2020 7:00,4.1348973,1.77427,5.9091673
6/3/2020 7:30,7.4550186,-1.3886,6.0664186
6/3/2020 8:00,8.9216003,-2.75531,6.1662903
6/3/2020 8:30,12.0285777,-5.70091,6.3276677
6/3/2020 9:00,14.291716,-7.82904,6.462676
6/3/2020 9:30,17.1060565,-10.4882,6.6178565
6/3/2020 10:00,17.6260326,-10.9047,6.7213326
6/3/2020 10:30,17.60792,-10.802,6.80592
6/3/2020 11:00,18.92445,-12.0121,6.91235
6/3/2020 11:30,18.680044,-11.6285,7.051544
6/3/2020 12:00,18.750638,-11.5568,7.193838
6/3/2020 12:30,17.5703624,-10.2582,7.3121624
6/3/2020 13:00,17.9127177,-10.5401,7.3726177
6/3/2020 13:30,19.5180435,-12.013,7.5050435
6/3/2020 14:00,17.8472802,-10.2695,7.5777802
6/3/2020 14:30,17.3595157,-9.77101,7.5885057
6/3/2020 15:00,16.37744,-8.73044,7.647
6/3/2020 15:30,15.412855,-7.68862,7.724235
6/3/2020 16:00,15.6038576,-7.88441,7.7194476
6/3/2020 16:30,15.129046,-7.38797,7.741076
6/3/2020 17:00,13.855513,-6.10247,7.753043
6/3/2020 17:30,12.990941,-5.25536,7.735581
6/3/2020 18:00,11.5391524,-3.85868,7.6804724
6/3/2020 18:30,9.5724186,-2.06466,7.5077586
6/3/2020 19:00,8.1020672,-0.879411,7.2226562
6/3/2020 19:30,4.9424377,2.12466,7.0670977
6/3/2020 20:00,3.313482,3.54674,6.860222
6/3/2020 20:30,-0.0673697,6.77865,6.7112803
6/3/2020 21:00,-0.0682255,6.68429,6.6160645
6/3/2020 21:30,0.130527,6.39951,6.530037
6/3/2020 22:00,0.2694464,6.17733,6.4467764
6/3/2020 22:30,-0.040725,6.42266,6.381935
6/3/2020 23:00,0.263797,6.05992,6.323717
6/3/2020 23:30,0.705332,5.58402,6.289352
6/4/2020 0:00,0.059729,6.18517,6.244899
6/4/2020 0:30,0.505084,5.71544,6.220524
6/4/2020 1:00,-0.4306963,6.63744,6.2067437
6/4/2020 1:30,0.4013373,5.78801,6.1893473
6/4/2020 2:00,-0.0519583,6.18873,6.1367717
6/4/2020 2:30,0.049989,6.03485,6.084839
6/4/2020 3:00,0.284536,5.74823,6.032766
6/4/2020 3:30,0.691437,5.32308,6.014517
6/4/2020 4:00,0.0806466,5.91295,5.9935966
6/4/2020 4:30,1.657831,4.30208,5.959911
6/4/2020 5:00,0.8990613,5.00603,5.9050913
6/4/2020 5:30,0.3708585,5.49917,5.8700285
6/4/2020 6:00,0.480329,5.36903,5.849359
6/4/2020 6:30,1.7999154,4.09628,5.8961954
6/4/2020 7:00,2.8580695,3.16297,6.0210395
6/4/2020 7:30,7.8143346,-1.648,6.1663346
6/4/2020 8:00,12.022488,-5.68868,6.333808
6/4/2020 8:30,12.608682,-6.19056,6.418122
6/4/2020 9:00,13.6119433,-7.09374,6.5182033
6/4/2020 9:30,15.345097,-8.77692,6.568177
6/4/2020 10:00,15.788916,-9.13214,6.656776
6/4/2020 10:30,18.4120853,-11.5809,6.8311853
6/4/2020 11:00,18.2534704,-11.2999,6.9535704
6/4/2020 11:30,17.738364,-10.6722,7.066164
6/4/2020 12:00,17.4508343,-10.2914,7.1594343
6/4/2020 12:30,18.5391357,-11.2842,7.2549357
6/4/2020 13:00,20.2033996,-12.8596,7.3437996
6/4/2020 13:30,17.9743994,-10.5623,7.4120994
6/4/2020 14:00,18.1974545,-10.7956,7.4018545
6/4/2020 14:30,15.9525997,-8.65227,7.3003297
6/4/2020 15:00,17.7054376,-10.282,7.4234376
6/4/2020 15:30,16.607155,-9.19935,7.407805
6/4/2020 16:00,15.80307,-8.42608,7.37699
6/4/2020 16:30,15.1848104,-7.81408,7.3707304
6/4/2020 17:00,14.305043,-7.01838,7.286663
6/4/2020 17:30,13.7797685,-6.54388,7.2358885
6/4/2020 18:00,11.558841,-4.43946,7.119381
6/4/2020 18:30,10.2848715,-3.29538,6.9894915
6/4/2020 19:00,8.062539,-1.22843,6.834109
6/4/2020 19:30,5.6702303,1.04521,6.7154403
6/4/2020 20:00,4.268715,2.26814,6.536855
6/4/2020 20:30,0.416988,5.89743,6.314418
6/4/2020 21:00,-0.4281806,6.69321,6.2650294
6/4/2020 21:30,0.121839,6.07682,6.198659
6/4/2020 22:00,0.2687343,5.80465,6.0733843
6/4/2020 22:30,0.9057605,5.06791,5.9736705
6/4/2020 23:00,-0.373946,6.2882,5.914254
6/4/2020 23:30,0.690934,5.24012,5.931054
6/5/2020 0:00,0.2982377,5.64248,5.9407177
6/5/2020 0:30,0.7490784,5.17808,5.9271584
6/5/2020 1:00,0.7258557,5.2057,5.9315557
6/5/2020 1:30,0.8973925,4.98438,5.8817725
6/5/2020 2:00,1.98216,3.83771,5.81987
6/5/2020 2:30,0.3314683,5.49841,5.8298783
6/5/2020 3:00,2.934782,2.94133,5.876112
6/5/2020 3:30,0.617402,5.20444,5.821842
6/5/2020 4:00,0.049776,5.77912,5.828896
6/5/2020 4:30,0.0373165,5.78315,5.8204665
6/5/2020 5:00,-0.308582,6.14291,5.834328
6/5/2020 5:30,-7.504678,13.3411,5.836422
6/5/2020 6:00,-4.090322,9.96347,5.873148
6/5/2020 6:30,1.9573936,3.92834,5.8857336
6/5/2020 7:00,0.8314316,5.09358,5.9250116
6/5/2020 7:30,3.5107637,2.53971,6.0504737
6/5/2020 8:00,3.794282,2.42597,6.220252
6/5/2020 8:30,11.232467,-4.83092,6.401547
6/5/2020 9:00,15.041097,-8.4476,6.593497
6/5/2020 9:30,14.8910844,-8.2576,6.6334844
6/5/2020 10:00,14.521893,-7.9017,6.620193
6/5/2020 10:30,20.0880406,-13.2825,6.8055406
6/5/2020 11:00,18.3755135,-11.6219,6.7536135
6/5/2020 11:30,16.627189,-9.91697,6.710219
6/5/2020 12:00,17.7219298,-11.0476,6.6743298
6/5/2020 12:30,22.4390405,-15.5988,6.8402405
6/5/2020 13:00,19.3417486,-12.4316,6.9101486
6/5/2020 13:30,19.137993,-12.2508,6.887193
6/5/2020 14:00,18.0430064,-11.1134,6.9296064
6/5/2020 14:30,17.489819,-10.5452,6.944619
6/5/2020 15:00,19.687974,-12.668,7.019974
6/5/2020 15:30,17.369545,-10.4766,6.892945
6/5/2020 16:00,17.149965,-10.2825,6.867465
6/5/2020 16:30,17.9589153,-11.0319,6.9270153
6/5/2020 17:00,16.8010365,-9.97392,6.8271165
6/5/2020 17:30,12.0438355,-5.34424,6.6995955
6/5/2020 18:00,11.150654,-4.48805,6.662604
6/5/2020 18:30,9.7054596,-3.06813,6.6373296
6/5/2020 19:00,4.97163,1.5359,6.50753
6/5/2020 19:30,5.530475,0.931155,6.46163
6/5/2020 20:00,4.2013907,2.22081,6.4222007
6/5/2020 20:30,0.634291,5.63314,6.267431
6/5/2020 21:00,-0.3696,6.54419,6.17459
6/5/2020 21:30,-0.3783243,6.45349,6.0751657
6/5/2020 22:00,0.283855,5.73496,6.018815
6/5/2020 22:30,0.542717,5.46832,6.011037
6/5/2020 23:00,-0.2130263,6.21048,5.9974537
6/5/2020 23:30,0.756702,5.22931,5.986012
6/6/2020 0:00,-0.313227,6.24805,5.934823
6/6/2020 0:30,-0.1070487,6.01988,5.9128313
6/6/2020 1:00,-0.2332223,6.16444,5.9312177
6/6/2020 1:30,-0.0611107,6.01146,5.9503493
6/6/2020 2:00,0.8843606,5.04478,5.9291406
6/6/2020 2:30,0.85275,5.06649,5.91924
6/6/2020 3:00,-0.5593445,6.50122,5.9418755
6/6/2020 3:30,0.970779,4.98318,5.953959
6/6/2020 4:00,-0.4812005,6.41168,5.9304795
6/6/2020 4:30,0.7398864,5.16513,5.9050164
6/6/2020 5:00,0.18704,5.66195,5.84899
6/6/2020 5:30,0.3682213,5.46385,5.8320713
6/6/2020 6:00,0.152246,5.67835,5.830596
6/6/2020 6:30,1.257734,4.58712,5.844854
6/6/2020 7:00,4.09643,1.85173,5.94816
6/6/2020 7:30,7.970604,-1.83247,6.138134
6/6/2020 8:00,10.4615835,-4.18792,6.2736635
6/6/2020 8:30,10.9731803,-4.66186,6.3113203
6/6/2020 9:00,11.9463735,-5.58842,6.3579535
6/6/2020 9:30,12.4153117,-6.00465,6.4106617
6/6/2020 10:00,11.015304,-4.6467,6.368604
6/6/2020 10:30,12.8816545,-6.47346,6.4081945
6/6/2020 11:00,11.5945473,-5.14218,6.4523673
6/6/2020 11:30,14.422036,-7.90028,6.521756
6/6/2020 12:00,16.479511,-9.81698,6.662531
6/6/2020 12:30,15.003548,-8.31143,6.692118
6/6/2020 13:00,13.8256435,-7.10042,6.7252235
6/6/2020 13:30,17.8124805,-10.968,6.8444805
6/6/2020 14:00,23.3367927,-16.2319,7.1048927
6/6/2020 14:30,23.7459664,-16.5506,7.1953664
6/6/2020 15:00,17.6205683,-10.48,7.1405683
6/6/2020 15:30,5.5561983,0.976374,6.5325723
6/6/2020 16:00,8.9162885,-2.77802,6.1382685
6/6/2020 16:30,14.6074273,-8.18319,6.4242373
6/6/2020 17:00,32.311769,-25.6307,6.681069
6/6/2020 17:30,15.4191926,-8.82108,6.5981126
6/6/2020 18:00,12.798291,-6.0755,6.722791
6/6/2020 18:30,11.848518,-5.07754,6.770978
6/6/2020 19:00,9.550725,-2.75839,6.792335
6/6/2020 19:30,7.2892227,-0.554018,6.7352047
6/6/2020 20:00,4.630045,1.97896,6.609005
6/6/2020 20:30,0.409662,5.98551,6.395172
6/6/2020 21:00,0.2122732,6.018,6.2302732
6/6/2020 21:30,-0.5233754,6.57768,6.0543046
6/6/2020 22:00,0.440682,5.62686,6.067542
6/6/2020 22:30,1.0930317,4.94056,6.0335917
6/6/2020 23:00,1.4013334,4.5826,5.9839334
6/6/2020 23:30,-0.5208344,6.4519,5.9310656
6/7/2020 0:00,3.501893,2.42162,5.923513
6/7/2020 0:30,-2.9292396,8.77822,5.8489804
6/7/2020 1:00,-2.4665,8.29916,5.83266
6/7/2020 1:30,0.924675,4.89742,5.822095
6/7/2020 2:00,0.662473,5.15859,5.821063
6/7/2020 2:30,2.5352034,3.32051,5.8557134
6/7/2020 3:00,-1.726673,7.63586,5.909187
6/7/2020 3:30,1.4583343,4.34542,5.8037543
6/7/2020 4:00,-8.2805794,13.8625,5.5819206
6/7/2020 4:30,-0.761235,6.28217,5.520935
6/7/2020 5:00,-0.5278,5.97615,5.44835
6/7/2020 5:30,-2.4249864,7.78547,5.3604836
6/7/2020 6:00,-2.3998047,7.73164,5.3318353
6/7/2020 6:30,-0.2876225,5.63514,5.3475175
6/7/2020 7:00,4.3147486,1.19894,5.5136886
6/7/2020 7:30,5.7412668,0.0306982,5.771965
6/7/2020 8:00,7.090792,-1.22995,5.860842
6/7/2020 8:30,1.820249,4.05521,5.875459
6/7/2020 9:00,5.008347,0.848595,5.856942
6/7/2020 9:30,8.802446,-2.83406,5.968386
6/7/2020 10:00,13.787396,-7.7268,6.060596
6/7/2020 10:30,16.684466,-10.4086,6.275866
6/7/2020 11:00,17.249404,-10.797,6.452404
6/7/2020 11:30,21.081851,-14.4902,6.591651
6/7/2020 12:00,13.538987,-6.9328,6.606187
6/7/2020 12:30,18.1846217,-11.4639,6.7207217
6/7/2020 13:00,19.178033,-12.3842,6.793833
6/7/2020 13:30,19.242164,-12.3842,6.857964
6/7/2020 14:00,18.32477,-11.5272,6.79757
6/7/2020 14:30,18.259152,-11.4576,6.801552
6/7/2020 15:00,17.97875,-11.2422,6.73655
6/7/2020 15:30,17.5911013,-10.8886,6.7025013
6/7/2020 16:00,18.210105,-11.5691,6.641005
6/7/2020 16:30,17.0974817,-10.4972,6.6002817
6/7/2020 17:00,16.554191,-9.96395,6.590241
6/7/2020 17:30,16.2219844,-9.66324,6.5587444
6/7/2020 18:00,15.507128,-8.9924,6.514728
6/7/2020 18:30,9.3289745,-2.91449,6.4144845
6/7/2020 19:00,7.2459777,-0.927111,6.3188667
6/7/2020 19:30,7.8836477,-1.66062,6.2230277
6/7/2020 20:00,3.985637,2.05736,6.042997
6/7/2020 20:30,-0.196259,5.95835,5.762091
6/7/2020 21:00,-0.1832736,5.70839,5.5251164
6/7/2020 21:30,-0.585281,5.95883,5.373549
6/7/2020 22:00,-0.845155,5.96945,5.124295
6/7/2020 22:30,-0.9611144,5.96945,5.0083356
6/7/2020 23:00,-1.0657573,5.96945,4.9036927
6/7/2020 23:30,-1.258366,5.96945,4.711084
6/8/2020 0:00,-1.1335874,5.96945,4.8358626
6/8/2020 0:30,-1.2468524,6.0221,4.7752476
6/8/2020 1:00,-1.3669566,5.97199,4.6050334
6/8/2020 1:30,-1.1878795,5.97199,4.7841105
6/8/2020 2:00,-1.4956497,5.97199,4.4763403
6/8/2020 2:30,-1.4230275,5.96311,4.5400825
6/8/2020 3:00,-1.336483,5.96258,4.626097
6/8/2020 3:30,-1.318304,5.94985,4.631546
6/8/2020 4:00,-1.6719255,5.94985,4.2779245
6/8/2020 4:30,-1.722873,5.94985,4.226977
6/8/2020 5:00,-1.806286,5.94985,4.143564
6/8/2020 5:30,-1.8705553,5.94985,4.0792947
6/8/2020 6:00,-1.671763,5.94133,4.269567
6/8/2020 6:30,-1.2873823,5.4932,4.2058177
6/8/2020 7:00,4.1278083,0.233115,4.3609233
6/8/2020 7:30,8.68333,-3.74436,4.93897
6/8/2020 8:00,10.9766115,-5.42774,5.5488715
6/8/2020 8:30,14.356297,-8.42061,5.935687
6/8/2020 9:00,10.919299,-4.79442,6.124879
6/8/2020 9:30,13.9767237,-7.72965,6.2470737
6/8/2020 10:00,16.7700005,-10.3929,6.3771005
6/8/2020 10:30,14.030823,-7.52796,6.502863
6/8/2020 11:00,13.796505,-7.25476,6.541745
6/8/2020 11:30,14.621524,-7.98121,6.640314
6/8/2020 12:00,13.6813067,-6.96636,6.7149467
6/8/2020 12:30,15.7659933,-8.96123,6.8047633
6/8/2020 13:00,15.474542,-8.68835,6.786192
6/8/2020 13:30,17.762906,-10.8992,6.863706
6/8/2020 14:00,15.0155954,-8.09272,6.9228754
6/8/2020 14:30,15.287559,-8.35027,6.937289
6/8/2020 15:00,14.221669,-7.257,6.964669
6/8/2020 15:30,15.8665234,-9.10101,6.7655134
6/8/2020 16:00,16.6588946,-9.81282,6.8460746
6/8/2020 16:30,16.5033393,-9.71978,6.7835593
6/8/2020 17:00,12.7774764,-6.13018,6.6472964
6/8/2020 17:30,11.1036563,-4.59128,6.5123763
6/8/2020 18:00,14.4770587,-7.86673,6.6103287
6/8/2020 18:30,7.9806135,-1.59809,6.3825235
6/8/2020 19:00,7.257738,-0.888034,6.369704
6/8/2020 19:30,6.4025846,-0.188602,6.2139826
6/8/2020 20:00,3.748528,2.22601,5.974538
6/8/2020 20:30,-0.0500574,5.77667,5.7266126
6/8/2020 21:00,-2.5840434,8.19393,5.6098866
6/8/2020 21:30,-0.238788,5.83148,5.592692
6/8/2020 22:00,-0.2023264,5.72569,5.5233636
6/8/2020 22:30,-0.4983213,5.95103,5.4527087
6/8/2020 23:00,-0.541594,5.95103,5.409436
6/8/2020 23:30,-0.6337764,5.95103,5.3172536
6/9/2020 0:00,-0.6673477,5.95103,5.2836823
6/9/2020 0:30,-0.7353575,5.95103,5.2156725
6/9/2020 1:00,-1.2260923,6.28727,5.0611777
6/9/2020 1:30,-1.0376183,5.91737,4.8797517
6/9/2020 2:00,-1.045576,5.89513,4.849554
6/9/2020 2:30,-1.089833,5.86455,4.774717
6/9/2020 3:00,-1.1388215,5.86455,4.7257285
6/9/2020 3:30,-1.1600975,5.86455,4.7044525
6/9/2020 4:00,-1.1812314,5.86455,4.6833186
6/9/2020 4:30,-1.1901783,5.86455,4.6743717
6/9/2020 5:00,-1.1754903,5.86455,4.6890597
6/9/2020 5:30,-1.119309,5.86455,4.745241
6/9/2020 6:00,-1.1252437,5.85636,4.7311163
6/9/2020 6:30,-0.735482,5.57604,4.840558
6/9/2020 7:00,-5.6631475,10.8297,5.1665525
6/9/2020 7:30,5.404445,0.164947,5.569392
6/9/2020 8:00,7.972319,-2.08712,5.885199
6/9/2020 8:30,10.7071537,-4.56607,6.1410837
6/9/2020 9:00,14.568328,-8.2441,6.324228
6/9/2020 9:30,17.281911,-10.8127,6.469211
6/9/2020 10:00,16.6381653,-10.1206,6.5175653
6/9/2020 10:30,14.0381976,-7.62351,6.4146876
6/9/2020 11:00,20.0593523,-13.3712,6.6881523
6/9/2020 11:30,21.7368366,-14.9623,6.7745366
6/9/2020 12:00,23.554056,-16.6802,6.873856
6/9/2020 12:30,20.2749806,-13.3279,6.9470806
6/9/2020 13:00,21.648429,-14.5966,7.051829
6/9/2020 13:30,20.8728066,-13.8486,7.0242066
6/9/2020 14:00,19.4345207,-12.408,7.0265207
6/9/2020 14:30,18.7365592,-11.6525,7.0840592
6/9/2020 15:00,20.174241,-13.1018,7.072441
6/9/2020 15:30,17.8955747,-10.8352,7.0603747
6/9/2020 16:00,17.451224,-10.3958,7.055424
6/9/2020 16:30,18.3243337,-11.2858,7.0385337
6/9/2020 17:00,15.9092215,-8.93339,6.9758315
6/9/2020 17:30,14.7971536,-7.8763,6.9208536
6/9/2020 18:00,12.8576595,-5.949,6.9086595
6/9/2020 18:30,10.747716,-3.91271,6.835006
6/9/2020 19:00,9.026038,-2.32195,6.704088
6/9/2020 19:30,8.735701,-2.14718,6.588521
6/9/2020 20:00,3.4421553,2.99296,6.4351153
6/9/2020 20:30,1.3133457,4.89419,6.2075357
6/9/2020 21:00,-0.8591853,6.9304,6.0712147
6/9/2020 21:30,1.3064525,4.68208,5.9885325
6/9/2020 22:00,0.2167125,5.70087,5.9175825
6/9/2020 22:30,0.625762,5.24751,5.873272
6/9/2020 23:00,0.3775047,5.45745,5.8349547
6/9/2020 23:30,1.2826416,4.51349,5.7961316
6/10/2020 0:00,1.293879,4.47977,5.773649
6/10/2020 0:30,-0.9822757,6.71717,5.7348943
6/10/2020 1:00,0.1528635,5.5376,5.6904635
6/10/2020 1:30,-1.2830346,6.94499,5.6619554
6/10/2020 2:00,-0.2259355,5.90092,5.6749845
6/10/2020 2:30,0.58648,5.09286,5.67934
6/10/2020 3:00,1.058547,4.60901,5.667557
6/10/2020 3:30,-0.2288887,5.87414,5.6452513
6/10/2020 4:00,-0.0812046,5.68522,5.6040154
6/10/2020 4:30,-2.2210944,7.77863,5.5575356
6/10/2020 5:00,-0.9743745,6.52724,5.5528655
6/10/2020 5:30,0.151037,5.42908,5.580117
6/10/2020 6:00,-2.2566803,7.83931,5.5826297
6/10/2020 6:30,0.0861515,5.51289,5.5990415
6/10/2020 7:00,4.3889346,1.38936,5.7782946
6/10/2020 7:30,11.0044183,-4.98109,6.0233283
6/10/2020 8:00,10.469888,-4.23389,6.235998
6/10/2020 8:30,13.453583,-7.03196,6.421623
6/10/2020 9:00,15.7345314,-9.21522,6.5193114
6/10/2020 9:30,17.5781593,-11.0151,6.5630593
6/10/2020 10:00,18.681852,-12.042,6.639852
6/10/2020 10:30,16.611911,-9.94703,6.664881
6/10/2020 11:00,21.79222,-15.087,6.70522
6/10/2020 11:30,21.765282,-14.969,6.796282
6/10/2020 12:00,15.2376896,-8.59616,6.6415296
6/10/2020 12:30,21.411198,-14.6659,6.745298
6/10/2020 13:00,23.628973,-16.8468,6.782173
6/10/2020 13:30,22.5499505,-15.7164,6.8335505
6/10/2020 14:00,24.374165,-17.5591,6.815065
6/10/2020 14:30,26.1907384,-19.299,6.8917384
6/10/2020 15:00,24.168093,-17.1997,6.968393
6/10/2020 15:30,21.3741226,-14.4182,6.9559226
6/10/2020 16:00,22.1368584,-15.1844,6.9524584
6/10/2020 16:30,18.414776,-11.541,6.873776
6/10/2020 17:00,19.08919,-12.2201,6.86909
6/10/2020 17:30,15.695811,-8.88651,6.809301
6/10/2020 18:00,15.109909,-8.36204,6.747869
6/10/2020 18:30,11.028912,-4.39405,6.634862
6/10/2020 19:00,9.2037777,-2.65312,6.5506577
6/10/2020 19:30,6.8119655,-0.346376,6.4655895
6/10/2020 20:00,4.0788223,2.26733,6.3461523
6/10/2020 20:30,2.2068806,4.02316,6.2300406
6/10/2020 21:00,0.8327327,5.31603,6.1487627
6/10/2020 21:30,0.6480096,5.46613,6.1141396
6/10/2020 22:00,0.11947,5.99317,6.11264
6/10/2020 22:30,-0.0013456,6.08707,6.0857244
6/10/2020 23:00,1.094924,4.97665,6.071574
6/10/2020 23:30,-0.399954,6.45569,6.055736
6/11/2020 0:00,0.401406,5.6249,6.026306
6/11/2020 0:30,0.0387196,5.96698,6.0056996
6/11/2020 1:00,1.1519186,4.85408,6.0059986
6/11/2020 1:30,0.9470974,5.05095,5.9980474
6/11/2020 2:00,0.4063793,5.56078,5.9671593
6/11/2020 2:30,-0.637606,6.60429,5.966684
6/11/2020 3:00,1.188966,4.76546,5.954426
6/11/2020 3:30,0.003164,5.9295,5.932664
6/11/2020 4:00,0.211592,5.68994,5.901532
6/11/2020 4:30,1.1221902,4.75615,5.8783402
6/11/2020 5:00,1.5009264,4.37139,5.8723164
6/11/2020 5:30,1.3873963,4.51574,5.9031363
6/11/2020 6:00,1.7442713,4.16222,5.9064913
6/11/2020 6:30,1.7469296,4.20502,5.9519496
6/11/2020 7:00,5.1431098,0.930131,6.0732408
6/11/2020 7:30,8.299984,-2.07898,6.221004
6/11/2020 8:00,10.789602,-4.42891,6.360692
6/11/2020 8:30,13.85741,-7.37236,6.48505
6/11/2020 9:00,15.3398035,-8.79331,6.5464935
6/11/2020 9:30,17.4901096,-10.884,6.6061096
6/11/2020 10:00,18.967905,-12.3216,6.646305
6/11/2020 10:30,17.00835,-10.3879,6.62045
6/11/2020 11:00,18.2991375,-11.643,6.6561375
6/11/2020 11:30,22.694707,-15.9664,6.728307
6/11/2020 12:00,21.205156,-14.5229,6.682256
6/11/2020 12:30,18.6977586,-12.0236,6.6741586
6/11/2020 13:00,45.519124,-9.9558,35.563324
6/11/2020 13:30,46.603626,-11.0121,35.591526
6/11/2020 14:00,17.693754,-10.8991,6.794654
6/11/2020 14:30,12.898449,-6.25771,6.640739
6/11/2020 15:00,14.583292,-7.94956,6.633732
6/11/2020 15:30,13.3811956,-6.73133,6.6498656
6/11/2020 16:00,39.934267,-4.2017,35.732567
6/11/2020 16:30,12.396126,-5.66824,6.727886
6/11/2020 17:00,8.4266673,-1.78472,6.6419473
6/11/2020 17:30,9.816482,-3.2132,6.603282
6/11/2020 18:00,42.466897,-6.62151,35.845387
6/11/2020 18:30,6.444645,0.125934,6.570579
6/11/2020 19:00,4.4596157,2.08007,6.5396857
6/11/2020 19:30,4.0350427,2.43749,6.4725327
6/11/2020 20:00,0.2361604,6.17986,6.4160204
6/11/2020 20:30,0.0116035,6.19921,6.2108135
6/11/2020 21:00,-0.0151403,6.20417,6.1890297
6/11/2020 21:30,1.5229235,4.63594,6.1588635
6/11/2020 22:00,1.2945814,4.80335,6.0979314
6/11/2020 22:30,0.010016,6.01779,6.027806
6/11/2020 23:00,-2.102307,8.17097,6.068663
6/11/2020 23:30,0.9979274,5.05036,6.0482874
6/12/2020 0:00,0.276492,5.74013,6.016622
6/12/2020 0:30,1.6421216,4.40753,6.0496516
6/12/2020 1:00,-0.627879,6.67274,6.044861
6/12/2020 1:30,-1.1922186,7.21149,6.0192714
6/12/2020 2:00,-0.087531,6.14291,6.055379
6/12/2020 2:30,-6.592778,12.6508,6.058022
6/12/2020 3:00,-0.785688,6.89718,6.111492
6/12/2020 3:30,-1.1716334,7.3317,6.1600666
6/12/2020 4:00,-0.8254526,6.9636,6.1381474
6/12/2020 4:30,-1.6567505,7.79647,6.1397195
6/12/2020 5:00,0.392062,5.65902,6.051082
6/12/2020 5:30,-0.6036755,6.69439,6.0907145
6/12/2020 6:00,0.079408,5.97816,6.057568
6/12/2020 6:30,0.560351,5.44814,6.008491
6/12/2020 7:00,-1.899024,7.91712,6.018096
6/12/2020 7:30,-0.427865,6.44483,6.016965
6/12/2020 8:00,3.169386,2.85847,6.027856
6/12/2020 8:30,5.356941,0.743906,6.100847
6/12/2020 9:00,13.6732285,-7.50371,6.1695185
6/12/2020 9:30,6.42863,-0.251163,6.177467
6/12/2020 10:00,3.937247,2.21543,6.152677
6/12/2020 10:30,9.71036,-3.48744,6.22292
6/12/2020 11:00,11.874204,-5.53503,6.339174
6/12/2020 11:30,17.333824,-10.8106,6.523224
6/12/2020 12:00,13.309168,-6.807,6.502168
6/12/2020 12:30,11.4768694,-5.03842,6.4384494
6/12/2020 13:00,0.9107005,5.34881,6.2595105
6/12/2020 13:30,-0.2833378,6.32713,6.0437922
6/12/2020 14:00,3.7497244,2.25492,6.0046444
6/12/2020 14:30,8.73187,-2.67739,6.05448
6/12/2020 15:00,8.7553033,-2.67739,6.0779133
6/12/2020 15:30,8.057837,-1.95144,6.106397
6/12/2020 16:00,10.067177,-3.96701,6.100167
6/12/2020 16:30,8.200787,-2.24408,5.956707
6/12/2020 17:00,8.353382,-2.39117,5.962212
6/12/2020 17:30,3.4559903,2.46912,5.9251103
6/12/2020 18:00,5.9952154,-0.0451836,5.9500318
6/12/2020 18:30,2.9712903,2.9039,5.8751903
6/12/2020 19:00,-0.696044,6.53078,5.834736
6/12/2020 19:30,0.453694,5.34919,5.802884
6/12/2020 20:00,-0.3462923,6.00013,5.6538377
6/12/2020 20:30,-0.4030994,5.95902,5.5559206
6/12/2020 21:00,-5.128964,10.6455,5.516536
6/12/2020 21:30,-7.1887885,12.6804,5.4916115
6/12/2020 22:00,-0.8003513,6.25061,5.4502587
6/12/2020 22:30,-0.791768,6.26915,5.477382
6/12/2020 23:00,-0.7922434,6.28833,5.4960866
6/12/2020 23:30,-0.4339293,5.95902,5.5250907
6/13/2020 0:00,1.19775,4.39219,5.58994
6/13/2020 0:30,-0.74927,6.36796,5.61869
6/13/2020 1:00,-0.265618,5.86977,5.604152
6/13/2020 1:30,-2.567829,8.18067,5.612841
6/13/2020 2:00,1.09867,4.49959,5.59826
6/13/2020 2:30,0.5269017,5.07339,5.6002917
6/13/2020 3:00,-0.837883,6.41455,5.576667
6/13/2020 3:30,-0.8647277,6.41455,5.5498223
6/13/2020 4:00,-2.677703,8.23685,5.559147
6/13/2020 4:30,-4.0068566,9.53324,5.5263834
6/13/2020 5:00,-4.069071,9.57801,5.508939
6/13/2020 5:30,-3.174139,8.65405,5.479911
6/13/2020 6:00,-24.9437267,30.4237,5.4799733
6/13/2020 6:30,-4.002088,9.53324,5.531152
6/13/2020 7:00,-4.3587915,9.92089,5.5620985
6/13/2020 7:30,0.191555,5.49324,5.684795
6/13/2020 8:00,6.3757103,-0.538884,5.8368263
6/13/2020 8:30,4.208545,1.72455,5.933095
6/13/2020 9:00,9.336987,-3.3327,6.004287
6/13/2020 9:30,9.7253978,-3.65156,6.0738378
6/13/2020 10:00,6.6434997,-0.538884,6.1046157
6/13/2020 10:30,8.1085984,-1.93771,6.1708884
6/13/2020 11:00,10.0977047,-3.93799,6.1597147
6/13/2020 11:30,8.7208414,-2.68506,6.0357814
6/13/2020 12:00,24.17104,-18.2391,5.93194
6/13/2020 12:30,11.5936363,-5.62196,5.9716763
6/13/2020 13:00,11.8731183,-5.82413,6.0489883
6/13/2020 13:30,13.230829,-7.09744,6.133389
6/13/2020 14:00,14.9376346,-8.66808,6.2695546
6/13/2020 14:30,17.5244675,-11.1088,6.4156675
6/13/2020 15:00,17.3931624,-10.857,6.5361624
6/13/2020 15:30,15.3742707,-8.86145,6.5128207
6/13/2020 16:00,17.014313,-10.49,6.524313
6/13/2020 16:30,15.8326898,-9.30443,6.5282598
6/13/2020 17:00,13.539274,-7.11937,6.419904
6/13/2020 17:30,11.554657,-5.18869,6.365967
6/13/2020 18:00,9.764197,-3.47682,6.287377
6/13/2020 18:30,8.9764134,-2.74569,6.2307234
6/13/2020 19:00,7.9317254,-1.6602,6.2715254
6/13/2020 19:30,4.980504,1.16279,6.143294
6/13/2020 20:00,-0.3734176,6.43873,6.0653124
6/13/2020 20:30,-1.761257,7.77087,6.009613
6/13/2020 21:00,-0.6784875,6.60939,5.9309025
6/13/2020 21:30,-0.6885985,6.60964,5.9210415
6/13/2020 22:00,-0.374912,6.28727,5.912358
6/13/2020 22:30,0.5512087,5.34919,5.9003987
6/13/2020 23:00,-0.7732933,6.6701,5.8968067
6/13/2020 23:30,-0.768027,6.67186,5.903833
6/14/2020 0:00,-0.8156205,6.70641,5.8907895
6/14/2020 0:30,-0.8632203,6.70641,5.8431897
6/14/2020 1:00,-0.924191,6.69336,5.769169
6/14/2020 1:30,-1.861954,7.652,5.790046
6/14/2020 2:00,-0.379362,6.19048,5.811118
6/14/2020 2:30,-0.1714552,5.95902,5.7875648
6/14/2020 3:00,-0.1795257,5.95902,5.7794943
6/14/2020 3:30,-0.9651594,6.74969,5.7845306
6/14/2020 4:00,0.8328083,5.00445,5.8372583
6/14/2020 4:30,-0.841743,6.69289,5.851147
6/14/2020 5:00,-0.746404,6.57028,5.823876
6/14/2020 5:30,-0.113772,5.97214,5.858368
6/14/2020 6:00,0.2667,5.68159,5.94829
6/14/2020 6:30,-0.9925375,6.94874,5.9562025
6/14/2020 7:00,1.804313,4.15929,5.963603
6/14/2020 7:30,-0.0547313,5.88134,5.8266087
6/14/2020 8:00,2.3401776,3.54465,5.8848276
6/14/2020 8:30,2.4568107,3.51738,5.9741907
6/14/2020 9:00,3.3777785,2.48591,5.8636885
6/14/2020 9:30,5.516989,0.254382,5.771371
6/14/2020 10:00,9.569084,-3.72593,5.843154
6/14/2020 10:30,7.857804,-1.98466,5.873144
6/14/2020 11:00,10.283152,-4.40145,5.881702
6/14/2020 11:30,13.9387477,-8.21572,5.7230277
6/14/2020 12:00,12.917499,-7.12041,5.797089
6/14/2020 12:30,14.045936,-8.21584,5.830096
6/14/2020 13:00,13.9894225,-8.0785,5.9109225
6/14/2020 13:30,22.524949,-16.5538,5.971149
6/14/2020 14:00,10.527605,-4.67032,5.857285
6/14/2020 14:30,8.982683,-3.1086,5.874083
6/14/2020 15:00,12.456925,-6.3015,6.155425
6/14/2020 15:30,11.886703,-5.65128,6.235423
6/14/2020 16:00,10.165341,-4.03431,6.131031
6/14/2020 16:30,11.94794,-5.81783,6.13011
6/14/2020 17:00,10.666124,-4.53817,6.127954
6/14/2020 17:30,44.291348,-4.41235,39.878998
6/14/2020 18:00,10.382551,-4.1988,6.183751
6/14/2020 18:30,9.1112106,-3.00686,6.1043506
6/14/2020 19:00,8.1959395,-2.0871,6.1088395
6/14/2020 19:30,3.6043157,2.48591,6.0902257
6/14/2020 20:00,-0.8029016,6.83545,6.0325484
6/14/2020 20:30,-0.6978756,6.68394,5.9860644
6/14/2020 21:00,-0.730475,6.68394,5.953465
6/14/2020 21:30,-1.6723587,7.60521,5.9328513
6/14/2020 22:00,0.716391,5.22826,5.944651
6/14/2020 22:30,-1.556922,7.51728,5.960358
6/14/2020 23:00,-2.355735,8.33661,5.980875
6/14/2020 23:30,-0.7105885,6.68394,5.9733515
6/15/2020 0:00,-0.41266,6.36602,5.95336
6/15/2020 0:30,-0.795823,6.68394,5.888117
6/15/2020 1:00,-0.432268,6.28727,5.855002
6/15/2020 1:30,-0.686216,6.57028,5.884064
6/15/2020 2:00,1.360249,4.57788,5.938129
6/15/2020 2:30,0.080952,5.87864,5.959592
6/15/2020 3:00,2.0384523,3.93905,5.9775023
6/15/2020 3:30,-0.398547,6.28727,5.888723
6/15/2020 4:00,-0.8408633,6.68394,5.8430767
6/15/2020 4:30,-0.807059,6.68394,5.876881
6/15/2020 5:00,-0.787734,6.68394,5.896206
6/15/2020 5:30,-0.0293025,5.95902,5.9297175
6/15/2020 6:00,-0.0345095,5.95902,5.9245105
6/15/2020 6:30,1.223361,4.70365,5.927011
6/15/2020 7:00,0.0872307,5.86977,5.9570007
6/15/2020 7:30,-4.3744957,10.3696,5.9951043
6/15/2020 8:00,1.8399816,4.21142,6.0514016
6/15/2020 8:30,3.105372,3.01532,6.120692
6/15/2020 9:00,4.5971663,1.58549,6.1826563
6/15/2020 9:30,6.0898036,0.134184,6.2239876
6/15/2020 10:00,4.3536257,1.87251,6.2261357
6/15/2020 10:30,2.4828896,3.75205,6.2349396
6/15/2020 11:00,3.221168,2.97536,6.196528
6/15/2020 11:30,19.497638,-13.3331,6.164538
6/15/2020 12:00,2.5666697,3.59038,6.1570497
6/15/2020 12:30,5.879699,0.312857,6.192556
6/15/2020 13:00,8.5599316,-2.33617,6.2237616
6/15/2020 13:30,-2.4702404,8.70552,6.2352796
6/15/2020 14:00,9.075299,-2.84098,6.234319
6/15/2020 14:30,3.895397,2.37146,6.266857
6/15/2020 15:00,9.826127,-3.56457,6.261557
6/15/2020 15:30,8.3036155,-2.0871,6.2165155
6/15/2020 16:00,8.5738357,-2.33617,6.2376657
6/15/2020 16:30,6.073964,0.134184,6.208148
6/15/2020 17:00,6.6084464,-0.443702,6.1647444
6/15/2020 17:30,3.1438153,3.01532,6.1591353
6/15/2020 18:00,4.2406753,1.91739,6.1580653
6/15/2020 18:30,2.564782,3.59038,6.155162
6/15/2020 19:00,1.772845,4.38853,6.161375
6/15/2020 19:30,-0.583482,6.72989,6.146408
6/15/2020 20:00,-0.805815,6.9714,6.165585
6/15/2020 20:30,-0.7117884,6.84921,6.1374216
6/15/2020 21:00,-0.7084413,6.84199,6.1335487
6/15/2020 21:30,-0.7171516,6.85744,6.1402884
6/15/2020 22:00,-0.7309817,6.86775,6.1367683
6/15/2020 22:30,0.1287455,6.0221,6.1508455
6/15/2020 23:00,-0.7656306,6.91478,6.1491494
6/15/2020 23:30,-0.78605,6.92597,6.13992
6/16/2020 0:00,-0.804134,6.9291,6.124966
6/16/2020 0:30,-0.827184,6.9506,6.123416
6/16/2020 1:00,-0.863736,6.98486,6.121124
6/16/2020 1:30,-0.8802625,6.99853,6.1182675
6/16/2020 2:00,-0.895714,7.01388,6.118166
6/16/2020 2:30,-0.9552167,7.04966,6.0944433
6/16/2020 3:00,-0.968827,7.04966,6.080833
6/16/2020 3:30,-1.1023065,7.14806,6.0457535
6/16/2020 4:00,-1.0048436,7.05098,6.0461364
6/16/2020 4:30,-1.0140515,7.05612,6.0420685
6/16/2020 5:00,-1.0144267,7.06038,6.0459533
6/16/2020 5:30,-1.017214,7.06372,6.046506
6/16/2020 6:00,-2.5901204,8.65405,6.0639296
6/16/2020 6:30,-2.1395204,8.23685,6.0973296
6/16/2020 7:00,-2.1248348,8.23685,6.1120152
6/16/2020 7:30,-2.1166436,8.23685,6.1202064
6/16/2020 8:00,-1.197185,7.34957,6.152385
6/16/2020 8:30,-17.5359834,23.7336,6.1976166
6/16/2020 9:00,-4.098697,10.3533,6.254603
6/16/2020 9:30,3.7882033,2.52641,6.3146133
6/16/2020 10:00,12.8718917,-6.46969,6.4022017
6/16/2020 10:30,10.9247865,-4.41823,6.5065565
6/16/2020 11:00,11.2894144,-4.65062,6.6387944
6/16/2020 11:30,10.3721814,-3.60008,6.7721014
6/16/2020 12:00,11.175912,-4.41823,6.757682
6/16/2020 12:30,17.8209,-10.9564,6.8645
6/16/2020 13:00,16.1003854,-9.1786,6.9217854
6/16/2020 13:30,11.0324725,-4.1395,6.8929725
6/16/2020 14:00,5.2455037,1.58549,6.8309937
6/16/2020 14:30,0.0535045,6.7325,6.7860045
6/16/2020 15:00,0.0052367,6.7325,6.7377367
6/16/2020 15:30,-0.6268817,7.25307,6.6261883
6/16/2020 16:00,-3.173456,9.75651,6.583054
6/16/2020 16:30,2.7022873,3.83679,6.5390773
6/16/2020 17:00,10.2055003,-3.63227,6.5732303
6/16/2020 17:30,10.9628147,-4.33327,6.6295447
6/16/2020 18:00,8.8913766,-2.29066,6.6007166
6/16/2020 18:30,3.2778537,3.30281,6.5806637
6/16/2020 19:00,6.9593175,-0.443702,6.5156155
6/16/2020 19:30,-2.810087,9.26729,6.457203
6/16/2020 20:00,-4.7600456,11.1987,6.4386544
6/16/2020 20:30,-4.1958016,10.6455,6.4496984
6/16/2020 21:00,-9.0338306,15.5429,6.5090694
6/16/2020 21:30,-0.90363,7.43606,6.53243
6/16/2020 22:00,2.397847,4.16722,6.565067
6/16/2020 22:30,-0.5318444,7.13921,6.6073656
6/16/2020 23:00,4.4454574,2.18043,6.6258874
6/16/2020 23:30,1.857246,4.76846,6.625706
6/17/2020 0:00,17.0159677,-10.4713,6.5446677
6/17/2020 0:30,1.549924,4.97724,6.527164
6/17/2020 1:00,0.011805,6.54165,6.553455
6/17/2020 1:30,0.8362014,5.76804,6.6042414
6/17/2020 2:00,2.0423,4.59246,6.63476
6/17/2020 2:30,-0.6191667,7.24802,6.6288533
6/17/2020 3:00,-1.183604,7.80216,6.618556
6/17/2020 3:30,1.7838517,4.84626,6.6301117
6/17/2020 4:00,1.6697963,5.00689,6.6766863
6/17/2020 4:30,3.5413926,3.16173,6.7031226
6/17/2020 5:00,-3.1073453,9.87975,6.7724047
6/17/2020 5:30,0.642431,6.14239,6.784821
6/17/2020 6:00,1.032409,5.74807,6.780479
6/17/2020 6:30,3.564292,3.2511,6.815392
6/17/2020 7:00,3.155411,3.73456,6.889971
6/17/2020 7:30,7.6746397,-0.688931,6.9857087
6/17/2020 8:00,12.5450133,-5.2831,7.2619133
6/17/2020 8:30,11.7207762,-4.40121,7.3195662
6/17/2020 9:00,11.050116,-3.73168,7.318436
6/17/2020 9:30,12.609379,-5.11158,7.497799
6/17/2020 10:00,14.3161927,-6.53118,7.7850127
6/17/2020 10:30,18.5436487,-10.6078,7.9358487
6/17/2020 11:00,19.03817,-10.931,8.10717
6/17/2020 11:30,21.9289,-13.6712,8.2577
6/17/2020 12:00,18.511539,-10.2868,8.224739
6/17/2020 12:30,19.633286,-11.2658,8.367486
6/17/2020 13:00,17.844853,-9.6048,8.240053
6/17/2020 13:30,18.090322,-9.96818,8.122142
6/17/2020 14:00,20.583902,-12.2529,8.331002
6/17/2020 14:30,19.705674,-11.3897,8.315974
6/17/2020 15:00,20.110277,-11.6937,8.416577
6/17/2020 15:30,19.536905,-11.085,8.451905
6/17/2020 16:00,18.68032,-10.2355,8.44482
6/17/2020 16:30,19.022106,-10.674,8.348106
6/17/2020 17:00,13.718049,-5.52678,8.191269
6/17/2020 17:30,15.878338,-7.56876,8.309578
6/17/2020 18:00,13.581435,-5.40778,8.173655
6/17/2020 18:30,8.5590133,-0.687539,7.8714743
6/17/2020 19:00,12.6118964,-4.84246,7.7694364
6/17/2020 19:30,10.913289,-3.23537,7.677919
6/17/2020 20:00,4.6503154,2.89332,7.5436354
6/17/2020 20:30,1.425759,5.8329,7.258659
6/17/2020 21:00,0.505212,6.73185,7.237062
6/17/2020 21:30,1.234755,5.96013,7.194885
6/17/2020 22:00,1.770879,5.24834,7.019219
6/17/2020 22:30,-0.6870953,7.5701,6.8830047
6/17/2020 23:00,-1.756652,8.57601,6.819358
6/17/2020 23:30,0.016711,6.75019,6.766901
6/18/2020 0:00,-0.254073,6.94081,6.686737
6/18/2020 0:30,-0.3705978,7.00814,6.6375422
6/18/2020 1:00,-3.0600304,9.66083,6.6007996
6/18/2020 1:30,-0.0367444,6.52296,6.4862156
6/18/2020 2:00,-1.3961547,7.79683,6.4006753
6/18/2020 2:30,-0.1113414,6.65419,6.5428486
6/18/2020 3:00,-2.070053,8.65405,6.583997
6/18/2020 3:30,-1.441211,7.84934,6.408129
6/18/2020 4:00,-24.0626055,30.4237,6.3610945
6/18/2020 4:30,-1.7369208,7.89542,6.1584992
6/18/2020 5:00,-1.8164306,7.9266,6.1101694
6/18/2020 5:30,-45.184238,51.359,6.174762
6/18/2020 6:00,-1.696586,7.99124,6.294654
6/18/2020 6:30,-1.6521405,7.96145,6.3093095
6/18/2020 7:00,9.7178353,-3.23537,6.4824653
6/18/2020 7:30,11.625835,-4.65616,6.969675
6/18/2020 8:00,11.97318,-4.60526,7.36792
6/18/2020 8:30,14.891193,-7.26386,7.627333
6/18/2020 9:00,17.2135535,-9.41498,7.7985735
6/18/2020 9:30,18.377554,-10.5781,7.799454
6/18/2020 10:00,20.2461385,-12.2318,8.0143385
6/18/2020 10:30,20.482382,-12.5649,7.917482
6/18/2020 11:00,21.806562,-13.7027,8.103862
6/18/2020 11:30,19.582747,-11.4159,8.166847
6/18/2020 12:00,22.726174,-14.4534,8.272774
6/18/2020 12:30,22.88243,-14.5595,8.32293
6/18/2020 13:00,22.354111,-14.112,8.242111
6/18/2020 13:30,20.933242,-12.5678,8.365442
6/18/2020 14:00,17.98435,-9.60579,8.37856
6/18/2020 14:30,23.270499,-14.7654,8.505099
6/18/2020 15:00,20.314253,-11.6507,8.663553
6/18/2020 15:30,17.1117855,-8.62458,8.4872055
6/18/2020 16:00,20.584381,-12.0189,8.565481
6/18/2020 16:30,19.409228,-10.8111,8.598128
6/18/2020 17:00,17.766017,-9.17096,8.595057
6/18/2020 17:30,14.689024,-6.18953,8.499494
6/18/2020 18:00,12.605494,-4.09865,8.506844
6/18/2020 18:30,12.576232,-4.07531,8.500922
6/18/2020 19:00,10.288703,-1.87626,8.412443
6/18/2020 19:30,7.902936,0.329102,8.232038
6/18/2020 20:00,4.94347,3.08166,8.02513
6/18/2020 20:30,1.9413625,5.77605,7.7174125
6/18/2020 21:00,0.1921614,7.31201,7.5041714
6/18/2020 21:30,0.351749,7.01716,7.368909
6/18/2020 22:00,-1.788016,9.068,7.279984
6/18/2020 22:30,1.6336755,5.57826,7.2119355
6/18/2020 23:00,-0.06562,7.24056,7.17494
6/18/2020 23:30,1.256417,5.9,7.156417
6/19/2020 0:00,2.264571,4.82424,7.088811
6/19/2020 0:30,-1.1486576,8.04368,6.8950224
6/19/2020 1:00,5.7521245,1.06367,6.8157945
6/19/2020 1:30,0.3253957,6.22477,6.5501657
6/19/2020 2:00,-1.5525934,8.23685,6.6842566
6/19/2020 2:30,-1.4711643,7.94306,6.4718957
6/19/2020 3:00,-3.0999686,9.53324,6.4332714
6/19/2020 3:30,-1.577005,7.95813,6.381125
6/19/2020 4:00,-1.611096,7.9102,6.299104
6/19/2020 4:30,-1.6997837,7.9102,6.2104163
6/19/2020 5:00,-1.6418685,7.9102,6.2683315
6/19/2020 5:30,-1.6410724,7.87946,6.2383876
6/19/2020 6:00,-1.63027,7.8667,6.23643
6/19/2020 6:30,-1.9034238,8.34693,6.4435062
6/19/2020 7:00,8.8261212,-1.98356,6.8425612
6/19/2020 7:30,12.4056388,-5.00452,7.4011188
6/19/2020 8:00,14.1359083,-6.19968,7.9362283
6/19/2020 8:30,11.743784,-3.73606,8.007724
6/19/2020 9:00,3.370686,4.42765,7.798336
6/19/2020 9:30,-0.69621,8.3648,7.66859
6/19/2020 10:00,-0.106226,7.66661,7.560384
6/19/2020 10:30,-3.672212,11.0677,7.395488
6/19/2020 11:00,5.780365,1.61739,7.397755
6/19/2020 11:30,15.699793,-8.10267,7.597123
6/19/2020 12:00,13.9329698,-6.14593,7.7870398
6/19/2020 12:30,23.740429,-15.7378,8.002629
6/19/2020 13:00,19.383296,-11.2267,8.156596
6/19/2020 13:30,25.708751,-17.074,8.634751
6/19/2020 14:00,23.605983,-14.9025,8.703483
6/19/2020 14:30,19.131441,-10.5838,8.547641
6/19/2020 15:00,15.986651,-7.6533,8.333351
6/19/2020 15:30,20.275517,-11.7682,8.507317
6/19/2020 16:00,25.3347535,-16.7897,8.5450535
6/19/2020 16:30,21.607263,-12.9837,8.623563
6/19/2020 17:00,20.65854,-11.7948,8.86374
6/19/2020 17:30,16.80041,-7.90451,8.8959
6/19/2020 18:00,16.455,-7.58699,8.86801
6/19/2020 18:30,13.933887,-5.1313,8.802587
6/19/2020 19:00,12.689505,-3.94427,8.745235
6/19/2020 19:30,7.351751,1.15085,8.502601
6/19/2020 20:00,2.92653,5.31404,8.24057
6/19/2020 20:30,2.58477,5.51009,8.09486
6/19/2020 21:00,2.51935,5.45141,7.97076
6/19/2020 21:30,1.228942,6.64572,7.874662
6/19/2020 22:00,-0.1046505,7.91576,7.8111095
6/19/2020 22:30,-0.9802814,8.74153,7.7612486
6/19/2020 23:00,-2.7051597,10.4361,7.7309403
6/19/2020 23:30,0.1188644,7.56699,7.6858544
6/20/2020 0:00,-0.095684,7.72472,7.629036
6/20/2020 0:30,1.1984275,6.38052,7.5789475
6/20/2020 1:00,-1.413142,8.99476,7.581618
6/20/2020 1:30,-0.7802186,8.29847,7.5182514
6/20/2020 2:00,-2.4876413,10.0527,7.5650587
6/20/2020 2:30,-2.596416,10.2277,7.631284
6/20/2020 3:00,-5.9788576,13.6049,7.6260424
6/20/2020 3:30,-2.6085837,10.2277,7.6191163
6/20/2020 4:00,-18.2571163,25.8181,7.5609837
6/20/2020 4:30,-1.4747363,9.09897,7.6242337
6/20/2020 5:00,0.7613364,6.76762,7.5289564
6/20/2020 5:30,-2.5588806,10.0093,7.4504194
6/20/2020 6:00,-2.7720234,10.2277,7.4556766
6/20/2020 6:30,-2.802262,10.2277,7.425438
6/20/2020 7:00,2.4680255,5.06728,7.5353055
6/20/2020 7:30,3.100383,4.66828,7.768663
6/20/2020 8:00,14.010651,-5.85945,8.151201
6/20/2020 8:30,17.945253,-9.58768,8.357573
6/20/2020 9:00,18.960687,-10.4592,8.501487
6/20/2020 9:30,21.02846,-12.3241,8.70436
6/20/2020 10:00,22.414305,-13.6134,8.800905
6/20/2020 10:30,25.77942,-16.7509,9.02852
6/20/2020 11:00,20.352589,-11.549,8.803589
6/20/2020 11:30,16.18187,-7.93388,8.24799
6/20/2020 12:00,16.18572,-7.93388,8.25184
6/20/2020 12:30,10.321797,-2.17951,8.142287
6/20/2020 13:00,12.091154,-3.92599,8.165164
6/20/2020 13:30,4.2607913,3.56215,7.8229413
6/20/2020 14:00,14.518462,-6.48734,8.031122
6/20/2020 14:30,19.7283605,-11.07,8.6583605
6/20/2020 15:00,16.897826,-8.11827,8.779556
6/20/2020 15:30,10.509004,-2.11264,8.396364
6/20/2020 16:00,13.873947,-5.98271,7.891237
6/20/2020 16:30,5.2423256,2.63086,7.8731856
6/20/2020 17:00,-2.836869,10.5918,7.754931
6/20/2020 17:30,-0.7269,8.19677,7.46987
6/20/2020 18:00,3.402033,3.99858,7.400613
6/20/2020 18:30,14.6311243,-7.23296,7.3981643
6/20/2020 19:00,-2.4644377,9.81799,7.3535523
6/20/2020 19:30,2.8306317,4.49959,7.3302217
6/20/2020 20:00,0.4416656,6.89569,7.3373556
6/20/2020 20:30,1.4627257,5.86067,7.3233957
6/20/2020 21:00,0.246887,7.03952,7.286407
6/20/2020 21:30,-2.226264,9.48846,7.262196
6/20/2020 22:00,-0.9598783,8.23113,7.2712517
6/20/2020 22:30,-1.4726027,8.61037,7.1377673
6/20/2020 23:00,-15.0673314,22.1095,7.0421686
6/20/2020 23:30,-5.6682143,12.7549,7.0866857
6/21/2020 0:00,-4.159775,11.2993,7.139525
6/21/2020 0:30,-5.659929,12.7549,7.094971
6/21/2020 1:00,-9.888369,16.9471,7.058731
6/21/2020 1:30,-7.5259913,14.6019,7.0759087
6/21/2020 2:00,-0.961132,7.98219,7.021058
6/21/2020 2:30,-0.997188,7.98219,6.985002
6/21/2020 3:00,-0.983639,7.98219,6.998551
6/21/2020 3:30,-14.04858,21.0966,7.04802
6/21/2020 4:00,-5.7447167,12.9125,7.1677833
6/21/2020 4:30,-5.661824,12.7549,7.093076
6/21/2020 5:00,-0.9721653,7.9584,6.9862347
6/21/2020 5:30,-1.082942,7.9584,6.875458
6/21/2020 6:00,-1.116988,7.95933,6.842342
6/21/2020 6:30,-0.9727275,7.84468,6.8719525
6/21/2020 7:00,-1.2311414,8.09738,6.8662386
6/21/2020 7:30,2.5630355,4.69105,7.2540855
6/21/2020 8:00,10.169374,-2.48821,7.681164
6/21/2020 8:30,12.852017,-4.91422,7.937797
6/21/2020 9:00,12.506143,-4.45107,8.055073
6/21/2020 9:30,16.806724,-8.57355,8.233174
6/21/2020 10:00,20.475638,-12.023,8.452638
6/21/2020 10:30,18.273378,-9.71972,8.553658
6/21/2020 11:00,21.868911,-13.1876,8.681311
6/21/2020 11:30,21.540001,-12.6412,8.898801
6/21/2020 12:00,24.117922,-15.1716,8.946322
6/21/2020 12:30,20.722849,-11.6835,9.039349
6/21/2020 13:00,19.056067,-9.80289,9.253177
6/21/2020 13:30,20.336059,-11.0907,9.245359
6/21/2020 14:00,18.292583,-8.88752,9.405063
6/21/2020 14:30,17.2573545,-7.84708,9.4102745
6/21/2020 15:00,21.085953,-11.4503,9.635653
6/21/2020 15:30,18.641184,-8.94891,9.692274
6/21/2020 16:00,17.729188,-8.06489,9.664298
6/21/2020 16:30,17.062486,-7.30867,9.753816
6/21/2020 17:00,20.725849,-11.0534,9.672449
6/21/2020 17:30,21.183042,-11.4671,9.715942
6/21/2020 18:00,20.564462,-10.8939,9.670562
6/21/2020 18:30,16.044506,-6.46887,9.575636
6/21/2020 19:00,14.706062,-5.16509,9.540972
6/21/2020 19:30,10.918769,-1.51844,9.400329
6/21/2020 20:00,5.075611,4.16265,9.238261
6/21/2020 20:30,0.949851,7.85223,8.802081
6/21/2020 21:00,0.607393,7.79647,8.403863
6/21/2020 21:30,-0.098932,8.27843,8.179498
6/21/2020 22:00,0.0447044,7.89535,7.9400544
6/21/2020 22:30,5.027635,2.83477,7.862405
6/21/2020 23:00,4.238976,3.49926,7.738236
6/21/2020 23:30,5.055986,2.83477,7.890756
6/22/2020 0:00,-1.0113385,8.91903,7.9076915
6/22/2020 0:30,0.1040167,7.81211,7.9161267
6/22/2020 1:00,6.651595,1.15681,7.808405
6/22/2020 1:30,1.827916,6.12293,7.950846
6/22/2020 2:00,2.760456,5.34317,8.103626
6/22/2020 2:30,2.70418,5.34317,8.04735
6/22/2020 3:00,1.945046,6.02239,7.967436
6/22/2020 3:30,-0.158284,8.09143,7.933146
6/22/2020 4:00,-0.8002683,8.56559,7.7653217
6/22/2020 4:30,-2.507445,10.2277,7.720255
6/22/2020 5:00,-2.558734,10.2277,7.668966
6/22/2020 5:30,-17.1196634,24.9476,7.8279366
6/22/2020 6:00,-2.4158204,10.2277,7.8118796
6/22/2020 6:30,-2.437848,10.2277,7.789852
6/22/2020 7:00,3.2686387,4.66828,7.9369187
6/22/2020 7:30,11.016932,-2.82653,8.190402
6/22/2020 8:00,11.864021,-3.33297,8.531051
6/22/2020 8:30,16.493907,-7.74816,8.745747
6/22/2020 9:00,18.838068,-9.93663,8.901438
6/22/2020 9:30,20.873859,-11.6879,9.185959
6/22/2020 10:00,18.568831,-9.2139,9.354931
6/22/2020 10:30,21.481071,-11.9308,9.550271
6/22/2020 11:00,18.958885,-9.23697,9.721915
6/22/2020 11:30,20.552542,-10.7135,9.839042
6/22/2020 12:00,19.000436,-9.05298,9.947456
6/22/2020 12:30,22.030994,-11.9685,10.062494
6/22/2020 13:00,21.45829,-11.2734,10.18489
6/22/2020 13:30,20.62097,-10.3248,10.29617
6/22/2020 14:00,20.912802,-10.5771,10.335702
6/22/2020 14:30,19.008211,-8.66369,10.344521
6/22/2020 15:00,19.949343,-9.64267,10.306673
6/22/2020 15:30,18.605272,-8.36241,10.242862
6/22/2020 16:00,3.995881,5.26145,9.257331
6/22/2020 16:30,9.064661,-1.01113,8.053531
6/22/2020 17:00,10.48584,-2.25457,8.23127
6/22/2020 17:30,11.676539,-3.15518,8.521359
6/22/2020 18:00,14.675886,-5.96847,8.707416
6/22/2020 18:30,16.976657,-7.78925,9.187407
6/22/2020 19:00,13.028036,-3.81582,9.212216
6/22/2020 19:30,5.939787,2.8622,8.801987
6/22/2020 20:00,3.237147,5.30479,8.541937
6/22/2020 20:30,1.068179,7.35687,8.425049
6/22/2020 21:00,0.733747,7.62416,8.357907
6/22/2020 21:30,1.449404,6.92054,8.369944
6/22/2020 22:00,0.917195,7.10755,8.024745
6/22/2020 22:30,-4.5830066,12.3713,7.7882934
6/22/2020 23:00,-0.4027163,8.23515,7.8324337
6/22/2020 23:30,0.6265197,7.29741,7.9239297
6/23/2020 0:00,-1.561543,9.50929,7.947747
6/23/2020 0:30,-3.1314086,11.097,7.9655914
6/23/2020 1:00,-0.636453,8.65186,8.015407
6/23/2020 1:30,-0.798888,8.88644,8.087552
6/23/2020 2:00,-3.288092,11.4507,8.162608
6/23/2020 2:30,-0.618243,8.89151,8.273267
6/23/2020 3:00,2.030774,6.27726,8.308034
6/23/2020 3:30,0.247177,7.98904,8.236217
6/23/2020 4:00,0.519434,7.70356,8.222994
6/23/2020 4:30,0.605267,7.60152,8.206787
6/23/2020 5:00,0.652559,7.49142,8.143979
6/23/2020 5:30,-0.658786,8.72199,8.063204
6/23/2020 6:00,-2.728777,10.7625,8.033723
6/23/2020 6:30,2.372231,5.68637,8.058601
6/23/2020 7:00,4.239962,3.94636,8.186322
6/23/2020 7:30,11.917296,-3.51098,8.406316
6/23/2020 8:00,10.760423,-2.25056,8.509863
6/23/2020 8:30,13.624177,-4.92925,8.694927
6/23/2020 9:00,17.666811,-8.61899,9.047821
6/23/2020 9:30,18.173064,-8.89356,9.279504
6/23/2020 10:00,30.780966,-21.339,9.441966
6/23/2020 10:30,21.136783,-11.6085,9.528283
6/23/2020 11:00,23.042657,-13.39,9.652657
6/23/2020 11:30,23.956328,-14.2355,9.720828
6/23/2020 12:00,24.663063,-14.7562,9.906863
6/23/2020 12:30,24.148308,-14.1307,10.017608
6/23/2020 13:00,25.213882,-15.1886,10.025282
6/23/2020 13:30,24.332671,-14.2431,10.089571
6/23/2020 14:00,28.553196,-18.4029,10.150296
6/23/2020 14:30,23.2965645,-13.315,9.9815645
6/23/2020 15:00,26.19128,-16.0877,10.10358
6/23/2020 15:30,22.808466,-12.6246,10.183866
6/23/2020 16:00,21.339106,-11.1207,10.218406
6/23/2020 16:30,10.499238,-1.91783,8.581408
6/23/2020 17:00,13.706691,-5.49929,8.207401
6/23/2020 17:30,16.201182,-7.44103,8.760152
6/23/2020 18:00,10.3694525,-1.52351,8.8459425
6/23/2020 18:30,15.789944,-6.7204,9.069544
6/23/2020 19:00,14.673266,-5.34842,9.324846
6/23/2020 19:30,5.781814,3.24644,9.028254
6/23/2020 20:00,2.863772,6.12733,8.991102
6/23/2020 20:30,0.731295,8.07206,8.803355
6/23/2020 21:00,0.014939,8.6634,8.678339
6/23/2020 21:30,-2.303454,10.9748,8.671346
6/23/2020 22:00,-1.286809,9.98478,8.697971
6/23/2020 22:30,0.054889,8.6344,8.689289
6/23/2020 23:00,1.70366,6.95854,8.6622
6/23/2020 23:30,-1.931934,10.5865,8.654566
6/24/2020 0:00,-1.429275,10.0544,8.625125
6/24/2020 0:30,-1.577065,10.1687,8.591635
6/24/2020 1:00,0.359017,8.19677,8.555787
6/24/2020 1:30,-0.875078,9.40093,8.525852
6/24/2020 2:00,-0.452321,8.91997,8.467649
6/24/2020 2:30,-0.426547,8.8355,8.408953
6/24/2020 3:00,-0.76489,9.12721,8.36232
6/24/2020 3:30,-0.078302,8.3769,8.298598
6/24/2020 4:00,-0.287738,8.55794,8.270202
6/24/2020 4:30,-0.388605,8.66366,8.275055
6/24/2020 5:00,0.199587,8.01206,8.211647
6/24/2020 5:30,-0.245268,8.40903,8.163762
6/24/2020 6:00,0.382612,7.73771,8.120322
6/24/2020 6:30,2.555257,5.56949,8.124747
6/24/2020 7:00,5.079919,3.1727,8.252619
6/24/2020 7:30,11.487156,-3.03987,8.447286
6/24/2020 8:00,12.996706,-4.4655,8.531206
6/24/2020 8:30,13.999295,-5.32027,8.679025
6/24/2020 9:00,16.425967,-7.57586,8.850107
6/24/2020 9:30,20.597082,-11.5855,9.011582
6/24/2020 10:00,22.825172,-13.6061,9.219072
6/24/2020 10:30,20.423544,-11.1814,9.242144
6/24/2020 11:00,21.819683,-12.3644,9.455283
6/24/2020 11:30,18.627724,-8.97154,9.656184
6/24/2020 12:00,21.933081,-12.1716,9.761481
6/24/2020 12:30,22.185181,-12.3519,9.833281
6/24/2020 13:00,21.995362,-11.9661,10.029262
6/24/2020 13:30,22.192493,-12.0419,10.150593
6/24/2020 14:00,21.891231,-11.6681,10.223131
6/24/2020 14:30,23.98609,-13.921,10.06509
6/24/2020 15:00,22.490372,-12.3456,10.144772
6/24/2020 15:30,22.227004,-11.9788,10.248204
6/24/2020 16:00,18.039927,-7.93246,10.107467
6/24/2020 16:30,23.243157,-13.12,10.123157
6/24/2020 17:00,13.066743,-3.06447,10.002273
6/24/2020 17:30,17.382784,-7.4422,9.940584
6/24/2020 18:00,17.541986,-7.50024,10.041746
6/24/2020 18:30,17.954733,-7.90627,10.048463
6/24/2020 19:00,15.723528,-5.8286,9.894928
6/24/2020 19:30,12.459079,-2.76904,9.690039
6/24/2020 20:00,4.652992,4.74908,9.402072
6/24/2020 20:30,0.670588,8.3327,9.003288
6/24/2020 21:00,0.111328,8.44808,8.559408
6/24/2020 21:30,0.132981,8.17097,8.303951
6/24/2020 22:00,2.675859,5.56561,8.241469
6/24/2020 22:30,-0.364623,8.49909,8.134467
6/24/2020 23:00,1.01081,6.95726,7.96807
6/24/2020 23:30,0.496854,7.38113,7.877984
6/25/2020 0:00,-1.0760477,8.9415,7.8654523
6/25/2020 0:30,0.759401,7.22535,7.984751
6/25/2020 1:00,-0.883459,8.94421,8.060751
6/25/2020 1:30,1.253156,6.73628,7.989436
6/25/2020 2:00,1.616038,6.29846,7.914498
6/25/2020 2:30,-0.565213,8.39667,7.831457
6/25/2020 3:00,-1.5656694,9.25009,7.6844206
6/25/2020 3:30,5.9772195,1.6794,7.6566195
6/25/2020 4:00,4.0769574,3.53033,7.6072874
6/25/2020 4:30,-1.1749085,8.71496,7.5400515
6/25/2020 5:00,-2.339466,9.85562,7.516154
6/25/2020 5:30,-0.298241,7.94523,7.646989
6/25/2020 6:00,-0.4464155,8.2222,7.7757845
6/25/2020 6:30,-0.1791425,7.94523,7.7660875
6/25/2020 7:00,2.466788,5.34839,7.815178
6/25/2020 7:30,2.963608,4.96157,7.925178
6/25/2020 8:00,1.290719,6.72029,8.011009
6/25/2020 8:30,1.098657,6.9127,8.011357
6/25/2020 9:00,2.723934,5.14535,7.869284
6/25/2020 9:30,4.655332,3.16256,7.817892
6/25/2020 10:00,15.342661,-7.25799,8.084671
6/25/2020 10:30,16.886551,-8.43475,8.451801
6/25/2020 11:00,22.096286,-13.3411,8.755186
6/25/2020 11:30,22.631885,-13.4546,9.177285
6/25/2020 12:00,27.191096,-17.9866,9.204496
6/25/2020 12:30,13.713704,-5.098,8.615704
6/25/2020 13:00,18.089956,-9.60774,8.482216
6/25/2020 13:30,16.342158,-7.88115,8.461008
6/25/2020 14:00,15.990217,-7.45317,8.537047
6/25/2020 14:30,23.152834,-14.4858,8.667034
6/25/2020 15:00,34.47409,-25.4806,8.99349
6/25/2020 15:30,29.894392,-20.9061,8.988292
6/25/2020 16:00,15.255816,-7.07841,8.177406
6/25/2020 16:30,24.01036,-15.4304,8.57996
6/25/2020 17:00,20.236074,-11.5926,8.643474
6/25/2020 17:30,12.828327,-4.45942,8.368907
6/25/2020 18:00,9.861039,-1.81958,8.041459
6/25/2020 18:30,9.6494197,-1.81958,7.8298397
6/25/2020 19:00,11.172306,-3.2026,7.969706
6/25/2020 19:30,9.598099,-1.50065,8.097449
6/25/2020 20:00,5.571264,2.48368,8.054944
6/25/2020 20:30,-2.031832,9.93956,7.907728
6/25/2020 21:00,-1.3128043,9.06206,7.7492557
6/25/2020 21:30,3.3189546,4.2905,7.6094546
6/25/2020 22:00,-0.5199337,7.94523,7.4252963
6/25/2020 22:30,-2.3495634,9.75193,7.4023666
6/25/2020 23:00,1.9610396,5.48108,7.4421196
6/25/2020 23:30,-2.204515,9.64361,7.439095
6/26/2020 0:00,2.263808,5.22102,7.484828
6/26/2020 0:30,1.8758,5.64946,7.52526
6/26/2020 1:00,-0.693749,8.21552,7.521771
6/26/2020 1:30,-0.6211743,8.12714,7.5059657
6/26/2020 2:00,3.951114,3.52006,7.471174
6/26/2020 2:30,-2.314696,9.75193,7.437234
6/26/2020 3:00,-2.2543256,9.75193,7.4976044
6/26/2020 3:30,5.948494,1.69157,7.640064
6/26/2020 4:00,0.1912964,7.32433,7.5156264
6/26/2020 4:30,-2.267379,9.63391,7.366531
6/26/2020 5:00,2.9264504,4.49873,7.4251804
6/26/2020 5:30,0.9573148,6.44963,7.4069448
6/26/2020 6:00,-2.367575,9.75193,7.384355
6/26/2020 6:30,-1.335171,8.7034,7.368229
6/26/2020 7:00,6.930999,0.63316,7.564159
6/26/2020 7:30,11.5861137,-3.85548,7.7306337
6/26/2020 8:00,13.800935,-5.82385,7.977085
6/26/2020 8:30,15.518548,-7.31454,8.204008
6/26/2020 9:00,17.754989,-9.34648,8.408509
6/26/2020 9:30,16.424161,-8.136,8.288161
6/26/2020 10:00,24.889019,-16.2284,8.660619
6/26/2020 10:30,19.480077,-10.6258,8.854277
6/26/2020 11:00,19.818176,-10.7585,9.059676
6/26/2020 11:30,22.261009,-13.1291,9.131909
6/26/2020 12:00,21.077561,-11.9048,9.172761
6/26/2020 12:30,18.288167,-9.03298,9.255187
6/26/2020 13:00,19.030019,-9.70243,9.327589
6/26/2020 13:30,21.693354,-12.2928,9.400554
6/26/2020 14:00,19.973216,-10.5031,9.470116
6/26/2020 14:30,18.079526,-8.51582,9.563706
6/26/2020 15:00,17.470417,-7.84828,9.622137
6/26/2020 15:30,17.765957,-8.06438,9.701577
6/26/2020 16:00,17.22683,-7.55166,9.67517
6/26/2020 16:30,19.405768,-9.65377,9.751998
6/26/2020 17:00,25.19931,-15.46,9.73931
6/26/2020 17:30,16.373415,-6.70998,9.663435
6/26/2020 18:00,14.831616,-5.38976,9.441856
6/26/2020 18:30,11.820828,-2.59332,9.227508
6/26/2020 19:00,11.264699,-2.14562,9.119079
6/26/2020 19:30,6.291743,2.48227,8.774013
6/26/2020 20:00,4.147821,4.42872,8.576541
6/26/2020 20:30,2.6304165,5.79433,8.4247465
6/26/2020 21:00,0.137628,8.06879,8.206418
6/26/2020 21:30,-1.322808,9.38579,8.062982
6/26/2020 22:00,-4.7324697,12.7183,7.9858303
6/26/2020 22:30,0.694197,7.22014,7.914337
6/26/2020 23:00,-0.9579267,8.78128,7.8233533
6/26/2020 23:30,-1.8476442,9.63419,7.7865458
6/27/2020 0:00,-2.0905645,9.80357,7.7130055
6/27/2020 0:30,-1.9088153,9.5127,7.6038847
6/27/2020 1:00,-2.046815,9.61333,7.566515
6/27/2020 1:30,0.473296,7.06197,7.535266
6/27/2020 2:00,1.276767,6.08055,7.357317
6/27/2020 2:30,2.707915,4.49959,7.207505
6/27/2020 3:00,0.109667,7.01712,7.126787
6/27/2020 3:30,-1.882232,8.88933,7.007098
6/27/2020 4:00,-0.885278,8.09471,7.209432
6/27/2020 4:30,-0.8553303,8.00046,7.1451297
6/27/2020 5:00,-1.171197,8.12467,6.953473
6/27/2020 5:30,0.583451,6.30575,6.889201
6/27/2020 6:00,0.594439,6.30575,6.900189
6/27/2020 6:30,-1.156088,8.12467,6.968582
6/27/2020 7:00,2.309961,4.85043,7.160391
6/27/2020 7:30,11.1999126,-3.64817,7.5517426
6/27/2020 8:00,14.1591432,-6.1887,7.9704432
6/27/2020 8:30,15.3721875,-7.10227,8.2699175
6/27/2020 9:00,22.236089,-13.6537,8.582389
6/27/2020 9:30,21.671731,-12.7795,8.892231
6/27/2020 10:00,19.215951,-10.1898,9.026151
6/27/2020 10:30,20.526661,-11.4106,9.116061
6/27/2020 11:00,20.739588,-11.4636,9.275988
6/27/2020 11:30,18.67842,-9.3167,9.36172
6/27/2020 12:00,19.86621,-10.4917,9.37451
6/27/2020 12:30,23.829167,-14.3148,9.514367
6/27/2020 13:00,23.025825,-13.5593,9.466525
6/27/2020 13:30,21.6390345,-12.1733,9.4657345
6/27/2020 14:00,24.43282,-15.0176,9.41522
6/27/2020 14:30,20.368577,-10.8355,9.533077
6/27/2020 15:00,21.537964,-11.949,9.588964
6/27/2020 15:30,22.766527,-13.1348,9.631727
6/27/2020 16:00,16.955864,-7.44292,9.512944
6/27/2020 16:30,19.170655,-9.69008,9.480575
6/27/2020 17:00,14.773462,-5.36561,9.407852
6/27/2020 17:30,16.912571,-7.56946,9.343111
6/27/2020 18:00,17.244517,-7.84151,9.403007
6/27/2020 18:30,13.357625,-3.92334,9.434285
6/27/2020 19:00,10.109104,-0.952199,9.156905
6/27/2020 19:30,11.368425,-2.3132,9.055225
6/27/2020 20:00,7.903355,1.08844,8.991795
6/27/2020 20:30,0.6016735,8.06663,8.6683035
6/27/2020 21:00,0.235018,8.15963,8.394648
6/27/2020 21:30,0.102052,8.14302,8.245072
6/27/2020 22:00,2.178794,6.05557,8.234364
6/27/2020 22:30,-1.870206,9.99874,8.128534
6/27/2020 23:00,0.870031,7.17065,8.040681
6/27/2020 23:30,-0.234698,8.16345,7.928752
6/28/2020 0:00,-1.6042082,9.45522,7.8510118
6/28/2020 0:30,-0.404078,8.14378,7.739702
6/28/2020 1:00,0.5851443,7.00934,7.5944843
6/28/2020 1:30,-0.5249656,8.0661,7.5411344
6/28/2020 2:00,0.225687,7.36867,7.594357
6/28/2020 2:30,-1.375193,8.94766,7.572467
6/28/2020 3:00,1.930737,5.60167,7.532407
6/28/2020 3:30,1.62753,5.88573,7.51326
6/28/2020 4:00,0.9010176,6.60317,7.5041876
6/28/2020 4:30,-0.434461,7.85325,7.418789
6/28/2020 5:00,-2.9609826,10.2765,7.3155174
6/28/2020 5:30,-1.910292,9.1422,7.231908
6/28/2020 6:00,-2.045172,9.25009,7.204918
6/28/2020 6:30,-0.986136,8.19791,7.211774
6/28/2020 7:00,4.432679,2.88655,7.319229
6/28/2020 7:30,10.209816,-2.52664,7.683176
6/28/2020 8:00,11.92755,-4.00807,7.91948
6/28/2020 8:30,17.439456,-9.28905,8.150406
6/28/2020 9:00,18.758148,-10.4466,8.311548
6/28/2020 9:30,23.9064575,-15.3788,8.5276575
6/28/2020 10:00,19.369207,-10.6409,8.728307
6/28/2020 10:30,21.631122,-12.865,8.766122
6/28/2020 11:00,21.798245,-12.8486,8.949645
6/28/2020 11:30,21.185884,-12.163,9.022884
6/28/2020 12:00,22.070391,-13.0017,9.068691
6/28/2020 12:30,21.579443,-12.4257,9.153743
6/28/2020 13:00,20.966341,-11.6567,9.309641
6/28/2020 13:30,21.794819,-12.4204,9.374419
6/28/2020 14:00,21.924426,-12.4765,9.447926
6/28/2020 14:30,21.821079,-12.246,9.575079
6/28/2020 15:00,23.919633,-14.3341,9.585533
6/28/2020 15:30,24.097881,-14.536,9.561881
6/28/2020 16:00,24.073115,-14.6876,9.385515
6/28/2020 16:30,26.175016,-16.6279,9.547116
6/28/2020 17:00,17.89575,-8.56601,9.32974
6/28/2020 17:30,15.530932,-6.3239,9.207032
6/28/2020 18:00,15.553488,-6.3239,9.229588
6/28/2020 18:30,16.113485,-6.76114,9.352345
6/28/2020 19:00,7.90231,1.14925,9.05156
6/28/2020 19:30,7.372302,1.56203,8.934332
6/28/2020 20:00,3.61921,5.10229,8.7215
6/28/2020 20:30,2.1357215,6.43385,8.5695715
6/28/2020 21:00,0.26855,8.13951,8.40806
6/28/2020 21:30,0.152898,8.13951,8.292408
6/28/2020 22:00,-0.004124,8.28671,8.282586
6/28/2020 22:30,-0.188308,8.45788,8.269572
6/28/2020 23:00,-0.301149,8.45788,8.156731
6/28/2020 23:30,-0.593132,8.70566,8.112528
6/29/2020 0:00,-0.085915,8.14378,8.057865
6/29/2020 0:30,1.1343617,6.81633,7.9506917
6/29/2020 1:00,-0.053858,7.88904,7.835182
6/29/2020 1:30,-13.5836707,21.3872,7.8035293
6/29/2020 2:00,1.2632314,6.5777,7.8409314
6/29/2020 2:30,3.757247,4.11929,7.876537
6/29/2020 3:00,0.601381,7.24932,7.850701
6/29/2020 3:30,-0.960289,8.80281,7.842521
6/29/2020 4:00,3.6318994,4.21068,7.8425794
6/29/2020 4:30,0.9061227,6.88095,7.7870727
6/29/2020 5:00,2.8397266,4.89335,7.7330766
6/29/2020 5:30,2.422759,5.37142,7.794179
6/29/2020 6:00,3.4535874,4.30996,7.7635474
6/29/2020 6:30,2.1849604,5.54811,7.7330704
6/29/2020 7:00,4.769732,3.034,7.803732
6/29/2020 7:30,10.5236674,-2.52664,7.9970274
6/29/2020 8:00,16.968354,-8.60199,8.366364
6/29/2020 8:30,15.55687,-7.21083,8.34604
6/29/2020 9:00,15.242155,-6.79952,8.442635
6/29/2020 9:30,24.268569,-15.6685,8.600069
6/29/2020 10:00,25.085423,-16.2534,8.832023
6/29/2020 10:30,21.90966,-12.9788,8.93086
6/29/2020 11:00,21.019308,-11.9324,9.086908
6/29/2020 11:30,22.229669,-13.0302,9.199469
6/29/2020 12:00,24.974287,-15.6055,9.368787
6/29/2020 12:30,26.082752,-16.6112,9.471552
6/29/2020 13:00,22.373512,-12.7844,9.589112
6/29/2020 13:30,22.707359,-13.0577,9.649659
6/29/2020 14:00,24.937064,-15.1257,9.811364
6/29/2020 14:30,22.891746,-12.9961,9.895646
6/29/2020 15:00,21.067654,-11.2537,9.813954
6/29/2020 15:30,23.0702,-13.1429,9.9273
6/29/2020 16:00,22.564566,-12.6025,9.962066
6/29/2020 16:30,22.536856,-12.816,9.720856
6/29/2020 17:00,25.401888,-15.5401,9.861788
6/29/2020 17:30,22.67374,-12.8483,9.82544
6/29/2020 18:00,17.3746375,-7.70936,9.6652775
6/29/2020 18:30,16.447249,-6.79952,9.647729
6/29/2020 19:00,11.772313,-2.32218,9.450133
6/29/2020 19:30,12.807689,-3.31321,9.494479
6/29/2020 20:00,6.807788,2.43319,9.240978
6/29/2020 20:30,0.95184,7.95329,8.90513
6/29/2020 21:00,0.714338,7.95183,8.666168
6/29/2020 21:30,0.569404,7.96425,8.533654
6/29/2020 22:00,2.279296,6.22861,8.507906
6/29/2020 22:30,0.543115,7.91051,8.453625
6/29/2020 23:00,2.645417,5.56561,8.211027
6/29/2020 23:30,-2.57552,10.4852,7.90968
6/30/2020 0:00,-1.279206,9.07406,7.794854
6/30/2020 0:30,5.012771,2.59999,7.612761
6/30/2020 1:00,-2.988214,10.4817,7.493486
6/30/2020 1:30,-2.590258,9.95737,7.367112
6/30/2020 2:00,0.8979926,6.39287,7.2908626
6/30/2020 2:30,1.390658,5.87883,7.269488
6/30/2020 3:00,1.724462,5.44747,7.171932
6/30/2020 3:30,0.6246335,6.47133,7.0959635
6/30/2020 4:00,0.5361006,6.47133,7.0074306
6/30/2020 4:30,0.7347953,6.14906,6.8838553
6/30/2020 5:00,1.2563177,5.58819,6.8445077
6/30/2020 5:30,-1.172546,7.8632,6.690654
6/30/2020 6:00,0.985256,5.87533,6.860586
6/30/2020 6:30,-1.3853764,8.3859,7.0005236
6/30/2020 7:00,7.698754,-0.520527,7.178227
6/30/2020 7:30,7.6186269,-0.0216159,7.597011
6/30/2020 8:00,11.681198,-3.67954,8.001658
6/30/2020 8:30,12.442369,-3.87888,8.563489
6/30/2020 9:00,14.950733,-6.14095,8.809783
6/30/2020 9:30,19.495442,-10.4073,9.088142
6/30/2020 10:00,22.093014,-12.8557,9.237314
6/30/2020 10:30,17.355335,-8.01869,9.336645
6/30/2020 11:00,15.546564,-6.11235,9.434214
6/30/2020 11:30,18.214935,-8.7975,9.417435
6/30/2020 12:00,22.264309,-12.5945,9.669809
6/30/2020 12:30,28.765115,-18.9904,9.774715
6/30/2020 13:00,21.18108,-11.2991,9.88198
6/30/2020 13:30,24.395772,-14.6783,9.717472
6/30/2020 14:00,26.505701,-16.6942,9.811501
6/30/2020 14:30,23.192123,-13.2322,9.959923
6/30/2020 15:00,25.215976,-15.1414,10.074576
6/30/2020 15:30,20.0353125,-10.0591,9.9762125
6/30/2020 16:00,20.21118,-10.2541,9.95708
6/30/2020 16:30,25.588151,-15.6445,9.943651
6/30/2020 17:00,20.686681,-10.8895,9.797181
6/30/2020 17:30,11.884935,-2.54218,9.342755
6/30/2020 18:00,7.547477,1.52765,9.075127
6/30/2020 18:30,10.480298,-1.4714,9.008898
6/30/2020 19:00,11.535459,-2.48979,9.045669
6/30/2020 19:30,6.8865035,2.03392,8.9204235
6/30/2020 20:00,1.395952,7.35904,8.754992
6/30/2020 20:30,0.818885,7.78925,8.608135
6/30/2020 21:00,0.7071055,7.80573,8.5128355
6/30/2020 21:30,0.6770015,7.75843,8.4354315
6/30/2020 22:00,0.435501,7.79647,8.231971
6/30/2020 22:30,0.9865374,6.95818,7.9447174
6/30/2020 23:00,-0.1254516,7.94132,7.8158684
6/30/2020 23:30,-0.751301,8.45848,7.707179
7/1/2020 0:00,2.1839805,5.43752,7.6215005
7/1/2020 0:30,-0.678632,8.27408,7.595448
7/1/2020 1:00,-1.3318924,8.8494,7.5175076
7/1/2020 1:30,-0.8174116,8.27408,7.4566684
7/1/2020 2:00,2.8268766,4.49959,7.3264666
7/1/2020 2:30,2.314261,4.90936,7.223621
7/1/2020 3:00,1.2299187,6.01141,7.2413287
7/1/2020 3:30,-0.990387,8.17133,7.180943
7/1/2020 4:00,0.9178103,6.19865,7.1164603
7/1/2020 4:30,0.814455,6.30575,7.120205
7/1/2020 5:00,0.6540996,6.47133,7.1254296
7/1/2020 5:30,0.826177,6.30575,7.131927
7/1/2020 6:00,0.612899,6.47133,7.084229
7/1/2020 6:30,-1.17091,8.3859,7.21499
7/1/2020 7:00,3.032213,4.2346,7.266813
7/1/2020 7:30,5.0800866,2.55013,7.6302166
7/1/2020 8:00,7.093189,0.867606,7.960795
7/1/2020 8:30,10.67616,-2.52024,8.15592
7/1/2020 9:00,16.567062,-8.03867,8.528392
7/1/2020 9:30,18.058717,-9.02197,9.036747
7/1/2020 10:00,31.062092,-21.7021,9.359992
7/1/2020 10:30,27.241282,-17.8144,9.426882
7/1/2020 11:00,29.911888,-20.4543,9.457588
7/1/2020 11:30,26.802166,-17.2957,9.506466
7/1/2020 12:00,27.790519,-18.1975,9.593019
7/1/2020 12:30,27.053719,-17.4237,9.630019
7/1/2020 13:00,24.065207,-14.3931,9.672107
7/1/2020 13:30,26.75773,-16.9544,9.80333
7/1/2020 14:00,20.436934,-10.7417,9.695234
7/1/2020 14:30,19.112392,-9.52144,9.590952
7/1/2020 15:00,23.669612,-13.971,9.698612
7/1/2020 15:30,25.462582,-15.6189,9.843682
7/1/2020 16:00,27.051426,-17.3047,9.746726
7/1/2020 16:30,22.749151,-13.3773,9.371851
7/1/2020 17:00,13.489356,-4.4249,9.064456
7/1/2020 17:30,20.354065,-11.3191,9.034965
7/1/2020 18:00,17.964647,-8.65029,9.314357
7/1/2020 18:30,12.307271,-3.16496,9.142311
7/1/2020 19:00,12.091366,-2.89435,9.197016
7/1/2020 19:30,11.906571,-2.61852,9.288051
7/1/2020 20:00,5.074374,4.04401,9.118384
7/1/2020 20:30,2.582091,6.327,8.909091
7/1/2020 21:00,1.373067,7.33995,8.713017
7/1/2020 21:30,0.556102,7.70845,8.264552
7/1/2020 22:00,3.120897,4.5671,7.687997
7/1/2020 22:30,-0.4887025,8.06554,7.5768375
7/1/2020 23:00,-0.322034,7.90385,7.581816
7/1/2020 23:30,-0.316423,7.90385,7.587427
7/2/2020 0:00,-2.425654,10.0047,7.579046
7/2/2020 0:30,-0.737562,8.32201,7.584448
7/2/2020 1:00,-0.3500504,7.90385,7.5537996
7/2/2020 1:30,1.8378225,5.69529,7.5331125
7/2/2020 2:00,0.583223,6.8738,7.457023
7/2/2020 2:30,0.6253546,6.8738,7.4991546
7/2/2020 3:00,0.7773404,6.71279,7.4901304
7/2/2020 3:30,1.075758,6.30575,7.381508
7/2/2020 4:00,1.010401,6.30575,7.316151
7/2/2020 4:30,0.96883,6.30575,7.27458
7/2/2020 5:00,1.0488705,6.30575,7.3546205
7/2/2020 5:30,0.7394304,6.71279,7.4522204
7/2/2020 6:00,1.0456785,6.30575,7.3514285
7/2/2020 6:30,1.1228956,6.30575,7.4286456
7/2/2020 7:00,-3.6965667,11.3893,7.6927333
7/2/2020 7:30,4.3694487,3.45368,7.8231287
7/2/2020 8:00,5.669733,2.19786,7.867593
7/2/2020 8:30,9.5903,-1.68292,7.90738
7/2/2020 9:00,13.038154,-4.97698,8.061174
7/2/2020 9:30,19.066895,-10.7482,8.318695
7/2/2020 10:00,18.595184,-10.1771,8.418084
7/2/2020 10:30,22.05969,-13.3466,8.71309
7/2/2020 11:00,26.253042,-17.3689,8.884142
7/2/2020 11:30,22.484885,-13.5238,8.961085
7/2/2020 12:00,22.543367,-13.4365,9.106867
7/2/2020 12:30,21.846559,-12.6088,9.237759
7/2/2020 13:00,22.0023175,-12.7057,9.2966175
7/2/2020 13:30,22.801068,-13.4664,9.334668
7/2/2020 14:00,21.137412,-11.6601,9.477312
7/2/2020 14:30,19.394375,-9.88736,9.507015
7/2/2020 15:00,23.111379,-13.6368,9.474579
7/2/2020 15:30,23.0370165,-13.3865,9.6505165
7/2/2020 16:00,23.342504,-13.6368,9.705704
7/2/2020 16:30,23.133581,-13.3537,9.779881
7/2/2020 17:00,25.556502,-15.8135,9.743002
7/2/2020 17:30,19.080245,-9.5755,9.504745
7/2/2020 18:00,19.006468,-9.51065,9.495818
7/2/2020 18:30,19.077788,-9.51065,9.567138
7/2/2020 19:00,16.735789,-7.2284,9.507389
7/2/2020 19:30,12.713577,-3.33934,9.374237
7/2/2020 20:00,6.237879,2.93857,9.176449
7/2/2020 20:30,1.303377,7.57496,8.878337
7/2/2020 21:00,-0.1977055,8.77477,8.5770645
7/2/2020 21:30,0.811254,7.5977,8.408954
7/2/2020 22:00,-0.132817,8.45788,8.325063
7/2/2020 22:30,-0.702742,8.94421,8.241468
7/2/2020 23:00,0.1380707,7.62929,7.7673607
7/2/2020 23:30,-0.2640527,7.86603,7.6019773
7/3/2020 0:00,5.835999,1.6794,7.515399
7/3/2020 0:30,-2.0287526,9.5451,7.5163474
7/3/2020 1:00,-1.2814497,8.71496,7.4335103
7/3/2020 1:30,-0.5801854,7.94523,7.3650446
7/3/2020 2:00,-0.472724,7.74886,7.276136
7/3/2020 2:30,-0.709164,7.94523,7.236066
7/3/2020 3:00,-1.094175,8.19208,7.097905
7/3/2020 3:30,0.153108,6.99406,7.147168
7/3/2020 4:00,0.3031087,6.99406,7.2971687
7/3/2020 4:30,0.246894,6.99406,7.240954
7/3/2020 5:00,-0.408731,7.6179,7.209169
7/3/2020 5:30,-0.766367,8.00732,7.240953
7/3/2020 6:00,-0.8089934,8.00732,7.1983266
7/3/2020 6:30,-1.210648,8.3859,7.175252
7/3/2020 7:00,5.5340205,1.73318,7.2672005
7/3/2020 7:30,11.3947755,-3.65092,7.7438555
7/3/2020 8:00,15.326103,-7.00077,8.325333
7/3/2020 8:30,18.191382,-9.37923,8.812152
7/3/2020 9:00,19.495132,-10.4137,9.081432
7/3/2020 9:30,23.527581,-14.2374,9.290181
7/3/2020 10:00,22.78945,-13.3024,9.48705
7/3/2020 10:30,23.010881,-13.4454,9.565481
7/3/2020 11:00,23.174896,-13.5226,9.652296
7/3/2020 11:30,23.128363,-13.3643,9.764063
7/3/2020 12:00,23.5473875,-13.6816,9.8657875
7/3/2020 12:30,23.194117,-13.2394,9.954717
7/3/2020 13:00,23.041085,-13.0041,10.036985
7/3/2020 13:30,23.438145,-13.2938,10.144345
7/3/2020 14:00,20.346769,-10.1042,10.242569
7/3/2020 14:30,23.373359,-13.0568,10.316559
7/3/2020 15:00,24.447467,-14.0312,10.416267
7/3/2020 15:30,23.239272,-12.8357,10.403572
7/3/2020 16:00,24.027693,-13.6416,10.386093
7/3/2020 16:30,25.525904,-15.1571,10.368804
7/3/2020 17:00,16.242231,-6.10455,10.137681
7/3/2020 17:30,19.498509,-9.28121,10.217299
7/3/2020 18:00,15.74701,-5.44469,10.30232
7/3/2020 18:30,20.331595,-10.0524,10.279195
7/3/2020 19:00,17.551563,-7.3866,10.164963
7/3/2020 19:30,10.390971,-0.429838,9.961133
7/3/2020 20:00,6.222048,3.52233,9.744378
7/3/2020 20:30,1.508705,7.83035,9.339055
7/3/2020 21:00,2.885985,6.14209,9.028075
7/3/2020 21:30,0.9055835,7.80663,8.7122135
7/3/2020 22:00,1.052754,7.52737,8.580124
7/3/2020 22:30,1.889413,6.51899,8.408403
7/3/2020 23:00,1.382837,7.00934,8.392177
7/3/2020 23:30,0.642828,7.7168,8.359628
7/4/2020 0:00,1.865971,6.23157,8.097541
7/4/2020 0:30,0.645983,7.43231,8.078293
7/4/2020 1:00,-2.265602,10.2693,8.003698
7/4/2020 1:30,-4.290573,12.3152,8.024627
7/4/2020 2:00,-2.2942586,10.2693,7.9750414
7/4/2020 2:30,-0.519383,8.47493,7.955547
7/4/2020 3:00,0.1196605,7.8463,7.9659605
7/4/2020 3:30,0.372861,7.52134,7.894201
7/4/2020 4:00,-0.0571683,7.86603,7.8088617
7/4/2020 4:30,2.895581,4.87263,7.768211
7/4/2020 5:00,-0.0388717,7.81288,7.7740083
7/4/2020 5:30,-0.049255,7.80414,7.754885
7/4/2020 6:00,1.555218,6.08055,7.635768
7/4/2020 6:30,0.026473,7.62695,7.653423
7/4/2020 7:00,6.34931,1.37101,7.72032
7/4/2020 7:30,11.670908,-3.56003,8.110878
7/4/2020 8:00,15.557173,-6.97812,8.579053
7/4/2020 8:30,18.8293795,-9.7827,9.0466795
7/4/2020 9:00,18.56225,-9.25041,9.31184
7/4/2020 9:30,23.97221,-14.4497,9.52251
7/4/2020 10:00,24.751089,-15.0966,9.654489
7/4/2020 10:30,23.551672,-13.7084,9.843272
7/4/2020 11:00,24.171377,-14.1731,9.998277
7/4/2020 11:30,24.116192,-13.9676,10.148592
7/4/2020 12:00,24.510825,-14.2965,10.214325
7/4/2020 12:30,22.761387,-12.4601,10.301287
7/4/2020 13:00,24.907159,-14.5269,10.380259
7/4/2020 13:30,22.445864,-12.0383,10.407564
7/4/2020 14:00,24.668621,-14.1881,10.480521
7/4/2020 14:30,25.2853625,-14.78,10.5053625
7/4/2020 15:00,25.79372,-15.257,10.53672
7/4/2020 15:30,24.046146,-13.451,10.595146
7/4/2020 16:00,25.707765,-15.188,10.519765
7/4/2020 16:30,19.505469,-9.58115,9.924319
7/4/2020 17:00,4.550102,4.29754,8.847642
7/4/2020 17:30,11.987898,-3.14308,8.844818
7/4/2020 18:00,14.821899,-5.87231,8.949589
7/4/2020 18:30,9.908765,-0.9341,8.974665
7/4/2020 19:00,12.703524,-3.74304,8.960484
7/4/2020 19:30,12.238502,-3.28001,8.958492
7/4/2020 20:00,7.040432,1.81823,8.858662
7/4/2020 20:30,2.972077,5.68788,8.659957
7/4/2020 21:00,-0.041429,8.53486,8.493431
7/4/2020 21:30,-0.213227,8.64726,8.434033
7/4/2020 22:00,0.6148025,7.82349,8.4382925
7/4/2020 22:30,0.554862,7.80704,8.361902
7/4/2020 23:00,-1.760388,10.0104,8.250012
7/4/2020 23:30,-1.260653,9.42144,8.160787
7/5/2020 0:00,1.2133694,6.78616,7.9995294
7/5/2020 0:30,0.4544526,7.34378,7.7982326
7/5/2020 1:00,-1.4494793,9.19505,7.7455707
7/5/2020 1:30,-1.25231,8.92659,7.67428
7/5/2020 2:00,-1.1778713,8.92659,7.7487187
7/5/2020 2:30,-1.1959296,8.92659,7.7306604
7/5/2020 3:00,-1.203857,8.92659,7.722733
7/5/2020 3:30,-1.203549,8.92659,7.723041
7/5/2020 4:00,-1.1766396,8.92659,7.7499504
7/5/2020 4:30,-1.151852,8.92659,7.774738
7/5/2020 5:00,-0.0519247,7.57548,7.5235553
7/5/2020 5:30,-0.754963,8.00732,7.252357
7/5/2020 6:00,-0.6504923,8.00732,7.3568277
7/5/2020 6:30,-5.1541048,12.5263,7.3721952
7/5/2020 7:00,2.939658,4.66828,7.607938
7/5/2020 7:30,12.250489,-4.20858,8.041909
7/5/2020 8:00,11.713525,-3.24475,8.468775
7/5/2020 8:30,13.607508,-4.8551,8.752408
7/5/2020 9:00,19.127116,-10.1724,8.954716
7/5/2020 9:30,19.325506,-10.2377,9.087806
7/5/2020 10:00,20.721021,-11.4755,9.245521
7/5/2020 10:30,19.815927,-10.4276,9.388327
7/5/2020 11:00,26.522881,-16.9835,9.539381
7/5/2020 11:30,24.459328,-14.7415,9.717828
7/5/2020 12:00,27.625828,-17.7839,9.841928
7/5/2020 12:30,24.769508,-14.8579,9.911608
7/5/2020 13:00,25.437054,-15.4863,9.950754
7/5/2020 13:30,24.804242,-14.8168,9.987442
7/5/2020 14:00,24.808842,-14.6774,10.131442
7/5/2020 14:30,23.494935,-13.3284,10.166535
7/5/2020 15:00,23.02739,-12.8488,10.17859
7/5/2020 15:30,21.96074,-11.7609,10.19984
7/5/2020 16:00,19.190667,-9.01778,10.172887
7/5/2020 16:30,21.643754,-11.5329,10.110854
7/5/2020 17:00,19.63758,-9.58425,10.05333
7/5/2020 17:30,21.564665,-11.6388,9.925865
7/5/2020 18:00,18.079462,-8.40811,9.671352
7/5/2020 18:30,12.052302,-2.65434,9.397962
7/5/2020 19:00,9.0695692,0.0255678,9.095137
7/5/2020 19:30,8.2444255,0.772713,9.0171385
7/5/2020 20:00,6.352039,2.50821,8.860249
7/5/2020 20:30,2.543715,6.12839,8.672105
7/5/2020 21:00,0.515359,7.99602,8.511379
7/5/2020 21:30,-2.278164,10.6818,8.403636
7/5/2020 22:00,0.3040215,7.98957,8.2935915
7/5/2020 22:30,1.512516,6.63602,8.148536
7/5/2020 23:00,1.215149,6.90663,8.121779
7/5/2020 23:30,1.619555,6.46937,8.088925
7/6/2020 0:00,-3.25791,11.1428,7.88489
7/6/2020 0:30,-0.288604,7.97372,7.685116
7/6/2020 1:00,-1.5557996,9.12313,7.5673304
7/6/2020 1:30,3.4605684,4.06076,7.5213284
7/6/2020 2:00,-0.358208,7.81997,7.461762
7/6/2020 2:30,-0.954076,8.40578,7.451704
7/6/2020 3:00,-0.4553534,7.86439,7.4090366
7/6/2020 3:30,1.9819385,5.40708,7.3890185
7/6/2020 4:00,-0.610298,7.93713,7.326832
7/6/2020 4:30,1.906379,5.44747,7.353849
7/6/2020 5:00,-1.2422375,8.90311,7.6608725
7/6/2020 5:30,-0.421107,7.9278,7.506693
7/6/2020 6:00,-0.6317664,8.00732,7.3755536
7/6/2020 6:30,-1.001136,8.3859,7.384764
7/6/2020 7:00,2.7293975,4.69676,7.4261575
7/6/2020 7:30,11.8869624,-3.92556,7.9614024
7/6/2020 8:00,10.817684,-2.09872,8.718964
7/6/2020 8:30,19.727219,-10.7053,9.021919
7/6/2020 9:00,19.089705,-9.88615,9.203555
7/6/2020 9:30,27.279824,-17.8848,9.395024
7/6/2020 10:00,22.585029,-13.033,9.552029
7/6/2020 10:30,24.365232,-14.6844,9.680832
7/6/2020 11:00,26.848377,-17.0695,9.778877
7/6/2020 11:30,27.400633,-17.527,9.873633
7/6/2020 12:00,23.391544,-13.4226,9.968944
7/6/2020 12:30,23.715824,-13.776,9.939824
7/6/2020 13:00,25.425613,-15.4242,10.001413
7/6/2020 13:30,25.03431,-14.8375,10.19681
7/6/2020 14:00,25.885645,-15.6794,10.206245
7/6/2020 14:30,22.930017,-12.7421,10.187917
7/6/2020 15:00,22.916642,-12.7079,10.208742
7/6/2020 15:30,22.432094,-12.3233,10.108794
7/6/2020 16:00,22.959535,-12.8579,10.101635
7/6/2020 16:30,21.52652,-11.3952,10.13132
7/6/2020 17:00,21.747867,-11.7617,9.986167
7/6/2020 17:30,11.907755,-2.4299,9.477855
7/6/2020 18:00,13.024132,-3.70606,9.318072
7/6/2020 18:30,15.990992,-6.32542,9.665572
7/6/2020 19:00,12.491648,-2.90537,9.586278
7/6/2020 19:30,12.708584,-3.28001,9.428574
7/6/2020 20:00,5.533384,3.68215,9.215534
7/6/2020 20:30,3.611276,5.3421,8.953376
7/6/2020 21:00,0.780896,7.96871,8.749606
7/6/2020 21:30,0.643416,7.96871,8.612126
7/6/2020 22:00,-0.900158,9.40338,8.503222
7/6/2020 22:30,1.804161,6.63602,8.440181
7/6/2020 23:00,1.073313,7.32608,8.399393
7/6/2020 23:30,-0.575328,8.85452,8.279192
7/7/2020 0:00,-5.258415,13.508,8.249585
7/7/2020 0:30,1.213407,7.03062,8.244027
7/7/2020 1:00,0.591792,7.59498,8.186772
7/7/2020 1:30,-2.5416713,10.3859,7.8442287
7/7/2020 2:00,-0.338835,8.0673,7.728465
7/7/2020 2:30,-0.3530096,7.98918,7.6361704
7/7/2020 3:00,-3.0718757,10.6807,7.6088243
7/7/2020 3:30,-2.434323,9.93656,7.502237
7/7/2020 4:00,-1.3239836,8.77219,7.4482064
7/7/2020 4:30,-0.528574,7.97117,7.442596
7/7/2020 5:00,-0.386054,7.86428,7.478226
7/7/2020 5:30,-0.539794,7.97117,7.431376
7/7/2020 6:00,0.2023254,7.19911,7.4014354
7/7/2020 6:30,-1.4032365,8.88261,7.4793735
7/7/2020 7:00,3.1258317,4.66828,7.7941117
7/7/2020 7:30,11.947915,-3.74304,8.204875
7/7/2020 8:00,10.997041,-2.47469,8.522351
7/7/2020 8:30,19.691569,-10.7977,8.893869
7/7/2020 9:00,19.570406,-10.3984,9.172006
7/7/2020 9:30,18.541129,-9.18523,9.355899
7/7/2020 10:00,24.509702,-15.1023,9.407402
7/7/2020 10:30,26.198237,-16.6881,9.510137
7/7/2020 11:00,32.550778,-22.9396,9.611178
7/7/2020 11:30,28.724272,-19.1246,9.599672
7/7/2020 12:00,28.239864,-18.6582,9.581664
7/7/2020 12:30,26.285143,-16.5917,9.693443
7/7/2020 13:00,18.827019,-9.31372,9.513299
7/7/2020 13:30,22.954646,-13.4118,9.542846
7/7/2020 14:00,28.318824,-18.572,9.746824
7/7/2020 14:30,31.020003,-21.1478,9.872203
7/7/2020 15:00,22.935716,-13.276,9.659716
7/7/2020 15:30,18.145797,-8.6025,9.543297
7/7/2020 16:00,12.607269,-3.74304,8.864229
7/7/2020 16:30,22.910572,-13.8513,9.059272
7/7/2020 17:00,17.813024,-8.66596,9.147064
7/7/2020 17:30,14.320026,-5.208,9.112026
7/7/2020 18:00,20.305936,-11.1885,9.117436
7/7/2020 18:30,13.738003,-4.66878,9.069223
7/7/2020 19:00,11.74605,-2.71316,9.03289
7/7/2020 19:30,6.711737,2.24256,8.954297
7/7/2020 20:00,6.557767,2.29426,8.852027
7/7/2020 20:30,-0.212146,8.92088,8.708734
7/7/2020 21:00,0.046132,8.57392,8.620052
7/7/2020 21:30,1.831731,6.7209,8.552631
7/7/2020 22:00,0.243343,8.11635,8.359693
7/7/2020 22:30,0.264288,7.96246,8.226748
7/7/2020 23:00,0.390162,7.76973,8.159892
7/7/2020 23:30,0.677096,7.48163,8.158726
7/8/2020 0:00,-0.314678,8.39893,8.084252
7/8/2020 0:30,-1.8215826,9.75927,7.9376874
7/8/2020 1:00,-0.4703193,8.45786,7.9875407
7/8/2020 1:30,-0.66241,8.67404,8.01163
7/8/2020 2:00,-12.969705,21.0054,8.035695
7/8/2020 2:30,-1.254803,9.25041,7.995607
7/8/2020 3:00,-0.9713382,8.94384,7.9725018
7/8/2020 3:30,1.5089743,6.42994,7.9389143
7/8/2020 4:00,-2.8534313,10.7833,7.9298687
7/8/2020 4:30,-0.7090986,8.64481,7.9357114
7/8/2020 5:00,-0.196658,8.13779,7.941132
7/8/2020 5:30,-1.299159,9.21574,7.916581
7/8/2020 6:00,-2.4621106,10.3816,7.9194894
7/8/2020 6:30,1.576501,6.43067,8.007171
7/8/2020 7:00,7.485327,0.730363,8.21569
7/8/2020 7:30,11.70263,-3.2575,8.44513
7/8/2020 8:00,11.8515545,-3.24361,8.6079445
7/8/2020 8:30,13.1945395,-4.50565,8.6888895
7/8/2020 9:00,16.241535,-7.46035,8.781185
7/8/2020 9:30,19.126363,-10.2449,8.881463
7/8/2020 10:00,20.258348,-11.2474,9.010948
7/8/2020 10:30,11.625081,-2.76496,8.860121
7/8/2020 11:00,5.56648,2.59358,8.16006
7/8/2020 11:30,11.262798,-2.97106,8.291738
7/8/2020 12:00,13.037109,-4.63396,8.403149
7/8/2020 12:30,15.869285,-7.34263,8.526655
7/8/2020 13:00,16.13437,-7.46769,8.66668
7/8/2020 13:30,22.363951,-13.4671,8.896851
7/8/2020 14:00,19.747127,-10.5921,9.155027
7/8/2020 14:30,23.8613285,-14.6142,9.2471285
7/8/2020 15:00,27.476698,-18.499,8.977698
7/8/2020 15:30,38.017172,-29.0535,8.963672
7/8/2020 16:00,24.216712,-15.2101,9.006612
7/8/2020 16:30,20.676093,-11.5641,9.111993
7/8/2020 17:00,13.054369,-4.4084,8.645969
7/8/2020 17:30,10.236809,-1.7902,8.446609
7/8/2020 18:00,10.537384,-2.01492,8.522464
7/8/2020 18:30,7.64052,0.94181,8.58233
7/8/2020 19:00,6.793439,1.83119,8.624629
7/8/2020 19:30,3.516791,5.09568,8.612471
7/8/2020 20:00,0.726425,7.80956,8.535985
7/8/2020 20:30,4.285464,4.17581,8.461274
7/8/2020 21:00,-0.365985,8.77124,8.405255
7/8/2020 21:30,4.619301,3.74207,8.361371
7/8/2020 22:00,3.030129,5.2991,8.329229
7/8/2020 22:30,-0.248069,8.52865,8.280581
7/8/2020 23:00,1.664783,6.5725,8.237283
7/8/2020 23:30,2.91873,5.29218,8.21091
7/9/2020 0:00,1.003612,7.2022,8.205812
7/9/2020 0:30,0.412847,7.75648,8.169327
7/9/2020 1:00,-1.846609,10.0381,8.191491
7/9/2020 1:30,3.134886,5.04367,8.178556
7/9/2020 2:00,1.259162,6.87136,8.130522
7/9/2020 2:30,-0.735372,8.77919,8.043818
7/9/2020 3:00,-0.978684,9.00772,8.029036
7/9/2020 3:30,-0.438548,8.47286,8.034312
7/9/2020 4:00,-0.442782,8.47286,8.030078
7/9/2020 4:30,-0.415413,8.47286,8.057447
7/9/2020 5:00,-0.402104,8.47286,8.070756
7/9/2020 5:30,-0.393965,8.47286,8.078895
7/9/2020 6:00,-0.352435,8.47286,8.120425
7/9/2020 6:30,-0.36802,8.47286,8.10484
7/9/2020 7:00,-0.356609,8.47286,8.116251
7/9/2020 7:30,-0.718118,8.89311,8.174992
7/9/2020 8:00,5.773147,2.52948,8.302627
7/9/2020 8:30,19.014638,-10.2979,8.716738
7/9/2020 9:00,18.645643,-9.77554,8.870103
7/9/2020 9:30,19.247698,-10.24,9.007698
7/9/2020 10:00,18.751884,-9.78598,8.965904
7/9/2020 10:30,22.040839,-13.1218,8.919039
7/9/2020 11:00,13.546822,-4.98399,8.562832
7/9/2020 11:30,33.867704,-25.4116,8.456104
7/9/2020 12:00,32.165395,-23.3944,8.770995
7/9/2020 12:30,22.099747,-13.1196,8.980147
7/9/2020 13:00,20.316467,-11.4326,8.883867
7/9/2020 13:30,17.043911,-8.03814,9.005771
7/9/2020 14:00,21.228745,-12.3656,8.863145
7/9/2020 14:30,22.028592,-12.9713,9.057292
7/9/2020 15:00,23.928247,-14.6007,9.327547
7/9/2020 15:30,19.160077,-10.0213,9.138777
7/9/2020 16:00,23.127922,-13.8347,9.293222
7/9/2020 16:30,22.345195,-13.1196,9.225595
7/9/2020 17:00,22.319928,-13.1196,9.200328
7/9/2020 17:30,22.986139,-13.8295,9.156639
7/9/2020 18:00,19.671842,-10.5527,9.119142
7/9/2020 18:30,11.379325,-2.47893,8.900395
7/9/2020 19:00,10.509256,-1.82032,8.688936
7/9/2020 19:30,12.719219,-3.99381,8.725409
7/9/2020 20:00,1.065846,7.46632,8.532166
7/9/2020 20:30,-0.0334125,8.47152,8.4381075
7/9/2020 21:00,2.026073,6.27774,8.303813
7/9/2020 21:30,0.591589,7.63988,8.231469
7/9/2020 22:00,0.29592,7.87029,8.16621
7/9/2020 22:30,1.059531,7.08528,8.144811
7/9/2020 23:00,0.009584,8.15138,8.160964
7/9/2020 23:30,0.33382,7.8873,8.22112
7/10/2020 0:00,0.338142,7.89663,8.234772
7/10/2020 0:30,0.548303,7.6484,8.196703
7/10/2020 1:00,0.866669,7.33636,8.203029
7/10/2020 1:30,-0.481998,8.61273,8.130732
7/10/2020 2:00,1.362032,6.67696,8.038992
7/10/2020 2:30,0.534241,7.46684,8.001081
7/10/2020 3:00,0.3102113,7.65071,7.9609213
7/10/2020 3:30,-1.0827827,8.94384,7.8610573
7/10/2020 4:00,0.1755223,7.57368,7.7492023
7/10/2020 4:30,2.9432987,4.77449,7.7177887
7/10/2020 5:00,-1.568539,9.27131,7.702771
7/10/2020 5:30,0.737347,7.04888,7.786227
7/10/2020 6:00,-0.15899,7.93143,7.77244
7/10/2020 6:30,1.7623105,6.04562,7.8079305
7/10/2020 7:00,-1.125785,9.05324,7.927455
7/10/2020 7:30,5.444211,2.63073,8.074941
7/10/2020 8:00,11.961673,-3.78982,8.171853
7/10/2020 8:30,12.824482,-4.47826,8.346222
7/10/2020 9:00,17.973155,-9.44563,8.527525
7/10/2020 9:30,21.791925,-13.0138,8.778125
7/10/2020 10:00,20.847733,-11.8875,8.960233
7/10/2020 10:30,22.821667,-13.7096,9.112067
7/10/2020 11:00,22.098092,-12.8926,9.205492
7/10/2020 11:30,21.803819,-12.62,9.183819
7/10/2020 12:00,20.209764,-11.0492,9.160564
7/10/2020 12:30,19.35193,-10.1351,9.21683
7/10/2020 13:00,25.683673,-16.2548,9.428873
7/10/2020 13:30,18.657075,-9.18109,9.475985
7/10/2020 14:00,24.113711,-14.4707,9.643011
7/10/2020 14:30,22.088808,-12.3981,9.690708
7/10/2020 15:00,24.679164,-14.8147,9.864464
7/10/2020 15:30,22.631739,-12.9437,9.688039
7/10/2020 16:00,22.225826,-12.3804,9.845426
7/10/2020 16:30,20.806181,-10.9756,9.830581
7/10/2020 17:00,16.412668,-6.73263,9.680038
7/10/2020 17:30,15.848917,-6.19152,9.657397
7/10/2020 18:00,16.667525,-6.9447,9.722825
7/10/2020 18:30,19.474197,-9.9225,9.551697
7/10/2020 19:00,11.562936,-2.19604,9.366896
7/10/2020 19:30,13.300428,-4.06982,9.230608
7/10/2020 20:00,4.141159,4.87367,9.014829
7/10/2020 20:30,0.768685,8.03143,8.800115
7/10/2020 21:00,0.762358,7.88409,8.646448
7/10/2020 21:30,-1.048372,9.60786,8.559488
7/10/2020 22:00,-0.964129,9.48074,8.516611
7/10/2020 22:30,0.511282,7.98464,8.495922
7/10/2020 23:00,-0.9713845,9.40276,8.4313755
7/10/2020 23:30,0.375283,7.97643,8.351713
7/11/2020 0:00,0.342574,7.95207,8.294644
7/11/2020 0:30,0.147473,8.10734,8.254813
7/11/2020 1:00,-0.207849,8.42864,8.220791
7/11/2020 1:30,0.578353,7.60921,8.187563
7/11/2020 2:00,-1.004026,9.14486,8.140834
7/11/2020 2:30,-1.508542,9.65518,8.146638
7/11/2020 3:00,-0.790593,8.9378,8.147207
7/11/2020 3:30,0.421625,7.72575,8.147375
7/11/2020 4:00,-2.050125,10.1868,8.136675
7/11/2020 4:30,1.9621385,6.18597,8.1481085
7/11/2020 5:00,0.908689,7.16612,8.074809
7/11/2020 5:30,0.760826,7.27709,8.037916
7/11/2020 6:00,0.901093,7.10758,8.008673
7/11/2020 6:30,-3.284079,11.2881,8.004021
7/11/2020 7:00,9.734257,-1.57246,8.161797
7/11/2020 7:30,13.970585,-5.5565,8.414085
7/11/2020 8:00,14.302344,-5.90073,8.401614
7/11/2020 8:30,17.819953,-9.28309,8.536863
7/11/2020 9:00,16.230785,-7.76601,8.464775
7/11/2020 9:30,22.83089,-14.2524,8.57849
7/11/2020 10:00,26.386887,-17.6833,8.703587
7/11/2020 10:30,26.873634,-18.0503,8.823334
7/11/2020 11:00,26.046777,-17.2313,8.815477
7/11/2020 11:30,31.454925,-22.3471,9.107825
7/11/2020 12:00,26.316977,-17.0837,9.233277
7/11/2020 12:30,29.655894,-20.2797,9.376194
7/11/2020 13:00,24.867051,-15.4144,9.452651
7/11/2020 13:30,24.533282,-14.9873,9.545982
7/11/2020 14:00,24.324922,-14.7298,9.595122
7/11/2020 14:30,26.616103,-16.9142,9.701903
7/11/2020 15:00,24.242993,-14.4568,9.786193
7/11/2020 15:30,23.940415,-14.1055,9.834915
7/11/2020 16:00,24.507837,-14.6404,9.867437
7/11/2020 16:30,23.133356,-13.3292,9.804156
7/11/2020 17:00,23.576279,-13.6602,9.916079
7/11/2020 17:30,19.701438,-9.84796,9.853478
7/11/2020 18:00,14.873109,-5.1988,9.674309
7/11/2020 18:30,20.200496,-10.4781,9.722396
7/11/2020 19:00,-25.150992,34.8207,9.669708
7/11/2020 19:30,13.572155,-4.06408,9.508075
7/11/2020 20:00,7.800533,1.56796,9.368493
7/11/2020 20:30,-1.017504,10.1298,9.112296
7/11/2020 21:00,0.186912,8.73741,8.924322
7/11/2020 21:30,0.638614,8.13047,8.769084
7/11/2020 22:00,0.404596,8.27879,8.683386
7/11/2020 22:30,0.088861,8.43033,8.519191
7/11/2020 23:00,0.769897,7.57418,8.344077
7/11/2020 23:30,-0.32005,8.58649,8.26644
7/12/2020 0:00,1.310344,6.88615,8.196494
7/12/2020 0:30,-0.219803,8.37967,8.159867
7/12/2020 1:00,-1.815554,9.91957,8.104016
7/12/2020 1:30,2.3211,5.77087,8.09197
7/12/2020 2:00,1.146681,6.87136,8.018041
7/12/2020 2:30,-2.5542576,10.5388,7.9845424
7/12/2020 3:00,-0.696436,8.61918,7.922744
7/12/2020 3:30,-1.314285,9.21574,7.901455
7/12/2020 4:00,0.4141944,7.48163,7.8958244
7/12/2020 4:30,-1.855017,9.70465,7.849633
7/12/2020 5:00,0.2657926,7.46684,7.7326326
7/12/2020 5:30,-0.5346516,8.13779,7.6031384
7/12/2020 6:00,-1.081342,8.69842,7.617078
7/12/2020 6:30,-1.7621625,9.2017,7.4395375
7/12/2020 7:00,4.8918994,2.63995,7.5318494
7/12/2020 7:30,12.2214465,-4.25037,7.9710765
7/12/2020 8:00,12.522236,-4.22727,8.294966
7/12/2020 8:30,19.410201,-10.8379,8.572301
7/12/2020 9:00,15.536122,-6.69266,8.843462
7/12/2020 9:30,22.362717,-13.2736,9.089117
7/12/2020 10:00,20.284712,-10.99,9.294712
7/12/2020 10:30,23.426524,-14.0532,9.373324
7/12/2020 11:00,24.286664,-14.8164,9.470264
7/12/2020 11:30,24.860631,-15.2428,9.617831
7/12/2020 12:00,24.127251,-14.3832,9.744051
7/12/2020 12:30,22.526964,-12.7446,9.782364
7/12/2020 13:00,24.280578,-14.4264,9.854178
7/12/2020 13:30,22.858047,-12.9602,9.897847
7/12/2020 14:00,20.480537,-10.6655,9.815037
7/12/2020 14:30,21.821936,-11.9255,9.896436
7/12/2020 15:00,19.479999,-9.70623,9.773769
7/12/2020 15:30,23.119099,-13.4217,9.697399
7/12/2020 16:00,22.121676,-12.3827,9.738976
7/12/2020 16:30,19.933717,-10.2884,9.645317
7/12/2020 17:00,20.128253,-10.5043,9.623953
7/12/2020 17:30,19.387868,-9.83134,9.556528
7/12/2020 18:00,16.794773,-7.28386,9.510913
7/12/2020 18:30,15.026132,-5.59169,9.434442
7/12/2020 19:00,13.340209,-4.0446,9.295609
7/12/2020 19:30,12.549928,-3.38744,9.162488
7/12/2020 20:00,5.292781,3.73069,9.023471
7/12/2020 20:30,2.127585,6.71494,8.842525
7/12/2020 21:00,-0.264631,8.86035,8.595719
7/12/2020 21:30,1.840065,6.61579,8.455855
7/12/2020 22:00,-0.589907,8.93934,8.349433
7/12/2020 22:30,-1.038529,9.33879,8.300261
7/12/2020 23:00,1.967186,6.27078,8.237966
7/12/2020 23:30,-1.288447,9.50334,8.214893
7/13/2020 0:00,3.610677,4.54879,8.159467
7/13/2020 0:30,1.038277,7.07605,8.114327
7/13/2020 1:00,-0.813802,8.85452,8.040718
7/13/2020 1:30,-0.980042,8.96599,7.985948
7/13/2020 2:00,-0.4213466,8.38137,7.9600234
7/13/2020 2:30,0.5617465,7.33348,7.8952265
7/13/2020 3:00,-0.2730063,8.11635,7.8433437
7/13/2020 3:30,-3.4293423,11.2591,7.8297577
7/13/2020 4:00,0.981992,6.87548,7.857472
7/13/2020 4:30,0.060396,7.86103,7.921426
7/13/2020 5:00,2.565273,5.39574,7.961013
7/13/2020 5:30,-1.831912,9.80602,7.974108
7/13/2020 6:00,3.392896,4.65213,8.045026
7/13/2020 6:30,2.284204,5.90593,8.190134
7/13/2020 7:00,5.498096,2.78453,8.282626
7/13/2020 7:30,7.283296,1.08944,8.372736
7/13/2020 8:00,10.543516,-2.24289,8.300626
7/13/2020 8:30,12.399068,-4.15819,8.240878
7/13/2020 9:00,13.179871,-4.8027,8.377171
7/13/2020 9:30,16.538303,-8.02549,8.512813
7/13/2020 10:00,21.653583,-13.0628,8.590783
7/13/2020 10:30,11.575073,-3.02933,8.545743
7/13/2020 11:00,11.521749,-3.02933,8.492419
7/13/2020 11:30,23.406569,-14.6732,8.733369
7/13/2020 12:00,23.062691,-14.0354,9.027291
7/13/2020 12:30,25.198318,-16.2993,8.899018
7/13/2020 13:00,28.923528,-19.8887,9.034828
7/13/2020 13:30,27.598586,-18.2386,9.359986
7/13/2020 14:00,27.579841,-18.1605,9.419341
7/13/2020 14:30,27.315935,-17.8173,9.498635
7/13/2020 15:00,20.298634,-10.9166,9.382034
7/13/2020 15:30,21.597972,-12.1934,9.404572
7/13/2020 16:00,12.8340395,-3.56017,9.2738695
7/13/2020 16:30,4.3504055,4.67332,9.0237255
7/13/2020 17:00,4.140689,4.67332,8.814009
7/13/2020 17:30,0.308661,8.03079,8.339451
7/13/2020 18:00,0.8563263,6.695,7.5513263
7/13/2020 18:30,5.5653494,1.97701,7.5423594
7/13/2020 19:00,5.7980526,1.78005,7.5781026
7/13/2020 19:30,1.129609,6.52566,7.655269
7/13/2020 20:00,0.3339365,7.33906,7.6729965
7/13/2020 20:30,2.474989,5.09791,7.572899
7/13/2020 21:00,-1.494103,9.00314,7.509037
7/13/2020 21:30,-0.4916127,7.89303,7.4014173
7/13/2020 22:00,-0.765797,8.0673,7.301503
7/13/2020 22:30,-2.25209,9.34584,7.09375
7/13/2020 23:00,-0.7047015,7.79276,7.0880585
7/13/2020 23:30,-1.2804786,8.34822,7.0677414
7/14/2020 0:00,-2.494389,9.49032,6.995931
7/14/2020 0:30,-1.8061224,8.81663,7.0105076
7/14/2020 1:00,-2.507916,9.49032,6.982404
7/14/2020 1:30,-0.120134,7.04499,6.924856
7/14/2020 2:00,-0.1247706,7.04499,6.9202194
7/14/2020 2:30,-1.080566,8.02338,6.942814
7/14/2020 3:00,-1.8262306,8.81663,6.9903994
7/14/2020 3:30,-1.18351,8.00732,6.82381
7/14/2020 4:00,-1.2405988,8.00732,6.7667212
7/14/2020 4:30,-1.228967,8.00732,6.778353
7/14/2020 5:00,-1.2575875,8.00732,6.7497325
7/14/2020 5:30,-1.230348,8.00732,6.776972
7/14/2020 6:00,-1.30879,8.00732,6.69853
7/14/2020 6:30,-1.232333,8.00732,6.774987
7/14/2020 7:00,4.088295,2.80339,6.891685
7/14/2020 7:30,11.0823125,-3.67319,7.4091225
7/14/2020 8:00,10.850641,-3.02503,7.825611
7/14/2020 8:30,18.198866,-9.92696,8.271906
7/14/2020 9:00,22.716669,-14.2291,8.487569
7/14/2020 9:30,17.029619,-8.42362,8.605999
7/14/2020 10:00,19.317026,-10.5251,8.791926
7/14/2020 10:30,22.596897,-13.6825,8.914397
7/14/2020 11:00,23.327254,-14.2949,9.032354
7/14/2020 11:30,25.282894,-16.1856,9.097294
7/14/2020 12:00,25.482961,-16.3133,9.169661
7/14/2020 12:30,26.776703,-17.4724,9.304303
7/14/2020 13:00,22.897301,-13.4737,9.423601
7/14/2020 13:30,23.785264,-14.2735,9.511764
7/14/2020 14:00,24.049353,-14.4636,9.585753
7/14/2020 14:30,21.211759,-11.5816,9.630159
7/14/2020 15:00,21.234386,-11.5407,9.693686
7/14/2020 15:30,19.779566,-10.0365,9.743066
7/14/2020 16:00,20.80894,-11.0352,9.77374
7/14/2020 16:30,23.002862,-13.2102,9.792662
7/14/2020 17:00,18.532536,-8.71709,9.815446
7/14/2020 17:30,20.423856,-10.671,9.752856
7/14/2020 18:00,18.324385,-8.91171,9.412675
7/14/2020 18:30,15.621723,-6.57092,9.050803
7/14/2020 19:00,13.114575,-4.13238,8.982195
7/14/2020 19:30,9.010005,-0.187529,8.822476
7/14/2020 20:00,4.400872,4.19542,8.596292
7/14/2020 20:30,2.361777,5.95455,8.316327
7/14/2020 21:00,1.436696,6.67737,8.114066
7/14/2020 21:30,0.230885,7.81345,8.044335
7/14/2020 22:00,-0.981409,8.98392,8.002511
7/14/2020 22:30,0.1550014,7.76313,7.9181314
7/14/2020 23:00,0.5985688,7.28043,7.8789988
7/14/2020 23:30,-2.0711925,9.88673,7.8155375
7/15/2020 0:00,-0.15807,7.99303,7.83496
7/15/2020 0:30,0.3706947,7.40276,7.7734547
7/15/2020 1:00,-0.9027827,8.61918,7.7163973
7/15/2020 1:30,-0.9343303,8.61918,7.6848497
7/15/2020 2:00,1.243164,6.43196,7.675124
7/15/2020 2:30,3.3763884,4.15721,7.5335984
7/15/2020 3:00,1.071883,6.44773,7.519613
7/15/2020 3:30,0.2662326,7.21676,7.4829926
7/15/2020 4:00,0.261042,7.21676,7.477802
7/15/2020 4:30,0.43239,7.08528,7.51767
7/15/2020 5:00,0.5552886,6.87136,7.4266486
7/15/2020 5:30,-0.1648828,7.56489,7.4000072
7/15/2020 6:00,-1.134495,8.56426,7.429765
7/15/2020 6:30,-0.323273,7.74455,7.421277
7/15/2020 7:00,4.6450954,2.87891,7.5240054
7/15/2020 7:30,11.079066,-3.23907,7.839996
7/15/2020 8:00,15.995393,-7.83993,8.155463
7/15/2020 8:30,21.312923,-12.8847,8.428223
7/15/2020 9:00,19.370237,-10.7799,8.590337
7/15/2020 9:30,20.990825,-12.2492,8.741625
7/15/2020 10:00,21.41722,-12.5149,8.90232
7/15/2020 10:30,22.443859,-13.439,9.004859
7/15/2020 11:00,22.211999,-13.1091,9.102899
7/15/2020 11:30,19.588258,-10.3648,9.223458
7/15/2020 12:00,21.450937,-12.1108,9.340137
7/15/2020 12:30,23.984121,-14.6267,9.357421
7/15/2020 13:00,23.743731,-14.2854,9.458331
7/15/2020 13:30,24.166356,-14.7117,9.454656
7/15/2020 14:00,24.329042,-14.8473,9.481742
7/15/2020 14:30,24.383657,-14.8815,9.502157
7/15/2020 15:00,21.152084,-11.6825,9.469584
7/15/2020 15:30,24.394939,-14.9456,9.449339
7/15/2020 16:00,23.29407,-13.9068,9.38727
7/15/2020 16:30,18.264594,-8.96329,9.301304
7/15/2020 17:00,16.001418,-6.77254,9.228878
7/15/2020 17:30,17.381102,-8.22568,9.155422
7/15/2020 18:00,13.957038,-4.85716,9.099878
7/15/2020 18:30,13.663458,-4.67667,8.986788
7/15/2020 19:00,10.962232,-2.16642,8.795812
7/15/2020 19:30,11.8421335,-3.21805,8.6240835
7/15/2020 20:00,6.741543,1.63211,8.373653
7/15/2020 20:30,4.702177,3.35302,8.055197
7/15/2020 21:00,0.221299,7.56244,7.783739
7/15/2020 21:30,-0.0048715,7.58626,7.5813885
7/15/2020 22:00,-0.1102725,7.59892,7.4886475
7/15/2020 22:30,-0.2464918,7.58368,7.3371882
7/15/2020 23:00,-0.681891,7.59224,6.910349
7/15/2020 23:30,-0.9851624,7.61083,6.6256676
7/16/2020 0:00,-0.976877,7.60715,6.630273
7/16/2020 0:30,-1.0954486,7.60248,6.5070314
7/16/2020 1:00,-1.099713,7.58336,6.483647
7/16/2020 1:30,-1.1352323,7.60018,6.4649477
7/16/2020 2:00,-1.2056817,7.60017,6.3944883
7/16/2020 2:30,-1.1515335,7.58961,6.4380765
7/16/2020 3:00,-0.961192,7.57221,6.611018
7/16/2020 3:30,-2.634823,9.42361,6.788787
7/16/2020 4:00,0.2264795,6.67482,6.9012995
7/16/2020 4:30,0.191106,6.67482,6.865926
7/16/2020 5:00,0.241975,6.67482,6.916795
7/16/2020 5:30,0.2676687,6.67482,6.9424887
7/16/2020 6:00,0.261491,6.67482,6.936311
7/16/2020 6:30,0.272681,6.67482,6.947501
7/16/2020 7:00,4.30062,2.72649,7.02711
7/16/2020 7:30,11.1315255,-3.7721,7.3594255
7/16/2020 8:00,12.116097,-4.3607,7.755397
7/16/2020 8:30,17.260726,-9.16851,8.092216
7/16/2020 9:00,16.849881,-8.59332,8.256561
7/16/2020 9:30,21.100683,-12.6408,8.459883
7/16/2020 10:00,19.909156,-11.3165,8.592656
7/16/2020 10:30,21.178661,-12.569,8.609661
7/16/2020 11:00,20.324585,-11.6449,8.679685
7/16/2020 11:30,21.254839,-12.5303,8.724539
7/16/2020 12:00,20.7753015,-11.994,8.7813015
7/16/2020 12:30,25.165844,-16.2317,8.934144
7/16/2020 13:00,23.429259,-14.4581,8.971159
7/16/2020 13:30,20.708981,-11.7412,8.967781
7/16/2020 14:00,20.825185,-11.8529,8.972285
7/16/2020 14:30,22.32263,-13.2882,9.03443
7/16/2020 15:00,56.18648,-12.5482,43.63828
7/16/2020 15:30,55.691515,-12.0679,43.623615
7/16/2020 16:00,54.099244,-10.4903,43.608944
7/16/2020 16:30,53.39775,-9.80347,43.59428
7/16/2020 17:00,51.96747,-8.38785,43.57962
7/16/2020 17:30,17.035421,-8.35815,8.677271
7/16/2020 18:00,13.702022,-5.08964,8.612382
7/16/2020 18:30,15.237147,-6.54362,8.693527
7/16/2020 19:00,10.878121,-2.31344,8.564681
7/16/2020 19:30,9.809054,-1.34191,8.467144
7/16/2020 20:00,4.020917,4.14949,8.170407
7/16/2020 20:30,-0.621279,8.60827,7.986991
7/16/2020 21:00,-1.1339263,8.87328,7.7393537
7/16/2020 21:30,-1.290729,8.82743,7.536701
7/16/2020 22:00,0.6618407,6.86816,7.5300007
7/16/2020 22:30,-3.2779376,10.7867,7.5087624
7/16/2020 23:00,-0.0098604,7.47056,7.4606996
7/16/2020 23:30,-1.32064,8.72665,7.40601
7/17/2020 0:00,-2.008699,9.37968,7.370981
7/17/2020 0:30,0.9671216,6.34196,7.3090816
7/17/2020 1:00,0.13187,7.13309,7.26496
7/17/2020 1:30,-1.8543484,8.94755,7.0932016
7/17/2020 2:00,-0.095611,7.09088,6.995269
7/17/2020 2:30,-1.5485707,8.54451,6.9959393
7/17/2020 3:00,-0.642862,7.53665,6.893788
7/17/2020 3:30,-0.8092603,7.53378,6.7245197
7/17/2020 4:00,-0.8490264,7.53354,6.6845136
7/17/2020 4:30,-0.8380976,7.54987,6.7117724
7/17/2020 5:00,-0.9389186,7.55127,6.6123514
7/17/2020 5:30,-0.9812915,7.55424,6.5729485
7/17/2020 6:00,-0.9810815,7.55199,6.5709085
7/17/2020 6:30,-0.969565,7.5411,6.571535
7/17/2020 7:00,3.0621987,3.65701,6.7192087
7/17/2020 7:30,10.336139,-3.10766,7.228479
7/17/2020 8:00,10.2835517,-2.47927,7.8042817
7/17/2020 8:30,16.63376,-8.39104,8.24272
7/17/2020 9:00,18.344458,-9.88255,8.461908
7/17/2020 9:30,21.996198,-13.5026,8.493598
7/17/2020 10:00,18.4123305,-9.85334,8.5589905
7/17/2020 10:30,25.206392,-16.5211,8.685292
7/17/2020 11:00,26.010138,-17.3111,8.699038
7/17/2020 11:30,22.7424305,-13.899,8.8434305
7/17/2020 12:00,25.66595,-16.7145,8.95145
7/17/2020 12:30,24.949599,-15.8845,9.065099
7/17/2020 13:00,24.255511,-15.1323,9.123211
7/17/2020 13:30,23.478339,-14.3915,9.086839
7/17/2020 14:00,21.549818,-12.3228,9.227018
7/17/2020 14:30,24.918166,-15.7406,9.177566
7/17/2020 15:00,22.482768,-13.2448,9.237968
7/17/2020 15:30,21.78777,-12.5256,9.26217
7/17/2020 16:00,18.867727,-9.60269,9.265037
7/17/2020 16:30,21.576911,-12.3303,9.246611
7/17/2020 17:00,19.13524,-9.99274,9.1425
7/17/2020 17:30,19.132549,-10.0149,9.117649
7/17/2020 18:00,17.02443,-8.0296,8.99483
7/17/2020 18:30,15.293841,-6.42831,8.865531
7/17/2020 19:00,11.802681,-3.14384,8.658841
7/17/2020 19:30,10.113827,-1.60766,8.506167
7/17/2020 20:00,4.067828,4.21592,8.283748
7/17/2020 20:30,2.718378,5.37017,8.088548
7/17/2020 21:00,-3.5005884,11.4512,7.9506116
7/17/2020 21:30,1.032604,6.85868,7.891284
7/17/2020 22:00,0.7306757,7.0843,7.8149757
7/17/2020 22:30,-1.173308,8.97658,7.803272
7/17/2020 23:00,1.708265,6.13115,7.839415
7/17/2020 23:30,-1.1489097,8.97846,7.8295503
7/18/2020 0:00,0.8905907,6.91715,7.8077407
7/18/2020 0:30,-0.26729,7.97241,7.70512
7/18/2020 1:00,0.7636683,6.84605,7.6097183
7/18/2020 1:30,0.841024,6.69258,7.533604
7/18/2020 2:00,-1.4388314,9.02173,7.5828986
7/18/2020 2:30,-0.1559126,7.71295,7.5570374
7/18/2020 3:00,-0.300676,7.72189,7.421214
7/18/2020 3:30,-7.509453,14.9048,7.395347
7/18/2020 4:00,0.3319304,7.11005,7.4419804
7/18/2020 4:30,0.6940447,6.69639,7.3904347
7/18/2020 5:00,-0.1950782,7.57594,7.3808618
7/18/2020 5:30,0.8413416,6.55767,7.3990116
7/18/2020 6:00,1.7012123,5.66495,7.3661623
7/18/2020 6:30,2.1142516,5.25491,7.3691616
7/18/2020 7:00,1.694975,5.72682,7.421795
7/18/2020 7:30,4.797907,2.73201,7.529917
7/18/2020 8:00,13.5495643,-5.80342,7.7461443
7/18/2020 8:30,19.4920227,-11.5202,7.9718227
7/18/2020 9:00,22.179642,-14.0895,8.090142
7/18/2020 9:30,22.953253,-14.804,8.149253
7/18/2020 10:00,30.522415,-22.1807,8.341715
7/18/2020 10:30,26.451907,-18.0987,8.353207
7/18/2020 11:00,21.692695,-13.2871,8.405595
7/18/2020 11:30,23.203661,-14.6784,8.525261
7/18/2020 12:00,27.506461,-18.7408,8.765661
7/18/2020 12:30,28.529532,-19.6338,8.895732
7/18/2020 13:00,25.03104,-16.0312,8.99984
7/18/2020 13:30,25.89034,-16.7774,9.11294
7/18/2020 14:00,24.962193,-15.7986,9.163593
7/18/2020 14:30,25.318621,-16.0831,9.235521
7/18/2020 15:00,24.367838,-15.1578,9.210038
7/18/2020 15:30,23.360744,-14.164,9.196744
7/18/2020 16:00,16.728346,-7.57242,9.155926
7/18/2020 16:30,13.421496,-4.59321,8.828286
7/18/2020 17:00,6.486891,1.99734,8.484231
7/18/2020 17:30,5.548874,2.73218,8.281054
7/18/2020 18:00,6.316458,1.87358,8.190038
7/18/2020 18:30,2.39093,5.76379,8.15472
7/18/2020 19:00,1.395408,6.65209,8.047498
7/18/2020 19:30,1.670549,6.21735,7.887899
7/18/2020 20:00,4.1728685,3.69856,7.8714285
7/18/2020 20:30,-1.036884,8.79927,7.762386
7/18/2020 21:00,-0.2653815,7.88295,7.6175685
7/18/2020 21:30,1.4132775,6.15478,7.5680575
7/18/2020 22:00,-3.170784,10.6944,7.523616
7/18/2020 22:30,-1.0291684,8.56688,7.5377116
7/18/2020 23:00,-1.6798423,9.23435,7.5545077
7/18/2020 23:30,1.0206675,6.51087,7.5315375
7/19/2020 0:00,-0.316713,7.84417,7.527457
7/19/2020 0:30,-2.5121245,10.0355,7.5233755
7/19/2020 1:00,4.6379726,2.90997,7.5479426
7/19/2020 1:30,0.6034294,6.89927,7.5026994
7/19/2020 2:00,-0.8450263,8.30737,7.4623437
7/19/2020 2:30,-0.5606924,7.97323,7.4125376
7/19/2020 3:00,2.2852773,5.09652,7.3817973
7/19/2020 3:30,0.492131,6.93826,7.430391
7/19/2020 4:00,-1.028164,8.41332,7.385156
7/19/2020 4:30,2.0945995,5.25403,7.3486295
7/19/2020 5:00,-0.71721,8.04166,7.32445
7/19/2020 5:30,0.2674587,7.0241,7.2915587
7/19/2020 6:00,0.2605427,7.0241,7.2846427
7/19/2020 6:30,2.884957,4.353,7.237957
7/19/2020 7:00,0.451407,6.87419,7.325597
7/19/2020 7:30,9.2809427,-1.74242,7.5385227
7/19/2020 8:00,15.402166,-7.63653,7.765636
7/19/2020 8:30,15.1306322,-7.17146,7.9591722
7/19/2020 9:00,21.958177,-13.843,8.115177
7/19/2020 9:30,19.912369,-11.5949,8.317469
7/19/2020 10:00,19.6728505,-11.2515,8.4213505
7/19/2020 10:30,24.125195,-15.5626,8.562595
7/19/2020 11:00,22.917034,-14.2749,8.642134
7/19/2020 11:30,23.854005,-15.0899,8.764105
7/19/2020 12:00,24.313311,-15.4778,8.835511
7/19/2020 12:30,22.903467,-14.0232,8.880267
7/19/2020 13:00,23.838679,-14.8432,8.995479
7/19/2020 13:30,22.304047,-13.2496,9.054447
7/19/2020 14:00,22.432895,-13.3212,9.111695
7/19/2020 14:30,22.774837,-13.652,9.122837
7/19/2020 15:00,21.8376,-12.6748,9.1628
7/19/2020 15:30,22.351573,-13.1358,9.215773
7/19/2020 16:00,20.386271,-11.2049,9.181371
7/19/2020 16:30,18.99814,-9.81678,9.18136
7/19/2020 17:00,18.956925,-9.76503,9.191895
7/19/2020 17:30,16.33584,-7.19535,9.14049
7/19/2020 18:00,14.499938,-5.44298,9.056958
7/19/2020 18:30,13.599188,-4.58482,9.014368
7/19/2020 19:00,11.976953,-3.04113,8.935823
7/19/2020 19:30,10.078059,-1.29624,8.781819
7/19/2020 20:00,5.004366,3.5347,8.539066
7/19/2020 20:30,3.026827,5.29525,8.322077
7/19/2020 21:00,0.426843,7.7498,8.176643
7/19/2020 21:30,1.201897,6.86253,8.064427
7/19/2020 22:00,0.547768,7.45347,8.001238
7/19/2020 22:30,0.9131658,7.04052,7.9536858
7/19/2020 23:00,-0.8824497,8.7931,7.9106503
7/19/2020 23:30,-0.8382203,8.71127,7.8730497
7/20/2020 0:00,0.8596183,6.97308,7.8326983
7/20/2020 0:30,-2.5352796,10.3463,7.8110204
7/20/2020 1:00,-0.207479,8.0168,7.809321
7/20/2020 1:30,0.1148264,7.66973,7.7845564
7/20/2020 2:00,0.4082127,7.36872,7.7769327
7/20/2020 2:30,-1.390166,9.12418,7.734014
7/20/2020 3:00,-0.883155,8.5887,7.705545
7/20/2020 3:30,-1.3781344,9.04205,7.6639156
7/20/2020 4:00,-0.293116,7.93457,7.641454
7/20/2020 4:30,-0.2129416,7.8364,7.6234584
7/20/2020 5:00,-0.4005954,8.01702,7.6164246
7/20/2020 5:30,-1.73369,9.34938,7.61569
7/20/2020 6:00,-3.5517575,11.1393,7.5875425
7/20/2020 6:30,-0.244882,7.79647,7.551588
7/20/2020 7:00,4.991407,2.61845,7.609857
7/20/2020 7:30,8.651364,-0.906923,7.744441
7/20/2020 8:00,13.1821324,-5.28749,7.8946424
7/20/2020 8:30,15.963229,-7.90831,8.054919
7/20/2020 9:00,19.644466,-11.4455,8.198966
7/20/2020 9:30,21.599489,-13.2495,8.349989
7/20/2020 10:00,23.585842,-15.0732,8.512642
7/20/2020 10:30,23.67726,-14.9972,8.68006
7/20/2020 11:00,27.130512,-18.31,8.820512
7/20/2020 11:30,25.375618,-16.4713,8.904318
7/20/2020 12:00,24.5233645,-15.5074,9.0159645
7/20/2020 12:30,27.594799,-18.4741,9.120699
7/20/2020 13:00,25.054143,-15.8385,9.215643
7/20/2020 13:30,25.91396,-16.6412,9.27276
7/20/2020 14:00,22.6396445,-13.2859,9.3537445
7/20/2020 14:30,20.322988,-10.9744,9.348588
7/20/2020 15:00,24.918338,-15.5403,9.378038
7/20/2020 15:30,20.658256,-11.2549,9.403356
7/20/2020 16:00,20.113358,-10.7365,9.376858
7/20/2020 16:30,21.389383,-11.9729,9.416483
7/20/2020 17:00,18.631429,-9.29909,9.332339
7/20/2020 17:30,16.8842165,-7.58025,9.3039665
7/20/2020 18:00,16.001485,-6.83166,9.169825
7/20/2020 18:30,14.05858,-4.88242,9.17616
7/20/2020 19:00,13.616338,-4.62323,8.993108
7/20/2020 19:30,9.706144,-0.906923,8.799221
7/20/2020 20:00,5.23956,3.32778,8.56734
7/20/2020 20:30,1.039602,7.34372,8.383322
7/20/2020 21:00,-1.40871,9.66739,8.25868
7/20/2020 21:30,-0.961981,9.17377,8.211789
7/20/2020 22:00,2.337616,5.76372,8.101336
7/20/2020 22:30,-1.156198,9.24447,8.088272
7/20/2020 23:00,-1.50227,9.60528,8.10301
7/20/2020 23:30,-1.281548,9.35196,8.070412
7/21/2020 0:00,1.1464364,6.81266,7.9590964
7/21/2020 0:30,2.1855276,5.63398,7.8195076
7/21/2020 1:00,-0.368869,8.03411,7.665241
7/21/2020 1:30,-3.7425594,11.368,7.6254406
7/21/2020 2:00,0.2296993,7.26979,7.4994893
7/21/2020 2:30,1.281738,6.20253,7.484268
7/21/2020 3:00,0.9729277,6.49904,7.4719677
7/21/2020 3:30,1.6885,5.69377,7.38227
7/21/2020 4:00,-1.838904,9.12939,7.290486
7/21/2020 4:30,-0.8292643,8.06068,7.2314157
7/21/2020 5:00,-0.88498,8.06926,7.18428
7/21/2020 5:30,0.556401,6.61832,7.174721
7/21/2020 6:00,0.7975965,6.43931,7.2369065
7/21/2020 6:30,1.747415,5.49793,7.245345
7/21/2020 7:00,5.9373673,1.44584,7.3832073
7/21/2020 7:30,8.314643,-0.671726,7.642917
7/21/2020 8:00,16.3873047,-8.46112,7.9261847
7/21/2020 8:30,17.808197,-9.67519,8.133007
7/21/2020 9:00,18.712263,-10.3991,8.313163
7/21/2020 9:30,22.55844,-14.0812,8.47724
7/21/2020 10:00,21.554486,-12.9341,8.620386
7/21/2020 10:30,21.997937,-13.2562,8.741737
7/21/2020 11:00,26.325946,-17.4468,8.879146
7/21/2020 11:30,23.462041,-14.484,8.978041
7/21/2020 12:00,22.866646,-13.7483,9.118346
7/21/2020 12:30,24.608785,-15.3939,9.214885
7/21/2020 13:00,25.114031,-15.8409,9.273131
7/21/2020 13:30,26.167555,-16.8847,9.282855
7/21/2020 14:00,23.702577,-14.2703,9.432277
7/21/2020 14:30,22.284245,-12.7996,9.484645
7/21/2020 15:00,21.004715,-11.5389,9.465815
7/21/2020 15:30,19.534259,-10.0917,9.442559
7/21/2020 16:00,21.056227,-11.5616,9.494627
7/21/2020 16:30,20.655735,-11.2021,9.453635
7/21/2020 17:00,19.354894,-9.92809,9.426804
7/21/2020 17:30,17.079539,-7.6509,9.428639
7/21/2020 18:00,15.536991,-6.16736,9.369631
7/21/2020 18:30,14.16411,-4.91869,9.24542
7/21/2020 19:00,11.595798,-2.48289,9.112908
7/21/2020 19:30,8.734885,0.179904,8.914789
7/21/2020 20:00,5.506705,3.19733,8.704035
7/21/2020 20:30,1.764352,6.71138,8.475732
7/21/2020 21:00,1.5979475,6.71516,8.3131075
7/21/2020 21:30,1.179995,7.035,8.214995
7/21/2020 22:00,1.264911,6.91636,8.181271
7/21/2020 22:30,0.706167,7.4185,8.124667
7/21/2020 23:00,1.169672,6.90969,8.079362
7/21/2020 23:30,1.034372,6.97429,8.008662
7/22/2020 0:00,0.745215,7.24752,7.992735
7/22/2020 0:30,-1.1205543,9.11103,7.9904757
7/22/2020 1:00,1.862728,6.06214,7.924868
7/22/2020 1:30,0.241561,7.63258,7.874141
7/22/2020 2:00,1.486673,6.36192,7.848593
7/22/2020 2:30,2.462189,5.31801,7.780199
7/22/2020 3:00,1.2921326,6.44469,7.7368226
7/22/2020 3:30,1.434347,6.27097,7.705317
7/22/2020 4:00,2.3445367,5.32717,7.6717067
7/22/2020 4:30,1.394081,6.23554,7.629621
7/22/2020 5:00,0.8914874,6.71265,7.6041374
7/22/2020 5:30,1.6597344,5.94044,7.6001744
7/22/2020 6:00,0.6573557,6.90162,7.5589757
7/22/2020 6:30,0.4874976,7.09462,7.5821176
7/22/2020 7:00,4.9260955,2.80302,7.7291155
7/22/2020 7:30,9.763148,-1.84672,7.916428
7/22/2020 8:00,11.765654,-3.61034,8.155314
7/22/2020 8:30,16.108875,-7.71975,8.389125
7/22/2020 9:00,18.850385,-10.3117,8.538685
7/22/2020 9:30,21.161364,-12.4992,8.662164
7/22/2020 10:00,22.088007,-13.287,8.801007
7/22/2020 10:30,24.600054,-15.6472,8.952854
7/22/2020 11:00,22.096968,-13.071,9.025968
7/22/2020 11:30,22.835445,-13.69,9.145445
7/22/2020 12:00,23.765387,-14.5339,9.231487
7/22/2020 12:30,23.459117,-14.0937,9.365417
7/22/2020 13:00,20.613115,-11.2069,9.406215
7/22/2020 13:30,25.47305,-15.9531,9.51995
7/22/2020 14:00,25.496114,-15.9783,9.517814
7/22/2020 14:30,22.617131,-13.0273,9.589831
7/22/2020 15:00,24.147883,-14.5809,9.566983
7/22/2020 15:30,23.286106,-13.655,9.631106
7/22/2020 16:00,21.527968,-11.9141,9.613868
7/22/2020 16:30,20.428829,-10.7831,9.645729
7/22/2020 17:00,19.039719,-9.38614,9.653579
7/22/2020 17:30,17.074979,-7.46024,9.614739
7/22/2020 18:00,17.193496,-7.7225,9.470996
7/22/2020 18:30,14.987913,-5.5729,9.415013
7/22/2020 19:00,12.160888,-2.84259,9.318298
7/22/2020 19:30,10.016895,-0.825664,9.191231
7/22/2020 20:00,4.519892,4.42586,8.945752
7/22/2020 20:30,4.493767,4.19245,8.686217
7/22/2020 21:00,1.025382,7.50573,8.531112
7/22/2020 21:30,1.133173,7.29923,8.432403
7/22/2020 22:00,2.185366,6.11981,8.305176
7/22/2020 22:30,0.353137,7.92563,8.278767
7/22/2020 23:00,0.065181,8.22897,8.294151
7/22/2020 23:30,1.627027,6.62139,8.248417
7/23/2020 0:00,1.187161,7.01748,8.204641
7/23/2020 0:30,1.178525,7.01816,8.196685
7/23/2020 1:00,0.465295,7.70121,8.166505
7/23/2020 1:30,0.551745,7.59849,8.150235
7/23/2020 2:00,1.0193525,7.0994,8.1187525
7/23/2020 2:30,1.82308,6.2418,8.06488
7/23/2020 3:00,1.157953,6.85828,8.016233
7/23/2020 3:30,1.005857,6.9973,8.003157
7/23/2020 4:00,1.456179,6.55396,8.010139
7/23/2020 4:30,1.0620226,6.93712,7.9991426
7/23/2020 5:00,0.584324,7.44229,8.026614
7/23/2020 5:30,0.685584,7.33447,8.020054
7/23/2020 6:00,0.4651053,7.50824,7.9733453
7/23/2020 6:30,2.9927346,4.93901,7.9317446
7/23/2020 7:00,6.417361,1.63721,8.054571
7/23/2020 7:30,10.694751,-2.36271,8.332041
7/23/2020 8:00,13.810096,-5.25526,8.554836
7/23/2020 8:30,15.115242,-6.40521,8.710032
7/23/2020 9:00,18.556507,-9.67448,8.882027
7/23/2020 9:30,21.415231,-12.4178,8.997431
7/23/2020 10:00,25.288476,-16.1409,9.147576
7/23/2020 10:30,21.493175,-12.2808,9.212375
7/23/2020 11:00,23.890076,-14.5577,9.332376
7/23/2020 11:30,24.80906,-15.3326,9.47646
7/23/2020 12:00,22.606616,-13.0163,9.590316
7/23/2020 12:30,24.731267,-15.0661,9.665167
7/23/2020 13:00,23.6518175,-13.8559,9.7959175
7/23/2020 13:30,25.418849,-15.6305,9.788349
7/23/2020 14:00,24.051762,-14.23,9.821762
7/23/2020 14:30,23.396465,-13.471,9.925465
7/23/2020 15:00,23.848369,-13.9201,9.928269
7/23/2020 15:30,23.126327,-13.2949,9.831427
7/23/2020 16:00,22.352896,-12.5932,9.759696
7/23/2020 16:30,21.939252,-12.1886,9.750652
7/23/2020 17:00,18.860863,-9.21414,9.646723
7/23/2020 17:30,18.642257,-9.21325,9.429007
7/23/2020 18:00,12.157267,-2.96952,9.187747
7/23/2020 18:30,6.977548,2.03745,9.014998
7/23/2020 19:00,0.637943,8.15263,8.790573
7/23/2020 19:30,0.176104,8.19621,8.372314
7/23/2020 20:00,0.158718,7.89601,8.054728
7/23/2020 20:30,-2.284179,10.129,7.844821
7/23/2020 21:00,-2.3039263,10.129,7.8250737
7/23/2020 21:30,-4.6498397,12.504,7.8541603
7/23/2020 22:00,-2.3333705,10.129,7.7956295
7/23/2020 22:30,-1.359443,9.17119,7.811747
7/23/2020 23:00,-2.2135914,10.129,7.9154086
7/23/2020 23:30,-0.692733,8.58236,7.889627
7/24/2020 0:00,3.1299247,4.73065,7.8605747
7/24/2020 0:30,0.337653,7.51144,7.849093
7/24/2020 1:00,2.216467,5.59724,7.813707
7/24/2020 1:30,-0.3239967,8.17333,7.8493333
7/24/2020 2:00,1.456305,6.37043,7.826735
7/24/2020 2:30,-0.9058517,8.7761,7.8702483
7/24/2020 3:00,0.8567466,7.04558,7.9023266
7/24/2020 3:30,-0.25229,8.11026,7.85797
7/24/2020 4:00,0.123178,7.69799,7.821168
7/24/2020 4:30,0.1399226,7.78794,7.9278626
7/24/2020 5:00,-1.370373,9.21605,7.845677
7/24/2020 5:30,-4.726601,12.504,7.777399
7/24/2020 6:00,-4.2275454,11.916,7.6884546
7/24/2020 6:30,-4.145871,11.7317,7.585829
7/24/2020 7:00,2.9506315,4.71448,7.6651115
7/24/2020 7:30,4.478138,3.35006,7.828198
7/24/2020 8:00,13.661215,-5.38561,8.275605
7/24/2020 8:30,19.771489,-11.1864,8.585089
7/24/2020 9:00,19.598712,-10.8723,8.726412
7/24/2020 9:30,22.445342,-13.4671,8.978242
7/24/2020 10:00,22.044495,-12.862,9.182495
7/24/2020 10:30,28.475553,-19.1055,9.370053
7/24/2020 11:00,26.550793,-17.2614,9.289393
7/24/2020 11:30,26.334833,-16.9977,9.337133
7/24/2020 12:00,27.56686,-17.9962,9.57066
7/24/2020 12:30,25.863315,-16.2491,9.614215
7/24/2020 13:00,22.393586,-12.9183,9.475286
7/24/2020 13:30,23.119107,-13.6337,9.485407
7/24/2020 14:00,18.329522,-9.13784,9.191682
7/24/2020 14:30,18.1728135,-8.9901,9.1827135
7/24/2020 15:00,18.129678,-8.93543,9.194248
7/24/2020 15:30,29.825282,-20.4285,9.396782
7/24/2020 16:00,26.516399,-16.8137,9.702699
7/24/2020 16:30,23.316006,-13.4758,9.840206
7/24/2020 17:00,23.15258,-13.2775,9.87508
7/24/2020 17:30,19.983902,-10.1984,9.785502
7/24/2020 18:00,18.452763,-8.8265,9.626263
7/24/2020 18:30,15.101068,-5.46124,9.639828
7/24/2020 19:00,14.505304,-4.81841,9.686894
7/24/2020 19:30,7.529539,1.91301,9.442549
7/24/2020 20:00,3.210281,6.13997,9.350251
7/24/2020 20:30,0.84728,8.14121,8.98849
7/24/2020 21:00,1.241144,7.05343,8.294574
7/24/2020 21:30,-2.513277,10.129,7.615723
7/24/2020 22:00,3.5188484,4.15802,7.6768684
7/24/2020 22:30,-9.0449945,16.825,7.7800055
7/24/2020 23:00,-2.2641256,10.129,7.8648744
7/24/2020 23:30,-5.8371345,13.7815,7.9443655
7/25/2020 0:00,2.971402,5.04562,8.017022
7/25/2020 0:30,-2.088866,10.129,8.040134
7/25/2020 1:00,-2.084204,10.129,8.044796
7/25/2020 1:30,-2.113424,10.129,8.015576
7/25/2020 2:00,1.867144,6.2252,8.092344
7/25/2020 2:30,0.182384,7.93668,8.119064
7/25/2020 3:00,-2.7752035,10.8948,8.1195965
7/25/2020 3:30,-1.651368,9.74755,8.096182
7/25/2020 4:00,-1.120093,9.18593,8.065837
7/25/2020 4:30,-0.857627,8.91058,8.052953
7/25/2020 5:00,-2.08186,10.129,8.04714
7/25/2020 5:30,1.844224,6.18099,8.025214
7/25/2020 6:00,-2.1944674,10.129,7.9345326
7/25/2020 6:30,-2.304742,10.129,7.824258
7/25/2020 7:00,-3.2531305,11.1327,7.8795695
7/25/2020 7:30,5.374487,2.69576,8.070247
7/25/2020 8:00,9.833442,-1.57428,8.259162
7/25/2020 8:30,12.009329,-3.66847,8.340859
7/25/2020 9:00,16.708668,-8.14202,8.566648
7/25/2020 9:30,19.557861,-10.6579,8.899961
7/25/2020 10:00,21.967523,-12.7464,9.221123
7/25/2020 10:30,22.683814,-13.2807,9.403114
7/25/2020 11:00,20.61425,-11.0601,9.55415
7/25/2020 11:30,24.248529,-14.5612,9.687329
7/25/2020 12:00,24.628332,-14.7837,9.844632
7/25/2020 12:30,24.7358035,-14.7606,9.9752035
7/25/2020 13:00,24.692481,-14.6108,10.081681
7/25/2020 13:30,25.102462,-14.9197,10.182762
7/25/2020 14:00,24.941811,-14.7387,10.203111
7/25/2020 14:30,24.409315,-14.1701,10.239215
7/25/2020 15:00,23.674763,-13.3823,10.292463
7/25/2020 15:30,23.42809,-13.1358,10.29229
7/25/2020 16:00,23.066715,-12.7845,10.282215
7/25/2020 16:30,23.963875,-13.5008,10.463075
7/25/2020 17:00,16.863098,-6.64165,10.221448
7/25/2020 17:30,16.91356,-6.74131,10.17225
7/25/2020 18:00,13.39022,-3.5728,9.81742
7/25/2020 18:30,14.656419,-4.84088,9.815539
7/25/2020 19:00,5.639265,3.45118,9.090445
7/25/2020 19:30,-0.977105,9.35103,8.373925
7/25/2020 20:00,-2.108467,10.129,8.020533
7/25/2020 20:30,-3.948044,11.9369,7.988856
7/25/2020 21:00,1.849015,6.23503,8.084045
7/25/2020 21:30,-2.280692,10.4642,8.183508
7/25/2020 22:00,-1.943694,10.129,8.185306
7/25/2020 22:30,-1.887805,10.1194,8.231595
7/25/2020 23:00,-2.054381,10.3417,8.287319
7/25/2020 23:30,-1.954176,10.2472,8.293024
7/26/2020 0:00,-2.066346,10.3398,8.273454
7/26/2020 0:30,-2.279719,10.6,8.320281
7/26/2020 1:00,-2.286343,10.5879,8.301557
7/26/2020 1:30,-2.306614,10.5879,8.281286
7/26/2020 2:00,-2.210142,10.5879,8.377758
7/26/2020 2:30,-7.837014,16.3635,8.526486
7/26/2020 3:00,-5.025245,13.5989,8.573655
7/26/2020 3:30,0.040504,8.51437,8.554874
7/26/2020 4:00,-1.346621,9.89705,8.550429
7/26/2020 4:30,-1.858552,10.3708,8.512248
7/26/2020 5:00,-2.119027,10.6115,8.492473
7/26/2020 5:30,-0.46425,8.93325,8.469
7/26/2020 6:00,2.272464,6.16201,8.434474
7/26/2020 6:30,-0.510931,8.9121,8.401169
7/26/2020 7:00,3.471564,5.05164,8.523204
7/26/2020 7:30,6.931579,1.82706,8.758639
7/26/2020 8:00,13.800736,-4.76558,9.035156
7/26/2020 8:30,12.687601,-3.45735,9.230251
7/26/2020 9:00,14.3937,-4.98017,9.41353
7/26/2020 9:30,16.715768,-7.08259,9.633178
7/26/2020 10:00,18.583691,-8.76996,9.813731
7/26/2020 10:30,23.9717,-13.9567,10.015
7/26/2020 11:00,19.535305,-9.36599,10.169315
7/26/2020 11:30,22.918747,-12.6349,10.283847
7/26/2020 12:00,22.437892,-12.038,10.399892
7/26/2020 12:30,20.03382,-9.6123,10.42152
7/26/2020 13:00,18.789225,-8.34836,10.440865
7/26/2020 13:30,19.592614,-9.04957,10.543044
7/26/2020 14:00,25.081803,-14.3815,10.700303
7/26/2020 14:30,22.7604615,-12.0557,10.7047615
7/26/2020 15:00,19.819326,-9.1977,10.621626
7/26/2020 15:30,19.9516065,-9.25617,10.6954365
7/26/2020 16:00,21.143802,-10.4054,10.738402
7/26/2020 16:30,18.869252,-8.1481,10.721152
7/26/2020 17:00,17.341699,-6.62203,10.719669
7/26/2020 17:30,17.357886,-6.61779,10.740096
7/26/2020 18:00,14.513074,-3.85461,10.658464
7/26/2020 18:30,13.498189,-2.87941,10.618779
7/26/2020 19:00,12.394794,-2.07405,10.320744
7/26/2020 19:30,7.794457,2.20758,10.002037
7/26/2020 20:00,2.225397,7.54891,9.774307
7/26/2020 20:30,-0.143355,9.71483,9.571475
7/26/2020 21:00,0.19069,9.24971,9.4404
7/26/2020 21:30,-1.082021,10.4243,9.342279
7/26/2020 22:00,-1.719398,10.9644,9.245002
7/26/2020 22:30,-0.518985,9.68249,9.163505
7/26/2020 23:00,-0.212795,9.31409,9.101295
7/26/2020 23:30,-0.601826,9.65814,9.056314
7/27/2020 0:00,-0.732976,9.79921,9.066234
7/27/2020 0:30,-0.695501,9.70324,9.007739
7/27/2020 1:00,-1.398219,10.3551,8.956881
7/27/2020 1:30,-1.030606,9.98436,8.953754
7/27/2020 2:00,-1.333527,10.2668,8.933273
7/27/2020 2:30,-0.682967,9.56251,8.879543
7/27/2020 3:00,-2.837317,11.6708,8.833483
7/27/2020 3:30,-0.162255,8.92943,8.767175
7/27/2020 4:00,-0.093831,8.80688,8.713049
7/27/2020 4:30,0.326437,8.34772,8.674157
7/27/2020 5:00,-0.316,8.91825,8.60225
7/27/2020 5:30,1.6570915,6.9146,8.5716915
7/27/2020 6:00,-0.888019,9.41186,8.523841
7/27/2020 6:30,0.898208,7.63542,8.533628
7/27/2020 7:00,2.721719,5.93881,8.660529
7/27/2020 7:30,9.101709,-0.171358,8.930351
7/27/2020 8:00,13.786919,-4.61459,9.172329
7/27/2020 8:30,16.120425,-6.72749,9.392935
7/27/2020 9:00,15.821577,-6.20678,9.614797
7/27/2020 9:30,18.012255,-8.23962,9.772635
7/27/2020 10:00,20.746103,-10.8135,9.932603
7/27/2020 10:30,21.830178,-11.7157,10.114478
7/27/2020 11:00,24.245405,-13.974,10.271405
7/27/2020 11:30,23.230105,-12.8573,10.372805
7/27/2020 12:00,23.961791,-13.4891,10.472691
7/27/2020 12:30,23.526118,-12.9188,10.607318
7/27/2020 13:00,24.351798,-13.6239,10.727898
7/27/2020 13:30,22.651234,-11.8621,10.789134
7/27/2020 14:00,24.973179,-14.136,10.837179
7/27/2020 14:30,23.974756,-13.1229,10.851856
7/27/2020 15:00,21.518538,-10.6927,10.825838
7/27/2020 15:30,22.839436,-11.8852,10.954236
7/27/2020 16:00,21.788144,-10.9307,10.857444
7/27/2020 16:30,21.303186,-10.3786,10.924586
7/27/2020 17:00,17.429313,-6.57012,10.859193
7/27/2020 17:30,16.666157,-5.82439,10.841767
7/27/2020 18:00,16.69086,-6.05534,10.63552
7/27/2020 18:30,13.4529,-2.94837,10.50453
7/27/2020 19:00,12.108179,-1.74198,10.366199
7/27/2020 19:30,8.742696,1.44505,10.187746
7/27/2020 20:00,6.229642,3.70773,9.937372
7/27/2020 20:30,1.438102,8.26268,9.700782
7/27/2020 21:00,0.452907,9.16074,9.613647
7/27/2020 21:30,2.761239,6.74177,9.503009
7/27/2020 22:00,0.972184,8.4284,9.400584
7/27/2020 22:30,-0.414361,9.79804,9.383679
7/27/2020 23:00,1.6065305,7.73513,9.3416605
7/27/2020 23:30,0.192217,9.0735,9.265717
7/28/2020 0:00,-0.047588,9.27117,9.223582
7/28/2020 0:30,0.353735,8.85308,9.206815
7/28/2020 1:00,-0.993327,10.206,9.212673
7/28/2020 1:30,-1.45501,10.6507,9.19569
7/28/2020 2:00,0.284295,8.87389,9.158185
7/28/2020 2:30,0.620568,8.43994,9.060508
7/28/2020 3:00,-1.028337,10.024,8.995663
7/28/2020 3:30,-0.85491,9.83693,8.98202
7/28/2020 4:00,-1.611844,10.5579,8.946056
7/28/2020 4:30,-0.71657,9.58795,8.87138
7/28/2020 5:00,0.081964,8.75057,8.832534
7/28/2020 5:30,0.312349,8.5222,8.834549
7/28/2020 6:00,-0.479941,9.28035,8.800409
7/28/2020 6:30,2.758316,6.02796,8.786276
7/28/2020 7:00,4.810287,4.05505,8.865337
7/28/2020 7:30,9.1666545,-0.0872645,9.07939
7/28/2020 8:00,12.402759,-3.08657,9.316189
7/28/2020 8:30,14.44648,-4.9509,9.49558
7/28/2020 9:00,17.836605,-8.17525,9.661355
7/28/2020 9:30,22.319179,-12.479,9.840179
7/28/2020 10:00,24.122616,-14.1371,9.985516
7/28/2020 10:30,23.709852,-13.5532,10.156652
7/28/2020 11:00,25.987858,-15.6627,10.325158
7/28/2020 11:30,26.036769,-15.53,10.506769
7/28/2020 12:00,23.907232,-13.3156,10.591632
7/28/2020 12:30,64.12032,-14.4228,49.69752
7/28/2020 13:00,64.436584,-14.7374,49.699184
7/28/2020 13:30,65.221948,-15.5211,49.700848
7/28/2020 14:00,65.556207,-15.8537,49.702507
7/28/2020 14:30,65.748574,-16.0444,49.704174
7/28/2020 15:00,65.658233,-15.9524,49.705833
7/28/2020 15:30,63.704097,-13.9966,49.707497
7/28/2020 16:00,62.19726,-12.4881,49.70916
7/28/2020 16:30,60.546323,-10.8355,49.710823
7/28/2020 17:00,58.733886,-9.0214,49.712486
7/28/2020 17:30,2.920209,5.98836,8.908569
7/28/2020 18:00,0.912452,7.96307,8.875522
7/28/2020 18:30,4.79384,3.97319,8.76703
7/28/2020 19:00,5.108073,3.68383,8.791903
7/28/2020 19:30,2.930566,5.82562,8.756186
7/28/2020 20:00,2.045489,6.71595,8.761439
7/28/2020 20:30,2.784776,5.94675,8.731526
7/28/2020 21:00,0.880792,7.66295,8.543742
7/28/2020 21:30,-3.589718,12.0436,8.453882
7/28/2020 22:00,2.197573,6.28803,8.485603
7/28/2020 22:30,2.640681,5.86796,8.508641
7/28/2020 23:00,-1.800674,10.3122,8.511526
7/28/2020 23:30,1.344785,7.05316,8.397945
7/29/2020 0:00,-3.1429885,11.4478,8.3048115
7/29/2020 0:30,2.370385,6.05699,8.427375
7/29/2020 1:00,-2.906203,11.4141,8.507897
7/29/2020 1:30,0.64658,7.76877,8.41535
7/29/2020 2:00,-3.937972,12.3004,8.362428
7/29/2020 2:30,-0.614651,8.84601,8.231359
7/29/2020 3:00,-4.139558,12.2821,8.142542
7/29/2020 3:30,-1.902342,10.0275,8.125158
7/29/2020 4:00,-2.492103,10.6341,8.141997
7/29/2020 4:30,-2.623254,10.8139,8.190646
7/29/2020 5:00,-2.217649,10.4543,8.236651
7/29/2020 5:30,-2.664598,10.8194,8.154802
7/29/2020 6:00,-2.756586,10.8194,8.062814
7/29/2020 6:30,-2.717478,10.8194,8.101922
7/29/2020 7:00,-2.809528,10.9235,8.113972
7/29/2020 7:30,-2.058109,10.3897,8.331591
7/29/2020 8:00,3.321221,5.18632,8.507541
7/29/2020 8:30,4.790167,3.78571,8.575877
7/29/2020 9:00,10.092018,-1.31584,8.776178
7/29/2020 9:30,15.967432,-6.89864,9.068792
7/29/2020 10:00,20.905331,-11.7256,9.179731
7/29/2020 10:30,14.977744,-5.86822,9.109524
7/29/2020 11:00,11.653526,-2.64891,9.004616
7/29/2020 11:30,3.064965,5.72196,8.786925
7/29/2020 12:00,6.982824,1.54152,8.524344
7/29/2020 12:30,7.752751,0.625112,8.377863
7/29/2020 13:00,12.82572,-4.37328,8.45244
7/29/2020 13:30,21.932947,-13.2157,8.717247
7/29/2020 14:00,34.530979,-25.3383,9.192679
7/29/2020 14:30,29.40263,-19.9512,9.45143
7/29/2020 15:00,30.326249,-20.7401,9.586149
7/29/2020 15:30,29.282847,-19.5002,9.782647
7/29/2020 16:00,22.942271,-13.2272,9.715071
7/29/2020 16:30,19.156924,-9.53691,9.620014
7/29/2020 17:00,21.055124,-11.4193,9.635824
7/29/2020 17:30,18.786813,-9.08284,9.703973
7/29/2020 18:00,16.94791,-7.18858,9.75933
7/29/2020 18:30,13.274955,-3.55932,9.715635
7/29/2020 19:00,9.4203096,0.0963394,9.516649
7/29/2020 19:30,7.482429,1.89347,9.375899
7/29/2020 20:00,5.5409955,3.72324,9.2642355
7/29/2020 20:30,1.990007,7.1803,9.170307
7/29/2020 21:00,2.291358,6.80094,9.092298
7/29/2020 21:30,1.929806,7.05875,8.988556
7/29/2020 22:00,1.610103,7.29993,8.910033
7/29/2020 22:30,1.14602,7.70069,8.84671
7/29/2020 23:00,-5.845152,14.6371,8.791948
7/29/2020 23:30,3.555382,5.1705,8.725882
7/30/2020 0:00,-0.248895,8.84601,8.597115
7/30/2020 0:30,-1.665313,10.1451,8.479787
7/30/2020 1:00,-1.757198,10.1451,8.387902
7/30/2020 1:30,-2.183887,10.4924,8.308513
7/30/2020 2:00,-2.088751,10.4326,8.343849
7/30/2020 2:30,-3.376164,11.5987,8.222536
7/30/2020 3:00,-2.433175,10.6261,8.192925
7/30/2020 3:30,-2.6458785,10.7797,8.1338215
7/30/2020 4:00,-2.710277,10.7797,8.069423
7/30/2020 4:30,-2.711321,10.7797,8.068379
7/30/2020 5:00,-13.515392,21.6402,8.124808
7/30/2020 5:30,-2.686238,10.8194,8.133162
7/30/2020 6:00,-2.7443115,10.8194,8.0750885
7/30/2020 6:30,-3.078966,11.2083,8.129334
7/30/2020 7:00,0.250611,8.0239,8.274511
7/30/2020 7:30,8.961326,-0.408944,8.552382
7/30/2020 8:00,13.02445,-4.09855,8.9259
7/30/2020 8:30,16.42193,-7.19131,9.23062
7/30/2020 9:00,21.389366,-12.0375,9.351866
7/30/2020 9:30,20.457154,-11.0569,9.400254
7/30/2020 10:00,20.725368,-11.1396,9.585768
7/30/2020 10:30,27.62827,-17.9451,9.68317
7/30/2020 11:00,26.650428,-16.847,9.803428
7/30/2020 11:30,24.228803,-14.2593,9.969503
7/30/2020 12:00,27.697922,-17.5649,10.133022
7/30/2020 12:30,26.106272,-15.8414,10.264872
7/30/2020 13:00,26.691174,-16.2686,10.422574
7/30/2020 13:30,25.042298,-14.6306,10.411698
7/30/2020 14:00,25.895764,-15.4197,10.476064
7/30/2020 14:30,23.535636,-13.009,10.526636
7/30/2020 15:00,23.233428,-12.7034,10.530028
7/30/2020 15:30,25.704533,-14.9627,10.741833
7/30/2020 16:00,21.372704,-10.7077,10.665004
7/30/2020 16:30,19.5659175,-8.88973,10.6761875
7/30/2020 17:00,19.800581,-9.17898,10.621601
7/30/2020 17:30,21.307894,-10.7421,10.565794
7/30/2020 18:00,17.948617,-7.56312,10.385497
7/30/2020 18:30,12.250464,-2.09963,10.150834
7/30/2020 19:00,5.66454,4.32666,9.9912
7/30/2020 19:30,7.812541,2.15027,9.962811
7/30/2020 20:00,5.350547,4.46457,9.815117
7/30/2020 20:30,3.612539,5.9837,9.596239
7/30/2020 21:00,3.319055,6.15111,9.470165
7/30/2020 21:30,0.887615,8.53837,9.425985
7/30/2020 22:00,1.169529,8.19762,9.367149
7/30/2020 22:30,0.944799,8.38836,9.333159
7/30/2020 23:00,0.851495,8.45282,9.304315
7/30/2020 23:30,2.242393,7.02626,9.268653
7/31/2020 0:00,2.602266,6.64068,9.242946
7/31/2020 0:30,1.184631,8.06598,9.250611
7/31/2020 1:00,2.060507,7.18838,9.248887
7/31/2020 1:30,1.463887,7.74212,9.206007
7/31/2020 2:00,3.121726,6.07812,9.199846
7/31/2020 2:30,1.567994,7.58751,9.155504
7/31/2020 3:00,1.353032,7.82501,9.178042
7/31/2020 3:30,0.265324,8.90057,9.165894
7/31/2020 4:00,1.745719,7.41394,9.159659
7/31/2020 4:30,-0.384948,9.53153,9.146582
7/31/2020 5:00,0.738265,8.38067,9.118935
7/31/2020 5:30,0.708459,8.40461,9.113069
7/31/2020 6:00,43.27975,7.71392,50.99367
7/31/2020 6:30,-1.905229,10.98,9.074771
7/31/2020 7:00,2.817754,6.35648,9.174234
7/31/2020 7:30,6.000246,3.29918,9.299426
7/31/2020 8:00,7.829358,1.5773,9.406658
7/31/2020 8:30,9.569049,-0.082055,9.486994
7/31/2020 9:00,9.103962,0.422905,9.526867
7/31/2020 9:30,17.634685,-7.98975,9.644935
7/31/2020 10:00,17.131363,-7.37616,9.755203
7/31/2020 10:30,19.418275,-9.59471,9.823565
7/31/2020 11:00,26.653068,-16.6103,10.042768
7/31/2020 11:30,29.353263,-19.0574,10.295863
7/31/2020 12:00,29.968451,-19.4578,10.510651
7/31/2020 12:30,26.96944,-16.2829,10.68654
7/31/2020 13:00,28.4797,-17.7027,10.777
7/31/2020 13:30,24.715394,-13.9175,10.797894
7/31/2020 14:00,28.757863,-17.7889,10.968963
7/31/2020 14:30,27.039792,-16.0794,10.960392
7/31/2020 15:00,27.71612,-16.7654,10.95072
7/31/2020 15:30,24.907426,-13.8243,11.083126
7/31/2020 16:00,22.365362,-11.2034,11.161962
7/31/2020 16:30,18.739735,-7.67771,11.062025
7/31/2020 17:00,21.090186,-9.86466,11.225526
7/31/2020 17:30,17.896842,-6.72329,11.173552
7/31/2020 18:00,15.984908,-4.86307,11.121838
7/31/2020 18:30,12.662355,-1.67147,10.990885
7/31/2020 19:00,12.289298,-1.39117,10.898128
7/31/2020 19:30,7.826289,2.95617,10.782459
7/31/2020 20:00,5.171149,5.41086,10.582009
7/31/2020 20:30,1.703957,8.66115,10.365107
7/31/2020 21:00,1.31551,8.94004,10.25555
7/31/2020 21:30,1.458992,8.75095,10.209942
7/31/2020 22:00,2.284861,7.68641,9.971271
7/31/2020 22:30,-0.576477,10.3819,9.805423
7/31/2020 23:00,4.381046,5.39304,9.774086
7/31/2020 23:30,1.922755,7.87014,9.792895
8/1/2020 0:00,-3.704757,13.4812,9.776443
8/1/2020 0:30,1.90715,8.00145,9.9086
8/1/2020 1:00,0.566661,9.2595,9.826161
8/1/2020 1:30,1.454659,8.20004,9.654699
8/1/2020 2:00,2.18464,7.32906,9.5137
8/1/2020 2:30,0.637556,8.70203,9.339586
8/1/2020 3:00,-0.581089,9.71808,9.136991
8/1/2020 3:30,-0.005964,8.74154,8.735576
8/1/2020 4:00,2.127395,6.59628,8.723675
8/1/2020 4:30,1.298155,7.44014,8.738295
8/1/2020 5:00,3.795064,4.94893,8.743994
8/1/2020 5:30,-1.615414,10.4219,8.806486
8/1/2020 6:00,-2.411763,11.3153,8.903537
8/1/2020 6:30,-2.601099,11.4202,8.819101
8/1/2020 7:00,-1.865415,10.5916,8.726185
8/1/2020 7:30,-0.718093,9.61608,8.897987
8/1/2020 8:00,9.535929,-0.352575,9.183354
8/1/2020 8:30,14.408667,-4.87075,9.537917
8/1/2020 9:00,18.094422,-8.22752,9.866902
8/1/2020 9:30,20.012326,-9.86578,10.146546
8/1/2020 10:00,21.551902,-11.1132,10.438702
8/1/2020 10:30,26.686387,-16.0597,10.626687
8/1/2020 11:00,26.177318,-15.369,10.808318
8/1/2020 11:30,27.9710005,-17.024,10.9470005
8/1/2020 12:00,24.411756,-13.5694,10.842356
8/1/2020 12:30,23.561516,-12.5868,10.974716
8/1/2020 13:00,26.1576,-14.9315,11.2261
8/1/2020 13:30,25.475484,-14.2551,11.220384
8/1/2020 14:00,25.698429,-14.364,11.334429
8/1/2020 14:30,27.571356,-16.1419,11.429456
8/1/2020 15:00,25.574492,-14.1846,11.389892
8/1/2020 15:30,15.267139,-4.28937,10.977769
8/1/2020 16:00,0.355331,10.2549,10.610231
8/1/2020 16:30,-20.580599,29.8133,9.232701
8/1/2020 17:00,-2.24511,11.0974,8.85229
8/1/2020 17:30,-1.958196,10.9044,8.946204
8/1/2020 18:00,-1.713099,10.727,9.013901
8/1/2020 18:30,-2.309961,11.4532,9.143239
8/1/2020 19:00,-2.077107,11.2811,9.203993
8/1/2020 19:30,-2.187911,11.4059,9.217989
8/1/2020 20:00,-2.368328,11.5841,9.215772
8/1/2020 20:30,-4.246168,13.4574,9.211232
8/1/2020 21:00,2.112177,7.09055,9.202727
8/1/2020 21:30,-5.226189,14.4039,9.177711
8/1/2020 22:00,-0.799743,9.98611,9.186367
8/1/2020 22:30,-4.47719,13.6757,9.19851
8/1/2020 23:00,0.470254,8.73459,9.204844
8/1/2020 23:30,-2.69254,11.9149,9.22236
8/2/2020 0:00,-6.046478,15.2824,9.235922
8/2/2020 0:30,-0.961767,10.3588,9.397033
8/2/2020 1:00,0.587503,8.85386,9.441363
8/2/2020 1:30,-1.570323,11.0107,9.440377
8/2/2020 2:00,2.833661,6.61666,9.450321
8/2/2020 2:30,-1.908497,11.3548,9.446303
8/2/2020 3:00,0.999111,8.44246,9.441571
8/2/2020 3:30,0.482259,8.92308,9.405339
8/2/2020 4:00,0.296376,9.10185,9.398226
8/2/2020 4:30,1.397833,8.04628,9.444113
8/2/2020 5:00,-1.770411,11.2226,9.452189
8/2/2020 5:30,-1.720024,11.1637,9.443676
8/2/2020 6:00,-2.595046,12.0482,9.453154
8/2/2020 6:30,-8.727342,18.175,9.447658
8/2/2020 7:00,-1.974146,11.4781,9.503954
8/2/2020 7:30,7.544955,2.14474,9.689695
8/2/2020 8:00,15.870398,-5.771,10.099398
8/2/2020 8:30,14.946284,-4.50024,10.446044
8/2/2020 9:00,18.753313,-8.20252,10.550793
8/2/2020 9:30,20.453756,-9.87434,10.579416
8/2/2020 10:00,18.11933,-7.57223,10.5471
8/2/2020 10:30,20.165904,-9.44445,10.721454
8/2/2020 11:00,23.4263385,-12.6276,10.7987385
8/2/2020 11:30,25.878873,-14.9498,10.929073
8/2/2020 12:00,30.037031,-18.9334,11.103631
8/2/2020 12:30,33.380417,-22.1368,11.243617
8/2/2020 13:00,25.34983,-13.9944,11.35543
8/2/2020 13:30,26.941422,-15.3774,11.564022
8/2/2020 14:00,25.771799,-14.184,11.587799
8/2/2020 14:30,25.247544,-13.5764,11.671144
8/2/2020 15:00,24.243213,-12.5634,11.679813
8/2/2020 15:30,25.9622315,-14.2473,11.7149315
8/2/2020 16:00,22.5284885,-10.7673,11.7611885
8/2/2020 16:30,21.781822,-10.1122,11.669622
8/2/2020 17:00,20.213795,-8.54086,11.672935
8/2/2020 17:30,18.86944,-7.28083,11.58861
8/2/2020 18:00,16.590788,-5.15541,11.435378
8/2/2020 18:30,13.915466,-2.64347,11.271996
8/2/2020 19:00,12.123527,-0.99616,11.127367
8/2/2020 19:30,7.974959,2.91568,10.890639
8/2/2020 20:00,5.149053,5.46536,10.614413
8/2/2020 20:30,0.174099,10.2256,10.399699
8/2/2020 21:00,2.184269,8.05934,10.243609
8/2/2020 21:30,0.802296,9.40175,10.204046
8/2/2020 22:00,-0.098539,10.3448,10.246261
8/2/2020 22:30,1.278372,8.96187,10.240242
8/2/2020 23:00,-0.091553,10.2857,10.194147
8/2/2020 23:30,0.012606,10.1547,10.167306
8/3/2020 0:00,0.445395,9.68121,10.126605
8/3/2020 0:30,3.677707,6.36239,10.040097
8/3/2020 1:00,-1.395376,11.426,10.030624
8/3/2020 1:30,2.37502,7.68577,10.06079
8/3/2020 2:00,1.5076,8.5594,10.067
8/3/2020 2:30,3.047941,7.01895,10.066891
8/3/2020 3:00,1.5755085,8.4708,10.0463085
8/3/2020 3:30,1.274663,8.65805,9.932713
8/3/2020 4:00,-1.201629,11.0953,9.893671
8/3/2020 4:30,-1.206062,11.0953,9.889238
8/3/2020 5:00,-2.053471,11.8447,9.791229
8/3/2020 5:30,-1.482819,11.3289,9.846081
8/3/2020 6:00,-2.25721,12.0568,9.79959
8/3/2020 6:30,-2.230868,12.0568,9.825932
8/3/2020 7:00,-1.212981,11.0727,9.859719
8/3/2020 7:30,9.585065,0.631288,10.216353
8/3/2020 8:00,0.81131,9.92513,10.73644
8/3/2020 8:30,18.671058,-7.49872,11.172338
8/3/2020 9:00,22.836602,-11.4354,11.401202
8/3/2020 9:30,7.985331,2.9367,10.922031
8/3/2020 10:00,18.196956,-7.74492,10.452036
8/3/2020 10:30,42.214928,-31.0865,11.128428
8/3/2020 11:00,29.168803,-17.6135,11.555303
8/3/2020 11:30,25.847488,-14.155,11.692488
8/3/2020 12:00,28.115433,-16.2916,11.823833
8/3/2020 12:30,27.263313,-15.4761,11.787213
8/3/2020 13:00,18.449111,-6.90103,11.548081
8/3/2020 13:30,14.956228,-3.86278,11.093448
8/3/2020 14:00,21.165454,-9.9402,11.225254
8/3/2020 14:30,18.10944,-7.43949,10.66995
8/3/2020 15:00,15.066078,-4.26057,10.805508
8/3/2020 15:30,32.061542,-20.6756,11.385942
8/3/2020 16:00,18.7972805,-7.37521,11.4220705
8/3/2020 16:30,16.214891,-4.85192,11.362971
8/3/2020 17:00,12.368758,-1.0362,11.332558
8/3/2020 17:30,13.777992,-2.40013,11.377862
8/3/2020 18:00,6.837347,4.43594,11.273287
8/3/2020 18:30,7.014421,4.2006,11.215021
8/3/2020 19:00,4.716543,6.39169,11.108233
8/3/2020 19:30,2.245017,8.90149,11.146507
8/3/2020 20:00,1.124528,9.9733,11.097828
8/3/2020 20:30,4.676874,6.23632,10.913194
8/3/2020 21:00,6.665398,4.10653,10.771928
8/3/2020 21:30,3.563797,6.87034,10.434137
8/3/2020 22:00,2.775771,7.35165,10.127421
8/3/2020 22:30,-2.066555,12.4438,10.377245
8/3/2020 23:00,-4.093854,14.5604,10.466546
8/3/2020 23:30,-0.859057,11.4104,10.551343
8/4/2020 0:00,1.927669,8.819,10.746669
8/4/2020 0:30,2.960693,7.88652,10.847213
8/4/2020 1:00,-39.937299,50.7855,10.848201
8/4/2020 1:30,-10.338054,21.0698,10.731746
8/4/2020 2:00,2.944036,7.60267,10.546706
8/4/2020 2:30,0.704138,10.0723,10.776438
8/4/2020 3:00,1.115203,9.54472,10.659923
8/4/2020 3:30,1.325343,9.27026,10.595603
8/4/2020 4:00,1.472009,9.32182,10.793829
8/4/2020 4:30,0.486326,10.2756,10.761926
8/4/2020 5:00,-4.771387,15.6506,10.879213
8/4/2020 5:30,1.927985,8.97707,10.905055
8/4/2020 6:00,-3.538166,14.3641,10.825934
8/4/2020 6:30,-2.266448,12.9317,10.665252
8/4/2020 7:00,-0.266088,10.8594,10.593312
8/4/2020 7:30,3.060944,7.49204,10.552984
8/4/2020 8:00,7.739933,2.81527,10.555203
8/4/2020 8:30,12.734956,-2.00256,10.732396
8/4/2020 9:00,15.642543,-4.98822,10.654323
8/4/2020 9:30,20.620106,-9.75139,10.868716
8/4/2020 10:00,21.826531,-10.805,11.021531
8/4/2020 10:30,23.075067,-11.9117,11.163367
8/4/2020 11:00,24.220999,-12.7969,11.424099
8/4/2020 11:30,24.017476,-12.396,11.621476
8/4/2020 12:00,25.127443,-13.3573,11.770143
8/4/2020 12:30,26.149234,-14.2043,11.944934
8/4/2020 13:00,26.073523,-13.9927,12.080823
8/4/2020 13:30,28.802353,-16.5694,12.232953
8/4/2020 14:00,26.355754,-14.1919,12.163854
8/4/2020 14:30,27.870347,-15.6087,12.261647
8/4/2020 15:00,29.423581,-17.1371,12.286481
8/4/2020 15:30,25.704658,-13.0618,12.642858
8/4/2020 16:00,26.374741,-13.6032,12.771541
8/4/2020 16:30,23.386727,-10.5783,12.808427
8/4/2020 17:00,20.776879,-8.03928,12.737599
8/4/2020 17:30,19.666739,-6.8943,12.772439
8/4/2020 18:00,19.998688,-7.20922,12.789468
8/4/2020 18:30,16.565159,-3.84467,12.720489
8/4/2020 19:00,17.080087,-4.42111,12.658977
8/4/2020 19:30,11.929814,0.352096,12.28191
8/4/2020 20:00,6.062738,5.8082,11.870938
8/4/2020 20:30,1.851248,9.76531,11.616558
8/4/2020 21:00,1.431288,10.0626,11.493888
8/4/2020 21:30,3.427895,7.94726,11.375155
8/4/2020 22:00,4.083777,7.19683,11.280607
8/4/2020 22:30,2.695864,8.52698,11.222844
8/4/2020 23:00,4.769538,6.40044,11.169978
8/4/2020 23:30,0.761935,10.3016,11.063535
8/5/2020 0:00,0.072415,10.9741,11.046515
8/5/2020 0:30,5.336823,5.68552,11.022343
8/5/2020 1:00,-0.625349,11.5812,10.955851
8/5/2020 1:30,1.49211,9.43056,10.92267
8/5/2020 2:00,3.796037,7.08402,10.880057
8/5/2020 2:30,-2.304107,13.0841,10.779993
8/5/2020 3:00,-1.543633,12.3075,10.763867
8/5/2020 3:30,-1.441429,12.1514,10.709971
8/5/2020 4:00,-6.87849,17.6534,10.77491
8/5/2020 4:30,3.494273,7.32196,10.816233
8/5/2020 5:00,-1.789815,12.5906,10.800785
8/5/2020 5:30,-1.804769,12.5906,10.785831
8/5/2020 6:00,-1.828383,12.5906,10.762217
8/5/2020 6:30,-1.784204,12.5906,10.806396
8/5/2020 7:00,-0.275851,11.0727,10.796849
8/5/2020 7:30,10.400004,0.650645,11.050649
8/5/2020 8:00,14.684918,-3.1808,11.504118
8/5/2020 8:30,19.737701,-7.81056,11.927141
8/5/2020 9:00,21.627039,-9.42869,12.198349
8/5/2020 9:30,22.66507,-10.1673,12.49777
8/5/2020 10:00,25.245638,-12.468,12.777638
8/5/2020 10:30,26.865834,-13.8218,13.044034
8/5/2020 11:00,23.27575,-10.3416,12.93415
8/5/2020 11:30,23.641551,-10.5951,13.046451
8/5/2020 12:00,28.883631,-15.4818,13.401831
8/5/2020 12:30,31.206444,-17.6013,13.605144
8/5/2020 13:00,21.903189,-8.64312,13.260069
8/5/2020 13:30,19.773247,-6.58661,13.186637
8/5/2020 14:00,16.058828,-3.45702,12.601808
8/5/2020 14:30,15.305464,-2.5229,12.782564
8/5/2020 15:00,19.154221,-6.34336,12.810861
8/5/2020 15:30,24.132508,-11.5087,12.623808
8/5/2020 16:00,16.800185,-4.38289,12.417295
8/5/2020 16:30,17.318936,-4.9255,12.393436
8/5/2020 17:00,29.687047,-16.8569,12.830147
8/5/2020 17:30,23.146997,-10.0575,13.089497
8/5/2020 18:00,15.625446,-2.71618,12.909266
8/5/2020 18:30,13.753259,-1.10002,12.653239
8/5/2020 19:00,8.764999,3.8077,12.572699
8/5/2020 19:30,8.47165,3.98885,12.4605
8/5/2020 20:00,2.7043,9.50089,12.20519
8/5/2020 20:30,1.463254,10.5196,11.982854
8/5/2020 21:00,0.155355,11.6959,11.851255
8/5/2020 21:30,1.588946,9.9927,11.581646
8/5/2020 22:00,4.064665,7.63148,11.696145
8/5/2020 22:30,-1.586306,13.2606,11.674294
8/5/2020 23:00,2.510005,9.21825,11.728255
8/5/2020 23:30,0.460516,11.3466,11.807116
8/6/2020 0:00,4.947187,6.83551,11.782697
8/6/2020 0:30,1.93073,9.67161,11.60234
8/6/2020 1:00,2.907604,8.54828,11.455884
8/6/2020 1:30,0.057447,11.221,11.278447
8/6/2020 2:00,-1.525298,12.7126,11.187302
8/6/2020 2:30,-1.459698,12.5906,11.130902
8/6/2020 3:00,-1.431249,12.5906,11.159351
8/6/2020 3:30,-1.313371,12.5906,11.277229
8/6/2020 4:00,-1.31294,12.5906,11.27766
8/6/2020 4:30,-1.310801,12.5906,11.279799
8/6/2020 5:00,-0.643103,11.9873,11.344197
8/6/2020 5:30,-0.522465,11.9873,11.464835
8/6/2020 6:00,-0.820354,11.9873,11.166946
8/6/2020 6:30,-0.887792,12.0429,11.155108
8/6/2020 7:00,-0.876537,12.0429,11.166363
8/6/2020 7:30,-0.307414,11.5583,11.250886
8/6/2020 8:00,4.178531,7.32356,11.502091
8/6/2020 8:30,8.9891,2.89554,11.88464
8/6/2020 9:00,14.977317,-2.76492,12.212397
8/6/2020 9:30,18.482574,-5.66351,12.819064
8/6/2020 10:00,26.910752,-13.5804,13.330352
8/6/2020 10:30,27.370225,-13.8419,13.528325
8/6/2020 11:00,19.82721,-6.35149,13.47572
8/6/2020 11:30,21.973048,-8.45999,13.513058
8/6/2020 12:00,27.705855,-13.7697,13.936155
8/6/2020 12:30,27.939257,-13.9487,13.990557
8/6/2020 13:00,27.170742,-12.9371,14.233642
8/6/2020 13:30,27.579429,-13.1476,14.431829
8/6/2020 14:00,29.129332,-14.5664,14.562932
8/6/2020 14:30,27.620235,-13.0009,14.619335
8/6/2020 15:00,20.45846,-6.50841,13.95005
8/6/2020 15:30,14.712484,-1.21239,13.500094
8/6/2020 16:00,12.279321,0.891511,13.170832
8/6/2020 16:30,9.823927,3.18493,13.008857
8/6/2020 17:00,7.734021,4.97533,12.709351
8/6/2020 17:30,2.905661,9.53955,12.445211
8/6/2020 18:00,9.570444,2.89554,12.465984
8/6/2020 18:30,8.043171,4.50813,12.551301
8/6/2020 19:00,7.298975,5.16167,12.460645
8/6/2020 19:30,5.722278,6.60559,12.327868
8/6/2020 20:00,-4.43861,16.6254,12.18679
8/6/2020 20:30,1.30741,10.6765,11.98391
8/6/2020 21:00,-0.322466,12.1291,11.806634
8/6/2020 21:30,-5.557209,17.1237,11.566491
8/6/2020 22:00,-0.467475,12.0429,11.575425
8/6/2020 22:30,-0.462424,12.0429,11.580476
8/6/2020 23:00,-0.694069,12.0429,11.348831
8/6/2020 23:30,-0.730405,12.0429,11.312495
8/7/2020 0:00,-2.229303,13.4088,11.179497
8/7/2020 0:30,-2.179263,13.4088,11.229537
8/7/2020 1:00,-4.761392,15.7865,11.025108
8/7/2020 1:30,-3.307786,14.4326,11.124814
8/7/2020 2:00,-5.842349,16.7513,10.908951
8/7/2020 2:30,-3.9293775,14.9523,11.0229225
8/7/2020 3:00,-4.880114,15.8198,10.939686
8/7/2020 3:30,-3.070161,14.1822,11.112039
8/7/2020 4:00,-3.8588145,14.8678,11.0089855
8/7/2020 4:30,-2.806778,13.9995,11.192722
8/7/2020 5:00,-3.084951,14.1822,11.097249
8/7/2020 5:30,-4.888368,15.8198,10.931432
8/7/2020 6:00,-0.59252,11.3678,10.77528
8/7/2020 6:30,-1.133457,11.8273,10.693843
8/7/2020 7:00,1.461351,9.35103,10.812381
8/7/2020 7:30,10.666112,0.807594,11.473706
8/7/2020 8:00,15.0623,-2.76492,12.29738
8/7/2020 8:30,17.019701,-4.27913,12.740571
8/7/2020 9:00,23.121066,-10.1522,12.968866
8/7/2020 9:30,22.786487,-9.65079,13.135697
8/7/2020 10:00,24.275445,-10.9423,13.333145
8/7/2020 10:30,23.245804,-9.74293,13.502874
8/7/2020 11:00,26.189846,-12.4148,13.775046
8/7/2020 11:30,17.944837,-4.4545,13.490337
8/7/2020 12:00,24.500762,-10.6893,13.811462
8/7/2020 12:30,23.351578,-9.3346,14.016978
8/7/2020 13:00,15.29855,-2.3823,12.91625
8/7/2020 13:30,17.369115,-4.54122,12.827895
8/7/2020 14:00,10.987784,1.70218,12.689964
8/7/2020 14:30,10.222842,2.14704,12.369882
8/7/2020 15:00,11.736667,0.664837,12.401504
8/7/2020 15:30,15.33631,-2.77576,12.56055
8/7/2020 16:00,15.210794,-2.50217,12.708624
8/7/2020 16:30,14.901018,-2.34408,12.556938
8/7/2020 17:00,18.155549,-5.24961,12.905939
8/7/2020 17:30,18.830378,-5.89206,12.938318
8/7/2020 18:00,19.073113,-5.80619,13.266923
8/7/2020 18:30,15.142592,-1.9348,13.207792
8/7/2020 19:00,9.368816,3.4577,12.826516
8/7/2020 19:30,5.463064,7.02412,12.487184
8/7/2020 20:00,4.484684,7.85844,12.343124
8/7/2020 20:30,1.551801,10.6983,12.250101
8/7/2020 21:00,6.3219065,5.99363,12.3155365
8/7/2020 21:30,-3.182916,15.5221,12.339184
8/7/2020 22:00,3.209393,9.11077,12.320163
8/7/2020 22:30,3.81466,8.3768,12.19146
8/7/2020 23:00,1.993962,9.74581,11.739772
8/7/2020 23:30,-9.301829,20.7698,11.467971
8/8/2020 0:00,-2.54612,13.9639,11.41778
8/8/2020 0:30,-3.893773,15.316,11.422227
8/8/2020 1:00,1.526802,9.93007,11.456872
8/8/2020 1:30,2.237242,9.18542,11.422662
8/8/2020 2:00,-0.974794,12.3348,11.360006
8/8/2020 2:30,-2.460081,13.7486,11.288519
8/8/2020 3:00,-4.330662,15.4455,11.114838
8/8/2020 3:30,-3.7995045,14.8678,11.0682955
8/8/2020 4:00,-4.324877,15.4455,11.120623
8/8/2020 4:30,-3.144164,14.2883,11.144136
8/8/2020 5:00,-3.775978,14.8678,11.091822
8/8/2020 5:30,-5.192913,16.1847,10.991787
8/8/2020 6:00,-5.250205,16.1847,10.934495
8/8/2020 6:30,-4.810113,15.8198,11.009687
8/8/2020 7:00,-1.37339,12.4877,11.11431
8/8/2020 7:30,4.000502,7.32356,11.324062
8/8/2020 8:00,12.983064,-1.21374,11.769324
8/8/2020 8:30,13.357993,-1.32035,12.037643
8/8/2020 9:00,15.231111,-3.00872,12.222391
8/8/2020 9:30,15.329746,-2.83923,12.490516
8/8/2020 10:00,27.080388,-14.3459,12.734488
8/8/2020 10:30,23.465537,-10.3387,13.126837
8/8/2020 11:00,23.472658,-10.229,13.243658
8/8/2020 11:30,27.81289,-14.4098,13.40309
8/8/2020 12:00,27.420692,-13.6946,13.726092
8/8/2020 12:30,27.480765,-13.5897,13.891065
8/8/2020 13:00,27.865937,-13.822,14.043937
8/8/2020 13:30,28.228214,-14.0216,14.206614
8/8/2020 14:00,25.476943,-11.3104,14.166543
8/8/2020 14:30,26.543258,-12.4956,14.047658
8/8/2020 15:00,28.26551,-13.9815,14.28401
8/8/2020 15:30,23.950195,-9.66956,14.280635
8/8/2020 16:00,27.4092535,-12.992,14.4172535
8/8/2020 16:30,24.979495,-10.5302,14.449295
8/8/2020 17:00,23.641356,-9.26359,14.377766
8/8/2020 17:30,23.565282,-9.12904,14.436242
8/8/2020 18:00,15.230484,-1.91711,13.313374
8/8/2020 18:30,3.331739,8.94553,12.277269
8/8/2020 19:00,3.0259,8.90526,11.93116
8/8/2020 19:30,-1.020571,12.9369,11.916329
8/8/2020 20:00,-1.830895,13.6734,11.842505
8/8/2020 20:30,1.629967,10.1056,11.735567
8/8/2020 21:00,-4.950219,16.6254,11.675181
8/8/2020 21:30,-0.542512,12.1706,11.628088
8/8/2020 22:00,-0.143717,11.7271,11.583383
8/8/2020 22:30,-1.10594,12.6941,11.58816
8/8/2020 23:00,-1.522205,13.0644,11.542195
8/8/2020 23:30,1.845924,9.72627,11.572194
8/9/2020 0:00,-1.396274,12.962,11.565726
8/9/2020 0:30,-1.123991,12.6352,11.511209
8/9/2020 1:00,-1.806889,13.2206,11.413711
8/9/2020 1:30,-2.605333,13.9266,11.321267
8/9/2020 2:00,-3.107597,14.3656,11.258003
8/9/2020 2:30,-2.730325,13.9537,11.223375
8/9/2020 3:00,-2.567771,13.7568,11.189029
8/9/2020 3:30,-4.434404,15.4466,11.012196
8/9/2020 4:00,-3.077965,14.1065,11.028535
8/9/2020 4:30,-3.280621,14.357,11.076379
8/9/2020 5:00,-3.320681,14.3565,11.035819
8/9/2020 5:30,-3.086988,14.2037,11.116712
8/9/2020 6:00,-1.142917,12.1055,10.962583
8/9/2020 6:30,-1.155059,12.1055,10.950441
8/9/2020 7:00,-11.395086,22.2966,10.901514
8/9/2020 7:30,-6.511753,17.539,11.027247
8/9/2020 8:00,10.66412,0.702138,11.366258
8/9/2020 8:30,16.441278,-4.06309,12.378188
8/9/2020 9:00,22.383439,-9.59575,12.787689
8/9/2020 9:30,23.600127,-10.5941,13.006027
8/9/2020 10:00,24.160485,-10.9141,13.246385
8/9/2020 10:30,21.003637,-7.54775,13.455887
8/9/2020 11:00,22.962194,-9.2057,13.756494
8/9/2020 11:30,24.074492,-10.1125,13.961992
8/9/2020 12:00,23.237969,-9.16081,14.077159
8/9/2020 12:30,24.203102,-9.96256,14.240542
8/9/2020 13:00,24.375765,-9.93982,14.435945
8/9/2020 13:30,25.434368,-10.8608,14.573568
8/9/2020 14:00,25.743275,-11.0452,14.698075
8/9/2020 14:30,24.261375,-9.4646,14.796775
8/9/2020 15:00,29.746339,-14.9796,14.766739
8/9/2020 15:30,23.42818,-8.82927,14.59891
8/9/2020 16:00,19.359315,-4.60328,14.756035
8/9/2020 16:30,22.208212,-7.61048,14.597732
8/9/2020 17:00,11.729137,2.35965,14.088787
8/9/2020 17:30,7.157937,6.25462,13.412557
8/9/2020 18:00,12.128443,0.702138,12.830581
8/9/2020 18:30,15.581717,-2.50794,13.073777
8/9/2020 19:00,11.560061,1.33875,12.898811
8/9/2020 19:30,6.553513,6.1321,12.685613
8/9/2020 20:00,3.76656,8.54119,12.30775
8/9/2020 20:30,5.129019,7.05668,12.185699
8/9/2020 21:00,3.58922,8.47237,12.06159
8/9/2020 21:30,-0.27196,12.1122,11.84024
8/9/2020 22:00,0.650786,11.0412,11.691986
8/9/2020 22:30,0.412506,11.4856,11.898106
8/9/2020 23:00,-4.990031,16.9616,11.971569
8/9/2020 23:30,-5.2657725,17.3324,12.0666275
8/10/2020 0:00,-2.579239,14.6242,12.044961
8/10/2020 0:30,0.045859,11.9271,11.972959
8/10/2020 1:00,1.043983,10.6055,11.649483
8/10/2020 1:30,0.581985,10.8546,11.436585
8/10/2020 2:00,-0.99154,12.2507,11.25916
8/10/2020 2:30,-2.592982,13.7101,11.117118
8/10/2020 3:00,-0.418003,11.4727,11.054697
8/10/2020 3:30,-4.368994,15.4466,11.077606
8/10/2020 4:00,-1.1845095,12.2351,11.0505905
8/10/2020 4:30,-6.80567,17.7697,10.96403
8/10/2020 5:00,-6.822244,17.7697,10.947456
8/10/2020 5:30,-8.922906,19.7806,10.857694
8/10/2020 6:00,-9.005032,19.7806,10.775568
8/10/2020 6:30,-6.763954,17.7697,11.005746
8/10/2020 7:00,-6.439667,17.539,11.099333
8/10/2020 7:30,8.757881,2.7551,11.512981
8/10/2020 8:00,15.452819,-3.11073,12.342089
8/10/2020 8:30,23.729761,-10.7201,13.009661
8/10/2020 9:00,23.273404,-9.9136,13.359804
8/10/2020 9:30,31.02753,-17.3878,13.63973
8/10/2020 10:00,20.5615055,-6.7267,13.8348055
8/10/2020 10:30,26.972159,-12.9595,14.012659
8/10/2020 11:00,29.174317,-14.9618,14.212517
8/10/2020 11:30,35.878602,-21.6048,14.273802
8/10/2020 12:00,26.517768,-12.0202,14.497568
8/10/2020 12:30,28.272348,-13.5733,14.699048
8/10/2020 13:00,31.113759,-16.3826,14.731159
8/10/2020 13:30,28.781907,-13.7797,15.002207
8/10/2020 14:00,29.903385,-15.0164,14.886985
8/10/2020 14:30,25.128053,-10.4705,14.657553
8/10/2020 15:00,29.451784,-14.8144,14.637384
8/10/2020 15:30,30.370227,-15.5809,14.789327
8/10/2020 16:00,29.63695,-15.1546,14.48235
8/10/2020 16:30,28.36525,-13.7549,14.61035
8/10/2020 17:00,22.509718,-8.18387,14.325848
8/10/2020 17:30,13.75685077,-0.00416377,13.752687
8/10/2020 18:00,12.114929,1.2731,13.388029
8/10/2020 18:30,10.444493,2.75197,13.196463
8/10/2020 19:00,8.910964,4.27749,13.188454
8/10/2020 19:30,4.721817,8.29588,13.017697
8/10/2020 20:00,1.025502,11.6111,12.636602
8/10/2020 20:30,2.444434,9.96554,12.409974
8/10/2020 21:00,5.3824085,6.87034,12.2527485
8/10/2020 21:30,-1.023667,13.1308,12.107133
8/10/2020 22:00,-1.6340095,13.719,12.0849905
8/10/2020 22:30,-1.876714,13.9506,12.073886
8/10/2020 23:00,-10.858482,22.9492,12.090718
8/10/2020 23:30,4.139309,8.17551,12.314819
8/11/2020 0:00,3.305203,9.06471,12.369913
8/11/2020 0:30,1.4992725,10.8049,12.3041725
8/11/2020 1:00,3.594101,8.66976,12.263861
8/11/2020 1:30,-0.92603,13.1649,12.23887
8/11/2020 2:00,-0.670528,12.8627,12.192172
8/11/2020 2:30,-0.654194,12.8627,12.208506
8/11/2020 3:00,-0.710024,12.8627,12.152676
8/11/2020 3:30,-0.730363,12.8627,12.132337
8/11/2020 4:00,-0.710981,12.8627,12.151719
8/11/2020 4:30,-0.743828,12.8627,12.118872
8/11/2020 5:00,-0.834993,12.8627,12.027707
8/11/2020 5:30,-1.087393,12.8627,11.775307
8/11/2020 6:00,-1.285897,12.8627,11.576803
8/11/2020 6:30,-1.250221,12.8627,11.612479
8/11/2020 7:00,1.010755,10.5329,11.543655
8/11/2020 7:30,1.668288,10.4449,12.113188
8/11/2020 8:00,15.054558,-2.27088,12.783678
8/11/2020 8:30,16.911257,-3.72158,13.189677
8/11/2020 9:00,27.562915,-14.0676,13.495315
8/11/2020 9:30,21.776876,-8.09282,13.684056
8/11/2020 10:00,26.996737,-13.178,13.818737
8/11/2020 10:30,22.294955,-8.44235,13.852605
8/11/2020 11:00,24.357717,-10.4047,13.953017
8/11/2020 11:30,26.283723,-12.1223,14.161423
8/11/2020 12:00,26.489999,-12.2481,14.241899
8/11/2020 12:30,29.976267,-15.4868,14.489467
8/11/2020 13:00,27.732275,-13.2056,14.526675
8/11/2020 13:30,36.416139,-21.8094,14.606739
8/11/2020 14:00,36.528117,-22.0169,14.511217
8/11/2020 14:30,24.491471,-10.4112,14.080271
8/11/2020 15:00,16.501383,-3.72158,12.779803
8/11/2020 15:30,9.775977,2.6264,12.402377
8/11/2020 16:00,9.542572,2.93039,12.472962
8/11/2020 16:30,12.92529,-0.441185,12.484105
8/11/2020 17:00,14.119511,-1.43747,12.682041
8/11/2020 17:30,26.791109,-13.8017,12.989409
8/11/2020 18:00,22.791889,-9.59036,13.201529
8/11/2020 18:30,17.956326,-4.85757,13.098756
8/11/2020 19:00,14.618839,-1.54413,13.074709
8/11/2020 19:30,10.119323,2.86593,12.985253
8/11/2020 20:00,4.199383,8.46596,12.665343
8/11/2020 20:30,2.893478,9.39914,12.292618
8/11/2020 21:00,2.447641,9.74226,12.189901
8/11/2020 21:30,4.518426,7.64712,12.165546
8/11/2020 22:00,3.343103,8.77119,12.114293
8/11/2020 22:30,-0.502251,12.5381,12.035849
8/11/2020 23:00,-1.611175,13.5629,11.951725
8/11/2020 23:30,1.304763,10.5296,11.834363
8/12/2020 0:00,0.954958,10.5393,11.494258
8/12/2020 0:30,-1.116566,12.8627,11.746134
8/12/2020 1:00,-1.060544,12.8627,11.802156
8/12/2020 1:30,-1.206159,12.7029,11.496741
8/12/2020 2:00,-1.146557,12.8627,11.716143
8/12/2020 2:30,-7.709849,19.4897,11.779851
8/12/2020 3:00,-1.09685,12.8627,11.76585
8/12/2020 3:30,-1.393886,12.8627,11.468814
8/12/2020 4:00,-1.365657,12.6346,11.268943
8/12/2020 4:30,-1.782584,12.8863,11.103716
8/12/2020 5:00,-1.866588,12.9101,11.043512
8/12/2020 5:30,-1.781371,12.753,10.971629
8/12/2020 6:00,-1.854041,12.9101,11.056059
8/12/2020 6:30,-1.649189,12.9002,11.251011
8/12/2020 7:00,-1.0898,12.4695,11.3797
8/12/2020 7:30,8.715435,2.93039,11.645825
8/12/2020 8:00,14.871318,-2.57357,12.297748
8/12/2020 8:30,16.344239,-3.51402,12.830219
8/12/2020 9:00,21.768379,-8.66601,13.102369
8/12/2020 9:30,23.576246,-10.212,13.364246
8/12/2020 10:00,23.52015,-10.0701,13.45005
8/12/2020 10:30,26.567831,-12.9158,13.652031
8/12/2020 11:00,25.303442,-11.4702,13.833242
8/12/2020 11:30,28.69687,-14.7286,13.96827
8/12/2020 12:00,20.810972,-6.97624,13.834732
8/12/2020 12:30,22.923443,-9.62908,13.294363
8/12/2020 13:00,25.879697,-12.492,13.387697
8/12/2020 13:30,28.755094,-14.8443,13.910794
8/12/2020 14:00,30.325195,-16.2223,14.102895
8/12/2020 14:30,26.857686,-12.7751,14.082586
8/12/2020 15:00,27.568498,-13.4482,14.120298
8/12/2020 15:30,25.179601,-11.1308,14.048801
8/12/2020 16:00,23.785357,-9.72544,14.059917
8/12/2020 16:30,28.916326,-14.8699,14.046426
8/12/2020 17:00,24.8886385,-10.9677,13.9209385
8/12/2020 17:30,23.006049,-9.19799,13.808059
8/12/2020 18:00,20.286638,-6.57906,13.707578
8/12/2020 18:30,16.352974,-2.7741,13.578874
8/12/2020 19:00,14.065186,-0.772977,13.292209
8/12/2020 19:30,6.906672,5.86968,12.776352
8/12/2020 20:00,6.009305,6.48912,12.498425
8/12/2020 20:30,3.747999,8.54968,12.297679
8/12/2020 21:00,0.59207,11.5841,12.17617
8/12/2020 21:30,5.279433,6.87275,12.152183
8/12/2020 22:00,0.43772,11.6722,12.10992
8/12/2020 22:30,2.699566,9.33096,12.030526
8/12/2020 23:00,1.249897,10.7085,11.958397
8/12/2020 23:30,4.826568,7.08847,11.915038
8/13/2020 0:00,3.72906,8.1409,11.86996
8/13/2020 0:30,-0.753,12.5381,11.7851
8/13/2020 1:00,0.423632,11.3173,11.740932
8/13/2020 1:30,-3.266632,14.9611,11.694468
8/13/2020 2:00,-3.586751,15.1935,11.606749
8/13/2020 2:30,-0.430883,11.947,11.516117
8/13/2020 3:00,-3.439193,15.0037,11.564507
8/13/2020 3:30,2.06951,9.4431,11.51261
8/13/2020 4:00,-0.594641,11.9699,11.375259
8/13/2020 4:30,-0.272426,11.6476,11.375174
8/13/2020 5:00,-1.427384,12.7234,11.296016
8/13/2020 5:30,-1.694963,12.9002,11.205237
8/13/2020 6:00,-1.756627,12.9002,11.143573
8/13/2020 6:30,-1.741189,12.9002,11.159011
8/13/2020 7:00,-1.678445,12.9002,11.221755
8/13/2020 7:30,-1.588867,12.9002,11.311333
8/13/2020 8:00,-1.734062,13.1035,11.369438
8/13/2020 8:30,-10.316193,22.0428,11.726607
8/13/2020 9:00,21.311114,-9.23641,12.074704
8/13/2020 9:30,22.070274,-9.70241,12.367864
8/13/2020 10:00,26.75803,-14.2068,12.55123
8/13/2020 10:30,23.969902,-11.1096,12.860302
8/13/2020 11:00,29.453944,-16.5959,12.858044
8/13/2020 11:30,25.424119,-12.2316,13.192519
8/13/2020 12:00,25.8830655,-12.6234,13.2596655
8/13/2020 12:30,26.169305,-12.7577,13.411605
8/13/2020 13:00,25.641017,-12.187,13.454017
8/13/2020 13:30,30.6696525,-17.0256,13.6440525
8/13/2020 14:00,23.094583,-9.63065,13.463933
8/13/2020 14:30,18.630587,-5.54965,13.080937
8/13/2020 15:00,15.4812415,-3.00754,12.4737015
8/13/2020 15:30,14.037769,-1.81149,12.226279
8/13/2020 16:00,12.857456,-0.880973,11.976483
8/13/2020 16:30,13.435219,-1.74964,11.685579
8/13/2020 17:00,0.272034,11.2116,11.483634
8/13/2020 17:30,-1.44948,12.9002,11.45072
8/13/2020 18:00,-2.45293,13.9136,11.46067
8/13/2020 18:30,-1.47726,12.9002,11.42294
8/13/2020 19:00,-2.496981,13.9136,11.416619
8/13/2020 19:30,-1.666683,13.1035,11.436817
8/13/2020 20:00,-1.45775,12.9002,11.44245
8/13/2020 20:30,-1.544418,12.9002,11.355782
8/13/2020 21:00,-1.496899,12.9002,11.403301
8/13/2020 21:30,-1.307481,12.678,11.370519
8/13/2020 22:00,-1.308392,12.678,11.369608
8/13/2020 22:30,-1.350527,12.678,11.327473
8/13/2020 23:00,-1.479127,12.678,11.198873
8/13/2020 23:30,-1.626309,12.678,11.051691
8/14/2020 0:00,-1.658336,12.6885,11.030164
8/14/2020 0:30,-12.380056,23.4038,11.023744
8/14/2020 1:00,-1.589552,12.6885,11.098948
8/14/2020 1:30,-1.638935,12.6885,11.049565
8/14/2020 2:00,-3.534354,14.4848,10.950446
8/14/2020 2:30,-3.296083,14.3603,11.064217
8/14/2020 3:00,-0.004404,11.1971,11.192696
8/14/2020 3:30,-1.468374,12.6885,11.220126
8/14/2020 4:00,-1.215142,12.4584,11.243258
8/14/2020 4:30,-1.452654,12.6885,11.235846
8/14/2020 5:00,-1.516565,12.6885,11.171935
8/14/2020 5:30,-1.542875,12.6885,11.145625
8/14/2020 6:00,-1.543751,12.6885,11.144749
8/14/2020 6:30,-1.544069,12.6885,11.144431
8/14/2020 7:00,-1.525227,12.6885,11.163273
8/14/2020 7:30,-1.918035,13.1035,11.185465
8/14/2020 8:00,8.654257,2.638,11.292257
8/14/2020 8:30,10.150221,1.22608,11.376301
8/14/2020 9:00,12.412328,-0.915517,11.496811
8/14/2020 9:30,9.6262715,1.86184,11.4881115
8/14/2020 10:00,14.267495,-2.6211,11.646395
8/14/2020 10:30,20.777595,-8.87544,11.902155
8/14/2020 11:00,21.281141,-9.17658,12.104561
8/14/2020 11:30,23.066043,-10.7372,12.328843
8/14/2020 12:00,23.59781,-11.1778,12.42001
8/14/2020 12:30,22.053128,-9.73681,12.316318
8/14/2020 13:00,25.151331,-12.7001,12.451231
8/14/2020 13:30,25.239317,-12.5969,12.642417
8/14/2020 14:00,26.270729,-13.4351,12.835629
8/14/2020 14:30,28.060848,-15.0433,13.017548
8/14/2020 15:00,26.469067,-13.4097,13.059367
8/14/2020 15:30,20.196384,-7.55423,12.642154
8/14/2020 16:00,24.634847,-12.1783,12.456547
8/14/2020 16:30,24.003729,-11.286,12.717729
8/14/2020 17:00,21.423813,-9.07086,12.352953
8/14/2020 17:30,12.852433,-0.998415,11.854018
8/14/2020 18:00,13.456697,-1.51294,11.943757
8/14/2020 18:30,12.333945,-0.436504,11.897441
8/14/2020 19:00,5.97324,5.84713,11.82037
8/14/2020 19:30,3.420522,8.27327,11.693792
8/14/2020 20:00,55.667605,8.15455,63.822155
8/14/2020 20:30,-1.90236,13.1485,11.24614
8/14/2020 21:00,-3.076591,14.0687,10.992109
8/14/2020 21:30,-1.088388,11.9699,10.881512
8/14/2020 22:00,-1.77463,12.6885,10.91387
8/14/2020 22:30,-1.779746,12.6885,10.908754
8/14/2020 23:00,-1.914908,12.6885,10.773592
8/14/2020 23:30,-2.070139,12.6885,10.618361
8/15/2020 0:00,-2.078981,12.6885,10.609519
8/15/2020 0:30,-2.133354,12.6885,10.555146
8/15/2020 1:00,-2.081964,12.6885,10.606536
8/15/2020 1:30,-2.090529,12.6885,10.597971
8/15/2020 2:00,-2.175037,12.6885,10.513463
8/15/2020 2:30,-2.161393,12.6885,10.527107
8/15/2020 3:00,-2.245275,12.6885,10.443225
8/15/2020 3:30,-2.344111,12.6885,10.344389
8/15/2020 4:00,-2.365145,12.6634,10.298255
8/15/2020 4:30,-2.578595,12.7617,10.183105
8/15/2020 5:00,-2.191496,12.3413,10.149804
8/15/2020 5:30,-3.71513,13.7515,10.03637
8/15/2020 6:00,-3.792568,13.8276,10.035032
8/15/2020 6:30,-5.953434,16.0007,10.047266
8/15/2020 7:00,-6.622092,16.7336,10.111508
8/15/2020 7:30,0.664013,9.74458,10.408593
8/15/2020 8:00,-9.303554,20.004,10.700446
8/15/2020 8:30,1.007832,9.74458,10.752412
8/15/2020 9:00,11.855423,-0.761777,11.093646
8/15/2020 9:30,6.966458,4.16628,11.132738
8/15/2020 10:00,12.052126,-0.867875,11.184251
8/15/2020 10:30,21.552174,-10.0888,11.463374
8/15/2020 11:00,27.296859,-15.6236,11.673259
8/15/2020 11:30,26.752951,-14.7315,12.021451
8/15/2020 12:00,24.136335,-12.0454,12.090935
8/15/2020 12:30,32.775971,-20.3708,12.405171
8/15/2020 13:00,27.344479,-14.8297,12.514779
8/15/2020 13:30,29.938189,-17.6368,12.301389
8/15/2020 14:00,28.28904,-15.7872,12.50184
8/15/2020 14:30,26.291358,-13.7917,12.499658
8/15/2020 15:00,22.12614,-9.45267,12.67347
8/15/2020 15:30,26.059391,-13.4216,12.637791
8/15/2020 16:00,19.734487,-7.38502,12.349467
8/15/2020 16:30,11.558804,0.306986,11.86579
8/15/2020 17:00,14.450521,-2.53596,11.914561
8/15/2020 17:30,22.360024,-10.2036,12.156424
8/15/2020 18:00,18.117631,-5.88677,12.230861
8/15/2020 18:30,13.438921,-1.42405,12.014871
8/15/2020 19:00,5.195289,6.45824,11.653529
8/15/2020 19:30,4.996415,6.49618,11.492595
8/15/2020 20:00,3.421806,7.97496,11.396766
8/15/2020 20:30,0.209151,11.1512,11.360351
8/15/2020 21:00,2.633333,8.69223,11.325563
8/15/2020 21:30,-0.670136,11.522,10.851864
8/15/2020 22:00,-3.096399,13.6741,10.577701
8/15/2020 22:30,-3.164353,13.6741,10.509747
8/15/2020 23:00,-3.219853,13.6741,10.454247
8/15/2020 23:30,-2.054597,12.4942,10.439603
8/16/2020 0:00,3.079494,7.40599,10.485484
8/16/2020 0:30,-3.284832,13.8714,10.586568
8/16/2020 1:00,-3.289012,13.8714,10.582388
8/16/2020 1:30,-7.135434,17.7263,10.590866
8/16/2020 2:00,1.575821,9.01086,10.586681
8/16/2020 2:30,1.928725,8.63709,10.565815
8/16/2020 3:00,1.529542,9.02376,10.553302
8/16/2020 3:30,0.986006,9.5279,10.513906
8/16/2020 4:00,-5.423326,15.8567,10.433374
8/16/2020 4:30,0.163457,10.4004,10.563857
8/16/2020 5:00,-1.198038,11.7408,10.542762
8/16/2020 5:30,-0.260149,10.7719,10.511751
8/16/2020 6:00,-3.446461,13.8714,10.424939
8/16/2020 6:30,-3.432882,13.8714,10.438518
8/16/2020 7:00,-3.424692,13.8714,10.446708
8/16/2020 7:30,3.910933,6.62321,10.534143
8/16/2020 8:00,0.86236,9.74458,10.60694
8/16/2020 8:30,0.951799,9.74458,10.696379
8/16/2020 9:00,12.207738,-1.27562,10.932118
8/16/2020 9:30,8.452283,2.52479,10.977073
8/16/2020 10:00,16.791043,-5.67407,11.116973
8/16/2020 10:30,25.3037895,-13.9562,11.3475895
8/16/2020 11:00,21.914504,-10.4154,11.499104
8/16/2020 11:30,15.556449,-4.29369,11.262759
8/16/2020 12:00,24.028715,-12.5401,11.488615
8/16/2020 12:30,23.606782,-12.043,11.563782
8/16/2020 13:00,21.173354,-9.75132,11.422034
8/16/2020 13:30,19.237872,-7.93597,11.301902
8/16/2020 14:00,23.107353,-11.7251,11.382253
8/16/2020 14:30,20.679997,-9.29378,11.386217
8/16/2020 15:00,16.599906,-5.30011,11.299796
8/16/2020 15:30,21.544862,-10.1076,11.437262
8/16/2020 16:00,21.405376,-9.90391,11.501466
8/16/2020 16:30,20.26599,-8.8635,11.40249
8/16/2020 17:00,13.754451,-2.59842,11.156031
8/16/2020 17:30,12.262587,-1.1059,11.156687
8/16/2020 18:00,14.193857,-2.9894,11.204457
8/16/2020 18:30,6.535951,4.51648,11.052431
8/16/2020 19:00,4.899041,5.98802,10.887061
8/16/2020 19:30,0.392751,10.1938,10.586551
8/16/2020 20:00,-2.7864385,13.1485,10.3620615
8/16/2020 20:30,1.378076,8.78848,10.166556
8/16/2020 21:00,2.240226,7.89311,10.133336
8/16/2020 21:30,-3.774975,13.8714,10.096425
8/16/2020 22:00,-3.858756,13.8714,10.012644
8/16/2020 22:30,-3.861449,13.8714,10.009951
8/16/2020 23:00,-3.826304,13.8714,10.045096
8/16/2020 23:30,-3.886427,13.8714,9.984973
8/17/2020 0:00,-3.926948,13.8714,9.944452
8/17/2020 0:30,-3.8820325,13.8714,9.9893675
8/17/2020 1:00,-3.880247,13.8714,9.991153
8/17/2020 1:30,-3.876087,13.8714,9.995313
8/17/2020 2:00,-3.897005,13.8714,9.974395
8/17/2020 2:30,-3.929789,13.8714,9.941611
8/17/2020 3:00,-3.907432,13.8714,9.963968
8/17/2020 3:30,-3.929638,13.8714,9.941762
8/17/2020 4:00,-0.273319,10.1407,9.867381
8/17/2020 4:30,-4.060449,13.8714,9.810951
8/17/2020 5:00,-4.062556,13.8714,9.808844
8/17/2020 5:30,-4.021757,13.8714,9.849643
8/17/2020 6:00,-4.035734,13.8714,9.835666
8/17/2020 6:30,-4.034451,13.8714,9.836949
8/17/2020 7:00,1.918037,7.89311,9.811147
8/17/2020 7:30,2.306727,7.61625,9.922977
8/17/2020 8:00,5.638567,4.41743,10.055997
8/17/2020 8:30,8.181603,1.95424,10.135843
8/17/2020 9:00,12.954348,-2.79157,10.162778
8/17/2020 9:30,15.997943,-5.73265,10.265293
8/17/2020 10:00,14.829464,-4.53142,10.298044
8/17/2020 10:30,19.160686,-8.81798,10.342706
8/17/2020 11:00,17.986235,-7.4091,10.577135
8/17/2020 11:30,20.230969,-9.40171,10.829259
8/17/2020 12:00,24.007106,-12.894,11.113106
8/17/2020 12:30,21.958093,-10.7726,11.185493
8/17/2020 13:00,21.146121,-9.81264,11.333481
8/17/2020 13:30,22.013462,-10.5692,11.444262
8/17/2020 14:00,22.820229,-11.295,11.525229
8/17/2020 14:30,20.251934,-8.65636,11.595574
8/17/2020 15:00,21.327348,-9.6869,11.640448
8/17/2020 15:30,20.06375,-8.40025,11.6635
8/17/2020 16:00,18.875432,-7.20988,11.665552
8/17/2020 16:30,19.291057,-7.53802,11.753037
8/17/2020 17:00,25.278628,-13.5722,11.706428
8/17/2020 17:30,23.69966,-12.0411,11.65856
8/17/2020 18:00,14.306872,-2.70146,11.605412
8/17/2020 18:30,17.01712,-5.49891,11.51821
8/17/2020 19:00,11.744608,-0.4941,11.250508
8/17/2020 19:30,6.313202,4.429,10.742202
8/17/2020 20:00,1.823768,8.53223,10.355998
8/17/2020 20:30,1.464757,8.71375,10.178507
8/17/2020 21:00,-2.638906,12.7248,10.085894
8/17/2020 21:30,1.607282,8.41332,10.020602
8/17/2020 22:00,-6.608363,16.5838,9.975437
8/17/2020 22:30,3.627612,6.41219,10.039802
8/17/2020 23:00,1.51577,8.51804,10.03381
8/17/2020 23:30,1.962247,8.01771,9.979957
8/18/2020 0:00,0.171174,9.71324,9.884414
8/18/2020 0:30,2.420335,7.43782,9.858155
8/18/2020 1:00,-0.9114565,10.7153,9.8038435
8/18/2020 1:30,-0.825849,10.5906,9.764751
8/18/2020 2:00,1.58974,8.14907,9.73881
8/18/2020 2:30,0.300236,9.39926,9.699496
8/18/2020 3:00,-1.169145,10.8929,9.723755
8/18/2020 3:30,2.687506,7.11646,9.803966
8/18/2020 4:00,0.84146,9.06252,9.90398
8/18/2020 4:30,3.579406,6.30095,9.880356
8/18/2020 5:00,0.280733,9.45323,9.733963
8/18/2020 5:30,-0.401041,9.9939,9.592859
8/18/2020 6:00,-4.756006,14.1524,9.396394
8/18/2020 6:30,-7.449236,16.7849,9.335664
8/18/2020 7:00,-11.699043,20.9794,9.280357
8/18/2020 7:30,5.5088095,3.97574,9.4845495
8/18/2020 8:00,13.477973,-3.50833,9.969643
8/18/2020 8:30,15.716712,-5.44658,10.270132
8/18/2020 9:00,19.309566,-8.83332,10.476246
8/18/2020 9:30,20.498159,-9.81172,10.686439
8/18/2020 10:00,23.888835,-12.9965,10.892335
8/18/2020 10:30,23.776762,-12.6671,11.109662
8/18/2020 11:00,21.626886,-10.3398,11.287086
8/18/2020 11:30,23.760202,-12.373,11.387202
8/18/2020 12:00,23.5700555,-12.1478,11.4222555
8/18/2020 12:30,25.228177,-13.6169,11.611277
8/18/2020 13:00,25.304941,-13.6246,11.680341
8/18/2020 13:30,26.767262,-14.9566,11.810662
8/18/2020 14:00,23.193029,-11.328,11.865029
8/18/2020 14:30,22.051171,-10.1468,11.904371
8/18/2020 15:00,19.446787,-7.67757,11.769217
8/18/2020 15:30,20.394102,-8.8871,11.507002
8/18/2020 16:00,21.821037,-10.1234,11.697637
8/18/2020 16:30,24.166912,-12.5004,11.666512
8/18/2020 17:00,24.315378,-12.5004,11.814978
8/18/2020 17:30,20.808304,-9.06828,11.740024
8/18/2020 18:00,16.272882,-4.68745,11.585432
8/18/2020 18:30,10.928548,0.487751,11.416299
8/18/2020 19:00,3.756534,7.21609,10.972624
8/18/2020 19:30,1.263005,9.35725,10.620255
8/18/2020 20:00,1.772299,8.56477,10.337069
8/18/2020 20:30,-1.074038,11.2671,10.193062
8/18/2020 21:00,-1.587182,11.5853,9.998118
8/18/2020 21:30,0.78076,9.12175,9.90251
8/18/2020 22:00,1.16264,8.57547,9.73811
8/18/2020 22:30,0.975331,8.64247,9.617801
8/18/2020 23:00,0.311777,9.34874,9.660517
8/18/2020 23:30,-0.91876,10.338,9.41924
8/19/2020 0:00,-2.672427,11.947,9.274573
8/19/2020 0:30,-2.033895,11.192,9.158105
8/19/2020 1:00,-1.180746,10.3249,9.144154
8/19/2020 1:30,0.869569,8.15094,9.020509
8/19/2020 2:00,-11.185517,20.2529,9.067383
8/19/2020 2:30,-14.226913,23.1369,8.909987
8/19/2020 3:00,-1.3758965,10.139,8.7631035
8/19/2020 3:30,-1.329262,10.1145,8.785238
8/19/2020 4:00,-14.297325,23.1369,8.839575
8/19/2020 4:30,-14.29526,23.1369,8.84164
8/19/2020 5:00,-1.2773105,10.0561,8.7787895
8/19/2020 5:30,-14.133603,23.1369,9.003297
8/19/2020 6:00,-11.214943,20.2529,9.037957
8/19/2020 6:30,-14.15283,23.1369,8.98407
8/19/2020 7:00,-0.859644,9.75514,8.895496
8/19/2020 7:30,5.701215,3.569,9.270215
8/19/2020 8:00,14.589491,-4.49946,10.090031
8/19/2020 8:30,14.323143,-3.89029,10.432853
8/19/2020 9:00,20.292524,-9.5173,10.775224
8/19/2020 9:30,19.84354,-8.7063,11.13724
8/19/2020 10:00,23.38285,-12.3915,10.99135
8/19/2020 10:30,19.26432,-8.37106,10.89326
8/19/2020 11:00,23.57306,-12.679,10.89406
8/19/2020 11:30,17.099416,-6.23255,10.866866
8/19/2020 12:00,19.910936,-8.99443,10.916506
8/19/2020 12:30,27.513,-16.3589,11.1541
8/19/2020 13:00,24.023695,-12.8435,11.180195
8/19/2020 13:30,7.839025,2.34126,10.180285
8/19/2020 14:00,-9.405821,18.8548,9.448979
8/19/2020 14:30,2.166087,7.25995,9.426037
8/19/2020 15:00,13.445591,-3.98655,9.459041
8/19/2020 15:30,18.381489,-8.66699,9.714499
8/19/2020 16:00,15.345708,-5.42881,9.916898
8/19/2020 16:30,16.104053,-6.06172,10.042333
8/19/2020 17:00,11.868121,-1.87103,9.997091
8/19/2020 17:30,11.066582,-1.06923,9.997352
8/19/2020 18:00,3.022177,6.97842,10.000597
8/19/2020 18:30,14.7860225,-4.60055,10.1854725
8/19/2020 19:00,15.865743,-5.42521,10.440533
8/19/2020 19:30,5.965261,4.32234,10.287601
8/19/2020 20:00,0.594249,9.30275,9.896999
8/19/2020 20:30,-0.43828,10.0822,9.64392
8/19/2020 21:00,1.423464,8.00841,9.431874
8/19/2020 21:30,-1.800432,11.0569,9.256468
8/19/2020 22:00,-1.25039,10.3249,9.07451
8/19/2020 22:30,-11.26609,20.2529,8.98681
8/19/2020 23:00,-14.17398,23.1369,8.96292
8/19/2020 23:30,-14.339943,23.1369,8.796957
8/20/2020 0:00,-1.406024,10.0978,8.691776
8/20/2020 0:30,-1.386602,10.0978,8.711198
8/20/2020 1:00,-1.54,10.0858,8.5458
8/20/2020 1:30,-1.516922,10.0376,8.520678
8/20/2020 2:00,-1.427709,10.0376,8.609891
8/20/2020 2:30,-1.6092305,10.0376,8.4283695
8/20/2020 3:00,-1.858985,10.0376,8.178615
8/20/2020 3:30,-1.748901,10.0376,8.288699
8/20/2020 4:00,-1.724082,10.0376,8.313518
8/20/2020 4:30,-1.761514,10.0376,8.276086
8/20/2020 5:00,-1.816578,10.0376,8.221022
8/20/2020 5:30,-1.767598,10.0341,8.266502
8/20/2020 6:00,-1.919855,10.1036,8.183745
8/20/2020 6:30,-1.876079,10.0126,8.136521
8/20/2020 7:00,-1.489785,9.63678,8.146995
8/20/2020 7:30,0.616714,7.60521,8.221924
8/20/2020 8:00,6.926126,1.70119,8.627316
8/20/2020 8:30,16.059793,-6.5146,9.545193
8/20/2020 9:00,18.527282,-8.44803,10.079252
8/20/2020 9:30,16.016926,-5.84682,10.170106
8/20/2020 10:00,17.336333,-7.09251,10.243823
8/20/2020 10:30,18.947954,-8.58982,10.358134
8/20/2020 11:00,18.546771,-8.15712,10.389651
8/20/2020 11:30,18.236879,-7.73184,10.505039
8/20/2020 12:00,24.391609,-13.6638,10.727809
8/20/2020 12:30,22.456073,-11.6577,10.798373
8/20/2020 13:00,24.135894,-13.1462,10.989694
8/20/2020 13:30,22.417739,-11.3797,11.038039
8/20/2020 14:00,24.462371,-13.2151,11.247271
8/20/2020 14:30,29.011513,-17.9221,11.089413
8/20/2020 15:00,26.154483,-15.1941,10.960383
8/20/2020 15:30,26.675748,-15.5705,11.105248
8/20/2020 16:00,21.660245,-10.4044,11.255845
8/20/2020 16:30,13.368103,-2.48346,10.884643
8/20/2020 17:00,14.657278,-4.06316,10.594118
8/20/2020 17:30,19.204432,-8.73473,10.469702
8/20/2020 18:00,2.669064,6.65785,9.326914
8/20/2020 18:30,-3.11154,12.4217,9.31016
8/20/2020 19:00,-1.925965,11.1419,9.215935
8/20/2020 19:30,-8.5958675,17.7968,9.2009325
8/20/2020 20:00,-4.02902,13.3341,9.30508
8/20/2020 20:30,-3.927282,13.3341,9.406818
8/20/2020 21:00,-3.931141,13.3341,9.402959
8/20/2020 21:30,-3.947134,13.3341,9.386966
8/20/2020 22:00,-3.996312,13.3341,9.337788
8/20/2020 22:30,-4.141961,13.3341,9.192139
8/20/2020 23:00,-4.14752,13.3341,9.18658
8/20/2020 23:30,-3.617395,12.8889,9.271505
8/21/2020 0:00,-4.104339,13.3341,9.229761
8/21/2020 0:30,-3.552238,12.7747,9.222462
8/21/2020 1:00,-3.525596,12.7747,9.249104
8/21/2020 1:30,-3.57352,12.7747,9.20118
8/21/2020 2:00,-5.28707,14.3116,9.02453
8/21/2020 2:30,-7.897184,16.8355,8.938316
8/21/2020 3:00,-14.303977,23.1369,8.832923
8/21/2020 3:30,-14.346512,23.1369,8.790388
8/21/2020 4:00,-14.243678,23.1369,8.893222
8/21/2020 4:30,-14.344568,23.1369,8.792332
8/21/2020 5:00,-1.038792,9.69561,8.656818
8/21/2020 5:30,-1.029077,9.66824,8.639163
8/21/2020 6:00,-14.393078,23.1369,8.743822
8/21/2020 6:30,-14.352362,23.1369,8.784538
8/21/2020 7:00,-7.915528,16.8355,8.919972
8/21/2020 7:30,2.74859,6.22857,8.97716
8/21/2020 8:00,13.369946,-3.85759,9.512356
8/21/2020 8:30,17.579185,-7.62444,9.954745
8/21/2020 9:00,15.335306,-5.21178,10.123526
8/21/2020 9:30,18.668004,-8.32408,10.343924
8/21/2020 10:00,18.119592,-7.64329,10.476302
8/21/2020 10:30,22.131409,-11.317,10.814409
8/21/2020 11:00,24.420219,-13.4674,10.952819
8/21/2020 11:30,19.649188,-8.64519,11.003998
8/21/2020 12:00,25.679181,-14.7085,10.970681
8/21/2020 12:30,23.00815,-11.9591,11.04905
8/21/2020 13:00,19.772634,-8.76595,11.006684
8/21/2020 13:30,27.331664,-16.2336,11.098064
8/21/2020 14:00,23.583065,-12.2577,11.325365
8/21/2020 14:30,24.71274,-13.5234,11.18934
8/21/2020 15:00,24.206956,-13.1082,11.098756
8/21/2020 15:30,30.989399,-19.8712,11.118199
8/21/2020 16:00,26.597887,-15.6568,10.941087
8/21/2020 16:30,24.370967,-13.3323,11.038667
8/21/2020 17:00,22.0455185,-11.0754,10.9701185
8/21/2020 17:30,16.413229,-5.67359,10.739639
8/21/2020 18:00,14.19999,-3.56381,10.63618
8/21/2020 18:30,10.189984,0.394542,10.584526
8/21/2020 19:00,4.168127,6.22857,10.396697
8/21/2020 19:30,1.137453,9.00109,10.138543
8/21/2020 20:00,0.376231,9.59819,9.974421
8/21/2020 20:30,-0.037026,9.85547,9.818444
8/21/2020 21:00,-2.256829,12.018,9.761171
8/21/2020 21:30,-0.315198,9.98297,9.667772
8/21/2020 22:00,0.502384,9.14636,9.648744
8/21/2020 22:30,-0.296128,9.89436,9.598232
8/21/2020 23:00,0.732954,8.77151,9.504464
8/21/2020 23:30,0.647949,8.75116,9.399109
8/22/2020 0:00,-3.277146,12.6746,9.397454
8/22/2020 0:30,-3.264857,12.6746,9.409743
8/22/2020 1:00,-3.412136,12.6746,9.262464
8/22/2020 1:30,-3.44904,12.6746,9.22556
8/22/2020 2:00,-3.503348,12.6746,9.171252
8/22/2020 2:30,-3.519909,12.6746,9.154691
8/22/2020 3:00,-3.578885,12.6746,9.095715
8/22/2020 3:30,-3.6462215,12.6746,9.0283785
8/22/2020 4:00,-3.658602,12.6746,9.015998
8/22/2020 4:30,-3.6565,12.6746,9.0181
8/22/2020 5:00,-3.661756,12.6746,9.012844
8/22/2020 5:30,-3.520735,12.6746,9.153865
8/22/2020 6:00,-24.1927575,33.3849,9.1921425
8/22/2020 6:30,-3.498016,12.6746,9.176584
8/22/2020 7:00,-3.624708,12.6746,9.049892
8/22/2020 7:30,-0.304901,9.74458,9.439679
8/22/2020 8:00,-3.240171,12.866,9.625829
8/22/2020 8:30,15.575691,-5.56436,10.011331
8/22/2020 9:00,19.372131,-8.93537,10.436761
8/22/2020 9:30,19.247546,-8.70313,10.544416
8/22/2020 10:00,19.568653,-8.96956,10.599093
8/22/2020 10:30,23.677994,-12.7357,10.942294
8/22/2020 11:00,23.344431,-12.2342,11.110231
8/22/2020 11:30,24.091973,-12.9682,11.123773
8/22/2020 12:00,26.030873,-14.7691,11.261773
8/22/2020 12:30,24.983354,-13.6924,11.290954
8/22/2020 13:00,27.681967,-16.3075,11.374467
8/22/2020 13:30,23.928677,-12.3456,11.583077
8/22/2020 14:00,22.239112,-10.7867,11.452412
8/22/2020 14:30,25.396488,-13.8512,11.545288
8/22/2020 15:00,23.22269,-11.6921,11.53059
8/22/2020 15:30,21.696208,-10.2062,11.490008
8/22/2020 16:00,22.580583,-11.162,11.418583
8/22/2020 16:30,19.842328,-8.64313,11.199198
8/22/2020 17:00,16.478827,-5.40977,11.069057
8/22/2020 17:30,10.9442775,-0.019366,10.9249115
8/22/2020 18:00,5.135198,5.6698,10.804998
8/22/2020 18:30,3.560432,7.16376,10.724192
8/22/2020 19:00,1.96624,8.60485,10.57109
8/22/2020 19:30,0.470863,9.95626,10.427123
8/22/2020 20:00,0.931107,9.36294,10.294047
8/22/2020 20:30,-0.079368,10.2805,10.201132
8/22/2020 21:00,0.476024,9.67638,10.152404
8/22/2020 21:30,0.104588,9.99667,10.101258
8/22/2020 22:00,-0.237075,10.2735,10.036425
8/22/2020 22:30,-0.051832,10.0584,10.006568
8/22/2020 23:00,0.605079,9.34668,9.951759
8/22/2020 23:30,-0.337789,10.2532,9.915411
8/23/2020 0:00,1.612719,8.30859,9.921309
8/23/2020 0:30,3.029907,6.86082,9.890727
8/23/2020 1:00,0.431735,9.40535,9.837085
8/23/2020 1:30,-0.445893,10.2471,9.801207
8/23/2020 2:00,0.566178,9.19626,9.762438
8/23/2020 2:30,-0.907294,10.5696,9.662306
8/23/2020 3:00,0.130491,9.47928,9.609771
8/23/2020 3:30,0.482616,9.15264,9.635256
8/23/2020 4:00,-2.020278,11.6834,9.663122
8/23/2020 4:30,-1.835459,11.4675,9.632041
8/23/2020 5:00,2.069721,7.53605,9.605771
8/23/2020 5:30,0.493835,9.08374,9.577575
8/23/2020 6:00,0.2812955,9.26279,9.5440855
8/23/2020 6:30,1.4629835,8.0452,9.5081835
8/23/2020 7:00,1.826177,7.64345,9.469627
8/23/2020 7:30,2.327559,7.19527,9.522829
8/23/2020 8:00,8.42637,1.3783,9.80467
8/23/2020 8:30,12.771906,-2.79372,9.978186
8/23/2020 9:00,17.483,-7.15113,10.33187
8/23/2020 9:30,22.151985,-11.7121,10.439885
8/23/2020 10:00,21.554356,-11.0261,10.528256
8/23/2020 10:30,23.049239,-12.1856,10.863639
8/23/2020 11:00,22.869364,-11.8538,11.015564
8/23/2020 11:30,26.541273,-15.323,11.218273
8/23/2020 12:00,30.100174,-18.9905,11.109674
8/23/2020 12:30,29.193249,-18.0128,11.180449
8/23/2020 13:00,32.580331,-21.272,11.308331
8/23/2020 13:30,24.712415,-13.5254,11.187015
8/23/2020 14:00,22.030626,-11.2301,10.800526
8/23/2020 14:30,26.166221,-15.3459,10.820321
8/23/2020 15:00,21.086281,-10.3026,10.783681
8/23/2020 15:30,18.212929,-7.49802,10.714909
8/23/2020 16:00,15.294542,-4.66186,10.632682
8/23/2020 16:30,15.509472,-4.86371,10.645762
8/23/2020 17:00,14.928527,-4.23686,10.691667
8/23/2020 17:30,14.682245,-3.95997,10.722275
8/23/2020 18:00,8.679106,1.91996,10.599066
8/23/2020 18:30,5.279128,5.15597,10.435098
8/23/2020 19:00,1.405321,8.90502,10.310341
8/23/2020 19:30,1.62134,8.57843,10.19977
8/23/2020 20:00,0.357312,9.73834,10.095652
8/23/2020 20:30,-0.845814,10.8296,9.983786
8/23/2020 21:00,1.420812,8.41145,9.832262
8/23/2020 21:30,1.241742,8.49779,9.739532
8/23/2020 22:00,0.8237435,8.80172,9.6254635
8/23/2020 22:30,0.217123,9.34668,9.563803
8/23/2020 23:00,-0.776414,10.2594,9.482986
8/23/2020 23:30,0.605556,8.77884,9.384396
8/24/2020 0:00,-0.523145,9.89436,9.371215
8/24/2020 0:30,1.032396,8.20178,9.234176
8/24/2020 1:00,1.55034,7.77034,9.32068
8/24/2020 1:30,0.403031,8.97196,9.374991
8/24/2020 2:00,0.488198,8.77884,9.267038
8/24/2020 2:30,1.050001,8.15308,9.203081
8/24/2020 3:00,1.358763,7.94849,9.307253
8/24/2020 3:30,-0.41041,9.75592,9.34551
8/24/2020 4:00,0.175309,9.17616,9.351469
8/24/2020 4:30,-0.066421,9.42934,9.362919
8/24/2020 5:00,2.331111,6.95388,9.284991
8/24/2020 5:30,0.884364,8.28267,9.167034
8/24/2020 6:00,1.061294,8.1218,9.183094
8/24/2020 6:30,-9.1145645,18.2826,9.1680355
8/24/2020 7:00,-0.8198305,10.0319,9.2120695
8/24/2020 7:30,1.582599,7.73388,9.316479
8/24/2020 8:00,9.355497,0.209424,9.564921
8/24/2020 8:30,8.949226,0.79031,9.739536
8/24/2020 9:00,5.474026,4.24833,9.722356
8/24/2020 9:30,9.568003,0.209424,9.777427
8/24/2020 10:00,13.834947,-3.9255,9.909447
8/24/2020 10:30,14.293955,-4.28773,10.006225
8/24/2020 11:00,15.941783,-5.84394,10.097843
8/24/2020 11:30,17.693373,-7.51938,10.173993
8/24/2020 12:00,18.958563,-8.6472,10.311363
8/24/2020 12:30,20.782482,-10.408,10.374482
8/24/2020 13:00,14.542812,-4.28699,10.255822
8/24/2020 13:30,13.866947,-3.73024,10.136707
8/24/2020 14:00,22.865265,-12.8098,10.055465
8/24/2020 14:30,23.765067,-13.573,10.192067
8/24/2020 15:00,19.044519,-8.66117,10.383349
8/24/2020 15:30,21.875385,-11.3886,10.486785
8/24/2020 16:00,20.112014,-9.52068,10.591334
8/24/2020 16:30,19.040565,-8.43378,10.606785
8/24/2020 17:00,19.71167,-9.0498,10.66187
8/24/2020 17:30,17.074397,-6.51728,10.557117
8/24/2020 18:00,12.37667,-1.8875,10.48917
8/24/2020 18:30,6.231685,4.16409,10.395775
8/24/2020 19:00,4.623185,5.6235,10.246685
8/24/2020 19:30,3.164572,6.92422,10.088792
8/24/2020 20:00,2.338213,7.66481,10.003023
8/24/2020 20:30,0.749341,9.20022,9.949561
8/24/2020 21:00,1.029261,8.90861,9.937871
8/24/2020 21:30,1.247983,8.67468,9.922663
8/24/2020 22:00,0.390645,9.53418,9.924825
8/24/2020 22:30,0.256973,9.67963,9.936603
8/24/2020 23:00,-1.541636,11.4886,9.946964
8/24/2020 23:30,-3.10243,13.0492,9.94677
8/25/2020 0:00,-1.858498,11.7678,9.909302
8/25/2020 0:30,-1.466081,11.3189,9.852819
8/25/2020 1:00,-2.509111,12.3296,9.820489
8/25/2020 1:30,-3.50169,13.2727,9.77101
8/25/2020 2:00,-0.779388,10.4804,9.701012
8/25/2020 2:30,0.284077,9.37701,9.661087
8/25/2020 3:00,1.649899,7.94278,9.592679
8/25/2020 3:30,1.546837,7.96844,9.515277
8/25/2020 4:00,0.651642,8.84253,9.494172
8/25/2020 4:30,0.912871,8.54488,9.457751
8/25/2020 5:00,1.241142,8.18514,9.426282
8/25/2020 5:30,0.484686,8.89975,9.384436
8/25/2020 6:00,1.05271,8.30875,9.36146
8/25/2020 6:30,0.865975,8.45883,9.324805
8/25/2020 7:00,2.345662,6.92738,9.273042
8/25/2020 7:30,4.64099,4.70864,9.34963
8/25/2020 8:00,10.227744,-0.643931,9.583813
8/25/2020 8:30,12.461541,-2.77402,9.687521
8/25/2020 9:00,15.055622,-5.2366,9.819022
8/25/2020 9:30,16.453408,-6.56343,9.889978
8/25/2020 10:00,19.947096,-9.8944,10.052696
8/25/2020 10:30,23.833983,-13.4804,10.353583
8/25/2020 11:00,24.459307,-14.0519,10.407407
8/25/2020 11:30,28.862239,-18.3553,10.506939
8/25/2020 12:00,21.523579,-10.964,10.559579
8/25/2020 12:30,23.98037,-13.2489,10.73147
8/25/2020 13:00,23.34398,-12.4895,10.85448
8/25/2020 13:30,24.974048,-13.9929,10.981148
8/25/2020 14:00,24.915686,-13.7547,11.160986
8/25/2020 14:30,24.366601,-13.1821,11.184501
8/25/2020 15:00,25.519347,-14.2358,11.283547
8/25/2020 15:30,22.058488,-10.7903,11.268188
8/25/2020 16:00,22.350619,-11.1165,11.234119
8/25/2020 16:30,18.9091,-7.66103,11.24807
8/25/2020 17:00,18.0228955,-6.79446,11.2284355
8/25/2020 17:30,16.16281,-4.95085,11.21196
8/25/2020 18:00,13.411605,-2.31067,11.100935
8/25/2020 18:30,15.866612,-4.91205,10.954562
8/25/2020 19:00,9.201652,1.52873,10.730382
8/25/2020 19:30,4.691438,5.68194,10.373378
8/25/2020 20:00,2.100205,7.91618,10.016385
8/25/2020 20:30,2.151761,7.71061,9.862371
8/25/2020 21:00,1.1524515,8.5976,9.7500515
8/25/2020 21:30,2.118281,7.52231,9.640591
8/25/2020 22:00,-1.511079,11.0579,9.546821
8/25/2020 22:30,0.447984,8.96508,9.413064
8/25/2020 23:00,-1.948324,11.4179,9.469576
8/25/2020 23:30,0.913916,8.52659,9.440506
8/26/2020 0:00,1.134149,8.25187,9.386019
8/26/2020 0:30,1.687768,7.7382,9.425968
8/26/2020 1:00,-0.227239,9.59944,9.372201
8/26/2020 1:30,0.210638,9.15862,9.369258
8/26/2020 2:00,0.217987,9.13411,9.352097
8/26/2020 2:30,-0.46642,9.80835,9.34193
8/26/2020 3:00,1.600192,7.73787,9.338062
8/26/2020 3:30,0.7381275,8.57673,9.3148575
8/26/2020 4:00,0.31556,8.98518,9.30074
8/26/2020 4:30,2.356348,6.88157,9.237918
8/26/2020 5:00,2.734286,6.42608,9.160366
8/26/2020 5:30,0.828678,8.24568,9.074358
8/26/2020 6:00,0.4624185,8.57403,9.0364485
8/26/2020 6:30,-7.066749,16.0557,8.988951
8/26/2020 7:00,-7.113784,16.0557,8.941916
8/26/2020 7:30,2.403501,6.6386,9.042101
8/26/2020 8:00,10.25443,-0.834273,9.420157
8/26/2020 8:30,11.717398,-2.02235,9.695048
8/26/2020 9:00,18.649669,-8.84311,9.806559
8/26/2020 9:30,18.438628,-8.50227,9.936358
8/26/2020 10:00,22.518398,-12.4506,10.067798
8/26/2020 10:30,23.597055,-13.3278,10.269255
8/26/2020 11:00,24.026849,-13.6309,10.395949
8/26/2020 11:30,23.251399,-12.7847,10.466699
8/26/2020 12:00,24.175829,-13.5958,10.580029
8/26/2020 12:30,24.892938,-14.2358,10.657138
8/26/2020 13:00,25.0040275,-14.245,10.7590275
8/26/2020 13:30,25.125784,-14.3076,10.818184
8/26/2020 14:00,20.209389,-9.38376,10.825629
8/26/2020 14:30,25.029876,-14.1345,10.895376
8/26/2020 15:00,21.183071,-10.2568,10.926271
8/26/2020 15:30,20.920802,-10.0084,10.912402
8/26/2020 16:00,19.318813,-8.4044,10.914413
8/26/2020 16:30,19.985216,-9.08735,10.897866
8/26/2020 17:00,21.8072695,-10.9716,10.8356695
8/26/2020 17:30,19.133488,-8.41481,10.718678
8/26/2020 18:00,19.338737,-8.63167,10.707067
8/26/2020 18:30,15.987404,-5.35776,10.629644
8/26/2020 19:00,10.212659,0.127098,10.339757
8/26/2020 19:30,1.455933,8.54853,10.004463
8/26/2020 20:00,0.079665,9.41105,9.490715
8/26/2020 20:30,2.36817,6.95792,9.32609
8/26/2020 21:00,0.129933,9.08154,9.211473
8/26/2020 21:30,-1.081732,10.2085,9.126768
8/26/2020 22:00,-1.823665,10.8534,9.029735
8/26/2020 22:30,-2.02327,10.9399,8.91663
8/26/2020 23:00,-0.656374,9.44423,8.787856
8/26/2020 23:30,-4.424271,13.1861,8.761829
8/27/2020 0:00,-0.755712,9.4416,8.685888
8/27/2020 0:30,-0.986234,9.46238,8.476146
8/27/2020 1:00,-0.966687,9.47035,8.503663
8/27/2020 1:30,-0.946912,9.48365,8.536738
8/27/2020 2:00,-0.956613,9.48851,8.531897
8/27/2020 2:30,-4.68329,13.1485,8.46521
8/27/2020 3:00,-1.037316,9.50421,8.466894
8/27/2020 3:30,-1.162062,9.50946,8.347398
8/27/2020 4:00,-1.346846,9.5178,8.170954
8/27/2020 4:30,-14.824924,23.1369,8.311976
8/27/2020 5:00,-1.262606,9.68186,8.419254
8/27/2020 5:30,-8.704576,17.1968,8.492224
8/27/2020 6:00,4.378124,4.15265,8.530774
8/27/2020 6:30,-0.978474,9.51229,8.533816
8/27/2020 7:00,-0.922701,9.43174,8.509039
8/27/2020 7:30,1.658563,7.04542,8.703983
8/27/2020 8:00,8.794802,0.343469,9.138271
8/27/2020 8:30,14.153723,-4.71997,9.433753
8/27/2020 9:00,17.11207,-7.41093,9.70114
8/27/2020 9:30,17.786386,-7.79141,9.994976
8/27/2020 10:00,21.277938,-11.0387,10.239238
8/27/2020 10:30,25.640483,-15.177,10.463483
8/27/2020 11:00,22.607856,-12.0128,10.595056
8/27/2020 11:30,25.680921,-14.922,10.758921
8/27/2020 12:00,24.497055,-13.5938,10.903255
8/27/2020 12:30,25.392875,-14.3066,11.086275
8/27/2020 13:00,24.75239,-13.5569,11.19549
8/27/2020 13:30,23.869711,-12.6381,11.231611
8/27/2020 14:00,22.658233,-11.4456,11.212633
8/27/2020 14:30,24.148205,-12.8428,11.305405
8/27/2020 15:00,22.167261,-10.8575,11.309761
8/27/2020 15:30,21.464947,-10.1578,11.307147
8/27/2020 16:00,19.783592,-8.49082,11.292772
8/27/2020 16:30,18.947075,-7.68305,11.264025
8/27/2020 17:00,17.846015,-6.71901,11.127005
8/27/2020 17:30,16.615189,-5.6023,11.012889
8/27/2020 18:00,13.145693,-2.29471,10.850983
8/27/2020 18:30,10.838796,-0.161135,10.677661
8/27/2020 19:00,6.156867,4.33394,10.490807
8/27/2020 19:30,3.79307,6.45238,10.24545
8/27/2020 20:00,2.215038,7.82147,10.036508
8/27/2020 20:30,1.375988,8.5227,9.898688
8/27/2020 21:00,-0.300135,10.2709,9.970765
8/27/2020 21:30,-0.396013,10.3468,9.950787
8/27/2020 22:00,-0.470009,10.3449,9.874891
8/27/2020 22:30,-1.002161,10.813,9.810839
8/27/2020 23:00,0.361037,9.40573,9.766767
8/27/2020 23:30,0.425731,9.32644,9.752171
8/28/2020 0:00,0.631192,9.08297,9.714162
8/28/2020 0:30,0.566849,9.07458,9.641429
8/28/2020 1:00,-0.489487,10.1445,9.655013
8/28/2020 1:30,2.603034,7.06803,9.671064
8/28/2020 2:00,0.547841,9.0807,9.628541
8/28/2020 2:30,-0.830815,10.4486,9.617785
8/28/2020 3:00,-0.239465,9.78065,9.541185
8/28/2020 3:30,0.574226,8.91671,9.490936
8/28/2020 4:00,2.770034,6.74582,9.515854
8/28/2020 4:30,1.187463,8.27205,9.459513
8/28/2020 5:00,2.871356,6.46597,9.337326
8/28/2020 5:30,1.684135,7.57929,9.263425
8/28/2020 6:00,0.281822,8.89902,9.180842
8/28/2020 6:30,1.771041,7.38615,9.157191
8/28/2020 7:00,0.492695,8.69958,9.192275
8/28/2020 7:30,2.405095,6.8675,9.272595
8/28/2020 8:00,9.276883,0.278807,9.55569
8/28/2020 8:30,13.550783,-3.65489,9.895893
8/28/2020 9:00,19.926738,-9.73762,10.189118
8/28/2020 9:30,21.112214,-10.8301,10.282114
8/28/2020 10:00,19.799705,-9.49801,10.301695
8/28/2020 10:30,20.254215,-9.85521,10.399005
8/28/2020 11:00,22.534751,-11.8731,10.661651
8/28/2020 11:30,23.091754,-12.2602,10.831554
8/28/2020 12:00,22.666519,-11.7137,10.952819
8/28/2020 12:30,23.8122655,-12.712,11.1002655
8/28/2020 13:00,23.970629,-12.8177,11.152929
8/28/2020 13:30,23.990255,-12.7033,11.286955
8/28/2020 14:00,24.1228245,-12.7726,11.3502245
8/28/2020 14:30,26.122473,-14.7027,11.419773
8/28/2020 15:00,23.802501,-12.4535,11.349001
8/28/2020 15:30,23.032247,-11.7352,11.297047
8/28/2020 16:00,23.581995,-12.3503,11.231695
8/28/2020 16:30,20.489871,-9.38491,11.104961
8/28/2020 17:00,18.787214,-7.90592,10.881294
8/28/2020 17:30,16.034384,-5.16858,10.865804
8/28/2020 18:00,13.72617,-3.06736,10.65881
8/28/2020 18:30,13.216041,-2.55047,10.665571
8/28/2020 19:00,8.940925,1.5196,10.460525
8/28/2020 19:30,5.106691,5.17496,10.281651
8/28/2020 20:00,2.754809,7.26651,10.021319
8/28/2020 20:30,1.621423,8.22029,9.841713
8/28/2020 21:00,-1.32689,11.0622,9.73531
8/28/2020 21:30,-1.126264,10.815,9.688736
8/28/2020 22:00,2.687395,6.97928,9.666675
8/28/2020 22:30,-0.296147,9.96752,9.671373
8/28/2020 23:00,0.927893,8.71808,9.645973
8/28/2020 23:30,-1.212213,10.831,9.618787
8/29/2020 0:00,1.318967,8.3023,9.621267
8/29/2020 0:30,-0.693978,10.3536,9.659622
8/29/2020 1:00,-0.589684,10.2159,9.626216
8/29/2020 1:30,-0.184344,9.77046,9.586116
8/29/2020 2:00,-0.068599,9.63401,9.565411
8/29/2020 2:30,-0.865321,10.3953,9.529979
8/29/2020 3:00,-0.27087,9.79576,9.52489
8/29/2020 3:30,-0.617821,10.184,9.566179
8/29/2020 4:00,-1.481115,11.0598,9.578685
8/29/2020 4:30,-1.322563,10.9015,9.578937
8/29/2020 5:00,1.220578,8.35794,9.578518
8/29/2020 5:30,0.733516,8.8359,9.569416
8/29/2020 6:00,0.779196,8.76754,9.546736
8/29/2020 6:30,1.224423,8.33125,9.555673
8/29/2020 7:00,1.080494,8.48188,9.562374
8/29/2020 7:30,4.852666,4.73331,9.585976
8/29/2020 8:00,11.410215,-1.59228,9.817935
8/29/2020 8:30,11.362104,-1.4735,9.888604
8/29/2020 9:00,12.436959,-2.54157,9.895389
8/29/2020 9:30,18.618023,-8.56762,10.050403
8/29/2020 10:00,23.582757,-13.1545,10.428257
8/29/2020 10:30,20.543416,-10.2469,10.296516
8/29/2020 11:00,19.035557,-8.87508,10.160477
8/29/2020 11:30,22.586235,-12.3484,10.237835
8/29/2020 12:00,25.691125,-15.2069,10.484225
8/29/2020 12:30,27.668997,-17.1255,10.543497
8/29/2020 13:00,22.869764,-12.234,10.635764
8/29/2020 13:30,25.705433,-15.0563,10.649133
8/29/2020 14:00,29.156544,-18.3756,10.780944
8/29/2020 14:30,27.774396,-17.0787,10.695696
8/29/2020 15:00,26.95985,-16.1098,10.85005
8/29/2020 15:30,16.970844,-6.36793,10.602914
8/29/2020 16:00,19.759973,-9.01962,10.740353
8/29/2020 16:30,11.711016,-1.30559,10.405426
8/29/2020 17:00,14.633638,-5.30703,9.326608
8/29/2020 17:30,19.87956,-9.86768,10.01188
8/29/2020 18:00,17.0908265,-7.04707,10.0437565
8/29/2020 18:30,10.610153,-0.614697,9.995456
8/29/2020 19:00,8.078466,1.88664,9.965106
8/29/2020 19:30,3.38217,6.34746,9.72963
8/29/2020 20:00,2.14978,7.42337,9.57315
8/29/2020 20:30,1.107404,8.33587,9.443274
8/29/2020 21:00,1.4503075,7.90144,9.3517475
8/29/2020 21:30,0.937472,8.42564,9.363112
8/29/2020 22:00,-0.221313,9.55187,9.330557
8/29/2020 22:30,0.112885,9.15736,9.270245
8/29/2020 23:00,-0.021298,9.21474,9.193442
8/29/2020 23:30,-0.454446,9.61529,9.160844
8/30/2020 0:00,-2.212264,11.3434,9.131136
8/30/2020 0:30,1.090279,7.98243,9.072709
8/30/2020 1:00,0.75274,8.30472,9.05746
8/30/2020 1:30,1.02338,8.03175,9.05513
8/30/2020 2:00,1.243098,7.77029,9.013388
8/30/2020 2:30,0.555734,8.45845,9.014184
8/30/2020 3:00,-0.0575025,9.01702,8.9595175
8/30/2020 3:30,0.292663,8.64538,8.938043
8/30/2020 4:00,1.170263,7.71643,8.886693
8/30/2020 4:30,3.300992,5.51938,8.820372
8/30/2020 5:00,3.491768,5.26291,8.754678
8/30/2020 5:30,0.998136,7.72322,8.721356
8/30/2020 6:00,-0.543725,9.16959,8.625865
8/30/2020 6:30,2.30422,6.10882,8.41304
8/30/2020 7:00,-8.2460765,16.5085,8.2624235
8/30/2020 7:30,2.550893,5.91849,8.469383
8/30/2020 8:00,11.53639,-2.50688,9.02951
8/30/2020 8:30,15.488657,-6.21607,9.272587
8/30/2020 9:00,18.237274,-8.79371,9.443564
8/30/2020 9:30,18.099738,-8.48017,9.619568
8/30/2020 10:00,20.658611,-10.9368,9.721811
8/30/2020 10:30,21.729083,-11.8896,9.839483
8/30/2020 11:00,21.717043,-11.762,9.955043
8/30/2020 11:30,21.999559,-11.9354,10.064159
8/30/2020 12:00,22.08021,-11.9354,10.14481
8/30/2020 12:30,20.968863,-10.8476,10.121263
8/30/2020 13:00,19.512141,-9.3759,10.136241
8/30/2020 13:30,21.107891,-10.918,10.189891
8/30/2020 14:00,19.791056,-9.53403,10.257026
8/30/2020 14:30,22.214776,-11.8499,10.364876
8/30/2020 15:00,18.535574,-8.33503,10.200544
8/30/2020 15:30,18.073983,-7.82189,10.252093
8/30/2020 16:00,20.453658,-10.1357,10.317958
8/30/2020 16:30,20.052761,-9.63154,10.421221
8/30/2020 17:00,18.338344,-8.04965,10.288694
8/30/2020 17:30,13.565838,-3.70341,9.862428
8/30/2020 18:00,17.035127,-7.0598,9.975327
8/30/2020 18:30,11.831626,-2.15634,9.675286
8/30/2020 19:00,9.716845,-0.157311,9.559534
8/30/2020 19:30,3.746226,5.50993,9.256156
8/30/2020 20:00,-1.021432,9.98957,8.968138
8/30/2020 20:30,-0.315671,9.06434,8.748669
8/30/2020 21:00,-0.239086,8.91604,8.676954
8/30/2020 21:30,1.676992,6.87375,8.550742
8/30/2020 22:00,-1.008638,9.40158,8.392942
8/30/2020 22:30,-4.146804,12.466,8.319196
8/30/2020 23:00,-4.139839,12.472,8.332161
8/30/2020 23:30,-1.1134605,9.28304,8.1695795
8/31/2020 0:00,-1.290608,9.28304,7.992432
8/31/2020 0:30,-8.135946,16.2255,8.089554
8/31/2020 1:00,-1.264681,9.28304,8.018359
8/31/2020 1:30,-1.402349,9.28304,7.880691
8/31/2020 2:00,-1.4834747,9.28304,7.7995653
8/31/2020 2:30,-1.465192,9.28304,7.817848
8/31/2020 3:00,-1.32348,9.28304,7.95956
8/31/2020 3:30,-1.244978,9.28304,8.038062
8/31/2020 4:00,-4.298484,12.3382,8.039716
8/31/2020 4:30,-1.2972445,9.28304,7.9857955
8/31/2020 5:00,-8.997616,17.0161,8.018484
8/31/2020 5:30,-3.522374,11.4903,7.967926
8/31/2020 6:00,-10.920989,18.8734,7.952411
8/31/2020 6:30,-8.308891,16.2864,7.977509
8/31/2020 7:00,-17.044858,24.9812,7.936342
8/31/2020 7:30,2.455058,5.66447,8.119528
8/31/2020 8:00,11.697732,-3.13761,8.560122
8/31/2020 8:30,10.094085,-1.2848,8.809285
8/31/2020 9:00,19.204429,-10.0804,9.124029
8/31/2020 9:30,17.888443,-8.42242,9.466023
8/31/2020 10:00,19.985034,-10.343,9.642034
8/31/2020 10:30,26.805417,-16.9675,9.837917
8/31/2020 11:00,21.810602,-11.8778,9.932802
8/31/2020 11:30,26.879316,-16.9231,9.956216
8/31/2020 12:00,22.015874,-11.972,10.043874
8/31/2020 12:30,24.86114,-14.7634,10.09774
8/31/2020 13:00,24.845196,-14.7475,10.097696
8/31/2020 13:30,26.405694,-16.2884,10.117294
8/31/2020 14:00,25.813561,-15.6183,10.195261
8/31/2020 14:30,23.784371,-13.6465,10.137871
8/31/2020 15:00,24.714016,-14.5532,10.160816
8/31/2020 15:30,23.9230345,-13.7459,10.1771345
8/31/2020 16:00,25.328869,-15.1978,10.131069
8/31/2020 16:30,20.939395,-10.851,10.088395
8/31/2020 17:00,19.00619,-8.96497,10.04122
8/31/2020 17:30,16.362005,-6.42011,9.941895
8/31/2020 18:00,13.50635,-3.71947,9.78688
8/31/2020 18:30,11.982586,-2.30451,9.678076
8/31/2020 19:00,8.547161,1.00489,9.552051
8/31/2020 19:30,5.730707,3.56418,9.294887
8/31/2020 20:00,4.373937,4.71088,9.084817
8/31/2020 20:30,1.384757,7.65075,9.035507
8/31/2020 21:00,3.654989,5.31987,8.974859
8/31/2020 21:30,2.838257,6.05587,8.894127
8/31/2020 22:00,-0.491139,9.29311,8.801971
8/31/2020 22:30,1.775528,6.93748,8.713008
8/31/2020 23:00,3.749493,4.95298,8.702473
8/31/2020 23:30,-2.176504,10.842,8.665496
9/1/2020 0:00,-1.643076,10.3175,8.674424
9/1/2020 0:30,3.427411,5.30222,8.729631
9/1/2020 1:00,-0.867386,9.59587,8.728484
9/1/2020 1:30,-1.831679,10.5252,8.693521
9/1/2020 2:00,2.031019,6.66682,8.697839
9/1/2020 2:30,-1.063259,9.76301,8.699751
9/1/2020 3:00,-0.478858,9.17616,8.697302
9/1/2020 3:30,1.312826,7.35892,8.671746
9/1/2020 4:00,-0.423576,8.95081,8.527234
9/1/2020 4:30,1.184263,7.15968,8.343943
9/1/2020 5:00,-0.661559,8.97446,8.312901
9/1/2020 5:30,-0.569144,8.97446,8.405316
9/1/2020 6:00,-0.597317,8.97446,8.377143
9/1/2020 6:30,-0.583283,8.97446,8.391177
9/1/2020 7:00,-0.733107,8.97446,8.241353
9/1/2020 7:30,0.912748,7.30263,8.215378
9/1/2020 8:00,10.139673,-1.35675,8.782923
9/1/2020 8:30,14.013595,-4.67908,9.334515
9/1/2020 9:00,17.188564,-7.52587,9.662694
9/1/2020 9:30,15.488684,-5.75004,9.738644
9/1/2020 10:00,18.253545,-8.32103,9.932515
9/1/2020 10:30,18.812086,-8.74379,10.068296
9/1/2020 11:00,15.326621,-5.30161,10.025011
9/1/2020 11:30,20.669224,-10.407,10.262224
9/1/2020 12:00,20.390848,-9.81975,10.571098
9/1/2020 12:30,19.770309,-9.38043,10.389879
9/1/2020 13:00,22.012799,-11.6874,10.325399
9/1/2020 13:30,21.708445,-11.1513,10.557145
9/1/2020 14:00,21.932439,-11.2936,10.638839
9/1/2020 14:30,20.276742,-9.64981,10.626932
9/1/2020 15:00,18.920414,-8.61547,10.304944
9/1/2020 15:30,14.572436,-4.53177,10.040666
9/1/2020 16:00,16.253515,-6.21675,10.036765
9/1/2020 16:30,16.693527,-6.85273,9.840797
9/1/2020 17:00,12.537133,-2.81271,9.724423
9/1/2020 17:30,18.2836495,-8.52734,9.7563095
9/1/2020 18:00,11.47311,-1.90131,9.5718
9/1/2020 18:30,6.438523,3.02721,9.465733
9/1/2020 19:00,-0.052485,9.16091,9.108425
9/1/2020 19:30,2.759051,5.83777,8.596821
9/1/2020 20:00,2.305398,6.31144,8.616838
9/1/2020 20:30,6.465541,2.21852,8.684061
9/1/2020 21:00,1.552753,7.14414,8.696893
9/1/2020 21:30,-0.694041,9.37489,8.680849
9/1/2020 22:00,-0.024866,8.69958,8.674714
9/1/2020 22:30,-0.02755,8.69958,8.67203
9/1/2020 23:00,-0.01,8.69958,8.68958
9/1/2020 23:30,-0.272688,8.78396,8.511272
9/2/2020 0:00,-0.719724,9.10785,8.388126
9/2/2020 0:30,-0.104807,8.55232,8.447513
9/2/2020 1:00,-0.73963,9.10785,8.36822
9/2/2020 1:30,-0.795399,9.10785,8.312451
9/2/2020 2:00,-0.773132,9.10785,8.334718
9/2/2020 2:30,-0.80857,9.10785,8.29928
9/2/2020 3:00,-0.905423,9.10785,8.202427
9/2/2020 3:30,-0.955802,9.10785,8.152048
9/2/2020 4:00,-0.934981,9.10785,8.172869
9/2/2020 4:30,-0.999409,9.10785,8.108441
9/2/2020 5:00,-0.868556,9.10785,8.239294
9/2/2020 5:30,-0.931394,9.10785,8.176456
9/2/2020 6:00,-1.155286,9.37476,8.219474
9/2/2020 6:30,-0.583308,8.94833,8.365022
9/2/2020 7:00,-0.125735,8.54689,8.421155
9/2/2020 7:30,0.489821,8.03462,8.524441
9/2/2020 8:00,3.2681775,5.41923,8.6874075
9/2/2020 8:30,4.743379,4.16095,8.904329
9/2/2020 9:00,13.568714,-4.48607,9.082644
9/2/2020 9:30,12.51301,-3.33276,9.18025
9/2/2020 10:00,14.899719,-5.6722,9.227519
9/2/2020 10:30,22.421291,-12.8297,9.591591
9/2/2020 11:00,20.066201,-10.1823,9.883901
9/2/2020 11:30,21.334008,-11.3867,9.947308
9/2/2020 12:00,23.0328315,-12.9724,10.0604315
9/2/2020 12:30,22.839579,-12.5615,10.278079
9/2/2020 13:00,14.713942,-4.55898,10.154962
9/2/2020 13:30,16.966796,-6.72749,10.239306
9/2/2020 14:00,21.47404,-11.1019,10.37214
9/2/2020 14:30,15.867512,-5.66019,10.207322
9/2/2020 15:00,18.241572,-7.93928,10.302292
9/2/2020 15:30,18.980525,-8.6298,10.350725
9/2/2020 16:00,6.336019,3.60216,9.938179
9/2/2020 16:30,17.178413,-7.94087,9.237543
9/2/2020 17:00,18.84971,-9.07261,9.7771
9/2/2020 17:30,26.485614,-16.6309,9.854714
9/2/2020 18:00,18.219115,-8.35606,9.863055
9/2/2020 18:30,12.567948,-2.80157,9.766378
9/2/2020 19:00,6.411895,3.15629,9.568185
9/2/2020 19:30,2.484491,6.92568,9.410171
9/2/2020 20:00,-0.069426,9.37372,9.304294
9/2/2020 20:30,1.319391,7.94639,9.265781
9/2/2020 21:00,-1.6947525,10.9587,9.2639475
9/2/2020 21:30,1.262328,7.96877,9.231098
9/2/2020 22:00,-0.090961,9.26592,9.174959
9/2/2020 22:30,-0.4621125,9.60001,9.1378975
9/2/2020 23:00,1.38233,7.72795,9.11028
9/2/2020 23:30,-1.61855,10.7199,9.10135
9/3/2020 0:00,-3.845503,12.9522,9.106697
9/3/2020 0:30,-1.653674,10.8177,9.164026
9/3/2020 1:00,-2.5749735,11.7441,9.1691265
9/3/2020 1:30,-1.159196,10.3196,9.160404
9/3/2020 2:00,-1.701379,10.8338,9.132421
9/3/2020 2:30,-1.771402,10.875,9.103598
9/3/2020 3:00,-1.352032,10.4233,9.071268
9/3/2020 3:30,-1.9521015,10.9784,9.0262985
9/3/2020 4:00,-0.653474,9.62443,8.970956
9/3/2020 4:30,-0.530769,9.45702,8.926251
9/3/2020 5:00,0.418019,8.46578,8.883799
9/3/2020 5:30,-0.1418245,9.02614,8.8843155
9/3/2020 6:00,-1.136321,10.0182,8.881879
9/3/2020 6:30,1.502694,7.34255,8.845244
9/3/2020 7:00,0.718778,8.09549,8.814268
9/3/2020 7:30,1.021298,7.89525,8.916548
9/3/2020 8:00,3.933963,5.21151,9.145473
9/3/2020 8:30,13.821887,-4.42155,9.400337
9/3/2020 9:00,12.635157,-3.00957,9.625587
9/3/2020 9:30,13.468731,-3.6341,9.834631
9/3/2020 10:00,19.975285,-9.93569,10.039595
9/3/2020 10:30,16.482093,-6.25737,10.224723
9/3/2020 11:00,21.258961,-10.8797,10.379261
9/3/2020 11:30,20.48056,-9.97639,10.50417
9/3/2020 12:00,16.641909,-6.08924,10.552669
9/3/2020 12:30,18.183953,-7.53906,10.644893
9/3/2020 13:00,17.821983,-7.09819,10.723793
9/3/2020 13:30,16.748835,-5.94911,10.799725
9/3/2020 14:00,19.964052,-9.18749,10.776562
9/3/2020 14:30,19.602815,-8.8139,10.788915
9/3/2020 15:00,17.11279,-6.34929,10.7635
9/3/2020 15:30,20.012799,-9.13163,10.881169
9/3/2020 16:00,16.869373,-6.03774,10.831633
9/3/2020 16:30,15.900681,-5.05548,10.845201
9/3/2020 17:00,14.2163335,-3.42583,10.7905035
9/3/2020 17:30,13.203044,-2.48621,10.716834
9/3/2020 18:00,11.8456305,-1.22484,10.6207905
9/3/2020 18:30,9.355443,1.09422,10.449663
9/3/2020 19:00,7.089369,3.11415,10.203519
9/3/2020 19:30,2.609539,7.3018,9.911339
9/3/2020 20:00,0.873926,8.82412,9.698046
9/3/2020 20:30,-0.710877,10.255,9.544123
9/3/2020 21:00,-0.570335,9.9929,9.422565
9/3/2020 21:30,-1.822227,11.2027,9.380473
9/3/2020 22:00,-0.187993,9.51197,9.323977
9/3/2020 22:30,-2.640869,11.9,9.259131
9/3/2020 23:00,-0.674694,9.87689,9.202196
9/3/2020 23:30,-0.409979,9.58522,9.175241
9/4/2020 0:00,-1.422237,10.6207,9.198463
9/4/2020 0:30,-0.878528,10.0498,9.171272
9/4/2020 1:00,-0.294521,9.42372,9.129199
9/4/2020 1:30,-0.76495,9.88238,9.11743
9/4/2020 2:00,-0.882911,9.92054,9.037629
9/4/2020 2:30,-1.320615,10.3115,8.990885
9/4/2020 3:00,0.697336,8.20876,8.906096
9/4/2020 3:30,0.49524,8.32908,8.82432
9/4/2020 4:00,-0.84074,9.63214,8.7914
9/4/2020 4:30,-0.366745,9.16715,8.800405
9/4/2020 5:00,1.731736,7.00892,8.740656
9/4/2020 5:30,0.366972,8.29473,8.661702
9/4/2020 6:00,-1.257759,9.88184,8.624081
9/4/2020 6:30,2.920819,5.71612,8.636939
9/4/2020 7:00,-0.033043,8.60305,8.570007
9/4/2020 7:30,2.35155,6.31821,8.66976
9/4/2020 8:00,9.455028,-0.47983,8.975198
9/4/2020 8:30,13.85029,-4.56623,9.28406
9/4/2020 9:00,17.285633,-7.72669,9.558943
9/4/2020 9:30,16.40616,-6.67562,9.73054
9/4/2020 10:00,20.043496,-10.2391,9.804396
9/4/2020 10:30,15.466531,-5.51525,9.951281
9/4/2020 11:00,17.661165,-7.55116,10.110005
9/4/2020 11:30,20.527414,-10.2927,10.234714
9/4/2020 12:00,17.826128,-7.50583,10.320298
9/4/2020 12:30,25.1388825,-14.7199,10.4189825
9/4/2020 13:00,21.090587,-10.5298,10.560787
9/4/2020 13:30,19.520712,-8.87885,10.641862
9/4/2020 14:00,21.856404,-11.2686,10.587804
9/4/2020 14:30,18.990693,-8.45913,10.531563
9/4/2020 15:00,18.904697,-8.32163,10.583067
9/4/2020 15:30,18.882968,-8.17823,10.704738
9/4/2020 16:00,21.33067,-10.7185,10.61217
9/4/2020 16:30,20.441667,-9.79556,10.646107
9/4/2020 17:00,17.122815,-6.5842,10.538615
9/4/2020 17:30,14.633184,-4.1216,10.511584
9/4/2020 18:00,13.707755,-3.46787,10.239885
9/4/2020 18:30,10.652498,-0.690053,9.962445
9/4/2020 19:00,7.159614,2.56348,9.723094
9/4/2020 19:30,4.267661,5.26603,9.533691
9/4/2020 20:00,1.4263845,7.86311,9.2894945
9/4/2020 20:30,1.553349,7.56871,9.122059
9/4/2020 21:00,-0.263346,9.27973,9.016384
9/4/2020 21:30,-0.270967,9.28567,9.014703
9/4/2020 22:00,1.725618,7.23247,8.958088
9/4/2020 22:30,-0.619945,9.45589,8.835945
9/4/2020 23:00,-0.935447,9.62073,8.685283
9/4/2020 23:30,0.763842,7.61818,8.382022
9/5/2020 0:00,3.303406,4.96068,8.264086
9/5/2020 0:30,-1.639191,9.83493,8.195739
9/5/2020 1:00,0.335775,7.80377,8.139545
9/5/2020 1:30,-13.404771,21.4806,8.075829
9/5/2020 2:00,-1.247065,9.25843,8.011365
9/5/2020 2:30,-9.4596003,17.3614,7.9017997
9/5/2020 3:00,-1.4725556,9.24545,7.7728944
9/5/2020 3:30,-1.467303,9.23812,7.770817
9/5/2020 4:00,-1.449969,9.22377,7.773801
9/5/2020 4:30,-1.396029,9.21046,7.814431
9/5/2020 5:00,-13.8641374,21.8085,7.9443626
9/5/2020 5:30,-15.2429065,23.1177,7.8747935
9/5/2020 6:00,-2.852983,11.121,8.268017
9/5/2020 6:30,-1.748995,10.2779,8.528905
9/5/2020 7:00,-1.495257,10.0092,8.513943
9/5/2020 7:30,5.953542,2.70272,8.656262
9/5/2020 8:00,10.204086,-1.35775,8.846336
9/5/2020 8:30,14.030226,-4.97272,9.057506
9/5/2020 9:00,16.515546,-7.33111,9.184436
9/5/2020 9:30,16.417281,-7.11048,9.306801
9/5/2020 10:00,18.960042,-9.56079,9.399252
9/5/2020 10:30,20.29546,-10.8634,9.43206
9/5/2020 11:00,20.458685,-10.8998,9.558885
9/5/2020 11:30,20.544632,-10.8821,9.662532
9/5/2020 12:00,21.482854,-11.7628,9.720054
9/5/2020 12:30,21.266962,-11.4636,9.803362
9/5/2020 13:00,21.74298,-11.8901,9.85288
9/5/2020 13:30,21.504985,-11.6218,9.883185
9/5/2020 14:00,21.882222,-11.9698,9.912422
9/5/2020 14:30,19.194936,-9.44261,9.752326
9/5/2020 15:00,19.913214,-10.082,9.831214
9/5/2020 15:30,20.246386,-10.3765,9.869886
9/5/2020 16:00,18.798749,-9.10557,9.693179
9/5/2020 16:30,16.542904,-6.94379,9.599114
9/5/2020 17:00,16.472543,-6.94686,9.525683
9/5/2020 17:30,14.823391,-5.45314,9.370251
9/5/2020 18:00,13.41151,-4.05652,9.35499
9/5/2020 18:30,5.884155,3.19388,9.078035
9/5/2020 19:00,5.145648,3.82588,8.971528
9/5/2020 19:30,-0.442442,9.09525,8.652808
9/5/2020 20:00,-0.949312,9.3276,8.378288
9/5/2020 20:30,-2.781207,10.9368,8.155593
9/5/2020 21:00,-1.34309,9.34792,8.00483
9/5/2020 21:30,-1.4299053,9.35574,7.9258347
9/5/2020 22:00,-1.4591606,9.35406,7.8948994
9/5/2020 22:30,1.2219383,6.6209,7.8428383
9/5/2020 23:00,-1.566261,9.35698,7.790719
9/5/2020 23:30,-1.5688,9.35472,7.78592
9/6/2020 0:00,-1.6554737,9.33712,7.6816463
9/6/2020 0:30,-1.6022737,9.34921,7.7469363
9/6/2020 1:00,-1.4347833,9.35862,7.9238367
9/6/2020 1:30,-1.28994,9.37068,8.08074
9/6/2020 2:00,1.920047,6.2294,8.149447
9/6/2020 2:30,0.076845,8.00644,8.083285
9/6/2020 3:00,-1.4011073,9.39747,7.9963627
9/6/2020 3:30,-1.3487295,9.40457,8.0558405
9/6/2020 4:00,4.098644,3.97446,8.073104
9/6/2020 4:30,-1.5101124,9.45816,7.9480476
9/6/2020 5:00,-1.612672,9.45816,7.845488
9/6/2020 5:30,-1.7133823,9.45816,7.7447777
9/6/2020 6:00,-1.8245197,9.45816,7.6336403
9/6/2020 6:30,2.9410524,4.74714,7.6881924
9/6/2020 7:00,-1.505464,9.23615,7.730686
9/6/2020 7:30,-0.504138,8.31818,7.814042
9/6/2020 8:00,4.7183075,3.26268,7.9809875
9/6/2020 8:30,13.88718,-5.42949,8.45769
9/6/2020 9:00,16.145241,-7.29534,8.849901
9/6/2020 9:30,17.370319,-8.35201,9.018309
9/6/2020 10:00,17.640265,-8.51292,9.127345
9/6/2020 10:30,19.5996035,-10.3098,9.2898035
9/6/2020 11:00,19.286146,-9.87597,9.410176
9/6/2020 11:30,20.135113,-10.6098,9.525313
9/6/2020 12:00,19.65137,-10.082,9.56937
9/6/2020 12:30,20.904912,-11.2424,9.662512
9/6/2020 13:00,20.902585,-11.1694,9.733185
9/6/2020 13:30,19.871135,-10.1786,9.692535
9/6/2020 14:00,22.138044,-12.2486,9.889444
9/6/2020 14:30,20.248679,-10.5107,9.737979
9/6/2020 15:00,19.818885,-10.1305,9.688385
9/6/2020 15:30,19.899479,-10.1599,9.739579
9/6/2020 16:00,20.164563,-10.487,9.677563
9/6/2020 16:30,18.915473,-9.26477,9.650703
9/6/2020 17:00,18.83127,-9.23623,9.59504
9/6/2020 17:30,16.115499,-6.61139,9.504109
9/6/2020 18:00,12.705204,-3.33125,9.373954
9/6/2020 18:30,12.02996,-2.87458,9.15538
9/6/2020 19:00,5.657233,3.21239,8.869623
9/6/2020 19:30,-0.249294,8.78308,8.533786
9/6/2020 20:00,-1.353841,9.453,8.099159
9/6/2020 20:30,-1.542985,9.45681,7.913825
9/6/2020 21:00,-1.776416,9.44866,7.672244
9/6/2020 21:30,-2.1216805,9.47416,7.3524795
9/6/2020 22:00,-2.216121,9.47488,7.258759
9/6/2020 22:30,-2.20067,9.44467,7.244
9/6/2020 23:00,-2.254132,9.41378,7.159648
9/6/2020 23:30,-2.312552,9.41378,7.101228
9/7/2020 0:00,-2.48341,9.41378,6.93037
9/7/2020 0:30,-2.4438846,9.34355,6.8996654
9/7/2020 1:00,-2.573494,9.34355,6.770056
9/7/2020 1:30,-2.559893,9.34355,6.783657
9/7/2020 2:00,-2.310168,9.34355,7.033382
9/7/2020 2:30,-2.023582,9.34355,7.319968
9/7/2020 3:00,-1.9885934,9.34355,7.3549566
9/7/2020 3:30,-2.258056,9.34355,7.085494
9/7/2020 4:00,-2.322304,9.34355,7.021246
9/7/2020 4:30,-2.225922,9.34355,7.117628
9/7/2020 5:00,-2.0326086,9.26363,7.2310214
9/7/2020 5:30,-1.940166,9.24019,7.300024
9/7/2020 6:00,-1.9410125,9.14667,7.2056575
9/7/2020 6:30,-1.875253,9.07604,7.200787
9/7/2020 7:00,-1.541593,8.87128,7.329687
9/7/2020 7:30,1.784115,5.51783,7.301945
9/7/2020 8:00,8.501454,-0.730073,7.771381
9/7/2020 8:30,12.815906,-4.43148,8.384426
9/7/2020 9:00,15.25301,-6.44076,8.81225
9/7/2020 9:30,16.261906,-7.20219,9.059716
9/7/2020 10:00,17.55844,-8.27458,9.28386
9/7/2020 10:30,18.336374,-8.93898,9.397394
9/7/2020 11:00,18.899839,-9.38116,9.518679
9/7/2020 11:30,19.333333,-9.69118,9.642153
9/7/2020 12:00,18.992989,-9.38116,9.611829
9/7/2020 12:30,17.886387,-8.25885,9.627537
9/7/2020 13:00,18.7782,-9.13561,9.64259
9/7/2020 13:30,19.792876,-9.876,9.916876
9/7/2020 14:00,19.475864,-9.48003,9.995834
9/7/2020 14:30,18.021414,-8.08759,9.933824
9/7/2020 15:00,16.325311,-6.41304,9.912271
9/7/2020 15:30,18.783013,-8.89671,9.886303
9/7/2020 16:00,18.869951,-8.88659,9.983361
9/7/2020 16:30,16.295213,-6.60053,9.694683
9/7/2020 17:00,14.972882,-5.34191,9.630972
9/7/2020 17:30,14.519254,-4.97712,9.542134
9/7/2020 18:00,11.710865,-2.34858,9.362285
9/7/2020 18:30,9.0609,0.209715,9.270615
9/7/2020 19:00,-0.3472845,9.4528,9.1055155
9/7/2020 19:30,-1.982834,10.909,8.926166
9/7/2020 20:00,2.433948,6.32415,8.758098
9/7/2020 20:30,-0.424,9.0437,8.6197
9/7/2020 21:00,-0.694736,9.08462,8.389884
9/7/2020 21:30,-0.992817,9.11828,8.125463
9/7/2020 22:00,-0.943719,9.11828,8.174561
9/7/2020 22:30,-1.046645,9.14278,8.096135
9/7/2020 23:00,-1.017209,9.19039,8.173181
9/7/2020 23:30,0.936231,7.38628,8.322511
9/8/2020 0:00,-0.992694,9.17743,8.184736
9/8/2020 0:30,-1.114208,9.22249,8.108282
9/8/2020 1:00,-1.131175,9.22249,8.091315
9/8/2020 1:30,-0.992823,9.20717,8.214347
9/8/2020 2:00,-1.13775,9.23741,8.09966
9/8/2020 2:30,-1.209367,9.23741,8.028043
9/8/2020 3:00,-1.4304494,9.23741,7.8069606
9/8/2020 3:30,-1.392561,9.23741,7.844849
9/8/2020 4:00,-1.3745193,9.23741,7.8628907
9/8/2020 4:30,-1.36469,9.23741,7.87272
9/8/2020 5:00,-1.3140024,9.23741,7.9234076
9/8/2020 5:30,-1.210619,9.23741,8.026791
9/8/2020 6:00,-3.637519,11.9936,8.356081
9/8/2020 6:30,-2.029534,10.5345,8.504966
9/8/2020 7:00,-2.071672,10.6877,8.616028
9/8/2020 7:30,0.904354,7.90787,8.812224
9/8/2020 8:00,8.518153,0.42665,8.944803
9/8/2020 8:30,6.79433,2.32672,9.12105
9/8/2020 9:00,14.913742,-5.47352,9.440222
9/8/2020 9:30,16.159351,-6.46715,9.692201
9/8/2020 10:00,14.652529,-4.90954,9.742989
9/8/2020 10:30,15.385606,-5.47352,9.912086
9/8/2020 11:00,23.050907,-12.8533,10.197607
9/8/2020 11:30,19.066116,-8.96013,10.105986
9/8/2020 12:00,17.7554715,-7.73294,10.0225315
9/8/2020 12:30,16.379989,-6.45066,9.929329
9/8/2020 13:00,14.812214,-5.02417,9.788044
9/8/2020 13:30,5.527857,3.49171,9.019567
9/8/2020 14:00,4.790563,4.16417,8.954733
9/8/2020 14:30,5.425131,3.61424,9.039371
9/8/2020 15:00,11.798203,-2.71379,9.084413
9/8/2020 15:30,12.03277,-2.83428,9.19849
9/8/2020 16:00,12.194233,-2.88093,9.313303
9/8/2020 16:30,8.268213,1.07202,9.340233
9/8/2020 17:00,6.656162,2.68557,9.341732
9/8/2020 17:30,6.575617,2.71986,9.295477
9/8/2020 18:00,5.456157,3.76298,9.219137
9/8/2020 18:30,4.306936,4.89628,9.203216
9/8/2020 19:00,2.638005,6.52283,9.160835
9/8/2020 19:30,0.35883,8.75391,9.11274
9/8/2020 20:00,0.980977,8.07363,9.054607
9/8/2020 20:30,0.137537,8.8323,8.969837
9/8/2020 21:00,1.302893,7.55563,8.858523
9/8/2020 21:30,-1.5726735,10.4328,8.8601265
9/8/2020 22:00,-1.577669,10.4328,8.855131
9/8/2020 22:30,-1.421324,10.304,8.882676
9/8/2020 23:00,-0.493534,9.37463,8.881096
9/8/2020 23:30,-1.42198,10.304,8.88202
9/9/2020 0:00,-1.567166,10.4328,8.865634
9/9/2020 0:30,-1.400778,10.304,8.903222
9/9/2020 1:00,-1.211018,10.178,8.966982
9/9/2020 1:30,-1.166847,10.178,9.011153
9/9/2020 2:00,-1.163621,10.178,9.014379
9/9/2020 2:30,-1.15243,10.178,9.02557
9/9/2020 3:00,-1.148974,10.178,9.029026
9/9/2020 3:30,-1.1396,10.178,9.0384
9/9/2020 4:00,-1.136366,10.178,9.041634
9/9/2020 4:30,-1.126306,10.178,9.051694
9/9/2020 5:00,-1.100304,10.178,9.077696
9/9/2020 5:30,-1.072936,10.178,9.105064
9/9/2020 6:00,-1.014176,10.178,9.163824
9/9/2020 6:30,-1.008191,10.178,9.169809
9/9/2020 7:00,3.869369,5.25955,9.128919
9/9/2020 7:30,-0.699789,9.81328,9.113491
9/9/2020 8:00,4.199045,5.02809,9.227135
9/9/2020 8:30,12.860698,-3.44068,9.420018
9/9/2020 9:00,7.179847,2.26207,9.441917
9/9/2020 9:30,11.760649,-2.25175,9.508899
9/9/2020 10:00,10.98994,-1.39375,9.59619
9/9/2020 10:30,12.123473,-2.40037,9.723103
9/9/2020 11:00,16.491639,-6.70968,9.781959
9/9/2020 11:30,14.469379,-4.69463,9.774749
9/9/2020 12:00,12.407801,-2.88452,9.523281
9/9/2020 12:30,13.708436,-4.08306,9.625376
9/9/2020 13:00,10.557469,-0.96814,9.589329
9/9/2020 13:30,15.156094,-5.42178,9.734314
9/9/2020 14:00,16.650489,-6.96232,9.688169
9/9/2020 14:30,13.636777,-4.00705,9.629727
9/9/2020 15:00,13.692095,-4.05947,9.632625
9/9/2020 15:30,13.390565,-3.7564,9.634165
9/9/2020 16:00,13.574977,-4.12663,9.448347
9/9/2020 16:30,16.218293,-6.61848,9.599813
9/9/2020 17:00,15.581085,-5.85438,9.726705
9/9/2020 17:30,14.10652,-4.40204,9.70448
9/9/2020 18:00,13.859322,-4.14513,9.714192
9/9/2020 18:30,7.86002,1.73637,9.59639
9/9/2020 19:00,-0.255863,9.69995,9.444087
9/9/2020 19:30,2.584431,6.76738,9.351811
9/9/2020 20:00,6.22827,3.07817,9.30644
9/9/2020 20:30,2.132106,7.12181,9.253916
9/9/2020 21:00,0.466736,8.74649,9.213226
9/9/2020 21:30,4.535694,4.6375,9.173194
9/9/2020 22:00,0.912764,8.23688,9.149644
9/9/2020 22:30,-1.083143,10.178,9.094857
9/9/2020 23:00,-1.072526,10.178,9.105474
9/9/2020 23:30,1.725335,7.37101,9.096345
9/10/2020 0:00,2.481918,6.66568,9.147598
9/10/2020 0:30,1.939141,7.24363,9.182771
9/10/2020 1:00,-0.130267,9.3482,9.217933
9/10/2020 1:30,3.25662,6.05786,9.31448
9/10/2020 2:00,0.307768,9.06585,9.373618
9/10/2020 2:30,0.7477975,8.65451,9.4023075
9/10/2020 3:00,4.4838305,4.8989,9.3827305
9/10/2020 3:30,0.4749605,8.8323,9.3072605
9/10/2020 4:00,0.958752,8.23688,9.195632
9/10/2020 4:30,-1.002973,10.178,9.175027
9/10/2020 5:00,-1.107652,10.2439,9.136248
9/10/2020 5:30,-1.140201,10.2926,9.152399
9/10/2020 6:00,-1.189028,10.304,9.114972
9/10/2020 6:30,-1.313174,10.4328,9.119626
9/10/2020 7:00,-3.158414,12.3634,9.204986
9/10/2020 7:30,-2.163667,11.4103,9.246633
9/10/2020 8:00,3.72915,5.652,9.38115
9/10/2020 8:30,8.227705,1.16362,9.391325
9/10/2020 9:00,5.116797,4.3589,9.475697
9/10/2020 9:30,5.353966,4.22679,9.580756
9/10/2020 10:00,3.589028,6.06902,9.658048
9/10/2020 10:30,3.869608,5.82142,9.691028
9/10/2020 11:00,6.72124,2.97152,9.69276
9/10/2020 11:30,6.65206,2.93398,9.58604
9/10/2020 12:00,7.553664,2.003,9.556664
9/10/2020 12:30,13.161976,-3.49117,9.670806
9/10/2020 13:00,7.0279,2.62226,9.65016
9/10/2020 13:30,7.565678,2.003,9.568678
9/10/2020 14:00,8.138632,1.37522,9.513852
9/10/2020 14:30,8.430582,1.0623,9.492882
9/10/2020 15:00,11.679574,-2.1062,9.573374
9/10/2020 15:30,11.144345,-1.52578,9.618565
9/10/2020 16:00,9.5653285,0.0814885,9.646817
9/10/2020 16:30,10.503329,-0.780526,9.722803
9/10/2020 17:00,11.144788,-1.41203,9.732758
9/10/2020 17:30,10.531462,-0.780526,9.750936
9/10/2020 18:00,5.09313,4.68328,9.77641
9/10/2020 18:30,0.940259,8.78926,9.729519
9/10/2020 19:00,3.483696,6.16113,9.644826
9/10/2020 19:30,-0.556994,10.0922,9.535206
9/10/2020 20:00,1.374434,8.0702,9.444634
9/10/2020 20:30,-3.853693,13.2207,9.367007
9/10/2020 21:00,-6.85603,16.1803,9.32427
9/10/2020 21:30,-3.536895,12.8693,9.332405
9/10/2020 22:00,-3.848159,13.1417,9.293541
9/10/2020 22:30,-10.656147,19.938,9.281853
9/10/2020 23:00,-3.51059,12.8499,9.33931
9/10/2020 23:30,-1.754192,11.0892,9.335008
9/11/2020 0:00,-5.426636,14.7578,9.331164
9/11/2020 0:30,2.088326,7.26807,9.356396
9/11/2020 1:00,0.843022,8.49385,9.336872
9/11/2020 1:30,-3.96375,13.3164,9.35265
9/11/2020 2:00,-3.9468035,13.3164,9.3695965
9/11/2020 2:30,-3.919186,13.3164,9.397214
9/11/2020 3:00,-3.889696,13.3164,9.426704
9/11/2020 3:30,-4.072143,13.5337,9.461557
9/11/2020 4:00,-3.863522,13.3238,9.460278
9/11/2020 4:30,-3.773948,13.2501,9.476152
9/11/2020 5:00,-3.768513,13.2501,9.481587
9/11/2020 5:30,-3.784948,13.2501,9.465152
9/11/2020 6:00,-3.772563,13.2501,9.477537
9/11/2020 6:30,-3.802139,13.2501,9.447961
9/11/2020 7:00,-3.645165,13.1097,9.464535
9/11/2020 7:30,-5.604054,15.1342,9.530146
9/11/2020 8:00,4.105963,5.57054,9.676503
9/11/2020 8:30,6.270497,3.57415,9.844647
9/11/2020 9:00,9.46751,0.43589,9.9034
9/11/2020 9:30,13.98341,-3.95497,10.02844
9/11/2020 10:00,14.494645,-4.45802,10.036625
9/11/2020 10:30,15.245986,-4.95558,10.290406
9/11/2020 11:00,16.066156,-5.65322,10.412936
9/11/2020 11:30,16.825709,-5.99713,10.828579
9/11/2020 12:00,22.419935,-11.6206,10.799335
9/11/2020 12:30,19.026078,-8.12761,10.898468
9/11/2020 13:00,23.0953,-12.0677,11.0276
9/11/2020 13:30,23.203952,-12.0677,11.136252
9/11/2020 14:00,23.260669,-12.0677,11.192969
9/11/2020 14:30,18.544311,-7.58043,10.963881
9/11/2020 15:00,14.706467,-3.90702,10.799447
9/11/2020 15:30,12.791987,-2.08505,10.706937
9/11/2020 16:00,6.720763,3.52731,10.248073
9/11/2020 16:30,14.2065235,-4.01926,10.1872635
9/11/2020 17:00,15.855932,-5.58758,10.268352
9/11/2020 17:30,12.790553,-2.45118,10.339373
9/11/2020 18:00,10.2873545,0.0814885,10.368843
9/11/2020 18:30,6.689832,3.60754,10.297372
9/11/2020 19:00,2.346381,7.04886,9.395241
9/11/2020 19:30,-3.797246,13.1097,9.312454
9/11/2020 20:00,-3.952173,13.2501,9.297927
9/11/2020 20:30,-3.941957,13.2501,9.308143
9/11/2020 21:00,-3.888169,13.2501,9.361931
9/11/2020 21:30,-3.956719,13.2501,9.293381
9/11/2020 22:00,-3.868853,13.2501,9.381247
9/11/2020 22:30,-3.836397,13.2501,9.413703
9/11/2020 23:00,-3.74553,13.2501,9.50457
9/11/2020 23:30,-3.730824,13.2501,9.519276
9/12/2020 0:00,-3.686172,13.2501,9.563928
9/12/2020 0:30,-3.655239,13.2501,9.594861
9/12/2020 1:00,-3.688595,13.2501,9.561505
9/12/2020 1:30,-3.71962,13.2501,9.53048
9/12/2020 2:00,-3.745155,13.2501,9.504945
9/12/2020 2:30,-3.736779,13.2501,9.513321
9/12/2020 3:00,-3.656499,13.2501,9.593601
9/12/2020 3:30,-3.665057,13.2501,9.585043
9/12/2020 4:00,-3.676583,13.2501,9.573517
9/12/2020 4:30,-8.792681,18.3198,9.527119
9/12/2020 5:00,-3.78441,13.2501,9.46569
9/12/2020 5:30,-3.793715,13.2501,9.456385
9/12/2020 6:00,-3.820417,13.2501,9.429683
9/12/2020 6:30,-3.889864,13.2501,9.360236
9/12/2020 7:00,-4.399189,13.7352,9.336011
9/12/2020 7:30,2.89303,6.3973,9.29033
9/12/2020 8:00,-0.75732,10.0341,9.27678
9/12/2020 8:30,6.17185,3.12411,9.29596
9/12/2020 9:00,5.800094,3.59395,9.394044
9/12/2020 9:30,13.4090475,-3.90702,9.5020275
9/12/2020 10:00,10.281873,-0.723046,9.558827
9/12/2020 10:30,10.665065,-0.988804,9.676261
9/12/2020 11:00,16.309048,-6.46371,9.845338
9/12/2020 11:30,11.872658,-2.06602,9.806638
9/12/2020 12:00,16.776296,-6.74178,10.034516
9/12/2020 12:30,17.731663,-7.58043,10.151233
9/12/2020 13:00,20.91021,-10.6712,10.23901
9/12/2020 13:30,23.833301,-13.4641,10.369201
9/12/2020 14:00,22.531084,-12.0677,10.463384
9/12/2020 14:30,21.24419,-10.8171,10.42709
9/12/2020 15:00,19.317891,-8.81585,10.502041
9/12/2020 15:30,21.531386,-11.0777,10.453686
9/12/2020 16:00,19.726267,-9.38607,10.340197
9/12/2020 16:30,16.629433,-6.33852,10.290913
9/12/2020 17:00,21.332269,-11.0777,10.254569
9/12/2020 17:30,14.841926,-4.76183,10.080096
9/12/2020 18:00,12.170616,-2.26334,9.907276
9/12/2020 18:30,3.382642,6.34876,9.731402
9/12/2020 19:00,-0.096668,9.69374,9.597072
9/12/2020 19:30,-0.722839,10.1298,9.406961
9/12/2020 20:00,-1.074272,10.3629,9.288628
9/12/2020 20:30,-1.140004,10.3629,9.222896
9/12/2020 21:00,-1.189983,10.3629,9.172917
9/12/2020 21:30,-1.197836,10.3629,9.165064
9/12/2020 22:00,1.214507,7.85221,9.066717
9/12/2020 22:30,-1.434434,10.3629,8.928466
9/12/2020 23:00,-1.444631,10.3629,8.918269
9/12/2020 23:30,-10.560581,19.4765,8.915919
9/13/2020 0:00,-1.419787,10.3629,8.943113
9/13/2020 0:30,-1.506041,10.3629,8.856859
9/13/2020 1:00,-1.50313,10.3629,8.85977
9/13/2020 1:30,1.70031,7.16595,8.86626
9/13/2020 2:00,2.330927,6.62825,8.959177
9/13/2020 2:30,2.404487,6.62825,9.032737
9/13/2020 3:00,-6.492584,15.6754,9.182816
9/13/2020 3:30,-9.056242,18.3902,9.333958
9/13/2020 4:00,-7.398749,16.8688,9.470051
9/13/2020 4:30,-5.826605,15.3547,9.528095
9/13/2020 5:00,-5.503936,15.0863,9.582364
9/13/2020 5:30,-4.05792,13.7352,9.67728
9/13/2020 6:00,-4.035209,13.7352,9.699991
9/13/2020 6:30,-3.729686,13.4657,9.736014
9/13/2020 7:00,-3.825179,13.5645,9.739321
9/13/2020 7:30,-5.353534,15.186,9.832466
9/13/2020 8:00,5.903628,4.0297,9.933328
9/13/2020 8:30,11.034091,-0.937797,10.096294
9/13/2020 9:00,10.894033,-0.66162,10.232413
9/13/2020 9:30,12.10655,-1.74187,10.36468
9/13/2020 10:00,12.318028,-1.77634,10.541688
9/13/2020 10:30,18.0796555,-7.38144,10.6982155
9/13/2020 11:00,18.82777,-7.97898,10.84879
9/13/2020 11:30,20.737112,-9.76142,10.975692
9/13/2020 12:00,22.713344,-11.5269,11.186444
9/13/2020 12:30,20.238424,-8.73379,11.504634
9/13/2020 13:00,21.157857,-9.4252,11.732657
9/13/2020 13:30,21.797338,-10.0374,11.759938
9/13/2020 14:00,21.790813,-10.0374,11.753413
9/13/2020 14:30,21.746863,-9.72053,12.026333
9/13/2020 15:00,16.026578,-4.03099,11.995588
9/13/2020 15:30,24.9388375,-13.0074,11.9314375
9/13/2020 16:00,16.448648,-4.5076,11.941048
9/13/2020 16:30,17.432552,-5.55018,11.882372
9/13/2020 17:00,21.299889,-9.56211,11.737779
9/13/2020 17:30,18.687438,-7.23376,11.453678
9/13/2020 18:00,13.077876,-1.7652,11.312676
9/13/2020 18:30,9.728329,1.4396,11.167929
9/13/2020 19:00,1.819018,9.17855,10.997568
9/13/2020 19:30,0.611993,10.2283,10.840293
9/13/2020 20:00,0.157145,10.5629,10.720045
9/13/2020 20:30,2.607109,8.08523,10.692339
9/13/2020 21:00,0.103218,10.5629,10.666118
9/13/2020 21:30,0.080037,10.5629,10.642937
9/13/2020 22:00,0.038314,10.5629,10.601214
9/13/2020 22:30,0.385986,10.201,10.586986
9/13/2020 23:00,0.029622,10.5629,10.592522
9/13/2020 23:30,0.004353,10.5629,10.567253
9/14/2020 0:00,-0.019404,10.5629,10.543496
9/14/2020 0:30,-0.081963,10.5629,10.480937
9/14/2020 1:00,-0.082597,10.5629,10.480303
9/14/2020 1:30,-0.061209,10.5629,10.501691
9/14/2020 2:00,-0.028261,10.5629,10.534639
9/14/2020 2:30,0.039207,10.4583,10.497507
9/14/2020 3:00,-0.024332,10.4583,10.433968
9/14/2020 3:30,2.550767,7.72899,10.279757
9/14/2020 4:00,2.488565,7.83016,10.318725
9/14/2020 4:30,3.77379,6.64601,10.4198
9/14/2020 5:00,1.186024,9.28764,10.473664
9/14/2020 5:30,0.428289,9.98908,10.417369
9/14/2020 6:00,0.791658,9.57642,10.368078
9/14/2020 6:30,-0.345932,10.7033,10.357368
9/14/2020 7:00,-2.811412,13.1097,10.298288
9/14/2020 7:30,1.669244,8.61529,10.284534
9/14/2020 8:00,5.825916,4.52889,10.354806
9/14/2020 8:30,14.268687,-3.67334,10.595347
9/14/2020 9:00,18.713646,-7.81361,10.900036
9/14/2020 9:30,20.291003,-9.16223,11.128773
9/14/2020 10:00,23.164469,-11.7294,11.435069
9/14/2020 10:30,20.936231,-9.32594,11.610291
9/14/2020 11:00,20.851215,-9.16219,11.689025
9/14/2020 11:30,21.323563,-9.55867,11.764893
9/14/2020 12:00,24.955062,-13.0074,11.947662
9/14/2020 12:30,22.9092505,-10.9907,11.9185505
9/14/2020 13:00,19.698569,-8.03436,11.664209
9/14/2020 13:30,20.040637,-8.22152,11.819117
9/14/2020 14:00,17.646626,-5.97694,11.669686
9/14/2020 14:30,24.944644,-13.0074,11.937244
9/14/2020 15:00,22.35449,-10.3125,12.04199
9/14/2020 15:30,19.660577,-7.86694,11.793637
9/14/2020 16:00,14.415698,-2.77304,11.642658
9/14/2020 16:30,9.207861,1.776,10.983861
9/14/2020 17:00,7.498556,3.27453,10.773086
9/14/2020 17:30,9.182126,1.776,10.958126
9/14/2020 18:00,5.023326,5.89031,10.913636
9/14/2020 18:30,1.636085,9.17855,10.814635
9/14/2020 19:00,0.506013,10.2171,10.723113
9/14/2020 19:30,0.230567,10.4286,10.659167
9/14/2020 20:00,0.073794,10.5272,10.600994
9/14/2020 20:30,0.044742,10.5272,10.571942
9/14/2020 21:00,0.006937,10.5272,10.534137
9/14/2020 21:30,-0.116682,10.5272,10.410518
9/14/2020 22:00,-0.150727,10.5272,10.376473
9/14/2020 22:30,-0.187031,10.5272,10.340169
9/14/2020 23:00,-0.218229,10.4044,10.186171
9/14/2020 23:30,-0.560598,10.4044,9.843802
9/15/2020 0:00,-0.73702,10.4044,9.66738
9/15/2020 0:30,-0.819615,10.4044,9.584785
9/15/2020 1:00,-0.885017,10.4044,9.519383
9/15/2020 1:30,-0.897457,10.4044,9.506943
9/15/2020 2:00,-0.859296,10.4044,9.545104
9/15/2020 2:30,-0.911655,10.4044,9.492745
9/15/2020 3:00,-1.008224,10.4044,9.396176
9/15/2020 3:30,-1.028363,10.4044,9.376037
9/15/2020 4:00,-1.030777,10.4044,9.373623
9/15/2020 4:30,-1.017344,10.4044,9.387056
9/15/2020 5:00,-1.046766,10.4044,9.357634
9/15/2020 5:30,-1.012461,10.4044,9.391939
9/15/2020 6:00,-1.037768,10.4044,9.366632
9/15/2020 6:30,-1.061735,10.4044,9.342665
9/15/2020 7:00,-1.018041,10.3755,9.357459
9/15/2020 7:30,0.160142,9.27697,9.437112
9/15/2020 8:00,8.591542,1.10463,9.696172
9/15/2020 8:30,11.503662,-1.45823,10.045432
9/15/2020 9:00,18.411604,-8.12058,10.291024
9/15/2020 9:30,21.214841,-10.7526,10.462241
9/15/2020 10:00,20.010398,-9.32594,10.684458
9/15/2020 10:30,21.259697,-10.4186,10.841097
9/15/2020 11:00,21.541436,-10.5814,10.960036
9/15/2020 11:30,21.307997,-10.3542,10.953797
9/15/2020 12:00,22.450027,-11.3614,11.088627
9/15/2020 12:30,23.527832,-12.3448,11.183032
9/15/2020 13:00,22.129034,-11.0236,11.105434
9/15/2020 13:30,22.02906,-10.8338,11.19526
9/15/2020 14:00,22.746219,-11.4988,11.247419
9/15/2020 14:30,22.481456,-11.1447,11.336756
9/15/2020 15:00,21.374375,-10.0747,11.299675
9/15/2020 15:30,21.749248,-10.5585,11.190748
9/15/2020 16:00,20.179753,-9.0551,11.124653
9/15/2020 16:30,19.387537,-8.30766,11.079877
9/15/2020 17:00,20.784903,-9.64767,11.137233
9/15/2020 17:30,19.170416,-8.14827,11.022146
9/15/2020 18:00,13.778949,-2.87563,10.903319
9/15/2020 18:30,11.7179175,-1.10775,10.6101675
9/15/2020 19:00,1.605143,8.67928,10.284423
9/15/2020 19:30,6.572567,3.31526,9.887827
9/15/2020 20:00,-0.939741,10.4981,9.558359
9/15/2020 20:30,4.452536,4.90282,9.355356
9/15/2020 21:00,-1.23563,10.4981,9.26247
9/15/2020 21:30,-1.352742,10.4981,9.145358
9/15/2020 22:00,-1.47268,10.4981,9.02542
9/15/2020 22:30,-1.572479,10.4981,8.925621
9/15/2020 23:00,-1.757871,10.5175,8.759629
9/15/2020 23:30,-1.713902,10.5175,8.803598
9/16/2020 0:00,-1.752359,10.5175,8.765141
9/16/2020 0:30,-1.844683,10.5175,8.672817
9/16/2020 1:00,-1.867495,10.5175,8.650005
9/16/2020 1:30,-2.004425,10.5175,8.513075
9/16/2020 2:00,-2.162008,10.5175,8.355492
9/16/2020 2:30,-1.8914605,10.5175,8.6260395
9/16/2020 3:00,-1.638078,10.5175,8.879422
9/16/2020 3:30,-1.535173,10.5175,8.982327
9/16/2020 4:00,-1.712614,10.5175,8.804886
9/16/2020 4:30,-1.808441,10.5175,8.709059
9/16/2020 5:00,-1.720508,10.5175,8.796992
9/16/2020 5:30,-1.791297,10.5175,8.726203
9/16/2020 6:00,-1.904828,10.5175,8.612672
9/16/2020 6:30,-1.768328,10.5175,8.749172
9/16/2020 7:00,-1.707259,10.5754,8.868141
9/16/2020 7:30,-2.681981,11.7768,9.094819
9/16/2020 8:00,5.587537,4.05605,9.643587
9/16/2020 8:30,12.334881,-2.31208,10.022801
9/16/2020 9:00,12.005531,-1.61982,10.385711
9/16/2020 9:30,19.409939,-8.51804,10.891899
9/16/2020 10:00,21.271036,-9.99651,11.274526
9/16/2020 10:30,21.859247,-10.3612,11.498047
9/16/2020 11:00,21.74543,-10.0556,11.68983
9/16/2020 11:30,25.187718,-13.1615,12.026218
9/16/2020 12:00,21.369807,-9.33236,12.037447
9/16/2020 12:30,20.942807,-8.86049,12.082317
9/16/2020 13:00,27.457367,-15.3969,12.060467
9/16/2020 13:30,27.163964,-14.973,12.190964
9/16/2020 14:00,23.956142,-11.602,12.354142
9/16/2020 14:30,20.294107,-8.19364,12.100467
9/16/2020 15:00,25.219607,-12.8503,12.369307
9/16/2020 15:30,25.670722,-13.2723,12.398422
9/16/2020 16:00,20.623292,-8.55329,12.070002
9/16/2020 16:30,20.765873,-8.58513,12.180743
9/16/2020 17:00,16.497047,-4.41811,12.078937
9/16/2020 17:30,17.6484115,-5.5669,12.0815115
9/16/2020 18:00,14.327296,-2.45071,11.876586
9/16/2020 18:30,7.470961,4.23449,11.705451
9/16/2020 19:00,0.189643,11.2434,11.433043
9/16/2020 19:30,5.763316,5.37725,11.140566
9/16/2020 20:00,0.045869,10.8166,10.862469
9/16/2020 20:30,-0.164588,10.885,10.720412
9/16/2020 21:00,-5.184806,15.7807,10.595894
9/16/2020 21:30,2.974597,7.67796,10.652557
9/16/2020 22:00,-0.4265555,11.0029,10.5763445
9/16/2020 22:30,-0.499103,11.0029,10.503797
9/16/2020 23:00,3.342288,7.14792,10.490208
9/16/2020 23:30,4.054939,6.43938,10.494319
9/17/2020 0:00,-0.663917,11.1591,10.495183
9/17/2020 0:30,-0.778996,11.2374,10.458404
9/17/2020 1:00,1.836922,8.60508,10.442002
9/17/2020 1:30,3.868179,6.64791,10.516089
9/17/2020 2:00,-0.874326,11.434,10.559674
9/17/2020 2:30,-0.981218,11.4945,10.513282
9/17/2020 3:00,-1.1049015,11.641,10.5360985
9/17/2020 3:30,-0.983318,11.641,10.657682
9/17/2020 4:00,2.948178,7.84518,10.793358
9/17/2020 4:30,3.521377,7.4078,10.929177
9/17/2020 5:00,5.207228,5.8109,11.018128
9/17/2020 5:30,3.636389,7.4309,11.067289
9/17/2020 6:00,-0.590536,11.73,11.139464
9/17/2020 6:30,-0.659821,11.641,10.981179
9/17/2020 7:00,4.583848,6.46449,11.048338
9/17/2020 7:30,4.682489,6.46449,11.146979
9/17/2020 8:00,6.896266,4.35544,11.251706
9/17/2020 8:30,7.727348,3.62708,11.354428
9/17/2020 9:00,7.783708,3.77274,11.556448
9/17/2020 9:30,13.0917105,-1.48249,11.6092205
9/17/2020 10:00,17.664515,-5.90897,11.755545
9/17/2020 10:30,18.453988,-6.49805,11.955938
9/17/2020 11:00,12.36979,-0.252231,12.117559
9/17/2020 11:30,14.806264,-2.4435,12.362764
9/17/2020 12:00,14.00799,-1.63261,12.37538
9/17/2020 12:30,16.052581,-3.7564,12.296181
9/17/2020 13:00,15.841016,-3.50576,12.335256
9/17/2020 13:30,16.467929,-4.08219,12.385739
9/17/2020 14:00,6.912276,4.92703,11.839306
9/17/2020 14:30,9.429897,2.30496,11.734857
9/17/2020 15:00,8.24062,3.50521,11.74583
9/17/2020 15:30,8.275666,3.56035,11.836016
9/17/2020 16:00,3.995945,7.82902,11.824965
9/17/2020 16:30,7.296039,4.63108,11.927119
9/17/2020 17:00,-2.644439,14.5645,11.920061
9/17/2020 17:30,-10.046137,21.8662,11.820063
9/17/2020 18:00,-24.602861,36.3962,11.793339
9/17/2020 18:30,-32.3993625,44.2079,11.8085375
9/17/2020 19:00,-3.769142,15.5822,11.813058
9/17/2020 19:30,-7.956064,19.7709,11.814836
9/17/2020 20:00,0.339668,11.5038,11.843468
9/17/2020 20:30,0.758434,11.088,11.846434
9/17/2020 21:00,-4.061368,15.9006,11.839232
9/17/2020 21:30,-4.187456,16.0601,11.872644
9/17/2020 22:00,-4.208395,16.0601,11.851705
9/17/2020 22:30,-4.027359,15.8447,11.817341
9/17/2020 23:00,-6.723097,18.5003,11.777203
9/17/2020 23:30,-1.115846,12.8505,11.734654
9/18/2020 0:00,-4.71088,16.4338,11.72292
9/18/2020 0:30,-5.331601,17.0885,11.756899
9/18/2020 1:00,-5.936963,17.7497,11.812737
9/18/2020 1:30,-5.886707,17.7497,11.862993
9/18/2020 2:00,-5.79952,17.7497,11.95018
9/18/2020 2:30,-5.75161,17.7497,11.99809
9/18/2020 3:00,-7.774374,19.8342,12.059826
9/18/2020 3:30,5.165352,7.02799,12.193342
9/18/2020 4:00,1.370519,10.9662,12.336719
9/18/2020 4:30,-5.401791,17.7497,12.347909
9/18/2020 5:00,1.869862,10.1413,12.011162
9/18/2020 5:30,3.383503,8.58621,11.969713
9/18/2020 6:00,4.170054,7.75309,11.923144
9/18/2020 6:30,-5.820857,17.7497,11.928843
9/18/2020 7:00,2.370669,9.28764,11.658309
9/18/2020 7:30,-7.116691,18.4472,11.330509
9/18/2020 8:00,-0.148222,11.4775,11.329278
9/18/2020 8:30,-1.083624,12.4332,11.349576
9/18/2020 9:00,-0.3749205,11.7917,11.4167795
9/18/2020 9:30,14.046448,-2.72543,11.321018
9/18/2020 10:00,14.945962,-3.50395,11.442012
9/18/2020 10:30,12.853636,-1.41899,11.434646
9/18/2020 11:00,16.255991,-4.73904,11.516951
9/18/2020 11:30,8.028404,3.36737,11.395774
9/18/2020 12:00,10.107315,1.11345,11.220765
9/18/2020 12:30,15.955561,-4.73904,11.216521
9/18/2020 13:00,13.78351,-2.55854,11.22497
9/18/2020 13:30,12.804293,-1.64426,11.160033
9/18/2020 14:00,15.24933,-4.17263,11.0767
9/18/2020 14:30,14.575267,-3.50395,11.071317
9/18/2020 15:00,-61.214989,72.3699,11.154911
9/18/2020 15:30,13.516796,-2.36551,11.151286
9/18/2020 16:00,14.424681,-3.31678,11.107901
9/18/2020 16:30,19.443374,-8.10597,11.337404
9/18/2020 17:00,16.392717,-4.89674,11.495977
9/18/2020 17:30,14.515002,-3.03393,11.481072
9/18/2020 18:00,8.702108,2.72092,11.423028
9/18/2020 18:30,8.025203,3.36737,11.392573
9/18/2020 19:00,-0.637616,11.8331,11.195484
9/18/2020 19:30,-0.949308,12.0235,11.074192
9/18/2020 20:00,-1.103649,12.1208,11.017151
9/18/2020 20:30,-1.173261,12.1208,10.947539
9/18/2020 21:00,3.398666,7.23074,10.629406
9/18/2020 21:30,-1.230634,11.8825,10.651866
9/18/2020 22:00,-1.132225,11.8825,10.750275
9/18/2020 22:30,-1.126415,11.8174,10.690985
9/18/2020 23:00,-1.151681,11.6699,10.518219
9/18/2020 23:30,-1.074881,11.6699,10.595019
9/19/2020 0:00,-1.117998,11.5908,10.472802
9/19/2020 0:30,2.574866,7.81147,10.386336
9/19/2020 1:00,2.544875,7.81147,10.356345
9/19/2020 1:30,2.498695,7.81147,10.310165
9/19/2020 2:00,-1.019175,11.264,10.244825
9/19/2020 2:30,-0.923292,11.1577,10.234408
9/19/2020 3:00,-0.910342,11.1577,10.247358
9/19/2020 3:30,-0.842507,11.101,10.258493
9/19/2020 4:00,-0.709986,11.0197,10.309714
9/19/2020 4:30,-0.466674,10.7752,10.308526
9/19/2020 5:00,-0.354807,10.6466,10.291793
9/19/2020 5:30,-0.364572,10.6032,10.238628
9/19/2020 6:00,-0.513939,10.6032,10.089261
9/19/2020 6:30,-0.631368,10.475,9.843632
9/19/2020 7:00,-0.732927,10.342,9.609073
9/19/2020 7:30,-3.785424,13.2758,9.490376
9/19/2020 8:00,6.796784,2.72092,9.517704
9/19/2020 8:30,10.445493,-0.932462,9.513031
9/19/2020 9:00,11.194386,-1.69769,9.496696
9/19/2020 9:30,13.298007,-3.76867,9.529337
9/19/2020 10:00,15.849085,-6.19498,9.654105
9/19/2020 10:30,15.570408,-5.84537,9.725038
9/19/2020 11:00,18.634838,-8.67231,9.962528
9/19/2020 11:30,21.280518,-11.0867,10.193818
9/19/2020 12:00,22.855071,-12.4134,10.441671
9/19/2020 12:30,26.019997,-15.5184,10.501597
9/19/2020 13:00,24.644368,-13.9066,10.737768
9/19/2020 13:30,24.447196,-13.5777,10.869496
9/19/2020 14:00,19.531208,-8.89057,10.640638
9/19/2020 14:30,21.018639,-10.509,10.509639
9/19/2020 15:00,24.753535,-14.2043,10.549235
9/19/2020 15:30,20.522007,-10.0969,10.425107
9/19/2020 16:00,20.257614,-9.96606,10.291554
9/19/2020 16:30,17.658219,-7.45385,10.204369
9/19/2020 17:00,13.215114,-3.1162,10.098914
9/19/2020 17:30,13.569759,-3.60223,9.967529
9/19/2020 18:00,6.749829,3.05769,9.807519
9/19/2020 18:30,-2.159716,11.7328,9.573084
9/19/2020 19:00,-0.658315,10.0452,9.386885
9/19/2020 19:30,-0.910939,10.1726,9.261661
9/19/2020 20:00,-1.082153,10.1726,9.090447
9/19/2020 20:30,-1.16108,10.1726,9.01152
9/19/2020 21:00,-1.271222,10.1726,8.901378
9/19/2020 21:30,-1.281844,10.1726,8.890756
9/19/2020 22:00,-1.247642,10.1726,8.924958
9/19/2020 22:30,-1.308663,10.1726,8.863937
9/19/2020 23:00,-1.381408,10.1726,8.791192
9/19/2020 23:30,-1.4108,10.1726,8.7618
9/20/2020 0:00,-1.40546,10.1726,8.76714
9/20/2020 0:30,-1.379841,10.1726,8.792759
9/20/2020 1:00,-1.463569,10.1726,8.709031
9/20/2020 1:30,-1.540162,10.1726,8.632438
9/20/2020 2:00,-1.565313,10.1726,8.607287
9/20/2020 2:30,-1.475138,10.1726,8.697462
9/20/2020 3:00,-1.45896,10.1726,8.71364
9/20/2020 3:30,-1.399718,10.1726,8.772882
9/20/2020 4:00,-1.379498,10.1726,8.793102
9/20/2020 4:30,-1.333839,10.1726,8.838761
9/20/2020 5:00,-1.315158,10.1726,8.857442
9/20/2020 5:30,-1.385114,10.1726,8.787486
9/20/2020 6:00,-1.639095,10.307,8.667905
9/20/2020 6:30,-1.644908,10.307,8.662092
9/20/2020 7:00,-1.530923,10.2751,8.744177
9/20/2020 7:30,-3.3461765,12.2062,8.8600235
9/20/2020 8:00,0.536636,8.48168,9.018316
9/20/2020 8:30,12.725324,-3.31266,9.412664
9/20/2020 9:00,18.799397,-8.96726,9.832137
9/20/2020 9:30,18.567937,-8.6723,9.895637
9/20/2020 10:00,20.997597,-10.797,10.200597
9/20/2020 10:30,20.503148,-10.2083,10.294848
9/20/2020 11:00,20.604809,-10.1882,10.416609
9/20/2020 11:30,21.458863,-11.0418,10.417063
9/20/2020 12:00,20.789397,-10.2898,10.499597
9/20/2020 12:30,21.178366,-10.6499,10.528466
9/20/2020 13:00,24.647887,-13.9045,10.743387
9/20/2020 13:30,24.272035,-13.4413,10.830735
9/20/2020 14:00,23.145586,-12.5133,10.632286
9/20/2020 14:30,21.946491,-11.2907,10.655791
9/20/2020 15:00,22.190966,-11.6404,10.550566
9/20/2020 15:30,17.350374,-7.06954,10.280834
9/20/2020 16:00,20.026125,-9.67879,10.347335
9/20/2020 16:30,19.771929,-9.49217,10.279759
9/20/2020 17:00,21.378032,-10.9588,10.419232
9/20/2020 17:30,15.297614,-5.09351,10.204104
9/20/2020 18:00,12.4616255,-2.54604,9.9155855
9/20/2020 18:30,12.527074,-2.77345,9.753624
9/20/2020 19:00,-2.909249,12.2463,9.337051
9/20/2020 19:30,-1.142971,10.177,9.034029
9/20/2020 20:00,-1.36971,10.307,8.93729
9/20/2020 20:30,-1.544488,10.3506,8.806112
9/20/2020 21:00,-1.537487,10.3506,8.813113
9/20/2020 21:30,-1.575342,10.3506,8.775258
9/20/2020 22:00,-1.659414,10.3506,8.691186
9/20/2020 22:30,-1.83156,10.3506,8.51904
9/20/2020 23:00,-2.05628,10.3506,8.29432
9/20/2020 23:30,-2.0771415,10.3506,8.2734585
9/21/2020 0:00,-2.144692,10.3506,8.205908
9/21/2020 0:30,-2.17523,10.3506,8.17537
9/21/2020 1:00,-2.240046,10.4825,8.242454
9/21/2020 1:30,-2.406341,10.491,8.084659
9/21/2020 2:00,3.688431,4.18102,7.869451
9/21/2020 2:30,-2.592648,10.3249,7.732252
9/21/2020 3:00,-2.5549963,10.3249,7.7699037
9/21/2020 3:30,-2.339511,10.2502,7.910689
9/21/2020 4:00,-2.402525,10.2502,7.847675
9/21/2020 4:30,-2.215438,10.2502,8.034762
9/21/2020 5:00,-2.0762765,10.2502,8.1739235
9/21/2020 5:30,-2.154182,10.255,8.100818
9/21/2020 6:00,-2.184224,10.2675,8.083276
9/21/2020 6:30,-2.072953,10.2593,8.186347
9/21/2020 7:00,-1.834886,10.2289,8.394014
9/21/2020 7:30,-1.635918,10.1615,8.525582
9/21/2020 8:00,4.103084,4.54739,8.650474
9/21/2020 8:30,6.210867,2.4499,8.660767
9/21/2020 9:00,10.799263,-1.98659,8.812673
9/21/2020 9:30,14.111462,-4.98182,9.129642
9/21/2020 10:00,11.38287,-2.03911,9.34376
9/21/2020 10:30,16.194896,-6.82547,9.369426
9/21/2020 11:00,18.612296,-9.10565,9.506646
9/21/2020 11:30,18.252123,-8.7448,9.507323
9/21/2020 12:00,17.27818,-7.78091,9.49727
9/21/2020 12:30,16.480653,-7.01289,9.467763
9/21/2020 13:00,19.244178,-9.54452,9.699658
9/21/2020 13:30,20.468975,-10.6791,9.789875
9/21/2020 14:00,20.586271,-10.7246,9.861671
9/21/2020 14:30,21.222966,-11.5664,9.656566
9/21/2020 15:00,20.188356,-10.3853,9.803056
9/21/2020 15:30,16.419879,-6.89393,9.525949
9/21/2020 16:00,18.603652,-8.93651,9.667142
9/21/2020 16:30,17.686404,-8.15953,9.526874
9/21/2020 17:00,15.02143,-5.52117,9.50026
9/21/2020 17:30,17.121412,-7.43959,9.681822
9/21/2020 18:00,11.398196,-2.08985,9.308346
9/21/2020 18:30,5.470198,3.72306,9.193258
9/21/2020 19:00,-1.389321,10.1615,8.772179
9/21/2020 19:30,-1.660058,10.151,8.490942
9/21/2020 20:00,-1.832112,10.1195,8.287388
9/21/2020 20:30,-1.798058,10.0287,8.230642
9/21/2020 21:00,-1.714392,9.9578,8.243408
9/21/2020 21:30,-1.9519127,9.92991,7.9779973
9/21/2020 22:00,-1.867519,9.84777,7.980251
9/21/2020 22:30,4.9228522,3.03421,7.9570622
9/21/2020 23:00,-2.0255675,9.7507,7.7251325
9/21/2020 23:30,-2.008014,9.73161,7.723596
9/22/2020 0:00,-1.570866,9.71909,8.148224
9/22/2020 0:30,-1.357446,9.6696,8.312154
9/22/2020 1:00,-1.509604,9.6696,8.159996
9/22/2020 1:30,-1.572695,9.6696,8.096905
9/22/2020 2:00,-1.702247,9.6696,7.967353
9/22/2020 2:30,-1.8318767,9.6696,7.8377233
9/22/2020 3:00,-2.084612,9.72321,7.638598
9/22/2020 3:30,-2.0791356,9.67265,7.5935144
9/22/2020 4:00,-2.10004,9.67265,7.57261
9/22/2020 4:30,-2.181078,9.69762,7.516542
9/22/2020 5:00,-2.203893,9.65061,7.446717
9/22/2020 5:30,-2.25951,9.6437,7.38419
9/22/2020 6:00,-2.1401594,9.57461,7.4344506
9/22/2020 6:30,-2.226395,9.59093,7.364535
9/22/2020 7:00,-2.0657584,9.52688,7.4611216
9/22/2020 7:30,-2.755626,10.1739,7.418274
9/22/2020 8:00,8.7807676,-1.03988,7.7408876
9/22/2020 8:30,10.592825,-2.543,8.049825
9/22/2020 9:00,17.081969,-8.7543,8.327669
9/22/2020 9:30,18.354159,-9.74371,8.610449
9/22/2020 10:00,19.731627,-10.8022,8.929427
9/22/2020 10:30,20.087622,-10.9633,9.124322
9/22/2020 11:00,21.086685,-11.8303,9.256385
9/22/2020 11:30,21.441384,-12.037,9.404384
9/22/2020 12:00,22.019936,-12.5452,9.474736
9/22/2020 12:30,22.411743,-12.8268,9.584943
9/22/2020 13:00,23.064595,-13.4003,9.664295
9/22/2020 13:30,23.121935,-13.4003,9.721635
9/22/2020 14:00,23.206173,-13.4003,9.805873
9/22/2020 14:30,20.116366,-10.2741,9.842266
9/22/2020 15:00,21.600077,-11.7057,9.894377
9/22/2020 15:30,22.007894,-12.0172,9.990694
9/22/2020 16:00,22.291162,-12.2391,10.052062
9/22/2020 16:30,20.986587,-10.9617,10.024887
9/22/2020 17:00,20.340016,-10.4245,9.915516
9/22/2020 17:30,14.045213,-4.229,9.816213
9/22/2020 18:00,13.297269,-3.69286,9.604409
9/22/2020 18:30,11.326826,-2.08985,9.236976
9/22/2020 19:00,-1.331394,9.93653,8.605136
9/22/2020 19:30,3.615082,4.17401,7.789092
9/22/2020 20:00,-2.6203063,9.86356,7.2432537
9/22/2020 20:30,-2.8043867,9.88793,7.0835433
9/22/2020 21:00,-2.8092846,9.85894,7.0496554
9/22/2020 21:30,-2.863978,9.85894,6.994962
9/22/2020 22:00,-3.3423907,9.87732,6.5349293
9/22/2020 22:30,-3.4875235,9.83537,6.3478465
9/22/2020 23:00,-3.670858,9.83537,6.164512
9/22/2020 23:30,-3.6261467,9.83115,6.2050033
9/23/2020 0:00,-3.6624062,9.88919,6.2267838
9/23/2020 0:30,-3.852151,9.88919,6.037039
9/23/2020 1:00,-3.576431,9.88919,6.312759
9/23/2020 1:30,-3.706206,9.88919,6.182984
9/23/2020 2:00,-3.7621887,9.88919,6.1270013
9/23/2020 2:30,-3.837685,9.88919,6.051505
9/23/2020 3:00,-4.0008104,9.88919,5.8883796
9/23/2020 3:30,-3.7278495,9.81319,6.0853405
9/23/2020 4:00,-3.636098,9.81319,6.177092
9/23/2020 4:30,-3.554651,9.81319,6.258539
9/23/2020 5:00,-3.4776926,9.81319,6.3354974
9/23/2020 5:30,-3.6783665,9.77716,6.0987935
9/23/2020 6:00,-3.971166,9.81569,5.844524
9/23/2020 6:30,-3.7715606,9.81569,6.0441294
9/23/2020 7:00,-3.5825733,9.70725,6.1246767
9/23/2020 7:30,-4.334858,10.2402,5.905342
9/23/2020 8:00,3.0459856,3.47392,6.5199056
9/23/2020 8:30,4.759054,2.02461,6.783664
9/23/2020 9:00,9.5780255,-2.32116,7.2568655
9/23/2020 9:30,10.9022753,-3.11925,7.7830253
9/23/2020 10:00,13.256081,-5.02785,8.228231
9/23/2020 10:30,18.749001,-10.0827,8.666301
9/23/2020 11:00,21.240767,-12.231,9.009767
9/23/2020 11:30,20.673348,-11.3626,9.310748
9/23/2020 12:00,24.373917,-14.4266,9.947317
9/23/2020 12:30,24.428775,-14.2552,10.173575
9/23/2020 13:00,29.3731825,-18.9233,10.4498825
9/23/2020 13:30,22.476389,-11.9956,10.480789
9/23/2020 14:00,20.428051,-10.1307,10.297351
9/23/2020 14:30,22.770581,-12.1724,10.598181
9/23/2020 15:00,23.588463,-12.7631,10.825363
9/23/2020 15:30,18.110295,-7.62106,10.489235
9/23/2020 16:00,13.307407,-3.11634,10.191067
9/23/2020 16:30,13.769085,-3.69486,10.074225
9/23/2020 17:00,16.726164,-6.47784,10.248324
9/23/2020 17:30,13.064407,-2.95319,10.111217
9/23/2020 18:00,11.882729,-2.0383,9.844429
9/23/2020 18:30,5.646975,4.00452,9.651495
9/23/2020 19:00,-0.289154,9.5934,9.304246
9/23/2020 19:30,-0.975429,9.80682,8.831391
9/23/2020 20:00,-1.320346,9.80682,8.486474
9/23/2020 20:30,-1.370403,9.80682,8.436417
9/23/2020 21:00,-1.31488,9.73307,8.41819
9/23/2020 21:30,-1.8657713,9.75876,7.8929887
9/23/2020 22:00,-2.163715,9.75876,7.595045
9/23/2020 22:30,-2.393149,9.75876,7.365611
9/23/2020 23:00,-2.280269,9.79181,7.511541
9/23/2020 23:30,-2.5509713,9.83479,7.2838187
9/24/2020 0:00,-2.8457587,9.83479,6.9890313
9/24/2020 0:30,-19.3913135,26.2451,6.8537865
9/24/2020 1:00,-19.3767404,26.2451,6.8683596
9/24/2020 1:30,-3.119855,9.8929,6.773045
9/24/2020 2:00,-19.3550067,26.2451,6.8900933
9/24/2020 2:30,-19.3797965,26.2451,6.8653035
9/24/2020 3:00,-19.3128915,26.2451,6.9322085
9/24/2020 3:30,-19.2578163,26.2451,6.9872837
9/24/2020 4:00,-18.99512,26.2451,7.24998
9/24/2020 4:30,-18.9338736,26.2451,7.3112264
9/24/2020 5:00,-18.8438334,26.2451,7.4012666
9/24/2020 5:30,-18.7428455,26.2451,7.5022545
9/24/2020 6:00,-18.617568,26.2451,7.627532
9/24/2020 6:30,-18.657495,26.2451,7.587605
9/24/2020 7:00,-18.667257,26.2451,7.577843
9/24/2020 7:30,-17.0392696,24.7759,7.7366304
9/24/2020 8:00,-2.778434,10.6682,7.889766
9/24/2020 8:30,4.05279,4.06183,8.11462
9/24/2020 9:00,5.89463,2.47215,8.36678
9/24/2020 9:30,7.40199,1.12855,8.53054
9/24/2020 10:00,13.515872,-4.61791,8.897962
9/24/2020 10:30,9.7239565,-0.578998,9.1449585
9/24/2020 11:00,17.056232,-7.82091,9.235322
9/24/2020 11:30,18.307059,-8.96218,9.344879
9/24/2020 12:00,23.508523,-13.8631,9.645423
9/24/2020 12:30,21.818547,-11.657,10.161547
9/24/2020 13:00,18.81073,-8.91962,9.89111
9/24/2020 13:30,14.711363,-5.10673,9.604633
9/24/2020 14:00,21.281287,-11.619,9.662287
9/24/2020 14:30,19.556317,-9.86983,9.686487
9/24/2020 15:00,17.8638,-8.15138,9.71242
9/24/2020 15:30,21.852968,-12.0062,9.846768
9/24/2020 16:00,18.421583,-8.50262,9.918963
9/24/2020 16:30,15.276307,-5.62982,9.646487
9/24/2020 17:00,12.4016965,-2.87161,9.5300865
9/24/2020 17:30,14.183891,-4.57923,9.604661
9/24/2020 18:00,13.659919,-4.09686,9.563059
9/24/2020 18:30,4.958769,4.44352,9.402289
9/24/2020 19:00,-0.216257,9.29616,9.079903
9/24/2020 19:30,-0.408619,9.32826,8.919641
9/24/2020 20:00,-0.47036,9.29627,8.82591
9/24/2020 20:30,0.441145,8.36555,8.806695
9/24/2020 21:00,-0.592827,9.27765,8.684823
9/24/2020 21:30,-0.816054,9.27631,8.460256
9/24/2020 22:00,-2.774476,11.151,8.376524
9/24/2020 22:30,-0.992756,9.28792,8.295164
9/24/2020 23:00,-6.12107,14.2669,8.14583
9/24/2020 23:30,-6.247691,14.2669,8.019209
9/25/2020 0:00,-2.514099,10.5238,8.009701
9/25/2020 0:30,-0.838685,9.06599,8.227305
9/25/2020 1:00,-0.843189,9.06599,8.222801
9/25/2020 1:30,-6.167896,14.2669,8.099004
9/25/2020 2:00,-3.909005,12.0706,8.161595
9/25/2020 2:30,-3.865165,12.0706,8.205435
9/25/2020 3:00,-3.002785,11.2456,8.242815
9/25/2020 3:30,-1.889393,10.1731,8.283707
9/25/2020 4:00,-11.774795,20.1748,8.400005
9/25/2020 4:30,-22.787499,31.1077,8.320201
9/25/2020 5:00,-3.912279,12.2396,8.327321
9/25/2020 5:30,-0.677712,8.9009,8.223188
9/25/2020 6:00,-3.008612,11.1985,8.189888
9/25/2020 6:30,-3.89821,12.0706,8.17239
9/25/2020 7:00,-3.086619,11.2456,8.158981
9/25/2020 7:30,-3.127209,11.2456,8.118391
9/25/2020 8:00,-3.10961,11.2456,8.13599
9/25/2020 8:30,-5.876374,14.0718,8.195426
9/25/2020 9:00,5.851014,2.5317,8.382714
9/25/2020 9:30,4.154353,4.44352,8.597873
9/25/2020 10:00,8.407438,0.288668,8.696106
9/25/2020 10:30,9.047627,-0.227548,8.820079
9/25/2020 11:00,10.11382,-1.16353,8.95029
9/25/2020 11:30,20.016483,-10.6646,9.351883
9/25/2020 12:00,18.630673,-9.08673,9.543943
9/25/2020 12:30,20.190518,-10.3981,9.792418
9/25/2020 13:00,21.242384,-11.2109,10.031484
9/25/2020 13:30,23.801674,-13.558,10.243674
9/25/2020 14:00,18.495218,-8.46407,10.031148
9/25/2020 14:30,17.962573,-8.06516,9.897413
9/25/2020 15:00,17.685234,-7.8511,9.834134
9/25/2020 15:30,17.941693,-8.15028,9.791413
9/25/2020 16:00,15.404854,-5.67493,9.729924
9/25/2020 16:30,8.143446,1.3947,9.538146
9/25/2020 17:00,5.44499,3.66384,9.10883
9/25/2020 17:30,6.426659,2.62496,9.051619
9/25/2020 18:00,5.388606,3.66384,9.052446
9/25/2020 18:30,4.0418735,4.9793,9.0211735
9/25/2020 19:00,0.167193,8.73092,8.898113
9/25/2020 19:30,-2.781068,11.5997,8.818632
9/25/2020 20:00,-0.028397,8.8017,8.773303
9/25/2020 20:30,1.172735,7.55503,8.727765
9/25/2020 21:00,5.217765,3.5391,8.756865
9/25/2020 21:30,1.239822,7.55503,8.794852
9/25/2020 22:00,-0.634233,9.47594,8.841707
9/25/2020 22:30,2.698473,6.21303,8.911503
9/25/2020 23:00,1.239243,7.71543,8.954673
9/25/2020 23:30,0.4225755,8.58359,9.0061655
9/26/2020 0:00,3.164545,5.87029,9.034835
9/26/2020 0:30,1.591814,7.50566,9.097474
9/26/2020 1:00,-0.669098,9.81234,9.143242
9/26/2020 1:30,3.716918,5.36395,9.080868
9/26/2020 2:00,2.384113,6.69519,9.079303
9/26/2020 2:30,1.22919,7.85224,9.08143
9/26/2020 3:00,0.448998,8.66018,9.109178
9/26/2020 3:30,1.739016,7.44591,9.184926
9/26/2020 4:00,1.947326,7.31305,9.260376
9/26/2020 4:30,4.407608,4.86254,9.270148
9/26/2020 5:00,0.607466,8.60776,9.215226
9/26/2020 5:30,-1.324979,10.5101,9.185121
9/26/2020 6:00,4.795606,4.44803,9.243636
9/26/2020 6:30,3.571016,5.68338,9.254396
9/26/2020 7:00,5.382611,3.84144,9.224051
9/26/2020 7:30,2.78774,6.47834,9.26608
9/26/2020 8:00,3.444516,5.92162,9.366136
9/26/2020 8:30,8.892002,0.580223,9.472225
9/26/2020 9:00,6.968478,2.5317,9.500178
9/26/2020 9:30,9.656958,-0.227548,9.42941
9/26/2020 10:00,14.836672,-5.34147,9.495202
9/26/2020 10:30,15.621194,-6.08208,9.539114
9/26/2020 11:00,20.03704,-10.2495,9.78754
9/26/2020 11:30,16.932933,-7.0027,9.930233
9/26/2020 12:00,29.967671,-19.6741,10.293571
9/26/2020 12:30,22.178095,-11.6878,10.490295
9/26/2020 13:00,22.116862,-11.5861,10.530762
9/26/2020 13:30,22.689496,-11.9941,10.695396
9/26/2020 14:00,21.519128,-10.8947,10.624428
9/26/2020 14:30,21.215115,-10.8634,10.351715
9/26/2020 15:00,24.75587,-13.958,10.79787
9/26/2020 15:30,20.015951,-9.07864,10.937311
9/26/2020 16:00,18.934992,-7.99535,10.939642
9/26/2020 16:30,17.071221,-6.0595,11.011721
9/26/2020 17:00,13.840188,-2.8017,11.038488
9/26/2020 17:30,11.25605,-0.773633,10.482417
9/26/2020 18:00,13.765836,-3.66288,10.102956
9/26/2020 18:30,1.160747,8.66779,9.828537
9/26/2020 19:00,1.095176,8.73092,9.826096
9/26/2020 19:30,0.933209,8.8034,9.736609
9/26/2020 20:00,0.848981,8.8034,9.652381
9/26/2020 20:30,0.77299,8.8034,9.57639
9/26/2020 21:00,0.776799,8.74492,9.521719
9/26/2020 21:30,0.773288,8.673,9.446288
9/26/2020 22:00,2.876647,6.46449,9.341137
9/26/2020 22:30,0.440832,8.673,9.113832
9/26/2020 23:00,-3.030368,11.8939,8.863532
9/26/2020 23:30,1.154292,7.55503,8.709322
9/27/2020 0:00,0.562659,8.03951,8.602169
9/27/2020 0:30,0.146652,8.40704,8.553692
9/27/2020 1:00,-0.1330285,8.64045,8.5074215
9/27/2020 1:30,-0.392419,8.82512,8.432701
9/27/2020 2:00,-0.492696,8.82891,8.336214
9/27/2020 2:30,-2.069363,10.1731,8.103737
9/27/2020 3:00,-3.198839,11.2456,8.046761
9/27/2020 3:30,-2.693886,10.5238,7.829914
9/27/2020 4:00,-10.9384004,18.6319,7.6934996
9/27/2020 4:30,-0.955259,8.673,7.717741
9/27/2020 5:00,-2.6941978,10.5238,7.8296022
9/27/2020 5:30,-9.1862066,17.1627,7.9764934
9/27/2020 6:00,-0.636534,8.83965,8.203116
9/27/2020 6:30,-0.663704,8.91035,8.246646
9/27/2020 7:00,-0.621728,8.83965,8.217922
9/27/2020 7:30,-0.598193,8.83965,8.241457
9/27/2020 8:00,-3.546115,11.9211,8.374985
9/27/2020 8:30,5.487144,3.0103,8.497444
9/27/2020 9:00,12.21732,-3.66288,8.55444
9/27/2020 9:30,12.016964,-3.3741,8.642864
9/27/2020 10:00,13.997765,-5.22563,8.772135
9/27/2020 10:30,15.104198,-6.12874,8.975458
9/27/2020 11:00,16.644162,-7.47072,9.173442
9/27/2020 11:30,17.550088,-8.21152,9.338568
9/27/2020 12:00,19.714149,-10.0509,9.663249
9/27/2020 12:30,23.960749,-13.8719,10.088849
9/27/2020 13:00,24.488611,-14.2266,10.262011
9/27/2020 13:30,22.15184,-11.8465,10.30534
9/27/2020 14:00,22.888834,-12.4699,10.418934
9/27/2020 14:30,20.700949,-10.2934,10.407549
9/27/2020 15:00,18.825301,-8.58459,10.240711
9/27/2020 15:30,22.45339,-12.0225,10.43089
9/27/2020 16:00,20.3366255,-10.1247,10.2119255
9/27/2020 16:30,18.292575,-8.04974,10.242835
9/27/2020 17:00,15.560628,-5.5678,9.992828
9/27/2020 17:30,17.511153,-7.49077,10.020383
9/27/2020 18:00,12.776527,-3.00913,9.767397
9/27/2020 18:30,1.373185,8.19964,9.572825
9/27/2020 19:00,0.705394,8.51624,9.221634
9/27/2020 19:30,0.230346,8.673,8.903346
9/27/2020 20:00,1.6432455,7.13083,8.7740755
9/27/2020 20:30,0.108585,8.58757,8.696155
9/27/2020 21:00,0.669758,7.93689,8.606648
9/27/2020 21:30,-0.286449,8.85035,8.563901
9/27/2020 22:00,-1.67041,10.1181,8.44769
9/27/2020 22:30,-6.853309,15.1021,8.248791
9/27/2020 23:00,-1.005605,9.33474,8.329135
9/27/2020 23:30,-0.629625,8.91035,8.280725
9/28/2020 0:00,-0.352152,8.82512,8.472968
9/28/2020 0:30,-8.643854,17.2099,8.566046
9/28/2020 1:00,-2.331248,10.9337,8.602452
9/28/2020 1:30,1.624412,7.037,8.661412
9/28/2020 2:00,3.939237,4.81067,8.749907
9/28/2020 2:30,1.241279,7.55503,8.796309
9/28/2020 3:00,2.692926,6.13927,8.832196
9/28/2020 3:30,1.308799,7.55503,8.863829
9/28/2020 4:00,1.253828,7.55503,8.808858
9/28/2020 4:30,1.262664,7.48066,8.743324
9/28/2020 5:00,1.173839,7.55554,8.729379
9/28/2020 5:30,0.239915,8.35035,8.590265
9/28/2020 6:00,-0.094799,8.64045,8.545651
9/28/2020 6:30,-0.314316,8.82512,8.510804
9/28/2020 7:00,-0.966622,9.33474,8.368118
9/28/2020 7:30,-0.607586,8.91035,8.302764
9/28/2020 8:00,-3.5337995,11.9211,8.3873005
9/28/2020 8:30,4.726321,4.06533,8.791651
9/28/2020 9:00,14.365111,-5.28564,9.079471
9/28/2020 9:30,17.1130275,-7.8231,9.2899275
9/28/2020 10:00,22.181854,-12.4181,9.763754
9/28/2020 10:30,21.879158,-11.7171,10.162058
9/28/2020 11:00,18.41554,-8.08975,10.32579
9/28/2020 11:30,19.607094,-9.12804,10.479054
9/28/2020 12:00,16.14195,-5.65056,10.49139
9/28/2020 12:30,21.639171,-10.8784,10.760771
9/28/2020 13:00,23.325339,-12.4991,10.826239
9/28/2020 13:30,21.221562,-10.4147,10.806862
9/28/2020 14:00,21.759581,-10.7919,10.967681
9/28/2020 14:30,21.626401,-10.5738,11.052601
9/28/2020 15:00,22.107708,-11.0887,11.019008
9/28/2020 15:30,22.495664,-11.4646,11.031064
9/28/2020 16:00,21.406031,-10.5757,10.830331
9/28/2020 16:30,18.939307,-8.30492,10.634387
9/28/2020 17:00,16.75074,-6.21014,10.5406
9/28/2020 17:30,15.610672,-5.33846,10.272212
9/28/2020 18:00,3.953816,6.09592,10.049736
9/28/2020 18:30,7.543718,2.32921,9.872928
9/28/2020 19:00,5.256981,4.41209,9.669071
9/28/2020 19:30,1.048572,8.41675,9.465322
9/28/2020 20:00,4.326505,5.03521,9.361715
9/28/2020 20:30,3.286937,5.98781,9.274747
9/28/2020 21:00,0.874876,8.34001,9.214886
9/28/2020 21:30,4.136144,5.08381,9.219954
9/28/2020 22:00,0.590866,8.62844,9.219306
9/28/2020 22:30,4.095019,5.14598,9.240999
9/28/2020 23:00,0.554979,8.56737,9.122349
9/28/2020 23:30,0.129219,8.94257,9.071789
9/29/2020 0:00,2.496813,6.55152,9.048333
9/29/2020 0:30,-0.560095,9.46367,8.903575
9/29/2020 1:00,0.572168,8.18708,8.759248
9/29/2020 1:30,1.188093,7.52042,8.708513
9/29/2020 2:00,1.133901,7.71543,8.849331
9/29/2020 2:30,-4.285251,13.1542,8.868949
9/29/2020 3:00,2.543211,6.38651,8.929721
9/29/2020 3:30,1.215226,7.71543,8.930656
9/29/2020 4:00,-2.38531,11.3454,8.96009
9/29/2020 4:30,2.520461,6.50094,9.021401
9/29/2020 5:00,-0.028355,9.17422,9.145865
9/29/2020 5:30,4.438029,4.80734,9.245369
9/29/2020 6:00,-1.442035,10.733,9.290965
9/29/2020 6:30,1.683884,7.66662,9.350504
9/29/2020 7:00,1.655217,7.73605,9.391267
9/29/2020 7:30,-2.790309,12.2068,9.416491
9/29/2020 8:00,-9.76465,18.9254,9.16075
9/29/2020 8:30,8.2066,0.923428,9.130028
9/29/2020 9:00,5.492363,3.64534,9.137703
9/29/2020 9:30,-3.38223,12.6394,9.25717
9/29/2020 10:00,8.632486,0.720565,9.353051
9/29/2020 10:30,14.81075,-5.25667,9.55408
9/29/2020 11:00,17.091211,-7.48093,9.610281
9/29/2020 11:30,20.727867,-10.9089,9.818967
9/29/2020 12:00,17.529119,-7.47576,10.053359
9/29/2020 12:30,14.528024,-4.64589,9.882134
9/29/2020 13:00,20.19585,-10.0743,10.12155
9/29/2020 13:30,30.649002,-20.254,10.395002
9/29/2020 14:00,21.389685,-11.0681,10.321585
9/29/2020 14:30,20.233487,-10.0325,10.200987
9/29/2020 15:00,14.370999,-4.27195,10.099049
9/29/2020 15:30,3.112795,6.78448,9.897275
9/29/2020 16:00,2.671338,6.9638,9.635138
9/29/2020 16:30,3.065516,6.5839,9.649416
9/29/2020 17:00,3.550288,6.01786,9.568148
9/29/2020 17:30,2.753353,6.78448,9.537833
9/29/2020 18:00,0.804564,8.73134,9.535904
9/29/2020 18:30,1.129916,8.32961,9.459526
9/29/2020 19:00,-1.76694,11.267,9.50006
9/29/2020 19:30,-1.202863,10.7119,9.509037
9/29/2020 20:00,2.846722,6.68217,9.528892
9/29/2020 20:30,1.853348,7.74251,9.595858
9/29/2020 21:00,0.863045,8.69532,9.558365
9/29/2020 21:30,-1.696656,11.2376,9.540944
9/29/2020 22:00,2.885849,6.68911,9.574959
9/29/2020 22:30,1.025674,8.61216,9.637834
9/29/2020 23:00,0.17653,9.51009,9.68662
9/29/2020 23:30,-4.725651,14.3585,9.632849
9/30/2020 0:00,0.84062,8.61216,9.45278
9/30/2020 0:30,2.634578,6.43764,9.072218
9/30/2020 1:00,-0.9994305,9.25961,8.2601795
9/30/2020 1:30,-0.406804,8.61216,8.205356
9/30/2020 2:00,-0.823838,9.02249,8.198652
9/30/2020 2:30,-0.809555,9.02249,8.212935
9/30/2020 3:00,4.335347,3.88478,8.220127
9/30/2020 3:30,-0.365145,8.64045,8.275305
9/30/2020 4:00,-0.050838,8.40704,8.356202
9/30/2020 4:30,0.42741,8.01125,8.43866
9/30/2020 5:00,1.432357,6.93121,8.363567
9/30/2020 5:30,-4.702787,12.8984,8.195613
9/30/2020 6:00,-0.9232116,8.89362,7.9704084
9/30/2020 6:30,0.404259,7.46437,7.868629
9/30/2020 7:00,-1.6176375,9.40353,7.7858925
9/30/2020 7:30,2.5821406,5.06191,7.6440506
9/30/2020 8:00,4.1540505,3.38596,7.5400105
9/30/2020 8:30,12.80039,-5.08802,7.71237
9/30/2020 9:00,16.2261117,-8.33266,7.8934517
9/30/2020 9:30,16.751977,-8.70664,8.045337
9/30/2020 10:00,17.486348,-9.25018,8.236168
9/30/2020 10:30,19.398366,-11.0192,8.379166
9/30/2020 11:00,19.449392,-10.9331,8.516292
9/30/2020 11:30,19.989124,-11.3129,8.676224
9/30/2020 12:00,21.55778,-12.8288,8.72898
9/30/2020 12:30,22.9099875,-14.106,8.8039875
9/30/2020 13:00,19.463929,-10.6345,8.829429
9/30/2020 13:30,21.759002,-12.781,8.978002
9/30/2020 14:00,21.696723,-12.6222,9.074523
9/30/2020 14:30,21.675163,-12.4779,9.197263
9/30/2020 15:00,20.64034,-11.346,9.29434
9/30/2020 15:30,19.739471,-10.4747,9.264771
9/30/2020 16:00,19.55273,-10.2956,9.25713
9/30/2020 16:30,15.258081,-6.06829,9.189791
9/30/2020 17:00,13.148839,-4.09611,9.052729
9/30/2020 17:30,17.127157,-8.16192,8.965237
9/30/2020 18:00,10.375699,-1.60616,8.769539
9/30/2020 18:30,2.343966,6.09632,8.440286
9/30/2020 19:00,-0.818861,8.75044,7.931579
9/30/2020 19:30,-1.424996,8.89362,7.468624
9/30/2020 20:00,-1.7098985,8.89362,7.1837215
9/30/2020 20:30,-2.1096682,8.89362,6.7839518
9/30/2020 21:00,-2.021919,8.89362,6.871701
9/30/2020 21:30,-2.31505,8.89362,6.57857
9/30/2020 22:00,-2.5875716,8.89362,6.3060484
9/30/2020 22:30,-19.7989564,26.2451,6.4461436
9/30/2020 23:00,-2.2235727,8.89362,6.6700473
9/30/2020 23:30,-2.4312184,8.86395,6.4327316
10/1/2020 0:00,-2.316197,8.82293,6.506733
10/1/2020 0:30,-2.286744,8.76777,6.481026
10/1/2020 1:00,-2.676052,8.76777,6.091718
10/1/2020 1:30,-2.7429153,8.76777,6.0248547
10/1/2020 2:00,-25.705567,32.3891,6.683533
10/1/2020 2:30,-2.191399,8.71172,6.520321
10/1/2020 3:00,-2.5554838,8.6728,6.1173162
10/1/2020 3:30,-2.735152,8.6728,5.937648
10/1/2020 4:00,-2.854334,8.6728,5.818466
10/1/2020 4:30,-2.792949,8.6728,5.879851
10/1/2020 5:00,-2.6367688,8.6728,6.0360312
10/1/2020 5:30,-2.6935553,8.6728,5.9792447
10/1/2020 6:00,-19.9466114,26.2451,6.2984886
10/1/2020 6:30,-2.619288,8.6728,6.053512
10/1/2020 7:00,-2.5645966,8.6728,6.1082034
10/1/2020 7:30,-2.3761765,8.54276,6.1665835
10/1/2020 8:00,2.9605673,3.52551,6.4860773
10/1/2020 8:30,12.3858164,-5.38251,7.0033064
10/1/2020 9:00,15.711845,-8.16192,7.549925
10/1/2020 9:30,20.520986,-12.284,8.236986
10/1/2020 10:00,17.309315,-8.6708,8.638515
10/1/2020 10:30,20.244815,-11.2424,9.002415
10/1/2020 11:00,20.004356,-10.835,9.169356
10/1/2020 11:30,22.262097,-12.8836,9.378497
10/1/2020 12:00,21.35581,-11.7953,9.56051
10/1/2020 12:30,30.605532,-20.8742,9.731332
10/1/2020 13:00,39.795295,-29.9603,9.834995
10/1/2020 13:30,22.246976,-12.3287,9.918276
10/1/2020 14:00,21.704122,-11.6929,10.011222
10/1/2020 14:30,20.457961,-10.4157,10.042261
10/1/2020 15:00,20.252227,-10.1882,10.064027
10/1/2020 15:30,18.730861,-8.62772,10.103141
10/1/2020 16:00,17.156804,-7.07611,10.080694
10/1/2020 16:30,16.928141,-6.89823,10.029911
10/1/2020 17:00,15.150715,-5.20884,9.941875
10/1/2020 17:30,13.650295,-3.86571,9.784585
10/1/2020 18:00,13.535054,-4.02009,9.514964
10/1/2020 18:30,47.738258,7.46819,55.206448
10/1/2020 19:00,0.2087735,8.54276,8.7515335
10/1/2020 19:30,-0.25894,8.6728,8.41386
10/1/2020 20:00,-2.0949,10.3806,8.2857
10/1/2020 20:30,-0.534038,8.71923,8.185192
10/1/2020 21:00,-1.17666,9.18355,8.00689
10/1/2020 21:30,-2.445422,10.2706,7.825178
10/1/2020 22:00,-1.391114,9.11858,7.727466
10/1/2020 22:30,0.965883,6.71645,7.682333
10/1/2020 23:00,-0.809972,8.47947,7.669498
10/1/2020 23:30,-1.6740543,9.2418,7.5677457
10/2/2020 0:00,-1.1154295,8.59926,7.4838305
10/2/2020 0:30,-1.6114813,8.59926,6.9877787
10/2/2020 1:00,-1.6193034,8.59926,6.9799566
10/2/2020 1:30,-19.480571,26.2451,6.764529
10/2/2020 2:00,-19.4052014,26.2451,6.8398986
10/2/2020 2:30,-19.1452474,26.2451,7.0998526
10/2/2020 3:00,-15.887776,23.2177,7.329924
10/2/2020 3:30,-1.78119,8.59926,6.81807
10/2/2020 4:00,-19.7219243,26.2451,6.5231757
10/2/2020 4:30,-19.8778367,26.2451,6.3672633
10/2/2020 5:00,-19.8703594,26.2451,6.3747406
10/2/2020 5:30,-19.7367897,26.2451,6.5083103
10/2/2020 6:00,-19.5185146,26.2451,6.7265854
10/2/2020 6:30,-4.985705,12.7525,7.766795
10/2/2020 7:00,-4.5033607,12.2978,7.7944393
10/2/2020 7:30,-0.509339,8.18778,7.678441
10/2/2020 8:00,-0.546055,8.18778,7.641725
10/2/2020 8:30,1.920181,5.77474,7.694921
10/2/2020 9:00,0.4230537,7.38797,7.8110237
10/2/2020 9:30,15.137446,-7.11653,8.020916
10/2/2020 10:00,16.443993,-8.09984,8.344153
10/2/2020 10:30,16.819787,-8.33919,8.480597
10/2/2020 11:00,19.255911,-10.6067,8.649211
10/2/2020 11:30,19.315257,-10.5223,8.792957
10/2/2020 12:00,17.152231,-8.43101,8.721221
10/2/2020 12:30,17.822714,-9.0672,8.755514
10/2/2020 13:00,19.335609,-10.3403,8.995309
10/2/2020 13:30,18.398152,-9.51226,8.885892
10/2/2020 14:00,19.195161,-10.2518,8.943361
10/2/2020 14:30,19.599682,-10.4848,9.114882
10/2/2020 15:00,19.42234,-10.3151,9.10724
10/2/2020 15:30,19.623662,-10.4303,9.193362
10/2/2020 16:00,19.567307,-10.3582,9.209107
10/2/2020 16:30,18.494943,-9.31002,9.184923
10/2/2020 17:00,18.427113,-9.30563,9.121483
10/2/2020 17:30,15.844634,-6.92221,8.922424
10/2/2020 18:00,11.506316,-2.93816,8.568156
10/2/2020 18:30,1.399072,6.87556,8.274632
10/2/2020 19:00,-0.4606584,8.22343,7.7627716
10/2/2020 19:30,-0.8906355,8.30546,7.4148245
10/2/2020 20:00,-1.146515,8.29026,7.143745
10/2/2020 20:30,-1.4689714,8.29026,6.8212886
10/2/2020 21:00,-1.717876,8.34364,6.625764
10/2/2020 21:30,-1.869171,8.34364,6.474469
10/2/2020 22:00,-2.1074,8.31307,6.20567
10/2/2020 22:30,-2.3232286,8.33693,6.0137014
10/2/2020 23:00,-2.3871367,8.33693,5.9497933
10/2/2020 23:30,-2.4998453,8.3341,5.8342547
10/3/2020 0:00,-2.661798,8.36274,5.700942
10/3/2020 0:30,-2.7273507,8.36274,5.6353893
10/3/2020 1:00,-2.738675,8.34569,5.607015
10/3/2020 1:30,-2.822664,8.38119,5.558526
10/3/2020 2:00,-2.8722885,8.4015,5.5292115
10/3/2020 2:30,-2.8671173,8.41548,5.5483627
10/3/2020 3:00,-2.531295,8.41253,5.881235
10/3/2020 3:30,-2.3008874,8.48326,6.1823726
10/3/2020 4:00,-2.3074436,8.49753,6.1900864
10/3/2020 4:30,-2.4753223,8.54241,6.0670877
10/3/2020 5:00,-2.504059,8.54159,6.037531
10/3/2020 5:30,-2.48724,8.68256,6.19532
10/3/2020 6:00,-2.3694252,8.69316,6.3237348
10/3/2020 6:30,-19.806258,26.2451,6.438842
10/3/2020 7:00,-2.624293,8.79267,6.168377
10/3/2020 7:30,-2.4904827,8.72236,6.2318773
10/3/2020 8:00,-0.9075656,7.48103,6.5734644
10/3/2020 8:30,10.0099975,-2.97393,7.0360675
10/3/2020 9:00,11.6627265,-4.09505,7.5676765
10/3/2020 9:30,14.9168153,-6.91856,7.9982553
10/3/2020 10:00,13.529923,-5.40075,8.129173
10/3/2020 10:30,16.093453,-7.7817,8.311753
10/3/2020 11:00,18.114848,-9.51226,8.602588
10/3/2020 11:30,18.597162,-9.87734,8.719822
10/3/2020 12:00,18.523219,-9.65619,8.867029
10/3/2020 12:30,18.696943,-9.7791,8.917843
10/3/2020 13:00,17.885029,-8.9378,8.947229
10/3/2020 13:30,18.744846,-9.75838,8.986466
10/3/2020 14:00,19.007184,-9.96426,9.042924
10/3/2020 14:30,18.540165,-9.67645,8.863715
10/3/2020 15:00,17.478587,-8.73348,8.745107
10/3/2020 15:30,17.66155,-9.0738,8.58775
10/3/2020 16:00,16.3945215,-7.87726,8.5172615
10/3/2020 16:30,14.6798225,-6.2777,8.4021225
10/3/2020 17:00,12.368476,-4.05014,8.318336
10/3/2020 17:30,12.725198,-4.40367,8.321528
10/3/2020 18:00,1.151886,7.07286,8.224746
10/3/2020 18:30,1.387248,6.66835,8.055598
10/3/2020 19:00,5.669823,2.17317,7.842993
10/3/2020 19:30,-1.1364696,8.69052,7.5540504
10/3/2020 20:00,-1.1920747,8.6489,7.4568253
10/3/2020 20:30,2.769873,4.70991,7.479783
10/3/2020 21:00,3.7698046,3.6381,7.4079046
10/3/2020 21:30,-1.208576,8.56624,7.357664
10/3/2020 22:00,-1.3016555,8.56624,7.2645845
10/3/2020 22:30,-1.343958,8.56624,7.222282
10/3/2020 23:00,-1.367451,8.56012,7.192669
10/3/2020 23:30,-1.4213985,8.53589,7.1144915
10/4/2020 0:00,-1.529556,8.5355,7.005944
10/4/2020 0:30,-1.6493836,8.48735,6.8379664
10/4/2020 1:00,-1.476345,8.4342,6.957855
10/4/2020 1:30,-1.1804115,8.4342,7.2537885
10/4/2020 2:00,-1.0355446,8.41801,7.3824654
10/4/2020 2:30,-1.147475,8.41801,7.270535
10/4/2020 3:00,-1.63955,8.99067,7.35112
10/4/2020 3:30,-4.3433605,11.8265,7.4831395
10/4/2020 4:00,1.1142137,6.46681,7.5810237
10/4/2020 4:30,1.1582196,6.46681,7.6250296
10/4/2020 5:00,-4.196644,11.8265,7.629856
10/4/2020 5:30,0.3534185,7.39336,7.7467785
10/4/2020 6:00,-0.514596,8.30667,7.792074
10/4/2020 6:30,-0.7255223,8.30667,7.5811477
10/4/2020 7:00,1.201375,6.39983,7.601205
10/4/2020 7:30,-0.740499,8.23759,7.497091
10/4/2020 8:00,-0.8111626,8.23759,7.4264274
10/4/2020 8:30,-18.7683906,26.2451,7.4767094
10/4/2020 9:00,-0.5875523,8.17431,7.5867577
10/4/2020 9:30,-6.6115603,14.2669,7.6553397
10/4/2020 10:00,8.2491548,-0.53497,7.7141848
10/4/2020 10:30,2.1026846,5.68862,7.7913046
10/4/2020 11:00,0.820582,7.07286,7.893442
10/4/2020 11:30,8.8239488,-0.852116,7.9718328
10/4/2020 12:00,8.785309,-0.772829,8.01248
10/4/2020 12:30,-27.2237476,35.1023,7.8785524
10/4/2020 13:00,-0.5126393,8.3818,7.8691607
10/4/2020 13:30,1.762976,6.12182,7.884796
10/4/2020 14:00,2.202056,5.68862,7.890676
10/4/2020 14:30,1.7451906,6.12182,7.8670106
10/4/2020 15:00,6.266944,1.66804,7.934984
10/4/2020 15:30,2.254005,5.68862,7.942625
10/4/2020 16:00,2.3612076,5.63739,7.9985976
10/4/2020 16:30,-1.242591,9.25961,8.017019
10/4/2020 17:00,-0.336838,8.3818,8.044962
10/4/2020 17:30,1.643522,6.39983,8.043352
10/4/2020 18:00,-0.323019,8.3818,8.058781
10/4/2020 18:30,0.804408,7.24149,8.045898
10/4/2020 19:00,0.779236,7.24149,8.020726
10/4/2020 19:30,-0.369069,8.38793,8.018861
10/4/2020 20:00,-0.370936,8.38793,8.016994
10/4/2020 20:30,0.626187,7.39019,8.016377
10/4/2020 21:00,-1.2877,9.30823,8.02053
10/4/2020 21:30,-0.98079,8.99067,8.00988
10/4/2020 22:00,-1.256095,9.25858,8.002485
10/4/2020 22:30,-0.5704557,8.49325,7.9227943
10/4/2020 23:00,0.5798543,7.21021,7.7900643
10/4/2020 23:30,-0.785745,8.49325,7.707505
10/5/2020 0:00,1.278104,6.39983,7.677934
10/5/2020 0:30,-0.689585,8.3314,7.641815
10/5/2020 1:00,-0.6852436,8.28439,7.5991464
10/5/2020 1:30,-0.7673086,8.29712,7.5298114
10/5/2020 2:00,-0.8404176,8.33306,7.4926424
10/5/2020 2:30,-1.170987,8.59652,7.425533
10/5/2020 3:00,-1.4489827,8.64395,7.1949673
10/5/2020 3:30,-19.0534115,26.2451,7.1916885
10/5/2020 4:00,-1.167757,8.64395,7.476193
10/5/2020 4:30,0.4345797,7.24149,7.6760697
10/5/2020 5:00,-0.8650425,8.56862,7.7035775
10/5/2020 5:30,2.275904,5.36002,7.635924
10/5/2020 6:00,-1.2424815,8.56901,7.3265285
10/5/2020 6:30,-7.3755736,14.2669,6.8913264
10/5/2020 7:00,-2.033922,8.53301,6.499088
10/5/2020 7:30,-2.174818,8.4584,6.283582
10/5/2020 8:00,-2.067766,8.31447,6.246704
10/5/2020 8:30,7.157001,-0.786987,6.370014
10/5/2020 9:00,11.9879435,-4.99481,6.9931335
10/5/2020 9:30,15.7703304,-7.91333,7.8570004
10/5/2020 10:00,16.600164,-8.44092,8.159244
10/5/2020 10:30,18.024233,-9.51727,8.506963
10/5/2020 11:00,18.620208,-9.82066,8.799548
10/5/2020 11:30,19.1010215,-10.0676,9.0334215
10/5/2020 12:00,18.5458355,-9.34373,9.2021055
10/5/2020 12:30,21.577453,-12.2481,9.329353
10/5/2020 13:00,22.183951,-12.7649,9.419051
10/5/2020 13:30,22.248661,-12.7649,9.483761
10/5/2020 14:00,19.584463,-9.98846,9.596003
10/5/2020 14:30,20.7161525,-11.0426,9.6735525
10/5/2020 15:00,17.587517,-7.88295,9.704567
10/5/2020 15:30,17.248858,-7.50035,9.748508
10/5/2020 16:00,20.338253,-10.5908,9.747453
10/5/2020 16:30,19.395726,-9.66599,9.729736
10/5/2020 17:00,18.289342,-8.67668,9.612662
10/5/2020 17:30,16.489897,-6.97408,9.515817
10/5/2020 18:00,15.642912,-6.39019,9.252722
10/5/2020 18:30,4.526384,4.24539,8.771774
10/5/2020 19:00,3.925677,4.35593,8.281607
10/5/2020 19:30,1.6737733,6.28549,7.9592633
10/5/2020 20:00,2.205651,5.56727,7.772921
10/5/2020 20:30,1.363316,6.22594,7.589256
10/5/2020 21:00,-1.226611,8.64987,7.423259
10/5/2020 21:30,-1.4176065,8.68701,7.2694035
10/5/2020 22:00,-1.713625,8.68763,6.974005
10/5/2020 22:30,-2.3196932,8.72531,6.4056168
10/5/2020 23:00,-2.4044645,8.727,6.3225355
10/5/2020 23:30,-2.4495035,8.72466,6.2751565
10/6/2020 0:00,-2.478832,8.74854,6.269708
10/6/2020 0:30,-2.679568,8.74854,6.068972
10/6/2020 1:00,-2.8821746,8.74854,5.8663654
10/6/2020 1:30,-3.105623,8.74854,5.642917
10/6/2020 2:00,-3.077363,8.73168,5.654317
10/6/2020 2:30,-3.0719803,8.68308,5.6110997
10/6/2020 3:00,-3.2772684,8.70859,5.4313216
10/6/2020 3:30,-3.330155,8.70859,5.378435
10/6/2020 4:00,-3.313086,8.68011,5.367024
10/6/2020 4:30,-3.364985,8.72331,5.358325
10/6/2020 5:00,-3.3528263,8.71824,5.3654137
10/6/2020 5:30,-3.5769628,8.77788,5.2009172
10/6/2020 6:00,-3.657482,8.76366,5.106178
10/6/2020 6:30,-3.7992757,8.79122,4.9919443
10/6/2020 7:00,-3.7757237,8.79122,5.0154963
10/6/2020 7:30,-3.543626,8.5893,5.045674
10/6/2020 8:00,4.896485,0.377533,5.274018
10/6/2020 8:30,10.447809,-4.20483,6.242979
10/6/2020 9:00,14.4930173,-7.05155,7.4414673
10/6/2020 9:30,16.842748,-8.67668,8.166068
10/6/2020 10:00,18.370507,-9.67795,8.692557
10/6/2020 10:30,18.4569135,-9.41536,9.0415535
10/6/2020 11:00,18.407936,-9.17232,9.235616
10/6/2020 11:30,18.950765,-9.58459,9.366175
10/6/2020 12:00,17.756719,-8.25008,9.506639
10/6/2020 12:30,22.034302,-12.4027,9.631602
10/6/2020 13:00,18.971359,-9.25005,9.721309
10/6/2020 13:30,20.557877,-10.6881,9.869777
10/6/2020 14:00,30.931517,-20.993,9.938517
10/6/2020 14:30,19.466881,-9.42845,10.038431
10/6/2020 15:00,19.963291,-9.89093,10.072361
10/6/2020 15:30,19.294798,-9.18352,10.111278
10/6/2020 16:00,19.38786,-9.34278,10.04508
10/6/2020 16:30,20.827027,-10.8695,9.957527
10/6/2020 17:00,15.358898,-5.70341,9.655488
10/6/2020 17:30,12.737129,-3.33708,9.400049
10/6/2020 18:00,16.673462,-7.55831,9.115152
10/6/2020 18:30,4.307867,4.37267,8.680537
10/6/2020 19:00,3.283621,4.91744,8.201061
10/6/2020 19:30,-0.682705,8.60702,7.924315
10/6/2020 20:00,-0.6358904,8.3789,7.7430096
10/6/2020 20:30,-6.378247,14.0769,7.698653
10/6/2020 21:00,2.2944983,5.4167,7.7111983
10/6/2020 21:30,1.260672,6.35612,7.616792
10/6/2020 22:00,-0.12966,7.82664,7.69698
10/6/2020 22:30,0.187826,7.53779,7.725616
10/6/2020 23:00,-1.2285493,8.54158,7.3130307
10/6/2020 23:30,-1.330739,8.4715,7.140761
10/7/2020 0:00,-7.16905,14.2669,7.09785
10/7/2020 0:30,-1.004547,8.4715,7.466953
10/7/2020 1:00,-1.179019,8.4715,7.292481
10/7/2020 1:30,-1.24877,8.4715,7.22273
10/7/2020 2:00,-0.981048,8.4715,7.490452
10/7/2020 2:30,-0.821256,8.4715,7.650244
10/7/2020 3:00,-11.0800503,18.6669,7.5868497
10/7/2020 3:30,-2.234952,9.86683,7.631878
10/7/2020 4:00,-1.114492,8.52744,7.412948
10/7/2020 4:30,-7.020681,14.2669,7.246219
10/7/2020 5:00,-1.5526284,8.54714,6.9945116
10/7/2020 5:30,-12.857529,20.1011,7.243571
10/7/2020 6:00,-18.756724,26.2451,7.488376
10/7/2020 6:30,-1.278938,8.49275,7.213812
10/7/2020 7:00,-18.999621,26.2451,7.245479
10/7/2020 7:30,-19.0129714,26.2451,7.2321286
10/7/2020 8:00,8.4556573,-1.30775,7.1479073
10/7/2020 8:30,14.207677,-6.41855,7.789127
10/7/2020 9:00,14.686683,-6.15015,8.536533
10/7/2020 9:30,17.394275,-8.21202,9.182255
10/7/2020 10:00,19.289117,-9.59522,9.693897
10/7/2020 10:30,17.616354,-7.56835,10.048004
10/7/2020 11:00,19.165237,-8.91397,10.251267
10/7/2020 11:30,19.295012,-8.86933,10.425682
10/7/2020 12:00,22.771637,-12.1907,10.580937
10/7/2020 12:30,21.584324,-10.846,10.738324
10/7/2020 13:00,20.940307,-10.1071,10.833207
10/7/2020 13:30,20.217452,-9.25078,10.966672
10/7/2020 14:00,20.3779745,-9.33953,11.0384445
10/7/2020 14:30,20.237367,-9.17228,11.065087
10/7/2020 15:00,19.756075,-8.69877,11.057305
10/7/2020 15:30,19.487196,-8.38665,11.100546
10/7/2020 16:00,17.6723135,-6.59986,11.0724535
10/7/2020 16:30,15.967188,-4.9819,10.985288
10/7/2020 17:00,14.433696,-3.57532,10.858376
10/7/2020 17:30,15.4121,-4.67675,10.73535
10/7/2020 18:00,9.864668,0.591057,10.455725
10/7/2020 18:30,7.402833,2.59806,10.000893
10/7/2020 19:00,1.015441,8.44055,9.455991
10/7/2020 19:30,0.660345,8.52506,9.185405
10/7/2020 20:00,0.396108,8.52506,8.921168
10/7/2020 20:30,0.245513,8.52506,8.770573
10/7/2020 21:00,-1.431605,10.0157,8.584095
10/7/2020 21:30,-2.018113,10.6431,8.624987
10/7/2020 22:00,-0.697293,9.25961,8.562317
10/7/2020 22:30,2.356196,6.15497,8.511166
10/7/2020 23:00,1.903829,6.46056,8.364389
10/7/2020 23:30,2.83649,5.45915,8.29564
10/8/2020 0:00,4.146086,4.18925,8.335336
10/8/2020 0:30,0.071703,8.08574,8.157443
10/8/2020 1:00,-9.488921,17.5557,8.066779
10/8/2020 1:30,-0.51081,8.52506,8.01425
10/8/2020 2:00,4.011592,4.00358,8.015172
10/8/2020 2:30,2.645316,5.36439,8.009706
10/8/2020 3:00,2.529515,5.36002,7.889535
10/8/2020 3:30,-0.5049797,8.21514,7.7101603
10/8/2020 4:00,-0.699296,8.21514,7.515844
10/8/2020 4:30,-18.751916,26.2451,7.493184
10/8/2020 5:00,-15.604529,23.2177,7.613171
10/8/2020 5:30,-15.639449,23.2177,7.578251
10/8/2020 6:00,-18.8539605,26.2451,7.3911395
10/8/2020 6:30,-15.7270765,23.2177,7.4906235
10/8/2020 7:00,-15.6982226,23.2177,7.5194774
10/8/2020 7:30,-18.859549,26.2451,7.385551
10/8/2020 8:00,8.9151743,-1.30775,7.6074243
10/8/2020 8:30,14.885224,-6.50275,8.382474
10/8/2020 9:00,13.880936,-5.03913,8.841806
10/8/2020 9:30,16.962209,-7.76478,9.197429
10/8/2020 10:00,19.445604,-9.94691,9.498694
10/8/2020 10:30,19.159242,-9.39117,9.768072
10/8/2020 11:00,18.936074,-8.90034,10.035734
10/8/2020 11:30,19.301707,-9.11158,10.190127
10/8/2020 12:00,20.204431,-9.8914,10.313031
10/8/2020 12:30,20.731402,-10.302,10.429402
10/8/2020 13:00,21.147377,-10.5679,10.579477
10/8/2020 13:30,21.139006,-10.4941,10.644906
10/8/2020 14:00,19.203797,-8.47615,10.727647
10/8/2020 14:30,20.1544205,-9.46794,10.6864805
10/8/2020 15:00,18.131029,-7.45009,10.680939
10/8/2020 15:30,17.616241,-6.93912,10.677121
10/8/2020 16:00,16.550736,-5.91353,10.637206
10/8/2020 16:30,20.441865,-9.87949,10.562375
10/8/2020 17:00,13.700551,-3.29336,10.407191
10/8/2020 17:30,15.111284,-4.8487,10.262584
10/8/2020 18:00,17.672802,-7.70376,9.969042
10/8/2020 18:30,7.230117,2.13453,9.364647
10/8/2020 19:00,0.618611,8.17412,8.792731
10/8/2020 19:30,3.002312,5.47156,8.473872
10/8/2020 20:00,0.099696,8.14142,8.241116
10/8/2020 20:30,-0.368584,8.4306,8.062016
10/8/2020 21:00,4.203255,3.75008,7.953335
10/8/2020 21:30,-1.184581,8.99067,7.806089
10/8/2020 22:00,-1.8461367,9.60243,7.7562933
10/8/2020 22:30,-1.633709,9.41766,7.783951
10/8/2020 23:00,1.374975,6.28408,7.659055
10/8/2020 23:30,-0.6898797,8.03914,7.3492603
10/9/2020 0:00,-1.0105697,8.04241,7.0318403
10/9/2020 0:30,-1.169055,8.02835,6.859295
10/9/2020 1:00,-19.521905,26.2451,6.723195
10/9/2020 1:30,-19.3738494,26.2451,6.8712506
10/9/2020 2:00,-19.2546277,26.2451,6.9904723
10/9/2020 2:30,-19.219057,26.2451,7.026043
10/9/2020 3:00,-19.191293,26.2451,7.053807
10/9/2020 3:30,-19.3535127,26.2451,6.8915873
10/9/2020 4:00,-19.3989515,26.2451,6.8461485
10/9/2020 4:30,-19.5445046,26.2451,6.7005954
10/9/2020 5:00,-1.582223,7.99324,6.411017
10/9/2020 5:30,-1.617543,7.99324,6.375697
10/9/2020 6:00,-1.6656218,8.07655,6.4109282
10/9/2020 6:30,-1.9016787,8.14315,6.2414713
10/9/2020 7:00,-1.8228927,8.16151,6.3386173
10/9/2020 7:30,-1.578474,8.01504,6.436566
10/9/2020 8:00,2.429778,4.18086,6.610638
10/9/2020 8:30,8.780373,-1.77273,7.007643
10/9/2020 9:00,11.9133186,-4.30375,7.6095686
10/9/2020 9:30,15.947109,-7.70491,8.242199
10/9/2020 10:00,16.942229,-8.21179,8.730439
10/9/2020 10:30,23.7960655,-14.9107,8.8853655
10/9/2020 11:00,22.148339,-13.0675,9.080839
10/9/2020 11:30,23.367758,-14.0799,9.287858
10/9/2020 12:00,21.570493,-12.2638,9.306693
10/9/2020 12:30,21.76382,-12.4356,9.32822
10/9/2020 13:00,20.317091,-11.0251,9.291991
10/9/2020 13:30,18.954215,-9.59385,9.360365
10/9/2020 14:00,17.588679,-8.26132,9.327359
10/9/2020 14:30,20.778967,-11.3853,9.393667
10/9/2020 15:00,21.3581055,-11.9039,9.4542055
10/9/2020 15:30,17.63051,-8.16526,9.46525
10/9/2020 16:00,19.1667595,-9.68433,9.4824295
10/9/2020 16:30,17.872924,-8.47284,9.400084
10/9/2020 17:00,14.962658,-5.72372,9.238938
10/9/2020 17:30,15.90506,-6.82697,9.07809
10/9/2020 18:00,1.65483,7.13099,8.78582
10/9/2020 18:30,0.555455,8.01504,8.570495
10/9/2020 19:00,0.347121,8.16151,8.508631
10/9/2020 19:30,1.389604,6.9377,8.327304
10/9/2020 20:00,0.009442,8.16151,8.170952
10/9/2020 20:30,-0.06975,8.16151,8.09176
10/9/2020 21:00,-0.115427,8.16151,8.046083
10/9/2020 21:30,1.250132,6.75476,8.004892
10/9/2020 22:00,-0.126619,8.16151,8.034891
10/9/2020 22:30,1.316586,6.71457,8.031156
10/9/2020 23:00,-0.1856284,8.16151,7.9758816
10/9/2020 23:30,1.320265,6.71457,8.034835
10/10/2020 0:00,-0.064071,8.16151,8.097439
10/10/2020 0:30,-0.067583,8.16151,8.093927
10/10/2020 1:00,-0.076532,8.16151,8.084978
10/10/2020 1:30,1.541953,6.46681,8.008763
10/10/2020 2:00,-1.573728,9.57604,8.002312
10/10/2020 2:30,-0.140184,8.16151,8.021326
10/10/2020 3:00,-5.28497,13.3159,8.03093
10/10/2020 3:30,-1.822527,9.88824,8.065713
10/10/2020 4:00,-0.007247,8.16151,8.154263
10/10/2020 4:30,2.800501,5.41853,8.219031
10/10/2020 5:00,-11.702791,19.9604,8.257609
10/10/2020 5:30,3.039177,5.30646,8.345637
10/10/2020 6:00,1.650365,6.74481,8.395175
10/10/2020 6:30,-3.272054,11.6909,8.418846
10/10/2020 7:00,-0.198429,8.60947,8.411041
10/10/2020 7:30,-0.677816,9.11569,8.437874
10/10/2020 8:00,2.780851,5.77781,8.558661
10/10/2020 8:30,-0.763147,9.4049,8.641753
10/10/2020 9:00,6.837162,1.89832,8.735482
10/10/2020 9:30,10.442202,-1.56856,8.873642
10/10/2020 10:00,8.107756,0.90274,9.010496
10/10/2020 10:30,15.680755,-6.4205,9.260255
10/10/2020 11:00,16.221598,-6.67879,9.542808
10/10/2020 11:30,27.261098,-17.3653,9.895798
10/10/2020 12:00,23.306167,-13.3518,9.954367
10/10/2020 12:30,16.330712,-6.44381,9.886902
10/10/2020 13:00,16.530099,-6.74817,9.781929
10/10/2020 13:30,23.003761,-12.9973,10.006461
10/10/2020 14:00,18.376406,-8.37648,9.999926
10/10/2020 14:30,19.6591005,-9.49088,10.1682205
10/10/2020 15:00,24.077431,-13.7276,10.349831
10/10/2020 15:30,17.571509,-7.33172,10.239789
10/10/2020 16:00,15.639004,-5.70701,9.931994
10/10/2020 16:30,17.906559,-7.83689,10.069669
10/10/2020 17:00,14.263583,-4.39528,9.868303
10/10/2020 17:30,12.01377,-2.32695,9.68682
10/10/2020 18:00,6.227389,3.23912,9.466509
10/10/2020 18:30,4.516264,4.8371,9.353364
10/10/2020 19:00,4.497202,4.74921,9.246412
10/10/2020 19:30,3.907989,5.23623,9.144219
10/10/2020 20:00,3.597945,5.47469,9.072635
10/10/2020 20:30,4.163498,4.7965,8.959998
10/10/2020 21:00,0.566028,8.33179,8.897818
10/10/2020 21:30,1.817185,7.05108,8.868265
10/10/2020 22:00,2.834225,5.9644,8.798625
10/10/2020 22:30,0.731147,8.04062,8.771767
10/10/2020 23:00,2.289453,6.45184,8.741293
10/10/2020 23:30,0.24648,8.5018,8.74828
10/11/2020 0:00,4.513947,4.25023,8.764177
10/11/2020 0:30,5.04125,3.70383,8.74508
10/11/2020 1:00,0.937645,7.78377,8.721415
10/11/2020 1:30,1.7824,6.9602,8.7426
10/11/2020 2:00,2.230101,6.52571,8.755811
10/11/2020 2:30,2.7464155,5.8556,8.6020155
10/11/2020 3:00,-0.676695,9.30211,8.625415
10/11/2020 3:30,-1.840839,10.4665,8.625661
10/11/2020 4:00,-1.147419,9.65623,8.508811
10/11/2020 4:30,-0.797248,9.36224,8.564992
10/11/2020 5:00,-13.058807,21.709,8.650193
10/11/2020 5:30,1.561324,7.03114,8.592464
10/11/2020 6:00,2.882328,5.71519,8.597518
10/11/2020 6:30,-0.624837,9.26584,8.641003
10/11/2020 7:00,-4.637851,13.3362,8.698349
10/11/2020 7:30,0.3533115,8.33179,8.6851015
10/11/2020 8:00,1.608071,7.01366,8.621731
10/11/2020 8:30,-7.735385,16.3072,8.571815
10/11/2020 9:00,-0.8316535,9.37084,8.5391865
10/11/2020 9:30,-0.357463,8.91224,8.554777
10/11/2020 10:00,2.987576,5.62039,8.607966
10/11/2020 10:30,9.047568,-0.239942,8.807626
10/11/2020 11:00,13.013427,-4.04278,8.970647
10/11/2020 11:30,12.761651,-3.64416,9.117491
10/11/2020 12:00,20.185048,-11.022,9.163048
10/11/2020 12:30,16.360371,-7.23703,9.123341
10/11/2020 13:00,15.21805,-6.08384,9.13421
10/11/2020 13:30,42.430138,-33.4028,9.027338
10/11/2020 14:00,14.125101,-5.48025,8.644851
10/11/2020 14:30,55.8029,-47.3235,8.4794
10/11/2020 15:00,15.881231,-7.53968,8.341551
10/11/2020 15:30,-9.724451,18.2215,8.497049
10/11/2020 16:00,25.180431,-16.64,8.540431
10/11/2020 16:30,14.186276,-5.56824,8.618036
10/11/2020 17:00,6.8393555,1.84449,8.6838455
10/11/2020 17:30,-2.2929,10.9928,8.6999
10/11/2020 18:00,-7.632603,16.3072,8.674597
10/11/2020 18:30,-1.637726,10.2609,8.623174
10/11/2020 19:00,-4.507769,13.032,8.524231
10/11/2020 19:30,1.2479895,7.32537,8.5733595
10/11/2020 20:00,1.460895,7.10384,8.564735
10/11/2020 20:30,-11.164722,19.6413,8.476578
10/11/2020 21:00,0.713747,7.82047,8.534217
10/11/2020 21:30,-0.114481,8.68586,8.571379
10/11/2020 22:00,0.904234,7.72534,8.629574
10/11/2020 22:30,-0.092233,8.86903,8.776797
10/11/2020 23:00,2.034749,6.88721,8.921959
10/11/2020 23:30,5.47753,3.47362,8.95115
10/12/2020 0:00,2.777931,6.20683,8.984761
10/12/2020 0:30,2.697366,6.2791,8.976466
10/12/2020 1:00,2.016746,6.88721,8.903956
10/12/2020 1:30,-12.85002,21.709,8.85898
10/12/2020 2:00,-25.299249,34.1521,8.852851
10/12/2020 2:30,-1.919675,10.7878,8.868125
10/12/2020 3:00,0.779812,8.14044,8.920252
10/12/2020 3:30,0.784924,8.14044,8.925364
10/12/2020 4:00,7.777197,1.18564,8.962837
10/12/2020 4:30,0.751972,8.14044,8.892412
10/12/2020 5:00,0.7556715,8.14044,8.8961115
10/12/2020 5:30,0.294147,8.60754,8.901687
10/12/2020 6:00,3.973578,4.9332,8.906778
10/12/2020 6:30,0.974037,8.00778,8.981817
10/12/2020 7:00,0.985386,8.00778,8.993166
10/12/2020 7:30,-0.420211,9.39504,8.974829
10/12/2020 8:00,3.666715,5.27343,8.940145
10/12/2020 8:30,0.859322,8.14236,9.001682
10/12/2020 9:00,16.929649,-7.78156,9.148089
10/12/2020 9:30,12.124958,-2.86831,9.256648
10/12/2020 10:00,16.87312,-7.38809,9.48503
10/12/2020 10:30,16.737733,-7.01281,9.724923
10/12/2020 11:00,16.624075,-6.9054,9.718675
10/12/2020 11:30,18.410455,-8.42631,9.984145
10/12/2020 12:00,18.235113,-8.07889,10.156223
10/12/2020 12:30,19.032179,-8.7964,10.235779
10/12/2020 13:00,16.705943,-6.64204,10.063903
10/12/2020 13:30,18.657406,-8.83492,9.822486
10/12/2020 14:00,15.190968,-5.87855,9.312418
10/12/2020 14:30,11.257471,-1.89299,9.364481
10/12/2020 15:00,18.780071,-8.87867,9.901401
10/12/2020 15:30,18.771137,-8.7446,10.026537
10/12/2020 16:00,15.5416865,-5.56111,9.9805765
10/12/2020 16:30,10.09674,-0.182401,9.914339
10/12/2020 17:00,13.226074,-3.42088,9.805194
10/12/2020 17:30,7.005183,2.72045,9.725633
10/12/2020 18:00,8.122773,1.51776,9.640533
10/12/2020 18:30,4.446037,5.01586,9.461897
10/12/2020 19:00,0.938388,8.28099,9.219378
10/12/2020 19:30,-7.866824,16.8755,9.008676
10/12/2020 20:00,1.210149,7.76878,8.978929
10/12/2020 20:30,0.662506,8.14044,8.802946
10/12/2020 21:00,0.590227,8.14044,8.730667
10/12/2020 21:30,0.848977,8.00778,8.856757
10/12/2020 22:00,0.930475,8.00778,8.938255
10/12/2020 22:30,0.876583,8.00778,8.884363
10/12/2020 23:00,0.657277,8.14044,8.797717
10/12/2020 23:30,0.633853,8.14044,8.774293
10/13/2020 0:00,0.622661,8.14044,8.763101
10/13/2020 0:30,0.560732,8.14044,8.701172
10/13/2020 1:00,0.55972,8.14044,8.70016
10/13/2020 1:30,1.491115,7.19696,8.688075
10/13/2020 2:00,0.533943,8.14044,8.674383
10/13/2020 2:30,0.509434,8.14044,8.649874
10/13/2020 3:00,0.116476,8.49945,8.615926
10/13/2020 3:30,-0.324833,8.78208,8.457247
10/13/2020 4:00,-2.027282,10.3883,8.361018
10/13/2020 4:30,-1.013956,9.36417,8.350214
10/13/2020 5:00,-1.804371,10.1154,8.311029
10/13/2020 5:30,-1.280892,9.46709,8.186198
10/13/2020 6:00,-3.20389,11.2444,8.04051
10/13/2020 6:30,-0.1053262,8.07088,7.9655538
10/13/2020 7:00,0.8647003,7.01366,7.8783603
10/13/2020 7:30,1.3036376,6.52572,7.8293576
10/13/2020 8:00,2.3494163,5.50355,7.8529663
10/13/2020 8:30,5.993644,1.9422,7.935844
10/13/2020 9:00,5.0785175,2.86557,7.9440875
10/13/2020 9:30,13.39694,-5.40571,7.99123
10/13/2020 10:00,11.704984,-3.63336,8.071624
10/13/2020 10:30,14.166918,-5.96003,8.206888
10/13/2020 11:00,11.887456,-3.74094,8.146516
10/13/2020 11:30,14.1797305,-5.8981,8.2816305
10/13/2020 12:00,18.101107,-9.59033,8.510777
10/13/2020 12:30,23.297312,-14.6248,8.672512
10/13/2020 13:00,19.556674,-10.7811,8.775574
10/13/2020 13:30,18.664006,-9.68961,8.974396
10/13/2020 14:00,17.240421,-8.08821,9.152211
10/13/2020 14:30,16.774118,-7.47117,9.302948
10/13/2020 15:00,17.975757,-8.61513,9.360627
10/13/2020 15:30,14.566175,-5.18648,9.379695
10/13/2020 16:00,18.618435,-9.26216,9.356275
10/13/2020 16:30,18.456136,-9.15098,9.305156
10/13/2020 17:00,15.773528,-6.57986,9.193668
10/13/2020 17:30,9.465011,-0.375923,9.089088
10/13/2020 18:00,10.656884,-1.7523,8.904584
10/13/2020 18:30,0.744771,7.91516,8.659931
10/13/2020 19:00,4.037481,4.52709,8.564571
10/13/2020 19:30,0.4565,8.08123,8.53773
10/13/2020 20:00,3.705128,4.72671,8.431838
10/13/2020 20:30,3.777217,4.52709,8.304307
10/13/2020 21:00,0.194335,7.96323,8.157565
10/13/2020 21:30,2.8112294,5.09215,7.9033794
10/13/2020 22:00,2.1565315,5.45165,7.6081815
10/13/2020 22:30,2.4953564,4.8907,7.3860564
10/13/2020 23:00,-0.664367,7.88257,7.218203
10/13/2020 23:30,-2.83638,10.0596,7.22322
10/14/2020 0:00,-0.818798,7.88257,7.063772
10/14/2020 0:30,-2.2317226,9.19577,6.9640474
10/14/2020 1:00,-1.0489187,7.95614,6.9072213
10/14/2020 1:30,-3.4709154,10.1077,6.6367846
10/14/2020 2:00,-2.849377,9.53718,6.687803
10/14/2020 2:30,-12.3790236,18.8223,6.4432764
10/14/2020 3:00,-5.5824416,12.1469,6.5644584
10/14/2020 3:30,-20.019646,26.2451,6.225454
10/14/2020 4:00,-20.0511265,26.2451,6.1939735
10/14/2020 4:30,-12.488278,18.8223,6.334022
10/14/2020 5:00,-12.4674726,18.8223,6.3548274
10/14/2020 5:30,-12.497448,18.8223,6.324852
10/14/2020 6:00,-1.228205,7.59537,6.367165
10/14/2020 6:30,-1.3465006,7.59537,6.2488694
10/14/2020 7:00,-1.5101897,7.59537,6.0851803
10/14/2020 7:30,-1.625952,7.54029,5.914338
10/14/2020 8:00,5.074177,0.933372,6.007549
10/14/2020 8:30,10.4653627,-3.95352,6.5118427
10/14/2020 9:00,10.5469565,-3.52143,7.0255265
10/14/2020 9:30,15.2810934,-7.99695,7.2841434
10/14/2020 10:00,17.1933196,-9.62549,7.5678296
10/14/2020 10:30,17.034503,-9.23823,7.796273
10/14/2020 11:00,16.7562073,-8.78527,7.9709373
10/14/2020 11:30,17.312062,-9.1938,8.118262
10/14/2020 12:00,17.91619,-9.72691,8.18928
10/14/2020 12:30,18.277554,-9.95104,8.326514
10/14/2020 13:00,18.307669,-9.92885,8.378819
10/14/2020 13:30,18.423997,-9.98535,8.438647
10/14/2020 14:00,18.608443,-10.0474,8.561043
10/14/2020 14:30,18.657355,-10.0836,8.573755
10/14/2020 15:00,17.431363,-8.88834,8.543023
10/14/2020 15:30,14.366639,-5.85912,8.507519
10/14/2020 16:00,13.8638,-5.33813,8.52567
10/14/2020 16:30,13.436774,-4.99646,8.440314
10/14/2020 17:00,11.925402,-3.62191,8.303492
10/14/2020 17:30,11.5997985,-3.37443,8.2253685
10/14/2020 18:00,14.741474,-6.70566,8.035814
10/14/2020 18:30,1.843949,5.70645,7.550399
10/14/2020 19:00,-0.862434,7.59537,6.732936
10/14/2020 19:30,-0.978644,7.59537,6.616726
10/14/2020 20:00,-1.0383465,7.59537,6.5570235
10/14/2020 20:30,-1.091141,7.59537,6.504229
10/14/2020 21:00,-1.20868,7.59537,6.38669
10/14/2020 21:30,-1.499731,7.59537,6.095639
10/14/2020 22:00,-1.6266562,7.59537,5.9687138
10/14/2020 22:30,-1.715261,7.59537,5.880109
10/14/2020 23:00,-2.307058,7.60856,5.301502
10/14/2020 23:30,-2.4349035,7.63385,5.1989465
10/15/2020 0:00,-2.6887126,7.67486,4.9861474
10/15/2020 0:30,-2.82532,7.67486,4.84954
10/15/2020 1:00,-2.872094,7.67486,4.802766
10/15/2020 1:30,-2.9353747,7.67486,4.7394853
10/15/2020 2:00,-3.0080404,7.71909,4.7110496
10/15/2020 2:30,-3.158007,7.7478,4.589793
10/15/2020 3:00,-3.3127467,7.7478,4.4350533
10/15/2020 3:30,-3.347594,7.7478,4.400206
10/15/2020 4:00,-3.3332497,7.7478,4.4145503
10/15/2020 4:30,-3.2960244,7.7478,4.4517756
10/15/2020 5:00,-3.3884803,7.7478,4.3593197
10/15/2020 5:30,-3.3913313,7.7478,4.3564687
10/15/2020 6:00,-3.3339197,7.7478,4.4138803
10/15/2020 6:30,-3.2840153,7.7478,4.4637847
10/15/2020 7:00,-3.2506663,7.7478,4.4971337
10/15/2020 7:30,-3.1744527,7.68582,4.5113673
10/15/2020 8:00,2.979547,1.84729,4.826837
10/15/2020 8:30,11.9717404,-6.2376,5.7341404
10/15/2020 9:00,12.000824,-5.37861,6.622214
10/15/2020 9:30,14.703536,-7.49875,7.204786
10/15/2020 10:00,16.9343612,-9.23014,7.7042212
10/15/2020 10:30,18.549582,-10.5191,8.030482
10/15/2020 11:00,17.945539,-9.62434,8.321199
10/15/2020 11:30,12.771165,-4.19105,8.580115
10/15/2020 12:00,18.630961,-9.9353,8.695661
10/15/2020 12:30,20.758173,-11.9025,8.855673
10/15/2020 13:00,19.6911455,-10.7798,8.9113455
10/15/2020 13:30,20.344695,-11.4445,8.900195
10/15/2020 14:00,19.304359,-10.4126,8.891759
10/15/2020 14:30,18.091813,-9.31597,8.775843
10/15/2020 15:00,18.868193,-10.0066,8.861593
10/15/2020 15:30,15.977591,-7.13481,8.842781
10/15/2020 16:00,16.787412,-7.91939,8.868022
10/15/2020 16:30,15.236093,-6.41261,8.823483
10/15/2020 17:00,12.699021,-4.07121,8.627811
10/15/2020 17:30,10.622301,-2.14569,8.476611
10/15/2020 18:00,7.467297,0.79413,8.261427
10/15/2020 18:30,4.1752177,3.81747,7.9926877
10/15/2020 19:00,3.0220946,4.75238,7.7744746
10/15/2020 19:30,2.981373,4.70421,7.685583
10/15/2020 20:00,3.125969,4.4459,7.571869
10/15/2020 20:30,2.3818367,5.11998,7.5018167
10/15/2020 21:00,1.5400874,5.87655,7.4166374
10/15/2020 21:30,-2.001714,9.38379,7.382076
10/15/2020 22:00,-3.2645226,10.7215,7.4569774
10/15/2020 22:30,-0.3811667,7.78069,7.3995233
10/15/2020 23:00,-4.5412127,11.8703,7.3290873
10/15/2020 23:30,-0.9675623,8.291,7.3234377
10/16/2020 0:00,0.337791,6.94556,7.283351
10/16/2020 0:30,2.018226,5.3394,7.357626
10/16/2020 1:00,3.5941553,3.77601,7.3701653
10/16/2020 1:30,-3.3935685,10.6022,7.2086315
10/16/2020 2:00,-0.102482,7.10093,6.998448
10/16/2020 2:30,-1.987195,9.08479,7.097595
10/16/2020 3:00,-3.906737,11.0344,7.127663
10/16/2020 3:30,-1.4405375,8.45222,7.0116825
10/16/2020 4:00,-1.056566,7.83722,6.780654
10/16/2020 4:30,-1.0884953,7.94588,6.8573847
10/16/2020 5:00,-1.3246844,8.34111,7.0164256
10/16/2020 5:30,-7.871081,14.9077,7.036619
10/16/2020 6:00,-6.6162137,13.6711,7.0548863
10/16/2020 6:30,-2.486447,9.70349,7.217043
10/16/2020 7:00,-1.067449,8.19617,7.128721
10/16/2020 7:30,-1.2845657,8.33583,7.0512643
10/16/2020 8:00,-2.5990566,9.71954,7.1204834
10/16/2020 8:30,8.415852,-0.87742,7.538432
10/16/2020 9:00,13.367995,-5.74273,7.625265
10/16/2020 9:30,9.9902703,-2.22811,7.7621603
10/16/2020 10:00,18.62661,-10.4385,8.18811
10/16/2020 10:30,18.446584,-9.83305,8.613534
10/16/2020 11:00,19.937078,-11.2043,8.732778
10/16/2020 11:30,18.148006,-9.35064,8.797366
10/16/2020 12:00,21.01938,-12.2027,8.81668
10/16/2020 12:30,17.609881,-8.91595,8.693931
10/16/2020 13:00,15.809333,-7.17239,8.636943
10/16/2020 13:30,15.353626,-6.78892,8.564706
10/16/2020 14:00,20.019139,-11.3816,8.637539
10/16/2020 14:30,13.925547,-5.31945,8.606097
10/16/2020 15:00,15.29647,-6.87964,8.41683
10/16/2020 15:30,0.9513244,6.07862,7.0299444
10/16/2020 16:00,0.5700495,5.97595,6.5459995
10/16/2020 16:30,1.339907,5.07535,6.415257
10/16/2020 17:00,3.6097743,2.81333,6.4231043
10/16/2020 17:30,-0.9806627,7.28765,6.3069873
10/16/2020 18:00,-1.1765435,7.34603,6.1694865
10/16/2020 18:30,-8.221175,14.2669,6.045725
10/16/2020 19:00,-8.262219,14.2669,6.004681
10/16/2020 19:30,-8.304435,14.2669,5.962465
10/16/2020 20:00,-8.323494,14.2669,5.943406
10/16/2020 20:30,-8.31087,14.2669,5.95603
10/16/2020 21:00,-1.449239,7.40133,5.952091
10/16/2020 21:30,-1.5650743,7.40885,5.8437757
10/16/2020 22:00,-1.6774466,7.40885,5.7314034
10/16/2020 22:30,-1.7617376,7.40885,5.6471124
10/16/2020 23:00,-1.752449,7.40885,5.656401
10/16/2020 23:30,-1.8101438,7.40885,5.5987062
10/17/2020 0:00,-1.8099716,7.40885,5.5988784
10/17/2020 0:30,-1.6851695,7.40885,5.7236805
10/17/2020 1:00,-1.6539004,7.40885,5.7549496
10/17/2020 1:30,-1.799382,7.40885,5.609468
10/17/2020 2:00,-1.758385,7.38335,5.624965
10/17/2020 2:30,-1.6168076,7.38335,5.7665424
10/17/2020 3:00,-1.5556843,7.31273,5.7570457
10/17/2020 3:30,-1.5940315,7.31273,5.7186985
10/17/2020 4:00,-1.644205,7.31273,5.668525
10/17/2020 4:30,-1.8353726,7.31273,5.4773574
10/17/2020 5:00,-1.784442,7.16035,5.375908
10/17/2020 5:30,-1.926661,7.18295,5.256289
10/17/2020 6:00,-1.88787,7.18295,5.29508
10/17/2020 6:30,-1.9143724,7.18295,5.2685776
10/17/2020 7:00,-1.9689984,7.18295,5.2139516
10/17/2020 7:30,-2.0216904,7.11055,5.0888596
10/17/2020 8:00,3.4083424,1.70685,5.1151924
10/17/2020 8:30,11.4314155,-6.00566,5.4257555
10/17/2020 9:00,9.478898,-3.85016,5.628738
10/17/2020 9:30,12.8264206,-7.01837,5.8080506
10/17/2020 10:00,14.6996857,-8.69831,6.0013757
10/17/2020 10:30,15.6391014,-9.48605,6.1530514
10/17/2020 11:00,15.0198574,-8.71702,6.3028374
10/17/2020 11:30,14.9468745,-8.55414,6.3927345
10/17/2020 12:00,16.3240193,-9.84597,6.4780493
10/17/2020 12:30,16.3554877,-9.84597,6.5095177
10/17/2020 13:00,17.2458894,-10.7274,6.5184894
10/17/2020 13:30,16.815878,-10.2823,6.533578
10/17/2020 14:00,16.131053,-9.64407,6.486983
10/17/2020 14:30,15.7084867,-9.22108,6.4874067
10/17/2020 15:00,14.634228,-8.18541,6.448818
10/17/2020 15:30,14.976752,-8.58151,6.395242
10/17/2020 16:00,14.066574,-7.71831,6.348264
10/17/2020 16:30,13.551224,-7.27083,6.280394
10/17/2020 17:00,12.124587,-5.94852,6.176067
10/17/2020 17:30,9.239601,-3.21056,6.029041
10/17/2020 18:00,12.542122,-6.72736,5.814762
10/17/2020 18:30,-0.5326217,5.9745,5.4418783
10/17/2020 19:00,-2.152267,7.20494,5.052673
10/17/2020 19:30,-2.381517,7.22015,4.838633
10/17/2020 20:00,-2.6484627,7.21247,4.5640073
10/17/2020 20:30,-2.7932596,7.21838,4.4251204
10/17/2020 21:00,-2.867905,7.18269,4.314785
10/17/2020 21:30,-2.9258144,7.14131,4.2154956
10/17/2020 22:00,-2.967894,7.11771,4.149816
10/17/2020 22:30,-2.9955596,7.06854,4.0729804
10/17/2020 23:00,-3.1151497,7.0625,3.9473503
10/17/2020 23:30,-3.0725512,7.0657,3.9931488
10/18/2020 0:00,-3.086463,7.10046,4.013997
10/18/2020 0:30,-3.071014,7.14292,4.071906
10/18/2020 1:00,-3.089728,7.14292,4.053192
10/18/2020 1:30,-3.0527083,7.14523,4.0925217
10/18/2020 2:00,-2.8816883,7.14523,4.2635417
10/18/2020 2:30,-2.8985545,7.14523,4.2466755
10/18/2020 3:00,-2.9053423,7.14523,4.2398877
10/18/2020 3:30,-2.81833,7.14523,4.3269
10/18/2020 4:00,-2.578698,7.14523,4.566532
10/18/2020 4:30,-2.4622867,7.14523,4.6829433
10/18/2020 5:00,-16.4611844,21.0801,4.6189156
10/18/2020 5:30,-12.2232554,16.832,4.6087446
10/18/2020 6:00,-12.418183,16.832,4.413817
10/18/2020 6:30,-11.3075136,15.7817,4.4741864
10/18/2020 7:00,-9.0845654,13.6638,4.5792346
10/18/2020 7:30,-9.0410774,13.6638,4.6227226
10/18/2020 8:00,2.7163894,2.13185,4.8482394
10/18/2020 8:30,11.4497673,-6.1512,5.2985673
10/18/2020 9:00,9.775141,-4.00328,5.771861
10/18/2020 9:30,12.487438,-6.23792,6.249518
10/18/2020 10:00,12.327637,-5.76337,6.564267
10/18/2020 10:30,12.6433224,-5.86098,6.7823424
10/18/2020 11:00,13.848004,-6.90858,6.939424
10/18/2020 11:30,15.588916,-8.51561,7.073306
10/18/2020 12:00,15.2742204,-8.05625,7.2179704
10/18/2020 12:30,16.8194107,-9.48459,7.3348207
10/18/2020 13:00,17.439349,-10.0134,7.425949
10/18/2020 13:30,18.052275,-10.5349,7.517375
10/18/2020 14:00,18.155021,-10.6032,7.551821
10/18/2020 14:30,15.4175407,-7.88294,7.5346007
10/18/2020 15:00,15.377241,-7.89887,7.478371
10/18/2020 15:30,16.25712,-8.71571,7.54141
10/18/2020 16:00,13.748515,-6.23409,7.514425
10/18/2020 16:30,12.084626,-4.684,7.400626
10/18/2020 17:00,10.9473273,-3.69442,7.2529073
10/18/2020 17:30,3.42459,3.5673,6.99189
10/18/2020 18:00,1.745061,5.06281,6.807871
10/18/2020 18:30,-0.394753,7.0741,6.679347
10/18/2020 19:00,1.4985047,5.02219,6.5206947
10/18/2020 19:30,1.7991136,4.53959,6.3387036
10/18/2020 20:00,2.282569,3.93186,6.214429
10/18/2020 20:30,-6.6332933,12.6512,6.0179067
10/18/2020 21:00,-1.128111,6.93105,5.802939
10/18/2020 21:30,1.6551343,3.97515,5.6302843
10/18/2020 22:00,-5.735107,11.2044,5.469293
10/18/2020 22:30,-7.3678132,12.6414,5.2735868
10/18/2020 23:00,-7.812081,12.9654,5.153319
10/18/2020 23:30,-8.84559,13.6638,4.81821
10/19/2020 0:00,-8.79141,13.6638,4.87239
10/19/2020 0:30,-8.8452656,13.6638,4.8185344
10/19/2020 1:00,-9.823252,14.7367,4.913448
10/19/2020 1:30,-8.786292,13.6638,4.877508
10/19/2020 2:00,-9.7907566,14.7367,4.9459434
10/19/2020 2:30,-8.790565,13.6638,4.873235
10/19/2020 3:00,-9.8024578,14.7367,4.9342422
10/19/2020 3:30,-9.777483,14.7367,4.959217
10/19/2020 4:00,-8.855676,13.6638,4.808124
10/19/2020 4:30,-8.8651144,13.6638,4.7986856
10/19/2020 5:00,-9.7782006,14.7367,4.9584994
10/19/2020 5:30,-9.7739896,14.7367,4.9627104
10/19/2020 6:00,-8.901445,13.6638,4.762355
10/19/2020 6:30,-8.7902186,13.6638,4.8735814
10/19/2020 7:00,-8.8023126,13.6638,4.8614874
10/19/2020 7:30,-6.4185194,11.565,5.1464806
10/19/2020 8:00,-7.386919,12.6414,5.254481
10/19/2020 8:30,2.4022704,2.99447,5.3967404
10/19/2020 9:00,2.868125,2.99447,5.862595
10/19/2020 9:30,11.837243,-5.59341,6.243833
10/19/2020 10:00,13.542244,-6.99076,6.551484
10/19/2020 10:30,14.4996257,-7.59761,6.9020157
10/19/2020 11:00,15.6750236,-8.53329,7.1417336
10/19/2020 11:30,13.503783,-6.12365,7.380133
10/19/2020 12:00,16.101855,-8.58682,7.515035
10/19/2020 12:30,15.943523,-8.34049,7.603033
10/19/2020 13:00,15.8037114,-8.18541,7.6183014
10/19/2020 13:30,16.41087,-8.8273,7.58357
10/19/2020 14:00,13.1671583,-5.78639,7.3807683
10/19/2020 14:30,17.59556,-10.2146,7.38096
10/19/2020 15:00,13.4938514,-6.14871,7.3451414
10/19/2020 15:30,13.4683796,-6.17724,7.2911396
10/19/2020 16:00,11.080965,-3.90252,7.178445
10/19/2020 16:30,10.1198714,-3.15187,6.9680014
10/19/2020 17:00,4.535906,2.38911,6.925016
10/19/2020 17:30,11.1669148,-4.36214,6.8047748
10/19/2020 18:00,1.6164856,5.00144,6.6179256
10/19/2020 18:30,0.012926,6.61431,6.627236
10/19/2020 19:00,1.4955483,5.09025,6.5857983
10/19/2020 19:30,0.7420768,5.78748,6.5295568
10/19/2020 20:00,0.6886926,5.7978,6.4864926
10/19/2020 20:30,0.111537,6.30913,6.420667
10/19/2020 21:00,-2.107364,8.5128,6.405436
10/19/2020 21:30,-5.132179,11.4472,6.315021
10/19/2020 22:00,-2.4459315,8.65128,6.2053485
10/19/2020 22:30,-1.69651,7.88525,6.18874
10/19/2020 23:00,-1.656669,7.8327,6.176031
10/19/2020 23:30,2.658054,3.50769,6.165744
10/20/2020 0:00,2.1872816,3.97854,6.1658216
10/20/2020 0:30,-1.6614425,7.8327,6.1712575
10/20/2020 1:00,1.652231,4.51688,6.169111
10/20/2020 1:30,1.986655,4.17698,6.163635
10/20/2020 2:00,-1.6728785,7.8327,6.1598215
10/20/2020 2:30,-1.671521,7.8327,6.161179
10/20/2020 3:00,-1.666668,7.8327,6.166032
10/20/2020 3:30,-1.655007,7.8327,6.177693
10/20/2020 4:00,-1.676143,7.8327,6.156557
10/20/2020 4:30,-1.6707523,7.8327,6.1619477
10/20/2020 5:00,-1.58175,7.75662,6.17487
10/20/2020 5:30,-1.5065428,7.69763,6.1910872
10/20/2020 6:00,0.7640856,5.42647,6.1905556
10/20/2020 6:30,-1.391225,7.57096,6.179735
10/20/2020 7:00,-0.25409,6.41843,6.16434
10/20/2020 7:30,-1.410633,7.57096,6.160327
10/20/2020 8:00,-0.1916744,6.34854,6.1568656
10/20/2020 8:30,-7.6663926,13.8625,6.1961074
10/20/2020 9:00,-1.889915,8.21796,6.328045
10/20/2020 9:30,-1.822402,8.21796,6.395558
10/20/2020 10:00,12.0880756,-5.5699,6.5181756
10/20/2020 10:30,15.659856,-8.88883,6.771026
10/20/2020 11:00,18.527206,-11.4805,7.046706
10/20/2020 11:30,15.952054,-8.68098,7.271074
10/20/2020 12:00,13.12223,-5.78639,7.33584
10/20/2020 12:30,17.471656,-9.9283,7.543356
10/20/2020 13:00,13.6477604,-6.14673,7.5010304
10/20/2020 13:30,14.479063,-6.93719,7.541873
10/20/2020 14:00,15.8247167,-8.06594,7.7587767
10/20/2020 14:30,16.396969,-8.5876,7.809369
10/20/2020 15:00,16.2386087,-8.4165,7.8221087
10/20/2020 15:30,15.0749226,-7.25701,7.8179126
10/20/2020 16:00,12.6846295,-5.04176,7.6428695
10/20/2020 16:30,13.5693847,-5.88927,7.6801147
10/20/2020 17:00,5.6744415,1.83261,7.5070515
10/20/2020 17:30,3.4495,3.88913,7.33863
10/20/2020 18:00,6.318193,0.984656,7.302849
10/20/2020 18:30,0.840778,6.29943,7.140208
10/20/2020 19:00,-0.556216,7.4808,6.924584
10/20/2020 19:30,0.921906,5.88552,6.807426
10/20/2020 20:00,0.801113,5.86767,6.668783
10/20/2020 20:30,0.7970505,5.73564,6.5326905
10/20/2020 21:00,0.7811617,5.65513,6.4362917
10/20/2020 21:30,1.2120056,5.14463,6.3566356
10/20/2020 22:00,0.218521,6.05811,6.276631
10/20/2020 22:30,0.235584,5.99206,6.227644
10/20/2020 23:00,-1.2806626,7.44691,6.1662474
10/20/2020 23:30,-1.032499,7.11917,6.086671
10/21/2020 0:00,-1.571894,7.40072,5.828826
10/21/2020 0:30,-1.535174,7.40072,5.865546
10/21/2020 1:00,-1.515086,7.40072,5.885634
10/21/2020 1:30,-1.486566,7.40072,5.914154
10/21/2020 2:00,-1.530115,7.40072,5.870605
10/21/2020 2:30,-1.592173,7.40072,5.808547
10/21/2020 3:00,-1.572833,7.40072,5.827887
10/21/2020 3:30,-1.5637683,7.40072,5.8369517
10/21/2020 4:00,-1.571971,7.40072,5.828749
10/21/2020 4:30,-1.606406,7.40072,5.794314
10/21/2020 5:00,-1.5625123,7.40072,5.8382077
10/21/2020 5:30,-1.6092956,7.36643,5.7571344
10/21/2020 6:00,-1.1121133,6.65357,5.5414567
10/21/2020 6:30,-1.789312,7.19708,5.407768
10/21/2020 7:00,-1.099857,6.65357,5.553713
10/21/2020 7:30,-1.851648,7.18987,5.338222
10/21/2020 8:00,-1.1454447,6.32524,5.1797953
10/21/2020 8:30,1.094088,4.3515,5.445588
10/21/2020 9:00,-7.9237454,13.8625,5.9387546
10/21/2020 9:30,12.7137585,-6.40198,6.3117785
10/21/2020 10:00,13.2691536,-6.59582,6.6733336
10/21/2020 10:30,13.9419965,-7.03554,6.9064565
10/21/2020 11:00,14.757732,-7.52318,7.234552
10/21/2020 11:30,15.4093444,-7.95523,7.4541144
10/21/2020 12:00,15.0173526,-7.52318,7.4941726
10/21/2020 12:30,13.3939945,-6.01425,7.3797445
10/21/2020 13:00,10.062345,-2.70884,7.353505
10/21/2020 13:30,12.110115,-4.74384,7.366275
10/21/2020 14:00,15.0524224,-7.59559,7.4568324
10/21/2020 14:30,15.8007187,-8.24798,7.5527387
10/21/2020 15:00,15.7871923,-8.10994,7.6772523
10/21/2020 15:30,15.0836284,-7.51702,7.5666084
10/21/2020 16:00,12.156288,-4.70327,7.453018
10/21/2020 16:30,12.712134,-5.17275,7.539384
10/21/2020 17:00,10.1626033,-2.82518,7.3374233
10/21/2020 17:30,3.7532406,3.41437,7.1676106
10/21/2020 18:00,2.537887,4.45387,6.991757
10/21/2020 18:30,0.4299054,6.32797,6.7578754
10/21/2020 19:00,0.200304,6.3406,6.540904
10/21/2020 19:30,0.5012907,5.91072,6.4120107
10/21/2020 20:00,0.177545,6.12601,6.303555
10/21/2020 20:30,-0.0674457,6.2792,6.2117543
10/21/2020 21:00,-3.3852347,9.35863,5.9733953
10/21/2020 21:30,0.007073,5.80223,5.809303
10/21/2020 22:00,-1.6110142,7.40072,5.7897058
10/21/2020 22:30,-1.7073888,7.40072,5.6933312
10/21/2020 23:00,-1.73983,7.36643,5.6266
10/21/2020 23:30,-1.8375103,7.41733,5.5798197
10/22/2020 0:00,-1.1989988,6.65357,5.4545712
10/22/2020 0:30,-1.8567484,7.19708,5.3403316
10/22/2020 1:00,-1.8600668,7.19708,5.3370132
10/22/2020 1:30,-1.931429,7.15034,5.218911
10/22/2020 2:00,-1.9422406,7.15034,5.2080994
10/22/2020 2:30,-1.960441,7.18987,5.229429
10/22/2020 3:00,-2.766636,7.80526,5.038624
10/22/2020 3:30,0.413487,4.58447,4.997957
10/22/2020 4:00,0.3550146,4.58447,4.9394846
10/22/2020 4:30,0.3848055,4.58447,4.9692755
10/22/2020 5:00,-3.907029,8.71968,4.812651
10/22/2020 5:30,-4.0324763,8.91161,4.8791337
10/22/2020 6:00,-4.0380005,8.91161,4.8736095
10/22/2020 6:30,0.335287,4.58447,4.919757
10/22/2020 7:00,-4.0434536,8.91161,4.8681564
10/22/2020 7:30,0.3616956,4.58447,4.9461656
10/22/2020 8:00,-1.200463,6.32524,5.124777
10/22/2020 8:30,5.107312,0.364936,5.472248
10/22/2020 9:00,12.553845,-6.46603,6.087815
10/22/2020 9:30,11.42964,-5.12971,6.29993
10/22/2020 10:00,10.274251,-3.91092,6.363331
10/22/2020 10:30,11.874355,-5.33841,6.535945
10/22/2020 11:00,12.97505,-6.31229,6.66276
10/22/2020 11:30,15.1570885,-8.29057,6.8665185
10/22/2020 12:00,15.5392614,-8.47748,7.0617814
10/22/2020 12:30,13.2105203,-6.25347,6.9570503
10/22/2020 13:00,14.547726,-7.53913,7.008596
10/22/2020 13:30,15.575055,-8.4591,7.115955
10/22/2020 14:00,15.6018306,-8.46795,7.1338806
10/22/2020 14:30,14.587793,-7.50924,7.078553
10/22/2020 15:00,15.493101,-8.31085,7.182251
10/22/2020 15:30,16.175521,-9.09367,7.081851
10/22/2020 16:00,13.6061986,-6.43627,7.1699286
10/22/2020 16:30,11.919065,-4.80078,7.118285
10/22/2020 17:00,9.465024,-2.50392,6.961104
10/22/2020 17:30,8.2311223,-1.45943,6.7716923
10/22/2020 18:00,1.9769114,4.50764,6.4845514
10/22/2020 18:30,2.380489,3.81794,6.198429
10/22/2020 19:00,0.7782457,5.30528,6.0835257
10/22/2020 19:30,0.919765,5.17639,6.096155
10/22/2020 20:00,-0.370276,6.47049,6.100214
10/22/2020 20:30,1.148457,4.86673,6.015187
10/22/2020 21:00,0.1654566,5.85554,6.0209966
10/22/2020 21:30,0.0967145,5.85675,5.9534645
10/22/2020 22:00,-3.2855315,9.2609,5.9753685
10/22/2020 22:30,0.7341093,5.21343,5.9475393
10/22/2020 23:00,2.137645,3.81333,5.950975
10/22/2020 23:30,1.9541756,3.98812,5.9422956
10/23/2020 0:00,0.2878444,5.53878,5.8266244
10/23/2020 0:30,-1.125515,6.89231,5.766795
10/23/2020 1:00,2.218967,3.66255,5.881517
10/23/2020 1:30,0.8408603,5.0407,5.8815603
10/23/2020 2:00,1.0052363,4.88283,5.8880663
10/23/2020 2:30,1.7289113,4.18079,5.9097013
10/23/2020 3:00,0.6415226,5.27295,5.9144726
10/23/2020 3:30,-1.0636337,6.93836,5.8747263
10/23/2020 4:00,-0.595192,6.45993,5.864738
10/23/2020 4:30,-1.603663,7.48014,5.876477
10/23/2020 5:00,-1.598049,7.48014,5.882091
10/23/2020 5:30,-1.3489377,7.09885,5.7499123
10/23/2020 6:00,-1.4154385,7.02572,5.6102815
10/23/2020 6:30,-1.402573,6.95133,5.548757
10/23/2020 7:00,-1.4143006,6.92719,5.5128894
10/23/2020 7:30,-1.329882,7.03633,5.706448
10/23/2020 8:00,-2.07573,7.87331,5.79758
10/23/2020 8:30,-3.8356003,9.71954,5.8839397
10/23/2020 9:00,-7.9105747,13.8625,5.9519253
10/23/2020 9:30,11.550111,-5.39855,6.151561
10/23/2020 10:00,12.1841313,-5.89804,6.2860913
10/23/2020 10:30,13.994427,-7.54474,6.449687
10/23/2020 11:00,13.2114103,-6.62309,6.5883203
10/23/2020 11:30,13.725113,-7.07872,6.646393
10/23/2020 12:00,14.971813,-8.22731,6.744503
10/23/2020 12:30,14.6559753,-7.81046,6.8455153
10/23/2020 13:00,16.0333007,-9.07636,6.9569407
10/23/2020 13:30,14.6827293,-7.72536,6.9573693
10/23/2020 14:00,12.5941683,-5.80644,6.7877283
10/23/2020 14:30,12.672975,-5.91424,6.758735
10/23/2020 15:00,17.173662,-10.159,7.014662
10/23/2020 15:30,15.253728,-8.26597,6.987758
10/23/2020 16:00,13.7848,-6.86889,6.91591
10/23/2020 16:30,11.228736,-4.61019,6.618546
10/23/2020 17:00,12.4865017,-5.74159,6.7449117
10/23/2020 17:30,9.0988253,-2.47269,6.6261353
10/23/2020 18:00,1.6825524,4.67247,6.3550224
10/23/2020 18:30,-0.171275,6.26939,6.098115
10/23/2020 19:00,1.39572,4.45221,5.84793
10/23/2020 19:30,0.723532,4.97241,5.695942
10/23/2020 20:00,0.3053994,5.29601,5.6014094
10/23/2020 20:30,-1.2449366,6.74182,5.4968834
10/23/2020 21:00,-2.3883424,7.80578,5.4174376
10/23/2020 21:30,-1.5075643,6.97874,5.4711757
10/23/2020 22:00,-2.3575684,7.66669,5.3091216
10/23/2020 22:30,-2.429989,7.44744,5.017451
10/23/2020 23:00,0.3018034,4.58447,4.8862734
10/23/2020 23:30,-3.9530064,8.71968,4.7666736
10/24/2020 0:00,-4.0228144,8.71968,4.6968656
10/24/2020 0:30,-9.0714657,13.6638,4.5923343
10/24/2020 1:00,-9.15524,13.6638,4.50856
10/24/2020 1:30,-9.1872413,13.6638,4.4765587
10/24/2020 2:00,-9.2554667,13.6638,4.4083333
10/24/2020 2:30,-9.397499,13.6638,4.266301
10/24/2020 3:00,-9.2877953,13.6638,4.3760047
10/24/2020 3:30,-9.204212,13.6638,4.459588
10/24/2020 4:00,-9.2181447,13.6638,4.4456553
10/24/2020 4:30,-9.2141106,13.6638,4.4496894
10/24/2020 5:00,-9.220968,13.6638,4.442832
10/24/2020 5:30,-9.245301,13.6638,4.418499
10/24/2020 6:00,-9.255981,13.6638,4.407819
10/24/2020 6:30,-9.254041,13.6638,4.409759
10/24/2020 7:00,-9.205522,13.6638,4.458278
10/24/2020 7:30,-9.1399195,13.6638,4.5238805
10/24/2020 8:00,-6.475059,11.1815,4.706441
10/24/2020 8:30,1.269116,3.73589,5.005006
10/24/2020 9:00,8.266969,-2.94277,5.324199
10/24/2020 9:30,11.2806175,-5.59811,5.6825075
10/24/2020 10:00,12.9016835,-6.86889,6.0327935
10/24/2020 10:30,11.939921,-5.64013,6.299791
10/24/2020 11:00,15.6875016,-9.04696,6.6405416
10/24/2020 11:30,15.818422,-8.86304,6.955382
10/24/2020 12:00,13.71228,-6.54969,7.16259
10/24/2020 12:30,15.6145916,-8.27913,7.3354616
10/24/2020 13:00,14.687712,-7.22134,7.466372
10/24/2020 13:30,17.0383055,-9.46756,7.5707455
10/24/2020 14:00,15.5264504,-7.97101,7.5554404
10/24/2020 14:30,14.7732926,-7.13336,7.6399326
10/24/2020 15:00,15.5227523,-7.85988,7.6628723
10/24/2020 15:30,12.94896,-5.40871,7.54025
10/24/2020 16:00,12.671696,-5.12782,7.543876
10/24/2020 16:30,11.689769,-4.25329,7.436479
10/24/2020 17:00,11.063543,-3.74959,7.313953
10/24/2020 17:30,7.414984,-0.257381,7.157603
10/24/2020 18:00,4.9811776,1.84604,6.8272176
10/24/2020 18:30,1.8897626,4.66766,6.5574226
10/24/2020 19:00,-0.026557,6.43809,6.411533
10/24/2020 19:30,1.4573665,4.86799,6.3253565
10/24/2020 20:00,0.9618515,5.26364,6.2254915
10/24/2020 20:30,1.789244,4.36265,6.151894
10/24/2020 21:00,2.2690463,3.83143,6.1004763
10/24/2020 21:30,0.8467986,5.20587,6.0526686
10/24/2020 22:00,1.993698,4.00827,6.001968
10/24/2020 22:30,0.0165094,5.95671,5.9732194
10/24/2020 23:00,-2.850068,8.76435,5.914282
10/24/2020 23:30,1.48339,4.38263,5.86602
10/25/2020 0:00,-0.25929,6.01373,5.75444
10/25/2020 0:30,0.116408,5.39052,5.506928
10/25/2020 1:00,1.308807,4.06536,5.374167
10/25/2020 1:30,-3.519405,8.86719,5.347785
10/25/2020 2:00,-1.8800205,7.15034,5.2703195
10/25/2020 2:30,-2.31121,7.44744,5.13623
10/25/2020 3:00,-2.3077477,7.44744,5.1396923
10/25/2020 3:30,-2.703268,7.80526,5.101992
10/25/2020 4:00,0.473048,4.58447,5.057518
10/25/2020 4:30,-2.303217,7.44744,5.144223
10/25/2020 5:00,-1.6279423,6.70386,5.0759177
10/25/2020 5:30,-1.96294,7.31945,5.35651
10/25/2020 6:00,-9.931206,15.4761,5.544894
10/25/2020 6:30,-1.303549,6.97874,5.675191
10/25/2020 7:00,-1.1622187,6.92719,5.7649713
10/25/2020 7:30,-1.1077483,6.95133,5.8435817
10/25/2020 8:00,-1.118559,7.03633,5.917771
10/25/2020 8:30,-1.832464,7.87331,6.040846
10/25/2020 9:00,-0.9629047,7.13637,6.1734653
10/25/2020 9:30,-0.8870256,7.11782,6.2307944
10/25/2020 10:00,-0.0052494,6.17425,6.1690006
10/25/2020 10:30,-0.9798296,7.13637,6.1565404
10/25/2020 11:00,-0.7262067,6.88557,6.1593633
10/25/2020 11:30,-1.741738,7.87331,6.131572
10/25/2020 12:00,-1.0949466,7.14346,6.0485134
10/25/2020 12:30,-3.701958,9.71954,6.017582
10/25/2020 13:00,-3.5867366,9.65524,6.0685034
10/25/2020 13:30,-4.939463,11.0491,6.109637
10/25/2020 14:00,-7.692096,13.8625,6.170404
10/25/2020 14:30,-10.470395,16.6759,6.205505
10/25/2020 15:00,11.8051184,-5.56824,6.2368784
10/25/2020 15:30,7.047612,-0.801465,6.246147
10/25/2020 16:00,2.753745,3.53504,6.288785
10/25/2020 16:30,4.9964425,1.35194,6.3483825
10/25/2020 17:00,4.2999056,2.08169,6.3815956
10/25/2020 17:30,1.9981705,4.3733,6.3714705
10/25/2020 18:00,-0.182509,6.50759,6.325081
10/25/2020 18:30,0.7693407,5.53878,6.3081207
10/25/2020 19:00,0.921887,5.38105,6.302937
10/25/2020 19:30,1.512407,4.77568,6.288087
10/25/2020 20:00,0.88451,5.38638,6.27089
10/25/2020 20:30,-0.6698187,6.93836,6.2685413
10/25/2020 21:00,-0.6841805,6.93836,6.2541795
10/25/2020 21:30,-0.402446,6.64673,6.244284
10/25/2020 22:00,-0.540484,6.79137,6.250886
10/25/2020 22:30,-0.5695687,6.84268,6.2731113
10/25/2020 23:00,-0.5746923,6.79137,6.2166777
10/25/2020 23:30,-0.7156703,6.82076,6.1050897
10/26/2020 0:00,-0.7262426,6.85211,6.1258674
10/26/2020 0:30,-0.7657895,6.89714,6.1313505
10/26/2020 1:00,-0.744701,6.84459,6.099889
10/26/2020 1:30,-2.391412,8.3916,6.000188
10/26/2020 2:00,-1.4192303,7.30527,5.8860397
10/26/2020 2:30,-1.901271,7.74333,5.842059
10/26/2020 3:00,-1.543237,7.321,5.777763
10/26/2020 3:30,-1.508523,7.29,5.781477
10/26/2020 4:00,-0.795545,6.58327,5.787725
10/26/2020 4:30,-1.6507844,7.41613,5.7653456
10/26/2020 5:00,-1.5086304,7.27025,5.7616196
10/26/2020 5:30,-0.902367,6.651,5.748633
10/26/2020 6:00,-1.1804783,6.92047,5.7399917
10/26/2020 6:30,-0.2208325,5.96797,5.7471375
10/26/2020 7:00,-1.507907,7.20733,5.699423
10/26/2020 7:30,-0.83051,6.50453,5.67402
10/26/2020 8:00,0.4072897,5.26385,5.6711397
10/26/2020 8:30,-1.5518275,7.20498,5.6531525
10/26/2020 9:00,0.0309237,5.61824,5.6491637
10/26/2020 9:30,2.7603565,2.94144,5.7017965
10/26/2020 10:00,6.3145035,-0.559315,5.7551885
10/26/2020 10:30,8.7581307,-2.94478,5.8133507
10/26/2020 11:00,10.23879,-4.35085,5.88794
10/26/2020 11:30,9.9684554,-4.0396,5.9288554
10/26/2020 12:00,10.89515,-4.92517,5.96998
10/26/2020 12:30,11.4919544,-5.45641,6.0355444
10/26/2020 13:00,11.29558,-5.22798,6.0676
10/26/2020 13:30,11.2755197,-5.22798,6.0475397
10/26/2020 14:00,11.5527717,-5.43212,6.1206517
10/26/2020 14:30,12.031257,-5.85881,6.172447
10/26/2020 15:00,11.778393,-5.58895,6.189443
10/26/2020 15:30,11.648783,-5.43212,6.216663
10/26/2020 16:00,10.0514066,-3.85623,6.1951766
10/26/2020 16:30,9.1598026,-2.92753,6.2322726
10/26/2020 17:00,3.348326,2.85825,6.206576
10/26/2020 17:30,1.256107,4.89805,6.154157
10/26/2020 18:00,1.040255,5.01035,6.050605
10/26/2020 18:30,-0.075381,6.04938,5.973999
10/26/2020 19:00,-0.483623,6.4218,5.938177
10/26/2020 19:30,-0.4618834,6.4218,5.9599166
10/26/2020 20:00,0.6604047,5.29668,5.9570847
10/26/2020 20:30,1.045249,4.88623,5.931479
10/26/2020 21:00,0.822676,5.06719,5.889866
10/26/2020 21:30,-1.254784,7.05096,5.796176
10/26/2020 22:00,-1.1900857,6.97874,5.7886543
10/26/2020 22:30,-0.48012,6.25628,5.77616
10/26/2020 23:00,-1.1208907,6.89246,5.7715693
10/26/2020 23:30,-1.237271,6.99503,5.757759
10/27/2020 0:00,-1.387043,7.17484,5.787797
10/27/2020 0:30,-1.3394733,7.17484,5.8353667
10/27/2020 1:00,-1.390542,7.17227,5.781728
10/27/2020 1:30,-1.530049,7.27211,5.742061
10/27/2020 2:00,-1.6639294,7.3877,5.7237706
10/27/2020 2:30,-1.708342,7.42359,5.715248
10/27/2020 3:00,-1.6565913,7.3877,5.7311087
10/27/2020 3:30,-1.700269,7.42359,5.723321
10/27/2020 4:00,-1.7008575,7.42359,5.7227325
10/27/2020 4:30,-1.8452947,7.55671,5.7114153
10/27/2020 5:00,-1.982522,7.66669,5.684168
10/27/2020 5:30,1.6921817,3.97656,5.6687417
10/27/2020 6:00,-1.972787,7.63517,5.662383
10/27/2020 6:30,-1.705248,7.35274,5.647492
10/27/2020 7:00,-1.956607,7.63517,5.678563
10/27/2020 7:30,-1.6952973,7.31945,5.6241527
10/27/2020 8:00,-1.8272377,7.40621,5.5789723
10/27/2020 8:30,-1.4847917,7.11452,5.6297283
10/27/2020 9:00,0.9858525,4.71436,5.7002125
10/27/2020 9:30,2.261889,3.48545,5.747339
10/27/2020 10:00,6.0410555,-0.214783,5.8262725
10/27/2020 10:30,9.529647,-3.61061,5.919037
10/27/2020 11:00,10.2402832,-4.24386,5.9964232
10/27/2020 11:30,11.317266,-5.19809,6.119176
10/27/2020 12:00,13.8206966,-7.60587,6.2148266
10/27/2020 12:30,14.5266424,-8.22117,6.3054724
10/27/2020 13:00,12.575425,-6.19768,6.377745
10/27/2020 13:30,12.9330166,-6.51769,6.4153266
10/27/2020 14:00,13.656581,-7.17971,6.476871
10/27/2020 14:30,11.0604847,-4.61637,6.4441147
10/27/2020 15:00,12.9035654,-6.40306,6.5005054
10/27/2020 15:30,9.968682,-3.45616,6.512522
10/27/2020 16:00,2.698669,3.7608,6.459469
10/27/2020 16:30,3.069153,3.48545,6.554603
10/27/2020 17:00,1.357178,5.14753,6.504708
10/27/2020 17:30,1.2904566,5.15086,6.4413166
10/27/2020 18:00,-0.116951,6.44683,6.329879
10/27/2020 18:30,-0.1929677,6.44855,6.2555823
10/27/2020 19:00,1.25157,4.97241,6.22398
10/27/2020 19:30,1.685625,4.38263,6.068255
10/27/2020 20:00,0.747789,5.23961,5.987399
10/27/2020 20:30,-0.2949166,6.27317,5.9782534
10/27/2020 21:00,-1.093104,6.92354,5.830436
10/27/2020 21:30,-1.8774347,7.63517,5.7577353
10/27/2020 22:00,-1.5587596,7.15034,5.5915804
10/27/2020 22:30,-1.9815415,7.44744,5.4658985
10/27/2020 23:00,-3.671936,8.91161,5.239674
10/27/2020 23:30,-6.1123715,11.1815,5.0691285
10/28/2020 0:00,-6.105427,11.1815,5.076073
10/28/2020 0:30,-8.68341,13.6638,4.98039
10/28/2020 1:00,-8.771757,13.6638,4.892043
10/28/2020 1:30,-8.798821,13.6638,4.864979
10/28/2020 2:00,-8.9376566,13.6638,4.7261434
10/28/2020 2:30,-8.938182,13.6638,4.725618
10/28/2020 3:00,-9.1136005,13.6638,4.5501995
10/28/2020 3:30,-9.0256703,13.6638,4.6381297
10/28/2020 4:00,-8.7679365,13.6638,4.8958635
10/28/2020 4:30,-3.5739457,8.71968,5.1457343
10/28/2020 5:00,-6.0992775,11.1815,5.0822225
10/28/2020 5:30,-6.1422663,11.1815,5.0392337
10/28/2020 6:00,-6.151347,11.1815,5.030153
10/28/2020 6:30,-6.141581,11.1815,5.039919
10/28/2020 7:00,-8.671075,13.6638,4.992725
10/28/2020 7:30,-6.15374,11.1815,5.02776
10/28/2020 8:00,-6.1420794,11.1815,5.0394206
10/28/2020 8:30,0.8600897,4.48482,5.3449097
10/28/2020 9:00,8.2330745,-2.53876,5.6943145
10/28/2020 9:30,11.204531,-5.16461,6.039921
10/28/2020 10:00,13.0933605,-6.71203,6.3813305
10/28/2020 10:30,13.9198647,-7.33212,6.5877447
10/28/2020 11:00,14.15574,-7.24332,6.91242
10/28/2020 11:30,17.283181,-9.98871,7.294471
10/28/2020 12:00,16.222698,-8.67225,7.550448
10/28/2020 12:30,15.3182414,-7.59495,7.7232914
10/28/2020 13:00,14.9030965,-7.22029,7.6828065
10/28/2020 13:30,16.899675,-9.13169,7.767985
10/28/2020 14:00,17.1398137,-9.34111,7.7987037
10/28/2020 14:30,18.099942,-10.064,8.035942
10/28/2020 15:00,14.7892144,-6.93797,7.8512444
10/28/2020 15:30,14.4142055,-6.52461,7.8895955
10/28/2020 16:00,12.8985734,-5.09512,7.8034534
10/28/2020 16:30,13.8962463,-6.05625,7.8399963
10/28/2020 17:00,11.571667,-3.86243,7.709237
10/28/2020 17:30,8.993696,-1.54025,7.453446
10/28/2020 18:00,5.659921,1.5792,7.239121
10/28/2020 18:30,2.271679,4.72671,6.998389
10/28/2020 19:00,1.8220265,5.03808,6.8601065
10/28/2020 19:30,1.764084,5.01766,6.781744
10/28/2020 20:00,2.3231974,4.36098,6.6841774
10/28/2020 20:30,0.3973496,6.22072,6.6180696
10/28/2020 21:00,1.0218973,5.55936,6.5812573
10/28/2020 21:30,1.781518,4.76536,6.546878
10/28/2020 22:00,1.1495026,5.34191,6.4914126
10/28/2020 22:30,1.377705,5.10697,6.484675
10/28/2020 23:00,1.2294696,5.22912,6.4585896
10/28/2020 23:30,-0.0059264,6.43207,6.4261436
10/29/2020 0:00,1.1659956,5.21942,6.3854156
10/29/2020 0:30,-2.3697915,8.73208,6.3622885
10/29/2020 1:00,0.164302,6.19115,6.355452
10/29/2020 1:30,-0.378519,6.63451,6.255991
10/29/2020 2:00,-4.485514,10.7523,6.266786
10/29/2020 2:30,0.4349176,5.84459,6.2795076
10/29/2020 3:00,-3.4191974,9.75819,6.3389926
10/29/2020 3:30,-3.699401,10.0652,6.365799
10/29/2020 4:00,0.785626,5.54635,6.331976
10/29/2020 4:30,-3.14911,9.52139,6.37228
10/29/2020 5:00,1.5153877,4.91725,6.4326377
10/29/2020 5:30,-0.710289,7.16536,6.455071
10/29/2020 6:00,-1.1818245,7.58051,6.3986855
10/29/2020 6:30,-2.5796767,8.96763,6.3879533
10/29/2020 7:00,2.109176,4.35389,6.463066
10/29/2020 7:30,0.6021225,5.88149,6.4836125
10/29/2020 8:00,-3.353846,9.91243,6.558584
10/29/2020 8:30,5.5550007,1.2408,6.7958007
10/29/2020 9:00,-2.6315016,9.65524,7.0237384
10/29/2020 9:30,5.3511197,1.87092,7.2220397
10/29/2020 10:00,9.849364,-2.41401,7.435354
10/29/2020 10:30,12.2229647,-4.48179,7.7411747
10/29/2020 11:00,14.7287495,-6.78673,7.9420195
10/29/2020 11:30,12.9957014,-5.01433,7.9813714
10/29/2020 12:00,12.644953,-4.60627,8.038683
10/29/2020 12:30,11.880571,-3.76969,8.110881
10/29/2020 13:00,13.4926265,-5.29962,8.1930065
10/29/2020 13:30,16.373563,-8.11469,8.258873
10/29/2020 14:00,16.559866,-8.29217,8.267696
10/29/2020 14:30,17.05928,-8.65154,8.40774
10/29/2020 15:00,16.4128725,-8.05394,8.3589325
10/29/2020 15:30,14.392581,-6.08992,8.302661
10/29/2020 16:00,14.1328005,-5.85222,8.2805805
10/29/2020 16:30,14.36912,-5.97778,8.39134
10/29/2020 17:00,9.016853,-0.704446,8.312407
10/29/2020 17:30,6.206697,2.01083,8.217527
10/29/2020 18:00,3.881965,4.26085,8.142815
10/29/2020 18:30,0.926738,7.10294,8.029678
10/29/2020 19:00,0.8887053,7.09662,7.9853253
10/29/2020 19:30,1.616189,6.3554,7.971589
10/29/2020 20:00,1.760899,6.13278,7.893679
10/29/2020 20:30,1.802262,6.05884,7.861102
10/29/2020 21:00,1.143977,6.70613,7.850107
10/29/2020 21:30,1.425133,6.43618,7.861313
10/29/2020 22:00,1.861586,5.98162,7.843206
10/29/2020 22:30,1.115949,6.50346,7.619409
10/29/2020 23:00,-6.6936705,14.2172,7.5235295
10/29/2020 23:30,1.1760974,6.39851,7.5746074
10/30/2020 0:00,0.1437634,7.43002,7.5737834
10/30/2020 0:30,-0.074458,7.66016,7.585702
10/30/2020 1:00,-0.2791607,7.8903,7.6111393
10/30/2020 1:30,0.771787,6.89434,7.666127
10/30/2020 2:00,0.4551423,7.26288,7.7180223
10/30/2020 2:30,-0.2625584,7.98386,7.7213016
10/30/2020 3:00,0.5520942,7.13116,7.6832542
10/30/2020 3:30,0.0687554,7.61042,7.6791754
10/30/2020 4:00,-0.47693,8.1845,7.70757
10/30/2020 4:30,-0.535168,8.2228,7.687632
10/30/2020 5:00,0.889231,6.53545,7.424681
10/30/2020 5:30,0.241161,6.53545,6.776611
10/30/2020 6:00,0.213395,6.53545,6.748845
10/30/2020 6:30,1.9019593,4.74711,6.6490693
10/30/2020 7:00,2.154067,4.54563,6.699697
10/30/2020 7:30,1.0659286,5.66199,6.7279186
10/30/2020 8:00,1.4177663,5.29056,6.7083263
10/30/2020 8:30,0.28741,6.2574,6.54481
10/30/2020 9:00,1.014577,5.24885,6.263427
10/30/2020 9:30,1.0846477,4.82833,5.9129777
10/30/2020 10:00,2.656254,3.17425,5.830504
10/30/2020 10:30,7.3472343,-1.47154,5.8756943
10/30/2020 11:00,10.2568944,-4.26032,5.9965744
10/30/2020 11:30,14.2558276,-7.95706,6.2987676
10/30/2020 12:00,14.4557015,-8.08555,6.3701515
10/30/2020 12:30,13.3362606,-6.99383,6.3424306
10/30/2020 13:00,14.0531707,-7.67273,6.3804407
10/30/2020 13:30,13.17179,-6.82183,6.34996
10/30/2020 14:00,14.841465,-8.40674,6.434725
10/30/2020 14:30,14.5129793,-8.04126,6.4717193
10/30/2020 15:00,15.086887,-8.50033,6.586557
10/30/2020 15:30,14.605595,-8.12617,6.479425
10/30/2020 16:00,13.457054,-7.0359,6.421154
10/30/2020 16:30,13.0052483,-6.60233,6.4029183
10/30/2020 17:00,2.652206,3.43301,6.085216
10/30/2020 17:30,4.217937,1.83383,6.051767
10/30/2020 18:00,0.7008918,5.20841,5.9093018
10/30/2020 18:30,-1.0402965,6.54255,5.5022535
10/30/2020 19:00,-1.328041,6.53841,5.210369
10/30/2020 19:30,-1.4395707,6.52123,5.0816593
10/30/2020 20:00,-1.509488,6.50854,4.999052
10/30/2020 20:30,-1.689562,6.50854,4.818978
10/30/2020 21:00,-1.7748826,6.50854,4.7336574
10/30/2020 21:30,-1.8468,6.50854,4.66174
10/30/2020 22:00,-2.029597,6.50854,4.478943
10/30/2020 22:30,-2.311679,6.50854,4.196861
10/30/2020 23:00,-2.391064,6.50854,4.117476
10/30/2020 23:30,-2.3810976,6.50854,4.1274424
10/31/2020 0:00,-2.2095183,6.50854,4.2990217
10/31/2020 0:30,-2.193905,6.50854,4.314635
10/31/2020 1:00,-12.356576,16.832,4.475424
10/31/2020 1:30,-11.1649984,15.7817,4.6167016
10/31/2020 2:00,-1.883489,6.50854,4.625051
10/31/2020 2:30,-2.032746,6.50854,4.475794
10/31/2020 3:00,-2.103567,6.50854,4.404973
10/31/2020 3:30,-2.1564873,6.50854,4.3520527
10/31/2020 4:00,-3.143677,7.5939,4.450223
10/31/2020 4:30,-1.9854835,6.50854,4.5230565
10/31/2020 5:00,-2.0910147,6.50854,4.4175253
10/31/2020 5:30,-2.094498,6.50854,4.414042
10/31/2020 6:00,-2.062205,6.50854,4.446335
10/31/2020 6:30,-2.038212,6.50854,4.470328
10/31/2020 7:00,-1.97951,6.50854,4.52903
10/31/2020 7:30,-1.9849466,6.50854,4.5235934
10/31/2020 8:00,-1.6971084,6.21798,4.5208716
10/31/2020 8:30,3.2597975,1.58,4.8397975
10/31/2020 9:00,10.2412843,-5.01128,5.2300043
10/31/2020 9:30,11.7905063,-6.32375,5.4667563
10/31/2020 10:00,12.5064402,-6.77276,5.7336802
10/31/2020 10:30,13.7863833,-7.79977,5.9866133
10/31/2020 11:00,13.598489,-7.49462,6.103869
10/31/2020 11:30,13.6078793,-7.49462,6.1132593
10/31/2020 12:00,15.470392,-9.16347,6.306922
10/31/2020 12:30,12.829492,-6.69253,6.136962
10/31/2020 13:00,14.9171044,-8.45774,6.4593644
10/31/2020 13:30,19.4051865,-12.9099,6.4952865
10/31/2020 14:00,17.8233737,-11.2908,6.5325737
10/31/2020 14:30,14.769607,-8.22926,6.540347
10/31/2020 15:00,13.067892,-6.73981,6.328082
10/31/2020 15:30,12.6506403,-6.34214,6.3085003
10/31/2020 16:00,11.1378303,-4.98347,6.1543603
10/31/2020 16:30,11.3995763,-5.41143,5.9881463
10/31/2020 17:00,10.8324047,-4.87882,5.9535847
10/31/2020 17:30,8.725207,-2.82037,5.904837
10/31/2020 18:00,4.4660314,1.12491,5.5909414
10/31/2020 18:30,2.1564287,3.0354,5.1918287
10/31/2020 19:00,-1.588531,6.50932,4.920789
10/31/2020 19:30,-1.7870617,6.52526,4.7381983
10/31/2020 20:00,-2.0105485,6.53763,4.5270815
10/31/2020 20:30,-2.286823,6.55916,4.272337
10/31/2020 21:00,-2.4349465,6.58644,4.1514935
10/31/2020 21:30,-2.5792814,6.60038,4.0210986
10/31/2020 22:00,-2.7689208,6.62683,3.8579092
10/31/2020 22:30,-2.8714598,6.63374,3.7622802
10/31/2020 23:00,-2.8806554,6.61155,3.7308946
10/31/2020 23:30,-2.9530307,6.61155,3.6585193
11/1/2020 0:00,-2.9352147,6.61155,3.6763353
11/1/2020 0:30,-2.9389383,6.61155,3.6726117
11/1/2020 1:00,-2.939851,6.61155,3.671699
11/1/2020 1:30,-3.0764224,6.61155,3.5351276
11/1/2020 2:00,-3.2435786,6.61155,3.3679714
11/1/2020 2:30,-2.799182,6.61155,3.812368
11/1/2020 3:00,-2.354365,6.61155,4.257185
11/1/2020 3:30,-2.4276244,6.61155,4.1839256
11/1/2020 4:00,-18.8659823,23.5932,4.7272177
11/1/2020 4:30,-13.7258798,18.567,4.8411202
11/1/2020 5:00,-3.40496,8.33581,4.93085
11/1/2020 5:30,-7.624946,12.6308,5.005854
11/1/2020 6:00,-0.0517216,5.19238,5.1406584
11/1/2020 6:30,35.528568,8.91161,44.440178
11/1/2020 7:00,-3.3663103,8.71968,5.3533697
11/1/2020 7:30,-4.390225,9.87968,5.489455
11/1/2020 8:00,3.8700324,1.89964,5.7696724
11/1/2020 8:30,11.0603786,-4.91113,6.1492486
11/1/2020 9:00,11.5438914,-5.1092,6.4346914
11/1/2020 9:30,18.406499,-11.4858,6.920699
11/1/2020 10:00,17.4752103,-10.1913,7.2839103
11/1/2020 10:30,15.2891934,-7.86992,7.4192734
11/1/2020 11:00,17.4019943,-9.73834,7.6636543
11/1/2020 11:30,21.001407,-13.3408,7.660607
11/1/2020 12:00,20.1567124,-12.3561,7.8006124
11/1/2020 12:30,21.2902737,-13.4638,7.8264737
11/1/2020 13:00,21.947989,-14.2544,7.693589
11/1/2020 13:30,17.7365583,-10.104,7.6325583
11/1/2020 14:00,0.220108,6.7244,6.944508
11/1/2020 14:30,1.3927123,5.36776,6.7604723
11/1/2020 15:00,4.8410823,1.86639,6.7074723
11/1/2020 15:30,0.409004,6.27779,6.686794
11/1/2020 16:00,2.597934,4.06171,6.659644
11/1/2020 16:30,1.807915,4.87593,6.683845
11/1/2020 17:00,0.315165,6.33624,6.651405
11/1/2020 17:30,3.7516315,2.67818,6.4298115
11/1/2020 18:00,2.801672,3.42335,6.225022
11/1/2020 18:30,1.3667914,4.66549,6.0322814
11/1/2020 19:00,-0.593037,6.49822,5.905183
11/1/2020 19:30,3.0474995,2.74358,5.7910795
11/1/2020 20:00,1.898097,3.7292,5.627297
11/1/2020 20:30,1.865486,3.66983,5.535316
11/1/2020 21:00,1.2587312,4.28046,5.5391912
11/1/2020 21:30,1.331309,4.18643,5.517739
11/1/2020 22:00,1.581422,3.87267,5.454092
11/1/2020 22:30,1.4577783,4.00235,5.4601283
11/1/2020 23:00,-1.0966733,6.53772,5.4410467
11/1/2020 23:30,-1.1418374,6.53772,5.3958826
11/2/2020 0:00,-1.2530268,6.53772,5.2846932
11/2/2020 0:30,-1.348031,6.53772,5.189689
11/2/2020 1:00,-1.5089486,6.53772,5.0287714
11/2/2020 1:30,-1.5375516,6.52023,4.9826784
11/2/2020 2:00,-1.5589674,6.51275,4.9537826
11/2/2020 2:30,-1.664045,6.50092,4.836875
11/2/2020 3:00,-1.794654,6.49296,4.698306
11/2/2020 3:30,-1.925352,6.48514,4.559788
11/2/2020 4:00,-2.1086045,6.48417,4.3755655
11/2/2020 4:30,-2.261048,6.47485,4.213802
11/2/2020 5:00,-2.323542,6.46682,4.143278
11/2/2020 5:30,-2.4537925,6.46494,4.0111475
11/2/2020 6:00,-2.671329,6.46024,3.788911
11/2/2020 6:30,-2.7865514,6.48019,3.6936386
11/2/2020 7:00,-2.726539,6.3929,3.666361
11/2/2020 7:30,3.2612397,0.512692,3.7739317
11/2/2020 8:00,4.48605,-0.500279,3.985771
11/2/2020 8:30,10.2983987,-6.1484,4.1499987
11/2/2020 9:00,10.4950828,-6.19811,4.2969728
11/2/2020 9:30,11.4840126,-7.06846,4.4155526
11/2/2020 10:00,12.5825245,-8.0729,4.5096245
11/2/2020 10:30,12.3709825,-7.71362,4.6573625
11/2/2020 11:00,12.945153,-8.22926,4.715893
11/2/2020 11:30,13.6524523,-8.79438,4.8580723
11/2/2020 12:00,13.6666256,-8.72253,4.9440956
11/2/2020 12:30,13.7293952,-8.71535,5.0140452
11/2/2020 13:00,13.442128,-8.36099,5.081138
11/2/2020 13:30,13.120329,-7.96149,5.158839
11/2/2020 14:00,12.946066,-7.73781,5.208256
11/2/2020 14:30,12.9550907,-7.73123,5.2238607
11/2/2020 15:00,11.5565417,-6.37729,5.1792517
11/2/2020 15:30,11.4643005,-6.32631,5.1379905
11/2/2020 16:00,7.237735,-2.18001,5.057725
11/2/2020 16:30,6.9597407,-2.04353,4.9162107
11/2/2020 17:00,0.6211915,4.00772,4.6289115
11/2/2020 17:30,-2.2962485,6.47745,4.1812015
11/2/2020 18:00,-2.6909895,6.45556,3.7645705
11/2/2020 18:30,-2.834961,6.44871,3.613749
11/2/2020 19:00,-3.0794297,6.42904,3.3496103
11/2/2020 19:30,-3.2809387,6.42214,3.1412013
11/2/2020 20:00,-3.1801604,6.42214,3.2419796
11/2/2020 20:30,-3.4310368,6.42214,2.9911032
11/2/2020 21:00,-3.4362225,6.43736,3.0011375
11/2/2020 21:30,-3.2572306,6.45303,3.1957994
11/2/2020 22:00,-3.345812,6.44397,3.098158
11/2/2020 22:30,-3.5267773,6.44554,2.9187627
11/2/2020 23:00,-3.4485912,6.42121,2.9726188
11/2/2020 23:30,-3.5721113,6.42121,2.8490987
11/3/2020 0:00,-3.4859976,6.42121,2.9352124
11/3/2020 0:30,0.2546627,2.84442,3.0990827
11/3/2020 1:00,-3.472592,6.42121,2.948618
11/3/2020 1:30,-3.5896809,6.42121,2.8315291
11/3/2020 2:00,-3.7546772,6.42121,2.6665328
11/3/2020 2:30,-3.734037,6.42121,2.687173
11/3/2020 3:00,-3.6211128,6.42121,2.8000972
11/3/2020 3:30,-3.5147285,6.42121,2.9064815
11/3/2020 4:00,-3.4904177,6.42121,2.9307923
11/3/2020 4:30,-3.5022444,6.42121,2.9189656
11/3/2020 5:00,-3.5898659,6.42121,2.8313441
11/3/2020 5:30,0.4336127,2.43597,2.8695827
11/3/2020 6:00,-3.6123324,6.44518,2.8328476
11/3/2020 6:30,-3.6119323,6.44518,2.8332477
11/3/2020 7:00,-3.563974,6.32706,2.763086
11/3/2020 7:30,2.3065168,0.814191,3.1207078
11/3/2020 8:00,6.6710263,-3.0819,3.5891263
11/3/2020 8:30,10.2264663,-6.10175,4.1247163
11/3/2020 9:00,10.652847,-6.00505,4.647797
11/3/2020 9:30,11.8077446,-6.7928,5.0149446
11/3/2020 10:00,13.051163,-7.75244,5.298723
11/3/2020 10:30,12.9894927,-7.38605,5.6034427
11/3/2020 11:00,13.759761,-7.96149,5.798271
11/3/2020 11:30,14.2667143,-8.31373,5.9529843
11/3/2020 12:00,14.9087112,-8.79438,6.1143312
11/3/2020 12:30,14.7355896,-8.52558,6.2100096
11/3/2020 13:00,14.559365,-8.22926,6.330105
11/3/2020 13:30,13.975748,-7.53737,6.438378
11/3/2020 14:00,13.833026,-7.39867,6.434356
11/3/2020 14:30,13.9145265,-7.46835,6.4461765
11/3/2020 15:00,12.618511,-6.19811,6.420401
11/3/2020 15:30,12.5719786,-6.20014,6.3718386
11/3/2020 16:00,10.799366,-4.51052,6.288846
11/3/2020 16:30,7.017051,-0.904679,6.112372
11/3/2020 17:00,-0.321462,6.0423,5.720838
11/3/2020 17:30,-1.2347026,6.40796,5.1732574
11/3/2020 18:00,-1.7840178,6.38785,4.6038322
11/3/2020 18:30,-2.090949,6.38785,4.296901
11/3/2020 19:00,-2.341413,6.38785,4.046437
11/3/2020 19:30,-2.4684777,6.38785,3.9193723
11/3/2020 20:00,-2.632495,6.38785,3.755355
11/3/2020 20:30,-2.7708346,6.38785,3.6170154
11/3/2020 21:00,-2.8460848,6.38785,3.5417652
11/3/2020 21:30,-2.915133,6.38785,3.472717
11/3/2020 22:00,-2.935024,6.38785,3.452826
11/3/2020 22:30,-3.0254216,6.38785,3.3624284
11/3/2020 23:00,-3.1565235,6.46136,3.3048365
11/3/2020 23:30,-3.2479301,6.5477,3.2997699
11/4/2020 0:00,-3.268635,6.5477,3.279065
11/4/2020 0:30,-3.3305908,6.5477,3.2171092
11/4/2020 1:00,-3.3411697,6.5477,3.2065303
11/4/2020 1:30,-3.5165198,6.63184,3.1153202
11/4/2020 2:00,-3.5921586,6.63184,3.0396814
11/4/2020 2:30,-3.559051,6.63184,3.072789
11/4/2020 3:00,-3.5927842,6.63184,3.0390558
11/4/2020 3:30,-3.6239252,6.63184,3.0079148
11/4/2020 4:00,-3.6236243,6.63184,3.0082157
11/4/2020 4:30,-3.6462534,6.63184,2.9855866
11/4/2020 5:00,-3.64831,6.63184,2.98353
11/4/2020 5:30,-3.6386352,6.63184,2.9932048
11/4/2020 6:00,-3.6481006,6.63184,2.9837394
11/4/2020 6:30,-3.8466416,6.81947,2.9728284
11/4/2020 7:00,-3.812299,6.80709,2.994791
11/4/2020 7:30,3.0966887,0.237798,3.3344867
11/4/2020 8:00,7.35524,-3.28094,4.0743
11/4/2020 8:30,10.855565,-5.74743,5.108135
11/4/2020 9:00,11.950681,-6.06428,5.886401
11/4/2020 9:30,9.5746865,-3.26585,6.3088365
11/4/2020 10:00,12.5929185,-6.06175,6.5311685
11/4/2020 10:30,12.231388,-5.42589,6.805498
11/4/2020 11:00,13.4039215,-6.38594,7.0179815
11/4/2020 11:30,13.745124,-6.61425,7.130874
11/4/2020 12:00,15.2734016,-8.05239,7.2210116
11/4/2020 12:30,14.281316,-6.95003,7.331286
11/4/2020 13:00,15.4152494,-8.03051,7.3847394
11/4/2020 13:30,15.192702,-7.78916,7.403542
11/4/2020 14:00,13.163865,-5.74151,7.422355
11/4/2020 14:30,13.39511,-5.95493,7.44018
11/4/2020 15:00,11.5336244,-4.0764,7.4572244
11/4/2020 15:30,11.370882,-3.96832,7.402562
11/4/2020 16:00,9.2229885,-1.92527,7.2977185
11/4/2020 16:30,7.960681,-0.791773,7.168908
11/4/2020 17:00,-0.0928193,6.83073,6.7379107
11/4/2020 17:30,-0.7849325,7.10264,6.3177075
11/4/2020 18:00,-1.007559,7.09422,6.086661
11/4/2020 18:30,-1.3472923,7.09313,5.7458377
11/4/2020 19:00,-1.642685,7.09682,5.454135
11/4/2020 19:30,-1.89298,7.09726,5.20428
11/4/2020 20:00,1.0403833,4.23345,5.2738333
11/4/2020 20:30,-2.10208,7.29232,5.19024
11/4/2020 21:00,-2.0182986,7.13101,5.1127114
11/4/2020 21:30,-3.1938156,8.30238,5.1085644
11/4/2020 22:00,-8.284416,13.6638,5.379384
11/4/2020 22:30,-8.5163,13.6638,5.1475
11/4/2020 23:00,-8.6050746,13.6638,5.0587254
11/4/2020 23:30,-2.6417604,7.08139,4.4396296
11/5/2020 0:00,-12.15417,16.832,4.67783
11/5/2020 0:30,-12.2072112,16.832,4.6247888
11/5/2020 1:00,-16.504534,21.0801,4.575566
11/5/2020 1:30,-2.5977514,7.06302,4.4652686
11/5/2020 2:00,-2.782127,7.02979,4.247663
11/5/2020 2:30,-2.781177,7.04056,4.259383
11/5/2020 3:00,-2.753637,7.01563,4.261993
11/5/2020 3:30,-2.5667343,6.98739,4.4206557
11/5/2020 4:00,-2.9696563,7.44677,4.4771137
11/5/2020 4:30,-11.0549987,15.7817,4.7267013
11/5/2020 5:00,-11.0622085,15.7817,4.7194915
11/5/2020 5:30,-16.5089282,21.0801,4.5711718
11/5/2020 6:00,-12.1559956,16.832,4.6760044
11/5/2020 6:30,-12.1511395,16.832,4.6808605
11/5/2020 7:00,-12.169084,16.832,4.662916
11/5/2020 7:30,3.6008213,1.63854,5.2393613
11/5/2020 8:00,8.5969316,-2.58487,6.0120616
11/5/2020 8:30,12.1250234,-5.55969,6.5653334
11/5/2020 9:00,12.41804,-5.40508,7.01296
11/5/2020 9:30,13.5767426,-6.25074,7.3260026
11/5/2020 10:00,13.179036,-5.60363,7.575406
11/5/2020 10:30,13.569438,-5.7971,7.772338
11/5/2020 11:00,14.9017553,-6.96211,7.9396453
11/5/2020 11:30,16.555403,-8.41814,8.137263
11/5/2020 12:00,16.17207,-8.00188,8.17019
11/5/2020 12:30,16.759813,-8.51922,8.240593
11/5/2020 13:00,19.13292,-10.7904,8.34252
11/5/2020 13:30,17.38843,-9.1449,8.24353
11/5/2020 14:00,14.786175,-6.47258,8.313595
11/5/2020 14:30,14.77311,-6.45508,8.31803
11/5/2020 15:00,15.14086,-6.95644,8.18442
11/5/2020 15:30,11.635815,-3.51277,8.123045
11/5/2020 16:00,11.990917,-4.07996,7.910957
11/5/2020 16:30,3.9596426,3.74765,7.7072926
11/5/2020 17:00,5.2259955,2.20048,7.4264755
11/5/2020 17:30,3.506229,3.61532,7.121549
11/5/2020 18:00,1.7849725,5.14065,6.9256225
11/5/2020 18:30,-1.546716,8.30645,6.759734
11/5/2020 19:00,-3.3875387,10.2421,6.8545613
11/5/2020 19:30,2.2451903,4.62441,6.8696003
11/5/2020 20:00,3.9821138,2.863,6.8451138
11/5/2020 20:30,1.5479587,5.20284,6.7507987
11/5/2020 21:00,1.083574,5.47721,6.560784
11/5/2020 21:30,-4.029037,10.6183,6.589263
11/5/2020 22:00,-3.7313443,10.323,6.5916557
11/5/2020 22:30,-1.0344724,7.44249,6.4080176
11/5/2020 23:00,-1.018165,7.44249,6.424325
11/5/2020 23:30,-2.791706,9.35916,6.567454
11/6/2020 0:00,-6.386939,13.0654,6.678461
11/6/2020 0:30,4.158169,2.65167,6.809839
11/6/2020 1:00,3.3156827,3.5178,6.8334827
11/6/2020 1:30,3.9567037,2.9105,6.8672037
11/6/2020 2:00,2.1867374,4.72532,6.9120574
11/6/2020 2:30,-7.656973,14.6137,6.956727
11/6/2020 3:00,-7.6575404,14.6137,6.9561596
11/6/2020 3:30,-5.3450946,12.269,6.9239054
11/6/2020 4:00,4.316936,2.54967,6.866606
11/6/2020 4:30,-3.5265005,10.2716,6.7450995
11/6/2020 5:00,-3.4354985,10.0753,6.6398015
11/6/2020 5:30,-2.289633,8.87916,6.589527
11/6/2020 6:00,-1.0380987,7.57982,6.5417213
11/6/2020 6:30,-0.536417,7.0347,6.498283
11/6/2020 7:00,-1.2590875,7.66892,6.4098325
11/6/2020 7:30,0.6567964,5.78189,6.4386864
11/6/2020 8:00,2.450775,4.20162,6.652395
11/6/2020 8:30,-4.5001724,11.3197,6.8195276
11/6/2020 9:00,10.8919874,-3.92723,6.9647574
11/6/2020 9:30,15.455076,-8.17154,7.283536
11/6/2020 10:00,13.0262215,-5.44784,7.5783815
11/6/2020 10:30,11.4063117,-3.72315,7.6831617
11/6/2020 11:00,14.1284323,-6.24051,7.8879223
11/6/2020 11:30,13.9087057,-5.91469,7.9940157
11/6/2020 12:00,14.127544,-5.97858,8.148964
11/6/2020 12:30,9.690422,-1.62423,8.066192
11/6/2020 13:00,13.776039,-5.73604,8.039999
11/6/2020 13:30,18.186974,-10.0678,8.119174
11/6/2020 14:00,9.72334,-2.01123,7.71211
11/6/2020 14:30,10.282801,-2.50916,7.773641
11/6/2020 15:00,10.624615,-2.78921,7.835405
11/6/2020 15:30,9.126588,-1.46969,7.656898
11/6/2020 16:00,2.3353265,5.22355,7.5588765
11/6/2020 16:30,2.384162,5.12628,7.510442
11/6/2020 17:00,1.802257,5.70272,7.504977
11/6/2020 17:30,1.77889,5.58407,7.36296
11/6/2020 18:00,-0.0065747,7.26015,7.2535753
11/6/2020 18:30,1.016887,6.11556,7.132447
11/6/2020 19:00,2.271677,4.75155,7.023227
11/6/2020 19:30,1.6981434,5.18917,6.8873134
11/6/2020 20:00,-3.170188,10.0114,6.841212
11/6/2020 20:30,-3.0831044,9.83405,6.7509456
11/6/2020 21:00,-0.7550147,7.41514,6.6601253
11/6/2020 21:30,-0.6542773,7.21703,6.5627527
11/6/2020 22:00,-2.99272,9.40928,6.41656
11/6/2020 22:30,-2.2888045,8.73351,6.4447055
11/6/2020 23:00,-2.9933125,9.40928,6.4159675
11/6/2020 23:30,-2.6516466,8.95226,6.3006134
11/7/2020 0:00,-2.9325835,9.06555,6.1329665
11/7/2020 0:30,-2.660767,8.57129,5.910523
11/7/2020 1:00,-5.395937,11.1815,5.785563
11/7/2020 1:30,-8.0406773,13.6638,5.6231227
11/7/2020 2:00,-8.1402686,13.6638,5.5235314
11/7/2020 2:30,-7.9756362,13.6638,5.6881638
11/7/2020 3:00,-8.0395544,13.6638,5.6242456
11/7/2020 3:30,-8.1611693,13.6638,5.5026307
11/7/2020 4:00,-8.2426627,13.6638,5.4211373
11/7/2020 4:30,-8.2279694,13.6638,5.4358306
11/7/2020 5:00,-8.365576,13.6638,5.298224
11/7/2020 5:30,-8.1347644,13.6638,5.5290356
11/7/2020 6:00,-7.9758055,13.6638,5.6879945
11/7/2020 6:30,-8.1488445,13.6638,5.5149555
11/7/2020 7:00,-8.3340776,13.6638,5.3297224
11/7/2020 7:30,0.7937183,5.11828,5.9119983
11/7/2020 8:00,8.513478,-2.01123,6.502248
11/7/2020 8:30,13.606017,-6.5103,7.095717
11/7/2020 9:00,13.3344924,-5.88436,7.4501324
11/7/2020 9:30,13.598609,-5.83791,7.760699
11/7/2020 10:00,15.355208,-7.28602,8.069188
11/7/2020 10:30,16.084677,-7.78312,8.301557
11/7/2020 11:00,18.204802,-9.73554,8.469262
11/7/2020 11:30,14.184104,-5.56875,8.615354
11/7/2020 12:00,15.851839,-7.11317,8.738669
11/7/2020 12:30,13.746861,-4.89862,8.848241
11/7/2020 13:00,15.748831,-6.84593,8.902901
11/7/2020 13:30,16.292405,-7.40328,8.889125
11/7/2020 14:00,16.241559,-7.28476,8.956799
11/7/2020 14:30,12.612825,-3.75027,8.862555
11/7/2020 15:00,12.393118,-3.56639,8.826728
11/7/2020 15:30,11.363097,-2.65587,8.707227
11/7/2020 16:00,9.681054,-1.14549,8.535564
11/7/2020 16:30,5.646428,2.53223,8.178658
11/7/2020 17:00,3.239697,4.59322,7.832917
11/7/2020 17:30,3.0432557,4.5291,7.5723557
11/7/2020 18:00,2.674466,4.67856,7.353026
11/7/2020 18:30,-1.1587675,8.37306,7.2142925
11/7/2020 19:00,-1.362436,8.37306,7.010624
11/7/2020 19:30,1.6500864,5.29668,6.9467664
11/7/2020 20:00,1.9946135,4.7938,6.7884135
11/7/2020 20:30,-0.1387316,6.88546,6.7467284
11/7/2020 21:00,-0.4713644,7.21703,6.7456656
11/7/2020 21:30,-1.0677344,7.69092,6.6231856
11/7/2020 22:00,-2.8223354,9.06555,6.2432146
11/7/2020 22:30,-2.5428705,8.57129,6.0284195
11/7/2020 23:00,-2.7293505,8.86274,6.1333895
11/7/2020 23:30,-2.8552894,9.06079,6.2055006
11/8/2020 0:00,-5.325393,11.1815,5.856107
11/8/2020 0:30,-4.1486325,10.0962,5.9475675
11/8/2020 1:00,-5.2572217,11.1815,5.9242783
11/8/2020 1:30,-7.8367517,13.6638,5.8270483
11/8/2020 2:00,-4.129584,10.0962,5.966616
11/8/2020 2:30,-7.807971,13.6638,5.855829
11/8/2020 3:00,-7.955476,13.6638,5.708324
11/8/2020 3:30,-7.8404076,13.6638,5.8233924
11/8/2020 4:00,-3.201044,9.61886,6.417816
11/8/2020 4:30,-4.344873,10.9426,6.597727
11/8/2020 5:00,-4.065491,10.7529,6.687409
11/8/2020 5:30,-0.057748,6.83204,6.774292
11/8/2020 6:00,-0.6757007,7.4087,6.7329993
11/8/2020 6:30,-9.2731984,16.0479,6.7747016
11/8/2020 7:00,-2.2471363,9.09889,6.8517537
11/8/2020 7:30,4.5439893,2.49198,7.0359693
11/8/2020 8:00,9.252501,-1.91413,7.338371
11/8/2020 8:30,12.3395916,-4.6818,7.6577916
11/8/2020 9:00,13.422947,-5.39243,8.030517
11/8/2020 9:30,13.583065,-5.22285,8.360215
11/8/2020 10:00,12.575956,-3.93609,8.639866
11/8/2020 10:30,14.008328,-5.18926,8.819068
11/8/2020 11:00,14.877741,-5.98125,8.896491
11/8/2020 11:30,16.527139,-7.39161,9.135529
11/8/2020 12:00,16.249937,-7.05035,9.199587
11/8/2020 12:30,14.440794,-5.27433,9.166464
11/8/2020 13:00,14.850279,-5.76931,9.080969
11/8/2020 13:30,15.205992,-6.02524,9.180752
11/8/2020 14:00,14.857364,-5.63643,9.220934
11/8/2020 14:30,14.346293,-5.12491,9.221383
11/8/2020 15:00,13.64961,-4.46457,9.18504
11/8/2020 15:30,12.046995,-3.024,9.022995
11/8/2020 16:00,10.472414,-1.71521,8.757204
11/8/2020 16:30,9.589472,-1.15147,8.438002
11/8/2020 17:00,4.965334,3.06822,8.033554
11/8/2020 17:30,4.760857,2.90273,7.663587
11/8/2020 18:00,3.367181,4.05642,7.423601
11/8/2020 18:30,3.8968675,3.36956,7.2664275
11/8/2020 19:00,2.6832423,4.41887,7.1021123
11/8/2020 19:30,2.773183,4.33171,7.104893
11/8/2020 20:00,3.9534438,3.14553,7.0989738
11/8/2020 20:30,2.7537795,4.40421,7.1579895
11/8/2020 21:00,0.717803,6.37081,7.088613
11/8/2020 21:30,1.245309,5.71614,6.961449
11/8/2020 22:00,-1.0795283,8.00351,6.9239817
11/8/2020 22:30,-0.828825,7.78355,6.954725
11/8/2020 23:00,-0.4130435,7.4087,6.9956565
11/8/2020 23:30,-0.417237,7.4087,6.991463
11/9/2020 0:00,-2.0814935,8.98726,6.9057665
11/9/2020 0:30,-2.499764,9.40928,6.909516
11/9/2020 1:00,-2.474983,9.40928,6.934297
11/9/2020 1:30,-2.5050547,9.40928,6.9042253
11/9/2020 2:00,-2.500195,9.40928,6.909085
11/9/2020 2:30,-1.752472,8.73351,6.981038
11/9/2020 3:00,-2.491212,9.40928,6.918068
11/9/2020 3:30,-2.4810225,9.40928,6.9282575
11/9/2020 4:00,-1.7260856,8.73351,7.0074244
11/9/2020 4:30,-1.7251396,8.73351,7.0083704
11/9/2020 5:00,-2.430354,9.40928,6.978926
11/9/2020 5:30,-1.7139587,8.73351,7.0195513
11/9/2020 6:00,-0.8658488,7.90293,7.0370812
11/9/2020 6:30,-2.4364755,9.40928,6.9728045
11/9/2020 7:00,1.1472195,5.75479,6.9020095
11/9/2020 7:30,2.9834807,4.16413,7.1476107
11/9/2020 8:00,3.8106682,3.57673,7.3873982
11/9/2020 8:30,8.2090104,-0.559315,7.6496954
11/9/2020 9:00,13.251304,-5.16461,8.086694
11/9/2020 9:30,18.173217,-9.50802,8.665197
11/9/2020 10:00,18.827279,-9.7108,9.116479
11/9/2020 10:30,15.070132,-5.73686,9.333272
11/9/2020 11:00,16.030758,-6.47002,9.560738
11/9/2020 11:30,14.682785,-5.0253,9.657485
11/9/2020 12:00,14.779151,-5.06418,9.714971
11/9/2020 12:30,16.985654,-7.15364,9.832014
11/9/2020 13:00,17.079702,-7.11745,9.962252
11/9/2020 13:30,15.035502,-5.29598,9.739522
11/9/2020 14:00,12.92196,-3.32548,9.59648
11/9/2020 14:30,14.2971925,-4.59309,9.7041025
11/9/2020 15:00,15.539039,-5.73819,9.800849
11/9/2020 15:30,10.777753,-1.29593,9.481823
11/9/2020 16:00,10.660155,-1.33552,9.324635
11/9/2020 16:30,4.559392,4.47917,9.038562
11/9/2020 17:00,7.129264,1.73387,8.863134
11/9/2020 17:30,4.129115,4.37596,8.505075
11/9/2020 18:00,2.485127,5.79167,8.276797
11/9/2020 18:30,3.626685,4.52109,8.147775
11/9/2020 19:00,2.343555,5.74577,8.089325
11/9/2020 19:30,0.1626865,7.80385,7.9665365
11/9/2020 20:00,3.08642,4.71244,7.79886
11/9/2020 20:30,-0.207819,7.94427,7.736451
11/9/2020 21:00,-0.1434296,8.01943,7.8760004
11/9/2020 21:30,2.3801466,5.52919,7.9093366
11/9/2020 22:00,1.3940103,6.4166,7.8106103
11/9/2020 22:30,3.8104604,3.93982,7.7502804
11/9/2020 23:00,-2.134286,9.83405,7.699764
11/9/2020 23:30,-1.489018,9.13859,7.649572
11/10/2020 0:00,-1.051115,8.67039,7.619275
11/10/2020 0:30,0.183281,7.41514,7.598421
11/10/2020 1:00,0.67198,6.86291,7.53489
11/10/2020 1:30,0.684757,6.86291,7.547667
11/10/2020 2:00,0.3245345,7.21703,7.5415645
11/10/2020 2:30,0.267286,7.21703,7.484316
11/10/2020 3:00,-1.7309265,8.95226,7.2213335
11/10/2020 3:30,0.2996,7.21703,7.51663
11/10/2020 4:00,0.061985,7.4087,7.470685
11/10/2020 4:30,-1.758101,8.95226,7.194159
11/10/2020 5:00,-2.5410044,9.61886,7.0778556
11/10/2020 5:30,0.335969,7.21703,7.552999
11/10/2020 6:00,0.947547,6.70338,7.650927
11/10/2020 6:30,0.3295103,7.21703,7.5465403
11/10/2020 7:00,0.3108837,7.41514,7.7260237
11/10/2020 7:30,-3.3686707,11.3197,7.9510293
11/10/2020 8:00,12.709086,-4.35085,8.358236
11/10/2020 8:30,13.527068,-4.8232,8.703868
11/10/2020 9:00,14.771142,-5.54223,9.228912
11/10/2020 9:30,15.897383,-6.2441,9.653283
11/10/2020 10:00,15.623662,-5.76721,9.856452
11/10/2020 10:30,17.613959,-7.49948,10.114479
11/10/2020 11:00,15.675762,-5.41952,10.256242
11/10/2020 11:30,18.269289,-7.93715,10.332139
11/10/2020 12:00,17.742097,-7.34349,10.398607
11/10/2020 12:30,16.219363,-5.94198,10.277383
11/10/2020 13:00,17.91624,-7.49275,10.42349
11/10/2020 13:30,17.175032,-6.5637,10.611332
11/10/2020 14:00,17.350272,-6.85802,10.492252
11/10/2020 14:30,16.728425,-6.25152,10.476905
11/10/2020 15:00,13.184026,-2.9177,10.266326
11/10/2020 15:30,10.939209,-0.937829,10.00138
11/10/2020 16:00,5.290166,4.64105,9.931216
11/10/2020 16:30,7.635032,2.21679,9.851822
11/10/2020 17:00,7.014745,2.61138,9.626125
11/10/2020 17:30,5.049547,4.31617,9.365717
11/10/2020 18:00,3.684266,5.43372,9.117986
11/10/2020 18:30,3.252417,5.66874,8.921157
11/10/2020 19:00,2.233671,6.69905,8.932721
11/10/2020 19:30,2.5252,6.34272,8.86792
11/10/2020 20:00,-5.625591,14.4079,8.782309
11/10/2020 20:30,-6.196437,14.9201,8.723663
11/10/2020 21:00,-5.741744,14.3604,8.618656
11/10/2020 21:30,-5.760943,14.3604,8.599457
11/10/2020 22:00,-5.761291,14.3604,8.599109
11/10/2020 22:30,-5.5212095,14.1069,8.5856905
11/10/2020 23:00,-6.995321,15.6137,8.618379
11/10/2020 23:30,-5.73625,14.3604,8.62415
11/11/2020 0:00,-5.723534,14.3604,8.636866
11/11/2020 0:30,-5.688948,14.3604,8.671452
11/11/2020 1:00,-6.862548,15.5506,8.688052
11/11/2020 1:30,-5.68871,14.3604,8.67169
11/11/2020 2:00,-5.671324,14.3604,8.689076
11/11/2020 2:30,-5.6580675,14.3604,8.7023325
11/11/2020 3:00,-5.663928,14.3604,8.696472
11/11/2020 3:30,-5.686914,14.3604,8.673486
11/11/2020 4:00,-5.666433,14.3604,8.693967
11/11/2020 4:30,-5.654738,14.3604,8.705662
11/11/2020 5:00,-5.625375,14.3604,8.735025
11/11/2020 5:30,-5.615485,14.3604,8.744915
11/11/2020 6:00,-18.135627,26.8951,8.759473
11/11/2020 6:30,-10.642489,19.439,8.796511
11/11/2020 7:00,-17.01947,25.8296,8.81013
11/11/2020 7:30,-11.241474,20.1473,8.905826
11/11/2020 8:00,11.896141,-2.66559,9.230551
11/11/2020 8:30,12.2682485,-2.76972,9.4985285
11/11/2020 9:00,15.275002,-5.35584,9.919162
11/11/2020 9:30,16.243008,-5.84737,10.395638
11/11/2020 10:00,17.34374,-6.64932,10.69442
11/11/2020 10:30,19.463218,-8.62977,10.833448
11/11/2020 11:00,18.441357,-7.5896,10.851757
11/11/2020 11:30,17.228808,-6.35137,10.877438
11/11/2020 12:00,18.719836,-7.77771,10.942126
11/11/2020 12:30,18.263665,-7.39152,10.872145
11/11/2020 13:00,16.663263,-6.03015,10.633113
11/11/2020 13:30,15.315202,-4.79059,10.524612
11/11/2020 14:00,14.389553,-4.41542,9.974133
11/11/2020 14:30,15.463503,-5.29772,10.165783
11/11/2020 15:00,9.127023,1.06648,10.193503
11/11/2020 15:30,8.649237,1.40681,10.056047
11/11/2020 16:00,10.261062,-0.109698,10.151364
11/11/2020 16:30,1.68969,8.38013,10.06982
11/11/2020 17:00,3.291413,6.62154,9.912953
11/11/2020 17:30,3.679055,6.16031,9.839365
11/11/2020 18:00,5.232782,4.60473,9.837512
11/11/2020 18:30,4.392836,5.45046,9.843296
11/11/2020 19:00,4.771748,5.06791,9.839658
11/11/2020 19:30,4.16116,5.65878,9.81994
11/11/2020 20:00,1.941024,7.72282,9.663844
11/11/2020 20:30,1.775903,7.72282,9.498723
11/11/2020 21:00,6.883777,2.64719,9.530967
11/11/2020 21:30,4.181783,5.367,9.548783
11/11/2020 22:00,5.543067,4.04876,9.591827
11/11/2020 22:30,3.983601,5.62654,9.610141
11/11/2020 23:00,5.873423,3.72776,9.601183
11/11/2020 23:30,0.929252,8.65198,9.581232
11/12/2020 0:00,3.622522,5.97782,9.600342
11/12/2020 0:30,3.61564,5.97203,9.58767
11/12/2020 1:00,4.142052,5.45511,9.597162
11/12/2020 1:30,1.730303,7.72282,9.453123
11/12/2020 2:00,0.978926,7.72282,8.701746
11/12/2020 2:30,-11.230257,19.9068,8.676543
11/12/2020 3:00,-12.417199,21.1209,8.703701
11/12/2020 3:30,-46.435946,55.1596,8.723654
11/12/2020 4:00,-40.355233,49.0027,8.647467
11/12/2020 4:30,-13.696207,22.3821,8.685893
11/12/2020 5:00,-13.704615,22.3821,8.677485
11/12/2020 5:30,-13.71253,22.3821,8.66957
11/12/2020 6:00,-13.727987,22.3821,8.654113
11/12/2020 6:30,-13.737869,22.3821,8.644231
11/12/2020 7:00,-13.703749,22.3821,8.678351
11/12/2020 7:30,-31.432071,40.2514,8.819329
11/12/2020 8:00,-42.834356,51.8259,8.991544
11/12/2020 8:30,-42.952346,51.996,9.043654
11/12/2020 9:00,-19.184401,28.2866,9.102199
11/12/2020 9:30,11.090272,-1.972,9.118272
11/12/2020 10:00,11.487564,-2.25028,9.237284
11/12/2020 10:30,10.213523,-1.05362,9.159903
11/12/2020 11:00,8.179606,1.06648,9.246086
11/12/2020 11:30,5.229901,3.92146,9.151361
11/12/2020 12:00,10.284458,-1.05362,9.230838
11/12/2020 12:30,4.555287,4.47917,9.034457
11/12/2020 13:00,1.658143,6.35957,8.017713
11/12/2020 13:30,-6.1787166,14.0973,7.9185834
11/12/2020 14:00,-5.8704225,13.7513,7.8808775
11/12/2020 14:30,-6.21242,14.0973,7.88488
11/12/2020 15:00,-6.218449,14.0973,7.878851
11/12/2020 15:30,-6.224021,14.0973,7.873279
11/12/2020 16:00,-6.23196,14.0973,7.86534
11/12/2020 16:30,-6.2649884,14.0973,7.8323116
11/12/2020 17:00,-4.1013653,11.8889,7.7875347
11/12/2020 17:30,-4.1276385,11.8889,7.7612615
11/12/2020 18:00,-4.1209147,11.8889,7.7679853
11/12/2020 18:30,-6.2885546,14.0973,7.8087454
11/12/2020 19:00,-6.298874,14.0973,7.798426
11/12/2020 19:30,2.127284,5.68424,7.811524
11/12/2020 20:00,3.3127265,4.51931,7.8320365
11/12/2020 20:30,3.146249,4.64594,7.792189
11/12/2020 21:00,3.6447623,4.15081,7.7955723
11/12/2020 21:30,3.6412493,4.12225,7.7634993
11/12/2020 22:00,3.1932885,4.62475,7.8180385
11/12/2020 22:30,-6.563519,14.3604,7.796881
11/12/2020 23:00,-6.5920704,14.3604,7.7683296
11/12/2020 23:30,-6.3683414,14.0973,7.7289586
11/13/2020 0:00,-2.2494906,9.66896,7.4194694
11/13/2020 0:30,-2.685066,10.0136,7.328534
11/13/2020 1:00,-3.03202,10.323,7.29098
11/13/2020 1:30,-3.4098886,10.6936,7.2837114
11/13/2020 2:00,-3.7091494,11.0077,7.2985506
11/13/2020 2:30,-3.683333,11.0077,7.324367
11/13/2020 3:00,-3.9342895,11.2995,7.3652105
11/13/2020 3:30,-3.914471,11.2995,7.385029
11/13/2020 4:00,-4.4426204,11.8142,7.3715796
11/13/2020 4:30,-4.478023,11.8142,7.336177
11/13/2020 5:00,-4.522257,11.8142,7.291943
11/13/2020 5:30,-4.21747,11.4776,7.26013
11/13/2020 6:00,-4.5403157,11.8142,7.2738843
11/13/2020 6:30,-4.5359526,11.8142,7.2782474
11/13/2020 7:00,-4.2492527,11.4776,7.2283473
11/13/2020 7:30,2.8570923,4.28609,7.1431823
11/13/2020 8:00,-5.956059,13.0711,7.115041
11/13/2020 8:30,-5.9651525,13.0711,7.1059475
11/13/2020 9:00,1.281311,5.79544,7.076751
11/13/2020 9:30,2.353131,4.72963,7.082761
11/13/2020 10:00,5.4756197,1.63831,7.1139297
11/13/2020 10:30,8.606287,-1.47571,7.130577
11/13/2020 11:00,7.715937,-0.675322,7.040615
11/13/2020 11:30,9.7118837,-2.65371,7.0581737
11/13/2020 12:00,8.6803033,-1.67086,7.0094433
11/13/2020 12:30,4.4546794,2.47153,6.9262094
11/13/2020 13:00,9.0210023,-2.07411,6.9468923
11/13/2020 13:30,4.8745925,2.04612,6.9207125
11/13/2020 14:00,2.139384,4.72963,6.869014
11/13/2020 14:30,4.893413,2.04612,6.939533
11/13/2020 15:00,4.624108,2.34224,6.966348
11/13/2020 15:30,2.2275743,4.72963,6.9572043
11/13/2020 16:00,2.2369976,4.72963,6.9666276
11/13/2020 16:30,4.0439115,2.86766,6.9115715
11/13/2020 17:00,-1.216856,8.01976,6.802904
11/13/2020 17:30,-1.4020394,8.06996,6.6679206
11/13/2020 18:00,-1.4930495,8.02921,6.5361605
11/13/2020 18:30,-1.620243,8.00333,6.383087
11/13/2020 19:00,-1.786492,7.98815,6.201658
11/13/2020 19:30,2.0765832,4.00235,6.0789332
11/13/2020 20:00,-2.445846,8.30238,5.856534
11/13/2020 20:30,-6.818458,12.499,5.680542
11/13/2020 21:00,-7.0082936,12.499,5.4907064
11/13/2020 21:30,-7.2183503,12.499,5.2806497
11/13/2020 22:00,-7.291785,12.499,5.207215
11/13/2020 22:30,-8.863079,13.9604,5.097321
11/13/2020 23:00,-9.3882167,14.2927,4.9044833
11/13/2020 23:30,-11.486572,16.2784,4.791828
11/14/2020 0:00,-13.3866163,18.0477,4.6610837
11/14/2020 0:30,-3.181979,7.93828,4.756301
11/14/2020 1:00,-11.51384,16.2784,4.76456
11/14/2020 1:30,-3.340441,7.93828,4.597839
11/14/2020 2:00,-3.3802585,7.93828,4.5580215
11/14/2020 2:30,-3.4234594,7.93828,4.5148206
11/14/2020 3:00,-3.3564814,7.93828,4.5817986
11/14/2020 3:30,-3.383503,7.93828,4.554777
11/14/2020 4:00,-3.4660825,7.93828,4.4721975
11/14/2020 4:30,-3.4936527,7.93828,4.4446273
11/14/2020 5:00,-3.51641,7.93828,4.42187
11/14/2020 5:30,-3.4133815,7.93828,4.5248985
11/14/2020 6:00,-11.5472093,16.2784,4.7311907
11/14/2020 6:30,-3.5777754,7.93828,4.3605046
11/14/2020 7:00,-3.173289,7.83314,4.659851
11/14/2020 7:30,-3.6505137,8.39395,4.7434363
11/14/2020 8:00,7.1536363,-2.03907,5.1145663
11/14/2020 8:30,9.595142,-3.89098,5.704162
11/14/2020 9:00,11.163829,-5.17912,5.984709
11/14/2020 9:30,12.247763,-5.95008,6.297683
11/14/2020 10:00,12.7441965,-6.18604,6.5581565
11/14/2020 10:30,12.903772,-6.19333,6.710442
11/14/2020 11:00,13.2266236,-6.39706,6.8295636
11/14/2020 11:30,14.271829,-7.33786,6.933969
11/14/2020 12:00,13.801521,-6.83649,6.965031
11/14/2020 12:30,13.3432416,-6.28308,7.0601616
11/14/2020 13:00,13.831583,-6.75636,7.075223
11/14/2020 13:30,13.596777,-6.47025,7.126527
11/14/2020 14:00,11.8756647,-4.75033,7.1253347
11/14/2020 14:30,12.184832,-5.09795,7.086882
11/14/2020 15:00,10.4549057,-3.4486,7.0063057
11/14/2020 15:30,11.4517137,-4.48412,6.9675937
11/14/2020 16:00,9.7075457,-2.86344,6.8441057
11/14/2020 16:30,4.280319,2.34224,6.622559
11/14/2020 17:00,-2.056557,8.30558,6.249023
11/14/2020 17:30,-2.048238,7.93828,5.890042
11/14/2020 18:00,-1.2431417,6.88619,5.6430483
11/14/2020 18:30,-2.653114,7.97296,5.319846
11/14/2020 19:00,-2.902942,7.97296,5.070018
11/14/2020 19:30,-3.33045,8.30238,4.97193
11/14/2020 20:00,-2.803595,7.75989,4.956295
11/14/2020 20:30,-2.857875,7.75989,4.902015
11/14/2020 21:00,-3.316772,8.14337,4.826598
11/14/2020 21:30,-9.1736826,13.9604,4.7867174
11/14/2020 22:00,-7.6869888,12.499,4.8120112
11/14/2020 22:30,-2.9664735,7.75989,4.7934165
11/14/2020 23:00,-9.6606037,14.2927,4.6320963
11/14/2020 23:30,-3.581622,7.97296,4.391338
11/15/2020 0:00,-3.5172424,7.97296,4.4557176
11/15/2020 0:30,-11.752389,16.2784,4.526011
11/15/2020 1:00,-9.737171,14.2927,4.555529
11/15/2020 1:30,-9.232787,13.9604,4.727613
11/15/2020 2:00,-7.7164325,12.499,4.7825675
11/15/2020 2:30,-7.6647114,12.499,4.8342886
11/15/2020 3:00,-4.6806257,9.61183,4.9312043
11/15/2020 3:30,-7.2900735,12.2643,4.9742265
11/15/2020 4:00,-2.1603945,7.12896,4.9685655
11/15/2020 4:30,-3.0395136,7.94103,4.9015164
11/15/2020 5:00,-2.094046,6.99293,4.898884
11/15/2020 5:30,-1.766209,6.6749,4.908691
11/15/2020 6:00,-5.70509,10.712,5.00691
11/15/2020 6:30,0.068755,5.04737,5.116125
11/15/2020 7:00,0.9097938,4.26011,5.1699038
11/15/2020 7:30,3.25006,2.10735,5.35741
11/15/2020 8:00,3.588732,2.03744,5.626172
11/15/2020 8:30,8.4873768,-2.56737,5.9200068
11/15/2020 9:00,9.7124473,-3.50798,6.2044673
11/15/2020 9:30,12.3939465,-5.64867,6.7452765
11/15/2020 10:00,14.999366,-7.89566,7.103706
11/15/2020 10:30,15.480965,-8.07676,7.404205
11/15/2020 11:00,16.1480206,-8.58508,7.5629406
11/15/2020 11:30,17.2116053,-9.61919,7.5924153
11/15/2020 12:00,15.5151057,-8.03162,7.4834857
11/15/2020 12:30,15.8223533,-8.34201,7.4803433
11/15/2020 13:00,11.20623,-3.91115,7.29508
11/15/2020 13:30,5.144516,2.03744,7.181956
11/15/2020 14:00,12.3733853,-5.17355,7.1998353
11/15/2020 14:30,15.345875,-7.97279,7.373085
11/15/2020 15:00,13.0805227,-5.76742,7.3131027
11/15/2020 15:30,5.1576927,2.03744,7.1951327
11/15/2020 16:00,5.510845,1.59105,7.101895
11/15/2020 16:30,7.0544639,-0.0239802,7.0304837
11/15/2020 17:00,3.3841955,3.50189,6.8860855
11/15/2020 17:30,1.60445,5.17912,6.78357
11/15/2020 18:00,3.1673885,3.60012,6.7675085
11/15/2020 18:30,2.093028,4.68742,6.780448
11/15/2020 19:00,2.736303,4.06949,6.805793
11/15/2020 19:30,2.3718704,4.45074,6.8226104
11/15/2020 20:00,2.320481,4.49901,6.819491
11/15/2020 20:30,2.5419303,4.30343,6.8453603
11/15/2020 21:00,3.080726,3.73821,6.818936
11/15/2020 21:30,2.5675936,4.22401,6.7916036
11/15/2020 22:00,2.0908203,4.68225,6.7730703
11/15/2020 22:30,2.151982,4.64527,6.797252
11/15/2020 23:00,2.5926033,4.26623,6.8588333
11/15/2020 23:30,2.711181,3.9814,6.692581
11/16/2020 0:00,2.6015507,4.07734,6.6788907
11/16/2020 0:30,1.657302,4.97426,6.631562
11/16/2020 1:00,2.3719166,4.20391,6.5758266
11/16/2020 1:30,2.848055,3.62453,6.472585
11/16/2020 2:00,1.730673,4.66601,6.396683
11/16/2020 2:30,-1.4519414,7.81889,6.3669486
11/16/2020 3:00,-1.928361,7.81889,5.890529
11/16/2020 3:30,-2.1134924,7.81889,5.7053976
11/16/2020 4:00,-2.225088,7.86677,5.641682
11/16/2020 4:30,-2.269099,7.86677,5.597671
11/16/2020 5:00,-2.4022557,7.86677,5.4645143
11/16/2020 5:30,-2.541585,7.86677,5.325185
11/16/2020 6:00,-2.9001246,7.94693,5.0468054
11/16/2020 6:30,-3.0443073,7.94693,4.9026227
11/16/2020 7:00,-3.5629297,7.85778,4.2948503
11/16/2020 7:30,2.863902,1.30789,4.171792
11/16/2020 8:00,6.739482,-2.01193,4.727552
11/16/2020 8:30,9.6608607,-4.5013,5.1595607
11/16/2020 9:00,11.2636657,-5.83738,5.4262857
11/16/2020 9:30,11.411311,-5.84935,5.561961
11/16/2020 10:00,11.7582843,-6.1031,5.6551843
11/16/2020 10:30,12.3216125,-6.57923,5.7423825
11/16/2020 11:00,12.8119535,-7.01371,5.7982435
11/16/2020 11:30,12.8337017,-6.93675,5.8969517
11/16/2020 12:00,13.0651595,-7.14596,5.9191995
11/16/2020 12:30,11.862356,-5.91768,5.944676
11/16/2020 13:00,12.526817,-6.56851,5.958307
11/16/2020 13:30,11.649543,-5.6507,5.998843
11/16/2020 14:00,12.3671502,-6.31711,6.0500402
11/16/2020 14:30,10.801116,-4.80614,5.994976
11/16/2020 15:00,12.0195354,-6.0819,5.9376354
11/16/2020 15:30,10.848022,-4.96122,5.886802
11/16/2020 16:00,9.798468,-4.09156,5.706908
11/16/2020 16:30,3.4406997,1.97583,5.4165297
11/16/2020 17:00,-3.48679,8.39525,4.90846
11/16/2020 17:30,-3.5559905,7.8969,4.3409095
11/16/2020 18:00,-3.891708,8.03901,4.147302
11/16/2020 18:30,-3.996688,8.08039,4.083702
11/16/2020 19:00,-4.2294418,8.10819,3.8787482
11/16/2020 19:30,-4.3639695,8.10819,3.7442205
11/16/2020 20:00,-4.247649,8.10819,3.860541
11/16/2020 20:30,-4.0922881,8.03837,3.9460819
11/16/2020 21:00,-4.0661011,7.98661,3.9205089
11/16/2020 21:30,-4.4191156,7.94516,3.5260444
11/16/2020 22:00,-4.777662,7.96357,3.185908
11/16/2020 22:30,-4.5544378,7.9528,3.3983622
11/16/2020 23:00,-4.9510722,7.9528,3.0017278
11/16/2020 23:30,-4.9115083,7.9528,3.0412917
11/17/2020 0:00,-4.758469,7.9528,3.194331
11/17/2020 0:30,-4.7129576,7.9528,3.2398424
11/17/2020 1:00,-4.896849,7.9528,3.055951
11/17/2020 1:30,-4.8983793,7.9528,3.0544207
11/17/2020 2:00,-4.8688151,7.9528,3.0839849
11/17/2020 2:30,-4.978072,7.9528,2.974728
11/17/2020 3:00,-4.847373,7.9528,3.105427
11/17/2020 3:30,-4.7745216,7.9528,3.1782784
11/17/2020 4:00,-4.8298587,7.9528,3.1229413
11/17/2020 4:30,-5.0829212,7.9528,2.8698788
11/17/2020 5:00,-5.1629665,7.9528,2.7898335
11/17/2020 5:30,-5.139676,7.9528,2.813124
11/17/2020 6:00,-5.255661,7.9528,2.697139
11/17/2020 6:30,-4.9932038,7.9528,2.9595962
11/17/2020 7:00,-4.8488935,7.83247,2.9835765
11/17/2020 7:30,-1.0657983,3.92995,2.8641517
11/17/2020 8:00,6.0794891,-2.70443,3.3750591
11/17/2020 8:30,7.7205593,-3.96812,3.7524393
11/17/2020 9:00,9.642481,-5.45173,4.190751
11/17/2020 9:30,9.2881173,-4.55239,4.7357273
11/17/2020 10:00,8.922644,-3.77159,5.151054
11/17/2020 10:30,11.2303285,-5.84205,5.3882785
11/17/2020 11:00,12.0995666,-6.58344,5.5161266
11/17/2020 11:30,12.431784,-6.89317,5.538614
11/17/2020 12:00,12.541356,-6.91668,5.624676
11/17/2020 12:30,12.6100146,-6.94403,5.6659846
11/17/2020 13:00,12.557567,-6.86125,5.696317
11/17/2020 13:30,12.425353,-6.72733,5.698023
11/17/2020 14:00,11.873775,-6.21745,5.656325
11/17/2020 14:30,11.526366,-5.90736,5.619006
11/17/2020 15:00,11.999284,-6.43361,5.565674
11/17/2020 15:30,8.364197,-2.93276,5.431437
11/17/2020 16:00,8.585235,-3.37639,5.208845
11/17/2020 16:30,3.8689463,1.15607,5.0250163
11/17/2020 17:00,-3.933975,8.7133,4.779325
11/17/2020 17:30,-3.403354,7.99184,4.588486
11/17/2020 18:00,-3.7388448,8.06364,4.3247952
11/17/2020 18:30,-4.1577216,8.06364,3.9059184
11/17/2020 19:00,1.8869052,1.74928,3.6361852
11/17/2020 19:30,1.1262904,2.38894,3.5152304
11/17/2020 20:00,-1.7545893,5.06709,3.3125007
11/17/2020 20:30,-4.4482805,8.06364,3.6153595
11/17/2020 21:00,-4.2275435,8.06364,3.8360965
11/17/2020 21:30,-4.3989126,8.06364,3.6647274
11/17/2020 22:00,-4.4639915,8.06364,3.5996485
11/17/2020 22:30,-4.2257733,7.9881,3.7623267
11/17/2020 23:00,-4.280052,7.89157,3.611518
11/17/2020 23:30,-4.7333643,7.89157,3.1582057
11/18/2020 0:00,-0.8536755,3.66068,2.8070045
11/18/2020 0:30,-4.9807273,7.89157,2.9108427
11/18/2020 1:00,-4.3551247,7.79338,3.4382553
11/18/2020 1:30,-4.2740576,7.79338,3.5193224
11/18/2020 2:00,-4.3457672,7.79338,3.4476128
11/18/2020 2:30,-4.3875882,7.79338,3.4057918
11/18/2020 3:00,-4.4533636,7.79338,3.3400164
11/18/2020 3:30,-4.514009,7.79338,3.279371
11/18/2020 4:00,-4.6245641,7.79338,3.1688159
11/18/2020 4:30,-4.673314,7.79338,3.120066
11/18/2020 5:00,-4.7683766,7.79338,3.0250034
11/18/2020 5:30,-4.834581,7.79338,2.958799
11/18/2020 6:00,-4.5735547,7.54531,2.9717553
11/18/2020 6:30,-4.5130156,7.38881,2.8757944
11/18/2020 7:00,-4.1207108,7.03114,2.9104292
11/18/2020 7:30,-2.7590668,5.76037,3.0013032
11/18/2020 8:00,5.044283,-1.82877,3.215513
11/18/2020 8:30,7.1706912,-3.80482,3.3658712
11/18/2020 9:00,8.7962525,-5.34267,3.4535825
11/18/2020 9:30,9.6044119,-6.03861,3.5658019
11/18/2020 10:00,9.4511806,-5.82049,3.6306906
11/18/2020 10:30,10.0238392,-6.33005,3.6937892
11/18/2020 11:00,10.6329308,-6.85446,3.7784708
11/18/2020 11:30,10.777637,-6.95749,3.820147
11/18/2020 12:00,10.991977,-7.07532,3.916657
11/18/2020 12:30,10.9340232,-7.02665,3.9073732
11/18/2020 13:00,10.991143,-7.0433,3.947843
11/18/2020 13:30,10.748945,-6.80965,3.939295
11/18/2020 14:00,10.2624984,-6.32477,3.9377284
11/18/2020 14:30,9.9315195,-6.01198,3.9195395
11/18/2020 15:00,10.249657,-6.34385,3.905807
11/18/2020 15:30,8.4629262,-4.5888,3.8741262
11/18/2020 16:00,5.6500974,-1.8715,3.7785974
11/18/2020 16:30,6.2383233,-2.60596,3.6323633
11/18/2020 17:00,-3.7445645,7.06601,3.3214455
11/18/2020 17:30,-4.0597625,7.04649,2.9867275
11/18/2020 18:00,-4.34341,7.10715,2.76374
11/18/2020 18:30,-4.4438927,7.08075,2.6368573
11/18/2020 19:00,-4.4185374,7.05775,2.6392126
11/18/2020 19:30,0.3782812,2.17478,2.5530612
11/18/2020 20:00,-4.3382057,6.97197,2.6337643
11/18/2020 20:30,-4.3011904,6.91661,2.6154196
11/18/2020 21:00,0.5979721,1.74981,2.3477821
11/18/2020 21:30,-4.6720263,6.88663,2.2146037
11/18/2020 22:00,-4.76061,6.87766,2.11705
11/18/2020 22:30,-4.777942,6.8362,2.058258
11/18/2020 23:00,-4.784644,6.82178,2.037136
11/18/2020 23:30,-4.7325329,6.76693,2.0343971
11/19/2020 0:00,-4.6453904,6.72132,2.0759296
11/19/2020 0:30,-4.7631841,6.69334,1.9301559
11/19/2020 1:00,-4.693042,6.66869,1.975648
11/19/2020 1:30,-4.6335825,6.62008,1.9864975
11/19/2020 2:00,-4.5254977,6.58637,2.0608723
11/19/2020 2:30,-4.5768318,6.55848,1.9816482
11/19/2020 3:00,-4.5489747,6.51807,1.9690953
11/19/2020 3:30,-3.8723766,5.865,1.9926234
11/19/2020 4:00,-3.3081798,5.28567,1.9774902
11/19/2020 4:30,-3.3420881,5.28567,1.9435819
11/19/2020 5:00,-3.2429728,5.28567,2.0426972
11/19/2020 5:30,26.377165,8.8929,35.270065
11/19/2020 6:00,-2.9336855,5.03357,2.0998845
11/19/2020 6:30,-2.9268455,5.02585,2.0990045
11/19/2020 7:00,-2.9099878,4.98254,2.0725522
11/19/2020 7:30,-3.0053438,5.11684,2.1114962
11/19/2020 8:00,4.1849316,-1.79193,2.3930016
11/19/2020 8:30,6.6861786,-3.69162,2.9945586
11/19/2020 9:00,8.755678,-5.24884,3.506838
11/19/2020 9:30,10.0832805,-6.30482,3.7784605
11/19/2020 10:00,9.9214508,-5.95669,3.9647608
11/19/2020 10:30,7.4930225,-3.37708,4.1159425
11/19/2020 11:00,11.0668045,-6.80542,4.2613845
11/19/2020 11:30,11.2608436,-6.8481,4.4127436
11/19/2020 12:00,10.626008,-6.14835,4.477658
11/19/2020 12:30,10.9730486,-6.48284,4.4902086
11/19/2020 13:00,11.5797317,-7.03076,4.5489717
11/19/2020 13:30,11.349651,-6.76672,4.582931
11/19/2020 14:00,10.0574707,-5.43615,4.6213207
11/19/2020 14:30,9.201228,-4.56163,4.639598
11/19/2020 15:00,7.9291594,-3.29476,4.6343994
11/19/2020 15:30,6.8995414,-2.2577,4.6418414
11/19/2020 16:00,8.24337,-3.65847,4.5849
11/19/2020 16:30,5.400529,-1.05738,4.343149
11/19/2020 17:00,0.3346204,3.72327,4.0578904
11/19/2020 17:30,-0.8181415,4.45662,3.6384785
11/19/2020 18:00,-1.1576484,4.46955,3.3119016
11/19/2020 18:30,-1.3527797,4.46077,3.1079903
11/19/2020 19:00,-1.487997,4.45653,2.968533
11/19/2020 19:30,-1.612397,4.45343,2.841033
11/19/2020 20:00,-1.7115187,4.45387,2.7423513
11/19/2020 20:30,-1.7215855,4.43838,2.7167945
11/19/2020 21:00,-1.802452,4.42924,2.626788
11/19/2020 21:30,-1.840256,4.43368,2.593424
11/19/2020 22:00,-1.900426,4.41724,2.516814
11/19/2020 22:30,-1.912748,4.40324,2.490492
11/19/2020 23:00,-1.9401175,4.40002,2.4599025
11/19/2020 23:30,-1.9607245,4.3861,2.4253755
11/20/2020 0:00,-1.9773752,4.3861,2.4087248
11/20/2020 0:30,-2.0025975,4.42599,2.4233925
11/20/2020 1:00,-1.972094,4.42599,2.453896
11/20/2020 1:30,-1.803145,4.41608,2.612935
11/20/2020 2:00,-9.5803217,12.5022,2.9218783
11/20/2020 2:30,-1.587,4.4025,2.8155
11/20/2020 3:00,-1.680465,4.4025,2.722035
11/20/2020 3:30,-1.332186,4.4025,3.070314
11/20/2020 4:00,-1.5702988,4.4025,2.8322012
11/20/2020 4:30,-1.8717779,4.4025,2.5307221
11/20/2020 5:00,-1.9229227,4.4025,2.4795773
11/20/2020 5:30,-1.8732198,4.4025,2.5292802
11/20/2020 6:00,-1.9655956,4.4025,2.4369044
11/20/2020 6:30,-1.9903754,4.4025,2.4121246
11/20/2020 7:00,-1.930635,4.34481,2.414175
11/20/2020 7:30,-1.0260373,3.4485,2.4224627
11/20/2020 8:00,3.8208103,-0.991158,2.8296523
11/20/2020 8:30,7.5583332,-4.13553,3.4228032
11/20/2020 9:00,9.7352406,-5.68773,4.0475106
11/20/2020 9:30,9.5897244,-5.18443,4.4052944
11/20/2020 10:00,10.8326717,-6.16498,4.6676917
11/20/2020 10:30,11.4018695,-6.52617,4.8756995
11/20/2020 11:00,11.3318235,-6.2383,5.0935235
11/20/2020 11:30,13.158684,-7.90379,5.254894
11/20/2020 12:00,18.5333745,-13.1491,5.3842745
11/20/2020 12:30,12.4300733,-6.95188,5.4781933
11/20/2020 13:00,13.021448,-7.51102,5.510428
11/20/2020 13:30,10.57113,-5.05072,5.52041
11/20/2020 14:00,9.919091,-4.38311,5.535981
11/20/2020 14:30,10.8529463,-5.39325,5.4596963
11/20/2020 15:00,19.781573,-14.3172,5.464373
11/20/2020 15:30,8.137171,-2.74578,5.391391
11/20/2020 16:00,7.095373,-1.7938,5.301573
11/20/2020 16:30,6.5161006,-1.3994,5.1167006
11/20/2020 17:00,2.6270287,2.17576,4.8027887
11/20/2020 17:30,0.937007,3.59234,4.529347
11/20/2020 18:00,0.6206475,3.78623,4.4068775
11/20/2020 18:30,0.886594,3.386,4.272594
11/20/2020 19:00,0.22846,3.91976,4.14822
11/20/2020 19:30,-0.020359,4.08648,4.066121
11/20/2020 20:00,-0.5544406,4.40374,3.8492994
11/20/2020 20:30,-6.4800313,10.2895,3.8094687
11/20/2020 21:00,-4.1772837,8.06991,3.8926263
11/20/2020 21:30,-1.743745,5.61681,3.873065
11/20/2020 22:00,-4.579687,8.41002,3.830333
11/20/2020 22:30,-4.9404245,8.6095,3.6690755
11/20/2020 23:00,-1.1821955,4.40374,3.2215445
11/20/2020 23:30,-1.2419918,4.40374,3.1617482
11/21/2020 0:00,-7.2472396,10.3397,3.0924604
11/21/2020 0:30,-7.3170624,10.3397,3.0226376
11/21/2020 1:00,-7.3814397,10.3397,2.9582603
11/21/2020 1:30,-7.3994355,10.3397,2.9402645
11/21/2020 2:00,-7.4409726,10.3397,2.8987274
11/21/2020 2:30,-7.4591324,10.3397,2.8805676
11/21/2020 3:00,-7.4772563,10.3397,2.8624437
11/21/2020 3:30,-7.499972,10.3397,2.839728
11/21/2020 4:00,-7.5167449,10.3397,2.8229551
11/21/2020 4:30,-7.5141733,10.3397,2.8255267
11/21/2020 5:00,-1.2325779,4.40374,3.1711621
11/21/2020 5:30,-4.4169828,7.75989,3.3429072
11/21/2020 6:00,-7.3701258,10.3397,2.9695742
11/21/2020 6:30,-7.4906519,10.3397,2.8490481
11/21/2020 7:00,-7.5191255,10.3397,2.8205745
11/21/2020 7:30,-0.6699663,3.50942,2.8394537
11/21/2020 8:00,4.4881295,-1.28645,3.2016795
11/21/2020 8:30,8.0391836,-4.13553,3.9036536
11/21/2020 9:00,9.5865043,-5.13351,4.4529943
11/21/2020 9:30,10.954293,-6.18406,4.770233
11/21/2020 10:00,11.041694,-6.07227,4.969424
11/21/2020 10:30,8.268547,-3.14355,5.124997
11/21/2020 11:00,12.017729,-6.78304,5.234689
11/21/2020 11:30,12.2045015,-6.91827,5.2862315
11/21/2020 12:00,11.454646,-6.07711,5.377536
11/21/2020 12:30,11.7697684,-6.34577,5.4239984
11/21/2020 13:00,11.0394526,-5.58422,5.4552326
11/21/2020 13:30,11.2367283,-5.76885,5.4678783
11/21/2020 14:00,10.484146,-5.02968,5.454466
11/21/2020 14:30,10.6189167,-5.20032,5.4185967
11/21/2020 15:00,9.0513507,-3.69237,5.3589807
11/21/2020 15:30,7.835013,-2.5325,5.302513
11/21/2020 16:00,7.008645,-1.82743,5.181215
11/21/2020 16:30,5.2480573,-0.251244,4.9968133
11/21/2020 17:00,2.113673,2.55793,4.671603
11/21/2020 17:30,0.579003,3.61163,4.190633
11/21/2020 18:00,-2.830345,6.84336,4.013015
11/21/2020 18:30,-0.4393714,4.37704,3.9376686
11/21/2020 19:00,-0.6959923,4.37704,3.6810477
11/21/2020 19:30,-0.8633674,4.37704,3.5136726
11/21/2020 20:00,-4.9373664,8.30238,3.3650136
11/21/2020 20:30,-4.363838,7.75989,3.396052
11/21/2020 21:00,-4.5261032,7.75989,3.2337868
11/21/2020 21:30,-1.2110856,4.37704,3.1659544
11/21/2020 22:00,-1.301439,4.37704,3.075601
11/21/2020 22:30,-7.3637786,10.3397,2.9759214
11/21/2020 23:00,-7.3951123,10.3397,2.9445877
11/21/2020 23:30,-7.427592,10.3397,2.912108
11/22/2020 0:00,-7.5756507,10.3397,2.7640493
11/22/2020 0:30,-7.554693,10.3397,2.785007
11/22/2020 1:00,-7.5487333,10.3397,2.7909667
11/22/2020 1:30,-7.5588563,10.3397,2.7808437
11/22/2020 2:00,-7.7502868,10.3397,2.5894132
11/22/2020 2:30,-7.709639,10.3397,2.630061
11/22/2020 3:00,-7.7493408,10.3397,2.5903592
11/22/2020 3:30,-7.7678876,10.3397,2.5718124
11/22/2020 4:00,-7.7766338,10.3397,2.5630662
11/22/2020 4:30,-7.6242454,10.3397,2.7154546
11/22/2020 5:00,-7.4269357,10.3397,2.9127643
11/22/2020 5:30,-7.4969728,10.3397,2.8427272
11/22/2020 6:00,-7.6669767,10.3397,2.6727233
11/22/2020 6:30,-7.676243,10.3397,2.663457
11/22/2020 7:00,-7.5720356,10.3397,2.7676644
11/22/2020 7:30,-0.736059,3.57483,2.838771
11/22/2020 8:00,1.459975,1.67148,3.131455
11/22/2020 8:30,3.8869571,-0.357218,3.5297391
11/22/2020 9:00,5.2041276,-1.33666,3.8674676
11/22/2020 9:30,7.269322,-3.19794,4.071382
11/22/2020 10:00,8.213805,-3.90908,4.304725
11/22/2020 10:30,11.4815405,-6.92286,4.5586805
11/22/2020 11:00,10.924029,-6.15815,4.765879
11/22/2020 11:30,11.1560505,-6.25507,4.9009805
11/22/2020 12:00,12.328304,-7.31435,5.013954
11/22/2020 12:30,12.1289203,-7.03529,5.0936303
11/22/2020 13:00,11.412597,-6.22826,5.184337
11/22/2020 13:30,11.606774,-6.42281,5.183964
11/22/2020 14:00,8.680323,-3.59681,5.083513
11/22/2020 14:30,9.205601,-4.07862,5.126981
11/22/2020 15:00,10.3326865,-5.19588,5.1368065
11/22/2020 15:30,7.4443834,-2.42643,5.0179534
11/22/2020 16:00,4.8182088,0.0526902,4.870899
11/22/2020 16:30,4.0931307,0.663164,4.7562947
11/22/2020 17:00,2.5275073,2.11238,4.6398873
11/22/2020 17:30,0.9896507,3.57406,4.5637107
11/22/2020 18:00,2.2590796,2.24066,4.4997396
11/22/2020 18:30,0.4168167,4.03544,4.4522567
11/22/2020 19:00,0.3129437,4.02896,4.3419037
11/22/2020 19:30,10.3754727,-6.05677,4.3187027
11/22/2020 20:00,1.4509427,2.87932,4.3302627
11/22/2020 20:30,0.0539035,4.27344,4.3273435
11/22/2020 21:00,-1.5192215,5.84433,4.3251085
11/22/2020 21:30,-2.7901086,7.14405,4.3539414
11/22/2020 22:00,-3.01091,7.36067,4.34976
11/22/2020 22:30,-3.0177034,7.36067,4.3429666
11/22/2020 23:00,-3.0402645,7.36067,4.3204055
11/22/2020 23:30,-3.044838,7.36067,4.315832
11/23/2020 0:00,0.2274096,4.08727,4.3146796
11/23/2020 0:30,2.5696673,1.74331,4.3129773
11/23/2020 1:00,-2.178622,6.40141,4.222788
11/23/2020 1:30,-3.197614,7.36067,4.163056
11/23/2020 2:00,-3.2072696,7.36067,4.1534004
11/23/2020 2:30,-3.1923417,7.36067,4.1683283
11/23/2020 3:00,-3.121539,7.36067,4.239131
11/23/2020 3:30,-7.7011246,12.0801,4.3789754
11/23/2020 4:00,4.116974,0.371042,4.488016
11/23/2020 4:30,3.987246,0.371042,4.358288
11/23/2020 5:00,3.9838436,0.371042,4.3548856
11/23/2020 5:30,-10.677803,15.0373,4.359497
11/23/2020 6:00,3.9855883,0.371042,4.3566303
11/23/2020 6:30,3.2389275,1.0552,4.2941275
11/23/2020 7:00,-0.1753205,4.3993,4.2239795
11/23/2020 7:30,0.0519687,4.12158,4.1735487
11/23/2020 8:00,10.8543975,-6.67614,4.1782575
11/23/2020 8:30,4.559767,-0.365993,4.193774
11/23/2020 9:00,8.3004247,-4.01257,4.2878547
11/23/2020 9:30,8.7523325,-4.43129,4.3210425
11/23/2020 10:00,10.4102695,-6.01636,4.3939095
11/23/2020 10:30,10.177094,-5.71816,4.458934
11/23/2020 11:00,10.9635966,-6.47136,4.4922366
11/23/2020 11:30,10.9907925,-6.47136,4.5194325
11/23/2020 12:00,10.8902606,-6.37225,4.5180106
11/23/2020 12:30,11.5774703,-7.02566,4.5518103
11/23/2020 13:00,11.786006,-7.2101,4.575906
11/23/2020 13:30,11.154154,-6.58962,4.564534
11/23/2020 14:00,10.2634793,-5.71872,4.5447593
11/23/2020 14:30,10.6095224,-6.08104,4.5284824
11/23/2020 15:00,8.6041406,-4.17882,4.4253206
11/23/2020 15:30,8.6471065,-4.24238,4.4047265
11/23/2020 16:00,5.1481767,-0.81071,4.3374667
11/23/2020 16:30,4.2899244,-0.181279,4.1086454
11/23/2020 17:00,-0.491632,4.35063,3.858998
11/23/2020 17:30,-0.3663656,3.96422,3.5978544
11/23/2020 18:00,-0.477354,3.97919,3.501836
11/23/2020 18:30,-0.590803,3.97657,3.385767
11/23/2020 19:00,-0.6617546,3.97067,3.3089154
11/23/2020 19:30,-0.794986,3.98856,3.193574
11/23/2020 20:00,0.9744347,2.07957,3.0540047
11/23/2020 20:30,-0.7071196,3.67145,2.9643304
11/23/2020 21:00,0.810942,2.04725,2.858192
11/23/2020 21:30,-1.2771187,3.98474,2.7076213
11/23/2020 22:00,-0.3778364,3.04584,2.6680036
11/23/2020 22:30,-1.2347092,3.98357,2.7488608
11/23/2020 23:00,-1.155926,3.99247,2.836544
11/23/2020 23:30,-1.1974383,3.98379,2.7863517
11/24/2020 0:00,-1.2241255,3.98748,2.7633545
11/24/2020 0:30,-1.2768275,3.97831,2.7014825
11/24/2020 1:00,-1.3322538,3.96672,2.6344662
11/24/2020 1:30,-1.3669507,3.96548,2.5985293
11/24/2020 2:00,-1.3269446,3.96806,2.6411154
11/24/2020 2:30,-1.2239708,3.9771,2.7531292
11/24/2020 3:00,-1.227704,3.96867,2.740966
11/24/2020 3:30,-1.2943221,3.96639,2.6720679
11/24/2020 4:00,-1.2959777,3.96006,2.6640823
11/24/2020 4:30,-1.3416047,3.95225,2.6106453
11/24/2020 5:00,-1.3305662,3.94363,2.6130638
11/24/2020 5:30,-1.3484566,3.93625,2.5877934
11/24/2020 6:00,-1.382237,3.92465,2.542413
11/24/2020 6:30,-1.3755917,3.91381,2.5382183
11/24/2020 7:00,-1.4084505,3.87228,2.4638295
11/24/2020 7:30,-1.5096336,4.01153,2.5018964
11/24/2020 8:00,4.2849192,-1.50335,2.7815692
11/24/2020 8:30,6.3919818,-3.38892,3.0030618
11/24/2020 9:00,7.3270134,-4.17882,3.1481934
11/24/2020 9:30,10.0476048,-6.78142,3.2661848
11/24/2020 10:00,9.6348609,-6.26432,3.3705409
11/24/2020 10:30,9.3162883,-5.88216,3.4341283
11/24/2020 11:00,9.9308954,-6.40814,3.5227554
11/24/2020 11:30,10.3528913,-6.78083,3.5720613
11/24/2020 12:00,8.7685987,-5.15982,3.6087787
11/24/2020 12:30,10.7303487,-7.09071,3.6396387
11/24/2020 13:00,11.0105887,-7.37987,3.6307187
11/24/2020 13:30,9.797,-6.11744,3.67956
11/24/2020 14:00,9.3987878,-5.72522,3.6735678
11/24/2020 14:30,8.5312223,-4.90032,3.6309023
11/24/2020 15:00,7.5235232,-3.9248,3.5987232
11/24/2020 15:30,6.7580305,-3.21762,3.5404105
11/24/2020 16:00,6.0334853,-2.58841,3.4450753
11/24/2020 16:30,3.8931905,-0.563728,3.3294625
11/24/2020 17:00,-0.7685358,3.84326,3.0747242
11/24/2020 17:30,-0.9974,3.88534,2.88794
11/24/2020 18:00,-1.1748933,3.86627,2.6913767
11/24/2020 18:30,-1.2327158,3.86627,2.6335542
11/24/2020 19:00,-17.9209516,20.5423,2.6213484
11/24/2020 19:30,-1.3302093,3.8978,2.5675907
11/24/2020 20:00,-23.0268304,25.4735,2.4466696
11/24/2020 20:30,-1.3943076,3.88745,2.4931424
11/24/2020 21:00,-23.0487995,25.4735,2.4247005
11/24/2020 21:30,-27.8635254,30.1222,2.2586746
11/24/2020 22:00,-1.748774,3.88745,2.138676
11/24/2020 22:30,-1.8207798,3.88745,2.0666702
11/24/2020 23:00,-1.83478,3.88147,2.04669
11/24/2020 23:30,-1.8370373,3.86463,2.0275927
11/25/2020 0:00,-1.8256612,3.84972,2.0240588
11/25/2020 0:30,-1.8066824,3.83631,2.0296276
11/25/2020 1:00,-1.8383897,3.83631,1.9979203
11/25/2020 1:30,-1.8688477,3.82145,1.9526023
11/25/2020 2:00,-1.8763382,3.80657,1.9302318
11/25/2020 2:30,-1.8743646,3.78897,1.9146054
11/25/2020 3:00,-1.8379551,3.77188,1.9339249
11/25/2020 3:30,-1.8153358,3.75824,1.9429042
11/25/2020 4:00,-1.7884704,3.75824,1.9697696
11/25/2020 4:30,-1.78791,3.75824,1.97033
11/25/2020 5:00,-1.7539249,3.75824,2.0043151
11/25/2020 5:30,-1.7594011,3.75824,1.9988389
11/25/2020 6:00,28.47077545,-0.00827245,28.462503
11/25/2020 6:30,-1.6704817,3.72612,2.0556383
11/25/2020 7:00,-1.6202985,3.68461,2.0643115
11/25/2020 7:30,-1.5327408,3.7521,2.2193592
11/25/2020 8:00,3.9506725,-1.24026,2.7104125
11/25/2020 8:30,-4.0146582,6.95633,2.9416718
11/25/2020 9:00,4.8024705,-1.5793,3.2231705
11/25/2020 9:30,7.4212621,-3.91127,3.5099921
11/25/2020 10:00,10.7016413,-6.94104,3.7606013
11/25/2020 10:30,10.529932,-6.6097,3.920232
11/25/2020 11:00,11.415948,-7.32113,4.094818
11/25/2020 11:30,13.9207943,-9.67712,4.2436743
11/25/2020 12:00,12.1540416,-7.78032,4.3737216
11/25/2020 12:30,11.821082,-7.3913,4.429782
11/25/2020 13:00,11.3766058,-6.97594,4.4006658
11/25/2020 13:30,12.9262057,-8.43216,4.4940457
11/25/2020 14:00,12.288642,-7.74246,4.546182
11/25/2020 14:30,11.8873585,-7.34601,4.5413485
11/25/2020 15:00,9.350363,-4.87296,4.477403
11/25/2020 15:30,8.0118495,-3.6906,4.3212495
11/25/2020 16:00,4.295786,-0.108049,4.187737
11/25/2020 16:30,0.30963,3.7521,4.06173
11/25/2020 17:00,0.600606,3.37304,3.973646
11/25/2020 17:30,-0.363754,4.22264,3.858886
11/25/2020 18:00,0.259078,3.49657,3.755648
11/25/2020 18:30,0.345306,3.36609,3.711396
11/25/2020 19:00,0.3045043,3.3519,3.6564043
11/25/2020 19:30,0.7037775,2.93094,3.6347175
11/25/2020 20:00,0.8639922,2.7653,3.6292922
11/25/2020 20:30,0.5689642,3.05776,3.6267242
11/25/2020 21:00,0.9819914,2.67757,3.6595614
11/25/2020 21:30,0.4087148,3.3673,3.7760148
11/25/2020 22:00,1.3088097,2.47555,3.7843597
11/25/2020 22:30,1.193019,2.63168,3.824699
11/25/2020 23:00,-0.5406575,4.48354,3.9428825
11/25/2020 23:30,1.5054435,2.5115,4.0169435
11/26/2020 0:00,0.2503367,3.84556,4.0958967
11/26/2020 0:30,0.546335,3.58175,4.128085
11/26/2020 1:00,1.177478,2.92548,4.102958
11/26/2020 1:30,0.0721083,3.99087,4.0629783
11/26/2020 2:00,-0.290205,4.38251,4.092305
11/26/2020 2:30,0.803746,3.32581,4.129556
11/26/2020 3:00,1.2619823,2.91455,4.1765323
11/26/2020 3:30,1.5406925,2.65605,4.1967425
11/26/2020 4:00,0.378675,3.6947,4.073375
11/26/2020 4:30,0.27562,3.6947,3.97032
11/26/2020 5:00,19.250158,-15.2748,3.975358
11/26/2020 5:30,-1.2043716,5.17387,3.9694984
11/26/2020 6:00,-0.449429,4.39276,3.943331
11/26/2020 6:30,-1.718622,5.67506,3.956438
11/26/2020 7:00,3.61034,0.370426,3.980766
11/26/2020 7:30,9.2639246,-5.24545,4.0184746
11/26/2020 8:00,4.4265824,-0.35316,4.0734224
11/26/2020 8:30,2.207526,1.87618,4.083706
11/26/2020 9:00,-7.771402,11.8302,4.058798
11/26/2020 9:30,3.374313,0.70534,4.079653
11/26/2020 10:00,21.4347465,-17.161,4.2737465
11/26/2020 10:30,31.1779094,-26.8648,4.3131094
11/26/2020 11:00,10.861717,-6.34378,4.517937
11/26/2020 11:30,10.330962,-5.72128,4.609682
11/26/2020 12:00,10.7957593,-6.13023,4.6655293
11/26/2020 12:30,12.6428517,-7.88704,4.7558117
11/26/2020 13:00,7.463029,-2.78486,4.678169
11/26/2020 13:30,4.6924248,-0.0147638,4.677661
11/26/2020 14:00,7.6430037,-2.84712,4.7958837
11/26/2020 14:30,6.8512513,-2.00445,4.8468013
11/26/2020 15:00,4.4988278,0.230272,4.7290998
11/26/2020 15:30,5.4911164,-0.866629,4.6244874
11/26/2020 16:00,3.2634414,1.22566,4.4891014
11/26/2020 16:30,1.7399373,2.63902,4.3789573
11/26/2020 17:00,0.902912,3.36133,4.264242
11/26/2020 17:30,-1.374671,5.55558,4.180909
11/26/2020 18:00,0.4616853,3.71494,4.1766253
11/26/2020 18:30,0.0972633,4.09128,4.1885433
11/26/2020 19:00,0.0007374,4.18412,4.1848574
11/26/2020 19:30,-0.310632,4.49252,4.181888
11/26/2020 20:00,0.908835,3.26757,4.176405
11/26/2020 20:30,0.8103546,3.33663,4.1469846
11/26/2020 21:00,-0.4617963,4.51793,4.0561337
11/26/2020 21:30,0.899194,3.16123,4.060424
11/26/2020 22:00,0.8949236,3.15722,4.0521436
11/26/2020 22:30,-0.1380022,4.11006,3.9720578
11/26/2020 23:00,0.769413,3.11971,3.889123
11/26/2020 23:30,3.44968,0.371042,3.820722
11/27/2020 0:00,-4.346417,8.09627,3.749853
11/27/2020 0:30,2.1954216,1.6046,3.8000216
11/27/2020 1:00,0.3410097,3.49428,3.8352897
11/27/2020 1:30,0.7407367,3.1257,3.8664367
11/27/2020 2:00,-0.1604145,4.00103,3.8406155
11/27/2020 2:30,2.0849125,1.6046,3.6895125
11/27/2020 3:00,3.2635312,0.371042,3.6345732
11/27/2020 3:30,-3.7723867,7.36067,3.5882833
11/27/2020 4:00,-0.3622431,3.73896,3.3767169
11/27/2020 4:30,-0.2984423,3.73896,3.4405177
11/27/2020 5:00,-1.1834709,4.64228,3.4588091
11/27/2020 5:30,-0.415792,3.73896,3.323168
11/27/2020 6:00,-0.5523705,3.73896,3.1865895
11/27/2020 6:30,-0.572636,3.77284,3.200204
11/27/2020 7:00,-0.3712919,3.77284,3.4015481
11/27/2020 7:30,-3.8074357,7.36067,3.5532343
11/27/2020 8:00,-1.941644,5.60799,3.666346
11/27/2020 8:30,1.6827955,2.01369,3.6964855
11/27/2020 9:00,2.9832367,0.70534,3.6885767
11/27/2020 9:30,4.5393476,-0.818804,3.7205436
11/27/2020 10:00,6.799929,-3.0451,3.754829
11/27/2020 10:30,9.7487489,-5.94954,3.7992089
11/27/2020 11:00,5.0020945,-1.18489,3.8172045
11/27/2020 11:30,6.212024,-2.35363,3.858394
11/27/2020 12:00,4.610046,-0.698182,3.911864
11/27/2020 12:30,4.8702092,-0.964838,3.9053712
11/27/2020 13:00,5.1087612,-1.14477,3.9639912
11/27/2020 13:30,4.6270036,-0.698182,3.9288216
11/27/2020 14:00,4.566868,-0.611454,3.955414
11/27/2020 14:30,6.320977,-2.30586,4.015117
11/27/2020 15:00,6.4351926,-2.4347,4.0004926
11/27/2020 15:30,4.1926654,-0.316639,3.8760264
11/27/2020 16:00,1.959538,1.92385,3.883388
11/27/2020 16:30,-0.1145097,3.87279,3.7582803
11/27/2020 17:00,-0.0734853,3.75005,3.6765647
11/27/2020 17:30,-26.9040678,30.6072,3.7031322
11/27/2020 18:00,-0.0353319,3.752,3.7166681
11/27/2020 18:30,-0.0430526,3.7495,3.7064474
11/27/2020 19:00,13.100281,-9.4488,3.651481
11/27/2020 19:30,2.5544497,1.0552,3.6096497
11/27/2020 20:00,3.1718345,0.371042,3.5428765
11/27/2020 20:30,-1.5286731,4.94279,3.4141169
11/27/2020 21:00,-0.456961,3.63697,3.180009
11/27/2020 21:30,-0.531774,3.61704,3.085266
11/27/2020 22:00,-0.5109005,3.57864,3.0677395
11/27/2020 22:30,-0.5784057,3.57458,2.9961743
11/27/2020 23:00,-0.5892514,3.57066,2.9814086
11/27/2020 23:30,-0.7003146,3.6932,2.9928854
11/28/2020 0:00,-0.7722744,3.6932,2.9209256
11/28/2020 0:30,-0.7823407,3.6932,2.9108593
11/28/2020 1:00,-1.265537,4.08293,2.817393
11/28/2020 1:30,-1.2639221,4.08293,2.8190079
11/28/2020 2:00,-5.691307,8.40634,2.715033
11/28/2020 2:30,-7.2153732,9.86644,2.6510668
11/28/2020 3:00,-5.7290057,8.40634,2.6773343
11/28/2020 3:30,-5.7284692,8.40634,2.6778708
11/28/2020 4:00,-1.3462264,4.08293,2.7367036
11/28/2020 4:30,-1.225492,4.08293,2.857438
11/28/2020 5:00,-1.187721,4.08552,2.897799
11/28/2020 5:30,-1.1525414,4.0836,2.9310586
11/28/2020 6:00,-1.1609747,4.0836,2.9226253
11/28/2020 6:30,-1.13096,4.0836,2.95264
11/28/2020 7:00,-1.1351716,4.0836,2.9484284
11/28/2020 7:30,-1.130785,4.05752,2.926735
11/28/2020 8:00,-0.8889695,3.82384,2.9348705
11/28/2020 8:30,1.0790538,1.90585,2.9849038
11/28/2020 9:00,4.128687,-1.05963,3.069057
11/28/2020 9:30,5.5623717,-2.35729,3.2050817
11/28/2020 10:00,2.2182896,1.04406,3.2623496
11/28/2020 10:30,4.2974132,-1.00206,3.2953532
11/28/2020 11:00,3.0879505,0.23774,3.3256905
11/28/2020 11:30,6.5778786,-3.19622,3.3816586
11/28/2020 12:00,6.295084,-2.86575,3.429334
11/28/2020 12:30,7.8971868,-4.37321,3.5239768
11/28/2020 13:00,9.8290173,-6.08315,3.7458673
11/28/2020 13:30,9.965753,-6.06047,3.905283
11/28/2020 14:00,9.7235562,-5.74588,3.9776762
11/28/2020 14:30,9.334542,-5.36075,3.973792
11/28/2020 15:00,8.8543375,-4.9039,3.9504375
11/28/2020 15:30,8.316488,-4.43177,3.884718
11/28/2020 16:00,6.3538044,-2.52101,3.8327944
11/28/2020 16:30,4.0163295,-0.303982,3.7123475
11/28/2020 17:00,-0.5559982,4.02624,3.4702418
11/28/2020 17:30,-0.8455038,4.0836,3.2380962
11/28/2020 18:00,-1.000056,4.0836,3.083544
11/28/2020 18:30,-5.656759,8.6095,2.952741
11/28/2020 19:00,-1.2153055,4.0836,2.8682945
11/28/2020 19:30,-6.4657427,9.24082,2.7750773
11/28/2020 20:00,-9.3461678,11.997,2.6508322
11/28/2020 20:30,-9.3590281,11.997,2.6379719
11/28/2020 21:00,-10.843459,13.3709,2.527441
11/28/2020 21:30,-11.026597,13.3709,2.344303
11/28/2020 22:00,-11.7504436,14.0176,2.2671564
11/28/2020 22:30,-12.0986305,14.3253,2.2266695
11/28/2020 23:00,-12.1432412,14.3253,2.1820588
11/28/2020 23:30,-12.1785414,14.3253,2.1467586
11/29/2020 0:00,-12.2029171,14.3253,2.1223829
11/29/2020 0:30,-12.1774767,14.3253,2.1478233
11/29/2020 1:00,-1.9495663,4.02675,2.0771837
11/29/2020 1:30,-1.9298987,4.02675,2.0968513
11/29/2020 2:00,-1.9679474,4.02675,2.0588026
11/29/2020 2:30,-1.932155,4.02675,2.094595
11/29/2020 3:00,-1.9235574,4.02675,2.1031926
11/29/2020 3:30,-1.919779,4.02675,2.106971
11/29/2020 4:00,-13.9673084,16.1188,2.1514916
11/29/2020 4:30,-1.956694,4.02675,2.070056
11/29/2020 5:00,-1.9567002,4.02675,2.0700498
11/29/2020 5:30,-1.9658436,4.02675,2.0609064
11/29/2020 6:00,-1.9966482,4.02675,2.0301018
11/29/2020 6:30,-1.9874486,4.02675,2.0393014
11/29/2020 7:00,-1.9624896,4.0116,2.0491104
11/29/2020 7:30,-1.8407543,3.94184,2.1010857
11/29/2020 8:00,2.5212693,-0.303982,2.2172873
11/29/2020 8:30,3.635611,-1.17985,2.455761
11/29/2020 9:00,6.1552384,-3.25546,2.8997784
11/29/2020 9:30,8.946206,-5.53454,3.411666
11/29/2020 10:00,9.5757208,-5.77789,3.7978308
11/29/2020 10:30,11.66623,-7.66439,4.00184
11/29/2020 11:00,9.366726,-5.17685,4.189876
11/29/2020 11:30,11.7384896,-7.42525,4.3132396
11/29/2020 12:00,11.190547,-6.78219,4.408357
11/29/2020 12:30,11.306925,-6.83702,4.469905
11/29/2020 13:00,10.0457877,-5.56469,4.4810977
11/29/2020 13:30,9.8798793,-5.32069,4.5591893
11/29/2020 14:00,10.433275,-5.78576,4.647515
11/29/2020 14:30,9.503223,-4.82377,4.679453
11/29/2020 15:00,8.547544,-3.98812,4.559424
11/29/2020 15:30,7.062928,-2.51623,4.546698
11/29/2020 16:00,6.247113,-1.81038,4.436733
11/29/2020 16:30,2.245972,2.05631,4.302282
11/29/2020 17:00,0.883698,3.22149,4.105188
11/29/2020 17:30,0.998267,2.96646,3.964727
11/29/2020 18:00,1.217363,2.66172,3.879083
11/29/2020 18:30,0.335737,3.53862,3.874357
11/29/2020 19:00,0.9992093,2.86898,3.8681893
11/29/2020 19:30,1.1788255,2.69671,3.8755355
11/29/2020 20:00,0.4467697,3.41976,3.8665297
11/29/2020 20:30,1.6276875,2.24984,3.8775275
11/29/2020 21:00,0.3895949,3.51427,3.9038649
11/29/2020 21:30,0.7286107,3.28524,4.0138507
11/29/2020 22:00,-0.323093,4.45797,4.134877
11/29/2020 22:30,0.5159537,3.72241,4.2383637
11/29/2020 23:00,1.0975505,3.24374,4.3412905
11/29/2020 23:30,-0.307831,4.79234,4.484509
11/30/2020 0:00,1.2852237,3.25927,4.5444937
11/30/2020 0:30,0.4783497,4.06566,4.5440097
11/30/2020 1:00,0.0441036,4.43009,4.4741936
11/30/2020 1:30,0.408077,4.06566,4.473737
11/30/2020 2:00,-53.1993145,57.6981,4.4987855
11/30/2020 2:30,8.171731,-3.62281,4.548921
11/30/2020 3:00,5.264882,-0.646657,4.618225
11/30/2020 3:30,46.220111,-41.5667,4.653411
11/30/2020 4:00,8.548183,-3.82835,4.719833
11/30/2020 4:30,8.5638313,-3.82835,4.7354813
11/30/2020 5:00,8.6446013,-3.82835,4.8162513
11/30/2020 5:30,0.4646385,4.41804,4.8826785
11/30/2020 6:00,0.761131,4.16128,4.922411
11/30/2020 6:30,6.6014915,-1.60496,4.9965315
11/30/2020 7:00,-2.315298,7.29868,4.983382
11/30/2020 7:30,5.1553546,-0.131352,5.0240026
11/30/2020 8:00,1.055144,4.00772,5.062864
11/30/2020 8:30,-0.0983887,5.22996,5.1315713
11/30/2020 9:00,3.4810124,1.73422,5.2152324
11/30/2020 9:30,8.381939,-2.98442,5.397519
11/30/2020 10:00,8.8284925,-3.34106,5.4874325
11/30/2020 10:30,8.215129,-2.72347,5.491659
11/30/2020 11:00,9.0963184,-3.60453,5.4917884
11/30/2020 11:30,8.1592894,-2.63618,5.5231094
11/30/2020 12:00,6.891426,-1.38381,5.507616
11/30/2020 12:30,6.0926243,-0.568492,5.5241323
11/30/2020 13:00,8.3204333,-2.76252,5.5579133
11/30/2020 13:30,13.432994,-7.69069,5.742304
11/30/2020 14:00,8.347469,-2.72347,5.623999
11/30/2020 14:30,9.409241,-3.83567,5.573571
11/30/2020 15:00,5.0619655,0.415019,5.4769845
11/30/2020 15:30,3.65919,1.83817,5.49736
11/30/2020 16:00,7.8695703,-2.29068,5.5788903
11/30/2020 16:30,4.9223516,0.565099,5.4874506
11/30/2020 17:00,0.0717013,5.15466,5.2263613
11/30/2020 17:30,-0.186317,5.2673,5.080983
11/30/2020 18:00,1.2676947,3.74839,5.0160847
11/30/2020 18:30,1.4675885,3.45159,4.9191785
11/30/2020 19:00,-0.80631,5.58097,4.77466
11/30/2020 19:30,1.676146,3.00198,4.678126
11/30/2020 20:00,0.881926,3.74512,4.627046
11/30/2020 20:30,0.7409597,3.90276,4.6437197
11/30/2020 21:00,-0.4289422,4.94449,4.5155478
11/30/2020 21:30,-0.056483,4.41283,4.356347
11/30/2020 22:00,0.7401113,3.44518,4.1852913
11/30/2020 22:30,-0.8226067,4.84647,4.0238633
11/30/2020 23:00,0.93456,3.14221,4.07677
11/30/2020 23:30,-0.283527,4.34853,4.065003
12/1/2020 0:00,0.9412467,3.07075,4.0119967
12/1/2020 0:30,1.182052,2.80809,3.990142
12/1/2020 1:00,0.1586607,3.84029,3.9989507
12/1/2020 1:30,-0.27795,4.23103,3.95308
12/1/2020 2:00,-0.9864315,4.9079,3.9214685
12/1/2020 2:30,0.7714078,3.09178,3.8631878
12/1/2020 3:00,0.1758307,3.72727,3.9031007
12/1/2020 3:30,0.6118906,3.28934,3.9012306
12/1/2020 4:00,0.7351142,3.11615,3.8512642
12/1/2020 4:30,0.7956382,3.0127,3.8083382
12/1/2020 5:00,0.6198484,3.13232,3.7521684
12/1/2020 5:30,1.050825,2.64846,3.699285
12/1/2020 6:00,0.8976644,2.71056,3.6082244
12/1/2020 6:30,0.5254908,2.91314,3.4386308
12/1/2020 7:00,0.0753296,3.29184,3.3671696
12/1/2020 7:30,1.0389103,2.26219,3.3011003
12/1/2020 8:00,3.2582649,0.203164,3.4614289
12/1/2020 8:30,4.3582357,-0.778757,3.5794787
12/1/2020 9:00,4.3950153,-1.01419,3.3808253
12/1/2020 9:30,6.1185553,-2.37712,3.7414353
12/1/2020 10:00,9.7238175,-5.76218,3.9616375
12/1/2020 10:30,9.6750823,-5.7852,3.8898823
12/1/2020 11:00,9.3377987,-5.28118,4.0566187
12/1/2020 11:30,9.3059181,-5.33486,3.9710581
12/1/2020 12:00,6.7840717,-2.94876,3.8353117
12/1/2020 12:30,9.646295,-5.55435,4.091945
12/1/2020 13:00,8.4458304,-4.40233,4.0435004
12/1/2020 13:30,10.8338636,-6.67036,4.1635036
12/1/2020 14:00,7.9285305,-3.83232,4.0962105
12/1/2020 14:30,7.707817,-3.50261,4.205207
12/1/2020 15:00,6.950565,-2.81048,4.140085
12/1/2020 15:30,6.1715003,-2.03121,4.1402903
12/1/2020 16:00,5.1480435,-1.09739,4.0506535
12/1/2020 16:30,3.6802539,0.210297,3.8905509
12/1/2020 17:00,-0.7685716,4.37485,3.6062784
12/1/2020 17:30,1.543111,1.67358,3.216691
12/1/2020 18:00,-1.397304,4.38577,2.988466
12/1/2020 18:30,-1.4260835,4.38577,2.9596865
12/1/2020 19:00,-1.4433064,4.38577,2.9424636
12/1/2020 19:30,-1.6726472,4.38577,2.7131228
12/1/2020 20:00,0.209904,2.34696,2.556864
12/1/2020 20:30,0.6518856,1.89633,2.5482156
12/1/2020 21:00,-1.758468,4.38577,2.627302
12/1/2020 21:30,-1.7361476,4.38577,2.6496224
12/1/2020 22:00,-1.7679683,4.38577,2.6178017
12/1/2020 22:30,-0.680859,3.20488,2.524021
12/1/2020 23:00,0.5789453,1.94531,2.5242553
12/1/2020 23:30,0.604039,1.94601,2.550049
12/2/2020 0:00,0.235516,2.29382,2.529336
12/2/2020 0:30,0.245654,2.18809,2.433744
12/2/2020 1:00,0.325457,2.09742,2.422877
12/2/2020 1:30,0.3857348,2.0662,2.4519348
12/2/2020 2:00,0.7264625,1.71149,2.4379525
12/2/2020 2:30,0.671317,1.73857,2.409887
12/2/2020 3:00,0.2362562,2.12135,2.3576062
12/2/2020 3:30,0.6645884,1.68626,2.3508484
12/2/2020 4:00,0.480917,1.89624,2.377157
12/2/2020 4:30,0.460788,1.89624,2.357028
12/2/2020 5:00,0.753827,1.52821,2.282037
12/2/2020 5:30,0.0691326,2.21242,2.2815526
12/2/2020 6:00,0.9450034,1.35405,2.2990534
12/2/2020 6:30,0.4210715,1.89587,2.3169415
12/2/2020 7:00,0.7326047,1.62798,2.3605847
12/2/2020 7:30,0.6487552,1.60174,2.2504952
12/2/2020 8:00,-0.072553,2.61566,2.543107
12/2/2020 8:30,6.0342861,-3.11544,2.9188461
12/2/2020 9:00,4.2204412,-1.0154,3.2050412
12/2/2020 9:30,8.933104,-5.47059,3.462514
12/2/2020 10:00,9.267729,-5.56047,3.707259
12/2/2020 10:30,9.4706776,-5.55564,3.9150376
12/2/2020 11:00,10.030371,-5.89499,4.135381
12/2/2020 11:30,10.0000163,-5.64462,4.3553963
12/2/2020 12:00,9.990478,-5.46215,4.528328
12/2/2020 12:30,10.021596,-5.46215,4.559446
12/2/2020 13:00,10.168398,-5.48241,4.685988
12/2/2020 13:30,10.163725,-5.39408,4.769645
12/2/2020 14:00,10.018589,-5.14049,4.878099
12/2/2020 14:30,9.9843524,-5.09217,4.8921824
12/2/2020 15:00,9.934475,-5.07123,4.863245
12/2/2020 15:30,8.5144724,-3.67915,4.8353224
12/2/2020 16:00,5.4493335,-0.67568,4.7736535
12/2/2020 16:30,4.921447,-0.345484,4.575963
12/2/2020 17:00,-0.246425,4.38196,4.135535
12/2/2020 17:30,-0.7329238,4.36902,3.6360962
12/2/2020 18:00,-0.977648,4.37543,3.397782
12/2/2020 18:30,-1.2628343,4.38291,3.1200757
12/2/2020 19:00,-0.011294,3.32077,3.309476
12/2/2020 19:30,1.774184,1.43987,3.214054
12/2/2020 20:00,1.1808572,1.82078,3.0016372
12/2/2020 20:30,-1.2613618,4.42433,3.1629682
12/2/2020 21:00,-1.3153569,4.43776,3.1224031
12/2/2020 21:30,-1.434279,4.44606,3.011781
12/2/2020 22:00,-1.4133119,4.46145,3.0481381
12/2/2020 22:30,-1.589373,4.47586,2.886487
12/2/2020 23:00,-1.782438,4.4758,2.693362
12/2/2020 23:30,-1.8512252,4.49152,2.6402948
12/3/2020 0:00,-1.8929352,4.49673,2.6037948
12/3/2020 0:30,-1.9355276,4.50416,2.5686324
12/3/2020 1:00,-2.160768,4.5171,2.356332
12/3/2020 1:30,-2.2009089,4.52145,2.3205411
12/3/2020 2:00,-1.8765088,4.52261,2.6461012
12/3/2020 2:30,-1.9968502,4.53267,2.5358198
12/3/2020 3:00,-2.2373318,4.54638,2.3090482
12/3/2020 3:30,-2.220443,4.56254,2.342097
12/3/2020 4:00,-2.1604354,4.56254,2.4021046
12/3/2020 4:30,-2.111131,4.56254,2.451409
12/3/2020 5:00,-2.1290113,4.73355,2.6045387
12/3/2020 5:30,-2.237109,4.72972,2.492611
12/3/2020 6:00,-2.3270072,4.73268,2.4056728
12/3/2020 6:30,-2.3680678,4.72434,2.3562722
12/3/2020 7:00,-2.4372815,4.69935,2.2620685
12/3/2020 7:30,-2.3573641,4.63803,2.2806659
12/3/2020 8:00,0.947511,1.58509,2.532601
12/3/2020 8:30,6.2690726,-3.00836,3.2607126
12/3/2020 9:00,7.351189,-3.4587,3.892489
12/3/2020 9:30,9.708897,-5.12055,4.588347
12/3/2020 10:00,10.161569,-5.01584,5.145729
12/3/2020 10:30,9.8890448,-4.34235,5.5466948
12/3/2020 11:00,9.792071,-3.83679,5.955281
12/3/2020 11:30,9.7164817,-3.50348,6.2130017
12/3/2020 12:00,10.7526466,-4.33344,6.4192066
12/3/2020 12:30,13.4876983,-6.82817,6.6595283
12/3/2020 13:00,10.4796318,-3.77012,6.7095118
12/3/2020 13:30,11.8960823,-5.1725,6.7235823
12/3/2020 14:00,10.722841,-3.99345,6.729391
12/3/2020 14:30,10.5256576,-3.7922,6.7334576
12/3/2020 15:00,10.0180763,-3.37264,6.6454363
12/3/2020 15:30,9.404124,-2.78895,6.615174
12/3/2020 16:00,7.573556,-1.10946,6.464096
12/3/2020 16:30,4.944684,1.11088,6.055564
12/3/2020 17:00,0.7993005,4.73651,5.5358105
12/3/2020 17:30,2.236945,2.96646,5.203405
12/3/2020 18:00,0.388414,4.73835,5.126764
12/3/2020 18:30,-0.2886705,4.74265,4.4539795
12/3/2020 19:00,2.4240008,1.48075,3.9047508
12/3/2020 19:30,-1.810576,5.82294,4.012364
12/3/2020 20:00,-2.126529,6.6896,4.563071
12/3/2020 20:30,-1.41454,5.93978,4.52524
12/3/2020 21:00,-1.8181256,6.32489,4.5067644
12/3/2020 21:30,-3.7230247,8.18656,4.4635353
12/3/2020 22:00,-2.112124,6.62255,4.510426
12/3/2020 22:30,1.66014,2.46604,4.12618
12/3/2020 23:00,-1.0736068,4.83509,3.7614832
12/3/2020 23:30,-1.173747,4.83509,3.661343
12/4/2020 0:00,-1.29214,4.80248,3.51034
12/4/2020 0:30,-1.387673,4.80248,3.414807
12/4/2020 1:00,-1.449997,4.8157,3.365703
12/4/2020 1:30,-1.2544094,4.83294,3.5785306
12/4/2020 2:00,-1.4178063,4.83294,3.4151337
12/4/2020 2:30,-1.517139,4.83294,3.315801
12/4/2020 3:00,-1.3974074,4.83294,3.4355326
12/4/2020 3:30,-1.1327332,4.83294,3.7002068
12/4/2020 4:00,-1.0983585,4.83294,3.7345815
12/4/2020 4:30,-1.020478,4.83294,3.812462
12/4/2020 5:00,-0.9558476,4.83294,3.8770924
12/4/2020 5:30,-11.6123656,16.1188,4.5064344
12/4/2020 6:00,-3.378232,8.17714,4.798908
12/4/2020 6:30,-0.0825954,5.1025,5.0199046
12/4/2020 7:00,-16.787902,21.4785,4.690598
12/4/2020 7:30,-0.54738,5.17858,4.6312
12/4/2020 8:00,-9.0289605,13.7905,4.7615395
12/4/2020 8:30,5.3311316,-0.268088,5.0630436
12/4/2020 9:00,7.571202,-1.85413,5.717072
12/4/2020 9:30,10.7564604,-4.18279,6.5736704
12/4/2020 10:00,10.2069706,-3.07905,7.1279206
12/4/2020 10:30,13.9249294,-6.18871,7.7362194
12/4/2020 11:00,13.252019,-4.91344,8.338579
12/4/2020 11:30,13.883554,-5.1927,8.690854
12/4/2020 12:00,15.245111,-6.39593,8.849181
12/4/2020 12:30,13.792701,-4.64389,9.148811
12/4/2020 13:00,14.165812,-5.05768,9.108132
12/4/2020 13:30,15.253117,-6.0978,9.155317
12/4/2020 14:00,11.523662,-2.51337,9.010292
12/4/2020 14:30,12.593476,-3.51316,9.080316
12/4/2020 15:00,13.130323,-3.83328,9.297043
12/4/2020 15:30,11.224589,-2.05609,9.168499
12/4/2020 16:00,11.110154,-1.96515,9.145004
12/4/2020 16:30,4.454135,4.35318,8.807315
12/4/2020 17:00,6.395049,2.13017,8.525219
12/4/2020 17:30,5.858321,2.51856,8.376881
12/4/2020 18:00,5.184622,3.05834,8.242962
12/4/2020 18:30,5.238801,3.00818,8.246981
12/4/2020 19:00,5.471613,2.85265,8.324263
12/4/2020 19:30,5.189881,3.31858,8.508461
12/4/2020 20:00,5.4810945,3.13284,8.6139345
12/4/2020 20:30,5.708425,2.94934,8.657765
12/4/2020 21:00,5.672691,2.98569,8.658381
12/4/2020 21:30,5.281247,3.34162,8.622867
12/4/2020 22:00,5.627661,3.03805,8.665711
12/4/2020 22:30,5.717113,3.04953,8.766643
12/4/2020 23:00,-11.426496,20.1137,8.687204
12/4/2020 23:30,2.901563,5.20958,8.111143
12/5/2020 0:00,2.886429,5.18674,8.073169
12/5/2020 0:30,-48.647058,56.6966,8.049542
12/5/2020 1:00,13.262236,-5.24545,8.016786
12/5/2020 1:30,4.135955,3.87841,8.014365
12/5/2020 2:00,3.784021,4.12158,7.905601
12/5/2020 2:30,3.7025666,4.22613,7.9286966
12/5/2020 3:00,3.57537,3.93886,7.51423
12/5/2020 3:30,3.446978,3.70125,7.148228
12/5/2020 4:00,3.663265,3.44367,7.106935
12/5/2020 4:30,2.5119437,4.43704,6.9489837
12/5/2020 5:00,3.204949,3.82163,7.026579
12/5/2020 5:30,3.2218546,3.78963,7.0114846
12/5/2020 6:00,1.6915086,5.18807,6.8795786
12/5/2020 6:30,3.500492,3.23349,6.733982
12/5/2020 7:00,1.3732346,5.18807,6.5613046
12/5/2020 7:30,1.289136,5.18807,6.477206
12/5/2020 8:00,4.6454415,1.87848,6.5239215
12/5/2020 8:30,8.088934,-1.55782,6.531114
12/5/2020 9:00,7.1136306,-0.560149,6.5534816
12/5/2020 9:30,5.4469286,0.98143,6.4283586
12/5/2020 10:00,6.1366525,0.316823,6.4534755
12/5/2020 10:30,8.0080976,-1.40699,6.6011076
12/5/2020 11:00,10.538627,-3.67199,6.866637
12/5/2020 11:30,8.311578,-1.48175,6.829828
12/5/2020 12:00,9.102359,-2.2233,6.879059
12/5/2020 12:30,9.89187,-2.94406,6.94781
12/5/2020 13:00,8.777555,-1.92885,6.848705
12/5/2020 13:30,8.282998,-1.57796,6.705038
12/5/2020 14:00,7.745932,-1.08703,6.658902
12/5/2020 14:30,8.5479633,-1.79483,6.7531333
12/5/2020 15:00,8.1004367,-1.45437,6.6460667
12/5/2020 15:30,7.9569074,-1.33414,6.6227674
12/5/2020 16:00,5.088423,1.42896,6.517383
12/5/2020 16:30,2.175124,4.24306,6.418184
12/5/2020 17:00,1.0869063,5.18245,6.2693563
12/5/2020 17:30,0.8935445,5.18245,6.0759945
12/5/2020 18:00,0.676169,5.17487,5.851039
12/5/2020 18:30,0.622655,5.16162,5.784275
12/5/2020 19:00,0.617392,5.14237,5.759762
12/5/2020 19:30,0.5330403,5.14556,5.6786003
12/5/2020 20:00,3.7862847,1.85762,5.6439047
12/5/2020 20:30,4.489433,1.0584,5.547833
12/5/2020 21:00,0.385321,5.11563,5.500951
12/5/2020 21:30,4.110042,1.31788,5.427922
12/5/2020 22:00,0.171836,5.10102,5.272856
12/5/2020 22:30,-0.0228657,4.96386,4.9409943
12/5/2020 23:00,2.1800015,2.42712,4.6071215
12/5/2020 23:30,1.535914,2.89205,4.427964
12/6/2020 0:00,-0.8182596,5.05242,4.2341604
12/6/2020 0:30,-3.468374,7.43549,3.967116
12/6/2020 1:00,-1.0314658,5.02282,3.9913542
12/6/2020 1:30,-1.137311,5.02282,3.885509
12/6/2020 2:00,-1.2840013,5.01181,3.7278087
12/6/2020 2:30,-1.160799,4.98659,3.825791
12/6/2020 3:00,-1.2435014,4.96909,3.7255886
12/6/2020 3:30,-1.2326862,4.94947,3.7167838
12/6/2020 4:00,-1.210764,4.94947,3.738706
12/6/2020 4:30,-1.2467534,4.94947,3.7027166
12/6/2020 5:00,-1.2479357,4.95631,3.7083743
12/6/2020 5:30,-1.3509556,4.96691,3.6159544
12/6/2020 6:00,-1.5435497,4.96691,3.4233603
12/6/2020 6:30,-1.550732,4.94183,3.391098
12/6/2020 7:00,-1.6559218,4.94183,3.2859082
12/6/2020 7:30,-1.539206,4.80705,3.267844
12/6/2020 8:00,3.2850676,0.260406,3.5454736
12/6/2020 8:30,5.8215804,-1.89798,3.9236004
12/6/2020 9:00,7.309599,-2.90979,4.399809
12/6/2020 9:30,9.081945,-4.21092,4.871025
12/6/2020 10:00,10.360418,-4.96131,5.399108
12/6/2020 10:30,8.395544,-2.62343,5.772114
12/6/2020 11:00,10.5779905,-4.59797,5.9800205
12/6/2020 11:30,12.3244135,-6.21156,6.1128535
12/6/2020 12:00,11.841333,-5.65778,6.183553
12/6/2020 12:30,11.839289,-5.50082,6.338469
12/6/2020 13:00,10.363223,-4.11721,6.246013
12/6/2020 13:30,11.1747473,-4.81756,6.3571873
12/6/2020 14:00,10.954099,-4.58105,6.373049
12/6/2020 14:30,10.856076,-4.47259,6.383486
12/6/2020 15:00,10.2989976,-3.93458,6.3644176
12/6/2020 15:30,8.540778,-2.28642,6.254358
12/6/2020 16:00,5.5983335,0.158028,5.7563615
12/6/2020 16:30,1.4431584,3.90642,5.3495784
12/6/2020 17:00,0.377956,4.80705,5.185006
12/6/2020 17:30,-0.267411,4.96386,4.696449
12/6/2020 18:00,2.509634,1.77572,4.285354
12/6/2020 18:30,-3.3492097,7.43549,4.0862803
12/6/2020 19:00,-0.8601252,4.83046,3.9703348
12/6/2020 19:30,-1.005679,4.91146,3.905781
12/6/2020 20:00,-1.1008327,4.92243,3.8215973
12/6/2020 20:30,-1.3154635,5.00616,3.6906965
12/6/2020 21:00,-1.314473,5.01721,3.702737
12/6/2020 21:30,-1.308991,5.03013,3.721139
12/6/2020 22:00,-1.323829,5.03444,3.710611
12/6/2020 22:30,-1.2956348,5.04437,3.7487352
12/6/2020 23:00,-1.3222973,5.05812,3.7358227
12/6/2020 23:30,-1.282852,5.06016,3.777308
12/7/2020 0:00,-1.1655798,5.07412,3.9085402
12/7/2020 0:30,-1.0704364,5.07412,4.0036836
12/7/2020 1:00,-10.993473,14.933,3.939527
12/7/2020 1:30,-1.1436591,5.07916,3.9355009
12/7/2020 2:00,-10.840993,14.933,4.092007
12/7/2020 2:30,-10.188122,14.3964,4.208278
12/7/2020 3:00,-10.8139075,14.933,4.1190925
12/7/2020 3:30,-10.8297805,14.933,4.1032195
12/7/2020 4:00,-10.2126193,14.3964,4.1837807
12/7/2020 4:30,-9.1187523,13.5447,4.4259477
12/7/2020 5:00,0.3092642,4.3136,4.6228642
12/7/2020 5:30,0.7765073,3.91778,4.6942873
12/7/2020 6:00,-0.39772,5.11534,4.71762
12/7/2020 6:30,2.946766,1.77572,4.722486
12/7/2020 7:00,-16.865085,21.4785,4.613415
12/7/2020 7:30,-8.5538463,13.1591,4.6052537
12/7/2020 8:00,-8.9438995,13.5447,4.6008005
12/7/2020 8:30,-6.922111,11.5829,4.660789
12/7/2020 9:00,-3.702817,8.46352,4.760703
12/7/2020 9:30,10.0717144,-5.18998,4.8817344
12/7/2020 10:00,5.094052,-0.126883,4.967169
12/7/2020 10:30,1.1040426,3.9084,5.0124426
12/7/2020 11:00,4.8535655,0.201461,5.0550265
12/7/2020 11:30,6.152231,-1.02044,5.131791
12/7/2020 12:00,6.4743085,-1.27876,5.1955485
12/7/2020 12:30,6.9699853,-1.71184,5.2581453
12/7/2020 13:00,5.5096756,-0.229837,5.2798386
12/7/2020 13:30,2.7598266,2.45113,5.2109566
12/7/2020 14:00,1.1741803,3.9103,5.0844803
12/7/2020 14:30,1.0805705,3.95699,5.0375605
12/7/2020 15:00,-3.636539,8.55898,4.922441
12/7/2020 15:30,0.785996,3.98546,4.771456
12/7/2020 16:00,-0.6640166,5.34598,4.6819634
12/7/2020 16:30,-2.7842883,7.37932,4.5950317
12/7/2020 17:00,-0.8347074,5.34749,4.5127826
12/7/2020 17:30,-25.645594,30.1222,4.476606
12/7/2020 18:00,-2.9390014,7.37932,4.4403186
12/7/2020 18:30,-9.131591,13.4886,4.357009
12/7/2020 19:00,-16.31017,20.5423,4.23213
12/7/2020 19:30,-42.5797856,46.7558,4.1760144
12/7/2020 20:00,-16.4446542,20.5423,4.0976458
12/7/2020 20:30,-0.1697943,4.19117,4.0213757
12/7/2020 21:00,-6.717361,10.6798,3.962439
12/7/2020 21:30,-4.5598023,8.44099,3.8811877
12/7/2020 22:00,2.6022349,1.2811,3.8833349
12/7/2020 22:30,0.9034168,2.94621,3.8496268
12/7/2020 23:00,-0.2950425,4.07705,3.7820075
12/7/2020 23:30,-1.354617,5.17343,3.818813
12/8/2020 0:00,-1.3567813,5.1922,3.8354187
12/8/2020 0:30,-1.5286023,5.21368,3.6850777
12/8/2020 1:00,-1.5895948,5.22617,3.6365752
12/8/2020 1:30,-1.6508095,5.2353,3.5844905
12/8/2020 2:00,-1.6591483,5.23833,3.5791817
12/8/2020 2:30,-1.7090474,5.25839,3.5493426
12/8/2020 3:00,-1.7365222,5.27283,3.5363078
12/8/2020 3:30,-1.778755,5.29173,3.512975
12/8/2020 4:00,-1.9046531,5.31264,3.4079869
12/8/2020 4:30,-2.2628129,5.30108,3.0382671
12/8/2020 5:00,0.6713976,2.17478,2.8461776
12/8/2020 5:30,1.061461,1.67972,2.741181
12/8/2020 6:00,1.5769087,1.11434,2.6912487
12/8/2020 6:30,1.221161,1.43203,2.653191
12/8/2020 7:00,1.0653514,1.52821,2.5935614
12/8/2020 7:30,1.0642365,1.60174,2.6659765
12/8/2020 8:00,2.312608,0.656786,2.969394
12/8/2020 8:30,5.1473787,-1.80406,3.3433187
12/8/2020 9:00,6.3177356,-2.59944,3.7182956
12/8/2020 9:30,7.432377,-3.51053,3.921847
12/8/2020 10:00,8.802253,-4.6837,4.118553
12/8/2020 10:30,8.6117692,-4.38094,4.2308292
12/8/2020 11:00,8.983094,-4.62954,4.353554
12/8/2020 11:30,9.4571017,-4.97727,4.4798317
12/8/2020 12:00,9.595653,-4.99198,4.603673
12/8/2020 12:30,9.590339,-4.95181,4.638529
12/8/2020 13:00,9.6848294,-4.9388,4.7460294
12/8/2020 13:30,9.390183,-4.56769,4.822493
12/8/2020 14:00,9.221021,-4.37457,4.846451
12/8/2020 14:30,9.172123,-4.32559,4.846533
12/8/2020 15:00,8.550369,-3.71055,4.839819
12/8/2020 15:30,7.373267,-2.57558,4.797687
12/8/2020 16:00,5.4991262,-0.797715,4.7014112
12/8/2020 16:30,4.070186,0.450993,4.521179
12/8/2020 17:00,-1.6163973,5.76129,4.1448927
12/8/2020 17:30,-1.7979385,5.44652,3.6485815
12/8/2020 18:00,-2.108095,5.44652,3.338425
12/8/2020 18:30,-2.0714933,5.44652,3.3750267
12/8/2020 19:00,-2.346761,5.44652,3.099759
12/8/2020 19:30,-2.308618,5.44652,3.137902
12/8/2020 20:00,-2.445828,5.44652,3.000692
12/8/2020 20:30,0.7256097,2.19462,2.9202297
12/8/2020 21:00,1.2731205,1.78324,3.0563605
12/8/2020 21:30,1.3950374,1.62272,3.0177574
12/8/2020 22:00,0.8265968,2.18809,3.0146868
12/8/2020 22:30,-2.3381312,5.38957,3.0514388
12/8/2020 23:00,0.9049412,1.9079,2.8128412
12/8/2020 23:30,-2.7771541,5.387,2.6098459
12/9/2020 0:00,-2.888859,5.3959,2.507041
12/9/2020 0:30,-2.681127,5.36144,2.680313
12/9/2020 1:00,-2.586333,5.35876,2.772427
12/9/2020 1:30,0.9940834,1.74981,2.7438934
12/9/2020 2:00,1.000926,1.74981,2.750736
12/9/2020 2:30,0.8953879,1.74981,2.6451979
12/9/2020 3:00,-2.9949236,5.46311,2.4681864
12/9/2020 3:30,-3.0301886,5.46311,2.4329214
12/9/2020 4:00,-3.1033187,5.46311,2.3597913
12/9/2020 4:30,-3.1977153,5.46311,2.2653947
12/9/2020 5:00,-3.1791983,5.46311,2.2839117
12/9/2020 5:30,-3.1494175,5.49697,2.3475525
12/9/2020 6:00,-3.1759414,5.54058,2.3646386
12/9/2020 6:30,-3.2764423,5.57935,2.3029077
12/9/2020 7:00,-3.5869831,5.99496,2.4079769
12/9/2020 7:30,-3.5351347,5.99496,2.4598253
12/9/2020 8:00,-1.812357,4.45922,2.646863
12/9/2020 8:30,2.8831802,-0.119705,2.7634752
12/9/2020 9:00,5.978083,-2.72867,3.249413
12/9/2020 9:30,4.578048,-1.14663,3.431418
12/9/2020 10:00,5.7656388,-2.13923,3.6264088
12/9/2020 10:30,4.9060108,-1.16139,3.7446208
12/9/2020 11:00,4.7008272,-0.779105,3.9217222
12/9/2020 11:30,6.0460355,-1.92614,4.1198955
12/9/2020 12:00,7.1760895,-2.82601,4.3500795
12/9/2020 12:30,8.931727,-4.21166,4.720067
12/9/2020 13:00,9.68469,-4.75663,4.92806
12/9/2020 13:30,9.6321517,-4.6597,4.9724517
12/9/2020 14:00,8.954486,-3.85341,5.101076
12/9/2020 14:30,8.4684584,-3.30318,5.1652784
12/9/2020 15:00,8.373679,-3.15427,5.219409
12/9/2020 15:30,7.355302,-2.25445,5.100852
12/9/2020 16:00,5.703367,-0.689615,5.013752
12/9/2020 16:30,4.697948,0.090899,4.788847
12/9/2020 17:00,3.50812,0.914388,4.422508
12/9/2020 17:30,-1.3887315,5.44555,4.0568185
12/9/2020 18:00,-1.8207634,5.44555,3.6247866
12/9/2020 18:30,-1.8848455,5.44555,3.5607045
12/9/2020 19:00,1.9916838,1.2811,3.2727838
12/9/2020 19:30,-1.8076352,4.86488,3.0572448
12/9/2020 20:00,-0.3448255,3.28497,2.9401445
12/9/2020 20:30,-4.5191882,7.81176,3.2925718
12/9/2020 21:00,-2.4808988,5.90258,3.4216812
12/9/2020 21:30,-2.33761,5.40392,3.06631
12/9/2020 22:00,-2.0488375,5.40392,3.3550825
12/9/2020 22:30,-2.95915,6.31469,3.35554
12/9/2020 23:00,-1.3177277,4.69796,3.3802323
12/9/2020 23:30,-1.9379435,5.40392,3.4659765
12/10/2020 0:00,-0.4797282,3.79972,3.3199918
12/10/2020 0:30,1.3350235,1.84526,3.1802835
12/10/2020 1:00,0.4574577,2.59844,3.0558977
12/10/2020 1:30,0.828505,2.29485,3.123355
12/10/2020 2:00,-2.2136296,5.29136,3.0777304
12/10/2020 2:30,-2.293503,5.24969,2.956187
12/10/2020 3:00,-2.330642,5.21559,2.884948
12/10/2020 3:30,-2.3207154,5.21559,2.8948746
12/10/2020 4:00,-2.1810153,5.21559,3.0345747
12/10/2020 4:30,1.1153225,1.66338,2.7787025
12/10/2020 5:00,-2.5531963,5.15335,2.6001537
12/10/2020 5:30,-2.4349873,5.11731,2.6823227
12/10/2020 6:00,-2.428321,5.11731,2.688989
12/10/2020 6:30,-2.5239503,5.11731,2.5933597
12/10/2020 7:00,-2.6261036,5.11731,2.4912064
12/10/2020 7:30,-2.9831557,5.45295,2.4697943
12/10/2020 8:00,1.9111652,0.851404,2.7625692
12/10/2020 8:30,4.9334866,-1.8668,3.0666866
12/10/2020 9:00,6.352766,-2.6767,3.676066
12/10/2020 9:30,7.5594023,-3.32843,4.2309723
12/10/2020 10:00,9.030215,-4.3181,4.712115
12/10/2020 10:30,9.221956,-4.21753,5.004426
12/10/2020 11:00,9.637567,-4.43756,5.200007
12/10/2020 11:30,10.025377,-4.72311,5.302267
12/10/2020 12:00,10.476106,-5.06708,5.409026
12/10/2020 12:30,10.3629167,-4.89097,5.4719467
12/10/2020 13:00,10.046177,-4.53443,5.511747
12/10/2020 13:30,9.9967486,-4.48125,5.5154986
12/10/2020 14:00,9.74708,-4.26316,5.48392
12/10/2020 14:30,9.175331,-3.76235,5.412981
12/10/2020 15:00,8.2236415,-2.86191,5.3617315
12/10/2020 15:30,8.1850023,-2.93117,5.2538323
12/10/2020 16:00,6.0941303,-1.15182,4.9423103
12/10/2020 16:30,4.9825945,-0.286839,4.6957555
12/10/2020 17:00,0.856486,3.61243,4.468916
12/10/2020 17:30,-1.2480505,5.47663,4.2285795
12/10/2020 18:00,-0.5027694,4.56465,4.0618806
12/10/2020 18:30,1.932306,1.84183,3.774136
12/10/2020 19:00,-9.4847797,12.8962,3.4114203
12/10/2020 19:30,-18.3276628,21.4785,3.1508372
12/10/2020 20:00,-2.1384987,5.12292,2.9844213
12/10/2020 20:30,-2.1788577,5.11491,2.9360523
12/10/2020 21:00,-2.2714423,5.10293,2.8314877
12/10/2020 21:30,-2.3016713,5.0721,2.7704287
12/10/2020 22:00,-2.3594006,5.05644,2.6970394
12/10/2020 22:30,-2.4371082,5.05644,2.6193318
12/10/2020 23:00,-2.513095,5.05644,2.543345
12/10/2020 23:30,-2.5526277,5.05644,2.5038123
12/11/2020 0:00,-2.6013511,5.05644,2.4550889
12/11/2020 0:30,-2.5826384,5.05644,2.4738016
12/11/2020 1:00,-2.5754193,5.05644,2.4810207
12/11/2020 1:30,-2.578125,5.05644,2.478315
12/11/2020 2:00,-2.569379,5.05644,2.487061
12/11/2020 2:30,-2.6009063,5.05644,2.4555337
12/11/2020 3:00,-2.5657471,5.05644,2.4906929
12/11/2020 3:30,-2.5695905,5.05644,2.4868495
12/11/2020 4:00,-2.4053804,5.05644,2.6510596
12/11/2020 4:30,-11.843318,14.933,3.089682
12/11/2020 5:00,-20.8047064,24.0605,3.2557936
12/11/2020 5:30,-9.201304,12.5614,3.360096
12/11/2020 6:00,-7.166386,10.5386,3.372214
12/11/2020 6:30,-7.1591754,10.5386,3.3794246
12/11/2020 7:00,-9.2277707,12.7866,3.5588293
12/11/2020 7:30,-6.49556,10.1378,3.64224
12/11/2020 8:00,1.0099042,2.75252,3.7624242
12/11/2020 8:30,5.943772,-1.92811,4.015662
12/11/2020 9:00,4.4074696,-0.186242,4.2212276
12/11/2020 9:30,6.3536634,-1.87044,4.4832234
12/11/2020 10:00,6.79456,-2.07556,4.719
12/11/2020 10:30,7.6157676,-2.72075,4.8950176
12/11/2020 11:00,5.5526115,-0.544264,5.0083475
12/11/2020 11:30,40.703398,-1.92811,38.775288
12/11/2020 12:00,6.8198504,-1.70091,5.1189404
12/11/2020 12:30,16.6955184,-11.1879,5.5076184
12/11/2020 13:00,9.6588964,-3.95684,5.7020564
12/11/2020 13:30,9.4096004,-3.56556,5.8440404
12/11/2020 14:00,9.2642384,-3.26613,5.9981084
12/11/2020 14:30,9.249313,-3.218,6.031313
12/11/2020 15:00,9.624917,-3.58995,6.034967
12/11/2020 15:30,8.347888,-2.41353,5.934358
12/11/2020 16:00,7.0248835,-1.16311,5.8617735
12/11/2020 16:30,5.337061,0.283207,5.620268
12/11/2020 17:00,4.09018,1.27264,5.36282
12/11/2020 17:30,0.093898,5.08085,5.174748
12/11/2020 18:00,-0.106768,5.10214,4.995372
12/11/2020 18:30,-0.223447,5.12441,4.900963
12/11/2020 19:00,-0.3415103,5.14884,4.8073297
12/11/2020 19:30,-0.354625,5.16874,4.814115
12/11/2020 20:00,-4.0324507,8.82478,4.7923293
12/11/2020 20:30,-4.9999304,9.84899,4.8490596
12/11/2020 21:00,-2.9628023,7.74936,4.7865577
12/11/2020 21:30,1.2648487,3.59097,4.8558187
12/11/2020 22:00,1.8753802,3.14411,5.0194902
12/11/2020 22:30,2.252767,2.80329,5.056057
12/11/2020 23:00,2.447119,2.64489,5.092009
12/11/2020 23:30,2.424379,2.67435,5.098729
12/12/2020 0:00,-0.318467,5.3883,5.069833
12/12/2020 0:30,-2.2177583,7.25062,5.0328617
12/12/2020 1:00,0.7559896,4.28757,5.0435596
12/12/2020 1:30,1.0559834,3.97388,5.0298634
12/12/2020 2:00,1.1396056,3.90386,5.0434656
12/12/2020 2:30,0.4981166,4.52638,5.0244966
12/12/2020 3:00,2.1311414,2.85792,4.9890614
12/12/2020 3:30,1.974179,2.98084,4.955019
12/12/2020 4:00,1.912759,2.98084,4.893599
12/12/2020 4:30,1.9074785,2.98084,4.8883185
12/12/2020 5:00,1.9377815,2.98084,4.9186215
12/12/2020 5:30,1.9607913,2.98084,4.9416313
12/12/2020 6:00,1.944944,2.98084,4.925784
12/12/2020 6:30,1.9149124,2.98084,4.8957524
12/12/2020 7:00,1.8710873,2.98084,4.8519273
12/12/2020 7:30,0.2889124,4.5359,4.8248124
12/12/2020 8:00,2.991953,1.85037,4.842323
12/12/2020 8:30,5.3744443,-0.481037,4.8934073
12/12/2020 9:00,5.3677686,-0.481037,4.8867316
12/12/2020 9:30,6.2093676,-1.28735,4.9220176
12/12/2020 10:00,7.498613,-2.42074,5.077873
12/12/2020 10:30,8.860333,-3.52828,5.332053
12/12/2020 11:00,7.87519,-2.49137,5.38382
12/12/2020 11:30,10.8219004,-5.39678,5.4251204
12/12/2020 12:00,9.1410175,-3.69449,5.4465275
12/12/2020 12:30,9.7189013,-4.13715,5.5817513
12/12/2020 13:00,7.4916755,-1.9922,5.4994755
12/12/2020 13:30,8.3078605,-2.83593,5.4719305
12/12/2020 14:00,7.2248007,-1.7987,5.4261007
12/12/2020 14:30,8.5775605,-3.03151,5.5460505
12/12/2020 15:00,8.2443005,-2.6358,5.6085005
12/12/2020 15:30,5.5986275,-0.21952,5.3791075
12/12/2020 16:00,5.404723,-0.197555,5.207168
12/12/2020 16:30,4.7422684,0.408457,5.1507254
12/12/2020 17:00,0.000397,4.97173,4.972127
12/12/2020 17:30,0.5173196,4.29592,4.8132396
12/12/2020 18:00,1.1244014,3.61121,4.7356114
12/12/2020 18:30,1.8134177,2.871,4.6844177
12/12/2020 19:00,-0.945653,5.52443,4.578777
12/12/2020 19:30,0.325894,4.25165,4.577544
12/12/2020 20:00,1.1212656,3.46746,4.5887256
12/12/2020 20:30,0.517064,4.03709,4.554154
12/12/2020 21:00,0.690142,3.82873,4.518872
12/12/2020 21:30,-0.0256207,4.5757,4.5500793
12/12/2020 22:00,0.8174413,3.79129,4.6087313
12/12/2020 22:30,1.3131987,3.32244,4.6356387
12/12/2020 23:00,1.0582186,3.68865,4.7468686
12/12/2020 23:30,1.6825593,3.33201,5.0145693
12/13/2020 0:00,1.1563653,3.80397,4.9603353
12/13/2020 0:30,2.48684,2.42373,4.91057
12/13/2020 1:00,1.545974,3.31573,4.861704
12/13/2020 1:30,1.2571904,3.57,4.8271904
12/13/2020 2:00,3.2371986,1.65747,4.8946686
12/13/2020 2:30,2.283983,2.64089,4.924873
12/13/2020 3:00,2.587611,2.32064,4.908251
12/13/2020 3:30,0.548569,4.34755,4.896119
12/13/2020 4:00,1.2935914,3.50555,4.7991414
12/13/2020 4:30,-1.1213207,5.87961,4.7582893
12/13/2020 5:00,-1.708823,6.40841,4.699587
12/13/2020 5:30,-1.0117055,5.65336,4.6416545
12/13/2020 6:00,3.1684406,1.5058,4.6742406
12/13/2020 6:30,0.949855,3.80144,4.751295
12/13/2020 7:00,18.6716526,-13.7919,4.8797526
12/13/2020 7:30,0.9925285,3.87785,4.8703785
12/13/2020 8:00,1.1709125,3.71334,4.8842525
12/13/2020 8:30,11.2086,-6.28869,4.91991
12/13/2020 9:00,1.993515,2.97038,4.963895
12/13/2020 9:30,5.4401624,-0.443331,4.9968314
12/13/2020 10:00,6.498947,-1.47262,5.026327
12/13/2020 10:30,7.078349,-1.99346,5.084889
12/13/2020 11:00,7.749278,-2.60322,5.146058
12/13/2020 11:30,7.789528,-2.60322,5.186308
12/13/2020 12:00,6.553772,-1.3271,5.226672
12/13/2020 12:30,8.6042467,-3.17829,5.4259567
12/13/2020 13:00,7.1764415,-1.77052,5.4059215
12/13/2020 13:30,7.4003713,-1.98435,5.4160213
12/13/2020 14:00,8.476391,-2.99529,5.481101
12/13/2020 14:30,7.0458305,-1.55528,5.4905505
12/13/2020 15:00,7.125987,-1.60249,5.523497
12/13/2020 15:30,6.5765754,-1.09822,5.4783554
12/13/2020 16:00,5.7872327,-0.445761,5.3414717
12/13/2020 16:30,2.551959,2.69131,5.243269
12/13/2020 17:00,0.1906645,4.918,5.1086645
12/13/2020 17:30,0.277557,4.65362,4.931177
12/13/2020 18:00,0.0805013,4.65362,4.7341213
12/13/2020 18:30,1.2032937,3.45744,4.6607337
12/13/2020 19:00,-9.2195503,13.7934,4.5738497
12/13/2020 19:30,2.026969,2.48144,4.508409
12/13/2020 20:00,-9.1876324,13.6374,4.4497676
12/13/2020 20:30,1.407217,2.98084,4.388057
12/13/2020 21:00,-0.3594783,4.65811,4.2986317
12/13/2020 21:30,0.552999,3.64308,4.196079
12/13/2020 22:00,1.509297,2.56226,4.071557
12/13/2020 22:30,1.518674,2.56226,4.080934
12/13/2020 23:00,1.5265805,2.56226,4.0888405
12/13/2020 23:30,1.764282,2.23332,3.997602
12/14/2020 0:00,1.901479,2.01859,3.920069
12/14/2020 0:30,1.4689414,2.56226,4.0312014
12/14/2020 1:00,1.517009,2.56226,4.079269
12/14/2020 1:30,1.4787284,2.56226,4.0409884
12/14/2020 2:00,1.750775,2.23332,3.984095
12/14/2020 2:30,1.947761,2.01859,3.966351
12/14/2020 3:00,1.770583,2.23332,4.003903
12/14/2020 3:30,1.5251648,2.56226,4.0874248
12/14/2020 4:00,1.5354654,2.56226,4.0977254
12/14/2020 4:30,1.5648996,2.56226,4.1271596
12/14/2020 5:00,0.2076035,3.94665,4.1542535
12/14/2020 5:30,-2.747521,6.9099,4.162379
12/14/2020 6:00,0.573289,3.64308,4.216369
12/14/2020 6:30,1.8342513,2.44162,4.2758713
12/14/2020 7:00,0.405158,3.9138,4.318958
12/14/2020 7:30,-0.334628,4.65811,4.323482
12/14/2020 8:00,-0.3146018,4.65811,4.3435082
12/14/2020 8:30,4.8878363,-0.481037,4.4067993
12/14/2020 9:00,4.941145,-0.481037,4.460108
12/14/2020 9:30,7.4064284,-2.81245,4.5939784
12/14/2020 10:00,9.6922527,-4.94728,4.7449727
12/14/2020 10:30,7.4959545,-2.5225,4.9734545
12/14/2020 11:00,6.9708467,-1.82792,5.1429267
12/14/2020 11:30,5.3452616,-0.247561,5.0977006
12/14/2020 12:00,6.9845396,-1.78784,5.1966996
12/14/2020 12:30,2.0621255,3.05636,5.1184855
12/14/2020 13:00,-35.53046,40.6956,5.16514
12/14/2020 13:30,1.0922438,4.11628,5.2085238
12/14/2020 14:00,5.5025435,-0.247561,5.2549825
12/14/2020 14:30,2.017052,2.72755,4.744602
12/14/2020 15:00,0.9470434,2.72755,3.6745934
12/14/2020 15:30,-4.3822772,7.94369,3.5614128
12/14/2020 16:00,0.5517516,3.05636,3.6081116
12/14/2020 16:30,2.050805,1.54519,3.595995
12/14/2020 17:00,1.9528929,1.54519,3.4980829
12/14/2020 17:30,2.2769657,1.2181,3.4950657
12/14/2020 18:00,0.6774322,2.86069,3.5381222
12/14/2020 18:30,-0.8684779,4.41114,3.5426621
12/14/2020 19:00,1.158915,2.37787,3.536785
12/14/2020 19:30,0.9329621,2.58284,3.5158021
12/14/2020 20:00,-0.347244,3.83148,3.484236
12/14/2020 20:30,0.2575192,3.1257,3.3832192
12/14/2020 21:00,0.2367833,3.1257,3.3624833
12/14/2020 21:30,-0.3133056,3.68558,3.3722744
12/14/2020 22:00,-0.474099,3.68558,3.211481
12/14/2020 22:30,-0.557397,3.70525,3.147853
12/14/2020 23:00,0.0049596,3.05128,3.0562396
12/14/2020 23:30,1.3424107,1.6063,2.9487107
12/15/2020 0:00,1.0603374,1.84526,2.9055974
12/15/2020 0:30,-1.7938806,4.69796,2.9040794
12/15/2020 1:00,1.0860351,1.72076,2.8067951
12/15/2020 1:30,0.8919176,1.84526,2.7371776
12/15/2020 2:00,1.1299797,1.6063,2.7362797
12/15/2020 2:30,0.9803258,1.72076,2.7010858
12/15/2020 3:00,-0.9202374,3.55859,2.6383526
12/15/2020 3:30,0.285098,2.2951,2.580198
12/15/2020 4:00,0.801569,1.81047,2.612039
12/15/2020 4:30,1.4849096,1.07868,2.5635896
12/15/2020 5:00,0.3481335,2.17478,2.5229135
12/15/2020 5:30,0.3550068,2.17478,2.5297868
12/15/2020 6:00,0.264354,2.29124,2.555594
12/15/2020 6:30,-0.2911107,2.89205,2.6009393
12/15/2020 7:00,0.2923286,2.2951,2.5874286
12/15/2020 7:30,0.3680605,2.29485,2.6629105
12/15/2020 8:00,-0.7750448,3.60857,2.8335252
12/15/2020 8:30,0.5916073,2.33091,2.9225173
12/15/2020 9:00,4.2468313,-1.25554,2.9912913
12/15/2020 9:30,5.011875,-1.90507,3.106805
12/15/2020 10:00,5.1545429,-1.98179,3.1727529
12/15/2020 10:30,5.8342578,-2.53951,3.2947478
12/15/2020 11:00,6.5674681,-3.14416,3.4233081
12/15/2020 11:30,7.793277,-4.25493,3.538347
12/15/2020 12:00,8.4144342,-4.80263,3.6118042
12/15/2020 12:30,8.9773932,-5.25104,3.7263532
12/15/2020 13:00,8.7681386,-5.0181,3.7500386
12/15/2020 13:30,8.5354813,-4.80263,3.7328513
12/15/2020 14:00,8.5688985,-4.80263,3.7662685
12/15/2020 14:30,7.6631472,-3.9263,3.7368472
12/15/2020 15:00,6.2043448,-2.54505,3.6592948
12/15/2020 15:30,3.9959667,-0.483387,3.5125797
12/15/2020 16:00,4.4483635,-0.966767,3.4815965
12/15/2020 16:30,0.58508,2.83295,3.41803
12/15/2020 17:00,-0.3418917,3.71934,3.3774483
12/15/2020 17:30,-0.1181249,3.4632,3.3450751
12/15/2020 18:00,-0.137814,3.4632,3.325386
12/15/2020 18:30,-0.1799313,3.4632,3.2832687
12/15/2020 19:00,-0.1917643,3.4632,3.2714357
12/15/2020 19:30,-0.2017535,3.4632,3.2614465
12/15/2020 20:00,-0.2543704,3.4632,3.2088296
12/15/2020 20:30,-0.2378441,3.4632,3.2253559
12/15/2020 21:00,-0.3051025,3.4632,3.1580975
12/15/2020 21:30,1.4398055,1.52929,2.9690955
12/15/2020 22:00,1.4189368,1.48352,2.9024568
12/15/2020 22:30,1.142247,1.75742,2.899667
12/15/2020 23:00,1.1062614,1.88005,2.9863114
12/15/2020 23:30,-0.2004383,3.17466,2.9742217
12/16/2020 0:00,1.1618284,1.94967,3.1114984
12/16/2020 0:30,1.355515,1.8292,3.184715
12/16/2020 1:00,1.4692767,1.68332,3.1525967
12/16/2020 1:30,-1.7393436,4.60767,2.8683264
12/16/2020 2:00,-14.2381126,17.1484,2.9102874
12/16/2020 2:30,1.2242763,2.02265,3.2469263
12/16/2020 3:00,0.8240212,2.53381,3.3578312
12/16/2020 3:30,-0.8543182,4.28611,3.4317918
12/16/2020 4:00,1.766751,1.75626,3.523011
12/16/2020 4:30,1.0681085,2.50118,3.5692885
12/16/2020 5:00,0.1930853,3.4632,3.6562853
12/16/2020 5:30,1.5228442,2.22833,3.7511742
12/16/2020 6:00,0.3762263,3.4632,3.8394263
12/16/2020 6:30,0.836698,3.06736,3.904058
12/16/2020 7:00,0.5135823,3.4632,3.9767823
12/16/2020 7:30,0.3446244,3.71934,4.0639644
12/16/2020 8:00,3.654344,0.479914,4.134258
12/16/2020 8:30,3.3965657,0.857547,4.2541127
12/16/2020 9:00,4.8593917,-0.517416,4.3419757
12/16/2020 9:30,4.9426225,-0.547612,4.3950105
12/16/2020 10:00,2.7824875,1.55488,4.3373675
12/16/2020 10:30,3.0522174,1.31523,4.3674474
12/16/2020 11:00,3.584003,0.857547,4.44155
12/16/2020 11:30,3.653012,0.855273,4.508285
12/16/2020 12:00,-4.2658807,8.84154,4.5756593
12/16/2020 12:30,3.677428,0.959174,4.636602
12/16/2020 13:00,11.3882395,-6.71869,4.6695495
12/16/2020 13:30,0.9886086,3.64308,4.6316886
12/16/2020 14:00,0.9977605,3.64308,4.6408405
12/16/2020 14:30,0.0679757,4.65811,4.7260857
12/16/2020 15:00,1.387496,3.63146,5.018956
12/16/2020 15:30,1.302107,3.78271,5.084817
12/16/2020 16:00,1.22675,3.80144,5.02819
12/16/2020 16:30,3.6947283,1.21448,4.9092083
12/16/2020 17:00,2.2741525,2.58793,4.8620825
12/16/2020 17:30,2.253628,2.58793,4.841558
12/16/2020 18:00,1.226341,3.78271,5.009051
12/16/2020 18:30,1.1976324,3.78271,4.9803424
12/16/2020 19:00,1.312288,3.307,4.619288
12/16/2020 19:30,0.8709635,3.5463,4.4172635
12/16/2020 20:00,2.1450343,2.01859,4.1636243
12/16/2020 20:30,0.4060368,3.52768,3.9337168
12/16/2020 21:00,0.2720539,3.52029,3.7923439
12/16/2020 21:30,0.5593548,3.06144,3.6207948
12/16/2020 22:00,-1.2848656,4.77035,3.4854844
12/16/2020 22:30,-2.3945093,5.74423,3.3497207
12/16/2020 23:00,-2.448171,5.74423,3.296059
12/16/2020 23:30,1.841149,1.42748,3.268629
12/17/2020 0:00,1.0163408,2.25775,3.2740908
12/17/2020 0:30,-4.2127058,7.44773,3.2350242
12/17/2020 1:00,-4.269843,7.44773,3.177887
12/17/2020 1:30,1.8385883,1.27009,3.1086783
12/17/2020 2:00,1.9763758,1.08306,3.0594358
12/17/2020 2:30,1.2148472,1.77135,2.9861972
12/17/2020 3:00,1.7635183,1.17657,2.9400883
12/17/2020 3:30,-3.3132165,6.22558,2.9123635
12/17/2020 4:00,0.8124869,2.03281,2.8452969
12/17/2020 4:30,0.8874683,1.92518,2.8126483
12/17/2020 5:00,1.4313314,1.36918,2.8005114
12/17/2020 5:30,1.1071133,1.701,2.8081133
12/17/2020 6:00,-0.348191,3.17321,2.825019
12/17/2020 6:30,0.085282,2.74205,2.827332
12/17/2020 7:00,0.3008228,2.53058,2.8314028
12/17/2020 7:30,0.211459,2.58504,2.796499
12/17/2020 8:00,0.849752,1.98241,2.832162
12/17/2020 8:30,2.9930181,-0.156193,2.8368251
12/17/2020 9:00,2.2183458,0.635769,2.8541148
12/17/2020 9:30,3.3468323,-0.467562,2.8792703
12/17/2020 10:00,3.397485,-0.514606,2.882879
12/17/2020 10:30,4.2162932,-1.31189,2.9044032
12/17/2020 11:00,4.9850601,-2.04254,2.9425201
12/17/2020 11:30,4.7992415,-1.81799,2.9812515
12/17/2020 12:00,4.7742209,-1.76971,3.0045109
12/17/2020 12:30,4.3028067,-1.29,3.0128067
12/17/2020 13:00,5.2129248,-2.21305,2.9998748
12/17/2020 13:30,6.1075157,-3.01393,3.0935857
12/17/2020 14:00,5.0513937,-1.97507,3.0763237
12/17/2020 14:30,4.5921365,-1.63087,2.9612665
12/17/2020 15:00,4.0002535,-1.10038,2.8998735
12/17/2020 15:30,3.2239746,-0.333861,2.8901136
12/17/2020 16:00,3.1742436,-0.324407,2.8498366
12/17/2020 16:30,0.2088311,2.58134,2.7901711
12/17/2020 17:00,-0.960916,3.60202,2.641104
12/17/2020 17:30,0.6921424,1.84827,2.5404124
12/17/2020 18:00,1.002724,1.42721,2.429934
12/17/2020 18:30,-1.0977997,3.37699,2.2791903
12/17/2020 19:00,-11.2730951,13.5035,2.2304049
12/17/2020 19:30,-11.3280704,13.5035,2.1754296
12/17/2020 20:00,-0.8964986,3.01742,2.1209214
12/17/2020 20:30,-11.3407114,13.5035,2.1627886
12/17/2020 21:00,-11.3241463,13.5035,2.1793537
12/17/2020 21:30,-11.3305974,13.5035,2.1729026
12/17/2020 22:00,-11.3141282,13.5035,2.1893718
12/17/2020 22:30,-0.9416635,3.01742,2.0757565
12/17/2020 23:00,-1.0168867,3.01742,2.0005333
12/17/2020 23:30,-11.3898912,13.5035,2.1136088
12/18/2020 0:00,-11.3586445,13.5035,2.1448555
12/18/2020 0:30,-0.9881436,3.05429,2.0661464
12/18/2020 1:00,-0.688123,2.69922,2.011097
12/18/2020 1:30,-0.6687215,2.69922,2.0304985
12/18/2020 2:00,-11.3943765,13.5035,2.1091235
12/18/2020 2:30,-10.937558,13.1895,2.251942
12/18/2020 3:00,-9.2135185,11.5308,2.3172815
12/18/2020 3:30,-9.2215969,11.5308,2.3092031
12/18/2020 4:00,-3.921263,6.22558,2.304317
12/18/2020 4:30,-4.3377333,6.64571,2.3079767
12/18/2020 5:00,-4.3443813,6.64571,2.3013287
12/18/2020 5:30,-4.3594515,6.64571,2.2862585
12/18/2020 6:00,-2.352378,4.63337,2.280992
12/18/2020 6:30,-2.3821095,4.63337,2.2512605
12/18/2020 7:00,0.3725816,1.77572,2.1483016
12/18/2020 7:30,-3.756356,5.72875,1.972394
12/18/2020 8:00,1.1295052,0.851297,1.9808022
12/18/2020 8:30,3.5140372,-1.3144,2.1996372
12/18/2020 9:00,4.15113,-1.85186,2.29927
12/18/2020 9:30,5.322593,-2.90866,2.413933
12/18/2020 10:00,6.9736433,-4.50319,2.4704533
12/18/2020 10:30,7.3281122,-4.78367,2.5444422
12/18/2020 11:00,7.4614975,-4.88068,2.5808175
12/18/2020 11:30,7.6187413,-5.01909,2.5996513
12/18/2020 12:00,8.0398189,-5.43444,2.6053789
12/18/2020 12:30,6.958246,-4.38083,2.577416
12/18/2020 13:00,5.449677,-2.91041,2.539267
12/18/2020 13:30,4.12541,-1.65434,2.47107
12/18/2020 14:00,3.367156,-0.925961,2.441195
12/18/2020 14:30,3.493585,-1.09476,2.398825
12/18/2020 15:00,2.8522498,-0.484054,2.3681958
12/18/2020 15:30,1.0130417,1.32473,2.3377717
12/18/2020 16:00,0.679917,1.64882,2.328737
12/18/2020 16:30,0.201003,2.08475,2.285753
12/18/2020 17:00,0.1454,2.09967,2.24507
12/18/2020 17:30,0.3147127,1.87759,2.1923027
12/18/2020 18:00,0.2788718,1.87733,2.1562018
12/18/2020 18:30,0.2347748,1.87535,2.1101248
12/18/2020 19:00,0.1659054,1.87161,2.0375154
12/18/2020 19:30,-0.7890976,2.62671,1.8376124
12/18/2020 20:00,-0.0851106,1.81035,1.7252394
12/18/2020 20:30,-0.0506458,1.74184,1.6911942
12/18/2020 21:00,-0.0391217,1.68685,1.6477283
12/18/2020 21:30,-0.0656768,1.6643,1.5986232
12/18/2020 22:00,-0.1216579,1.65246,1.5308021
12/18/2020 22:30,-0.1572755,1.6413,1.4840245
12/18/2020 23:00,-0.2092825,1.63009,1.4208075
12/18/2020 23:30,-0.2287109,1.62166,1.3929491
12/19/2020 0:00,-0.2105055,1.59104,1.3805345
12/19/2020 0:30,-0.1817962,1.54465,1.3628538
12/19/2020 1:00,-0.1823952,1.52198,1.3395848
12/19/2020 1:30,-0.1833337,1.50155,1.3182163
12/19/2020 2:00,-0.2297762,1.50155,1.2717738
12/19/2020 2:30,-0.2125386,1.50155,1.2890114
12/19/2020 3:00,-0.19139,1.50155,1.31016
12/19/2020 3:30,-0.2061797,1.50155,1.2953703
12/19/2020 4:00,-0.2667605,1.50155,1.2347895
12/19/2020 4:30,-0.3012587,1.50155,1.2002913
12/19/2020 5:00,-0.3032793,1.50155,1.1982707
12/19/2020 5:30,-0.3020628,1.50155,1.1994872
12/19/2020 6:00,-0.309513,1.50155,1.192037
12/19/2020 6:30,-0.3081555,1.50155,1.1933945
12/19/2020 7:00,-0.3225524,1.50155,1.1789976
12/19/2020 7:30,-0.5197029,1.70409,1.1843871
12/19/2020 8:00,-0.5525157,1.76715,1.2146343
12/19/2020 8:30,1.7378208,-0.382553,1.3552678
12/19/2020 9:00,3.5580761,-1.98991,1.5681661
12/19/2020 9:30,4.3744939,-2.62769,1.7468039
12/19/2020 10:00,4.8429416,-3.03678,1.8061616
12/19/2020 10:30,6.5759245,-4.67801,1.8979145
12/19/2020 11:00,6.240824,-4.26535,1.975474
12/19/2020 11:30,7.589211,-5.56555,2.023661
12/19/2020 12:00,6.4107807,-4.34458,2.0662007
12/19/2020 12:30,7.6758517,-5.60403,2.0718217
12/19/2020 13:00,7.524874,-5.45266,2.072214
12/19/2020 13:30,8.1971358,-6.11087,2.0862658
12/19/2020 14:00,7.8007998,-5.72338,2.0774198
12/19/2020 14:30,6.318398,-4.22987,2.088528
12/19/2020 15:00,5.533154,-3.45836,2.074794
12/19/2020 15:30,4.884241,-2.86149,2.022751
12/19/2020 16:00,3.6785432,-1.68899,1.9895532
12/19/2020 16:30,2.2529528,-0.339123,1.9138298
12/19/2020 17:00,-0.4558376,2.20934,1.7535024
12/19/2020 17:30,0.0760527,1.45215,1.5282027
12/19/2020 18:00,-0.0920204,1.4337,1.3416796
12/19/2020 18:30,-0.045527,1.42131,1.375783
12/19/2020 19:00,-0.0343368,1.38563,1.3512932
12/19/2020 19:30,-5.7941939,7.18253,1.3883361
12/19/2020 20:00,-2.3832251,3.74407,1.3608449
12/19/2020 20:30,-0.0109719,1.31778,1.3068081
12/19/2020 21:00,-9.11E-05,1.29516,1.2950689
12/19/2020 21:30,0.0085514,1.26533,1.2738814
12/19/2020 22:00,-0.0654263,1.24216,1.1767337
12/19/2020 22:30,-0.1099152,1.2229,1.1129848
12/19/2020 23:00,-0.0446306,1.19985,1.1552194
12/19/2020 23:30,0.0536617,1.17974,1.2334017
12/20/2020 0:00,0.0687408,1.15475,1.2234908
12/20/2020 0:30,0.0720597,1.14255,1.2146097
12/20/2020 1:00,0.0309012,1.14255,1.1734512
12/20/2020 1:30,-0.0086995,1.11898,1.1102805
12/20/2020 2:00,-0.0145646,1.1137,1.0991354
12/20/2020 2:30,-0.0001938,1.09858,1.0983862
12/20/2020 3:00,-0.0063569,1.08636,1.0800031
12/20/2020 3:30,0.0811692,1.08636,1.1675292
12/20/2020 4:00,0.0958762,1.08636,1.1822362
12/20/2020 4:30,-12.2855244,13.5035,1.2179756
12/20/2020 5:00,-12.2937915,13.5035,1.2097085
12/20/2020 5:30,0.2105025,0.98314,1.1936425
12/20/2020 6:00,-12.2805389,13.5035,1.2229611
12/20/2020 6:30,-1.6728031,2.94657,1.2737669
12/20/2020 7:00,-11.9382677,13.1895,1.2512323
12/20/2020 7:30,-11.7956497,13.0888,1.2931503
12/20/2020 8:00,-2.8000777,4.1226,1.3225223
12/20/2020 8:30,-0.0470336,1.42721,1.3801764
12/20/2020 9:00,-1.14844,2.55614,1.4077
12/20/2020 9:30,-0.6641395,2.08729,1.4231505
12/20/2020 10:00,10.581772,-9.16122,1.420552
12/20/2020 10:30,10.6183939,-9.16758,1.4508139
12/20/2020 11:00,-0.6043841,2.07846,1.4740759
12/20/2020 11:30,21.858104,-20.4009,1.457204
12/20/2020 12:00,10.2575637,-8.82419,1.4333737
12/20/2020 12:30,10.234074,-8.82419,1.409884
12/20/2020 13:00,5.9427399,-4.54755,1.3951899
12/20/2020 13:30,5.9346285,-4.54755,1.3870785
12/20/2020 14:00,5.9440728,-4.54755,1.3965228
12/20/2020 14:30,5.9558264,-4.54755,1.4082764
12/20/2020 15:00,10.5871499,-9.1803,1.4068499
12/20/2020 15:30,1.1913331,0.214621,1.4059541
12/20/2020 16:00,1.1916466,0.214621,1.4062676
12/20/2020 16:30,1.1884077,0.214621,1.4030287
12/20/2020 17:00,-0.6845625,2.09361,1.4090475
12/20/2020 17:30,-0.6999582,2.09361,1.3936518
12/20/2020 18:00,-0.7348815,2.09361,1.3587285
12/20/2020 18:30,-0.748464,2.09361,1.345146
12/20/2020 19:00,-0.7501891,2.09361,1.3434209
12/20/2020 19:30,-0.7608484,2.09361,1.3327616
12/20/2020 20:00,-0.7853088,2.09361,1.3083012
12/20/2020 20:30,-0.7996181,2.09361,1.2939919
12/20/2020 21:00,-0.8022762,2.09361,1.2913338
12/20/2020 21:30,-0.7974128,2.09361,1.2961972
12/20/2020 22:00,-0.8010827,2.09361,1.2925273
12/20/2020 22:30,-0.8052947,2.09361,1.2883153
12/20/2020 23:00,-0.8158097,2.09361,1.2778003
12/20/2020 23:30,-0.8245466,2.09361,1.2690634
12/21/2020 0:00,-0.0271111,1.29235,1.2652389
12/21/2020 0:30,-0.0321447,1.29235,1.2602053
12/21/2020 1:00,-0.0365501,1.29235,1.2557999
12/21/2020 1:30,-0.0435162,1.29235,1.2488338
12/21/2020 2:00,-0.0573008,1.29235,1.2350492
12/21/2020 2:30,-0.8077181,2.01778,1.2100619
12/21/2020 3:00,-0.9113152,2.09361,1.1822948
12/21/2020 3:30,-0.9313455,2.09361,1.1622645
12/21/2020 4:00,-0.9516313,2.09361,1.1419787
12/21/2020 4:30,-0.9703824,2.09361,1.1232276
12/21/2020 5:00,-0.9849191,2.09361,1.1086909
12/21/2020 5:30,-0.9997591,2.09361,1.0938509
12/21/2020 6:00,-1.0140248,2.09361,1.0795852
12/21/2020 6:30,-1.0327237,2.09361,1.0608863
12/21/2020 7:00,-1.0475446,2.09361,1.0460654
12/21/2020 7:30,-1.0592862,2.09361,1.0343238
12/21/2020 8:00,-1.0684852,2.09361,1.0251248
12/21/2020 8:30,1.6040414,-0.584205,1.0198364
12/21/2020 9:00,10.1889423,-9.16758,1.0213623
12/21/2020 9:30,5.5508109,-4.54755,1.0032609
12/21/2020 10:00,1.5510972,-0.546174,1.0049232
12/21/2020 10:30,1.5668956,-0.554423,1.0124726
12/21/2020 11:00,1.6217862,-0.615025,1.0067612
12/21/2020 11:30,1.853232,-0.864828,0.988404
12/21/2020 12:00,1.7500768,-0.774707,0.9753698
12/21/2020 12:30,1.3179612,-0.36133,0.9566312
12/21/2020 13:00,1.5020054,-0.553008,0.9489974
12/21/2020 13:30,3.74664736,-2.77598,0.97066736
12/21/2020 14:00,3.4787092,-2.49913,0.9795792
12/21/2020 14:30,4.74748976,-3.77795,0.96953976
12/21/2020 15:00,2.7739856,-1.8148,0.9591856
12/21/2020 15:30,2.3246061,-1.39658,0.9280261
12/21/2020 16:00,1.26019915,-0.365146,0.89505315
12/21/2020 16:30,-0.75380364,1.62792,0.87411636
12/21/2020 17:00,-0.28370224,1.14103,0.85732776
12/21/2020 17:30,-0.60328824,1.44373,0.84044176
12/21/2020 18:00,-0.8200204,1.64487,0.8248496
12/21/2020 18:30,0.0138991,0.791323,0.8052221
12/21/2020 19:00,-0.8886304,1.68415,0.7955196
12/21/2020 19:30,-0.0696275,0.817435,0.7478075
12/21/2020 20:00,-0.10928193,0.817435,0.70815307
12/21/2020 20:30,-1.28606933,1.97143,0.68536067
12/21/2020 21:00,-1.4493803,2.11256,0.6631797
12/21/2020 21:30,-1.6464252,2.27936,0.6329348
12/21/2020 22:00,-4.63849287,5.29864,0.66014713
12/21/2020 22:30,1.2024203,-0.53362,0.6688003
12/21/2020 23:00,-0.7523696,1.4069,0.6545304
12/21/2020 23:30,-0.53193456,1.17657,0.64463544
12/22/2020 0:00,-0.7900242,1.42721,0.6371858
12/22/2020 0:30,-0.1744926,0.817435,0.6429424
12/22/2020 1:00,-1.58182795,2.21747,0.63564205
12/22/2020 1:30,-1.4342413,2.05908,0.6248387
12/22/2020 2:00,-1.70914284,2.31906,0.60991716
12/22/2020 2:30,-1.2689999,1.85665,0.5876501
12/22/2020 3:00,-1.3108178,1.88365,0.5728322
12/22/2020 3:30,-1.5695251,2.1271,0.5575749
12/22/2020 4:00,-1.5432318,2.08304,0.5398082
12/22/2020 4:30,-1.0543334,1.57362,0.5192866
12/22/2020 5:00,-1.17681747,1.67627,0.49945253
12/22/2020 5:30,-1.1946453,1.6726,0.4779547
12/22/2020 6:00,-1.3754197,1.83068,0.4552603
12/22/2020 6:30,-1.47888375,1.91362,0.43473625
12/22/2020 7:00,-1.4900427,1.91362,0.4235773
12/22/2020 7:30,-1.67335474,2.08421,0.41085526
12/22/2020 8:00,-1.00461287,1.42773,0.42311713
12/22/2020 8:30,-0.74539703,1.20343,0.45803297
12/22/2020 9:00,1.9849169,-1.49234,0.4925769
12/22/2020 9:30,0.64984927,-0.144384,0.50546527
12/22/2020 10:00,4.0181395,-3.49979,0.5183495
12/22/2020 10:30,4.8105538,-4.28983,0.5207238
12/22/2020 11:00,5.05782425,-4.53459,0.52323425
12/22/2020 11:30,4.81096045,-4.30593,0.50503045
12/22/2020 12:00,4.54008602,-4.04401,0.49607602
12/22/2020 12:30,4.93700236,-4.45793,0.47907236
12/22/2020 13:00,5.449473,-4.96506,0.484413
12/22/2020 13:30,4.76234333,-4.30593,0.45641333
12/22/2020 14:00,4.7474902,-4.30593,0.4415602
12/22/2020 14:30,4.47272806,-4.04401,0.42871806
12/22/2020 15:00,3.52164204,-3.11154,0.41010204
12/22/2020 15:30,3.07642542,-2.68637,0.39005542
12/22/2020 16:00,1.0474569,-0.678773,0.3686839
12/22/2020 16:30,1.1135356,-0.772915,0.3406206
12/22/2020 17:00,-1.30283673,1.60122,0.29838327
12/22/2020 17:30,-0.54871677,0.803499,0.25478223
12/22/2020 18:00,-0.58261858,0.807844,0.22522542
12/22/2020 18:30,-0.62003197,0.827061,0.20702903
12/22/2020 19:00,-0.63750096,0.827061,0.18956004
12/22/2020 19:30,-1.60218923,1.77572,0.17353077
12/22/2020 20:00,-1.6120234,1.77572,0.1636966
12/22/2020 20:30,-0.74470774,0.88043,0.13572226
12/22/2020 21:00,-0.74937953,0.88043,0.13105047
12/22/2020 21:30,-0.763175695,0.881209,0.118033305
12/22/2020 22:00,-0.768310926,0.875748,0.107437074
12/22/2020 22:30,-0.77112501,0.866268,0.09514299
12/22/2020 23:00,-0.76938656,0.855248,0.08586144
12/22/2020 23:30,-0.75517419,0.832751,0.07757681
12/23/2020 0:00,-0.75330301,0.820478,0.06717499
12/23/2020 0:30,-0.749427063,0.80927,0.059842937
12/23/2020 1:00,-0.74469909,0.799449,0.05474991
12/23/2020 1:30,-0.753238372,0.799449,0.046210628
12/23/2020 2:00,-0.75874216,0.799449,0.04070684
12/23/2020 2:30,-0.765340216,0.799449,0.034108784
12/23/2020 3:00,-0.773242551,0.799449,0.026206449
12/23/2020 3:30,-0.780167393,0.799449,0.019281607
12/23/2020 4:00,-0.78755109,0.799449,0.01189791
12/23/2020 4:30,-0.793081574,0.799449,0.006367426
12/23/2020 5:00,-0.799448633,0.799449,3.67E-07
12/23/2020 5:30,-0.799448596,0.799449,4.04E-07
12/23/2020 6:00,-0.799448607,0.799449,3.93E-07
12/23/2020 6:30,-0.799448628,0.799449,3.72E-07
12/23/2020 7:00,-0.799448613,0.799449,3.87E-07
12/23/2020 7:30,-0.689061599,0.689062,4.01E-07
12/23/2020 8:00,0.422004498,-0.422004,4.98E-07
12/23/2020 8:30,0.526527539,-0.526527,5.39E-07
12/23/2020 9:00,1.473320631,-1.47332,6.31E-07
12/23/2020 9:30,2.661940697,-2.66194,6.97E-07
12/23/2020 10:00,6.501450772,-6.50145,7.72E-07
12/23/2020 10:30,2.534510831,-2.53451,8.31E-07
12/23/2020 11:00,4.77268086,-4.77268,8.60E-07
12/23/2020 11:30,5.431660881,-5.43166,8.81E-07
12/23/2020 12:00,6.113270903,-6.11327,9.03E-07
12/23/2020 12:30,4.961040918,-4.96104,9.18E-07
12/23/2020 13:00,4.740380931,-4.74038,9.31E-07
12/23/2020 13:30,4.915570933,-4.91557,9.33E-07
12/23/2020 14:00,4.095050945,-4.09505,9.45E-07
12/23/2020 14:30,4.023910941,-4.02391,9.41E-07
12/23/2020 15:00,2.579470924,-2.57947,9.24E-07
12/23/2020 15:30,2.825890918,-2.82589,9.18E-07
12/23/2020 16:00,1.40382091,-1.40382,9.10E-07
12/23/2020 16:30,0.722319883,-0.722319,8.83E-07
12/23/2020 17:00,-1.872339182,1.87234,8.18E-07
12/23/2020 17:30,-2.228329251,2.22833,7.49E-07
12/23/2020 18:00,-2.879229315,2.87923,6.85E-07
12/23/2020 18:30,-1.176569347,1.17657,6.53E-07
12/23/2020 19:00,-5.758659308,5.75866,6.92E-07
12/23/2020 19:30,-4.816829298,4.81683,7.02E-07
12/23/2020 20:00,-3.454949305,3.45495,6.95E-07
12/23/2020 20:30,-2.810709306,2.81071,6.94E-07
12/23/2020 21:00,-2.560449297,2.56045,7.03E-07
12/23/2020 21:30,-1.796927215,1.8036,0.006672785
12/23/2020 22:00,-2.287395478,2.30085,0.013454522
12/23/2020 22:30,-0.916257903,0.937173,0.020915097
12/23/2020 23:00,-2.413138117,2.44191,0.028771883
12/23/2020 23:30,-2.456008007,2.49355,0.037541993
12/24/2020 0:00,-1.60004489,1.64595,0.04590511
12/24/2020 0:30,-1.89209067,1.94671,0.05461933
12/24/2020 1:00,-3.73944207,3.80459,0.06514793
12/24/2020 1:30,-2.493403414,2.56804,0.074636586
12/24/2020 2:00,-5.1240587,5.20634,0.0822813
12/24/2020 2:30,-4.86113837,4.95293,0.09179163
12/24/2020 3:00,-3.05612426,3.15841,0.10228574
12/24/2020 3:30,-2.652598125,2.76594,0.113341875
12/24/2020 4:00,-2.95527252,3.07918,0.12390748
12/24/2020 4:30,-2.24907331,2.38223,0.13315669
12/24/2020 5:00,-2.37135859,2.51435,0.14299141
12/24/2020 5:30,-2.18240547,2.33553,0.15312453
12/24/2020 6:00,-1.21930905,1.38166,0.16235095
12/24/2020 6:30,-4.6684975,4.84259,0.1740925
12/24/2020 7:00,-2.18835828,2.37713,0.18877172
12/24/2020 7:30,-1.77688283,1.97427,0.19738717
12/24/2020 8:00,-1.09193968,1.29746,0.20552032
12/24/2020 8:30,1.66479114,-1.44816,0.21663114
12/24/2020 9:00,1.23128478,-0.996021,0.23526378
12/24/2020 9:30,1.62101707,-1.36139,0.25962707
12/24/2020 10:00,0.9120222,-0.634474,0.2775482
12/24/2020 10:30,4.65896193,-4.36189,0.29707193
12/24/2020 11:00,-11.9554191,12.2558,0.3003809
12/24/2020 11:30,3.6944141,-3.38544,0.3089741
12/24/2020 12:00,6.1416367,-5.80507,0.3365667
12/24/2020 12:30,5.37778816,-5.0289,0.34888816
12/24/2020 13:00,4.57075836,-4.21327,0.35748836
12/24/2020 13:30,4.07779635,-3.70999,0.36780635
12/24/2020 14:00,3.17584716,-2.79829,0.37755716
12/24/2020 14:30,1.36393136,-0.977783,0.38614836
12/24/2020 15:00,1.74810986,-1.35256,0.39554986
12/24/2020 15:30,1.3126252,-0.906004,0.4066212
12/24/2020 16:00,0.893738,-0.476138,0.4176
12/24/2020 16:30,-1.20890217,1.63622,0.42731783
12/24/2020 17:00,-0.36869214,0.805674,0.43698186
12/24/2020 17:30,-0.68505108,1.11598,0.43092892
12/24/2020 18:00,-0.6812869,1.11598,0.4346931
12/24/2020 18:30,-0.6675928,1.11598,0.4483872
12/24/2020 19:00,39.14879677,-38.6916,0.45719677
12/24/2020 19:30,-0.6435514,1.11598,0.4724286
12/24/2020 20:00,-0.63213816,1.11598,0.48384184
12/24/2020 20:30,-0.62011448,1.11598,0.49586552
12/24/2020 21:00,-0.61272827,1.11598,0.50325173
12/24/2020 21:30,-0.61446187,1.11598,0.50151813
12/24/2020 22:00,-0.5951436,1.11598,0.5208364
12/24/2020 22:30,-0.59157243,1.11598,0.52440757
12/24/2020 23:00,-0.5861347,1.11598,0.5298453
12/24/2020 23:30,-6.1851326,6.72464,0.5395074
12/25/2020 0:00,-3.1414398,3.69681,0.5553702
12/25/2020 0:30,40.06406055,-39.554,0.51006055
12/25/2020 1:00,-7.2010333,7.7022,0.5011667
12/25/2020 1:30,-0.6084894,1.11598,0.5074906
12/25/2020 2:00,-7.1879637,7.7022,0.5142363
12/25/2020 2:30,58.7851243,-58.2645,0.5206243
12/25/2020 3:00,18.0061562,-17.482,0.5241562
12/25/2020 3:30,-7.16982526,7.7022,0.53237474
12/25/2020 4:00,-0.5729171,1.11598,0.5430629
12/25/2020 4:30,-10.8820023,11.4305,0.5484977
12/25/2020 5:00,-0.56043306,1.11598,0.55554694
12/25/2020 5:30,-2.1414452,2.70751,0.5660648
12/25/2020 6:00,-2.17601045,2.71606,0.54004955
12/25/2020 6:30,-2.4903514,3.00001,0.5096586
12/25/2020 7:00,-1.94719325,2.44822,0.50102675
12/25/2020 7:30,-2.36388212,2.86133,0.49744788
12/25/2020 8:00,-1.94157633,2.43827,0.49669367
12/25/2020 8:30,-1.79994377,2.29743,0.49748623
12/25/2020 9:00,-1.15133522,1.64527,0.49393478
12/25/2020 9:30,-1.00194194,1.48074,0.47879806
12/25/2020 10:00,0.7283188,-0.265974,0.4623448
12/25/2020 10:30,-1.25032724,1.70202,0.45169276
12/25/2020 11:00,-0.01963132,0.474628,0.45499668
12/25/2020 11:30,1.82024118,-1.34588,0.47436118
12/25/2020 12:00,3.170656,-2.69975,0.470906
12/25/2020 12:30,2.33605686,-1.85795,0.47810686
12/25/2020 13:00,3.55736378,-3.06603,0.49133378
12/25/2020 13:30,4.77567865,-4.26847,0.50720865
12/25/2020 14:00,2.97376012,-2.48789,0.48587012
12/25/2020 14:30,3.1775763,-2.68943,0.4881463
12/25/2020 15:00,3.2613484,-2.75049,0.5108584
12/25/2020 15:30,3.5090095,-3.00621,0.5027995
12/25/2020 16:00,1.169821,-0.681127,0.488694
12/25/2020 16:30,0.7130498,-0.251255,0.4617948
12/25/2020 17:00,-0.28721506,0.734,0.44678494
12/25/2020 17:30,-1.41765534,1.84481,0.42715466
12/25/2020 18:00,-1.22255318,1.63065,0.40809682
12/25/2020 18:30,-1.00214613,1.40335,0.40120387
12/25/2020 19:00,-0.69879118,1.11598,0.41718882
12/25/2020 19:30,-0.70234183,1.10573,0.40338817
12/25/2020 20:00,-0.8341851,1.21702,0.3828349
12/25/2020 20:30,-0.4501079,0.820706,0.3705981
12/25/2020 21:00,-0.39465123,0.74954,0.35488877
12/25/2020 21:30,-0.7771686,1.11598,0.3388114
12/25/2020 22:00,-1.0742065,1.40848,0.3342735
12/25/2020 22:30,-0.91139613,1.24303,0.33163387
12/25/2020 23:00,-0.7916158,1.11598,0.3243642
12/25/2020 23:30,-0.78706613,1.11598,0.32891387
12/26/2020 0:00,-0.7747077,1.11598,0.3412723
12/26/2020 0:30,-0.778698,1.11598,0.337282
12/26/2020 1:00,-0.97807557,1.32575,0.34767443
12/26/2020 1:30,-0.794589,1.11598,0.321391
12/26/2020 2:00,-0.80831608,1.11598,0.30766392
12/26/2020 2:30,-0.8014354,1.11598,0.3145446
12/26/2020 3:00,-0.81593117,1.11598,0.30004883
12/26/2020 3:30,-0.8031514,1.11598,0.3128286
12/26/2020 4:00,-0.78597558,1.11598,0.33000442
12/26/2020 4:30,-0.80537036,1.11598,0.31060964
12/26/2020 5:00,-0.80902854,1.11598,0.30695146
12/26/2020 5:30,-0.80113563,1.11598,0.31484437
12/26/2020 6:00,-0.7996646,1.11598,0.3163154
12/26/2020 6:30,-0.8117061,1.11598,0.3042739
12/26/2020 7:00,-0.79882985,1.11598,0.31715015
12/26/2020 7:30,-0.8178494,1.12116,0.3033106
12/26/2020 8:00,-0.17103508,0.479516,0.30848092
12/26/2020 8:30,-0.40950836,0.806071,0.39656264
12/26/2020 9:00,2.00914466,-1.51337,0.49577466
12/26/2020 9:30,3.1939865,-2.66449,0.5294965
12/26/2020 10:00,4.15961625,-3.59207,0.56754625
12/26/2020 10:30,4.602637,-4.00409,0.598547
12/26/2020 11:00,5.11872156,-4.48976,0.62896156
12/26/2020 11:30,5.41319624,-4.76481,0.64838624
12/26/2020 12:00,5.55523657,-4.88159,0.67364657
12/26/2020 12:30,5.60835976,-4.90361,0.70474976
12/26/2020 13:00,5.6070406,-4.88009,0.7269506
12/26/2020 13:30,5.2612851,-4.51683,0.7444551
12/26/2020 14:00,4.93535716,-4.17257,0.76278716
12/26/2020 14:30,4.5368768,-3.75346,0.7834168
12/26/2020 15:00,4.2586067,-3.46851,0.7900967
12/26/2020 15:30,3.42683005,-2.63558,0.79125005
12/26/2020 16:00,2.035572,-1.24646,0.789112
12/26/2020 16:30,1.87514584,-1.1093,0.76584584
12/26/2020 17:00,-1.2496243,1.96338,0.7137557
12/26/2020 17:30,-0.4501929,1.11598,0.6657871
12/26/2020 18:00,-0.4729641,1.11598,0.6430159
12/26/2020 18:30,-0.51386026,1.11598,0.60211974
12/26/2020 19:00,-0.5632342,1.11598,0.5527458
12/26/2020 19:30,-0.50539085,1.05708,0.55168915
12/26/2020 20:00,-0.45750514,1.03074,0.57323486
12/26/2020 20:30,-0.47319416,1.03074,0.55754584
12/26/2020 21:00,-0.46002016,1.03074,0.57071984
12/26/2020 21:30,-0.441285,1.03074,0.589455
12/26/2020 22:00,-0.42531065,1.03074,0.60542935
12/26/2020 22:30,-0.43614445,1.03074,0.59459555
12/26/2020 23:00,-0.44675825,1.03074,0.58398175
12/26/2020 23:30,-0.51003585,1.03074,0.52070415
12/27/2020 0:00,-0.5143363,1.03074,0.5164037
12/27/2020 0:30,-0.46382854,1.03074,0.56691146
12/27/2020 1:00,-0.4604748,1.03074,0.5702652
12/27/2020 1:30,-0.51153437,1.03074,0.51920563
12/27/2020 2:00,-0.5471292,1.03074,0.4836108
12/27/2020 2:30,-0.5539215,1.03074,0.4768185
12/27/2020 3:00,-0.56065045,1.03074,0.47008955
12/27/2020 3:30,-0.54857204,1.03074,0.48216796
12/27/2020 4:00,-0.53581587,1.03074,0.49492413
12/27/2020 4:30,-0.56917024,1.03074,0.46156976
12/27/2020 5:00,-0.56695548,1.03074,0.46378452
12/27/2020 5:30,-0.56813807,1.03074,0.46260193
12/27/2020 6:00,-0.56294218,1.03074,0.46779782
12/27/2020 6:30,-0.54380762,1.01177,0.46796238
12/27/2020 7:00,-0.5471828,1.01177,0.4645872
12/27/2020 7:30,-0.54384183,1.01912,0.47527817
12/27/2020 8:00,-1.23926916,1.7445,0.50523084
12/27/2020 8:30,1.5621983,-0.929233,0.6329653
12/27/2020 9:00,2.24770244,-1.44082,0.80688244
12/27/2020 9:30,3.5992212,-2.63627,0.9629512
12/27/2020 10:00,4.2639209,-3.22369,1.0402309
12/27/2020 10:30,3.0858212,-1.99003,1.0957912
12/27/2020 11:00,3.8640536,-2.70859,1.1554636
12/27/2020 11:30,7.1086451,-5.882,1.2266451
12/27/2020 12:00,6.9245176,-5.63085,1.2936676
12/27/2020 12:30,5.7549878,-4.42507,1.3299178
12/27/2020 13:00,6.1148934,-4.7546,1.3602934
12/27/2020 13:30,5.6536601,-4.24892,1.4047401
12/27/2020 14:00,4.8166074,-3.38108,1.4355274
12/27/2020 14:30,4.9929373,-3.53802,1.4549173
12/27/2020 15:00,3.7657275,-2.31517,1.4505575
12/27/2020 15:30,3.487656,-2.04814,1.439516
12/27/2020 16:00,2.543924,-1.12726,1.416664
12/27/2020 16:30,1.639184,-0.283194,1.35599
12/27/2020 17:00,0.8428764,0.410698,1.2535744
12/27/2020 17:30,0.1239519,1.01177,1.1357219
12/27/2020 18:00,-0.0828108,1.01177,0.9289592
12/27/2020 18:30,-0.0222805,1.01177,0.9894895
12/27/2020 19:00,-0.7133364,1.72299,1.0096536
12/27/2020 19:30,-1.646885,2.62671,0.979825
12/27/2020 20:00,-0.07109003,1.01177,0.94067997
12/27/2020 20:30,-0.03999286,1.01177,0.97177714
12/27/2020 21:00,-0.1047969,1.01177,0.9069731
12/27/2020 21:30,-0.15314346,1.01177,0.85862654
12/27/2020 22:00,-0.2105308,1.01177,0.8012392
12/27/2020 22:30,-6.3180813,7.26634,0.9482587
12/27/2020 23:00,-3.63464643,4.63337,0.99872357
12/27/2020 23:30,-0.04398595,1.01177,0.96778405
12/28/2020 0:00,-0.1398016,1.01177,0.8719684
12/28/2020 0:30,-0.17614644,1.01177,0.83562356
12/28/2020 1:00,-0.1149722,1.01177,0.8967978
12/28/2020 1:30,-0.11887865,1.01177,0.89289135
12/28/2020 2:00,-0.0484797,1.01177,0.9632903
12/28/2020 2:30,-0.09804225,1.00171,0.90366775
12/28/2020 3:00,-0.08029086,1.00171,0.92141914
12/28/2020 3:30,-0.0733418,1.00171,0.9283682
12/28/2020 4:00,-0.07846153,1.00171,0.92324847
12/28/2020 4:30,-0.1250496,1.00171,0.8766604
12/28/2020 5:00,-0.055107,1.00171,0.946603
12/28/2020 5:30,0.0174438,1.00171,1.0191538
12/28/2020 6:00,-0.0512222,1.00171,0.9504878
12/28/2020 6:30,-0.0476829,1.00171,0.9540271
12/28/2020 7:00,-0.08198804,1.00171,0.91972196
12/28/2020 7:30,-0.0654101,1.00933,0.9439199
12/28/2020 8:00,-0.2632107,1.42056,1.1573493
12/28/2020 8:30,2.6338586,-1.2716,1.3622586
12/28/2020 9:00,2.9772618,-1.44267,1.5345918
12/28/2020 9:30,4.428871,-2.72731,1.701561
12/28/2020 10:00,5.2925746,-3.43274,1.8598346
12/28/2020 10:30,4.3435228,-2.40373,1.9397928
12/28/2020 11:00,4.0502579,-2.07895,1.9713079
12/28/2020 11:30,4.6230868,-2.60845,2.0146368
12/28/2020 12:00,4.822353,-2.76182,2.060533
12/28/2020 12:30,5.8730184,-3.75045,2.1225684
12/28/2020 13:00,6.0456111,-3.87131,2.1743011
12/28/2020 13:30,5.9502009,-3.75856,2.1916409
12/28/2020 14:00,6.116225,-3.90911,2.207115
12/28/2020 14:30,5.756064,-3.53746,2.218604
12/28/2020 15:00,4.4734077,-2.27107,2.2023377
12/28/2020 15:30,3.521708,-1.34224,2.179468
12/28/2020 16:00,2.9345967,-0.754898,2.1796987
12/28/2020 16:30,2.0992109,0.0226171,2.121828
12/28/2020 17:00,-0.1446528,2.13923,1.9945772
12/28/2020 17:30,0.8499269,0.995776,1.8457029
12/28/2020 18:00,0.6914952,0.989084,1.6805792
12/28/2020 18:30,0.5977951,0.991144,1.5889391
12/28/2020 19:00,-0.9532059,2.39625,1.4430441
12/28/2020 19:30,-0.427931,1.77572,1.347789
12/28/2020 20:00,0.4626039,0.98385,1.4464539
12/28/2020 20:30,-0.3654844,1.72652,1.3610356
12/28/2020 21:00,-0.3556372,1.64718,1.2915428
12/28/2020 21:30,0.2750452,0.98385,1.2588952
12/28/2020 22:00,0.3017632,0.937948,1.2397112
12/28/2020 22:30,0.2794744,0.953771,1.2332454
12/28/2020 23:00,0.2781402,0.948846,1.2269862
12/28/2020 23:30,0.3263941,0.948846,1.2752401
12/29/2020 0:00,0.526638,0.948846,1.475484
12/29/2020 0:30,-0.4492719,1.77572,1.3264481
12/29/2020 1:00,0.3112782,0.934905,1.2461832
12/29/2020 1:30,0.3154264,0.922414,1.2378404
12/29/2020 2:00,-1.8196341,3.2065,1.3868659
12/29/2020 2:30,0.4831405,0.895927,1.3790675
12/29/2020 3:00,-0.0306362,1.42721,1.3965738
12/29/2020 3:30,0.4546312,0.870126,1.3247572
12/29/2020 4:00,0.40304,0.855856,1.258896
12/29/2020 4:30,0.3697895,0.847311,1.2171005
12/29/2020 5:00,0.4032607,0.837324,1.2405847
12/29/2020 5:30,0.3853776,0.827137,1.2125146
12/29/2020 6:00,0.3635345,0.814748,1.1782825
12/29/2020 6:30,0.4355094,0.814748,1.2502574
12/29/2020 7:00,0.4286134,0.814748,1.2433614
12/29/2020 7:30,0.411757,0.813308,1.225065
12/29/2020 8:00,-0.8972284,2.23605,1.3388216
12/29/2020 8:30,2.0298433,-0.454404,1.5754393
12/29/2020 9:00,3.0335459,-1.25997,1.7735759
12/29/2020 9:30,4.6312833,-2.76243,1.8688533
12/29/2020 10:00,5.3854184,-3.46452,1.9208984
12/29/2020 10:30,5.7918492,-3.82449,1.9673592
12/29/2020 11:00,6.1554854,-4.14113,2.0143554
12/29/2020 11:30,6.4441693,-4.40675,2.0374193
12/29/2020 12:00,6.7114416,-4.63707,2.0743716
12/29/2020 12:30,6.8342526,-4.73156,2.1026926
12/29/2020 13:00,6.762541,-4.63707,2.125471
12/29/2020 13:30,6.5210631,-4.40675,2.1143131
12/29/2020 14:00,6.255627,-4.14113,2.114497
12/29/2020 14:30,5.8594886,-3.75346,2.1060286
12/29/2020 15:00,5.5770973,-3.46851,2.1085873
12/29/2020 15:30,4.8439138,-2.76669,2.0772238
12/29/2020 16:00,3.1622695,-1.11806,2.0442095
12/29/2020 16:30,2.5160201,-0.545634,1.9703861
12/29/2020 17:00,-0.3504583,2.18258,1.8321217
12/29/2020 17:30,0.4833328,1.19888,1.6822128
12/29/2020 18:00,-0.9800592,2.57588,1.5958208
12/29/2020 18:30,0.7169164,0.79888,1.5157964
12/29/2020 19:00,-2.3385495,3.8134,1.4748505
12/29/2020 19:30,0.6188279,0.79888,1.4177079
12/29/2020 20:00,-1.4705649,2.85735,1.3867851
12/29/2020 20:30,0.0087614,1.35375,1.3625114
12/29/2020 21:00,-0.2657871,1.60254,1.3367529
12/29/2020 21:30,0.3401196,0.970189,1.3103086
12/29/2020 22:00,0.0668457,1.2259,1.2927457
12/29/2020 22:30,-0.6369044,1.91377,1.2768656
12/29/2020 23:00,0.161031,1.10496,1.265991
12/29/2020 23:30,0.404558,0.79888,1.203438
12/30/2020 0:00,0.4075239,0.79888,1.2064039
12/30/2020 0:30,0.4121314,0.79888,1.2110114
12/30/2020 1:00,0.2873117,0.79888,1.0861917
12/30/2020 1:30,0.2104299,0.79888,1.0093099
12/30/2020 2:00,0.18169836,0.79888,0.98057836
12/30/2020 2:30,0.3555411,0.79888,1.1544211
12/30/2020 3:00,0.37975,0.79888,1.17863
12/30/2020 3:30,0.3514169,0.79888,1.1502969
12/30/2020 4:00,0.2893534,0.79888,1.0882334
12/30/2020 4:30,0.2430515,0.79888,1.0419315
12/30/2020 5:00,0.2934766,0.79888,1.0923566
12/30/2020 5:30,0.2953168,0.79888,1.0941968
12/30/2020 6:00,0.3262789,0.79888,1.1251589
12/30/2020 6:30,0.3309365,0.79888,1.1298165
12/30/2020 7:00,0.3539754,0.79888,1.1528554
12/30/2020 7:30,0.3235779,0.818311,1.1418889
12/30/2020 8:00,-0.6113111,1.82151,1.2101989
12/30/2020 8:30,1.2065786,0.123994,1.3305726
12/30/2020 9:00,2.8054181,-1.2963,1.5091181
12/30/2020 9:30,4.4712541,-2.76669,1.7045641
12/30/2020 10:00,5.5610367,-3.70521,1.8558267
12/30/2020 10:30,3.9688362,-2.02135,1.9474862
12/30/2020 11:00,4.657396,-2.59727,2.060126
12/30/2020 11:30,6.8966595,-4.69902,2.1976395
12/30/2020 12:00,6.9328186,-4.70337,2.2294486
12/30/2020 12:30,5.6736612,-3.36148,2.3121812
12/30/2020 13:00,6.8729392,-4.49346,2.3794792
12/30/2020 13:30,7.0611553,-4.59537,2.4657853
12/30/2020 14:00,5.8921658,-3.41179,2.4803758
12/30/2020 14:30,5.8632346,-3.37688,2.4863546
12/30/2020 15:00,5.4503429,-2.96369,2.4866529
12/30/2020 15:30,4.299265,-1.83557,2.463695
12/30/2020 16:00,2.825022,-0.420926,2.404096
12/30/2020 16:30,-0.0018657,2.31123,2.3093643
12/30/2020 17:00,1.4020688,0.823222,2.2252908
12/30/2020 17:30,1.3384858,0.79888,2.1373658
12/30/2020 18:00,-0.150322,2.25787,2.107548
12/30/2020 18:30,0.1862903,1.92751,2.1138003
12/30/2020 19:00,0.7912492,1.30978,2.1010292
12/30/2020 19:30,0.4927497,1.57757,2.0703197
12/30/2020 20:00,-0.201445,2.24746,2.046015
12/30/2020 20:30,0.161326,1.90437,2.065696
12/30/2020 21:00,-0.3928062,2.48091,2.0881038
12/30/2020 21:30,0.1620475,1.95319,2.1152375
12/30/2020 22:00,-0.5309251,2.63371,2.1027849
12/30/2020 22:30,-0.5707145,2.78156,2.2108455
12/30/2020 23:00,-0.2948812,2.5923,2.2974188
12/30/2020 23:30,-0.3569986,2.65001,2.2930114
12/31/2020 0:00,0.566554,1.69281,2.259364
12/31/2020 0:30,-0.401163,2.64499,2.243827
12/31/2020 1:00,-0.0319973,2.34312,2.3111227
12/31/2020 1:30,-0.4780888,2.8863,2.4082112
12/31/2020 2:00,0.2106057,2.23353,2.4441357
12/31/2020 2:30,0.589976,1.87597,2.465946
12/31/2020 3:00,-0.5499723,3.00349,2.4535177
12/31/2020 3:30,0.0562257,2.39232,2.4485457
12/31/2020 4:00,-0.0923568,2.53962,2.4472632
12/31/2020 4:30,0.325196,2.13634,2.461536
12/31/2020 5:00,0.416325,2.04056,2.456885
12/31/2020 5:30,0.4531891,2.00105,2.4542391
12/31/2020 6:00,0.6577926,1.79372,2.4515126
12/31/2020 6:30,0.4971929,1.93716,2.4343529
12/31/2020 7:00,0.5366493,1.87485,2.4114993
12/31/2020 7:30,-0.0477543,2.46631,2.4185557
12/31/2020 8:00,0.426362,2.04688,2.473242
12/31/2020 8:30,2.3828946,0.189094,2.5719886
12/31/2020 9:00,3.100342,-0.404853,2.695489
12/31/2020 9:30,4.1964934,-1.40924,2.7872534
12/31/2020 10:00,5.694612,-2.84336,2.851252
12/31/2020 10:30,5.2861312,-2.43679,2.8493412
12/31/2020 11:00,5.946104,-3.0282,2.917904
12/31/2020 11:30,7.3752227,-4.38076,2.9944627
12/31/2020 12:00,7.2238733,-4.21761,3.0062633
12/31/2020 12:30,8.6196082,-5.6655,2.9541082
12/31/2020 13:00,0.3602934,2.23877,2.5990634
12/31/2020 13:30,3.3844045,-0.916534,2.4678705
12/31/2020 14:00,0.2203648,2.22754,2.4479048
12/31/2020 14:30,-3.8686456,6.33395,2.4653044
12/31/2020 15:00,2.3912631,0.15757,2.5488331
12/31/2020 15:30,-9.9169234,12.5103,2.5933766
12/31/2020 16:00,16.068948,2.03353,18.102478
12/31/2020 16:30,2.7019957,-0.0373763,2.6646194
12/31/2020 17:00,2.799634,-0.138535,2.661099
12/31/2020 17:30,2.742003,-0.138535,2.603468
12/31/2020 18:00,2.6027968,-0.138535,2.4642618
12/31/2020 18:30,2.602717,-0.138535,2.464182
12/31/2020 19:00,1.8997478,0.56243,2.4621778
12/31/2020 19:30,1.9109727,0.56243,2.4734027
12/31/2020 20:00,1.9225985,0.56243,2.4850285
12/31/2020 20:30,1.9326998,0.56243,2.4951298
12/31/2020 21:00,1.9317383,0.56243,2.4941683
12/31/2020 21:30,1.9367088,0.56243,2.4991388
12/31/2020 22:00,1.9429614,0.56243,2.5053914
12/31/2020 22:30,1.754463,0.56243,2.316893
12/31/2020 23:00,1.563188,0.56243,2.125618
12/31/2020 23:30,1.660855,0.448315,2.10917
1/1/2021 0:00,1.7063455,0.387023,2.0933685
1/1/2021 0:30,3.396732,11.5459,14.942632
1/1/2021 1:00,-0.15444,14.938,14.78356
1/1/2021 1:30,-0.297255,14.938,14.640745
1/1/2021 2:00,0.368232,14.2501,14.618332
1/1/2021 2:30,-61.167725,75.7708,14.603075
1/1/2021 3:00,-12.054898,26.6457,14.590802
1/1/2021 3:30,-12.009734,26.6457,14.635966
1/1/2021 4:00,-12.040531,26.6457,14.605169
1/1/2021 4:30,-12.094169,26.6457,14.551531
1/1/2021 5:00,-24.672781,39.1401,14.467319
1/1/2021 5:30,0.680007,13.6609,14.340907
1/1/2021 6:00,0.644777,13.6609,14.305677
1/1/2021 6:30,0.671509,13.6609,14.332409
1/1/2021 7:00,0.662095,13.6609,14.322995
1/1/2021 7:30,0.689107,13.6609,14.350007
1/1/2021 8:00,0.776857,13.6609,14.437757
1/1/2021 8:30,10.295002,4.18678,14.481782
1/1/2021 9:00,10.962738,3.62477,14.587508
1/1/2021 9:30,11.057145,3.62477,14.681915
1/1/2021 10:00,11.180939,3.49323,14.674169
1/1/2021 10:30,11.171096,3.49323,14.664326
1/1/2021 11:00,14.3946615,0.337253,14.7319145
1/1/2021 11:30,14.8230265,-0.0187295,14.804297
1/1/2021 12:00,14.329517,0.529765,14.859282
1/1/2021 12:30,14.422268,0.529765,14.952033
1/1/2021 13:00,15.0369375,0.0085495,15.045487
1/1/2021 13:30,15.1114925,-0.0187295,15.092763
1/1/2021 14:00,11.487802,3.62477,15.112572
1/1/2021 14:30,14.250052,0.902653,15.152705
1/1/2021 15:00,11.698798,3.51278,15.211578
1/1/2021 15:30,11.498997,3.74527,15.244267
1/1/2021 16:00,11.07251,4.18678,15.25929
1/1/2021 16:30,3.702702,11.5459,15.248602
1/1/2021 17:00,3.672047,11.5459,15.217947
1/1/2021 17:30,12.67731,2.50935,15.18666
1/1/2021 18:00,3.570746,11.5459,15.116646
1/1/2021 18:30,3.592273,11.5459,15.138173
1/1/2021 19:00,3.65612,11.5459,15.20202
1/1/2021 19:30,13.597791,1.65688,15.254671
1/1/2021 20:00,3.766735,11.5459,15.312635
1/1/2021 20:30,3.768463,11.5459,15.314363
1/1/2021 21:00,3.74311,11.5459,15.28901
1/1/2021 21:30,16.651108,-1.29907,15.352038
1/1/2021 22:00,16.759376,-1.29907,15.460306
1/1/2021 22:30,13.104558,2.69737,15.801928
1/1/2021 23:00,4.582319,11.9042,16.486519
1/1/2021 23:30,-17.777136,34.6434,16.866264
1/2/2021 0:00,15.822975,1.12876,16.951735
1/2/2021 0:30,-17.584806,34.6434,17.058594
1/2/2021 1:00,-21.522233,38.6314,17.109167
1/2/2021 1:30,-21.4334,38.6314,17.198
1/2/2021 2:00,-21.32075,38.6314,17.31065
1/2/2021 2:30,-15.40402,32.7466,17.34258
1/2/2021 3:00,-21.287034,38.6314,17.344366
1/2/2021 3:30,-20.104307,37.4925,17.388193
1/2/2021 4:00,-59.868837,77.2728,17.403963
1/2/2021 4:30,-21.231254,38.6314,17.400146
1/2/2021 5:00,41.93985,3.3738,45.31365
1/2/2021 5:30,14.378702,3.06106,17.439762
1/2/2021 6:00,14.029906,3.3738,17.403706
1/2/2021 6:30,15.120799,2.12708,17.247879
1/2/2021 7:00,15.27377,1.75232,17.02609
1/2/2021 7:30,13.358126,3.62026,16.978386
1/2/2021 8:00,14.396979,2.50185,16.898829
1/2/2021 8:30,14.816054,2.00098,16.817034
1/2/2021 9:00,15.831599,0.972771,16.80437
1/2/2021 9:30,16.9382766,-0.0646516,16.873625
1/2/2021 10:00,16.632085,0.327229,16.959314
1/2/2021 10:30,16.715879,0.165361,16.88124
1/2/2021 11:00,17.732254,-0.747084,16.98517
1/2/2021 11:30,19.19569,-2.07772,17.11797
1/2/2021 12:00,19.019698,-1.86941,17.150288
1/2/2021 12:30,18.920779,-1.73128,17.189499
1/2/2021 13:00,18.67554,-1.5299,17.14564
1/2/2021 13:30,18.200892,-1.04105,17.159842
1/2/2021 14:00,17.164622,-0.108369,17.056253
1/2/2021 14:30,18.127396,-1.03118,17.096216
1/2/2021 15:00,17.0086895,0.0085495,17.017239
1/2/2021 15:30,17.0469711,-0.0753751,16.971596
1/2/2021 16:00,16.437449,0.358739,16.796188
1/2/2021 16:30,15.904712,0.691201,16.595913
1/2/2021 17:00,12.945643,3.3738,16.319443
1/2/2021 17:30,12.66814,3.3738,16.04194
1/2/2021 18:00,12.435406,3.3738,15.809206
1/2/2021 18:30,12.399259,3.3738,15.773059
1/2/2021 19:00,16.890249,-1.29907,15.591179
1/2/2021 19:30,16.747093,-1.29907,15.448023
1/2/2021 20:00,3.691718,11.5459,15.237618
1/2/2021 20:30,16.676948,-1.29907,15.377878
1/2/2021 21:00,16.700455,-1.29907,15.401385
1/2/2021 21:30,16.861028,-1.29907,15.561958
1/2/2021 22:00,16.895066,-1.29907,15.595996
1/2/2021 22:30,16.807001,-1.29907,15.507931
1/2/2021 23:00,5.405126,10.1818,15.586926
1/2/2021 23:30,12.089361,3.3738,15.463161
1/3/2021 0:00,11.917229,3.3738,15.291029
1/3/2021 0:30,5.838542,9.29149,15.130032
1/3/2021 1:00,11.723917,3.3738,15.097717
1/3/2021 1:30,7.042792,7.96174,15.004532
1/3/2021 2:00,11.668472,3.3738,15.042272
1/3/2021 2:30,11.725665,3.3738,15.099465
1/3/2021 3:00,11.7434285,3.3738,15.1172285
1/3/2021 3:30,3.562886,11.5459,15.108786
1/3/2021 4:00,3.569,11.5459,15.1149
1/3/2021 4:30,3.624515,11.5459,15.170415
1/3/2021 5:00,3.717433,11.5459,15.263333
1/3/2021 5:30,10.8132,4.56984,15.38304
1/3/2021 6:00,16.788196,-1.29907,15.489126
1/3/2021 6:30,41.062671,-25.4132,15.649471
1/3/2021 7:00,13.138692,2.69737,15.836062
1/3/2021 7:30,13.068899,3.0045,16.073399
1/3/2021 8:00,-6.231055,22.6796,16.448545
1/3/2021 8:30,4.693584,11.9042,16.597784
1/3/2021 9:00,11.740434,3.74527,15.485704
1/3/2021 9:30,14.469198,0.902653,15.371851
1/3/2021 10:00,15.3906105,-0.0646165,15.325994
1/3/2021 10:30,15.62016,-0.266129,15.354031
1/3/2021 11:00,16.045247,-0.775763,15.269484
1/3/2021 11:30,16.243111,-0.977975,15.265136
1/3/2021 12:00,16.125231,-0.910209,15.215022
1/3/2021 12:30,15.251873,-0.128474,15.123399
1/3/2021 13:00,15.200367,-0.128474,15.071893
1/3/2021 13:30,15.440657,-0.447945,14.992712
1/3/2021 14:00,15.169877,-0.266129,14.903748
1/3/2021 14:30,15.192817,-0.266129,14.926688
1/3/2021 15:00,14.8806437,-0.0156357,14.865008
1/3/2021 15:30,15.329858,-0.447945,14.881913
1/3/2021 16:00,14.7943075,-0.0187295,14.775578
1/3/2021 16:30,10.398972,4.18678,14.585752
1/3/2021 17:00,11.051723,3.3738,14.425523
1/3/2021 17:30,10.90366,3.3738,14.27746
1/3/2021 18:00,10.7951205,3.3738,14.1689205
1/3/2021 18:30,10.452862,3.3738,13.826662
1/3/2021 19:00,10.362683,3.3738,13.736483
1/3/2021 19:30,10.247374,3.3738,13.621174
1/3/2021 20:00,10.108647,3.3738,13.482447
1/3/2021 20:30,10.138598,3.3738,13.512398
1/3/2021 21:00,10.028116,3.3738,13.401916
1/3/2021 21:30,9.825233,3.3738,13.199033
1/3/2021 22:00,9.670483,3.3738,13.044283
1/3/2021 22:30,9.552131,3.3738,12.925931
1/3/2021 23:00,9.382562,3.3738,12.756362
1/3/2021 23:30,9.107025,3.3738,12.480825
1/4/2021 0:00,8.687332,3.3738,12.061132
1/4/2021 0:30,8.5743945,3.3738,11.9481945
1/4/2021 1:00,8.469295,3.3738,11.843095
1/4/2021 1:30,8.439455,3.3738,11.813255
1/4/2021 2:00,8.330454,3.3738,11.704254
1/4/2021 2:30,8.209128,3.3738,11.582928
1/4/2021 3:00,8.131859,3.3738,11.505659
1/4/2021 3:30,8.102043,3.3738,11.475843
1/4/2021 4:00,8.066831,3.3738,11.440631
1/4/2021 4:30,7.91559,3.3738,11.28939
1/4/2021 5:00,7.8211625,3.3738,11.1949625
1/4/2021 5:30,7.741619,3.3738,11.115419
1/4/2021 6:00,7.568086,3.3738,10.941886
1/4/2021 6:30,7.36257,3.3738,10.73637
1/4/2021 7:00,7.215469,3.3738,10.589269
1/4/2021 7:30,7.052719,3.3738,10.426519
1/4/2021 8:00,6.186359,4.18678,10.373139
1/4/2021 8:30,10.011696,0.529765,10.541461
1/4/2021 9:00,11.870374,-0.910209,10.960165
1/4/2021 9:30,13.186048,-1.99693,11.189118
1/4/2021 10:00,14.077382,-2.77284,11.304542
1/4/2021 10:30,11.938579,-0.479372,11.459207
1/4/2021 11:00,12.662487,-1.05208,11.610407
1/4/2021 11:30,16.33339,-4.68202,11.65137
1/4/2021 12:00,16.269756,-4.59333,11.676426
1/4/2021 12:30,16.334316,-4.63738,11.696936
1/4/2021 13:00,16.461997,-4.73295,11.729047
1/4/2021 13:30,16.355172,-4.68202,11.673152
1/4/2021 14:00,14.640437,-2.98386,11.656577
1/4/2021 14:30,13.950109,-2.36275,11.587359
1/4/2021 15:00,14.231873,-2.74143,11.490443
1/4/2021 15:30,11.565121,-0.332202,11.232919
1/4/2021 16:00,11.1656505,-0.0187295,11.146921
1/4/2021 16:30,7.383729,3.62427,11.007999
1/4/2021 17:00,7.467418,3.3738,10.841218
1/4/2021 17:30,7.308892,3.3738,10.682692
1/4/2021 18:00,7.175221,3.3738,10.549021
1/4/2021 18:30,6.974724,3.3738,10.348524
1/4/2021 19:00,6.866907,3.3738,10.240707
1/4/2021 19:30,6.792777,3.3738,10.166577
1/4/2021 20:00,8.373859,1.69079,10.064649
1/4/2021 20:30,6.58162,3.3738,9.95542
1/4/2021 21:00,6.509644,3.3738,9.883444
1/4/2021 21:30,6.243885,3.55456,9.798445
1/4/2021 22:00,6.118078,3.55456,9.672638
1/4/2021 22:30,6.01348,3.55456,9.56804
1/4/2021 23:00,5.661591,3.55456,9.216151
1/4/2021 23:30,5.295497,3.55456,8.850057
1/5/2021 0:00,73.76542,-65.2069,8.55852
1/5/2021 0:30,73.584356,-65.2069,8.377456
1/5/2021 1:00,69.364694,-61.2055,8.159194
1/5/2021 1:30,2.498163,5.57521,8.073373
1/5/2021 2:00,2.392706,5.57521,7.967916
1/5/2021 2:30,2.169394,5.57521,7.744604
1/5/2021 3:00,2.138239,5.57521,7.713449
1/5/2021 3:30,2.0725037,5.57521,7.6477137
1/5/2021 4:00,2.12067,5.57521,7.69588
1/5/2021 4:30,1.995612,5.57521,7.570822
1/5/2021 5:00,-0.0009003,7.42694,7.4260397
1/5/2021 5:30,-0.1434784,7.42694,7.2834616
1/5/2021 6:00,-0.218298,7.42694,7.208642
1/5/2021 6:30,-1.590848,8.68015,7.089302
1/5/2021 7:00,-1.710275,8.68015,6.969875
1/5/2021 7:30,3.3707597,3.4296,6.8003597
1/5/2021 8:00,3.460336,3.49323,6.953566
1/5/2021 8:30,7.4441887,-0.164137,7.2800517
1/5/2021 9:00,7.5347735,-0.0879985,7.446775
1/5/2021 9:30,8.4561813,-0.747608,7.7085733
1/5/2021 10:00,10.243668,-2.16688,8.076788
1/5/2021 10:30,10.853971,-2.58875,8.265221
1/5/2021 11:00,10.836148,-2.52098,8.315168
1/5/2021 11:30,10.906553,-2.50228,8.404273
1/5/2021 12:00,10.714947,-2.11088,8.604067
1/5/2021 12:30,10.994504,-2.31949,8.675014
1/5/2021 13:00,11.79635,-3.09812,8.69823
1/5/2021 13:30,12.465357,-3.7215,8.743857
1/5/2021 14:00,11.223731,-2.5283,8.695431
1/5/2021 14:30,10.836929,-2.17203,8.664899
1/5/2021 15:00,9.361042,-0.838439,8.522603
1/5/2021 15:30,7.80852,0.529765,8.338285
1/5/2021 16:00,4.586058,3.62477,8.210828
1/5/2021 16:30,7.679075,0.358739,8.037814
1/5/2021 17:00,4.1407526,3.74527,7.8860226
1/5/2021 17:30,4.1661537,3.4296,7.5957537
1/5/2021 18:00,3.837071,3.4296,7.266671
1/5/2021 18:30,3.015451,4.07126,7.086711
1/5/2021 19:00,72.1291093,-65.2069,6.9222093
1/5/2021 19:30,1.299681,5.51926,6.818941
1/5/2021 20:00,0.1676704,6.51941,6.6870804
1/5/2021 20:30,0.1046676,6.42237,6.5270376
1/5/2021 21:00,0.0540123,6.42237,6.4763823
1/5/2021 21:30,0.8063456,5.43932,6.2456656
1/5/2021 22:00,0.7747613,5.43932,6.2140813
1/5/2021 22:30,0.5334517,5.57521,6.1086617
1/5/2021 23:00,17.541012,5.65526,23.196272
1/5/2021 23:30,0.954539,5.51926,6.473799
1/6/2021 0:00,3.054966,3.4296,6.484566
1/6/2021 0:30,3.028023,3.4296,6.457623
1/6/2021 1:00,4.666401,1.65453,6.320931
1/6/2021 1:30,4.910301,1.30486,6.215161
1/6/2021 2:00,2.6708486,3.4296,6.1004486
1/6/2021 2:30,3.638614,2.38103,6.019644
1/6/2021 3:00,2.54166,3.4296,5.97126
1/6/2021 3:30,2.4675643,3.4296,5.8971643
1/6/2021 4:00,4.03109,1.47004,5.50113
1/6/2021 4:30,1.9072216,3.4296,5.3368216
1/6/2021 5:00,1.845678,3.4296,5.275278
1/6/2021 5:30,1.733084,3.4296,5.162684
1/6/2021 6:00,-2.318675,7.42694,5.108265
1/6/2021 6:30,1.6194913,3.4296,5.0490913
1/6/2021 7:00,1.540372,3.4296,4.969972
1/6/2021 7:30,1.3227174,3.4296,4.7523174
1/6/2021 8:00,1.3487066,3.49323,4.8419366
1/6/2021 8:30,5.1910885,-0.0879985,5.10309
1/6/2021 9:00,7.3043455,-1.84316,5.4611855
1/6/2021 9:30,7.892956,-2.17388,5.719076
1/6/2021 10:00,8.548138,-2.75615,5.791988
1/6/2021 10:30,9.4265045,-3.58259,5.8439145
1/6/2021 11:00,8.2941937,-2.50567,5.7885237
1/6/2021 11:30,8.0697468,-2.32214,5.7476068
1/6/2021 12:00,8.0228374,-2.32214,5.7006974
1/6/2021 12:30,8.16414,-2.49214,5.672
1/6/2021 13:00,8.01828,-2.40201,5.61627
1/6/2021 13:30,7.8793946,-2.31457,5.5648246
1/6/2021 14:00,7.845238,-2.32214,5.523098
1/6/2021 14:30,7.467297,-2.02373,5.443567
1/6/2021 15:00,5.860526,-0.493816,5.36671
1/6/2021 15:30,5.3576195,-0.0879985,5.269621
1/6/2021 16:00,5.419656,-0.228326,5.19133
1/6/2021 16:30,4.654476,0.455477,5.109953
1/6/2021 17:00,1.809626,3.21803,5.027656
1/6/2021 17:30,1.393253,3.4296,4.822853
1/6/2021 18:00,1.2582194,3.35017,4.6083894
1/6/2021 18:30,1.034379,3.35017,4.384549
1/6/2021 19:00,3.198753,0.95519,4.153943
1/6/2021 19:30,0.785082,3.27709,4.062172
1/6/2021 20:00,0.5989148,3.26221,3.8611248
1/6/2021 20:30,0.459296,3.25697,3.716266
1/6/2021 21:00,0.486964,3.25697,3.743934
1/6/2021 21:30,0.354175,3.25697,3.611145
1/6/2021 22:00,0.2602474,3.25697,3.5172174
1/6/2021 22:30,0.2101936,3.25697,3.4671636
1/6/2021 23:00,0.0743007,3.25697,3.3312707
1/6/2021 23:30,0.0414314,3.25697,3.2984014
1/7/2021 0:00,0.131314,3.25697,3.388284
1/7/2021 0:30,-5.330354,8.68015,3.349796
1/7/2021 1:00,0.133627,3.15256,3.286187
1/7/2021 1:30,-0.0598215,3.26444,3.2046185
1/7/2021 2:00,-0.0509974,3.26444,3.2134426
1/7/2021 2:30,0.0323895,3.26444,3.2968295
1/7/2021 3:00,-0.0220045,3.26444,3.2424355
1/7/2021 3:30,-0.182382,3.26444,3.082058
1/7/2021 4:00,-0.2935852,3.26444,2.9708548
1/7/2021 4:30,-0.3518044,3.26444,2.9126356
1/7/2021 5:00,-0.3937096,3.26444,2.8707304
1/7/2021 5:30,-0.4690847,3.26444,2.7953553
1/7/2021 6:00,-0.5318472,3.26444,2.7325928
1/7/2021 6:30,-0.6241648,3.26444,2.6402752
1/7/2021 7:00,-0.598752,3.26444,2.665688
1/7/2021 7:30,-0.6328756,3.26444,2.6315644
1/7/2021 8:00,-1.2974872,3.90454,2.6070528
1/7/2021 8:30,2.7989172,-0.0845984,2.7143188
1/7/2021 9:00,5.120208,-2.22852,2.891688
1/7/2021 9:30,5.3608436,-2.27131,3.0895336
1/7/2021 10:00,5.7492716,-2.63992,3.1093516
1/7/2021 10:30,6.1907456,-3.09128,3.0994656
1/7/2021 11:00,7.0098597,-3.94108,3.0687797
1/7/2021 11:30,7.9363556,-4.88781,3.0485456
1/7/2021 12:00,7.5190438,-4.47674,3.0423038
1/7/2021 12:30,8.285894,-5.26341,3.022484
1/7/2021 13:00,8.2327,-5.26341,2.96929
1/7/2021 13:30,7.6936977,-4.76318,2.9305177
1/7/2021 14:00,5.596353,-2.72182,2.874533
1/7/2021 14:30,5.9161146,-3.09128,2.8248346
1/7/2021 15:00,6.1967469,-3.42272,2.7740269
1/7/2021 15:30,4.7228548,-2.02143,2.7014248
1/7/2021 16:00,2.7307262,-0.139034,2.5916922
1/7/2021 16:30,-0.614243,3.05608,2.441837
1/7/2021 17:00,0.4487554,1.87789,2.3266454
1/7/2021 17:30,1.047623,1.18021,2.227833
1/7/2021 18:00,-0.6382758,2.72109,2.0828142
1/7/2021 18:30,1.0058603,0.929344,1.9352043
1/7/2021 19:00,-1.3072434,3.14876,1.8415166
1/7/2021 19:30,-1.3525575,3.13068,1.7781225
1/7/2021 20:00,-1.3743012,3.13068,1.7563788
1/7/2021 20:30,0.5570934,1.1595,1.7165934
1/7/2021 21:00,0.4825877,1.1595,1.6420877
1/7/2021 21:30,-1.7480955,3.3441,1.5960045
1/7/2021 22:00,-1.8229094,3.3441,1.5211906
1/7/2021 22:30,-1.8572692,3.3441,1.4868308
1/7/2021 23:00,-1.8732964,3.3441,1.4708036
1/7/2021 23:30,-1.891267,3.3441,1.452833
1/8/2021 0:00,-1.8585832,3.3441,1.4855168
1/8/2021 0:30,0.4955893,0.929344,1.4249333
1/8/2021 1:00,-0.9844002,2.38103,1.3966298
1/8/2021 1:30,-0.5168042,1.86842,1.3516158
1/8/2021 2:00,-1.133165,2.46556,1.332395
1/8/2021 2:30,-1.197679,2.48936,1.291681
1/8/2021 3:00,-0.5787776,1.81762,1.2388424
1/8/2021 3:30,-0.1576492,1.33225,1.1746008
1/8/2021 4:00,-0.2162557,1.33225,1.1159943
1/8/2021 4:30,-0.2656268,1.33225,1.0666232
1/8/2021 5:00,-0.4170516,1.45408,1.0370284
1/8/2021 5:30,-0.68620765,1.6724,0.98619235
1/8/2021 6:00,-0.75577526,1.71898,0.96320474
1/8/2021 6:30,-0.2062306,1.13033,0.9240994
1/8/2021 7:00,-0.8384323,1.71898,0.8805477
1/8/2021 7:30,-0.4455458,1.28024,0.8346942
1/8/2021 8:00,-1.0195979,1.80107,0.7814721
1/8/2021 8:30,-0.58737245,1.31696,0.72958755
1/8/2021 9:00,-0.86272986,1.54072,0.67799014
1/8/2021 9:30,-3.0326329,3.64887,0.6162371
1/8/2021 10:00,-0.2506318,0.816521,0.5658892
1/8/2021 10:30,0.87799026,-0.356434,0.52155626
1/8/2021 11:00,2.89641273,-2.4158,0.48061273
1/8/2021 11:30,1.8740484,-1.44545,0.4285984
1/8/2021 12:00,2.23582906,-1.85812,0.37770906
1/8/2021 12:30,1.91849557,-1.59188,0.32661557
1/8/2021 13:00,0.774034,-0.501886,0.272148
1/8/2021 13:30,2.0777528,-1.85812,0.2196328
1/8/2021 14:00,0.6659272,-0.501886,0.1640412
1/8/2021 14:30,-0.3315604,0.440995,0.1094346
1/8/2021 15:00,-0.596387445,0.651025,0.054637555
1/8/2021 15:30,-0.816519393,0.816521,1.61E-06
1/8/2021 16:00,-3.048239167,3.04824,8.33E-07
1/8/2021 16:30,-3.648869174,3.64887,8.26E-07
1/8/2021 17:00,-1.801069185,1.80107,8.15E-07
1/8/2021 17:30,-1.782429191,1.78243,8.09E-07
1/8/2021 18:00,28.56710081,-28.5671,8.06E-07
1/8/2021 18:30,28.56710079,-28.5671,7.95E-07
1/8/2021 19:00,37.49560079,-37.4956,7.88E-07
1/8/2021 19:30,48.79750079,-48.7975,7.86E-07
1/8/2021 20:00,73.20970078,-73.2097,7.83E-07
1/8/2021 20:30,92.30370078,-92.3037,7.77E-07
1/8/2021 21:00,30.10740078,-30.1074,7.75E-07
1/8/2021 21:30,65.20690077,-65.2069,7.73E-07
1/8/2021 22:00,65.20690077,-65.2069,7.70E-07
1/8/2021 22:30,46.97720077,-46.9772,7.67E-07
1/8/2021 23:00,46.97720076,-46.9772,7.64E-07
1/8/2021 23:30,-1.810759241,1.81076,7.59E-07
1/9/2021 0:00,-2.287549244,2.28755,7.56E-07
1/9/2021 0:30,-2.287549251,2.28755,7.49E-07
1/9/2021 1:00,-2.287549251,2.28755,7.49E-07
1/9/2021 1:30,-2.287549252,2.28755,7.48E-07
1/9/2021 2:00,-2.363139259,2.36314,7.41E-07
1/9/2021 2:30,-1.672599274,1.6726,7.26E-07
1/9/2021 3:00,-1.672599281,1.6726,7.19E-07
1/9/2021 3:30,-0.839580283,0.839581,7.17E-07
1/9/2021 4:00,0.980259725,-0.980259,7.25E-07
1/9/2021 4:30,0.581889725,-0.581889,7.25E-07
1/9/2021 5:00,-1.294409281,1.29441,7.19E-07
1/9/2021 5:30,-1.250669286,1.25067,7.14E-07
1/9/2021 6:00,-1.159329292,1.15933,7.08E-07
1/9/2021 6:30,-1.672399308,1.6724,6.92E-07
1/9/2021 7:00,0.413992683,-0.413992,6.83E-07
1/9/2021 7:30,0.510045677,-0.510045,6.77E-07
1/9/2021 8:00,-2.781729314,2.78173,6.86E-07
1/9/2021 8:30,0.254307706,-0.254307,7.06E-07
1/9/2021 9:00,2.228520727,-2.22852,7.27E-07
1/9/2021 9:30,2.264540744,-2.26454,7.44E-07
1/9/2021 10:00,2.757100768,-2.7571,7.68E-07
1/9/2021 10:30,3.718380781,-3.71838,7.81E-07
1/9/2021 11:00,4.375950792,-4.37595,7.92E-07
1/9/2021 11:30,5.186160804,-5.18616,8.04E-07
1/9/2021 12:00,5.221300815,-5.2213,8.15E-07
1/9/2021 12:30,5.090980826,-5.09098,8.26E-07
1/9/2021 13:00,4.993510826,-4.99351,8.26E-07
1/9/2021 13:30,4.865970833,-4.86597,8.33E-07
1/9/2021 14:00,4.591050844,-4.59105,8.44E-07
1/9/2021 14:30,3.69714085,-3.69714,8.50E-07
1/9/2021 15:00,3.161210848,-3.16121,8.48E-07
1/9/2021 15:30,2.625500849,-2.6255,8.49E-07
1/9/2021 16:00,2.734700846,-2.7347,8.46E-07
1/9/2021 16:30,0.503612837,-0.503612,8.37E-07
1/9/2021 17:00,-3.175099184,3.1751,8.16E-07
1/9/2021 17:30,0.453049773,-0.453049,7.73E-07
1/9/2021 18:00,0.453049736,-0.453049,7.36E-07
1/9/2021 18:30,-1.494339291,1.49434,7.09E-07
1/9/2021 19:00,-0.929343312,0.929344,6.88E-07
1/9/2021 19:30,0.423805672,-0.423805,6.72E-07
1/9/2021 20:00,0.423805668,-0.423805,6.68E-07
1/9/2021 20:30,0.423805661,-0.423805,6.61E-07
1/9/2021 21:00,0.423805661,-0.423805,6.61E-07
1/9/2021 21:30,0.423805655,-0.423805,6.55E-07
1/9/2021 22:00,0.42380565,-0.423805,6.50E-07
1/9/2021 22:30,0.423805632,-0.423805,6.32E-07
1/9/2021 23:00,0.676318627,-0.676318,6.27E-07
1/9/2021 23:30,0.676318634,-0.676318,6.34E-07
1/10/2021 0:00,0.639603643,-0.639603,6.43E-07
1/10/2021 0:30,0.829963649,-0.829963,6.49E-07
1/10/2021 1:00,0.793383628,-0.793383,6.28E-07
1/10/2021 1:30,0.939908642,-0.939908,6.42E-07
1/10/2021 2:00,0.901154635,-0.901154,6.35E-07
1/10/2021 2:30,0.901154622,-0.901154,6.22E-07
1/10/2021 3:00,0.901154615,-0.901154,6.15E-07
1/10/2021 3:30,0.901154619,-0.901154,6.19E-07
1/10/2021 4:00,0.901154619,-0.901154,6.19E-07
1/10/2021 4:30,0.901154599,-0.901154,5.99E-07
1/10/2021 5:00,0.901154593,-0.901154,5.93E-07
1/10/2021 5:30,1.025490602,-1.02549,6.02E-07
1/10/2021 6:00,1.025490601,-1.02549,6.01E-07
1/10/2021 6:30,0.458339604,-0.458339,6.04E-07
1/10/2021 7:00,0.458339598,-0.458339,5.98E-07
1/10/2021 7:30,0.458339573,-0.458339,5.73E-07
1/10/2021 8:00,-0.728559399,0.72856,6.01E-07
1/10/2021 8:30,0.694339661,-0.694339,6.61E-07
1/10/2021 9:00,2.675260733,-2.67526,7.33E-07
1/10/2021 9:30,2.675930798,-2.67593,7.98E-07
1/10/2021 10:00,3.101500821,-3.1015,8.21E-07
1/10/2021 10:30,3.725530838,-3.72553,8.38E-07
1/10/2021 11:00,4.685900852,-4.6859,8.52E-07
1/10/2021 11:30,4.809930859,-4.80993,8.59E-07
1/10/2021 12:00,4.928390867,-4.92839,8.67E-07
1/10/2021 12:30,4.458820871,-4.45882,8.71E-07
1/10/2021 13:00,4.846680877,-4.84668,8.77E-07
1/10/2021 13:30,4.67172088,-4.67172,8.80E-07
1/10/2021 14:00,4.523450888,-4.52345,8.88E-07
1/10/2021 14:30,3.821030891,-3.82103,8.91E-07
1/10/2021 15:00,2.89389089,-2.89389,8.90E-07
1/10/2021 15:30,2.452330888,-2.45233,8.88E-07
1/10/2021 16:00,2.425370886,-2.42537,8.86E-07
1/10/2021 16:30,0.647495879,-0.647495,8.79E-07
1/10/2021 17:00,-1.224659141,1.22466,8.59E-07
1/10/2021 17:30,-1.780469199,1.78047,8.01E-07
1/10/2021 18:00,0.971158752,-0.971158,7.52E-07
1/10/2021 18:30,-1.323999296,1.324,7.04E-07
1/10/2021 19:00,-1.288029318,1.28803,6.82E-07
1/10/2021 19:30,0.787949669,-0.787949,6.69E-07
1/10/2021 20:00,0.723253661,-0.723253,6.61E-07
1/10/2021 20:30,0.677888657,-0.677888,6.57E-07
1/10/2021 21:00,0.628697679,-0.628697,6.79E-07
1/10/2021 21:30,-1.672399296,1.6724,7.04E-07
1/10/2021 22:00,0.53711671,-0.537116,7.10E-07
1/10/2021 22:30,0.508350717,-0.50835,7.17E-07
1/10/2021 23:00,0.475847681,-0.475847,6.81E-07
1/10/2021 23:30,0.441674645,-0.441674,6.45E-07
1/11/2021 0:00,0.402483636,-0.402483,6.36E-07
1/11/2021 0:30,0.367594628,-0.367594,6.28E-07
1/11/2021 1:00,0.325541621,-0.325541,6.21E-07
1/11/2021 1:30,0.306176648,-0.306176,6.48E-07
1/11/2021 2:00,0.306176617,-0.306176,6.17E-07
1/11/2021 2:30,0.306176612,-0.306176,6.12E-07
1/11/2021 3:00,0.306176612,-0.306176,6.12E-07
1/11/2021 3:30,0.306176609,-0.306176,6.09E-07
1/11/2021 4:00,0.264302603,-0.264302,6.03E-07
1/11/2021 4:30,0.218011604,-0.218011,6.04E-07
1/11/2021 5:00,0.1864606,-0.18646,6.00E-07
1/11/2021 5:30,0.165506577,-0.165506,5.77E-07
1/11/2021 6:00,0.136143595,-0.136143,5.95E-07
1/11/2021 6:30,0.11824461,-0.118244,6.10E-07
1/11/2021 7:00,0.098480827,-0.0984802,6.27E-07
1/11/2021 7:30,0.080400157,-0.0803995,6.57E-07
1/11/2021 8:00,-1.947569339,1.94757,6.61E-07
1/11/2021 8:30,-0.605418312,0.605419,6.88E-07
1/11/2021 9:00,0.406057723,-0.406057,7.23E-07
1/11/2021 9:30,2.100410769,-2.10041,7.69E-07
1/11/2021 10:00,1.935850813,-1.93585,8.13E-07
1/11/2021 10:30,1.697140834,-1.69714,8.34E-07
1/11/2021 11:00,7.604890853,-7.60489,8.53E-07
1/11/2021 11:30,2.22354087,-2.22354,8.70E-07
1/11/2021 12:00,1.238140895,-1.23814,8.95E-07
1/11/2021 12:30,3.320680911,-3.32068,9.11E-07
1/11/2021 13:00,3.539840919,-3.53984,9.19E-07
1/11/2021 13:30,2.421260922,-2.42126,9.22E-07
1/11/2021 14:00,2.099050912,-2.09905,9.12E-07
1/11/2021 14:30,0.628195891,-0.628195,8.91E-07
1/11/2021 15:00,0.860784891,-0.860784,8.91E-07
1/11/2021 15:30,-0.144104115,0.144105,8.85E-07
1/11/2021 16:00,-1.538469119,1.53847,8.81E-07
1/11/2021 16:30,-1.94435913,1.94436,8.70E-07
1/11/2021 17:00,0.027112553,-0.0271117,8.53E-07
1/11/2021 17:30,-1.495569155,1.49557,8.45E-07
1/11/2021 18:00,0.055770833,-0.05577,8.33E-07
1/11/2021 18:30,0.044125528,-0.0441247,8.28E-07
1/11/2021 19:00,0.044125517,-0.0441247,8.17E-07
1/11/2021 19:30,0.044125518,-0.0441247,8.18E-07
1/11/2021 20:00,-4.494159185,4.49416,8.15E-07
1/11/2021 20:30,-4.071259187,4.07126,8.13E-07
1/11/2021 21:00,-7.711959188,7.71196,8.12E-07
1/11/2021 21:30,-4.494159183,4.49416,8.17E-07
1/11/2021 22:00,-4.494159185,4.49416,8.15E-07
1/11/2021 22:30,-2.339449183,2.33945,8.17E-07
1/11/2021 23:00,-4.071259183,4.07126,8.17E-07
1/11/2021 23:30,18.48040081,-18.4804,8.13E-07
1/12/2021 0:00,-9.701349189,9.70135,8.11E-07
1/12/2021 0:30,-9.701349186,9.70135,8.14E-07
1/12/2021 1:00,-9.70134918,9.70135,8.20E-07
1/12/2021 1:30,-9.701349173,9.70135,8.27E-07
1/12/2021 2:00,-9.701349176,9.70135,8.24E-07
1/12/2021 2:30,-9.701349175,9.70135,8.25E-07
1/12/2021 3:00,-9.701349176,9.70135,8.24E-07
1/12/2021 3:30,-9.70134918,9.70135,8.20E-07
1/12/2021 4:00,-9.701349176,9.70135,8.24E-07
1/12/2021 4:30,-9.701349177,9.70135,8.23E-07
1/12/2021 5:00,18.48040082,-18.4804,8.19E-07
1/12/2021 5:30,29.75110082,-29.7511,8.21E-07
1/12/2021 6:00,-0.430559176,0.43056,8.24E-07
1/12/2021 6:30,13.53970082,-13.5397,8.24E-07
1/12/2021 7:00,13.53970082,-13.5397,8.23E-07
1/12/2021 7:30,16.81940082,-16.8194,8.19E-07
1/12/2021 8:00,4.238740816,-4.23874,8.16E-07
1/12/2021 8:30,-3.719729182,3.71973,8.18E-07
1/12/2021 9:00,-0.756478177,0.756479,8.23E-07
1/12/2021 9:30,-0.26399017,0.263991,8.30E-07
1/12/2021 10:00,0.528271838,-0.528271,8.38E-07
1/12/2021 10:30,0.901350845,-0.90135,8.45E-07
1/12/2021 11:00,0.599660848,-0.59966,8.48E-07
1/12/2021 11:30,0.628195852,-0.628195,8.52E-07
1/12/2021 12:00,0.901350858,-0.90135,8.58E-07
1/12/2021 12:30,2.141430864,-2.14143,8.64E-07
1/12/2021 13:00,2.10041087,-2.10041,8.70E-07
1/12/2021 13:30,0.628195871,-0.628195,8.71E-07
1/12/2021 14:00,1.657320864,-1.65732,8.64E-07
1/12/2021 14:30,1.841870864,-1.84187,8.64E-07
1/12/2021 15:00,1.989840878,-1.98984,8.78E-07
1/12/2021 15:30,1.995610892,-1.99561,8.92E-07
1/12/2021 16:00,1.871890893,-1.87189,8.93E-07
1/12/2021 16:30,0.559863886,-0.559863,8.86E-07
1/12/2021 17:00,-0.756478127,0.756479,8.73E-07
1/12/2021 17:30,0.041151942,-0.0411511,8.42E-07
1/12/2021 18:00,0.059131198,-0.0591304,7.98E-07
1/12/2021 18:30,46.97720077,-46.9772,7.72E-07
1/12/2021 19:00,15.06640075,-15.0664,7.53E-07
1/12/2021 19:30,-5.654879263,5.65488,7.37E-07
1/12/2021 20:00,-5.575209283,5.57521,7.17E-07
1/12/2021 20:30,-5.575209293,5.57521,7.07E-07
1/12/2021 21:00,-7.426939302,7.42694,6.98E-07
1/12/2021 21:30,-7.426939307,7.42694,6.93E-07
1/12/2021 22:00,-7.426939317,7.42694,6.83E-07
1/12/2021 22:30,-8.680149321,8.68015,6.79E-07
1/12/2021 23:00,-8.680149323,8.68015,6.77E-07
1/12/2021 23:30,-8.680149323,8.68015,6.77E-07
1/13/2021 0:00,-8.680149328,8.68015,6.72E-07
1/13/2021 0:30,-8.680149331,8.68015,6.69E-07
1/13/2021 1:00,-0.294941339,0.294942,6.61E-07
1/13/2021 1:30,-0.315516349,0.315517,6.51E-07
1/13/2021 2:00,-0.328135346,0.328136,6.54E-07
1/13/2021 2:30,-0.344659353,0.34466,6.47E-07
1/13/2021 3:00,-0.358200373,0.358201,6.27E-07
1/13/2021 3:30,-0.370812371,0.370813,6.29E-07
1/13/2021 4:00,-0.368320369,0.368321,6.31E-07
1/13/2021 4:30,-0.380834361,0.380835,6.39E-07
1/13/2021 5:00,-0.392806373,0.392807,6.27E-07
1/13/2021 5:30,-0.40387838,0.403879,6.20E-07
1/13/2021 6:00,-0.412496365,0.412497,6.35E-07
1/13/2021 6:30,-8.680149331,8.68015,6.69E-07
1/13/2021 7:00,-7.426939314,7.42694,6.86E-07
1/13/2021 7:30,-5.575209296,5.57521,7.04E-07
1/13/2021 8:00,-4.310829286,4.31083,7.14E-07
1/13/2021 8:30,-0.598313281,0.598314,7.19E-07
1/13/2021 9:00,0.808994731,-0.808994,7.31E-07
1/13/2021 9:30,1.881200747,-1.8812,7.47E-07
1/13/2021 10:00,3.804760772,-3.80476,7.72E-07
1/13/2021 10:30,2.050820787,-2.05082,7.87E-07
1/13/2021 11:00,1.946750803,-1.94675,8.03E-07
1/13/2021 11:30,8.427710848,-8.42771,8.48E-07
1/13/2021 12:00,4.582540885,-4.58254,8.85E-07
1/13/2021 12:30,8.275750916,-8.27575,9.16E-07
1/13/2021 13:00,5.631460935,-5.63146,9.35E-07
1/13/2021 13:30,3.783790941,-3.78379,9.41E-07
1/13/2021 14:00,4.00934095,-4.00934,9.50E-07
1/13/2021 14:30,3.337180951,-3.33718,9.51E-07
1/13/2021 15:00,2.845370954,-2.84537,9.54E-07
1/13/2021 15:30,2.62382095,-2.62382,9.50E-07
1/13/2021 16:00,1.359700943,-1.3597,9.43E-07
1/13/2021 16:30,0.574520929,-0.57452,9.29E-07
1/13/2021 17:00,0.060798903,-0.060798,9.03E-07
1/13/2021 17:30,-1.364399139,1.3644,8.61E-07
1/13/2021 18:00,-0.434406166,0.434407,8.34E-07
1/13/2021 18:30,-3.029469191,3.02947,8.09E-07
1/13/2021 19:00,-1.624729201,1.62473,7.99E-07
1/13/2021 19:30,-2.845499214,2.8455,7.86E-07
1/13/2021 20:00,-3.105059214,3.10506,7.86E-07
1/13/2021 20:30,-4.494159218,4.49416,7.82E-07
1/13/2021 21:00,21.00310078,-21.0031,7.78E-07
1/13/2021 21:30,20.49660079,-20.4966,7.85E-07
1/13/2021 22:00,21.00310078,-21.0031,7.77E-07
1/13/2021 22:30,65.20690075,-65.2069,7.48E-07
1/13/2021 23:00,17.96570074,-17.9657,7.37E-07
1/13/2021 23:30,-5.575209283,5.57521,7.17E-07
1/14/2021 0:00,-0.020043248,0.020044,7.52E-07
1/14/2021 0:30,-6.519409236,6.51941,7.64E-07
1/14/2021 1:00,-6.732709215,6.73271,7.85E-07
1/14/2021 1:30,-5.668949199,5.66895,8.01E-07
1/14/2021 2:00,-7.551919197,7.55192,8.03E-07
1/14/2021 2:30,-9.701349188,9.70135,8.12E-07
1/14/2021 3:00,-9.701349187,9.70135,8.13E-07
1/14/2021 3:30,-9.701349173,9.70135,8.27E-07
1/14/2021 4:00,-9.701349174,9.70135,8.26E-07
1/14/2021 4:30,-9.701349184,9.70135,8.16E-07
1/14/2021 5:00,-5.668949199,5.66895,8.01E-07
1/14/2021 5:30,-5.668949202,5.66895,7.98E-07
1/14/2021 6:00,-5.668949198,5.66895,8.02E-07
1/14/2021 6:30,-5.65336624,5.66895,0.01558376
1/14/2021 7:00,-5.488696936,5.51926,0.030563064
1/14/2021 7:30,-5.473192047,5.51926,0.046067953
1/14/2021 8:00,-9.63768214,9.70135,0.06366786
1/14/2021 8:30,-2.43174274,2.51283,0.08108726
1/14/2021 9:00,-1.62036325,1.71853,0.09816675
1/14/2021 9:30,0.32610396,-0.210251,0.11585296
1/14/2021 10:00,0.68504314,-0.550982,0.13406114
1/14/2021 10:30,0.6876999,-0.535839,0.1518609
1/14/2021 11:00,1.51113976,-1.33996,0.17117976
1/14/2021 11:30,2.21637028,-2.02637,0.19000028
1/14/2021 12:00,2.25939155,-2.05082,0.20857155
1/14/2021 12:30,4.93621845,-4.70406,0.23215845
1/14/2021 13:00,5.02515665,-4.77058,0.25457665
1/14/2021 13:30,4.95508837,-4.67998,0.27510837
1/14/2021 14:00,4.58834503,-4.29046,0.29788503
1/14/2021 14:30,4.3832985,-4.06379,0.3195085
1/14/2021 15:00,3.53870458,-3.19816,0.34054458
1/14/2021 15:30,2.901611,-2.54289,0.358721
1/14/2021 16:00,2.4761022,-2.09927,0.3768322
1/14/2021 16:30,1.09283742,-0.700589,0.39224842
1/14/2021 17:00,-0.5183726,0.918428,0.4000554
1/14/2021 17:30,-1.08935206,1.48517,0.39581794
1/14/2021 18:00,-1.5845859,1.98417,0.3995841
1/14/2021 18:30,-1.86701848,2.27527,0.40825152
1/14/2021 19:00,-2.08086438,2.49793,0.41706562
1/14/2021 19:30,-4.07051894,4.49416,0.42364106
1/14/2021 20:00,25.45917044,-25.0244,0.43477044
1/14/2021 20:30,-10.57745412,11.0273,0.44984588
1/14/2021 21:00,-5.206983,5.66895,0.461967
1/14/2021 21:30,-5.0480167,5.51926,0.4712433
1/14/2021 22:00,-6.0398928,6.51941,0.4795172
1/14/2021 22:30,-5.17897646,5.65488,0.47590354
1/14/2021 23:00,-5.10106253,5.57521,0.47414747
1/14/2021 23:30,-5.08687075,5.57521,0.48833925
1/15/2021 0:00,-6.94009302,7.42694,0.48684698
1/15/2021 0:30,-6.9286651,7.42694,0.4982749
1/15/2021 1:00,-6.9100715,7.42694,0.5168685
1/15/2021 1:30,-6.90029094,7.42694,0.52664906
1/15/2021 2:00,-6.8870223,7.42694,0.5399177
1/15/2021 2:30,-6.8764337,7.42694,0.5505063
1/15/2021 3:00,-8.1239031,8.68015,0.5562469
1/15/2021 3:30,-8.12130293,8.68015,0.55884707
1/15/2021 4:00,-8.10720005,8.68015,0.57294995
1/15/2021 4:30,-5.2184522,5.84013,0.6216778
1/15/2021 5:00,-4.9402903,5.57521,0.6349197
1/15/2021 5:30,-10.8610949,11.5202,0.6591051
1/15/2021 6:00,-4.9069563,5.57521,0.6682537
1/15/2021 6:30,-4.89632114,5.57521,0.67888886
1/15/2021 7:00,-4.2018337,4.92052,0.7186863
1/15/2021 7:30,-4.8488511,5.57521,0.7263589
1/15/2021 8:00,-2.94894156,3.70113,0.75218844
1/15/2021 8:30,1.4640814,-0.666236,0.7978454
1/15/2021 9:00,2.97134973,-2.09927,0.87207973
1/15/2021 9:30,3.28702904,-2.36121,0.92581904
1/15/2021 10:00,4.02543957,-3.04924,0.97619957
1/15/2021 10:30,4.8268909,-3.80931,1.0175809
1/15/2021 11:00,4.6234839,-3.55519,1.0682939
1/15/2021 11:30,5.1394964,-4.02916,1.1103364
1/15/2021 12:00,6.6053424,-5.45902,1.1463224
1/15/2021 12:30,7.0984398,-5.92383,1.1746098
1/15/2021 13:00,7.247723,-6.04557,1.202153
1/15/2021 13:30,6.1412079,-4.91683,1.2243779
1/15/2021 14:00,6.779376,-5.52375,1.255626
1/15/2021 14:30,6.2829757,-4.99649,1.2864857
1/15/2021 15:00,5.0077925,-3.69449,1.3133025
1/15/2021 15:30,3.4936211,-2.17646,1.3171611
1/15/2021 16:00,1.7760355,-0.46012,1.3159155
1/15/2021 16:30,0.0788837,1.25495,1.3338337
1/15/2021 17:00,-0.4203824,1.76342,1.3430376
1/15/2021 17:30,-0.197176,1.52238,1.325204
1/15/2021 18:00,-0.7250792,2.04253,1.3174508
1/15/2021 18:30,-0.8239089,2.15083,1.3269211
1/15/2021 19:00,-0.7919547,2.13225,1.3402953
1/15/2021 19:30,-0.6056392,1.95648,1.3508408
1/15/2021 20:00,-1.5621593,2.92588,1.3637207
1/15/2021 20:30,0.1587521,1.22256,1.3813121
1/15/2021 21:00,-0.0729937,1.45568,1.3826863
1/15/2021 21:30,-1.129336,2.52899,1.399654
1/15/2021 22:00,-1.127773,2.52899,1.401217
1/15/2021 22:30,-1.116667,2.52899,1.412323
1/15/2021 23:00,-1.0905952,2.52899,1.4383948
1/15/2021 23:30,-1.0640865,2.52899,1.4649035
1/16/2021 0:00,-1.0637536,2.52899,1.4652364
1/16/2021 0:30,-1.0560387,2.52899,1.4729513
1/16/2021 1:00,-1.0565035,2.52899,1.4724865
1/16/2021 1:30,-24.5027752,25.9857,1.4829248
1/16/2021 2:00,-11.0658342,12.5608,1.4949658
1/16/2021 2:30,-10.3094003,11.8189,1.5094997
1/16/2021 3:00,-10.2958847,11.8189,1.5230153
1/16/2021 3:30,-10.2986635,11.8189,1.5202365
1/16/2021 4:00,-14.6120429,16.1496,1.5375571
1/16/2021 4:30,-7.4625673,8.9719,1.5093327
1/16/2021 5:00,-8.2086354,9.70135,1.4927146
1/16/2021 5:30,-4.1756779,5.66895,1.4932721
1/16/2021 6:00,-4.1765134,5.66895,1.4924366
1/16/2021 6:30,-4.1754104,5.66895,1.4935396
1/16/2021 7:00,-4.1623966,5.66895,1.5065534
1/16/2021 7:30,-3.3826249,4.89572,1.5130951
1/16/2021 8:00,-0.8216049,2.38156,1.5599551
1/16/2021 8:30,0.1083329,1.51242,1.6207529
1/16/2021 9:00,2.327351,-0.666236,1.661115
1/16/2021 9:30,3.8170222,-2.10341,1.7136122
1/16/2021 10:00,3.7462212,-1.99197,1.7542512
1/16/2021 10:30,5.4552376,-3.63822,1.8170176
1/16/2021 11:00,6.0254112,-4.16819,1.8572212
1/16/2021 11:30,6.0769964,-4.18782,1.8891764
1/16/2021 12:00,5.0998749,-3.17787,1.9220049
1/16/2021 12:30,4.6534374,-2.70881,1.9446274
1/16/2021 13:00,5.5988756,-3.626,1.9728756
1/16/2021 13:30,5.7226275,-3.75413,1.9684975
1/16/2021 14:00,5.2857217,-3.29265,1.9930717
1/16/2021 14:30,4.3193384,-2.33862,1.9807184
1/16/2021 15:00,3.4994711,-1.51595,1.9835211
1/16/2021 15:30,2.38889,-0.428449,1.960441
1/16/2021 16:00,1.3035737,0.661516,1.9650897
1/16/2021 16:30,0.1804621,1.75921,1.9396721
1/16/2021 17:00,-0.5856825,2.51245,1.9267675
1/16/2021 17:30,-0.2502109,2.11921,1.8689991
1/16/2021 18:00,0.9938091,0.804425,1.7982341
1/16/2021 18:30,0.4953269,1.30486,1.8001869
1/16/2021 19:00,0.7123164,1.13033,1.8426464
1/16/2021 19:30,-0.7525713,2.52899,1.7764187
1/16/2021 20:00,-0.8005984,2.51454,1.7139416
1/16/2021 20:30,-0.7922379,2.49956,1.7073221
1/16/2021 21:00,-5.706169,7.42694,1.720771
1/16/2021 21:30,-5.7219818,7.42694,1.7049582
1/16/2021 22:00,-5.6968967,7.42694,1.7300433
1/16/2021 22:30,0.06434,1.6724,1.73674
1/16/2021 23:00,0.0645705,1.6724,1.7369705
1/16/2021 23:30,0.8460261,0.902428,1.7484541
1/17/2021 0:00,0.6619986,1.10603,1.7680286
1/17/2021 0:30,1.0055418,0.779574,1.7851158
1/17/2021 1:00,0.3204908,1.51462,1.8351108
1/17/2021 1:30,1.0285854,0.804042,1.8326274
1/17/2021 2:00,-0.703042,2.49956,1.796518
1/17/2021 2:30,0.6392636,1.13897,1.7782336
1/17/2021 3:00,0.871628,0.929344,1.800972
1/17/2021 3:30,-0.6770283,2.49956,1.8225317
1/17/2021 4:00,-0.6716533,2.49956,1.8279067
1/17/2021 4:30,0.9466868,0.841001,1.7876878
1/17/2021 5:00,0.8544322,0.929344,1.7837762
1/17/2021 5:30,0.8104123,0.973434,1.7838463
1/17/2021 6:00,-0.668262,2.49956,1.831298
1/17/2021 6:30,0.7337382,1.15544,1.8891782
1/17/2021 7:00,0.9574824,0.929344,1.8868264
1/17/2021 7:30,0.9803175,0.929344,1.9096615
1/17/2021 8:00,1.0182234,0.938189,1.9564124
1/17/2021 8:30,2.815092,-0.739984,2.075108
1/17/2021 9:00,1.63062,0.573281,2.203901
1/17/2021 9:30,3.0691063,-0.720628,2.3484783
1/17/2021 10:00,3.2131856,-0.755323,2.4578626
1/17/2021 10:30,6.295828,-3.74125,2.554578
1/17/2021 11:00,6.1951988,-3.57703,2.6181688
1/17/2021 11:30,7.3396872,-4.65428,2.6854072
1/17/2021 12:00,8.1480734,-5.40396,2.7441134
1/17/2021 12:30,7.2338184,-4.4462,2.7876184
1/17/2021 13:00,7.7104791,-4.88089,2.8295891
1/17/2021 13:30,7.5085506,-4.65556,2.8529906
1/17/2021 14:00,7.694364,-4.80836,2.886004
1/17/2021 14:30,6.8411683,-3.93143,2.9097383
1/17/2021 15:00,6.72744,-3.79719,2.93025
1/17/2021 15:30,5.6726911,-2.73612,2.9365711
1/17/2021 16:00,4.7399182,-1.81168,2.9282382
1/17/2021 16:30,3.4022613,-0.531694,2.8705673
1/17/2021 17:00,2.8245183,-0.0285526,2.7959657
1/17/2021 17:30,2.0504203,0.62835,2.6787703
1/17/2021 18:00,1.3399607,1.24095,2.5809107
1/17/2021 18:30,0.524436,1.98123,2.505666
1/17/2021 19:00,0.1836498,2.29194,2.4755898
1/17/2021 19:30,0.2036678,2.25277,2.4564378
1/17/2021 20:00,1.0103027,1.45427,2.4645727
1/17/2021 20:30,0.7219103,1.73247,2.4543803
1/17/2021 21:00,0.3760188,2.06167,2.4376888
1/17/2021 21:30,1.0693947,1.35158,2.4209747
1/17/2021 22:00,1.4361657,0.958702,2.3948677
1/17/2021 22:30,1.1232187,1.2143,2.3375187
1/17/2021 23:00,0.9103317,1.36951,2.2798417
1/17/2021 23:30,0.524483,1.71385,2.238333
1/18/2021 0:00,0.657166,1.55129,2.208456
1/18/2021 0:30,0.1292237,2.02941,2.1586337
1/18/2021 1:00,1.3184454,0.797669,2.1161144
1/18/2021 1:30,0.5645332,1.4842,2.0487332
1/18/2021 2:00,-0.256469,2.31496,2.058491
1/18/2021 2:30,0.5647286,1.51164,2.0763686
1/18/2021 3:00,-0.0630539,2.10988,2.0468261
1/18/2021 3:30,-0.1413621,2.16436,2.0229979
1/18/2021 4:00,-0.4854672,2.51316,2.0276928
1/18/2021 4:30,0.3346023,1.70661,2.0412123
1/18/2021 5:00,0.9438546,1.11271,2.0565646
1/18/2021 5:30,0.3796844,1.68434,2.0640244
1/18/2021 6:00,1.0712872,1.00937,2.0806572
1/18/2021 6:30,0.9155693,1.16643,2.0819993
1/18/2021 7:00,0.9890714,1.09485,2.0839214
1/18/2021 7:30,0.500706,1.56978,2.070486
1/18/2021 8:00,0.167268,1.89299,2.060258
1/18/2021 8:30,2.6285793,-0.502839,2.1257403
1/18/2021 9:00,2.3805522,-0.174106,2.2064462
1/18/2021 9:30,3.131801,-0.89193,2.239871
1/18/2021 10:00,5.437869,-3.14428,2.293589
1/18/2021 10:30,5.4757331,-3.15898,2.3167531
1/18/2021 11:00,6.2485214,-3.89093,2.3575914
1/18/2021 11:30,7.019996,-4.64949,2.370506
1/18/2021 12:00,7.2403998,-4.86552,2.3748798
1/18/2021 12:30,6.4119953,-4.0361,2.3758953
1/18/2021 13:00,6.1472685,-3.80287,2.3443985
1/18/2021 13:30,7.0489892,-4.69667,2.3523192
1/18/2021 14:00,6.1589708,-3.82748,2.3314908
1/18/2021 14:30,6.6402322,-4.30275,2.3374822
1/18/2021 15:00,3.8916513,-1.63403,2.2576213
1/18/2021 15:30,3.8826734,-1.63403,2.2486434
1/18/2021 16:00,2.8054307,-0.59265,2.2127807
1/18/2021 16:30,2.5826357,-0.410369,2.1722667
1/18/2021 17:00,0.5446252,1.57226,2.1168852
1/18/2021 17:30,-0.4586598,2.48599,2.0273302
1/18/2021 18:00,1.1591147,0.73611,1.8952247
1/18/2021 18:30,-0.3136108,2.117,1.8033892
1/18/2021 19:00,0.5894334,1.152,1.7414334
1/18/2021 19:30,0.254488,1.44237,1.696858
1/18/2021 20:00,-0.8432776,2.50092,1.6576424
1/18/2021 20:30,-0.8630318,2.50092,1.6378882
1/18/2021 21:00,-0.8545736,2.48936,1.6347864
1/18/2021 21:30,0.4610087,1.15457,1.6155787
1/18/2021 22:00,0.6275862,0.929344,1.5569302
1/18/2021 22:30,-0.9991709,2.4761,1.4769291
1/18/2021 23:00,-0.9540668,2.4761,1.5220332
1/18/2021 23:30,-1.0536825,2.4761,1.4224175
1/19/2021 0:00,-1.104253,2.4761,1.371847
1/19/2021 0:30,-1.1094542,2.4761,1.3666458
1/19/2021 1:00,-1.0646186,2.4761,1.4114814
1/19/2021 1:30,0.4070841,1.00423,1.4113141
1/19/2021 2:00,0.3942526,0.973434,1.3676866
1/19/2021 2:30,-1.1233234,2.4761,1.3527766
1/19/2021 3:00,-1.1366889,2.4761,1.3394111
1/19/2021 3:30,-1.1265598,2.4761,1.3495402
1/19/2021 4:00,-1.151301,2.4761,1.324799
1/19/2021 4:30,-1.1912275,2.4761,1.2848725
1/19/2021 5:00,-1.2600812,2.4761,1.2160188
1/19/2021 5:30,-1.2492528,2.4761,1.2268472
1/19/2021 6:00,-1.2664839,2.49577,1.2292861
1/19/2021 6:30,-1.2361999,2.49577,1.2595701
1/19/2021 7:00,0.2474321,1.00423,1.2516621
1/19/2021 7:30,-1.2283137,2.4808,1.2524863
1/19/2021 8:00,0.0213338,1.29509,1.3164238
1/19/2021 8:30,2.4075731,-0.99703,1.4105431
1/19/2021 9:00,3.1976218,-1.63403,1.5635918
1/19/2021 9:30,3.8880015,-2.21601,1.6719915
1/19/2021 10:00,7.1737267,-5.38316,1.7905667
1/19/2021 10:30,7.0187513,-5.10363,1.9151213
1/19/2021 11:00,6.3812136,-4.3691,2.0121136
1/19/2021 11:30,6.7057352,-4.6422,2.0635352
1/19/2021 12:00,7.084726,-4.96181,2.122916
1/19/2021 12:30,6.472913,-4.29969,2.173223
1/19/2021 13:00,5.8638491,-3.65329,2.2105591
1/19/2021 13:30,6.3681774,-4.11322,2.2549574
1/19/2021 14:00,6.7723393,-4.46074,2.3115993
1/19/2021 14:30,5.7244598,-3.38193,2.3425298
1/19/2021 15:00,5.2391504,-2.87266,2.3664904
1/19/2021 15:30,4.9827843,-2.58109,2.4016943
1/19/2021 16:00,3.6781167,-1.26269,2.4154267
1/19/2021 16:30,2.7021906,-0.284301,2.4178896
1/19/2021 17:00,1.8574727,0.54147,2.3989427
1/19/2021 17:30,1.6609719,0.670398,2.3313699
1/19/2021 18:00,0.3335232,1.95502,2.2885432
1/19/2021 18:30,0.0674018,2.18676,2.2541618
1/19/2021 19:00,0.025293,2.20995,2.235243
1/19/2021 19:30,-0.5214361,2.75304,2.2316039
1/19/2021 20:00,0.250367,1.99056,2.240927
1/19/2021 20:30,-0.03709,2.28564,2.24855
1/19/2021 21:00,0.2185152,2.0432,2.2617152
1/19/2021 21:30,0.5642043,1.71492,2.2791243
1/19/2021 22:00,0.6293022,1.67362,2.3029222
1/19/2021 22:30,0.4391446,1.88731,2.3264546
1/19/2021 23:00,0.311145,2.0231,2.334245
1/19/2021 23:30,0.7277696,1.61567,2.3434396
1/20/2021 0:00,0.5723127,1.79502,2.3673327
1/20/2021 0:30,0.3157584,2.07227,2.3880284
1/20/2021 1:00,0.414701,2.00271,2.417411
1/20/2021 1:30,1.0889708,1.37548,2.4644508
1/20/2021 2:00,0.7808436,1.73267,2.5135136
1/20/2021 2:30,1.0731513,1.50924,2.5823913
1/20/2021 3:00,1.1918423,1.45542,2.6472623
1/20/2021 3:30,1.4599968,1.25321,2.7132068
1/20/2021 4:00,1.2982178,1.46962,2.7678378
1/20/2021 4:30,1.3544145,1.44632,2.8007345
1/20/2021 5:00,1.453547,1.38929,2.842837
1/20/2021 5:30,1.6839663,1.18811,2.8720763
1/20/2021 6:00,1.8181085,1.0614,2.8795085
1/20/2021 6:30,2.070813,0.809556,2.880369
1/20/2021 7:00,1.9048684,0.989264,2.8941324
1/20/2021 7:30,2.0280326,0.871222,2.8992546
1/20/2021 8:00,-6.856897,9.75229,2.895393
1/20/2021 8:30,2.4747622,0.424515,2.8992772
1/20/2021 9:00,-0.374147,3.34364,2.969493
1/20/2021 9:30,5.5340296,-2.3749,3.1591296
1/20/2021 10:00,6.391782,-3.14058,3.251202
1/20/2021 10:30,7.1617437,-3.87569,3.2860537
1/20/2021 11:00,7.5209525,-4.18939,3.3315625
1/20/2021 11:30,8.0375559,-4.66192,3.3756359
1/20/2021 12:00,8.2877875,-4.8818,3.4059875
1/20/2021 12:30,8.2231424,-4.78457,3.4385724
1/20/2021 13:00,8.165795,-4.70024,3.465555
1/20/2021 13:30,8.0823747,-4.5884,3.4939747
1/20/2021 14:00,7.9178727,-4.39729,3.5205827
1/20/2021 14:30,7.7064841,-4.15006,3.5564241
1/20/2021 15:00,7.2157663,-3.64285,3.5729163
1/20/2021 15:30,6.2817057,-2.7011,3.5806057
1/20/2021 16:00,4.8736366,-1.30185,3.5717866
1/20/2021 16:30,-0.570078,4.12728,3.557202
1/20/2021 17:00,-0.8372571,4.35288,3.5156229
1/20/2021 17:30,-1.9393897,5.36953,3.4301403
1/20/2021 18:00,-1.0534665,4.31903,3.2655635
1/20/2021 18:30,-1.149809,4.30287,3.153061
1/20/2021 19:00,1.2398625,1.82623,3.0660925
1/20/2021 19:30,-1.3099046,4.29197,2.9820654
1/20/2021 20:00,1.4079932,1.51939,2.9273832
1/20/2021 20:30,1.3041785,1.4842,2.7883785
1/20/2021 21:00,-1.5490833,4.26649,2.7174067
1/20/2021 21:30,1.6697183,1.00423,2.6739483
1/20/2021 22:00,1.7081015,0.973434,2.6815355
1/20/2021 22:30,-1.616976,4.2555,2.638524
1/20/2021 23:00,-1.559773,4.2182,2.658427
1/20/2021 23:30,-1.451625,4.2182,2.766575
1/21/2021 0:00,-1.3293818,4.2529,2.9235182
1/21/2021 0:30,1.8808252,1.15933,3.0401552
1/21/2021 1:00,1.8871296,1.00423,2.8913596
1/21/2021 1:30,-1.255945,4.23223,2.976285
1/21/2021 2:00,2.1898896,0.879201,3.0690906
1/21/2021 2:30,0.6426078,2.33876,2.9813678
1/21/2021 3:00,-1.27827,4.23223,2.95396
1/21/2021 3:30,2.1019437,0.929344,3.0312877
1/21/2021 4:00,-1.30688,4.23223,2.92535
1/21/2021 4:30,-1.3328653,4.23223,2.8993647
1/21/2021 5:00,-1.2711003,4.23223,2.9611297
1/21/2021 5:30,-1.0810774,4.23223,3.1511526
1/21/2021 6:00,-0.9863508,4.23223,3.2458792
1/21/2021 6:30,-0.941427,4.33025,3.388823
1/21/2021 7:00,50.5669534,-46.9772,3.5897534
1/21/2021 7:30,1.9426185,1.74093,3.6835485
1/21/2021 8:00,-0.0101238,3.73557,3.7254462
1/21/2021 8:30,2.3089618,1.51151,3.8204718
1/21/2021 9:00,-3.535205,7.50125,3.966045
1/21/2021 9:30,-6.929511,11.0854,4.155889
1/21/2021 10:00,-0.053455,4.3498,4.296345
1/21/2021 10:30,-5.934836,10.3158,4.380964
1/21/2021 11:00,2.9853534,1.48343,4.4687834
1/21/2021 11:30,5.7958593,-1.19596,4.5998993
1/21/2021 12:00,9.558462,-4.72763,4.830832
1/21/2021 12:30,8.9637654,-3.93345,5.0303154
1/21/2021 13:00,8.364636,-3.32773,5.036906
1/21/2021 13:30,9.479005,-4.40157,5.077435
1/21/2021 14:00,7.7589504,-2.69969,5.0592604
1/21/2021 14:30,8.082819,-2.99556,5.087259
1/21/2021 15:00,6.4655306,-1.44862,5.0169106
1/21/2021 15:30,5.463274,-0.47853,4.984744
1/21/2021 16:00,-2.6182402,7.5826,4.9643598
1/21/2021 16:30,-2.6593026,7.5826,4.9232974
1/21/2021 17:00,-2.417998,7.28332,4.865322
1/21/2021 17:30,-0.1715154,4.91997,4.7484546
1/21/2021 18:00,0.189231,4.37388,4.563111
1/21/2021 18:30,0.0447232,4.39166,4.4363832
1/21/2021 19:00,2.055101,2.33161,4.386711
1/21/2021 19:30,2.442165,1.78047,4.222635
1/21/2021 20:00,-0.1658427,4.40785,4.2420073
1/21/2021 20:30,-0.0820556,4.35078,4.2687244
1/21/2021 21:00,0.014141,4.35078,4.364921
1/21/2021 21:30,2.8613013,1.45355,4.3148513
1/21/2021 22:00,2.58836,1.69388,4.28224
1/21/2021 22:30,1.3881084,2.84424,4.2323484
1/21/2021 23:00,2.4261605,1.8295,4.2556605
1/21/2021 23:30,3.708549,0.576318,4.284867
1/22/2021 0:00,2.0486876,2.25295,4.3016376
1/22/2021 0:30,2.8221617,1.53897,4.3611317
1/22/2021 1:00,2.523896,1.88741,4.411306
1/22/2021 1:30,0.0792697,4.32078,4.4000497
1/22/2021 2:00,3.2609773,1.14506,4.4060373
1/22/2021 2:30,3.5867046,0.776404,4.3631086
1/22/2021 3:00,1.5355267,2.81636,4.3518867
1/22/2021 3:30,1.955889,2.33945,4.295339
1/22/2021 4:00,2.421733,1.87477,4.296503
1/22/2021 4:30,2.4871712,1.76375,4.2509212
1/22/2021 5:00,-0.034455,4.30769,4.273235
1/22/2021 5:30,0.0990346,4.24497,4.3440046
1/22/2021 6:00,0.1801165,4.24497,4.4250865
1/22/2021 6:30,1.8092486,2.52328,4.3325286
1/22/2021 7:00,2.819746,1.48995,4.309696
1/22/2021 7:30,3.444563,0.929344,4.373907
1/22/2021 8:00,5.0171957,-0.566577,4.4506187
1/22/2021 8:30,-2.933274,7.46959,4.536316
1/22/2021 9:00,3.2212414,1.48343,4.7046714
1/22/2021 9:30,0.53901,4.49298,5.03199
1/22/2021 10:00,3.5472683,1.73135,5.2786183
1/22/2021 10:30,7.11351,-1.54332,5.57019
1/22/2021 11:00,7.112608,-1.44398,5.668628
1/22/2021 11:30,7.121739,-1.32407,5.797669
1/22/2021 12:00,7.890739,-1.96323,5.927509
1/22/2021 12:30,7.9602994,-1.96323,5.9970694
1/22/2021 13:00,7.3577545,-1.3144,6.0433545
1/22/2021 13:30,8.1154545,-1.96323,6.1522245
1/22/2021 14:00,10.060699,-3.71718,6.343519
1/22/2021 14:30,9.760203,-3.39117,6.369033
1/22/2021 15:00,7.9287437,-1.53909,6.3896537
1/22/2021 15:30,8.424607,-1.96323,6.461377
1/22/2021 16:00,7.8098036,-1.37073,6.4390736
1/22/2021 16:30,1.905416,4.4965,6.401916
1/22/2021 17:00,-2.8504384,9.08409,6.2336516
1/22/2021 17:30,1.0681654,4.89016,5.9583254
1/22/2021 18:00,1.284787,4.54871,5.833497
1/22/2021 18:30,1.4902436,4.30212,5.7923636
1/22/2021 19:00,1.4039605,4.32185,5.7258105
1/22/2021 19:30,4.418261,1.20631,5.624571
1/22/2021 20:00,1.1621098,4.35667,5.5187798
1/22/2021 20:30,4.4978657,0.906897,5.4047627
1/22/2021 21:00,3.7404954,1.4903,5.2307954
1/22/2021 21:30,3.1542727,2.12897,5.2832427
1/22/2021 22:00,4.291392,0.714823,5.006215
1/22/2021 22:30,3.0891023,1.76375,4.8528523
1/22/2021 23:00,0.47845,4.41361,4.89206
1/22/2021 23:30,0.4384594,4.41361,4.8520694
1/23/2021 0:00,0.462395,4.41361,4.876005
1/23/2021 0:30,0.2745876,4.41361,4.6881976
1/23/2021 1:00,0.3334384,4.41361,4.7470484
1/23/2021 1:30,0.6394443,4.20816,4.8476043
1/23/2021 2:00,0.60275,4.20816,4.81091
1/23/2021 2:30,-6.388549,11.1511,4.762551
1/23/2021 3:00,0.6159176,4.20816,4.8240776
1/23/2021 3:30,-4.5874924,9.51483,4.9273376
1/23/2021 4:00,-6.3105157,11.1511,4.8405843
1/23/2021 4:30,-4.535821,9.51483,4.979009
1/23/2021 5:00,0.853254,4.04597,4.899224
1/23/2021 5:30,0.8333187,4.04597,4.8792887
1/23/2021 6:00,-6.106866,10.9666,4.859734
1/23/2021 6:30,0.5737395,4.04597,4.6197095
1/23/2021 7:00,0.4783268,4.04597,4.5242968
1/23/2021 7:30,-0.1967393,4.73971,4.5429707
1/23/2021 8:00,-6.6530317,11.3509,4.6978683
1/23/2021 8:30,1.5545335,3.60818,5.1627135
1/23/2021 9:00,7.0629006,-1.37073,5.6921706
1/23/2021 9:30,7.6427124,-1.53909,6.1036224
1/23/2021 10:00,9.359827,-3.0751,6.284727
1/23/2021 10:30,10.01745,-3.54806,6.46939
1/23/2021 11:00,10.2880084,-3.7488,6.5392084
1/23/2021 11:30,10.75776,-4.20375,6.55401
1/23/2021 12:00,10.9500422,-4.35885,6.5911922
1/23/2021 12:30,11.172891,-4.52682,6.646071
1/23/2021 13:00,11.2039934,-4.495,6.7089934
1/23/2021 13:30,11.478481,-4.7592,6.719281
1/23/2021 14:00,10.708083,-3.97316,6.734923
1/23/2021 14:30,10.3412155,-3.57453,6.7666855
1/23/2021 15:00,10.1028484,-3.32492,6.7779284
1/23/2021 15:30,9.1814466,-2.4083,6.7731466
1/23/2021 16:00,7.931065,-1.20544,6.725625
1/23/2021 16:30,4.4888267,2.15762,6.6464467
1/23/2021 17:00,5.0800792,1.47098,6.5510592
1/23/2021 17:30,-1.824899,8.21521,6.390311
1/23/2021 18:00,1.749205,4.3662,6.115405
1/23/2021 18:30,1.9107916,4.06965,5.9804416
1/23/2021 19:00,1.877864,4.06965,5.947514
1/23/2021 19:30,4.7510005,1.09835,5.8493505
1/23/2021 20:00,4.7144943,1.01729,5.7317843
1/23/2021 20:30,1.5968186,4.06965,5.6664686
1/23/2021 21:00,1.476623,4.06965,5.546273
1/23/2021 21:30,4.494411,0.970887,5.465298
1/23/2021 22:00,4.9647996,0.390745,5.3555446
1/23/2021 22:30,0.9623677,4.06965,5.0320177
1/23/2021 23:00,0.9052823,4.07748,4.9827623
1/23/2021 23:30,0.8626416,4.08306,4.9457016
1/24/2021 0:00,0.890282,4.08939,4.979672
1/24/2021 0:30,0.8554606,4.12216,4.9776206
1/24/2021 1:00,0.802187,4.14823,4.950417
1/24/2021 1:30,0.8323194,4.18201,5.0143294
1/24/2021 2:00,0.922793,4.18201,5.104803
1/24/2021 2:30,0.8952166,4.18201,5.0772266
1/24/2021 3:00,0.907683,4.15109,5.058773
1/24/2021 3:30,1.10499,4.12334,5.22833
1/24/2021 4:00,1.206238,4.09559,5.301828
1/24/2021 4:30,1.2381994,4.06365,5.3018494
1/24/2021 5:00,1.17859,4.03668,5.21527
1/24/2021 5:30,1.1785054,4.0042,5.1827054
1/24/2021 6:00,1.244213,3.97403,5.218243
1/24/2021 6:30,1.2882664,3.94221,5.2304764
1/24/2021 7:00,1.2071974,3.94221,5.1494074
1/24/2021 7:30,0.5611214,4.6172,5.1783214
1/24/2021 8:00,-4.963937,10.4632,5.499263
1/24/2021 8:30,3.3559,2.65363,6.00953
1/24/2021 9:00,7.8344247,-1.52195,6.3124747
1/24/2021 9:30,8.065655,-1.55371,6.511945
1/24/2021 10:00,9.477735,-2.78835,6.689385
1/24/2021 10:30,10.641074,-3.78435,6.856724
1/24/2021 11:00,11.0701056,-4.08457,6.9855356
1/24/2021 11:30,11.8231838,-4.70946,7.1137238
1/24/2021 12:00,12.890802,-5.66867,7.222132
1/24/2021 12:30,13.584596,-6.18087,7.403726
1/24/2021 13:00,12.762641,-5.28722,7.475421
1/24/2021 13:30,11.8243186,-4.25515,7.5691686
1/24/2021 14:00,11.585569,-3.89814,7.687429
1/24/2021 14:30,12.3218366,-4.60172,7.7201166
1/24/2021 15:00,11.117281,-3.32671,7.790571
1/24/2021 15:30,9.8897925,-2.14602,7.7437725
1/24/2021 16:00,7.3183724,0.39761,7.7159824
1/24/2021 16:30,5.8904753,1.79954,7.6900153
1/24/2021 17:00,3.4018336,4.23602,7.6378536
1/24/2021 17:30,3.8515627,3.78424,7.6358027
1/24/2021 18:00,3.6803483,3.80085,7.4811983
1/24/2021 18:30,3.805033,3.53012,7.335153
1/24/2021 19:00,3.6875116,3.54191,7.2294216
1/24/2021 19:30,3.4694126,3.55431,7.0237226
1/24/2021 20:00,6.0686674,0.941196,7.0098634
1/24/2021 20:30,6.013564,0.93937,6.952934
1/24/2021 21:00,6.1539855,0.829474,6.9834595
1/24/2021 21:30,6.1644363,0.941196,7.1056323
1/24/2021 22:00,3.6522077,3.63855,7.2907577
1/24/2021 22:30,3.7402943,3.66279,7.4030843
1/24/2021 23:00,3.788249,3.68596,7.474209
1/24/2021 23:30,5.8203535,1.70045,7.5208035
1/25/2021 0:00,5.999981,1.60498,7.604961
1/25/2021 0:30,4.037133,3.59671,7.633843
1/25/2021 1:00,4.9103085,2.76906,7.6793685
1/25/2021 1:30,4.74115,3.00084,7.74199
1/25/2021 2:00,5.593282,2.19088,7.784162
1/25/2021 2:30,6.312477,1.54105,7.853527
1/25/2021 3:00,6.0155507,1.84765,7.8632007
1/25/2021 3:30,5.9274523,1.77612,7.7035723
1/25/2021 4:00,5.822377,1.88741,7.709787
1/25/2021 4:30,6.2700644,1.40346,7.6735244
1/25/2021 5:00,4.3342645,3.40253,7.7367945
1/25/2021 5:30,6.509925,1.27637,7.786295
1/25/2021 6:00,3.3300874,4.49416,7.8242474
1/25/2021 6:30,4.2992197,3.54358,7.8427997
1/25/2021 7:00,11.4550696,-3.5923,7.8627696
1/25/2021 7:30,13.7003674,-5.76862,7.9317474
1/25/2021 8:00,13.780129,-5.76862,8.011509
1/25/2021 8:30,12.257228,-4.18907,8.068158
1/25/2021 9:00,25.589294,-17.4457,8.143594
1/25/2021 9:30,30.638835,-22.3786,8.260235
1/25/2021 10:00,30.733962,-22.3786,8.355362
1/25/2021 10:30,35.130962,-26.701,8.429962
1/25/2021 11:00,35.191205,-26.701,8.490205
1/25/2021 11:30,35.267406,-26.701,8.566406
1/25/2021 12:00,11.403861,-2.73826,8.665601
1/25/2021 12:30,28.62653,-19.9083,8.71823
1/25/2021 13:00,30.229346,-21.4272,8.802146
1/25/2021 13:30,6.093022,2.75102,8.844042
1/25/2021 14:00,26.647601,-17.7758,8.871801
1/25/2021 14:30,30.482961,-21.5787,8.904261
1/25/2021 15:00,11.68725,-2.73826,8.94899
1/25/2021 15:30,23.603229,-14.5917,9.011529
1/25/2021 16:00,23.979727,-14.9486,9.031127
1/25/2021 16:30,6.5083945,2.54374,9.0521345
1/25/2021 17:00,16.642098,-7.57082,9.071278
1/25/2021 17:30,12.625326,-3.55866,9.066666
1/25/2021 18:00,12.112628,-3.06511,9.047518
1/25/2021 18:30,12.125873,-3.06511,9.060763
1/25/2021 19:00,12.141143,-3.06511,9.076033
1/25/2021 19:30,12.185493,-3.06511,9.120383
1/25/2021 20:00,18.142957,-8.96956,9.173397
1/25/2021 20:30,18.164595,-8.96956,9.195035
1/25/2021 21:00,18.18538,-8.96956,9.21582
1/25/2021 21:30,4.15136,5.10633,9.25769
1/25/2021 22:00,18.233672,-8.96956,9.264112
1/25/2021 22:30,18.212344,-8.96956,9.242784
1/25/2021 23:00,12.254454,-3.06511,9.189344
1/25/2021 23:30,12.224749,-3.06511,9.159639
1/26/2021 0:00,12.236422,-3.06511,9.171312
1/26/2021 0:30,18.17147,-8.96956,9.20191
1/26/2021 1:00,18.174201,-8.96956,9.204641
1/26/2021 1:30,18.175379,-8.96956,9.205819
1/26/2021 2:00,18.180621,-8.96956,9.211061
1/26/2021 2:30,18.157805,-8.96956,9.188245
1/26/2021 3:00,18.156103,-8.96956,9.186543
1/26/2021 3:30,16.714312,-7.49723,9.217082
1/26/2021 4:00,9.3101653,-0.0524563,9.257709
1/26/2021 4:30,9.3226963,-0.0524563,9.27024
1/26/2021 5:00,9.2946713,-0.0524563,9.242215
1/26/2021 5:30,9.2741893,-0.0524563,9.221733
1/26/2021 6:00,9.2381043,-0.0524563,9.185648
1/26/2021 6:30,9.2259753,-0.0524563,9.173519
1/26/2021 7:00,9.2561863,-0.0524563,9.20373
1/26/2021 7:30,5.010198,4.24381,9.254008
1/26/2021 8:00,5.042003,4.24381,9.285813
1/26/2021 8:30,2.064975,7.28407,9.349045
1/26/2021 9:00,-24.896062,34.3177,9.421638
1/26/2021 9:30,-3.918064,13.4816,9.563536
1/26/2021 10:00,-2.898928,12.5195,9.620572
1/26/2021 10:30,-23.552597,33.2107,9.658103
1/26/2021 11:00,-9.219081,18.7966,9.577519
1/26/2021 11:30,-50.062498,59.5293,9.466802
1/26/2021 12:00,2.758672,6.72086,9.479532
1/26/2021 12:30,11.237155,-1.70584,9.531315
1/26/2021 13:00,-15.362651,25.047,9.684349
1/26/2021 13:30,11.364814,-1.70584,9.658974
1/26/2021 14:00,11.279835,-1.67187,9.607965
1/26/2021 14:30,12.168485,-2.57578,9.592705
1/26/2021 15:00,6.217394,3.39557,9.612964
1/26/2021 15:30,6.312145,3.39557,9.707715
1/26/2021 16:00,11.447778,-1.6772,9.770578
1/26/2021 16:30,6.361949,3.35885,9.720799
1/26/2021 17:00,-47.1353045,56.7942,9.6588955
1/26/2021 17:30,-40.467282,50.0488,9.581518
1/26/2021 18:00,-4.296271,13.8277,9.531429
1/26/2021 18:30,-75.019965,84.4743,9.454335
1/26/2021 19:00,-3.919701,13.3505,9.430799
1/26/2021 19:30,1.69028,7.7365,9.42678
1/26/2021 20:00,-5.931552,15.3615,9.429948
1/26/2021 20:30,-0.76424,10.1929,9.42866
1/26/2021 21:00,-4.386911,13.8277,9.440789
1/26/2021 21:30,3.945623,5.47535,9.420973
1/26/2021 22:00,6.061207,3.33583,9.397037
1/26/2021 22:30,6.679005,2.68623,9.365235
1/26/2021 23:00,4.205306,5.11687,9.322176
1/26/2021 23:30,5.275752,4.01345,9.289202
1/27/2021 0:00,-3.811594,13.0879,9.276306
1/27/2021 0:30,-3.824869,13.0879,9.263031
1/27/2021 1:00,-3.8493765,13.0879,9.2385235
1/27/2021 1:30,-3.890425,13.0879,9.197475
1/27/2021 2:00,-2.729357,11.8032,9.073843
1/27/2021 2:30,-35.690657,44.6162,8.925543
1/27/2021 3:00,-1.78163,10.617,8.83537
1/27/2021 3:30,-1.820169,10.617,8.796831
1/27/2021 4:00,0.026396,8.70406,8.730456
1/27/2021 4:30,6.686905,1.98995,8.676855
1/27/2021 5:00,-1.467089,10.0986,8.631511
1/27/2021 5:30,6.017928,2.57011,8.588038
1/27/2021 6:00,8.17719,0.395182,8.572372
1/27/2021 6:30,8.150043,0.395182,8.545225
1/27/2021 7:00,8.5372063,-0.0524563,8.48475
1/27/2021 7:30,4.198015,4.24381,8.441825
1/27/2021 8:00,7.934833,0.481088,8.415921
1/27/2021 8:30,6.306738,2.13076,8.437498
1/27/2021 9:00,7.013385,1.44252,8.455905
1/27/2021 9:30,7.011772,1.44252,8.454292
1/27/2021 10:00,6.996262,1.44252,8.438782
1/27/2021 10:30,9.4009755,-0.977711,8.4232645
1/27/2021 11:00,10.329013,-1.86208,8.466933
1/27/2021 11:30,8.281837,0.2483,8.530137
1/27/2021 12:00,11.009675,-2.50381,8.505865
1/27/2021 12:30,1.670982,6.7735,8.444482
1/27/2021 13:00,0.468535,7.88379,8.352325
1/27/2021 13:30,8.044898,0.2483,8.293198
1/27/2021 14:00,4.898651,3.35035,8.249001
1/27/2021 14:30,2.859482,5.41176,8.271242
1/27/2021 15:00,2.839391,5.41176,8.251151
1/27/2021 15:30,4.933644,3.26237,8.196014
1/27/2021 16:00,4.110587,4.03968,8.150267
1/27/2021 16:30,2.751642,5.41176,8.163402
1/27/2021 17:00,9.748434,-1.73522,8.013214
1/27/2021 17:30,6.9391454,0.793296,7.7324414
1/27/2021 18:00,6.3022604,1.12257,7.4248304
1/27/2021 18:30,5.3640307,1.8679,7.2319307
1/27/2021 19:00,5.83472,1.31667,7.15139
1/27/2021 19:30,4.7763307,2.33478,7.1111107
1/27/2021 20:00,3.9217434,3.12466,7.0464034
1/27/2021 20:30,3.7463084,3.17179,6.9180984
1/27/2021 21:00,3.079317,3.56742,6.646737
1/27/2021 21:30,-23.296504,29.8219,6.525396
1/27/2021 22:00,3.7026933,2.93667,6.6393633
1/27/2021 22:30,7.293173,-0.29478,6.998393
1/27/2021 23:00,5.6346466,1.52051,7.1551566
1/27/2021 23:30,5.7954896,1.443,7.2384896
1/28/2021 0:00,3.6914127,3.50689,7.1983027
1/28/2021 0:30,3.629687,3.50689,7.136577
1/28/2021 1:00,11.268143,-4.13972,7.128423
1/28/2021 1:30,5.48667,1.57544,7.06211
1/28/2021 2:00,4.6106066,2.33945,6.9500566
1/28/2021 2:30,3.312934,3.50689,6.819824
1/28/2021 3:00,3.1147106,3.50689,6.6216006
1/28/2021 3:30,1.259258,5.09291,6.352168
1/28/2021 4:00,1.230593,5.09291,6.323503
1/28/2021 4:30,1.216901,5.09291,6.309811
1/28/2021 5:00,1.202833,5.09291,6.295743
1/28/2021 5:30,1.190272,5.09291,6.283182
1/28/2021 6:00,-9.822198,16.093,6.270802
1/28/2021 6:30,1.1641963,5.09291,6.2571063
1/28/2021 7:00,1.1491945,5.09291,6.2421045
1/28/2021 7:30,1.1349423,5.09291,6.2278523
1/28/2021 8:00,1.1192043,5.09291,6.2121143
1/28/2021 8:30,5.0429315,1.15197,6.1949015
1/28/2021 9:00,6.205439,-0.03033,6.175109
1/28/2021 9:30,3.2141875,2.96167,6.1758575
1/28/2021 10:00,3.122091,3.04707,6.169161
1/28/2021 10:30,2.8392347,3.35035,6.1895847
1/28/2021 11:00,8.2546205,-2.00879,6.2458305
1/28/2021 11:30,5.047364,1.22529,6.272654
1/28/2021 12:00,6.6125694,-0.300653,6.3119164
1/28/2021 12:30,7.0156436,-0.696538,6.3191056
1/28/2021 13:00,10.8797775,-4.54454,6.3352375
1/28/2021 13:30,6.8685923,-0.557097,6.3114953
1/28/2021 14:00,6.819107,-0.541554,6.277553
1/28/2021 14:30,9.1819784,-2.84783,6.3341484
1/28/2021 15:00,6.978861,-0.670405,6.308456
1/28/2021 15:30,7.600819,-1.24415,6.356669
1/28/2021 16:00,7.7989707,-1.43993,6.3590407
1/28/2021 16:30,0.8720973,5.41176,6.2838573
1/28/2021 17:00,5.768595,0.468641,6.237236
1/28/2021 17:30,5.120636,0.941196,6.061832
1/28/2021 18:00,5.2437234,0.660119,5.9038424
1/28/2021 18:30,2.283958,3.50579,5.789748
1/28/2021 19:00,4.5673013,1.10817,5.6754713
1/28/2021 19:30,2.1572753,3.46637,5.6236453
1/28/2021 20:00,4.423658,1.12067,5.544328
1/28/2021 20:30,2.0192973,3.42922,5.4485173
1/28/2021 21:00,19.898329,2.51849,22.416819
1/28/2021 21:30,1.67255,3.38399,5.05654
1/28/2021 22:00,4.0963087,0.840838,4.9371467
1/28/2021 22:30,1.572454,3.33789,4.910344
1/28/2021 23:00,1.5620175,3.32942,4.8914375
1/28/2021 23:30,1.8705613,3.33371,5.2042713
1/29/2021 0:00,2.002932,3.30741,5.310342
1/29/2021 0:30,4.5741397,0.660119,5.2342587
1/29/2021 1:00,1.8978217,3.27234,5.1701617
1/29/2021 1:30,1.883436,3.24603,5.129466
1/29/2021 2:00,1.887635,3.24305,5.130685
1/29/2021 2:30,1.871683,3.21576,5.087443
1/29/2021 3:00,1.790395,3.19436,4.984755
1/29/2021 3:30,1.75995,3.16452,4.92447
1/29/2021 4:00,1.711223,3.17854,4.889763
1/29/2021 4:30,1.662618,3.17854,4.841158
1/29/2021 5:00,4.305428,0.480555,4.785983
1/29/2021 5:30,1.583722,3.15754,4.741262
1/29/2021 6:00,1.5717264,3.1461,4.7178264
1/29/2021 6:30,1.5687525,3.11916,4.6879125
1/29/2021 7:00,1.5571657,3.09875,4.6559157
1/29/2021 7:30,1.166794,3.47331,4.640104
1/29/2021 8:00,3.0019375,1.74902,4.7509575
1/29/2021 8:30,4.36035,0.495569,4.855919
1/29/2021 9:00,6.748109,-1.8526,4.895509
1/29/2021 9:30,6.2097834,-1.24415,4.9656334
1/29/2021 10:00,8.2501397,-3.23143,5.0187097
1/29/2021 10:30,8.102417,-3.0263,5.076117
1/29/2021 11:00,9.0267716,-3.88161,5.1451616
1/29/2021 11:30,9.7027916,-4.47938,5.2234116
1/29/2021 12:00,9.7654625,-4.52098,5.2444825
1/29/2021 12:30,10.654277,-5.33903,5.315247
1/29/2021 13:00,10.4322347,-5.15839,5.2738447
1/29/2021 13:30,9.8018637,-4.54454,5.2573237
1/29/2021 14:00,9.7200337,-4.4399,5.2801337
1/29/2021 14:30,8.1470505,-2.88792,5.2591305
1/29/2021 15:00,8.0760227,-2.83245,5.2435727
1/29/2021 15:30,7.465533,-2.24688,5.218653
1/29/2021 16:00,5.9559827,-0.76964,5.1863427
1/29/2021 16:30,2.0392144,3.08514,5.1243544
1/29/2021 17:00,5.1682937,-0.150305,5.0179887
1/29/2021 17:30,1.7700155,3.0834,4.8534155
1/29/2021 18:00,1.262922,3.37589,4.638812
1/29/2021 18:30,1.433282,3.07172,4.505002
1/29/2021 19:00,1.2909053,3.04479,4.3356953
1/29/2021 19:30,3.7784563,0.480555,4.2590113
1/29/2021 20:00,1.170443,2.99514,4.165583
1/29/2021 20:30,3.6853313,0.402855,4.0881863
1/29/2021 21:00,0.9337617,2.99514,3.9289017
1/29/2021 21:30,0.8850644,2.99514,3.8802044
1/29/2021 22:00,0.8843082,2.99514,3.8794482
1/29/2021 22:30,0.8325283,2.97043,3.8029583
1/29/2021 23:00,0.6729142,2.95182,3.6247342
1/29/2021 23:30,0.6428257,2.95182,3.5946457
1/30/2021 0:00,0.497692,2.95182,3.449512
1/30/2021 0:30,0.5043262,2.87733,3.3816562
1/30/2021 1:00,0.5504412,2.85193,3.4023712
1/30/2021 1:30,0.5789894,2.85193,3.4309194
1/30/2021 2:00,0.612984,2.85193,3.464914
1/30/2021 2:30,0.5107268,2.85193,3.3626568
1/30/2021 3:00,0.49957,2.85193,3.3515
1/30/2021 3:30,0.4292456,2.85193,3.2811756
1/30/2021 4:00,0.5569393,2.85193,3.4088693
1/30/2021 4:30,0.5417954,2.85193,3.3937254
1/30/2021 5:00,0.436171,2.85193,3.288101
1/30/2021 5:30,0.3603293,2.85193,3.2122593
1/30/2021 6:00,0.5507227,2.85193,3.4026527
1/30/2021 6:30,0.534968,2.85193,3.386898
1/30/2021 7:00,0.49506,2.85193,3.34699
1/30/2021 7:30,0.0720605,3.20445,3.2765105
1/30/2021 8:00,2.8885773,0.422419,3.3109963
1/30/2021 8:30,0.2990515,3.48297,3.7820215
1/30/2021 9:00,5.90049,-1.8526,4.04789
1/30/2021 9:30,5.1438076,-1.00866,4.1351476
1/30/2021 10:00,7.455119,-3.21199,4.243129
1/30/2021 10:30,7.3988036,-3.11101,4.2877936
1/30/2021 11:00,8.3975406,-4.07475,4.3227906
1/30/2021 11:30,8.902392,-4.54454,4.357852
1/30/2021 12:00,8.8511764,-4.47882,4.3723564
1/30/2021 12:30,7.5335045,-3.2117,4.3218045
1/30/2021 13:00,7.8562826,-3.53417,4.3221126
1/30/2021 13:30,9.4903556,-5.07959,4.4107656
1/30/2021 14:00,7.680137,-3.31303,4.367107
1/30/2021 14:30,6.6944534,-2.42159,4.2728634
1/30/2021 15:00,7.630683,-3.34805,4.282633
1/30/2021 15:30,6.0310607,-1.7086,4.3224607
1/30/2021 16:00,5.9891865,-1.74952,4.2396665
1/30/2021 16:30,5.0529333,-0.887672,4.1652613
1/30/2021 17:00,2.5115812,1.56448,4.0760612
1/30/2021 17:30,0.364405,3.62853,3.992935
1/30/2021 18:00,0.7588314,3.12721,3.8860414
1/30/2021 18:30,3.311355,0.480555,3.79191
1/30/2021 19:00,2.637038,1.08357,3.720608
1/30/2021 19:30,0.8227738,2.8521,3.6748738
1/30/2021 20:00,2.9531874,0.67235,3.6255374
1/30/2021 20:30,1.899126,1.66018,3.559306
1/30/2021 21:00,0.6200707,2.86958,3.4896507
1/30/2021 21:30,2.500053,0.907217,3.40727
1/30/2021 22:00,3.0429632,0.390745,3.4337082
1/30/2021 22:30,-1.3909704,4.86806,3.4770896
1/30/2021 23:00,2.0059017,1.47133,3.4772317
1/30/2021 23:30,1.7081764,1.75145,3.4596264
1/31/2021 0:00,2.3333002,1.12067,3.4539702
1/31/2021 0:30,0.6080457,2.85225,3.4602957
1/31/2021 1:00,2.7502825,0.67235,3.4226325
1/31/2021 1:30,2.384985,1.08357,3.468555
1/31/2021 2:00,2.7432654,0.718112,3.4613774
1/31/2021 2:30,2.3722744,1.0897,3.4619744
1/31/2021 3:00,2.0968008,1.3483,3.4451008
1/31/2021 3:30,2.1541444,1.29294,3.4470844
1/31/2021 4:00,2.639616,0.805596,3.445212
1/31/2021 4:30,2.1716743,1.25901,3.4306843
1/31/2021 5:00,2.8126211,0.62606,3.4386811
1/31/2021 5:30,2.6144251,0.806253,3.4206781
1/31/2021 6:00,2.8554103,0.569249,3.4246593
1/31/2021 6:30,2.5248048,0.869072,3.3938768
1/31/2021 7:00,2.430954,0.93937,3.370324
1/31/2021 7:30,2.7462018,0.623384,3.3695858
1/31/2021 8:00,2.448282,0.92598,3.374262
1/31/2021 8:30,-0.2230923,3.53691,3.3138177
1/31/2021 9:00,0.254893,3.03904,3.293933
1/31/2021 9:30,0.1745525,3.09066,3.2652125
1/31/2021 10:00,1.8768839,1.37245,3.2493339
1/31/2021 10:30,9.7359008,-6.46391,3.2719908
1/31/2021 11:00,0.901483,2.39611,3.297593
1/31/2021 11:30,13.683498,-10.3692,3.314298
1/31/2021 12:00,36.0579467,-32.7033,3.3546467
1/31/2021 12:30,25.775531,-22.3786,3.396931
1/31/2021 13:00,40.4530835,-36.9763,3.4767835
1/31/2021 13:30,15.7421958,-12.1951,3.5470958
1/31/2021 14:00,43.242056,-39.6682,3.573856
1/31/2021 14:30,38.7764227,-35.1661,3.6103227
1/31/2021 15:00,48.0244102,-44.3963,3.6281102
1/31/2021 15:30,-3.5081989,7.12351,3.6153111
1/31/2021 16:00,-9.0961755,12.7085,3.6123245
1/31/2021 16:30,-9.1038016,12.7085,3.6046984
1/31/2021 17:00,-4.5057546,8.08626,3.5805054
1/31/2021 17:30,-6.7686501,10.3242,3.5555499
1/31/2021 18:00,-5.752704,9.28098,3.528276
1/31/2021 18:30,-6.1704965,9.68238,3.5118835
1/31/2021 19:00,-7.891061,11.4033,3.512239
1/31/2021 19:30,-8.5150592,12.01,3.4949408
1/31/2021 20:00,-0.042204,3.52865,3.486446
1/31/2021 20:30,1.600132,1.87535,3.475482
1/31/2021 21:00,-9.1186879,12.5653,3.4466121
1/31/2021 21:30,-9.7878182,13.2263,3.4384818
1/31/2021 22:00,-9.173292,12.5653,3.392008
1/31/2021 22:30,-6.0159983,9.28098,3.2649817
1/31/2021 23:00,13.7943806,-10.7346,3.0597806
1/31/2021 23:30,6.220966,-3.26873,2.952236
2/1/2021 0:00,6.0420502,-3.15092,2.8911302
2/1/2021 0:30,7.50401,-4.65527,2.84874
2/1/2021 1:00,8.7458647,-5.93164,2.8142247
2/1/2021 1:30,20.5777572,-17.8035,2.7742572
2/1/2021 2:00,6.8855574,-4.18907,2.6964874
2/1/2021 2:30,6.848685,-4.18907,2.659615
2/1/2021 3:00,6.8131662,-4.18907,2.6240962
2/1/2021 3:30,5.3421513,-2.76392,2.5782313
2/1/2021 4:00,5.2987289,-2.76392,2.5348089
2/1/2021 4:30,5.2578635,-2.76392,2.4939435
2/1/2021 5:00,2.076172,0.378894,2.455066
2/1/2021 5:30,2.0434128,0.378894,2.4223068
2/1/2021 6:00,-1.6323577,4.01538,2.3830223
2/1/2021 6:30,1.5574205,0.792443,2.3498635
2/1/2021 7:00,-1.6892527,4.01538,2.3261273
2/1/2021 7:30,-1.7073315,4.01538,2.3080485
2/1/2021 8:00,1.7387985,0.549564,2.2883625
2/1/2021 8:30,-1.752401,4.01538,2.262979
2/1/2021 9:00,8.1522275,-5.90843,2.2437975
2/1/2021 9:30,8.9123163,-6.68121,2.2311063
2/1/2021 10:00,8.9088838,-6.68121,2.2276738
2/1/2021 10:30,0.2169712,1.9928,2.2097712
2/1/2021 11:00,3.6841027,-1.48286,2.2012427
2/1/2021 11:30,3.6654638,-1.48286,2.1826038
2/1/2021 12:00,-0.4496496,2.61059,2.1609404
2/1/2021 12:30,-0.7598461,2.90648,2.1466339
2/1/2021 13:00,-0.402213,2.52816,2.125947
2/1/2021 13:30,2.1345201,-0.0419798,2.0925403
2/1/2021 14:00,2.1250949,-0.0588706,2.0662243
2/1/2021 14:30,-0.8933113,2.95118,2.0578687
2/1/2021 15:00,0.7426609,1.28132,2.0239809
2/1/2021 15:30,2.6495891,-0.669916,1.9796731
2/1/2021 16:00,2.5120272,-0.566577,1.9454502
2/1/2021 16:30,2.3775905,-0.463237,1.9143535
2/1/2021 17:00,0.308464,1.57544,1.883904
2/1/2021 17:30,0.2796757,1.57544,1.8551157
2/1/2021 18:00,-0.9846394,2.81636,1.8317206
2/1/2021 18:30,0.2255562,1.57544,1.8009962
2/1/2021 19:00,-0.575791,2.33945,1.763659
2/1/2021 19:30,-0.5980145,2.33945,1.7414355
2/1/2021 20:00,-1.099047,2.81636,1.717313
2/1/2021 20:30,-0.4529551,2.14807,1.6951149
2/1/2021 21:00,1.2412081,0.430194,1.6714021
2/1/2021 21:30,0.5228177,1.12435,1.6471677
2/1/2021 22:00,0.8494264,0.774672,1.6240984
2/1/2021 22:30,1.0132133,0.590224,1.6034373
2/1/2021 23:00,0.8932998,0.682448,1.5757478
2/1/2021 23:30,0.86638,0.692729,1.559109
2/2/2021 0:00,-0.4229666,1.95994,1.5369734
2/2/2021 0:30,0.7211603,0.795234,1.5163943
2/2/2021 1:00,-1.5733187,3.06249,1.4891713
2/2/2021 1:30,0.4438067,1.01997,1.4637767
2/2/2021 2:00,-1.6234294,3.06249,1.4390606
2/2/2021 2:30,0.2385002,1.18465,1.4231502
2/2/2021 3:00,-0.1221858,1.52627,1.4040842
2/2/2021 3:30,0.161277,1.22211,1.383387
2/2/2021 4:00,-1.6755395,3.03698,1.3614405
2/2/2021 4:30,-1.6825949,3.02289,1.3402951
2/2/2021 5:00,0.2386677,1.07486,1.3135277
2/2/2021 5:30,0.2685254,1.01997,1.2884954
2/2/2021 6:00,0.2510114,1.01997,1.2709814
2/2/2021 6:30,0.235827,1.01997,1.255797
2/2/2021 7:00,0.2146934,1.01997,1.2346634
2/2/2021 7:30,0.4913667,0.723261,1.2146277
2/2/2021 8:00,0.8107632,0.390193,1.2009562
2/2/2021 8:30,-1.0104531,2.20223,1.1917769
2/2/2021 9:00,-0.6479929,1.81854,1.1705471
2/2/2021 9:30,1.1847021,-0.0246899,1.1600122
2/2/2021 10:00,1.2394957,-0.0865495,1.1529462
2/2/2021 10:30,3.2225398,-2.08274,1.1397998
2/2/2021 11:00,2.5372069,-1.41602,1.1211869
2/2/2021 11:30,-1.5071017,2.61059,1.1034883
2/2/2021 12:00,1.4001678,-0.312985,1.0871828
2/2/2021 12:30,-1.5028389,2.5275,1.0246611
2/2/2021 13:00,2.5258279,-1.5178,1.0080279
2/2/2021 13:30,2.297336,-1.29822,0.999116
2/2/2021 14:00,2.72349903,-1.74111,0.98238903
2/2/2021 14:30,-0.13545217,1.103,0.96754783
2/2/2021 15:00,2.4348833,-1.48286,0.9520233
2/2/2021 15:30,-0.0713246,1.00799,0.9366654
2/2/2021 16:00,2.4017233,-1.48286,0.9188633
2/2/2021 16:30,1.10258927,-0.212918,0.88967127
2/2/2021 17:00,0.69481595,0.167639,0.86245495
2/2/2021 17:30,0.0571097,0.775145,0.8322547
2/2/2021 18:00,-1.0757122,1.87789,0.8021778
2/2/2021 18:30,-1.1202918,1.88892,0.7686282
2/2/2021 19:00,-0.28070873,1.01997,0.73926127
2/2/2021 19:30,-0.1284942,0.860393,0.7318988
2/2/2021 20:00,-0.8827895,1.6003,0.7175105
2/2/2021 20:30,-0.83986835,1.52218,0.68231165
2/2/2021 21:00,-0.87404225,1.52218,0.64813775
2/2/2021 21:30,-0.754818,1.37216,0.617342
2/2/2021 22:00,-0.8821704,1.46879,0.5866196
2/2/2021 22:30,-0.8853437,1.45741,0.5720663
2/2/2021 23:00,-0.30702637,0.869072,0.56204563
2/2/2021 23:30,-0.08017826,0.635557,0.55537874
2/3/2021 0:00,-0.3825829,0.94556,0.5629771
2/3/2021 0:30,-0.09526867,0.671794,0.57652533
2/3/2021 1:00,0.21852635,0.344611,0.56313735
2/3/2021 1:30,0.050125,0.502675,0.5528
2/3/2021 2:00,0.2505821,0.303035,0.5536171
2/3/2021 2:30,0.29592684,0.278815,0.57474184
2/3/2021 3:00,0.3851071,0.211934,0.5970411
2/3/2021 3:30,-0.4933211,1.10817,0.6148489
2/3/2021 4:00,-0.34511545,0.976307,0.63119155
2/3/2021 4:30,-0.02461523,0.660119,0.63550377
2/3/2021 5:00,-0.01910717,0.660119,0.64101183
2/3/2021 5:30,-0.3040474,0.954619,0.6505716
2/3/2021 6:00,-0.003167,0.648444,0.645277
2/3/2021 6:30,0.16110454,0.470445,0.63154954
2/3/2021 7:00,-0.11547927,0.745006,0.62952673
2/3/2021 7:30,0.159439,0.490665,0.650104
2/3/2021 8:00,6.11238683,-5.44197,0.67041683
2/3/2021 8:30,0.96431655,-0.25057,0.71374655
2/3/2021 9:00,2.6919684,-1.94452,0.7474484
2/3/2021 9:30,2.3535504,-1.58443,0.7691204
2/3/2021 10:00,3.87108164,-3.0755,0.79558164
2/3/2021 10:30,3.294196,-2.48188,0.812316
2/3/2021 11:00,3.80711324,-2.98042,0.82669324
2/3/2021 11:30,4.19476826,-3.34668,0.84808826
2/3/2021 12:00,4.0047124,-3.14186,0.8628524
2/3/2021 12:30,5.80425126,-4.91454,0.88971126
2/3/2021 13:00,5.82202006,-4.91454,0.90748006
2/3/2021 13:30,5.767587,-4.84192,0.925667
2/3/2021 14:00,4.6951094,-3.75459,0.9405194
2/3/2021 14:30,3.42452454,-2.48188,0.94264454
2/3/2021 15:00,3.82490944,-2.8657,0.95920944
2/3/2021 15:30,4.1518438,-3.1817,0.9701438
2/3/2021 16:00,3.12997976,-2.14438,0.98559976
2/3/2021 16:30,2.6846721,-1.69362,0.9910521
2/3/2021 17:00,1.1101956,-0.118828,0.9913676
2/3/2021 17:30,3.5897296,-2.6175,0.9722296
2/3/2021 18:00,-0.2373794,1.15694,0.9195606
2/3/2021 18:30,-0.0883492,0.948602,0.8602528
2/3/2021 19:00,-0.11906214,0.944317,0.82525486
2/3/2021 19:30,-0.1003005,0.914558,0.8142575
2/3/2021 20:00,-0.3262889,1.13413,0.8078411
2/3/2021 20:30,-0.07845446,0.882162,0.80370754
2/3/2021 21:00,-0.4190608,1.24234,0.8232792
2/3/2021 21:30,-0.1620807,0.989252,0.8271713
2/3/2021 22:00,-0.22107385,1.04772,0.82664615
2/3/2021 22:30,-0.0583681,0.868778,0.8104099
2/3/2021 23:00,0.17515015,0.635557,0.81070715
2/3/2021 23:30,0.3369093,0.480555,0.8174643
2/4/2021 0:00,-0.04676826,0.868778,0.82200974
2/4/2021 0:30,-0.2102487,1.04803,0.8377813
2/4/2021 1:00,0.4854885,0.361508,0.8469965
2/4/2021 1:30,-0.02995367,0.868778,0.83882433
2/4/2021 2:00,-0.0383729,0.868778,0.8304051
2/4/2021 2:30,0.42597084,0.390745,0.81671584
2/4/2021 3:00,-0.0708677,0.868778,0.7979103
2/4/2021 3:30,-0.08842475,0.868778,0.78035325
2/4/2021 4:00,-0.08531226,0.868778,0.78346574
2/4/2021 4:30,-0.06737865,0.868778,0.80139935
2/4/2021 5:00,-0.0715911,0.868778,0.7971869
2/4/2021 5:30,-0.05276544,0.868778,0.81601256
2/4/2021 6:00,0.110797,0.714998,0.825795
2/4/2021 6:30,0.1108576,0.714998,0.8258556
2/4/2021 7:00,0.091806,0.714998,0.806804
2/4/2021 7:30,0.49949247,0.324211,0.82370347
2/4/2021 8:00,6.18245026,-5.31068,0.87177026
2/4/2021 8:30,1.2824952,-0.334752,0.9477432
2/4/2021 9:00,2.9915792,-1.94963,1.0419492
2/4/2021 9:30,3.3857288,-2.26147,1.1242588
2/4/2021 10:00,3.8484455,-2.6755,1.1729455
2/4/2021 10:30,4.0219973,-2.79471,1.2272873
2/4/2021 11:00,3.6164671,-2.35889,1.2575771
2/4/2021 11:30,4.646971,-3.34668,1.300291
2/4/2021 12:00,6.2400896,-4.91454,1.3255496
2/4/2021 12:30,6.2714877,-4.91454,1.3569477
2/4/2021 13:00,6.2982599,-4.91454,1.3837199
2/4/2021 13:30,6.248926,-4.84192,1.407006
2/4/2021 14:00,5.9528394,-4.52907,1.4237694
2/4/2021 14:30,5.3909845,-3.95812,1.4328645
2/4/2021 15:00,4.9939409,-3.54899,1.4449509
2/4/2021 15:30,4.7194985,-3.26284,1.4566585
2/4/2021 16:00,4.3465582,-2.88292,1.4636382
2/4/2021 16:30,3.1602179,-1.69628,1.4639379
2/4/2021 17:00,2.0405363,-0.598927,1.4416093
2/4/2021 17:30,1.0624843,0.315253,1.3777373
2/4/2021 18:00,-0.5684309,1.88226,1.3138291
2/4/2021 18:30,-0.6295158,1.91405,1.2845342
2/4/2021 19:00,-0.5906036,1.86483,1.2742264
2/4/2021 19:30,-0.8700883,2.13724,1.2671517
2/4/2021 20:00,-0.4009126,1.67461,1.2736974
2/4/2021 20:30,-0.2567397,1.56172,1.3049803
2/4/2021 21:00,-0.090768,1.40749,1.316722
2/4/2021 21:30,0.1977492,1.1276,1.3253492
2/4/2021 22:00,0.244577,1.08938,1.333957
2/4/2021 22:30,0.2426935,1.09309,1.3357835
2/4/2021 23:00,0.4038072,0.949658,1.3534652
2/4/2021 23:30,0.3491918,1.01912,1.3683118
2/5/2021 0:00,0.7056087,0.6714,1.3770087
2/5/2021 0:30,0.3376662,1.05364,1.3913062
2/5/2021 1:00,0.5002377,0.904158,1.4043957
2/5/2021 1:30,0.5383357,0.877276,1.4156117
2/5/2021 2:00,0.6685205,0.759097,1.4276175
2/5/2021 2:30,0.1933039,1.24698,1.4402839
2/5/2021 3:00,1.0395746,0.419842,1.4594166
2/5/2021 3:30,0.7251463,0.745724,1.4708703
2/5/2021 4:00,0.586198,0.905315,1.491513
2/5/2021 4:30,0.7319084,0.789902,1.5218104
2/5/2021 5:00,0.3197513,1.22543,1.5451813
2/5/2021 5:30,-0.5121694,2.08177,1.5696006
2/5/2021 6:00,1.0137927,0.587515,1.6013077
2/5/2021 6:30,0.4715145,1.15996,1.6314745
2/5/2021 7:00,0.5754123,1.08667,1.6620823
2/5/2021 7:30,0.344108,1.32881,1.672918
2/5/2021 8:00,0.9600059,0.721182,1.6811879
2/5/2021 8:30,0.5354341,1.15255,1.6879841
2/5/2021 9:00,8.4252004,-6.71157,1.7136304
2/5/2021 9:30,9.8544262,-8.14457,1.7098562
2/5/2021 10:00,10.5128653,-8.82003,1.6928353
2/5/2021 10:30,9.95707,-8.26531,1.69176
2/5/2021 11:00,5.3514102,-3.62828,1.7231302
2/5/2021 11:30,9.8857901,-8.12869,1.7571001
2/5/2021 12:00,8.152298,-6.35403,1.798268
2/5/2021 12:30,7.9047287,-6.08627,1.8184587
2/5/2021 13:00,9.9703098,-8.12869,1.8416198
2/5/2021 13:30,11.0839955,-9.21749,1.8665055
2/5/2021 14:00,5.6244735,-3.72946,1.8950135
2/5/2021 14:30,-26.661878,28.5865,1.924622
2/5/2021 15:00,41.7002807,-39.7435,1.9567807
2/5/2021 15:30,24.9132356,-22.9295,1.9837356
2/5/2021 16:00,24.9473123,-22.9295,2.0178123
2/5/2021 16:30,0.646222,1.40197,2.048192
2/5/2021 17:00,6.855056,-4.78171,2.073346
2/5/2021 17:30,8.7189032,-6.61786,2.1010432
2/5/2021 18:00,-2.0711724,4.20444,2.1332676
2/5/2021 18:30,1.7816244,0.37875,2.1603744
2/5/2021 19:00,1.1010369,1.07468,2.1757169
2/5/2021 19:30,2.2216255,-0.050003,2.1716225
2/5/2021 20:00,7.041978,-4.87716,2.164818
2/5/2021 20:30,8.9378188,-6.77195,2.1658688
2/5/2021 21:00,10.4972187,-8.34001,2.1572087
2/5/2021 21:30,10.505374,-8.34001,2.165364
2/5/2021 22:00,1.7509787,0.450217,2.2011957
2/5/2021 22:30,1.1944954,1.03475,2.2292454
2/5/2021 23:00,9.048543,-6.77195,2.276593
2/5/2021 23:30,9.0774817,-6.77195,2.3055317
2/6/2021 0:00,7.1865488,-4.86931,2.3172388
2/6/2021 0:30,2.141928,0.185152,2.32708
2/6/2021 1:00,13.1993575,-10.8762,2.3231575
2/6/2021 1:30,12.3128174,-9.98751,2.3253074
2/6/2021 2:00,8.025301,-5.68642,2.338881
2/6/2021 2:30,-8.5447493,10.8746,2.3298507
2/6/2021 3:00,-8.5242336,10.8746,2.3503664
2/6/2021 3:30,-8.5106812,10.8746,2.3639188
2/6/2021 4:00,-0.2007486,2.60345,2.4027014
2/6/2021 4:30,-0.1995801,2.60345,2.4038699
2/6/2021 5:00,-12.5466192,14.9494,2.4027808
2/6/2021 5:30,-15.8279258,18.216,2.3880742
2/6/2021 6:00,-12.1282462,14.4753,2.3470538
2/6/2021 6:30,-12.180123,14.4753,2.295177
2/6/2021 7:00,1.5598172,0.671003,2.2308202
2/6/2021 7:30,-17.1571546,19.3497,2.1925454
2/6/2021 8:00,0.5807364,1.62574,2.2064764
2/6/2021 8:30,0.2899144,1.9928,2.2827144
2/6/2021 9:00,2.8317443,-0.424537,2.4072073
2/6/2021 9:30,3.1916948,-0.57829,2.6134048
2/6/2021 10:00,4.5790863,-1.83886,2.7402263
2/6/2021 10:30,3.7165792,-0.906074,2.8105052
2/6/2021 11:00,4.8502275,-1.99357,2.8566575
2/6/2021 11:30,4.1346419,-1.14976,2.9848819
2/6/2021 12:00,6.2784817,-3.18749,3.0909917
2/6/2021 12:30,7.4322542,-4.278,3.1542542
2/6/2021 13:00,6.0948666,-2.88619,3.2086766
2/6/2021 13:30,4.815664,-1.63333,3.182334
2/6/2021 14:00,4.5873287,-1.37939,3.2079387
2/6/2021 14:30,4.730664,-1.5194,3.211264
2/6/2021 15:00,4.4453422,-1.23991,3.2054322
2/6/2021 15:30,4.5940948,-1.35791,3.2361848
2/6/2021 16:00,4.0453796,-0.816298,3.2290816
2/6/2021 16:30,3.4756069,-0.256288,3.2193189
2/6/2021 17:00,6.5146868,-3.30775,3.2069368
2/6/2021 17:30,2.055192,1.11647,3.171662
2/6/2021 18:00,2.0468764,1.11518,3.1620564
2/6/2021 18:30,2.5634,0.583833,3.147233
2/6/2021 19:00,2.2452422,0.91983,3.1650722
2/6/2021 19:30,0.610526,2.52863,3.139156
2/6/2021 20:00,3.0609827,0.0894885,3.1504712
2/6/2021 20:30,2.2322652,0.945024,3.1772892
2/6/2021 21:00,2.1725901,1.03344,3.2060301
2/6/2021 21:30,0.7041698,2.52863,3.2327998
2/6/2021 22:00,0.718481,2.52863,3.247111
2/6/2021 22:30,0.7688243,2.50737,3.2761943
2/6/2021 23:00,0.7389267,2.51687,3.2557967
2/6/2021 23:30,2.2950466,1.0002,3.2952466
2/7/2021 0:00,0.7868608,2.52396,3.3108208
2/7/2021 0:30,0.759334,2.52396,3.283294
2/7/2021 1:00,0.6622148,2.64326,3.3054748
2/7/2021 1:30,2.3463313,1.04137,3.3877013
2/7/2021 2:00,0.8619968,2.52396,3.3859568
2/7/2021 2:30,0.5907177,2.79749,3.3882077
2/7/2021 3:00,2.5774072,0.824911,3.4023182
2/7/2021 3:30,20.5084532,-17.0786,3.4298532
2/7/2021 4:00,0.882142,2.57741,3.459552
2/7/2021 4:30,0.877442,2.59021,3.467652
2/7/2021 5:00,0.8813504,2.60947,3.4908204
2/7/2021 5:30,0.7942816,2.71533,3.5096116
2/7/2021 6:00,0.9474605,2.60345,3.5509105
2/7/2021 6:30,1.0004402,2.60345,3.6038902
2/7/2021 7:00,1.0510543,2.60345,3.6545043
2/7/2021 7:30,1.1766472,2.50367,3.6803172
2/7/2021 8:00,8.9636729,-5.24789,3.7157829
2/7/2021 8:30,3.9464576,-0.157633,3.7888246
2/7/2021 9:00,12.6006014,-8.75807,3.8425314
2/7/2021 9:30,-2.60199,6.5403,3.93831
2/7/2021 10:00,4.2218053,-0.225857,3.9959483
2/7/2021 10:30,7.594846,-3.59754,3.997306
2/7/2021 11:00,10.958765,-6.99627,3.962495
2/7/2021 11:30,4.1807689,-0.251259,3.9295099
2/7/2021 12:00,4.3246615,-0.431886,3.8927755
2/7/2021 12:30,4.4020837,-0.523505,3.8785787
2/7/2021 13:00,5.7205207,-1.79072,3.9298007
2/7/2021 13:30,4.5914732,-0.628019,3.9634542
2/7/2021 14:00,5.9446196,-1.9491,3.9955196
2/7/2021 14:30,6.8878316,-2.75989,4.1279416
2/7/2021 15:00,4.3494956,-0.251259,4.0982366
2/7/2021 15:30,4.0275561,0.0412059,4.068762
2/7/2021 16:00,4.5120737,-0.41945,4.0926237
2/7/2021 16:30,4.505561,-0.362906,4.142655
2/7/2021 17:00,3.68855,0.458998,4.147548
2/7/2021 17:30,3.4977577,0.671457,4.1692147
2/7/2021 18:00,0.987529,3.07697,4.064499
2/7/2021 18:30,0.872584,3.14861,4.021194
2/7/2021 19:00,3.0365976,0.953956,3.9905536
2/7/2021 19:30,3.1607773,0.75226,3.9130373
2/7/2021 20:00,0.4962846,3.28716,3.7834446
2/7/2021 20:30,0.5531248,3.15791,3.7110348
2/7/2021 21:00,-26.147126,29.8219,3.674774
2/7/2021 21:30,-21.6157794,25.2456,3.6298206
2/7/2021 22:00,-32.851529,36.4001,3.548571
2/7/2021 22:30,-32.8383777,36.4001,3.5617223
2/7/2021 23:00,-32.8421698,36.4001,3.5579302
2/7/2021 23:30,0.159653,3.30415,3.463803
2/8/2021 0:00,0.1459435,3.30415,3.4500935
2/8/2021 0:30,0.1736837,3.30415,3.4778337
2/8/2021 1:00,0.1288637,3.30415,3.4330137
2/8/2021 1:30,-0.0944682,3.5287,3.4342318
2/8/2021 2:00,-0.0468575,3.5287,3.4818425
2/8/2021 2:30,-0.074037,3.5287,3.454663
2/8/2021 3:00,-0.10989,3.5287,3.41881
2/8/2021 3:30,-0.038918,3.5287,3.489782
2/8/2021 4:00,0.0276903,3.5287,3.5563903
2/8/2021 4:30,-52.9832284,56.7072,3.7239716
2/8/2021 5:00,0.1800362,3.5287,3.7087362
2/8/2021 5:30,0.1450514,3.5287,3.6737514
2/8/2021 6:00,0.0742353,3.5287,3.6029353
2/8/2021 6:30,-0.0257146,3.55812,3.5324054
2/8/2021 7:00,-0.1104598,3.55812,3.4476602
2/8/2021 7:30,13.051755,3.15335,16.205105
2/8/2021 8:00,4.402208,-0.765567,3.636641
2/8/2021 8:30,4.3383204,-0.251259,4.0870614
2/8/2021 9:00,7.2110492,-2.82081,4.3902392
2/8/2021 9:30,7.7194213,-3.12257,4.5968513
2/8/2021 10:00,7.742004,-2.91771,4.824294
2/8/2021 10:30,8.4557723,-3.45058,5.0051923
2/8/2021 11:00,9.545115,-4.42142,5.123695
2/8/2021 11:30,9.172467,-3.92203,5.250437
2/8/2021 12:00,10.5104566,-5.13794,5.3725166
2/8/2021 12:30,10.684048,-5.22308,5.460968
2/8/2021 13:00,10.7558106,-5.21006,5.5457506
2/8/2021 13:30,10.542267,-4.87328,5.668987
2/8/2021 14:00,9.8305014,-4.06861,5.7618914
2/8/2021 14:30,9.53807,-3.71282,5.82525
2/8/2021 15:00,9.196179,-3.33606,5.860119
2/8/2021 15:30,8.455928,-2.69177,5.764158
2/8/2021 16:00,6.0740106,-0.527847,5.5461636
2/8/2021 16:30,6.347551,-0.92847,5.419081
2/8/2021 17:00,6.8965067,-1.54009,5.3564167
2/8/2021 17:30,5.4828975,-0.2158,5.2670975
2/8/2021 18:00,1.706411,3.5007,5.207111
2/8/2021 18:30,4.4041786,0.753417,5.1575956
2/8/2021 19:00,4.421489,0.756994,5.178483
2/8/2021 19:30,4.568478,0.637339,5.205817
2/8/2021 20:00,4.713112,0.530327,5.243439
2/8/2021 20:30,4.4891686,0.786798,5.2759666
2/8/2021 21:00,4.704113,0.525936,5.230049
2/8/2021 21:30,1.440962,3.63219,5.073152
2/8/2021 22:00,2.978202,1.95994,4.938142
2/8/2021 22:30,1.1904527,3.69847,4.8889227
2/8/2021 23:00,1.091059,3.69847,4.789529
2/8/2021 23:30,2.74645,2.03013,4.77658
2/9/2021 0:00,2.749352,2.03013,4.779482
2/9/2021 0:30,-11.0876466,15.8661,4.7784534
2/9/2021 1:00,-11.0599887,15.8661,4.8061113
2/9/2021 1:30,1.341423,3.58844,4.929863
2/9/2021 2:00,-13.488271,18.7369,5.248629
2/9/2021 2:30,4.9546223,0.421401,5.3760233
2/9/2021 3:00,3.9511243,1.57947,5.5305943
2/9/2021 3:30,3.90342,1.76465,5.66807
2/9/2021 4:00,4.3307847,1.48765,5.8184347
2/9/2021 4:30,3.6199117,2.32554,5.9454517
2/9/2021 5:00,3.5549605,2.47033,6.0252905
2/9/2021 5:30,2.7683286,3.31735,6.0856786
2/9/2021 6:00,2.496351,3.66056,6.156911
2/9/2021 6:30,2.5790216,3.67951,6.2585316
2/9/2021 7:00,2.506518,3.7425,6.249018
2/9/2021 7:30,2.879852,3.38112,6.260972
2/9/2021 8:00,6.3328517,-0.0581453,6.2747064
2/9/2021 8:30,8.0625886,-1.5928,6.4697886
2/9/2021 9:00,7.479531,-0.829346,6.650185
2/9/2021 9:30,7.3010693,-0.402607,6.8984623
2/9/2021 10:00,8.8776496,-1.6413,7.2363496
2/9/2021 10:30,9.538821,-2.12071,7.418111
2/9/2021 11:00,12.644093,-4.86502,7.779073
2/9/2021 11:30,12.7426765,-4.74351,7.9991665
2/9/2021 12:00,12.359668,-4.31146,8.048208
2/9/2021 12:30,11.608933,-3.58884,8.020093
2/9/2021 13:00,11.954145,-3.79581,8.158335
2/9/2021 13:30,11.578127,-3.41475,8.163377
2/9/2021 14:00,10.290485,-2.18227,8.108215
2/9/2021 14:30,10.305478,-2.18444,8.121038
2/9/2021 15:00,11.028232,-2.84548,8.182752
2/9/2021 15:30,8.758458,-0.62955,8.128908
2/9/2021 16:00,10.38156,-2.22033,8.16123
2/9/2021 16:30,8.645555,-0.551645,8.09391
2/9/2021 17:00,8.291,-0.265899,8.025101
2/9/2021 17:30,7.8316878,0.0259592,7.857647
2/9/2021 18:00,3.797889,3.6532,7.451089
2/9/2021 18:30,6.548533,0.6333,7.181833
2/9/2021 19:00,3.3431993,3.71214,7.0553393
2/9/2021 19:30,3.2081216,3.68737,6.8954916
2/9/2021 20:00,3.1108446,3.65972,6.7705646
2/9/2021 20:30,3.098746,3.65972,6.758466
2/9/2021 21:00,2.983144,3.65972,6.642864
2/9/2021 21:30,6.0726214,0.512341,6.5849624
2/9/2021 22:00,6.7616236,-0.248369,6.5132546
2/9/2021 22:30,-6.448648,12.7897,6.341052
2/9/2021 23:00,-12.5658967,18.7369,6.1710033
2/9/2021 23:30,-12.762551,18.7369,5.974349
2/10/2021 0:00,-12.898032,18.7369,5.838868
2/10/2021 0:30,-12.922146,18.7369,5.814754
2/10/2021 1:00,6.607842,-0.169791,6.438051
2/10/2021 1:30,6.6013181,-0.0341594,6.5671587
2/10/2021 2:00,8.05349,-1.55303,6.50046
2/10/2021 2:30,3.228913,3.11544,6.344353
2/10/2021 3:00,2.3200887,3.9184,6.2384887
2/10/2021 3:30,5.815071,0.316029,6.1311
2/10/2021 4:00,4.3873665,1.72034,6.1077065
2/10/2021 4:30,4.716523,1.32811,6.044633
2/10/2021 5:00,9.032459,-3.08806,5.944399
2/10/2021 5:30,2.0483143,3.87653,5.9248443
2/10/2021 6:00,5.096793,0.89767,5.994463
2/10/2021 6:30,1.9283957,3.99473,5.9231257
2/10/2021 7:00,2.883471,3.02285,5.906321
2/10/2021 7:30,5.354325,0.599534,5.953859
2/10/2021 8:00,6.768152,-0.646066,6.122086
2/10/2021 8:30,6.974705,-0.570728,6.403977
2/10/2021 9:00,7.230826,-0.632722,6.598104
2/10/2021 9:30,6.7013162,-0.0695272,6.631789
2/10/2021 10:00,8.3921973,-1.66317,6.7290273
2/10/2021 10:30,9.70365,-2.81006,6.89359
2/10/2021 11:00,8.597755,-1.69374,6.904015
2/10/2021 11:30,9.499365,-2.51424,6.985125
2/10/2021 12:00,9.507391,-2.4178,7.089591
2/10/2021 12:30,11.501269,-4.33956,7.161709
2/10/2021 13:00,9.9848414,-2.76158,7.2232614
2/10/2021 13:30,11.9860997,-4.73527,7.2508297
2/10/2021 14:00,11.674316,-4.34658,7.327736
2/10/2021 14:30,9.6200632,-2.2985,7.3215632
2/10/2021 15:00,9.5924367,-2.26374,7.3286967
2/10/2021 15:30,7.8007714,-0.570728,7.2300434
2/10/2021 16:00,9.668189,-2.4639,7.204289
2/10/2021 16:30,7.763849,-0.646066,7.117783
2/10/2021 17:00,7.43873,-0.429678,7.009052
2/10/2021 17:30,6.8621244,0.0477716,6.909896
2/10/2021 18:00,2.7597436,4.05927,6.8190136
2/10/2021 18:30,5.865243,0.883917,6.74916
2/10/2021 19:00,5.753124,0.960164,6.713288
2/10/2021 19:30,6.1871167,0.511249,6.6983657
2/10/2021 20:00,2.7719113,3.93797,6.7098813
2/10/2021 20:30,6.157453,0.582227,6.73968
2/10/2021 21:00,5.9995914,0.72123,6.7208214
2/10/2021 21:30,2.800753,3.92472,6.725473
2/10/2021 22:00,2.7546976,3.92472,6.6794176
2/10/2021 22:30,2.6409534,3.92472,6.5656734
2/10/2021 23:00,3.237168,3.17297,6.410138
2/10/2021 23:30,-12.190988,18.7369,6.545912
2/11/2021 0:00,3.8628503,3.00252,6.8653703
2/11/2021 0:30,3.138538,3.84043,6.978968
2/11/2021 1:00,3.1852095,3.84043,7.0256395
2/11/2021 1:30,3.1971805,3.84043,7.0376105
2/11/2021 2:00,6.227678,0.824911,7.052589
2/11/2021 2:30,3.1889713,3.84043,7.0294013
2/11/2021 3:00,3.2090233,3.84043,7.0494533
2/11/2021 3:30,3.1487224,3.84043,6.9891524
2/11/2021 4:00,7.1195777,-0.169791,6.9497867
2/11/2021 4:30,4.5845833,2.34797,6.9325533
2/11/2021 5:00,4.374329,2.56177,6.936099
2/11/2021 5:30,4.4156434,2.50367,6.9193134
2/11/2021 6:00,6.5205913,0.421401,6.9419923
2/11/2021 6:30,4.365633,2.60345,6.969083
2/11/2021 7:00,3.1347707,3.84043,6.9752007
2/11/2021 7:30,6.804271,0.162176,6.966447
2/11/2021 8:00,7.008462136,3.16E-06,7.0084653
2/11/2021 8:30,7.0554737,-0.0100502,7.0454235
2/11/2021 9:00,9.020663,-1.97969,7.040973
2/11/2021 9:30,7.7770455,-0.663224,7.1138215
2/11/2021 10:00,8.155925,-0.834569,7.321356
2/11/2021 10:30,9.375123,-1.88201,7.493113
2/11/2021 11:00,9.3286583,-1.74285,7.5858083
2/11/2021 11:30,9.1580893,-1.66317,7.4949193
2/11/2021 12:00,9.4759393,-1.88201,7.5939293
2/11/2021 12:30,8.2252613,-0.677662,7.5475993
2/11/2021 13:00,7.5758985,-0.0723971,7.5035014
2/11/2021 13:30,7.7330363,-0.244169,7.4888673
2/11/2021 14:00,7.67124,-0.189122,7.482118
2/11/2021 14:30,8.094177,-0.646066,7.448111
2/11/2021 15:00,8.5355327,-1.13114,7.4043927
2/11/2021 15:30,8.34277,-0.909011,7.433759
2/11/2021 16:00,7.891778,-0.458643,7.433135
2/11/2021 16:30,7.4056786,-0.0117036,7.393975
2/11/2021 17:00,4.1475027,3.14941,7.2969127
2/11/2021 17:30,4.12372,3.14941,7.27313
2/11/2021 18:00,4.340956,2.89384,7.234796
2/11/2021 18:30,14.9213088,-7.79547,7.1258388
2/11/2021 19:00,4.4741166,2.60345,7.0775666
2/11/2021 19:30,-13.4258033,20.4827,7.0568967
2/11/2021 20:00,6.63198,0.421401,7.053381
2/11/2021 20:30,-19.7403377,26.7838,7.0434623
2/11/2021 21:00,-15.1460223,22.1924,7.0463777
2/11/2021 21:30,-16.8584363,23.8977,7.0392637
2/11/2021 22:00,-16.8567898,23.8977,7.0409102
2/11/2021 22:30,-16.8607175,23.8977,7.0369825
2/11/2021 23:00,-16.863479,23.8977,7.034221
2/11/2021 23:30,-16.867851,23.8977,7.029849
2/12/2021 0:00,6.578667,0.421401,7.000068
2/12/2021 0:30,6.5511136,0.421401,6.9725146
2/12/2021 1:00,3.9453698,3.02285,6.9682198
2/12/2021 1:30,4.3641346,2.60345,6.9675846
2/12/2021 2:00,2.499976,4.46623,6.966206
2/12/2021 2:30,3.9072934,3.02285,6.9301434
2/12/2021 3:00,6.485259,0.421401,6.90666
2/12/2021 3:30,3.871629,3.02285,6.894479
2/12/2021 4:00,6.468894,0.421401,6.890295
2/12/2021 4:30,19.23984,5.48685,24.72669
2/12/2021 5:00,19.213384,5.54522,24.758604
2/12/2021 5:30,6.5438447,0.421401,6.9652457
2/12/2021 6:00,6.583886,0.421401,7.005287
2/12/2021 6:30,-14.977377,22.0236,7.046223
2/12/2021 7:00,-14.936086,22.0236,7.087514
2/12/2021 7:30,8.9095563,-1.78058,7.1289763
2/12/2021 8:00,-11.793713,18.9604,7.166687
2/12/2021 8:30,-11.721832,18.9604,7.238568
2/12/2021 9:00,28.168662,-20.8614,7.307262
2/12/2021 9:30,-2.1790775,9.50328,7.3242025
2/12/2021 10:00,-22.534535,29.9026,7.368065
2/12/2021 10:30,39.9987507,-32.5523,7.4464507
2/12/2021 11:00,7.9421367,-0.44735,7.4947867
2/12/2021 11:30,8.176687,-0.65078,7.525907
2/12/2021 12:00,7.909852,-0.354394,7.555458
2/12/2021 12:30,7.7916055,-0.263166,7.5284395
2/12/2021 13:00,40.006341,-32.5523,7.454041
2/12/2021 13:30,8.093006,-0.669653,7.423353
2/12/2021 14:00,42.2907363,-34.8398,7.4509363
2/12/2021 14:30,40.0149474,-32.5523,7.4626474
2/12/2021 15:00,40.015388,-32.5523,7.463088
2/12/2021 15:30,-22.4527423,29.9026,7.4498577
2/12/2021 16:00,-7.4441144,14.8664,7.4222856
2/12/2021 16:30,-2.144525,9.50328,7.358755
2/12/2021 17:00,-11.59025,18.9604,7.37015
2/12/2021 17:30,-11.5917853,18.9604,7.3686147
2/12/2021 18:00,-14.6713675,22.0236,7.3522325
2/12/2021 18:30,19.297476,-11.9735,7.323976
2/12/2021 19:00,-14.7295617,22.0236,7.2940383
2/12/2021 19:30,-14.747867,22.0236,7.275733
2/12/2021 20:00,-14.7534846,22.0236,7.2701154
2/12/2021 20:30,-14.7450184,22.0236,7.2785816
2/12/2021 21:00,-20.335123,27.6041,7.268977
2/12/2021 21:30,-14.7616857,22.0236,7.2619143
2/12/2021 22:00,-53.705354,60.9534,7.248046
2/12/2021 22:30,-39.5284848,46.7806,7.2521152
2/12/2021 23:00,-14.7792806,22.0236,7.2443194
2/12/2021 23:30,-14.760748,22.0236,7.262852
2/13/2021 0:00,-33.3621663,40.6479,7.2857337
2/13/2021 0:30,-14.7275933,22.0236,7.2960067
2/13/2021 1:00,-14.747935,22.0236,7.275665
2/13/2021 1:30,-14.7549414,22.0236,7.2686586
2/13/2021 2:00,-14.7422446,22.0236,7.2813554
2/13/2021 2:30,-14.7339095,22.0236,7.2896905
2/13/2021 3:00,-14.706176,22.0236,7.317424
2/13/2021 3:30,-18.162645,25.512,7.349355
2/13/2021 4:00,-14.6468557,22.0236,7.3767443
2/13/2021 4:30,2.6258716,4.7872,7.4130716
2/13/2021 5:00,0.016797,7.43242,7.449217
2/13/2021 5:30,2.7951058,4.67719,7.4722958
2/13/2021 6:00,-14.509074,22.0236,7.514526
2/13/2021 6:30,-14.4375876,22.0236,7.5860124
2/13/2021 7:00,-12.904457,20.574,7.669543
2/13/2021 7:30,-12.7965695,20.574,7.7774305
2/13/2021 8:00,-9.9212897,17.8116,7.8903103
2/13/2021 8:30,-1.529963,9.50328,7.973317
2/13/2021 9:00,-1.457681,9.50328,8.045599
2/13/2021 9:30,-12.306348,20.4235,8.117152
2/13/2021 10:00,41.301182,-33.168,8.133182
2/13/2021 10:30,8.769754,-0.658395,8.111359
2/13/2021 11:00,44.140535,-36.0712,8.069335
2/13/2021 11:30,44.090338,-36.0712,8.019138
2/13/2021 12:00,8.632498,-0.65078,7.981718
2/13/2021 12:30,8.5792983,-0.65078,7.9285183
2/13/2021 13:00,8.505275,-0.658395,7.84688
2/13/2021 13:30,40.9430516,-33.168,7.7750516
2/13/2021 14:00,40.8958643,-33.168,7.7278643
2/13/2021 14:30,43.7366215,-36.0712,7.6654215
2/13/2021 15:00,40.7852523,-33.168,7.6172523
2/13/2021 15:30,-22.3956744,29.9026,7.5069256
2/13/2021 16:00,39.9838324,-32.5523,7.4315324
2/13/2021 16:30,-2.1358245,9.50328,7.3674555
2/13/2021 17:00,-7.592304,14.8725,7.280196
2/13/2021 17:30,-5.0189766,12.2139,7.1949234
2/13/2021 18:00,5.6523243,1.46531,7.1176343
2/13/2021 18:30,-14.9682673,22.0236,7.0553327
2/13/2021 19:00,-15.019351,22.0236,7.004249
2/13/2021 19:30,-15.0532025,22.0236,6.9703975
2/13/2021 20:00,-15.069192,22.0236,6.954408
2/13/2021 20:30,-15.0965537,22.0236,6.9270463
2/13/2021 21:00,-15.1553635,22.0236,6.8682365
2/13/2021 21:30,-15.2191314,22.0236,6.8044686
2/13/2021 22:00,-15.2473153,22.0236,6.7762847
2/13/2021 22:30,-15.250091,22.0236,6.773509
2/13/2021 23:00,-15.2569236,22.0236,6.7666764
2/13/2021 23:30,-15.271749,22.0236,6.751851
2/14/2021 0:00,-15.2814526,22.0236,6.7421474
2/14/2021 0:30,-13.841988,20.574,6.732012
2/14/2021 1:00,-15.3500656,22.0236,6.6735344
2/14/2021 1:30,-15.4650835,22.0236,6.5585165
2/14/2021 2:00,-15.569345,22.0236,6.454255
2/14/2021 2:30,-15.6555237,22.0236,6.3680763
2/14/2021 3:00,-15.680154,22.0236,6.343446
2/14/2021 3:30,-15.7190775,22.0236,6.3045225
2/14/2021 4:00,-15.785654,22.0236,6.237946
2/14/2021 4:30,-15.866498,22.0236,6.157102
2/14/2021 5:00,-15.9027976,22.0236,6.1208024
2/14/2021 5:30,-15.9104732,22.0236,6.1131268
2/14/2021 6:00,-15.9594916,22.0236,6.0641084
2/14/2021 6:30,-16.0131606,22.0236,6.0104394
2/14/2021 7:00,-16.0521263,22.0236,5.9714737
2/14/2021 7:30,-16.079108,22.0236,5.944492
2/14/2021 8:00,-13.018984,18.9604,5.941416
2/14/2021 8:30,-3.584691,9.50328,5.918589
2/14/2021 9:00,-3.616004,9.50328,5.887276
2/14/2021 9:30,5.745442,0.133868,5.87931
2/14/2021 10:00,-3.6386793,9.50328,5.8646007
2/14/2021 10:30,40.699083,-34.8398,5.859283
2/14/2021 11:00,6.669992,-0.793457,5.876535
2/14/2021 11:30,15.1679364,-9.33247,5.8354664
2/14/2021 12:00,6.12373,-0.329832,5.793898
2/14/2021 12:30,6.0410737,-0.26238,5.7786937
2/14/2021 13:00,6.1510076,-0.360845,5.7901626
2/14/2021 13:30,6.035708,-0.26238,5.773328
2/14/2021 14:00,-4.6710822,10.4103,5.7392178
2/14/2021 14:30,0.408374,5.3274,5.735774
2/14/2021 15:00,0.377571,5.3274,5.704971
2/14/2021 15:30,-24.2206413,29.9026,5.6819587
2/14/2021 16:00,-3.869575,9.50328,5.633705
2/14/2021 16:30,-3.901775,9.50328,5.601505
2/14/2021 17:00,-13.3874644,18.9604,5.5729356
2/14/2021 17:30,-13.4067873,18.9604,5.5536127
2/14/2021 18:00,-16.479432,22.0236,5.544168
2/14/2021 18:30,-16.5100855,22.0236,5.5135145
2/14/2021 19:00,-16.5327553,22.0236,5.4908447
2/14/2021 19:30,-16.547869,22.0236,5.475731
2/14/2021 20:00,-15.110417,20.574,5.463583
2/14/2021 20:30,-15.1459357,20.574,5.4280643
2/14/2021 21:00,-16.655339,22.0236,5.368261
2/14/2021 21:30,-16.755648,22.0236,5.267952
2/14/2021 22:00,-16.8262233,22.0236,5.1973767
2/14/2021 22:30,-16.858249,22.0236,5.165351
2/14/2021 23:00,-16.8679427,22.0236,5.1556573
2/14/2021 23:30,-16.8037037,22.0236,5.2198963
2/15/2021 0:00,-15.3070184,20.574,5.2669816
2/15/2021 0:30,-21.5120667,26.7838,5.2717333
2/15/2021 1:00,-21.5473064,26.7838,5.2364936
2/15/2021 1:30,-15.4003683,20.574,5.1736317
2/15/2021 2:00,-15.4691273,20.574,5.1048727
2/15/2021 2:30,-15.516436,20.574,5.057564
2/15/2021 3:00,-17.0881003,22.0236,4.9354997
2/15/2021 3:30,-17.150827,22.0236,4.872773
2/15/2021 4:00,-17.1950106,22.0236,4.8285894
2/15/2021 4:30,-17.2361235,22.0236,4.7874765
2/15/2021 5:00,-17.2786993,22.0236,4.7449007
2/15/2021 5:30,-17.3291053,22.0236,4.6944947
2/15/2021 6:00,-17.3495864,22.0236,4.6740136
2/15/2021 6:30,-17.3630046,22.0236,4.6605954
2/15/2021 7:00,-17.3848285,22.0236,4.6387715
2/15/2021 7:30,-14.3406853,18.9604,4.6197147
2/15/2021 8:00,-4.890128,9.50328,4.613152
2/15/2021 8:30,-4.9019335,9.50328,4.6013465
2/15/2021 9:00,1.9405996,2.64023,4.5808296
2/15/2021 9:30,4.9502486,-0.391919,4.5583296
2/15/2021 10:00,5.346467,-0.793457,4.55301
2/15/2021 10:30,5.97627,-1.39357,4.5827
2/15/2021 11:00,6.3047463,-1.69617,4.6085763
2/15/2021 11:30,6.3028176,-1.69434,4.6084776
2/15/2021 12:00,6.5621423,-1.91652,4.6456223
2/15/2021 12:30,6.3658745,-1.69434,4.6715345
2/15/2021 13:00,6.3779093,-1.69617,4.6817393
2/15/2021 13:30,6.055844,-1.39357,4.662274
2/15/2021 14:00,6.055776,-1.42178,4.633996
2/15/2021 14:30,6.169903,-1.56283,4.607073
2/15/2021 15:00,5.1661547,-0.691479,4.4746757
2/15/2021 15:30,4.8072663,-0.392634,4.4146323
2/15/2021 16:00,2.852441,1.53513,4.387571
2/15/2021 16:30,-25.540852,29.9026,4.361748
2/15/2021 17:00,-25.58097,29.9026,4.32163
2/15/2021 17:30,-11.035177,15.3289,4.293723
2/15/2021 18:00,-23.1261246,27.3924,4.2662754
2/15/2021 18:30,-23.158478,27.3924,4.233922
2/15/2021 19:00,2.4605227,1.72825,4.1887727
2/15/2021 19:30,-23.2446367,27.3924,4.1477633
2/15/2021 20:00,-23.2791235,27.3924,4.1132765
2/15/2021 20:30,-23.3202607,27.3924,4.0721393
2/15/2021 21:00,-16.889891,20.9106,4.020709
2/15/2021 21:30,-16.9315453,20.9106,3.9790547
2/15/2021 22:00,-16.9639967,20.9106,3.9466033
2/15/2021 22:30,-23.455898,27.3924,3.936502
2/15/2021 23:00,-23.463838,27.3924,3.928562
2/15/2021 23:30,3.1726665,0.755302,3.9279685
2/16/2021 0:00,4.1646115,-0.217647,3.9469645
2/16/2021 0:30,3.2386565,0.755302,3.9939585
2/16/2021 1:00,3.855441,0.183905,4.039346
2/16/2021 1:30,-5.7264585,9.79361,4.0671515
2/16/2021 2:00,-4.2397776,8.37954,4.1397624
2/16/2021 2:30,-1.2700033,5.72757,4.4575667
2/16/2021 3:00,-1.2964984,5.79139,4.4948916
2/16/2021 3:30,-1.445169,5.85431,4.409141
2/16/2021 4:00,-5.5536333,9.91563,4.3619967
2/16/2021 4:30,-1.667363,5.98165,4.314287
2/16/2021 5:00,1.6805527,2.57,4.2505527
2/16/2021 5:30,1.1172407,3.08339,4.2006307
2/16/2021 6:00,2.6589944,1.46502,4.1240144
2/16/2021 6:30,1.833652,2.22051,4.054162
2/16/2021 7:00,1.068542,3.00322,4.071762
2/16/2021 7:30,2.0491673,1.99484,4.0440073
2/16/2021 8:00,2.3041288,1.68308,3.9872088
2/16/2021 8:30,4.7505261,-0.832318,3.9182081
2/16/2021 9:00,5.3113115,-1.39357,3.9177415
2/16/2021 9:30,5.5970922,-1.64007,3.9570222
2/16/2021 10:00,6.0818673,-2.13074,3.9511273
2/16/2021 10:30,5.895335,-1.97438,3.920955
2/16/2021 11:00,5.5596155,-1.68147,3.8781455
2/16/2021 11:30,4.7995923,-0.933956,3.8656363
2/16/2021 12:00,6.4531116,-2.5873,3.8658116
2/16/2021 12:30,7.0320167,-3.18805,3.8439667
2/16/2021 13:00,8.4018757,-4.59567,3.8062057
2/16/2021 13:30,7.659959,-3.89815,3.761809
2/16/2021 14:00,7.2329953,-3.51177,3.7212253
2/16/2021 14:30,7.3124926,-3.64061,3.6718826
2/16/2021 15:00,7.258276,-3.6372,3.621076
2/16/2021 15:30,5.94341,-2.38609,3.55732
2/16/2021 16:00,5.3026404,-1.82501,3.4776304
2/16/2021 16:30,4.06991,-0.669475,3.400435
2/16/2021 17:00,5.3842554,-2.07268,3.3115754
2/16/2021 17:30,2.2141067,0.995597,3.2097037
2/16/2021 18:00,1.198322,1.86563,3.063952
2/16/2021 18:30,0.6604078,2.23316,2.8935678
2/16/2021 19:00,1.4028363,1.35863,2.7614663
2/16/2021 19:30,1.6111738,1.03257,2.6437438
2/16/2021 20:00,0.241127,2.29555,2.536677
2/16/2021 20:30,1.295252,1.15608,2.451332
2/16/2021 21:00,1.883733,0.503679,2.387412
2/16/2021 21:30,-3.7490253,6.11049,2.3614647
2/16/2021 22:00,-3.8501574,6.0531,2.2029426
2/16/2021 22:30,-3.7813058,5.99651,2.2152042
2/16/2021 23:00,7.2724876,-5.14292,2.1295676
2/16/2021 23:30,-2.5216959,4.58128,2.0595841
2/17/2021 0:00,-3.7289173,5.81765,2.0887327
2/17/2021 0:30,-3.6667486,5.73431,2.0675614
2/17/2021 1:00,-0.1408,2.16215,2.02135
2/17/2021 1:30,0.5804607,1.38597,1.9664307
2/17/2021 2:00,1.4444022,0.470386,1.9147882
2/17/2021 2:30,-0.1620585,2.03293,1.8708715
2/17/2021 3:00,0.8595208,0.966963,1.8264838
2/17/2021 3:30,-0.0891475,1.85927,1.7701225
2/17/2021 4:00,-0.3382107,2.05725,1.7190393
2/17/2021 4:30,0.6723805,1.02206,1.6944405
2/17/2021 5:00,-4.239275,5.89026,1.650985
2/17/2021 5:30,1.097382,0.470386,1.567768
2/17/2021 6:00,-4.3821022,5.89026,1.5081578
2/17/2021 6:30,-0.8247685,2.28237,1.4576015
2/17/2021 7:00,-4.3869179,5.80212,1.4152021
2/17/2021 7:30,-2.1267086,3.50848,1.3817714
2/17/2021 8:00,2.340302,-0.943016,1.397286
2/17/2021 8:30,2.9363118,-1.49855,1.4377618
2/17/2021 9:00,4.1333175,-2.66146,1.4718575
2/17/2021 9:30,5.8541026,-4.34509,1.5090126
2/17/2021 10:00,5.630687,-4.09031,1.540377
2/17/2021 10:30,5.5118866,-3.9526,1.5592866
2/17/2021 11:00,6.2591019,-4.68329,1.5758119
2/17/2021 11:30,6.790501,-5.19042,1.600081
2/17/2021 12:00,7.1236446,-5.52045,1.6031946
2/17/2021 12:30,7.3266066,-5.71334,1.6132666
2/17/2021 13:00,7.1870014,-5.55609,1.6309114
2/17/2021 13:30,6.7649136,-5.14306,1.6218536
2/17/2021 14:00,5.8009001,-4.17835,1.6225501
2/17/2021 14:30,5.5918509,-3.97753,1.6143209
2/17/2021 15:00,3.7955137,-2.19894,1.5965737
2/17/2021 15:30,3.3852603,-1.80525,1.5800103
2/17/2021 16:00,2.5724561,-1.01587,1.5565861
2/17/2021 16:30,2.5331651,-0.998778,1.5343871
2/17/2021 17:00,2.2457018,-0.734547,1.5111548
2/17/2021 17:30,1.5377124,-0.0468598,1.4908526
2/17/2021 18:00,1.0430795,0.441757,1.4848365
2/17/2021 18:30,0.9718181,0.510908,1.4827261
2/17/2021 19:00,1.0556447,0.429864,1.4855087
2/17/2021 19:30,-4.5413569,6.0312,1.4898431
2/17/2021 20:00,-4.4805127,5.97616,1.4956473
2/17/2021 20:30,1.0119818,0.489927,1.5019088
2/17/2021 21:00,0.9468728,0.561945,1.5088178
2/17/2021 21:30,0.9897416,0.525936,1.5156776
2/17/2021 22:00,-0.5603794,2.07783,1.5174506
2/17/2021 22:30,1.5474059,-0.023644,1.5237619
2/17/2021 23:00,1.3273667,0.202621,1.5299877
2/17/2021 23:30,-4.2302013,5.75847,1.5282687
2/18/2021 0:00,-4.1921502,5.70698,1.5148298
2/18/2021 0:30,-4.1182389,5.65577,1.5375311
2/18/2021 1:00,-4.060649,5.60997,1.549321
2/18/2021 1:30,-4.0103956,5.5592,1.5488044
2/18/2021 2:00,-3.9541966,5.51,1.5558034
2/18/2021 2:30,-0.2536873,1.81948,1.5657927
2/18/2021 3:00,-0.1745672,1.74998,1.5754128
2/18/2021 3:30,0.7083873,0.860117,1.5685043
2/18/2021 4:00,0.2334552,1.32323,1.5566852
2/18/2021 4:30,4.8266796,-3.2555,1.5711796
2/18/2021 5:00,-0.2461022,1.82683,1.5807278
2/18/2021 5:30,-3.6218722,5.1936,1.5717278
2/18/2021 6:00,-19.0012567,20.574,1.5727433
2/18/2021 6:30,-19.0027909,20.574,1.5712091
2/18/2021 7:00,-20.4710665,22.0236,1.5525335
2/18/2021 7:30,-20.4845711,22.0236,1.5390289
2/18/2021 8:00,-18.9451469,20.4752,1.5300531
2/18/2021 8:30,-8.9245158,10.4452,1.5206842
2/18/2021 9:00,-0.2386006,1.75284,1.5142394
2/18/2021 9:30,2.4714302,-0.943016,1.5284142
2/18/2021 10:00,-0.2083405,1.75284,1.5444995
2/18/2021 10:30,-19.4918665,21.0481,1.5562335
2/18/2021 11:00,-32.254014,33.8291,1.575086
2/18/2021 11:30,-18.6664554,20.2344,1.5679446
2/18/2021 12:00,-18.929988,20.4752,1.545212
2/18/2021 12:30,-18.951976,20.4752,1.523224
2/18/2021 13:00,2.450529,-0.913235,1.537294
2/18/2021 13:30,2.9574338,-1.3957,1.5617338
2/18/2021 14:00,2.52715,-0.943016,1.584134
2/18/2021 14:30,-0.0500315,1.63721,1.5871785
2/18/2021 15:00,2.5137082,-0.913235,1.6004732
2/18/2021 15:30,-1.6091175,3.19692,1.5878025
2/18/2021 16:00,-7.9148024,9.50328,1.5884776
2/18/2021 16:30,-7.9117937,9.50328,1.5914863
2/18/2021 17:00,-7.9154053,9.50328,1.5878747
2/18/2021 17:30,-79.083384,80.6666,1.583216
2/18/2021 18:00,-20.4533892,22.0236,1.5702108
2/18/2021 18:30,-20.4638373,22.0236,1.5597627
2/18/2021 19:00,-20.469043,22.0236,1.554557
2/18/2021 19:30,-20.4685753,22.0236,1.5550247
2/18/2021 20:00,-20.4672898,22.0236,1.5563102
2/18/2021 20:30,-20.4579553,22.0236,1.5656447
2/18/2021 21:00,-20.4497669,22.0236,1.5738331
2/18/2021 21:30,-18.9906826,20.574,1.5833174
2/18/2021 22:00,-18.9931792,20.574,1.5808208
2/18/2021 22:30,-18.9912717,20.574,1.5827283
2/18/2021 23:00,-20.448916,22.0236,1.574684
2/18/2021 23:30,2.0291577,-0.46536,1.5637977
2/19/2021 0:00,-20.4660902,22.0236,1.5575098
2/19/2021 0:30,-20.4736968,22.0236,1.5499032
2/19/2021 1:00,-20.4850799,22.0236,1.5385201
2/19/2021 1:30,-20.4956947,22.0236,1.5279053
2/19/2021 2:00,-20.4996857,22.0236,1.5239143
2/19/2021 2:30,-20.5077099,22.0236,1.5158901
2/19/2021 3:00,-20.512531,22.0236,1.511069
2/19/2021 3:30,-20.5147251,22.0236,1.5088749
2/19/2021 4:00,-20.5174849,22.0236,1.5061151
2/19/2021 4:30,-20.5191281,22.0236,1.5044719
2/19/2021 5:00,-20.5141555,22.0236,1.5094445
2/19/2021 5:30,-20.5168407,22.0236,1.5067593
2/19/2021 6:00,-15.6458069,17.1367,1.4908931
2/19/2021 6:30,-15.6491323,17.1367,1.4875677
2/19/2021 7:00,-15.6530741,17.1367,1.4836259
2/19/2021 7:30,-17.3699298,18.8565,1.4865702
2/19/2021 8:00,-17.3667422,18.8565,1.4897578
2/19/2021 8:30,-17.3642032,18.8565,1.4922968
2/19/2021 9:00,6.7417436,-5.25408,1.4876636
2/19/2021 9:30,6.74047,-5.25408,1.48639
2/19/2021 10:00,-6.5813638,8.0705,1.4891362
2/19/2021 10:30,-9.7658571,11.2538,1.4879429
2/19/2021 11:00,2.034192,-0.534336,1.499856
2/19/2021 11:30,2.0585298,-0.556416,1.5021138
2/19/2021 12:00,-1.1774469,2.69103,1.5135831
2/19/2021 12:30,2.3621405,-0.837285,1.5248555
2/19/2021 13:00,2.3658404,-0.837285,1.5285554
2/19/2021 13:30,-1.1639973,2.69103,1.5270327
2/19/2021 14:00,-19.5269027,21.0481,1.5211973
2/19/2021 14:30,-19.5252906,21.0481,1.5228094
2/19/2021 15:00,-19.533936,21.0481,1.514164
2/19/2021 15:30,-40.171426,41.6821,1.510674
2/19/2021 16:00,-26.448177,27.9601,1.511923
2/19/2021 16:30,-23.850365,25.3669,1.516535
2/19/2021 17:00,-23.8469694,25.3669,1.5199306
2/19/2021 17:30,0.5867678,0.93967,1.5264378
2/19/2021 18:00,-1.0801683,2.60345,1.5232817
2/19/2021 18:30,-1.0733379,2.60345,1.5301121
2/19/2021 19:00,-1.0719243,2.60345,1.5315257
2/19/2021 19:30,-1.0669579,2.60345,1.5364921
2/19/2021 20:00,-3.384109,4.92137,1.537261
2/19/2021 20:30,-3.3895223,4.92137,1.5318477
2/19/2021 21:00,-2.5030238,4.03244,1.5294162
2/19/2021 21:30,-3.1351926,4.66651,1.5313174
2/19/2021 22:00,-2.5003221,4.02689,1.5265679
2/19/2021 22:30,-2.0238903,3.53546,1.5115697
2/19/2021 23:00,-1.525366,3.00812,1.482754
2/19/2021 23:30,-1.5417666,3.00812,1.4663534
2/20/2021 0:00,-1.1253891,2.57548,1.4500909
2/20/2021 0:30,1.0301952,0.407391,1.4375862
2/20/2021 1:00,1.0311867,0.407391,1.4385777
2/20/2021 1:30,1.0047838,0.430705,1.4354888
2/20/2021 2:00,1.0026153,0.430705,1.4333203
2/20/2021 2:30,-1.2680653,2.69744,1.4293747
2/20/2021 3:00,-1.309984,2.74499,1.435006
2/20/2021 3:30,-1.2620621,2.68025,1.4181879
2/20/2021 4:00,-1.452854,2.84954,1.396686
2/20/2021 4:30,0.9623252,0.42412,1.3864452
2/20/2021 5:00,-0.3078873,1.68228,1.3743927
2/20/2021 5:30,-0.3184841,1.68228,1.3637959
2/20/2021 6:00,-1.6822614,3.03932,1.3570586
2/20/2021 6:30,-0.0283052,1.38104,1.3527348
2/20/2021 7:00,-1.535414,2.89542,1.360006
2/20/2021 7:30,-4.2748268,5.64798,1.3731532
2/20/2021 8:00,2.9222796,-1.47351,1.4487696
2/20/2021 8:30,2.9712768,-1.49086,1.4804168
2/20/2021 9:00,2.9934476,-1.50302,1.4904276
2/20/2021 9:30,2.9754481,-1.49328,1.4821681
2/20/2021 10:00,3.3772558,-1.88528,1.4919758
2/20/2021 10:30,3.9692665,-2.45722,1.5120465
2/20/2021 11:00,4.4498637,-2.92013,1.5297337
2/20/2021 11:30,5.4684568,-3.91663,1.5518268
2/20/2021 12:00,5.6276875,-4.04376,1.5839275
2/20/2021 12:30,5.6832956,-4.07898,1.6043156
2/20/2021 13:00,3.7214572,-2.13185,1.5896072
2/20/2021 13:30,5.6124847,-3.98541,1.6270747
2/20/2021 14:00,5.339973,-3.69219,1.647783
2/20/2021 14:30,5.4822035,-3.80966,1.6725435
2/20/2021 15:00,6.0802786,-4.40838,1.6718986
2/20/2021 15:30,5.6844724,-3.99193,1.6925424
2/20/2021 16:00,5.4422638,-3.75187,1.6903938
2/20/2021 16:30,4.1213563,-2.43964,1.6817163
2/20/2021 17:00,3.592433,-1.92947,1.662963
2/20/2021 17:30,2.7006182,-1.06928,1.6313382
2/20/2021 18:00,-2.5887997,4.15168,1.5628803
2/20/2021 18:30,-1.5440316,3.01882,1.4747884
2/20/2021 19:00,-1.6001552,3.01882,1.4186648
2/20/2021 19:30,-1.6603645,3.01882,1.3584555
2/20/2021 20:00,-1.6914298,3.01882,1.3273902
2/20/2021 20:30,-0.1859129,1.51014,1.3242271
2/20/2021 21:00,-1.6748604,3.01882,1.3439596
2/20/2021 21:30,-1.649378,3.01882,1.369442
2/20/2021 22:00,-1.6176214,3.01882,1.4011986
2/20/2021 22:30,-1.6420633,3.01882,1.3767567
2/20/2021 23:00,-1.6854723,3.01882,1.3333477
2/20/2021 23:30,-0.0168933,1.32169,1.3047967
2/21/2021 0:00,-1.6678626,3.01882,1.3509574
2/21/2021 0:30,-1.6409485,3.01882,1.3778715
2/21/2021 1:00,-1.6591849,3.01882,1.3596351
2/21/2021 1:30,-1.6511842,3.01882,1.3676358
2/21/2021 2:00,-1.6592197,3.01882,1.3596003
2/21/2021 2:30,-1.6739473,3.01882,1.3448727
2/21/2021 3:00,-1.6413257,2.97358,1.3322543
2/21/2021 3:30,-1.6649125,2.9638,1.2988875
2/21/2021 4:00,-1.7227578,2.98246,1.2597022
2/21/2021 4:30,-1.7366134,2.98246,1.2458466
2/21/2021 5:00,-1.7215834,2.97918,1.2575966
2/21/2021 5:30,-1.7028488,2.96437,1.2615212
2/21/2021 6:00,-1.704098,2.94652,1.242422
2/21/2021 6:30,-1.7156263,2.93551,1.2198837
2/21/2021 7:00,-1.6148735,2.82585,1.2109765
2/21/2021 7:30,-4.1714598,5.43457,1.2631102
2/21/2021 8:00,2.7492654,-1.39214,1.3571254
2/21/2021 8:30,3.1775315,-1.75631,1.4212215
2/21/2021 9:00,4.304279,-2.84547,1.458809
2/21/2021 9:30,5.4005935,-3.91608,1.4845135
2/21/2021 10:00,4.6857491,-3.16685,1.5188991
2/21/2021 10:30,5.9138393,-4.37268,1.5411593
2/21/2021 11:00,6.6205895,-5.05235,1.5682395
2/21/2021 11:30,8.2508361,-6.6562,1.5946361
2/21/2021 12:00,9.1918783,-7.58528,1.6065983
2/21/2021 12:30,7.5771689,-5.94453,1.6326389
2/21/2021 13:00,7.6026653,-5.94453,1.6581353
2/21/2021 13:30,7.4846207,-5.79868,1.6859407
2/21/2021 14:00,7.6516552,-5.95348,1.6981752
2/21/2021 14:30,8.0162426,-6.32377,1.6924726
2/21/2021 15:00,6.2460303,-4.55896,1.6870703
2/21/2021 15:30,5.6357433,-3.96251,1.6732333
2/21/2021 16:00,4.4133427,-2.74901,1.6643327
2/21/2021 16:30,3.8911736,-2.22236,1.6688136
2/21/2021 17:00,2.6644477,-1.01804,1.6464077
2/21/2021 17:30,2.3749095,-0.766652,1.6082575
2/21/2021 18:00,1.303454,0.249638,1.553092
2/21/2021 18:30,-0.5606385,2.03297,1.4723315
2/21/2021 19:00,-1.5091613,2.93273,1.4235687
2/21/2021 19:30,-1.0562694,2.45645,1.4001806
2/21/2021 20:00,-0.0842832,1.45505,1.3707668
2/21/2021 20:30,-0.3275043,1.69858,1.3710757
2/21/2021 21:00,0.6847067,0.677856,1.3625627
2/21/2021 21:30,-1.5445278,2.89244,1.3479122
2/21/2021 22:00,-1.5596282,2.89031,1.3306818
2/21/2021 22:30,-1.5593235,2.89016,1.3308365
2/21/2021 23:00,0.8886938,0.430705,1.3193988
2/21/2021 23:30,-1.5804372,2.8833,1.3028628
2/22/2021 0:00,-1.609983,2.88614,1.276157
2/22/2021 0:30,-1.6387324,2.88559,1.2468576
2/22/2021 1:00,-1.5756069,2.88248,1.3068731
2/22/2021 1:30,-2.8980528,4.23205,1.3339972
2/22/2021 2:00,0.9077357,0.430705,1.3384407
2/22/2021 2:30,-1.5957571,2.9254,1.3296429
2/22/2021 3:00,-0.3210519,1.68228,1.3612281
2/22/2021 3:30,0.902432,0.477334,1.379766
2/22/2021 4:00,0.9935185,0.390662,1.3841805
2/22/2021 4:30,-1.5210945,2.88722,1.3661255
2/22/2021 5:00,-0.6392419,2.03013,1.3908881
2/22/2021 5:30,-0.9534897,2.36697,1.4134803
2/22/2021 6:00,-0.8328737,2.26966,1.4367863
2/22/2021 6:30,0.0229739,1.45376,1.4767339
2/22/2021 7:00,-0.1079304,1.6261,1.5181696
2/22/2021 7:30,1.1577824,0.41403,1.5718124
2/22/2021 8:00,-2.5880456,4.22148,1.6334344
2/22/2021 8:30,2.2749367,-0.575488,1.6994487
2/22/2021 9:00,3.0365467,-1.26329,1.7732567
2/22/2021 9:30,2.7103868,-0.791733,1.9186538
2/22/2021 10:00,3.848195,-1.80699,2.041205
2/22/2021 10:30,5.6137044,-3.53235,2.0813544
2/22/2021 11:00,5.8142043,-3.75045,2.0637543
2/22/2021 11:30,8.406751,-6.31196,2.094791
2/22/2021 12:00,9.4383387,-7.32537,2.1129687
2/22/2021 12:30,8.8387768,-6.74109,2.0976868
2/22/2021 13:00,10.98907,-8.89546,2.09361
2/22/2021 13:30,6.1075714,-4.02631,2.0812614
2/22/2021 14:00,3.6094502,-1.55837,2.0510802
2/22/2021 14:30,3.1089684,-1.0659,2.0430684
2/22/2021 15:00,3.8295318,-1.80239,2.0271418
2/22/2021 15:30,2.6789287,-0.664204,2.0147247
2/22/2021 16:00,-1.6412162,3.65141,2.0101938
2/22/2021 16:30,-1.404257,3.39564,1.991383
2/22/2021 17:00,-0.8886456,2.79756,1.9089144
2/22/2021 17:30,-0.9682314,2.80638,1.8381486
2/22/2021 18:00,-1.057792,2.89522,1.837428
2/22/2021 18:30,15.6205915,-13.7867,1.8338915
2/22/2021 19:00,23.3785175,-21.5441,1.8344175
2/22/2021 19:30,23.3746162,-21.5441,1.8305162
2/22/2021 20:00,-10.7342403,12.5261,1.7918597
2/22/2021 20:30,-7.5116817,9.27825,1.7665683
2/22/2021 21:00,-7.5278728,9.27825,1.7503772
2/22/2021 21:30,-38.3808178,40.1006,1.7197822
2/22/2021 22:00,-38.4011925,40.1006,1.6994075
2/22/2021 22:30,-38.3942085,40.1006,1.7063915
2/22/2021 23:00,-38.4121641,40.1006,1.6884359
2/22/2021 23:30,-38.4332255,40.1006,1.6673745
2/23/2021 0:00,-38.4401113,40.1006,1.6604887
2/23/2021 0:30,-38.4342657,40.1006,1.6663343
2/23/2021 1:00,-38.4438668,40.1006,1.6567332
2/23/2021 1:30,-38.4393607,40.1006,1.6612393
2/23/2021 2:00,-38.4368782,40.1006,1.6637218
2/23/2021 2:30,-38.4433217,40.1006,1.6572783
2/23/2021 3:00,-38.460159,40.1006,1.640441
2/23/2021 3:30,-38.4564075,40.1006,1.6441925
2/23/2021 4:00,-15.5144081,17.1367,1.6222919
2/23/2021 4:30,3.1333385,2.8733,6.0066385
2/23/2021 5:00,-41.8907527,43.4735,1.5827473
2/23/2021 5:30,-1.2950303,2.8733,1.5782697
2/23/2021 6:00,-1.2926963,2.86803,1.5753337
2/23/2021 6:30,-1.2903732,2.87325,1.5828768
2/23/2021 7:00,-1.1982902,2.78099,1.5826998
2/23/2021 7:30,0.1417146,1.516,1.6577146
2/23/2021 8:00,2.4751656,-0.751736,1.7234296
2/23/2021 8:30,3.3242143,-1.52734,1.7968743
2/23/2021 9:00,4.5160284,-2.64934,1.8666884
2/23/2021 9:30,5.8849811,-3.95142,1.9335611
2/23/2021 10:00,5.7328848,-3.73766,1.9952248
2/23/2021 10:30,6.7989336,-4.74835,2.0505836
2/23/2021 11:00,7.1499047,-5.05235,2.0975547
2/23/2021 11:30,7.832058,-5.67147,2.160588
2/23/2021 12:00,7.905696,-5.71085,2.194846
2/23/2021 12:30,7.1038858,-4.8775,2.2263858
2/23/2021 13:00,8.4978849,-6.23148,2.2664049
2/23/2021 13:30,7.8969992,-5.59967,2.2973292
2/23/2021 14:00,7.9619644,-5.64836,2.3136044
2/23/2021 14:30,6.5717472,-4.23849,2.3332572
2/23/2021 15:00,6.1030508,-3.75696,2.3460908
2/23/2021 15:30,6.2308107,-3.88024,2.3505707
2/23/2021 16:00,4.9168325,-2.55315,2.3636825
2/23/2021 16:30,4.175745,-1.81783,2.357915
2/23/2021 17:00,2.700965,-0.350277,2.350688
2/23/2021 17:30,3.1869454,-0.865098,2.3218474
2/23/2021 18:00,1.4766608,0.763782,2.2404428
2/23/2021 18:30,1.087002,1.03588,2.122882
2/23/2021 19:00,-0.7954343,2.87797,2.0825357
2/23/2021 19:30,-0.792634,2.88645,2.093816
2/23/2021 20:00,-0.342053,2.38055,2.038497
2/23/2021 20:30,-0.3370634,2.38129,2.0442266
2/23/2021 21:00,-0.8035207,2.86672,2.0631993
2/23/2021 21:30,-0.6161427,2.66715,2.0510073
2/23/2021 22:00,-0.5684674,2.60129,2.0328226
2/23/2021 22:30,-0.698909,2.71771,2.018801
2/23/2021 23:00,-0.1232649,2.13934,2.0160751
2/23/2021 23:30,0.334295,1.68525,2.019545
2/24/2021 0:00,1.5925851,0.400948,1.9935331
2/24/2021 0:30,0.150772,1.74998,1.900752
2/24/2021 1:00,-0.9690165,2.81409,1.8450735
2/24/2021 1:30,-1.0055212,2.80241,1.7968888
2/24/2021 2:00,-1.0177233,2.8067,1.7889767
2/24/2021 2:30,-1.6097088,3.36794,1.7582312
2/24/2021 3:00,-0.315779,2.03013,1.714351
2/24/2021 3:30,-0.3521539,2.03013,1.6779761
2/24/2021 4:00,-0.2531704,1.91036,1.6571896
2/24/2021 4:30,-0.2643568,1.91036,1.6460032
2/24/2021 5:00,-1.1750921,2.8067,1.6316079
2/24/2021 5:30,-1.1881335,2.8067,1.6185665
2/24/2021 6:00,-1.1893611,2.8067,1.6173389
2/24/2021 6:30,-1.1923883,2.8067,1.6143117
2/24/2021 7:00,-1.1238207,2.71635,1.5925293
2/24/2021 7:30,0.0683363,1.5789,1.6472363
2/24/2021 8:00,2.7837895,-0.983029,1.8007605
2/24/2021 8:30,3.6793606,-1.64151,2.0378506
2/24/2021 9:00,4.8806528,-2.66742,2.2132328
2/24/2021 9:30,5.6633173,-3.3674,2.2959173
2/24/2021 10:00,7.9425307,-5.54019,2.4023407
2/24/2021 10:30,8.232654,-5.77124,2.461414
2/24/2021 11:00,7.8263332,-5.30711,2.5192232
2/24/2021 11:30,9.6298411,-7.07617,2.5536711
2/24/2021 12:00,7.257189,-4.66939,2.587799
2/24/2021 12:30,7.8321459,-5.19458,2.6375659
2/24/2021 13:00,8.4849121,-5.81848,2.6664321
2/24/2021 13:30,9.0349967,-6.38099,2.6540067
2/24/2021 14:00,9.2756683,-6.61804,2.6576283
2/24/2021 14:30,7.8216396,-5.14265,2.6789896
2/24/2021 15:00,7.4968482,-4.8093,2.6875482
2/24/2021 15:30,6.0059276,-3.30331,2.7026176
2/24/2021 16:00,5.3698285,-2.65676,2.7130685
2/24/2021 16:30,4.3248846,-1.61138,2.7135046
2/24/2021 17:00,3.3238446,-0.640252,2.6835926
2/24/2021 17:30,3.5088427,-0.865098,2.6437447
2/24/2021 18:00,0.4022213,2.1823,2.5845213
2/24/2021 18:30,-0.2000902,2.73224,2.5321498
2/24/2021 19:00,0.0373756,2.47148,2.5088556
2/24/2021 19:30,-0.0769608,2.56353,2.4865692
2/24/2021 20:00,0.1255457,2.33901,2.4645557
2/24/2021 20:30,-0.0132544,2.46013,2.4468756
2/24/2021 21:00,-0.159853,2.59374,2.433887
2/24/2021 21:30,0.3207335,2.09579,2.4165235
2/24/2021 22:00,0.0156904,2.37472,2.3904104
2/24/2021 22:30,0.0252079,2.35418,2.3793879
2/24/2021 23:00,0.205895,2.16343,2.369325
2/24/2021 23:30,0.158609,2.20616,2.364769
2/25/2021 0:00,0.2414435,2.12209,2.3635335
2/25/2021 0:30,-0.0252122,2.4037,2.3784878
2/25/2021 1:00,0.4155154,1.95449,2.3700054
2/25/2021 1:30,0.3869556,1.96809,2.3550456
2/25/2021 2:00,0.5443957,1.79019,2.3345857
2/25/2021 2:30,-0.0372088,2.37777,2.3405612
2/25/2021 3:00,0.4957546,1.83822,2.3339746
2/25/2021 3:30,0.1565443,2.15981,2.3163543
2/25/2021 4:00,0.502653,1.80375,2.306403
2/25/2021 4:30,0.5912498,1.70601,2.2972598
2/25/2021 5:00,0.7242558,1.58219,2.3064458
2/25/2021 5:30,1.570624,0.729963,2.300587
2/25/2021 6:00,-0.7314424,2.95825,2.2268076
2/25/2021 6:30,2.0922705,0.0894885,2.181759
2/25/2021 7:00,-0.6841826,2.86376,2.1795774
2/25/2021 7:30,-2.2509427,4.48244,2.2314973
2/25/2021 8:00,3.631977,-1.24837,2.383607
2/25/2021 8:30,3.7640272,-1.24082,2.5232072
2/25/2021 9:00,5.2657159,-2.64288,2.6228359
2/25/2021 9:30,6.9861176,-4.3429,2.6432176
2/25/2021 10:00,7.558468,-4.86343,2.695038
2/25/2021 10:30,7.4019449,-4.67961,2.7223349
2/25/2021 11:00,7.7502373,-5.02716,2.7230773
2/25/2021 11:30,8.3402477,-5.61949,2.7207577
2/25/2021 12:00,8.008395,-5.31149,2.696905
2/25/2021 12:30,8.748787,-6.02871,2.720077
2/25/2021 13:00,8.7518383,-6.02871,2.7231283
2/25/2021 13:30,8.4938585,-5.78444,2.7094185
2/25/2021 14:00,8.037184,-5.3065,2.730684
2/25/2021 14:30,7.4928817,-4.75903,2.7338517
2/25/2021 15:00,7.2570764,-4.53765,2.7194264
2/25/2021 15:30,6.7382882,-4.05175,2.6865382
2/25/2021 16:00,6.6798955,-4.02348,2.6564155
2/25/2021 16:30,5.2100642,-2.58583,2.6242342
2/25/2021 17:00,4.107956,-1.51329,2.594666
2/25/2021 17:30,3.2618035,-0.718784,2.5430195
2/25/2021 18:00,1.5164209,0.944303,2.4607239
2/25/2021 18:30,0.0410158,2.32647,2.3674858
2/25/2021 19:00,0.482559,1.8291,2.311659
2/25/2021 19:30,-0.3864554,2.65093,2.2644746
2/25/2021 20:00,-1.7919603,4.01351,2.2215497
2/25/2021 20:30,-1.2264463,3.43633,2.2098837
2/25/2021 21:00,-1.4474391,3.62662,2.1791809
2/25/2021 21:30,-0.6648703,2.83684,2.1719697
2/25/2021 22:00,-0.7825245,2.91774,2.1352155
2/25/2021 22:30,-0.188633,2.31602,2.127387
2/25/2021 23:00,-5.645618,7.74885,2.103232
2/25/2021 23:30,-0.3096757,2.33845,2.0287743
2/26/2021 0:00,-0.3914232,2.33845,1.9470268
2/26/2021 0:30,-0.4362563,2.33845,1.9021937
2/26/2021 1:00,-0.1294636,2.03013,1.9006664
2/26/2021 1:30,-0.0221082,1.91036,1.8882518
2/26/2021 2:00,-0.4342884,2.32045,1.8861616
2/26/2021 2:30,-0.4939972,2.31908,1.8250828
2/26/2021 3:00,-0.4654036,2.31898,1.8535764
2/26/2021 3:30,-0.362789,2.30833,1.945541
2/26/2021 4:00,-0.2744629,2.30833,2.0338671
2/26/2021 4:30,-18.356413,20.4641,2.107687
2/26/2021 5:00,-19.8447422,22.0236,2.1788578
2/26/2021 5:30,2.3813648,-0.157633,2.2237318
2/26/2021 6:00,0.0127947,2.3009,2.3136947
2/26/2021 6:30,0.0539234,2.3009,2.3548234
2/26/2021 7:00,1.38177,0.999005,2.380775
2/26/2021 7:30,-0.2681294,2.68374,2.4156106
2/26/2021 8:00,-0.061087,2.51734,2.456253
2/26/2021 8:30,3.3648295,-0.853842,2.5109875
2/26/2021 9:00,0.875727,1.6608,2.536527
2/26/2021 9:30,3.2703078,-0.713887,2.5564208
2/26/2021 10:00,3.04609,-0.477646,2.568444
2/26/2021 10:30,3.56755,-1.00509,2.56246
2/26/2021 11:00,3.3532948,-0.777224,2.5760708
2/26/2021 11:30,3.150719,-0.578198,2.572521
2/26/2021 12:00,5.7080547,-3.11979,2.5882647
2/26/2021 12:30,6.8110893,-4.14516,2.6659293
2/26/2021 13:00,4.2972036,-1.65462,2.6425836
2/26/2021 13:30,3.9436748,-1.31757,2.6261048
2/26/2021 14:00,3.43959,-0.819409,2.620181
2/26/2021 14:30,0.964089,1.6608,2.624889
2/26/2021 15:00,-0.1087362,2.72039,2.6116538
2/26/2021 15:30,0.5102564,2.1007,2.6109564
2/26/2021 16:00,1.855838,0.748168,2.604006
2/26/2021 16:30,1.8573164,0.744752,2.6020684
2/26/2021 17:00,0.335605,2.23913,2.574735
2/26/2021 17:30,0.1895019,2.24903,2.4385319
2/26/2021 18:00,-0.623886,3.01956,2.395674
2/26/2021 18:30,0.0993757,2.3009,2.4002757
2/26/2021 19:00,0.1246636,2.3009,2.4255636
2/26/2021 19:30,19.4291042,-16.9917,2.4374042
2/26/2021 20:00,0.1534924,2.3009,2.4543924
2/26/2021 20:30,0.1669798,2.3009,2.4678798
2/26/2021 21:00,0.1757138,2.3009,2.4766138
2/26/2021 21:30,16.263949,-13.7867,2.477249
2/26/2021 22:00,16.273902,-13.7867,2.487202
2/26/2021 22:30,45.3733857,-42.8706,2.5027857
2/26/2021 23:00,16.3291666,-13.7867,2.5424666
2/26/2021 23:30,16.352449,-13.7867,2.565749
2/27/2021 0:00,10.1418162,-7.54436,2.5974562
2/27/2021 0:30,3.3461848,-0.720841,2.6253438
2/27/2021 1:00,-8.892118,11.5457,2.653582
2/27/2021 1:30,-6.8170705,9.49756,2.6804895
2/27/2021 2:00,-10.6099514,13.308,2.6980486
2/27/2021 2:30,-4.2164968,6.92952,2.7130232
2/27/2021 3:00,-17.0160722,19.7497,2.7336278
2/27/2021 3:30,-15.1580313,17.9169,2.7588687
2/27/2021 4:00,-15.3356837,18.0977,2.7620163
2/27/2021 4:30,-9.4292284,12.2013,2.7720716
2/27/2021 5:00,-2.5726396,5.3514,2.7787604
2/27/2021 5:30,1.420525,1.36585,2.786375
2/27/2021 6:00,1.5653333,1.24395,2.8092833
2/27/2021 6:30,1.4591846,1.37441,2.8335946
2/27/2021 7:00,-5.598348,8.45695,2.858602
2/27/2021 7:30,5.6511526,-2.78757,2.8635826
2/27/2021 8:00,3.3025303,-0.441793,2.8607373
2/27/2021 8:30,3.3762887,-0.517056,2.8592327
2/27/2021 9:00,3.7003243,-0.853842,2.8464823
2/27/2021 9:30,7.4274995,-4.56113,2.8663695
2/27/2021 10:00,4.3547174,-1.4358,2.9189174
2/27/2021 10:30,4.6565667,-1.66322,2.9933467
2/27/2021 11:00,5.1297125,-2.11418,3.0155325
2/27/2021 11:30,5.810342,-2.75246,3.057882
2/27/2021 12:00,7.153494,-4.06154,3.091954
2/27/2021 12:30,8.0712092,-4.934,3.1372092
2/27/2021 13:00,7.3768936,-4.22746,3.1494336
2/27/2021 13:30,8.264666,-5.08112,3.183546
2/27/2021 14:00,7.3858748,-4.1855,3.2003748
2/27/2021 14:30,7.809438,-4.59313,3.216308
2/27/2021 15:00,6.812143,-3.57726,3.234883
2/27/2021 15:30,6.3995265,-3.15352,3.2460065
2/27/2021 16:00,5.473158,-2.2286,3.244558
2/27/2021 16:30,4.280856,-1.04505,3.235806
2/27/2021 17:00,3.656803,-0.43282,3.223983
2/27/2021 17:30,3.8748907,-0.686557,3.1883337
2/27/2021 18:00,0.68007,2.43143,3.1115
2/27/2021 18:30,0.699603,2.31556,3.015163
2/27/2021 19:00,0.6272784,2.31556,2.9428384
2/27/2021 19:30,0.5861245,2.31556,2.9016845
2/27/2021 20:00,0.5278722,2.31556,2.8434322
2/27/2021 20:30,0.5120476,2.32781,2.8398576
2/27/2021 21:00,-5.9253257,8.75909,2.8337643
2/27/2021 21:30,-0.840698,3.70182,2.861122
2/27/2021 22:00,0.3971566,2.37524,2.7723966
2/27/2021 22:30,0.3435783,2.38905,2.7326283
2/27/2021 23:00,-5.9758156,8.75909,2.7832744
2/27/2021 23:30,0.34557,2.39529,2.74086
2/28/2021 0:00,-7.7217861,10.4146,2.6928139
2/28/2021 0:30,-12.525032,15.2004,2.675368
2/28/2021 1:00,3.3703275,-0.720841,2.6494865
2/28/2021 1:30,-9.7454496,12.4306,2.6851504
2/28/2021 2:00,-6.0062013,8.75909,2.7528887
2/28/2021 2:30,3.9975298,-1.18872,2.8088098
2/28/2021 3:00,0.7494777,2.05481,2.8042877
2/28/2021 3:30,-1.9386223,4.73647,2.7978477
2/28/2021 4:00,-0.5977717,3.39564,2.7978683
2/28/2021 4:30,0.1194382,2.66718,2.7866182
2/28/2021 5:00,1.237665,1.54301,2.780675
2/28/2021 5:30,1.5469855,1.21448,2.7614655
2/28/2021 6:00,0.8740098,1.85636,2.7303698
2/28/2021 6:30,1.1660784,1.54519,2.7112684
2/28/2021 7:00,1.4933235,1.24117,2.7344935
2/28/2021 7:30,1.8455948,0.912746,2.7583408
2/28/2021 8:00,0.6550785,2.10907,2.7641485
2/28/2021 8:30,0.579086,2.21045,2.789536
2/28/2021 9:00,3.5107035,-0.695857,2.8148465
2/28/2021 9:30,4.495969,-1.62925,2.866719
2/28/2021 10:00,3.866649,-0.955384,2.911265
2/28/2021 10:30,4.1313745,-1.20652,2.9248545
2/28/2021 11:00,4.0595728,-1.1569,2.9026728
2/28/2021 11:30,0.5377174,2.40415,2.9418674
2/28/2021 12:00,5.298634,-2.2949,3.003734
2/28/2021 12:30,4.8832379,-1.80968,3.0735579
2/28/2021 13:00,6.445213,-3.28761,3.157603
2/28/2021 13:30,11.3463577,-8.11471,3.2316477
2/28/2021 14:00,7.281374,-3.99709,3.284284
2/28/2021 14:30,8.0978235,-4.79751,3.3003135
2/28/2021 15:00,6.842708,-3.52933,3.313378
2/28/2021 15:30,4.8067052,-1.45382,3.3528852
2/28/2021 16:00,6.0708239,-2.72212,3.3487039
2/28/2021 16:30,5.3352284,-1.97105,3.3641784
2/28/2021 17:00,3.395088,-0.063956,3.331132
2/28/2021 17:30,1.5080902,1.76856,3.2766502
2/28/2021 18:00,1.4270618,1.81406,3.2411218
2/28/2021 18:30,0.6176375,2.60158,3.2192175
2/28/2021 19:00,0.1243434,3.06656,3.1909034
2/28/2021 19:30,0.0605583,3.11095,3.1715083
2/28/2021 20:00,0.2387624,2.91786,3.1566224
2/28/2021 20:30,0.327997,2.81651,3.144507
2/28/2021 21:00,0.48937,2.65414,3.14351
2/28/2021 21:30,0.4730324,2.66057,3.1336024
2/28/2021 22:00,0.2548177,2.87342,3.1282377
2/28/2021 22:30,0.9190164,2.2149,3.1339164
2/28/2021 23:00,0.3282959,2.79717,3.1254659
2/28/2021 23:30,-0.0811175,3.20464,3.1235225
3/1/2021 0:00,0.2969054,2.82384,3.1207454
3/1/2021 0:30,0.5774957,2.52711,3.1046057
3/1/2021 1:00,0.1173588,2.97254,3.0898988
3/1/2021 1:30,-0.0440375,3.1384,3.0943625
3/1/2021 2:00,0.5784356,2.51489,3.0933256
3/1/2021 2:30,-0.0095795,3.1021,3.0925205
3/1/2021 3:00,0.1267831,2.96049,3.0872731
3/1/2021 3:30,0.259709,2.82352,3.083229
3/1/2021 4:00,-0.1591792,3.24389,3.0847108
3/1/2021 4:30,-0.0314486,3.12784,3.0963914
3/1/2021 5:00,0.2168778,2.89032,3.1071978
3/1/2021 5:30,-0.2265016,3.34327,3.1167684
3/1/2021 6:00,-0.355365,3.48043,3.125065
3/1/2021 6:30,0.2352412,2.89325,3.1284912
3/1/2021 7:00,0.5149071,2.61289,3.1277971
3/1/2021 7:30,1.5178826,1.61533,3.1332126
3/1/2021 8:00,2.2191142,0.935259,3.1543732
3/1/2021 8:30,3.3504832,-0.146133,3.2043502
3/1/2021 9:00,4.065355,-0.816873,3.248482
3/1/2021 9:30,5.837775,-2.54419,3.293585
3/1/2021 10:00,4.2027825,-0.917889,3.2848935
3/1/2021 10:30,4.510162,-1.2277,3.282462
3/1/2021 11:00,2.902171,0.103994,3.006165
3/1/2021 11:30,3.5515323,-0.517252,3.0342803
3/1/2021 12:00,3.1227808,-0.11694,3.0058408
3/1/2021 12:30,3.66209,-0.686557,2.975533
3/1/2021 13:00,2.9670158,0.0424768,3.0094926
3/1/2021 13:30,2.9475292,0.0424768,2.990006
3/1/2021 14:00,3.6364107,-0.640672,2.9957387
3/1/2021 14:30,3.7751553,-0.757421,3.0177343
3/1/2021 15:00,3.269363,-0.247963,3.0214
3/1/2021 15:30,3.0692105,-0.038783,3.0304275
3/1/2021 16:00,3.494876,-0.453467,3.041409
3/1/2021 16:30,3.3717418,-0.315547,3.0561948
3/1/2021 17:00,2.040492,1.0024,3.042892
3/1/2021 17:30,0.6051604,2.41447,3.0196304
3/1/2021 18:00,0.5355567,2.46007,2.9956267
3/1/2021 18:30,0.5163194,2.46007,2.9763894
3/1/2021 19:00,0.467176,2.46007,2.927246
3/1/2021 19:30,0.39322,2.46007,2.85329
3/1/2021 20:00,0.335206,2.46007,2.795276
3/1/2021 20:30,0.360241,2.46007,2.820311
3/1/2021 21:00,0.3721477,2.46007,2.8322177
3/1/2021 21:30,0.3559045,2.46007,2.8159745
3/1/2021 22:00,0.3323401,2.46007,2.7924101
3/1/2021 22:30,0.2870718,2.46007,2.7471418
3/1/2021 23:00,0.2266575,2.46007,2.6867275
3/1/2021 23:30,0.2045764,2.46007,2.6646464
3/2/2021 0:00,0.170455,2.46007,2.630525
3/2/2021 0:30,0.1813609,2.46007,2.6414309
3/2/2021 1:00,0.1949788,2.46007,2.6550488
3/2/2021 1:30,0.1872703,2.46007,2.6473403
3/2/2021 2:00,0.1526896,2.46007,2.6127596
3/2/2021 2:30,0.0690535,2.46007,2.5291235
3/2/2021 3:00,0.0624255,2.46007,2.5224955
3/2/2021 3:30,0.0295595,2.46007,2.4896295
3/2/2021 4:00,0.5459796,1.93497,2.4809496
3/2/2021 4:30,-0.0229185,2.52422,2.5013015
3/2/2021 5:00,-0.0056683,2.46007,2.4544017
3/2/2021 5:30,1.601536,0.806631,2.408167
3/2/2021 6:00,-0.0496334,2.46007,2.4104366
3/2/2021 6:30,-0.0197803,2.46007,2.4402897
3/2/2021 7:00,0.0401408,2.41447,2.4546108
3/2/2021 7:30,2.1448403,0.287065,2.4319053
3/2/2021 8:00,3.3425942,-0.889278,2.4533162
3/2/2021 8:30,3.506759,-1.00065,2.506109
3/2/2021 9:00,4.9143576,-2.37803,2.5363276
3/2/2021 9:30,5.5655483,-3.02043,2.5451183
3/2/2021 10:00,5.8349158,-3.27269,2.5622258
3/2/2021 10:30,6.991873,-4.39669,2.595183
3/2/2021 11:00,7.3620685,-4.72221,2.6398585
3/2/2021 11:30,8.8965737,-6.20491,2.6916637
3/2/2021 12:00,9.0508556,-6.34569,2.7051656
3/2/2021 12:30,8.1706447,-5.45946,2.7111847
3/2/2021 13:00,7.022687,-4.35157,2.671117
3/2/2021 13:30,7.161176,-4.48465,2.676526
3/2/2021 14:00,6.354285,-3.67175,2.682535
3/2/2021 14:30,5.2246584,-2.55674,2.6679184
3/2/2021 15:00,4.930265,-2.2694,2.660865
3/2/2021 15:30,4.7445977,-2.10391,2.6406877
3/2/2021 16:00,5.2216786,-2.64897,2.5727086
3/2/2021 16:30,4.7651751,-2.23243,2.5327451
3/2/2021 17:00,3.6506849,-1.14569,2.5049949
3/2/2021 17:30,0.24713,2.2223,2.46943
3/2/2021 18:00,1.6068347,0.816626,2.4234607
3/2/2021 18:30,0.7878687,1.59023,2.3780987
3/2/2021 19:00,0.2893797,2.05875,2.3481297
3/2/2021 19:30,0.6238245,1.69585,2.3196745
3/2/2021 20:00,0.250578,2.05856,2.309138
3/2/2021 20:30,-0.161247,2.45749,2.296243
3/2/2021 21:00,0.4016576,1.88765,2.2893076
3/2/2021 21:30,0.423193,1.84951,2.272703
3/2/2021 22:00,0.1334515,2.11186,2.2453115
3/2/2021 22:30,0.52633,1.7046,2.23093
3/2/2021 23:00,0.1660967,2.06006,2.2261567
3/2/2021 23:30,-0.2682908,2.51275,2.2444592
3/3/2021 0:00,-0.26102,2.495,2.23398
3/3/2021 0:30,-0.2727178,2.495,2.2222822
3/3/2021 1:00,0.9691165,1.29531,2.2644265
3/3/2021 1:30,-1.0773185,3.36386,2.2865415
3/3/2021 2:00,1.1656002,1.12547,2.2910702
3/3/2021 2:30,-0.231533,2.495,2.263467
3/3/2021 3:00,0.5107495,1.74872,2.2594695
3/3/2021 3:30,-0.2469274,2.495,2.2480726
3/3/2021 4:00,-0.2449757,2.495,2.2500243
3/3/2021 4:30,-0.2150801,2.495,2.2799199
3/3/2021 5:00,-0.208873,2.495,2.286127
3/3/2021 5:30,-0.2061838,2.495,2.2888162
3/3/2021 6:00,0.3771129,1.92996,2.3070729
3/3/2021 6:30,0.5838642,1.71187,2.2957342
3/3/2021 7:00,0.4410864,1.89614,2.3372264
3/3/2021 7:30,-1.3273632,3.72492,2.3975568
3/3/2021 8:00,2.7489718,-0.301139,2.4478328
3/3/2021 8:30,3.3068507,-0.78684,2.5200107
3/3/2021 9:00,3.4471737,-0.889278,2.5578957
3/3/2021 9:30,3.6634967,-1.05586,2.6076367
3/3/2021 10:00,3.9157913,-1.27155,2.6442413
3/3/2021 10:30,4.709266,-2.0101,2.699166
3/3/2021 11:00,6.063877,-3.28513,2.778747
3/3/2021 11:30,5.5606577,-2.71808,2.8425777
3/3/2021 12:00,6.263868,-3.3774,2.886468
3/3/2021 12:30,8.8077346,-5.85452,2.9532146
3/3/2021 13:00,9.3752077,-6.3606,3.0146077
3/3/2021 13:30,9.0258898,-5.9772,3.0486898
3/3/2021 14:00,9.2389962,-6.19562,3.0433762
3/3/2021 14:30,7.7737167,-4.73894,3.0347767
3/3/2021 15:00,6.743506,-3.69772,3.045786
3/3/2021 15:30,7.6069863,-4.55864,3.0483463
3/3/2021 16:00,5.732913,-2.69266,3.040253
3/3/2021 16:30,5.2854284,-2.25027,3.0351584
3/3/2021 17:00,4.1275922,-1.08488,3.0427122
3/3/2021 17:30,4.124117,-1.13157,2.992547
3/3/2021 18:00,0.4281565,2.46357,2.8917265
3/3/2021 18:30,0.2219064,2.49293,2.7148364
3/3/2021 19:00,0.057428,2.49312,2.550548
3/3/2021 19:30,-0.01995,2.4925,2.47255
3/3/2021 20:00,-0.0976414,2.49387,2.3962286
3/3/2021 20:30,-0.153886,2.49417,2.340284
3/3/2021 21:00,-0.1987048,2.49327,2.2945652
3/3/2021 21:30,-0.227492,2.49691,2.269418
3/3/2021 22:00,-0.2619612,2.49805,2.2360888
3/3/2021 22:30,0.2885529,1.91036,2.1989129
3/3/2021 23:00,0.2597714,1.91036,2.1701314
3/3/2021 23:30,0.244715,1.91036,2.155075
3/4/2021 0:00,0.2042624,1.91036,2.1146224
3/4/2021 0:30,-0.4185013,2.51009,2.0915887
3/4/2021 1:00,-0.4477688,2.51554,2.0677712
3/4/2021 1:30,-0.4485785,2.52096,2.0723815
3/4/2021 2:00,-0.4793615,2.52827,2.0489085
3/4/2021 2:30,-0.4551435,2.52979,2.0746465
3/4/2021 3:00,-0.4299846,2.53684,2.1068554
3/4/2021 3:30,-0.44737,2.54073,2.09336
3/4/2021 4:00,-0.5303395,2.54841,2.0180705
3/4/2021 4:30,-0.5397338,2.55727,2.0175362
3/4/2021 5:00,-0.468138,2.56765,2.099512
3/4/2021 5:30,7.21129,1.25925,8.47054
3/4/2021 6:00,-0.410036,2.58741,2.177374
3/4/2021 6:30,0.0254573,2.03013,2.0555873
3/4/2021 7:00,0.0867304,2.03013,2.1168604
3/4/2021 7:30,3.0000987,-0.78684,2.2132587
3/4/2021 8:00,3.7076649,-1.32416,2.3835049
3/4/2021 8:30,4.665094,-2.04997,2.615124
3/4/2021 9:00,5.5361257,-2.72489,2.8112357
3/4/2021 9:30,6.6153937,-3.68111,2.9342837
3/4/2021 10:00,7.7711172,-4.74474,3.0263772
3/4/2021 10:30,8.0848555,-4.9895,3.0953555
3/4/2021 11:00,8.9329564,-5.77178,3.1611764
3/4/2021 11:30,8.8029508,-5.59606,3.2068908
3/4/2021 12:00,9.5189336,-6.29789,3.2210436
3/4/2021 12:30,10.1582952,-6.92046,3.2378352
3/4/2021 13:00,9.9317953,-6.6728,3.2589953
3/4/2021 13:30,9.6821173,-6.42061,3.2615073
3/4/2021 14:00,9.2253188,-5.96689,3.2584288
3/4/2021 14:30,8.7186685,-5.47047,3.2481985
3/4/2021 15:00,8.2434482,-4.98971,3.2537382
3/4/2021 15:30,7.8835708,-4.62631,3.2572608
3/4/2021 16:00,6.4920136,-3.25744,3.2345736
3/4/2021 16:30,5.551837,-2.34151,3.210327
3/4/2021 17:00,4.1652847,-1.04593,3.1193547
3/4/2021 17:30,3.5972645,-0.662492,2.9347725
3/4/2021 18:00,0.2288825,2.61757,2.8464525
3/4/2021 18:30,0.137408,2.58741,2.724818
3/4/2021 19:00,1.4107408,1.23309,2.6438308
3/4/2021 19:30,0.4946495,2.11364,2.6082895
3/4/2021 20:00,-1.1570778,3.72492,2.5678422
3/4/2021 20:30,-0.0323148,2.56965,2.5373352
3/4/2021 21:00,-0.139169,2.55764,2.418471
3/4/2021 21:30,-0.2632844,2.55443,2.2911456
3/4/2021 22:00,1.7834078,0.430705,2.2141128
3/4/2021 22:30,-0.31812,2.55021,2.23209
3/4/2021 23:00,-0.294726,2.48905,2.194324
3/4/2021 23:30,-0.2837299,2.48905,2.2053201
3/5/2021 0:00,-0.030997,2.31831,2.287313
3/5/2021 0:30,-0.093644,2.48905,2.395406
3/5/2021 1:00,2.3960207,0.08815,2.4841707
3/5/2021 1:30,-0.0316173,2.48905,2.4574327
3/5/2021 2:00,0.2792052,2.14805,2.4272552
3/5/2021 2:30,0.128648,2.30653,2.435178
3/5/2021 3:00,1.478568,0.955621,2.434189
3/5/2021 3:30,0.4585793,1.92996,2.3885393
3/5/2021 4:00,1.0312495,1.34938,2.3806295
3/5/2021 4:30,-1.6975605,4.15331,2.4557495
3/5/2021 5:00,0.0978153,2.36849,2.4663053
3/5/2021 5:30,-0.628836,3.07524,2.446404
3/5/2021 6:00,1.2952415,1.12547,2.4207115
3/5/2021 6:30,0.3672608,2.08487,2.4521308
3/5/2021 7:00,-0.0211756,2.47788,2.4567044
3/5/2021 7:30,3.2996773,-0.754213,2.5454643
3/5/2021 8:00,3.9080543,-1.29004,2.6180143
3/5/2021 8:30,4.642757,-1.99043,2.652327
3/5/2021 9:00,5.2686557,-2.56257,2.7060857
3/5/2021 9:30,6.6050222,-3.83674,2.7682822
3/5/2021 10:00,8.048972,-5.22413,2.824842
3/5/2021 10:30,8.2900867,-5.42242,2.8676667
3/5/2021 11:00,8.8900095,-5.94829,2.9417195
3/5/2021 11:30,9.5306533,-6.56175,2.9689033
3/5/2021 12:00,9.7468168,-6.73604,3.0107768
3/5/2021 12:30,10.105125,-7.04759,3.057535
3/5/2021 13:00,10.01549,-6.92046,3.09503
3/5/2021 13:30,10.993302,-7.83883,3.154472
3/5/2021 14:00,9.5431027,-6.3643,3.1788027
3/5/2021 14:30,8.8346203,-5.61896,3.2156603
3/5/2021 15:00,7.7920504,-4.55438,3.2376704
3/5/2021 15:30,7.8797585,-4.62631,3.2534485
3/5/2021 16:00,6.5221954,-3.25906,3.2631354
3/5/2021 16:30,5.412734,-2.16114,3.251594
3/5/2021 17:00,4.2962259,-1.04593,3.2502959
3/5/2021 17:30,3.8555498,-0.659796,3.1957538
3/5/2021 18:00,0.709812,2.397,3.106812
3/5/2021 18:30,0.3622003,2.54392,2.9061203
3/5/2021 19:00,0.2016066,2.54392,2.7455266
3/5/2021 19:30,-0.2217994,2.78811,2.5663106
3/5/2021 20:00,-0.3101864,2.78811,2.4779236
3/5/2021 20:30,-0.3404465,2.78811,2.4476635
3/5/2021 21:00,-0.3239167,2.78811,2.4641933
3/5/2021 21:30,-0.2625696,2.78811,2.5255404
3/5/2021 22:00,-0.330407,2.78811,2.457703
3/5/2021 22:30,2.007674,0.430705,2.438379
3/5/2021 23:00,-0.9324314,3.36607,2.4336386
3/5/2021 23:30,-0.9390816,3.36607,2.4269884
3/6/2021 0:00,-0.9371493,3.36607,2.4289207
3/6/2021 0:30,0.8235443,1.68228,2.5058243
3/6/2021 1:00,0.096491,2.31135,2.407841
3/6/2021 1:30,-0.8886816,3.36607,2.4773884
3/6/2021 2:00,-0.6562137,3.23861,2.5823963
3/6/2021 2:30,0.8919953,1.68228,2.5742753
3/6/2021 3:00,-0.4093027,2.9728,2.5634973
3/6/2021 3:30,-0.2179796,2.77354,2.5555604
3/6/2021 4:00,-0.0441517,2.56646,2.5223083
3/6/2021 4:30,0.188251,2.43447,2.622721
3/6/2021 5:00,0.958223,1.70001,2.658233
3/6/2021 5:30,0.1383122,2.31135,2.4496622
3/6/2021 6:00,2.114876,0.433998,2.548874
3/6/2021 6:30,0.253675,2.4403,2.693975
3/6/2021 7:00,0.338681,2.40717,2.745851
3/6/2021 7:30,3.1375341,-0.248188,2.8893461
3/6/2021 8:00,4.1879092,-1.04593,3.1419792
3/6/2021 8:30,5.3882924,-2.08296,3.3053324
3/6/2021 9:00,4.0116678,-0.708803,3.3028648
3/6/2021 9:30,6.6893345,-3.25906,3.4302745
3/6/2021 10:00,5.8021346,-2.33648,3.4656546
3/6/2021 10:30,8.6573186,-5.09284,3.5644786
3/6/2021 11:00,10.0995647,-6.48078,3.6187847
3/6/2021 11:30,8.9076876,-5.25283,3.6548576
3/6/2021 12:00,10.5894518,-6.89046,3.6989918
3/6/2021 12:30,9.998756,-6.2594,3.739356
3/6/2021 13:00,10.6699917,-6.88329,3.7867017
3/6/2021 13:30,10.3522514,-6.49254,3.8597114
3/6/2021 14:00,8.8139113,-4.95551,3.8584013
3/6/2021 14:30,7.1435602,-3.26715,3.8764102
3/6/2021 15:00,7.378973,-3.47771,3.901263
3/6/2021 15:30,7.6620472,-3.7463,3.9157472
3/6/2021 16:00,6.267415,-2.34333,3.924085
3/6/2021 16:30,4.4558732,-0.557909,3.8979642
3/6/2021 17:00,4.582564,-0.661082,3.921482
3/6/2021 17:30,4.7407706,-0.851867,3.8889036
3/6/2021 18:00,3.1660703,0.685337,3.8514073
3/6/2021 18:30,1.1614907,2.4403,3.6017907
3/6/2021 19:00,1.0415696,2.31257,3.3541396
3/6/2021 19:30,0.7129915,2.4403,3.1532915
3/6/2021 20:00,-0.6713892,3.89568,3.2242908
3/6/2021 20:30,1.3658338,1.92996,3.2957938
3/6/2021 21:00,-1.4781773,4.85971,3.3815327
3/6/2021 21:30,-2.657413,6.00888,3.351467
3/6/2021 22:00,-0.8658429,4.1987,3.3328571
3/6/2021 22:30,1.1823573,2.14482,3.3271773
3/6/2021 23:00,0.9867446,2.29052,3.2772646
3/6/2021 23:30,0.6187081,2.4403,3.0590081
3/7/2021 0:00,0.4693665,2.4403,2.9096665
3/7/2021 0:30,0.4551377,2.4403,2.8954377
3/7/2021 1:00,0.3262621,2.59753,2.9237921
3/7/2021 1:30,0.595299,2.31831,2.913609
3/7/2021 2:00,0.5830474,2.31831,2.9013574
3/7/2021 2:30,0.6096573,2.31831,2.9279673
3/7/2021 3:00,0.6835234,2.31831,3.0018334
3/7/2021 3:30,0.6148641,2.31831,2.9331741
3/7/2021 4:00,1.1664887,1.91036,3.0768487
3/7/2021 4:30,1.103858,2.03013,3.133988
3/7/2021 5:00,1.1192771,2.03013,3.1494071
3/7/2021 5:30,1.186528,2.03013,3.216658
3/7/2021 6:00,1.2711774,1.91036,3.1815374
3/7/2021 6:30,0.653041,2.52381,3.176851
3/7/2021 7:00,1.3072502,1.93305,3.2403002
3/7/2021 7:30,4.2193036,-0.834533,3.3847706
3/7/2021 8:00,4.4239623,-0.782859,3.6411033
3/7/2021 8:30,6.1901956,-2.32368,3.8665156
3/7/2021 9:00,6.6379753,-2.58735,4.0506253
3/7/2021 9:30,8.214463,-4.07241,4.142053
3/7/2021 10:00,8.2421016,-4.07241,4.1696916
3/7/2021 10:30,10.3588287,-6.10696,4.2518687
3/7/2021 11:00,10.3419708,-6.10089,4.2410808
3/7/2021 11:30,11.3657773,-7.07003,4.2957473
3/7/2021 12:00,10.7632068,-6.45661,4.3065968
3/7/2021 12:30,10.8076935,-6.53543,4.2722635
3/7/2021 13:00,11.2304695,-6.92046,4.3100095
3/7/2021 13:30,11.007062,-6.6728,4.334262
3/7/2021 14:00,10.5506216,-6.21619,4.3344316
3/7/2021 14:30,11.4166604,-7.08877,4.3278904
3/7/2021 15:00,11.0490293,-6.70264,4.3463893
3/7/2021 15:30,9.688507,-5.35433,4.334177
3/7/2021 16:00,7.299028,-2.9799,4.319128
3/7/2021 16:30,6.9707607,-2.67356,4.2972007
3/7/2021 17:00,6.0118716,-1.84078,4.1710916
3/7/2021 17:30,5.551465,-1.52431,4.027155
3/7/2021 18:00,2.0548967,1.84153,3.8964267
3/7/2021 18:30,2.4565466,1.26865,3.7251966
3/7/2021 19:00,1.0570292,2.54787,3.6048992
3/7/2021 19:30,0.7675128,2.76034,3.5278528
3/7/2021 20:00,0.023341,3.44692,3.470261
3/7/2021 20:30,0.009086,3.40418,3.413266
3/7/2021 21:00,0.0389136,3.35998,3.3988936
3/7/2021 21:30,0.7436185,2.52055,3.2641685
3/7/2021 22:00,0.6297433,2.51364,3.1433833
3/7/2021 22:30,0.4617507,2.51961,2.9813607
3/7/2021 23:00,0.3751854,2.51395,2.8891354
3/7/2021 23:30,0.310604,2.49956,2.810164
3/8/2021 0:00,0.299208,2.49266,2.791868
3/8/2021 0:30,0.2577722,2.49191,2.7496822
3/8/2021 1:00,0.234074,2.48123,2.715304
3/8/2021 1:30,0.2547343,2.46629,2.7210243
3/8/2021 2:00,0.2626592,2.46516,2.7278192
3/8/2021 2:30,0.2806218,2.45,2.7306218
3/8/2021 3:00,0.362785,2.43754,2.800325
3/8/2021 3:30,0.2803941,2.42789,2.7082841
3/8/2021 4:00,0.2146247,2.40697,2.6215947
3/8/2021 4:30,0.1678054,2.388,2.5558054
3/8/2021 5:00,0.1602008,2.37443,2.5346308
3/8/2021 5:30,0.2081862,2.34751,2.5556962
3/8/2021 6:00,0.3001335,2.31514,2.6152735
3/8/2021 6:30,0.3118995,2.29814,2.6100395
3/8/2021 7:00,1.3017377,1.3834,2.6851377
3/8/2021 7:30,3.4171935,-0.49221,2.9249835
3/8/2021 8:00,4.528383,-1.27413,3.254253
3/8/2021 8:30,6.0626978,-2.48934,3.5733578
3/8/2021 9:00,7.6809257,-3.77047,3.9104557
3/8/2021 9:30,8.315496,-4.22789,4.087606
3/8/2021 10:00,9.7988416,-5.62705,4.1717916
3/8/2021 10:30,9.9614782,-5.68784,4.2736382
3/8/2021 11:00,10.521624,-6.18261,4.339014
3/8/2021 11:30,9.2944714,-4.89985,4.3946214
3/8/2021 12:00,11.089273,-6.6576,4.431673
3/8/2021 12:30,13.018115,-8.53775,4.480365
3/8/2021 13:00,11.9905327,-7.4752,4.5153327
3/8/2021 13:30,12.326072,-7.7831,4.542972
3/8/2021 14:00,10.452464,-5.90346,4.549004
3/8/2021 14:30,8.3496581,-5.1645,3.185154
3/8/2021 15:00,--,-5.91023,19.444927
3/8/2021 15:30,--,-5.0221,3.2071824
3/8/2021 16:00,6.8704193,-3.66726,3.2031589
3/8/2021 16:30,5.5603783,-2.38637,3.1740072
3/8/2021 17:00,4.4329151,-1.26902,3.1639
3/8/2021 17:30,3.2661842,-0.171333,3.0948508
3/8/2021 18:00,2.8961745,0.038587,2.9347615
3/8/2021 18:30,--,2.57698,2.5962434
3/8/2021 19:00,0.927497,1.53356,2.461061
3/8/2021 19:30,-0.4322708,2.81,2.3777282
3/8/2021 20:00,-1.1044391,3.42184,2.3174047
3/8/2021 20:30,-1.5872713,3.85088,2.2636037
3/8/2021 21:00,-2.8953062,5.09728,2.2019708
3/8/2021 21:30,-1.7763045,3.98189,2.2055886
3/8/2021 22:00,--,1.85973,2.06045
3/8/2021 22:30,--,2.58778,1.8862348
3/8/2021 23:00,--,2.58427,1.764388
3/8/2021 23:30,--,-1.48875,1.6732042
3/9/2021 0:00,--,2.57272,1.7106723
3/9/2021 0:30,--,2.56356,1.6673774
3/9/2021 1:00,--,1.75736,1.6289436
3/9/2021 1:30,--,2.5493,1.6616521
3/9/2021 2:00,--,2.56098,1.5059295
3/9/2021 2:30,--,2.5575,1.4877107
3/9/2021 3:00,--,2.55452,1.4436342
3/9/2021 3:30,--,2.55449,1.4349903
3/9/2021 4:00,--,2.55174,1.3944457
3/9/2021 4:30,--,2.54933,1.3960991
3/9/2021 5:00,--,24.7387,1.3685899
3/9/2021 5:30,--,2.86546,1.4394449
3/9/2021 6:00,--,2.86395,1.3783207
3/9/2021 6:30,--,2.83757,1.4764202
3/9/2021 7:00,--,1.44786,1.535107
3/9/2021 7:30,--,0.268468,1.7014027
3/9/2021 8:00,--,-2.36751,2.150053
3/9/2021 8:30,-17.0670771,19.526,2.4589229
3/9/2021 9:00,4.586625,-1.81555,2.771076
3/9/2021 9:30,3.3544158,-0.296168,3.0582478
3/9/2021 10:00,8.2635948,-5.0054,3.2581978
3/9/2021 10:30,8.46782,-5.11789,3.34993
3/9/2021 11:00,9.5117989,-6.04227,3.4695315
3/9/2021 11:30,11.1917793,-7.63232,3.5594578
3/9/2021 12:00,9.0203762,-5.42355,3.5968266
3/9/2021 12:30,11.2195235,-7.58133,3.638197
3/9/2021 13:00,9.7316564,-6.05296,3.6786947
3/9/2021 13:30,10.8334618,-7.09649,3.7369723
3/9/2021 14:00,8.9940216,-5.19588,3.7981386
3/9/2021 14:30,10.0423715,-6.23188,3.8104918
3/9/2021 15:00,8.9648631,-5.13872,3.8261406
3/9/2021 15:30,6.3807046,-2.60328,3.7774274
3/9/2021 16:00,6.7177814,-2.90062,3.8171644
3/9/2021 16:30,4.8718988,-1.11813,3.753771
3/9/2021 17:00,4.138612,-0.534181,3.604431
3/9/2021 17:30,2.8855303,0.515331,3.4008613
3/9/2021 18:00,2.0049331,1.24411,3.2490394
3/9/2021 18:30,1.4304351,1.65162,3.082059
3/9/2021 19:00,1.8804073,1.08823,2.9686403
3/9/2021 19:30,0.862708,2.02378,2.886486
3/9/2021 20:00,0.5840367,2.25665,2.8406827
3/9/2021 20:30,0.6696579,2.17019,2.839843
3/9/2021 21:00,1.0562911,1.74581,2.8020968
3/9/2021 21:30,0.8278141,1.9208,2.748616
3/9/2021 22:00,0.80092734,1.94812,2.7490494
3/9/2021 22:30,0.5302747,2.14794,2.6782117
3/9/2021 23:00,0.8956243,1.78007,2.675691
3/9/2021 23:30,1.5234524,1.08641,2.6098604
3/10/2021 0:00,1.4758651,1.0913,2.5671692
3/10/2021 0:30,1.0096091,1.53302,2.5426261
3/10/2021 1:00,0.1724695,2.33393,2.5064015
3/10/2021 1:30,1.2060926,1.30541,2.5115042
3/10/2021 2:00,--,4.05618,2.480103
3/10/2021 2:30,--,2.05301,2.4673016
3/10/2021 3:00,--,3.81708,2.4737492
3/10/2021 3:30,--,3.72492,2.429475
3/10/2021 4:00,--,1.42942,2.3735836
3/10/2021 4:30,--,-1.96297,2.3713498
3/10/2021 5:00,--,1.39257,2.327006
3/10/2021 5:30,--,3.75366,2.315342
3/10/2021 6:00,--,2.69717,2.2574627
3/10/2021 6:30,--,3.7421,1.9750743
3/10/2021 7:00,--,5.41878,1.8901793
3/10/2021 7:30,--,15.9998,2.0510132
3/10/2021 8:00,7.9184533,-5.44677,2.4716833
3/10/2021 8:30,6.3895264,-3.54264,2.8468814
3/10/2021 9:00,6.3573946,-3.21381,3.1435876
3/10/2021 9:30,7.46722,-4.08549,3.381728
3/10/2021 10:00,6.4454247,-2.87162,3.5738087
3/10/2021 10:30,7.9013324,-4.16888,3.7324514
3/10/2021 11:00,7.5777793,-3.73737,3.8404071
3/10/2021 11:30,9.1292082,-5.19122,3.9379916
3/10/2021 12:00,9.7489521,-5.72434,4.024616
3/10/2021 12:30,9.6648707,-5.591,4.0738688
3/10/2021 13:00,9.76631483,-5.66462,4.101691
3/10/2021 13:30,9.63969434,-5.51443,4.1252623
3/10/2021 14:00,8.7371983,-4.61463,4.1225634
3/10/2021 14:30,9.0769034,-4.96705,4.109852
3/10/2021 15:00,8.57855616,-4.47336,4.105195
3/10/2021 15:30,7.7160451,-3.6159,4.1001496
3/10/2021 16:00,6.90112,-2.82743,4.073687
3/10/2021 16:30,5.9211708,-1.92786,3.9933078
3/10/2021 17:00,5.0157402,-1.11135,3.9043863
3/10/2021 17:30,3.47611325,0.279812,3.7559257
3/10/2021 18:00,1.4724085,2.10075,3.5731559
3/10/2021 18:30,0.313631,3.0355,3.349129
3/10/2021 19:00,0.9720556,2.24085,3.2129056
3/10/2021 19:30,0.4153967,2.7331,3.1484995
3/10/2021 20:00,0.83504178,2.24731,3.0823538
3/10/2021 20:30,1.0820751,1.93181,3.013884
3/10/2021 21:00,0.1201448,2.82686,2.9470055
3/10/2021 21:30,-1.5348686,4.42711,2.8922374
3/10/2021 22:00,-0.0339741,2.86224,2.8282635
3/10/2021 22:30,-0.9450807,3.76012,2.8150437
3/10/2021 23:00,-0.122785,2.89327,2.7704837
3/10/2021 23:30,-2.1341633,4.86332,2.7291617
3/11/2021 0:00,-1.5496281,4.27123,2.7216005
3/11/2021 0:30,-2.5785843,5.29448,2.7158957
3/11/2021 1:00,-3.6792715,6.27441,2.5951405
3/11/2021 1:30,--,3.57909,2.4833953
3/11/2021 2:00,-3.8069242,6.39432,2.5873938
3/11/2021 2:30,--,2.60649,2.383632
3/11/2021 3:00,--,3.40124,2.2355378
3/11/2021 3:30,--,4.94633,2.2103226
3/11/2021 4:00,--,6.50666,2.0873647
3/11/2021 4:30,--,3.66792,2.029194
3/11/2021 5:00,--,3.66792,1.9896908
3/11/2021 5:30,--,8.7881,2.0733104
3/11/2021 6:00,--,8.3899,1.9841417
3/11/2021 6:30,--,4.30899,2.1095712
3/11/2021 7:00,--,8.62406,2.313366
3/11/2021 7:30,-12.6252014,15.2232,2.5979946
3/11/2021 8:00,2.361731,0.60926,2.970991
3/11/2021 8:30,3.7852014,-0.508958,3.2762434
3/11/2021 9:00,7.1998719,-3.60897,3.5909069
3/11/2021 9:30,6.0665525,-2.31493,3.7516215
3/11/2021 10:00,8.0368686,-4.16521,3.8716626
3/11/2021 10:30,9.2906917,-5.34908,3.941612
3/11/2021 11:00,10.47064864,-6.43203,4.03862
3/11/2021 11:30,11.0897946,-6.98553,4.1042633
3/11/2021 12:00,11.34102568,-7.19676,4.14427
3/11/2021 12:30,12.6010225,-8.40627,4.1947546
3/11/2021 13:00,12.6007233,-8.37221,4.2285113
3/11/2021 13:30,11.5736616,-7.30226,4.2713985
3/11/2021 14:00,10.531029,-6.23521,4.2958207
3/11/2021 14:30,9.8138903,-5.50001,4.3138833
3/11/2021 15:00,10.0155349,-5.67683,4.3387065
3/11/2021 15:30,8.8272938,-4.51932,4.307975
3/11/2021 16:00,8.4591055,-4.17111,4.287992
3/11/2021 16:30,7.5033782,-3.2745,4.2288747
3/11/2021 17:00,5.8162442,-1.66552,4.1507206
3/11/2021 17:30,--,5.84182,4.018179
3/11/2021 18:00,2.494625,1.37633,3.870951
3/11/2021 18:30,1.5426293,2.20886,3.7514865
3/11/2021 19:00,1.6742702,2.04067,3.7149432
3/11/2021 19:30,1.3871229,2.31668,3.7038019
3/11/2021 20:00,1.73761425,1.94552,3.6831293
3/11/2021 20:30,1.8541128,1.80015,3.6542678
3/11/2021 21:00,1.53478,2.09162,3.6264048
3/11/2021 21:30,1.2436836,2.31425,3.557934
3/11/2021 22:00,1.3229874,2.16268,3.4856684
3/11/2021 22:30,1.1155409,2.32919,3.4447327
3/11/2021 23:00,1.334461,2.05961,3.3940756
3/11/2021 23:30,1.1808616,2.16654,3.3474028
3/12/2021 0:00,1.6401734,1.67,3.3101766
3/12/2021 0:30,1.5009034,1.77161,3.2725184
3/12/2021 1:00,1.1279952,2.12626,3.2542503
3/12/2021 1:30,1.08044846,2.15147,3.231922
3/12/2021 2:00,1.2170575,2.04548,3.2625377
3/12/2021 2:30,1.3946407,1.89422,3.2888608
3/12/2021 3:00,1.1946758,2.0812,3.2758803
3/12/2021 3:30,1.1600384,2.07001,3.2300456
3/12/2021 4:00,1.5306653,1.64894,3.1796093
3/12/2021 4:30,1.6477674,1.49534,3.1431124
3/12/2021 5:00,0.9227688,2.18333,3.1060948
3/12/2021 5:30,0.7131476,2.39315,3.1063006
3/12/2021 6:00,1.0432274,2.08512,3.1283467
3/12/2021 6:30,1.6295271,1.47124,3.1007648
3/12/2021 7:00,0.6567024,2.47447,3.1311738
3/12/2021 7:30,--,11.515,3.3115346
3/12/2021 8:00,4.6838448,-1.10525,3.5785978
3/12/2021 8:30,5.034175,-1.30018,3.733992
3/12/2021 9:00,7.0017334,-3.13216,3.8695745
3/12/2021 9:30,7.0477136,-3.03843,4.009279
3/12/2021 10:00,8.507816,-4.35166,4.156158
3/12/2021 10:30,9.1235368,-4.87748,4.246053
3/12/2021 11:00,10.7339789,-6.37932,4.3546586
3/12/2021 11:30,10.7814437,-6.37071,4.4107356
3/12/2021 12:00,11.8208633,-7.31983,4.501033
3/12/2021 12:30,11.7493726,-7.16174,4.5876346
3/12/2021 13:00,10.8146317,-6.18686,4.627773
3/12/2021 13:30,8.0493282,-3.45559,4.593743
3/12/2021 14:00,10.1247587,-5.39774,4.7270155
3/12/2021 14:30,10.3655759,-5.61346,4.752111
3/12/2021 15:00,10.0504734,-5.26293,4.7875443
3/12/2021 15:30,8.8341446,-4.05308,4.781061
3/12/2021 16:00,7.7051076,-2.95913,4.7459726
3/12/2021 16:30,5.9683214,-1.29859,4.6697354
3/12/2021 17:00,4.8724984,-0.265616,4.606882
3/12/2021 17:30,4.1628509,0.344997,4.5078483
3/12/2021 18:00,--,8.99011,4.3311734
3/12/2021 18:30,--,3.63291,4.15992
3/12/2021 19:00,1.1874022,2.76266,3.9500582
3/12/2021 19:30,1.139831,2.76344,3.903276
3/12/2021 20:00,1.24754141,2.63522,3.8827617
3/12/2021 20:30,1.5376292,2.30742,3.845051
3/12/2021 21:00,1.5724534,2.2406,3.8130574
3/12/2021 21:30,2.1378714,1.63509,3.7729654
3/12/2021 22:00,1.7988102,2.02409,3.822898
3/12/2021 22:30,2.3367111,1.5604,3.8971121
3/12/2021 23:00,2.5264713,1.41612,3.9425912
3/12/2021 23:30,2.8909987,0.97621,3.8672087
3/13/2021 0:00,--,3.64393,3.7153435
3/13/2021 0:30,--,3.78073,3.589387
3/13/2021 1:00,--,3.76953,3.5523365
3/13/2021 1:30,--,12.6952,3.4606047
3/13/2021 2:00,--,1.36378,3.4873998
3/13/2021 2:30,2.2343086,1.23222,3.4665246
3/13/2021 3:00,--,1.65212,3.4368908
3/13/2021 3:30,--,1.36378,3.4327776
3/13/2021 4:00,--,1.65088,3.3943942
3/13/2021 4:30,-30.061558,33.4492,3.387629
3/13/2021 5:00,--,1.61592,3.3490763
3/13/2021 5:30,-0.7135965,3.98002,3.2664235
3/13/2021 6:00,--,1.70406,3.2875795
3/13/2021 6:30,--,2.83283,3.2687087
3/13/2021 7:00,--,3.3236,3.2360892
3/13/2021 7:30,--,17.6998,3.3237102
3/13/2021 8:00,--,5.23796,3.5588517
3/13/2021 8:30,8.5550832,-4.83102,3.7240632
3/13/2021 9:00,5.5801755,-1.7622,3.8179765
3/13/2021 9:30,8.732592,-4.82249,3.910107
3/13/2021 10:00,11.0195053,-7.04649,3.9730191
3/13/2021 10:30,12.321983,-8.30669,4.0152936
3/13/2021 11:00,11.3036709,-7.32533,3.9783416
3/13/2021 11:30,12.0693046,-8.09666,3.9726474
3/13/2021 12:00,11.0544358,-7.13087,3.9235678
3/13/2021 12:30,12.0034839,-8.08022,3.9232676
3/13/2021 13:00,13.1505213,-9.20647,3.944051
3/13/2021 13:30,12.8257666,-8.94865,3.87712
3/13/2021 14:00,11.6409283,-7.78937,3.8515563
3/13/2021 14:30,10.5628894,-6.75531,3.8075774
3/13/2021 15:00,8.0215281,-4.31734,3.7041907
3/13/2021 15:30,7.5775952,-4.01714,3.5604515
3/13/2021 16:00,6.8038989,-3.29493,3.5089667
3/13/2021 16:30,5.0510811,-1.61483,3.4362485
3/13/2021 17:00,5.153709,-1.77293,3.380775
3/13/2021 17:30,3.7785059,-0.466668,3.3118377
3/13/2021 18:00,2.7283522,0.488201,3.2165527
3/13/2021 18:30,1.8931802,1.20219,3.0953712
3/13/2021 19:00,--,1.38305,2.9749987
3/13/2021 19:30,-1.3506157,4.25263,2.9020123
3/13/2021 20:00,-0.384847,3.29107,2.906222
3/13/2021 20:30,-0.9903734,3.85974,2.8693626
3/13/2021 21:00,-0.5711116,3.43479,2.863682
3/13/2021 21:30,--,3.56724,2.8146951
3/13/2021 22:00,--,0.931119,2.6278787
3/13/2021 22:30,--,1.23663,2.5220253
3/13/2021 23:00,--,3.53717,2.5004737
3/13/2021 23:30,--,6.50666,2.3796396
3/14/2021 0:00,--,10.0105,2.2859437
3/14/2021 0:30,--,8.3899,2.229195
3/14/2021 1:00,--,8.3899,2.160837
3/14/2021 1:30,1.2476057,0.905831,2.153437
3/14/2021 2:00,--,8.3899,2.1297271
3/14/2021 2:30,--,1.86443,22.151802
3/14/2021 3:00,--,1.91575,22.158491
3/14/2021 3:30,--,3.4989,2.0912535
3/14/2021 4:00,--,8.3899,2.1497176
3/14/2021 4:30,--,3.48141,2.098377
3/14/2021 5:00,--,3.47413,2.065059
3/14/2021 5:30,--,3.44694,2.0834653
3/14/2021 6:00,--,3.43973,2.0316617
3/14/2021 6:30,--,3.43262,2.0040793
3/14/2021 7:00,--,3.42599,1.9923847
3/14/2021 7:30,--,3.35357,1.9523932
3/14/2021 8:00,--,9.58804,2.0662985
3/14/2021 8:30,--,3.5384,2.3397994
3/14/2021 9:00,--,-2.99246,2.8869655
3/14/2021 9:30,9.167135,-5.88247,3.284665
3/14/2021 10:00,8.47582,-4.9779,3.497917
3/14/2021 10:30,7.753911,-4.09992,3.653991
3/14/2021 11:00,9.2248558,-5.51853,3.7063258
3/14/2021 11:30,8.832485,-5.05843,3.774058
3/14/2021 12:00,9.5915714,-5.70709,3.8844764
3/14/2021 12:30,9.8656473,-5.87969,3.9859543
3/14/2021 13:00,12.5092054,-8.4193,4.0899024
3/14/2021 13:30,11.1838366,-7.044,4.139839
3/14/2021 14:00,9.9667147,-5.824,4.142714
3/14/2021 14:30,11.5027403,-7.25147,4.251275
3/14/2021 15:00,10.1200154,-5.84678,4.273237
3/14/2021 15:30,10.0566029,-5.69155,4.36505
3/14/2021 16:00,10.1664169,-5.73269,4.4337225
3/14/2021 16:30,8.307581,-3.90006,4.407524
3/14/2021 17:00,6.2749003,-1.97834,4.2965603
3/14/2021 17:30,5.821177,-1.57311,4.248066
3/14/2021 18:00,4.5717983,-0.411399,4.160399
3/14/2021 18:30,3.8185153,0.257296,4.075811
3/14/2021 19:00,3.0923774,0.854642,3.9470196
3/14/2021 19:30,--,3.42462,3.7697866
3/14/2021 20:00,--,3.41609,3.6699548
3/14/2021 20:30,--,3.40914,3.5671785
3/14/2021 21:00,--,3.40346,3.5104184
3/14/2021 21:30,--,3.39687,3.4165294
3/14/2021 22:00,--,3.38993,3.2405014
3/14/2021 22:30,--,3.38193,3.0905936
3/14/2021 23:00,--,3.37409,3.0736961
3/14/2021 23:30,--,3.3674,3.111952
3/15/2021 0:00,3.6047554,-0.488039,3.1167164
3/15/2021 0:30,-7.8433634,10.8928,3.0494666
3/15/2021 1:00,1.0326408,2.29661,3.3292508
3/15/2021 1:30,0.4844857,2.88214,3.3666217
3/15/2021 2:00,1.75207525,1.49086,3.2429354
3/15/2021 2:30,-0.1813868,3.41829,3.2369022
3/15/2021 3:00,1.8277205,1.28383,3.1115532
3/15/2021 3:30,1.1015854,1.83786,2.9394484
3/15/2021 4:00,0.6831154,2.23142,2.9145334
3/15/2021 4:30,1.5166459,1.31529,2.8319309
3/15/2021 5:00,0.6168833,2.12965,2.7465284
3/15/2021 5:30,0.286343,2.58235,2.86869
3/15/2021 6:00,1.1510148,1.65289,2.8039083
3/15/2021 6:30,1.3344063,1.35185,2.6862612
3/15/2021 7:00,2.0571695,0.512562,2.5697315
3/15/2021 7:30,--,3.15096,2.4636338
3/15/2021 8:00,-0.1125847,2.67055,2.5579603
3/15/2021 8:30,1.8768539,0.904713,2.7815669
3/15/2021 9:00,4.3588641,-1.40515,2.9537182
3/15/2021 9:30,5.1745671,-2.10863,3.065938
3/15/2021 10:00,5.444092,-2.29495,3.149144
3/15/2021 10:30,7.638103,-4.44943,3.18867
3/15/2021 11:00,9.8029889,-6.59998,3.2030096
3/15/2021 11:30,10.451591,-7.2641,3.1874926
3/15/2021 12:00,11.40122427,-8.19121,3.2100172
3/15/2021 12:30,10.60396763,-7.37176,3.2322094
3/15/2021 13:00,8.320969,-5.08564,3.2353246
3/15/2021 13:30,7.329948,-4.11833,3.211618
3/15/2021 14:00,9.6313861,-6.38767,3.2437181
3/15/2021 14:30,11.7218067,-8.40996,3.3118496
3/15/2021 15:00,9.9479272,-6.60397,3.3439605
3/15/2021 15:30,9.3256089,-5.98805,3.337562
3/15/2021 16:00,7.8782001,-4.56648,3.3117163
3/15/2021 16:30,9.0858757,-5.69451,3.3913627
3/15/2021 17:00,7.3612483,-4.08627,3.2749753
3/15/2021 17:30,6.1175124,-2.93853,3.1789863
3/15/2021 18:00,5.3371617,-2.31521,3.0219543
3/15/2021 18:30,3.4053584,-0.49067,2.914688
3/15/2021 19:00,--,3.10875,2.8554344
3/15/2021 19:30,1.827954,0.976779,2.804733
3/15/2021 20:00,1.6921687,1.09617,2.7883427
3/15/2021 20:30,2.2445665,0.534563,2.7791295
3/15/2021 21:00,1.448907,1.32249,2.771395
3/15/2021 21:30,--,1.3946,2.7272854
3/15/2021 22:00,2.2143023,0.497256,2.7115583
3/15/2021 22:30,1.6753428,1.02288,2.6982212
3/15/2021 23:00,2.05096843,0.650099,2.7010672
3/15/2021 23:30,2.2221917,0.478187,2.700379
3/16/2021 0:00,2.12264791,0.576243,2.6988912
3/16/2021 0:30,2.2237075,0.456013,2.6797202
3/16/2021 1:00,1.4400148,1.21472,2.6547308
3/16/2021 1:30,-1.445258,4.08971,2.644449
3/16/2021 2:00,0.968995,1.67224,2.641234
3/16/2021 2:30,1.94070877,0.719557,2.6602654
3/16/2021 3:00,1.5259962,1.13288,2.6588774
3/16/2021 3:30,1.8224868,0.841967,2.6644535
3/16/2021 4:00,1.3122381,1.34112,2.6533566
3/16/2021 4:30,--,1.31491,2.6172526
3/16/2021 5:00,-53.0529582,55.5372,2.4842718
3/16/2021 5:30,0.069215,2.40419,2.473405
3/16/2021 6:00,3.2943253,-0.8194,2.4749253
3/16/2021 6:30,-4.5065644,6.93938,2.4328156
3/16/2021 7:00,-14.2175226,16.6704,2.452839
3/16/2021 7:30,-13.4052787,15.874,2.4686813
3/16/2021 8:00,6.349887,-3.85282,2.497067
3/16/2021 8:30,-10.6671433,13.1963,2.5291467
3/16/2021 9:00,-5.511535,8.09898,2.587445
3/16/2021 9:30,-59.4425337,62.078,2.6354563
3/16/2021 10:00,-32.48269,35.1646,2.68195
3/16/2021 10:30,--,29.6345,2.7374752
3/16/2021 11:00,-93.813036,96.5862,2.773204
3/16/2021 11:30,-75.663931,78.4846,2.820709
3/16/2021 12:00,-40.3543298,43.2209,2.8665452
3/16/2021 12:30,-16.199322,19.1195,2.920153
3/16/2021 13:00,-23.5514355,26.5514,2.9999945
3/16/2021 13:30,-25.6494155,28.6914,3.0419445
3/16/2021 14:00,-70.5065549,73.5997,3.0931551
3/16/2021 14:30,32.1290552,-28.9612,3.1678252
3/16/2021 15:00,-36.8840382,40.1069,3.2228918
3/16/2021 15:30,--,27.5937,3.2780838
3/16/2021 16:00,--,21.0663,3.3406606
3/16/2021 16:30,-67.6756818,71.0758,3.4001122
3/16/2021 17:00,-97.9457243,101.381,3.4355757
3/16/2021 17:30,26.2841226,-22.8231,3.4610126
3/16/2021 18:00,-2.79397,6.26452,3.47055
3/16/2021 18:30,14.4490835,-11.006,3.4430735
3/16/2021 19:00,32.5569593,-29.1521,3.4048293
3/16/2021 19:30,24.229594,-20.8335,3.396117
3/16/2021 20:00,-51.9722953,55.2539,3.2815847
3/16/2021 20:30,-60.5438922,63.7689,3.2249978
3/16/2021 21:00,-26.0302885,29.2409,3.2106435
3/16/2021 21:30,-1.1767184,4.38215,3.2054336
3/16/2021 22:00,4.1232695,-0.91563,3.2076395
3/16/2021 22:30,0.604716,2.59226,3.1969745
3/16/2021 23:00,2.1911464,0.99736,3.1885064
3/16/2021 23:30,10.9676758,-7.7743,3.1933758
3/17/2021 0:00,-2.7723291,5.95572,3.1833909
3/17/2021 0:30,1.4799163,1.67955,3.1594663
3/17/2021 1:00,2.1869761,0.94518,3.1321561
3/17/2021 1:30,0.2022093,2.92702,3.1292293
3/17/2021 2:00,1.9816238,1.1427,3.1243238
3/17/2021 2:30,1.9196055,1.17958,3.0991855
3/17/2021 3:00,3.1519576,-0.0649,3.0870576
3/17/2021 3:30,1.2034287,1.88429,3.0877187
3/17/2021 4:00,2.490732,0.59753,3.088262
3/17/2021 4:30,2.863513,0.24089,3.104403
3/17/2021 5:00,4.109986,-1.00888,3.101109
3/17/2021 5:30,3.3973012,-0.317075,3.0802262
3/17/2021 6:00,2.750598,0.33145,3.082048
3/17/2021 6:30,--,6.23639,3.0934258
3/17/2021 7:00,2.4847246,0.627545,3.1122696
3/17/2021 7:30,--,6.23639,3.1208637
3/17/2021 8:00,2.170212,0.943738,3.11395
3/17/2021 8:30,4.122832,-0.993051,3.129781
3/17/2021 9:00,--,25.5747,3.1304505
3/17/2021 9:30,--,26.6045,3.1671886
3/17/2021 10:00,9.554366,-6.3663,3.188066
3/17/2021 10:30,--,10.0926,3.2160769
3/17/2021 11:00,--,-3.89588,3.2766776
3/17/2021 11:30,24.0441325,-20.7261,3.3180225
3/17/2021 12:00,--,2.54716,3.3729138
3/17/2021 12:30,-22.3493535,25.8204,3.4710665
3/17/2021 13:00,19.428581,-15.8824,3.546181
3/17/2021 13:30,6.054615,-2.39804,3.656575
3/17/2021 14:00,12.6470013,-8.94627,3.7007313
3/17/2021 14:30,6.1978382,-2.50754,3.6902943
3/17/2021 15:00,6.58819205,-2.89172,3.6964684
3/17/2021 15:30,5.9540011,-2.21952,3.7344782
3/17/2021 16:00,6.5316647,-2.76778,3.7638836
3/17/2021 16:30,5.5043858,-1.70948,3.794908
3/17/2021 17:00,4.7417724,-0.962489,3.779283
3/17/2021 17:30,4.4931324,-0.704288,3.788844
3/17/2021 18:00,3.996865,-0.242955,3.7539103
3/17/2021 18:30,3.2372314,0.44524,3.6824718
3/17/2021 19:00,2.5428636,1.09776,3.6406195
3/17/2021 19:30,2.061937,1.53583,3.597767
3/17/2021 20:00,1.8745844,1.68564,3.5602274
3/17/2021 20:30,2.1492577,1.40673,3.5559838
3/17/2021 21:00,2.3185017,1.24178,3.5602782
3/17/2021 21:30,2.204682,1.33438,3.539058
3/17/2021 22:00,2.0690796,1.426,3.495081
3/17/2021 22:30,1.754482,1.72249,3.4769683
3/17/2021 23:00,1.6923466,1.76262,3.454966
3/17/2021 23:30,1.5599049,1.8472,3.4071052
