RAD_GLOB,WTD,NEE
W/m^2,cm,umol+1s-1m-2
-46.4241,56.23,2.3993
-40.4291,56.25,2.4526
-40.0463,56.25,2.5679
-36.0639,56.285,2.2625
-32.6347,56.32,2.2625
-32.3271,56.24,2.3717
-32.9627,56.32,2.3539
-30.9987,56.4,2.367
-28.0619,56.4,2.8269
-27.3363,56.435,2.5951
-23.327,56.41,2.5951
-24.9353,56.675,2.5951
-25.8041,56.94,2.5951
-30.3949,56.94,2.3648
-36.7901,56.835,2.4258
1.09219,56.73,1.3869
81.2362,56.58,-0.93505
108.788,56.515,-0.97022
165.95,56.45,-3.7226
307.402,56.45,-4.5696
280.583,56.46,-4.6204
302.193,56.47,-4.5202
532.268,56.52,-4.7816
577.787,56.51,-5.9324
619.592,56.5,-6.8513
628.003,56.5,-7.3113
627.997,56.515,-7.3113
629.529,56.53,-7.3113
373.548,56.48,-3.2479
482.671,56.355,-4.8124
480.049,56.23,-4.7816
326.752,56.23,-4.4382
285.394,56.325,-4.5119
224.185,56.42,-5.2713
139.088,56.4,-1.6528
105.661,56.445,-1.245
4.79653,56.49,0.54636
-27.3989,56.49,2.0082
-47.4428,56.51,2.4002
-50.3534,56.53,2.4054
-35.4563,56.58,2.3993
-13.3061,56.605,2.4106
-36.7957,56.63,2.4526
-31.2091,56.63,2.5279
-33.729,56.65,2.5679
-30.3192,56.67,2.2803
-13.0019,56.62,2.3717
-22.9899,56.59,2.3717
-24.2442,56.56,2.5649
-24.966,56.56,2.5531
-24.6685,56.71,2.596
-20.031,56.86,2.2566
-22.7956,56.93,2.3262
-24.8593,56.99,2.3473
-9.93637,57.05,2.3648
-0.923089,57.05,2.5678
-18.146,57.07,2.4442
2.07106,57.09,2.4208
-1.45339,57.07,2.4054
-3.06197,57.13,2.3993
2.45382,57.19,2.4285
2.90786,57.19,2.4353
4.78298,57.16,2.4734
7.30719,57.13,1.9882
15.8731,57.24,2.5006
15.9343,57.195,2.6404
75.2866,57.15,0.094636
139.209,57.15,-0.47164
251.188,57.23,-3.0946
484.786,57.31,-4.816
459.874,57.25,-4.6858
532.373,57.225,-5.0639
569.374,57.2,-4.6598
248.982,57.2,-2.0721
294.023,57.22,-2.4881
267.152,57.24,-2.2984
476.271,57.35,-4.8666
406.915,57.38,-4.2044
534.097,57.41,-4.6704
450.514,57.41,-4.6376
397.961,57.345,-4.1979
325.598,57.28,-3.9311
196.965,56.99,-2.2984
111.087,56.985,-0.96984
49.0097,56.98,0.075064
5.92799,56.98,1.7966
-49.3819,56.965,3.0941
-38.7553,56.95,3.0064
-34.4194,56.92,2.9953
-34.9574,56.935,2.9921
-47.7254,56.95,2.9709
-53.1705,56.95,2.9195
-46.3983,56.935,2.9195
-43.9658,56.92,2.9253
-52.3121,56.83,2.9035
-52.7987,56.92,2.8696
-51.687,57.01,2.807
-49.6982,57.01,2.7983
-50.2761,56.97,2.7976
-53.4663,56.93,2.7976
-54.1383,57.12,2.7976
-54.1658,57.105,2.7815
-55.6746,57.09,2.8132
-54.3813,57.09,2.8354
-56.5781,57.125,2.8471
-56.0151,57.16,2.8354
-55.3807,57.19,2.8245
-53.762,57.28,2.8245
-52.875,57.37,2.7869
-49.3989,57.37,2.7869
-44.5259,57.44,2.8241
-2.60701,57.51,1.1596
70.9305,57.51,-0.68717
152.335,57.545,-0.54569
170.282,57.58,-0.66518
258.055,57.58,-3.1889
301.438,57.6,-3.3353
444.443,57.62,-4.6858
433.673,57.5,-4.5822
506.747,57.605,-4.6878
393.174,57.71,-4.0464
513.778,57.71,-4.8675
680.036,57.645,-5.8137
467.808,57.58,-4.6952
478.761,57.72,-4.6952
474.112,57.625,-4.6952
386.98,57.53,-3.6814
369.831,57.53,-3.7216
361.858,57.485,-3.2772
295.025,57.44,-3.1385
208.713,57.49,-1.8659
121.905,57.45,-1.2299
41.1074,57.41,-0.20591
-42.4889,57.41,2.6702
-60.2283,57.425,3.0379
-61.7757,57.44,3.0639
-57.7707,57.4,3.0707
-57.7376,57.53,3.0644
-57.8183,57.66,3.0644
-52.1802,57.66,3.0644
-52.8013,57.525,3.0725
-57.6345,57.39,3.0524
-57.0755,57.33,3.019
-58.7852,57.395,3.0145
-56.6939,57.46,3.0291
-54.2957,57.46,3.0213
-49.3652,57.285,3.0213
-41.1064,57.11,3.0213
-31.6022,57.32,2.9879
-28.8566,57.37,2.9857
-11.3933,57.42,2.9857
-35.5622,57.42,2.9287
-46.8092,57.37,2.958
-37.4269,57.32,2.941
-32.5747,57.47,2.8766
-35.3418,57.43,2.8527
-27.4903,57.39,2.7466
-24.9129,57.39,2.6799
-21.6109,57.46,2.6781
6.50536,57.53,2.6282
39.5063,57.4,1.1834
44.952,57.415,0.70964
110.097,57.43,-0.77366
83.125,57.43,-0.34583
156.77,57.63,-0.84689
137.205,57.83,-0.561
395.718,57.55,-3.6158
385.506,57.435,-3.7814
159.101,57.32,-0.79648
81.5353,57.32,-0.54831
77.159,57.365,-1.0133
132.002,57.41,-1.4287
97.3751,57.47,-1.011
119.587,57.49,-1.0414
181.22,57.51,-1.4287
154.186,57.51,-0.97779
130.407,57.61,-0.83516
74.5443,57.71,0.11534
48.2976,57.49,1.3048
32.8154,57.58,1.6451
5.41106,57.67,2.392
-2.09354,57.67,2.3843
-7.55541,57.75,2.4014
-10.0686,57.83,2.4154
-8.56227,57.88,2.4154
-4.24171,57.835,2.4154
-6.04755,57.79,2.4154
-10.745,57.79,2.4154
-12.2067,57.85,2.4154
-9.45343,57.91,2.4215
-12.5654,57.76,2.4215
-8.74399,57.74,2.4215
-6.92662,57.72,2.4215
-4.72066,57.72,2.4215
-4.26752,57.665,2.4315
-11.745,57.61,2.4383
-5.66106,57.95,2.453
-5.15382,58.095,2.4577
-25.1916,58.24,2.5274
-46.3782,58.24,2.3652
-39.0127,58.175,2.3631
-37.8291,58.11,2.3768
-44.3866,58.15,2.3652
-46.62,58.175,2.3652
-51.8808,58.2,2.5202
-39.513,58.2,2.3652
-28.0276,58.145,2.3652
-22.113,58.09,2.5312
-6.18658,58.18,2.0898
24.6144,58.17,1.3963
59.6596,58.16,0.88681
129.765,58.16,-0.8978
231.331,58.09,-2.338
308.216,58.02,-3.9165
286.758,58.02,-3.5547
282.533,58.07,-3.5547
263.814,58.12,-3.3775
176.201,58.12,-1.1601
180.474,58.095,-1.2169
150.222,58.07,-0.98706
148.385,58.1,-0.98706
140.967,58.11,-1.0009
111.051,58.12,-0.76545
78.0863,58.12,-0.02777
81.3989,58.065,-0.20693
51.7496,58.01,1.3146
12.9917,58.18,1.7145
18.4284,58.14,2.1442
9.63819,58.1,2.2459
2.42254,58.1,2.4074
-4.34276,58.06,2.4215
-7.04602,58.02,2.4215
-7.03285,58.23,2.4315
-7.34691,58.16,2.4383
-7.02689,58.09,2.4315
-6.8258,58.09,2.4215
-12.1682,58.185,2.4577
-17.957,58.28,2.4565
-16.0544,58.39,2.4577
-14.1484,58.295,2.4215
-9.66985,58.2,2.3978
-8.34335,58.2,2.3896
-6.47201,58.23,2.3853
-5.27044,58.26,2.3847
-3.71094,58.65,2.3817
-3.08418,58.53,2.3748
-1.96496,58.41,2.3825
-0.967628,58.41,2.4
-0.474126,58.475,2.4024
0.30248,58.54,2.4024
-0.953865,58.4,2.4024
-3.71953,58.765,2.3825
-5.64498,59.13,2.3805
-6.17896,59.13,2.3847
-3.33494,58.78,2.3716
-2.12288,58.43,2.4014
6.15875,58.83,2.2459
23.3237,58.6,2.0019
23.8627,58.37,2.0222
53.9406,58.37,1.3801
112.141,58.485,-0.80604
139.85,58.6,-1.0982
236.822,58.61,-2.6801
150.461,58.625,-1.1078
239.69,58.64,-3.1777
241.257,58.64,-2.9633
185.436,58.585,-1.2168
178.57,58.53,-1.1419
202.712,58.26,-1.5474
196.637,58.385,-1.4454
163.872,58.51,-1.1233
108.17,58.51,-0.69049
139.786,58.535,-0.99119
110.076,58.56,-0.84786
71.4335,58.28,-0.26764
34.2757,58.46,1.1128
11.7696,58.64,1.7602
-6.50491,58.64,2.4971
-0.471654,58.57,2.4557
-3.90291,58.5,2.4526
-9.04354,58.43,2.4152
-11.8897,58.45,2.3966
-7.53763,58.47,2.4018
-9.90667,58.47,2.4024
-11.3772,58.365,2.3977
-8.33001,58.26,2.3977
-6.99718,58.28,2.3973
-8.39035,58.28,2.4096
-11.8746,58.28,2.4022
-12.9677,58.28,2.4049
-11.5548,58.39,2.4386
-9.18874,58.5,2.4447
-10.65,58.3,2.4404
-25.0376,58.255,2.4502
-11.129,58.21,2.4527
-11.963,58.21,2.4473
-17.0287,58.295,2.4539
-17.1128,58.38,2.4605
-17.5301,58.06,2.4696
-17.4099,58.205,2.4687
-19.1117,58.35,2.464
-18.0283,58.35,2.4697
-9.77634,58.435,2.4523
7.54813,58.52,1.4867
83.7342,58.48,-0.99297
200.12,58.52,-2.9633
228.718,58.56,-3.2363
327.894,58.56,-4.4284
330.329,58.49,-4.4843
439.484,58.42,-3.8762
453.121,58.17,-4.1676
434.472,58.14,-3.9248
461.068,58.11,-4.1676
530.204,58.11,-4.7296
608.035,58.125,-5.093
356.931,58.14,-4.1463
372.943,58.22,-4.306
302.286,58.33,-4.153
199.406,58.44,-2.4252
258.372,58.44,-3.9027
229.85,58.39,-3.469
87.7723,58.34,-0.7359
44.0345,58.27,0.48905
13.3151,58.385,1.3782
-0.493056,58.5,2.0758
-14.4591,58.5,2.475
-20.3707,58.565,2.4978
-38.3762,58.63,2.5559
-45.5556,58.17,2.5541
-40.6733,58.135,2.5402
-38.2419,58.1,2.5628
-26.3814,58.1,2.5904
-26.6152,58.18,2.6071
-18.4465,58.26,2.6065
-19.7227,58.31,2.6061
-26.8771,58.415,2.602
-25.8004,58.52,2.608
-13.2901,58.52,2.5904
-7.96088,58.295,2.5341
-6.26148,58.07,2.5292
-6.80944,58.6,2.5126
-6.37167,58.76,2.5008
-5.02523,58.92,2.4788
-3.14634,58.92,2.4875
-3.51231,58.64,2.4973
-2.19036,58.36,2.4436
-0.962845,57.08,2.5444
-0.706653,55.49,2.5615
-1.70713,53.9,2.5001
-8.76972,53.9,2.4743
-11.8684,52.245,2.4793
-0.45924,50.59,2.4736
13.8037,49.77,2.1991
32.1822,49.425,1.5137
70.663,49.08,-0.0050231
26.2765,49.08,1.0652
59.8612,49.03,0.46422
76.7997,48.98,-0.041449
136.638,48.6,-1.1752
146.374,48.59,-1.5588
172.804,48.58,-1.4395
173.008,48.58,-1.1714
232.551,48.46,-1.8909
193.159,48.34,-1.2298
110.53,48.43,-1.0152
138.141,48.485,-1.2088
164.852,48.54,-1.5155
92.8389,48.54,-0.98103
99.916,48.495,-0.98183
63.1633,48.45,-0.29539
59.2746,48.36,-0.18854
28.3291,48.375,0.88447
10.869,48.39,1.3672
-15.8016,48.39,2.1649
-28.7804,48.35,2.4896
-34.1976,48.31,2.5149
-34.7181,48.62,2.5316
-34.2083,48.48,2.5498
-39.2342,48.34,2.5614
-19.5086,48.34,2.6178
-24.9205,48.36,2.6302
-15.2473,48.38,2.6525
-18.33,48.39,2.6908
-17.0102,48.42,2.7053
-14.1375,48.45,2.7146
-13.9905,48.45,2.7146
-18.1914,48.405,2.7277
-16.743,48.36,2.7163
-27.8061,48.58,2.635
-24.9539,48.545,2.6345
-10.1242,48.51,2.5876
-17.7282,48.51,2.6197
-27.2795,48.575,2.6837
-29.8295,48.64,2.7817
-23.5355,48.54,2.7817
-22.0943,48.63,2.7711
-32.2283,48.72,2.7813
-27.4018,48.72,2.8641
-22.9207,48.815,2.8912
1.5272,48.91,0.066592
60.1379,49.04,-1.1345
122.594,49.09,-2.4496
293.94,49.14,-3.2947
362.722,49.14,-3.5594
456.494,48.965,-3.8296
525.078,48.79,-4.0637
609.47,48.73,-4.8799
672.234,48.805,-4.8448
673.436,48.88,-4.9262
733.16,48.88,-4.8598
723.509,48.97,-4.8718
547.688,49.06,-4.9029
695.564,49.18,-4.8986
577.654,49.075,-5.0952
571.301,48.97,-5.0952
371.629,48.97,-4.1312
430.664,48.975,-4.1655
349.21,48.98,-3.9538
243.791,49.11,-4.01
142.552,49.15,-2.7402
48.0924,49.19,-1.0148
-22.2569,49.19,0.53503
-70.577,49.21,2.5541
-78.691,49.23,2.581
-76.3401,49.42,2.6759
-73.3542,49.495,2.719
-70.6313,49.57,2.7382
-68.3308,49.57,2.7249
-68.0471,49.575,2.6593
-43.6325,49.58,2.5589
-30.764,49.54,2.5506
-27.951,49.61,2.5506
-57.6307,49.68,2.5441
-52.7659,49.68,2.5441
-54.7829,49.7,2.5246
-25.7499,49.72,2.4986
-29.1938,49.71,2.5002
-50.842,49.81,2.4949
-38.948,49.91,2.4816
-24.8996,49.91,2.484
-19.948,49.9,2.4609
-27.7471,49.89,2.4609
-43.9998,49.9,2.4998
-49.3487,49.96,2.5002
-49.5354,50.02,2.4952
-42.981,50.02,2.4874
-22.8625,49.995,2.1766
23.0521,49.97,0.54546
111.038,50.03,-1.1821
163.417,50.085,-1.0449
169.675,50.14,-1.0437
178.012,50.14,-1.3903
290.433,49.99,-2.5171
485.907,49.84,-3.4994
589.356,50.26,-4.4199
651,50.085,-6.2127
676.706,49.91,-6.2127
525.044,49.91,-4.283
516.139,50.14,-4.283
334.535,50.37,-2.1426
454.391,50.26,-2.329
379.462,50.315,-2.7799
338.105,50.37,-3.0612
280.303,50.37,-2.196
380.222,50.38,-3.118
336.308,50.39,-2.8575
238.189,50.16,-2.054
134.241,50.2,-1.4858
53.3071,50.24,-0.34024
-12.3495,50.24,1.6368
-49.3501,50.115,3.2558
-57.3034,49.99,3.1404
-55.4899,50.2,3.0357
-57.2249,50.185,2.9736
-55.8871,50.17,2.8028
-52.5365,50.17,2.7059
-49.0165,50.17,2.7357
-46.8609,50.17,2.7634
-47.1944,50.46,2.7335
-47.0325,50.435,2.7195
-44.5056,50.41,2.7186
-42.8501,50.41,2.759
-38.9724,50.32,2.7335
-32.5025,50.23,2.759
-31.126,50.39,2.7634
-7.92663,50.635,2.7195
-10.7066,50.88,2.7634
-5.43975,50.88,2.7348
-2.25221,50.85,2.6601
-2.70566,50.82,2.6449
-1.83923,50.8,2.6706
-1.43092,50.85,2.6949
-4.65715,50.9,2.7262
-3.33406,50.9,2.7653
4.47465,50.885,2.7651
15.1916,50.87,1.9792
40.659,51.14,0.53304
91.9453,51.19,-1.0652
176.942,51.24,-1.2607
262.072,51.24,-2.5171
314.16,51.275,-2.8838
393.116,51.31,-3.5329
553.03,51.24,-4.283
628.11,51.28,-4.6735
663.571,51.32,-5.1324
674.498,51.32,-5.123
679.234,51.295,-5.0229
667.916,51.27,-5.1486
637.307,51.26,-5.3489
591.272,51.31,-4.6338
513.979,51.36,-4.2992
472.479,51.36,-4.2843
402.889,51.345,-3.4109
319.9,51.33,-2.9023
233.678,51.19,-1.8718
69.9364,51.205,-0.34024
46.5677,51.22,-0.34024
-22.6296,51.22,1.989
-52.9242,51.24,3.2919
-57.7393,51.26,3.3322
-57.7599,51.28,3.3287
-54.57,51.325,3.3743
-45.4707,51.37,3.333
-43.9358,51.37,3.3241
-41.9722,51.325,3.3241
-48.3587,51.28,3.3158
-45.007,51.38,3.2881
-41.6277,51.36,3.2555
-43.356,51.34,3.2555
-46.0956,51.34,3.2694
-43.8786,51.35,3.2694
-43.2854,51.36,3.2694
-43.0125,51.39,3.2555
-46.2657,51.425,3.2469
-49.0158,51.46,3.2467
-49.2552,51.46,3.2796
-50.4858,51.5,3.2957
-51.4357,51.54,3.2957
-50.0874,51.61,3.3245
-46.0476,51.68,3.3245
-46.1144,51.75,3.3245
-51.0566,51.75,3.3245
-28.413,51.94,3.5001
31.1373,52.13,1.3047
44.4847,52.15,1.5016
186.22,52.215,-0.96051
189.063,52.28,-0.56306
288.917,52.28,-1.9952
443.367,52.285,-2.6979
454.95,52.29,-2.6979
436.252,52.35,-2.2217
540.623,52.31,-3.8761
580.171,52.27,-4.5973
613.966,52.27,-4.8883
503.021,52.28,-4.2992
594.526,52.29,-4.7692
532.276,52.43,-4.0018
533.094,52.29,-4.1736
496.456,52.15,-4.2946
406.784,52.15,-3.4109
319.67,52.25,-3.3938
233.017,52.35,-2.0074
198.99,52.26,-2.4388
150.066,52.125,-1.8085
32.9934,51.99,-0.34024
-15.4206,51.99,1.989
-43.7586,52.14,3.1245
-60.2145,52.29,3.4588
-57.935,52.17,3.4588
-59.2968,52.27,3.4588
-56.5612,52.37,3.455
-46.0021,52.37,3.3704
-38.1066,52.34,3.3298
-44.6369,52.31,3.3415
-38.2532,52.24,3.3163
-39.6007,52.285,3.3219
-54.1758,52.33,3.3415
-56.7629,52.33,3.3344
-58.5846,52.265,3.3427
-53.0613,52.2,3.3354
-48.8081,52.16,3.3427
-49.9413,52.23,3.3743
-65.124,52.3,3.3175
-47.4444,52.3,3.3129
-47.945,52.34,3.0753
-54.725,52.38,3.1201
-38.6131,52.19,3.108
-33.1481,52.335,3.0584
-26.3827,52.48,3.0819
-24.617,52.48,3.0355
-15.1533,52.62,2.8256
-2.67078,52.76,2.4927
21.1016,52.73,1.7555
82.2542,52.745,-1.6343
217.702,52.76,-2.912
235.815,52.76,-2.831
185.605,52.88,-2.844
383.199,53,-3.4988
409.803,52.59,-3.7471
398.545,52.75,-3.7471
499.813,52.91,-4.5259
432.824,52.91,-3.785
601.246,52.89,-5.2515
635.777,52.87,-5.2835
663.951,53.12,-5.278
557.439,52.98,-5.2392
489.946,52.84,-4.612
498.335,52.84,-4.6839
403.284,52.875,-4.0845
278.822,52.91,-3.1224
150.303,52.93,-2.1147
73.5846,52.865,-0.23264
33.043,52.8,-0.90187
-25.5745,52.8,0.89765
-56.5208,52.83,3.6952
-45.1966,52.86,2.453
-34.5782,52.87,4.3426
-39.4899,52.92,2.9941
-30.9751,52.97,2.5325
-41.5203,52.97,2.51
-50.6461,52.975,3.1749
-65.5665,52.98,3.8726
-54.6094,53.19,3.0671
-52.3994,53.175,2.6835
-49.68,53.16,2.7326
-47.0539,53.16,2.7093
-52.7052,53.31,2.7366
-51.6378,53.46,2.6793
-55.2381,53.29,2.7488
-70.1655,53.12,2.6849
-66.4005,52.95,2.5864
-59.4583,52.95,2.6449
-42.7177,53.145,2.6506
-38.595,53.34,2.648
-28.9412,53.41,2.6452
-25.23,53.34,2.6328
-24.2495,53.27,2.6368
-23.3944,53.27,2.6303
-18.4596,53.23,2.625
-3.17022,53.19,2.4417
27.8751,53.52,1.0868
53.7358,53.505,0.21959
40.3408,53.49,0.50666
44.2611,53.49,0.45604
89.3096,53.55,-0.73785
72.1466,53.61,-0.035199
184.026,53.32,-1.8961
229.226,53.02,-2.864
359.045,52.72,-3.6863
180.629,52.72,-2.7826
147.516,53.01,-1.8534
212.169,53.3,-2.8694
105.963,53.6,-1.3805
63.7303,53.465,-0.04521
21.3161,53.33,0.50666
29.5349,53.33,0.50666
-4.64729,53.345,0.50666
43.8232,53.36,0.50666
33.6497,53.37,0.87106
40.3934,53.235,0.55735
8.91103,53.1,2.3308
-36.5278,53.1,2.7526
-41.2272,53.235,2.7119
-44.6922,53.37,2.7411
-37.4838,53.29,2.7595
-24.1754,53.38,2.7586
-20.1341,53.47,2.772
-17.7816,53.47,2.7885
-14.4001,51.815,2.7967
-14.6907,50.16,2.8028
-15.0259,49.08,2.7983
-18.2046,49.07,2.7987
-18.0422,49.06,2.8135
-18.2143,49.06,2.7874
-18.4762,48.85,2.7566
-24.9346,48.64,2.8028
-24.6737,46.91,2.8311
-20.7961,46.55,2.9143
-16.2123,46.19,2.9143
-16.6255,46.19,2.9054
-18.8156,46.15,2.9414
-23.9828,46.11,2.9504
-18.5828,46.13,2.9504
-17.6588,46.03,2.9776
-20.6829,45.93,2.9513
-24.7555,45.93,3.0711
-30.0333,45.905,3.0476
-30.697,45.88,3.001
-28.8259,45.93,2.8668
-2.60784,45.9,2.4503
9.08883,45.87,2.4503
21.8798,45.87,1.0957
34.9512,45.895,0.56362
76.6617,45.92,-0.1132
123.114,46.03,-0.52072
161.886,45.785,-1.0287
272.52,45.54,-2.3324
268.801,45.54,-2.4496
386.672,45.82,-2.814
483.495,46.1,-3.8956
430.707,46.19,-3.2845
384.163,46.225,-3.1131
339.239,46.26,-2.5134
279.467,46.26,-2.4249
364.93,46.255,-2.9597
343.434,46.25,-3.2435
248.459,46.38,-2.4216
92.3533,46.44,-1.4036
19.2614,46.5,0.17687
-26.0914,46.5,1.3642
-56.9415,46.49,2.8661
-70.5663,46.48,3.1005
-67.2439,46.62,3.2822
-61.4849,46.65,3.2948
-57.3833,46.68,3.2938
-56.1355,46.68,3.2948
-56.8281,46.735,3.2938
-55.9797,46.79,3.2938
-53.2917,46.87,3.2835
-51.6729,46.99,3.2871
-50.5186,47.11,3.2896
-49.0521,47.11,3.2938
-21.9152,47.015,3.2948
-32.8281,46.92,3.2948
-51.4896,47.03,3.2948
-51.9273,47.135,3.2948
-50.4419,47.24,3.2938
-30.423,47.24,3.2948
-7.40317,47.265,3.2948
-23.275,47.29,3.2948
-50.2073,47.39,3.2938
-51.3747,47.49,3.2938
-50.7675,47.59,3.2896
-48.1512,47.59,3.2938
-17.148,47.625,2.3548
49.0421,47.66,-0.1132
91.2864,47.55,-1.3789
203.485,47.535,-2.5176
303.791,47.52,-2.5156
396.543,47.52,-3.5628
483.837,47.44,-4.0265
562.091,47.36,-4.6909
622.774,47.55,-5.0209
671.602,47.48,-4.9336
702.491,47.41,-4.9387
719.721,47.41,-4.8249
720.077,47.475,-4.8968
709.195,47.54,-4.8968
686.514,47.58,-5.1245
621.361,47.735,-5.2686
578.786,47.89,-5.2993
509.362,47.89,-4.365
433.664,47.835,-4.0475
338.313,47.78,-3.8867
244.64,47.77,-3.1327
148.019,47.855,-1.945
53.0044,47.94,-1.4804
-20.2457,47.94,1.3681
-71.0079,47.995,2.6377
-78.3193,48.05,3.2966
-65.6158,48.09,3.001
-58.0734,48.125,3.0172
-54.6384,48.16,3.0804
-52.4706,48.16,3.0629
-51.9739,48.195,3.1467
-50.8288,48.23,3.2882
-50.2188,48.26,3.2961
-49.4886,48.275,3.2961
-48.9675,48.29,3.2948
-48.2453,48.29,3.2948
-48.5146,48.31,3.2948
-47.5725,48.33,3.3084
-46.7222,48.5,3.3047
-47.2208,48.46,3.2938
-44.8017,48.42,3.2896
-44.6535,48.42,3.2938
-46.0631,48.505,3.2896
-44.1899,48.59,3.2896
-45.3982,48.8,3.2871
-47.2305,48.895,3.2871
-49.2757,48.99,3.3941
-48.1454,48.99,3.3941
-14.8789,48.995,2.8288
57.7092,49,-0.36112
118.441,48.9,-1.2848
210.85,48.75,-2.752
307.262,48.6,-2.4821
392.994,48.6,-3.6837
475.702,48.665,-4.1057
545.999,48.73,-4.8335
605.999,48.79,-5.2686
651.422,48.815,-5.4342
682.656,48.84,-5.2368
698.796,48.84,-5.3886
698.433,48.91,-5.3886
686.713,48.98,-5.3886
660.881,49.15,-5.3307
616.878,49.205,-5.1674
561.443,49.26,-6.4681
498.601,49.26,-6.2029
418.414,49.22,-4.0493
333.103,49.18,-3.498
238.017,49.08,-3.2159
140.246,49.16,-2.7475
47.8873,49.24,-1.3595
-31.6239,49.24,1.6651
-71.2355,49.235,3.5788
-69.5173,49.23,3.1512
-59.2899,49.45,3.237
-53.9922,49.44,3.2085
-66.1956,49.43,3.1407
-70.1204,49.43,3.225
-60.8972,49.495,3.0927
-52.5982,49.56,3.2908
-46.1506,49.56,3.3423
-43.9542,49.625,3.3075
-45.5132,49.69,3.3778
-43.926,49.69,3.3387
-43.1418,49.71,3.3933
-43.3051,49.73,3.3933
-42.6567,49.84,3.3392
-43.0759,49.78,3.3392
-42.7905,49.72,3.3387
-42.1954,49.72,3.3392
-40.3094,49.85,3.3918
-42.7382,49.98,3.3933
-40.637,49.96,3.4696
-41.0955,50.085,3.3392
-40.6443,50.21,3.3918
-38.6291,50.21,3.3933
2.47553,50.24,1.4084
71.191,50.27,-0.28476
130.153,50.05,-1.775
202.978,50.065,-2.7136
301.55,50.08,-2.5234
395.524,50.08,-3.7604
498.127,50.045,-4.0005
565.303,50.01,-4.9078
517.001,50,-4.0852
213.686,49.945,-2.639
251.725,49.89,-2.7765
260.151,49.89,-2.8407
326.849,49.97,-2.4269
152.807,50.05,-1.8029
208.825,49.88,-2.4922
335.269,49.98,-2.4821
305.592,50.08,-2.3758
387.741,50.08,-3.7136
506.002,50.075,-4.9136
412.602,50.07,-3.9475
232.806,50.27,-2.4205
131.721,50.31,-2.5404
43.4063,50.35,-1.05
33.8062,50.35,0.40156
-11.6857,50.36,2.7577
-65.6747,50.37,3.2419
-69.7631,50.37,3.1283
-66.0878,50.41,3.206
-62.0958,50.45,3.177
-58.8589,50.45,3.1825
-55.4478,50.485,3.0551
-53.5427,50.52,3.3476
-50.3711,50.49,3.3387
-45.0195,50.64,3.3392
-43.3892,50.79,3.3933
-41.4904,50.79,3.3773
-39.6413,50.865,3.4929
-39.9405,50.94,3.4028
-38.7786,50.75,3.4051
-38.4998,50.805,3.3925
-35.7928,50.86,3.5292
-35.9127,50.86,3.5842
-34.7179,50.875,3.407
-36.1135,50.89,3.5292
-35.0813,51.15,3.5055
-34.566,51.245,3.5145
-37.5209,51.34,3.5407
-24.855,51.34,3.5407
19.9581,51.355,1.6124
33.8021,51.37,1.3972
154.185,51.16,-1.1406
173.625,51.14,-1.7505
272.656,51.12,-2.3656
380.393,51.12,-3.7385
400.715,51.115,-3.7136
368.792,51.11,-3.6907
586.065,51.31,-5.1897
643.347,51.315,-5.456
605.59,51.32,-5.3949
604.551,51.32,-5.3949
616.595,51.26,-5.4973
679.736,51.2,-5.3886
385.434,51.11,-4.3259
584.214,51.115,-6.3426
471.494,51.12,-4.2243
456.608,51.12,-4.324
376.184,51.26,-4.0543
67.5692,51.4,-0.83228
9.99457,51.06,1.1371
94.8659,51.22,-0.3597
63.8101,51.38,-1.0158
-9.26736,51.38,1.1295
-59.9998,51.375,2.7998
-74.6246,51.37,2.9657
-69.6585,51.36,3.2712
-65.1818,51.465,3.5828
-61.7415,51.57,3.6358
-55.151,51.57,4.0515
-48.742,51.555,4.3907
-44.8353,51.54,4.3787
-43.0709,51.56,4.5616
-39.5984,51.59,4.4101
-40.303,51.62,4.2021
-36.0927,51.62,3.5142
-34.0681,51.665,3.5739
-31.1762,51.71,3.5735
-30.558,51.81,3.5735
-28.8863,51.785,3.3765
-22.4521,51.76,3.3765
-22.6981,51.76,3.5346
-28.4871,51.905,3.5735
-27.3377,52.05,3.5142
-24.6781,52.08,3.5667
-24.1504,52.105,3.5613
-22.3797,52.13,3.5739
-16.0116,52.13,3.565
13.6225,52.055,4.1863
72.036,51.98,1.0985
161.064,52.2,-1.1882
159.835,52.215,-0.956
209.203,52.23,-2.6974
397.661,52.23,-3.3218
408.302,52.045,-4.1247
509.289,51.86,-3.8342
545.445,52.15,-4.2661
365.083,52.22,-3.6701
422.431,52.29,-4.6485
410.52,52.29,-4.7457
477.391,52.185,-4.3696
636.09,52.08,-5.4739
550.093,52.03,-4.6217
484.808,52.075,-3.7894
481.959,52.12,-3.8109
475.505,52.12,-3.8351
427.264,52.17,-3.841
218.749,52.22,-2.4455
148.846,52.09,-2.4485
67.999,52.025,-0.27943
-12.974,51.96,2.3004
-79.0998,51.96,4.4213
-41.0714,51.875,3.4242
-65.5024,51.79,2.8637
-59.5883,52.23,2.967
-57.8244,52.195,2.9088
-58.0862,52.16,2.9201
-57.8016,52.16,3.2683
-52.5811,52.18,3.6897
-47.5619,52.2,4.3968
-39.9659,52.15,4.37
-38.9083,52.215,4.4101
-39.0075,52.28,4.6116
-33.981,52.28,4.4462
-10.3166,52.35,4.4919
-34.1751,52.42,4.5997
-37.5836,52.32,4.6138
-34.5173,52.425,4.5416
-32.8371,52.53,4.1972
-31.6714,52.53,4.1864
-29.7998,52.61,4.4494
-31.5615,52.69,4.2652
-36.9203,52.65,4.3167
-38.696,52.695,4.4494
-32.8975,52.74,4.0827
-15.3902,52.74,4.4282
18.3812,52.795,1.6753
85.1718,52.85,2.149
159.951,52.75,-1.1882
236.577,52.785,-5.632
281.449,52.82,-2.3119
348.594,52.82,-2.5434
499.123,52.875,-2.8608
583.508,52.93,-4.1862
642.586,52.96,-5.0502
686.898,52.985,-4.8257
727.962,53.01,-5.4096
733.5,53.01,-5.423
727.336,52.975,-5.0698
703.887,52.94,-5.2616
661.43,52.99,-5.4738
631.912,52.94,-5.3696
576.43,52.89,-5.3028
496.471,52.89,-3.6267
374.408,52.835,-3.4758
192.134,52.78,-1.276
97.8112,53.75,0.33247
-21.8127,53.545,1.6256
-39.8013,53.34,2.6747
-123.219,53.34,3.8752
-69.0452,52.835,4.1715
-54.1876,52.33,4.3137
-56.9147,52.55,4.438
-66.8753,52.53,4.3283
-65.5228,52.51,4.3137
-61.9854,52.51,4.2541
-52.2181,52.505,3.3243
-45.8453,52.5,3.3319
-54.2039,52.62,3.3905
-60.706,52.625,4.3988
-60.334,52.63,4.4788
-54.2929,52.63,3.367
-52.7228,52.59,3.4762
-58.3757,52.55,4.4947
-61.4568,52.62,4.4715
-65.9701,52.65,4.4562
-63.3513,52.68,4.4562
-65.2243,52.68,4.4562
-67.4637,52.7,4.5561
-75.4017,52.72,4.5561
-73.6171,52.78,4.501
-69.7045,52.79,4.4777
-68.4777,52.8,4.4562
-56.8427,52.8,4.5561
-23.201,52.665,2.5273
27.1733,52.53,1.2814
118.993,52.77,-0.3115
231.181,52.865,-1.5418
330.896,52.96,-2.1761
269.088,52.96,-2.1936
219.569,53.03,-0.27891
581.301,53.1,-5.0163
643.397,53.07,-5.9258
702.89,53.04,-5.1974
731.651,53.01,-5.2092
742.452,53.01,-5.3791
735.905,53.03,-5.6918
734.775,53.05,-5.6918
672.725,53.21,-5.4738
648.533,53.15,-5.5837
594.439,53.09,-5.3028
519.508,53.09,-3.6518
407.143,53.025,-3.2966
370.799,52.96,-3.029
300.821,52.9,-3.4366
147.743,52.78,-1.276
65.8027,52.66,0.33247
-11.5332,52.66,1.4362
-47.9416,52.76,2.8969
-33.5196,52.86,2.5589
-25.455,53.07,2.7141
-25.4198,53.22,3.5119
-14.0741,53.37,2.9106
-16.0567,53.37,2.7933
-29.9547,52.795,2.667
-32.6721,52.22,2.665
-44.9696,52.58,3.344
-53.8256,52.69,3.7949
-56.3036,52.8,4.1544
-57.0455,52.8,3.7709
-48.9203,52.845,2.8358
-42.6103,52.89,3.3366
-39.9494,52.92,3.6855
-33.0954,52.92,3.6679
-19.2716,52.92,2.8833
-15.5408,52.92,2.735
-23.2037,52.865,2.8143
-38.7416,52.81,2.8756
-38.6583,53.21,3.6773
-30.8241,53.36,3.9419
-29.6021,53.51,4.3437
-12.1576,53.51,3.7302
7.64201,53.51,4.2284
40.669,53.51,3.6631
66.4728,53.01,1.2814
123.848,53.15,-0.26561
51.4284,53.29,2.1928
-21.0961,53.29,7.0091
33.3743,53.355,2.7444
175.72,53.42,-3.9014
465.444,53.48,-3.5652
591.095,53.495,-4.7856
712.243,53.51,-5.601
732.009,53.51,-5.423
731.073,53.67,-5.1249
708.136,53.83,-5.2894
649.494,53.63,-5.178
627.473,53.685,-5.2933
584.852,53.74,-5.1984
450.345,53.74,-3.8728
417.691,53.705,-3.7394
365.699,53.67,-4.0925
224.435,53.33,-2.4455
157.883,53.36,-1.5489
73.3032,53.39,0.33247
-2.79969,53.39,1.361
-54.4936,53.355,2.7285
-75.898,53.32,2.445
-71.2897,53.18,3.4198
-67.2706,53.345,4.0194
-60.845,53.51,4.2499
-56.4151,53.51,2.9354
-55.7016,53.485,4.1324
-58.2238,53.46,3.0596
-73.9297,53.68,2.9808
-70.6361,53.605,3.1148
-66.4957,53.53,3.8277
-63.6316,53.53,4.8557
-53.477,53.565,4.6383
-47.2066,53.6,4.9168
-23.5071,53.85,4.9225
-25.8372,53.795,4.9548
-51.3089,53.74,4.0347
-53.7707,53.74,4.0222
-53.8312,53.91,3.9584
-45.9972,54.08,4.9168
-47.6634,53.44,3.9348
-40.8076,53.785,3.9782
-42.3947,54.13,3.7469
-43.9774,54.13,3.9581
-5.67252,54.095,3.9596
14.3309,54.06,4.6531
105.637,54.19,-1.0024
229.645,54.125,-2.358
281.141,54.06,-2.4385
384.939,54.06,-3.8679
490.876,54.025,-4.0799
543.329,53.99,-4.9842
551.578,53.68,-5.1506
651.568,53.85,-5.8325
642.837,54.02,-6.1326
660.778,54.02,-6.0118
709.948,54.03,-6.12
676.733,54.04,-6.1622
624.512,54.12,-6.1629
630.541,54.18,-6.1235
554.057,54.24,-5.7693
547.983,54.24,-5.7691
423.838,54.225,-4.1877
351.174,54.21,-4.2842
255.877,53.96,-3.0903
158.105,54.115,-2.4954
62.2143,54.27,-1.1605
-16.929,54.27,0.71645
-72.5465,54.3,3.433
-92.7712,54.33,3.7809
-84.9569,54.48,4.6809
-78.3146,54.46,3.9618
-68.2063,54.44,3.634
-62.6225,54.44,3.634
-61.4119,54.525,3.634
-60.1455,54.61,3.634
-59.1102,54.5,3.634
-57.6769,54.605,3.6448
-56.3611,54.71,3.6571
-55.1569,54.71,3.784
-53.8782,54.68,3.784
-51.4237,54.65,3.8045
-50.334,54.79,3.8522
-50.8426,54.84,3.8225
-51.1521,54.89,3.8225
-50.0569,54.89,3.8543
-48.7604,54.88,3.8678
-48.3194,54.87,3.927
-47.019,54.95,3.927
-46.1278,54.92,3.927
-46.6283,54.89,3.927
-38.0387,54.89,3.9105
6.86889,54.91,1.8428
66.0629,54.93,2.4083
143.977,54.93,-1.2808
234.554,54.935,-2.5476
328.908,54.94,-2.5841
417.452,54.94,-3.9614
492.088,54.815,-3.9677
560.197,54.69,-5.0128
614.761,54.74,-5.7317
665.844,54.77,-5.7626
699.323,54.8,-6.0535
713.66,54.8,-6.2269
712.587,54.88,-6.2074
700.991,54.96,-6.1436
668.817,54.89,-6.0677
623.704,54.9,-5.923
571.742,54.91,-5.7265
507.032,54.91,-4.7959
425.26,54.97,-4.2811
341.749,55.03,-4.4034
247.377,54.82,-3.1128
153.51,54.87,-1.831
62.0746,54.92,-1.1664
-14.3858,54.92,1.513
-61.9314,54.975,3.4816
-75.8937,55.03,2.8983
-74.0037,55.25,3.8069
-66.975,55.215,5.1666
-62.3895,55.18,5.4894
-57.4854,55.18,5.3937
-66.7705,55.165,5.3311
-65.9858,55.15,5.6677
-60.1252,55.06,5.889
-55.5041,55.075,5.9503
-54.3686,55.09,5.8647
-47.9719,55.09,5.2646
-44.5735,55.175,3.5846
-30.7929,55.26,4.1387
-20.3903,55.4,6.1143
-43.0945,55.385,5.889
-44.7315,55.37,5.7232
-44.8461,55.37,5.889
-44.1012,55.295,5.538
-36.6822,55.22,4.0309
-40.4541,55.38,4.0131
-14.2647,55.405,6.0443
-21.8293,55.43,5.5345
-20.8942,55.43,4.7198
-6.12403,55.36,4.7647
63.1736,55.29,4.0388
153.562,55.45,-1.286
248.471,55.47,-3.2868
332.242,55.49,-3.0266
415.81,55.49,-4.6057
427.039,55.5,-4.6794
606.426,55.51,-5.7912
638.002,55.51,-5.9759
614.634,55.515,-5.739
382.065,55.52,-4.8671
359.323,55.52,-4.7617
656.955,55.565,-6.1355
579.772,55.61,-5.7876
396.155,55.36,-5.0125
538.42,55.49,-5.7094
230.523,55.62,-3.334
320.629,55.62,-4.5057
379.218,55.575,-5.0768
300.687,55.53,-4.0233
226.087,55.33,-3.223
165.569,55.27,-2.7916
98.8112,55.21,-1.9047
-3.70765,55.21,2.0376
-27.3379,55.145,3.1128
-35.3965,55.08,3.1475
-41.2679,55.45,3.1519
-30.296,55.4,3.1345
-28.5551,55.35,3.1507
-27.4632,55.35,3.1675
-43.4306,55.375,3.2071
-29.1738,55.4,2.6946
-29.4525,55.61,2.7438
-25.7275,55.55,2.7729
-30.4625,55.49,2.7878
-26.2181,55.49,2.7863
-22.215,55.39,2.7863
-25.2647,55.29,2.7914
-25.5227,55.75,2.7796
-22.75,55.685,2.7796
-25.659,55.62,2.7531
-29.1015,55.62,2.7531
-33.5168,55.63,2.7531
-18.8076,55.64,2.7595
-12.996,55.74,2.7579
-10.437,55.85,2.7741
-10.019,55.96,2.7477
-8.73533,55.96,2.8398
-2.11371,56.02,2.7996
-26.1402,56.08,2.7741
12.0104,56.14,2.3907
8.00158,55.855,2.403
-44.6388,55.57,2.4117
-31.9496,55.57,2.7802
-10.7524,55.15,2.4322
-31.0899,54.73,3.3298
-43.1681,54.46,4.1731
22.1507,54.515,2.532
81.6703,54.57,1.4098
185.288,54.57,-0.98174
208.721,54.57,-1.5127
232.744,54.57,-1.2717
292.249,54.38,-1.8938
336.671,54.42,-1.9112
349.721,54.46,-2.6979
318.978,54.46,-1.4398
217.236,54.475,-0.40956
280.47,54.49,-0.63254
236.169,54.48,-0.71628
209.579,54.36,-0.23529
107.165,54.24,0.15109
23.9446,54.24,2.267
-33.0501,54.19,2.5276
-55.7111,54.14,2.7247
-57.1976,54,2.8307
-58.949,53.92,3.2902
-60.109,53.84,3.3317
-58.8715,53.84,3.2398
-61.3439,53.89,3.3619
-60.632,53.94,3.4139
-58.2263,53.95,3.6453
NA,54.04,3.3948
-55.9015,54.13,2.9892
-54.1673,54.13,3.0296
-51.0229,54.11,3.0199
-51.5254,54.09,3.5121
-51.0889,53.94,3.5214
-45.5519,53.915,2.9328
-40.6387,53.89,2.9452
-19.3486,53.89,2.9133
-43.3736,54.025,3.1817
-38.2758,54.16,2.9323
-27.4322,54.37,2.873
-16.9465,54.35,3.0307
-53.515,54.33,2.877
-76.7616,54.33,2.86
-17.8174,54.305,3.8108
73.0478,54.28,1.6056
156.674,54.24,-1.4809
253.027,54.28,-2.3654
346.475,54.32,-3.0194
430.006,54.32,-4.05
511.744,54.355,-4.4044
584.414,54.39,-5.0579
639.308,54.38,-5.7559
681.002,54.445,-5.938
709.467,54.51,-6.1183
723.413,54.51,-6.1623
732.133,54.5,-6.1767
720.139,54.49,-6.1507
693.218,54.51,-6.204
647.772,54.57,-6.4458
589.697,54.63,-5.4241
532.642,54.63,-4.7159
444.675,54.52,-3.9849
372.583,54.41,-3.541
295.68,54.53,-3.1381
142.452,54.46,-0.75147
47.4529,54.39,3.0181
20.2243,54.39,3.1653
2.83019,54.525,2.9403
-13.0061,54.66,3.1818
-20.3004,54.73,3.1712
-11.0053,54.745,3.1915
-7.18036,54.76,3.1915
-3.21823,54.76,3.1915
-2.31146,54.795,3.1512
0.183866,54.83,3.1793
-0.00756,54.69,2.9541
0.121861,54.65,2.9712
1.58081,54.61,2.983
2.1807,54.61,2.9973
0.121583,54.67,3.025
-0.0683,54.73,3.025
-0.492802,55.03,3.025
-14.4591,54.92,3.2009
-14.8522,54.81,4.1952
-18.9957,54.81,5.0308
-20.5258,54.67,5.5606
-25.4611,54.53,5.5132
-30.6388,54.58,5.5044
-34.5259,54.86,5.4713
-33.7629,55.14,5.4169
-24.1766,55.14,5.6407
-18.6502,55.135,5.6178
-16.368,55.13,5.6178
-28.2469,55.38,7.6908
1.18689,55.38,3.9345
4.02071,55.38,3.7876
9.28092,55.38,3.4092
25.0638,55.32,3.4092
22.7149,55.26,3.9534
46.1471,55.27,3.6357
80.0809,55.325,5.8926
90.548,55.38,3.7422
129.859,55.38,1.8529
188.902,55.365,-1.2587
194.972,55.35,-1.309
172.352,55.43,-1.2587
207.675,55.45,-1.3745
160.55,55.47,-0.94173
229.158,55.47,-1.7894
295.299,55.475,-2.4101
198.247,55.48,-1.4507
145.123,55.54,-1.1792
117.858,55.525,-1.1792
84.1265,55.51,-1.2425
-22.1924,55.51,3.9376
-48.2934,55.61,3.0698
-71.9155,55.71,3.9676
-68.2062,55.54,3.5935
-62.9138,55.64,3.7117
-62.2368,55.74,3.8538
-61.0651,55.74,3.927
-61.6538,55.73,3.927
-58.6568,55.72,3.927
-51.5639,55.83,3.927
-48.5866,55.855,3.927
-46.2734,55.88,3.927
-47.91,55.88,3.927
-48.0062,55.885,3.927
-47.7616,55.89,3.9866
-47.7553,55.93,4.011
-41.7661,55.97,4.011
-43.9532,56.01,4.03
-48.0113,56.01,4.011
-52.2571,56.025,4.03
-52.8221,56.04,4.0262
-50.7378,56.27,4.0231
-49.2708,56.275,3.5155
-46.7925,56.28,4.0231
-34.4704,56.28,3.927
12.092,56.26,1.6124
86.351,56.24,0.40512
179.671,56.06,-1.6344
262.986,55.965,-2.3383
372.85,55.87,-2.7796
455.069,55.87,-4.0957
534.905,55.93,-4.6846
605.745,55.99,-5.4191
651.391,55.98,-6.0815
692.959,55.855,-6.0268
728.729,55.73,-5.931
739.73,55.73,-5.5416
734.742,55.98,-5.4715
725.723,56.23,-5.5331
698.991,55.93,-5.8008
651.677,56,-6.0658
597.885,56.07,-5.7026
532.131,56.07,-5.016
453.534,56.005,-4.5001
362.888,55.94,-4.3653
269.409,55.88,-3.1195
173.543,55.95,-1.8508
74.5066,56.02,-1.3491
-8.93405,56.02,2.6471
-64.1795,56.105,3.7431
-73.8411,56.19,3.6632
-64.4807,56.2,4.9661
-57.7246,56.24,4.1161
-53.5031,56.28,3.9298
-50.2371,56.28,3.7089
-48.856,56.285,3.6909
-48.4538,56.29,3.7072
-47.889,56.34,3.7175
-47.1007,56.315,3.8538
-44.7219,56.29,3.8909
-43.6795,56.29,3.8909
-43.004,56.31,3.9105
-42.8437,56.33,3.927
-42.8384,56.47,3.927
-42.8291,56.495,3.927
-45.7157,56.52,3.927
-43.2351,56.52,3.9455
-42.1981,56.495,3.9455
-39.4768,56.47,3.9455
-37.0546,56.68,3.9455
-37.4939,56.565,4.011
-33.2058,56.45,3.9866
-18.7433,56.45,3.2262
37.6634,56.54,5.9577
96.2711,56.63,-0.89586
160.811,56.43,-2.4125
253.238,56.505,-2.2981
347.016,56.58,-3.5432
436.044,56.58,-4.0262
508.061,56.675,-4.4561
577.612,56.77,-5.1838
631.501,56.45,-6.1081
673.395,56.4,-6.2503
705.211,56.35,-6.0825
704.532,56.35,-6.129
685.481,56.575,-6.3358
708.26,56.8,-6.4615
668.874,56.44,-6.3001
634.4,56.555,-6.8713
563.965,56.67,-6.7774
500.273,56.67,-6.0897
415.39,56.59,-4.7748
341.84,56.51,-4.8449
261.957,56.34,-4.2018
149.539,56.36,-2.7126
62.1214,56.38,-1.1141
-0.338506,56.38,0.29788
-43.2747,56.365,1.2997
-76.3243,56.35,2.527
-74.5206,56.44,2.6663
-73.2957,56.435,2.7786
-69.777,56.43,2.8983
-65.4226,56.43,2.9617
-64.6903,56.435,2.9617
-64.774,56.44,2.9224
-62.2687,56.44,2.9116
-56.0781,56.415,2.8933
-53.4984,56.39,2.8675
-52.7361,56.39,2.8362
-51.9053,56.47,2.8332
-54.7052,56.55,2.8362
-54.3874,56.39,2.8563
-51.5223,56.475,2.8592
-52.4616,56.56,2.8309
-45.9595,56.56,2.8341
-43.4568,56.54,2.8183
-43.8743,56.52,2.8162
-41.936,56.66,2.8269
-42.9728,56.695,2.8269
-41.6885,56.73,2.8269
-36.6432,56.73,2.9281
-3.26123,56.895,2.0778
68.4977,57.06,0.60531
104.067,56.91,-0.22571
118.803,56.85,-0.38532
110.469,56.79,-0.13163
213.02,56.79,-2.5529
110.267,56.705,-0.17191
-16.5674,56.62,1.7003
158.421,56.54,-1.2571
268.404,56.585,-2.4125
35.3816,56.63,2.837
77.9649,56.63,1.7523
255.191,56.615,-2.1039
567.222,56.6,-4.6118
614.896,56.93,-5.1892
545.356,56.905,-4.5503
433.182,56.88,-3.7785
542.543,56.88,-4.6453
526.68,56.805,-4.6713
404.345,56.73,-4.4781
209.429,56.67,-2.3098
178.784,56.71,-2.5189
76.7732,56.75,-1.3828
9.49954,56.75,0.17035
-48.342,56.8,2.4884
-67.3258,56.85,3.045
-78.4528,56.88,3.5847
-75.4457,56.935,3.7847
-72.0311,56.99,4.3786
-66.567,56.99,5.0356
-61.6981,57.03,5.1158
-65.3075,57.07,5.4564
-63.9819,56.94,5.3445
-59.0395,57.03,4.1303
-53.9921,57.12,3.6086
-52.8314,57.12,3.6207
-50.3124,57.15,3.6267
-50.9622,57.18,3.6391
-50.3044,57.2,3.6721
-50.5892,57.13,3.8684
-49.5389,57.06,3.8684
-48.0842,57.06,3.5985
-47.9531,57.125,3.5985
-46.6808,57.19,3.8971
-46.4418,57.39,3.8971
-44.1051,57.43,3.8971
-42.6189,57.47,3.9131
-21.4809,57.47,3.2845
49.1984,57.33,6.4337
121.12,57.19,-0.94173
188.73,57.28,-2.3179
270.579,57.115,-2.5456
368.064,56.95,-3.4879
415.67,56.95,-3.5921
530.154,57.11,-4.5361
614.186,57.27,-5.2434
632.612,57.4,-4.9128
617.373,57.31,-5.3232
706.145,57.22,-6.3081
633.355,57.22,-5.4411
451.421,57.21,-4.23
404.386,57.2,-4.9289
389.918,57.04,-4.8223
417.913,57.075,-5.223
178.746,57.11,-2.4693
197.166,57.11,-2.6134
161.508,57.065,-2.4638
161.122,57.02,-2.0882
70.3572,57.03,1.8035
38.8141,57.105,1.7709
2.77454,57.18,2.3031
2.59567,57.18,2.242
-6.70441,57.16,2.8424
-23.1528,57.14,2.9127
-37.1238,57.22,2.9861
-37.0965,57.06,2.9869
-27.664,56.9,3.0165
-43.2135,56.9,3.0114
-32.2088,56.92,3.0276
-16.7605,56.94,3.0463
-13.0186,57.1,2.9672
-33.6734,56.98,2.9722
-26.4604,56.86,2.9496
-22.9623,56.86,2.9528
-24.8525,56.88,2.9849
-12.8912,56.9,3.0159
-16.3968,57.29,3.0026
-7.22141,57.18,2.9862
-15.7629,57.07,3.0846
-10.6454,57.07,3.0002
-6.94399,57.13,2.9303
-9.77718,57.19,2.9303
-13.1278,57.22,2.9737
-4.81379,57.195,2.9948
-6.40561,57.17,3.0083
-6.42567,57.17,3.0994
-0.265414,57.25,2.9309
29.6023,57.33,2.6666
32.6597,57.3,2.2077
16.6451,57.03,2.6661
17.006,56.76,2.7519
28.195,56.76,2.2892
50.5741,56.815,1.6926
32.6307,56.87,1.7567
93.7319,56.63,1.1419
53.2045,56.225,1.9909
96.534,55.82,0.5813
10.4736,55.82,2.0148
110.665,55.48,0.50356
40.6586,55.14,2.0912
56.3308,54.09,1.8778
430.87,53.7,-3.8406
246.965,53.31,-2.2602
87.6809,53.31,0.26537
131.989,53.19,-1.7042
177.831,53.07,-2.2685
271.84,52.83,-2.2495
139.498,52.875,-0.024333
75.8827,52.92,1.3829
28.3549,52.92,2.147
-38.0162,52.9,2.1907
-71.4174,52.88,3.6731
-60.6533,52.84,3.7165
-53.302,52.85,4.0434
-59.4904,52.86,4.0854
-58.1163,52.86,3.623
-53.7364,52.83,3.7044
-51.2077,52.8,3.4864
-49.4332,52.9,3.4963
-47.4251,52.94,4.0482
-47.2629,52.98,3.4296
-43.2019,52.98,3.4489
-40.066,53.035,3.4377
-36.0976,53.09,3.4489
-41.8359,53.17,3.4721
-43.4517,53.245,3.4489
-40.6734,53.32,3.7422
-42.8556,53.32,3.8324
-47.1457,53.375,3.7849
-47.8543,53.43,4.0346
-52.7377,53.42,4.0442
-55.0937,53.425,4.0156
-52.1953,53.43,4.0075
-28.4384,53.43,3.5774
39.98,53.335,2.4587
117.554,53.24,-0.16482
198.689,53.19,-2.2288
278.804,53.255,-2.4251
363.384,53.32,-3.267
474.015,53.32,-3.9219
571.085,53.36,-4.5362
638.678,53.4,-4.7869
644.213,53.22,-4.7063
725.502,53.26,-6.2634
753.4,53.3,-5.9568
763.04,53.3,-6.1955
766.945,53.315,-6.5233
688.067,53.33,-5.6625
642.85,53.28,-5.1261
398.322,53.4,-2.8737
549.268,53.52,-4.4531
354.094,53.52,-2.7578
249.176,53.4,-1.3024
217.685,53.28,-1.0297
297.561,53.34,-2.6598
193.057,53.275,-1.3428
100.961,53.21,-0.15285
16.29,53.21,1.9442
-44.0816,53.295,2.1447
-74.4052,53.38,2.6752
-67.3325,53.43,2.7814
-66.1085,53.395,2.8848
-60.4809,53.36,2.9542
-58.1733,53.36,3.0635
-55.5176,53.45,3.1523
-47.0012,53.54,3.2215
-51.4253,53.39,3.0948
-48.8052,53.475,3.0473
-57.0857,53.56,3.2017
-63.5411,53.56,3.2947
-78.1546,53.575,3.2229
-81.2945,53.59,3.2499
-81.024,53.73,3.4634
-80.9098,53.765,3.3602
-71.6299,53.8,3.4084
-69.3498,53.8,3.8805
-64.9162,53.775,3.8282
-58.8025,53.75,3.733
-57.0313,54.05,3.4566
-55.6905,54.125,3.4122
-52.7998,54.2,3.4721
-28.3016,54.2,2.5766
36.6136,54.18,2.4495
92.3159,54.16,-0.55813
173.941,54.1,-2.2201
268.077,54.1,-2.2581
367.185,54.1,-3.1512
457.277,54.1,-3.7925
531.339,53.99,-4.5356
609.39,53.88,-5.1056
661.519,54.17,-5.5423
703.253,54.145,-5.3621
734.154,54.12,-5.4657
747.193,54.12,-5.4968
750.312,54.35,-5.4968
734.3,54.58,-5.4657
702.789,54.36,-5.6863
664.402,54.38,-6.0057
601.83,54.4,-5.7572
509.536,54.4,-4.529
381.284,54.395,-4.6917
347.283,54.39,-4.6206
279.022,54.15,-3.7312
181.17,54.135,-1.8259
80.5001,54.12,-1.6494
7.17131,54.12,1.4575
-51.313,54.315,2.0725
-81.153,54.51,3.3795
-79.1599,54.51,3.2595
-77.8227,54.405,3.2585
-79.3862,54.3,3.3268
-75.1895,54.3,3.4203
-70.799,54.38,3.4143
-61.4706,54.46,3.6753
-49.9575,54.65,3.6965
-39.928,54.665,3.6965
-33.6971,54.68,3.3558
-43.3088,54.68,3.354
-38.9527,54.715,3.3733
-35.1004,54.75,3.3558
-36.2034,54.87,3.3705
-33.2304,54.87,3.5068
-54.4099,54.87,3.485
-51.4599,54.87,3.4163
-48.7172,54.775,3.4163
-42.4565,54.68,3.4163
-33.606,55,3.4163
-26.6083,54.9,3.2585
-25.235,54.8,3.1871
-18.0264,54.8,3.253
13.0389,54.88,2.3053
35.2515,54.96,1.5976
61.0722,54.92,1.4304
124.238,54.935,-1.1244
71.0369,54.95,0.56285
111.106,54.95,-0.07005
210.041,54.87,-2.6741
272.341,54.79,-1.7249
239.668,54.9,-2.6063
181.352,54.995,-2.7376
130.773,55.09,-1.3802
190.684,55.09,-2.8485
190.805,55.025,-2.9437
280.663,54.96,-1.6924
297.534,54.82,-1.5896
362.803,54.85,-4.7425
352.508,54.88,-4.6534
141.811,54.88,-1.6055
194.196,54.85,-2.8561
139.826,54.82,-1.6402
68.6448,54.77,1.0277
21.4401,54.715,2.0151
8.24764,54.66,2.1778
-2.34675,54.66,2.2386
-17.2347,54.84,3.0318
-23.5351,55.02,3.0437
-24.7291,55.08,3.0651
-22.6382,55.195,3.0833
-20.0322,55.31,3.1691
-17.5308,55.31,3.1827
-15.1679,55.405,3.2241
-25.7894,55.5,3.2241
-30.4337,54.92,3.2241
-85.9501,54.76,3.0687
-114.813,54.6,2.9517
-57.9939,54.6,2.9076
-40.0157,54.885,2.8526
-33.3317,55.17,2.9197
-24.7656,54.82,2.9588
-21.6809,54.815,2.9863
-24.2849,54.81,3.0306
-27.1704,54.81,3.0293
-20.3976,54.86,3.0468
-17.5256,54.91,3.0625
-14.3401,54.92,3.09
-30.94,55.175,3.1389
-27.5526,55.43,3.1995
-12.5441,55.43,3.05
17.1228,55.415,-3.0258
41.2109,55.4,-4.1943
42.2966,55.55,-5.007
56.4376,55.62,5.3792
64.4836,55.69,5.2661
145.35,55.69,-1.52
339.965,55.695,-1.1136
296.042,55.7,-2.3515
159.725,55.71,1.3881
271.506,55.79,-2.2915
309.152,55.87,-2.1777
497.783,55.87,-3.3417
676.565,55.585,-5.2059
701.076,55.3,-4.9786
662.891,56,-5.7082
516.475,55.82,-4.3228
436.043,55.64,-3.8161
465.8,55.64,-3.5545
337.051,55.72,-2.8192
338.443,55.8,-2.7578
265.909,55.75,-1.5491
234.826,55.62,-1.3891
121.602,55.49,-0.15285
59.9944,55.49,1.9442
-20.3811,55.385,1.4895
-48.291,55.28,3.4357
-32.6769,55.26,3.1299
-30.225,55.205,2.8953
-25.1767,55.15,2.9114
-21.7198,55.15,3.0393
-35.1125,55.41,3.0905
-22.3821,55.67,3.174
-21.9198,55.63,3.272
-19.5276,55.57,3.295
-17.2391,55.51,3.3047
-12.5426,55.51,3.278
-11.2472,55.525,3.2748
-10.0975,55.54,3.2805
-9.85668,55.84,3.2838
-9.09951,55.75,3.2622
-8.48239,55.66,3.2375
-8.60951,55.66,3.227
-8.19548,55.705,3.2057
-7.85509,55.75,3.2352
-7.44691,55.92,3.2339
-7.33892,55.81,3.2438
-6.7613,55.7,3.2838
-2.0023,55.7,3.2789
12.5687,55.915,2.7652
24.1432,56.13,2.7258
41.5521,55.95,1.8628
65.8323,56.035,1.8232
69.2938,56.12,1.9708
67.2304,56.12,2.076
84.0052,56.07,1.5788
148.156,56.02,1.1695
212.497,56.02,-1.8798
198.048,55.91,-1.4915
226.139,55.8,-2.046
281.157,55.8,-2.3015
438.78,55.895,-3.4462
480.022,55.99,-3.5785
624.905,55.93,-4.6997
224.749,55.945,-1.7637
110.31,55.96,1.2264
190.018,55.96,-1.5335
143.234,55.93,0.65373
124.868,55.9,0.6512
82.659,55.96,0.74811
67.8959,55.85,1.6796
59.875,55.74,1.6249
25.0228,55.74,2.6837
3.43582,55.865,3.2855
-6.02454,55.99,3.2931
-10.5809,56.14,3.2669
-7.43216,56.09,3.3038
-6.88964,56.04,3.2859
-6.98417,56.04,3.3418
-6.21137,56.09,3.3758
-6.01998,56.14,3.4111
-6.63272,56.12,3.4278
-7.75956,56.165,3.463
-10.7045,56.21,3.5129
-7.74052,56.21,3.5748
-6.11875,56.05,3.5813
-7.20017,55.89,3.5837
-6.07476,56.02,3.606
-6.23525,56.14,3.5843
-5.33959,56.26,3.578
-5.35202,56.26,3.581
-4.24751,56.32,3.5708
-5.08327,56.38,3.5713
-9.98508,56.48,3.5544
-12.1377,56.5,3.5366
-9.12621,56.52,3.5357
-0.654958,56.52,3.5008
41.3189,56.665,-3.6113
107.935,56.81,-0.60948
172.475,56.71,-1.5933
302.913,56.675,-0.9084
376.842,56.64,-1.6331
422.513,56.64,-3.2538
435.21,56.74,-2.4233
476.644,56.84,-3.4113
556.27,56.61,-4.8382
425.916,56.69,-3.6975
438.438,56.77,-3.6139
371.286,56.77,-2.7181
313.34,56.94,-2.125
688.363,57.11,-5.9977
619.717,56.71,-5.8189
521.944,56.775,-4.5321
424.881,56.84,-3.8893
576.504,56.84,-6.0328
476.028,56.915,-4.1562
391.112,56.99,-2.5565
298.859,56.6,-2.2589
200.913,56.6,-1.3891
106.565,56.6,-0.63624
21.2268,56.6,2.6926
-40.6709,56.675,1.5894
-66.6631,56.75,3.2567
-59.5326,56.65,3.3882
-53.1134,56.735,3.6313
-37.5084,56.82,3.5461
-41.2645,56.82,3.5451
-31.5981,56.72,3.5328
-39.1492,56.62,3.3866
-63.602,56.69,3.2992
-60.3406,56.8,3.3927
-72.3097,56.91,3.3944
-73.1934,56.91,3.5733
-60.6081,56.945,3.5575
-55.1892,56.98,3.3262
-52.6564,57.01,3.3276
-51.1301,57,3.3207
-53.057,56.99,3.3391
-57.4957,56.99,3.2909
-58.1543,57.01,3.4235
-53.3892,57.03,3.4091
-51.5553,57.29,3.4247
-52.9548,57.265,3.4247
-52.1708,57.24,3.4091
-19.2785,57.24,2.1656
50.842,57.18,2.1367
106.217,57.12,-0.53681
203.324,57.08,-2.2459
174.125,56.99,-1.4915
63.9662,56.9,1.4371
102.915,56.9,1.5869
180.415,56.94,-0.90854
125.571,56.98,1.7346
270.56,57.04,-2.3744
308.615,57.13,-2.4112
579.351,57.22,-4.5909
334.889,57.22,-2.7797
394.8,57.095,-3.2648
352.238,56.97,-3.1965
541.729,56.92,-4.2398
445.377,57.185,-3.5447
383.786,57.45,-3.2951
448.332,57.45,-3.4355
495.116,57.385,-4.1416
388.923,57.32,-3.3193
288.642,57.21,-3.0776
204.277,57.22,-2.3643
106.073,57.23,-1.4518
20.1225,57.23,1.7628
-40.5445,57.295,0.57385
-70.3381,57.36,3.4039
-63.5906,57.31,3.4715
-57.6605,57.365,3.2486
-53.5592,57.42,3.3233
-48.6643,57.42,3.3861
-48.429,57.48,3.3861
-46.9521,57.54,3.1028
-47.0906,57.69,3.1028
-46.7848,57.645,3.9342
-48.4091,57.6,3.9383
-48.6102,57.6,3.9485
-46.9798,57.66,4.0551
-46.2136,57.72,4.0565
-45.1921,57.69,4.058
-44.0439,57.715,4.0477
-42.9702,57.74,4.0531
-41.0682,57.74,4.0531
-38.0783,57.745,4.0121
-39.5249,57.75,4.0477
-41.1091,58.05,4.0274
-40.1684,57.95,4.0531
-27.8314,57.85,4.0477
1.93012,57.85,3.714
58.9397,57.8,2.8704
132.467,57.75,-1.6318
192.096,57.72,-2.058
285.201,57.795,-2.6496
378.651,57.87,-3.4107
464.323,57.87,-3.5429
537.403,57.885,-4.2626
594.667,57.9,-4.8981
639.961,58.05,-5.8409
725.672,57.96,-5.5917
559.641,57.87,-4.0994
652.091,57.87,-5.9672
727.788,57.97,-5.896
718.8,58.07,-5.5928
688.631,57.98,-5.8073
650.746,57.86,-6.2873
620.359,57.74,-6.1047
412.113,57.74,-4.3199
457.109,57.79,-3.8931
348.511,57.84,-3.2545
293.105,57.68,-4.283
195.085,57.615,-2.2633
102.533,57.55,-2.3543
24.4894,57.55,1.341
-35.9605,57.675,1.7795
-68.1093,57.8,3.3197
-69.7604,57.75,3.4473
-63.7392,57.81,3.4644
-62.8591,57.87,3.5877
-61.4272,57.87,3.579
-58.7899,57.865,3.6022
-52.7105,57.86,3.6196
-55.2717,58.09,3.6091
-42.2962,57.99,3.6113
-47.7777,57.89,3.6007
-35.9874,57.89,3.5527
-42.0712,57.96,3.5583
-55.9747,58.03,3.6366
-56.2201,58.07,3.6265
-31.4759,58.1,3.594
-36.4016,58.13,3.5477
-21.591,58.13,3.5084
-28.234,58.055,3.5626
-42.9812,57.98,3.6313
-52.0243,58.15,3.6082
-54.0272,58.205,3.6058
-46.4152,58.26,3.5923
-13.5089,58.26,2.1021
28.9496,58.38,1.5271
99.9157,58.5,-0.43321
181.781,58.41,-2.802
297.077,58.42,-2.058
383.045,58.43,-3.1436
467.022,58.43,-3.8046
527.637,58.465,-3.9614
532.375,58.5,-4.6098
579.284,58.4,-5.1932
633.251,58.3,-5.6278
421.24,58.2,-4.0882
707.281,58.2,-6.1049
683.382,58.19,-6.0144
663.476,58.18,-6.1133
627.434,58.36,-5.5861
580.091,58.345,-5.5542
510.937,58.33,-4.1387
404.624,58.33,-3.5269
423.634,58.48,-4.1136
187.336,58.63,-3.0419
213.578,58.32,-2.6027
205.669,58.185,-2.684
76.4091,58.05,-1.1154
22.6606,58.05,-0.13768
-32.3594,58.085,1.2102
-70.9465,58.12,3.5183
-78.9584,58.12,3.5057
-73.8132,58.18,3.5175
-55.8503,58.24,3.5175
-62.0714,58.24,3.5115
-56.422,58.205,3.5322
-47.1275,58.17,3.5322
-47.8708,58.17,3.5175
-52.9806,58.135,3.5183
-58.5247,58.1,3.5183
-51.1497,58.1,3.5057
-43.7483,58.115,3.5002
-60.8859,58.13,3.5002
-67.7578,58.25,3.5002
-65.3223,58.205,3.5057
-68.155,58.16,3.5057
-69.0088,58.16,3.5057
-63.7304,58.125,3.5175
-47.023,58.09,3.5175
-54.5271,58.27,3.5175
-62.631,58.375,3.5175
-57.992,58.48,3.5061
-31.3053,58.48,2.5561
29.7909,58.565,1.5048
108.12,58.65,-1.0049
115.345,58.37,-0.95032
226.699,58.41,-2.1828
165.946,58.45,-2.1666
130.775,58.45,-0.96594
112.22,58.51,0.12232
127.903,58.57,-0.18055
68.7302,58.49,6.8976
92.3855,58.39,4.5587
4.21446,58.29,5.4904
49.1451,58.29,8.0726
55.936,58.115,7.5135
25.408,57.94,-7.0469
19.0964,56.96,-4.862
-2.64146,56.295,3.013
19.7867,55.63,1.8633
72.1874,55.63,1.0907
28.5749,54.99,-1.7209
30.8846,54.35,-3.9022
65.0273,54.21,0.96299
27.2065,54.07,-5.5829
5.79785,53.93,-0.43647
-9.36934,53.93,3.2655
-12.397,53.81,3.3047
-14.8477,53.69,3.4793
-31.1882,53.58,3.4995
-29.0796,53.54,3.3817
-30.51,53.5,3.5242
-31.4852,53.5,3.6424
-31.8371,53.49,3.6365
-27.9592,53.48,3.6237
-27.2799,53.49,3.6562
-29.1955,53.49,3.6967
-42.5615,53.49,3.7355
-51.3122,53.49,3.9622
-49.3769,53.665,4.1437
-37.6142,53.84,3.9932
-13.8113,53.84,3.6741
-5.7232,53.735,3.6299
-12.1025,53.63,3.6421
-12.969,53.63,3.6237
-11.1501,53.65,3.6237
-12.5793,53.67,3.6237
-42.372,53.94,3.7168
-50.2638,53.935,3.9107
-35.0534,53.93,3.8544
12.7995,53.93,3.012
46.1461,53.85,2.2353
60.3736,53.77,1.382
133.235,53.75,1.3996
127.159,53.835,0.3878
156.95,53.92,-1.9641
369.955,53.92,-3.5788
583.377,53.945,-4.1613
595.357,53.97,-4.3894
610.966,53.92,-4.3108
557.849,54.065,-4.0871
357.445,54.21,-2.9339
380.857,54.21,-3.2305
361.88,54.225,-3.2481
452.529,54.24,-3.7026
500.676,53.72,-3.7732
582.177,53.92,-4.6687
653.294,54.12,-5.5275
467.608,54.12,-3.7374
167.931,54.2,-1.2417
233.224,54.28,-1.893
140.358,53.95,0.13916
72.2206,53.94,7.3972
156.687,53.93,-1.6977
34.6119,53.93,0.42533
-22.1353,54.1,1.5535
-24.2247,54.27,3.6831
-50.826,54.33,3.6335
-44.9664,54.41,3.6433
-54.918,54.49,3.6947
-58.5442,54.49,3.8905
-57.4711,54.52,4.3665
-55.4188,54.55,4.7236
-55.3953,54.49,4.7661
-55.4245,54.515,4.8563
-57.937,54.54,5.1372
-57.7902,54.54,5.1248
-56.1104,54.545,5.1768
-54.2988,54.55,5.1614
-51.3022,54.66,5.2667
-50.1762,54.65,5.2706
-49.6223,54.64,5.1934
-49.5441,54.64,5.0585
-48.7848,54.695,5.1054
-47.0861,54.75,4.8243
-45.7744,54.92,5.1638
-45.4674,54.935,4.2013
-37.2297,54.95,4.1338
6.25675,54.95,0.66276
70.07,54.945,3.2867
145.201,54.94,-1.9069
189.891,54.75,-2.5493
329.591,54.78,-2.8594
392.001,54.81,-3.638
500.86,54.81,-3.9379
558.265,54.85,-4.298
603.064,54.89,-4.8607
696.008,54.77,-5.8195
738.586,54.785,-5.8281
760.231,54.8,-5.2392
775.597,54.8,-5.3652
774.502,54.87,-5.2505
746.73,54.94,-5.6719
712.904,54.87,-5.7987
678.426,54.91,-5.905
630.645,54.95,-5.75
551.522,54.95,-4.8198
484.607,55.07,-4.298
401.576,55.19,-4.6699
231.967,54.95,-2.83
174.064,54.945,-2.894
118.198,54.94,-1.7388
32.0362,54.94,0.94331
-33.2507,54.955,0.81759
-62.99,54.97,3.4165
-71.8531,55.12,3.5924
-69.0898,55.17,3.5998
-62.7949,55.22,3.614
-65.7394,55.22,3.6554
-61.4547,55.255,3.748
-49.862,55.29,3.7725
-55.4912,55.44,3.756
-59.2202,55.405,3.6943
-59.3513,55.37,3.7243
-58.1922,55.37,3.7014
-60.4048,55.38,3.7574
-59.2904,55.39,3.7565
-58.7097,55.39,3.7823
-58.7245,55.38,3.7999
-60.2755,55.37,3.7922
-58.4577,55.37,3.8313
-59.2491,55.475,3.8045
-57.783,55.58,3.8807
-56.6639,55.62,3.8867
-53.7103,55.695,3.8509
-48.8923,55.77,3.8513
-10.1077,55.77,1.7063
22.1469,55.78,2.2386
128.538,55.79,-0.68936
202.259,55.9,-1.6263
309.103,55.945,-1.793
401.326,55.99,-3.3598
478.654,55.99,-4.392
551.522,55.965,-4.7262
612.157,55.94,-5.864
665.013,56.08,-5.7499
710.906,55.95,-5.863
745.567,55.82,-5.5935
742.62,55.82,-5.2685
744.634,55.89,-5.3328
730.641,55.96,-5.3332
702.059,55.95,-5.2646
658.298,56.01,-5.2294
606.16,56.07,-4.0051
547.887,56.07,-3.8679
470.418,56.045,-3.4182
386.197,56.02,-3.994
295.048,55.79,-2.0228
204.923,55.79,-2.4242
115.173,55.79,-0.7124
32.2974,55.79,2.9266
-26.8785,55.705,2.0834
-60.5951,55.62,3.7474
-67.6865,55.69,3.4912
-66.3277,55.69,3.5055
-64.1391,55.69,3.5055
-65.8011,55.69,3.5055
-66.2318,55.745,3.5055
-65.0231,55.8,3.5055
-44.6752,55.73,3.5055
-42.9786,55.72,3.5305
-42.3691,55.71,3.5305
-46.5442,55.71,3.5055
-51.0709,55.735,3.5055
-47.7251,55.76,3.538
-60.0941,55.86,3.5213
-58.6806,56.03,3.4967
-61.7165,56.2,3.5213
-54.5061,56.2,3.5213
-48.9113,56.07,3.5213
-57.3888,55.94,3.4967
-55.7076,55.86,3.4967
-36.308,55.965,3.5213
-43.1792,56.07,3.3187
-27.9491,56.07,3.1579
-14.4581,56.17,-3.855
13.69,56.27,1.6456
83.7026,56.27,4.561
314.823,56.325,-1.7432
251.648,56.38,-2.1604
238.057,56.38,-2.7192
554.065,56.37,-3.9935
631.69,56.36,-5.1439
677.361,56.35,-6.2041
717,56.395,-6.151
753.673,56.44,-6.0013
768.694,56.44,-5.9265
673.145,56.325,-6.0627
700.055,56.21,-5.9216
660.88,56.38,-5.4734
656.156,56.45,-5.7937
615.157,56.52,-5.9287
567.945,56.52,-4.5838
480.774,56.415,-3.4182
405.761,56.31,-3.6696
274.253,56.32,-2.0734
213.336,56.29,-2.2996
108.373,56.26,-0.7124
23.1374,56.26,2.9266
-37.929,56.305,0.32783
-82.8708,56.35,4.147
-84.7527,56.46,3.5409
-71.7926,56.465,3.5736
-61.3573,56.47,3.0816
-53.4574,56.47,4.1311
-47.3965,56.47,4.8296
-45.692,56.47,5.2705
-43.4929,56.49,4.5551
-50.4017,56.505,3.4903
-69.5111,56.52,3.386
-70.9909,56.52,3.4468
-69.8495,56.54,3.4147
-65.531,56.56,3.7595
-58.8924,56.49,4.2988
-54.6316,56.475,5.3554
-46.8293,56.46,5.351
-47.1723,56.46,5.4122
-44.3919,56.595,5.3929
-46.3353,56.73,4.8436
-34.1646,56.9,5.3929
-19.7741,56.84,5.1733
-6.54145,56.78,5.3322
8.23003,56.78,4.4046
33.7197,56.79,2.1577
74.8856,56.8,1.5934
40.7635,56.84,1.4882
10.0093,56.845,1.9746
13.1647,56.85,1.803
15.0349,56.85,1.9602
33.8243,56.805,2.3057
144.106,56.76,-2.8939
165.133,56.68,-1.5025
270.224,56.755,-2.9618
297.061,56.83,-3.0514
151.085,56.83,-0.80354
228.086,56.765,-1.8599
358.899,56.7,-3.0651
157.545,56.71,-1.4795
391.382,56.82,-3.4118
406.917,56.93,-3.5254
218.112,56.93,-2.3517
155.254,56.845,-0.8975
369.11,56.76,-3.3434
170.467,56.53,-1.3813
67.1222,56.745,2.1363
59.0762,56.96,1.7187
26.4874,56.96,2.4271
6.1948,57.015,3.504
-25.5984,57.07,4.2327
-40.6319,57.24,4.2655
-46.6517,57.12,4.4
-37.4098,57,4.6026
-20.988,57,4.6003
-18.6094,56.98,4.4634
-22.5495,56.96,4.6026
-13.3777,56.63,4.5827
-10.8001,56.58,4.4297
-13.301,56.53,4.4301
-13.5042,56.53,4.4297
-11.0568,56.83,4.389
-10.9098,57.13,4.3502
-13.4877,57.1,4.3273
-5.71859,57.255,4.3103
-4.83183,57.41,4.2981
-5.08116,57.41,4.3097
-3.32382,57.01,4.305
-4.99332,56.61,4.3398
-4.94896,57.46,4.1914
0.175455,57.41,4.2034
-0.0835,57.36,4.2169
-1.02646,57.36,4.2335
-5.18922,57.43,4.3736
-0.360003,57.5,4.3927
40.9201,57.38,3.3371
74.7272,57.175,3.6845
109.265,56.97,2.8193
141.987,56.97,-1.508
229.821,57.255,-3.8092
380.841,57.54,-3.7379
698.966,57.42,-5.9793
729.184,57.4,-5.9248
687.031,57.38,-5.3311
832.643,57.38,-5.1146
702.456,57.29,-5.3997
822.208,57.2,-5.7112
768.194,57.16,-6.1713
697.676,57.22,-6.0024
287.132,57.28,-2.5851
600.81,57.28,-4.9464
548.581,57.285,-4.5448
461.394,57.29,-4.6013
335.946,56.78,-3.6042
223.904,56.865,-2.8143
80.5069,56.95,0.5491
13.228,56.95,-2.9132
-2.1579,57.025,1.8248
-46.992,57.1,3.8166
-43.1997,57.22,3.8586
-47.3019,57.135,4.1268
-33.893,57.05,3.9794
-30.3324,57.05,3.971
-80.1996,57.04,4.1614
-60.4039,57.03,4.4071
-37.2103,57.09,4.5776
-29.6665,57.04,4.5374
-30.6326,56.99,4.8297
-32.6986,56.99,4.8108
-34.1851,56.975,4.6479
-58.0461,56.96,4.658
-52.0558,56.9,4.5666
-42.4349,56.91,4.5548
-33.7375,56.92,4.8268
-36.0196,56.92,5.2369
-88.3331,56.965,5.378
-87.863,57.01,5.3123
-76.1232,57.07,5.0145
-72.1703,57.015,4.4196
-61.2637,56.96,5.5468
-6.58015,56.96,1.3547
69.2343,56.865,2.3141
138.959,56.77,-1.6227
162.024,56.74,-1.6227
157.713,56.685,1.3908
244.719,56.63,-1.664
299.523,56.63,-3.4269
394.81,56.615,-2.9934
391.092,56.6,-3.0026
494.599,56.42,-3.7939
637.82,56.355,-5.223
760.523,56.29,-6.4722
747.917,56.29,-6.3336
742.947,56.335,-6.0875
816.563,56.38,-6.7939
757.368,56.53,-6.3432
716.441,56.535,-6.1035
651.117,56.54,-6.2617
566.795,56.54,-5.1422
457.647,56.53,-4.5151
419.104,56.52,-4.3805
271.15,56.4,-2.9785
231.256,56.42,-2.9785
120.902,56.44,-1.6607
30.6151,56.44,0.34374
-36.2209,56.45,3.1931
-72.4625,56.46,4.6159
-72.031,56.58,5.616
-64.4451,56.595,5.3201
-60.0012,56.61,5.435
-55.7952,56.61,4.5449
-54.3804,56.61,4.6175
-50.2751,56.61,5.2522
-51.4841,56.65,5.3049
-62.3938,56.54,5.2307
-67.1614,56.43,5.307
-62.7905,56.43,5.4341
-58.9052,56.565,5.5078
-53.8929,56.7,5.3302
-56.3756,56.9,5.4021
-60.0465,56.895,5.4153
-56.0615,56.89,5.3403
-53.2394,56.89,5.4153
-54.7459,56.94,5.0145
-47.8437,56.99,4.6503
-48.2798,56.9,5.4402
-57.7313,56.915,5.1693
-56.3683,56.93,5.3946
-13.4203,56.93,3.2715
46.9242,56.965,3.0087
128.994,57,-2.0789
222.932,57.03,-2.8211
323.49,57.15,-2.9963
404.556,57.27,-4.1773
503.062,57.27,-4.361
571.29,57.225,-4.9089
639.576,57.18,-5.3996
696.116,57.06,-6.0966
727.891,57.12,-6.6443
753.616,57.18,-6.68
757.55,57.18,-6.7696
833.083,57.295,-7.8348
718.022,57.41,-6.9832
379.507,56.89,-3.8719
466.091,56.88,-4.8304
370.505,56.87,-3.7677
213.116,56.87,-1.9757
136.611,56.8,0.75213
69.0752,56.73,2.0592
75.5459,56.68,2.2449
41.9506,56.785,1.0533
16.3672,56.89,1.3501
-24.9062,56.89,2.8755
-27.4018,56.98,3.2636
-24.6714,57.07,3.3988
-29.5443,57.51,3.1942
-71.814,57.315,3.1575
-109.001,57.12,3.7695
-49.6865,57.12,3.839
-37.477,57.005,3.8032
-41.2684,56.89,4.0409
-41.2492,56.86,4.1338
-46.7243,56.875,4.0774
-52.0569,56.89,4.2222
-100.036,56.89,4.1982
-92.451,56.85,4.2162
-80.6894,56.81,4.3294
-72.1071,57.1,4.4056
-23.7556,57.17,4.7667
-39.0743,57.24,5.324
-16.2074,57.24,5.5218
-13.1154,57.35,5.8735
-13.1933,57.46,5.7653
-22.5321,57.4,5.7852
-61.9373,57.425,5.7941
-71.4755,57.45,5.7941
-28.5694,57.45,1.3547
35.8848,57.55,0.4802
122.86,57.65,-1.5725
219.606,57.32,-2.6919
319.1,57.5,-3.1587
414.148,57.68,-4.2579
496.747,57.68,-4.3475
576.499,57.545,-5.1121
638.116,57.41,-5.9995
695.309,57.51,-6.2183
735.036,57.565,-7.6277
753.552,57.62,-8.1006
761.211,57.62,-7.849
766.896,57.595,-7.9385
763.691,57.57,-7.8689
734.435,57.62,-7.098
685.687,57.605,-6.3096
641.07,57.59,-6.4968
571.458,57.59,-5.3893
492.295,57.605,-4.7261
411.079,57.62,-4.5792
323.839,57.76,-3.4815
225.427,57.76,-3.4351
125.231,57.76,-1.3417
35.739,57.76,2.485
-35.2408,57.79,1.2899
-72.6191,57.82,4.7569
-71.7083,57.8,5.8982
-62.1478,57.84,4.6439
-55.8729,57.88,4.7608
-53.0236,57.88,4.5066
-51.9923,57.885,4.6692
-53.0608,57.89,4.4496
-52.6145,58.05,4.4496
-51.5082,58.03,4.4496
-50.3976,58.01,4.6937
-55.37,58.01,4.6937
-52.5431,57.97,4.4496
-49.1697,57.93,4.4496
-48.0408,58.15,4.4107
-46.1559,58.065,4.357
-44.2195,57.98,4.357
-44.5724,57.98,4.4107
-45.2893,57.95,4.4128
-45.0019,57.92,4.349
-45.0608,58.42,4.347
-45.4384,58.32,4.347
-35.7049,58.22,4.349
16.8014,58.22,2.2708
81.8642,58.19,2.3175
140.116,58.16,-1.6227
221.312,58.1,-3.4269
324.147,58.165,-2.9934
402.014,58.23,-4.0919
491.395,58.23,-4.6191
563.91,58.275,-5.2617
613.964,58.32,-6.0414
666.307,58.35,-5.9536
722.338,58.33,-6.3833
721.076,58.31,-6.5474
737.854,58.31,-6.6668
764.047,58.29,-6.9989
742.503,58.27,-6.6362
724.027,58.31,-6.5154
680.664,58.285,-6.4174
630.788,58.26,-5.643
571.768,58.26,-5.7537
479.386,58.225,-4.564
412.375,58.19,-4.7323
322.647,58.18,-3.5942
223.013,58.195,-3.4843
126.06,58.21,-1.5869
39.5365,58.21,-0.098672
-26.1959,58.125,1.7649
-72.6576,58.04,3.4468
-86.7016,58.18,4.1487
-82.9261,58.19,4.1704
-76.702,58.2,4.1897
-72.6119,58.2,4.5468
-67.8652,58.23,4.5489
-69.0721,58.26,4.5841
-69.6019,58.3,4.6579
-69.6491,58.305,4.6535
-68.3918,58.31,4.7518
-62.645,58.31,4.8339
-56.5076,58.355,4.9362
-54.7882,58.4,4.6891
-57.4337,58.59,4.6943
-58.6605,58.625,4.6871
-59.551,58.66,4.6921
-58.8408,58.66,4.727
-56.4965,58.67,4.7571
-55.6134,58.68,4.7907
-60.2555,58.64,4.7504
-66.3474,58.71,4.6414
-50.4614,58.78,4.4849
-6.82915,58.78,2.4147
54.1411,58.765,2.2142
132.997,58.75,-0.6622
225.949,58.72,-2.5566
311.916,58.73,-2.9832
406.538,58.74,-4.0967
503.042,58.74,-4.611
542.846,58.745,-4.8452
613.711,58.75,-5.5501
683.162,58.44,-5.7333
735.482,58.515,-6.7678
464.834,58.59,-5.0729
381.111,58.59,-3.6389
562.461,58.645,-5.2017
423.147,58.7,-4.5763
508.103,58.51,-4.5704
587.869,58.555,-6.4583
624.998,58.6,-7.1045
551.216,58.6,-6.6848
477.462,58.57,-4.7112
406.097,58.54,-4.8125
312.033,58.5,-3.9288
218.798,58.55,-3.0489
120.107,58.6,-1.8581
37.3123,58.6,1.1063
-32.3613,58.67,2.5539
-78.1654,58.74,3.299
-90.8179,58.87,3.2581
-90.3438,58.845,3.3615
-87.3247,58.82,4.0134
-79.6325,58.82,4.2043
-86.5618,58.765,4.142
-88.9605,58.71,4.3725
-89.9007,58.94,4.4794
-88.6936,59.01,4.4518
-89.5696,59.08,4.3511
-89.9996,59.08,4.644
-90.2478,59.015,5.2041
-88.8628,58.95,5.6713
-85.6289,58.95,5.6222
-85.9551,59.085,5.6473
-85.325,59.22,5.8097
-84.4181,59.22,5.9337
-81.1493,59.185,5.902
-78.7282,59.15,5.8319
-69.1011,59.34,4.5066
-61.7138,59.385,4.6692
-37.528,59.43,4.0113
12.299,59.43,1.3547
42.7367,59.385,1.9857
122.254,59.34,-1.6227
241.741,59.3,-3.4269
300.413,59.2,-2.9934
425.264,59.1,-3.7939
496.965,59.1,-4.659
507.118,59.115,-4.6389
565.24,59.13,-5.3615
643.428,59.18,-6.1082
679.635,59.17,-6.3475
593.09,59.16,-5.4179
755.522,59.16,-7.0217
740.915,59.105,-6.7282
726.734,59.05,-6.6217
703.183,59.27,-6.5295
689.842,59.25,-6.2541
608.694,59.23,-6.217
485.476,59.23,-4.5619
499.617,59.31,-4.8395
405.165,59.39,-4.6508
317.754,59.37,-3.5305
218.608,59.28,-3.369
106.709,59.19,-1.6134
-7.35247,59.19,2.8261
-17.8327,59.275,3.35
-55.4996,59.36,4.479
-68.5741,59.34,5.7423
-61.8991,59.33,6.0401
-54.976,59.32,5.9809
-51.7949,59.32,6.0164
-49.3201,59.365,6.0033
-49.6663,59.41,5.9423
-46.2803,59.37,4.7454
-44.9465,59.485,4.7454
-41.6511,59.6,4.2931
-42.4031,59.6,4.5138
-41.9394,59.595,4.499
-40.4489,59.59,4.4496
-39.8929,59.42,4.4496
-29.9298,59.51,4.6626
-33.2165,59.6,4.4496
-33.1364,59.6,4.4496
-31.0624,59.79,4.4496
-30.3159,59.98,4.6692
-36.1558,60.01,4.5138
-24.9399,59.965,4.499
-17.3682,59.92,4.7885
22.6408,59.92,2.1312
80.4931,59.79,2.6316
107.461,59.66,1.8433
212.802,59.76,-1.5429
249.275,59.8,-2.2619
286.014,59.84,-2.3722
404.117,59.84,-4.1156
466.784,59.79,-4.7217
517.72,59.74,-4.7377
568.325,59.91,-4.8325
523.344,59.77,-4.5322
502.422,59.63,-4.8095
723.34,59.63,-6.9457
720.025,59.695,-6.9241
333.628,59.76,-3.7597
366.025,59.61,-3.7597
340.804,59.585,-3.7881
209.352,59.56,-2.0055
148.132,59.56,-0.48291
115.367,59.575,0.82854
81.2761,59.59,1.4973
105.937,59.52,0.69438
56.8631,59.51,1.2812
27.57,59.5,1.9698
0.185163,59.5,2.2298
-9.91628,59.515,2.7767
-22.451,59.53,3.0911
-43.6008,59.77,3.1901
-25.9783,59.735,3.6413
-24.6211,59.7,4.1404
-47.2768,59.7,4.7729
-49.8934,59.8,5.3
-42.3875,59.9,5.9023
-38.2634,59.96,5.8601
-31.3664,59.97,5.9525
-6.62877,59.98,4.8959
-7.97045,59.98,4.5484
-12.0398,60.035,4.4955
-11.5009,60.09,4.3136
-11.4094,60.13,4.3788
-10.5377,60.14,4.5194
-9.50277,60.15,4.4497
-10.4014,60.15,4.3136
-11.4576,60.18,4.5194
-11.59,60.21,4.7446
-10.0787,60.2,4.8593
-9.38564,60.165,4.5176
-7.24664,60.13,4.2981
11.4127,60.13,4.5174
14.9457,60.15,4.3305
33.7991,60.17,4.1484
48.706,60.08,3.6873
62.336,60.125,2.9471
106.012,60.17,2.1173
71.1047,60.17,2.5057
101.134,60.215,2.3191
250.926,60.26,-1.4414
354.391,60.25,-2.8117
456.624,60.34,-4.5421
682.763,60.43,-6.7234
737.082,60.43,-6.7845
640.572,60.34,-6.4791
724.094,60.25,-6.562
747.656,60.13,-6.8496
421.521,60.27,-4.5018
643.062,60.41,-6.5949
323.202,60.41,-3.1105
477.246,60.29,-4.7041
414.115,60.17,-4.3474
323.919,60.12,-3.465
222.38,60.135,-2.2123
132.891,60.15,-1.5242
53.0466,60.15,0.92628
-10.0916,60.14,2.4089
-51.6714,60.13,3.0409
-66.2764,60.07,3.6459
-65.5001,60.065,4.0004
-63.5883,60.06,3.8795
-61.7734,60.06,3.8891
-60.0069,60.035,3.8701
-59.316,60.01,3.864
-55.5239,60.08,3.8797
-53.763,60.06,3.9098
-56.4958,60.04,3.9537
-55.7702,60.04,4.0619
-55.0972,60.07,4.0756
-54.8285,60.1,4.1793
-52.9878,60.15,4.1807
-56.0937,60.19,4.1807
-53.7891,60.23,4.2774
-52.2681,60.23,4.3755
-52.5281,60.22,4.3389
-51.673,60.21,4.3599
-46.075,60.41,4.4399
-42.694,60.52,4.469
-31.611,60.63,4.6033
5.80618,60.63,3.7179
69.1534,60.685,2.5104
153.816,60.74,-0.81412
240.053,60.75,-1.7664
334.973,60.795,-2.5705
389.958,60.84,-2.9697
410.689,60.84,-3.5699
475.317,60.845,-4.4239
660.932,60.85,-6.5764
659.839,60.6,-6.3959
753.386,30.3,-6.5261
648.319,30.345,-5.962
616.988,60.69,-5.9068
607.939,60.5,-5.6777
577.868,60.34,-5.5522
505.561,60.18,-4.4938
567.664,60.18,-4.9752
521.067,60.245,-4.6043
207.975,60.31,-1.4274
309.592,60.19,-3.2098
239.637,60.275,-3.0354
142.207,60.36,-1.3972
44.6337,60.36,1.5121
-22.8581,60.335,2.8778
-49.676,60.31,3.4724
-72.2485,60.31,3.7972
-72.7118,60.285,4.0004
-71.9844,60.26,3.9522
-71.3127,60.26,3.9491
-67.6258,60.26,3.913
-65.3906,60.26,3.9496
-62.8553,60.4,3.9174
-58.7997,60.33,3.9646
-57.4646,60.26,3.9546
-59.3241,60.26,4.0023
-61.0277,60.22,3.9709
-63.8961,60.18,4.0006
-58.8762,60.37,4.0255
-48.9849,60.44,4.1602
-42.4238,60.51,4.5114
-36.4684,60.51,4.553
-34.3089,60.49,4.5095
-34.9812,60.47,4.394
-38.8007,60.58,4.9363
-34.7182,60.72,5.4884
-17.4813,60.86,4.794
29.1511,60.86,3.6907
87.4238,60.9,2.2006
154.682,60.94,-1.0561
237.772,60.85,-2.0251
339.012,60.97,-0.77349
429.834,61.09,-3.3556
509.87,61.09,-4.359
582.579,61.12,-4.8562
650.051,61.15,-5.8502
641.859,61.24,-5.9171
705.663,61.185,-6.0429
705.219,61.13,-6.0886
566.52,61.13,-4.9961
725.048,61.135,-5.8048
690.176,61.14,-5.8275
697.03,61.05,-5.7643
700.09,61.11,-5.8294
597.275,61.17,-4.7347
576.064,61.17,-4.7347
522.61,61.045,-4.7791
440.217,60.92,-4.6381
308.434,60.86,-3.5215
242.495,60.795,-3.3176
146.284,60.73,-0.85819
62.0164,60.73,0.082699
-2.74841,60.7,3.1023
-54.0561,60.67,4.0414
-68.3302,60.76,4.3154
-65.4622,60.685,4.2784
-60.3277,60.61,4.2613
-57.4435,60.61,4.2394
-57.3807,60.585,4.1774
-56.7496,60.56,4.202
-46.3315,60.57,4.0863
-39.6324,60.585,4.1309
-40.0221,60.6,4.2288
-35.9808,60.6,4.2853
-33.4849,60.655,4.4894
-30.8781,60.71,4.5514
-31.5957,60.8,4.5118
-30.6234,60.81,4.3713
-31.626,60.82,4.4402
-31.2046,60.82,4.5006
-30.4271,60.815,4.4795
-29.9762,60.81,4.6574
-27.7475,60.99,4.4957
-24.751,61.065,4.4416
-12.7088,61.14,4.0624
25.4152,61.14,3.9148
82.9915,61.07,1.5455
153.383,61,-1.2972
217.523,61.12,-2.0231
288.485,61.12,-2.4539
214.205,61.12,-2.0254
523.663,61.12,-4.2727
396.416,61.06,-3.1215
499.493,61,-4.5262
561.792,61.14,-4.8333
542.002,61.14,-4.4997
502.891,61.14,-4.345
690.072,61.14,-5.7448
521.185,61.115,-4.4642
700.346,61.09,-5.8964
632.647,61,-5.8781
614.171,61.055,-5.9657
445.719,61.11,-4.2626
545.497,61.11,-4.9226
499.797,60.98,-4.6084
360.813,60.85,-4.2697
300.413,61.01,-2.9948
136.299,60.87,0.082699
66.11,60.73,2.835
35.023,60.73,2.9349
18.7621,60.725,3.1154
-11.2539,60.72,4.0737
-28.5582,60.73,4.3445
-37.338,60.755,4.3248
-34.3782,60.78,4.2183
-24.9503,60.78,4.2545
-14.9464,60.81,4.2928
-12.727,60.84,4.2839
-12.9278,60.98,4.3888
-12.8428,60.99,4.4389
-10.3286,61,4.4222
-8.65556,61,4.4237
-8.28451,61.005,4.4372
-6.04442,61.01,4.5045
-4.72147,60.96,4.5496
-4.63302,60.955,4.7826
-5.58617,60.95,4.8935
-9.47475,60.95,4.6145
-10.018,61.03,4.6187
-13.6867,61.11,4.6187
-17.3235,60.97,4.6308
-16.3349,60.755,4.6145
-17.2004,60.54,4.9197
-10.3153,60.54,4.7903
-10.4782,58.63,4.761
-10.298,56.72,4.761
-4.54733,44.38,4.6168
6.54944,43.53,4.227
19.5895,42.68,3.9191
36.6069,42.68,3.9567
39.1255,42.58,3.9292
50.1785,42.48,3.6869
59.4044,42.23,3.5807
98.4353,42.105,1.8677
219.385,41.98,-1.6646
204.056,41.98,-1.3585
376.644,41.93,-2.9734
332.754,41.88,-1.9691
140.54,42.07,-1.0155
105.386,41.925,0.39425
112.398,41.78,1.0769
234.469,41.78,-1.7704
279.748,41.975,-1.8172
133.838,42.17,2.4806
211.202,42.04,-1.0155
94.829,42.145,3.0935
35.8471,42.25,3.8513
21.0664,42.25,3.7846
8.54216,42.27,3.8586
-12.6671,42.29,4.1569
-25.4522,42.53,4.1828
-23.547,42.545,4.1887
-25.2662,42.56,4.1866
-24.922,42.56,4.1585
-30.1232,42.47,4.2262
-24.4062,42.38,4.2091
-8.67333,42.77,4.2272
-7.05143,42.74,4.2425
-6.92341,42.71,4.3411
-8.66585,42.71,4.2368
-15.0438,42.825,4.3071
-6.20434,42.94,4.3468
-5.98385,43.03,4.3531
-5.84542,43.025,4.3933
-5.56607,43.02,4.4175
-6.49044,43.02,4.463
-7.30609,43.34,4.4731
-7.28162,43.66,4.4726
-7.39774,43.62,4.4832
-9.12647,43.535,4.5104
-1.71492,43.45,4.5081
17.4369,43.45,4.8584
54.3151,43.485,4.9655
73.0862,43.52,4.1424
39.7934,43.96,4.822
35.6099,43.835,3.7785
36.9396,43.71,3.8562
73.092,43.71,2.4146
89.0063,43.765,2.1747
59.8683,43.82,2.4146
64.867,43.95,2.4146
56.2894,43.93,3.8562
61.7176,43.91,3.963
72.7122,43.91,3.4648
74.7768,43.87,2.4146
45.8732,43.83,4.04
44.3884,43.95,4.1432
54.1473,44.055,4.2938
56.0266,44.16,4.3142
71.0343,44.16,3.5231
57.1683,44.125,4.2938
20.8225,44.09,5.0055
20.2733,43.68,4.9796
6.58575,43.59,4.982
-0.0543,43.5,4.9806
-2.25258,43.5,4.8418
-6.13666,43.35,4.6559
-12.1793,43.2,4.7033
-15.9192,43.02,4.6797
-16.6379,43.02,4.5696
-19.6844,43.02,4.545
-22.7216,43.02,4.545
-20.3156,42.9,4.5552
-19.8648,42.78,4.545
-17.6773,42.85,4.5215
-14.3445,42.89,4.5061
-22.2396,42.93,4.4556
-25.9238,42.93,4.4261
-20.3817,42.95,4.4338
-16.8263,42.97,4.4227
-13.7703,43.04,4.4316
-10.5038,43.07,4.5065
-8.98087,43.1,4.5473
-8.41152,43.1,4.5696
-8.67135,43.14,4.542
-8.93548,43.18,4.5291
-8.87145,43.18,4.4611
-9.59888,43.27,4.3928
-5.3084,43.36,4.3311
5.72524,43.36,4.6677
10.6462,43.415,4.956
17.5335,43.47,4.8724
44.6747,43.56,5.0083
52.4486,43.635,4.5525
72.7899,43.71,3.2556
98.2829,43.71,1.8571
60.1638,43.755,3.2591
58.9596,43.8,3.4338
83.0275,43.86,2.2253
49.3586,43.765,3.8305
83.9436,43.67,2.9762
270.761,43.67,-2.0949
212.138,43.77,-1.5962
210.75,43.87,-1.5962
114.486,43.9,1.8474
73.709,43.92,2.4435
166.231,43.94,-1.1364
66.2452,43.94,2.1654
15.7757,43.85,4.5219
38.5106,43.76,4.092
25.2462,44,4.5827
27.1105,44.045,4.4832
12.6817,44.09,4.34
4.89954,44.09,4.4985
-3.97448,44.07,4.0635
-9.67887,44.05,4.0314
-13.8245,43.71,4.0447
-16.3337,43.785,4.0505
-21.8623,43.86,4.0368
-24.86,43.86,4.0283
-32.0555,43.82,4.042
-26.6334,43.78,4.0307
-23.2594,44.09,4.0232
-21.6137,44.04,4.0307
-29.3079,43.99,4.0179
-26.8438,43.99,4.0106
-24.8936,43.875,4.0106
-19.6656,43.76,4.0106
-19.6522,44.13,4.054
-26.5033,44.09,4.0843
-23.1284,44.05,4.0845
-35.4674,44.05,4.0841
-36.6995,44.05,4.0254
-46.6531,44.05,4.0165
-46.5147,44.31,4.0384
-42.2534,44.38,4.029
-5.78923,44.45,4.0205
24.8012,44.45,4.1611
40.7296,44.5,4.4355
78.7584,44.55,3.4478
147.706,44.71,1.8127
137.049,44.705,1.9414
103.017,44.7,2.6329
113.237,44.7,2.7737
94.5056,44.125,2.84
71.4913,43.55,3.3103
19.7085,42.39,4.336
23.7322,42.1,4.5474
24.0524,41.81,4.5288
42.1344,41.81,4.1285
110.774,41.615,1.6029
46.7518,41.42,3.4978
36.9702,40.72,4.2509
84.188,40.36,2.481
65.7584,40,3.0155
4.63351,40,4.4015
-9.36897,39.405,4.12
11.1101,38.81,4.4167
17.5337,38.33,4.098
15.9963,38.115,4.4167
11.6249,37.9,4.3876
6.6357,37.9,4.2091
4.35514,37.805,4.4228
-2.14202,37.71,4.5093
-12.6437,37.57,4.5124
-24.3396,37.545,4.5124
-26.4179,37.52,4.5124
-21.1802,37.52,4.5238
-21.6806,37.505,4.5534
-19.6611,37.49,4.5748
-17.3505,37.53,4.5517
-21.9882,37.64,4.5549
-23.4079,37.75,4.5549
-29.3012,37.75,4.5746
-16.0035,37.73,4.5778
-30.0171,37.71,4.6573
-16.2339,38,5.0011
-17.9305,38.035,5.1453
-31.9406,38.07,5.4401
-24.8983,38.07,5.3528
-27.5562,38.205,5.3689
-13.6093,38.34,5.3689
-14.31,37.88,5.3689
-16.3644,37.815,5.3689
-14.8075,37.75,4.9848
-9.47017,37.75,4.6281
5.88205,37.755,4.3711
27.8388,37.76,4.0071
31.7612,37.78,3.7499
94.3885,37.795,2.5893
323.943,37.81,-3.91
340.293,37.81,-2.3291
558.412,37.95,-4.9602
605.925,38.09,-5.2004
549.293,38.02,-5.6375
721.593,38.14,-7.4833
804.419,38.26,-7.7412
812.987,38.26,-7.3825
752.915,38.265,-6.7173
740.324,38.27,-5.9341
637.581,38.33,-5.992
608.747,38.475,-5.8584
321.907,38.62,-3.1807
523.067,38.62,-4.7351
516.42,38.605,-4.5447
399.354,38.59,-4.937
291.049,38.6,-2.6864
225.057,38.635,-1.6351
103.341,38.67,0.92556
53.4217,38.67,2.6266
68.067,38.73,2.6537
-30.4841,38.79,4.6176
-40.3839,38.75,5.7711
-36.3931,38.755,5.5324
-32.8258,38.76,5.5324
-24.8042,38.76,5.4283
-29.7173,38.805,5.3691
-25.7875,38.85,5.3691
-25.6196,39.32,5.4337
-31.9645,39.21,4.4962
-43.4476,39.1,4.2259
-46.2051,39.1,4.1727
-49.1131,39.265,4.1661
-13.5763,39.43,4.1591
-31.7213,39.61,4.2441
-21.3446,39.715,4.1655
-49.1033,39.82,4.2022
-52.4351,39.82,4.2518
-52.4318,39.72,4.2398
-45.1804,39.62,4.2398
-47.5513,39.94,4.2784
-44.2916,40.115,4.3031
-19.6668,40.29,4.4042
30.0045,40.29,4.373
58.2133,40.38,4.1863
104.675,40.47,2.8554
142.64,40.47,1.9003
188.296,40.635,-0.31277
269.486,40.8,-1.8661
535.564,40.8,-5.3931
621.042,40.81,-6.1391
525.963,40.82,-5.0218
448.878,40.89,-4.4895
541.397,40.97,-4.42
557.64,41.05,-4.7039
705.493,41.05,-6.328
853.218,41.045,-10.675
782.663,41.04,-6.3692
734.644,41.17,-5.9211
604.781,41.26,-5.8368
680.342,41.35,-5.1986
556.847,41.35,-5.1287
633.48,41.41,-6.1506
516.978,41.47,-4.7936
392.134,41.27,-3.5215
172.356,41.26,0.077961
62.3775,41.25,4.4718
44.0614,41.25,2.7557
5.84109,41.29,3.8451
-30.9473,41.33,3.5075
-46.0388,41.27,4.6614
-50.2502,41.275,5.5915
-39.9648,41.28,5.6653
-50.9917,41.28,4.9936
-50.1117,41.34,4.9226
-46.4485,41.4,4.4534
-45.5,41.63,4.3324
-44.7506,41.595,4.3335
-43.4873,41.56,4.2086
-38.9667,41.56,4.2312
-37.5685,41.625,4.182
-31.7739,41.69,4.2015
-28.3499,41.77,4.1798
-28.5323,41.925,4.1809
-24.2772,42.08,4.1903
-21.3643,42.08,4.2154
-22.2926,42.135,4.1705
-30.6239,42.19,4.2154
-27.5353,42.38,4.4382
-28.349,42.42,4.373
-13.8932,42.46,4.152
33.3981,42.46,4.2047
105.185,42.475,1.4635
165.087,42.49,-1.9344
163.47,42.53,-2.7857
345.615,42.525,-5.4777
433.25,42.52,-5.8374
528.375,42.52,-6.0929
588.137,42.565,-7.1785
654.236,42.61,-6.5063
725.21,42.71,-6.5327
747.711,42.765,-6.9236
761.414,42.82,-7.4479
757.108,42.82,-7.4479
676.846,42.855,-6.2251
719.273,42.89,-6.9236
729.778,42.73,-7.0026
683.469,42.785,-6.5319
639.183,42.84,-6.9391
576.852,42.84,-7.319
507.662,42.85,-5.7453
429.205,42.86,-5.2259
344.29,43.02,-5.9
267.757,43.01,-2.0802
83.7547,43,3.3131
18.569,43,4.6042
16.5116,43.085,4.6601
-8.26016,43.17,4.2512
-13.3138,43.25,4.1988
-18.9581,43.305,4.2082
-20.9298,43.36,4.2168
-18.0209,43.36,4.2082
-14.8221,43.36,4.2082
-16.1228,43.36,4.1967
-27.9782,43.42,4.2006
-25.4293,43.485,4.2082
-11.798,43.55,4.2168
-10.0932,43.55,4.2173
-11.5331,43.56,4.4334
-11.602,43.57,4.4334
-11.7043,43.68,4.5346
-11.7767,43.735,4.647
-10.9655,43.79,4.6209
-11.5454,43.79,4.6064
-10.9001,43.87,4.6064
-13.8953,43.95,4.6006
-15.5541,43.94,4.5506
-15.318,44.005,4.5506
-10.8874,44.07,4.4817
-5.79834,44.07,4.3383
3.45193,44.1,4.8071
14.5566,44.13,5.2108
40.0946,44.22,5.5268
71.0512,44.385,4.8069
84.8141,44.55,3.615
145.644,44.55,1.4891
165.971,44.47,-0.081737
252.255,44.39,-2.0157
337.492,44.54,-3.7971
416.794,44.52,-5.2618
372.882,44.5,-4.8153
478.175,44.5,-5.2316
469.296,44.55,-5.6626
397.638,44.6,-5.5567
453.751,44.7,-5.8073
690.782,44.63,-6.7416
654.965,44.56,-7.9507
602.116,44.56,-7.8707
530.62,44.565,-7.4011
307.952,44.57,-5.158
239.887,44.68,-3.5027
285.755,44.695,-4.3614
158.081,44.71,-2.8494
8.17183,44.71,3.7116
-11.4921,44.67,4.6236
-33.4249,44.63,4.6113
-60.1011,44.82,4.384
-29.1111,44.835,4.389
-12.1236,44.85,4.3857
-11.4063,44.85,4.3833
-10.8407,44.865,4.3729
-9.80855,44.88,4.3704
-9.31817,44.9,4.3773
-10.7674,44.925,4.3727
-11.0581,44.95,4.3582
-12.132,44.95,4.3262
-13.2615,45.035,4.2337
-13.0767,45.12,4.2119
-10.0461,45.13,4.2175
-9.41939,45.085,4.2068
-10.523,45.04,4.2036
-8.80054,45.04,4.2114
-10.5066,45.17,4.2031
-9.31458,45.3,4.1987
-10.1952,45.27,4.1902
-13.1547,45.305,4.21
1.38262,45.34,4.2061
11.9296,45.34,4.6354
22.7536,45.49,4.8612
49.4265,45.64,4.7401
54.8279,45.61,3.5688
56.0416,45.75,1.894
63.0245,45.89,1.3085
88.7282,45.89,-2.3854
185.382,45.865,-2.3175
312.468,45.84,-4.2282
373.536,45.91,-5.1386
407.288,45.805,-5.6821
434.066,45.7,-5.664
407.541,45.7,-6.0226
417.171,45.77,-6.0487
504.127,45.84,-6.9776
393.669,46.08,-6.0798
467.796,45.97,-7.0423
308.234,45.86,-3.8149
445.318,45.86,-7.2407
322.277,45.835,-4.5613
160.75,45.81,-1.8941
288.856,45.95,-3.898
170.954,45.91,-2.0602
63.1501,45.87,2.4859
31.4242,45.87,2.8835
0.998911,45.895,3.4936
-37.849,45.92,4.6981
-51.953,45.91,4.5781
-44.9718,45.95,4.318
-20.6179,45.99,4.1151
-10.161,45.99,4.1833
-12.817,46.02,4.1947
-10.269,46.05,4.2151
-9.80264,46.05,4.2151
-9.72089,46.195,4.2254
-8.25468,46.34,4.2437
-8.78738,46.34,4.3044
-8.08241,46.265,4.3006
-6.09469,46.19,4.2783
-5.98254,46.09,4.2098
-11.7505,46.25,4.2098
-9.451,46.41,4.2098
-10.7797,46.41,4.2291
-10.1424,46.43,4.274
-11.0556,46.45,4.274
-10.7384,46.36,4.2098
-6.36185,46.51,4.2098
1.92644,46.66,4.2259
34.4588,46.66,5.1683
41.5115,46.84,5.2071
68.4132,47.02,2.3812
207.798,46.95,-2.1432
364.156,47.015,-5.0896
331.715,47.08,-4.5215
460.36,47.08,-6.786
557.5,47.065,-6.6717
621.649,47.05,-7.8457
638.158,47.08,-7.656
685.983,47.05,-7.6524
666.048,47.02,-7.0525
786.795,47.02,-8.0352
803.027,47.07,-9.742
723.573,47.12,-8.1301
768.429,47.2,-8.0352
564.325,47.16,-7.4562
365.904,47.12,-6.6768
178.325,47.12,-3.2638
477.632,47.125,-5.0117
311.255,47.13,-3.2667
38.8677,47.28,1.8367
27.9462,47.185,2.2033
35.9869,47.09,1.8743
-1.65867,47.09,4.2771
-4.44584,47.155,4.2771
-35.1697,47.22,6.0389
-30.9797,47.34,6.1103
-30.0104,47.275,6.1103
-34.1587,47.21,6.1103
-55.4869,47.21,5.9793
-50.8201,47.305,6.0001
-35.9846,47.4,6.0293
-21.4292,47.25,6.0085
-30.8435,47.26,6.1125
-25.3342,47.27,6.1017
-17.628,47.27,6.11
-17.5378,47.365,6.2082
-21.8692,47.46,6.2133
-21.285,47.65,6.2358
-17.8703,47.55,6.2617
-18.6835,47.45,6.2575
-25.3891,47.45,6.0632
-18.7114,47.43,6.2117
-14.8009,47.41,6.1841
-15.0621,47.28,6.1795
-17.7455,47.165,6.1674
-6.82181,47.05,5.9122
-7.25537,47.05,6.0564
-12.8322,47.08,6.0297
23.9575,47.11,4.0534
40.7854,46.89,3.7113
68.2459,46.905,2.3099
91.6296,46.92,-0.03794
84.0672,46.92,-0.81448
42.7885,46.74,2.3582
300.597,46.56,-5.6191
383.669,46.48,-6.0859
290.219,46.425,-6.3454
659.021,46.37,-7.0397
752.115,46.37,-6.8415
696.971,46.415,-7.3694
654.862,46.46,-7.5917
646.192,45.93,-7.9116
714.63,45.855,-7.9225
198.039,45.78,-2.1201
31.5666,45.78,1.5992
13.9507,45.935,3.5576
49.9712,46.09,1.8595
124.595,46.02,-1.5464
327.582,46.05,-7.1304
156.912,46.08,-0.88393
63.1575,46.08,3.5293
4.71677,46.075,5.5311
-13.9518,46.07,5.9219
-41.364,46.05,5.9274
-47.7565,46.1,5.966
-48.0907,46.15,5.974
-48.132,46.15,6.0148
-47.9302,46.18,6.0148
-47.3403,46.21,6.0148
-45.8337,46.1,6.0121
-44.6404,46.195,6.0148
-37.4437,46.29,5.9987
-45.6562,46.29,5.9734
-40.619,46.285,5.9584
-40.8801,46.28,5.9381
-31.0031,46.3,5.9315
-35.0709,46.285,5.8875
-18.7993,46.27,6.0447
-27.6332,46.27,6.0194
-18.3188,46.295,6.0119
-32.8789,46.32,6.0243
-21.93,46.61,6.1474
-8.51771,46.66,6.2108
-3.37923,46.71,5.9895
41.1447,46.71,3.6156
47.7065,46.38,2.4055
-12.3188,46.05,5.7458
-13.3794,45.67,6.0362
0.187504,45.365,5.979
51.9724,45.06,3.0868
137.166,45.06,-1.3385
261.19,45.13,-4.0285
155.675,45.2,-2.245
79.8448,45.06,2.1405
569.194,44.875,-8.036
411.632,44.69,-5.8947
168.884,44.69,-2.6716
125.934,41.535,-2.1864
290.024,38.38,-5.9671
-15.4825,37.72,5.7429
85.5859,37.52,2.1286
152.143,37.32,-2.5706
58.2976,37.32,2.0215
89.6177,37.145,0.98503
81.9583,36.97,-0.23904
42.6419,36.72,1.7485
19.0253,36.765,3.4413
9.72354,36.81,3.9285
-6.36693,36.81,5.9763
-10.2934,36.875,5.979
-15.4466,36.94,5.9084
-26.0263,37.11,6.0431
-25.0562,37.08,6.0675
-24.4017,37.05,6.0711
-24.3041,37.05,6.0753
-23.6348,37.105,6.0999
-28.6283,37.16,6.1376
-35.2923,37.19,6.1099
-34.0562,37.37,6.0782
-35.7467,37.55,6.1596
-26.0658,37.55,6.1487
-24.2198,37.565,6.1677
-20.2822,37.58,6.1531
-23.0082,37.71,6.1015
-31.3929,37.915,6.0889
-29.8142,38.12,6.0775
-19.665,38.12,6.0809
-15.6597,38.065,6.0716
-19.4245,38.01,6.0762
-24.0185,38.35,6.0615
-22.8035,38.245,6.0606
-13.2804,38.14,6.0159
25.2592,38.14,3.6044
39.4003,38.37,1.9967
31.9917,38.6,1.7175
84.0721,38.62,-1.7585
187.503,38.69,-2.8538
295.363,38.76,-4.3647
275.485,38.76,-5.4512
283.766,38.915,-5.1004
374.079,39.07,-5.7886
607.076,38.98,-9.6481
633.228,39.21,-9.6675
575.502,39.44,-8.7656
660.829,39.44,-9.9125
552.988,39.385,-8.706
397.797,39.33,-7.6929
508.014,39.49,-8.5869
637.772,39.45,-9.8592
633.148,39.41,-10.057
513.573,39.41,-8.9757
246.451,39.545,-5.7749
349.331,39.68,-7.7615
236.941,39.84,-5.3177
280.481,39.76,-7.7847
178.135,39.68,-4.445
91.7798,39.68,-1.8518
38.6115,39.675,1.2222
-35.7979,39.67,5.2975
-47.6942,39.91,5.9319
-25.6145,39.82,5.9729
-22.7506,39.73,6.0155
-39.3938,39.73,6.0965
-35.2064,39.705,6.1545
-26.7753,39.68,6.1417
-25.8186,39.77,6.0806
-26.9391,39.94,6.0447
-25.3056,40.11,5.9747
-28.334,40.11,6.002
-17.4714,40.095,5.969
-25.598,40.08,5.9731
-23.3243,40.33,5.9461
-13.4389,40.405,5.9671
-23.7802,40.48,5.9452
-32.8622,40.48,5.9377
-32.2163,40.51,5.9197
-20.8035,40.54,5.9377
-24.3854,40.46,5.9365
-21.0346,40.645,5.9716
-20.4154,40.83,5.906
-23.5931,40.83,2.7371
-8.8812,40.86,1.6536
88.4386,40.89,-2.5112
233.25,40.96,-4.156
324.318,41.12,-4.9602
412.083,41.28,-5.902
485.619,41.28,-8.627
593.498,41.2,-8.6469
646.064,41.12,-8.3048
682.593,41.37,-8.8967
732.992,41.445,-10.947
752.297,41.52,-11.273
780.873,41.52,-11.529
765.122,41.465,-11.373
638.333,41.41,-8.4771
786.531,41.5,-11.463
682.398,41.58,-9.3465
612.572,41.66,-8.746
558.723,41.66,-9.3358
440.062,41.645,-8.4817
298.478,41.63,-5.162
343.624,41.79,-7.859
261.311,41.8,-4.7765
166.328,41.81,-3.1908
78.9183,41.81,-1.3402
4.73116,41.9,1.364
-45.3537,41.99,2.7586
-70.7123,42.11,4.4053
-73.3555,42.18,4.5397
-70.7157,42.25,6.0789
-63.8347,42.25,7.2314
-59.1447,42.195,7.0447
-55.8824,42.14,6.9884
-52.9287,42.42,6.2699
-52.8679,42.48,6.2731
-50.9093,42.54,6.2763
-48.9879,42.54,5.6406
-46.9726,42.6,5.6403
-45.0435,42.66,5.6401
-41.0891,42.79,5.6398
-25.0899,42.845,6.2825
-7.40361,42.9,6.2441
-29.9355,42.9,6.2344
-51.0924,42.96,6.2281
-48.3311,43.02,5.6928
-43.1253,43.14,5.7044
-40.3387,43.17,5.6987
-14.1216,43.2,6.2949
37.0903,43.2,4.1949
101.334,43.25,0.95749
163.11,43.3,-2.7987
250.465,43.18,-4.2993
358.171,43.195,-5.3287
445.082,43.21,-5.713
396.359,43.21,-5.8274
527.689,43.135,-9.0405
544.269,43.06,-9.0443
618.863,43.3,-8.0128
674.752,43.325,-8.6917
759.777,43.35,-11.198
769.464,43.35,-11.319
767.474,43.36,-11.351
775.725,43.37,-11.351
511.973,21.755,-9.6943
437.007,43.51,-7.8952
357.865,43.54,-7.8147
272.249,43.595,-5.1637
164.632,43.65,-3.7756
74.7132,43.65,-0.97008
6.02521,43.72,1.364
-36.4693,43.79,2.8854
-56.9475,44.22,5.795
-70.1387,44.175,6.7856
-66.711,44.13,6.757
-56.0835,44.13,6.8241
-49.7482,44.07,6.757
-51.8338,44.01,6.8241
-48.1938,44.09,6.8257
-50.0916,44.085,6.9873
-48.2423,44.08,6.9412
-47.1397,44.08,6.8109
-47.6498,44.13,6.7786
-47.7989,44.18,6.757
-47.1865,44.25,6.7786
-46.3097,44.315,6.9412
-41.4615,44.38,6.846
-42.0023,44.38,6.9412
-39.0611,44.455,6.8257
-37.9213,44.53,6.8257
-40.6763,44.52,6.1826
-35.8926,44.665,6.8109
-19.007,44.81,6.1671
22.854,44.81,7.7187
84.8476,44.855,0.90711
153.941,44.9,-2.758
334.906,22.47,-6.1293
378.824,44.94,-6.2238
506.76,44.94,-8.7027
536.074,44.89,-8.9247
635.287,44.84,-9.2109
511.5,45,-9.1487
452.012,45.065,-9.1638
381.891,45.13,-8.3592
573.175,45.13,-10.625
572.801,45.09,-10.428
431.239,45.05,-9.2801
279.033,44.93,-5.5038
467.924,44.995,-9.0878
424.131,45.06,-9.4974
213.936,45.06,-3.7526
315.777,45.095,-5.8926
298.695,45.13,-5.8767
223.681,45.43,-3.896
128.072,45.415,-1.4313
114.011,45.4,-1.4153
78.711,45.4,-1.523
10.9121,45.345,1.5883
-31.7683,45.29,5.0622
-56.1933,45.41,5.6884
-59.301,45.43,5.5813
-59.2687,45.45,5.5517
-60.1298,45.45,5.5779
-60.089,45.415,5.5779
-58.3543,45.38,5.5762
-58.288,45.33,5.5648
-57.3491,45.345,5.6138
-55.1396,45.36,5.5099
-51.9338,45.36,5.5675
-49.3127,45.46,5.6768
-48.7976,45.56,5.6688
-38.3368,45.73,5.6901
-49.0795,45.705,5.6555
-51.9964,45.68,5.7236
-49.9236,45.68,5.7453
-50.5362,45.77,5.8948
-50.7281,45.86,5.9083
-50.4575,45.91,5.9244
-47.9849,46.035,5.9418
-33.7711,46.16,5.893
3.89296,46.16,3.4412
67.3992,46.17,0.46201
125.088,46.18,-3.0813
242.261,46.3,-5.8718
353.889,46.325,-7.3663
461.64,46.35,-9.5606
500.291,46.35,-8.9227
548.499,46.345,-10.101
592.248,46.34,-10.222
664.658,46.29,-10.309
718.918,46.465,-11.064
728.365,46.64,-11.62
706.525,46.64,-11.584
796.878,46.56,-12.839
779.034,46.48,-11.414
725.827,46.61,-11.357
691.874,46.71,-10.023
660.912,46.81,-8.7628
601.629,46.81,-9.0101
527.659,46.835,-5.8622
451.226,46.86,-5.6803
362.2,46.7,-7.1782
270.271,46.645,-7.1869
179.725,46.59,-3.466
97.2269,46.59,-2.1337
31.322,46.665,0.40975
-29.3704,46.74,4.5953
-50.0879,46.71,6.0634
-44.4995,46.665,5.7352
-43.5303,46.62,5.6695
-50.071,46.62,5.8978
-51.6372,46.685,5.927
-51.0309,46.75,5.8913
-54.3467,46.86,5.9044
-55.2976,46.84,5.8975
-51.7495,46.82,5.8974
-51.5958,46.82,5.8988
-53.0215,46.675,5.9782
-54.1028,46.53,5.9816
-52.4534,46.75,5.9652
-52.3662,46.835,5.9587
-51.4111,46.92,5.9544
-49.0171,46.92,5.9529
-48.3223,47,5.983
-47.0122,47.08,5.9747
-47.1776,47.26,5.9463
-42.6484,47.42,5.9446
-19.7836,47.58,5.8852
26.9569,47.58,2.0124
93.0605,47.54,-1.7965
194.763,47.5,-4.547
236.521,47.4,-6.0718
345.831,47.5,-8.0075
350.193,47.6,-7.9612
457.918,47.6,-10.655
571.22,47.62,-10.54
644.351,47.64,-11.743
710.128,47.69,-12.323
743.159,47.745,-12.304
776.388,47.8,-12.233
784.355,47.8,-12.749
757.392,47.815,-11.473
628.948,47.83,-10.601
526.335,47.92,-9.2379
703.386,47.905,-11.011
528.943,47.89,-9.613
584.895,47.89,-10.422
504.425,47.94,-9.2379
437.017,47.99,-9.9282
369.371,48.1,-8.9256
261.2,47.97,-6.5391
168.03,47.84,-3.8329
81.3072,47.84,-1.3927
14.6455,47.87,-0.60053
-31.993,47.9,2.1995
-71.9897,47.86,5.8268
-71.191,47.94,5.7724
-68.1627,48.02,5.8238
-65.585,48.02,5.6571
-58.0843,48.125,5.5559
-57.0803,48.23,5.556
-58.9052,48.11,5.574
-58.5927,48.055,5.646
-56.3442,48,5.7207
-53.9893,48,5.7342
-52.1399,48.07,5.8734
-46.5476,48.14,5.8514
-32.1528,48.1,5.8719
-20.2037,48.08,5.8821
-16.6667,48.06,5.8995
-13.161,48.06,5.9281
-14.2995,48.135,5.9359
-13.8482,48.21,5.9308
-19.8883,48.22,5.8986
-17.9562,48.405,5.8859
-1.01095,48.59,5.8609
12.8931,48.59,5.7591
64.4688,48.54,1.742
87.093,48.49,0.55871
186.253,48.45,-5.0464
288.089,48.47,-8.2673
273.302,48.49,-7.5013
292.118,48.49,-8.6509
610.173,48.555,-11.48
432.434,48.62,-11.12
363.307,48.59,-9.0147
394.506,48.615,-9.8867
616.511,48.64,-11.957
656.628,48.64,-12.434
588.128,48.69,-11.095
524.19,48.74,-10.763
600.305,48.69,-11.467
725.008,48.735,-12.595
561.313,48.78,-10.767
467.926,48.78,-10.705
579.534,48.87,-11.742
392.078,48.96,-9.9188
262.982,48.89,-8.4713
200.56,48.875,-5.8067
131.329,48.86,-3.7788
31.6465,48.86,0.90262
27.4748,48.91,1.1165
8.82983,48.96,2.4177
-43.7525,49.18,5.8096
-51.8529,49.08,5.8224
-49.4845,48.98,5.7996
-49.751,48.98,5.7905
-48.2492,48.92,5.8025
-46.6671,48.86,5.8208
-45.7298,48.77,5.9283
-42.2017,48.86,5.9291
-39.9525,48.95,5.9472
-37.7417,48.95,5.9209
-36.1869,49.005,5.9155
-36.8679,49.06,5.9077
-33.0853,49.21,5.911
-25.9043,49.2,5.8795
-29.1736,49.19,5.8859
-27.4666,49.19,5.9057
-41.1732,49.19,5.8888
-42.8599,49.19,5.9116
-41.5093,49.41,5.9167
-41.6981,49.575,5.8946
-26.0059,49.74,5.8525
9.29925,49.74,3.1008
90.6314,49.725,-2.0306
152.259,49.71,-4.6305
175.674,49.61,-3.5187
225.157,49.67,-5.5048
229.033,49.73,-5.3866
158.327,49.73,-3.194
220.945,49.8,-5.0223
197.96,49.87,-4.781
292.091,49.65,-7.9568
475.092,49.805,-11.466
343.452,49.96,-9.3101
291.421,49.96,-8.303
564.029,49.975,-11.417
823.987,49.99,-13.628
764.341,49.73,-12.38
521.652,49.825,-10.258
47.0501,49.92,1.2511
83.4001,49.92,-3.2176
167.167,50.06,-9.8036
247.088,50.2,-9.5737
189.689,50.21,-5.2094
236.472,50.1,-7.0347
183.867,49.99,-5.4855
141.022,49.99,-4.9687
50.398,49.975,0.067671
-6.11146,49.96,2.1772
-41.2707,50.04,5.6946
-43.0319,50.07,5.8293
-42.9857,50.1,5.7928
-42.472,50.1,5.8174
-44.7841,50.065,5.7689
-46.1339,50.03,5.8194
-44.3511,49.98,5.7933
-43.7562,50.065,5.9485
-39.3547,50.15,5.95
-41.9944,50.15,5.9574
-48.5669,50.12,5.9488
-44.1753,50.09,5.9372
-24.2692,50.01,5.9
-4.84132,50.05,5.8545
-35.8458,50.09,5.8748
-52.7189,50.09,5.8507
-51.2302,50.09,6.0255
-31.3259,50.09,5.8944
-33.4351,50.51,5.9162
-32.1734,50.54,5.8077
-10.9586,50.57,6.293
34.7134,50.57,0.93624
42.9354,50.59,-0.60355
44.0403,50.61,1.523
7.73388,50.49,4.1711
53.7924,50.625,-0.18463
81.5778,50.76,-2.2362
279.893,50.76,-7.4774
485.414,50.645,-12.559
571.793,50.53,-12.251
581.369,50.64,-11.967
750.002,50.67,-12.711
742.678,50.7,-12.456
772.243,50.7,-13.297
774.461,50.765,-13.541
606.592,50.83,-11.211
707.56,50.78,-12.081
684.133,50.7,-11.711
639.274,50.62,-10.942
582.276,50.62,-10.539
518.153,50.625,-10.222
434.813,50.63,-9.9703
352.04,51.12,-9.5704
262.577,51.175,-7.5197
173.406,51.23,-4.5502
86.2244,51.23,-2.2524
15.7772,51.195,-0.99767
-34.5,51.16,1.8736
-57.3225,51.23,5.8447
-56.6938,51.2,5.7723
-54.2676,51.17,6.3827
-49.7235,51.17,6.1803
-46.214,51.125,5.9425
-41.3631,51.08,6.5806
-39.1301,51.12,6.6301
-37.2274,51.055,6.6659
-38.8319,50.99,6.5159
-35.8514,50.99,5.9245
-36.9503,51.115,6.5448
-40.6602,51.24,6.5159
-37.9224,51.24,6.5448
-39.4844,51.28,6.5448
-36.7056,51.32,6.6409
-35.8085,51.32,6.7851
-32.7335,51.41,6.8257
-32.4446,51.5,6.6827
-36.5965,51.73,6.6827
-30.8521,51.8,6.7477
-6.67987,51.87,6.081
44.5526,51.87,2.924
99.8767,51.855,-2.8946
159.608,51.84,-5.2575
259.084,51.88,-9.7222
353.184,51.905,-9.7138
445.158,51.93,-11.125
525.866,51.93,-10.931
592.878,52.035,-10.819
656.595,52.14,-9.7851
703.681,51.86,-9.596
742.186,51.91,-9.3945
765.967,51.96,-9.5337
713.968,51.96,-9.3562
763.645,52.045,-9.16
778.713,52.13,-9.0378
614.955,52.04,-8.1982
555.697,52.215,-8.4884
400.105,52.39,-7.1941
623.074,52.39,-9.6293
541.2,52.375,-9.8255
280.998,52.36,-6.6756
173.553,52.39,-3.986
284.85,52.245,-7.2953
72.9222,52.1,-1.0939
89.4145,52.1,-1.8812
12.0399,52.175,0.13338
-44.8509,52.25,4.9477
-58.3955,52.3,5.7355
-53.8161,52.29,5.6314
-49.9231,52.28,5.5019
-48.0563,52.28,5.8063
-42.4417,52.24,5.9086
-39.5454,52.2,6.0781
-38.0251,52.18,6.3037
-36.3761,52.175,6.3888
-34.4887,52.17,6.2948
-30.9547,52.17,5.9253
-21.0211,52.165,5.9253
-27.3091,52.16,5.9266
-25.8432,52.22,5.9245
-24.6485,52.235,5.9245
-21.752,52.25,5.9226
-21.2451,52.25,5.9226
-19.5202,52.38,5.9226
-19.1149,52.51,5.9245
-17.8759,52.81,5.9245
-12.3794,52.875,5.9245
22.0938,52.94,6.2028
49.091,52.94,3.8861
51.2923,52.97,1.0198
102.27,53,-1.6098
188.148,52.93,-5.7228
297.99,53,-9.6744
433.416,53.07,-11.623
388.471,53.07,-10.01
192.743,53.145,-5.4026
636.757,53.22,-13.204
686.689,53.11,-12.946
785.458,53.14,-12.474
790.667,53.17,-12.859
816.922,53.17,-13.292
722.528,53.255,-12.157
732.718,53.34,-12.309
782.707,53.29,-13.077
718.134,53.315,-11.546
646.754,53.34,-10.935
598.894,53.34,-11.36
522.769,53.34,-10.373
438.019,53.34,-10.063
349.526,53.56,-8.6741
282.703,53.49,-6.5495
187.57,53.42,-3.3557
92.8725,53.42,-2.0717
24.009,53.475,-0.55381
-27.5227,53.53,3.5824
-56.8875,53.57,5.7976
-60.6033,53.55,5.6138
-58.4373,53.53,5.7921
-57.0752,53.53,5.7916
-58.1022,53.52,5.7886
-56.2568,53.51,5.7702
-54.3488,53.45,5.7628
-51.497,53.405,5.7545
-51.9683,53.36,5.7822
-50.1394,53.36,5.7826
-49.9177,53.325,5.7787
-52.1795,53.29,5.7799
-52.988,53.44,5.798
-52.1554,53.465,5.8312
-51.9628,53.49,5.8484
-50.9479,53.49,5.8715
-46.0161,53.58,5.8973
-44.8499,53.67,5.8586
-45.9091,54.02,5.8741
-43.017,54.075,5.8731
-23.0273,54.13,5.728
30.3319,54.13,0.065077
108.659,54.135,-3.6805
173.67,54.14,-5.7664
297.595,54.23,-9.9912
358.504,54.315,-9.5052
350.223,54.4,-10.72
417.766,54.4,-10.548
350.816,54.29,-10.565
464.841,54.18,-11.692
491.79,54.41,-12.008
248.731,54.26,-6.7852
467.758,54.11,-11.402
640.324,54.11,-13.191
621.317,54.275,-12.938
512.069,54.44,-12.55
719.752,54.39,-12.982
812.645,54.525,-13.968
706.18,54.66,-12.395
608.212,54.66,-12.139
454.868,54.585,-10.408
415.161,54.51,-9.2021
370.615,54.58,-8.714
289.12,54.575,-9.0456
150.389,54.57,-4.1678
90.6846,54.57,-3.3479
28.73,54.62,-0.39243
-21.3846,54.67,2.7787
-54.5535,54.93,5.6608
-62.0195,54.73,5.8973
-62.4008,54.53,5.89
-61.6625,54.53,5.8471
-60.5036,54.535,5.8011
-61.2567,54.54,5.8069
-60.2441,54.69,5.7902
-58.3214,54.71,5.7779
-59.001,54.73,5.7745
-57.9462,54.73,5.775
-58.7278,54.68,5.7839
-57.0658,54.63,5.7831
-46.6886,54.58,5.7961
-53.16,54.64,5.7748
-51.0888,54.7,5.775
-51.1481,54.7,5.8107
-49.3734,54.74,5.8003
-40.7337,54.78,5.8103
-35.2503,54.95,5.7837
-45.2084,55.13,5.7968
-26.8445,55.31,5.6786
17.7784,55.31,0.96019
90.1502,55.28,-3.2543
179.53,55.25,-5.7855
276.872,55.22,-9.3503
351.166,55.335,-9.3686
392.157,55.45,-9.9871
380.949,55.45,-9.4849
318.966,55.385,-9.7499
314.249,55.32,-9.5281
323.738,27.615,-9.6305
308.162,55.23,-9.6838
413.868,55.23,-10.156
569.772,55.245,-11.041
434.932,55.26,-11.443
262.14,55.3,-7.5917
215.449,55.27,-5.682
195.596,55.24,-5.2241
165.15,55.24,-3.6935
232.511,55.33,-5.8743
87.6635,55.42,-0.036978
107.123,55.32,-1.4008
NA,55.325,-0.69798
61.599,55.33,0.87668
35.7,55.33,1.8902
5.08857,55.43,4.7641
-22.2333,55.53,5.651
-99.7036,55.43,5.7962
-79.3513,55.435,5.821
-40.3824,55.44,5.8137
-40.1123,55.44,5.8606
-36.1999,55.455,5.8664
-44.7604,55.47,5.8571
-33.9815,55.52,5.8518
-40.0403,55.57,5.863
-46.5221,55.62,5.888
-23.6399,55.62,5.9694
-15.8861,55.595,5.9401
-17.7886,55.57,5.9009
-20.8894,55.83,5.9083
-11.3046,55.84,5.8723
-8.43274,55.85,5.9011
-28.2503,55.85,5.908
-26.6925,55.805,5.9562
-38.2809,55.76,5.9455
-28.6569,55.75,5.9659
-23.5003,55.82,5.88
-10.1472,55.89,5.8295
-7.38824,55.89,5.869
-0.208144,55.855,5.6365
16.5667,55.82,4.0292
37.3478,55.89,1.4195
75.56,56.02,-3.4224
30.0233,56.15,0.10499
11.7798,56.15,3.6242
84.3937,56.095,-2.9246
124.474,56.04,-3.961
329.434,55.78,-9.0822
181.366,55.61,-4.6329
106.037,55.44,-1.3664
-2.18947,55.44,5.7338
-5.03439,55.02,5.9504
36.7237,54.6,2.9781
83.9778,53.7,-2.2363
76.8344,53.465,-2.2363
45.8812,53.23,-0.92237
67.9721,53.23,-3.8997
14.1636,53.07,-1.3871
29.5536,52.91,-1.4903
16.8568,52.7,2.976
40.9918,52.74,0.97783
10.3117,52.78,5.0634
-4.19596,52.78,6.1863
-22.2011,52.5,6.4087
-22.4136,52.22,6.4733
-18.3332,50.39,6.5417
-12.1374,50.065,6.5263
-15.4129,49.74,6.5952
-23.3241,49.74,6.5512
-21.837,49.61,6.5263
-16.5995,49.48,6.5487
-19.4923,49.37,6.5547
-33.1203,49.27,6.5309
-23.5617,49.17,6.5523
-12.392,49.17,6.586
-11.2659,49.23,6.5975
-14.1938,49.29,6.6847
-13.0166,48.89,6.6267
-12.7496,49.06,6.6267
-14.0117,49.23,6.6735
-13.8189,49.23,6.6326
-13.4958,49.235,6.5964
-13.6772,49.24,6.6071
-16.189,49.17,6.6598
-15.6362,49.185,6.6889
-8.82021,49.2,6.7998
10.9431,49.2,6.1687
39.69,49.285,3.4802
56.0005,49.37,0.1272
34.9198,49.26,2.6593
66.7238,49.32,-1.7771
89.526,49.38,-3.6489
50.2759,49.38,-0.35882
55.269,49.175,-0.66962
71.5433,48.97,-3.9117
36.0821,49.07,-1.8749
75.8126,49.13,-3.8277
120.157,49.19,-4.2438
168.254,49.19,-7.7623
176.189,49.27,-7.534
204.855,49.35,-8.6159
384.859,49.33,-9.7496
396.571,49.305,-10.485
309.479,49.28,-8.6192
395.898,49.28,-10.665
356.984,49.105,-10.19
312.404,48.93,-8.6759
222.519,49.05,-5.5391
136.947,48.965,-3.7687
104.696,48.88,-2.4472
128.102,48.88,-3.8575
57.8354,48.935,1.6778
6.95583,48.99,6.4754
-14.0058,48.85,6.9337
-27.2107,49.035,7.0402
-20.2262,49.22,7.0703
-18.1924,49.22,7.0714
-17.9079,49.09,7.0714
-16.7712,48.96,7.0714
-16.7435,49.12,7.1097
-19.2061,49.1,7.0858
-23.5642,49.08,7.0846
-25.8011,49.08,7.1952
-24.7477,48.98,7.1952
-22.7154,48.88,6.9445
-19.7262,48.95,7.0104
-21.5943,49.09,6.9657
-22.667,49.23,7.3062
-34.8557,49.23,7.4001
-36.9196,49.27,7.3774
-30.3263,49.31,7.4547
-27.9382,49.23,7.4496
-27.6883,49.285,7.4496
-14.431,49.34,7.3807
5.32325,49.34,6.8264
-24.8006,49.37,6.1359
9.69134,49.4,5.2463
34.9711,49.34,4.6241
29.5928,49.37,3.9838
41.3343,49.4,1.5987
89.5449,49.4,-3.3289
125.073,49.395,-4.925
133.326,49.39,-5.9764
109.711,49.65,-3.1501
148.276,49.47,-9.5022
166.877,49.29,-11.394
219.635,49.29,-11.428
241.343,49.495,-9.5022
99.221,49.7,-3.9037
44.1729,49.75,-2.9145
239.233,49.695,-8.9303
230.072,49.64,-7.7219
130.777,49.64,-3.6794
132.42,49.72,-3.7787
171.534,49.8,-4.5147
NA,49.83,-4.3904
156.716,49.76,-3.9629
98.9569,49.69,-2.4066
78.3558,49.69,-0.27788
42.421,49.77,4.056
0.0458,49.85,6.8264
-14.9745,49.7,7.3737
-19.2247,49.75,7.2194
-16.7804,49.8,7.2557
-11.8605,49.8,7.463
-21.3728,49.675,7.4073
-22.1747,49.55,7.4128
-22.7263,49.86,7.3146
-21.6179,49.865,7.1451
-41.2841,49.87,7.1
-53.0423,49.87,7.1
-41.4248,49.675,7.1678
-25.9879,49.48,7.1889
-15.0827,49.85,7.1478
-13.1551,49.825,7.1523
-33.9713,49.8,7.1113
-32.2574,49.8,7.1113
-27.5257,49.87,7.1136
-23.8603,49.94,7.1945
-23.0609,50.07,7.1812
-21.2827,50.09,7.1812
-17.6704,50.11,7.2179
-7.01686,50.11,7.2975
5.36606,50.2,6.8264
22.1195,50.29,5.4956
28.8739,50.32,4.6241
39.0381,50.22,2.1426
39.8414,50.12,1.304
30.7046,50.12,3.4976
10.1907,50.125,5.2463
26.4251,50.13,3.9723
38.2035,50.09,2.1426
29.4212,49.975,4.6241
50.2381,49.86,1.5646
63.6193,49.86,-0.49892
51.4766,49.575,0.77983
74.6474,49.29,-2.9145
91.6809,48.87,-3.8593
71.3954,48.71,-3.2943
44.7155,48.55,-0.49892
51.7556,48.55,-0.49892
31.2814,48.415,1.5646
39.6539,48.28,0.35685
18.6361,48.3,4.6241
11.5099,48.025,5.2463
20.3639,47.75,4.6241
11.0402,47.75,5.2463
3.81083,47.725,6.1488
-3.50605,47.7,6.447
-20.8854,47.74,7.3354
-17.795,47.63,7.3354
-15.0654,47.52,7.3657
-11.6303,47.52,7.3456
-10.6345,47.365,7.3309
-11.5458,47.21,7.1757
-9.80161,47.51,7.1949
-8.42394,47.425,7.2088
-11.7665,47.34,7.2231
-9.61225,47.34,7.2377
-14.4708,47.385,7.2377
-13.0839,47.43,7.2377
-23.3569,47.2,7.2377
-21.5581,47.27,7.2643
-15.7472,47.34,7.1866
-14.0921,47.34,7.1999
-13.5051,47.31,7.213
-13.8515,47.28,7.161
-14.0586,46.85,7.1999
-8.77458,46.88,7.2889
-9.01452,46.91,7.2377
-7.20932,46.91,7.2377
-4.00799,46.63,7.1986
6.34797,46.35,6.9011
22.182,46.33,6.1532
31.1314,46.35,4.1767
42.8495,46.37,3.5829
90.9125,46.37,-3.2741
137.666,46.345,-4.1474
173.692,46.32,-4.6629
183.576,46.27,-5.0503
158.923,45.95,-4.1789
283.037,45.63,-7.983
301.374,45.63,-8.6589
146.515,45.595,-3.7262
72.5773,45.56,1.3996
28.8711,44.93,6.0977
11.7169,45.045,6.4461
-0.123857,45.16,6.5434
1.95759,45.16,6.5695
19.9017,45.115,4.2758
74.3053,45.07,-3.0043
85.1571,44.8,-3.7457
39.0455,44.68,1.2798
25.7633,44.56,4.4231
51.9665,44.56,-0.1338
-1.71476,44.65,6.3864
-17.2559,44.74,7.3232
-13.5464,45.11,7.3364
-14.7827,44.94,7.3337
-12.8228,44.77,7.3337
-16.5631,44.77,7.2964
-10.8057,44.61,7.3036
-8.04748,44.45,7.3036
-9.39648,44.39,7.3337
-26.1691,44.42,7.2825
-41.1761,44.45,7.2825
-30.7839,44.45,7.3391
-11.6303,44.455,7.3602
-10.1366,44.46,7.3638
-18.4201,44.42,7.3718
-23.5448,44.61,7.3925
-20.7704,44.8,7.4075
-18.8124,44.8,7.3173
-18.9338,44.77,7.2736
-8.87223,44.74,7.2047
-25.8763,44.91,7.2704
-17.7227,45.06,7.2423
-0.245217,45.21,7.1202
13.5471,45.21,6.7226
62.3072,45.165,-0.45086
208.883,45.12,-5.61
206.352,45.33,-4.9293
154.897,45.31,-3.468
279.942,45.29,-8.0995
504.296,45.29,-11.122
529.516,45.395,-12.052
684.131,45.5,-13.227
861.136,45.86,-14.462
663.28,45.875,-12.273
799.257,45.89,-11.746
393.766,45.89,-10.703
321.084,45.83,-9.1229
777.655,45.77,-12.121
683.255,45.95,-11.936
694.308,46.08,-12.194
771.827,46.21,-11.452
537.853,46.21,-12.646
504.551,46.185,-12.098
296.09,46.16,-8.4004
404.254,46.35,-10.666
318.494,46.26,-10.127
94.0604,46.17,-2.1298
90.5112,46.17,-3.5042
39.4114,46.215,-2.1058
15.4715,46.26,3.0219
-34.2195,46.26,7.2513
-15.6574,46.205,7.2704
-34.0033,46.15,7.2219
-58.8944,46.15,7.3538
-56.8502,46.21,7.4724
-59.6238,46.27,7.4345
-58.1905,46.3,7.4263
-54.8844,46.31,7.4976
-54.1433,46.32,7.4734
-53.7263,46.32,7.1866
-50.3521,46.335,7.4719
-15.9856,46.35,7.3025
-7.63915,46.43,7.2016
-40.8014,46.5,7.5319
-45.3652,46.57,7.8869
-40.2044,46.57,8.2781
-42.4062,46.605,7.4419
-41.1045,46.64,9.3471
-46.0767,46.83,7.5319
-43.6317,46.955,7.503
-8.64099,47.08,6.6786
85.3012,47.08,-2.9813
118.152,47.21,-4.1789
141.151,47.34,-4.097
251.888,47.03,-8.6076
388.624,47.15,-10.959
309.023,47.27,-7.9699
562.392,47.27,-12.009
414.097,47.365,-11.366
708.97,47.46,-13.014
652.372,47.44,-12.385
670.927,47.625,-12.392
702.192,47.81,-13.005
415.951,47.81,-10.849
612.837,47.64,-11.939
465.712,47.47,-9.2181
628.972,47.67,-11.444
786.615,47.665,-11.334
425.581,47.66,-10.547
524.265,47.66,-13.531
596.241,47.795,-11.726
421.687,47.93,-10.417
310.818,48.17,-7.2693
252.999,48.025,-5.0043
210.42,47.88,-4.708
124.242,47.88,-3.5543
32.5848,47.875,-1.3779
-17.1752,47.87,3.6485
-51.7388,47.9,7.1433
-58.3728,47.88,7.5255
-57.2579,47.86,7.4612
-56.6683,47.86,7.334
-49.5483,47.84,7.3089
-46.0858,47.82,7.3355
-51.9011,47.84,7.4932
-50.6831,47.89,7.3115
-43.8513,47.94,7.3287
-40.7766,47.94,7.5196
-42.226,47.955,7.6475
-35.6745,47.97,8.2781
-32.1515,48.14,8.2781
-31.9899,48.095,8.2781
-29.7529,48.05,8.2781
-29.6823,48.05,7.6716
-27.6617,48.225,8.2781
-27.9653,48.4,7.6716
-26.8994,48.29,7.4419
-23.7951,48.38,9.3471
-8.22399,48.47,7.0991
54.1476,48.47,0.060391
122.409,48.65,-3.9376
203.594,48.83,-6.8224
99.8294,48.64,-2.8419
3.06222,48.505,5.2712
-5.87032,48.37,6.8728
12.0039,48.37,6.0988
16.3772,48.405,5.4112
50.9233,48.44,0.38192
203.019,48.68,-7.6449
158.114,48.705,-5.7875
370.696,48.73,-11.894
440.733,48.73,-12.14
864.982,48.645,-14.462
651.56,48.56,-12.36
296.004,48.48,-8.1246
207.208,48.725,-8.2672
423.456,48.97,-13.293
393.099,48.97,-11.481
438.094,49.12,-10.641
556.89,49.27,-13.285
439.404,48.98,-11.312
305.899,48.925,-8.7304
227.235,48.87,-7.565
169.116,48.87,-5.1413
24.1137,48.865,3.0313
-37.8375,48.86,7.9245
-44.0369,49.01,8.1848
-52.4601,48.92,7.9976
-52.066,48.83,7.8544
-54.6677,48.83,7.8313
-48.9683,48.925,7.8172
-45.8304,49.02,7.7004
-43.2484,48.81,7.6155
-35.6273,48.845,7.3912
-35.3495,48.88,7.5641
-38.9383,48.88,7.5381
-32.3584,48.97,7.4608
-18.027,49.06,7.4305
-12.0828,49.03,7.7258
-32.8782,49.075,7.6419
-21.0546,49.12,7.4416
-20.4591,49.12,7.5386
-19.047,49.155,7.4416
-23.1186,49.19,7.4632
-30.2489,49.41,7.4632
-21.0277,49.58,7.5344
-9.24943,49.75,7.3489
15.7966,49.75,6.059
64.314,49.75,2.47
202.795,49.75,-5.9976
190.115,49.77,-6.7651
275.623,49.75,-8.1987
420.019,49.73,-12.381
492.399,49.73,-12.418
658.357,49.61,-12.571
363.349,49.49,-12.086
176.79,49.45,-8.4119
172.112,49.3,-8.4489
90.418,49.15,-2.6832
113.99,49.15,-4.1355
-4.80284,49.38,2.6244
178.461,49.61,-6.4676
715.73,48.95,-11.141
283.886,49.12,-8.274
66.2529,49.29,-0.54892
152.601,49.29,-5.3611
12.282,49.275,3.1229
-16.2288,49.26,7.3395
-25.4329,49.33,7.4463
-18.6767,49.14,7.4463
-19.5364,48.95,7.4396
-18.0316,48.95,7.4436
-14.76,49.055,7.4129
-15.6838,49.16,7.3862
-22.3699,48.98,7.4252
-25.6546,48.81,7.4631
-25.9953,48.64,7.4108
-31.6362,48.64,7.292
-37.7054,48.785,7.4186
-20.5356,48.93,7.3507
-21.9326,48.79,7.2516
-15.1337,48.82,7.2585
-23.3295,48.85,7.3405
-21.6242,48.85,7.4931
-29.3448,48.82,7.4819
-27.3742,48.79,7.4637
-20.9775,48.95,7.5254
-12.0063,48.81,7.5158
-15.0813,48.67,7.4009
-17.2806,48.67,7.4651
-30.434,48.805,7.6423
-36.1459,48.94,7.7778
-32.636,49,8.1198
-30.0252,49.12,7.8518
-13.2361,49.24,7.6939
31.7176,49.24,6.9043
52.5466,49.28,5.6151
110.056,49.32,-1.5181
169.124,49.38,-4.9615
162.837,49.415,-6.5579
321.923,49.45,-9.7995
449.682,49.45,-13.35
405.486,49.46,-12.175
630.737,49.47,-12.855
876.248,49.7,-14.462
733.125,49.7,-12.432
690.741,49.7,-12.537
765.753,49.7,-12.143
661.758,49.775,-11.934
699.835,49.85,-11.315
655.897,49.74,-11.795
766.458,49.9,-11.752
693.944,50.06,-11.806
673.612,50.06,-11.701
684.848,50.07,-11.851
467.114,50.08,-11.31
424.613,50.03,-10.582
315.729,50.02,-10.365
192.971,50.01,-6.3135
127.516,50.01,-5.1016
46.8238,49.995,-1.9397
-12.4654,49.98,3.0793
-44.2726,49.85,7.8155
-45.3371,49.875,7.8908
-41.2956,49.9,7.7254
-38.9356,49.9,7.6663
-36.2237,49.885,7.7271
-32.4282,49.87,7.7252
-26.3976,49.8,7.6895
-11.7272,49.865,7.6978
-31.1489,49.93,7.8291
-9.65906,49.93,7.8767
0.36725,49.78,8.3651
-13.7334,49.63,8.1856
-15.2249,49.52,7.9737
-28.0092,49.545,7.9642
-34.3266,49.57,7.7969
-31.8605,49.57,7.7729
-34.4326,49.555,7.8352
-32.9214,49.54,7.8982
-33.9269,49.64,7.8605
-30.5359,49.815,7.701
-14.785,49.99,7.7278
32.9193,49.99,3.1879
109.664,49.92,-2.933
177.498,49.85,-6.3064
152.66,49.86,-7.4414
259.891,49.9,-10.909
407.244,49.94,-12.284
546.114,49.94,-13.779
626.444,50.075,-12.26
668.072,50.21,-11.383
742.65,50.01,-11.586
781.151,50.07,-12.332
809.385,50.13,-11.893
828.413,50.13,-12.085
828.22,50.29,-12.085
822.554,50.45,-11.748
629.383,50.05,-12.483
642.836,50.22,-12.358
453.81,50.39,-10.69
12.1614,50.39,4.4191
-1.04472,50.28,-0.36412
37.8742,50.17,-1.1914
118.454,50.04,-3.8955
186.307,49.995,-6.5814
303.145,49.95,-9.3494
155.849,49.95,-5.5925
44.7445,49.96,1.174
-16.8523,49.97,6.7066
-34.4879,50.24,7.9717
-29.163,50.18,8.0647
-17.1536,50.12,8.0115
-32.0021,50.12,7.8054
-24.7565,50.115,7.84
-26.1609,50.11,7.816
-30.7433,49.94,7.8326
-31.1945,50.19,7.8326
-33.6784,50.44,7.7982
-36.0506,50.44,7.9182
-37.9317,50.325,8.0509
-40.807,50.21,8.1849
-44.469,50.19,8.0836
-61.6091,50.22,8.1149
-54.7306,50.25,8.0879
-52.6539,50.25,8.1167
-55.0905,50.25,7.9845
-47.053,50.25,7.8152
-40.9763,50.55,7.7878
-40.4081,50.565,7.8466
-31.2267,50.58,6.7291
-2.83521,50.58,1.5503
48.211,50.625,-3.312
61.7754,50.67,-1.8576
185.405,50.63,-6.961
358.084,50.715,-10.503
455.677,50.8,-12.114
573.478,50.8,-13.978
459.295,50.815,-11.213
587.322,50.83,-13.174
693.213,50.81,-11.261
684.902,50.93,-11.695
800.324,51.05,-11.97
724.975,51.05,-11.747
742.236,50.985,-11.839
668.254,50.92,-11.597
446.599,51.91,-11.236
574.333,51.495,-13.614
695.597,51.08,-12.111
592.962,51.08,-12.316
71.3081,51.085,-2.1705
125.859,51.09,-6.2367
237.278,50.99,-8.4119
74.3139,51.015,-2.05
215.113,51.04,-7.0235
151.267,51.04,-5.5079
12.5817,51.05,3.5935
6.05871,51.06,4.9162
-37.146,51.17,8.1029
-45.2846,51.135,8.1452
-42.9083,51.1,8.2482
-44.0547,51.1,8.2527
-44.8447,51.09,8.1594
-46.1422,51.08,8.1614
-48.8729,51.01,8.1046
-47.7582,51.025,8.0503
-47.6855,51.04,8.003
-48.5954,51.04,8.0675
-48.607,51.045,8.0746
-47.665,51.05,8.071
-47.2198,50.98,8.0114
-47.5965,51.065,8.0598
-46.0135,51.15,8.097
-44.6124,51.15,8.1575
-45.6392,51.22,8.0767
-45.81,51.29,8.0912
-48.9797,51.23,7.9778
-47.5775,51.25,7.9539
-25.7938,51.27,6.6387
24.002,51.27,1.59
87.2182,51.415,-3.2573
138.962,51.56,-4.1662
211.493,51.73,-6.7667
301.283,51.72,-8.1855
450.014,51.71,-12.437
569.313,51.71,-13.985
384.36,51.79,-11.507
648.198,51.87,-11.727
754.205,51.99,-12.057
780.469,52.03,-12.413
711.543,52.07,-12.097
842.908,52.07,-11.929
824.885,52.205,-11.438
720.297,52.34,-11.852
501.815,52.26,-12.92
695.006,52.26,-12.154
649.747,52.26,-11.399
451.2,52.26,-10.598
470.516,52.14,-12.413
268.448,52.02,-6.5776
285.539,52.31,-6.7235
277.846,52.265,-6.69
241.762,52.22,-6.69
120.297,52.22,-5.0738
40.1413,52.195,-2.1701
-19.4272,52.17,2.5722
-46.3307,52.23,7.3344
-47.0308,52.2,7.925
-43.0632,52.17,7.9166
-36.659,52.17,7.8464
-30.9481,52.22,7.9734
-27.6514,52.27,8.0376
-19.6408,52.29,7.9599
-17.2939,52.27,7.9163
-16.8639,52.25,7.965
-18.8656,52.25,7.9868
-18.341,52.225,7.8896
-20.1497,52.2,7.9422
-23.9196,52.11,8.2684
-32.2664,52.095,8.2332
-27.5444,52.08,8.323
-25.6291,52.08,8.3033
-19.9921,52.22,8.2733
-18.9874,52.36,8.2015
-17.539,52.63,8.2398
-13.753,52.75,8.235
6.83959,52.87,7.9202
12.8134,52.87,7.5618
11.9919,52.635,7.0434
20.9531,52.4,6.6036
-1.37812,52.71,6.8899
3.15218,52.82,5.4039
13.1691,52.93,1.9411
140.117,52.93,-5.9657
290.323,52.83,-10.005
417.975,52.73,-13.806
644.496,52.45,-12.567
386.865,52.42,-13.148
117.185,52.39,-6.8374
72.2987,52.39,-4.2903
172.703,52.605,-8.9668
105.917,52.82,-6.8746
277.992,52.82,-12.005
479.447,52.77,-15.464
461.522,52.72,-14.372
116.215,52.72,-7.2483
361.831,52.66,-10.473
268.787,52.6,-7.6226
155.218,52.78,-3.5952
74.2978,52.775,-0.72343
58.7981,52.77,-0.73927
49.6279,52.77,-3.136
-9.24845,52.76,-3.4575
-32.9387,52.75,1.4073
-49.7109,52.86,7.8656
-47.2661,52.945,7.9163
-43.0113,53.03,8.2694
-37.8454,53.03,8.276
-39.0277,52.995,8.0104
-42.9799,52.96,8.06
-44.0953,53.02,7.9322
-44.6296,52.97,7.9427
-45.8972,52.92,7.984
-46.5296,52.92,7.9528
-44.647,52.8,7.9722
-42.7847,52.68,8.0834
-39.9105,52.97,7.9836
-31.6506,53.015,8.0523
-33.0884,53.06,7.975
-35.0602,53.06,8.3204
-36.6504,53.045,8.1057
-37.7172,53.03,8.1057
-39.3648,53.32,8.1297
-38.114,53.36,8.3211
-13.0752,53.4,6.8003
39.9763,53.4,0.12079
94.0138,53.345,-3.5975
162.193,53.29,-5.5861
248.439,53.32,-7.1581
281.575,53.365,-9.7989
258.381,53.41,-8.4505
536.121,53.41,-16.397
604.521,53.405,-12.194
671.376,53.4,-12.142
729.189,53.45,-11.449
772.473,53.37,-12.331
802.431,53.29,-12.21
826.627,53.29,-11.617
822.959,53.495,-11.615
801.468,53.7,-11.535
781.007,53.75,-11.768
735.813,53.84,-11.567
685.552,53.93,-12.267
559.325,53.93,-12.421
576.451,53.83,-11.483
507.312,53.73,-12.409
384.156,53.9,-9.1636
180.785,53.89,-4.7943
120.564,53.88,-5.7518
47.9642,53.88,-1.6656
0.78446,53.79,2.1719
-14.1009,53.7,4.6255
-40.6465,53.88,6.9552
-58.3631,53.83,8.1574
-62.0377,53.78,8.1254
-60.7876,53.78,8.2152
-59.8156,53.775,8.2777
-59.252,53.77,8.2985
-58.9901,53.81,8.2304
-58.5196,53.805,8.1073
-57.3529,53.8,8.0864
-54.4202,53.8,8.1031
-51.3879,53.865,8.4339
-45.6471,53.93,8.1924
-41.5902,53.89,8.4693
-37.7953,53.97,9.0581
-34.7502,54.05,8.2192
-33.9482,54.05,8.325
-34.2625,54.025,9.0581
-31.9557,54,9.1407
-31.8333,54.1,9.0581
-30.0653,54.16,9.0963
-15.2981,54.22,7.7284
12.8688,54.22,4.8112
97.3852,54.29,-3.4131
166.14,54.36,-6.5341
214.301,54.37,-8.7558
361.199,54.39,-13.493
462.266,54.41,-14.024
485.322,54.41,-15.083
588.247,54.46,-13.299
619.11,54.51,-13.273
722.386,54.61,-12.189
610.494,54.585,-12.689
825.93,54.56,-11.679
755.166,54.56,-11.731
666.877,54.55,-12.34
576.787,54.54,-12.626
778.679,54.45,-12.203
691.245,54.55,-12.351
569.036,54.65,-12.909
400.2,54.65,-11.232
386.328,54.735,-11.777
292.856,54.82,-7.3651
245.417,54.78,-7.5151
240.932,54.755,-7.1476
196.908,54.73,-6.7405
56.7671,54.73,-2.1645
41.9838,54.795,-1.6975
7.34169,54.86,1.004
-44.5939,54.96,7.5657
-43.835,54.855,8.0375
-36.9464,54.75,8.2331
-30.658,54.75,8.1366
-40.7847,54.81,8.056
-40.8852,54.87,8.1524
-39.8505,54.93,8.164
-41.3156,54.965,8.0624
-38.8285,55,7.9269
-34.0403,55,7.8289
-28.1956,54.99,7.9446
-32.0629,54.98,7.9494
-32.6733,55.05,7.8961
-37.0448,55.04,7.8961
-40.5937,55.03,7.9043
-40.2551,55.03,7.8519
-39.2352,55.07,7.8647
-36.8901,55.11,7.5734
-32.5705,55.45,7.6576
-29.3344,55.44,7.6432
-14.5716,55.43,7.4136
25.0673,55.43,2.481
82.6146,55.45,-2.3736
129.331,55.47,-4.1373
197.484,55.39,-6.6418
261.545,55.49,-8.3524
414.208,55.59,-13.805
465.636,55.59,-14.435
428.011,55.63,-13.348
596.401,55.67,-13.7
665.797,55.6,-12.214
594.551,55.525,-13.906
686.192,55.45,-12.668
786.696,55.45,-12.147
736.633,55.645,-12.715
726.096,55.84,-12.806
710.906,55.71,-13.215
611.263,55.7,-12.998
559.11,55.69,-13.955
369.459,55.69,-11.764
571.09,55.74,-13.33
242.791,55.79,-7.8006
186.708,55.88,-6.6914
185.404,55.865,-6.6914
227.441,55.85,-7.6931
42.1415,55.85,-0.036417
13.5106,55.81,3.1784
-15.3343,55.77,7.2352
-26.6802,55.97,8.0437
-27.9349,55.975,8.2084
-20.4724,55.98,8.1361
-22.4368,55.98,8.0659
-15.9072,55.96,8.113
-24.1652,55.94,8.1452
-32.6627,55.86,8.1441
-30.901,55.96,8.0592
-23.9971,56.06,8.0389
-17.7149,56.06,8.0643
-21.4998,56.04,8.1346
-21.8848,56.02,8.1719
-23.1302,56.12,8.1144
-19.7867,56.105,8.1313
-18.34,56.09,8.1144
-22.5497,56.09,8.1498
-26.8916,56.215,8.0713
-26.687,56.34,8.1543
-26.8997,56.4,8.1307
-23.5017,56.445,8.1136
-16.0904,56.49,8.0777
3.82637,56.49,6.2879
82.8544,56.44,-2.7261
182.567,56.39,-6.0227
137.933,56.54,-4.2925
211.011,56.595,-7.078
347.747,56.65,-11.671
513.69,56.65,-15.76
592.603,56.63,-13.893
654.46,56.61,-13.592
713.753,56.58,-12.85
750.718,56.63,-13.389
773.706,56.68,-12.458
769.316,56.68,-12.47
723.861,56.705,-13.799
818.347,56.73,-12.108
787.756,56.83,-12.427
615.601,56.715,-13.24
682.002,56.6,-13.411
634.806,56.6,-12.974
364.204,56.775,-12.051
465.855,56.95,-13.428
358.233,56.88,-10.517
240.407,56.955,-7.0667
160.138,57.03,-6.3083
51.7013,57.03,-1.6725
59.2102,57.055,-2.2919
11.5445,57.08,1.9336
-44.478,57.15,7.0862
-46.5165,57.165,8.1314
-37.1497,57.18,8.203
-31.2804,57.18,8.0334
-23.2807,57.135,8.2216
-37.5572,57.09,8.1146
-39.4997,57.03,8.0558
-38.3939,57.035,7.7658
-35.7453,57.04,7.8691
-36.9912,57.04,7.7175
-34.8814,57.105,7.4962
-33.7222,57.17,7.4866
-31.8077,57.04,7.4185
-30.7217,57.125,7.5485
-28.5829,57.21,7.4165
-27.176,57.21,7.3862
-27.0843,57.3,7.3064
-27.7639,57.39,6.91
-27.0771,57.68,6.9466
-21.7849,57.695,7.4476
5.17891,57.71,7.474
54.1798,57.71,1.3165
51.0278,57.715,0.48531
110.097,57.72,-3.3707
129.66,57.84,-4.2053
122.661,57.83,-5.481
252.624,57.82,-9.5743
261.557,57.82,-8.9222
235.606,57.875,-8.8727
277.734,57.93,-8.3185
319.574,57.69,-8.3037
675.604,57.77,-13.459
563.603,57.85,-13.485
603.053,57.85,-12.971
470.846,57.765,-14.215
555.849,57.68,-13.734
597.406,57.84,-12.568
686.11,57.885,-13.199
570.549,57.93,-11.353
551.286,57.93,-12.828
476.745,57.88,-13.464
388.377,57.83,-11.114
81.2317,57.91,-2.4126
25.1908,57.945,2.2045
64.474,57.98,-1.4719
68.1681,57.98,-2.0773
9.63527,57.965,3.1461
-23.6196,57.95,7.088
-35.0393,58.07,8.0635
-30.1472,58.17,8.0425
-33.4648,58.27,8.0915
-33.8182,58.27,8.0002
-34.7135,58.21,7.9628
-38.1024,58.15,7.8012
-32.6891,58.06,7.8621
-23.3124,58.04,7.8187
-22.0251,58.02,7.8101
-23.4351,58.02,7.7948
-31.8666,58.065,7.5903
-30.7726,58.11,7.6242
-29.7678,58.26,7.7401
-27.0917,58.325,7.5509
-19.7194,58.39,7.5509
-23.647,58.39,7.5509
-27.1097,58.385,7.6118
-20.0036,58.38,7.588
-22.6156,58.66,7.5266
-16.5054,58.73,7.6793
-2.09597,58.8,7.9924
22.5634,58.8,5.6583
38.0102,58.8,3.3944
46.4768,58.8,1.7702
67.6249,58.85,-0.86962
216.161,58.82,-7.658
312.278,58.79,-10.393
492.563,58.79,-15.7
498.325,58.88,-15.719
392.874,58.97,-14.497
460.049,58.92,-15.108
470.381,58.855,-15.126
472.444,58.79,-14.937
458.036,58.79,-15
622.305,58.755,-14.406
434.697,58.72,-14.72
221.549,58.67,-8.3241
357.887,58.745,-13.333
481.573,58.82,-14.309
493.531,58.82,-15.652
435.633,59,-14.154
94.0767,59.18,-3.8727
245.155,59.26,-9.7958
264.397,59.2,-9.7068
78.8911,59.14,-2.239
93.0155,59.14,-3.8526
78.6712,58.81,-4.061
-15.819,58.48,5.9704
-38.9662,58.3,7.8654
-27.0968,57.475,7.9783
-12.2298,56.65,7.8806
-42.6203,56.65,7.8229
-11.8107,56.485,7.6835
-13.5913,56.32,7.6757
-16.8857,55.9,7.6543
-23.9293,55.72,7.6617
-20.7392,55.54,7.7424
-25.1774,55.54,7.7878
-27.9477,55.475,7.8418
-32.2776,55.41,7.8418
-15.2436,55.25,7.8073
-27.4798,55.29,7.8056
-42.8829,55.33,7.6543
-40.6541,55.33,7.622
-37.1773,55.335,7.6543
-32.871,55.34,7.6543
-30.4966,55.34,7.6104
-21.1883,55.425,7.8192
-5.11274,55.51,7.8025
31.024,55.51,6.3861
52.7938,55.57,4.3744
52.641,55.63,3.3022
86.9713,55.56,0.21552
119.713,55.495,-4.2244
301.924,55.43,-11.453
340.145,55.43,-12.068
590.537,55.46,-13.431
680.709,55.49,-15.412
617.484,55.32,-14.478
739.472,55.42,-13.694
817.131,55.52,-12.22
818.678,55.52,-13.177
678.597,55.52,-13.459
852.393,55.52,-11.142
708.455,55.6,-13.334
575.578,55.715,-14.932
685.278,55.83,-13.009
569.531,55.83,-15.041
538.848,55.655,-14.482
485.831,55.48,-15.014
199.75,56.06,-7.4937
227.365,55.93,-8.6549
208.287,55.8,-8.4543
119.052,55.8,-6.4089
39.9496,55.895,-2.6002
-13.589,55.99,2.6657
-44.0514,56.13,7.5235
-47.9018,56.165,7.8302
-47.0506,56.2,7.8319
-42.2838,56.2,7.8841
-39.5482,56.135,7.651
-39.0227,56.07,7.8648
-35.3943,56.11,7.636
-35.6847,56.07,7.636
-33.3245,56.03,7.6429
-30.3102,56.03,7.6429
-30.4005,56.08,7.5666
-29.0648,56.13,7.556
-28.6316,56.2,7.5103
-28.6457,56.25,7.6595
-30.0815,56.3,7.5666
-31.1716,56.3,7.4837
-28.7801,56.34,7.2507
-26.5504,56.38,7.1896
-15.2206,56.59,7.2507
-13.992,56.695,7.5813
-2.96462,56.8,8.02
28.6165,56.8,2.3666
87.1301,56.87,-3.4242
155.458,56.94,-6.4312
175.707,56.77,-9.7884
330.027,56.845,-10.945
429.663,56.92,-14.378
513.388,56.92,-15.744
589.013,56.91,-15.171
651.507,56.9,-13.929
711.699,56.98,-13.469
755.253,57,-14.011
782.866,57.02,-13.213
793.115,57.02,-12.488
789.507,57.09,-12.81
791.15,57.16,-12.892
761.147,57.09,-13.082
742.892,57.11,-13.191
674.582,57.13,-13.068
598.943,57.13,-11.342
474.435,57.14,-13.464
298.823,57.15,-6.9257
250.194,57.28,-6.9578
267.738,57.365,-6.9435
185.219,57.45,-6.9879
113.932,57.45,-7.0931
40.3399,57.495,-1.3636
-9.57858,57.54,1.7054
-38.5206,57.63,7.5417
-42.8203,57.6,7.715
-38.2156,57.57,7.7251
-36.318,57.57,7.7795
-34.4873,57.555,7.7465
-31.7736,57.54,7.774
-32.4561,57.62,7.8312
-34.783,57.65,7.8158
-33.5085,57.68,7.8197
-30.6718,57.68,7.8048
-30.4936,57.695,7.8285
-31.4307,57.71,7.8783
-33.239,57.81,7.7959
-37.2448,57.845,7.8496
-33.0802,57.88,7.8753
-30.8587,57.88,7.8338
-29.5992,57.885,7.8898
-30.4394,57.89,7.8227
-29.3576,58.13,7.7247
-27.3396,58.24,7.813
-12.0856,58.35,7.4908
30.2633,58.35,2.1194
83.0931,58.38,-3.2583
148.284,58.41,-6.0527
245.414,58.41,-9.923
336.549,58.455,-10.462
420.42,58.5,-13.865
482.249,58.5,-14.084
575.307,58.495,-14.456
643.284,58.49,-14.196
711.447,58.39,-13.651
734.675,58.2,-13.818
769.882,58.01,-13.489
779.278,58.01,-13.318
781.97,58.195,-13.214
774.831,58.38,-13.308
761.958,58.66,-13.485
729.449,58.68,-13.624
697.612,58.7,-13.799
686.719,58.7,-14.115
289.725,58.91,-9.2628
-38.6026,59.12,5.9433
39.3291,58.66,-3.4332
65.7743,58.75,-4.3197
39.7263,58.84,-1.7728
77.29,58.84,-3.7315
63.6649,58.875,-3.2349
15.8218,58.91,2.054
-36.0161,58.94,7.7595
-43.8663,58.95,7.7175
-25.9913,58.96,7.7262
-21.7462,58.96,7.6999
-39.3291,58.985,7.7541
-46.9093,59.01,7.747
-41.7228,58.95,7.7965
-37.0884,58.94,7.9216
-32.9733,58.93,7.8005
-33.4702,58.93,7.8108
-32.6906,58.945,7.8602
-35.7317,58.96,7.7771
-33.1519,59.03,7.8017
-31.8411,59.075,7.8868
-36.8499,59.12,7.9284
-37.7297,59.12,7.9489
-35.5682,59.21,7.9148
-33.0246,59.3,7.7971
-30.8345,59.56,7.6827
-26.7496,59.63,7.7233
-12.214,59.7,8.0234
31.8967,59.7,1.9813
87.6425,59.665,-3.8089
153.757,59.63,-6.8592
214.21,59.72,-10.539
318.603,59.725,-11.822
381.329,59.73,-14.406
443.579,59.73,-14.407
520.681,59.775,-14.91
617.915,59.82,-14.353
685.028,59.73,-14.292
699.007,59.675,-14.052
713.178,59.62,-14.028
660.358,59.62,-13.963
723.12,59.68,-14.197
764.048,59.74,-13.703
735.683,59.76,-13.734
729.201,59.945,-13.843
678.657,60.13,-13.998
575.207,60.13,-11.445
516.853,60.095,-13.31
471.806,60.06,-12.731
389.093,60.14,-11.254
246.965,60.035,-7.867
108.653,59.93,-2.7686
30.406,59.93,0.50394
18.0612,59.995,1.1355
-14.1082,60.06,4.6245
-42.1474,60.23,7.4977
-46.2195,60.24,7.8198
-47.9014,60.25,7.794
-46.8281,60.25,7.8164
-43.1074,60.245,7.7941
-38.9038,60.24,7.8177
-33.4663,60.18,7.9749
-32.9784,60.13,7.7862
-32.7425,60.08,7.8589
-31.5855,60.08,7.8539
-31.2165,60.09,7.6825
-24.7357,60.1,7.6051
-22.1066,60.33,7.6441
-24.8633,60.375,7.636
-22.5236,60.42,7.5568
-22.8675,60.42,7.607
-21.156,60.46,7.8647
-23.0107,60.5,7.677
-22.5058,60.83,7.6441
-22.0742,60.885,7.6744
-6.60364,60.94,7.7164
13.9215,60.94,4.7826
90.4079,60.975,-3.5149
143.456,61.01,-5.4984
223.984,61.02,-9.4266
321.709,61.145,-11.236
428.413,61.27,-14.325
491.719,61.27,-15.038
549.894,61.185,-13.925
648.879,61.1,-14.341
716.77,61.06,-14.43
779.018,60.95,-14.724
523.501,60.84,-13.523
733.621,60.84,-14.389
831.833,61.09,-13.578
718.658,61.34,-14.135
699.361,60.94,-14.335
616.325,61.035,-12.907
584.53,61.13,-13.435
652.687,61.13,-14.709
482.716,61.055,-12.989
443.061,60.98,-13.004
87.7351,61.57,-3.053
113.288,61.42,-3.3534
253.107,61.27,-9.7953
124.594,61.27,-2.5545
38.9035,61.275,-2.979
-14.733,61.28,3.1197
-46.0306,61.45,7.8589
-49.7995,61.46,7.829
-48.797,61.47,7.7753
-44.4296,61.47,7.7736
-43.7085,61.495,7.836
-42.6326,61.52,7.845
-45.2483,61.56,7.8539
-44.0424,61.49,7.8466
-45.739,61.42,7.8745
-41.2284,61.42,8.2113
-35.3263,61.465,7.9957
-30.6058,61.51,7.9648
-26.5403,61.49,7.9698
-25.4841,61.545,7.8479
-22.7826,61.6,7.8137
-20.0079,61.6,7.8343
-21.0218,61.65,7.8343
-20.2852,61.7,7.813
-20.6876,61.85,7.8476
-20.1989,61.935,7.8561
-4.72368,62.02,7.1081
33.2778,62.02,2.6431
83.371,62.07,-3.2049
124.125,62.12,-4.5568
223.29,62.14,-10.296
275.193,62.2,-10.744
402.834,62.26,-13.876
424.353,62.26,-14.937
541.68,62.255,-13.949
542.777,62.25,-13.88
420.311,61.98,-13.57
460.376,62.12,-14.22
635.46,62.26,-15.324
308.1,62.26,-10.405
349.613,62.355,-11.12
609.402,62.45,-15.268
759.484,62.19,-15.826
328.646,62.1,-11.123
254.453,62.01,-9.5271
-3.93023,62.01,-3.634
167.432,62.115,-10.609
220.109,62.22,-9.9595
196.022,62.16,-8.513
133.1,62.235,-4.568
99.2123,62.31,-3.691
59.7846,62.31,-2.6043
27.6999,62.31,1.8999
-9.22551,62.31,6.4853
-30.9739,62.33,7.8609
-33.1275,62.42,7.7946
-14.8557,62.51,7.7944
-16.656,62.51,7.8578
-35.3158,62.485,7.8653
-33.0558,62.46,7.8844
-31.3294,62.5,7.9292
-26.3704,62.36,7.9488
-22.2771,62.22,8.0024
-20.2798,62.22,8.0256
-22.3953,62.28,7.9508
-29.0705,62.34,7.9371
-32.236,62.59,7.9328
-32.5906,62.605,7.9642
-30.9905,62.62,7.9693
-32.8107,62.62,7.9631
-29.1624,62.63,7.972
-30.7629,62.64,7.919
-26.5704,62.98,7.963
-22.7081,62.975,7.9183
2.03245,62.97,6.468
53.4926,62.97,0.35941
93.6843,63.035,-3.7771
28.3576,63.1,-3.3032
66.7028,62.84,-4.4545
103.778,62.78,-5.7
161.44,62.72,-8.5907
242.791,62.72,-10.567
142.739,62.795,-4.0932
39.403,62.87,2.2503
69.0991,62.79,-3.3908
96.7412,62.815,-4.191
170.862,62.84,-9.2606
189.757,62.84,-8.982
451.318,62.84,-15.33
600.968,62.84,-13.544
749.271,62.96,-14.025
313.239,62.795,-14.075
372.094,62.63,-14.334
293.528,62.63,-11.04
361.41,62.66,-12.294
168.556,62.69,-7.5801
29.3693,62.78,-2.184
24.2604,62.745,-0.93632
22.4998,62.71,-0.51561
11.8155,62.71,1.3233
-5.14707,62.8,5.5347
-19.9458,62.89,7.3908
-30.8891,62.93,7.8454
-28.3851,62.925,7.8465
-26.3997,62.92,7.8363
-27.9796,62.92,7.8084
-21.1984,62.805,7.8169
-37.0216,62.69,7.8562
-37.0422,62.85,7.8646
-36.8216,62.86,7.8696
-38.045,62.87,7.8824
-38.2666,62.87,7.8824
-35.0909,62.855,7.8543
-26.435,62.84,7.8548
-33.1799,62.96,7.8671
-31.5961,62.905,7.8569
-27.8519,62.85,7.8569
-27.4074,62.85,7.8548
-27.8717,62.9,7.8686
-34.8123,62.95,7.8686
-32.927,62.99,7.8753
-31.2066,63.11,7.8753
-27.3466,63.23,7.8837
-16.2816,63.23,7.9155
-0.303939,63.275,6.9555
36.8877,63.32,1.4884
212.594,63.37,-10.515
248.669,63.23,-10.711
325.771,63.09,-11.551
212.556,63.09,-8.9467
227.814,63.18,-10.336
110.412,63.27,-8.1872
159.255,63.12,-10.612
434.8,63.14,-18.346
428.905,63.16,-13.542
293.872,63.16,-12.21
468.262,63.15,-11.678
271.111,63.14,-13.155
444.897,63.39,-14.676
653.153,63.305,-16.124
421.737,63.22,-14.225
615.65,63.22,-15.421
428.884,63.395,-14.236
419.416,63.57,-14.176
420.157,63.3,-14.491
294.478,63.36,-11.565
120.253,63.42,-4.6681
42.409,63.42,-2.7063
68.9329,63.49,-3.5927
-20.5655,63.56,7.3998
-25.3302,63.62,7.8936
-42.4714,63.57,7.843
-43.6448,63.52,7.8167
-37.6095,63.52,7.8098
-37.0994,63.575,7.8537
-33.584,63.63,7.8414
-28.504,63.57,7.8485
-32.5537,63.575,7.876
-41.3371,63.58,7.8397
-46.2726,63.58,7.8327
-44.4415,63.59,7.8561
-39.8032,63.6,7.8768
-40.7872,63.6,7.8922
-39.9976,63.7,7.869
-35.5917,63.8,7.8954
-36.8356,63.8,7.9646
-35.9081,63.855,7.9209
-12.3359,63.91,7.8942
-17.5714,63.97,7.8942
-33.9896,64.07,7.8758
-16.117,64.17,7.8947
18.6725,64.17,6.9848
58.7927,64.11,2.9089
96.38,64.05,-3.2982
191.985,64.17,-4.2028
303.448,64.075,-10.653
507.509,63.98,-14.787
575.868,63.98,-13.715
618.675,64.01,-15.218
628.311,64.04,-15.085
580.509,64.08,-13.698
415.09,64.095,-12.104
461.456,64.11,-13.046
772.761,64.11,-16.942
539.662,64.15,-13.285
788.969,64.19,-16.224
435.565,64.34,-13.097
843.134,64.315,-15.625
500.373,64.29,-12.716
562.64,64.29,-12.671
569.176,64.3,-13.085
321.275,64.31,-8.4751
342.498,64.52,-9.2086
337.581,64.465,-9.3674
196.851,64.41,-7.2048
130.135,64.41,-3.9314
51.0408,64.405,-2.9835
-2.58797,64.4,3.1492
-39.3093,64.55,7.6782
-46.1976,64.47,7.7534
-44.6111,64.39,7.716
-44.4041,64.39,7.7038
-43.9081,64.43,7.7945
-44.2694,64.47,7.8997
-46.0604,64.41,7.8919
-46.1253,64.41,7.8948
-44.6268,64.41,7.8699
-42.7369,64.41,7.8607
-42.6503,64.44,7.8752
-41.1235,64.47,7.864
-40.967,64.47,7.8735
-34.0874,64.59,7.8735
-29.2828,64.71,7.9108
-38.0029,64.71,7.9278
-39.4186,64.565,7.884
-38.4182,64.42,7.8652
-36.5981,65.05,7.8593
-34.393,65.085,7.8322
-16.9418,65.12,7.0668
56.4766,65.12,-2.2774
107.354,65.09,-4.2263
112.047,65.06,-3.8398
213.359,65.13,-9.2154
166.46,65.12,-5.1486
244.475,65.11,-10.71
384.614,65.11,-12.338
364.331,65.15,-12.301
378.56,65.19,-12.47
734.2,65.48,-16.654
777.028,65.375,-16.942
792.469,65.27,-16.656
808.691,65.27,-16.31
817.091,65.36,-16.305
797.462,65.45,-16.44
777.33,65.54,-16.243
735.91,65.56,-15.442
693.365,65.58,-14.977
644.311,65.58,-14.011
489.091,65.54,-11.234
530.502,65.5,-12.069
421.143,65.71,-10.916
240.057,65.645,-7.2475
212.268,65.58,-7.4474
128.784,65.58,1.9764
59.2756,65.5,-3.0549
26.1459,65.42,1.5587
-13.8696,65.73,7.6203
-26.8065,65.61,7.9957
-35.5421,65.49,8.0403
-42.511,65.49,7.8508
-44.8581,65.54,7.8967
-42.7752,65.59,7.9104
-43.6875,65.68,7.8583
-41.5985,65.675,7.8639
-41.8815,65.67,7.8685
-43.406,65.67,7.8666
-44.156,65.645,7.8197
-41.5237,65.62,7.8041
-39.662,65.72,7.7916
-40.8008,65.71,7.7842
-41.7422,65.7,7.7862
-41.7286,65.7,7.7829
-42.8164,65.77,7.7609
-38.7256,65.84,7.7953
-36.5602,66.12,7.8212
-32.3751,66.185,7.8394
-20.286,66.25,7.9286
22.8118,66.25,3.487
80.8694,66.28,-3.6397
149.11,66.31,-5.7461
215.2,66.3,-10.89
332.117,66.47,-12.648
424.609,66.64,-13.339
513.877,66.64,-13.131
596.417,66.59,-15
656.383,66.54,-15.537
710.751,66.27,-15.072
762.775,66.365,-14.09
803.33,66.46,-14.149
816.266,66.46,-14.414
762.959,66.49,-13.724
586.664,66.52,-11.318
728.146,66.63,-13.291
466.644,66.59,-10.699
431.321,66.55,-10.537
567.407,66.55,-14.298
430.866,66.68,-12.817
488.773,66.81,-13.031
391.92,66.94,-12.284
298.694,66.8,-8.8115
207.329,66.66,-8.1511
115.979,66.66,1.5474
45.606,66.71,-2.8158
10.3983,66.76,3.7798
-33.7133,66.82,7.8685
-50.5389,66.83,7.7956
-49.8951,66.84,7.7594
-46.0648,66.84,7.7718
-44.0992,66.89,7.7853
-34.6871,66.94,7.799
-43.2795,66.88,7.7896
-43.0638,66.935,7.7849
-41.1507,66.99,7.7434
-39.9658,66.99,7.7127
-44.7607,67,7.7127
-42.4929,67.01,7.6917
-43.5232,67.13,7.7067
-39.2413,67.29,7.722
-36.7335,67.45,7.7016
-35.711,67.45,7.7431
-40.685,67.43,7.7869
-39.5626,67.41,7.7883
-38.3925,67.58,7.8339
-32.4686,67.52,7.8822
-14.8957,67.46,7.9284
27.6693,67.46,4.2435
60.6044,67.5,-0.16752
83.1398,67.54,-3.189
117.268,67.55,-3.7481
196.775,67.71,-7.6472
220.243,67.87,-9.6936
204.338,67.87,-9.0888
135.237,67.845,-5.0193
137.362,67.82,-4.9663
353.671,67.83,-13.117
668.427,67.775,-16.32
313.861,67.72,-12.068
613.829,67.72,-15.051
836.015,67.65,-16.229
724.942,67.58,-16.004
635.43,67.58,-15.032
348.26,68.01,-10.569
296.166,68.44,-10.333
94.18,68.44,-2.9486
23.7658,68.065,4.5653
10.5013,67.69,5.5117
10.4561,68.21,7.0187
-31.0457,68.035,6.6192
-15.8723,67.86,6.3898
-10.5822,67.86,6.4215
-8.97314,67.845,6.5244
-18.1887,67.83,7.1214
-22.9409,67.89,7.7805
-33.0715,68.02,7.7699
-39.5458,68.15,7.7936
-35.756,68.15,7.9008
-33.8964,68.04,7.872
-29.1169,67.93,8.108
-30.4295,67.93,8.1106
-28.6508,67.935,8.1106
-28.2428,67.94,8.0901
-26.927,67.94,8.0974
-24.1755,68.085,8.0901
-25.2663,68.23,8.1284
-24.227,67.97,8.0909
-24.5959,68.16,8.0985
-24.9894,68.35,8.0329
-22.2941,68.35,7.9143
-20.6225,68.4,7.877
-20.328,68.45,7.9128
-17.9996,68.51,7.9054
-19.3176,68.615,7.91
-7.15273,68.72,7.9468
30.3716,68.72,3.8433
81.4662,68.79,-3.2046
136.359,68.86,-4.9287
229.941,68.91,-10.914
316.133,68.93,-12.493
419.562,68.95,-14.43
508.443,68.95,-14.335
586.765,68.875,-14.668
657.037,68.8,-15.556
619.533,68.83,-15.007
708.222,68.795,-16.455
752.438,68.76,-16.205
736.051,68.76,-15.579
811.64,68.9,-15.08
832.57,69.04,-14.303
801.653,68.93,-14.092
752.795,69.025,-14.051
701.154,69.12,-13.737
638.753,69.12,-12.325
567.836,68.99,-10.681
508.462,68.86,-10.084
488.191,69.27,-11.328
336.73,69.185,-9.3788
207.421,69.1,-8.8793
120.824,69.1,-1.1118
40.3044,69.18,-2.3436
-15.6692,69.26,4.7194
-40.1435,69.34,8.0345
-42.0744,69.305,7.8019
-32.7707,69.27,7.7661
-37.3012,69.27,7.7188
-35.4537,69.29,7.7374
-36.3817,69.31,7.7247
-35.5685,69.64,7.747
-38.2043,69.555,7.6463
-29.1643,69.47,7.6047
-22.0269,69.47,7.5858
-8.00956,69.415,7.6388
-3.11969,69.36,7.6209
-24.6042,69.63,7.6159
-14.8388,69.67,7.6253
-12.3054,69.71,7.583
-13.3759,69.71,7.5657
-21.0173,69.67,7.6503
-18.3343,69.63,7.5901
-10.4299,69.91,7.6094
-15.4309,70.065,7.6015
-24.7946,70.22,7.5449
16.4868,70.22,4.1674
55.9389,70.205,-3.0672
133.349,70.19,-5.6736
225.878,70.25,-10.661
315.03,70.31,-12.75
401.856,70.37,-12.809
488.126,70.37,-12.654
572.23,70.325,-14.626
626.002,70.28,-15.361
721.292,70.35,-14.252
766.486,70.375,-14.315
748.972,70.4,-14.113
835.226,70.4,-14.178
801.407,70.315,-14.368
756.867,70.23,-14.032
751.726,70.32,-13.96
699.046,70.36,-14.011
659.13,70.4,-14.008
601.492,70.4,-12.599
530.89,70.48,-10.887
455.306,70.56,-10.654
365.173,70.43,-9.8099
277.632,70.525,-6.8698
187.91,70.62,-6.6955
91.7083,70.62,6.2293
23.8708,70.575,-2.3219
-25.8216,70.53,5.3191
-53.5784,70.72,7.315
-56.0566,70.75,7.7011
-48.3295,70.78,7.6333
-46.189,70.78,7.5869
-44.0525,70.81,7.9149
-40.5074,70.84,7.9048
-37.0679,70.96,7.9455
-33.8004,70.905,7.8773
-30.0327,70.85,7.8826
-27.1863,70.85,7.8855
-25.5263,70.955,8.0899
-21.7647,71.06,7.8855
-21.5885,71.17,7.9082
-20.6239,71.245,7.8855
-20.5376,71.32,7.9607
-23.9376,71.32,7.7491
-32.2189,71.38,7.7014
-35.7613,71.44,7.648
-35.572,71.58,7.648
-35.571,71.57,7.7014
-21.8399,71.56,7.6508
22.7772,71.56,3.5237
74.9217,71.615,-3.4721
134.776,71.67,-6.4324
211.564,71.84,-10.515
315.827,71.875,-12.558
434.283,71.91,-12.803
526.156,71.91,-12.733
546.404,71.88,-13.391
567.173,71.85,-14.151
594.34,71.92,-14.422
629.853,71.925,-14.894
776.412,71.93,-14.409
753.225,71.93,-14.087
669.566,72.1,-14.331
614.007,72.27,-14.53
591.122,72.41,-13.357
NA,72.165,-12.571
NA,71.92,-12.828
NA,71.92,-11.397
NA,72.005,-10.513
NA,72.09,-6.7239
219.975,72.37,-7.8895
210.148,72.37,-7.7689
218.341,72.37,-9.78
111.695,72.37,-3.1661
52.6769,72.325,-2.316
-23.9486,72.28,6.1963
-42.5816,72.51,7.6355
-45.5712,72.49,7.5829
-40.683,72.47,7.6096
-42.4683,72.47,7.6094
-45.558,72.6,7.5697
-45.0688,72.73,7.6089
-42.8102,72.61,7.6082
-45.6821,72.62,7.5761
-42.819,72.63,7.5911
-36.538,72.63,7.6729
-32.9204,72.685,7.6107
-28.0379,72.74,7.6932
-25.987,72.8,7.9551
-23.9242,72.815,7.9043
-21.9174,72.83,7.9043
-20.2728,72.83,7.9043
-20.1648,72.875,7.9043
-20.2419,72.92,7.9043
-20.6069,73.24,7.9048
-18.0619,73.26,7.9455
-7.62074,73.28,7.9607
24.2067,73.28,5.3443
83.437,73.34,-3.0489
135.986,73.4,-5.113
208.768,73.38,-10.019
300.342,73.465,-11.696
371.416,73.55,-11.976
441.345,73.55,-12.936
552.325,73.575,-13.108
579.58,73.6,-14.224
726.598,73.55,-14.921
759.682,73.625,-14.906
882.534,73.7,-14.799
795.875,73.7,-14.455
735.488,73.76,-14.285
767.528,73.82,-14.163
667.978,73.66,-13.31
727.006,73.795,-14.017
673.941,73.93,-13.654
627.45,73.93,-11.993
552.722,73.965,-10.862
450.395,74,-9.8223
384.174,74,-9.3157
291.01,73.895,-7.1767
198.001,73.79,-6.7272
111.669,73.79,0.20746
34.6302,73.865,-1.233
-26.0246,73.94,7.0454
-39.9587,73.98,7.6793
-42.583,74.075,7.6847
-41.3706,74.17,7.6231
-40.682,74.17,7.6273
-41.3241,74.17,7.5934
-40.3936,74.17,7.59
-42.0769,74.14,7.5677
-42.7626,74.235,7.651
-35.1928,74.33,7.6496
-33.1681,74.33,7.6147
-31.8015,74.34,7.6103
-31.0706,74.35,7.6248
-23.7495,74.4,7.6054
-27.7602,74.455,7.6425
-27.4829,74.51,7.6219
-36.5049,74.51,7.604
-34.4535,74.52,7.6188
-28.9268,74.53,7.63
-32.7927,74.58,7.6366
-31.2842,74.75,7.6538
-21.9292,74.92,7.6531
8.59311,74.92,5.9263
36.2687,74.93,3.3913
122.123,74.94,-4.9341
223.949,75.1,-9.9411
260.358,75.1,-10.191
238.541,75.1,-10.363
437.745,75.1,-13.445
318.886,75.135,-10.939
259.774,75.17,-9.1961
470.64,75.22,-13.561
615.329,75.28,-14.377
693.749,75.34,-14.544
641.135,75.34,-12.839
796.935,75.31,-14.397
743.883,75.28,-14.27
767.358,75.6,-14.046
737.938,75.36,-14.116
668.413,75.12,-13.36
624.747,75.12,-12.475
191.977,75.025,0.27988
33.4102,74.93,1.9938
13.8172,75.29,4.3422
16.4453,75.415,4.6412
-0.55338,75.54,6.3025
-6.49594,75.54,7.4089
-25.497,75.49,6.0799
-23.7835,75.44,4.1611
-30.2129,75.55,7.6448
-32.1482,75.51,7.6568
-28.7289,75.47,7.6664
-29.2996,75.47,7.6716
-31.073,75.585,7.6509
-32.9926,75.7,7.6699
-33.5859,75.63,7.6518
-35.6929,75.685,7.6459
-38.1744,75.74,7.6302
-37.6133,75.74,7.6536
-29.9824,75.785,7.6106
-25.3046,75.83,7.6311
-23.3658,75.84,7.6476
-29.1175,75.825,7.6344
-32.3783,75.81,7.6233
-30.2232,75.81,7.6117
-30.36,75.865,7.641
-26.804,75.92,7.6328
-24.945,76.17,7.6637
-23.9089,76.235,7.6911
-15.4561,76.3,7.633
18.6986,76.3,4.0674
49.0793,76.37,-1.9447
138.669,76.44,-4.9374
228.585,76.53,-9.7785
320.821,76.6,-10.991
413.615,76.67,-13.21
500.003,76.67,-13.323
574.359,76.67,-14.289
640.493,76.67,-14.51
697.131,76.64,-14.454
722.849,76.75,-14.869
717.282,76.86,-14.827
797.364,76.86,-14.426
783.198,76.855,-14.203
783.965,76.85,-14.171
681.018,76.84,-13.336
700.381,76.91,-14.108
651.682,76.98,-12.548
571.032,76.98,-11.589
519.371,76.945,-10.678
493.231,76.91,-9.8064
368.669,77.08,-8.0397
276.548,77.02,-6.4662
200.152,76.96,-5.2216
108.533,76.96,-3.5166
38.8898,76.95,-0.81608
-8.81624,76.94,4.0543
-39.061,77.06,7.5062
-45.8377,77.09,7.7548
-46.1563,77.12,7.7651
-46.6598,77.12,7.8563
-46.9484,77.135,7.8282
-45.7191,77.15,7.7697
-36.4092,77.16,7.7255
-38.8614,77.165,7.664
-40.7839,77.17,7.6644
-41.117,77.17,7.7146
-42.4188,77.255,7.7282
-42.2553,77.34,7.7341
-41.5605,77.39,7.7516
-41.5397,77.455,7.7489
-40.6106,77.52,7.6878
-38.8902,77.52,7.7168
-39.3845,77.535,7.7645
-29.5169,77.55,7.7523
-38.6113,77.74,7.8407
-39.436,77.81,7.8514
-30.4869,77.88,7.8172
2.93202,77.88,4.8593
59.7247,77.96,-1.693
117.053,78.04,-4.4412
207.895,78.13,-8.7224
310.956,78.185,-10.617
407.68,78.24,-12.069
488.826,78.24,-12.988
566.335,78.335,-14.208
635.044,78.43,-13.735
692.867,78.4,-14.349
732.308,78.45,-14.697
766.034,78.5,-14.453
757.7,78.5,-14.367
797.629,78.525,-14.185
790.739,78.55,-13.945
640.68,78.5,-12.31
693.205,78.535,-13.182
654.444,78.57,-12.389
608.767,78.57,-11.306
541.5,78.635,-10.652
364.353,78.7,-7.1445
286.367,78.66,-6.0398
196.727,78.65,-5.572
193,78.64,-4.969
113.353,78.64,-3.0641
40.2843,78.67,-0.17611
-17.8362,78.7,5.7302
-40.957,78.99,7.7511
-43.5472,78.93,7.7782
-31.9449,78.87,7.9033
-32.4102,78.87,8.0423
-32.4584,78.79,7.9749
-38.4592,78.71,8.0133
-40.9594,78.99,8.0118
-43.1464,79.035,7.8422
-39.4858,79.08,7.912
-39.5286,79.08,7.9153
-43.5755,79.11,7.7706
-38.6024,79.14,7.9025
-41.9883,79.28,7.9156
-42.0123,79.27,7.8552
-37.1718,79.26,7.8682
-32.7243,79.26,7.8163
-31.3071,79.33,7.8915
-27.9169,79.4,7.8922
-26.8452,79.61,7.8535
-28.0584,79.705,7.8803
-24.2945,79.8,7.9204
7.16514,79.8,5.3874
61.6469,79.84,-1.4525
136.715,79.88,-5.2759
225.785,80.11,-9.2136
317.277,80.09,-10.061
410.295,80.07,-12.143
495.816,80.07,-13.335
572.424,80.155,-14.329
642.428,80.24,-14.263
697.662,80.22,-14.359
744.002,80.23,-14.591
772.325,80.24,-14.462
789.882,80.24,-14.143
725.98,80.22,-14.323
752.407,80.2,-14.061
778.943,80.38,-13.801
658.086,80.385,-12.572
570.577,80.39,-10.982
629.092,80.39,-12.284
503.029,80.49,-9.8786
429.945,80.59,-8.3594
380.537,80.51,-7.9988
282.782,80.535,-6.4075
186.495,80.56,-5.4875
113.895,80.56,-3.4289
39.1787,80.58,-0.45916
-13.2049,80.6,4.458
-43.5404,80.63,7.7659
-48.7679,80.645,8.1223
-48.9557,80.66,8.1586
-49.3012,80.66,8.1824
-48.0701,80.785,8.0906
-46.9521,80.91,7.9896
-45.3352,80.83,7.9787
-46.5353,80.9,7.9646
-47.5173,80.97,7.9248
-43.0864,80.97,7.9047
-44.6832,80.925,7.9372
-43.5938,80.88,8.0011
-39.6406,80.97,7.9767
-38.7863,81.08,7.9813
-39.1784,81.19,7.9568
-39.1658,81.19,7.9451
-39.552,81.16,7.9502
-40.157,81.13,7.9264
-40.8086,81.5,7.9534
-36.6462,81.64,7.9589
-31.3711,81.78,7.9591
-0.228727,81.78,4.337
47.5247,81.75,-1.1038
128.479,81.72,-5.2759
229.841,81.91,-9.3342
324.877,81.95,-10.225
413.741,81.99,-12.624
508.331,81.99,-13.754
580.502,82.035,-14.457
648.894,82.08,-14.181
704.889,82.15,-14.404
744.223,82.195,-14.496
792.841,82.24,-14.667
662.584,82.24,-13.436
855.363,82.265,-14.325
769.071,82.29,-14.362
750.673,82.17,-14.314
673.601,82.22,-12.862
669.203,82.27,-13.15
600.825,82.27,-11.128
535.179,82.285,-10.5
472.949,82.3,-9.3571
385.09,82.36,-7.8647
287.539,82.365,-6.7835
196.263,82.37,-5.592
109.893,82.37,-3.4109
37.0963,82.285,-0.45916
-13.2791,82.2,4.44
-43.4868,82.25,8.0077
-48.7215,82.34,8.1857
-49.7126,82.43,8.1827
-48.5516,82.43,8.0618
-50.5071,82.415,8.0481
-52.7529,82.4,8.0579
-50.6925,82.41,7.9787
-48.9394,82.455,8.0081
-47.7682,82.5,7.9582
-46.8945,82.5,7.9061
-47.9361,82.515,7.9217
-48.0593,82.53,7.9759
-46.7358,82.6,7.9606
-44.1742,82.68,7.9575
-43.6148,82.76,7.9505
-44.6398,82.76,7.9642
-42.8653,82.8,7.9398
-44.5642,82.84,7.9493
-45.7621,83.03,7.9638
-41.1749,83.16,7.96
-29.3348,83.29,7.9286
4.13704,83.29,4.7107
60.4134,83.36,-0.71816
138.86,83.43,-5.342
228.693,83.53,-8.5576
323.791,83.48,-10.369
418.478,83.43,-13.21
505.202,83.43,-14.12
586.037,83.535,-14.409
633.832,83.64,-13.828
709.77,83.64,-14.296
714.898,83.57,-14.532
719.632,83.5,-14.735
844.675,83.5,-14.345
713.846,83.62,-14.602
692.871,83.74,-14.304
780.13,83.94,-14.134
715.451,83.78,-14.277
680.355,83.62,-14.353
609.823,83.62,-12.834
542.043,83.56,-11.902
368.233,83.5,-8.5081
190.577,83.59,-5.8988
67.795,83.7,-0.52707
-4.97549,83.81,5.4313
-17.0151,83.81,7.9339
-14.8715,83.87,8.2535
-32.0494,83.93,8.1553
-27.8813,84.15,8.2807
-29.0457,84.215,8.2807
-30.1672,84.28,8.2904
-23.1991,84.28,8.2676
-18.1855,84.36,8.2757
-21.7691,84.44,8.2657
-33.4733,84.29,8.3187
-30.8305,84.315,8.2843
-24.619,84.34,8.3806
-21.6889,84.34,8.2988
-25.6959,84.415,8.3385
-25.5908,84.49,8.2828
-25.9002,84.76,8.3069
-26.5409,84.82,8.2856
-17.8367,84.88,8.4077
-18.9755,84.88,8.2823
-24.2266,84.98,8.3323
-33.6692,85.08,8.5596
-28.6487,85.6,8.7872
-26.164,85.69,9.3203
-17.3015,85.78,9.0689
12.6684,85.78,6.3908
17.3035,85.885,4.9495
136.536,85.99,-5.3117
219.39,86.23,-9.311
301.598,86.235,-10.018
492.958,86.24,-13.837
558.401,86.24,-14.366
722.796,86.275,-15.275
547.126,86.31,-13.621
662.586,86.32,-14.552
781.222,86.295,-14.713
790.631,86.27,-15.149
520.133,86.27,-13.539
634.123,86.24,-12.764
324.016,86.21,-10.281
287.871,86.73,-10.735
318.586,86.855,-9.8542
458.686,86.98,-13.737
672.94,86.98,-14.588
593.033,86.925,-12.323
500.486,86.87,-12.872
394.344,86.86,-8.4599
267.307,86.88,-6.1091
189.889,86.9,-5.3811
165.654,86.9,-4.8877
38.2686,86.925,1.0179
-3.20521,86.95,5.9745
-31.3995,86.71,8.106
-31.8776,86.7,8.8666
-27.2638,86.69,8.7872
-17.6302,86.69,8.6535
-15.7834,86.84,8.4587
-25.2574,86.99,8.383
-33.6547,86.91,8.2834
-30.136,87.015,8.3143
-21.6129,87.12,8.3298
-19.1787,87.12,8.3464
-19.8016,87.115,8.3069
-25.0303,87.11,8.3436
-32.372,87.21,8.3264
-31.2481,87.24,8.3215
-28.6876,87.27,8.3341
-27.83,87.27,8.2982
-24.0112,87.345,8.3077
-22.4896,87.42,8.3725
-28.2428,87.36,8.6618
-36.717,87.455,8.9651
-28.7391,87.55,8.898
-2.49751,87.55,7.3872
52.6388,87.59,4.7993
87.9298,87.63,-1.9511
60.7545,87.91,-1.4045
220.986,87.905,-9.4323
390.804,87.9,-11.77
526.9,87.9,-13.618
602.554,87.905,-15.334
666.362,87.91,-14.413
740.972,87.9,-15.59
789.598,87.96,-15.3
831.424,88.02,-14.869
847.305,88.02,-14.856
780.883,88.025,-14.681
753.884,88.03,-14.496
694.867,88.02,-13.102
639.324,88.095,-11.383
589.629,88.17,-10.838
518.214,88.17,-10.197
610.467,88.225,-11.601
262.38,88.28,-5.8533
220.133,88.21,-5.9139
119.428,88.05,-2.2199
156.945,87.89,-3.9957
13.2922,87.89,5.062
-36.3013,88.055,7.5983
-30.3028,88.22,8.7643
-25.7726,88.23,8.6376
-21.4321,88.22,8.4594
-24.203,88.21,8.3889
-19.502,88.21,8.4085
-20.6841,88.165,8.366
-25.8051,88.12,8.4051
-25.342,88.17,8.4526
-24.4776,88.255,8.3997
-26.5406,88.34,8.4526
-26.0209,88.34,8.639
-22.4313,88.305,8.5844
-18.5096,88.27,8.2759
-24.0894,88.32,8.0326
-33.8021,88.295,8.0793
-39.6705,88.27,8.2304
-43.2792,88.27,8.307
-41.2157,88.27,8.4017
-37.408,88.27,8.5064
-34.784,88.32,8.5696
-32.3015,88.45,8.6726
-22.8807,88.58,8.6829
9.75472,88.58,5.4663
26.1666,88.555,-0.6344
73.4566,88.53,-5.8927
159.694,88.58,-8.1078
275.618,88.59,-8.8511
415.487,88.6,-11.78
513.152,88.6,-13.849
587.746,88.605,-14.507
659.349,88.61,-14.257
723.454,88.72,-15.143
786.118,88.73,-14.944
656.628,88.74,-13.019
639.146,88.74,-12.961
607.071,88.75,-12.584
854.094,88.76,-14.212
798.532,88.69,-14.476
628.117,88.785,-11.128
718.03,88.88,-13.973
652.87,88.88,-11.904
570.493,88.875,-10.854
500.009,88.87,-10.147
408.586,88.8,-8.0112
307.09,88.715,-6.8686
223.962,88.63,-5.7053
87.5859,88.63,-1.6071
29.5188,88.61,1.2905
-16.039,88.59,6.3002
-41.4936,88.66,8.012
-46.4218,88.625,8.2255
-46.9101,88.59,8.2199
-44.6049,88.59,8.0823
-42.5335,88.59,8.0545
-43.9395,88.59,8.2591
-44.4238,88.68,8.2619
-46.5369,88.69,8.3036
-44.314,88.7,8.2915
-45.0382,88.7,8.3152
-46.7285,88.69,8.2968
-46.945,88.68,8.2702
-45.6327,88.75,8.2989
-45.9882,88.755,8.3126
-45.3505,88.76,8.3426
-44.1204,88.76,8.4072
-44.6018,88.855,8.3789
-44.2305,88.95,8.559
-41.6918,89.13,8.6388
-38.4539,89.175,8.6325
-34.2285,89.22,8.3424
-3.418,89.22,5.039
52.2201,89.305,-0.20475
132.298,89.39,-4.8901
222.885,89.37,-8.0619
319.12,89.405,-9.013
412.706,89.44,-12.143
503.099,89.44,-14.172
582.769,89.505,-14.752
654.703,89.57,-14.129
705.675,89.54,-14.871
757.061,89.59,-14.798
798.206,89.64,-14.442
845.791,89.64,-14.02
828.352,89.57,-14.054
745.626,89.5,-14.055
762.639,89.56,-13.842
667.924,89.515,-12.354
730.469,89.47,-13.314
538.041,89.47,-10.318
593.542,89.45,-10.997
479.781,89.43,-9.5826
388.195,89.48,-8.1277
285.505,89.495,-6.7105
191.327,89.51,-5.3368
102.862,89.51,-2.5711
30.8867,89.52,0.76165
-16.0329,89.53,6.482
-41.8872,89.64,8.1264
-47.1275,89.595,8.1623
-45.1565,89.55,8.0754
-46.2332,89.55,8.1113
-46.3682,89.53,8.1515
-45.4592,89.51,8.1467
-43.5863,89.57,7.9835
-42.6838,89.55,8.2026
-42.563,89.53,8.2287
-43.9237,89.53,8.2517
-42.6266,89.565,8.1471
-42.6345,89.6,7.9525
-40.2172,89.68,8.0773
-39.9119,89.755,8.3018
-40.2499,89.83,8.327
-40.0338,89.83,8.3319
-38.5656,89.855,8.3525
-38.4996,89.88,8.3951
-40.9858,90.06,8.4358
-40.2884,90.195,8.4937
-34.6745,90.33,8.4609
-2.2578,90.33,6.7061
54.0309,90.325,0.27059
130.419,90.32,-4.6606
215.838,90.46,-8.2878
312.948,90.545,-8.9048
407.837,90.63,-12.429
499.327,90.63,-14.094
576.046,90.63,-15.126
647.458,90.63,-14.125
699.281,90.46,-14.415
746.311,90.425,-14.478
NA,90.39,-14.423
NA,90.39,-12.073
NA,90.475,-14.282
NA,90.56,-14.706
NA,90.37,-16.044
NA,90.705,-15.952
NA,91.04,-13.997
NA,91.04,-12.488
NA,90.74,-9.3061
NA,90.44,6.9757
-35.346,90.49,6.7224
-48.7796,90.545,7.111
-37.9694,90.6,7.0818
-18.021,90.6,7.4335
-22.0716,90.65,8.5529
-16.0085,90.7,8.6054
-19.6105,90.73,8.6045
-37.017,90.58,8.8573
-25.7942,90.43,8.9218
-35.3936,90.43,8.9122
-36.7985,90.565,8.9348
-26.0509,90.7,9.1847
-24.5154,90.79,9.3466
-30.4413,90.74,9.2562
-26.4471,90.69,8.9536
-48.2439,90.69,9.2447
-37.8946,90.7,9.3771
-28.848,90.71,9.5856
-23.3528,90.9,9.6459
-23.0083,90.915,9.6972
-22.6011,90.93,9.741
-11.657,90.93,9.8619
-6.89596,90.975,9.7467
-13.578,91.02,9.8649
-24.1002,91.33,10.068
-13.8712,91.475,10.112
-9.87695,91.62,10.012
10.5332,91.62,8.6
25.9158,91.605,7.8884
30.35,91.59,6.9222
31.1064,91.75,4.3373
64.5922,91.72,-0.75747
209.434,91.69,-7.8355
183.125,91.69,-5.2935
145.915,91.505,-4.3773
86.9028,91.32,0.53573
24.745,91.51,7.3099
23.3585,91.655,7.0412
44.9342,91.8,0.7466
135.583,91.8,-5.2763
261.325,91.785,-10.607
578.849,91.77,-19.068
545.055,91.9,-17.965
582.216,91.86,-18.149
649.122,91.82,-15.002
388.109,91.82,-11.325
259.484,91.94,-8.0322
258.474,92.06,-8.152
231.649,92.02,-7.9989
219.586,91.95,-8.0414
178.806,91.88,-7.6116
38.8521,91.88,2.1569
7.21256,91.94,5.3278
-18.1639,92,8.297
-26.9909,92,8.7417
-32.5794,91.95,8.9174
-32.8004,91.9,8.9511
-32.9782,91.9,9.0036
-32.8158,91.96,9.0458
-39.9226,92.02,9.0762
-41.2851,91.9,9.2805
-36.1134,91.855,9.4242
-32.7555,91.81,9.7866
-32.1086,91.81,9.8243
-30.173,91.84,9.8975
-28.2723,91.87,10.183
-26.332,92.17,10.072
-24.4389,92.255,10.15
-24.2434,92.34,10.945
-21.9757,92.34,10.946
-22.4393,92.39,10.144
-27.0096,92.44,10.139
-29.0095,92.59,10.335
-27.5918,92.735,10.155
-26.3848,92.88,10.019
4.39101,92.88,7.5714
65.8038,92.915,0.17506
132.811,92.95,-4.5365
199.557,93.16,-8.1398
244.783,93.035,-8.2417
253.144,92.91,-8.1747
411.806,92.91,-11.17
490.989,92.925,-13.066
579.835,92.94,-17.225
651.658,92.9,-15.787
724.1,92.78,-15.65
815.88,92.66,-15.395
840.672,92.66,-15.499
759.622,92.665,-15.34
740.284,92.67,-15.243
632.758,92.62,-13.538
610.421,92.58,-12.833
749.596,92.54,-14.356
494.202,92.54,-13.313
459.667,92.615,-12.286
358.071,92.69,-8.078
381.737,92.64,-9.5528
279.459,92.635,-7.3131
94.8133,92.63,-1.8849
29.9155,92.63,3.888
28.6102,92.68,2.8262
-18.8407,92.73,7.0251
-38.6568,92.72,8.9783
-39.2873,92.655,9.0687
-40.0254,92.59,9.0836
-37.6313,92.59,9.1135
-36.8111,92.635,9.092
-37.6674,92.68,9.1152
-34.4987,92.56,9.0769
-33.1793,92.515,9.0811
-36.3081,92.47,9.0811
-37.3024,92.47,9.1632
-32.5256,92.535,9.1409
-33.4098,92.6,9.2338
-30.5576,92.84,9.2304
-16.4017,92.785,9.2446
-29.7449,92.73,9.2839
-35.6775,92.73,9.276
-33.1106,92.875,9.2883
-36.3902,93.02,9.3167
-36.452,93.34,9.8316
NA,93.315,8.5304
-31.2415,93.29,9.3087
-1.57584,93.29,8.2313
38.7947,93.25,5.1469
72.0077,93.21,3.0076
89.0809,93.68,1.2615
106.842,93.625,0.65306
170.5,93.57,-4.1304
191.54,93.57,-4.7078
250.343,93.56,-7.818
449.875,93.55,-11.846
583.056,93.72,-16.619
725.569,93.765,-15.318
702.544,93.81,-15.164
647.579,93.81,-14.552
590.581,93.855,-13.97
707.127,93.9,-14.63
556.937,93.98,-12.805
485.771,93.97,-13.472
540.357,93.96,-12.961
559.62,93.96,-11.994
380.694,94.05,-7.7152
451.52,94.14,-10.799
336.962,94.21,-7.4352
248.154,94.165,-5.3275
131.262,94.12,-2.0944
92.8152,94.12,-2.0813
44.2597,94.21,2.4998
2.13746,94.3,6.7234
-33.1182,94.26,8.2132
-29.9002,94.33,8.2974
-25.3383,94.4,8.9201
-34.4259,94.4,8.8682
-29.2423,94.205,9.0447
-21.8655,94.01,9.0208
-27.8719,94.16,9.0282
-36.4711,94.185,8.7729
-13.831,94.21,9.0356
-16.421,94.21,9.07
-27.6464,94.34,9.177
-32.1777,94.47,9.3099
-32.9848,94.27,9.4203
-34.9452,94.365,10.32
-27.6269,94.46,10.471
-30.7619,94.46,10.519
-29.0695,94.52,10.531
-29.2053,94.58,10.502
-28.1634,94.79,10.094
-32.3894,94.785,10.491
-25.8835,94.78,10.644
-3.8857,94.78,9.7232
17.4477,94.965,6.8535
65.9562,95.15,0.23199
120.048,95.32,-4.9425
282.325,95.295,-9.573
409.127,95.27,-10.593
495.933,95.27,-12.6
521.751,95.24,-15.315
685.528,95.21,-15.246
686.285,95.24,-14.818
478.716,95.195,-12.967
589.892,95.15,-15.828
801.89,95.15,-14.972
536.06,95.105,-13.751
601.557,95.06,-13.195
624.387,96.09,-13.392
522.183,95.89,-12.987
120.892,95.69,-2.7663
2.52141,95.69,7.1789
-50.5363,95.725,10.204
-28.4924,95.76,10.092
-22.7712,95.3,9.9934
-7.68075,95.4,9.7128
-7.4723,95.5,9.4968
-12.2562,95.5,9.5587
-13.0232,95.455,9.6016
-16.1382,95.41,9.6791
-19.8376,95.54,9.7947
-24.4535,95.575,9.828
-24.4925,95.61,9.8203
-27.887,95.61,9.8138
-30.2558,95.595,9.8138
-28.0408,95.58,9.8069
-28.7619,95.47,9.8012
-28.4836,95.615,9.5407
-29.1205,95.76,9.4395
-34.9155,95.76,9.466
-35.9826,95.68,9.424
-30.7109,95.6,9.466
-31.5585,95.58,9.493
-31.8616,95.58,9.5436
-34.8071,95.58,9.5577
-38.1808,95.58,9.5648
-29.7459,95.775,9.5967
-18.9832,95.97,9.6095
-16.8171,96.04,9.5896
-17.0478,96.16,9.5539
-23.2521,96.28,9.5238
-14.7573,96.28,9.2595
57.9202,96.265,1.7931
94.3534,96.25,-6.5136
169.732,96.22,-10.017
310.105,96.25,-10.491
319.366,96.28,-9.8995
310.355,96.28,-9.1421
357.924,96.31,-9.9614
402.547,96.34,-11.28
440.434,96.35,-11.186
572.906,96.365,-15.561
637.7,96.38,-14.889
685.242,96.38,-14.861
809.293,96.38,-13.98
747.605,96.38,-14.619
694.095,96.26,-14.705
627.747,96.28,-13.864
663.995,96.3,-14.607
607.955,96.3,-14.102
520.632,96.4,-12.344
441.06,96.5,-11.559
350.637,96.39,-7.8014
259.801,96.35,-7.1199
170.187,96.31,-4.1772
83.9164,96.31,-3.0205
5.05503,96.345,2.4003
-37.1323,96.38,7.6413
-53.8141,96.36,9.1386
-51.6221,96.325,9.1242
-50.5096,96.29,9.1705
-53.3778,96.29,9.1554
-53.0822,96.28,9.0977
-53.0942,96.27,9.1147
-53.9865,96.27,9.0577
-54.723,96.32,9.3953
-51.3944,96.37,9.424
-51.269,96.37,9.3986
-53.282,96.38,9.4151
-51.2361,96.39,9.4108
-49.2671,96.43,9.4382
-44.6975,96.515,9.5755
-41.5096,96.6,9.6741
-36.6016,96.6,9.9908
-33.6564,96.595,10.685
-31.3265,96.59,10.249
-31.6039,96.72,10.919
-30.4929,96.845,10.982
-23.544,96.97,10.315
4.5537,96.97,7.6307
57.1119,97.04,1.3081
124.128,97.11,-3.8353
187.028,96.96,-8.3623
309.976,96.965,-9.8124
58.5426,96.97,2.7016
194.441,96.97,-8.4851
527.849,96.975,-15.412
592.099,96.98,-15.024
485.245,97.25,-12.92
593.849,97.04,-15.256
395.34,96.83,-11.68
223.887,96.83,-7.9105
58.2643,96.855,-3.9391
182.965,96.88,-7.7718
42.8901,96.88,-4.2964
104.675,96.935,-4.1747
293.687,96.99,-10.397
169.526,96.99,-5.0144
141.398,96.9,-3.4177
95.548,96.81,-1.0966
118.943,96.76,-1.9101
46.0723,96.985,2.5474
27.8245,97.21,4.0446
-17.4886,97.21,6.8485
-6.84191,97.375,7.1722
-32.0038,97.54,8.866
-35.3231,92.87,9.0907
-25.1201,93,9.4264
-27.6935,93.13,9.8423
-39.322,93.13,9.6644
-27.9623,92.93,9.6313
-28.1013,92.73,9.6473
-27.3537,92.29,9.2555
-36.9525,90.245,9.2207
-52.5857,88.2,9.0651
-59.0189,88.2,9.2362
-45.1802,86.62,9.5599
-34.5387,85.04,9.2403
-57.4112,82.79,9.216
-39.1359,82.76,9.6496
-32.6028,82.73,9.5172
-21.9889,82.73,9.2102
-54.8179,82.82,9.198
-32.972,82.91,9.2449
-25.04,82.5,9.4479
-13.7162,82.445,9.7664
-11.8381,82.39,9.8652
-9.38361,82.39,9.9022
9.56854,82.43,7.3686
73.1835,82.47,2.0403
204.263,82.63,-5.7316
178.41,82.72,-4.9511
347.681,82.81,-9.9669
366.444,82.81,-10.536
471.876,82.85,-11.159
619.059,82.89,-16.323
734.245,82.84,-12.882
742.321,82.905,-13.365
774.795,82.97,-13.671
803.395,82.97,-14.096
803.309,83.01,-13.81
559.031,83.05,-14.727
586.036,82.98,-14.843
490.189,83.085,-12.561
723.192,83.19,-14.346
699.769,83.19,-14.549
586.213,83.19,-13.293
416.585,83.19,-8.3834
334.367,83.63,-7.6542
293.933,83.58,-6.9549
196.854,83.53,-4.4845
102.173,83.53,-4.0321
35.2747,83.63,0.67942
-22.1501,83.73,7.2512
-45.3112,83.82,9.1397
-36.6998,83.84,9.3476
-46.8708,83.86,9.4885
-47.2688,83.86,9.7208
-35.6052,83.905,9.8376
-45.9401,83.95,9.9533
-44.1682,84.08,9.9533
-41.5807,84.055,10.032
-39.1819,84.03,10.154
-41.5826,84.03,10.17
-46.099,84.2,10.244
-46.098,84.37,10.674
-39.9365,84.58,10.792
-37.116,84.65,11.225
-35.2181,84.72,10.725
-40.7278,84.72,10.725
-40.1933,84.8,10.777
-37.8158,84.88,10.818
-36.6332,85.1,10.909
-35.0404,85.16,10.866
-30.6763,85.22,11.188
-3.40366,85.22,9.2648
53.7989,85.3,1.8329
111.974,85.38,-2.858
200.415,85.73,-7.5866
279.058,85.695,-10.325
404.013,85.66,-11.537
507.509,85.66,-12.827
584.108,85.725,-15.374
390.02,85.79,-11.501
393.647,85.75,-11.575
717.312,85.725,-14.854
767.592,85.7,-14.033
449.701,85.7,-11.84
202.749,85.555,-5.9715
67.2991,85.41,-3.167
87.9703,85.96,-1.6602
175.987,86.01,-6.8406
187.985,86.06,-7.4359
117.647,86.06,-2.8104
139.229,86.04,-3.7014
331.08,86.02,-11.016
389.457,86,-11.031
97.0831,86.03,-2.1052
64.4777,86.06,0.70242
34.3704,86.06,2.4866
-4.17958,86.18,7.0873
-27.9588,86.3,8.8912
-40.1947,86.55,9.9135
-36.8024,86.54,10.294
-34.679,86.53,10.171
-31.3781,86.53,10.232
-34.2015,86.57,10.088
-36.7207,86.61,10.104
-23.2106,86.74,10.037
-33.973,86.84,10.383
-33.935,86.94,10.879
-27.2848,86.94,11.489
-28.7879,87.1,11.813
-26.9292,87.26,12.414
-24.7193,87.46,12.685
-14.5729,87.59,11.794
-11.4743,87.72,11.579
-22.4653,87.72,11.577
-21.1205,87.735,11.526
-13.3524,87.75,11.026
-24.7276,88.2,11.788
-23.2558,88.27,12.096
-11.811,88.34,12.001
-12.6307,88.34,11.946
2.16836,88.345,11.041
47.9652,88.35,4.752
55.5309,88.52,3.0234
143.943,88.475,-3.6082
402.674,88.43,-11.263
514.955,88.43,-14.385
390.992,88.5,-11.015
275.38,88.57,-9.3925
399.246,88.5,-11.849
775.436,88.63,-14.218
648.7,88.76,-14.555
714.914,88.76,-14.167
834.804,88.625,-13.348
835.729,88.49,-12.637
719.822,88.49,-14.064
161.337,88.395,-4.4727
77.1341,88.3,-0.7802
64.7281,88.3,1.3347
36.0244,88.405,3.5259
-9.93361,88.51,5.6368
1.09346,88.55,6.029
32.4536,88.56,2.8622
17.981,88.57,4.728
-4.27595,88.57,8.3956
-7.40326,88.665,9.0317
-28.7566,88.76,10.461
-39.8654,88.66,10.704
-37.4508,88.65,11.45
-34.0476,88.64,11.424
-37.5691,88.64,11.795
-31.142,88.7,12.265
-34.5475,88.76,12.407
-33.8705,88.54,12.904
-32.1291,88.68,12.603
-31.7974,88.82,13.076
-31.193,88.82,12.923
-28.9576,88.805,13.3
-27.8162,88.79,13.233
-25.4591,89,13.664
-23.3562,88.915,13.454
-15.4299,88.83,13.454
-14.112,88.83,12.904
-25.8539,88.93,13.05
-24.9575,89.03,13.664
-23.7986,89.32,14.233
-24.3122,89.395,14.492
-18.5741,89.47,14.629
11.9103,89.47,12.104
71.2247,89.52,2.8933
143.364,89.57,-3.9395
192.479,89.59,-6.2656
145.192,89.61,-5.3084
206.193,89.63,-9.2441
323.951,89.63,-10.675
476.091,89.64,-11.722
456.643,89.65,-10.867
139.352,89.4,-2.2984
438.612,89.68,-11.309
458.748,89.96,-11.18
92.3694,89.96,-3.4393
235.319,89.715,-10.327
25.8854,89.47,1.4243
27.5693,89.49,2.4661
60.3452,89.39,2.0322
162.695,89.29,-4.601
152.362,89.29,-3.6078
150.228,89.465,-2.4049
399.816,89.64,-10.042
332.966,89.24,-10.943
341.134,89.555,-10.902
191.512,89.87,-6.9543
5.05533,89.87,6.5987
-14.4646,89.8,9.4387
-25.1294,89.73,10.61
-27.5239,90.26,10.709
-22.8091,90.035,10.743
-18.6546,89.81,10.635
-25.2913,89.81,10.651
-28.3705,89.66,10.979
-27.6926,89.51,11.508
-23.7931,89.68,11.651
-20.974,89.635,11.643
-24.2671,89.59,11.668
-31.7071,89.59,11.663
-33.5222,89.59,11.925
-31.6851,89.59,12.193
-31.7155,89.99,12.704
-39.3263,89.95,12.897
-38.1482,89.91,12.897
-25.0669,89.91,12.893
-19.1829,90.03,12.849
-23.9475,90.15,13.005
-25.5288,90.22,13.189
-17.0831,90.355,13.015
-15.4607,90.49,13.005
1.60933,90.49,12.697
35.2863,90.51,9.8201
102.924,90.53,1.1708
82.0281,90.34,0.45556
82.097,90.35,-2.2996
133.335,90.36,-4.8851
271.592,90.36,-10.139
428.062,90.43,-10.534
440.953,90.5,-10.89
643.694,90.48,-14.383
755.5,90.56,-13.205
772.784,90.64,-13.949
839.857,90.64,-14.291
820.35,90.635,-13.595
546.346,90.63,-13.636
377.08,90.36,-9.9198
657.668,90.41,-14.128
574.946,90.46,-13.134
620.353,90.46,-13.776
558.183,90.53,-13.21
438.695,90.6,-9.7934
412.74,90.36,-10.365
128.56,90.455,-1.2418
4.2562,90.55,9.9693
-11.2672,90.55,10.147
-11.379,90.67,10.571
-28.4467,90.79,11.253
-34.8583,90.48,11.426
-34.6533,90.53,11.601
-26.4681,90.58,11.622
-22.2913,90.58,11.722
-21.4105,90.605,11.865
-19.4369,90.63,11.628
-26.562,90.57,11.77
-28.1344,90.495,12.055
-28.897,90.42,12.511
-27.5845,90.42,12.677
-26.0814,90.545,12.897
-26.1344,90.67,12.938
-28.3065,90.63,12.88
-28.8425,90.685,13.189
-26.4983,90.74,13.087
-21.8555,90.74,13.061
-21.0119,90.835,13.194
-30.8682,90.93,13.589
-28.2942,91.23,13.72
-26.0298,91.235,14.201
-20.2541,91.24,13.589
-2.60725,91.24,14.389
-6.02931,91.28,12.953
77.2094,91.32,3.1205
203.063,91.35,-6.288
223.73,91.395,-10.505
258.717,91.44,-10.742
364.291,91.44,-11.237
531.676,91.47,-13.805
620.33,91.5,-13.815
681.288,91.33,-14.559
737.931,91.33,-13.609
775.048,91.33,-13.689
763.665,91.33,-13.734
805.197,91.3,-13.482
804.718,91.27,-13.212
818.576,91.15,-12.574
604.975,91.285,-13.808
549.344,91.42,-12.436
418.315,91.42,-7.677
367.084,91.745,-9.0124
69.6255,92.07,1.4806
28.7756,91.49,6.0703
54.0018,91.495,0.9605
105.221,91.5,-1.3748
20.3503,91.5,4.3643
-7.2612,91.595,7.7008
-34.9155,91.69,10.878
-41.7077,91.63,11.041
-38.355,91.61,11.757
-33.2852,91.59,12.132
-30.7367,91.59,11.712
-31.3547,91.57,11.617
-33.3771,91.55,11.301
-38.4732,91.66,11.184
-41.6365,91.695,11.283
-35.0321,91.73,12.213
-33.8148,91.73,12.853
-31.5647,91.745,13.189
-30.1134,91.76,13.589
-29.1854,91.63,14.201
-27.3865,91.735,14.26
-25.5165,91.84,14.39
-23.8082,91.84,14.541
-22.367,91.925,14.541
-21.9168,92.01,14.541
-22.3066,92.14,14.765
-23.5758,92.205,14.765
-19.9189,92.27,14.878
2.71803,92.27,13.421
51.3251,92.36,3.4725
113.081,92.45,-2.0342
173.183,92.55,-6.0513
281.186,92.575,-9.7748
374.294,92.6,-10.837
458.197,92.6,-11.575
536.13,92.59,-13.276
608.74,92.58,-13.468
672.025,92.44,-14.269
727.755,92.34,-13.77
676.854,92.24,-14.225
731.844,92.24,-13.832
791.22,92.33,-13.258
822.967,92.42,-13.313
767.039,92.21,-13.489
744.74,92.26,-13.48
643.055,92.31,-13.386
543.078,92.31,-11.855
628.649,92.355,-14.249
303.565,92.4,-8.0564
76.0756,92.27,-0.64192
69.3462,92.375,0.64713
50.4269,92.48,1.9509
23.6715,92.48,3.7496
-15.2835,92.43,9.056
-32.377,92.38,11.019
-33.4026,92.64,11.17
-32.4283,92.645,11.594
-34.4595,92.65,11.607
-36.0415,92.65,11.573
-33.9038,92.73,11.566
-35.8079,92.81,11.216
-38.5732,92.85,11.124
-40.1823,92.775,11.145
-36.4301,92.7,11.151
-34.8651,92.7,11.154
-34.4645,92.77,11.175
-31.8957,92.84,11.167
-32.4341,92.85,11.162
-32.7097,92.815,11.168
-31.9982,92.78,11.138
-30.4241,92.78,11.137
-32.518,92.965,11.24
-31.4949,93.15,11.726
-28.474,93.18,12.165
-25.315,93.34,12.149
-21.9849,93.5,12.291
-4.43041,93.5,10.848
44.4778,93.5,3.5442
106.152,93.5,-2.7001
171.918,93.7,-6.0365
279.415,93.645,-9.7628
338.786,93.59,-10.525
460.619,93.59,-11.575
322.956,93.64,-9.3735
481.022,93.69,-11.473
499.537,93.67,-11.254
580.531,93.77,-13.072
746.548,93.87,-13.815
735.404,93.87,-13.798
715.431,93.61,-13.852
611.892,93.35,-13.469
454.705,93.86,-10.633
115.843,93.83,-6.1492
-3.34268,93.8,2.975
15.5583,93.8,3.1708
32.4879,93.85,-0.24262
70.516,93.9,-1.5993
274.073,93.96,-9.6065
248.472,93.895,-9.0782
163.941,93.83,-6.3948
86.1739,93.83,-2.1178
14.9146,93.8,2.9422
-27.7212,93.77,9.6594
-38.3508,93.99,10.902
-40.4106,93.88,10.905
-37.2907,93.77,10.985
-34.0587,93.77,11.04
-33.8371,93.885,11.13
-31.1849,94,11.381
-27.9296,94.01,11.742
-28.7723,94.05,11.368
-27.2122,94.09,11.371
-27.7877,94.09,12.115
-26.4375,94.07,11.415
-28.2136,94.05,11.237
-33.1891,94.11,11.37
-31.8194,94.17,11.814
-28.4484,94.23,12.585
-25.2495,94.23,12.669
-23.5712,94.32,12.934
-24.4786,94.41,13.269
-23.1099,94.48,12.784
-22.3782,94.56,12.22
-24.0184,94.64,11.784
-8.81799,94.64,10.861
48.5944,94.675,3.61
112.209,94.71,-2.6768
185.484,94.84,-6.3363
252.425,94.86,-9.2446
376.622,94.88,-10.857
395.66,94.88,-11.021
542.524,94.81,-11.927
616.139,94.74,-12.973
717.288,94.77,-13.581
319.329,94.71,-7.8177
156.893,94.65,-9.6696
221.459,94.65,-9.9414
753.924,94.705,-13.893
746.552,94.76,-13.389
638.065,94.86,-14.001
728.236,94.88,-13.389
674.79,94.9,-13.919
549.746,94.9,-11.913
582.925,94.98,-12.995
496.883,95.06,-11.235
369.241,95.21,-9.7664
261.324,95.205,-7.5822
154.482,95.2,-6.4235
52.2708,95.2,-0.59226
-36.7444,95.19,8.5422
-43.3455,95.18,10.143
-42.9216,95.17,10.8
-42.3824,95.105,10.769
-42.1905,95.04,10.931
-37.9839,95.04,10.987
-39.1433,95.105,11.017
-37.341,95.17,10.991
-36.1352,95.19,11.117
-33.7856,95.21,11.107
-35.2668,95.23,11.175
-33.1441,95.23,11.205
-35.3975,95.11,11.234
-33.0174,94.99,11.406
-24.5544,95.08,11.255
-30.4739,95.16,11.444
-25.073,95.24,11.63
-26.7422,95.24,11.608
-27.2946,95.26,11.62
-27.9851,95.28,11.795
-25.0481,95.51,11.814
-24.2688,95.4,11.604
-25.3337,95.29,11.624
-2.83277,95.29,11.486
8.01832,95.435,11.248
19.9121,95.58,9.3637
199.594,95.75,-5.0509
208.196,95.755,-10.157
295.576,95.76,-10.338
288.325,95.76,-10.154
592.381,95.71,-11.595
441.054,95.66,-11.388
726.271,95.65,-13.511
777.654,95.485,-13.267
775.37,95.32,-13.311
800.892,95.32,-13.513
841.277,95.245,-13.311
534.825,95.17,-11.907
221.241,95.03,-7.3331
160.105,94.525,-2.66
127.569,94.02,-2.298
73.5096,94.02,-1.5115
54.9708,91.865,-2.0612
1.206,89.71,9.3637
0.675093,87.37,10.892
4.70981,86.72,9.4751
2.69508,86.07,10.903
3.94834,86.07,9.494
8.30593,85.645,9.3637
-7.31569,85.22,11.034
-20.9343,84.65,11.115
-6.09991,84.26,11.115
-5.45989,83.87,11.104
-6.8348,83.87,11.115
-23.049,83.725,11.14
-26.0456,83.58,11.358
-28.8808,83.09,11.426
-13.9012,83.02,11.378
-12.8784,82.95,11.228
-25.3945,82.95,11.279
-29.964,82.715,11.334
-23.7766,82.48,11.23
-13.7854,82.31,11.105
-3.39498,82.325,11.105
-2.61154,82.34,11.105
-2.58407,82.34,11.105
-2.97545,82.31,11.105
-11.5856,82.28,11.105
-5.71627,82.2,11.105
-6.35764,82.205,11.105
-5.31308,82.21,11.105
-1.23775,82.21,11.023
9.506,82.305,8.9313
16.4701,82.4,4.1679
17.0628,82.3,2.5963
30.0167,82.275,-1.5649
20.0396,82.25,-0.34794
105.279,82.25,-4.676
234.654,82.305,-9.4818
327.572,82.36,-9.7748
510.235,82.1,-11.992
573.815,82.035,-12.088
361.192,81.97,-9.9074
430.785,81.97,-11.893
620.76,81.94,-12.879
699.371,81.91,-14.404
809.326,81.6,-13.502
667.38,81.625,-13.622
261.777,81.65,-7.9379
510.419,81.65,-12.644
564.605,81.8,-11.918
305.92,81.95,-9.5191
105.812,81.97,-1.7155
122.024,82.02,-1.9919
107.071,82.07,-1.8165
35.481,82.07,5.0566
-4.61787,82,10.094
NA,81.93,10.334
-39.3152,82.03,11.111
-35.2895,82.15,11.234
-29.8679,82.27,11.342
-13.9424,82.27,11.271
-30.0459,82.21,11.375
-24.2041,82.15,11.419
-25.9903,81.96,11.726
-21.7297,81.93,11.649
-8.5561,81.9,11.346
-5.81056,81.9,11.325
-23.0991,81.855,11.393
-17.8513,81.81,11.4
-23.2517,82.14,11.537
-25.3896,82.2,11.916
-26.9272,82.26,12.576
-26.7818,82.26,13.077
-24.2446,82.355,13.546
-23.4811,82.45,14
-22.0447,82.54,13.545
-21.7379,82.585,14
-10.6397,82.63,13.399
2.6106,82.63,12.298
41.6377,82.69,9.8504
25.0248,82.75,9.8672
42.6523,82.82,6.7075
169.158,82.825,-2.9749
72.0135,82.83,3.9542
106.673,82.83,-1.4359
240.467,82.92,-10.028
327.94,83.01,-11.355
473.716,82.8,-12.891
503.422,82.715,-12.198
777.82,82.63,-13.288
685.914,82.63,-13.743
577.98,82.8,-12.168
666.655,82.97,-13.579
682.479,82.82,-13.931
694.808,82.84,-13.843
507.433,82.86,-12.33
282.024,82.86,-8.7402
60.3854,83.015,1.803
133.136,83.17,-2.3582
333.067,82.89,-9.7016
293.151,83.015,-9.3429
152.494,83.14,-3.1423
7.68764,83.14,8.0543
-7.4505,83.4,8.7127
-15.9718,83.66,10.011
-11.631,83.18,10.145
-15.2965,83.205,11.066
-25.288,83.23,11.06
-19.4756,83.23,11.133
-27.8446,83.445,11.153
-28.2113,83.66,11.134
-24.1827,83.12,11.103
-14.2031,83.2,10.99
-14.939,83.28,10.949
-14.6434,83.28,10.934
-16.4329,83.245,10.928
-25.1548,83.21,10.911
-25.3799,83.3,10.908
-31.7533,83.35,10.913
-33.7167,83.4,10.952
-19.1678,83.4,10.886
-19.2816,83.415,10.891
-30.1229,83.43,10.861
-31.4352,83.46,10.921
-28.4799,83.53,10.906
-16.0755,83.6,10.881
-6.80509,83.6,10.883
20.1892,83.685,8.9513
29.4428,83.77,6.6725
46.3662,83.7,5.0327
114.286,83.68,-2.9648
41.2809,83.66,2.837
136.553,83.66,-4.4971
353.712,83.585,-10.078
307.714,83.51,-8.7076
222.177,83.57,-6.158
494.14,83.555,-12.586
585.231,83.54,-11.923
375.842,83.54,-10.241
273.961,83.545,-8.0399
403.303,83.55,-11.78
346.103,83.56,-9.9034
244.323,83.52,-7.2007
353.29,83.48,-10.176
367.964,83.48,-10.19
309.457,83.525,-8.9553
146.093,83.57,-2.2915
143.814,83.73,-1.0613
170.643,83.69,-2.4946
76.8274,83.65,5.3094
61.6681,83.65,4.5455
-4.61054,83.765,9.44
-28.477,83.88,10.852
-22.8723,83.82,10.898
-14.2692,83.77,10.947
-12.4084,83.72,11.035
-11.4302,83.72,11.029
-11.3397,83.75,11.004
-11.8476,83.78,11.073
-25.1957,83.73,11.074
-12.6657,83.755,10.975
-9.4676,83.78,10.935
-11.8544,83.78,10.925
-12.8256,83.73,10.929
-16.9356,83.68,10.948
-15.5196,83.71,10.918
-15.4103,83.765,10.934
-18.2263,83.82,11.052
-23.0519,83.82,11.191
-19.7769,83.88,11.213
-14.6185,83.94,11.145
-12.8198,84.09,11.112
-12.4107,84.26,11.02
-18.4595,84.43,11.078
-15.8608,84.43,10.968
-0.840669,84.375,9.7478
7.75515,84.32,4.0719
5.61059,84.41,2.7276
21.4559,84.35,-2.6706
76.9521,84.29,-6.8967
86.8714,84.29,-6.1608
178.237,84.365,-7.9884
310.13,84.44,-10.796
576.84,84.36,-11.592
716.21,84.43,-13.367
744.288,84.5,-12.838
786.215,84.5,-11.913
751.718,84.305,-13.18
777.011,84.11,-12.6
749.251,84.09,-12.648
717.629,84.195,-12.851
660.521,84.3,-13.362
589.067,84.3,-12.785
514.701,84.255,-11.667
414.578,84.21,-11.318
335.657,84.22,-11.039
231.752,84.285,-7.1425
135.442,84.35,-4.5926
54.1091,84.35,-0.81881
-6.226,84.335,6.2468
-49.2255,84.32,10.415
-51.5796,84.35,10.551
-51.5649,84.545,10.568
-47.1065,84.74,10.693
-38.9481,84.74,10.569
-40.8735,84.61,10.54
-36.015,84.48,10.517
-35.7421,84.54,10.491
-40.2809,84.545,10.557
-32.001,84.55,10.67
-38.3247,84.55,10.687
-28.5788,84.56,10.922
-17.8089,84.57,10.908
-24.7568,84.89,10.779
-26.2848,84.855,10.554
-19.797,84.82,10.465
-25.1697,84.82,10.39
-31.382,84.915,10.511
-40.1911,85.01,10.744
-41.0825,85.27,11.609
-39.1062,85.4,12.596
-35.9119,85.53,15.394
-17.6426,85.53,14.924
31.6923,85.545,3.5316
95.2899,85.56,-2.8751
166.889,85.82,-5.8871
269.974,85.85,-9.0415
348.399,85.88,-9.7542
427.223,85.88,-13.783
552.06,85.835,-12.785
577.546,85.79,-12.691
578.37,85.64,-12.649
586.701,85.7,-12.592
668.629,85.76,-13.375
691.305,85.76,-13.701
732.801,85.63,-13.752
692.614,85.5,-13.69
596.751,85.67,-10.738
427.095,85.665,-12.666
276.068,85.66,-7.7829
346.532,85.66,-9.8655
376.014,85.85,-11.464
363.125,86.04,-10.268
286.307,85.89,-7.6389
140.357,86.015,-4.5926
57.252,86.14,-0.19967
-15.3977,86.14,6.7473
-24.0018,86.19,8.588
-37.4521,86.24,10.121
-37.6646,86.25,10.268
-33.7687,86.19,10.383
-30.3652,86.13,10.496
-29.7563,86.13,10.85
-29.2184,86.12,10.95
-32.6653,86.11,12.278
-34.0926,86.33,13.216
-32.8165,86.31,14.512
-29.19,86.29,16.613
-20.3431,86.29,16.875
-25.132,86.33,16.061
-27.1506,86.37,16.875
-35.6162,86.33,16.875
-35.242,86.43,17.169
-27.0315,86.53,17.169
-15.4548,86.53,17.169
-16.2913,86.545,17.169
-18.3758,86.56,16.963
-18.4561,86.72,17.499
-14.2428,86.88,17.499
-20.449,87.04,16.741
-6.43456,87.04,15.4
52.6014,87.1,3.2918
118.766,87.16,-3.911
136.74,87.25,-4.6682
286.07,87.27,-9.2096
320.17,87.29,-9.0606
224.443,87.29,-7.9875
203.391,87.33,-6.8418
217.396,87.37,-7.6366
162.373,87.19,-4.4473
203.491,87.045,-7.8092
406.691,86.9,-13.533
369.651,86.9,-9.8896
26.0308,85.605,3.0906
-2.74396,84.31,10.129
13.2206,82.66,7.2376
101.056,81.85,-1.6343
220.961,81.04,-9.1084
130.77,81.04,-5.3287
121.311,80.575,-4.7237
72.2573,80.11,-1.2311
58.786,80.01,1.6472
14.9656,79.835,6.0256
133.843,79.66,-5.3962
118.395,79.66,-3.7046
30.8002,79.57,4.0984
-20.2227,79.48,10.013
-27.0028,79.32,10.029
-32.2171,79.275,10.959
-44.5309,79.23,12.376
-44.7383,79.23,14.183
-38.5588,79.25,14.74
-36.3712,79.27,17.49
-35.1495,79.13,17.499
-30.4613,79.02,16.915
-25.3558,78.91,16.923
-28.9641,78.91,17.136
-29.3703,78.89,16.923
-31.9324,78.87,17.136
-32.4785,78.94,17.868
-30.8837,79.035,17.868
-31.9091,79.13,17.868
-27.1115,79.13,17.629
-27.2382,79.145,17.629
-26.5663,79.16,17.017
-24.7394,79.25,17.017
-24.2169,79.465,17.132
-24.522,79.68,16.279
-5.01519,79.68,16.387
15.1356,79.695,14.65
84.4641,79.71,0.72287
168.877,79.87,-5.2106
217.558,79.865,-7.5854
161.856,79.86,-5.5735
200.87,79.86,-6.8599
250.645,79.795,-8.6553
271.486,79.73,-8.6101
300.377,79.63,-9.0558
438.66,79.61,-14.1
369.111,79.59,-11.584
514.155,79.59,-13.636
538.722,79.62,-13.062
717.798,79.65,-13.305
680.079,79.78,-14.005
474.522,79.74,-13.98
585.36,79.7,-12.541
599,79.7,-12.656
155.389,78.195,-3.8422
219.691,76.69,-8.458
275.806,62.13,-8.7764
22.6438,57.94,5.6607
-3.64113,53.75,10.252
-1.88255,53.75,10.177
3.34416,52.905,9.9878
-3.68472,52.06,9.9851
-12.4409,52.02,9.8784
-16.2121,52.145,9.8829
-30.6814,52.27,10.064
-33.7327,52.27,11.063
-30.9409,52.34,11.297
-29.356,52.41,10.064
-21.2201,52.53,10.265
-29.6559,52.495,10.26
-9.54211,52.46,10.38
-6.34557,52.46,10.938
-14.9264,52.41,11.597
-22.4431,52.36,12.648
-29.2162,52.52,13.292
-28.5356,52.53,14.591
-27.0487,52.54,14.591
-23.9592,52.54,14.539
-22.7052,52.605,16.63
-23.458,52.67,16.63
-22.2383,52.98,16.785
-19.3264,53.135,15.878
-21.2227,53.29,14.591
-9.08699,53.29,13.567
43.7719,53.285,5.2771
120.958,53.28,-3.6044
176.913,53.43,-6.8535
55.0644,53.445,-9.0566
126.39,53.46,-9.0261
222.58,53.46,-9.3123
574.971,53.45,-12.376
509.249,53.44,-13.808
348.685,53.31,-9.7288
409.345,53.425,-12.993
477.431,53.54,-14.121
345.881,53.54,-9.9385
484.218,53.62,-13.656
644.045,53.7,-12.712
428.975,53.59,-13.684
395.432,53.615,-11.932
472.577,53.64,-13.819
423.47,53.64,-13.754
517.334,53.72,-13.378
431.758,53.8,-14.531
217.433,54.02,-8.8146
151.065,54.075,-5.3387
77.4038,54.13,-0.82966
18.0708,54.13,5.1796
-19.2515,54.15,8.5724
-37.6978,54.17,9.5129
-35.4961,54.33,9.5452
-34.1514,54.22,9.5812
-26.8509,54.11,9.4869
-29.2648,54.11,9.4658
-16.5412,54.105,9.4974
-21.472,54.1,9.4708
-27.074,54.08,9.6095
-24.8505,54.075,9.5666
-22.6751,54.07,9.8008
-21.7523,54.07,9.7981
-22.2263,54.13,10.124
-22.1055,54.19,10.862
-17.7298,54.21,11.509
-25.1633,54.205,11.875
-24.1372,54.2,12.067
-24.0196,54.2,12.495
-24.4625,54.26,12.601
-21.9714,54.32,9.9881
-24.9417,54.66,9.7753
-27.4249,54.765,9.7905
-26.2135,54.87,11.747
-6.7614,54.87,9.4943
49.3569,55.01,6.7854
74.4022,55.15,3.181
205.813,55.02,-5.4441
272.916,55,-9.4562
218.863,54.98,-8.808
290.953,54.98,-9.0329
552.426,54.92,-13.354
658.935,54.86,-13.524
566.893,55.09,-13.344
698.729,55.045,-13.496
675.318,55,-12.56
742.246,55,-13.812
784.12,55.22,-13.455
640.756,55.44,-12.522
713.66,55.28,-13.984
570.361,55.36,-12.875
521.987,55.44,-12.682
387.223,55.44,-10.383
297.757,55.445,-8.7319
227.512,55.45,-4.6726
126.475,55.55,0.2042
69.8889,55.54,4.9044
20.2113,55.53,6.2011
-1.22757,55.53,7.7796
-15.3277,55.63,9.2945
-25.9888,55.73,9.232
-28.27,55.75,9.2146
-25.0954,55.77,9.2803
-20.4219,55.79,9.24
-20.0604,55.79,9.3014
-18.7239,55.835,9.3128
-17.9357,55.88,9.3148
-20.1736,55.98,9.307
-21.4789,55.885,9.3305
-23.7764,55.79,9.355
-23.5727,55.79,9.315
-23.6907,55.83,9.3191
-25.7368,55.87,9.2623
-24.2985,55.85,9.2686
-21.955,55.83,9.2642
-24.3935,55.81,9.2524
-23.517,55.81,9.2412
-25.3374,55.86,9.2154
-24.0902,55.91,9.1989
-25.7067,56.23,9.2495
-22.7331,56.245,9.2245
-25.4569,56.26,9.2504
-16.9955,56.26,9.3085
14.919,56.36,7.4936
76.2178,56.46,1.3292
155.968,56.45,-4.9493
284.699,56.51,-9.3029
300.543,56.57,-9.3312
334.108,56.57,-9.4915
587.681,56.555,-13.393
629.34,56.54,-12.552
698.393,56.62,-13.376
545.693,56.62,-13.182
550.581,56.62,-12.641
754.812,56.62,-13.205
515.954,56.585,-13.576
285.375,56.55,-9.1084
401.777,56.65,-12.068
299.562,56.685,-9.1034
215.954,56.72,-7.8338
162.764,56.72,-5.0739
144.623,56.7,-4.7198
168.106,56.68,-6.1381
164.078,56.72,-5.0084
66.8818,56.685,0.86357
18.6999,56.65,6.1411
-0.833449,56.65,7.6512
-17.3437,56.785,9.1357
-28.6187,56.92,9.1464
-33.8914,56.97,9.175
-34.1491,56.975,9.2482
-36.1439,56.98,9.1499
-30.2798,56.98,9.1995
-27.3316,56.975,9.2545
-27.3741,56.97,9.3135
-27.6015,57.02,9.2911
-22.5296,57,9.4153
-20.865,56.98,9.4897
-20.078,56.98,9.4147
-13.2615,56.93,9.426
-12.8426,56.88,9.5318
-14.1783,56.8,9.4153
-14.5168,56.82,9.2623
-12.9249,56.84,9.2985
-11.1859,56.84,9.2625
-11.2618,56.955,9.4208
-13.412,57.07,9.6178
-18.8763,57.14,9.7108
-12.1413,57.22,9.7835
-14.559,57.3,9.7277
-6.09653,57.3,9.5152
16.7479,57.41,8.81
86.6284,57.52,0.97515
77.5002,57.41,2.1135
56.2822,57.455,4.2713
84.0092,57.5,0.59796
132.357,57.5,-3.5078
148.894,57.5,-4.0287
177.997,57.5,-5.9435
187.977,57.22,-6.0961
274.769,57.285,-9.3583
207.734,57.35,-7.9255
130.409,57.35,-4.0091
71.9358,57.215,-3.1417
92.714,57.08,-5.2139
134.584,57.31,-8.9854
171.563,57.315,-9.1441
230.895,57.32,-9.4376
271.525,57.32,-9.2993
242.648,57.32,-9.3067
248.072,57.32,-9.3931
162.479,57.41,-5.2885
107.704,57.405,-1.4905
51.6001,57.4,2.6121
7.54535,57.4,7.5643
-14.1643,57.49,9.15
-23.4606,57.58,9.1512
-22.4782,57.77,9.1448
-24.12,57.785,9.1173
-25.1982,57.8,9.0954
-24.9324,57.8,9.1527
-22.8146,57.71,9.1359
-22.8947,57.62,9.0976
-24.8506,57.51,9.0744
-27.6437,57.47,9.0512
-28.117,57.43,8.9957
-25.1359,57.43,9.0265
-27.233,57.41,9.0063
-33.9388,57.39,9.05
-31.4285,57.38,9.1075
-25.9494,57.455,9.0655
-26.1552,57.53,9.0191
-28.35,57.53,9.056
-33.07,57.52,9.0057
-30.9051,57.51,9.062
-31.9826,57.77,9.0659
-34.0078,57.85,9.1058
-33.6431,57.93,9.1129
-25.022,57.93,9.0684
6.19994,57.89,8.1433
94.6616,57.85,-1.1806
112.57,57.98,-2.1257
163.9,57.96,-5.1441
169.475,57.94,-5.2261
299.905,57.94,-9.1664
474.437,58.055,-13.832
380.659,58.17,-11.343
470.579,58.05,-13.747
393.472,58.105,-11.722
578.566,58.16,-13.25
636.475,58.16,-12.863
727.855,58.135,-14.342
746.81,58.11,-14.114
705.076,58.16,-14.242
725.543,58.125,-14.203
621.668,58.09,-12.799
507.501,58.09,-12.937
461.679,58.235,-10.972
387.337,58.38,-9.2377
329.276,58.5,-9.2855
214.185,58.58,-7.6243
118.061,58.66,-3.9316
33.8189,58.66,0.15945
-22.3808,58.73,7.4295
-46.3128,58.8,8.9741
-46.2239,58.89,8.963
-44.1109,58.85,8.953
-43.8907,58.81,9.0455
-42.9136,58.81,9.0354
-42.3694,58.835,9.059
-45.3601,58.86,9.0726
-48.563,58.9,9.0322
-47.6957,58.86,9.0978
-49.0151,58.82,9.0574
-46.0806,58.82,9.0581
-45.4896,58.83,9.0581
-45.0435,58.84,9.069
-43.3346,58.85,9.0645
-42.3124,58.845,9.024
-40.9522,58.84,9.0235
-42.3871,58.84,9.0734
-40.4043,58.975,9.1226
-39.0118,59.11,9.1431
-38.087,59.11,9.2588
-39.5581,59.19,9.2317
-39.0276,59.27,9.5237
-26.5813,59.27,9.235
10.1576,59.31,5.8987
71.7789,59.35,-1.367
96.4537,59.54,-6.0247
239.026,59.61,-9.0742
329.952,59.68,-9.416
415.528,59.68,-13.2
480.958,59.63,-13.961
548.03,59.58,-13.49
540.776,59.74,-13.232
655.389,59.64,-13.385
692.126,59.54,-13.398
712.972,59.54,-13.055
724.434,59.585,-12.995
715.112,59.63,-13.032
694.005,59.76,-13.052
653.922,59.645,-12.874
602.027,59.53,-12.353
538.383,59.53,-12.599
468.756,59.63,-11.525
368.349,59.73,-8.9854
264.133,59.93,-7.4177
190.788,60.055,-6.1637
91.4828,60.18,-4.4333
13.7621,60.18,0.11722
-34.0474,60.135,7.3201
-51.6778,60.09,8.9837
-53.0335,60.07,9.009
-51.2646,60.14,9.0488
-50.7918,60.21,9.1006
-49.5034,60.21,9.3791
-46.905,60.24,9.8229
-43.702,60.27,9.946
-43.0917,60.17,10.227
-40.392,60.11,11.168
-35.437,60.05,11.518
-32.4505,60.05,10.888
-34.7585,60.085,10.823
-35.4453,60.12,10.935
-33.4923,60.24,11.212
-31.7746,60.33,11.554
-29.2249,60.42,12.165
-26.421,60.42,11.946
-24.2308,60.48,11.238
-28.1935,60.54,10.854
-33.5036,60.85,10.387
-34.6544,60.81,10.404
-31.9161,60.77,10.69
-21.1179,60.77,9.9313
9.37737,60.825,7.8601
37.5994,60.88,0.26247
129.922,60.98,-5.0934
220.734,60.94,-8.5539
308.837,60.9,-8.9047
391.361,60.9,-11.461
466.471,60.875,-13.109
536.576,60.85,-12.932
596.881,60.8,-12.741
643.931,60.805,-12.852
674.106,60.81,-12.587
696.288,60.81,-12.652
695.717,60.87,-12.566
630.237,60.93,-11.776
659.135,60.87,-11.645
625.42,60.965,-11.436
564.693,61.06,-9.6556
486.971,61.06,-9.1079
403.16,61.08,-8.2775
291.483,61.1,-7.2766
201.08,61.21,-5.9238
132.345,61.31,-4.1616
65.383,61.41,-0.53882
25.7052,61.41,2.5381
-30.4974,61.45,7.1245
-43.4125,61.49,9.0923
-39.8261,61.76,9.4184
-42.1591,61.725,9.4665
-44.6873,61.69,9.4291
-40.7858,61.69,9.3219
-39.8597,61.635,9.3282
-33.5491,61.58,9.3018
-27.5857,61.54,9.2662
-27.3848,61.46,9.313
-33.5612,61.38,9.3111
-25.7517,61.38,9.3095
-21.0234,61.45,9.3219
-29.7612,61.52,9.2766
-26.3833,61.47,9.2244
-33.4896,61.55,9.1612
-24.9083,61.63,9.1975
-22.8188,61.63,9.1661
-30.4757,61.675,9.1685
-35.4066,61.72,9.2172
-36.3727,61.91,9.0961
-34.3839,62.045,9.0728
-23.0666,62.18,9.0712
-11.5402,62.18,9.1348
10.4733,62.21,6.7864
60.84,62.24,-0.13638
143.428,62.34,-5.4106
274.876,62.31,-9.1191
261.136,62.28,-9.1846
247.007,62.28,-8.6946
384.886,62.34,-10.853
457.649,62.4,-11.627
577.451,62.28,-12.488
627.87,62.32,-11.846
732.614,62.36,-12.575
728.862,62.36,-12.001
734.697,62.26,-11.477
705.528,62.16,-10.835
697.897,62.25,-10.837
606.614,62.28,-10.297
532.434,62.31,-9.031
516.723,62.31,-10.009
323.987,62.485,-7.5449
236.726,62.66,-5.7588
181.039,62.57,-4.6641
112.81,62.55,-3.0422
104.729,62.53,-3.09
16.9387,62.53,3.4232
-13.3367,62.67,6.3748
-45.5995,62.81,9.4662
-45.7128,63.1,9.3231
-45.4956,63.055,9.3705
-48.71,63.01,9.3642
-51.0182,63.01,9.3754
-53.8428,62.995,9.3447
-45.1195,62.98,9.311
-39.991,62.87,9.3101
-42.7237,62.765,9.3816
-38.8411,62.66,9.3386
-40.6757,62.66,9.2867
-43.9816,62.615,9.2724
-43.7236,62.57,9.2683
-43.4887,62.84,9.2683
-42.7389,62.865,9.2819
-40.8413,62.89,9.2867
-38.4758,62.89,9.2867
-35.905,62.905,9.2867
-30.1506,62.92,9.2724
-27.9626,63.07,9.2903
-31.653,63.115,9.2867
-23.9599,63.16,9.2779
-18.515,63.16,9.272
-3.38024,63.225,7.6939
101.239,63.29,-1.2905
105.699,63.36,-1.3856
118.632,63.28,-1.7215
243.395,63.2,-8.3922
463.892,63.2,-12.112
280.615,63.205,-8.9541
160.457,63.21,-6.2076
261.133,63.23,-9.2858
494.329,63.1,-13.476
525.987,62.97,-12.787
472.686,62.97,-11.817
467.036,63.02,-11.456
596.578,63.07,-11.508
454.912,63.16,-11.141
610.587,63.325,-12.036
291.08,63.49,-7.0056
487.199,63.49,-11.958
99.6508,63.645,-0.7762
111.792,63.8,-5.6891
388.896,63.81,-13.116
195.508,63.835,-6.4326
92.9897,63.86,-0.37394
59.7883,63.86,0.61923
-16.6636,64,7.2745
-27.0027,64.14,9.1094
-34.8554,64.13,9.122
-37.065,64.115,9.1387
-37.3875,64.1,9.1136
-42.3702,64.1,9.0794
-42.7222,64.035,9.0616
-43.2811,63.97,9.0789
-44.134,63.92,9.0863
-44.5916,63.88,9.1323
-44.6181,63.84,9.1091
-43.7347,63.84,9.121
-45.3354,63.86,9.086
-43.4497,63.88,9.081
-47.0606,64.16,9.0167
-47.9145,64.185,8.9812
-49.2096,64.21,8.9629
-50.3996,64.21,8.9945
-50.732,64.32,8.9694
-49.9297,64.43,8.9787
-50.1893,64.66,9.0582
-46.9537,64.795,9.595
-41.243,64.93,10.046
-31.894,64.93,9.69
1.97225,64.995,7.4724
71.5719,65.06,-2.0704
103.12,64.97,-6.2016
236.221,64.99,-9.2389
332.125,65.01,-9.5223
401.042,65.01,-11.377
478.016,64.995,-13.066
550.824,64.98,-13.17
626.764,64.87,-12.947
643.362,64.805,-12.693
523.763,64.74,-12.527
400.455,64.74,-9.5283
553.129,64.665,-12.306
393.106,64.59,-9.2536
674.313,64.81,-13.043
353.605,64.91,-8.4484
310.094,65.01,-7.4177
482.863,65.01,-11.618
446.547,65.135,-10.496
331.458,65.26,-8.403
97.5334,65.23,-1.6534
202.131,65.285,-8.4853
63.4131,65.34,-1.5994
27.673,65.34,0.68012
-28.4678,65.42,7.603
-46.6264,65.5,8.85
-51.6259,65.57,8.9168
-52.4321,65.555,8.9854
-51.0954,65.54,9.53
-48.0115,65.54,9.6661
-45.438,65.575,9.6038
-44.2407,65.61,10.246
-38.7693,65.46,10.649
-38.257,65.455,10.388
-41.5938,65.45,10.296
-39.5107,65.45,10.566
-35.8053,65.495,10.518
-31.5696,65.54,10.558
-11.8994,65.61,10.331
-17.9279,65.63,10.391
-9.4928,65.65,10.395
-34.7959,65.65,10.391
-34.6324,65.665,10.427
-35.6214,65.68,10.391
-34.4778,65.79,10.439
-34.7271,65.98,10.474
-34.7465,66.17,10.473
-24.9789,66.17,10.4
14.3332,66.18,6.3063
113.508,66.19,-2.9031
87.145,66.14,-1.4979
210.198,66.205,-8.4445
294.249,66.27,-8.756
384.767,66.27,-9.9012
488.295,66.27,-12.549
533.184,66.27,-12.39
528.584,66.18,-12.207
649.19,66.2,-12.329
687.945,66.22,-13.018
667.223,66.22,-13.142
626.114,66.17,-12.155
701.626,66.12,-12.909
508.131,66.3,-11.669
616.381,66.14,-11.887
601.24,65.98,-11.915
502.926,65.98,-11.631
434.301,66.075,-10.354
354.107,66.17,-9.0299
262.675,66.41,-7.1039
134.245,66.53,-5.1099
82.4275,66.65,-3.1184
25.966,66.65,0.53791
-33.0699,66.675,8.1068
-40.6178,66.7,9.1552
-20.7862,66.7,9.0304
-38.7106,66.695,8.9765
-29.0135,66.69,8.9337
-28.9277,66.69,8.9168
-28.2735,66.75,8.9125
-28.9789,66.81,8.9467
-27.378,66.87,8.9403
-21.2234,66.805,8.8851
-23.3154,66.74,8.8745
-24.7927,66.74,8.8832
-25.548,66.775,8.816
-24.678,66.81,8.8158
-20.5518,66.68,8.7985
-19.1728,66.83,8.8932
-21.7557,66.98,9.0295
-21.7491,66.98,9.5783
-20.5061,67.045,9.5911
-20.6777,67.11,9.5191
-24.2708,67.35,9.4814
-25.1234,67.505,9.5033
-23.2417,67.66,10.18
-15.2605,67.66,10.18
23.0501,67.68,5.686
85.5186,67.7,-0.74418
150.573,67.78,-5.3083
247.92,67.72,-9.2355
205.32,67.66,-6.4667
351.82,67.66,-8.5591
456.586,67.755,-11.635
318.277,67.85,-7.9933
645.283,67.81,-12.699
621.557,67.85,-11.943
443.912,67.89,-10.788
426.016,67.89,-10.736
530.117,67.93,-9.8605
776.913,67.97,-11.495
756.154,67.88,-12.099
382.175,67.945,-9.1547
160.108,68.01,-4.5452
329.709,68.01,-7.3241
212.905,68.135,-7.0469
105.073,68.26,-2.2188
222.682,66.54,-8.4696
89.0104,64.595,-0.87318
22.0566,62.65,5.9402
-29.9373,62.65,8.752
3.47459,62.555,8.919
-12.2871,62.46,8.9989
-24.9518,62.23,9.0067
-22.0432,62.085,8.962
-18.2686,61.94,8.938
-22.1799,61.94,8.9419
-28.3969,62.015,8.8535
-18.3005,62.09,8.9545
-28.0368,62.05,9.1284
-27.3224,62.025,9.1317
-26.487,62,9.3297
-25.1487,62,9.6752
-24.0817,62.03,9.6544
-21.7686,62.06,9.7392
-21.8241,62.25,9.9949
-14.7258,62.32,9.8596
-13.7283,62.39,9.8596
-21.4482,62.39,10.168
-22.5558,62.525,9.8596
-15.0673,62.66,9.9258
-1.50454,62.65,9.8405
0.583556,62.7,9.2236
3.77025,62.75,9.2032
5.73516,62.75,8.8821
21.0669,62.795,8.297
45.676,62.84,7.0489
92.3711,62.93,2.8409
175.776,62.965,-4.4357
86.684,63,-3.4013
116.918,63,-5.332
319.7,63.01,-10.023
590.418,63.02,-11.471
517.512,63.08,-12.104
609.051,63.095,-11.368
701.864,63.11,-12.105
269.59,63.11,-7.9432
415.292,63.075,-9.1496
477.585,63.04,-11.233
213.879,62.78,-6.5312
324.945,61.705,-7.3702
368.041,60.63,-7.9344
23.7342,60.63,2.3111
216.084,60.46,-8.9391
389.655,60.29,-10.364
284.051,59.85,-9.0459
197.134,59.78,-6.6715
103.288,59.71,-1.6811
33.223,59.71,2.2025
-18.1628,59.735,7.7443
-35.7248,59.76,9.4158
-35.8409,59.82,9.4838
-36.0537,59.74,9.4032
-35.9602,59.66,9.4216
-35.281,59.66,9.3257
-36.2409,59.74,9.3211
-34.7948,59.82,9.2586
-32.8598,59.81,9.379
-32.4921,59.83,9.4771
-32.6639,59.85,9.4563
-33.3648,59.85,9.4771
-34.4569,59.81,9.3403
-33.2528,59.77,9.3028
-36.7464,59.83,9.206
-37.5218,59.835,9.0821
-36.9338,59.84,8.9356
-34.6542,59.84,8.9109
-33.5634,59.895,8.9283
-32.7873,59.95,8.9372
-30.6849,60.15,8.9372
-32.8391,60.195,8.9218
-33.1846,60.24,8.9375
-27.2495,60.24,8.912
8.96126,60.3,5.4506
72.1162,60.36,-0.95452
97.5722,60.36,-5.0893
248.528,60.395,-8.6759
346.268,60.43,-6.5543
439.877,60.43,-10.128
521.297,60.485,-12.234
587.707,60.54,-11.51
657.451,60.78,-11.569
637.125,60.77,-10.753
761.802,60.76,-11.278
719.749,60.76,-11.412
754.318,60.795,-10.941
681.058,60.83,-10.967
613.879,61.11,-9.3773
556.095,61.135,-9.3182
643.069,61.16,-9.3056
516.023,61.16,-9.1479
475.519,61.2,-7.2706
387.711,61.24,-6.6107
279.447,61.46,-5.9356
180.075,61.475,-5.2209
89.4436,61.49,-1.8414
17.2121,61.49,2.1682
-29.7981,61.525,7.448
-50.2692,61.56,9.5302
-53.096,61.7,9.5545
-50.7193,61.675,9.4763
-51.7597,61.65,9.3836
-52.4105,61.65,9.3994
-53.9217,61.645,9.2224
-52.8697,61.64,9.4138
-50.0325,61.73,9.3297
-48.0603,61.76,9.4031
-46.5418,61.79,9.2656
-46.3998,61.79,9.2558
-45.6284,61.765,9.1647
-42.7579,61.74,9.1204
-42.9354,61.93,9.1011
-40.3099,61.92,9.0769
-38.7125,61.91,9.0981
-38.9586,61.91,9.1583
-38.8608,61.915,9.0765
-38.1633,61.92,9.0008
-33.4665,62.17,8.9987
-33.9587,62.22,9.0549
-32.8735,62.27,9.1108
-25.3474,62.27,9.0918
5.68861,62.42,7.2472
66.2535,62.57,-0.27359
147.995,62.46,-4.8399
244.977,62.475,-8.137
339.134,62.49,-7.0266
430.001,62.49,-10.436
504.256,62.49,-12.062
574.792,62.49,-12.783
634.984,62.54,-12.128
662.347,62.385,-12.101
726.787,62.23,-11.101
733.078,62.23,-10.669
759.314,62.31,-10.447
552.62,62.39,-9.7211
584.877,62.69,-10.593
538.941,62.665,-9.3642
563.647,62.64,-9.4345
442.694,62.64,-7.9869
385.877,62.845,-7.5851
214.481,63.05,-5.2209
141.129,62.91,-1.5137
123.942,63.005,-2.9064
60.4462,63.1,-1
10.4678,63.1,2.641
-31.1733,63.15,6.5422
-45.8102,63.2,8.8492
-44.4634,63.23,9.2808
-42.9516,63.23,9.2708
-40.4087,63.23,9.1181
-37.5777,63.23,9.1159
-35.0624,63.25,9.3056
-31.9974,63.27,9.3488
-31.1958,63.36,9.7541
-30.5066,63.33,9.9419
-30.8337,63.3,9.9099
-30.7143,63.3,10.036
-32.1306,63.295,10.152
-30.3033,63.29,10.207
-26.3308,63.34,10.108
-21.027,63.45,10.207
-19.0087,63.56,10.207
-20.3679,63.56,10.061
-21.9859,63.67,10.061
-25.1341,63.78,10.207
-25.1698,63.87,9.6556
-28.7793,63.87,9.3559
-36.0575,63.87,9.5013
-31.0911,63.87,9.3726
4.20988,63.935,6.2658
60.2605,64,-0.88803
67.9394,64.07,-4.6448
218.681,64.09,-7.0168
311.314,64.11,-7.4396
393.321,64.11,-9.1236
465.884,64.075,-10.967
536.903,64.04,-11.536
587.66,63.93,-11.523
630.616,63.965,-12.352
652.777,64,-12.811
639.507,64,-12.603
709.343,64.06,-12.488
660.353,64.12,-13.013
440.495,64.27,-9.8869
575.049,64.25,-12.414
580.569,64.23,-12.193
369.181,64.23,-8.9431
314.256,64.345,-7.272
235.764,64.46,-5.5661
155.917,64.21,-4.4097
140.765,64.31,-4.2803
16.5089,64.41,2.2159
0.3135,64.41,3.2896
-43.8487,64.54,9.0478
-50.5254,64.67,10.07
-47.8258,64.58,10.06
-42.9819,64.69,10.196
-39.6752,64.8,10.188
-39.2386,64.8,10.163
-35.2436,64.765,10.061
-33.6919,64.73,10.083
-25.6216,64.84,10.31
-34.5777,64.87,10.311
-14.3241,64.9,10.276
-8.80824,64.9,10.109
-23.9058,64.905,10.05
-23.259,64.91,10.023
-27.7755,64.91,9.9884
-27.2533,64.905,10.026
-15.044,64.9,10.143
-35.3191,64.9,10.207
-42.2194,64.885,10.373
-39.6274,64.87,10.432
-39.8838,65.07,10.181
-36.3491,65.18,10.167
-33.7683,65.29,10.358
-33.332,65.29,10.379
-8.61008,65.35,10.344
14.4406,65.41,4.5155
164.433,65.42,-4.9473
252.035,65.4,-8.6852
325.175,65.38,-9.707
373.737,65.38,-9.4553
484.445,65.48,-10.82
553.991,65.58,-11.364
604.196,65.56,-11.024
571.954,65.475,-11.094
670.743,65.39,-12.582
694.279,65.39,-12.716
546.607,65.33,-11.01
719.407,65.27,-13.163
513.988,65.46,-11.626
537.931,65.53,-10.817
554.421,65.6,-11.479
456.962,65.6,-12.202
415.13,65.715,-11.169
328.916,65.83,-9.1508
244.735,65.85,-6.8952
143.771,65.86,-5.3486
44.878,65.87,-3.3023
-12.0848,65.87,2.4212
-41.1826,65.915,11.444
-61.7589,65.96,10.391
-53.9204,66.05,10.015
-48.7433,65.98,9.4398
-43.194,65.91,9.4022
-39.29,65.91,9.4398
-36.2897,66.03,9.4312
-35.138,66.15,9.4312
-35.9434,65.98,9.4312
-34.4127,66.045,9.4312
-33.3341,66.11,10.262
-32.4519,66.11,9.4312
-32.6535,66.175,10.312
-31.8722,66.24,9.4312
-29.9487,66.18,9.4312
-28.3266,66.175,9.4312
-26.8047,66.17,9.4312
-25.6991,66.17,9.4312
-25.9021,66.32,9.4312
-21.8285,66.47,9.4312
-27.0614,66.54,9.4312
-25.0531,66.69,9.4312
-24.2657,66.84,9.4398
-23.2835,66.84,9.4398
11.9071,66.84,8.8429
67.585,66.84,-0.87532
133.037,67.12,-3.718
198.31,67.01,-6.8006
262.352,66.9,-8.6944
355.47,66.9,-9.4426
383.267,66.9,-9.5974
474.353,66.9,-9.5789
539.332,66.57,-9.563
472.885,66.57,-9.8646
453.766,66.57,-9.4168
392.345,66.57,-9.6683
596.835,66.6,-9.2163
497.414,66.63,-10.5
343.469,66.77,-8.8235
318.87,66.765,-8.1952
359.356,66.76,-9.6208
417.748,66.76,-9.5169
130.931,66.835,-4.2125
160.853,66.91,-5.8465
114.164,67.1,-3.6372
77.9187,67.175,-2.0972
52.2101,67.25,-0.029421
-9.9649,67.25,7.2918
-25.9102,67.345,9.8865
-36.2756,67.44,9.8438
-43.6887,67.36,9.8674
-42.0767,67.42,9.8253
-35.9528,67.48,9.8264
-23.9788,67.48,9.7184
-23.0004,67.47,9.8608
-18.3953,67.46,10.035
-23.1103,67.5,9.9051
-26.5694,67.465,9.7902
-28.9395,67.43,9.7902
-29.5372,67.43,9.9283
-15.0633,67.39,9.7902
-31.9171,67.35,9.376
-29.4147,67.54,9.3929
-25.3308,67.485,9.592
-18.2038,67.43,9.3607
-9.85171,67.43,9.3607
-15.2897,67.62,9.2858
-13.3624,67.81,9.5445
-11.5104,68.07,10.133
-15.381,67.995,9.9235
-16.9893,67.92,10.103
4.56652,67.92,10.233
13.1541,68.07,9.7225
40.1403,68.22,3.6201
77.1653,68.11,0.34242
203.55,68.045,-5.989
249.957,67.98,-6.9979
192.275,67.98,-5.0861
226.219,67.99,-6.4853
531.347,68,-10.55
392.659,67.67,-10.057
234.174,67.725,-6.8456
192.162,67.78,-5.5658
114.011,67.78,-2.6981
4.32986,67.84,4.253
23.9186,67.9,5.506
23.5562,67.94,4.0905
76.4089,68.035,-2.5337
84.3186,68.13,-2.5664
98.2675,68.13,-3.1588
45.8956,68.12,1.1799
32.6829,68.11,2.7801
3.21129,67.99,7.4128
-2.33484,68,8.6902
-0.761885,68.01,8.7078
-15.8803,68.01,10.134
-24.3918,68.065,10.213
-24.2296,68.12,10.237
-24.6314,68.19,10.293
-22.2385,68.14,10.286
-22.0897,68.09,10.245
-24.1973,68.09,10.293
-23.4601,68.18,10.34
-27.9115,68.27,10.32
-31.2872,68.17,10.296
-27.7756,68.185,10.293
-19.5469,68.2,10.286
-11.1149,68.2,10.239
-12.5757,68.16,10.237
-16.578,68.12,10.234
-16.2599,68.28,10.234
-21.5622,68.265,10.234
-21.4132,68.25,10.251
-28.8485,68.25,10.234
-17.5638,68.34,10.251
-16.8437,68.43,10.181
-16.5537,68.34,10.177
-7.14293,68.415,10.176
-9.21457,68.49,10.181
-16.6726,68.49,10.211
-4.69148,68.475,10.091
64.0083,68.46,2.0382
119.897,68.65,-3.5806
32.1781,68.715,1.2115
86.7054,68.78,-1.8326
115.527,68.78,-2.3607
158.162,68.545,-3.6845
242.805,68.31,-6.5667
221.668,68.62,-5.5835
59.9945,68.45,-2.6998
149.124,68.28,-4.1774
69.7007,68.28,-0.89181
196.321,68.33,-6.109
135.875,68.38,-2.6416
146.498,68.54,-3.6337
147.572,68.615,-3.8354
150.571,68.69,-3.8283
91.9711,68.69,-3.6414
126.019,68.72,-6.6186
161.546,68.75,-6.2408
139.876,68.62,-3.877
127.941,68.6,-3.0982
58.9104,68.58,3.4875
0.931109,68.58,8.0273
-25.9186,68.705,10.008
-33.0638,68.83,10.05
-28.9538,68.72,10.122
-29.4451,68.685,10.181
-28.5744,68.65,10.251
-27.9768,68.65,10.244
-24.0727,68.785,10.234
-24.4427,68.92,10.234
-23.6593,68.7,10.251
-23.7505,68.765,10.181
-23.8395,68.83,10.176
-21.9823,68.83,10.083
-17.3681,68.765,10.026
-24.5902,68.7,9.984
-21.3012,68.71,10.016
-15.6726,68.67,10.077
-22.1883,68.63,10.237
-14.1008,68.63,10.239
-5.50823,68.715,10.22
-13.7367,68.8,10.184
-19.4114,69,10.16
-19.238,69.03,10.203
-5.72118,69.06,10.18
-2.81374,69.06,10.218
-1.68482,69.11,10.092
5.84913,69.16,10.056
18.7914,69.11,9.5046
45.6893,69.01,5.4191
66.8103,68.91,3.1881
45.8644,68.91,5.3768
22.9986,68.89,7.0608
27.1946,68.87,5.241
15.5456,69.17,5.1757
57.7352,69.04,1.2347
88.5771,68.91,-2.6354
38.2706,68.91,2.2615
35.0462,68.85,2.3088
39.7514,68.79,0.93113
39.1796,68.78,1.0574
57.4111,68.875,-1.3833
51.2026,68.97,-1.392
38.381,68.97,0.15103
56.3922,68.92,-0.76383
65.7662,68.87,-1.1037
71.2784,69.06,-0.4607
35.5024,69.005,5.347
18.615,68.95,7.8606
-8.3291,68.95,9.5233
-24.9512,68.99,10.056
-30.4338,69.03,10.11
-30.5433,68.99,10.144
-30.6634,69,10.144
-30.3764,69.01,10.165
-28.2499,69.01,10.159
-26.9728,69.045,10.093
-30.6372,69.08,10.139
-29.2413,68.94,10.142
-29.9576,68.98,10.065
-29.9785,69.02,10.142
-25.6713,69.02,10.108
-5.13918,68.99,10.163
0.965537,68.96,10.162
0.937819,69.1,10.155
-0.515763,69.085,10.104
-1.21004,69.07,10.086
-0.839294,69.07,10.104
-4.84522,69.195,10.105
-11.8494,69.32,10.157
-2.92541,69.3,10.191
-5.10655,69.36,10.263
-5.32186,69.42,10.267
-1.63715,69.42,10.262
18.5696,69.375,9.6664
58.5479,69.33,3.3128
79.2275,69.37,2.2162
91.3811,69.305,0.38732
98.7468,69.24,-3.2703
76.5642,69.24,-3.5035
272.403,69.2,-7.8877
421.742,69.16,-10.133
645.837,69.25,-7.9831
424.125,69.145,-9.5279
652.54,69.04,-7.6985
731.982,69.04,-11.481
731.559,69.18,-11.481
697.125,69.32,-11.861
292.462,69.28,-7.7476
121.473,69.305,-3.3971
100.557,69.33,-2.2025
54.9347,69.33,2.878
112.28,69.38,-2.5751
149.364,69.43,-3.9192
101.013,69.33,-1.7928
78.0469,69.31,0.44258
49.7482,69.29,3.704
-36.2367,69.29,10.331
-9.34676,69.28,10.336
-17.7951,69.27,10.288
-13.7494,69.08,10.273
-26.03,69.13,10.311
-20.5102,69.18,10.348
-31.842,69.18,10.368
-31.4803,69.015,10.493
-14.7477,68.85,10.464
-20.261,68.7,10.458
-5.27891,68.715,10.489
-10.325,68.73,10.458
-27.3715,68.73,10.473
-34.0542,68.675,10.472
-34.4194,68.62,10.501
-23.5392,68.62,10.458
-13.0066,68.62,10.458
-9.11846,68.62,10.458
-2.81526,68.62,10.472
-4.37943,68.595,10.5
-3.68857,68.57,10.5
-5.65318,68.63,10.452
-13.0655,68.605,10.41
-14.6447,68.58,10.423
-14.8051,68.58,10.371
-10.9997,68.585,10.197
-4.70146,68.59,9.5541
11.8506,68.65,7.8931
-2.83213,68.7,3.2585
25.2036,68.75,-2.4064
45.0483,68.75,-2.7753
121.295,68.65,-4.1881
206.844,68.55,-5.8086
150.11,68.56,-3.3947
269.439,68.53,-7.3801
293.291,68.5,-8.331
341.303,68.5,-10.042
412.772,68.495,-10.28
494.119,68.49,-10.306
343.04,68.31,-10.132
311.132,68.36,-9.0214
324.51,68.41,-10.294
279.517,68.41,-8.8615
269.527,68.41,-9.1146
284.514,68.41,-10.225
160.906,68.47,-4.7258
88.9633,68.545,-1.8995
26.8324,68.62,6.901
-1.89077,68.62,9.415
-38.5905,68.715,10.071
-45.3323,68.81,10.092
-45.4322,68.62,10.127
-44.788,68.645,10.044
-32.0029,68.67,9.9958
-41.7168,68.67,9.9335
-45.0949,68.7,9.9287
-44.7173,68.73,9.9237
-43.3195,68.74,9.9675
-42.4719,68.665,9.8084
-37.7127,68.59,9.8208
-37.8278,68.59,9.8257
-35.8178,68.675,9.9932
-35.3876,68.76,10.011
-34.5698,68.78,10.179
-32.233,68.98,10.262
-26.3742,69.18,10.208
-17.3677,69.18,10.174
-26.5754,69.16,10.244
-16.4275,69.14,10.267
-3.7307,69.35,10.341
-5.87981,69.335,10.369
-11.1526,69.32,10.441
-22.3631,69.32,10.515
13.6649,69.33,9.68
35.7813,69.34,6.6615
72.0711,69.39,-0.66865
106.623,69.44,0.1407
173.319,69.49,-3.428
204.266,69.49,-3.8882
246.11,69.43,-6.16
282.412,69.37,-7.4617
322.676,69.27,-8.8074
387.499,69.225,-10.109
617.61,69.18,-7.9831
596.398,69.18,-9.0064
507.089,69.24,-9.3606
478.255,69.3,-8.8335
746.241,69.25,-11.285
606.284,69.345,-8.0459
496.652,69.44,-10.165
462.654,69.44,-9.1064
432.308,69.605,-9.0872
276.547,69.77,-9.0337
190.843,69.45,-6.3892
120.498,69.545,-3.8239
58.727,69.64,1.5945
17.0158,69.64,8.0293
-6.24484,69.7,10.269
-14.0971,69.76,10.247
-9.27497,69.93,10.293
-8.08809,69.785,10.286
-8.12955,69.64,10.371
-9.33642,69.64,10.427
-7.05159,69.685,10.381
-8.30385,69.73,10.438
-6.34856,69.62,10.438
-9.2042,69.67,10.469
-16.0675,69.72,10.458
-6.24491,69.72,10.49
-9.45301,69.81,10.458
-9.74597,69.9,10.49
-6.34347,69.9,10.458
-26.4779,69.92,10.451
-29.1106,69.94,10.45
-13.7546,69.94,10.513
-10.4068,69.97,10.473
-7.27534,70,10.446
-4.0961,70.03,10.512
-4.26014,70.09,10.51
-4.1862,70.15,10.51
-6.19122,70.15,10.5
1.48967,70.175,9.68
29.9637,70.2,5.9709
105.069,70.32,-2.3736
215.64,70.33,-6.6488
285.609,70.34,-8.8567
377.356,70.34,-10.465
418.864,70.28,-9.6929
454.675,70.22,-9.0397
435.449,70.27,-9.2445
543.301,70.16,-11.452
457.967,70.05,-8.9828
255.277,70.05,-7.4024
284.059,70.16,-8.1395
244.676,70.27,-6.9976
507.683,70.21,-12.383
411.433,70.225,-10.388
225.063,70.24,-7.0073
158.799,70.24,-4.8215
33.7111,70.29,1.7705
17.0103,70.34,3.1285
60.6028,70.33,1.687
24.0396,70.405,6.3408
13.4952,70.48,8.9685
-1.91796,70.48,10.415
-10.6714,70.58,10.538
-17.7474,70.68,10.508
-18.116,70.61,10.535
-18.8754,70.57,9.8609
-20.9325,70.53,10.486
-26.687,70.53,10.433
-22.8284,70.55,10.327
-38.841,70.57,10.534
-51.8815,70.47,10.365
-51.5434,70.54,10.204
-51.2015,70.61,10.218
-50.2102,70.61,10.218
-50.3189,70.515,10.229
-48.0657,70.42,10.248
-54.0703,70.64,10.127
-56.6019,70.65,10.127
-57.2388,70.66,10.138
-57.4532,70.66,10.127
-57.5923,70.625,10.038
-58.3998,70.59,10.127
-62.8073,70.73,10.044
-60.9095,70.845,10.038
-61.6747,70.96,10.038
-60.4772,70.96,10.127
-34.6881,71.01,8.9015
25.093,71.06,-0.40901
106.24,71.15,-4.3415
197.396,71.13,-8.2806
289.211,71.11,-9.8605
375.528,71.11,-10.162
441.569,71.01,-10.753
490.075,70.91,-11.284
453.381,70.99,-10.753
506.161,70.885,-11.639
574.582,70.78,-11.456
466.016,70.78,-11.13
554.462,70.85,-11.456
578.381,70.92,-11.456
572.034,71.16,-11.945
439.907,71.16,-10.753
329.329,71.16,-10.986
267.709,71.16,-9.4971
214.082,71.105,-8.2193
256.743,71.05,-9.8329
175.65,71.1,-7.6614
100.67,71.1,-2.5211
24.4181,71.1,-1.246
-30.9367,71.1,7.6968
-62.442,71.115,10.038
-60.3398,71.13,10.024
-56.8915,71.24,10.012
-55.9891,71.205,9.9212
-51.585,71.17,9.7974
-51.2957,71.17,10.025
-46.7145,71.2,10.014
-45.4746,71.23,9.9491
-43.3734,71.29,9.9339
-40.7726,71.255,9.7252
-38.5268,71.22,9.7221
-38.5758,71.22,9.6829
-35.1769,71.29,9.5068
-32.8688,71.36,9.7686
-33.2548,71.37,10.024
-40.5293,71.365,9.7688
-42.9665,71.36,10.02
-38.1836,71.36,9.7982
-35.2041,71.435,9.752
-32.1977,71.51,9.7221
-31.4454,71.69,9.746
-30.5804,71.785,9.7393
-28.0087,71.88,9.746
-20.8031,71.88,9.9491
25.9686,71.8,10.119
39.6428,71.72,5.0655
81.9462,71.84,-1.8998
120.427,71.83,-3.2389
206.061,71.82,-7.8452
300.888,71.82,-10.235
320.234,71.86,-10.453
337.672,71.9,-10.652
516.179,71.82,-11.639
303.944,71.775,-9.3603
374.178,71.73,-11.671
358.672,71.73,-11.553
369.125,71.695,-11.872
358.321,71.66,-11.443
177.958,71.68,-5.7964
360.201,71.775,-11.756
362.631,71.87,-11.439
183.498,71.87,-6.0887
225.991,71.86,-7.5514
134.969,71.85,-3.9004
127.937,71.84,-4.4928
73.8237,71.835,-0.16751
24.7331,71.83,5.4425
-20.4555,71.83,8.1802
-44.4025,71.935,10.635
-40.6956,72.04,10.537
-37.6493,71.89,10.537
-37.3975,71.96,10.642
-37.8071,72.03,10.537
-32.1712,72.03,10.441
-30.5202,71.955,10.497
-31.3846,71.88,10.497
-31.0935,71.86,10.441
-28.452,71.87,10.256
-25.2189,71.88,10.319
-29.4556,71.88,10.497
-30.0206,71.855,10.537
-30.1578,71.83,10.441
-29.6013,72.08,10.395
-20.2656,72.15,10.577
-16.2502,72.22,10.644
-4.82769,72.22,10.649
-5.05525,72.185,10.671
-5.83413,72.15,10.691
-7.21694,72.27,10.735
-13.9234,72.285,10.672
-23.8459,72.3,10.702
-22.1532,72.3,10.744
-13.4281,72.375,10.717
-5.85677,72.45,10.042
4.59573,72.35,9.2292
35.0191,72.4,2.5985
53.4475,72.45,0.32217
84.1225,72.45,-2.8639
68.1506,72.405,-3.272
68.1953,72.36,-3.0712
83.9296,72.46,-3.1936
72.7281,72.195,-3.1759
89.9249,71.93,-3.1936
84.0404,71.93,-3.1936
40.5496,72.07,-2.211
11.8669,72.21,6.5293
49.0361,71.99,2.5954
49.5643,72.08,2.5954
26.8587,72.17,4.1509
28.6462,72.17,6.421
25.3562,72.17,5.811
20.3378,72.17,8.0082
3.89085,70.93,10.243
-1.86811,70.11,11.26
-6.43152,69.29,11.382
-8.28951,69.29,11.369
-9.66465,68.635,11.369
-7.40156,67.98,11.386
-14.8111,66.96,11.337
-10.21,64.7,11.406
-8.77524,62.44,11.34
-7.7983,62.44,11.319
-6.10997,61.305,11.226
-6.96271,60.17,11.116
-9.46738,59.08,11.093
-8.24753,53.87,11.147
-7.20871,48.66,11.122
-5.40509,48.66,11.192
-4.77454,47.875,11.203
-6.91861,47.09,11.232
-6.53187,46.88,11.191
-8.18225,46.8,11.278
-13.2115,46.72,11.043
-10.4404,46.72,10.911
-14.9816,46.635,11.169
-29.5463,46.55,11.101
-24.6155,46.22,11.101
-14.7824,46.27,11.09
-6.94904,46.32,11.032
-21.7788,46.32,10.765
-9.00944,46.185,10.67
6.85385,46.05,8.4507
14.707,46.33,6.7841
15.4466,46.25,6.5246
67.3601,46.17,-0.96475
109.357,46.17,-4.4647
79.5781,46.17,-3.7509
66.4572,46.17,-3.2409
12.8769,46.18,3.8222
32.1462,46.14,2.1374
75.5877,46.1,-3.1199
87.7368,46.1,-3.834
80.0374,46.085,-3.4613
120.963,46.07,-5.2168
99.3251,46.11,-3.909
93.955,46.2,-3.6151
79.7757,46.29,-3.7938
104.131,46.29,-3.7859
160.523,46.295,-7.0522
116.171,46.3,-3.5776
100.078,46.45,-1.5381
62.0103,46.405,1.7096
44.2156,46.36,4.4924
-0.214996,46.36,10.553
-13.6168,46.385,10.621
-10.5337,46.41,10.633
-14.3573,46.52,10.528
-37.2918,46.5,10.464
-32.8571,46.48,10.528
-13.0365,46.48,10.529
-20.9389,46.48,10.688
-39.3619,46.48,10.593
-23.4753,46.56,10.612
-39.1969,46.63,10.395
-41.3741,46.7,10.371
-42.8666,46.7,10.367
-43.2264,46.7,10.281
-38.6947,46.7,10.264
-36.9954,46.91,10.281
-39.8375,46.925,10.201
-36.3834,46.94,10.23
-22.6217,46.94,10.23
-12.8051,46.945,10.23
-24.3319,46.95,10.253
-35.5886,47.16,10.45
-43.2341,47.155,10.501
-42.6006,47.15,10.942
-47.7661,47.15,10.965
-27.3932,47.275,11.04
28.028,47.4,3.3277
56.9307,47.71,0.59929
70.8435,47.76,-0.7695
101.869,47.81,-3.309
126.735,47.81,-4.6172
147.618,47.85,-5.5126
233.904,47.89,-9.3967
342.714,47.98,-10.515
423.635,47.93,-11.771
419.041,47.88,-11.849
561.653,47.88,-12.972
424.307,47.985,-11.861
272.21,48.09,-9.4833
200.761,48.38,-8.436
282.193,48.3,-9.5949
243.398,48.22,-9.3716
205.477,48.22,-8.7875
170.776,48.225,-6.5276
131.902,48.23,-5.2328
79.909,48.39,-2.4412
35.6378,48.435,5.4914
-0.0933,48.48,9.7867
-20.557,48.48,11.038
-37.4833,48.55,11.04
-50.0534,48.62,10.975
-40.9548,48.66,11.004
-44.8288,48.695,11.004
-42.0593,48.73,11.016
-37.7317,48.73,11.013
-39.6351,48.76,10.475
-42.5606,48.79,10.285
-40.8178,48.75,10.285
-41.7352,48.705,10.489
-39.806,48.66,10.369
-47.4555,48.66,10.245
-46.0218,48.795,10.224
-48.2923,48.93,10.365
-40.112,49.06,10.37
-48.1481,49.13,10.489
-48.6377,49.2,11.013
-56.1772,49.2,11.004
-38.3074,49.2,11.016
-47.8515,49.2,11.004
-61.7467,49.43,10.285
-62.294,49.42,10.369
-52.9203,49.41,10.659
-47.6844,49.41,11.016
-31.6414,49.57,10.683
-18.2214,49.73,7.751
113.915,49.77,-5.5126
214.718,49.76,-9.7607
239.81,49.75,-9.6135
337.712,49.75,-10.562
327.151,49.76,-10.674
331.063,49.77,-10.402
367.702,49.94,-10.914
383.38,49.98,-11.649
351.263,50.02,-10.394
612.361,50.02,-13.283
567.423,50.03,-12.844
486.445,50.04,-12.156
392.305,50.05,-11.801
397.404,50.21,-11.805
199.313,50.37,-8.6817
285.413,50.37,-9.8793
295.914,50.385,-10.63
331.663,50.4,-11.495
187.911,50.43,-9.2559
58.6682,50.48,-5.1345
6.38087,50.53,-2.742
-48.1035,50.53,8.4729
-71.6031,50.61,10.595
-75.9467,50.69,10.71
-74.6482,50.6,10.736
-72.9499,50.605,10.71
-73.3649,50.61,10.892
-76.7328,50.61,10.185
-74.8471,50.71,10.209
-69.9719,50.81,10.209
-68.2406,50.72,10.101
-66.8438,50.705,10.047
-66.6711,50.69,10.209
-66.8549,50.69,10.047
-64.7624,50.715,9.9895
-60.5158,50.74,9.5709
-60.9569,50.98,9.6277
-65.1619,51.02,10.028
-77.9592,51.06,10.017
-70.2716,51.06,10.038
-43.0803,51.005,10.053
-45.7505,50.95,10.047
-48.2491,51.38,10.047
-53.534,51.41,10.16
-49.0387,51.44,10.371
-27.1709,51.44,10.461
-12.6396,51.46,10.976
14.2184,51.48,6.5516
52.6905,51.48,3.5598
71.8025,51.53,0.5092
117.268,51.58,-3.337
133.462,51.58,-4.3699
172.805,51.555,-5.9534
220.295,51.53,-8.1785
202.185,51.6,-7.6753
167.984,51.63,-5.9534
172.081,51.66,-6.4465
296.597,51.66,-9.6805
353.354,51.625,-10.562
361.899,51.59,-10.636
229.573,51.76,-8.9697
323.699,51.765,-10.551
143.593,51.77,-5.1983
253.821,51.77,-9.2092
173.637,51.76,-6.4688
142.933,51.75,-6.4122
232.688,51.85,-9.2531
61.8867,51.875,-2.135
23.9282,51.9,5.5737
-45.366,51.9,10.784
-59.3666,51.89,10.243
-41.5623,51.88,10.209
-20.2351,51.99,10.371
-67.5401,52.025,10.047
-55.1604,52.06,10.038
-19.2789,52.06,10.038
-55.7155,52.125,9.9895
-59.9843,52.19,9.6277
-36.3666,52.34,10.16
-16.2696,52.275,10.349
-30.4598,52.21,10.234
-50.8107,52.21,10.221
-48.3565,52.155,10.101
-70.3235,52.1,10.047
-68.6322,52.31,9.9895
-60.1022,52.335,9.9895
-72.5596,52.36,9.9895
-72.1765,52.36,9.6277
-72.0314,52.455,9.5709
-72.7471,52.55,9.5594
-72.8846,52.67,9.5548
-60.3458,52.71,9.5562
-53.9032,52.75,9.5709
-53.5495,52.75,9.5594
-46.4284,52.815,11.565
6.3226,52.88,2.7485
79.0961,53,-3.5894
174.971,52.98,-8.1138
266.28,52.96,-9.2172
355.452,52.96,-11.409
435.806,52.945,-13.118
503.639,52.93,-12.172
557.98,52.81,-12.622
610.562,52.775,-12.687
642.393,52.74,-13.022
660.06,52.74,-13.022
658.827,52.83,-13.09
641.728,52.92,-13.022
611.237,53.16,-12.876
553.656,53.21,-12.619
498.298,53.26,-12.853
428.587,53.26,-12.101
344.479,53.355,-10.987
249.39,53.45,-9.7086
158.389,53.36,-8.2659
68.728,53.49,-5.8156
-5.43,53.62,-2.8912
-55.4488,53.62,9.6117
-70.4732,53.65,9.5207
-64.8218,53.68,9.9961
-59.3499,53.65,13.114
-52.6072,53.705,13.117
-51.6476,53.76,9.1376
-48.2248,53.76,9.3225
-46.4517,53.78,9.1376
-34.909,53.8,9.5564
-30.317,53.78,9.1376
-45.122,53.85,9.1376
-46.9204,53.92,15.319
-44.0606,53.92,9.1376
-42.141,53.91,9.5754
-40.9428,53.9,9.1376
-39.1979,53.89,9.1376
-37.6183,53.965,15.319
-38.32,54.04,15.319
-37.7586,54.04,13.948
-32.2047,54.115,13.117
-26.5152,54.19,9.5707
-21.0576,54.21,9.5707
-28.3051,54.29,9.1376
-36.5295,54.37,9.5707
-30.6249,54.37,9.5707
-2.24359,54.325,8.5184
45.6774,54.28,3.7637
36.207,54.45,3.347
120.082,54.425,-2.6611
129.876,54.4,-3.8215
168.119,54.4,-6.8825
249.617,54.39,-9.8396
254.811,54.38,-9.5329
446.838,54.48,-12.456
627.755,54.305,-13.509
529.033,54.13,-12.683
645.21,54.13,-14.825
450.909,54.305,-11.964
333.309,54.48,-10.588
581.801,54.3,-12.478
595.397,54.465,-13.801
302.505,54.63,-10.362
116.977,54.63,-5.7499
136.04,54.565,-6.1985
215.825,54.5,-9.242
117.318,54.6,-5.769
42.6577,54.68,-1.7456
-1.24901,54.76,4.2378
-47.3388,54.76,10.392
-50.7136,54.755,11.057
-44.4779,54.75,10.291
-29.7391,54.87,10.327
-25.7118,54.925,9.9593
-36.698,54.98,9.9259
-41.7559,54.98,9.424
-42.0733,54.935,9.424
-37.453,54.89,9.7689
-36.4846,54.9,10.611
-39.5476,54.965,10.718
-36.5391,55.03,10.636
-28.8773,55.03,10.625
-9.64179,55.07,10.382
-13.0871,55.11,10.336
-17.2367,55.15,9.9011
-13.3965,55.145,9.6706
-7.69242,55.14,9.822
-7.61063,55.14,9.4116
-8.22429,55.255,9.4765
-8.40918,55.37,9.4811
-9.54473,55.52,9.9259
-11.5676,55.505,9.5216
-15.6729,55.49,9.9437
-11.0023,55.49,10.157
-6.07569,55.51,10.366
9.39749,55.53,11.125
39.7452,55.49,5.5477
58.5635,55.485,1.3245
64.6172,55.48,1.5978
190.648,55.48,-7.0368
115.082,55.475,-4.3532
138.626,55.47,-5.2613
144.124,55.38,-5.1454
392.844,55.46,-10.098
492.985,55.54,-11.835
209.758,55.54,-8.6604
116.054,55.59,-4.5401
238.443,55.64,-9.2365
191.935,55.73,-7.3187
170.661,55.695,-6.5577
229.269,55.66,-8.7562
210.566,55.66,-8.5672
83.5635,55.75,-2.1148
66.815,55.84,0.73253
116.07,55.66,-4.6809
72.6253,55.62,-3.3718
5.32086,55.58,6.1131
-23.5267,55.58,9.8117
-22.8682,55.54,10.177
-23.2127,55.5,10.18
-23.5786,55.67,10.138
-18.8467,55.585,10.62
-15.0868,55.5,10.695
-15.6472,55.5,10.669
-21.2179,55.465,10.603
-26.8883,55.43,10.842
-16.3269,55.66,10.739
-9.79329,55.715,10.662
-10.4994,55.77,10.59
-13.0945,55.77,10.539
-16.4614,55.825,10.539
-7.64464,55.88,10.556
-6.3284,55.82,10.591
-5.36469,55.86,10.663
-8.23811,55.9,10.203
-19.9654,55.9,10.182
-23.2413,55.97,10.115
-25.4387,56.04,10.195
-14.1414,55.85,10.532
-10.1033,55.975,10.525
-10.6274,56.1,10.579
-8.1418,56.1,10.563
-4.22083,56.095,10.524
4.8693,56.09,10.344
13.8164,56.11,10.236
54.5499,56.175,4.313
28.5713,56.24,6.3805
53.0894,56.24,2.2001
53.2244,56.245,0.7835
104.821,56.25,-4.4483
371.648,56.01,-12.151
370.837,56.015,-9.8118
448.518,56.02,-10.727
488.37,56.02,-12.477
574.678,55.99,-11.958
352.697,55.96,-9.8404
273.88,56.27,-8.8317
354.449,56.22,-9.7759
233.431,56.17,-8.7302
167.178,56.17,-6.1557
47.5365,56.165,1.1571
13.7488,56.16,4.902
19.6104,55.82,3.9975
8.97186,55.795,4.902
-12.1143,55.77,8.863
-23.8285,55.77,8.6292
-19.3634,56.12,8.8777
-18.4082,56.47,8.9126
-19.9421,56.23,8.877
-17.9348,56.275,8.5197
-14.8138,56.32,8.5351
-16.0663,56.32,8.4459
-24.197,56.345,8.3921
-21.7991,56.37,8.3442
-22.7411,56.31,8.2687
-17.914,56.305,8.2314
-6.38581,56.3,7.9009
-14.5864,56.3,8.1593
-31.3538,56.395,8.1949
-16.6889,56.49,8.1644
-11.7247,56.58,7.982
-7.81087,56.505,7.8597
-9.64233,56.43,7.8599
-17.541,56.43,7.8736
-21.4328,56.53,7.8599
-22.7445,56.63,7.8599
-21.9433,56.67,7.8736
-17.2635,56.825,7.8599
-20.7725,56.98,7.855
-13.7853,56.98,7.8599
7.94085,56.905,7.8226
28.4802,56.83,4.2635
40.292,56.9,1.7034
29.7242,56.905,3.5498
63.1203,56.91,1.1189
104.094,56.91,-4.7471
121.568,56.87,-5.1604
306.041,56.83,-12.086
168.456,56.87,-7.5145
383.018,56.835,-13.104
440.199,56.8,-11.493
498.221,56.8,-13.219
661.714,56.665,-13.141
475.649,56.53,-11.714
365.331,56.79,-12.941
586.929,56.89,-11.543
511.466,56.99,-11.362
429.715,56.99,-9.0013
367.513,56.945,-8.3176
277.203,56.9,-6.659
72.6072,56.97,0.1938
67.0357,56.985,-0.84024
-9.82998,57,7.1623
-4.41794,57,7.9379
-18.6185,57.09,7.7461
-17.072,57.18,7.7882
-13.6591,57.03,7.7882
-14.6541,56.985,7.7996
-17.6229,56.94,7.9255
-27.2723,56.94,7.8773
-43.8637,56.98,7.9885
-43.5555,57.02,8.6071
-44.2475,56.99,9.1011
-42.7973,56.96,9.8324
-37.6779,56.93,9.8928
-38.025,56.93,9.8887
-36.6738,57,9.8887
-36.5434,57.07,10.082
-33.7022,57.11,10.01
-31.5341,57.16,10.096
-27.8381,57.21,10.154
-26.5029,57.21,10.03
-18.5947,57.31,9.9574
-8.93592,57.41,9.986
2.23661,57.49,9.8621
-0.732436,57.565,9.8542
-1.74509,57.64,9.8499
-1.63031,57.64,9.8004
5.67496,57.625,9.7888
27.4436,57.61,7.7873
52.2303,57.74,4.7633
101.275,57.695,-0.59107
106.872,57.65,-1.0628
110.563,57.65,-4.7184
89.2436,57.64,-5.5229
199.882,57.63,-7.1284
222.817,57.37,-8.5964
439.096,57.375,-11.528
654.578,57.38,-13.792
656.712,57.38,-15.559
555.8,57.47,-12.828
607.059,57.56,-13.322
429.594,57.64,-10.992
273.756,57.645,-8.2886
533.92,57.65,-12.545
254.76,57.65,-7.8069
322.147,57.63,-8.3789
123.859,57.61,-5.2524
154.379,57.7,-6.1846
45.223,57.785,-1.0981
1.60305,57.87,6.0348
-46.8982,57.87,8.5746
-43.2806,57.85,9.269
-23.1377,57.83,9.6922
-29.9196,57.8,9.6549
-31.1092,57.84,9.7106
-31.3669,57.88,9.5972
-30.2552,57.88,9.8389
-28.6985,57.855,9.8465
-25.428,57.83,9.6263
-29.309,57.87,9.6572
-31.2914,57.87,9.6582
-31.6288,57.87,9.1366
-35.3522,57.87,8.9782
-30.1314,57.795,8.6691
-16.3161,57.72,8.6724
-15.4487,58.13,8.5785
-14.6191,58.05,8.39
-18.4344,57.97,8.8274
-15.2338,57.97,9.1366
-13.6379,58.015,8.9782
-18.4219,58.06,9.5002
-19.8078,58.05,9.6799
-15.5801,58.185,9.6572
-21.9331,58.32,9.4543
-27.3615,58.32,9.6978
-3.73833,58.415,9.5433
19.8717,58.51,8.7137
82.8353,58.57,1.9766
143.932,58.58,-4.9127
187.381,58.59,-6.6545
293.957,58.59,-9.8232
443.089,58.525,-12.129
389.843,58.46,-9.9296
588.496,58.58,-11.917
483.11,58.5,-11.033
712.784,58.42,-16.417
668.483,58.42,-14.219
543.194,58.46,-10.053
645.56,58.5,-11.384
609.772,58.73,-11.213
525.617,58.595,-10.053
470.196,58.46,-8.3155
328.113,58.46,-7.0791
219.424,58.495,-8.3061
190.836,58.53,-7.4588
118.852,58.69,-5.5764
43.1128,58.64,1.3491
1.70267,58.59,6.6055
-28.4693,58.59,7.8332
-46.6921,58.66,7.8736
-45.1345,58.73,7.8597
-47.5772,58.9,7.7947
-35.8874,58.84,7.9441
-25.2126,58.78,7.9441
-23.1695,58.78,7.8597
-27.8787,58.71,7.8773
-45.3606,58.64,7.8721
-39.7768,58.7,7.8721
-43.617,58.73,7.975
-39.3339,58.76,8.9987
-35.3303,58.76,9.5856
-30.6544,58.7,8.39
-33.0403,58.64,7.9695
-34.4022,58.83,7.9287
-27.761,58.945,7.9623
-17.5928,59.06,7.9287
-13.6558,59.06,7.8724
-15.124,59.085,7.8773
-12.2944,59.11,7.8597
-12.0852,59.31,7.8278
-10.9329,59.275,7.8599
-13.4859,59.24,7.9255
-9.24861,59.24,7.8713
-10.763,59.22,7.8134
0.579396,59.2,7.8273
7.60404,59.22,8.2172
27.9649,59.235,6.8342
46.0574,59.25,5.0922
90.1679,59.25,1.1189
116.597,59.285,-4.7302
148.265,59.32,-6.6707
209.601,59.16,-7.6369
233.005,59.015,-8.4995
129.467,58.87,-5.9015
388.485,58.87,-10.06
513.897,58.87,-12.394
373.388,58.87,-9.9796
322.21,58.77,-9.2001
118.952,58.94,-2.7842
53.849,59.11,3.02
4.71493,59.11,5.4087
12.2471,59.105,3.8634
17.4414,59.1,4.0502
24.7019,59.09,3.5371
0.410029,59.05,6.4637
-6.94525,59.01,7.2566
-17.2398,59.01,7.7009
-20.2743,59.04,7.6804
-24.5247,59.07,7.9187
-28.9973,59.22,7.9187
-34.77,59.265,7.6804
-42.5022,59.31,7.9187
-46.9168,59.31,8.0356
-33.5675,59.25,8.0791
-29.5512,59.19,8.2049
-45.0137,59.29,8.0527
-43.7115,59.1,7.7635
-36.7116,58.91,8.992
-28.9555,58.91,9.4064
-16.7819,58.985,9.6016
-12.4543,59.06,9.5648
-11.8348,59.58,9.5648
-13.0711,59.415,9.4273
-15.3858,59.25,8.9966
-18.4675,59.25,8.8793
-15.2072,59.4,8.9829
-29.3533,59.55,9.5648
-39.7309,59.14,9.4635
-25.9648,59.28,9.2844
-28.5754,59.42,9.4277
-53.0921,59.42,9.4053
-41.465,59.405,9.4002
-35.7279,59.39,6.471
22.6384,59.48,-4.0038
123.189,59.485,-6.8912
238.604,59.49,-9.9742
359.367,59.49,-9.0871
447.499,59.505,-10.204
514.875,59.52,-10.14
566.885,59.59,-10.587
606.498,59.52,-11.691
641.26,59.45,-12.604
544.597,59.45,-10.257
604.98,59.54,-11.954
629.762,59.63,-13.279
601.339,59.6,-13.182
560.062,59.595,-11.806
488.666,59.59,-10.177
421.185,59.59,-9.9291
331.142,59.64,-9.0073
235.049,59.69,-8.5092
133.719,59.57,-8.7753
44.5625,59.715,-5.1568
-21.7121,59.86,5.6942
-65.0307,59.86,9.1473
-65.6977,59.855,9.5671
-59.4001,59.85,9.4598
-56.2327,60.03,9.9238
-52.4405,60.015,9.946
-51.4399,60,10.015
-52.0132,60,10.403
-47.0041,60,10.159
-47.8649,60,10.107
-44.7769,60.02,9.7688
-43.1609,59.97,9.9698
-43.6018,59.92,10.357
-42.4255,59.92,8.7687
-41.3834,59.9,9.5458
-42.1048,59.88,9.383
-44.3647,60.01,9.1303
-42.9941,60.04,8.7257
-39.7563,60.07,8.6921
-38.721,60.07,8.7257
-37.7961,60.08,8.7678
-35.4448,60.09,8.7678
-35.129,60.31,8.8097
-33.7493,60.425,8.7678
-33.6729,60.54,8.7738
-33.4214,60.54,8.6921
-19.9373,60.5,9.7038
46.6703,60.46,-1.8805
110.626,60.47,-5.2273
185.202,60.355,-6.8924
250.673,60.24,-8.8485
353.841,60.24,-9.3025
441.097,60.275,-10.062
511.461,60.31,-10.041
568.189,60.22,-11.109
608.61,60.205,-12.771
631.461,60.19,-13.298
647.685,60.19,-13.269
649.295,60.19,-13.277
627.212,60.19,-13.108
587.899,60.25,-12.282
539.893,60.275,-10.642
478.141,60.3,-9.2765
404.143,60.3,-8.1133
320.133,60.29,-7.7416
228.119,60.28,-7.0016
131.428,60.3,-5.6777
45.9884,60.27,-3.3672
-19.2704,60.24,4.4786
-56.7602,60.24,9.157
-58.4659,60.36,9.1795
-59.6331,60.48,9.1674
-60.6155,60.39,9.0358
-57.7639,60.4,8.9362
-62.1492,60.41,8.9417
-67.9666,60.41,8.9355
-66.1572,60.38,9.0905
-65.3612,60.35,9.1219
-61.6475,60.47,9.0807
-57.6454,60.47,8.978
-50.0347,60.47,9.5558
-43.6073,60.47,9.5881
-39.5038,60.465,9.2164
-36.3945,60.46,9.7484
-37.7565,60.65,8.963
-40.5386,60.72,9.2388
-39.9657,60.79,9.5067
-34.6288,60.79,9.0578
-29.7543,60.82,9.0578
-31.4791,60.85,9.0225
-25.3883,60.88,9.6054
11.6133,60.93,8.3504
-1.10358,60.98,8.3027
-1.9422,60.98,8.5314
-4.1713,60.94,8.5299
-3.85583,60.9,8.5315
20.961,60.99,6.1416
82.8017,60.975,0.57502
194.825,60.96,-7.4617
297.548,60.96,-9.2357
327.994,60.97,-9.0036
415.205,60.98,-10.152
426.833,60.9,-10.348
323.353,60.935,-9.4466
363.314,60.97,-9.4452
476.582,60.97,-10.318
415.937,60.935,-10.129
443.202,60.9,-10.203
521.718,61,-11.159
452.889,61.07,-10.237
437.886,61.14,-10.209
402.143,61.14,-10.068
319.884,61.115,-9.8812
272.881,61.09,-9.9599
127.05,61.07,-7.1449
26.8473,61.12,-3.8064
-25.7103,61.17,5.6821
-63.1881,61.17,8.8893
-60.5902,61.21,9.6452
-55.2321,61.25,9.2944
-53.1957,61.34,9.437
-49.5953,61.305,9.0225
-47.1623,61.27,9.0225
-45.8492,61.27,8.7792
-45.0014,61.37,8.7588
-43.712,61.47,8.8097
-42.1336,61.59,8.3732
-39.5284,61.535,8.7678
-38.6703,61.48,8.3732
-36.5626,61.48,8.7678
-36.0886,61.56,8.3732
-30.4129,61.64,8.3732
-35.0671,61.67,8.7678
-33.825,61.675,8.6921
-31.5706,61.68,8.6921
-30.5568,61.68,8.7678
-30.8262,61.69,8.7678
-27.2157,61.7,8.7687
-24.8769,61.78,8.7013
-18.0669,61.81,8.9942
-23.1068,61.84,9.0695
-28.1668,61.84,9.1295
-2.68337,61.82,9.5067
16.2098,61.8,8.681
69.6878,61.86,-1.9779
89.2291,61.88,-4.8577
184.975,61.9,-7.897
127.806,61.9,-4.9223
244.071,61.895,-8.2135
406.199,61.89,-10.254
478.323,61.61,-10.317
507.583,61.665,-10.098
476.96,61.72,-10.193
422.615,61.72,-10.443
471.487,61.725,-10.114
484.322,61.73,-10.039
328.808,61.72,-9.2263
270.314,61.695,-9.4597
187.299,61.67,-7.0477
205.886,61.67,-8.6302
129.137,61.725,-4.3005
100.734,61.78,-3.8326
96.3506,61.85,-4.7467
45.3438,61.89,4.5484
13.4391,61.93,6.5491
-22.9115,61.93,8.4924
-37.993,62.03,8.7816
-14.9063,62.13,8.6551
-18.075,61.99,8.6956
-30.8347,61.915,8.8173
-19.9161,61.84,8.8893
-35.1151,61.84,9.0074
-8.26476,61.87,9.048
-22.4523,61.9,9.2441
-34.4498,62.01,9.6863
-28.4998,62.09,9.5744
-25.5947,62.17,9.6659
-7.99472,62.17,8.9575
-0.88648,62.04,8.7816
-16.1726,61.91,8.8893
-20.1429,61.95,8.7693
-17.5347,62.1,8.5227
-7.73963,62.25,8.5107
0.173873,62.25,8.487
-9.57626,62.28,8.49
-21.3837,62.31,8.5165
-2.52068,62.33,8.5586
-6.9504,62.37,8.5185
-27.691,62.41,8.487
-18.5008,62.41,8.487
-16.8872,62.405,8.5048
-4.78518,62.4,8.5107
4.84194,62.45,8.2841
2.54058,62.425,8.0373
9.34076,62.4,7.5707
23.2513,62.4,4.8645
17.6725,62.325,4.8645
50.0201,62.25,3.2531
74.7934,62.37,1.8418
75.0722,62.19,1.8418
29.1867,62.01,5.7427
16.0184,62.01,7.0521
41.1814,62.255,4.3106
31.0569,62.5,4.8645
35.9293,62.49,4.8645
25.1459,62.415,5.0911
18.1338,62.34,5.0911
16.8713,62.34,6.0351
-3.79847,62.43,7.5414
-1.51758,62.52,7.1654
-2.17974,62.53,7.0712
-4.45093,62.505,6.9095
-21.1052,62.48,8.387
-26.665,62.48,8.387
-27.956,62.485,8.387
-27.4123,62.49,8.3901
-27.2938,62.43,8.3896
-26.3101,62.35,8.378
-18.5573,62.27,8.417
-15.0172,62.27,8.3831
-27.1546,62.33,8.4423
-32.0937,62.39,8.4692
-28.5034,62.43,8.4692
-29.4289,62.455,8.4962
-29.1792,62.48,8.5085
-25.081,62.48,8.6871
-23.1357,62.57,8.7853
-21.6883,62.66,8.8963
-31.0287,62.64,8.9564
-33.5917,62.67,9.0074
-1.84495,62.7,8.8173
-1.50762,62.7,8.4776
-9.6851,62.675,8.4692
-13.6951,62.65,8.4764
-15.9334,62.88,8.8387
-58.8124,62.82,9.6452
-53.1672,62.76,9.3639
-46.1305,62.76,8.8957
-41.1443,62.845,8.966
-13.1121,62.93,8.4474
21.8735,62.95,5.0028
93.4612,62.995,-4.6206
206.413,63.04,-7.7963
234.829,63.04,-9.2565
374.151,62.98,-9.8309
478.506,62.92,-10.429
520.984,62.78,-9.9128
561.796,62.845,-11.35
602.155,62.91,-11.856
621.41,62.91,-12.256
617.884,62.96,-12.735
598.807,63.01,-13.641
566.641,62.9,-11.758
515.766,62.94,-9.9855
459.998,62.98,-9.6912
398.632,62.98,-10.082
296.055,62.985,-10.3
207.2,62.99,-9.0955
110.902,63.01,-6.6868
29.8615,63.04,-5.3527
-31.0589,63.07,6.3941
-66.4271,63.07,8.2621
-70.9084,63.1,8.4866
-65.6849,63.13,8.6871
-58.7704,63.33,8.9729
-57.1137,63.3,9.5558
-53.4169,63.27,9.437
-50.0866,63.27,9.0225
-49.3889,63.255,9.0695
-45.6407,63.24,8.7687
-44.5428,63.4,8.7738
-43.5585,63.445,8.7678
-41.2459,63.49,8.7678
-41.3527,63.49,8.7678
-39.2721,63.45,9.0765
-37.1765,63.41,8.8426
-37.1642,63.56,8.8348
-35.1519,63.52,8.8348
-34.4731,63.48,8.8348
-34.5798,63.48,8.8348
-34.4954,63.525,7.6143
-33.1595,63.57,7.6143
-32.1178,63.61,7.6143
-34.839,63.69,7.6893
-32.7843,63.77,7.6893
-32.7782,63.77,7.6893
-20.9684,63.77,8.8348
25.7092,63.77,3.7257
102.534,63.75,-3.9844
169.335,63.745,-7.6886
231.669,63.74,-8.7205
274.507,63.74,-9.3797
403.365,63.655,-10.117
473.654,63.57,-10.268
526.844,63.57,-10.079
569.615,63.575,-11.368
591.852,63.58,-11.853
596.136,63.58,-13.641
589.03,63.6,-13.406
571.759,63.62,-12.563
536.925,63.68,-11.158
487.829,63.7,-9.9089
430.819,63.72,-9.2578
353.793,63.72,-8.6607
267.7,63.69,-9.9123
179.957,63.66,-8.8239
88.5638,63.8,-6.0484
19.8914,63.85,-2.619
-38.0771,63.9,6.0184
-66.0316,63.9,8.4866
-64.0038,63.93,8.4976
-59.5103,63.96,8.4697
-61.8365,64.08,8.4885
-60.4954,64.09,8.5021
-54.5947,64.1,8.4976
-51.3189,64.1,8.4418
-49.1359,64.13,9.0124
-40.9984,64.16,9.7194
-19.3002,64.13,9.6908
-20.2026,64.145,8.993
-22.1501,64.16,9.5357
-17.6147,64.16,9.6314
-20.5189,64.065,8.9794
-33.6934,63.97,8.6586
-40.5244,64.08,8.7464
-40.7291,64.155,8.6138
-42.2115,64.23,8.8492
-41.3204,64.23,9.5487
-34.4267,64.29,9.3214
-28.6508,64.35,9.6363
-30.9176,64.49,8.8104
-39.1834,64.485,9.578
-33.8854,64.48,9.1328
-29.5839,64.48,9.5992
-20.9717,64.495,9.451
27.9127,64.51,3.2629
95.1331,64.51,-4.8231
168.323,64.455,-6.7934
237.776,64.4,-9.5469
327.666,64.4,-10.398
397.36,64.37,-11.046
456.899,64.34,-9.3224
505.09,64.31,-8.9581
564.993,64.4,-9.8707
586.916,64.49,-12.515
602.911,64.49,-12.449
600.486,64.46,-11.847
577.31,64.43,-10.231
524.479,64.59,-9.3515
483.597,64.555,-8.2124
421.849,64.52,-7.7752
357.626,64.52,-6.6219
273.89,64.525,-7.2532
187.759,64.53,-4.0258
101.131,64.58,-4.4637
24.4606,64.61,-3.882
-32.4782,64.64,3.5796
-58.5058,64.64,7.9197
-56.7291,64.67,8.0809
-49.7651,64.7,8.1301
-46.7253,64.79,8.2525
-42.151,64.825,8.4412
-38.8551,64.86,8.4382
-36.9624,64.86,8.2525
-36.8182,64.905,8.2508
-43.2273,64.95,8.2508
-50.7001,64.97,8.1635
-53.3626,64.94,8.2525
-45.3021,64.91,8.5144
-40.2947,64.91,8.4436
-40.8596,64.895,8.4852
-48.2972,64.88,8.4312
-48.3212,65.02,8.4425
-46.1372,65,8.4169
-42.908,64.98,8.9636
-40.9363,64.98,8.9805
-38.5351,65.08,8.9805
-36.0668,65.18,9.5243
-32.3977,65.13,9.2307
-32.7085,65.205,8.8222
-33.3635,65.28,8.9578
-30.2607,65.28,8.991
-27.9807,65.335,8.8222
20.7333,65.39,2.8073
81.8088,65.33,-9.0277
148.918,65.38,-6.4856
219.796,65.43,-9.0606
309.974,65.43,-10.503
382.61,65.38,-10.951
446.934,65.33,-8.9592
498.48,65.24,-9.0234
536.75,65.29,-10.377
567.918,65.34,-11.468
573.186,65.34,-11.507
568.458,65.33,-10.321
557.907,65.32,-9.8061
525.85,65.39,-9.615
486.119,65.47,-9.2386
424.377,65.55,-7.9457
349.763,65.55,-6.8814
266.398,65.58,-6.6762
176.955,65.61,-4.0258
90.4317,65.59,-4.4637
18.9584,65.6,-3.926
-35.6321,65.61,6.1973
-64.304,65.61,8.1242
-65.3712,65.645,8.1415
-59.579,65.68,8.1666
-56.9255,65.87,8.2262
-55.5623,65.855,8.4142
-48.9565,65.84,8.417
-52.3692,65.84,8.3948
-52.4605,65.825,8.441
-47.9471,65.81,9.13
-41.0448,65.85,9.1318
-40.0227,65.985,9.3372
-37.7458,66.12,9.577
-35.7289,66.12,9.4202
-34.1233,66.07,9.1695
-24.5365,66.02,9.6309
-26.9887,66.11,9.4412
-27.9474,66.14,9.577
-24.1528,66.17,8.8127
-35.3487,66.17,8.7591
-35.9971,66.15,8.1651
-35.01,66.13,8.0986
-33.7928,66.32,8.0905
-34.1063,66.335,8.0684
-14.7096,66.35,8.0986
-16.501,66.35,8.8737
12.9875,66.365,9.1656
33.6972,66.38,7.1394
32.1978,66.43,3.4151
127.108,66.355,-4.9428
215.35,66.28,-8.2944
252.701,66.28,-8.6952
247.777,66.35,-8.4749
349.165,66.42,-10.098
436.295,66.17,-9.8278
336.927,66.16,-9.851
304.163,66.15,-9.7658
254.764,66.15,-8.9646
296.549,66.195,-9.7275
235.926,66.24,-8.6733
292.709,66.3,-9.6447
327.376,66.31,-9.8914
247.689,66.32,-8.2355
238.071,66.32,-8.07
188.172,66.29,-6.3843
112.549,66.26,-4.1942
57.145,66.37,-6.1316
12.179,66.33,6.4415
-9.86168,66.29,8.029
-12.3651,66.29,8.3525
-30.8954,66.34,8.2283
-28.721,66.39,8.1794
-13.4513,66.45,8.1309
-17.5173,66.425,8.2119
-21.6795,66.4,8.1794
-0.903715,66.4,8.1723
-1.60766,66.39,8.3011
-14.504,66.38,8.1801
-3.32302,66.48,8.1979
-2.9258,66.57,8.2021
-1.48191,66.66,8.1794
-12.394,66.66,8.2016
-17.5627,66.535,8.1309
-15.6369,66.41,8.2016
-16.1286,66.51,8.2547
-16.9374,66.57,8.1979
-11.2614,66.63,8.2397
-8.15712,66.63,8.2228
0.431753,66.715,8.1962
-6.56016,66.8,8.1176
-9.95266,66.85,8.101
-5.53566,66.88,8.1201
-8.82582,66.91,8.1188
-17.6357,66.91,8.1076
-11.4814,67.075,8.1346
-0.951704,67.24,7.9469
8.54843,67.11,7.1554
22.4068,67.145,4.4121
38.6125,67.18,-1.6938
49.5701,67.18,-5.7611
80.024,67.06,-8.2587
159.086,66.94,-7.0319
375.62,66.93,-10.042
290.979,66.88,-9.519
178.092,66.83,-7.1625
143.765,66.83,-4.1977
328.989,66.985,-9.505
224.805,67.14,-7.1746
307.777,66.98,-9.8597
442.483,67.02,-9.2855
254.194,67.06,-8.0995
146.599,67.06,-4.3218
242.086,66.975,-7.8306
122.929,66.89,-3.0656
45.172,67.08,-4.2645
5.36776,67.045,5.1327
-12.6159,67.01,7.317
-19.5106,67.01,7.4113
-19.385,67.02,7.6051
-19.5345,67.03,7.6855
-35.3764,67.16,7.8195
-24.5302,67.115,7.9058
-24.7086,67.07,7.9058
-24.387,67.07,7.9058
-23.3331,67.025,7.7785
-25.2617,66.98,7.7785
-27.3322,67.01,7.9058
-29.8294,66.945,7.9102
-27.3697,66.88,7.9068
-22.9019,66.88,7.9064
-27.3375,66.875,7.9068
-17.6987,66.87,8.0491
-12.4605,66.97,8.0332
-11.2834,66.925,8.003
-10.8632,66.88,8.0832
-10.5914,66.88,8.0832
-9.16445,67.015,8.0419
-15.1082,67.15,7.9002
-17.8815,67.23,8.0282
-12.1599,67.285,7.9635
-16.3895,67.34,7.9068
-17.8744,67.34,7.9068
-15.7611,67.36,7.9068
-8.12539,67.38,7.9097
-5.84763,67.41,7.8979
-2.78832,67.37,7.8725
10.3545,67.33,7.2087
27.1491,67.33,3.9715
100.156,67.265,-7.4106
88.5813,67.2,-8.8836
100.517,67.22,-4.8412
57.5971,67.32,-6.6051
58.8371,67.42,-5.0256
91.4486,67.42,-8.4745
31.933,67.36,-5.544
33.4084,67.3,-3.3468
57.8617,67.07,-7.5139
81.302,67.15,-7.5139
80.3795,67.23,-7.5139
39.1252,67.23,-1.1404
27.5381,67.245,3.4931
30.3066,67.26,3.4931
6.80252,67.17,7.1735
-4.21098,67.15,7.7717
-21.2841,67.13,7.8715
-26.9205,67.13,7.869
-36.5127,67.155,7.869
-29.3463,67.18,7.869
-16.8426,67.14,7.869
-18.1292,67.13,7.7968
-10.1994,67.12,7.7656
-12.379,67.12,7.6535
-13.11,67.155,7.4486
-40.4928,67.19,7.487
-43.7238,66.91,7.206
-41.4892,66.855,7.4477
-32.8964,66.8,7.4131
-23.1573,66.8,7.4652
-14.2721,66.86,7.4486
-18.1479,66.92,7.4652
-10.2301,67.22,7.4477
-9.92723,67.19,7.206
-15.7012,67.16,7.2598
-19.9726,67.16,7.4477
-38.7117,67.075,7.487
-21.881,66.99,7.4477
-41.115,66.98,7.4131
-20.864,66.915,7.4477
-1.93213,66.85,7.4477
0.570488,66.85,7.206
-0.184095,66.94,7.206
-5.62044,67.03,7.7471
42.9725,66.96,-3.1033
100.5,66.74,-5.8436
121.618,66.52,-4.3149
183.862,66.52,-6.9908
251.044,66.475,-10.23
231.512,66.43,-7.1326
360.447,66.2,-10.525
403.968,66.1,-10.497
417.365,66,-9.9631
215.826,66,-7.1746
240.593,66.1,-9.2517
69.3936,66.2,-4.5232
127.349,66.12,-5.0592
355.166,66.135,-9.1811
283.748,66.15,-9.7059
145.845,66.15,-4.5188
103.166,66.125,-3.3796
55.4107,66.1,0.27244
45.0083,66.09,-0.3774
32.9133,66.045,1.6453
-30.9319,66,7.4877
-43.1639,66,7.0998
-30.2876,66.075,7.206
-33.0286,66.15,7.517
-27.7536,66.05,7.5394
-16.3982,66.025,7.3777
-1.05502,66,7.2598
-11.544,66,7.4477
-16.8417,65.915,7.417
-18.2522,65.83,7.373
-9.70149,65.73,7.3791
-13.9609,65.735,7.422
-15.193,65.74,7.422
-6.27214,65.74,7.422
-6.95268,65.76,7.5041
-3.27952,65.78,7.5385
-3.59664,65.66,7.5971
-4.53782,65.72,7.6138
-4.63078,65.78,7.7614
-5.035,65.78,7.8185
-6.66825,65.8,7.6952
-10.1008,65.82,7.7532
-18.4728,65.84,7.7929
-18.9584,65.895,7.7639
-6.60781,65.95,7.7949
-6.60767,65.95,7.7554
-4.02683,65.985,7.7839
15.2754,66.02,6.9781
42.013,66.09,4.4966
43.1377,66.025,5.4388
85.0622,65.96,-0.33213
166.397,65.96,-1.4882
231.346,65.985,-5.8468
163.578,66.01,-4.7236
325.927,65.92,-8.5932
362.737,65.78,-8.4596
441.633,65.64,-9.2806
516.194,65.64,-8.2176
580.284,65.645,-9.0483
563.985,65.65,-9.7406
529.264,66.04,-9.0631
480.672,66.005,-8.5076
417.465,65.97,-9.0836
338.395,65.97,-9.1546
257.316,65.99,-9.3464
170.293,66.01,-6.879
89.4844,66.07,-3.7651
24.7045,66.075,0.98661
-4.17953,66.08,7.2038
-9.92895,66.08,7.3647
-10.6478,66.07,7.5019
-11.5655,66.06,7.5625
-11.5821,66.05,7.6102
-12.7661,66.145,7.6303
-56.7344,66.24,7.7161
-60.4338,66.24,7.8746
-53.7805,66.23,8.184
-41.1708,66.22,8.1923
-12.8419,66.25,8.4748
-52.3382,66.325,8.4755
-49.4774,66.4,9.3154
-48.2692,66.4,9.405
-44.1576,66.37,9.3138
-41.3747,66.34,9.1585
-42.3737,66.57,9.4652
-41.8347,66.625,8.4892
-42.8156,66.68,9.2458
-46.0232,66.68,9.0398
-47.9576,66.7,9.2743
-51.6511,66.72,8.9187
-54.9225,66.75,9.2445
-65.2754,66.795,9.0707
-62.0825,66.84,8.2845
-58.0736,66.84,7.2454
-48.8252,66.895,7.2547
2.3661,66.95,2.79
77.078,66.91,-4.7407
141.915,66.895,-3.7624
174.623,66.88,-8.7602
293.47,66.88,-9.3609
370.588,66.895,-10.142
436.839,66.91,-9.5723
490.203,66.8,-9.5101
530.736,66.64,-9.8008
553.884,66.48,-10.036
566.06,66.48,-10.099
561.197,66.625,-10.099
547.416,66.77,-10.108
514.159,66.87,-9.8154
463.455,66.775,-8.9577
399.201,66.68,-8.9558
327.168,66.68,-8.8404
240.434,66.745,-8.6415
152.463,66.81,-7.6457
65.8745,67.01,-3.7346
-2.52093,66.99,-4.2112
-54.5436,66.97,7.8301
-67.8058,66.97,8.7029
-61.582,67.11,8.4068
-56.491,67.25,8.3231
-53.1722,67.27,8.3231
-56.0181,67.245,7.3638
-53.6572,67.22,7.2454
-51.6789,67.22,7.3111
-50.7067,67.3,8.6843
-50.2353,67.38,8.6843
-49.1797,67.33,8.6843
-46.1452,67.33,8.6947
-44.6025,67.33,8.6859
-45.862,67.33,8.6859
-45.7384,67.32,8.4829
-43.9944,67.31,7.2372
-42.8949,67.46,7.1423
-40.3999,67.505,7.1423
-38.292,67.55,7.1423
-35.3411,67.55,7.1423
-31.954,67.605,7.1423
-30.1938,67.66,7.1423
-29.8992,67.7,7.1423
-27.9808,67.79,7.1423
-25.7067,67.88,7.2372
-24.2743,67.88,7.2372
-18.2327,67.81,8.6947
25.4433,67.74,3.8407
97.6329,67.75,-3.7641
164.858,67.69,-4.631
212.941,67.63,-8.2125
296.39,67.63,-8.8454
391.802,67.535,-10.081
455.634,67.44,-8.7299
500.335,67.57,-8.2626
446.039,67.525,-9.1263
574.987,67.48,-10.075
591.736,67.48,-11.174
580.447,67.37,-11.031
499.968,67.26,-7.7776
338.39,67.86,-8.7509
419.92,67.765,-9.1118
386.206,67.67,-8.9615
355.676,67.67,-8.2924
269.01,67.66,-8.3838
168.815,67.65,-6.6035
83.7687,67.66,-3.6352
9.40549,67.555,0.6882
-33.4836,67.45,5.6993
-44.815,67.45,7.433
-44.5343,67.48,7.47
-48.5098,67.51,7.4834
-40.5626,67.62,7.4864
-43.934,67.62,7.5588
-26.4782,67.62,7.5217
-12.0972,67.62,7.5057
-37.7041,67.665,7.5487
-27.7188,67.71,7.4885
-40.6308,67.7,7.4636
-47.3686,67.675,7.3885
-45.245,67.65,7.3967
-50.7107,67.65,7.4302
-43.7635,67.64,7.527
-25.3178,67.63,7.5214
-29.1055,67.76,7.4418
-18.0471,67.82,7.4647
-29.4707,67.88,7.6759
-28.8875,67.88,7.5679
-20.2447,67.9,7.4638
-37.0004,67.92,7.4239
-37.9189,68.02,7.3926
-41.8958,68.085,7.3562
-23.3805,68.15,7.3662
-15.2151,68.15,7.4103
-8.15964,68.155,7.4077
29.5155,68.16,6.02
73.0674,68.16,-2.8851
103.505,68.295,-4.5212
130.529,68.43,-4.5511
299.262,68.43,-9.2948
423.233,68.295,-8.9464
434.323,68.16,-8.9987
365.772,67.97,-9.0563
396.3,68.04,-8.9986
229.358,68.11,-6.2617
228.412,68.11,-6.8148
166.005,67.905,-6.4307
216.926,67.7,-6.5119
193.76,67.67,-6.075
90.3852,67.88,-2.8912
32.6901,68.09,5.7611
-22.1336,68.09,6.4733
-1.6783,68.085,6.474
-2.62318,68.08,5.4016
-24.3633,68.07,7.7312
-24.7615,68.12,7.7512
-18.7383,68.17,7.6867
-18.8787,68.17,7.6392
-20.155,68.22,7.6116
-20.1573,68.27,7.5093
-25.0957,68.11,7.4828
-28.6621,68.19,7.5754
-31.936,68.27,7.5689
-30.8988,68.27,7.5398
-32.9674,68.31,7.5398
-36.5978,68.35,7.6266
-40.0286,67.68,7.3739
-27.3834,68.085,7.4458
-19.2257,68.49,7.5766
-15.5116,68.49,7.5398
-43.1622,68.405,7.3739
-12.1825,68.32,7.5766
-7.95257,68.24,7.5766
-9.22163,68.335,7.5766
-9.70782,68.43,7.5595
-20.7383,68.43,7.3739
-68.7955,68.475,7.4075
-68.7621,68.52,7.4078
-69.0814,68.58,7.4075
-73.2465,68.645,7.4078
-74.6842,68.71,7.4078
-76.735,68.71,7.2979
-72.9237,68.765,7.2966
-31.1067,68.82,3.5803
20.8455,68.74,-2.7732
108.314,68.665,-3.9018
200.218,68.59,-6.9359
283.246,68.59,-7.6002
358.77,68.625,-8.4292
424.862,68.66,-8.4946
471.667,68.6,-8.6535
523.533,68.67,-9.7679
534.786,68.74,-9.9278
562.252,68.74,-10.125
551.196,68.67,-10.069
511.817,68.6,-9.9278
482.742,68.64,-9.2161
427.751,68.655,-8.6694
350.5,68.67,-8.6493
270.115,68.67,-7.4748
208.324,68.76,-6.8295
128.301,68.85,-6.3205
56.0153,68.78,-4.2609
-10.736,68.795,-0.22287
-61.3701,68.81,7.0137
-66.6649,68.81,8.6843
-60.098,68.82,8.6843
-56.073,68.83,8.6859
-52.2564,69.06,7.1423
-48.2431,69.05,7.1423
-47.0015,69.04,7.1423
-46.3381,69.04,7.1423
-44.8115,69.14,7.1423
-44.6292,69.24,7.1423
-41.1445,69.2,7.1423
-38.2214,69.225,7.1423
-35.6081,69.25,7.1423
-34.541,69.25,7.1423
-32.4711,69.23,7.1423
-29.2177,69.21,7.2372
-29.9014,69.26,8.6859
-27.6314,69.29,8.501
-25.5758,69.32,8.6843
-29.6504,69.32,8.4781
-35.1832,69.355,8.5482
-32.9674,69.39,8.6843
-30.5846,69.42,8.6843
-31.3924,69.4,8.6843
-30.539,69.38,8.501
-28.1471,69.38,8.6843
-20.5286,69.37,8.0534
15.1808,69.36,4.2863
70.3742,69.18,-4.9796
133.785,69.235,-4.3743
204.764,69.29,-6.9125
281.626,69.29,-7.6882
358.077,69.28,-9.908
424.932,69.27,-9.401
473.105,69.24,-9.1594
513.943,69.17,-8.7685
524.302,69.1,-9.3883
548.915,69.1,-9.5029
542.162,69.09,-9.76
537.574,69.08,-9.5253
414.388,69.16,-8.305
316.111,69.2,-7.644
355.776,69.24,-8.1517
298.893,69.24,-7.1695
220.037,69.19,-6.8193
119.839,69.14,-3.7625
22.0474,69.07,0.6328
3.79943,69.15,5.8353
-18.0496,69.23,6.7228
-40.4584,69.23,6.7562
-64.3369,69.245,6.7516
-67.1234,69.26,7.0351
-58.3789,69.38,7.1684
-50.5527,69.435,7.3892
-46.5207,69.49,7.2683
-44.8434,69.49,7.0815
-38.6507,69.46,7.0451
-33.4898,69.43,7.2093
-29.1623,69.57,8.2844
-27.1131,69.565,7.2501
-28.0782,69.56,7.2093
-22.2326,69.56,7.2123
-10.7029,69.6,7.0897
-31.973,69.64,8.4781
-26.7145,69.68,7.2159
-25.8912,69.67,8.3342
-26.1599,69.66,8.3884
-20.6287,69.66,8.2844
-27.0366,69.76,8.4781
-25.2231,69.86,8.6843
-19.0282,69.82,8.5482
-26.0246,69.91,8.4781
-24.0892,70,7.2123
-23.4139,70,8.4249
-17.7607,69.9,7.152
11.2702,69.8,5.0393
57.0236,69.84,3.506
60.8145,69.855,6.9015
156.414,69.87,-4.5744
250.076,69.87,-7.1235
228.868,69.855,-8.0909
421.281,69.84,-8.7729
479.358,69.85,-8.1897
492.864,69.81,-8.5306
495.386,69.77,-8.1565
497.642,69.77,-8.0355
435.904,69.66,-8.4184
238.47,69.55,-6.2208
281.065,69.85,-7.1315
266.692,69.835,-6.4811
249.321,69.82,-6.287
168.369,69.82,-3.833
115.81,69.8,-2.2521
74.9782,69.78,1.3591
35.9237,69.82,4.6804
-23.4809,69.785,6.3847
-7.59464,69.75,6.8134
-8.79307,69.75,6.8222
-12.3456,69.76,6.7863
-15.5683,69.77,6.7389
-15.468,69.77,6.723
-6.63553,69.79,6.705
-14.1948,69.81,6.7092
-13.4991,69.81,6.7053
-9.22451,69.845,6.7086
-8.33481,69.88,6.6862
-6.81406,69.91,6.6882
-6.01363,69.95,6.6882
-4.69337,69.99,6.6913
-4.71107,69.99,6.6913
-3.7354,70.015,6.6913
-3.16092,70.04,6.6913
-2.8065,70.01,6.6959
-4.79585,70.09,6.7002
-4.14467,70.17,6.7183
-4.06876,70.17,6.7091
-2.5719,70.14,6.6986
-3.07874,70.11,6.6681
-2.86188,70.11,6.646
-2.24976,70.155,6.6278
-3.63554,70.2,6.5978
-2.60437,70.2,6.5882
-0.392393,70.2,6.6043
15.4943,70.2,6.1993
51.4894,70.43,4.8166
71.8825,70.5,0.60218
60.0191,70.57,0.48529
79.9813,70.57,-4.8558
273.444,70.48,-7.6447
407.506,70.39,-9.4528
397.481,70.43,-9.13
253.654,70.39,-6.4956
478.636,70.35,-8.6623
221.844,70.35,-6.1334
184.305,70.41,-5.517
517.682,70.47,-7.836
495.815,70.47,-7.9583
435.601,70.395,-8.6358
356.786,70.32,-8.4906
194.166,70.32,-6.0553
221.395,70.39,-6.4564
71.3868,70.46,0.75513
25.5587,70.37,1.9452
15.5735,70.31,1.9328
-27.9972,70.25,5.7682
-52.8044,70.25,5.4788
-57.7453,70.275,6.045
-59.1381,70.3,6.1733
-55.0912,70.41,6.481
-51.0351,70.485,6.5531
-49.213,70.56,6.5452
-49.8368,70.56,6.5439
-48.2097,70.5,6.578
-44.4114,70.44,6.755
-35.9181,70.5,6.9343
-30.4823,70.6,6.84
-26.5968,70.7,6.8599
-24.2393,70.7,6.8223
-26.1898,70.64,6.8128
-24.485,70.58,6.8128
-27.5792,70.55,6.782
-20.749,70.6,6.8128
-24.57,70.65,6.8265
-25.4954,70.65,6.8086
-28.5288,70.705,6.852
-31.46,70.76,6.8448
-27.3412,70.83,6.823
-23.2427,70.86,7.1348
-23.8718,70.89,7.1598
-25.6995,70.89,7.0874
-17.9526,70.82,7.0632
3.18521,70.75,6.4859
48.464,70.99,6.1317
70.4471,70.99,5.4769
210.336,70.99,-6.2137
311.792,70.99,-7.2203
256.857,70.98,-7.4055
277.962,70.97,-8.6163
374.316,70.8,-8.2388
355.276,70.845,-8.0491
194.059,70.89,-5.7694
182.316,70.89,-5.0398
144.342,70.855,-4.2089
300.955,70.82,-7.7733
349.699,70.9,-8.4282
462.891,70.89,-8.0842
304.202,70.88,-7.5257
202.766,70.88,-6.0967
207.091,70.93,-6.3244
70.3892,70.98,-1.978
31.0189,70.9,1.3958
-14.0684,70.97,3.4333
-45.0971,71.04,6.35
-45.4821,71.04,6.5451
-41.77,70.96,6.5386
-37.973,70.88,6.5186
-38.1844,70.97,6.7667
-37.8879,70.995,6.8251
-37.1237,71.02,6.8013
-31.5366,71.02,6.8254
-29.2327,71.035,6.8268
-26.9505,71.05,6.8824
-25.935,70.95,7.1051
-25.0968,71.005,7.1051
-24.343,71.06,7.2602
-23.9419,71.06,7.0632
-25.2003,71.125,7.1206
-25.0677,71.19,7.0632
-23.5292,71.12,7.0903
-22.2327,71.155,7.0903
-21.1217,71.19,7.0709
-20.3214,71.19,7.0903
-20.5192,71.265,7.0709
-18.7056,71.34,7.1206
-16.7944,71.32,7.0903
-14.0697,71.36,7.1206
-18.4576,71.4,7.0709
-19.9815,71.4,7.0709
-15.974,71.465,7.1206
11.3715,71.53,6.0073
81.1533,71.56,1.3664
185.211,71.525,-6.4769
123.962,71.49,-5.9496
75.1745,71.49,-2.9462
114.378,71.43,-5.1262
227.448,71.37,-6.8749
352.199,71.48,-8.586
408.43,71.415,-8.7847
214.271,71.35,-6.3082
270.436,71.35,-7.5625
351.132,71.395,-8.3963
396.201,71.44,-8.4622
264.038,71.62,-7.4578
457.103,71.545,-8.0693
258.622,71.47,-7.2947
339.381,71.47,-8.4217
231.027,71.385,-7.0281
113.056,71.3,-4.603
37.1602,71.4,0.026954
-18.6777,71.43,4.1922
-36.9414,71.46,6.5026
-38.3994,71.46,6.5143
-22.8148,71.44,6.5272
-20.0095,71.42,6.5972
-19.259,71.41,6.6101
-10.8261,71.445,6.618
-16.3624,71.48,6.6255
-11.448,71.48,6.6066
-13.7733,71.45,6.5786
-14.585,71.42,6.5621
-27.094,71.59,6.5314
-52.1848,71.585,6.516
-24.6679,71.58,6.5305
-9.96417,71.58,6.5409
-8.96388,71.625,6.5568
-8.29805,71.67,6.5188
-8.55451,71.57,6.5304
-8.58513,71.585,6.5124
-8.74547,71.6,6.4809
-7.28581,71.6,6.4678
-7.01659,71.655,6.4712
-14.8856,71.71,6.4751
-32.2638,71.71,6.5525
-33.9978,71.825,6.576
-32.6195,71.94,6.6303
-8.46305,71.94,6.3502
0.592975,71.95,6.2811
12.6691,71.96,6.073
38.5667,71.88,5.7819
61.4934,71.905,5.4263
131.805,71.93,-5.9913
152.046,71.93,-4.9048
207.969,71.95,-5.4507
245.728,71.97,-6.3185
258.625,72.01,-6.519
378.535,71.95,-8.4827
363.553,71.89,-7.9988
516.04,71.89,-9.149
343.851,71.875,-7.8525
185.713,71.86,-5.8159
198.73,71.88,-5.9604
551.791,71.885,-10.159
377.46,71.89,-8.2535
229.792,71.89,-6.5388
93.6271,71.915,-3.889
139.571,71.94,-5.2902
74.5571,71.87,-3.4569
-23.9519,71.905,4.278
-52.1258,71.94,6.2938
-57.1683,71.94,6.3568
-51.373,71.9,6.6471
-45.7738,71.86,6.8371
-40.9499,72.06,6.7626
-33.2526,72.115,6.8275
-38.6989,72.17,6.7885
-41.5992,72.17,7.2259
-37.9872,72.165,7.0119
-34.364,72.16,6.9189
-31.8493,72.08,6.8948
-28.37,72.175,6.912
-26.4306,72.27,6.9944
-29.7638,72.27,7.5517
-28.3062,72.33,8.7697
-25.7947,72.39,8.6284
-24.6171,72.46,7.5266
-23.9739,72.47,7.5802
-23.7202,72.48,7.463
-18.629,72.48,7.5811
-18.2137,72.52,7.5811
-19.3662,72.56,7.5308
-16.0475,72.55,7.4901
-20.3261,72.59,7.4479
-13.4047,72.63,7.4656
-15.6557,72.63,7.334
0.341752,72.685,6.6033
18.745,72.74,7.0957
51.8458,72.85,4.5314
111.124,72.775,-2.4754
156.367,72.7,-5.1422
260.743,72.7,-6.95
181.868,72.64,-8.0427
309.28,72.58,-7.4852
465.184,72.51,-8.7508
505.084,72.465,-8.1453
530.114,72.42,-8.2439
537.279,72.42,-8.0689
507.885,72.53,-8.4578
450.465,72.64,-8.2276
463.911,72.8,-8.1922
407.225,72.81,-7.6838
300.334,72.82,-7.6421
277.621,72.82,-7.3432
190.121,72.8,-6.1687
108.269,72.78,-4.3603
45.9005,72.63,-0.19975
-20.7036,72.64,3.5534
-48.8996,72.65,6.0701
-56.3104,72.65,6.0186
-54.7791,72.68,6.1349
-53.985,72.71,6.1992
-52.5263,72.82,6.2415
-50.9936,72.81,6.2818
-49.4717,72.8,6.2799
-46.3449,72.8,6.2861
-44.1662,72.785,6.3395
-42.063,72.77,6.4562
-37.9043,72.7,6.7371
-31.8224,72.77,6.6948
-28.5143,72.84,6.8618
-25.9502,72.84,7.097
-26.7712,72.825,6.9692
-27.9923,72.81,6.7767
-25.418,72.81,6.6986
-21.6706,72.86,6.6899
-21.6712,72.91,6.6899
-20.8625,72.91,6.6986
-17.1928,72.955,6.6206
-13.4655,73,6.6883
-20.6713,73.17,6.723
-21.9835,73.24,6.5623
-21.2428,73.31,6.4604
-20.1133,73.31,6.4282
-11.5892,73.305,6.347
-1.25014,73.3,6.2867
12.0559,73.28,5.9198
21.9962,73.27,5.8837
23.6006,73.26,5.8837
13.807,73.26,6.2626
28.2087,73.24,5.8837
12.3383,73.22,6.2688
13.7357,72.28,6.0775
25.8975,71.705,5.9216
40.8954,71.13,5.5237
58.2063,71.13,4.3853
54.62,70.8,5.2116
84.7178,70.47,2.5236
54.1473,69.84,5.341
40.201,69.745,5.526
27.7512,69.65,5.9246
48.5839,69.65,5.2116
78.8467,69.495,3.9246
79.1874,69.34,4.4548
37.0005,69.16,5.6274
-4.37901,69.07,5.9444
-13.8792,68.98,6.204
-9.66292,68.98,6.1877
-9.62889,68.85,6.2511
-6.64254,68.72,6.2638
-6.05057,68.8,6.2678
-15.4507,68.755,6.2606
-9.42258,68.71,6.2606
-8.82162,68.71,6.2678
-5.45322,68.63,6.282
-38.4778,68.55,6.2859
-44.6151,68.32,6.2891
-7.74661,68.32,6.2891
-3.50209,68.32,6.2949
-5.36863,68.32,6.331
-6.5346,68.295,6.3725
-5.66932,68.27,6.384
-5.35604,68.47,6.4475
-5.41893,68.43,6.4776
-4.79814,68.39,6.4751
-4.5751,68.39,6.484
-5.26668,68.42,6.4955
-5.24068,68.45,6.5014
-5.08805,68.39,6.5475
-5.06296,68.455,6.5657
-5.31238,68.52,6.5469
-5.4309,68.52,6.5943
-3.89574,68.525,6.6141
4.23779,68.53,6.5912
16.8234,68.62,5.862
39.3624,68.57,5.4015
58.9706,68.52,4.8203
78.4932,68.52,1.5594
118.6,68.47,-2.4754
143.172,68.42,-2.5915
156.338,68.44,-3.1297
175.423,68.4,-5.4397
206.655,68.36,-5.8048
197.498,68.36,-5.7312
196.769,68.395,-5.6529
208.375,68.43,-5.7791
222.297,68.45,-6.0189
210.536,68.485,-5.7878
206.787,68.52,-5.7791
151.127,68.52,-3.322
125.999,68.465,-0.94819
80.9986,68.41,4.8527
37.0362,68.56,6.2154
6.21005,68.55,6.3915
-6.59498,68.54,6.42
-14.7064,68.54,6.4113
-7.05393,68.45,6.4178
-6.6885,68.36,6.4132
-7.94257,68.59,6.4909
-6.41773,68.52,6.5853
-9.12896,68.45,6.5783
-6.89892,68.45,6.5402
-7.47754,68.41,6.5409
-6.63273,68.37,6.5714
-6.29657,68.47,6.5601
-5.41216,68.495,6.5765
-5.07838,68.52,6.5795
-5.04537,68.52,6.5967
-5.0354,68.52,6.6283
-5.02797,68.52,6.6742
-5.45458,68.54,6.662
-5.06976,68.56,6.6496
-4.95592,68.58,6.5722
-4.70488,68.58,6.5506
-4.5538,68.595,6.4929
-4.82124,68.61,6.4934
-4.97464,68.55,6.4181
-4.82399,68.605,6.3875
-4.68824,68.66,6.3563
-4.63886,68.66,6.3115
-3.40713,68.7,6.2481
6.81023,68.74,6.3595
28.8179,68.68,5.6728
53.9225,68.71,4.7124
69.5662,68.74,3.2279
98.2451,68.74,-1.6809
106.891,68.705,-3.4429
110.404,68.67,-5.3249
96.1099,68.59,-5.3885
93.8352,68.575,-5.8048
96.3715,68.56,-5.7878
108.464,68.56,-5.7615
114.423,68.55,-5.5529
170.467,68.54,-5.7527
156.451,68.59,-5.2733
210.559,68.605,-5.9882
137.272,68.62,-4.4978
78.09,68.62,5.6185
78.1102,68.585,5.1316
48.4531,68.55,5.7395
32.0759,68.68,5.796
4.03515,68.655,6.2611
-8.10138,68.63,6.2387
-10.4805,68.63,6.3004
-44.8222,68.67,6.5053
-17.0336,68.71,6.5273
-24.2306,68.67,6.4785
-52.7331,68.685,6.2661
-48.3415,68.7,6.1293
-48.0263,68.7,5.7498
-40.9968,68.75,5.6597
-37.169,68.8,5.8578
-36.0607,68.85,6.8045
-32.3402,68.795,6.8987
-29.0939,68.74,6.8597
-32.8552,68.74,6.8597
-30.9498,68.755,7.2003
-26.9644,68.77,7.2003
-28.1873,68.91,7.1724
-22.7428,68.925,7.2003
-12.0977,68.94,6.8222
6.77203,68.94,5.5575
-10.0087,68.96,5.442
-14.6493,68.98,5.5142
-24.863,69.02,5.8578
-19.3974,69.02,5.8578
-13.9686,69.02,5.6597
-24.362,69.02,5.5142
-18.0045,69.085,5.5142
1.13158,69.15,7.0894
45.375,69.16,4.5314
113.357,69.13,-3.1064
146.201,69.1,-5.1111
181.907,69.1,-5.9745
137.009,69.03,-5.8371
155.777,68.96,-8.0304
374.538,68.9,-8.8891
506.099,68.9,-9.486
487.545,68.9,-8.4119
343.793,68.9,-7.9906
359.655,68.905,-8.1144
361.53,68.91,-7.6437
503.589,68.82,-8.8679
236.415,68.95,-6.3509
262.317,69.08,-6.563
161.713,69.08,-4.7885
159.646,69.065,-4.9821
110.401,69.05,-3.8969
41.1633,68.98,-0.5837
-11.9534,68.985,5.6006
-48.2898,68.99,5.8042
-46.6291,68.99,5.947
-37.4621,68.95,6.0414
-47.0603,68.91,6.1435
-41.8652,68.96,6.1453
-43.8695,68.945,6.156
-43.7793,68.93,6.1749
-41.2583,68.93,6.1699
-43.1332,68.88,6.1606
-40.1049,68.83,6.1763
-40.9916,68.92,6.1984
-43.1203,68.965,6.2103
-42.0373,69.01,6.1973
-36.0414,69.01,6.3253
-31.1258,69.03,6.2831
-34.5186,69.05,6.2651
-33.856,68.91,6.2554
-33.4426,68.985,6.2249
-29.3088,69.06,6.2554
-25.5184,69.06,6.2132
-24.6904,69,6.1984
-22.0711,68.94,6.1984
-17.208,69.17,6.2103
-33.9244,69.12,6.2033
-25.5957,69.07,6.1877
-22.3856,69.07,6.1665
-25.5252,69.15,6.1728
-21.2963,69.23,6.0986
10.689,69.48,5.963
32.3666,69.39,5.4903
68.2643,69.3,1.3003
67.0456,69.3,-2.3785
253.232,69.17,-6.8681
231.345,69.04,-6.3271
209.324,68.72,-5.6132
162.314,68.805,-4.5963
186.316,68.89,-5.351
205.04,68.89,-5.5873
259.013,69.14,-6.6724
252.639,69.39,-6.9501
343.788,69.34,-7.752
248.46,69.455,-6.9949
175.246,69.57,-5.3859
159.773,69.57,-4.9346
193.019,69.6,-6.2703
91.5204,69.63,-3.0201
25.2109,69.7,3.1358
-13.6228,69.73,6.1535
-43.9773,69.76,6.486
-32.2815,69.76,6.8961
-32.9371,69.665,7.3933
-37.9886,69.57,7.3933
-31.1467,69.74,7.3933
-27.7586,69.635,7.3933
-24.7657,69.53,7.3933
-32.5964,69.53,7.3933
-60.5668,69.455,7.2694
-38.5511,69.38,7.2864
-38.2817,69.23,7.2864
-36.296,69.255,7.2864
-34.6929,69.28,7.2864
-37.2575,69.28,7.4242
-42.6378,69.3,7.4079
-40.2503,69.32,7.4079
-45.7506,69.57,7.4079
-39.8461,69.62,7.4079
-49.4609,69.67,7.4079
-56.6943,69.67,7.4079
-62.4313,69.75,7.1315
-59.4777,69.83,6.4643
-87.6112,69.73,6.3913
-56.2362,69.785,6.4347
-45.7811,69.84,6.4611
-36.542,69.84,6.4566
-16.6511,69.905,6.4522
-9.90614,69.97,6.492
18.9878,70.06,5.8092
48.4283,69.94,5.2228
37.8577,69.82,5.6022
69.5831,69.82,4.2558
123.331,69.95,-1.234
202.156,70.08,-5.7944
457.432,70.17,-7.8025
428.03,70.185,-7.6738
318.749,70.2,-6.7612
349.789,70.2,-6.6833
267.945,70.265,-6.6339
392.092,70.33,-7.3579
398.37,70.04,-7.3579
487.255,70.23,-8.2557
374.624,70.42,-7.3737
247.088,70.42,-6.4855
200.699,70.37,-6.5857
-9.81473,70.32,4.0325
0.47679,70.43,0.01405
-42.1215,70.485,4.4026
-71.1983,70.54,5.8446
-68.094,70.54,6.6795
-63.4367,70.575,7.0658
-59.5766,70.61,7.0066
-55.9706,70.71,7.017
-52.4631,70.68,7.0206
-53.5274,70.65,7.2607
-51.3325,70.65,6.4815
-48.3857,70.665,6.4757
-46.0231,70.68,6.4628
-34.6053,70.7,6.4685
-10.8022,70.775,7.0626
-44.8784,70.85,7.235
-17.9676,70.85,7.017
-22.7708,70.78,7.0411
-47.6596,70.71,7.0386
-45.9232,70.8,7.235
-40.6238,70.855,7.2089
-43.347,70.91,7.1559
-47.3163,70.91,7.059
-48.5945,70.905,7.017
-46.7746,70.9,7.1543
-46.745,71.07,7.059
-48.9876,71.16,7.059
-52.6314,71.25,7.0601
-56.0206,71.25,7.0601
-52.4161,71.31,7.0411
-32.8494,71.37,5.9801
29.8426,71.22,-2.2128
94.3887,71.22,-3.9158
153.673,71.22,-6.0356
222.93,71.22,-6.6739
306.039,70.95,-6.7869
313.963,70.68,-6.8225
314.288,70.77,-6.8225
486.681,70.64,-9.2912
222.909,70.51,-6.6156
480.029,70.51,-8.9571
517.69,70.595,-9.857
506.12,70.68,-9.6365
453.558,70.59,-8.3336
256.132,70.63,-6.6264
237.326,70.67,-6.2837
123.091,70.67,-4.8089
82.1804,70.755,-3.9131
90.9624,70.84,-4.5235
34.0197,71.08,-2.6663
-40.1753,71.08,4.6484
-69.309,71.08,7.0366
-63.031,71.08,7.0222
-56.4118,71.08,7.235
-51.8887,71.08,7.0597
-50.4402,71.09,6.4798
-48.6921,71.125,6.4628
-45.9346,71.16,6.4433
-42.3776,71.16,6.4315
-39.3625,71.065,5.932
-38.8166,70.97,5.5854
-36.7611,70.99,6.4315
-36.6116,70.99,5.932
-33.9643,70.99,6.4315
-34.2952,70.99,5.9891
-33.9919,70.99,5.9891
-32.0213,70.99,6.4433
-21.8558,71.22,6.4798
-25.6307,71.09,6.4798
-27.3033,70.96,7.0647
-28.2584,70.96,6.7511
-39.9338,71.175,7.0866
-19.9925,71.39,6.7406
-9.46426,71.37,5.4773
-38.7729,71.235,6.6055
NA,71.1,5.8854
9.20907,71.1,6.0609
20.4147,71.14,5.9709
60.589,71.18,0.97798
150.095,70.96,-5.2912
172.533,70.955,-5.699
367.74,70.95,-8.47
337.514,70.95,-7.5719
259.023,70.83,-6.1044
435.443,70.71,-8.0117
396.83,70.64,-7.963
518.147,70.275,-9.8477
505.14,69.91,-9.1191
353.276,69.91,-7.463
232.829,69.86,-6.8784
-63.418,69.81,6.5485
-0.162327,68.52,6.3914
42.8077,67.525,3.991
7.20946,66.53,5.0602
13.26,66.53,4.8446
0.431285,65.91,5.0909
-21.7023,65.29,5.4486
-70.3723,64.57,6.6586
-71.9698,64.45,6.717
-75.5487,64.33,6.5186
-73.278,64.33,6.3479
-76.9227,64.175,6.1784
-78.3455,64.02,6.256
-76.024,63.72,6.2217
-72.8032,63.655,6.122
-72.0398,63.59,6.0748
-69.7393,63.59,6.0748
-68.6033,63.525,6.1497
-75.1505,63.46,6.0308
-76.7503,63.29,5.6569
-106.969,63.335,5.4966
-149.482,63.38,5.8892
-100.046,63.38,5.8892
-93.8743,63.5,6.2396
-92.4648,63.62,6.2879
-93.1582,63.39,6.3367
-92.6982,63.445,7.0275
-92.3138,63.5,7.0066
-92.6825,63.5,7.0386
-94.477,63.465,7.2354
-94.6955,63.43,7.2089
-93.3574,63.47,7.0335
-92.997,63.48,6.4794
-92.5723,63.49,6.4798
-79.1525,63.49,7.0935
-14.6268,63.525,1.5861
56.9206,63.56,-1.7911
140.427,63.61,-6.1251
223.462,63.675,-6.3067
299.842,63.74,-7.0515
368.314,63.74,-7.8941
421.515,63.53,-7.9714
462.908,63.32,-8.3568
489.269,63.16,-8.464
497.069,63.34,-8.5645
491.021,63.52,-8.5645
471.318,63.52,-8.464
432.047,63.35,-8.2168
384.695,63.18,-7.8172
317.806,63.07,-7.7418
242.88,63.33,-6.585
159.746,63.59,-6.1657
78.8871,63.59,-5.149
7.60318,63.52,-0.53629
-50.9138,63.45,3.6378
-72.8736,63.6,6.4684
-67.6355,63.615,6.4433
-64.4473,63.63,5.7396
-61.2275,63.63,5.668
-61.7392,63.62,5.668
-60.233,63.61,5.668
-57.0057,63.71,5.668
-56.5353,63.67,5.668
-56.2072,63.63,5.668
-53.0936,63.63,5.668
-54.8169,63.68,5.1703
-55.9078,63.73,5.1703
-57.1117,63.77,5.668
-56.4603,63.79,5.7396
-52.0684,63.81,5.668
-51.4854,63.81,5.668
-53.2874,63.85,5.1703
-54.852,63.89,5.1703
-55.0314,63.67,5.668
-53.5262,63.705,5.668
-51.5183,63.74,5.668
-49.6816,63.74,5.668
-45.5575,63.805,5.668
-47.2621,63.87,5.668
-49.5219,63.92,5.668
-50.8605,64.065,5.668
-48.4347,64.21,5.668
-37.9829,64.21,5.7396
23.3102,64.215,0.52599
81.1275,64.22,-1.7911
156.96,64.17,-6.1251
235.092,64.16,-6.1657
310.256,64.15,-6.585
377.228,64.15,-7.7405
431.438,63.995,-7.6738
469.358,63.84,-8.2914
490.367,63.52,-8.6367
500.517,63.405,-9.1251
488.581,63.29,-9.1212
468.047,63.29,-8.0645
428.664,63.435,-7.36
378.814,63.58,-6.5619
317.774,63.71,-6.2305
242.141,63.775,-5.9164
159.43,63.84,-6.4012
77.7599,63.84,-4.747
7.94999,63.825,-0.63041
-40.803,63.81,4.6567
-59.5964,64.09,7.2094
-55.0767,64.09,7.0072
-50.5348,64.09,6.4798
-47.5483,64.09,6.4628
-45.0284,64.16,6.4489
-43.2649,64.23,5.9891
-42.5133,64.39,5.5854
-41.2892,64.38,5.5854
-40.4303,64.37,5.7396
-40.7036,64.37,5.668
-38.0876,64.37,5.668
-39.5597,64.37,5.7396
-38.8306,64.31,5.668
-37.182,64.375,5.668
-37.0228,64.44,5.668
-37.823,64.44,5.668
-37.3279,64.42,5.668
-37.8469,64.4,5.668
-41.2917,64.33,5.668
-31.9656,64.385,5.668
-33.235,64.44,5.668
-34.3873,64.44,5.668
-34.0988,64.44,5.4763
-33.7605,64.44,5.668
-32.5762,64.52,5.668
-32.4135,64.64,5.668
-30.145,64.76,5.668
-17.6608,64.76,5.7396
39.8041,64.82,0.52156
120.377,64.88,-3.6245
175.1,64.73,-5.4438
243.688,64.6,-6.6339
323.963,64.47,-6.7766
369.429,64.47,-7.5965
404.885,64.525,-7.4105
448.052,64.58,-7.4476
472.305,64.47,-7.2066
483.037,64.43,-7.2066
465.576,64.39,-8.1096
442.787,64.39,-7.8092
411.516,64.445,-7.1432
362.887,64.5,-8.1069
305.525,64.49,-10.001
233.266,64.47,-6.3256
156.488,64.45,-3.4962
75.4489,64.45,-2.0747
17.8415,64.425,-0.97162
-30.494,64.4,4.8177
-32.768,64.51,6.2548
-28.0846,64.6,5.3304
-37.145,64.69,6.1789
-38.817,64.69,7.0658
-31.3299,64.67,7.0863
-19.2289,64.65,7.0866
-31.9141,64.66,7.0247
-26.0502,64.705,7.0415
-29.5745,64.75,7.0601
-27.6093,64.75,7.059
-27.9838,64.755,7.2354
-26.4853,64.76,7.2089
-28.7225,64.79,7.2354
-27.4794,64.795,6.9894
-24.7459,64.8,6.9894
-25.913,64.8,7.0626
-25.4175,64.77,6.4798
-23.142,64.74,6.4815
-23.7434,64.79,6.4815
-21.6248,64.87,7.0072
-16.8345,64.95,7.0626
-7.46572,64.95,7.235
-16.4105,64.96,7.2607
-20.3321,64.97,7.0072
-16.5555,65.06,7.2607
-20.032,65.055,7.0072
-10.1972,65.05,7.2089
20.6147,65.05,6.7279
64.7479,65.1,2.782
101.022,65.15,-2.6994
158.192,65.02,-5.485
185.258,64.975,-7.0627
291.954,64.93,-6.6963
355.217,64.93,-8.8781
402.221,64.895,-7.7616
444.627,64.86,-7.3776
461.303,64.66,-7.2608
425.384,64.64,-7.2105
398.111,64.62,-7.3739
467.162,64.62,-7.7093
283.768,64.64,-5.6848
376.055,64.66,-7.8926
310.428,64.84,-6.4431
179.953,64.89,-4.9643
118.196,64.94,-2.7618
42.3194,64.94,-0.9539
4.28402,64.855,0.95868
-34.459,64.77,4.2412
-57.3136,65,6.2512
-54.8946,65.065,6.5251
-40.7963,65.13,6.3291
-8.11868,65.13,6.3052
-20.0521,65.035,6.2775
-20.8506,64.94,6.373
-34.0127,65.08,6.6155
-20.2811,65.085,6.6919
-11.975,65.09,6.3461
-10.5761,65.09,6.2209
-20.6952,65.07,6.2212
-7.34729,65.05,6.3461
-0.50114,65.04,6.7946
-6.9505,64.945,6.6617
-10.9409,64.85,6.6456
-17.2231,64.85,6.6933
-1.19136,64.965,6.7183
-4.90037,65.08,6.7692
-0.965427,65.07,6.8229
-1.69124,65.08,6.8808
-3.80578,65.09,6.9346
-8.0356,65.09,7.1514
-15.3894,65.145,7.2179
-12.6527,65.2,7.2714
-12.4089,65.29,7.3375
-5.53022,65.265,7.3026
-12.1127,65.24,7.1735
-12.6683,65.24,7.1601
17.1403,65.435,4.9676
60.0316,65.63,6.638
79.2595,65.52,2.5306
121.388,65.61,3.6962
147.124,65.7,-6.1937
190.581,65.7,-6.201
161.176,65.665,-5.2259
227.628,65.63,-6.6718
220.171,65.47,-6.4218
303.687,65.49,-6.1523
77.9194,65.51,-0.24555
263.007,65.51,-6.4647
188.956,65.38,-5.8332
40.307,65.25,-1.2472
60.8066,65.47,-1.2841
80.5779,65.47,-3.8073
64.2551,65.47,-2.7757
17.4314,65.47,3.6591
-2.96383,65.445,6.1466
-14.7804,65.42,7.052
-36.7086,65.51,7.3422
-40.5692,65.555,7.1892
-39.4924,65.6,7.1406
-46.812,65.6,7.1992
-46.8161,65.575,7.2692
-47.0837,65.55,7.3516
-44.9198,65.64,7.3914
-39.8089,65.625,6.7894
-36.3435,65.61,6.3474
-33.521,65.61,6.4861
-32.4445,65.625,6.4589
-30.2473,65.64,5.3554
-28.7353,65.71,5.6708
-26.3855,65.715,6.0768
-24.3666,65.72,6.7071
-25.883,65.72,6.7329
-23.0908,65.725,6.7071
-22.6673,65.73,6.2138
-24.0467,65.8,6.1251
-21.4923,65.935,6.1626
-22.2674,66.07,6.1626
-22.0175,66.07,6.1434
-18.7475,66.015,6.0812
-17.5381,65.96,6.0299
-23.8439,66.17,6.0561
-21.1271,66.225,6.0278
-23.218,66.28,6.0288
-6.94734,66.28,6.0213
36.7103,66.29,4.383
91.4289,66.3,0.78226
164.082,66.17,-5.6891
212.108,66.195,-6.3024
144.78,66.22,-6.6209
184.387,66.22,-7.629
337.971,66.17,-8.5088
442.108,66.12,-6.8207
469.82,65.99,-7.1903
461.681,65.95,-7.1903
478.043,65.91,-8.2226
464.405,65.91,-7.777
370.979,65.975,-7.8738
380.908,66.04,-7.3735
289.92,66.16,-6.4563
235.168,66.11,-5.8345
154.829,66.06,-4.9643
83.3864,66.06,-3.4213
-24.1905,66.065,3.7148
-45.9439,66.07,6.5696
-54.6113,66.04,7.133
-48.7236,66.04,7.125
-47.7956,66.04,7.2632
-46.0982,66.04,7.3067
-44.2592,66.105,7.3096
-39.3334,66.17,7.1949
-37.876,66.25,7.2529
-38.997,66.21,6.43
-36.4115,66.17,5.584
-28.9485,66.17,5.584
-23.8711,66.2,5.742
-22.8392,66.23,5.9943
-23.4415,66.34,6.4498
-23.4325,66.43,5.9943
-24.5301,66.52,6.4425
-26.4901,66.52,6.4458
-24.4508,66.515,6.1331
-23.6869,66.51,6.7118
-22.8329,66.35,7.9252
-23.1892,66.48,7.38
-24.8475,66.61,6.513
-29.9214,66.61,7.1737
-40.8808,66.64,7.1557
-42.1679,66.67,7.3691
-43.5967,66.52,7.2729
-38.5795,66.69,7.2583
-39.491,66.86,7.3901
-33.1502,66.86,7.4277
23.0495,66.8,4.4645
94.108,66.74,-3.9604
155.616,66.82,-6.201
216.517,66.815,-6.2841
227.944,66.81,-6.2959
352.095,66.81,-8.1057
345.674,66.715,-6.8379
317.536,66.62,-5.7377
405.804,66.5,-7.594
402.252,66.55,-7.4346
315.007,66.6,-5.9273
252.237,66.6,-5.7242
302.583,66.54,-6.1143
295.494,66.48,-5.9569
272.624,66.52,-6.1734
243.14,66.53,-5.9352
169.295,66.54,-5.4981
86.143,66.54,-3.2586
21.2212,66.555,0.040665
-37.6849,66.57,3.582
-57.8227,66.65,5.1226
-57.3576,66.655,7.3543
-55.8209,66.66,7.4085
-55.1996,66.66,7.4067
-57.7715,66.745,7.4547
-53.1903,66.83,7.4562
-54.6834,66.78,7.5151
-48.9526,66.79,7.4437
-39.1911,66.8,7.2179
-35.0545,66.8,7.5525
-37.6284,66.77,7.6564
-39.8233,66.74,7.8998
-37.4552,66.83,7.4824
-33.5592,66.83,7.5238
-32.2196,66.83,7.8228
-31.4072,66.83,7.485
-29.7373,66.845,7.485
-31.5294,66.86,7.7758
-34.4412,66.86,7.5213
-32.4308,66.875,7.4679
-32.6158,66.89,7.9562
-37.1179,66.89,7.8616
-35.9014,66.94,7.5213
-34.5741,66.99,7.8616
-37.8647,67.09,7.7765
-43.6034,67.135,7.3561
-40.2488,67.18,7.3716
-33.1976,67.18,7.8246
20.2305,67.2,3.7995
50.4487,67.22,3.6274
101.225,67.12,3.1452
168.887,67.18,-5.5273
199.061,67.24,-6.3358
379.505,67.24,-7.0094
417.15,67.185,-7.365
434.712,67.13,-7.1474
423.691,66.97,-7.1736
398.066,67.045,-7.3507
460.228,67.12,-7.3341
506.947,67.12,-7.2383
241.156,67.12,-5.8185
136.176,67.12,-3.8637
301.997,67.13,-6.0576
290.133,67.09,-6.0686
85.2603,67.05,-1.9564
41.407,67.05,0.65303
-4.985,67.075,2.4582
-31.3889,67.1,3.752
-57.3901,67.24,6.4971
-57.1421,67.2,6.7059
-58.9212,67.16,6.7196
-60.6618,67.16,6.8337
-55.661,67.195,7.2188
-49.7618,67.23,7.3729
-43.227,67.35,7.2349
-19.8306,67.27,7.0709
-47.4604,67.19,7.1808
-51.2649,67.19,7.3273
-50.4949,67.2,7.4354
-46.1105,67.21,7.7723
-40.0313,67.32,7.8137
-36.7012,67.285,7.7828
-35.9646,67.25,7.7018
-33.9204,67.25,7.8697
-33.3365,67.295,7.3716
-31.5941,67.34,7.7311
-28.7216,67.4,7.5405
-10.7782,67.43,7.5285
-5.44436,67.46,7.6901
-20.8183,67.46,7.5822
-18.1457,67.585,7.7633
16.203,67.71,7.3716
3.61966,67.55,7.5213
-12.2251,67.59,7.1675
-3.77384,67.63,7.5213
-3.92238,67.63,7.5782
17.6778,67.715,4.4962
85.8645,67.8,-3.8473
149.981,67.81,-6.3743
212.389,67.815,-6.0419
253.633,67.82,-6.1237
288.73,67.82,-5.8956
329.162,67.84,-6.1679
335.347,67.86,-6.2115
394.28,67.66,-7.0956
373.818,67.625,-7.0676
299.226,67.59,-5.8564
349.732,67.59,-6.4713
431.509,67.58,-6.9435
312.012,67.57,-6.0697
291.708,67.63,-6.0576
147.432,67.62,-4.1588
57.6203,67.61,0.55437
33.886,67.61,2.2515
14.5761,67.63,4.7053
-38.7218,67.65,4.9146
-48.7502,67.72,5.7376
-40.4644,67.73,6.7334
-33.3893,67.74,6.7059
-33.8392,67.74,6.6814
-33.1131,67.785,6.6814
-33.2524,67.83,6.9981
-31.4614,67.89,7.3056
-27.9085,67.855,7.2454
-21.2586,67.82,6.9004
-33.4179,67.82,6.7674
-34.1085,67.8,6.7065
-36.205,67.78,6.7891
-35.5898,67.74,6.9685
-35.1643,67.78,6.8828
-32.2044,67.82,6.733
-33.3632,67.82,6.7978
-31.0963,67.83,6.9343
-27.9678,67.84,6.9775
-26.6266,67.86,7.0714
-26.3922,67.925,7.3273
-20.8075,67.99,7.1599
-25.7761,67.99,7.1599
-25.7986,67.985,7.2067
-24.3193,67.98,6.9904
-24.1495,68.02,6.7978
-21.5179,67.99,6.6814
-27.3486,67.96,6.6814
-22.8556,67.96,6.5487
20.7625,68.165,2.9789
102.261,68.37,-3.487
107.338,68.45,-3.4818
221.119,68.425,-5.731
279.538,68.4,-5.9218
340.375,68.4,-6.6589
350.601,68.435,-6.6124
373.682,68.47,-7.0896
357.702,68.12,-6.6194
414.758,68.105,-6.7936
333.952,68.09,-6.0576
197.769,68.09,-4.446
164.82,68.07,-3.8422
74.095,68.05,-6.3467
91.1878,68.07,-6.2834
63.8447,68.135,-0.18329
22.9728,68.2,0.31146
49.1021,68.2,0.68371
-3.03352,68.2,5.198
-44.9542,68.2,5.3748
-43.7169,68.34,5.3748
-33.9968,68.32,5.3748
-20.6036,68.3,5.3748
-18.4716,68.3,5.3748
-18.3058,68.245,5.3748
-32.3758,68.19,5.3343
-28.0094,68.3,5.46
-31.9829,68.33,5.3343
-35.5217,68.36,5.3748
-33.8962,68.36,5.3748
-36.6969,68.26,5.3748
-34.8318,68.16,5.3748
-33.9751,68.14,5.3748
-30.1796,68.335,5.3748
-24.117,68.53,5.3748
-15.3968,68.53,5.3748
-19.8414,68.375,4.7014
-24.4104,68.22,5.137
-11.5842,65.51,5.137
-10.6604,63.69,4.8842
-12.0155,61.87,5.137
-14.7444,61.87,5.1205
-7.92603,55.61,5.1205
-9.92995,49.35,5.1205
-7.30668,47.04,5.137
-7.90915,46.69,5.137
-10.8987,46.34,4.8842
-9.0521,46.34,4.7446
-3.27894,45.905,5.0072
-6.17256,45.47,5.0199
-3.49911,44.22,4.9997
9.92732,44.105,4.2851
63.1047,43.99,-0.13629
65.7055,43.99,-0.6539
50.7795,43.895,0.1522
41.0184,43.8,0.5849
31.5192,43.48,1.0316
51.2386,39.975,0.1522
-2.84691,36.47,3.3821
0.404739,36.47,6.7196
0.80837,34.065,6.7315
5.03097,31.66,6.77
0.924482,29.41,6.6941
-4.45587,28.545,6.6941
-4.55348,27.68,6.6941
-4.85211,27.68,6.7466
-6.71848,27.145,6.75
-9.63209,26.61,6.9343
-8.80741,25.64,6.8655
-10.3329,25.395,6.7976
-11.7035,25.15,6.7919
-12.6606,25.15,6.7727
-17.7293,25.365,6.674
-10.1791,25.58,6.7623
-5.38089,25.51,6.8657
-3.54829,25.635,6.9003
-13.4549,25.76,6.8461
-2.55105,25.76,6.8068
-4.54421,25.96,6.8346
-3.43905,26.16,6.9003
-2.10746,26.16,7.4626
-3.35443,26.285,7.5607
-3.14712,26.41,7.4821
-3.78704,26.41,7.5521
-4.68576,26.74,7.6052
-4.72977,27.07,7.5767
-3.95728,27.23,7.5921
-3.99088,27.505,7.4614
-4.15842,27.78,7.3461
-4.51845,27.78,7.1864
-4.5132,27.905,7.345
-9.44949,28.03,7.3576
-5.80519,28.38,7.3131
-6.70062,28.53,7.251
-7.04066,28.68,7.282
-7.03107,28.68,7.3933
-3.09128,28.81,7.3997
9.1667,28.94,6.3855
10.0229,29.04,6.32
27.615,29.19,5.0476
40.1091,29.34,3.0375
48.9432,29.34,1.2739
48.7351,29.525,0.47649
43.7084,29.71,1.0436
59.8876,29.63,-0.5985
52.888,29.795,0.12206
33.404,29.96,2.0604
80.1985,29.96,-0.5985
62.382,30.16,1.2739
49.2783,30.36,2.7152
78.6401,30.68,1.2739
72.318,30.77,2.0604
62.5506,30.86,3.0375
49.9305,30.86,4.095
16.0853,31.025,6.0213
-13.3763,31.19,7.7392
-29.8112,31.51,7.9292
-39.5564,31.605,6.857
-45.2681,31.7,6.6675
-49.2338,31.7,6.602
-46.9078,31.775,7.0874
-62.6892,31.85,7.9259
-55.6551,32.07,8.3316
-51.9231,32.205,8.3997
-51.3724,32.34,8.3333
-48.7863,32.34,8.4151
-46.1393,32.42,8.2293
-44.3175,32.5,8.0219
-41.6331,32.64,7.8354
-40.2602,32.755,8.0219
-41.7393,32.87,7.8354
-38.0847,32.87,7.4988
-34.6508,32.97,7.5137
-28.3028,33.07,7.4988
-18.7553,33.36,8.0219
-40.2296,33.395,7.4869
-45.1411,33.43,6.9594
-43.9514,33.43,6.8214
-41.1104,33.595,6.7352
-40.2359,33.76,6.7588
-38.0358,33.89,6.8214
-37.5605,33.94,6.9043
-37.1883,33.99,6.6779
-32.3981,33.99,7.4902
10.1765,34.115,5.7905
78.8199,34.24,-0.029092
137.24,34.37,-4.1355
185.459,34.425,-5.4106
222.379,34.48,-4.7454
289.123,34.48,-5.5219
366.803,34.485,-5.94
405.566,34.49,-6.535
428.911,34.48,-6.649
438.236,34.56,-6.7597
430.601,34.64,-6.7191
410.129,34.64,-6.7222
378.348,34.78,-6.3281
326.619,34.92,-5.7969
271.365,35.12,-5.7595
179.86,35.05,-5.4219
121.51,34.98,-4.126
53.6296,34.98,-2.9163
-4.14935,35.15,-0.14394
-52.4749,35.32,5.7959
-63.0016,35.63,6.6666
-60.1823,35.655,7.5072
-56.2782,35.68,8.1066
-51.6454,35.68,8.0822
-48.3289,35.77,8.1308
-46.0349,35.86,8.1442
-44.1408,35.98,8.2778
-45.2085,36.05,8.2597
-44.8149,36.12,8.2778
-43.77,36.12,8.2778
-42.79,36.185,8.0647
-40.0984,36.25,7.6922
-37.8657,36.21,7.7004
-33.8871,36.29,8.0219
-33.6269,36.37,8.0219
-33.0199,36.37,8.1442
-34.4541,36.46,8.1308
-35.3035,36.55,8.0822
-23.6125,36.74,8.0831
-36.2217,36.775,7.6434
-42.9856,36.81,7.6319
-42.295,36.81,8.1824
-36.7333,36.855,8.1431
-34.4647,36.9,8.0851
-34.0781,36.95,7.5099
-37.8085,37.095,7.0257
-38.4527,37.24,6.8695
-36.5668,37.24,6.7901
16.7912,37.3,3.5508
53.8026,37.36,1.8236
97.6914,37.45,0.29284
123.564,37.435,-4.3363
242.247,37.42,-6.6018
320.438,37.42,-6.6079
363.732,37.485,-7.2105
401.562,37.55,-6.8993
376.025,37.38,-6.5352
302.923,37.265,-6.3734
252.825,37.15,-7.2341
139.964,37.15,-2.1087
72.2686,37.32,1.2597
181.926,37.49,-4.2751
241.604,37.83,-6.7578
168.967,37.87,-3.7658
68.7378,37.91,1.0943
57.5734,37.91,0.99014
9.65122,37.79,0.58449
-43.7904,37.67,3.3354
-58.7186,37.92,5.2054
-54.4595,37.995,5.1272
-58.3084,38.07,5.2134
-60.2252,38.07,5.2134
-58.5839,38.155,5.1977
-58.3613,38.24,4.9682
-51.0324,38.3,4.9441
-59.6711,38.435,5.1977
-59.0167,38.57,5.2134
-57.016,38.57,5.1977
-33.7042,38.67,4.7003
-11.6223,38.77,5.2134
-43.5599,38.64,5.1272
-45.2102,38.655,5.2054
-51.2661,38.67,5.1625
-52.2945,38.67,6.2311
-52.6307,38.79,6.5144
-50.3439,38.91,6.1855
-76.7889,38.94,6.9181
-78.4792,39.045,6.0642
-72.1814,39.15,5.5162
-65.9985,39.15,5.8401
-59.9362,39.235,5.8497
-71.7477,39.32,6.1717
-88.2634,39.54,6.0083
-86.1509,39.67,5.6075
-89.1664,39.8,7.2271
-70.1266,39.8,7.9974
-31.3438,39.9,3.2265
28.6763,40,-0.5429
96.0859,39.98,-3.6273
173.983,40.03,-4.078
251.256,40.08,-5.3838
315.583,40.08,-5.6256
368.372,40.035,-6.4695
407.973,39.99,-6.696
432.908,39.86,-6.7097
440.842,39.905,-6.8009
437.5,39.95,-6.8009
416.83,39.95,-6.6924
379.209,39.99,-6.6252
334.481,40.03,-6.1241
268.734,40.18,-5.2959
200.229,40.235,-5.1061
121.458,40.29,-4.0429
47.0551,40.29,-3.217
-14.6379,40.375,-0.023738
-65.4274,40.46,6.6479
-71.372,40.65,7.9842
-66.9074,40.695,8.2408
-61.9039,40.74,6.924
-57.578,40.74,7.1268
-55.3882,40.835,6.9043
-55.0628,40.93,6.5545
-53.8419,40.91,6.8455
-52.2295,41.01,6.5545
-52.8329,41.11,6.7852
-51.4882,41.11,6.4272
-50.378,41.095,6.7324
-53.5902,41.08,6.7324
-50.1011,41.32,6.6492
-50.1707,41.275,6.4647
-52.0365,41.23,6.5545
-56.1537,41.23,6.7902
-54.4642,41.27,6.7852
-52.7086,41.31,6.4272
-51.9467,41.47,6.7683
-50.5713,41.505,6.4272
-50.4198,41.54,6.6492
-50.1247,41.54,6.2822
-50.0261,41.585,6.6254
-56.9121,41.63,6.2822
-42.984,41.68,6.4676
-44.3965,41.76,6.4676
-45.2443,41.84,6.6115
-39.7086,41.84,6.2822
-2.77396,41.955,4.8148
67.5094,42.07,-1.7569
132.834,42.04,-3.5244
172.682,42,-5.1061
253.365,41.96,-4.8988
314.769,41.96,-5.5022
360.24,41.9,-6.1954
393.033,41.84,-6.6552
411.618,41.77,-6.6906
424.284,41.79,-6.6924
421.306,41.81,-6.7108
404.332,41.81,-6.6967
367.23,42.005,-6.5565
319.922,42.2,-6.1767
260.516,42.33,-5.419
189.463,42.32,-5.4534
115.465,42.31,-4.1278
42.4516,42.31,-2.9843
-21.0924,42.415,0.8471
-76.4739,42.52,5.4412
-95.2486,42.51,5.2703
-90.9603,42.56,5.5967
-75.0688,42.61,5.9338
-66.5007,42.61,6.0872
-60.8842,42.62,5.5774
-57.9752,42.63,6.1713
-76.6547,42.75,6.8824
-83.2536,42.825,6.2647
-70.8704,42.9,6.0249
-73.8789,42.9,6.8021
-83.5873,42.95,6.2647
-81.4122,43,6.025
-67.8323,43.01,8.7024
-62.5919,43.075,7.777
-72.2742,43.14,5.9512
-88.1567,43.14,6.3001
-88.5828,43.2,6.0249
-87.7501,43.26,5.9904
-86.7413,43.4,5.8669
-85.4927,43.445,6.0872
-84.3209,43.49,6.3477
-82.7699,43.49,6.2019
-82.5911,43.54,6.0701
-80.6782,43.59,5.9815
-81.651,43.71,6.025
-82.9023,43.72,6.2465
-80.4967,43.73,6.3122
-78.1967,43.73,6.051
-47.3833,43.755,5.3637
16.6211,43.78,-1.8123
85.73,43.97,-3.2148
157.862,43.88,-5.0601
233.967,43.79,-6.1315
296.595,43.79,-6.0524
346.458,43.825,-6.5797
385.5,43.86,-6.871
408.467,43.97,-6.9611
420.319,43.96,-6.9914
411.673,43.95,-6.9611
395.645,43.95,-6.9611
365.763,43.94,-6.3404
317.817,43.93,-5.7574
262.736,44.15,-5.9957
191.268,43.895,-6.3672
116.111,43.64,-4.6654
43.3402,43.64,-3.2583
-15.7376,43.86,-1.9794
-65.3281,44.08,5.3165
-69.0386,44.21,8.7024
-66.0179,44.21,7.654
-60.4008,44.21,7.654
-55.8877,44.21,8.0786
-55.5287,44.31,7.9619
-52.291,44.41,7.9603
-51.5354,44.43,6.2096
-51.3123,44.495,6.2536
-50.6206,44.56,6.2096
-53.1634,44.56,6.8305
-50.9767,44.575,6.8305
-51.3654,44.59,6.8305
-50.0403,44.65,6.798
-48.4012,44.725,6.7566
-48.6387,44.8,6.7566
-49.3979,44.8,6.798
-47.9925,44.77,6.8305
-44.1591,44.74,6.7566
-43.8618,44.77,6.798
-44.7462,44.83,6.7782
-45.4041,44.89,6.7566
-46.2234,44.89,6.798
-43.553,44.945,6.798
-46.0211,45,6.1307
NA,45.03,7.4671
-46.056,45.08,6.9418
-46.551,45.13,6.8305
-42.7692,45.13,6.798
-12.0158,45.23,7.4395
37.729,45.33,-2.2666
134.21,45.34,-3.7206
185.876,45.28,-5.2281
249.269,45.22,-6.4236
340.016,45.22,-5.7901
351.885,45.155,-6.1611
391.6,45.09,-6.3382
417.011,44.83,-6.6274
422.765,44.81,-6.6493
417.054,44.79,-6.6493
393.596,44.79,-6.6151
365.711,44.805,-6.543
311.364,44.82,-5.7178
253.434,45.03,-5.6064
193.154,44.955,-5.1527
119.511,44.88,-4.2193
50.2118,44.88,-3.0751
-6.63348,45.02,0.57964
-47.7577,45.16,6.1656
-51.6687,45.38,6.0872
-45.7701,45.38,6.0332
-42.724,45.38,7.7432
-40.2771,45.38,7.9351
-38.3533,45.44,7.9225
-37.6007,45.5,8.1833
-37.7976,45.52,7.265
-36.3359,45.56,7.265
-34.8574,45.6,7.7364
-34.0929,45.6,7.7364
-32.6687,45.635,7.654
-31.0514,45.67,7.7364
-30.5427,45.66,7.654
-29.5966,45.68,7.654
-28.988,45.7,7.654
-28.2384,45.7,7.265
-27.4062,45.745,7.8757
-28.0454,45.79,7.9351
-29.2924,45.87,8.7024
-28.802,45.935,6.025
-31.1913,46,7.777
-31.3914,46,8.1833
-31.8823,45.965,7.9225
-32.3321,45.93,8.1208
-29.9027,46.05,7.654
-28.7113,46.07,7.8848
-38.4304,46.09,7.8848
-25.0344,46.09,7.7364
11.2009,46.22,5.1904
83.8826,46.35,-1.9428
140.417,46.33,-1.2652
191.672,46.285,-4.4386
238.075,46.24,-5.4763
308.774,46.24,-5.7705
357.02,46.155,-6.1167
397.15,46.07,-6.9609
420.804,46.12,-7.0094
429.981,46.175,-7.4683
421.663,46.23,-7.1891
401.07,46.23,-7.2191
368.605,46.255,-6.9183
323.312,46.28,-6.3106
263.234,46.44,-6.7089
191.865,46.33,-7.7131
120.528,46.22,-4.3381
50.7391,46.22,-3.3239
-7.59345,46.22,-0.50906
-54.1647,46.22,4.469
-67.4159,46.35,4.9653
-66.9057,46.375,4.8196
-62.7262,46.4,5.6568
-56.2453,46.4,5.585
-53.4302,46.49,6.8426
-44.1738,46.58,7.0894
-40.1365,46.65,6.6027
-48.6808,46.635,6.6027
-47.5187,46.62,6.6096
-43.4822,46.62,7.5118
-39.4096,46.64,5.8575
-36.2929,46.66,6.0872
-34.5007,46.72,6.2019
-30.3586,46.695,6.025
-29.1082,46.67,6.2465
-28.1806,46.67,6.3122
-27.9276,46.765,6.2465
-26.0032,46.86,6.7976
-27.0521,46.87,7.11
-25.7198,46.895,7.9351
-25.9834,46.92,7.9351
-26.2679,46.92,7.9351
-26.2117,47.03,6.3122
-23.6561,47.14,5.9129
-28.8929,46.98,6.7178
-27.6505,47.06,7.8757
-27.3329,47.14,7.11
-24.7222,47.14,6.3122
5.14342,47.21,4.8517
75.5328,47.28,2.4722
129.702,47.23,-3.5188
173.54,47.22,-4.4538
234.138,47.21,-6.286
302.113,47.21,-6.7546
353.616,47.165,-6.4012
394.091,47.12,-6.974
417.63,47.23,-7.355
420.866,47.205,-7.2622
417.713,47.18,-7.2191
398.623,47.18,-7.2191
365.449,47.305,-6.4733
318.911,47.43,-6.0221
257.69,47.45,-6.7089
187.173,47.4,-7.2041
116.084,47.35,-4.3381
47.7281,47.35,-3.3359
-8.60574,47.28,-0.50906
-50.1909,47.21,4.7022
-52.7543,47.45,5.5019
-45.8709,47.46,6.0326
-42.2985,47.47,6.8779
-39.1122,47.47,6.1962
-37.9858,47.45,6.1195
-38.3241,47.43,6.1962
-36.1493,47.59,5.7918
-33.3462,47.61,5.9321
-32.7308,47.63,6.0451
-32.8038,47.63,5.8292
-30.7701,47.62,5.9819
-30.2714,47.61,6.1413
-30.7355,47.73,6.3728
-30.204,47.725,6.3176
-28.3189,47.72,7.4921
-29.581,47.72,7.4921
-29.1439,47.84,8.5128
-27.8985,47.96,8.3038
-26.8024,47.82,8.7024
-25.3886,47.915,8.7024
-23.5172,48.01,8.5842
-15.8915,48.01,7.9351
-17.6326,48.045,7.4921
-8.90608,48.08,5.9504
-9.41512,48.1,6.0969
-14.8754,48.16,6.3176
-18.7952,48.22,5.7322
-8.72664,48.22,5.5506
22.0153,48.315,5.1808
50.8095,48.41,2.6116
64.028,48.27,1.4044
99.1858,48.19,-1.0962
118.565,48.11,-2.9035
141.122,48.11,-3.0051
162.859,48.065,-4.5612
204.748,48.02,-6.1817
268.734,47.92,-7.0001
298.055,47.935,-6.7199
268.624,47.95,-6.987
291.675,47.95,-7.0039
249.944,47.99,-7.158
119.953,48.03,-3.1035
167.253,48.11,-3.7215
149.176,48.005,-3.5622
75.0569,47.9,-0.42931
42.3942,47.9,0.32666
12.7283,47.975,4.1194
-13.6431,48.05,3.9156
-15.5234,48.03,4.1322
-10.9014,48.01,4.0739
-14.0827,47.99,3.9539
-21.9768,47.99,3.9067
-5.62815,47.935,3.9067
-5.65746,47.88,3.9067
-8.991,48.13,3.8991
-6.06485,48.055,3.8991
-4.52192,47.98,3.8888
-1.7628,47.98,3.8982
-3.49421,48.035,3.8964
-2.60202,48.09,3.8862
-12.1451,47.99,3.9002
-13.1022,48.025,3.8822
-20.5509,48.06,3.8029
-18.5896,48.06,3.7829
-6.64592,48.045,3.7879
-0.658125,48.03,3.7796
-3.31641,48.33,3.9029
-7.86325,48.375,3.8955
-6.10563,48.42,3.8403
-3.03014,48.42,3.8966
-4.1511,48.32,3.8955
-5.06179,48.22,3.9046
-8.20343,48.24,3.8848
-16.1975,48.19,3.8068
-33.008,48.14,3.83
-28.5961,48.14,3.7557
-22.2616,48.225,3.7557
14.3466,48.31,1.5083
9.26572,48.45,0.21242
74.3515,48.525,-4.2862
94.8369,48.6,-4.4903
196.11,48.6,-6.1675
304.484,48.505,-6.0858
372.931,48.41,-6.6358
384.548,48.48,-6.7643
380.276,48.515,-6.6113
420.702,48.55,-7.1501
423.454,48.55,-7.2099
373.848,48.59,-6.6187
316.472,48.63,-6.0553
260.858,48.85,-5.782
134.865,48.775,-4.3427
122.221,48.7,-4.3427
67.369,48.7,-3.058
-29.9657,48.8,2.236
-65.5333,48.9,4.4867
-77.7238,49.03,4.0635
-78.9375,48.995,5.1643
-75.8397,48.96,5.4632
-76.9404,48.96,5.5946
-78.3971,49.02,5.2236
-75.0037,49.08,5.0465
-71.8701,49.08,4.7726
-69.7988,49.065,5.1482
-66.5015,49.05,5.4364
-62.6173,49.05,4.6963
-72.187,49.125,4.8891
-77.9057,49.2,4.7627
-78.3773,49.15,4.7682
-78.1914,49.12,4.8398
-76.7827,49.09,5.0768
-74.7342,49.09,5.1482
-74.7438,49.19,5.0768
-77.0604,49.29,4.7682
-79.8022,49.25,4.7682
-79.868,49.295,4.6963
-77.7927,49.34,4.6963
-79.4722,49.34,5.0768
-76.7788,49.46,5.0768
-78.2713,49.58,5.0768
-76.7352,49.8,5.5945
-74.6319,49.785,5.5304
-72.6799,49.77,5.5237
-62.9047,49.77,5.3308
-39.9737,49.845,4.2163
12.3012,49.92,-1.4043
72.6126,49.88,-1.4268
142.652,49.9,-4.4702
208.661,49.92,-5.1635
268.177,49.92,-5.8465
318.017,49.805,-5.7254
357.531,49.69,-6.2006
380.349,49.53,-6.3382
394.557,49.6,-6.5849
388.961,49.67,-6.5849
372.289,49.67,-6.3382
341.252,49.65,-6.1508
300.465,49.63,-5.5254
242.985,49.7,-5.1166
179.367,49.615,-4.3306
104.446,49.53,-3.2739
32.5973,49.53,0.32633
-16.8388,49.66,-0.10787
-59.1921,49.79,4.446
-58.611,49.84,5.2326
-52.8006,49.875,5.5381
-48.5414,49.91,5.5929
-47.3345,49.91,5.4722
-45.6798,49.885,7.2195
-43.3144,49.86,6.9296
-44.0936,49.92,7.9604
-42.4732,49.965,7.2871
-41.8258,50.01,7.0444
-39.1936,50.01,7.0444
-38.9826,50.005,6.9798
-36.5685,50,6.438
-35.9012,50.05,6.3086
-31.5867,50.085,5.7354
-35.5135,50.12,5.7012
-35.7942,50.12,5.3919
-34.8778,50.165,5.1962
-36.4432,50.21,5.0026
-30.8804,50.27,4.8308
-26.8294,50.275,4.7117
-24.7645,50.28,4.6655
-23.4684,50.28,4.4314
-22.6847,50.295,4.4347
-25.8142,50.31,4.3184
-25.7568,50.43,4.1976
NA,50.47,3.9181
-21.3631,50.51,3.9437
-20.1234,50.51,5.3457
17.4165,50.54,4.0927
75.032,50.57,-0.83408
109.477,50.46,-1.3924
132.556,50.415,-1.2223
204.085,50.37,-3.8153
271.829,50.37,-5.5993
291.216,50.4,-5.7415
354.64,50.43,-6.0946
404.913,50.51,-7.2082
409.667,50.485,-7.3013
335.708,50.46,-6.1646
290.882,50.46,-6.2916
324.489,50.39,-5.8338
255.388,50.32,-6.6563
244.283,50.49,-6.7397
156.14,50.35,-3.9794
50.7763,50.21,-1.9895
15.2741,50.21,0.30047
-10.3431,50.385,4.0969
-32.2106,50.56,3.8332
-56.2916,50.33,3.7548
-64.5878,50.415,3.7579
-62.8526,50.5,3.7463
-57.9941,50.5,3.7795
-42.3413,50.465,3.8095
-33.8483,50.43,3.7795
-45.8427,50.65,3.7647
-39.1906,50.54,3.7548
-36.2025,50.43,3.758
-35.1983,50.43,3.7851
-30.7393,50.575,3.8272
-29.2897,50.72,3.8762
-25.6437,50.62,3.8372
-27.9648,50.66,3.8307
-20.616,50.7,3.8372
-34.3973,50.7,3.7965
-31.3013,50.74,3.8372
-34.5137,50.78,4.0442
-34.1033,50.84,4.1062
-17.4584,50.835,3.4455
-11.8842,50.83,4.0656
-25.8422,50.83,3.7744
-16.2256,50.76,3.7744
-12.8721,50.69,3.8268
-27.1023,50.7,3.8584
-30.4989,50.76,3.8584
-26.1435,50.82,3.8221
-14.5007,50.82,3.7748
-8.18866,50.84,3.7962
-5.6606,50.86,5.432
-18.9058,50.98,5.751
10.2631,50.485,5.0685
39.856,49.99,0.78565
174.032,49.99,-4.8056
95.4173,50.045,-2.3249
330.606,50.1,-7.0086
343.7,49.98,-6.9977
390.655,50.01,-7.0086
396.179,50.04,-6.3982
173.997,50.04,-3.3192
112.871,50.045,-1.7311
208.699,50.05,-2.5455
235.738,49.89,-3.883
77.2497,49.89,-0.33011
63.8703,49.89,-0.70449
12.5046,49.89,0.88102
-7.39797,49.815,3.0548
-37.8919,49.74,3.4877
-42.7957,49.82,3.4888
-11.901,49.84,3.4462
-8.44954,49.86,3.4462
-10.7916,49.86,3.4462
-9.41918,49.795,3.4462
-8.07363,49.73,3.4782
-18.8567,49.76,4.1712
-33.6111,49.77,4.0442
-8.08939,49.78,4.0495
-11.5624,49.78,3.8145
-44.8781,49.795,3.8221
-51.7782,49.81,3.8423
-47.7299,49.99,3.8375
-46.6528,49.99,3.8158
-40.1145,49.99,3.8158
-6.78879,49.99,3.8664
-7.82361,49.97,3.8283
-16.9888,49.95,3.7582
-33.98,49.7,3.7463
-35.3858,49.87,3.8537
-33.1004,50.04,3.8563
-34.8396,50.04,3.735
-32.2474,50.045,3.8662
-30.7244,50.05,4.1698
-19.8426,49.98,4.2928
-18.9198,50.085,4.0222
13.5395,50.19,3.7814
11.2223,50.19,3.7567
12.5067,50.315,3.7856
27.3165,50.44,5.2917
46.4735,50.4,1.6951
57.3975,50.34,0.84749
88.2992,50.28,-1.2951
140.905,50.28,-2.3024
92.839,50.27,-1.4618
86.7578,50.26,-1.0652
118.276,50.44,-1.9844
91.8226,50.365,-1.8095
65.1988,50.29,-1.2951
92.1069,50.29,-1.9844
85.0709,50.32,-1.8095
79.5475,50.35,-1.2569
188.155,50.17,-4.5612
87.0838,50.23,-2.0103
43.8325,50.29,-0.35953
26.3174,50.29,1.2812
-27.9318,50.265,5.0021
-26.7707,50.24,3.8108
-6.66494,50.27,3.7868
-5.86847,50.31,3.7858
-5.88456,50.35,3.7777
-10.3468,50.35,3.787
-10.8125,50.375,3.6991
-51.6362,50.4,3.5222
-50.439,50.57,3.8447
-35.4807,50.545,3.833
-38.5977,50.52,3.7117
-37.539,50.52,3.8904
-32.6534,50.53,3.7843
-27.7618,50.54,3.7843
-17.392,50.71,3.7039
-41.1529,50.615,3.642
-28.2888,50.52,3.6695
-26.6963,50.52,3.6377
-28.0821,50.645,3.6206
-20.229,50.77,3.6214
-26.4167,50.7,3.65
-25.904,50.76,3.6604
-19.4329,50.82,3.6395
-3.70502,50.82,3.6136
4.16305,50.965,3.7039
2.09506,51.11,3.773
-2.11397,51.15,3.7735
-1.26528,51.055,3.8017
-3.51403,50.96,3.7807
-6.38212,50.96,3.8914
-11.2379,51.135,3.9389
6.54966,51.31,3.793
26.5784,51.16,3.2054
92.4883,51.195,-0.89817
109.581,51.23,0.28429
60.6552,51.23,1.0236
79.742,51.28,-0.69261
87.1384,51.33,-1.0675
126.802,50.87,-2.881
96.8611,51.01,-2.6887
163.851,51.15,-4.5861
315.336,51.15,-6.5631
313.902,51.15,-6.5296
287.423,51.15,-6.0213
239.983,51.18,-5.7074
169.598,51.125,-5.6812
99.9625,51.07,-3.5304
34.939,51.07,-2.2973
-21.5462,51.105,0.059227
-59.4278,51.14,3.725
-62.0923,51.07,3.9557
-59.7813,51.175,3.7797
-56.9815,51.28,3.674
-51.2068,51.28,3.9823
-47.4938,51.35,4.8469
-44.1427,51.42,5.7138
-42.6278,51.34,5.9302
-40.3998,51.395,7.1683
-42.4271,51.45,6.7653
-40.7505,51.45,5.9461
-38.0115,51.53,5.6922
-36.284,51.61,5.5458
-34.6633,51.47,5.4562
-39.7129,51.5,5.3128
-38.5359,51.53,5.3132
-33.5887,51.53,4.6139
-33.7063,51.53,4.7145
-31.2908,51.53,5.3128
-32.2362,51.23,5.4476
-34.161,51.42,5.4476
-34.6469,51.61,4.7145
-34.1834,51.61,4.6139
-28.1272,51.6,4.6139
-16.0174,51.59,3.7718
-13.0187,51.46,4.7145
-28.8395,51.635,4.6139
-28.532,51.81,3.7718
-24.4012,51.81,4.6139
-8.47882,51.92,8.1749
16.2306,52.03,6.7194
83.612,51.87,-0.86668
145.178,51.85,-1.3375
225.734,51.83,-4.3609
285.893,51.83,-6.4429
238.008,51.765,-6.0446
303.497,51.7,-6.5802
353.979,51.73,-6.7251
388.27,51.72,-6.9156
387.438,51.71,-6.7251
267.984,51.71,-6.1061
289.322,51.785,-6.1569
296.579,51.86,-6.0637
268.968,51.6,-6.1324
115.556,51.635,-3.7509
77.3334,51.67,-2.3387
20.5581,51.67,-1.5992
-21.9296,51.675,1.9022
-46.9356,51.68,3.6125
-37.7764,51.63,3.6729
-27.1024,51.67,3.6258
-27.4969,51.71,3.6258
-25.5641,51.71,3.6258
-15.2926,51.75,3.7358
-18.2437,51.79,3.7485
-16.9199,51.71,3.665
-16.6393,51.705,3.5137
-15.8589,51.7,3.8783
-16.3432,51.7,4.0487
-16.6536,51.83,4.1517
-15.6337,51.96,4.0213
-17.0035,51.91,3.9672
-18.5575,51.765,3.9213
-33.3219,51.62,3.9249
-38.3528,51.62,3.9565
-38.8846,51.89,3.8632
-29.463,52.16,3.8452
-17.6055,51.63,3.7987
-9.21537,51.275,3.8008
-9.18736,50.92,3.8675
-11.2653,50.92,3.8619
-11.152,49.02,4.2241
-13.4342,47.12,3.6792
-20.2602,46.34,3.8259
-14.1641,46.115,3.8998
-22.6571,45.89,3.8506
-26.5073,45.89,3.8478
-13.6581,45.845,3.8736
-9.72724,45.8,3.852
3.21804,45.81,2.924
18.8012,45.59,1.1099
119.035,45.37,-2.3249
132.516,45.37,-2.964
130.311,45.335,-2.298
136.715,45.3,-2.298
144.325,44.53,-2.7559
105.685,45.04,-1.8196
40.61,45.55,0.379
65.2275,45.55,-2.3249
274.246,45.455,-6.7177
138.224,45.36,-2.298
201.451,45.29,-3.0345
35.9638,45.45,0.40559
38.3894,45.61,0.90639
49.7963,45.61,-2.0694
-26.2112,45.38,1.2577
-67.1454,45.15,4.9387
-65.0952,45.3,3.9579
-65.0314,45.365,4.366
-73.7031,45.43,3.7961
-73.9634,45.43,3.803
-72.4356,45.525,3.7665
-65.5345,45.62,3.7665
-64.685,45.72,3.4984
-77.1927,45.71,3.0603
-74.9473,45.7,3.5392
-77.8453,45.7,3.6934
-77.0078,45.715,3.706
-82.8627,45.73,3.706
-72.284,45.79,3.6719
-57.0848,45.835,3.79
-52.9673,45.88,3.79
-49.0961,45.88,3.9534
-51.1253,45.97,3.9697
-49.7477,46.06,3.9081
-47.743,46.18,3.9081
-16.9005,46.145,3.9081
-21.0418,46.11,3.8162
-14.1968,46.11,3.7793
-19.7744,46.165,3.6547
-37.2646,46.22,3.5927
-43.509,46.49,3.7892
-57.265,46.41,4.1331
-73.726,46.33,5.721
-64.208,46.33,6.6715
-64.808,46.465,4.174
13.689,46.6,-0.96521
25.8203,46.58,-0.91139
21.7691,46.595,-1.0084
169.863,46.61,-4.608
308.716,46.61,-4.8592
266.095,46.725,-4.3767
380.952,46.84,-5.4009
267.638,46.8,-4.6549
133.093,46.9,-1.7986
358.92,47,-5.1698
247.566,47,-4.481
360.078,46.995,-5.2921
223.685,46.99,-4.4719
259.789,47.06,-4.5476
153.899,47.085,-3.5556
102.175,47.11,-2.7898
31.8922,47.11,-0.12913
-28.1286,47.085,0.45222
-74.6221,47.06,7.5013
-76.6909,47.12,7.8737
-68.0305,47.15,8.1353
-65.0091,47.18,8.2115
-64.2625,47.18,6.3839
-61.7344,47.245,4.4706
-60.3557,47.31,3.9674
-59.7622,47.26,4.7911
-60.7099,47.28,5.5285
-59.8475,47.3,4.0572
-58.4733,47.3,3.3139
-60.9662,47.405,3.9215
-66.4188,47.51,3.6687
-66.0283,47.5,3.4406
-67.2162,47.515,2.9519
-65.3871,47.53,2.8623
-67.3358,47.53,2.9519
-69.6318,47.59,2.8623
-69.0188,47.65,2.8623
-69.4965,47.8,2.6555
-68.8235,47.855,2.6555
-67.9289,47.91,2.5887
-65.3143,47.91,2.5373
-65.0694,47.965,2.4569
-63.3103,48.02,2.4569
-66.4867,48.05,2.5373
-64.3378,48.02,2.4639
-63.8077,47.99,2.5373
-62.8505,47.99,2.3788
-46.6633,48.13,2.6555
4.63888,48.27,1.6362
64,48.23,-2.4598
136.022,48.27,-2.1145
207.841,48.31,-4.4906
275.069,48.31,-4.875
325.228,48.33,-5.0236
367.742,48.35,-5.2775
392.872,48.31,-5.3361
404.233,48.345,-5.4895
402.641,48.38,-5.3671
377.743,48.38,-5.2852
345.652,48.395,-5.1013
302.285,48.41,-4.5674
244.415,48.49,-4.5018
178.427,48.465,-3.939
103.069,48.44,-2.6293
34.7344,48.44,-1.095
-25.8451,48.365,0.64781
-69.1398,48.29,7.6408
-68.9029,48.34,7.32
-65.4312,48.365,5.1546
-62.9942,48.39,5.2316
-60.5598,48.39,3.2811
-58.6939,48.44,2.6294
-57.6562,48.49,2.5024
-56.7454,48.61,2.3788
-56.0267,48.67,2.2848
-54.0552,48.73,2.342
-53.7265,48.73,2.3788
-55.3875,48.775,2.2245
-59.1139,48.82,2.2918
-55.4613,48.79,2.2245
-54.4538,48.835,3.3157
-53.674,48.88,6.681
-53.076,48.88,4.5148
-55.2787,48.95,3.9436
-55.5245,49.02,2.7812
-53.7495,49.1,4.5252
-52.8597,49.16,4.5307
-53.9292,49.22,4.5383
-54.0494,49.22,4.5502
-53.6886,49.175,4.5543
-54.5333,49.13,4.5543
-52.8888,49.17,4.5543
-54.3553,49.15,4.5543
-55.0264,49.13,4.5543
-52.3739,49.13,4.5543
-39.8928,49.265,4.5399
7.12159,49.4,1.1886
42.571,49.53,-2.0144
159.542,49.47,-2.3883
216.049,49.41,-4.2726
282.129,49.41,-4.4876
366.584,49.33,-4.6819
362.286,49.25,-4.7508
382.366,49.29,-4.751
398.097,49.34,-4.5565
393.637,49.39,-4.6043
375.028,49.39,-4.6806
326.716,49.405,-4.414
298.431,49.42,-4.4089
239.87,49.46,-4.2773
172.473,49.315,-3.6899
100.749,49.17,-2.7091
35.2745,49.17,-1.7083
-41.5561,49.265,1.0946
-63.0274,49.36,5.7319
-64.0772,49.54,7.1392
-56.7973,49.48,6.2685
-49.8046,49.42,3.4473
-48.0236,49.42,3.5596
-46.1719,49.535,7.2129
-51.1107,49.65,7.2792
-54.566,49.68,6.981
-58.4202,49.765,7.2775
-52.6909,49.85,7.2775
-53.8177,49.85,5.9235
-47.467,49.84,3.7005
-45.8016,49.83,3.1774
-46.6062,49.68,2.6513
-49.5609,49.745,2.4703
-42.4183,49.81,2.4703
-39.1441,49.81,2.4331
-38.959,49.795,2.3859
-39.5766,49.78,2.4128
-37.1574,49.84,2.3859
-15.8665,49.97,3.2115
-11.7067,50.1,3.2055
-1.4006,50.1,3.4615
-16.2254,50.215,3.7005
-20.0718,50.33,6.4424
-7.8785,50.39,6.981
-10.5344,50.325,6.9603
-10.1019,50.26,7.3363
-8.46661,50.26,7.5068
2.17287,50.215,7.2559
20.5764,50.17,5.8315
44.2577,50.47,0.12123
115.044,50.27,-1.8862
146.634,50.07,-2.5762
201.574,50.07,-3.2639
254.007,50.09,-5.1561
376.449,50.11,-6.0611
312.047,50.1,-5.6498
297.126,50.045,-5.426
323.916,49.99,-5.4314
225.187,49.99,-5.8396
262.185,50.035,-5.643
137.791,50.08,-2.5549
177.171,50.05,-3.6387
211.011,50,-5.1659
93.0853,49.95,-2.5679
79.2827,49.95,-2.0041
-13.3157,49.995,3.3686
-27.778,50.04,4.1786
-30.7116,49.93,4.3314
-27.3971,50.065,3.5352
-19.9056,50.2,3.5139
-15.1961,50.2,3.336
-10.9149,50.215,3.9733
-13.6293,50.23,3.966
-22.3559,50.11,3.966
-15.1569,50.225,3.966
-15.6124,50.34,3.9698
-25.5972,50.34,3.9934
-21.3349,50.19,4.1138
-56.3823,50.04,3.8254
-54.9869,49.68,3.6788
-38.5955,49.71,3.8738
-25.4572,49.74,3.9938
-21.2628,49.74,4.0378
-19.5556,49.85,4.1439
-20.4597,49.96,4.0323
-17.4391,49.55,3.9945
-47.4829,49.68,4.128
-8.47647,49.81,4.128
-24.4508,49.81,4.2416
-56.8496,49.7,4.2439
-49.3628,49.59,4.2753
-35.3741,49.68,4.2416
-34.7589,49.585,4.2589
-27.9588,49.49,4.1705
-48.9741,49.49,3.8788
-36.8445,49.54,4.0425
-10.3162,49.59,2.0282
50.3224,49.65,-1.4863
85.0226,49.52,-1.3224
25.3184,49.39,3.1061
43.9038,49.39,0.69338
107.435,49.575,-1.4043
224.591,49.76,-3.496
103.75,49.5,-1.4463
147.445,49.485,-2.3004
204.62,49.47,-3.0926
126.143,49.47,-1.8312
103.391,49.5,-1.5092
88.7742,49.53,-1.3629
115.99,49.65,-1.6282
84.1779,49.64,-1.4357
58.705,49.63,-1.031
21.141,49.63,1.3731
-4.57306,49.685,3.5121
-21.6352,49.74,3.8271
-25.3546,49.78,3.6549
-21.3114,49.85,3.6637
-18.2418,49.92,3.7175
-17.7447,49.92,3.6985
-20.3954,49.9,3.704
-20.3599,49.88,3.7146
-24.8209,49.76,3.7758
-20.9611,49.835,4.0736
-29.8405,49.91,4.1202
-49.5061,49.91,6.6685
-51.7486,49.895,7.2001
-60.5132,49.88,7.2129
-57.9687,50.02,7.2616
-57.2383,50.035,5.8081
-57.3471,50.05,5.5738
-56.3659,50.05,3.8633
-56.4981,50.06,4.0696
-60.5653,50.07,5.4997
-59.6468,50.17,5.3823
-56.9197,50.215,5.3823
-54.8592,50.26,5.3237
-55.0563,50.26,4.0228
-53.8694,50.275,3.8079
-53.5823,50.29,3.4217
-52.943,50.32,2.5758
-51.3293,50.38,2.5758
-53.0868,50.44,2.5035
-48.8443,50.44,2.3962
-42.2928,50.455,2.4703
-1.37268,50.47,1.0509
55.8125,50.73,-1.8723
142.734,50.7,-1.7994
206.097,50.67,-3.6437
260.94,50.67,-4.5684
302.25,50.595,-4.5453
344.805,50.52,-4.9031
373.802,50.43,-5.2153
381.235,50.465,-5.0866
382.506,50.5,-5.0866
369.962,50.5,-5.012
333.688,50.595,-4.8695
295.789,50.69,-4.4627
235.561,50.76,-4.215
169.615,50.7,-3.6122
77.8657,50.64,-2.2689
-43.2507,50.64,2.3669
-37.0832,50.46,3.3299
-51.241,50.28,7.0609
-49.2037,50.42,7.2941
-46.7251,50.525,5.6351
-44.6304,50.63,5.6276
-41.9221,50.63,5.3368
-39.5836,50.685,4.4748
-38.7356,50.74,3.7353
-35.0299,50.63,3.8363
-27.4825,50.74,3.8079
-26.2763,50.85,3.911
-25.2358,50.85,4.4748
-25.0526,50.795,4.3181
-21.5143,50.74,4.7574
-13.6188,51.06,5.3823
-11.4,50.955,5.6345
-27.0266,50.85,5.4998
-17.9082,50.85,6.1562
-6.44214,51.005,7.3848
-7.13359,51.16,7.4027
-6.56179,50.9,7.4993
-11.4572,50.82,7.3848
-12.262,50.74,7.5068
-2.08531,50.74,7.2001
-2.17421,50.995,6.8073
-3.35621,51.25,6.7348
-4.78398,51.48,6.6116
-2.91502,51.34,6.7348
-3.4781,51.2,6.6494
-3.60261,51.2,6.6494
-3.93305,51.145,6.8215
-0.809783,51.09,6.4634
8.77487,51.09,4.8723
21.3593,51.17,3.9052
46.4034,51.25,0.080424
27.5029,51.25,0.44131
13.9593,51.21,2.5495
34.3786,51.17,0.49776
66.111,51.11,-0.88105
72.9686,51.1,-0.88105
85.8884,51.09,-0.93014
46.8345,51.09,-0.33249
28.2328,50.995,0.41901
2.79574,50.9,3.7913
8.68333,50.86,4.0185
1.6732,50.87,4.1089
0.668224,50.88,4.8922
-6.87518,50.88,6.3558
-13.7939,50.92,6.3995
-16.2477,50.96,6.3645
-16.4442,51,6.4634
-15.6857,50.975,6.6116
-15.1034,50.95,6.9689
-20.8324,50.95,7.2485
-18.8952,51.02,7.0773
-20.5716,51.09,7.0319
-19.0078,51.08,7.2351
-23.4442,51.09,7.1646
-31.965,51.1,7.1646
-35.1743,51.1,7.2129
-51.5799,51.065,7.269
-71.7772,51.03,7.1626
-38.924,51.08,6.9988
-36.5094,51.25,7.1859
-76.6868,51.42,7.2237
-79.3792,51.42,6.9924
-79.2142,51.325,6.889
-81.346,51.23,6.7386
-82.8099,51.58,6.7403
-83.8826,51.65,6.1686
-84.0662,51.72,5.6504
-84.6019,51.72,3.8871
-81.503,51.685,3.3493
-80.9468,51.65,3.1653
-79.4613,51.83,2.6513
-79.8428,51.76,2.5758
-79.7617,51.69,2.4184
-76.216,51.69,2.5075
-69.0509,51.72,3.2543
-21.1164,51.75,1.0509
43.8446,52.07,-2.0144
112.88,52.02,-2.1145
183.427,51.97,-4.4906
249.125,51.97,-5.1221
303.124,51.95,-5.0316
345.531,51.93,-4.9916
370.244,51.89,-5.1177
381.833,51.945,-5.1521
382.443,52,-5.2461
364.388,52,-5.1613
332.564,52.03,-5.0788
292.187,52.06,-4.6509
238.219,52.02,-4.2128
170.39,52,-3.6075
99.5769,51.98,-2.4367
33.3996,51.98,-1.2698
-26.0687,51.9,1.2194
-70.8028,51.82,6.2496
-69.2148,51.89,4.968
-64.846,51.955,5.0185
-63.1712,52.02,3.6126
-60.3622,52.02,3.7746
-59.0345,52.07,3.3061
-57.7348,52.12,3.2115
-57.1888,52.06,2.5075
-53.7262,52.13,2.6513
-54.0065,52.2,3.1822
-53.3886,52.2,3.3246
-53.8534,52.175,2.5758
-54.1583,52.15,2.3859
-57.3818,52.15,2.4883
-59.8704,52.2,2.5943
-57.2154,52.25,2.5275
-52.4573,52.25,2.6164
-50.8095,52.23,2.6331
-53.8701,52.21,2.5699
-54.6736,52.34,2.2245
-53.9539,52.365,2.281
-52.9961,52.39,3.5075
-53.8079,52.39,0.82661
-52.9543,52.41,2.3467
-57.2358,52.43,0.82661
-56.0511,52.47,0.82661
-52.6512,52.495,0.82661
-43.2229,52.52,2.6784
-33.4712,52.52,2.9216
-13.4554,52.585,3.2669
4.55009,52.65,2.3083
11.3176,52.63,0.26854
161.079,52.64,-2.1145
132.505,52.65,-1.6705
114.121,52.65,-1.715
115.033,52.615,-1.5712
164.074,52.58,-2.1737
198.755,52.79,-2.6952
222.64,52.715,-3.5804
379.149,52.64,-5.0586
348.956,52.64,-4.6228
309.131,52.715,-4.3931
319.138,52.79,-4.322
246.432,52.44,-3.9801
231.186,52.435,-4.1814
103.046,52.43,-2.9113
35.907,52.43,-1.2584
-27.1341,52.415,1.2611
-54.7381,52.4,5.0951
-54.0833,52.46,5.9939
-47.4603,52.465,6.1124
-46.0611,52.47,5.0462
-45.3171,52.47,4.372
-43.7758,52.52,4.3747
-43.6829,52.57,4.5023
-42.1403,52.7,4.4534
-38.0548,52.715,4.4418
-39.4289,52.73,5.5655
-40.5333,52.73,6.1538
-42.9515,52.745,6.1425
-40.1173,52.76,5.9918
-40.7747,52.65,5.6422
-40.0638,52.675,5.6406
-40.3234,52.7,5.2859
-40.693,52.7,5.3091
-41.2041,52.77,4.4997
-39.1337,52.84,4.4092
-38.7211,52.6,3.1003
-40.092,52.665,3.3442
-37.5976,52.73,5.1272
-39.6202,52.73,4.4997
-40.1005,52.745,4.4997
-42.7957,52.76,4.4997
-41.414,52.69,3.1003
-38.9477,52.85,3.1
-37.9652,53.01,2.8573
-38.0445,53.01,2.8573
-28.649,53.07,3.4609
13.7489,53.13,0.26854
73.0121,53.14,-1.715
136.47,53.09,-2.2232
182.239,53.04,-3.4539
237.605,53.04,-3.8365
287.839,53.015,-4.286
325.149,52.99,-4.4783
351.105,52.92,-4.5014
365.066,52.93,-4.8239
357.935,52.94,-4.8784
323.408,52.94,-4.6131
322.442,52.865,-4.6131
258.938,52.79,-4.22
189.439,52.84,-3.8387
149.285,52.89,-3.2918
93.1606,52.94,-2.4632
6.0353,52.94,-0.63351
-34.0837,52.955,2.1278
-40.7988,52.97,3.5865
-47.8024,52.99,3.9322
-48.2522,52.98,4.8167
-43.9772,52.97,5.7002
-43.0153,52.97,5.2047
-41.7513,53.03,5.5018
-43.1554,53.09,4.6436
-42.4288,53.12,4.2558
-40.9657,53.16,4.2558
-40.3871,53.2,4.4418
-36.4186,53.2,4.4418
-38.2205,53.19,3.3442
-38.889,53.18,3.3991
-38.71,53.08,3.289
-36.543,53.28,3.1456
-33.4809,53.48,3.289
-33.7815,53.48,3.1456
-35.4922,53.425,3.0171
-34.4687,53.37,3.0017
-34.0711,53.41,3.0017
-31.2394,53.44,3.0017
-29.6745,53.47,3.1618
-25.4313,53.47,4.4531
-26.7086,53.54,5.9936
-27.3485,53.61,5.3898
-32.5637,53.55,5.4724
-25.1781,53.615,5.706
11.2258,53.68,4.8693
-4.10022,53.68,4.7952
2.54171,53.71,3.7118
19.2211,53.74,3.3704
102.004,53.64,-1.4009
80.2743,53.63,-0.47441
110.257,53.62,-1.4792
113.913,53.62,-1.5705
139.315,53.525,-1.6539
96.3115,53.43,-1.4912
142.735,53.09,-1.8113
65.9862,53.05,-1.8262
241.547,53.01,-4.791
274.412,53.01,-4.0017
225.219,53.095,-3.3094
229.647,53.18,-3.5553
195.75,53.09,-3.4587
179.378,53.015,-3.4263
109.122,52.94,-2.732
47.4169,52.94,-2.1173
-20.7449,52.89,2.1121
-39.522,52.84,4.357
-39.4065,53.09,4.4007
-32.418,53.105,4.5713
-29.6689,53.12,4.5491
-11.3817,53.12,4.5974
-11.7514,53.17,4.5112
-20.5529,53.22,4.4007
-9.17677,53.37,4.386
-35.7191,53.355,4.4144
-9.45613,53.34,4.2085
1.59021,53.34,4.2675
-3.02586,53.36,4.6209
0.635009,53.38,4.6143
0.717947,53.28,4.2743
-1.37607,53.315,4.2675
-4.60161,53.35,4.2743
-2.04775,53.35,4.2743
-7.89186,53.385,4.2621
0.150568,53.42,4.1847
-4.89741,53.17,4.2829
-4.53742,53.26,4.2238
-9.49739,53.35,4.2637
-1.17949,53.35,4.3477
5.67309,53.45,4.2515
2.68406,53.55,4.2926
-1.34686,53.46,4.3036
-4.4574,53.425,4.2955
-7.77498,53.39,4.2569
-8.15031,53.39,4.2699
1.71033,53.42,4.2569
28.9571,53.45,1.3477
35.4766,53.49,-0.57252
26.0391,53.445,-0.57252
45.4926,53.4,-1.465
90.6625,53.4,-3.4656
112.054,53.435,-4.8349
62.4133,53.47,-2.6694
70.6865,53.5,-2.751
75.5096,53.49,-2.7334
211.38,53.48,-4.0259
112.912,53.48,-2.139
130.762,53.505,-1.9888
113.664,53.53,-2.1779
190.681,53.56,-2.8243
166.82,53.405,-3.1237
15.8952,53.25,-0.074693
23.9829,53.25,0.096032
9.62819,53.275,-0.069385
-40.5046,53.3,4.2955
-43.5453,53.43,4.2569
-53.883,53.53,4.2917
-32.8821,53.63,4.4805
-27.8638,53.63,4.3933
-47.5217,53.62,4.3723
-43.4214,53.61,4.3933
-48.4286,53.64,4.4805
-39.6887,53.71,4.4805
-20.4914,53.78,4.2917
-26.121,53.78,4.2699
-29.151,53.795,4.3036
-22.6202,53.81,3.7786
-17.0933,53.78,3.779
-27.1471,53.725,3.8558
-9.49182,53.67,4.2371
-9.65612,53.67,4.2196
-4.69845,53.725,3.8558
-10.997,53.78,3.8
-10.9704,53.79,3.8145
-11.1423,53.77,3.8558
-2.49791,53.75,4.2196
-6.58105,53.75,4.2196
-22.521,53.765,4.0932
-22.5799,53.78,4.2196
-11.5966,53.69,4.2196
-2.90818,53.69,3.9386
-3.08762,53.69,3.7786
-10.6903,53.69,3.7786
-13.1504,52.76,3.7858
-3.62488,51.83,3.7654
16.5827,51.17,2.4271
29.2821,50.955,1.2948
61.1198,50.74,-1.1206
74.0938,50.74,-1.1916
91.0027,50.62,-2.4029
146.012,50.5,-2.5874
139.882,50.23,-2.6229
187.488,50.28,-2.635
316.062,50.33,-5.2359
221.917,50.33,-2.7916
223.55,50.265,-2.7294
256.076,50.2,-2.5574
219.913,50.1,-2.5425
219.69,49.94,-2.5671
125.39,49.78,-2.9884
46.9306,49.78,-0.070418
6.01454,49.72,2.0269
-24.1751,49.66,3.4235
-45.0707,49.64,3.8558
-46.8203,49.69,4.0932
-41.7933,49.74,3.9386
-47.9695,49.74,4.263
-46.4598,49.68,4.2955
-28.3607,49.62,4.2569
-31.7979,49.72,4.4805
-33.9592,49.66,4.6702
-31.8513,49.6,4.7252
-21.1062,49.6,4.6852
-12.3204,49.57,4.7191
-6.18019,49.54,4.6852
-19.4459,49.58,4.3184
-16.0744,49.655,4.6852
-1.47819,49.73,4.7191
-9.01669,49.73,4.668
-13.0377,49.675,4.5307
-17.6344,49.62,4.3184
-5.53107,49.65,4.6852
-6.64393,49.715,4.6805
-8.39169,49.78,4.7191
-6.12064,49.78,4.6805
-4.70807,49.705,4.6702
-3.6073,49.63,4.6521
-8.57544,50.17,4.5902
-10.4676,49.95,4.5246
-5.74078,49.73,4.4805
1.76485,49.73,4.4805
-5.96781,49.765,4.4805
4.15124,49.8,4.3933
42.3296,50.07,-0.66626
56.967,49.785,-0.76059
94.8268,49.5,-0.88168
152.078,49.5,-2.5358
202.035,49.715,-2.8979
66.3495,49.93,-1.9254
28.3002,50.12,0.39226
61.111,49.905,-1.7407
-24.5297,49.69,3.5266
-10.7326,49.69,2.1212
-2.15543,49.625,3.5266
36.5501,49.56,-0.36008
12.0797,46.15,2.0583
23.2661,45.89,2.5976
20.697,45.63,2.3314
12.8247,45.63,2.6406
8.6681,45.435,3.3059
-41.4696,45.24,3.289
-36.7487,45.12,3.1519
-14.7402,44.975,3.1122
-13.9162,44.83,3.0685
-10.1179,44.83,3.1138
-14.4855,44.835,3.0708
-19.0447,44.84,2.9499
-56.6766,44.84,3.157
-36.1562,44.73,3.157
-18.4334,44.62,3.0027
-68.2841,44.62,3.3891
-68.8018,44.665,3.5864
-81.9743,44.71,3.7724
-81.0253,44.98,3.7829
-79.6783,44.965,3.784
-80.4851,44.95,3.9262
-77.476,44.95,3.89
-76.9931,45.025,3.8735
-78.1061,45.1,3.8457
-76.1336,44.93,4.2022
-73.8612,44.99,4.019
-72.1207,45.05,4.1794
-71.8016,45.05,4.1696
-68.7687,45.165,3.8054
-66.206,45.28,3.8054
-64.6905,45.3,3.9539
-63.9241,45.28,4.1125
-72.5212,45.26,4.0771
-67.9157,45.26,4.0361
-51.2545,45.415,3.5955
1.68908,45.57,3.3031
29.261,45.72,2.5264
71.471,45.66,-0.4669
116.79,45.6,-1.6221
124.903,45.6,-1.6711
198.078,45.63,-2.4615
228.232,45.66,-3.2328
269.483,45.73,-4.6146
308.478,45.645,-4.9722
357.172,45.56,-5.1288
341.608,45.56,-5.1072
287.595,45.665,-4.8638
285.246,45.77,-4.9681
223.223,45.8,-4.0328
137.9,45.715,-2.4605
59.6709,45.63,-0.52024
39.3862,45.63,0.52838
11.0611,45.785,2.2886
-6.88637,45.94,2.7673
-9.57826,45.95,2.9067
-10.2297,45.95,3.0854
-22.3066,45.95,3.1181
-9.94375,45.95,3.138
-7.11549,45.955,3.24
-30.862,45.96,3.24
-9.49334,45.76,3.268
-45.9404,45.93,3.5333
-63.8405,46.1,3.5054
-62.3236,46.1,3.4989
-58.1452,46.03,3.5314
-58.2786,45.96,3.5587
-54.7223,46.42,3.3769
-57.6705,46.385,3.2725
-49.7798,46.35,3.3709
-48.5858,46.35,3.7751
-42.821,46.38,3.6534
-4.97557,46.41,3.2443
-7.97678,46.42,3.0693
-5.61056,46.46,2.7993
-13.4001,46.5,2.8647
-10.3155,46.5,2.9449
-9.09217,46.54,2.7997
-7.05858,46.58,2.8121
-7.2812,46.87,2.7552
-8.90007,46.87,2.6599
-13.6766,46.87,2.7086
-13.4101,46.87,2.7094
-9.74822,46.895,2.8751
14.125,46.92,2.0896
38.9513,46.63,-0.19321
52.5778,46.615,-0.19321
39.2505,46.6,-0.19321
2.69023,46.6,0.50267
15.5156,46.705,0.3791
22.357,46.81,-0.22998
30.4763,46.45,-0.22998
35.5505,46.425,-0.23728
22.4069,46.4,3.2957
12.5274,46.4,4.5246
8.70318,45.54,4.4446
6.73313,44.68,4.4805
15.4314,41.4,4.0932
8.56553,39.395,3.8602
11.1362,37.39,3.9683
10.4851,37.39,4.1968
11.8206,37.205,4.2846
-11.7101,37.02,4.2955
-15.7557,37.18,3.8602
-16.1716,36.87,3.855
-7.3672,36.56,4.2917
-6.78768,36.56,4.4758
-7.95012,36.515,4.668
-10.114,36.47,2.8664
-6.96438,36.75,2.7086
-12.8343,36.855,2.9322
-12.0031,36.96,2.9276
-12.7085,36.96,2.9554
-11.8001,36.905,2.889
-14.3254,36.85,2.8384
-13.6754,36.72,2.8589
-16.1081,36.91,2.8384
-20.2473,37.1,2.9715
-17.3281,37.1,3.0865
-18.7869,37.095,3.2893
-18.0471,37.09,3.2835
-18.2883,37.78,3.4082
-18.5873,37.66,3.4559
-15.5219,37.54,3.3455
-15.2256,37.54,3.4629
-14.0747,37.665,3.48
-13.2159,37.79,3.4375
-12.1218,37.99,3.3455
-11.4666,38.11,3.4089
-11.4943,38.23,3.4274
-15.0614,38.23,3.4303
-27.7291,38.29,3.4048
-1.552,38.35,1.9147
32.5452,38.57,0.78687
57.8727,38.605,0.23778
83.8865,38.64,-0.62315
82.4517,38.64,-0.62315
91.6584,38.72,-0.84691
131.348,38.8,-1.6713
169.517,38.85,-1.921
150.745,38.92,-1.8355
128.021,38.99,-1.6713
143.147,38.99,-1.552
223.557,39.025,-2.8471
171.036,39.06,-2.2546
97.7385,38.92,-1.1114
63.1622,39.045,-0.047383
59.3082,39.17,-0.047383
25.6578,39.17,-0.033567
-13.3689,39.19,2.5912
-62.9971,39.21,3.3655
-24.7259,39.5,3.3356
-60.7777,39.48,3.7376
-64.1902,39.46,3.7936
-62.9963,39.46,3.4007
-61.4437,39.525,3.3674
-61.0921,39.59,3.2102
-58.4989,39.69,3.1722
-42.6745,39.85,2.9814
-47.1832,40.01,2.5931
-19.6131,40.01,2.1119
-63.2697,40.045,1.5069
-27.8423,40.08,2.1119
-6.84723,40.07,3.0705
-4.63048,40.185,2.9999
-21.6891,40.3,3.0705
-12.9198,40.3,2.9814
-7.18996,40.295,3.3023
-0.98916,40.29,3.2588
-21.4972,40.7,3.4251
-14.9533,40.69,3.4447
-16.6755,40.68,3.4264
-17.8731,40.68,3.41
-18.3559,40.75,3.4466
-22.481,40.82,3.4653
-22.0573,40.83,3.4466
-22.9392,40.845,3.41
-31.1407,40.86,3.3539
-60.9809,40.86,3.4729
-64.928,40.925,3.2203
-20.9158,40.99,1.199
45.5405,41.27,-0.92589
64.2038,41.285,-1.8355
158.116,41.3,-2.8462
219.728,41.3,-3.9464
278.97,41.29,-4.8092
320.577,41.28,-4.9245
322.849,41.21,-5.0168
350.286,41.3,-5.3219
271.591,41.39,-4.3991
206.065,41.39,-2.5387
136.478,41.435,-1.5822
94.4983,41.48,-1.2353
63.8195,41.5,-0.52158
40.3021,41.52,0.43029
21.6943,41.54,1.4717
15.6926,41.54,1.5662
-6.85352,41.56,3.1373
-18.4852,41.58,3.2882
-21.6165,41.67,3.4108
-20.7007,41.725,3.4435
-24.0708,41.78,3.4433
-48.4599,41.78,3.2914
-64.3193,41.77,2.3929
-63.8602,41.76,2.3602
-64.7843,41.86,1.8658
-63.2598,41.98,1.418
-62.4215,42.1,1.2374
-54.9087,42.1,1.3538
-56.176,42.105,1.1241
-55.894,42.11,1.1043
-50.8413,42.16,1.1043
-49.2101,42.21,1.105
-55.1219,42.26,1.0571
-55.6647,42.26,1.0571
-54.9131,42.345,1.0571
-54.7942,42.43,1.105
-55.947,42.42,1.0571
-54.3875,42.445,1.0584
-51.545,42.47,1.0584
-49.8677,42.47,1.105
-53.4878,42.575,1.105
-52.6982,42.68,1.0571
-50.2737,42.58,1.105
-48.6366,42.655,1.0571
-48.7026,42.73,1.0857
-47.1096,42.73,1.0592
-42.2334,42.795,1.0571
-11.1865,42.86,1.7377
33.1058,43.03,0.97698
85.2004,43.085,-2.0525
153.323,43.14,-2.3751
230.525,43.14,-3.1688
316.266,43.065,-4.6983
291.201,42.99,-4.4025
308.887,43.03,-4.6658
310.321,42.99,-4.8092
320.604,42.95,-5.0025
373.51,42.95,-5.4534
336.66,42.965,-5.2418
305.864,42.98,-5.0577
256.096,43.05,-4.915
178.127,42.855,-4.1326
104.042,42.66,-2.5001
40.1094,42.66,-1.6774
-14.0113,42.935,0.011073
-54.0248,43.21,3.8485
-58.8909,43.16,2.3204
-56.5139,43.215,1.9294
-54.2401,43.27,1.825
-52.6861,43.27,2.6609
-54.4483,43.345,2.8895
-53.3045,43.42,2.3176
-46.9704,43.39,2.3176
-41.4123,43.37,2.2891
-43.2531,43.35,1.3808
-51.2874,43.35,1.2118
-47.9659,43.51,1.3433
-29.3218,43.67,1.8558
-50.3032,43.68,1.8558
-49.0289,43.68,1.6121
-28.2461,43.68,1.3808
-16.045,43.68,1.3241
-20.5458,43.905,1.3431
-16.0871,44.13,1.3616
-14.7762,43.97,1.3808
-15.9974,44.055,2.2891
-19.1581,44.14,1.9294
-11.8715,44.14,2.6856
-14.4852,44.14,2.3176
-8.37314,44.14,2.2893
-3.99825,44.15,2.714
1.52018,44.225,3.2907
-7.67878,44.3,3.2907
-0.208282,44.3,3.2097
7.85665,44.32,3.3648
18.1018,44.34,3.3342
22.1075,44.52,3.1472
30.3244,44.375,2.7239
34.9533,44.23,1.9051
35.6359,44.23,1.9372
51.5902,44.145,1.1276
42.2214,44.06,1.4514
44.375,44.09,1.165
41.2973,44.115,1.0951
31.5338,44.14,1.512
31.5974,44.14,1.5665
25.5389,44.18,1.8841
26.4476,44.22,1.8752
20.4194,43.63,2.1557
14.3381,43.41,2.1884
10.0131,43.19,2.7212
9.12397,43.19,2.7178
5.1503,42.94,2.7494
-2.002,42.69,2.7623
-2.95242,42.56,2.7645
-3.07935,42.45,2.7293
-1.99819,42.34,2.7645
-0.582237,42.34,2.7748
-1.89665,42.3,2.7293
-2.20141,42.26,2.7373
-1.82405,42.1,2.7645
-1.37841,42.155,2.793
-1.07897,42.21,2.793
-1.14158,42.21,2.7544
-0.846296,42.14,2.7398
-1.19297,42.07,2.7398
-1.23973,42.14,2.7398
-1.78338,42.345,2.7398
-1.44733,42.55,2.6745
-0.691267,42.55,2.6745
-1.11804,42.375,2.6745
-1.24076,42.2,2.7398
-1.3978,42.19,2.7544
-1.39536,42.34,2.7815
-1.7452,42.49,2.793
-1.68888,42.49,2.7602
-1.83916,42.29,2.7748
-2.07619,42.09,2.7645
-3.05476,42.4,2.7453
-2.49849,42.465,2.7133
-5.58232,42.53,2.908
-4.49469,42.53,2.908
-2.81723,42.58,2.8762
0.894566,42.63,2.8719
17.9301,42.61,2.2215
40.7231,42.7,1.0032
29.2665,42.79,1.5016
70.7087,42.79,-0.73746
91.8592,42.77,-1.5118
109.577,42.75,-1.6226
74.8503,42.79,-1.074
76.6974,42.855,-0.9652
90.6277,42.92,-1.3007
96.7861,42.92,-1.4899
196.226,42.965,-2.2431
189.205,43.01,-2.1597
132.033,43.05,-1.5022
118.997,43,-1.6038
63.3758,42.95,0.77675
34.3729,42.95,1.3525
10.2241,43.045,2.2012
-3.27474,43.14,2.7662
-7.44119,43.01,2.8195
-10.9292,43.095,2.8576
-28.3511,43.18,2.8576
-18.8702,43.18,2.9528
-76.4662,43.11,2.7945
-67.6993,43.04,3.197
-59.4185,43.41,3.2797
-56.9408,43.44,3.4233
-49.1924,43.47,2.9325
-32.1961,43.47,2.7786
-55.7538,43.525,2.7542
-68.4394,43.58,2.7582
-68.2567,43.66,2.7598
-70.0307,43.77,2.6699
-71.9228,43.88,2.6897
-74.7664,43.88,2.7127
-76.3288,43.84,2.6951
-78.3616,43.8,2.8707
-80.7187,43.74,2.809
-84.1703,43.715,2.7598
-84.9603,43.69,2.7361
-84.9476,43.69,2.8405
-83.6313,43.805,2.9943
-83.6139,43.92,3.2052
-83.6064,43.72,3.4395
-78.8696,43.76,3.5563
-71.9106,43.8,3.6274
-66.7569,43.8,3.5591
-64.8015,43.93,3.3993
-38.9854,44.06,1.1158
6.63594,44.21,-1.2407
90.3578,44.225,-2.0345
156.956,44.24,-2.1469
218.519,44.24,-3.7115
270.863,44.185,-4.2017
315.587,44.13,-4.6038
285.635,44.11,-4.274
278.375,44.145,-3.9823
304.125,44.18,-4.5435
430.533,44.18,-4.4158
289.943,44.215,-4.274
269.062,44.25,-4.274
236.806,44.12,-3.9823
173.904,44.175,-2.9343
105.616,44.23,-1.9075
40.0302,44.23,-1.723
-17.9142,44.275,-0.59281
-64.5804,44.32,2.0032
-64.6778,44.39,3.3781
-58.7048,44.44,3.5767
-52.9473,44.49,3.018
-53.2852,44.49,2.3597
-51.5309,44.54,1.8877
-50.015,44.59,1.5675
-51.4203,44.67,1.5675
-50.315,44.635,1.5642
-50.2377,44.6,1.5398
-48.969,44.6,1.2764
-51.5395,44.6,1.3074
-50.6071,44.6,1.2362
-49.5979,44.93,1.0495
-48.9641,44.905,1.0496
-48.8543,44.88,1.0393
-47.9362,44.88,1.0496
-48.1292,44.94,1.0775
-48.2844,45,1.0804
-48.3622,44.87,1.0496
-48.2366,45.02,1.0496
-48.2877,45.17,1.0857
-49.8251,45.17,1.0654
-50.849,45.07,1.1145
-49.9125,44.97,1.0409
-48.5191,45.17,1.0409
-46.9531,45.16,1.0409
-47.7419,45.15,1.0829
-45.4629,45.15,1.1145
-39.1816,45.37,1.5124
-6.43323,45.59,2.0343
32.533,45.56,-1.1897
132.157,45.53,-2.0165
165.203,45.5,-2.6994
260.953,45.5,-3.844
308.107,45.4,-3.9207
330.491,45.3,-4.419
339.313,45.22,-4.4964
352.907,45.21,-4.5689
321.641,45.2,-4.4059
314.959,45.2,-4.3668
256.77,45.28,-4.1148
267.277,45.36,-4.1438
214.315,45.24,-3.1544
118.634,45.175,-1.9051
91.0033,45.11,-1.6797
48.1494,45.11,-1.0614
-16.4866,45.265,0.13004
-43.132,45.42,1.9878
-46.1312,45.45,3.3796
-42.3377,45.485,3.4908
-39.9458,45.52,2.8898
-44.1696,45.52,2.5572
-56.2183,45.575,2.4919
-48.149,45.63,2.4919
-47.8877,45.66,2.5873
-48.3499,45.675,2.6022
-48.7132,45.69,2.5813
-41.2384,45.69,2.6933
-30.635,45.77,2.398
-31.5793,45.85,1.9807
-11.3441,45.81,2.0973
-12.6453,45.845,2.0985
-10.767,45.88,2.4719
-14.5749,45.88,2.4921
-3.03855,45.845,2.436
1.56071,45.81,2.4695
1.5949,45.98,1.0925
-1.02263,45.98,1.2672
-6.03224,45.98,1.3928
-5.58031,45.98,1.4125
-7.29798,46.06,1.3182
-4.82339,46.14,1.3423
-6.19404,46.01,1.3635
-7.00829,45.98,1.2049
-11.492,45.95,0.95585
-11.0308,45.95,1.058
-17.1558,45.98,1.1239
5.78952,46.01,1.5127
24.6238,46.18,0.012798
110.596,46.15,0.33583
87.4027,46.12,0.30135
119.754,46.12,0.4663
222.882,46,-3.4058
101.273,45.88,-0.010751
242.857,45.95,-4.2892
291.914,45.9,-4.4917
215.136,45.85,-3.8923
166.957,45.85,-2.9401
156.384,45.89,-1.0199
123.91,45.93,-0.010751
66.6435,46.15,-0.93951
61.8498,46.055,-0.93951
52.9843,45.96,-1.0148
23.2987,45.96,0.11079
1.68869,46.2,1.186
-8.80974,46.44,1.7047
-44.7238,45.94,1.7047
-19.1974,44.585,1.7047
-18.6052,43.23,1.7047
-18.238,43.23,1.7047
-35.1212,42.765,1.7047
-24.367,42.3,1.7047
-26.1411,41.84,1.7047
-32.9962,41.375,1.7047
-42.2596,40.91,1.7047
-35.8062,40.91,1.7047
-39.0482,40.72,1.9039
-53.9389,40.53,2.1957
-33.428,40.47,1.7047
-34.2256,40.245,0.98569
-35.3702,40.02,1.2857
-19.2385,40.02,1.4383
-14.3005,39.6,1.4383
-27.7963,39.18,1.4383
-36.8426,39,1.4383
-33.1624,38.84,1.5414
-23.93,38.68,1.5414
-23.9885,38.68,1.559
-27.6171,38.57,1.5421
-29.1986,38.46,1.5911
-40.2857,39.07,2.4695
-57.9118,38.86,2.1317
-33.9836,38.65,2.1076
-27.607,38.65,2.1868
-29.3429,38.605,2.199
-25.7931,38.56,2.1834
-14.8651,39.13,2.1431
-1.66461,39.185,2.0673
9.26989,39.24,1.6734
18.5055,39.24,0.86305
10.2145,39.27,2.4086
42.7899,39.3,0.60942
200.413,39.35,-2.5054
172.448,39.315,-2.2279
210.917,39.28,-2.4823
244.718,39.28,-3.2972
281.088,39.42,-3.496
118.739,39.56,-1.5383
134.723,39.63,-1.929
213.527,39.875,-3.3483
163.449,40.12,-2.655
62.108,40.12,-1.7091
-45.0579,40.03,0.65948
-76.2697,39.94,3.7525
-93.2365,40.01,2.4915
-91.9513,40.07,2.11
-79.5464,40.13,2.4986
-92.643,40.13,2.0951
-91.4967,40.245,1.5928
-86.5556,40.36,1.4888
-84.9028,40.58,1.2275
-82.036,40.635,1.0775
-78.7513,40.69,1.0495
-76.5006,40.69,1.0495
-77.4175,40.705,1.0654
-73.5127,40.72,1.0829
-73.3385,40.67,1.0108
-74.0434,40.77,1.0028
-72.252,40.87,1.0221
-70.3095,40.87,1.147
-68.1153,40.895,1.0894
-67.6171,40.92,1.1795
-64.9016,40.97,1.1795
-65.6304,41.07,1.1795
-64.3392,41.17,1.0894
-63.8593,41.17,2.3842
-62.8339,41.185,2.3842
-63.1357,41.2,1.1795
-62.602,41.14,2.3842
-61.4538,41.15,2.3901
-60.852,41.16,2.3886
-59.3636,41.16,2.3838
-55.9166,41.38,2.3691
-28.1908,41.6,1.5202
27.0613,41.98,-0.49909
86.2254,41.915,-1.5685
163.167,41.85,-2.687
229.682,41.85,-3.6123
287.93,41.785,-4.2469
333.351,41.72,-4.4196
366.773,41.82,-4.6585
385.357,41.915,-4.7894
386.179,42.01,-4.7894
373.381,42.01,-4.7894
347.781,42.025,-4.6866
306.27,42.04,-3.8611
254.763,42.1,-3.1906
193.436,42.035,-3.2972
123.58,41.97,-2.4102
55.4826,41.97,-1.6403
-2.59669,41.965,-0.37563
-53.3749,41.96,2.7391
-65.0283,42.03,1.7825
-62.7616,42.05,1.7266
-61.6064,42.07,1.2317
-59.7786,42.07,1.211
-58.1133,42.165,1.211
-56.6269,42.26,1.0499
-54.9673,42.3,1.0109
-53.0904,42.385,1.0228
-52.5399,42.47,1.0554
-52.3984,42.47,1.0065
-51.3195,42.52,1.0028
-50.9524,42.57,1.0409
-51.6145,42.63,1.0409
-55.2752,42.67,1.0894
-49.126,42.71,1.1795
-47.2653,42.71,2.2919
-50.6901,42.735,1.1795
-51.1191,42.76,1.1795
-51.2124,42.84,2.2919
-51.7661,42.795,1.1795
-49.073,42.75,1.1795
-48.1108,42.75,2.3061
-48.607,42.885,2.3133
-47.6631,43.02,2.3133
-46.7877,42.97,2.3133
-46.6966,43.075,2.3133
-46.1896,43.18,2.2467
-45.8092,43.18,2.2425
-41.5851,43.255,2.1613
-13.22,43.33,0.60404
35.083,43.45,-0.047525
94.8687,43.475,-1.8742
181.953,43.5,-2.3636
228.403,43.5,-3.2972
278.623,43.445,-3.2739
326.176,43.39,-3.6804
357.846,43.34,-4.5193
375.961,43.345,-4.7691
384.435,43.35,-4.7691
369.877,43.35,-4.9077
342.927,43.44,-4.6353
303.37,43.53,-4.3924
251.605,43.44,-3.7927
192.828,43.39,-3.1293
122.354,43.34,-1.9114
55.6865,43.34,-1.1041
-1.31112,43.37,-0.22413
-49.8999,43.4,1.3718
-59.7967,43.55,1.6817
-55.8631,43.565,1.7025
-51.5125,43.58,1.7585
-51.2839,43.58,1.7271
-51.2747,43.62,1.594
-48.248,43.66,1.7793
-47.8237,43.78,1.6338
-45.204,43.825,1.2328
-41.8706,43.87,1.0465
-42.457,43.87,1.594
-40.1443,43.875,1.7271
-33.8826,43.88,1.594
-36.1871,43.84,1.4412
-34.7114,43.915,1.19
-33.4187,43.99,1.201
-34.6636,43.99,1.0465
-33.0012,44.04,1.594
-30.0963,44.09,1.2328
-26.0643,44.29,1.19
0.586429,44.32,1.4974
-14.6328,44.35,1.4974
-28.1378,44.35,1.4603
-31.4322,44.375,1.4974
-23.425,44.4,1.594
-19.6673,44.4,1.4974
-37.4071,44.425,1.4603
-29.0431,44.45,1.2328
-35.3688,44.45,1.1974
-29.0254,44.565,1.6929
20.1595,44.68,1.5117
107.262,44.7,-1.9575
143.056,44.67,-2.0226
195.238,44.64,-1.838
253.925,44.64,-3.2526
233.411,44.6,-2.9517
215.554,44.56,-2.7421
231.096,44.58,-2.8507
232.661,44.585,-2.7572
302.856,44.59,-3.7432
368.041,44.59,-4.32
312.02,44.58,-3.9865
291.559,44.57,-3.8004
238.674,44.56,-3.1323
172.427,44.63,-2.6458
106.759,44.7,-1.2434
69.2663,44.7,-1.8756
4.80276,44.595,-0.60071
-42.9397,44.49,2.1519
-49.2501,44.71,2.2379
-42.6889,44.825,1.6429
-36.0564,44.94,1.7376
-32.5129,44.94,1.8604
-29.3082,44.935,1.8689
-27.041,44.93,1.8375
-29.8839,44.92,1.8411
-31.3453,44.945,1.7793
-31.7415,44.97,1.7271
-28.3286,44.97,1.7271
-25.9758,45.05,1.7271
-29.2433,45.13,1.6746
-27.6457,45.14,1.8138
-30.4381,45.2,1.7271
-31.0821,45.26,1.6746
-32.182,45.26,1.6338
-31.4824,45.285,1.594
-30.031,45.31,1.6746
-31.9444,45.42,1.6338
-29.5722,45.335,1.594
-32.7681,45.25,1.594
-35.8835,45.25,1.4974
-36.2022,45.325,1.4974
-39.3038,45.4,1.4974
-39.9769,45.48,1.2328
-37.5284,45.51,1.4974
-37.2437,45.54,1.1974
-39.329,45.54,1.19
-35.4971,45.625,1.6929
-5.09262,45.71,1.2461
45.1366,45.84,-0.1767
92.8052,45.845,-1.2446
147.072,45.85,-2.5909
207.31,45.85,-3.3738
259.582,45.735,-3.2632
302.98,45.62,-3.631
331.676,45.64,-4.2981
348.269,45.69,-4.7776
348.49,45.74,-4.7367
341.116,45.74,-4.7776
320.338,45.685,-4.3453
287.422,45.63,-3.7744
235.945,45.89,-3.0681
176.32,45.695,-3.4124
110.457,45.5,-2.4732
48.1021,45.5,-1.6349
-5.77917,45.64,0.042961
-54.5625,45.78,1.7036
-72.8273,45.77,2.0496
-68.3299,45.9,1.9176
-61.8712,46.03,1.982
-58.8616,46.03,2.0237
-57.0885,46.03,2.0615
-58.2591,46.03,1.886
-56.9361,46.23,1.8248
-55.5212,46.19,1.786
-56.7707,46.15,1.7599
-53.617,46.15,1.795
-54.1839,46.2,1.7316
-53.3866,46.25,1.5333
-51.2662,46.33,1.5594
-48.8901,46.415,1.5594
-47.4089,46.5,1.0546
-43.8248,46.5,1.1266
-47.9943,46.445,1.0653
-49.9239,46.39,1.0593
-43.7231,46.47,1.5287
-39.5664,46.375,1.2615
-41.6595,46.28,1.0516
-42.9692,46.28,1.0516
-44.7735,46.4,1.0653
-44.0594,46.52,1.0546
-42.5012,46.7,1.063
-40.6249,46.575,1.2557
-39.0994,46.45,1.7455
-36.8101,46.45,1.2862
-27.382,46.625,1.2836
9.77815,46.8,1.5063
26.9063,46.83,-0.33482
116.022,46.755,-1.9618
182.292,46.68,-2.3735
230.945,46.68,-3.4614
258.588,46.785,-2.9401
318.09,46.89,-3.8336
356.324,46.5,-4.3523
373.911,46.56,-4.4725
362.39,46.62,-4.1703
353.043,46.62,-4.117
337.124,46.62,-4.0131
301.617,46.62,-3.9238
253.195,46.64,-3.5697
193.121,46.58,-2.7572
127.943,46.52,-2.162
43.9364,46.52,-0.36437
-22.442,46.54,1.8614
-12.0009,46.56,2.0632
-35.0883,46.73,2.1099
-9.34319,46.795,2.0614
-6.98171,46.86,2.0614
-12.4454,46.86,2.0287
-23.1119,46.865,2.1272
-22.6493,46.87,2.0287
-40.7701,47.01,2.1
-48.2929,47.08,2.0664
-56.1424,47.15,1.982
-52.2803,47.15,1.0701
-60.2387,47.14,1.4259
-62.7403,47.13,1.4382
-62.0037,47.08,1.4131
-59.9233,47.095,1.2165
-59.8969,47.11,1.4362
-27.0719,47.11,1.1669
-11.0068,47.18,1.1943
-12.7034,47.25,2.1857
-10.4859,47.24,2.1857
-45.3152,47.25,2.174
-61.5354,47.26,2.145
-44.9562,47.26,2.14
-27.7493,47.235,2.1116
-31.3255,47.21,2.0907
-26.4614,47.24,2.0774
-18.9068,47.29,2.1099
-53.5603,47.34,0.88572
-51.5443,47.34,0.62137
-19.8014,47.415,1.9588
-28.2993,47.49,1.9368
32.0997,47.33,-0.60846
77.1444,47.34,-0.23406
156.071,47.35,-2.5522
193.832,47.35,-2.9365
162.565,47.405,-0.54881
209.473,47.46,-3.4929
272.31,47.45,-4.2532
245.284,47.23,-3.8998
106.736,47.01,-1.0125
7.54876,47.01,1.593
82.1079,47.03,0.20133
12.8229,47.05,2.322
59.8984,46.9,0.46699
56.3961,46.9,0.46699
41.4846,46.9,0.75949
12.5764,46.9,1.9066
-1.91684,46.495,5.2005
-7.45879,46.09,4.3632
-10.7941,42.34,1.9293
-5.57227,39.055,1.9551
-3.57653,35.77,1.9861
-4.20708,35.77,1.9293
-8.71696,35.175,1.8737
-6.27297,34.58,1.8821
-2.14452,33.89,1.8821
-2.45202,33.31,1.8821
-1.48744,32.73,2.0383
-1.80444,32.73,0.80505
-7.64673,31.52,1.6121
-7.71048,30.31,1.6616
-7.7448,29.95,1.5828
-10.092,29.98,1.7549
-12.6734,30.01,1.8292
-11.9591,30.01,2.1178
-10.8421,29.975,2.1178
-10.417,29.94,2.1178
-9.65897,29.58,2.2887
-8.81467,29.41,2.1178
-8.7498,29.24,2.1178
-10.1992,29.24,2.2891
-9.30835,28.92,2.1225
-11.9386,28.6,2.0741
-12.7151,28.47,2.2338
-13.897,28.535,2.2338
-15.3524,28.6,2.2118
-12.4092,28.6,2.0697
-8.22239,28.75,1.9662
-3.85414,28.9,1.9274
3.83264,29.11,1.9102
20.5425,29.335,2.0904
13.5605,29.56,1.8795
11.5111,29.56,1.821
17.2281,29.49,1.821
41.7232,29.42,1.1966
52.3742,29.75,0.47112
32.2734,29.88,2.0342
31.7704,30.01,2.0342
65.5906,30.01,-0.26444
47.6798,30.145,-0.17556
20.5371,30.28,1.634
31.3091,30.39,1.3981
20.846,30.49,1.6366
16.9512,30.59,2.292
8.95048,30.59,2.292
1.14576,30.705,1.6912
-1.63976,30.82,1.5241
-3.14018,30.99,1.5241
-2.55263,31.115,1.5241
-0.555404,31.24,1.5241
1.66837,31.24,1.5241
1.62804,31.44,1.5952
-0.227083,31.64,1.5952
-0.538587,31.61,1.5952
0.0628,31.655,1.5952
0.597714,31.7,1.6319
0.026,31.7,1.8478
-0.246669,31.705,3.6555
-3.94248,31.71,5.4188
-3.73003,32.01,5.7353
-12.0755,32.065,9.6098
-8.00044,32.12,10.474
-10.9904,32.12,10.474
-13.1966,32.2,10.474
-18.3501,32.28,10.474
-20.7077,32.39,10.474
-15.0672,32.36,10.474
-16.0315,32.33,11.613
-10.0338,32.33,10.474
-6.96408,32.405,10.474
-20.2353,32.48,2.6611
-28.6411,32.05,10.474
-23.7952,32.115,10.474
-16.589,32.18,9.6098
-36.6838,32.18,8.3598
-16.2615,32.15,5.7353
-5.10841,32.12,5.2655
13.5838,32.18,1.9237
53.9454,32.245,0.21582
114.674,32.31,-0.27208
140.538,32.31,-0.51129
108.452,32.31,0.1122
220.131,32.31,-1.7797
254.244,32.78,-1.8844
256.347,32.825,-1.8844
195.776,32.87,-1.5503
163.176,32.87,-0.98906
167.344,32.85,-1.1082
88.7836,32.83,-0.46242
124.729,33.11,-1.3443
84.7083,33.04,-0.55366
57.4393,32.97,-0.51934
11.5804,32.97,0.75949
-14.7364,32.89,2.1039
-32.7193,32.81,2.0614
-32.8014,33.1,1.8166
-33.315,33.155,1.6911
-28.3214,33.21,1.5952
-25.3139,33.21,1.5241
-18.53,33.685,1.5241
-18.4037,34.16,1.5952
-16.5478,33.7,1.5952
-16.2799,33.655,1.6319
-12.0442,33.61,1.6319
-10.2173,33.61,1.5952
-4.00186,33.705,1.6876
-7.55751,33.8,1.6425
-7.04773,33.66,1.5952
-10.891,33.64,1.5241
-20.2605,33.62,1.5241
-11.4565,33.62,1.4944
-11.6376,33.925,1.4944
-11.2771,34.23,1.5241
-7.66801,34.03,1.5241
-7.23171,34.105,1.5241
-4.82536,34.18,1.5241
-3.5997,34.18,1.5241
-1.11887,34.215,1.5952
-0.366752,34.25,1.5952
-1.39941,34.62,1.6425
-2.53806,34.295,1.8342
0.61744,33.97,1.9905
0.991123,33.97,1.7668
1.9569,33.725,3.6555
7.40288,33.48,5.0025
2.4005,32.9,1.7788
10.8094,32.805,2.292
34.4225,32.71,2.4633
75.922,32.71,-0.21493
99.3101,32.605,-0.25412
115.746,32.5,-0.63019
129.779,32.52,-1.1725
121.435,32.53,-0.86979
89.2662,32.54,-0.21493
91.6975,32.54,-0.24296
92.814,32.625,-0.24296
81.501,32.71,-0.24296
83.7508,32.91,-0.26521
78.678,32.935,-0.23782
100.972,32.96,-0.26521
50.9455,32.96,0.34549
11.6814,32.995,2.292
-4.00533,33.03,1.5952
-10.0273,33.31,1.5241
-28.8032,33.345,1.5798
-63.6434,33.38,1.5289
-40.9941,33.38,1.5744
-43.9164,33.49,1.5744
-64.3827,33.6,1.5744
-10.9487,33.63,1.5744
-7.2728,33.645,1.5307
-8.08261,33.66,1.8529
-9.20393,33.66,1.9593
-8.17655,33.62,2.5128
-8.02867,33.58,3.0465
-48.4302,34.13,2.6609
-69.466,34.23,2.6939
-68.2413,34.33,2.5339
-68.4794,34.33,2.6153
-64.152,34.355,2.4548
-63.0824,34.38,2.4111
-66.6949,34.49,2.3608
-62.3467,34.645,2.4111
-51.9554,34.8,2.4111
-56.4849,34.8,2.3608
-59.0165,34.79,2.4897
-53.6368,34.78,2.467
-56.6552,35.07,2.4207
-59.5911,35.065,2.3187
-62.9944,35.06,2.0991
-62.648,35.06,1.9665
-59.016,35.185,2.0368
-45.2378,35.31,2.3096
-14.0076,35.54,1.437
55.8002,35.59,-1.2248
124.97,35.64,-2.4078
220.964,35.64,-2.9567
276.748,35.7,-3.0272
323.76,35.76,-3.6312
357.408,35.68,-4.3089
373.168,35.785,-4.6901
379.94,35.89,-4.6281
371.836,35.89,-4.6281
347.489,35.965,-4.311
314.089,36.04,-3.8002
265.149,35.97,-2.8587
195.046,35.92,-2.8466
75.4362,35.87,-0.52717
46.069,35.87,1.1204
12.3461,36.02,1.2043
-13.6131,36.17,2.3477
-20.6113,36.11,2.8337
-20.3389,36.125,2.4159
-18.7058,36.14,2.2306
-17.7214,36.14,2.2306
-17.4328,36.215,2.2306
-18.2674,36.29,2.1727
-23.2123,36.34,2.2663
-22.2714,36.38,2.2663
-16.6156,36.42,2.15
-23.4425,36.42,2.2199
-24.3542,36.49,2.2405
-70.9467,36.56,2.0169
-64.9417,36.72,2.0515
-63.7935,36.78,1.9158
-59.5299,36.84,1.8232
-57.31,36.84,1.8283
-53.5009,36.915,1.5608
-27.1363,36.99,1.5608
-38.7672,37.15,1.8232
-38.8899,37.12,1.7226
-41.1717,37.09,1.6517
-47.1125,37.09,1.3993
-46.8432,37.11,1.4168
-40.3779,37.13,1.4168
-43.9103,37.36,1.4168
-48.8104,37.35,1.2549
-49.8779,37.34,1.0339
-38.8952,37.34,0.99497
-31.9916,37.485,1.0999
8.77115,37.63,1.1814
29.7835,37.87,-0.22816
40.8143,37.835,-0.22816
105.016,37.8,-1.2954
143.94,37.8,-2.3527
174.053,37.765,-2.7262
158.027,37.73,-2.3253
144.778,37.89,-2.5845
133.592,37.9,-2.5787
155.118,37.91,-2.6589
191.683,37.91,-2.5749
245.602,37.99,-2.9015
150.862,38.07,-2.1517
150.121,37.9,-2.6677
67.7011,37.925,-0.3945
25.1352,37.95,0.91374
10.9128,37.95,1.206
-12.9018,37.99,0.95027
-39.5095,38.03,1.783
-55.4647,38.13,2.2447
-48.9422,38.165,1.9802
-45.1073,38.2,1.9683
-39.4306,38.2,2.11
-38.8766,38.3,2.0968
-50.8605,38.4,2.0436
-54.3852,38.46,2.0216
-55.3502,38.45,1.8468
-52.7771,38.44,1.8874
-51.5394,38.44,1.739
-41.6045,38.56,2.3822
NA,38.68,3.4802
-18.1268,38.81,2.118
-36.1728,38.82,2.1165
-39.3656,38.83,2.118
-76.0724,38.83,1.9657
-81.6505,38.88,1.921
-80.7491,38.93,1.921
-79.0837,39.23,1.921
-79.7877,39.195,1.9828
-79.2602,39.16,2.0935
-71.7296,39.16,2.0946
-68.2205,39.17,2.0444
-66.9375,39.18,1.9026
-67.5466,39.19,1.9026
-67.2625,39.34,1.9739
-65.0117,39.49,1.6922
-63.676,39.49,1.4271
-58.4715,39.53,1.7365
-27.4426,39.57,1.5559
35.3662,39.75,-0.22816
93.2032,39.725,-1.6077
131.736,39.7,-2.373
226.613,39.7,-2.8611
299.823,39.725,-3.019
240.908,39.75,-2.3987
216.735,39.79,-2.2998
207.759,39.805,-2.3072
252.863,39.82,-2.5841
220.497,39.82,-2.3345
213.812,39.905,-2.3602
194.382,39.99,-2.3266
134.613,39.76,-1.9134
100.737,39.85,-1.0182
55.3829,39.94,0.58188
28.9284,39.94,1.4456
6.1557,39.91,1.7467
-12.9853,39.88,2.1387
-76.3133,40.07,2.1402
-75.4464,40.045,2.1022
-63.5616,40.02,1.9753
-59.7987,40.02,1.7195
-57.5067,40.085,1.4981
-56.2622,40.15,1.4254
-58.6051,40.23,1.1816
-55.2201,40.29,1.1128
-54.0845,40.35,1.1128
-52.9766,40.35,1.0609
-52.0972,40.445,0.99236
-51.2365,40.54,0.84537
-50.7972,40.55,0.99236
-51.8649,40.545,0.99236
-52.3702,40.54,0.84537
-52.5062,40.54,0.99236
-52.0325,40.615,1.0596
-49.7944,40.69,1.8229
-51.2903,40.88,1.576
-51.8209,40.89,1.1816
-53.4008,40.9,1.1128
-51.5563,40.9,0.84537
-49.5425,40.91,0.99236
-48.2519,40.92,0.98886
-48.8866,40.84,0.98886
-48.7464,40.895,0.99236
-49.1035,40.95,0.57813
-52.8605,40.95,0.84537
-47.8944,41.11,0.98886
-26.9695,41.27,1.1055
22.5656,41.42,0.81314
87.3388,41.34,-1.9921
170.263,41.26,-2.2874
220.512,41.26,-2.7549
299.085,41.265,-3.3487
327.414,41.27,-4.1328
364.375,41.22,-4.9654
377.633,41.37,-4.98
386.38,41.52,-5.0426
381.731,41.52,-4.9823
349.738,41.5,-4.6906
304.3,41.48,-3.4966
263.325,41.39,-2.8939
206.523,41.305,-2.6621
127.644,41.22,-2.3072
2.39464,41.22,-0.06002
-26.9927,41.29,2.0368
-22.595,41.36,2.2581
-28.6341,41.39,2.191
-54.8802,41.41,1.9026
-52.7003,41.43,1.8229
-50.0091,41.43,1.576
-26.3763,41.525,1.8229
-16.7675,41.62,1.8769
-24.4372,41.37,1.7365
-47.0029,41.395,1.576
-30.7364,41.42,1.4271
-47.1942,41.42,1.4271
-17.584,41.46,1.6385
-10.2831,41.5,1.7725
-8.44405,41.69,1.9613
-0.969898,41.565,2.029
-6.75308,41.44,2.149
-26.7748,41.44,2.2074
-1.98903,41.865,2.2608
-3.18856,42.29,2.3462
-7.29143,42.22,2.3079
-11.2361,42.12,2.2885
-8.43654,42.02,2.2074
-10.1049,42.02,2.2262
-6.70287,41.755,2.2879
-5.05143,41.49,2.3079
-5.43352,42.45,2.4164
-11.3793,42.52,2.4998
-8.13197,42.59,2.4971
-9.17223,42.59,2.5428
-22.456,42.395,2.5899
-18.3935,42.2,2.5966
-3.60708,42.33,1.8585
-6.7547,42.33,2.5228
-8.8113,42.33,1.8684
26.8793,42.33,1.5026
80.7577,42.3,-0.88492
143.343,42.27,-2.4142
117.921,42.27,-1.5503
145.327,42.285,-1.9698
136.6,42.3,-1.7175
112.23,42.3,-1.0952
153.832,42.35,-2.1105
114.425,42.4,-1.058
62.0479,42.38,0.90554
53.3974,42.44,1.0304
32.3283,42.5,1.2811
3.54255,42.5,1.4795
-11.4859,42.485,1.7828
-19.4865,42.47,2.5328
-16.4406,42.24,2.6002
-14.8112,42.265,2.541
-14.8222,42.29,2.4971
-12.9059,42.29,2.4971
-12.6915,42.155,2.5547
-12.3174,42.02,2.476
-13.4696,42.04,2.4509
-12.2918,41.595,2.4164
-12.173,41.15,2.3485
-11.8119,41.15,2.3502
-13.9995,40.97,2.3781
-13.8926,40.79,2.4363
-18.5942,40.37,2.4139
-23.8565,40.245,2.2608
-20.6763,40.12,2.2608
-20.6435,40.12,2.2743
-20.1227,40.055,2.3168
-22.002,39.99,2.2074
-32.5171,39.88,2.1233
-21.0631,39.88,2.0935
-15.2648,39.88,2.191
-15.6577,39.88,2.191
-32.9874,39.945,2.1233
-52.4101,40.01,2.1182
-71.0961,40.11,2.0728
-76.981,39.99,2.0347
-72.2709,39.87,1.849
-68.5303,39.87,1.9246
-65.3597,40.02,1.9026
-37.0901,40.17,0.74971
14.189,40.26,-0.34555
63.8084,40.3,-1.1953
125.468,40.34,-2.2679
200.157,40.34,-2.6985
269.427,40.38,-3.4048
328.998,40.42,-4.6514
369.243,40.51,-4.756
391.828,40.535,-5.2445
396.43,40.56,-5.2445
389.086,40.56,-5.1656
369.55,40.585,-5.0426
328.389,40.61,-4.5361
276.157,40.64,-3.2067
213.709,40.36,-2.7827
143.291,40.08,-2.4071
71.2214,40.08,-2.2601
9.24684,40.35,-0.67502
-48.7073,40.62,2.1008
-71.2785,40.68,2.189
-68.4961,40.765,1.8769
-66.2147,40.85,1.4254
-67.0505,40.85,1.1816
-65.0864,40.86,1.0609
-66.6082,40.87,1.0303
-62.8788,41.16,0.99236
-61.0342,41.14,0.99236
-60.2968,41.12,1.1128
-56.8848,41.12,1.1128
-55.936,41.11,1.0609
-56.1333,41.1,1.0609
-53.7899,41.18,1.0303
-52.3478,41.27,1.166
-50.7167,41.36,0.99236
-51.4529,41.36,1.1128
-51.5702,41.415,1.0195
-51.64,41.47,1.0684
-50.5929,41.42,1.0794
-50.2332,41.495,0.94268
-49.3135,41.57,1.1399
-50.1317,41.57,0.62249
-50.7184,41.635,0.43269
-52.2163,41.7,0.80288
-52.6134,41.74,0.67117
-50.2914,41.805,0.75053
-50.0549,41.87,0.71785
-49.9255,41.87,0.014195
-46.5424,42,0.82921
-18.565,42.13,0.52151
33.4452,42.18,-0.44416
102.148,42.125,-1.479
170.855,42.07,-2.2075
231.859,42.07,-2.6231
287.321,42.035,-3
336.361,42,-4.3936
371.421,42.08,-4.7414
395.393,42.11,-4.7023
400.465,42.14,-4.5553
387.484,42.14,-4.59
371.483,42.09,-4.5474
336.102,42.04,-4.3046
284.512,42.21,-3.4367
221.505,41.915,-2.8085
151.22,41.62,-2.5164
78.9356,41.62,-2.4365
17.2772,41.84,-0.6703
-33.4721,42.06,2.1021
-55.766,42.2,1.7498
-53.9068,42.295,1.6156
-54.2848,42.39,1.5138
-52.6716,42.39,1.4028
-54.3056,42.435,1.2208
-53.6948,42.48,1.2324
-52.3465,42.68,1.3382
-51.5655,42.675,1.7413
-54.7232,42.67,1.766
-52.3449,42.67,1.6462
-51.4917,42.645,1.2747
-50.1721,42.62,1.2023
-49.9062,42.78,1.0118
-47.8447,42.845,0.94791
-45.6755,42.91,0.51249
-46.2293,42.91,0.51249
-45.956,42.815,0.22509
-43.6956,42.72,0.22509
-44.5821,42.99,0.70905
-46.4648,42.96,0.51249
-44.9591,42.93,0.014195
-41.8407,42.93,0.53945
-44.0529,42.945,-0.64183
-39.7789,42.96,-0.74191
-40.9244,43.14,-0.74191
-40.886,43.335,0.014195
-5.03373,43.53,0.71785
-7.32761,43.53,1.148
-15.3896,43.48,1.1788
10.1837,43.43,1.2169
26.6099,43.26,1.86
67.5859,43.295,-0.44416
124.015,43.33,-1.2371
147.405,43.33,-1.9633
135.431,43.305,-1.7738
157.631,43.28,-2.1579
196.419,43.1,-2.2165
281.147,43.165,-2.9229
279.694,43.23,-3.0572
229.156,43.23,-2.7638
216.587,43.08,-2.5781
142.656,42.93,-2.2207
90.499,42.95,-0.65826
107.073,42.995,-1.0707
53.1318,43.04,0.34661
18.753,43.04,1.3082
-7.14423,43.17,1.8163
-21.0679,43.3,2.3672
-17.6094,43.3,2.3525
-12.6527,43.405,2.33
-11.1378,43.51,2.3097
-10.7836,43.51,2.3356
-8.9838,43.415,2.3102
-9.17269,43.32,2.2736
-7.142,43.57,2.2868
-6.24728,43.595,2.3128
-5.6275,43.62,2.2706
-10.9159,43.62,2.2464
-7.43313,43.62,2.1585
-4.21549,43.62,2.1049
-2.6354,43.31,2.0901
-2.62768,43.425,2.0795
2.20116,43.54,2.1077
2.26062,43.54,2.1679
0.168199,43.54,2.1898
0.479514,43.54,2.1766
0.569745,43.5,2.1494
-1.21081,43.525,2.1766
-2.10707,43.55,2.1494
-1.41401,43.55,2.1442
-2.84679,43.68,2.1442
-5.11604,43.81,2.1442
-3.97242,43.66,2.1442
-2.58586,43.74,2.1419
-3.54384,43.82,2.1419
-4.39314,43.82,2.1442
-3.29682,43.805,2.1442
-0.161998,43.79,2.1503
14.7379,43.91,1.7576
36.1167,43.885,1.3437
47.1228,43.86,0.85239
65.2271,43.86,-0.21226
89.0307,44.045,-1.2133
71.7892,44.23,-0.44252
73.5972,44.07,-0.50327
94.9943,44.065,-1.145
129.426,44.06,-2.1755
101.259,44.06,-1.4357
86.2859,44.095,-0.81349
91.1917,44.13,-1.6626
84.5448,44.25,-1.7451
94.1858,44.035,-2.0553
111.472,43.82,-2.1498
64.0463,43.82,-1.868
10.7938,43.955,-0.50882
-34.3975,44.09,1.2052
-53.5507,44.2,2.0542
-51.8343,44.295,1.94
-49.441,44.39,1.8077
-49.0345,44.39,1.7576
-48.6266,44.395,1.7526
-48.4203,44.4,1.794
-52.1592,44.45,1.7508
-45.3463,44.45,1.6824
-45.0363,44.45,1.5465
-46.0028,44.45,1.5779
-45.333,44.45,1.4283
-42.4107,44.45,1.5089
-45.0808,44.42,1.4283
-47.0053,44.51,1.3245
-49.3008,44.6,1.2909
-47.5106,44.6,1.2291
-47.1946,44.585,1.2158
-48.2089,44.57,1.0704
-44.7627,44.72,0.78563
-43.0809,44.805,0.82686
-43.699,44.89,0.82686
-45.5259,44.89,0.65274
-46.1201,44.91,0.44184
-44.5999,44.93,0.3659
-31.2556,44.92,0.92608
14.1423,44.99,1.2243
12.8689,45.06,1.5731
8.93289,45.06,1.6348
9.59437,45.14,1.7246
15.7024,45.22,1.3784
26.9771,45.19,1.2106
122.536,45.22,-0.98284
159.628,45.25,-1.4911
195.383,45.25,-1.8904
196.33,45.125,-1.4911
229.331,45,-1.9362
383.832,45.28,-4.9805
345.961,45.25,-4.8807
400.323,45.22,-4.5949
409.184,45.22,-4.6151
387.38,45.12,-4.5945
349.441,45.02,-4.1976
296.447,45.16,-4.0388
229.961,44.98,-3.511
158.859,44.8,-2.7602
83.9879,44.8,-1.6833
18.6611,44.81,-0.26625
-37.5485,44.82,1.6032
-68.7998,45.24,2.038
-67.55,45.21,2.0436
-71.3946,45.18,1.9912
-69.3645,45.18,1.9443
-63.5744,45.13,1.9273
-63.0597,45.08,1.9411
-61.0382,45.11,1.9166
-63.5991,45.255,1.9273
-60.7709,45.4,2.0123
-50.1758,45.4,1.6708
-48.6384,45.335,1.6893
-42.6711,45.27,1.708
-29.3706,45.21,1.7302
-1.88896,45.2,1.8132
-6.77945,45.19,1.9415
2.56242,45.19,1.9572
-3.25793,45.385,1.961
-1.02044,45.58,2.0129
-0.355854,45.52,1.9977
0.475327,45.52,1.9142
-4.85178,45.52,1.9101
-10.3437,45.52,1.994
-25.7497,45.475,1.961
-27.2393,45.43,1.9506
-11.2267,45.54,1.9707
-18.9975,45.53,1.9609
-11.472,45.52,2.0061
-23.1802,45.52,1.3151
7.36549,45.705,1.3107
12.0469,45.89,2.1103
23.575,45.85,1.7069
43.3395,45.82,1.7675
89.9545,45.79,0.67755
113.433,45.79,-0.8033
90.7542,45.75,-0.4684
128.39,45.71,-1.3848
154.103,45.94,-1.8307
175.015,45.96,-2.2959
387.323,45.98,-4.4805
397.27,45.98,-4.5735
385.629,45.98,-4.5088
345.697,45.98,-4.2016
295.144,45.88,-3.919
232.42,45.665,-3.2172
159.471,45.45,-2.6456
85.9646,45.45,-1.7279
20.5027,45.58,0.55289
-33.2543,45.71,2.8484
-69.2808,45.96,2.0023
-67.3587,45.845,2.008
-64.7599,45.73,2.0227
-64.638,45.73,1.3615
-61.6947,45.785,1.4041
-61.4279,45.84,1.4427
-64.5337,46.01,1.45
-60.9827,45.985,1.439
-56.3701,45.96,1.258
-54.8627,45.96,1.8576
-51.6351,46.18,1.7375
-49.4463,46.4,1.5241
-56.4596,45.95,1.1829
-26.8277,46.015,1.2842
-34.4998,46.08,1.2283
-37.0798,46.08,1.3557
-38.3724,46.095,1.3971
-36.5715,46.11,1.1903
-39.3607,46.27,1.1094
-32.5895,46.255,1.1259
-34.2043,46.24,1.1578
-29.2039,46.24,1.4079
-38.5536,46.35,1.6225
-43.5949,46.46,1.6637
-39.0726,46.31,1.7076
-44.2994,46.41,1.6132
-36.5152,46.51,1.0233
-21.0045,46.51,0.91405
-52.816,46.535,1.0233
-36.0771,46.56,-0.78874
50.2815,46.6,-0.62333
121.968,46.625,-2.106
201.001,46.65,-1.958
284.763,46.65,-3.2716
285.789,46.585,-3.7454
339.935,46.52,-4.2204
381.527,46.44,-4.7421
401.59,46.45,-4.6617
408.186,46.46,-4.6472
400.388,46.46,-4.6317
376.8,46.405,-4.7691
343.431,46.35,-4.318
295.047,46.57,-3.8345
251.823,46.465,-3.5849
141.805,46.36,-1.9105
26.2222,46.36,-0.28308
22.1769,46.37,1.9325
5.92251,46.38,1.6458
-53.3513,46.46,1.9931
-48.9849,46.49,1.844
-32.551,46.52,1.7972
-31.7967,46.52,1.7486
-23.742,46.475,1.6991
-20.6529,46.43,1.6991
-21.4667,46.37,1.6328
-30.11,46.3,1.8651
-11.811,46.23,1.9787
-7.23016,46.23,1.9787
-11.5577,46.555,1.9235
-11.0719,46.88,1.7029
-23.7473,45.76,1.6682
-22.0827,46.235,1.6616
-18.3197,46.71,1.7482
-18.2735,46.71,1.7697
-9.78955,46.46,1.7307
-12.1551,46.21,1.6891
-9.05893,46.25,1.7704
-15.0411,46.205,2.0632
-23.9682,46.16,2.0838
-17.0809,46.16,2.1392
-69.0077,46.075,1.4344
-63.1861,45.99,1.5527
-62.6319,46.07,1.5457
-62.3763,46.125,1.5339
-60.1098,46.18,1.5339
-61.5262,46.18,1.5508
-17.8357,46.25,1.5875
21.4332,46.32,2.1081
48.138,46.19,2.1261
107.207,46.25,-0.12863
183.391,46.31,-2.2722
145.74,46.31,-1.5002
192.567,46.235,-3.8473
287.41,46.16,-4.0553
369.033,46.41,-4.678
392.321,46.19,-4.6003
391.731,45.97,-4.6033
371.243,45.97,-4.5597
285.611,46.07,-3.7636
227.14,46.17,-2.8195
158.561,46.01,-1.5917
144.064,46.015,-1.9305
37.0212,46.02,2.8999
30.6691,46.02,2.6162
-19.9884,46.28,2.3318
-21.8989,46.54,1.7513
-81.7701,46.04,1.6297
-90.5631,46.04,1.4529
-39.0737,46.04,1.6201
-41.652,46.04,1.4563
-79.021,46.025,2.063
-72.548,46.01,1.9087
-72.4283,46.22,1.951
-72.7951,46.295,1.8991
-62.315,46.37,1.8965
-65.6661,46.37,1.7786
-68.167,46.38,1.8965
-66.8556,46.39,1.8838
-68.596,46.47,1.8991
-69.4149,46.51,1.8846
-67.6578,46.55,1.9239
-71.3927,46.55,1.9159
-69.7205,46.565,1.9539
-63.6326,46.58,1.8558
-61.3136,46.33,1.9304
-61.7021,46.35,1.9304
-60.2696,46.37,1.9133
-58.7163,46.37,1.7769
-58.2985,46.395,1.8011
-56.7876,46.42,1.9565
-56.1509,46.79,2.1506
-52.6018,46.725,1.8844
-52.6667,46.66,1.848
-52.0172,46.66,1.8821
-47.4575,46.68,1.8558
-9.26257,46.7,2.5717
50.4926,47.03,0.055569
114.448,46.9,-1.2767
117.371,46.77,-1.7173
216.623,46.77,-2.9659
307.789,46.8,-3.7003
354.99,46.83,-4.4244
388.598,46.79,-4.4694
413.551,46.91,-4.6456
415.607,47.03,-4.6824
409.856,47.03,-4.6424
379.617,46.85,-4.5113
338.912,46.67,-4.1363
302.203,46.87,-3.9854
240.845,46.705,-3.3477
174.783,46.54,-2.6566
93.2596,46.54,-1.5087
23.7005,46.655,0.50963
-23.2232,46.77,2.6326
-54.6324,46.66,2.4178
-63.5679,46.695,1.6678
-60.7154,46.73,1.6596
-50.8871,46.73,1.6531
-38.4966,46.945,1.668
-29.2867,47.16,1.6789
-40.449,46.89,1.6678
-39.0077,46.94,1.668
-33.5146,46.99,1.6596
-34.993,46.99,1.6673
-53.2481,46.95,1.6918
-63.6882,46.91,1.6625
-63.2894,47.09,1.6276
-62.7534,47.04,1.5843
-63.9299,46.99,1.5114
-58.5918,46.99,2.1588
-55.445,47.06,2.143
-55.3279,47.13,2.2809
-54.5597,47.25,2.2728
-53.0419,47.29,2.2342
-53.0234,47.33,2.2905
-53.4656,47.33,1.452
-45.1978,47.365,1.6519
-30.4272,47.4,1.6105
-24.0688,47.57,1.7219
-23.6665,47.625,1.7158
-27.0124,47.68,1.7698
-34.7688,47.68,1.8549
-54.0294,47.65,1.9374
-46.7596,47.62,0.35075
25.4203,47.75,0.45023
123.66,47.725,-1.493
130.506,47.7,-2.0865
239.046,47.7,-2.9914
298.535,47.615,-3.8927
350.663,47.53,-4.1624
380.786,47.51,-4.5086
406.062,47.49,-4.5996
396.593,47.47,-4.5884
304.554,47.47,-3.8855
367.274,47.355,-4.4736
292.799,47.24,-3.8704
333.335,47.44,-4.1926
131.812,47.395,-1.3827
128.519,47.35,-1.3525
60.069,47.35,0.38744
3.69515,47.545,2.6065
-41.3159,47.74,2.619
-73.1692,47.63,1.9045
-62.7652,47.605,1.6963
-53.251,47.58,1.6598
-57.1679,47.58,2.2342
-56.7066,47.65,2.3378
-53.6842,47.72,2.2237
-50.9601,47.85,2.2181
-50.3312,47.825,2.2237
-48.9731,47.8,2.4374
-47.572,47.8,2.6834
-48.0835,47.865,2.6364
-49.1163,47.93,2.7437
-47.28,48.15,2.897
-48.2248,48.16,2.7437
-50.0884,48.17,2.676
-49.8878,48.17,2.5005
-47.7408,48.095,2.4374
-47.1327,48.02,2.6005
-47.508,48.19,2.5644
-46.6157,48.175,2.6005
-46.6181,48.16,2.897
-46.7822,48.16,2.897
-44.7255,48.225,3.2202
-44.0736,48.29,2.8331
-43.9317,48.18,2.9642
-43.6332,48.245,2.6364
-45.3551,48.31,2.8331
-41.4234,48.31,3.0039
-38.0699,48.45,3.2202
-7.85276,48.59,3.4065
38.8159,48.74,0.30554
121.831,48.575,-0.48398
194.964,48.41,-1.5256
260.358,48.41,-3.0686
314.154,48.425,-3.8338
360.846,48.44,-4.1317
391.455,48.41,-4.4932
414.921,48.37,-4.5719
417.053,48.33,-4.5987
374.238,48.33,-4.56
388.674,48.375,-4.6221
352.72,48.42,-4.4797
303.383,48.44,-4.1813
242.881,48.25,-3.5281
202.59,48.06,-2.631
99.8894,48.06,-1.7009
31.3352,48.235,0.29769
-24.5286,48.41,3.6094
-62.9687,48.22,2.2207
-65.2173,48.315,2.1057
-56.5946,48.41,2.326
-59.1768,48.41,2.4259
-61.8176,48.38,2.4323
-64.9246,48.35,2.4411
-66.6798,48.38,2.5009
-68.3204,48.41,2.5668
-66.9454,48.44,2.5668
-66.9322,48.44,2.5668
-67.2836,48.455,1.8284
-66.1188,48.47,1.8369
-62.0635,48.46,1.7997
-58.477,48.425,1.8378
-54.6391,48.39,1.7872
-55.963,48.39,1.7699
-37.4111,48.485,2.4531
-27.0121,48.58,2.3905
-22.374,48.74,2.35
-25.9018,48.75,2.0531
-9.33357,48.76,2.1106
-18.6555,48.76,2.1106
-26.5616,48.83,1.976
-26.4298,48.9,1.976
-28.8728,48.83,1.9819
-39.169,48.77,2.1068
-33.9687,48.71,2.0338
-39.1948,48.71,1.9936
-37.8877,48.735,2.1969
-17.8015,48.76,1.4761
-30.9736,48.85,-1.2087
58.1962,48.84,-0.13629
161.493,48.83,-2.1401
230.699,48.83,-3.1071
292.52,48.64,-3.9637
342.538,48.45,-4.1099
381.7,48.89,-4.434
405.23,48.845,-4.5051
412.233,48.8,-4.5414
406.885,48.8,-4.5236
385.754,48.885,-4.4165
352.739,48.97,-4.3546
303.788,48.9,-4.0471
243.043,48.63,-3.6117
172.782,48.36,-2.6847
98.1536,48.36,-1.6817
28.588,48.655,1.0374
-27.8627,48.95,3.3108
-79.9692,48.65,2.3035
-75.2016,48.885,1.7843
-59.7792,49.12,1.6295
-55.3636,49.12,2.1341
-52.8327,49.085,2.3079
-50.7676,49.05,2.2711
-50.7263,49.37,2.3403
-50.9479,49.455,2.6834
-50.6847,49.54,2.6593
-51.816,49.54,3.0266
-51.7205,49.485,3.0266
-51.347,49.43,3.2136
-43.3827,49.41,2.9642
-32.3066,49.43,2.229
-27.591,49.45,2.6593
-19.4911,49.45,2.2569
-17.7212,49.665,2.8643
-10.7235,49.88,2.3187
-20.8551,49.49,2.5644
-42.4802,49.445,2.4374
-47.2664,49.4,2.8025
-36.3519,49.4,3.121
-41.7424,49.465,3.121
-12.952,49.53,2.5415
-1.85215,49.64,2.2909
0.0744,49.61,2.7197
9.82333,49.58,1.9995
3.47439,49.58,1.6499
12.7137,49.775,1.7346
12.7627,49.97,1.7137
22.6365,49.78,2.7043
34.6391,49.64,-1.6005
48.889,49.5,1.0692
61.7011,49.5,4.0171
25.7061,49.515,4.6533
23.1636,49.53,3.0312
121.373,49.72,-1.5365
340.677,49.65,-3.8739
456.262,49.58,-4.7082
313.009,49.58,-3.5317
369.141,49.53,-4.352
199.867,49.48,-1.9237
275.397,49.38,-2.6212
86.624,49.345,0.32057
44.0617,49.31,2.5409
38.0617,49.31,3.6471
0.862519,49.39,4.168
-25.9891,49.47,4.0018
-47.1799,49.55,2.2666
-40.7589,49.56,2.2811
-37.8284,49.57,1.4926
-42.3711,49.57,1.6482
-39.4257,49.54,1.6433
-36.6006,49.51,1.5926
-37.5951,49.55,1.6371
-35.5488,49.645,1.9628
-32.5342,49.74,1.9762
-32.2204,49.74,1.9911
-34.3024,49.815,1.9724
-34.1321,49.89,1.9652
-35.3827,49.84,1.9854
-33.0732,49.89,1.9456
-31.3101,49.94,1.6042
-31.2217,49.94,1.9854
-37.8744,49.895,1.9724
-36.6036,49.85,1.9804
-26.2793,49.74,1.9644
-29.3664,49.76,2.0335
-34.1946,49.78,1.9995
-40.857,49.78,2.6758
-46.1012,49.865,2.6978
-41.1593,49.95,2.641
-34.4983,49.94,2.6549
-25.9544,49.95,2.7092
-29.4914,49.96,2.7032
-25.5608,49.96,2.7077
-18.253,50.05,2.655
2.39018,50.14,-1.3744
16.6931,50.39,1.9262
37.8765,50.345,-6.9103
74.1256,50.3,1.5864
113.501,50.3,0.91155
188.007,50.255,-1.8857
138.987,50.21,-0.49281
176.226,50.31,-1.7699
210.349,50.26,-2.2835
215.269,50.21,-2.3569
159.155,50.21,-1.6453
204.406,50.26,-2.1384
338.3,50.31,-4.3272
249.973,50.25,-3.4378
187.128,50.06,-2.2084
185.155,49.87,-2.1384
92.8916,49.87,-1.6619
26.7575,50.055,1.7227
-40.841,50.24,3.3121
-53.9504,50.27,2.2857
-51.8328,50.255,2.1027
-48.122,50.24,2.2284
-44.3664,50.24,1.6141
-43.2958,50.225,1.9692
-42.3773,50.21,2.7344
-40.3084,50.52,2.8237
-38.8518,50.41,2.7364
-38.6813,50.3,2.8132
-38.6103,50.3,2.4949
-39.7344,50.39,2.4482
-37.6399,50.48,2.5393
-38.2604,50.49,2.5626
-42.3445,50.55,2.5393
-42.4508,50.61,2.5059
-42.2296,50.61,2.4488
-42.4176,50.6,2.6047
-41.7529,50.59,2.8017
-41.5239,50.41,2.5059
-42.1022,50.515,2.6298
-40.3966,50.62,2.6645
-40.4369,50.62,2.7737
-42.199,50.6,2.6645
-44.1442,50.58,2.6417
-44.7927,50.68,2.6645
-44.8233,50.73,2.7514
-44.7125,50.78,2.8054
-46.9229,50.78,2.9287
-41.7051,50.85,2.705
-11.0567,50.92,2.2254
32.1096,50.99,1.4282
122.603,50.935,-0.8091
180.258,50.88,-1.6179
247.406,50.88,-3.1189
309.568,50.905,-3.6706
357.247,50.93,-4.0289
392.161,50.88,-4.5284
416.447,50.9,-4.5938
428.126,50.92,-4.8301
420.92,50.92,-4.8301
404.826,50.89,-4.6664
363.559,50.86,-4.283
316.582,51.03,-3.878
253.441,50.88,-3.3625
184.298,50.73,-2.7175
110.033,50.73,-1.1245
38.2946,50.855,2.6234
-23.4029,50.98,0.72114
-76.4272,50.86,-0.11726
-81.0886,50.905,2.0785
-76.991,50.95,2.0172
-75.7854,50.95,2.0527
-70.849,51.05,2.754
-67.9261,51.15,2.6828
-64.2481,51.2,2.4182
-59.855,51.195,2.6204
-56.522,51.19,2.8133
-54.6959,51.19,3.0384
-53.8917,51.165,3.1353
-55.501,51.14,3.1353
-55.661,51.45,3.4826
-53.4455,51.33,3.4105
-51.6712,51.21,3.4105
-49.5935,51.21,3.1734
-46.6898,51.325,3.0384
-44.499,51.44,3.1734
-45.6522,51.45,3.1353
-45.0642,51.465,3.0077
-42.2452,51.48,2.7514
-43.7557,51.48,3.0077
-46.8053,51.48,3.0384
-46.1929,51.48,3.0012
-48.5125,51.66,3.0265
-49.4893,51.635,3.0823
-48.6048,51.61,3.1353
-47.3111,51.61,3.0515
-41.9809,51.72,2.9318
-0.187631,51.83,2.3453
39.973,51.73,1.4591
108.708,51.84,-1.0486
183.353,51.95,-0.96589
252.787,51.95,-2.3848
319.059,51.835,-2.5745
369.501,51.72,-3.1217
407.472,51.54,-4.5369
429.923,51.55,-4.8177
444.12,51.56,-4.8659
429.966,51.56,-4.8445
408.662,51.515,-4.6915
373.229,51.47,-4.3042
323.4,51.61,-3.783
283.887,51.555,-3.6752
125.92,51.5,1.9541
64.7412,51.5,1.051
21.4277,51.44,3.1671
-0.459009,51.38,0.23997
-6.77907,51.51,1.6673
-14.991,51.57,1.8356
-19.1614,51.63,1.8823
-15.8031,51.63,2.5207
-19.2528,51.55,2.537
-8.84464,51.47,2.537
-5.59796,51.61,2.5493
-7.878,51.535,2.5024
-0.519955,51.46,1.8823
-0.245568,51.46,1.8631
-2.2263,51.49,1.8504
-1.77585,51.52,1.508
0.899174,51.68,1.5406
-1.5163,51.74,1.5382
-1.30734,51.8,1.5046
0.072,51.8,1.5159
5.27537,51.785,1.4842
2.7249,51.77,1.5194
3.13963,51.65,1.5106
-10.4714,51.78,1.3778
-10.4122,51.91,1.2712
-8.52933,51.91,1.2391
-7.66512,51.875,1.1352
-2.56038,51.84,1.1807
-4.47705,51.87,1.1695
-3.26761,51.945,1.187
0.134056,52.02,1.1842
0.428672,52.02,1.2422
3.03272,52.025,1.3765
8.04336,52.03,1.4083
13.4137,51.9,1.394
29.0963,51.945,-6.5896
47.656,51.99,-9.135
31.727,51.99,-4.9352
29.387,51.925,-4.6374
26.9464,51.86,-5.8233
41.2996,51.93,-7.2639
54.0981,51.99,-11.667
30.9852,52.05,-6.0406
39.3107,52.05,-6.0406
19.732,52.065,-3.9307
31.2232,52.08,-5.3684
32.0191,52.18,-5.9738
67.4379,52.09,-9.5989
36.4047,52,-5.5077
26.5957,52,-4.9203
22.5518,51.99,-4.9203
1.41216,51.98,1.8906
-2.77978,51.52,1.9774
-1.36106,51.65,1.962
-1.38862,51.78,1.9799
-1.14657,51.78,1.9799
-1.34736,51.795,1.962
-2.0834,51.81,1.962
-2.16894,52.11,1.962
0.330019,51.98,1.9758
3.45586,51.85,1.919
-2.43453,51.85,1.919
-2.96708,51.95,1.962
-3.69546,52.05,1.9799
-3.50338,52.06,1.962
-2.81323,52.08,1.919
-1.73247,52.1,1.919
-1.92213,52.1,1.919
-1.87782,52.145,1.9349
-1.58722,52.19,1.9349
-1.6233,52.03,1.9349
-1.19193,52.185,1.9349
-0.883359,52.34,1.9397
-0.264637,52.34,1.9513
-0.545342,52.255,1.9513
-1.368,52.17,1.846
-1.58941,52.28,1.9513
-1.97053,52.275,1.9513
-0.591457,52.27,1.846
2.66937,52.27,1.7258
2.49608,51.64,1.6979
4.26132,51.01,1.608
10.2631,49.93,2.1379
18.368,49.8,0.76167
29.2671,49.67,0.70689
40.823,49.67,6.8086
28.9301,49.435,7.4635
20.7404,49.2,4.7372
25.1284,48.81,5.7037
39.8976,48.8,5.5318
81.7048,48.79,6.8086
110.78,48.79,2.5375
64.072,48.72,6.8086
71.1837,48.65,6.8086
64.5006,48.72,5.383
87.5013,48.605,3.059
66.7522,48.49,2.4135
50.7117,48.49,5.8996
7.23561,48.47,0.47241
5.15206,48.45,1.3774
-1.10256,48.32,1.6275
-5.21994,48.255,1.3412
-4.42085,48.19,1.3412
-1.93321,48.19,1.3412
-0.428631,48.205,1.3412
-0.818332,48.22,1.4178
-0.826376,48.51,1.4178
0.573496,48.475,1.4178
0.776227,48.44,1.4178
-0.767834,48.44,1.3412
-0.993226,48.38,1.3412
-0.731334,48.32,1.3412
-0.435706,48.27,1.3412
-0.312936,48.235,1.3412
-0.373606,48.2,1.3412
-0.256369,48.2,1.3412
-0.565602,48.15,1.2311
-1.46526,48.1,1.1933
-3.01387,48.22,1.2221
-5.03249,48.245,1.4984
-4.48805,48.27,1.5027
-5.32774,48.27,1.5304
-4.22804,48.2,1.538
-4.1987,48.13,1.5511
-4.23251,48.4,1.578
-4.31334,48.11,1.656
-3.14911,47.82,1.8047
-3.13639,47.82,2.1364
-1.56423,48.22,2.71
8.06276,48.62,5.2708
15.059,48.24,-1.6607
21.6603,48.33,-5.7024
24.6502,48.42,-3.0538
23.5148,48.42,-3.6507
47.3027,48.405,-1.0895
64.3159,48.39,5.8316
61.492,48.51,5.8316
40.6491,48.645,2.5431
39.5838,48.78,-1.367
50.5518,48.78,-3.9004
57.244,48.23,-1.8698
68.3182,47.68,1.9452
113.39,48.45,2.8329
107.017,48.47,3.3081
69.5253,48.49,2.3
83.8096,48.49,3.3081
63.4084,48.6,2.5405
-2.76602,48.71,-5.3963
-54.1478,48.38,-0.1571
-67.0429,48.405,1.3358
-63.3321,48.43,1.2755
-60.5091,48.43,1.2732
-60.8538,48.425,1.2662
-57.8354,48.42,1.5233
-52.726,48.53,2.0191
-40.7409,48.585,1.9917
-24.9678,48.64,2.0017
-18.851,48.64,1.2534
-11.8959,48.62,1.2362
-6.15251,48.6,1.112
-10.7376,48.31,0.82862
-24.7636,48.38,1.084
-23.0447,48.45,1.0754
-22.9202,48.45,1.1033
-24.2163,48.8,1.2362
-18.1775,49.15,1.2737
-23.8148,47.64,1.5109
-48.1648,47.31,1.574
-13.4204,46.98,1.9654
-4.83368,46.98,1.9654
-6.01501,46.9,1.9756
-7.73649,46.82,1.9654
-11.0445,46.85,1.9654
-11.7545,46.77,1.9654
-12.993,46.69,1.9563
-8.87054,46.69,1.9383
-6.77069,46.625,1.9524
-7.50219,46.56,1.9647
-29.3028,46.72,1.4946
-54.9412,46.66,0.64121
-67.5638,46.6,1.0076
-52.527,46.6,0.53205
-24.3248,46.53,1.1793
160.909,46.46,-0.95938
211.472,46.43,-0.99372
250.355,46.335,-2.5872
299.46,46.24,-4.0198
314.518,46.24,-4.2425
267.93,46.225,-2.7858
188.642,46.21,-1.3322
258.466,45.77,-2.7769
164.284,45.745,-1.2979
176.918,45.72,-1.3949
104.759,45.72,-1.1126
37.3795,45.555,1.9394
-6.77995,45.39,0.49797
-65.2126,45.19,1.479
-87.1396,45.135,1.942
-87.5717,45.08,1.977
-87.1817,45.08,1.9721
-86.6959,45.055,1.9367
-86.58,45.03,2.037
-83.8985,44.97,2.0917
NA,44.985,2.1937
-71.2515,45,2.5774
-74.6391,45,2.5734
-71.0726,45.095,2.7478
-69.7219,45.19,2.3692
-78.3865,45.1,2.1102
-84.1764,45.11,2.3182
-83.7249,45.12,2.3328
-83.0842,45.12,2.3363
-83.5034,45.19,2.3328
-83.9515,45.26,2.3363
-83.2359,45.36,2.4639
-81.5328,45.335,2.1749
-80.7134,45.31,2.1415
-81.0527,45.31,2.2394
-80.0452,45.315,2.2715
-80.4992,45.32,2.2528
-80.1554,45.38,2.3095
-79.6253,45.5,2.3095
-79.1289,45.62,2.3743
-79.0828,45.62,2.3548
-73.8999,45.67,2.1737
-32.7049,45.72,1.9486
30.4051,45.83,1.5829
97.077,45.85,-1.809
165.538,45.87,-0.34251
229.325,45.87,-3.0971
290.707,45.88,-2.2753
344.174,45.89,-3.6854
381.019,45.76,-4.291
404.521,45.77,-4.3478
420.554,45.78,-4.7682
417.553,45.78,-4.7433
406.451,45.885,-4.378
375.317,45.99,-4.0691
331.594,45.88,-2.942
275.504,45.86,-2.6196
204.272,45.84,-2.1051
132.514,45.84,-1.212
59.1926,45.79,0.14127
-4.42542,45.74,0.66107
-63.7201,46,2.4011
-83.1127,45.955,2.307
-82.5847,45.91,2.1582
-73.9335,45.91,2.2528
-75.9658,45.935,2.5395
-69.5307,45.96,3.11
-64.4774,46.03,3.2276
-62.8701,46.055,3.2276
-60.1635,46.08,3.0517
-59.1856,46.08,3.1982
-57.9448,46.185,3.4105
-57.4134,46.29,3.8053
-58.2596,46.35,3.8053
-56.8044,46.295,3.3218
-56.3431,46.24,3.908
-53.7876,46.24,3.8053
-50.2575,46.33,3.3218
-54.3748,46.42,3.8053
-54.3661,46.37,3.8053
-54.2257,46.44,3.8053
-54.1748,46.51,3.3218
-54.6834,46.51,3.3218
-54.3111,46.555,3.8053
-54.4013,46.6,3.3218
-55.3341,46.69,3.4105
-52.9005,46.755,3.2044
-53.5119,46.82,2.9646
-54.1622,46.82,3.8053
-48.2631,46.955,3.0247
-7.91836,47.09,1.831
41.2416,47.05,1.5829
98.3558,47.02,-0.82007
182.653,46.99,-0.97625
255.979,46.99,-3.052
317.592,47.045,-2.7858
374.013,47.1,-3.9567
419.879,46.92,-4.4773
425.492,46.88,-4.4107
317.629,46.84,-2.6461
367.186,46.84,-3.2424
445.329,46.845,-4.5904
323.545,46.85,-2.6116
183.666,46.97,-1.2353
252.473,46.915,-1.9872
235.908,46.86,-1.4679
111.276,46.86,1.2974
42.6555,46.87,-0.18845
2.46978,46.88,-0.039092
-18.4507,46.84,2.1071
-26.4917,46.775,2.0549
-23.5938,46.71,2.0964
-24.0211,46.71,2.0851
-24.6555,46.885,2.1154
-28.8196,47.06,2.1874
-34.3682,47.07,2.2708
-40.0814,47.06,1.99
-47.873,47.05,1.9515
-48.0045,47.05,2.1568
-24.4576,47.065,2.0903
-25.1801,47.08,2.1346
-19.781,47.3,2.2855
-11.9306,47.385,2.217
-7.32457,47.47,2.1433
-4.83853,47.47,2.0192
-3.77607,47.465,1.9994
-3.3487,47.46,1.9978
-6.58607,47.55,2.147
-8.33515,47.475,2.1068
-5.40575,47.4,2.0522
-9.66447,47.4,2.02
-9.7641,47.475,1.9882
-8.32531,47.55,1.9882
-7.29964,47.2,2.0231
0.30358,47.26,2.01
-3.83866,47.32,2.0053
-1.3338,47.32,2.0185
-2.70168,47.31,1.9646
-1.43301,47.3,2.0211
-13.5745,47.41,1.5532
-0.953044,47.57,1.2881
-6.638,47.73,1.4761
26.8126,47.73,0.17408
33.3512,47.67,0.18457
29.6085,47.61,0.22074
39.8587,47.36,-2.7306
35.6307,47.12,-4.9376
62.4898,46.88,-8.3997
57.9855,46.88,-9.6771
30.7347,46.565,-7.9693
25.5084,46.25,-0.64553
34.4322,44.04,-1.1613
12.0809,43.2,-0.14078
13.3345,42.36,-0.26256
16.9796,42.36,0.30388
16.2771,42.085,-1.4143
8.38169,41.81,-0.35026
4.42405,41.24,-0.48688
1.83037,40.9,0.31348
1.77402,40.56,1.1954
-5.85704,40.56,1.1954
-5.67824,40.46,1.1954
8.7202,40.36,1.0477
9.38547,40.41,1.1954
9.62728,40.18,1.0477
8.07578,39.95,1.0477
3.64263,39.95,-0.2048
0.271362,39.785,0.7006
-3.14866,39.62,1.0863
-3.56015,39.19,1.2032
-3.80104,38.905,1.1639
-2.94761,38.62,1.4524
-2.73587,38.62,1.371
-3.63615,38.6,1.485
-8.37705,38.58,1.621
-3.90492,37.84,1.7046
-7.88971,37.905,1.6929
-7.24175,37.97,1.7064
-7.02914,37.97,1.6859
-5.59618,38.09,1.8794
-4.85511,38.21,1.8811
-5.01581,38.07,1.8561
-4.72255,38.15,1.8465
-4.80083,38.23,1.8469
-4.2477,38.23,1.8465
-3.06472,38.345,1.8465
-0.996318,38.46,1.8621
7.73631,38.21,1.8301
23.4395,38.315,1.1603
36.5926,38.42,0.000045441
59.9449,38.42,-0.56611
66.7046,38.535,-0.40489
78.0912,38.65,0.0010027
75.3312,38.76,0.0020471
99.8655,38.82,0.41109
111.421,38.88,0.5874
118.909,38.88,1.3186
87.8069,38.935,-0.12143
86.8392,38.99,-0.19806
116.243,39.13,0.60203
48.1465,39.155,-0.41184
33.1509,39.18,0.51934
22.5244,39.18,1.019
18.7465,39.16,1.1603
3.95166,39.14,1.8518
-3.59422,38.96,1.8695
-6.4921,39.185,1.8731
-14.384,39.41,1.883
-18.0224,39.41,1.8767
-22.3664,39.37,1.8637
-21.4696,39.33,1.8813
-22.7318,39.38,1.8583
-22.0039,39.515,1.8514
-18.8027,39.65,1.8547
-19.7271,39.65,1.8478
-17.9062,39.675,1.8713
-15.58,39.7,1.8713
-15.0855,39.68,1.8781
-13.0887,39.76,1.8892
-11.038,39.84,1.8713
-12.2555,39.84,2.0156
-17.2575,39.96,2.0955
-13.5103,40.08,2.1457
-10.798,40.14,2.1663
-9.85005,40.26,2.1811
-9.54071,40.38,2.1663
-9.23044,40.38,2.1811
-9.91973,40.35,2.1571
-10.3314,40.32,2.2476
-10.4568,40.43,2.1457
-10.042,40.49,2.1815
-9.7857,40.55,2.2093
-10.3336,40.55,2.1807
-7.16371,40.62,2.0705
11.5629,40.69,1.2745
28.6558,40.87,0.9439
21.1628,40.955,1.0273
40.7353,41.04,-0.49192
81.6868,41.04,-0.13455
69.5663,40.985,-0.80437
73.3327,40.93,-0.4015
101.885,40.93,0.24448
158.532,41.09,0.79065
69.4296,41.25,0.72446
45.0041,41.25,-0.24759
57.5353,41.295,-0.54508
66.0552,41.34,-0.66798
94.0437,41.37,0.020455
72.5321,41.41,-0.21316
95.28,41.45,0.068765
70.6559,41.45,-0.21316
26.1132,41.5,-0.84185
4.37244,41.55,0.63524
-13.4331,41.54,1.732
-16.0046,41.54,1.8269
-13.6682,41.54,1.7399
-12.3988,41.54,1.7878
-18.56,41.55,1.5009
-20.6778,41.56,1.6182
-23.3381,41.72,1.8041
-33.0252,41.685,1.8269
-37.1587,41.65,1.8343
-58.6345,41.65,2.208
-78.8386,41.765,2.1732
-76.8825,41.88,2.1477
-73.4958,41.89,2.1477
-69.1889,41.925,2.0956
-53.9079,41.96,2.2393
-52.0112,41.96,2.4176
-61.0059,41.995,2.1002
-55.5292,42.03,2.3696
-24.2597,42.14,2.2088
-21.1164,42.165,2.1242
-20.0172,42.19,2.184
-23.2297,42.19,2.0793
-30.2092,42.25,2.0893
-29.6269,42.31,2.1321
-23.9517,42.35,2.1052
-58.0173,42.405,2.3055
-56.2231,42.46,2.3599
-50.5992,42.46,2.2393
-29.914,42.56,2.1336
-11.9584,42.66,-0.3328
63.7323,42.78,1.7759
157.158,42.865,-1.685
198.763,42.95,-1.535
279.601,42.95,-2.8939
327.901,42.82,-2.9419
361.705,42.69,-3.0766
406.42,42.89,-3.5159
374.2,42.725,-3.2695
488.145,42.56,-4.8384
478.638,42.56,-4.8848
466.935,42.61,-4.8881
386.417,42.66,-3.577
299.394,42.64,-2.5601
312.819,42.55,-2.7664
233.089,42.46,-2.9955
151.876,42.46,-2.8658
70.7339,42.62,-0.7149
1.31299,42.78,-0.84475
-62.6697,42.91,0.46032
-79.822,42.975,2.1615
-70.9231,43.04,2.1267
-66.219,43.04,1.8978
-62.9552,43.055,2.3429
-63.0595,43.07,2.3696
-62.025,43.22,2.3055
-65.2064,43.235,2.4513
-64.3172,43.25,2.3303
-62.9949,43.25,2.1002
-60.4564,43.245,2.131
-58.6526,43.24,2.2957
-56.9091,43.42,2.1678
-55.9314,43.375,1.9754
-55.4609,43.33,2.0839
-54.5746,43.33,2.2425
-52.9474,43.435,2.1727
-54.2056,43.54,2.2162
-54.2301,43.59,2.2136
-55.6282,43.595,2.2079
-55.3493,43.6,1.6808
-55.0109,43.6,1.6808
-53.2863,43.6,2.0529
-53.3599,43.6,1.7317
-53.8172,43.86,1.8808
-54.7327,43.805,2.0529
-56.6057,43.75,1.7643
-56.8498,43.75,1.7643
-48.2973,43.91,1.8509
7.99244,44.07,-1.0464
63.1187,44.11,1.4747
142.279,44.145,-1.54
220.184,44.18,-2.3855
256.407,44.18,-2.469
304.837,44.19,-2.7065
323.351,44.2,-2.5358
389.245,44.18,-3.1838
491.711,44.145,-4.8015
494.923,44.11,-4.8794
485.527,44.11,-4.8628
460.996,44.185,-4.8628
432.195,44.26,-4.6903
367.985,44.37,-3.6702
319.088,44.38,-3.7803
244.584,44.39,-3.0745
158.621,44.39,-2.1932
76.6796,44.345,-1.6007
-0.734018,44.3,-0.89876
-62.8932,44.15,1.1952
-66.7194,44.21,1.949
-63.2812,44.27,1.8276
-55.9205,44.27,1.9225
-46.5538,44.335,1.9239
-33.2471,44.4,1.8377
-21.9614,44.69,1.8718
-20.4981,44.65,1.8636
-17.7199,44.61,1.8687
-23.9236,44.61,1.8428
-23.803,44.61,1.8488
-19.4582,44.61,1.8764
-18.2264,44.67,1.8764
-14.6458,44.61,1.9203
-11.5469,44.55,1.9487
-13.2376,44.55,1.9643
-8.85227,44.65,1.8276
-6.32529,44.75,1.866
-4.51091,44.56,1.8247
-4.34017,44.71,1.7973
-30.467,44.86,1.7834
-44.0004,44.86,1.7749
-29.8533,44.88,1.8212
-17.6002,44.9,1.6366
-16.6521,44.79,1.4888
-17.3147,44.955,1.7116
-13.5662,45.12,1.3499
-9.71282,45.12,1.3794
-3.17926,45.03,1.3188
-2.46401,44.94,1.1454
-2.58134,45.14,1.0737
14.1301,45.155,-0.85583
-1.15684,45.17,-1.1378
7.55663,45.17,-1.0961
0.306411,45.16,-1.5451
40.1343,45.15,-1.66
18.9398,45.01,-1.5122
39.897,44.955,-1.6925
37.6674,44.9,-1.5416
27.1343,44.9,-1.4464
21.9234,45.05,-1.1378
14.1438,45.2,-0.54145
12.4761,45.01,-1.1276
23.3279,45.055,-1.0488
12.1109,45.1,-0.56547
12.9326,45.1,-0.56547
1.1225,45.15,1.9107
-2.18138,45.2,1.9107
-6.59296,44.91,1.8206
-10.6572,44.865,1.8206
-15.5988,44.82,1.3011
-25.455,44.82,1.3794
-39.3293,44.64,1.7194
-41.4342,44.46,1.4548
-38.3866,44.54,1.6919
-31.6526,44.53,1.8217
-27.0415,44.52,1.8103
-20.4911,44.52,1.7021
-22.7982,44.5,1.8199
-25.1042,44.48,1.9025
-24.8099,44.28,1.6447
-24.9564,44.365,1.6919
-24.8056,44.45,1.8006
-20.2299,44.45,1.8106
-21.2691,44.335,1.9466
-16.7528,44.22,2.1164
-16.1336,44.74,2.1689
-12.1409,44.725,2.1767
-12.3258,44.71,2.0652
-12.0601,44.71,2.0933
-13.8899,44.64,2.0556
-15.829,44.57,2.0756
-19.9511,44.49,2.0744
-56.3378,44.56,1.9014
-65.8814,44.63,1.6853
-64.9498,44.63,1.65
-63.0871,44.535,1.6729
3.41703,44.44,0.938
54.9468,44.99,-1.2277
93.1566,45.07,0.022336
141.717,45.15,-0.93936
164.815,45.15,-1.5072
142.638,45.045,-2.8614
194.671,44.94,-3.0654
290.159,44.67,-2.831
367.518,44.64,-3.6983
348.558,44.61,-3.3102
310.212,44.61,-2.9148
132.21,44.7,-1.5901
131.34,44.79,-1.5729
67.6172,44.81,-1.0298
64.5312,44.89,-0.74178
76.3854,44.97,-0.67741
40.4178,44.97,-1.4134
10.5085,44.925,-0.027051
-6.94587,44.88,1.2091
-18.0649,44.52,1.9513
-18.6717,44.55,1.8764
-14.9102,44.58,2.1012
-14.7137,44.58,2.5278
-14.8363,44.595,2.4838
-13.5318,44.61,2.4865
-20.5772,44.94,2.4668
-7.43263,44.92,2.4668
-9.21944,44.9,2.4838
-10.2021,44.9,2.4668
-17.7156,44.9,2.4899
-42.6064,44.9,2.5505
-41.3612,44.92,2.5505
-30.3658,44.91,2.4735
-26.7969,44.9,2.5992
-23.7412,44.9,2.4113
-49.537,45.045,2.5483
-38.1779,45.19,2.4872
-19.2545,44.51,2.5029
-12.2859,44.505,2.5029
-15.5442,44.5,2.6803
-18.7365,44.5,2.8424
-21.6446,44.555,3.0078
-20.9922,44.61,3.1703
-14.0431,44.58,3.3301
-11.0164,44.705,2.6755
-13.6061,44.83,2.4087
-9.69656,44.83,2.4178
-7.41282,44.79,2.4687
6.63115,44.75,2.2203
22.3221,44.82,1.9716
32.7319,44.62,0.24395
123.142,44.42,-0.62863
96.3372,44.42,-0.44281
71.9346,44.45,-0.54121
45.0017,44.48,-0.69501
111.91,44.35,-0.074357
119.301,44.2,-0.98792
97.208,44.05,0.22683
149.4,44.05,-1.5757
157.344,44.145,-1.0947
203.856,44.24,-1.5205
345.292,44.23,-2.8122
148.984,44.33,-0.03921
51.4352,44.43,-0.76922
60.9012,44.43,-0.71608
44.7518,44.28,-0.26534
9.03861,44.13,2.7283
-3.69986,44.31,3.361
-71.8228,44.28,3.3413
-79.6139,44.25,3.384
-80.1769,44.25,3.438
-75.9271,44.31,3.0997
-68.945,44.37,1.7491
-68.4231,44.52,1.4712
-68.6405,44.56,1.4977
-62.4637,44.6,1.4849
-61.1025,44.6,1.4458
-58.7563,44.62,1.7272
-57.9056,44.64,0.60846
-55.6924,44.74,0.60846
-55.2221,44.78,0.67181
-52.5475,44.82,2.583
-47.3643,44.82,2.5888
-49.8502,44.87,2.5009
-50.0067,44.92,2.5639
-43.7007,44.46,2.4263
-43.4635,44.77,2.5764
-45.1245,45.08,0.60846
-59.7218,45.08,1.4849
-64.1688,45.02,1.7272
-63.0969,44.96,0.67181
-58.6614,45.02,2.4865
-56.6423,45.14,2.4707
-54.6201,45.26,2.2417
-51.672,45.26,2.2417
-44.8743,45.29,3.4221
0.257095,45.32,-5.3763
35.6877,45.38,1.5782
174.321,45.395,-1.8173
234.036,45.41,-2.6708
305.914,45.41,-2.767
403.814,45.325,-3.2695
456.61,45.24,-3.7583
482.568,45.25,-4.8444
497.602,45.23,-4.8852
520.271,45.21,-4.8852
508.564,45.21,-4.8826
475.645,45.275,-4.7772
431.338,45.34,-4.4756
382.773,45.31,-3.6945
337.915,45.155,-3.2648
171.214,45,-2.6193
81.2824,45,-0.88985
22.923,45.02,-0.30982
5.96459,45.04,2.3221
-7.34625,45.09,4.7885
-13.9963,45.14,4.8993
-21.8864,45.19,5.0279
-5.58806,45.19,5.0279
-1.48649,45.16,4.9697
-0.780633,45.13,4.9697
-4.04716,45.31,5.0845
-41.5084,45.31,5.291
-51.6722,45.31,2.6708
-45.4506,45.31,1.7056
-43.9427,45.285,1.7184
-43.5391,45.26,1.5167
-42.4487,45.54,1.4977
-36.0302,45.52,1.4977
-20.7313,45.5,1.4977
-16.4464,45.5,1.7974
-20.9476,45.585,5.6755
-21.6704,45.67,5.4462
-20.5096,45.7,5.1253
-22.6084,45.745,6.1305
-21.7201,45.79,5.4889
-4.94319,45.79,4.7151
-5.32647,45.86,4.8399
-22.536,45.93,4.6722
-20.0913,46,4.7126
-4.74116,46.08,4.5128
-14.506,46.16,4.6346
-4.95672,46.16,4.7775
-2.3082,46.115,4.8602
16.8433,46.07,2.7688
45.1286,46.03,-1.5122
68.7376,45.975,-3.3127
96.6989,45.92,-1.1242
150.6,45.92,-1.2165
189.098,45.855,-1.8804
421.484,45.79,-4.429
445.292,45.69,-4.4681
392.812,45.795,-3.2987
288.941,45.9,-3.5018
408.417,45.9,-4.1808
333.78,45.855,-2.6312
204.671,45.81,-2.416
249.145,46.06,-2.515
231.982,46.035,-2.3581
139.154,46.01,-1.1555
165.853,46.01,-2.416
73.5621,45.9,-0.8747
22.7176,45.79,-0.84232
1.19565,45.64,1.7874
-52.2962,45.73,1.1152
-53.5495,45.82,1.3261
-42.8809,45.82,6.5405
-33.5882,45.895,4.7332
-32.0507,45.97,4.7874
-42.6435,46.04,4.8218
-35.6645,46.105,5.5877
-40.8936,46.17,6.1958
-38.773,46.17,5.574
-37.0239,46.14,6.8982
-34.1999,46.11,5.0333
-33.6791,46.35,2.8006
-36.1637,46.41,2.2574
-37.4592,46.47,5.602
-5.39291,46.47,4.7027
-2.67643,46.435,4.7636
-35.394,46.4,5.6224
-61.958,46.33,6.1018
-59.4068,46.315,5.1265
-54.9596,46.3,5.3048
-55.205,46.3,5.6745
-53.1753,46.295,6.4913
-49.5417,46.29,6.6312
-50.4622,46.43,6.2627
-54.9829,46.51,6.5292
-55.6088,46.59,6.5608
-52.2401,46.59,6.5237
-35.2074,46.555,6.3182
24.2237,46.52,0.31616
104.103,46.74,-1.1265
120.51,46.695,-0.85097
85.846,46.65,-0.62416
191.079,46.65,-1.5478
286.672,46.685,-3.0264
192.343,46.72,-1.7439
254.927,46.96,-2.7885
246.747,46.87,-2.4849
281.878,46.78,-2.9035
306.4,46.78,-2.8564
254.119,46.755,-2.7885
287.812,46.73,-2.9733
223.749,46.67,-2.3878
209.87,46.63,-2.1901
141.731,46.59,-1.3373
140.281,46.59,-1.4698
65.6246,46.635,-0.63349
22.11,46.68,2.3228
2.08655,46.7,5.4551
-17.1978,46.78,5.2957
-19.5614,46.86,5.4203
-17.4054,46.86,5.5171
-18.9377,46.815,5.4497
-14.9321,46.77,5.5562
-9.98793,46.75,5.419
-18.6866,46.8,5.7279
-6.00634,46.85,5.6886
-35.7851,46.85,4.7575
-39.5339,46.78,5.809
-31.2763,46.71,5.0198
8.01287,47.15,5.3356
7.38839,47.185,4.6742
8.29547,47.22,4.738
1.12294,47.22,4.8646
-2.33849,47.25,4.8712
-0.27322,47.28,4.7602
-10.3797,47.21,4.6873
-1.25153,47.25,4.7473
-25.5335,47.29,5.2254
-5.5676,47.29,5.1989
-17.9899,47.225,5.0839
-7.773,47.16,5.0626
-24.8715,47.36,5.0634
-11.1271,47.375,5.1139
-8.80381,47.39,5.1139
-8.48837,47.39,5.1189
-3.7755,47.46,5.1745
8.10563,47.53,6.0518
13.5264,47.56,5.1368
41.818,47.64,2.423
80.5596,47.72,-0.61562
156.031,47.72,-1.5017
201.329,47.58,-1.8207
205.189,47.44,-1.8134
188.368,47.38,-1.64
214.926,47.41,-1.8829
168.474,47.44,-1.4
93.3084,47.44,-0.65295
110.799,47.37,-0.7241
77.557,47.3,-0.68045
67.2522,47.54,-0.06816
37.347,47.51,1.2044
34.7691,47.48,1.2904
28.5696,47.48,1.7535
13.755,47.365,4.8132
6.32856,47.25,4.4661
-2.38862,47.85,4.7107
-7.78884,47.925,5.1139
-18.9469,48,5.1213
-13.8549,48,5.4304
-13.0041,47.615,5.4784
-12.9549,47.23,5.5326
-11.6497,47.4,5.6355
-12.3109,47.46,5.6025
-11.0216,47.52,5.5864
-11.1217,47.52,5.5581
-11.7269,47.265,5.4353
-11.8059,47.01,5.3732
-12.5221,46.73,5.1016
-13.3647,46.36,4.8329
-13.453,45.99,4.9083
-14.7274,45.99,4.9368
-14.5126,45.85,4.9669
-15.5074,45.71,5.0542
-12.5878,46.29,5.2964
-12.3259,46.09,5.3023
-14.3818,45.89,5.342
-12.9564,45.89,5.342
-11.5529,45.87,5.3154
-11.5134,45.85,5.3391
-11.9057,46,5.1895
-10.4202,46.045,5.1435
-10.4296,46.09,5.1281
-10.672,46.09,5.1689
-8.20844,45.91,5.3723
-2.4815,45.73,5.9254
4.4263,45.74,6.0059
8.95819,45.675,5.6891
16.8496,45.61,4.9559
30.2727,45.61,3.1649
37.4132,45.725,2.6141
42.8614,45.84,1.048
60.184,45.56,-0.44143
43.3051,45.41,1.1055
41.0796,45.26,2.1979
37.8531,45.26,2.8673
73.161,45.29,-0.71923
48.8936,45.32,1.1704
36.6903,45.38,2.8673
38.1002,45.375,3.0021
30.4312,45.37,3.0396
14.1869,45.37,3.8541
15.3512,45.26,4.1317
4.77347,45.15,5.5911
-2.62075,45.27,5.3236
-8.50936,45.245,4.9966
-9.08308,45.22,5.0895
-8.62002,45.22,5.113
-7.6973,45.135,5.11
-7.57992,45.05,5.1085
-7.70706,45.08,5.2648
-7.37469,45.1,5.2667
-6.50275,45.12,5.2621
-5.91774,45.12,5.2277
-5.73783,45.06,5.2841
-5.72417,45,5.1985
-5.39217,44.94,5.1823
-5.47234,44.975,5.1823
-5.20486,45.01,5.2624
-6.02898,45.01,5.3578
-6.19009,44.96,5.3578
-5.79363,44.91,5.3578
-5.44574,44.9,5.2624
-4.96955,44.88,5.1823
-5.16204,44.86,5.1807
-6.66123,44.86,5.2164
-7.43587,44.82,5.1553
-7.0505,44.78,5.1582
-6.63197,45,5.1321
-5.70479,44.975,5.238
-4.7218,44.95,5.9432
-3.39681,44.95,6.3008
-0.00586,45.06,5.9793
9.67314,45.17,5.6811
14.7666,45.23,5.3724
17.9564,45.205,4.412
23.9332,45.18,3.4644
40.1071,45.18,1.7263
57.664,45.105,0.74788
51.4558,45.03,0.77173
53.1935,44.84,0.77173
63.1933,44.83,-0.57416
57.1328,44.82,-0.43753
54.5561,44.82,1.1038
39.7861,44.51,2.5856
35.3748,44.2,2.5746
43.768,43.64,2.2505
38.4876,43.31,2.5116
23.8856,42.98,3.5048
30.2325,42.98,2.5608
9.41253,42.805,5.1061
2.96642,42.63,5.6246
-5.30185,42.22,5.579
-11.8349,42.345,5.3545
-11.2212,42.47,5.2679
-8.67279,42.47,5.3021
-7.21612,42.43,5.3302
-7.60832,42.39,5.5144
-8.5209,42.39,5.3944
-9.48217,42.205,5.21
-9.4935,42.02,5.2551
-7.89123,42.02,5.242
-8.07015,42.075,5.5033
-8.37817,42.13,5.6962
-6.34379,42.23,6.0621
-5.60323,42.175,6.344
-6.31074,42.12,6.2549
-7.52214,42.12,5.3411
-5.70858,42.02,5.418
-5.94418,41.92,5.3486
-5.75374,41.78,5.3486
-5.42769,41.675,5.3627
-7.68443,41.57,5.4814
-10.4757,41.57,5.6303
-8.02121,41.835,5.5012
-8.58975,42.1,5.6815
-8.84847,42.25,5.6627
-8.80546,42.115,5.5041
-8.31927,41.98,5.5232
-7.94227,41.98,5.5104
-3.08273,41.95,5.5295
2.22577,41.92,5.637
8.84108,42.2,5.8815
19.893,42.01,5.6321
49.5608,41.82,0.85177
23.3755,41.82,4.3173
57.511,41.83,0.42322
89.327,41.84,-0.93172
38.6843,41.38,0.61265
55.1566,41.32,0.32963
68.0551,41.26,-0.44756
82.5329,41.26,-0.7839
59.6249,41.04,-0.56859
34.5534,40.82,1.4352
43.8954,40.8,0.1343
42.9229,40.665,0.1343
25.1508,40.53,2.6834
6.09498,40.53,4.6835
5.74984,40.325,4.528
2.90116,40.12,5.4335
-1.70537,39.85,5.6735
-8.10921,39.48,5.8324
-9.0714,39.11,6.1566
-7.36958,39.11,6.4686
-8.05867,39.08,6.6714
-7.30371,39.05,6.8583
-7.20907,37.48,6.3463
-9.0246,36.505,5.4537
-7.27879,35.53,5.5371
-8.83898,35.53,5.5155
-5.46282,34.975,5.4826
-8.43519,34.42,6.3922
-8.18451,34.06,6.7159
-11.6896,34.07,6.8786
-12.5695,34.08,6.8786
-10.8558,34.08,6.88
-10.8022,34.04,6.7711
-9.94784,34,6.7711
-5.39662,34.01,5.6944
-5.86925,34.025,5.4826
-5.6855,34.04,5.5025
-7.76483,34.04,5.5372
-10.3189,34.175,5.5372
-9.73916,34.31,5.5141
-6.8397,34.36,5.5579
-6.54033,34.47,5.5372
-7.61676,34.58,5.5372
-8.28083,34.58,5.4826
-1.44374,34.67,5.3476
9.82656,34.76,4.4858
25.7908,34.97,3.6704
42.8545,34.99,1.4541
55.4039,35.01,1.8945
88.9298,35.01,-0.80455
118.96,35.095,-1.3793
133.394,35.18,-1.3913
153.287,35.37,-1.6246
176.025,35.475,-1.7259
171.7,35.58,-1.5796
161.369,35.58,-1.4299
141.445,35.6,-1.2258
130.829,35.62,-1.0504
93.0645,35.86,-0.64431
62.7563,35.8,-0.62588
46.3265,35.74,1.0879
40.0865,35.74,2.8845
28.3818,35.7,3.2936
14.1688,35.66,5.6308
6.30735,36.02,6.2457
-2.07404,35.945,6.3028
-4.79366,35.87,6.2219
-4.32502,35.87,6.2219
-4.22483,35.945,6.1518
-3.70484,36.02,6.2288
-3.33589,36.2,6.0726
-3.3761,36.35,6.5752
-1.75654,36.5,6.5752
-0.24499,36.5,6.2288
0.483782,36.41,6.3631
1.58677,36.32,6.7268
3.58845,36.6,8.7374
1.97717,36.725,9.2658
1.35288,36.85,1.5742
1.2993,36.85,1.4534
2.53504,36.935,1.3064
6.68796,37.02,2.3895
6.29635,35.77,2.3895
-8.57297,35.775,2.3895
-19.668,35.78,2.3895
-25.0337,35.78,2.3895
-71.6564,35.585,2.3895
-64.9194,35.39,2.3895
-38.0981,35.13,2.3895
-35.2688,35.395,2.3895
-27.0329,35.66,2.3895
-7.64299,35.66,2.3895
-7.47207,35.74,2.3895
15.1503,35.82,1.6768
61.1052,35.65,-0.2914
140.362,35.7,-1.5375
205.823,35.75,-1.8141
295.882,35.75,-2.0526
273.664,35.765,-2.0526
178.561,35.78,-1.3362
373.632,36.26,-2.8119
380.246,36.25,-2.8119
428.067,36.24,-3.4919
542.407,36.24,-4.2469
511.782,36.475,-4.0019
474.479,36.71,-3.6835
425.042,36.49,-3.5762
365.297,36.51,-3.9166
290.83,36.53,-2.9476
207.301,36.53,-2.2409
119.038,36.35,-1.2437
37.5693,36.17,-1.2115
-30.9516,36.55,0.065249
-82.6551,36.57,1.6209
-84.5293,36.59,1.4253
-73.4663,36.59,2.2729
-65.4117,36.71,9.2539
-58.476,36.83,6.7909
-52.244,36.9,7.0099
-48.2399,36.875,6.8907
-45.1651,36.85,5.7978
-46.221,36.85,5.941
-42.694,36.875,5.6865
-41.35,36.9,6.1545
-46.4784,37.18,7.485
-59.7496,37.225,7.3704
-67.7433,37.27,7.0363
-70.6486,37.27,7.3734
-71.496,37.3,6.8144
-73.8851,37.33,6.2378
-74.3996,37.3,5.757
-73.994,37.385,5.8333
-71.6209,37.47,5.9341
-62.1368,37.47,5.9059
-28.2246,37.56,5.913
-49.2314,37.65,6.2659
-61.5061,37.99,4.7593
-52.9974,37.97,3.925
-62.5033,37.95,3.5673
-61.4484,37.95,2.3431
-34.6511,37.95,2.0092
17.3714,37.95,-0.29726
91.3838,38.36,-1.5113
171.991,38.31,-2.4726
251.172,38.26,-3.5503
331.062,38.26,-3.9878
392.259,38.295,-3.9424
443.777,38.33,-4.8795
482.21,38.47,-5.4048
503.116,38.205,-5.8076
512.14,37.94,-5.6405
507.346,37.94,-5.6405
473.302,38.19,-5.4048
398.035,38.44,-4.1458
360.642,38.57,-3.997
196.228,38.46,-2.0143
176.527,38.35,-1.7666
126.151,38.35,-1.335
82.1311,38.435,-0.82718
29.3573,38.52,5.5586
4.56331,38.81,6.2812
-5.05069,38.67,6.1301
-4.59559,38.53,6.2584
-3.23112,38.53,6.2383
-3.08222,38.63,6.4757
-1.69408,38.73,6.3251
-2.39459,38.81,6.3885
-1.47373,38.905,6.5217
-0.482598,39,6.5493
-5.92706,39,6.5795
0.138009,39.02,6.5705
0.872837,39.04,6.6013
-10.22,39.3,6.6399
-25.6651,39.295,6.406
-27.3486,39.29,7.1219
-26.5925,39.29,7.1605
-18.7127,39.375,7.5942
-11.7403,39.46,8.0978
-8.03161,39.43,8.2951
-3.64631,39.595,8.2951
-20.004,39.76,8.0978
-26.2401,39.76,8.2951
-29.4988,39.555,8.0055
-23.0356,39.35,8.3015
-13.5671,39.66,8.3545
-7.8081,39.64,8.4217
-7.62609,39.62,7.9203
-8.73858,39.62,6.8781
-8.82054,39.485,6.7389
3.11689,39.35,6.8658
4.91874,38.84,6.2233
43.4635,38.675,2.9391
75.9294,38.51,-0.33184
40.8734,38.51,2.8202
23.9298,39.49,7.6978
33.9331,40.47,6.6772
12.1139,39.09,5.8409
3.10748,37.7,6.9516
6.85263,36.31,6.8765
64.8461,36.31,0.91744
93.0651,35.92,-1.0214
71.1006,35.53,-0.26787
39.2476,35.18,4.7742
53.9188,35.085,2.2408
14.753,34.99,7.68
22.4381,34.99,7.6978
16.9009,34.845,8.7965
10.1966,34.7,9.1635
-2.48343,34.43,8.207
-10.9425,34.095,7.6852
-9.34944,33.76,7.0942
-8.44417,33.76,7.1019
-0.34562,33.56,6.9821
-2.83005,33.36,7.6897
1.99988,32.49,8.2001
-2.80604,32.545,8.453
-5.2039,32.6,8.453
-5.37769,32.6,8.2949
-7.89116,32.4,7.7502
-8.71118,32.2,6.9161
-11.287,31.75,6.8651
-9.55123,31.895,6.9427
-6.75664,32.04,6.8942
-8.51178,32.04,6.7685
-7.95682,32.055,6.7685
-5.77197,32.07,6.5223
-5.04174,31.77,6.371
-5.92578,31.665,6.198
-8.13486,31.56,6.2037
-6.69601,31.56,6.2156
-6.09979,31.44,6.2156
-0.869518,31.32,6.3855
-7.4691,31.1,6.5717
-6.41287,30.965,6.5851
-5.71645,30.83,6.5851
-5.75874,30.83,6.5547
0.371042,30.535,6.4769
5.01411,30.24,6.4403
3.91751,29.36,6.4403
8.24673,28.845,5.8837
21.1338,28.33,5.6021
30.4608,28.33,4.3868
22.2578,28.345,5.4831
51.0764,28.36,1.8743
50.5077,27.57,1.8743
46.9549,27.68,1.4969
77.7209,27.79,-0.91952
59.2688,27.79,-0.33184
39.2241,27.94,2.5471
28.3535,28.09,3.8846
21.0481,26.72,5.2248
8.20333,26.95,5.8162
10.9907,27.18,5.8162
6.69987,27.18,5.8235
2.09944,26.85,6.4986
-2.19181,26.52,6.5043
-10.091,26.28,6.4068
-14.9084,26.27,6.4457
-14.6423,26.26,6.5767
-14.4221,26.26,6.5767
-17.1173,26.16,6.5767
-25.9182,26.06,6.4735
-32.2647,26.95,6.5357
-36.632,27.015,6.5357
-37.5566,27.08,6.324
-32.3685,27.08,6.3072
-48.6785,27.2,5.9256
-75.1917,27.32,5.8512
-74.8861,27.68,4.454
-75.3361,27.75,4.2258
-77.0924,27.82,4.2258
-79.3354,27.82,4.2425
-80.1269,27.99,4.0945
-80.201,28.16,3.9194
-73.0977,28.38,3.9772
-70.8091,28.48,2.5086
-81.0157,28.58,2.5249
-77.7971,28.58,2.4812
-65.8482,28.65,2.4723
-75.1973,28.72,2.5086
-73.588,29.03,2.4836
-74.9514,29.16,2.4836
-75.4321,29.29,2.4756
-70.1645,29.29,2.4671
-33.1054,29.495,3.1153
47.3619,29.7,-1.3751
97.9593,29.72,-1.5208
161.152,29.8,-1.6268
141.231,29.88,-1.4645
185.828,29.88,-1.6046
254.218,30.02,-2.5397
283.874,30.16,-2.9964
351.366,30.31,-3.9858
378.385,30.345,-3.8561
458.553,30.38,-4.0722
216.776,30.38,-2.3519
339.937,30.405,-4.0667
389.996,30.43,-3.9778
381.755,30.65,-3.9665
308.735,30.76,-4.0693
311.013,30.87,-3.9897
230.713,30.87,-3.7078
155.163,30.92,-2.4005
65.9868,30.97,-1.552
-18.54,31,-0.33184
-75.5194,31.095,2.0547
-79.8805,31.19,2.552
-76.7233,31.19,2.5601
-72.7963,31.305,2.5557
-72.0314,31.42,2.5557
-71.1083,31.5,2.561
-75.3308,31.575,2.4836
-80.7499,31.65,2.4812
-85.1715,31.65,2.4767
-82.314,31.735,2.561
-73.8574,31.82,2.4846
-68.5871,32.03,2.6179
-75.3586,32.02,2.5086
-83.4237,32.01,2.4836
-81.1358,32.01,2.4913
-82.192,32.215,2.4836
-82.6496,32.42,2.5601
-83.7752,32.38,2.6201
-83.8591,32.42,2.5584
-79.4447,32.46,2.4306
-73.2975,32.46,2.4885
-75.0819,32.62,2.4469
-77.9407,32.78,2.4846
-80.209,32.88,2.4885
-76.5278,32.93,2.6871
-68.3075,32.98,2.672
-64.6523,32.98,2.4593
-31.4786,33.21,4.201
28.8297,33.44,-1.453
107.046,33.52,-1.6589
196.422,33.455,-2.7409
281.409,33.39,-3.9588
362.26,33.39,-3.7632
434.925,33.39,-4.2258
488.922,33.39,-5.6478
534.171,33.08,-6.1336
555.054,33.35,-6.2005
552.647,33.62,-6.1712
549.082,33.62,-6.1712
531.03,33.575,-6.0747
499.109,33.53,-5.9019
455.454,33.37,-5.1586
427.802,33.485,-4.9011
314.171,33.6,-3.9881
189.27,33.6,-3.0128
133.274,33.695,-2.4086
34.458,33.79,-1.3803
-26.6491,33.86,1.6396
-63.4208,33.94,2.3041
-73.5709,34.02,2.5168
-71.7782,34.02,2.467
-69.7618,34.05,2.561
-67.0131,34.08,2.5225
-68.8261,34.33,2.5601
-68.9852,34.435,2.561
-65.8068,34.54,2.5512
-62.5103,34.54,2.5462
-58.9621,34.455,2.596
-59.6705,34.37,2.4885
-59.3309,34.67,2.7194
-55.8078,34.62,2.9218
-49.6216,34.57,2.6917
-47.0475,34.57,2.5999
-46.7605,34.815,2.5564
-44.4589,35.06,2.6129
-43.1956,35.24,2.561
-48.1259,35.22,2.5601
-50.7931,35.2,2.6179
-44.6444,35.2,2.5564
-35.1541,35.215,2.561
-35.5914,35.23,2.5601
-34.357,35.46,2.4789
-26.3974,35.55,2.5249
-2.25062,35.64,2.8313
-0.0666,35.64,3.3828
22.5223,35.62,4.1438
41.9754,35.6,5.262
70.586,35.2,4.1158
107.585,35.225,-1.3294
127.622,35.25,-1.4918
228.179,35.25,-2.7325
271.628,35.5,-4.0614
226.233,35.75,-3.0567
343.275,35.86,-6.1855
314.885,35.415,-5.6177
284.771,34.97,-4.5679
355.566,34.97,-5.6931
191.91,35.365,-2.9953
71.2998,35.76,-1.0096
56.4304,35.95,-0.97955
44.6182,35.79,-0.36405
37.8661,35.63,0.22431
-4.96669,35.63,1.945
-0.993194,35.52,2.1366
-21.192,35.41,6.8568
-13.5523,34.54,6.7166
-7.31395,34.35,7.0303
-9.47541,34.16,6.9228
-10.2791,34.16,6.4468
-37.2914,34.01,5.9018
-56.5026,33.86,5.1339
-57.3426,33.69,4.6285
-63.9519,33.765,4.2944
-62.6795,33.84,3.3203
-64.2257,33.84,3.5464
-67.3024,33.84,2.8085
-66.0714,33.84,2.9025
-66.7393,33.81,2.9033
-64.9288,33.875,2.9033
-61.8011,33.94,2.8764
-55.4675,33.94,2.794
-51.6706,33.91,2.6831
-51.1746,33.88,2.8091
-47.4698,33.99,2.4511
-45.9649,34.085,3.0354
-46.0959,34.18,3.0354
-45.9078,34.18,2.4812
-44.6141,34.305,2.6315
-42.1061,34.43,2.4767
-42.3538,34.51,2.4751
-70.6373,34.615,2.4257
-26.2507,34.72,2.4511
-26.1611,34.72,2.7926
16.6015,34.855,0.61469
95.3398,34.99,-1.0841
165.965,35.08,-1.8718
223.486,35.075,-2.4088
259.232,35.07,-3.4859
259.358,35.07,-4.6188
375.306,35.04,-5.2402
497.784,35.01,-5.3578
548.78,35.23,-5.5392
575.664,35.395,-5.7201
584.954,35.56,-5.7416
570.156,35.56,-5.9172
549.827,35.455,-5.8102
513.163,35.35,-5.6134
463.085,35.49,-5.211
395.073,35.55,-4.6257
320.789,35.61,-4.3718
237.038,35.61,-3.448
144.611,35.525,-1.3662
57.1519,35.44,-1.0211
-12.1727,35.66,0.065249
-66.4516,35.675,1.5266
-71.8138,35.69,2.0523
-58.1549,35.69,2.3751
-50.2828,35.73,2.4062
-45.7635,35.77,2.2895
-49.3488,35.77,2.4512
-49.4911,35.945,2.2916
-49.9427,36.12,2.3901
-55.2129,36.12,2.3719
-57.2905,36.055,2.4442
-60.3443,35.99,2.3719
-62.7905,36.16,2.4257
-54.3684,36.225,2.7062
-44.0533,36.29,2.6708
-41.412,36.29,2.8171
-43.5404,36.175,2.4262
-42.6436,36.06,2.4259
-44.9451,36.36,2.4765
-43.0374,36.415,2.5396
-43.498,36.47,2.6129
-48.3664,36.47,2.5557
-39.8683,36.535,2.5512
-44.9809,36.6,2.5642
-44.9753,36.94,2.5642
-43.1198,36.905,2.5512
-41.7093,36.87,2.6403
-37.5033,36.87,2.5512
6.00734,37.02,0.94049
86.677,37.17,-1.9567
150.912,37.16,-1.8727
230.491,37.085,-3.1915
261.85,37.01,-4.3304
440.924,37.01,-4.9647
488.796,36.99,-5.221
456.99,36.97,-4.9324
556.965,37.01,-6.0614
509.373,37.095,-5.233
580.433,37.18,-6.1176
567.731,37.18,-5.798
545.683,37.17,-5.9321
508.68,37.16,-6.1861
454.956,37.26,-4.906
397.868,37.385,-4.3406
318.301,37.51,-3.3447
234.144,37.51,-2.4427
141.915,37.47,-1.7146
56.771,37.43,-0.49526
-12.9037,37.27,0.065249
-70.0731,37.32,2.4487
-84.2803,37.37,2.5133
-83.9785,37.37,2.5107
-83.7832,37.425,2.4588
-81.9663,37.48,2.4107
-81.5676,37.47,2.3754
-80.8576,37.525,2.2036
-78.1749,37.58,2.0164
-73.7374,37.58,2.1644
-72.0675,37.685,2.6518
-71.694,37.79,2.6139
-71.0168,37.82,2.5949
-68.264,37.795,2.6518
-69.8709,37.77,2.5949
-67.1173,37.77,2.4834
-65.5655,37.85,2.4674
-61.8016,37.93,2.4636
-63.1254,38.04,2.4917
-64.03,38.09,2.4737
-61.953,38.14,2.4388
-60.408,38.14,2.2903
-58.1647,38.235,2.2903
-56.3206,38.33,2.2919
-49.9974,38.24,2.1422
-41.5045,38.35,2.8167
-39.6175,38.46,2.8148
-32.57,38.46,1.9512
5.79341,38.49,0.97639
57.3367,38.52,-1.3027
126.261,38.56,-2.7283
210.5,38.55,-3.4416
288.524,38.54,-5.2787
350.419,38.54,-5.0694
415.474,38.54,-4.6279
467.91,38.54,-5.1879
508.124,38.44,-5.5458
482.713,38.54,-5.3654
542.667,38.64,-5.824
532.092,38.64,-5.8278
515.934,38.655,-5.6665
484.712,38.67,-5.3583
434.022,38.72,-4.9183
375.573,38.69,-4.6603
305.714,38.66,-4.6068
223.337,38.66,-3.7025
140.727,38.75,-2.6679
57.7093,38.84,-1.7376
-7.99664,39.05,-0.87234
-62.6831,39.065,1.9364
-75.8868,39.08,2.0183
-70.9849,39.08,1.964
-66.1915,39.09,2.7804
-58.9099,39.1,2.8061
-59.0986,39.24,2.6874
-53.9721,39.29,2.7479
-55.4594,39.34,2.7425
-49.9792,39.34,2.7434
-48.795,39.37,2.4406
-48.0129,39.4,2.356
-46.215,39.42,2.5241
-44.9261,39.46,2.5587
-44.28,39.5,2.5157
-42.1246,39.5,2.5497
-39.6637,39.57,2.5497
-39.2934,39.64,2.442
-36.6677,39.69,2.5551
-30.4768,39.74,2.5263
8.32036,39.79,2.3439
12.2842,39.79,2.3255
8.8887,39.765,2.6458
6.80937,39.74,2.5938
1.94512,40.19,2.77
-9.23456,39.935,2.0077
-8.6284,39.68,2.0872
-6.22351,39.68,2.2929
16.0318,39.9,1.7759
28.4147,40.12,1.4785
78.524,40.23,-0.90241
35.2575,40.17,1.144
71.6179,40.11,-0.30445
57.1981,40.11,0.7047
56.3596,40.18,0.44885
64.0494,40.25,-0.30445
47.2302,40.16,0.93446
116.188,40.075,-1.4993
274.508,39.99,-3.1393
101.815,39.99,-1.1834
74.7117,40.21,-0.9199
64.6992,40.43,-0.57581
32.6779,40.12,0.74061
18.1373,40.2,1.6516
26.2657,40.28,1.2598
4.93746,40.28,1.9694
0.995131,40.27,1.9463
-30.2709,40.26,2.2325
-54.4439,40.01,1.9679
-23.2976,40.15,1.998
-22.6712,40.29,2.2929
-25.1603,40.29,2.2437
-23.1199,40.26,2.3738
-15.6059,40.23,2.3578
-10.2787,40.47,2.3978
-6.88122,40.29,2.3978
-5.44088,40.11,2.4156
-3.50502,40.11,2.4072
-1.73411,40.055,2.6284
-0.207311,40,2.602
-0.0481,39.49,2.6061
0.989014,38.765,2.7633
1.67699,38.04,2.8792
2.85326,38.04,2.9227
-2.30155,37.955,2.9662
-2.08201,37.87,2.6803
-1.90985,37.77,2.7532
-2.37497,37.655,2.7912
-7.54253,37.54,2.7912
-1.76464,37.54,2.7912
0.206081,37.6,2.8424
-12.8741,37.66,2.927
-23.3472,37.67,2.7111
-13.7021,37.735,2.9808
-27.2725,37.8,3.2627
0.377661,37.8,3.4033
21.2449,37.83,0.10431
28.3653,37.86,-0.03503
16.8466,37.77,-0.038068
44.4848,37.8,-0.74547
123.235,37.83,-2.816
154.927,37.83,-2.6013
252.034,37.905,-1.8887
307.74,37.98,-1.8887
464.156,37.89,-4.5804
539.176,37.98,-4.3889
590.528,38.07,-4.7648
494.354,38.07,-4.4298
522.841,38.105,-4.445
504.469,38.14,-4.3889
448.91,38.18,-4.2726
386.874,38.135,-3.6259
329.866,38.09,-3.7514
233.953,38.09,-2.4437
152.991,38.125,-2.0706
77.4223,38.16,-0.55788
6.18925,37.97,0.541
-42.4907,37.99,2.1609
-45.9267,38.01,2.7569
-39.9578,38.01,3.0627
-35.7919,38.065,2.7366
-31.8226,38.12,2.6973
-26.0706,38.32,2.9227
-24.9862,38.355,2.8424
-27.4153,38.39,2.5969
-19.3632,38.39,2.7441
-14.0217,38.39,2.6682
-19.0878,38.39,2.8792
-21.9826,38.5,2.6093
-22.6089,38.435,2.5549
-16.0146,38.37,2.5947
-12.6554,38.37,2.6155
-1.75282,38.52,2.9629
-0.0928,38.67,2.7912
-3.6887,38.83,2.7912
-14.5978,38.795,2.7723
-12.2625,38.76,2.7723
-6.1478,38.76,2.7367
-15.4106,38.73,2.7367
-3.53772,38.7,2.6681
-26.1035,38.98,2.8051
-33.6408,38.98,2.7547
-25.2045,38.98,2.8416
7.7968,38.98,2.8026
25.7209,38.915,1.6813
26.0622,38.85,0.79294
19.1471,39.33,0.94529
49.8685,39.36,-0.0020606
112.419,39.39,-0.96935
110.804,39.39,-0.94568
83.5829,39.425,-1.0563
129.535,39.46,-2.1979
138.413,39.31,-2.5316
199.509,39.53,-2.9985
230.001,39.75,-2.4754
257.44,39.75,-2.4642
421.169,39.66,-6.0559
428.552,39.57,-5.0705
357.142,39.75,-3.9755
297.358,39.83,-2.4039
267.103,39.91,-2.381
215.229,39.91,-1.8841
212.18,39.78,-1.9941
84.6147,39.65,-0.47553
-6.67947,39.73,0.95783
-28.5217,39.775,2.64
-39.974,39.82,2.8459
-48.7339,39.82,2.8588
-35.3386,39.78,2.8588
-30.943,39.74,2.8588
-27.0678,39.7,2.8588
-27.8597,39.8,2.8588
-28.86,39.9,2.8588
-29.184,39.9,2.8588
-32.0064,39.875,2.8588
-42.4013,39.85,2.8588
-46.0624,39.9,2.8588
-49.9144,39.95,2.899
-58.0122,40,2.899
-54.7478,40,2.899
-41.4534,39.89,2.899
-56.2171,39.78,2.899
-56.9078,40.09,2.8918
-56.0136,40.105,2.8918
-53.3926,40.12,2.8918
-54.7709,40.12,2.899
-50.9996,40.325,2.899
-47.6703,40.53,2.899
-37.4573,40.28,2.899
-40.3939,40.34,2.899
-38.2525,40.4,2.899
-30.526,40.4,2.8588
-14.7506,40.54,2.3281
28.9507,40.68,1.3519
130.331,40.88,-0.48621
146.254,40.895,-0.47553
230.225,40.91,-1.9472
161.663,40.91,-0.47553
103.747,40.53,-0.93286
-35.5064,40.15,0.19856
75.2729,40.19,-0.77353
24.4948,40.51,-0.22403
25.0695,40.83,-0.45978
38.1795,40.83,-0.078951
12.6287,40.77,0.063634
9.89214,40.71,-0.45978
54.3214,41.06,-0.55637
37.3235,40.925,-0.2246
41.8572,40.79,-0.29283
39.1701,40.79,-0.29283
35.6458,40.855,-0.24551
7.91876,40.92,0.53509
-15.6615,40.93,2.681
-24.0098,40.88,2.4371
-42.3245,40.83,2.9814
-99.476,40.83,2.6969
-86.5394,40.855,2.0866
-107.575,40.88,2.1064
-48.8075,41.15,2.2036
-28.8313,41.205,2.1064
-36.6022,41.26,2.0164
-40.3066,41.26,2.0471
-45.7825,41.15,2.1099
-47.0868,41.04,2.1116
-41.4238,41.38,2.0297
-54.7629,41.37,2.0705
-51.5578,41.36,2.0387
-56.386,41.36,2.1121
-45.9184,41.45,1.9957
-63.4221,41.54,2.1236
-82.7466,41.64,2.0231
-60.4315,41.675,2.0416
-68.7664,41.71,2.0315
-59.8258,41.71,2.0892
-60.3838,41.75,2.0202
-57.3245,41.79,2.5003
-48.7144,41.82,2.5003
-49.1208,41.98,2.6178
-69.09,42.14,2.0202
-52.0281,42.14,2.6143
-16.9658,42.165,1.4205
33.3211,42.19,-1.1611
116.195,42.15,-1.3774
207.805,42.12,-2.3635
267.142,42.09,-3.2365
292.861,42.09,-3.4428
366.26,42.11,-4.5718
439.318,42.13,-5.4066
554.613,42.03,-6.4986
557.782,42.035,-6.5966
486.482,42.04,-5.8408
364.646,42.04,-4.5718
372.701,42.125,-4.5718
311.92,42.21,-3.5479
227.422,42.02,-2.6057
206.635,42.135,-2.3073
155.422,42.25,-1.778
115.231,42.25,-1.2725
68.7818,42.25,-1.1759
18.7579,42.25,-0.58044
-17.3265,42,1.6414
-40.5044,42.075,2.538
-48.0743,42.15,2.5977
-47.6227,42.15,2.5972
-52.4736,42.22,2.6007
-45.7706,42.29,2.5756
-38.979,42.39,2.6738
-39.2186,42.34,2.6796
-47.8849,42.29,2.7113
-43.4434,42.29,2.7234
-43.8576,42.39,2.7691
-39.9161,42.49,2.7234
-38.9502,42.29,2.8764
-37.7915,42.56,2.5743
-31.975,42.83,2.7609
-15.3592,42.83,2.7609
-12.2753,42.745,2.746
-16.2441,42.66,2.7678
-16.2355,42.5,2.7672
-20.8914,42.525,2.7672
-23.8036,42.55,2.7672
-18.3073,42.55,2.7672
-5.42273,42.725,2.7726
-12.6929,42.9,2.746
-9.76138,42.74,2.7142
-13.8806,42.875,2.7142
-18.7673,43.01,2.6122
-0.228875,43.01,2.7212
20.0235,43.145,1.8024
42.6513,43.28,1.0657
68.9558,43.22,-0.68887
75.6935,43.17,-0.96314
111.181,43.12,-1.4071
136.155,43.12,-1.4582
197.864,43.105,-2.2153
317.1,43.09,-3.4461
284.802,43.09,-3.2311
317.043,42.945,-3.3193
523.364,42.8,-5.6861
517.361,42.8,-5.6861
571.39,42.82,-5.9725
548.374,42.84,-5.9725
494.66,42.8,-5.3752
422.616,42.805,-4.6336
347.953,42.81,-4.4062
259.429,42.81,-3.5563
162.674,42.935,-2.4466
73.3908,43.06,-1.1239
1.47911,43.12,-1.4509
-50.8511,43.185,2.0698
-61.438,43.25,2.0319
-54.3554,43.25,2.5601
-48.6436,43.31,2.6966
-46.0501,43.37,2.8716
-45.3054,43.47,2.53
-43.3093,43.485,2.5609
-42.58,43.5,2.5609
-42.3628,43.5,2.607
-43.6615,43.53,2.4961
-44.2411,43.56,2.6024
-44.5496,43.57,2.6635
-43.0636,43.6,2.6394
-42.2678,43.63,2.6954
-42.523,43.63,2.6609
-41.3033,43.665,2.5926
-41.2278,43.7,2.6447
-39.3158,43.79,2.6447
-38.8001,43.825,2.6263
-39.25,43.86,2.4202
-40.5078,43.86,2.462
-40.2011,43.95,2.4202
-40.9915,44.04,2.6607
NA,43.87,2.3934
-40.798,44.11,2.6609
-41.4361,44.35,2.5629
-32.2002,44.35,2.5482
18.015,44.22,-0.61231
109.563,44.09,-1.3412
176.348,44.01,-2.2288
265.835,44.005,-3.2803
351.717,44,-3.8708
412.253,44,-4.4437
479.964,43.975,-4.991
528.181,43.95,-5.6909
571.064,43.95,-6.121
596.852,43.96,-6.3816
621.993,43.97,-6.5779
592.083,43.97,-6.3816
575.663,44.02,-6.3125
533.396,44.07,-5.8452
485.706,44.08,-5.5497
423.555,44.07,-4.9896
340.751,44.06,-4.0752
257.444,44.06,-2.8224
162.839,44.05,-2.0797
72.1177,44.04,-1.2147
0.0308,44.13,-0.91533
-55.8918,44.195,1.9063
-70.791,44.26,2.5245
-63.4524,44.26,2.0856
-58.6554,44.275,2.8058
-53.8828,44.29,2.6889
-53.0485,44.32,2.7672
-50.5456,44.285,2.5885
-48.167,44.25,2.5994
-48.394,44.25,2.6948
-45.5278,44.41,2.6803
-48.1847,44.57,2.6609
-45.6932,44.69,2.4424
-42.2081,44.665,2.7649
-49.0215,44.64,2.6155
-63.6116,44.64,2.6602
-62.8919,44.655,2.7431
-50.8869,44.67,2.7337
-54.1399,44.66,2.7337
-55.736,44.715,2.4165
-51.2235,44.77,2.4151
-51.347,44.77,2.7337
-65.3205,44.795,2.7337
-68.4935,44.82,2.7649
-64.3445,44.94,2.418
-65.9853,45.055,2.3945
-73.7764,45.17,2.3945
-61.7943,45.17,2.3336
-5.56714,45.195,-0.61231
65.6039,45.22,-1.0396
154.273,45.2,-2.1876
244.282,45.15,-2.9108
334.03,45.1,-3.9577
411.498,45.1,-5.1585
479.71,45.125,-5.3376
530.418,45.15,-6.1633
571.616,45.08,-6.7236
598.511,45.105,-6.7441
600.147,45.13,-6.9004
592.051,45.13,-6.8601
578.736,45.125,-6.5777
534.937,45.12,-6.4854
478.772,45.12,-6.1069
412.847,45.13,-5.4066
337.456,45.14,-4.5718
247.863,45.14,-3.3675
157.444,45.21,-2.3411
59.7711,45.28,-1.2895
-20.6877,45.4,-0.75772
-55.7031,45.36,1.941
-70.7808,45.32,2.4471
-62.7485,45.32,2.4975
-59.0983,45.36,2.4406
-55.3388,45.4,2.4098
-50.9317,45.58,2.427
-48.6289,45.615,2.4511
-44.8424,45.65,2.4511
-41.613,45.65,2.4831
-41.1078,45.645,2.5161
-40.3252,45.64,2.5161
-37.4599,45.58,2.5161
-37.2023,45.645,2.5331
-25.1185,45.71,2.5161
-27.506,45.71,2.3979
-30.2471,45.805,2.427
-22.5,45.9,2.3914
-21.377,45.76,2.4406
-33.5196,45.815,2.427
-44.0468,45.87,2.4831
-45.77,45.87,2.5161
-40.4177,45.94,2.5161
-29.1984,46.01,2.5624
-23.0454,45.73,2.3914
-22.777,45.89,2.4098
-18.487,46.05,2.427
-5.14678,46.05,2.3677
28.9456,46.045,0.001149
121.896,46.04,-1.3303
184.159,46.07,-2.2352
100.332,46.09,-1.337
303.505,46.11,-3.2207
247.281,46.11,-2.6855
425.283,45.99,-5.2367
405.64,45.87,-4.9598
502.845,45.9,-6.0421
567.221,46.02,-6.5961
507.08,46.14,-6.1284
527.597,46.14,-6.2294
561.143,46.04,-6.4947
399.946,45.94,-4.9598
339.525,46.07,-3.8514
296.301,46.02,-3.5369
302.968,45.97,-3.5369
216.276,45.97,-2.4537
103.582,46.025,-0.88412
98.8622,46.08,-0.88412
14.3141,46.08,-0.82386
-31.7441,46.125,0.60511
-66.8697,46.17,2.3794
-59.0922,46.17,2.4691
-55.2995,46.24,2.4351
-55.7546,46.31,2.4697
-50.9305,46.43,2.3945
-52.4649,46.445,2.3697
-57.2856,46.46,2.3697
-58.8012,46.46,2.3945
-54.5873,46.47,2.418
-53.8091,46.48,2.4247
-48.0107,46.43,2.3914
-45.7162,46.395,2.4511
-34.3419,46.36,2.4733
-30.5784,46.36,2.4944
-28.294,46.425,2.3914
-33.6244,46.49,2.4511
-38.6735,46.57,2.4491
-36.4298,46.69,2.4724
-32.0508,46.81,2.4733
-43.5891,46.81,2.427
-43.5055,46.79,2.4098
-45.2757,46.77,2.4523
-44.967,46.73,2.433
-42.6926,46.81,2.43
-42.8883,46.89,2.3519
-33.749,46.89,2.3916
15.5643,46.91,-0.61231
103.37,46.93,-1.4305
166.737,46.9,-2.3129
253.026,46.84,-2.9716
332.878,46.78,-3.9507
333.757,46.78,-3.8128
515.89,46.765,-6.2236
497.067,46.75,-6.1069
598.813,46.8,-6.877
543.387,46.665,-6.5181
518.224,46.53,-6.1604
580.799,46.53,-6.9655
564.732,46.66,-6.8219
531.531,46.79,-6.5601
481.572,46.66,-6.1636
415.556,46.805,-5.4589
342.254,46.95,-4.8577
262.454,46.95,-3.4419
171.329,46.865,-2.4133
80.5876,46.78,-1.4676
3.62826,46.91,-1.0991
-53.7151,46.95,1.5
-77.6228,46.99,2.2607
-67.3843,46.99,2.3794
-61.1521,47.01,2.3945
-59.8146,47.03,2.4238
-57.8893,47.14,2.434
-56.5824,47.25,2.4784
-53.2672,47.36,2.427
-49.5778,47.36,2.4724
-49.3762,47.31,2.5331
-49.9314,47.26,2.5161
-47.7824,47.38,2.5624
-46.8147,47.39,2.512
-46.7544,47.4,2.5028
-45.8334,47.4,2.5028
-45.7031,47.345,2.512
-45.7256,47.29,2.3499
-43.6064,47.54,2.3499
-42.2805,47.515,2.4087
-43.24,47.49,2.4032
-42.3495,47.49,2.3989
-41.9226,47.535,2.3903
-42.6919,47.58,2.3827
-40.3349,47.7,2.3774
-41.4098,47.83,2.3672
-39.8964,47.96,2.3554
-24.8426,47.96,2.1693
17.0862,47.905,-0.51763
62.8326,47.85,-1.1237
198.706,47.76,-2.2281
261.889,47.8,-3.1472
351.99,47.84,-4.4968
434.78,47.84,-5.4362
488.289,47.82,-5.8408
546.373,47.8,-6.3188
582.922,47.53,-6.7074
600.324,47.54,-6.793
604.903,47.55,-7.0021
607.875,47.55,-6.9924
585.233,47.59,-6.7852
549.453,47.63,-6.2361
