TimeStamp,PD_G11,PD_F11,PD_E11,PLNWR_D5,PLNWR_DNL
yyyy-mm-dd HH:MM,cm,cm,cm,cm,cm
2019-08-02 17:00,-99.62,-77.71,-63.57,-60.3504,----
2019-08-02 18:00,-99.4,-77.8,-63.77,-60.3504,----
2019-08-02 19:00,-98.99,-77.69,-63.49,-60.3504,----
2019-08-02 20:00,-98.86,-77.86,-63.65,-60.3504,----
2019-08-02 21:00,-98.67,-78.02,-63.6,-60.3504,----
2019-08-02 22:00,-98.47,-78.1,-63.69,-60.3504,----
2019-08-02 23:00,-98.31,-78.19,-63.83,-60.3504,----
2019-08-03 00:00,-98.16,-78.32,-63.98,-60.3504,----
2019-08-03 01:00,-98.02,-78.39,-64.14,-60.3504,----
2019-08-03 02:00,-97.52,-77.94,-63.89,-60.3504,----
2019-08-03 03:00,-97.39,-78,-64.11,-60.3504,----
2019-08-03 04:00,-97.17,-77.99,-64.01,-60.3504,----
2019-08-03 05:00,-97.05,-78.09,-64.04,-60.3504,----
2019-08-03 06:00,-97,-78.3,-64.16,-60.3504,----
2019-08-03 07:00,-96.97,-78.5,-64.31,-60.3504,----
2019-08-03 08:00,-96.96,-78.69,-64.42,-60.6552,----
2019-08-03 09:00,-96.81,-78.66,-64.6,-60.6552,----
2019-08-03 10:00,-96.88,-78.99,-64.66,-60.6552,----
2019-08-03 11:00,-96.61,-78.96,-64.63,-60.6552,----
2019-08-03 12:00,-96.44,-78.88,-64.81,-60.6552,----
2019-08-03 13:00,-95.77,-78.3,-64.43,-60.6552,----
2019-08-03 14:00,-96.01,-78.54,-64.86,-60.96,----
2019-08-03 15:00,-95.71,-78.4,-64.89,-60.96,----
2019-08-03 16:00,-95.66,-78.42,-64.84,-60.96,----
2019-08-03 17:00,-95.42,-78.31,-64.71,-60.96,----
2019-08-03 18:00,-95.39,-78.44,-64.92,-60.96,----
2019-08-03 19:00,-95.49,-78.74,-64.9,-60.96,----
2019-08-03 20:00,-95.41,-78.91,-64.92,-60.96,----
2019-08-03 21:00,-95.43,-79.21,-65.01,-60.96,----
2019-08-03 22:00,-95.3,-79.23,-65.01,-60.96,----
2019-08-03 23:00,-94.96,-79.07,-64.99,-60.96,----
2019-08-04 00:00,-94.84,-79.08,-65.05,-60.96,----
2019-08-04 01:00,-94.84,-79.12,-65.08,-61.2648,----
2019-08-04 02:00,-94.77,-79.13,-65.19,-61.2648,----
2019-08-04 03:00,-94.82,-79.29,-65.34,-61.2648,----
2019-08-04 04:00,-94.8,-79.34,-65.33,-61.2648,----
2019-08-04 05:00,-94.85,-79.62,-65.34,-61.2648,----
2019-08-04 06:00,-94.99,-79.94,-65.56,-61.2648,----
2019-08-04 07:00,-95.04,-80.05,-65.74,-61.2648,----
2019-08-04 08:00,-95.1,-80.25,-65.9,-61.2648,----
2019-08-04 09:00,-94.93,-80.18,-65.8,-61.5696,----
2019-08-04 10:00,-94.96,-80.2,-65.92,-61.5696,----
2019-08-04 11:00,-94.92,-80.33,-66.01,-61.5696,----
2019-08-04 12:00,-94.7,-80.16,-66.05,-61.5696,----
2019-08-04 13:00,-94.54,-79.97,-66.14,-61.5696,----
2019-08-04 14:00,-94.3,-79.77,-66.1,-61.8744,----
2019-08-04 15:00,-94.36,-79.81,-66.29,-61.8744,----
2019-08-04 16:00,-94.49,-80.06,-66.49,-61.8744,----
2019-08-04 17:00,-94.56,-80.32,-66.36,-61.8744,----
2019-08-04 18:00,-94.51,-80.48,-66.35,-61.8744,----
2019-08-04 19:00,-94.34,-80.49,-66.23,-61.8744,----
2019-08-04 20:00,-94.48,-80.75,-66.27,-61.8744,----
2019-08-04 21:00,-94.2,-80.63,-66.38,-62.1792,----
2019-08-04 22:00,-93.93,-80.34,-66.24,-62.1792,----
2019-08-04 23:00,-94.18,-80.63,-66.47,-62.1792,----
2019-08-05 00:00,-94.09,-80.62,-66.44,-62.1792,----
2019-08-05 01:00,-94.31,-80.94,-66.66,-62.1792,----
2019-08-05 02:00,-94.07,-80.66,-66.56,-62.1792,----
2019-08-05 03:00,-94.18,-80.8,-66.62,-62.1792,----
2019-08-05 04:00,-94.27,-81.07,-66.72,-62.1792,----
2019-08-05 05:00,-94.32,-81.17,-66.75,-62.1792,----
2019-08-05 06:00,-94.37,-81.35,-66.9,-62.1792,----
2019-08-05 07:00,-94.56,-81.55,-67.04,-62.1792,----
2019-08-05 08:00,-94.77,-81.8,-67.27,-62.484,----
2019-08-05 09:00,-94.68,-81.74,-67.11,-62.484,----
2019-08-05 10:00,-94.73,-81.84,-67.37,-62.484,----
2019-08-05 11:00,-94.41,-81.58,-67.2,-60.6552,----
2019-08-05 12:00,-94.39,-81.49,-67.33,-58.5216,----
2019-08-05 13:00,-94.07,-81.27,-67.24,-57.912,----
2019-08-05 14:00,-94.77,-81.33,-65.36,-57.3024,----
2019-08-05 15:00,-93.76,-80.86,-63.13,-56.9976,----
2019-08-05 16:00,-93.55,-80.69,-61.94,-56.6928,----
2019-08-05 17:00,-93.6,-80.62,-61.63,-56.6928,----
2019-08-05 18:00,-93.67,-80.49,-61.15,-56.388,----
2019-08-05 19:00,-93.68,-80.36,-60.91,-56.388,----
2019-08-05 20:00,-93.72,-80.22,-60.63,-56.388,----
2019-08-05 21:00,-93.62,-79.96,-60.46,-56.0832,----
2019-08-05 22:00,-93.58,-79.82,-60.44,-56.0832,----
2019-08-05 23:00,-93.67,-79.75,-60.24,-56.0832,----
2019-08-06 00:00,-93.37,-79.35,-60.1,-56.0832,----
2019-08-06 01:00,-93.41,-79.15,-59.96,-56.0832,----
2019-08-06 02:00,-93.47,-79.13,-59.86,-55.7784,----
2019-08-06 03:00,-93.6,-79.21,-59.83,-55.7784,----
2019-08-06 04:00,-94,-79.53,-60.01,-55.7784,----
2019-08-06 05:00,-93.99,-79.5,-59.98,-55.7784,----
2019-08-06 06:00,-93.95,-79.45,-59.93,-55.7784,----
2019-08-06 07:00,-94.04,-79.51,-60,-55.7784,----
2019-08-06 08:00,-94.24,-79.54,-59.99,-55.7784,----
2019-08-06 09:00,-94.28,-79.53,-60.01,-55.7784,----
2019-08-06 10:00,-94.36,-79.62,-60.18,-56.0832,----
2019-08-06 11:00,-94.41,-79.66,-60.26,-56.0832,----
2019-08-06 12:00,-94.32,-79.54,-60.18,-56.0832,----
2019-08-06 13:00,-94.34,-79.57,-60.25,-56.0832,----
2019-08-06 14:00,-94.11,-79.31,-60.15,-56.0832,----
2019-08-06 15:00,-94.18,-79.42,-60.39,-56.388,----
2019-08-06 16:00,-94.11,-79.37,-60.22,-56.388,----
2019-08-06 17:00,-94.09,-79.34,-60.24,-56.388,----
2019-08-06 18:00,-94.29,-79.53,-60.26,-56.388,----
2019-08-06 19:00,-94.2,-79.53,-60.19,-56.388,----
2019-08-06 20:00,-94.22,-79.65,-60.24,-56.388,----
2019-08-06 21:00,-94.38,-79.78,-60.25,-56.388,----
2019-08-06 22:00,-94.41,-79.84,-60.32,-56.388,----
2019-08-06 23:00,-94.4,-79.86,-60.23,-56.388,----
2019-08-07 00:00,-94.38,-79.9,-60.41,-56.6928,----
2019-08-07 01:00,-94.27,-79.76,-60.19,-56.6928,----
2019-08-07 02:00,-94.37,-79.87,-60.39,-56.6928,----
2019-08-07 03:00,-94.4,-79.93,-60.31,-56.6928,----
2019-08-07 04:00,-94.51,-80.02,-60.47,-56.6928,----
2019-08-07 05:00,-94.39,-79.93,-60.27,-56.6928,----
2019-08-07 06:00,-94.68,-80.21,-60.46,-56.6928,----
2019-08-07 07:00,-94.82,-80.34,-60.63,-56.6928,----
2019-08-07 08:00,-94.8,-80.35,-60.7,-56.9976,----
2019-08-07 09:00,-95.07,-80.54,-60.84,-56.9976,----
2019-08-07 10:00,-94.87,-80.37,-60.8,-56.9976,----
2019-08-07 11:00,-94.87,-80.4,-60.9,-56.9976,----
2019-08-07 12:00,-94.87,-80.35,-61.16,-56.9976,----
2019-08-07 13:00,-94.76,-80.22,-61.13,-56.9976,----
2019-08-07 14:00,-94.35,-79.8,-60.64,-56.9976,----
2019-08-07 15:00,-94.32,-79.79,-60.92,-57.3024,----
2019-08-07 16:00,-94.74,-80.14,-60.77,-57.3024,----
2019-08-07 17:00,-94.57,-80.07,-60.6,-56.6928,----
2019-08-07 18:00,-94.55,-80.16,-60.6,-55.4736,----
2019-08-07 19:00,-90.21,-80.32,-60.67,-55.1688,----
2019-08-07 20:00,-88.9,-79.94,-59.41,-54.864,----
2019-08-07 21:00,-89.06,-80.03,-59.19,-54.5592,----
2019-08-07 22:00,-88.74,-79.63,-58.92,-54.5592,----
2019-08-07 23:00,-88.69,-79.43,-58.76,-54.5592,----
2019-08-08 00:00,-88.5,-79.21,-58.69,-54.5592,----
2019-08-08 01:00,-88.4,-79,-58.6,-54.2544,----
2019-08-08 02:00,-88.47,-78.87,-58.41,-54.2544,----
2019-08-08 03:00,-87.99,-78.42,-58.46,-54.2544,----
2019-08-08 04:00,-88.3,-78.45,-58.34,-54.2544,----
2019-08-08 05:00,-88.35,-78.48,-58.15,-54.2544,----
2019-08-08 06:00,-88.47,-78.55,-58.29,-54.2544,----
2019-08-08 07:00,-88.6,-78.57,-58.34,-54.2544,----
2019-08-08 08:00,-88.64,-78.56,-58.44,-54.2544,----
2019-08-08 09:00,-88.71,-78.7,-58.59,-54.2544,----
2019-08-08 10:00,-88.55,-78.5,-58.35,-54.5592,----
2019-08-08 11:00,-88.47,-78.48,-58.59,-54.5592,----
2019-08-08 12:00,-88.48,-78.49,-58.62,-54.5592,----
2019-08-08 13:00,-88.57,-78.53,-58.74,-54.864,----
2019-08-08 14:00,-88.45,-78.38,-58.75,-54.864,----
2019-08-08 15:00,-88.38,-78.37,-58.8,-54.864,----
2019-08-08 16:00,-88.43,-78.41,-58.78,-54.864,----
2019-08-08 17:00,-88.33,-78.45,-58.7,-55.1688,----
2019-08-08 18:00,-88.35,-78.56,-58.72,-55.1688,----
2019-08-08 19:00,-88.32,-78.59,-58.69,-55.1688,----
2019-08-08 20:00,-88.32,-78.58,-58.62,-55.1688,----
2019-08-08 21:00,-88.44,-78.76,-58.81,-55.1688,----
2019-08-08 22:00,-88.21,-78.63,-58.72,-55.1688,----
2019-08-08 23:00,-88.21,-78.65,-58.71,-55.1688,----
2019-08-09 00:00,-88.14,-78.67,-58.69,-55.1688,----
2019-08-09 01:00,-88.07,-78.64,-58.6,-55.1688,----
2019-08-09 02:00,-88.26,-78.8,-58.81,-55.4736,----
2019-08-09 03:00,-88.15,-78.7,-58.75,-55.4736,----
2019-08-09 04:00,-88.22,-78.74,-58.75,-55.4736,----
2019-08-09 05:00,-88.35,-78.77,-58.68,-55.4736,----
2019-08-09 06:00,-88.55,-79.02,-58.93,-55.4736,----
2019-08-09 07:00,-88.81,-79.25,-59.22,-55.4736,----
2019-08-09 08:00,-88.77,-79.08,-58.99,-55.4736,----
2019-08-09 09:00,-88.9,-79.34,-59.35,-55.7784,----
2019-08-09 10:00,-88.94,-79.38,-59.41,-55.7784,----
2019-08-09 11:00,-88.72,-79.24,-59.34,-55.7784,----
2019-08-09 12:00,-88.75,-79.22,-59.47,-56.0832,----
2019-08-09 13:00,-88.77,-79.29,-59.55,-56.0832,----
2019-08-09 14:00,-88.67,-79.17,-59.61,-56.0832,----
2019-08-09 15:00,-88.89,-79.36,-59.84,-56.388,----
2019-08-09 16:00,-88.91,-79.45,-59.95,-56.388,----
2019-08-09 17:00,-88.99,-79.64,-60.09,-56.388,----
2019-08-09 18:00,-89.03,-79.72,-59.98,-56.388,----
2019-08-09 19:00,-88.72,-79.53,-59.85,-56.388,----
2019-08-09 20:00,-88.76,-79.63,-59.87,-56.6928,----
2019-08-09 21:00,-89.19,-79.82,-60.06,-56.6928,----
2019-08-09 22:00,-89.04,-79.85,-60.02,-56.6928,----
2019-08-09 23:00,-88.99,-79.86,-60.01,-56.6928,----
2019-08-10 00:00,-89.04,-79.95,-60.13,-56.6928,----
2019-08-10 01:00,-88.98,-79.89,-60.06,-56.6928,----
2019-08-10 02:00,-88.94,-79.87,-60,-56.6928,----
2019-08-10 03:00,-89.06,-80.05,-60.15,-56.6928,----
2019-08-10 04:00,-88.89,-79.77,-59.84,-56.9976,----
2019-08-10 05:00,-89.21,-80.11,-60.12,-56.9976,----
2019-08-10 06:00,-89.46,-80.31,-60.38,-56.9976,----
2019-08-10 07:00,-89.66,-80.52,-60.57,-56.9976,----
2019-08-10 08:00,-89.76,-80.48,-60.55,-56.9976,----
2019-08-10 09:00,-89.97,-80.6,-60.66,-57.3024,----
2019-08-10 10:00,-89.94,-80.68,-60.78,-57.3024,----
2019-08-10 11:00,-89.88,-80.69,-60.84,-57.3024,----
2019-08-10 12:00,-89.91,-80.7,-60.99,-57.3024,----
2019-08-10 13:00,-89.77,-80.56,-60.96,-57.6072,----
2019-08-10 14:00,-89.71,-80.51,-61.04,-57.6072,----
2019-08-10 15:00,-89.63,-80.33,-61.07,-57.6072,----
2019-08-10 16:00,-89.69,-80.48,-61.04,-57.912,----
2019-08-10 17:00,-90.15,-81.08,-61.43,-57.912,----
2019-08-10 18:00,-89.94,-80.92,-61.11,-57.912,----
2019-08-10 19:00,-89.94,-80.86,-61.3,-57.912,----
2019-08-10 20:00,-89.86,-80.89,-61.32,-57.912,----
2019-08-10 21:00,-90.06,-81.03,-61.38,-57.912,----
2019-08-10 22:00,-90.19,-81.15,-61.41,-58.2168,----
2019-08-10 23:00,-90.2,-81.25,-61.52,-58.2168,----
2019-08-11 00:00,-90.18,-81.17,-61.49,-58.2168,----
2019-08-11 01:00,-90.15,-81.23,-61.51,-58.2168,----
2019-08-11 02:00,-90.34,-81.4,-61.81,-58.2168,----
2019-08-11 03:00,-90.47,-81.5,-61.72,-58.2168,----
2019-08-11 04:00,-90.5,-81.46,-61.72,-58.2168,----
2019-08-11 05:00,-90.61,-81.58,-61.9,-58.2168,----
2019-08-11 06:00,-90.82,-81.65,-61.96,-58.5216,----
2019-08-11 07:00,-91.08,-81.83,-62.13,-58.5216,----
2019-08-11 08:00,-91.14,-81.87,-62.22,-58.5216,----
2019-08-11 09:00,-91.21,-81.93,-62.35,-58.5216,----
2019-08-11 10:00,-91.31,-82.07,-62.46,-58.5216,----
2019-08-11 11:00,-91.39,-82.03,-62.63,-58.8264,----
2019-08-11 12:00,-91.25,-82.05,-62.6,-58.8264,----
2019-08-11 13:00,-91.2,-82.02,-62.72,-58.8264,----
2019-08-11 14:00,-91.23,-82.06,-62.81,-59.1312,----
2019-08-11 15:00,-91.12,-81.84,-62.71,-59.1312,----
2019-08-11 16:00,-91.05,-81.86,-62.65,-59.1312,----
2019-08-11 17:00,-91.21,-82.08,-62.9,-59.1312,----
2019-08-11 18:00,-91.26,-82.15,-62.92,-59.436,----
2019-08-11 19:00,-91.23,-82.12,-62.97,-59.436,----
2019-08-11 20:00,-91.25,-82.14,-62.96,-59.436,----
2019-08-11 21:00,-91.39,-82.24,-62.89,-59.436,----
2019-08-11 22:00,-91.59,-82.41,-63.16,-59.436,----
2019-08-11 23:00,-91.43,-82.29,-63.19,-59.436,----
2019-08-12 00:00,-91.56,-82.43,-63.29,-59.436,----
2019-08-12 01:00,-91.55,-82.39,-63.3,-59.7408,----
2019-08-12 02:00,-91.49,-82.38,-63.32,-59.7408,----
2019-08-12 03:00,-91.47,-82.32,-63.29,-59.7408,----
2019-08-12 04:00,-91.59,-82.38,-63.33,-59.7408,----
2019-08-12 05:00,-91.78,-82.58,-63.49,-59.7408,----
2019-08-12 06:00,-91.93,-82.74,-63.6,-59.7408,----
2019-08-12 07:00,-92.34,-82.97,-63.88,-59.7408,----
2019-08-12 08:00,-92.37,-83.02,-64,-60.0456,----
2019-08-12 09:00,-92.48,-83.16,-64.06,-60.0456,----
2019-08-12 10:00,-92.56,-83.16,-64.13,-60.0456,----
2019-08-12 11:00,-92.61,-83.22,-64.29,-60.0456,----
2019-08-12 12:00,-92.62,-83.14,-64.31,-60.3504,----
2019-08-12 13:00,-92.67,-83.18,-64.52,-60.3504,----
2019-08-12 14:00,-92.59,-83.07,-64.6,-60.3504,----
2019-08-12 15:00,-92.5,-82.9,-64.6,-60.3504,----
2019-08-12 16:00,-92.62,-82.96,-64.82,-60.6552,----
2019-08-12 17:00,-92.55,-82.9,-64.65,-60.6552,----
2019-08-12 18:00,-92.55,-82.89,-64.76,-60.6552,----
2019-08-12 19:00,-92.54,-82.89,-64.74,-60.6552,----
2019-08-12 20:00,-92.66,-83.04,-64.81,-60.6552,----
2019-08-12 21:00,-92.67,-82.99,-64.85,-60.6552,----
2019-08-12 22:00,-92.7,-83.03,-64.83,-60.96,----
2019-08-12 23:00,-92.77,-83.07,-65,-60.96,----
2019-08-13 00:00,-92.76,-83.03,-65.04,-60.96,----
2019-08-13 01:00,-92.78,-83.01,-65.06,-60.96,----
2019-08-13 02:00,-92.93,-83.13,-65.27,-60.96,----
2019-08-13 03:00,-92.74,-82.86,-65.14,-60.96,----
2019-08-13 04:00,-92.9,-82.91,-65.1,-60.96,----
2019-08-13 05:00,-93.09,-83.15,-65.27,-61.2648,----
2019-08-13 06:00,-93.32,-83.36,-65.5,-61.2648,----
2019-08-13 07:00,-93.68,-83.75,-65.78,-61.2648,----
2019-08-13 08:00,-93.72,-83.73,-65.82,-61.2648,----
2019-08-13 09:00,-93.83,-83.76,-65.95,-61.2648,----
2019-08-13 10:00,-93.93,-83.87,-66.1,-61.2648,----
2019-08-13 11:00,-93.75,-83.61,-66.04,-61.5696,----
2019-08-13 12:00,-93.93,-83.71,-66.34,-61.5696,----
2019-08-13 13:00,-93.79,-83.48,-66.47,-61.5696,----
2019-08-13 14:00,-93.89,-83.4,-66.45,-61.5696,----
2019-08-13 15:00,-93.88,-83.23,-66.75,-61.8744,----
2019-08-13 16:00,-93.97,-83.3,-66.8,-61.8744,----
2019-08-13 17:00,-93.79,-83.1,-66.5,-61.8744,----
2019-08-13 18:00,-94.02,-83.48,-66.61,-61.8744,----
2019-08-13 19:00,-94.29,-84,-66.66,-61.8744,----
2019-08-13 20:00,-94.17,-83.86,-66.61,-62.1792,----
2019-08-13 21:00,-94.44,-84.11,-66.92,-62.1792,----
2019-08-13 22:00,-94.11,-83.53,-66.75,-62.1792,----
2019-08-13 23:00,-94.43,-83.86,-67.12,-62.1792,----
2019-08-14 00:00,-94.37,-83.82,-67.1,-62.1792,----
2019-08-14 01:00,-94.25,-83.51,-66.92,-62.1792,----
2019-08-14 02:00,-94.53,-83.84,-67.19,-62.1792,----
2019-08-14 03:00,-94.53,-83.79,-67.17,-62.484,----
2019-08-14 04:00,-94.71,-84.07,-67.3,-62.484,----
2019-08-14 05:00,-94.94,-84.45,-67.4,-62.484,----
2019-08-14 06:00,-95.08,-84.63,-67.4,-62.484,----
2019-08-14 07:00,-94.88,-84.44,-67.53,-62.484,----
2019-08-14 08:00,-94.87,-84.23,-67.69,-62.484,----
2019-08-14 09:00,-94.86,-84.12,-67.46,-62.484,----
2019-08-14 10:00,-95.13,-84.53,-67.54,-62.7888,----
2019-08-14 11:00,-95.26,-84.7,-67.74,-62.7888,----
2019-08-14 12:00,-95.32,-84.64,-67.97,-62.7888,----
2019-08-14 13:00,-95.23,-84.56,-67.76,-62.7888,----
2019-08-14 14:00,-95.15,-84.43,-67.91,-63.0936,----
2019-08-14 15:00,-95.2,-84.38,-68.02,-63.0936,----
2019-08-14 16:00,-95.26,-84.31,-68.22,-63.0936,----
2019-08-14 17:00,-95.21,-84.24,-68.12,-63.0936,----
2019-08-14 18:00,-95.66,-84.77,-68.33,-63.0936,----
2019-08-14 19:00,-95.96,-85.29,-68.36,-63.0936,----
2019-08-14 20:00,-95.36,-84.73,-68.19,-63.3984,----
2019-08-14 21:00,-95.53,-85.1,-68.22,-63.3984,----
2019-08-14 22:00,-95.79,-85.63,-68.31,-63.3984,----
2019-08-14 23:00,-95.69,-85.53,-68.43,-63.3984,----
2019-08-15 00:00,-95.8,-85.68,-68.58,-63.3984,----
2019-08-15 01:00,-95.74,-85.55,-68.62,-63.3984,----
2019-08-15 02:00,-95.53,-85.28,-68.3,-63.3984,----
2019-08-15 03:00,-95.55,-85.25,-68.44,-63.3984,----
2019-08-15 04:00,-95.67,-85.23,-68.59,-63.3984,----
2019-08-15 05:00,-95.93,-85.6,-68.6,-63.3984,----
2019-08-15 06:00,-96.16,-85.92,-68.81,-63.7032,----
2019-08-15 07:00,-96.27,-86.12,-68.86,-63.7032,----
2019-08-15 08:00,-96.3,-86.26,-68.93,-63.7032,----
2019-08-15 09:00,-96.39,-86.34,-69.11,-63.7032,----
2019-08-15 10:00,-96.5,-86.45,-69.26,-63.7032,----
2019-08-15 11:00,-96.45,-86.32,-69.27,-64.008,----
2019-08-15 12:00,-96.52,-86.36,-69.51,-64.008,----
2019-08-15 13:00,-96.6,-86.33,-69.55,-64.008,----
2019-08-15 14:00,-96.55,-86.1,-69.68,-64.008,----
2019-08-15 15:00,-96.46,-85.85,-69.6,-64.008,----
2019-08-15 16:00,-96.69,-86.08,-69.71,-64.008,----
2019-08-15 17:00,-96.43,-85.84,-69.37,-64.3128,----
2019-08-15 18:00,-96.65,-86.2,-69.77,-64.3128,----
2019-08-15 19:00,-96.55,-86.18,-69.37,-64.3128,----
2019-08-15 20:00,-96.71,-86.52,-69.5,-64.3128,----
2019-08-15 21:00,-96.75,-86.64,-69.68,-64.3128,----
2019-08-15 22:00,-96.96,-86.82,-69.81,-64.3128,----
2019-08-15 23:00,-96.64,-86.47,-69.25,-64.3128,----
2019-08-16 00:00,-96.84,-86.7,-69.81,-64.3128,----
2019-08-16 01:00,-96.64,-86.28,-69.78,-64.3128,----
2019-08-16 02:00,-97,-86.78,-69.9,-64.3128,----
2019-08-16 03:00,-96.99,-86.61,-69.99,-64.3128,----
2019-08-16 04:00,-97.03,-86.72,-69.91,-64.3128,----
2019-08-16 05:00,-96.99,-86.6,-69.81,-64.3128,----
2019-08-16 06:00,-97.12,-86.85,-69.79,-64.3128,----
2019-08-16 07:00,-97.76,-87.55,-70.29,-64.3128,----
2019-08-16 08:00,-97.48,-87.29,-70.18,-64.3128,----
2019-08-16 09:00,-97.51,-87.37,-70.36,-64.3128,----
2019-08-16 10:00,-97.59,-87.39,-70.17,-64.3128,----
2019-08-16 11:00,-97.61,-87.41,-70.2,-64.3128,----
2019-08-16 12:00,-97.18,-86.96,-69.94,-64.3128,----
2019-08-16 13:00,-97.46,-87.17,-70.02,-64.008,----
2019-08-16 14:00,-97.51,-87.25,-70.22,-64.008,----
2019-08-16 15:00,-97.03,-86.55,-69.77,-64.008,----
2019-08-16 16:00,-97.49,-87.06,-70.17,-64.008,----
2019-08-16 17:00,-97.69,-87.14,-70.46,-64.008,----
2019-08-16 18:00,-97.59,-86.9,-70.1,-63.7032,----
2019-08-16 19:00,-97.65,-86.93,-69.99,-63.7032,----
2019-08-16 20:00,-97.74,-87.13,-70.03,-63.7032,----
2019-08-16 21:00,-97.88,-87.13,-70.18,-63.7032,----
2019-08-16 22:00,-97.64,-86.87,-70.12,-63.7032,----
2019-08-16 23:00,-97.85,-87.13,-70.13,-63.7032,----
2019-08-17 00:00,-97.84,-86.98,-70.12,-63.7032,----
2019-08-17 01:00,-97.78,-86.84,-69.93,-63.7032,----
2019-08-17 02:00,-97.85,-86.81,-70.12,-63.7032,----
2019-08-17 03:00,-97.79,-86.65,-70.03,-63.7032,----
2019-08-17 04:00,-97.97,-86.78,-70.14,-63.7032,----
2019-08-17 05:00,-98.06,-86.96,-70.08,-63.7032,----
2019-08-17 06:00,-98.33,-87.33,-70.22,-63.7032,----
2019-08-17 07:00,-98.3,-87.38,-70.08,-63.7032,----
2019-08-17 08:00,-98.42,-87.54,-70.26,-63.7032,----
2019-08-17 09:00,-98.78,-87.89,-70.73,-63.7032,----
2019-08-17 10:00,-98.6,-87.69,-70.45,-64.008,----
2019-08-17 11:00,-98.93,-87.95,-70.82,-64.008,----
2019-08-17 12:00,-98.88,-87.96,-70.79,-64.008,----
2019-08-17 13:00,-98.69,-87.7,-70.54,-64.008,----
2019-08-17 14:00,-98.62,-87.64,-70.53,-64.008,----
2019-08-17 15:00,-98.54,-87.47,-70.46,-64.008,----
2019-08-17 16:00,-98.71,-87.6,-70.64,-64.008,----
2019-08-17 17:00,-98.23,-86.97,-70.19,-64.008,----
2019-08-17 18:00,-98.52,-87.21,-70.42,-64.008,----
2019-08-17 19:00,-98.45,-87.08,-70.38,-64.008,----
2019-08-17 20:00,-98.71,-87.49,-70.53,-64.008,----
2019-08-17 21:00,-98.61,-87.32,-70.4,-64.008,----
2019-08-17 22:00,-98.78,-87.49,-70.57,-64.3128,----
2019-08-17 23:00,-98.82,-87.59,-70.54,-64.008,----
2019-08-18 00:00,-98.94,-87.73,-70.61,-64.008,----
2019-08-18 01:00,-98.72,-87.34,-70.58,-64.3128,----
2019-08-18 02:00,-98.7,-87.18,-70.65,-62.484,----
2019-08-18 03:00,-98.86,-87.3,-70.64,-59.7408,----
2019-08-18 04:00,-97.51,-86.83,-69.16,-58.5216,----
2019-08-18 05:00,-96.94,-87.01,-68.28,-57.912,----
2019-08-18 06:00,-96.93,-86.99,-67.9,-57.3024,----
2019-08-18 07:00,-95.78,-86.64,-66.82,-56.6928,----
2019-08-18 08:00,-95.25,-86.84,-66.29,-56.388,----
2019-08-18 09:00,-95.04,-86.75,-65.81,-56.388,----
2019-08-18 10:00,-95.21,-87.03,-65.65,-56.0832,----
2019-08-18 11:00,-95.12,-86.84,-65.35,-56.0832,----
2019-08-18 12:00,-94.96,-86.46,-64.87,-56.0832,----
2019-08-18 13:00,-95.12,-86.41,-64.88,-55.7784,----
2019-08-18 14:00,-94.87,-86.04,-64.69,-55.7784,----
2019-08-18 15:00,-94.7,-85.66,-64.46,-55.7784,----
2019-08-18 16:00,-94.74,-85.54,-64.47,-55.7784,----
2019-08-18 17:00,-94.79,-85.42,-64.21,-55.7784,----
2019-08-18 18:00,-94.75,-85.33,-64.09,-55.7784,----
2019-08-18 19:00,-94.87,-85.43,-64.01,-55.7784,----
2019-08-18 20:00,-94.8,-85.35,-63.76,-55.7784,----
2019-08-18 21:00,-95,-85.59,-63.81,-55.7784,----
2019-08-18 22:00,-95.03,-85.62,-63.85,-55.7784,----
2019-08-18 23:00,-94.86,-85.4,-63.72,-55.7784,----
2019-08-19 00:00,-94.94,-85.45,-63.63,-55.7784,----
2019-08-19 01:00,-94.87,-85.3,-63.57,-55.7784,----
2019-08-19 02:00,-94.9,-85.29,-63.51,-55.7784,----
2019-08-19 03:00,-94.89,-85.27,-63.47,-56.0832,----
2019-08-19 04:00,-95.1,-85.39,-63.57,-56.0832,----
2019-08-19 05:00,-95.21,-85.52,-63.56,-56.0832,----
2019-08-19 06:00,-95.34,-85.64,-63.59,-56.0832,----
2019-08-19 07:00,-95.5,-85.71,-63.65,-56.0832,----
2019-08-19 08:00,-95.51,-85.75,-63.69,-56.0832,----
2019-08-19 09:00,-95.59,-85.82,-63.82,-56.0832,----
2019-08-19 10:00,-95.46,-85.65,-63.79,-56.0832,----
2019-08-19 11:00,-95.45,-85.63,-63.85,-56.388,----
2019-08-19 12:00,-95.51,-85.62,-64.01,-56.388,----
2019-08-19 13:00,-95.61,-85.69,-63.96,-56.388,----
2019-08-19 14:00,-95.48,-85.54,-64.19,-56.388,----
2019-08-19 15:00,-95.27,-85.26,-64.08,-56.388,----
2019-08-19 16:00,-95.72,-85.67,-64.29,-56.6928,----
2019-08-19 17:00,-95.34,-85.28,-63.99,-56.6928,----
2019-08-19 18:00,-95.21,-85.23,-63.85,-56.6928,----
2019-08-19 19:00,-95.5,-85.63,-63.9,-56.6928,----
2019-08-19 20:00,-95.44,-85.67,-63.78,-56.6928,----
2019-08-19 21:00,-95.43,-85.8,-63.84,-56.6928,----
2019-08-19 22:00,-95.81,-86.2,-64.13,-56.6928,----
2019-08-19 23:00,-95.64,-86.18,-64.01,-56.6928,----
2019-08-20 00:00,-95.63,-86.12,-64.17,-56.9976,----
2019-08-20 01:00,-95.5,-85.98,-64.02,-56.9976,----
2019-08-20 02:00,-95.51,-86.04,-63.98,-56.9976,----
2019-08-20 03:00,-95.55,-85.97,-64,-56.9976,----
2019-08-20 04:00,-95.79,-86.27,-64.08,-56.9976,----
2019-08-20 05:00,-95.76,-86.25,-63.96,-56.9976,----
2019-08-20 06:00,-95.97,-86.52,-64.23,-56.9976,----
2019-08-20 07:00,-96.18,-86.76,-64.33,-56.9976,----
2019-08-20 08:00,-96.3,-86.87,-64.56,-56.9976,----
2019-08-20 09:00,-96.16,-86.74,-64.46,-57.3024,----
2019-08-20 10:00,-96.23,-86.77,-64.52,-57.3024,----
2019-08-20 11:00,-96.18,-86.7,-64.61,-57.3024,----
2019-08-20 12:00,-96.03,-86.53,-64.59,-57.3024,----
2019-08-20 13:00,-96.28,-86.68,-64.94,-57.3024,----
2019-08-20 14:00,-96.17,-86.49,-64.92,-57.6072,----
2019-08-20 15:00,-96.04,-86.29,-64.81,-57.6072,----
2019-08-20 16:00,-96.1,-86.32,-64.96,-57.6072,----
2019-08-20 17:00,-96.42,-86.6,-65.09,-57.6072,----
2019-08-20 18:00,-96.15,-86.33,-64.93,-57.6072,----
2019-08-20 19:00,-96.23,-86.48,-64.94,-57.912,----
2019-08-20 20:00,-96.47,-86.86,-65.09,-57.912,----
2019-08-20 21:00,-96.32,-86.74,-65,-57.912,----
2019-08-20 22:00,-96.52,-86.92,-65.21,-57.912,----
2019-08-20 23:00,-96.61,-87.06,-65.21,-57.912,----
2019-08-21 00:00,-96.51,-87,-65.08,-57.912,----
2019-08-21 01:00,-96.41,-86.79,-65.22,-57.912,----
2019-08-21 02:00,-96.39,-86.69,-65.06,-57.912,----
2019-08-21 03:00,-96.5,-86.84,-65.11,-57.912,----
2019-08-21 04:00,-96.38,-86.64,-65.07,-57.912,----
2019-08-21 05:00,-96.45,-86.68,-65.1,-57.912,----
2019-08-21 06:00,-96.57,-86.84,-65.11,-58.2168,----
2019-08-21 07:00,-96.75,-86.92,-65.38,-58.2168,----
2019-08-21 08:00,-96.93,-87.09,-65.56,-58.2168,----
2019-08-21 09:00,-97.09,-87.2,-65.68,-57.912,----
2019-08-21 10:00,-96.98,-87.04,-65.7,-57.912,----
2019-08-21 11:00,-97.14,-87.09,-65.85,-58.2168,----
2019-08-21 12:00,-97.17,-86.96,-66.11,-58.2168,----
2019-08-21 13:00,-97.08,-86.66,-66.14,-58.2168,----
2019-08-21 14:00,-97.07,-86.62,-65.92,-58.2168,----
2019-08-21 15:00,-97.03,-86.35,-65.99,-58.2168,----
2019-08-21 16:00,-97.2,-86.52,-66.08,-58.5216,----
2019-08-21 17:00,-97.43,-86.86,-66.28,-58.5216,----
2019-08-21 18:00,-97.03,-86.18,-66.13,-58.5216,----
2019-08-21 19:00,-97.14,-86.36,-66.06,-58.5216,----
2019-08-21 20:00,-97.25,-86.65,-66.13,-58.5216,----
2019-08-21 21:00,-97.33,-86.75,-66.28,-58.5216,----
2019-08-21 22:00,-97.31,-86.8,-66.14,-58.5216,----
2019-08-21 23:00,-97.61,-87.34,-66.39,-58.5216,----
2019-08-22 00:00,-97.41,-87.15,-66.29,-58.8264,----
2019-08-22 01:00,-97.23,-86.78,-66.32,-58.8264,----
2019-08-22 02:00,-97.42,-86.73,-66.45,-58.8264,----
2019-08-22 03:00,-97.3,-86.62,-66.32,-58.8264,----
2019-08-22 04:00,-97.43,-86.55,-66.48,-58.8264,----
2019-08-22 05:00,-97.71,-87.02,-66.39,-58.8264,----
2019-08-22 06:00,-97.9,-87.54,-66.3,-58.8264,----
2019-08-22 07:00,-98.15,-87.92,-66.79,-58.8264,----
2019-08-22 08:00,-98.15,-87.88,-66.94,-59.1312,----
2019-08-22 09:00,-98.22,-87.92,-66.98,-59.1312,----
2019-08-22 10:00,-98.18,-87.79,-67.01,-59.1312,----
2019-08-22 11:00,-98.17,-87.6,-67.08,-59.1312,----
2019-08-22 12:00,-98.3,-87.58,-67.39,-59.1312,----
2019-08-22 13:00,-98.24,-87.38,-67.31,-59.436,----
2019-08-22 14:00,-98.23,-87.11,-67.51,-59.436,----
2019-08-22 15:00,-98.01,-87.25,-67.47,-59.436,----
2019-08-22 16:00,-98.44,-87.52,-67.74,-59.436,----
2019-08-22 17:00,-97.98,-87,-67.15,-59.436,----
2019-08-22 18:00,-98.28,-87.42,-67.3,-59.436,----
2019-08-22 19:00,-98.4,-87.71,-67.36,-59.7408,----
2019-08-22 20:00,-98.45,-88.1,-67.38,-59.7408,----
2019-08-22 21:00,-98.38,-88.17,-67.24,-59.7408,----
2019-08-22 22:00,-98.36,-87.82,-67.71,-59.7408,----
2019-08-22 23:00,-98.18,-87.58,-67.4,-59.7408,----
2019-08-23 00:00,-98.48,-88.02,-67.73,-59.7408,----
2019-08-23 01:00,-98.35,-87.64,-67.69,-59.7408,----
2019-08-23 02:00,-98.6,-87.79,-67.92,-59.7408,----
2019-08-23 03:00,-98.82,-87.92,-68.2,-59.7408,----
2019-08-23 04:00,-98.9,-88.01,-68.19,-60.0456,----
2019-08-23 05:00,-99.03,-88.3,-68.16,-60.0456,----
2019-08-23 06:00,-99.08,-88.38,-68.17,-60.0456,----
2019-08-23 07:00,-99.26,-88.64,-68.39,-60.0456,----
2019-08-23 08:00,-99.36,-88.7,-68.53,-60.0456,----
2019-08-23 09:00,-99.27,-88.72,-68.41,-60.0456,----
2019-08-23 10:00,-99.35,-88.58,-68.7,-60.0456,----
2019-08-23 11:00,-99.14,-88.18,-68.69,-60.3504,----
2019-08-23 12:00,-99.22,-88.19,-68.75,-60.3504,----
2019-08-23 13:00,-99.24,-88.24,-68.9,-60.3504,----
2019-08-23 14:00,-99.27,-88.25,-69.03,-60.3504,----
2019-08-23 15:00,-99.16,-88,-69.02,-60.3504,----
2019-08-23 16:00,-99.23,-88.17,-69.2,-60.6552,----
2019-08-23 17:00,-99.1,-88.04,-68.89,-60.6552,----
2019-08-23 18:00,-99.16,-88.15,-68.51,-59.7408,----
2019-08-23 19:00,-99.63,-88.99,-68.65,-59.1312,----
2019-08-23 20:00,-99.22,-89.02,-68.84,-58.5216,----
2019-08-23 21:00,-98.96,-88.77,-67.89,-58.2168,----
2019-08-23 22:00,-99.41,-89.39,-67.9,-57.912,----
2019-08-23 23:00,-99.11,-89.07,-67.49,-57.912,----
2019-08-24 00:00,-98.75,-88.52,-67.18,-57.912,----
2019-08-24 01:00,-98.79,-88.52,-67.01,-57.6072,----
2019-08-24 02:00,-98.9,-88.64,-66.81,-57.6072,----
2019-08-24 03:00,-98.81,-88.53,-66.77,-57.6072,----
2019-08-24 04:00,-98.7,-88.35,-66.58,-57.6072,----
2019-08-24 05:00,-98.83,-88.48,-66.46,-57.6072,----
2019-08-24 06:00,-99.08,-88.73,-66.65,-57.6072,----
2019-08-24 07:00,-99.13,-88.66,-66.49,-57.6072,----
2019-08-24 08:00,-99.1,-88.67,-66.39,-57.3024,----
2019-08-24 09:00,-99.08,-88.66,-66.52,-57.3024,----
2019-08-24 10:00,-99.11,-88.72,-66.45,-57.3024,----
2019-08-24 11:00,-99.1,-88.66,-66.41,-57.3024,----
2019-08-24 12:00,-98.98,-88.48,-66.41,-57.3024,----
2019-08-24 13:00,-98.93,-88.33,-66.32,-57.3024,----
2019-08-24 14:00,-98.86,-88.12,-66.29,-57.3024,----
2019-08-24 15:00,-98.83,-87.88,-66.32,-57.6072,----
2019-08-24 16:00,-98.89,-87.94,-66.22,-57.6072,----
2019-08-24 17:00,-98.87,-88.03,-66.14,-57.6072,----
2019-08-24 18:00,-98.9,-88.03,-66.19,-57.6072,----
2019-08-24 19:00,-98.84,-88.02,-66.09,-57.6072,----
2019-08-24 20:00,-99.11,-88.34,-66.19,-57.6072,----
2019-08-24 21:00,-99.17,-88.49,-66.31,-57.6072,----
2019-08-24 22:00,-99.09,-88.39,-66.27,-57.3024,----
2019-08-24 23:00,-99.1,-88.27,-66.18,-57.3024,----
2019-08-25 00:00,-98.9,-88.04,-66.11,-57.3024,----
2019-08-25 01:00,-98.91,-87.74,-66.19,-56.9976,----
2019-08-25 02:00,-98.93,-87.58,-66.19,-56.0832,----
2019-08-25 03:00,-98.97,-87.52,-65.99,-55.1688,----
2019-08-25 04:00,-98.77,-87.13,-64.4,-54.5592,----
2019-08-25 05:00,-98.55,-87.22,-63.29,-54.2544,----
2019-08-25 06:00,-98.04,-87.23,-62.78,-53.9496,----
2019-08-25 07:00,-97.85,-87.32,-62.49,-53.9496,----
2019-08-25 08:00,-97.55,-87.07,-62.29,-53.6448,----
2019-08-25 09:00,-97.47,-87.03,-62.12,-53.6448,----
2019-08-25 10:00,-97.24,-86.76,-61.75,-53.6448,----
2019-08-25 11:00,-97.03,-86.43,-61.59,-53.6448,----
2019-08-25 12:00,-96.9,-86.16,-61.44,-53.6448,----
2019-08-25 13:00,-96.98,-86.1,-61.44,-53.6448,----
2019-08-25 14:00,-96.92,-85.8,-61.43,-53.9496,----
2019-08-25 15:00,-96.71,-85.37,-61.15,-53.9496,----
2019-08-25 16:00,-96.97,-85.52,-61.17,-53.9496,----
2019-08-25 17:00,-96.91,-85.44,-61.22,-53.9496,----
2019-08-25 18:00,-96.8,-85.19,-61.03,-53.9496,----
2019-08-25 19:00,-96.85,-85.22,-60.95,-53.9496,----
2019-08-25 20:00,-96.91,-85.28,-60.92,-53.9496,----
2019-08-25 21:00,-96.93,-85.31,-60.94,-53.9496,----
2019-08-25 22:00,-96.9,-85.24,-60.89,-53.9496,----
2019-08-25 23:00,-96.89,-85.18,-60.83,-53.9496,----
2019-08-26 00:00,-96.65,-84.86,-60.71,-53.9496,----
2019-08-26 01:00,-96.58,-84.62,-60.71,-53.9496,----
2019-08-26 02:00,-96.65,-84.52,-60.67,-53.9496,----
2019-08-26 03:00,-96.7,-84.49,-60.76,-53.9496,----
2019-08-26 04:00,-96.72,-84.4,-60.69,-54.2544,----
2019-08-26 05:00,-96.78,-84.43,-60.63,-54.2544,----
2019-08-26 06:00,-96.99,-84.67,-60.74,-54.2544,----
2019-08-26 07:00,-97.01,-84.79,-60.75,-54.2544,----
2019-08-26 08:00,-97.18,-84.97,-60.94,-54.2544,----
2019-08-26 09:00,-97.24,-85.03,-60.98,-54.2544,----
2019-08-26 10:00,-97.25,-84.87,-61.13,-54.2544,----
2019-08-26 11:00,-97.02,-84.5,-60.93,-54.2544,----
2019-08-26 12:00,-97.19,-84.52,-61.21,-54.5592,----
2019-08-26 13:00,-97,-84.25,-61.1,-54.5592,----
2019-08-26 14:00,-96.93,-83.98,-60.99,-54.5592,----
2019-08-26 15:00,-96.88,-83.88,-61.01,-54.5592,----
2019-08-26 16:00,-96.85,-83.84,-60.95,-54.864,----
2019-08-26 17:00,-96.85,-83.81,-61.03,-54.864,----
2019-08-26 18:00,-96.87,-83.86,-60.95,-54.864,----
2019-08-26 19:00,-96.86,-83.95,-60.99,-54.864,----
2019-08-26 20:00,-97.14,-84.42,-61.2,-54.864,----
2019-08-26 21:00,-97.04,-84.39,-61.1,-54.864,----
2019-08-26 22:00,-96.96,-84.37,-61.06,-54.864,----
2019-08-26 23:00,-97.05,-84.54,-61.15,-54.864,----
2019-08-27 00:00,-96.82,-84.27,-61.06,-54.864,----
2019-08-27 01:00,-96.81,-84.12,-61.16,-54.864,----
2019-08-27 02:00,-96.65,-83.78,-61.04,-55.1688,----
2019-08-27 03:00,-96.6,-83.55,-61.01,-55.1688,----
2019-08-27 04:00,-96.69,-83.6,-61.08,-55.1688,----
2019-08-27 05:00,-96.73,-83.53,-61.16,-55.1688,----
2019-08-27 06:00,-96.94,-83.75,-61.1,-55.1688,----
2019-08-27 07:00,-97.23,-84.25,-61.24,-55.1688,----
2019-08-27 08:00,-97.31,-84.4,-61.39,-55.1688,----
2019-08-27 09:00,-97.4,-84.49,-61.49,-55.1688,----
2019-08-27 10:00,-97.32,-84.53,-61.57,-55.4736,----
2019-08-27 11:00,-97.15,-84.13,-61.5,-55.4736,----
2019-08-27 12:00,-97.09,-83.86,-61.67,-55.4736,----
2019-08-27 13:00,-97.24,-83.94,-61.81,-55.4736,----
2019-08-27 14:00,-97.02,-83.8,-61.85,-55.4736,----
2019-08-27 15:00,-96.99,-83.65,-61.7,-55.7784,----
2019-08-27 16:00,-97.22,-83.83,-61.91,-55.7784,----
2019-08-27 17:00,-97.03,-83.69,-61.79,-55.7784,----
2019-08-27 18:00,-97.06,-83.76,-61.89,-55.7784,----
2019-08-27 19:00,-97.16,-83.99,-61.88,-55.7784,----
2019-08-27 20:00,-97.19,-84.08,-61.92,-55.7784,----
2019-08-27 21:00,-97.2,-84.16,-62.01,-55.7784,----
2019-08-27 22:00,-97.12,-84.09,-62.14,-55.7784,----
2019-08-27 23:00,-97.1,-84.03,-62.16,-56.0832,----
2019-08-28 00:00,-97.21,-84.23,-62.18,-56.0832,----
2019-08-28 01:00,-97.32,-84.32,-62.33,-56.0832,----
2019-08-28 02:00,-97.26,-84.32,-62.31,-56.0832,----
2019-08-28 03:00,-97.2,-84.24,-62.34,-56.0832,----
2019-08-28 04:00,-97.29,-84.23,-62.4,-56.0832,----
2019-08-28 05:00,-97.45,-84.35,-62.32,-56.0832,----
2019-08-28 06:00,-97.45,-84.34,-62.39,-56.0832,----
2019-08-28 07:00,-97.49,-84.35,-62.47,-56.0832,----
2019-08-28 08:00,-97.69,-84.55,-62.57,-56.0832,----
2019-08-28 09:00,-97.73,-84.63,-62.6,-56.388,----
2019-08-28 10:00,-97.66,-84.5,-62.54,-56.388,----
2019-08-28 11:00,-97.64,-84.51,-62.61,-56.388,----
2019-08-28 12:00,-97.72,-84.55,-62.8,-56.388,----
2019-08-28 13:00,-97.66,-84.52,-62.85,-56.388,----
2019-08-28 14:00,-97.46,-84.36,-62.73,-56.6928,----
2019-08-28 15:00,-97.49,-84.41,-62.88,-56.6928,----
2019-08-28 16:00,-97.56,-84.4,-62.78,-56.6928,----
2019-08-28 17:00,-97.78,-84.61,-63.01,-56.6928,----
2019-08-28 18:00,-97.64,-84.57,-62.88,-56.6928,----
2019-08-28 19:00,-97.67,-84.68,-62.9,-56.6928,----
2019-08-28 20:00,-97.81,-85,-62.98,-56.6928,----
2019-08-28 21:00,-97.76,-85.06,-63.05,-56.9976,----
2019-08-28 22:00,-97.86,-85.3,-63.16,-56.9976,----
2019-08-28 23:00,-97.91,-85.42,-63.13,-56.9976,----
2019-08-29 00:00,-97.8,-85.31,-63.19,-56.9976,----
2019-08-29 01:00,-97.73,-85.17,-63.15,-56.9976,----
2019-08-29 02:00,-97.97,-85.43,-63.33,-56.9976,----
2019-08-29 03:00,-97.9,-85.44,-63.18,-56.9976,----
2019-08-29 04:00,-98.02,-85.72,-63.21,-56.9976,----
2019-08-29 05:00,-98.04,-85.91,-63.23,-56.9976,----
2019-08-29 06:00,-98.28,-86.28,-63.47,-57.3024,----
2019-08-29 07:00,-98.52,-86.61,-63.69,-57.3024,----
2019-08-29 08:00,-98.62,-86.81,-63.77,-57.3024,----
2019-08-29 09:00,-98.71,-86.97,-63.87,-57.3024,----
2019-08-29 10:00,-98.7,-86.93,-63.88,-57.3024,----
2019-08-29 11:00,-98.65,-86.94,-63.97,-57.6072,----
2019-08-29 12:00,-98.48,-86.67,-64.01,-57.6072,----
2019-08-29 13:00,-98.41,-86.4,-64.12,-57.6072,----
2019-08-29 14:00,-98.3,-86.25,-64.18,-57.6072,----
2019-08-29 15:00,-98.4,-86.26,-64.34,-57.6072,----
2019-08-29 16:00,-98.55,-86.37,-64.55,-57.912,----
2019-08-29 17:00,-98.5,-86.37,-64.53,-57.912,----
2019-08-29 18:00,-98.47,-86.47,-64.38,-57.912,----
2019-08-29 19:00,-98.68,-86.95,-64.53,-57.912,----
2019-08-29 20:00,-98.68,-87.21,-64.52,-57.912,----
2019-08-29 21:00,-98.69,-87.36,-64.48,-57.912,----
2019-08-29 22:00,-98.65,-87.42,-64.61,-58.2168,----
2019-08-29 23:00,-98.49,-87.23,-64.63,-58.2168,----
2019-08-30 00:00,-98.62,-87.32,-64.71,-58.2168,----
2019-08-30 01:00,-98.49,-87.15,-64.78,-58.2168,----
2019-08-30 02:00,-98.54,-87.07,-64.71,-58.2168,----
2019-08-30 03:00,-98.48,-86.92,-64.79,-58.2168,----
2019-08-30 04:00,-98.72,-87.17,-64.89,-58.2168,----
2019-08-30 05:00,-98.83,-87.41,-65,-58.2168,----
2019-08-30 06:00,-99,-87.8,-64.98,-58.2168,----
2019-08-30 07:00,-99.25,-88.23,-65.25,-58.5216,----
2019-08-30 08:00,-99.39,-88.4,-65.56,-58.5216,----
2019-08-30 09:00,-99.4,-88.43,-65.55,-58.5216,----
2019-08-30 10:00,-99.16,-88.15,-65.35,-58.5216,----
2019-08-30 11:00,-99.2,-88.13,-65.54,-58.5216,----
2019-08-30 12:00,-99.25,-88.05,-65.55,-58.8264,----
2019-08-30 13:00,-99.08,-87.78,-65.59,-58.8264,----
2019-08-30 14:00,-99.17,-87.64,-65.82,-58.8264,----
2019-08-30 15:00,-99.21,-87.53,-65.97,-58.8264,----
2019-08-30 16:00,-99.37,-87.6,-66.13,-59.1312,----
2019-08-30 17:00,-99.3,-87.58,-66.05,-59.1312,----
2019-08-30 18:00,-99.37,-87.88,-65.97,-59.1312,----
2019-08-30 19:00,-99.45,-88.14,-66,-59.1312,----
2019-08-30 20:00,-99.4,-88.4,-66.05,-59.1312,----
2019-08-30 21:00,-99.42,-88.49,-66.09,-59.1312,----
2019-08-30 22:00,-99.48,-88.65,-66.22,-59.436,----
2019-08-30 23:00,-99.45,-88.73,-66.3,-59.436,----
2019-08-31 00:00,-99.48,-88.69,-66.34,-59.436,----
2019-08-31 01:00,-99.45,-88.52,-66.38,-59.436,----
2019-08-31 02:00,-99.32,-88.19,-66.38,-59.436,----
2019-08-31 03:00,-99.45,-88.23,-66.41,-59.436,----
2019-08-31 04:00,-99.61,-88.47,-66.6,-59.436,----
2019-08-31 05:00,-99.75,-88.69,-66.6,-59.436,----
2019-08-31 06:00,-99.89,-88.93,-66.7,-59.436,----
2019-08-31 07:00,-100.21,-89.49,-66.99,-59.7408,----
2019-08-31 08:00,-100.24,-89.48,-67.09,-59.7408,----
2019-08-31 09:00,-100.24,-89.5,-67.11,-59.7408,----
2019-08-31 10:00,-100.17,-89.34,-67.26,-59.7408,----
2019-08-31 11:00,-100.3,-89.46,-67.4,-59.7408,----
2019-08-31 12:00,-100.27,-89.46,-67.33,-60.0456,----
2019-08-31 13:00,-100.25,-89.3,-67.49,-60.0456,----
2019-08-31 14:00,-100.31,-89.17,-67.71,-60.0456,----
2019-08-31 15:00,-100.01,-88.73,-67.48,-60.3504,----
2019-08-31 16:00,-100.12,-88.75,-67.64,-60.3504,----
2019-08-31 17:00,-99.99,-88.55,-67.52,-60.3504,----
2019-08-31 18:00,-99.98,-88.56,-67.64,-60.3504,----
2019-08-31 19:00,-100.2,-88.9,-67.78,-60.3504,----
2019-08-31 20:00,-100.42,-89.34,-67.91,-60.3504,----
2019-08-31 21:00,-100.44,-89.54,-67.9,-60.6552,----
2019-08-31 22:00,-100.32,-89.55,-67.84,-60.6552,----
2019-08-31 23:00,-100.19,-89.29,-67.84,-60.6552,----
2019-09-01 00:00,-100.21,-89.25,-68.05,-60.6552,----
2019-09-01 01:00,-100.13,-89.06,-67.98,-60.6552,----
2019-09-01 02:00,-100.21,-88.97,-68.05,-60.6552,----
2019-09-01 03:00,-100.23,-88.95,-68.07,-60.6552,----
2019-09-01 04:00,-100.31,-88.93,-68.2,-60.6552,----
2019-09-01 05:00,-100.74,-89.51,-68.48,-60.6552,----
2019-09-01 06:00,-100.66,-89.44,-68.43,-60.96,----
2019-09-01 07:00,-100.83,-89.69,-68.68,-60.96,----
2019-09-01 08:00,-101.1,-90.01,-68.89,-60.96,----
2019-09-01 09:00,-101.02,-89.96,-68.9,-60.96,----
2019-09-01 10:00,-101.09,-90.03,-68.92,-60.96,----
2019-09-01 11:00,-101.02,-89.88,-68.99,-61.2648,----
2019-09-01 12:00,-100.85,-89.56,-68.98,-61.2648,----
2019-09-01 13:00,-101.08,-89.68,-69.25,-61.2648,----
2019-09-01 14:00,-100.85,-89.43,-69.17,-61.2648,----
2019-09-01 15:00,-100.99,-89.47,-69.24,-61.2648,----
2019-09-01 16:00,-101.01,-89.48,-69.35,-61.5696,----
2019-09-01 17:00,-100.91,-89.39,-69.32,-61.5696,----
2019-09-01 18:00,-101,-89.46,-69.39,-61.5696,----
2019-09-01 19:00,-100.83,-89.25,-69.4,-61.5696,----
2019-09-01 20:00,-101.07,-89.55,-69.47,-61.5696,----
2019-09-01 21:00,-100.82,-89.28,-69.4,-61.5696,----
2019-09-01 22:00,-101.28,-89.68,-69.77,-61.5696,----
2019-09-01 23:00,-101.1,-89.4,-69.6,-61.8744,----
2019-09-02 00:00,-101.04,-89.55,-69.73,-61.8744,----
2019-09-02 01:00,-101.11,-89.6,-69.81,-61.8744,----
2019-09-02 02:00,-101.12,-89.61,-69.9,-61.8744,----
2019-09-02 03:00,-101.26,-89.63,-70.03,-61.8744,----
2019-09-02 04:00,-101.36,-89.63,-70,-61.8744,----
2019-09-02 05:00,-101.44,-89.7,-69.86,-61.8744,----
2019-09-02 06:00,-101.66,-89.93,-70.15,-61.8744,----
2019-09-02 07:00,-101.72,-90.01,-70.27,-61.8744,----
2019-09-02 08:00,-101.92,-90.27,-70.47,-62.1792,----
2019-09-02 09:00,-102.01,-90.33,-70.56,-62.1792,----
2019-09-02 10:00,-101.92,-90.2,-70.56,-62.1792,----
2019-09-02 11:00,-101.88,-90.08,-70.58,-62.1792,----
2019-09-02 12:00,-101.9,-90.11,-70.77,-62.1792,----
2019-09-02 13:00,-101.85,-89.93,-70.76,-62.484,----
2019-09-02 14:00,-101.68,-89.76,-70.76,-62.484,----
2019-09-02 15:00,-101.75,-89.89,-70.81,-62.484,----
2019-09-02 16:00,-101.73,-89.76,-70.63,-62.484,----
2019-09-02 17:00,-101.91,-89.96,-70.83,-62.484,----
2019-09-02 18:00,-101.94,-89.99,-70.87,-62.484,----
2019-09-02 19:00,-101.98,-89.99,-70.86,-62.484,----
2019-09-02 20:00,-101.94,-90.01,-70.83,-62.484,----
2019-09-02 21:00,-102.07,-90.19,-71.03,-62.7888,----
2019-09-02 22:00,-102.04,-90.1,-70.99,-62.7888,----
2019-09-02 23:00,-102.05,-90.09,-71.04,-62.7888,----
2019-09-03 00:00,-102.09,-90.24,-71.04,-62.7888,----
2019-09-03 01:00,-102,-90.01,-71.01,-62.7888,----
2019-09-03 02:00,-101.92,-89.91,-71.07,-62.7888,----
2019-09-03 03:00,-102.21,-90.1,-71.22,-62.7888,----
2019-09-03 04:00,-102.22,-90.16,-71.23,-62.7888,----
2019-09-03 05:00,-102.35,-90.27,-71.33,-62.7888,----
2019-09-03 06:00,-102.55,-90.57,-71.35,-62.7888,----
2019-09-03 07:00,-102.83,-90.92,-71.67,-63.0936,----
2019-09-03 08:00,-102.82,-90.97,-71.7,-63.0936,----
2019-09-03 09:00,-102.99,-91.27,-71.83,-63.0936,----
2019-09-03 10:00,-102.87,-91.18,-71.85,-63.0936,----
2019-09-03 11:00,-102.79,-90.93,-71.89,-63.0936,----
2019-09-03 12:00,-102.83,-90.81,-72.08,-63.0936,----
2019-09-03 13:00,-102.86,-90.63,-72.01,-63.3984,----
2019-09-03 14:00,-102.87,-90.65,-72.1,-63.3984,----
2019-09-03 15:00,-102.89,-90.67,-72.08,-63.3984,----
2019-09-03 16:00,-102.84,-90.65,-72.09,-63.3984,----
2019-09-03 17:00,-103.08,-90.82,-72.36,-63.7032,----
2019-09-03 18:00,-102.94,-90.93,-72.07,-63.7032,----
2019-09-03 19:00,-103.05,-91.08,-72.3,-63.7032,----
2019-09-03 20:00,-103,-91.17,-72.17,-63.7032,----
2019-09-03 21:00,-103,-91.21,-72.3,-63.7032,----
2019-09-03 22:00,-102.9,-91.02,-72.29,-63.7032,----
2019-09-03 23:00,-102.94,-90.99,-72.45,-63.7032,----
2019-09-04 00:00,-102.98,-90.98,-72.37,-63.7032,----
2019-09-04 01:00,-102.87,-90.78,-72.44,-63.7032,----
2019-09-04 02:00,-102.99,-90.9,-72.5,-64.008,----
2019-09-04 03:00,-103.04,-90.94,-72.49,-64.008,----
2019-09-04 04:00,-103.18,-91.11,-72.57,-64.008,----
2019-09-04 05:00,-103.55,-91.7,-72.82,-64.008,----
2019-09-04 06:00,-103.61,-91.96,-72.97,-64.008,----
2019-09-04 07:00,-103.67,-92.02,-73.01,-64.008,----
2019-09-04 08:00,-103.87,-92.21,-73.14,-64.008,----
2019-09-04 09:00,-103.75,-92.16,-73.23,-64.008,----
2019-09-04 10:00,-103.59,-91.67,-73.17,-64.3128,----
2019-09-04 11:00,-103.55,-91.56,-73.35,-64.3128,----
2019-09-04 12:00,-103.71,-92.07,-73.45,-64.3128,----
2019-09-04 13:00,-103.67,-91.85,-73.4,-64.3128,----
2019-09-04 14:00,-103.84,-92,-73.49,-64.3128,----
2019-09-04 15:00,-103.72,-91.81,-73.46,-64.6176,----
2019-09-04 16:00,-103.72,-91.71,-73.54,-64.6176,----
2019-09-04 17:00,-103.69,-91.64,-73.53,-64.6176,----
2019-09-04 18:00,-103.69,-91.59,-73.48,-64.6176,----
2019-09-04 19:00,-103.68,-91.59,-73.56,-64.6176,----
2019-09-04 20:00,-103.62,-91.51,-73.47,-64.6176,----
2019-09-04 21:00,-103.79,-91.7,-73.64,-64.6176,----
2019-09-04 22:00,-103.55,-91.47,-73.49,-64.6176,----
2019-09-04 23:00,-103.53,-91.45,-73.48,-64.6176,----
2019-09-05 00:00,-103.65,-91.57,-73.53,-64.9224,----
2019-09-05 01:00,-103.88,-91.72,-73.71,-64.9224,----
2019-09-05 02:00,-103.85,-92.24,-73.86,-64.9224,----
2019-09-05 03:00,-103.81,-91.9,-73.81,-64.9224,----
2019-09-05 04:00,-103.98,-92,-74,-64.9224,----
2019-09-05 05:00,-104.06,-91.99,-74.05,-64.9224,----
2019-09-05 06:00,-104.09,-92.03,-73.91,-64.9224,----
2019-09-05 07:00,-103.88,-91.84,-73.87,-64.9224,----
2019-09-05 08:00,-104.33,-92.16,-74.26,-64.9224,----
2019-09-05 09:00,-104.21,-92.1,-74.16,-64.9224,----
2019-09-05 10:00,-104.05,-92.39,-74.33,-65.2272,----
2019-09-05 11:00,-104.16,-92.24,-74.16,-65.2272,----
2019-09-05 12:00,-104.07,-92.02,-74.3,-65.2272,----
2019-09-05 13:00,-104.1,-92,-74.33,-65.2272,----
2019-09-05 14:00,-103.8,-92.09,-74.21,-65.2272,----
2019-09-05 15:00,-103.7,-91.78,-74.2,-65.2272,----
2019-09-05 16:00,-103.42,-91.76,-73.81,-65.2272,----
2019-09-05 17:00,-103.67,-91.76,-73.97,-65.2272,----
2019-09-05 18:00,-103.71,-92.6,-74.34,-64.9224,----
2019-09-05 19:00,-103.8,-92.06,-74.08,-63.7032,----
2019-09-05 20:00,-103.59,-91.59,-73.9,-59.7408,----
2019-09-05 21:00,-102.9,-92.22,-73.26,-48.1584,----
2019-09-05 22:00,-98.88,-91.78,-69.58,-45.72,----
2019-09-05 23:00,-83.57,-88.27,-51.82,-32.004,----
2019-09-06 00:00,-79.44,-86.27,-48.99,-28.3464,-67.056
2019-09-06 01:00,-57.22,-79.47,-22.79,-26.8224,-65.532
2019-09-06 02:00,-51.42,-68.28,-17.61,-21.336,-46.9392
2019-09-06 03:00,-50.39,-56,-14.21,-20.1168,-40.2336
2019-09-06 04:00,-49.45,-47.84,-8.47,-16.4592,-37.4904
2019-09-06 05:00,-49.63,-44.13,-6.6,-14.6304,-32.6136
2019-09-06 06:00,-46.4,-40.41,-2.29,-14.9352,-30.1752
2019-09-06 07:00,-42.5,-35.49,-0.98,-13.4112,-28.3464
2019-09-06 08:00,-40.41,-33.67,-1.01,-14.9352,-26.8224
2019-09-06 09:00,-39.31,-32.87,-0.77,-15.5448,-26.2128
2019-09-06 10:00,-38.86,-32.71,-1.95,-16.1544,-25.908
2019-09-06 11:00,-38.74,-32.89,-2.57,-16.4592,-25.2984
2019-09-06 12:00,-38.91,-33.31,-3.27,-16.764,-25.2984
2019-09-06 13:00,-39.2,-33.62,-3.45,-17.0688,-24.9936
2019-09-06 14:00,-39.29,-33.74,-3.95,-17.6784,-25.2984
2019-09-06 15:00,-39.31,-33.86,-4.23,-17.6784,-25.2984
2019-09-06 16:00,-39.49,-34.18,-4.74,-17.9832,-25.2984
2019-09-06 17:00,-39.56,-34.27,-4.96,-18.288,-25.2984
2019-09-06 18:00,-39.84,-34.61,-5.32,-18.5928,-25.2984
2019-09-06 19:00,-39.96,-34.75,-5.59,-18.5928,-25.6032
2019-09-06 20:00,-40.08,-34.97,-5.75,-18.8976,-25.6032
2019-09-06 21:00,-40.18,-35.12,-6.02,-18.8976,-25.6032
2019-09-06 22:00,-40.17,-35.16,-6.09,-19.2024,-25.908
2019-09-06 23:00,-40.35,-35.36,-6.43,-19.2024,-25.908
2019-09-07 00:00,-40.65,-35.63,-6.63,-19.5072,-25.908
2019-09-07 01:00,-40.83,-35.87,-6.89,-19.5072,-25.908
2019-09-07 02:00,-40.84,-35.85,-6.97,-19.5072,-26.2128
2019-09-07 03:00,-41.03,-36.08,-7.25,-19.812,-26.2128
2019-09-07 04:00,-41.17,-36.22,-7.33,-19.812,-26.2128
2019-09-07 05:00,-41.62,-36.79,-7.67,-19.812,-26.2128
2019-09-07 06:00,-41.73,-36.93,-7.73,-20.1168,-26.5176
2019-09-07 07:00,-42.18,-37.4,-8.18,-20.1168,-26.5176
2019-09-07 08:00,-42.62,-37.91,-8.62,-20.4216,-26.5176
2019-09-07 09:00,-42.63,-37.89,-8.7,-20.7264,-26.8224
2019-09-07 10:00,-42.89,-38.21,-9.11,-20.7264,-26.8224
2019-09-07 11:00,-42.99,-38.3,-9.42,-21.0312,-26.8224
2019-09-07 12:00,-43.11,-38.32,-9.58,-21.336,-27.1272
2019-09-07 13:00,-43.08,-38.23,-9.65,-21.336,-27.1272
2019-09-07 14:00,-43.27,-38.29,-9.97,-21.6408,-27.1272
2019-09-07 15:00,-43.52,-38.53,-10.12,-21.9456,-27.432
2019-09-07 16:00,-43.64,-38.67,-10.43,-21.9456,-27.432
2019-09-07 17:00,-43.84,-38.96,-10.52,-21.9456,-27.7368
2019-09-07 18:00,-44.01,-39.28,-10.57,-21.9456,-27.7368
2019-09-07 19:00,-44.19,-39.57,-10.8,-22.2504,-27.7368
2019-09-07 20:00,-44.36,-39.85,-10.88,-22.2504,-28.0416
2019-09-07 21:00,-44.36,-39.93,-11.01,-22.2504,-28.0416
2019-09-07 22:00,-44.49,-40.13,-11.15,-22.2504,-28.0416
2019-09-07 23:00,-44.52,-40.22,-11.14,-22.5552,-28.0416
2019-09-08 00:00,-44.65,-40.43,-11.33,-22.5552,-28.3464
2019-09-08 01:00,-44.79,-40.59,-11.51,-22.5552,-28.3464
2019-09-08 02:00,-44.87,-40.63,-11.63,-22.5552,-28.3464
2019-09-08 03:00,-44.95,-40.69,-11.87,-22.86,-28.3464
2019-09-08 04:00,-45.2,-40.89,-12,-22.86,-28.3464
2019-09-08 05:00,-45.32,-41.07,-11.99,-22.86,-28.6512
2019-09-08 06:00,-45.42,-41.29,-12.09,-22.86,-28.6512
2019-09-08 07:00,-45.88,-41.84,-12.5,-23.1648,-28.6512
2019-09-08 08:00,-45.93,-42.03,-12.62,-23.1648,-28.6512
2019-09-08 09:00,-46.01,-42.12,-12.83,-23.1648,-28.6512
2019-09-08 10:00,-46.04,-42.14,-12.93,-23.1648,-28.956
2019-09-08 11:00,-46.04,-42.16,-10.9,-23.1648,-28.956
2019-09-08 12:00,-46.42,-42.47,-11.56,-23.4696,-28.956
2019-09-08 13:00,-46.02,-41.95,-11.21,-23.4696,-29.2608
2019-09-08 14:00,-46.35,-42.13,-11.7,-23.7744,-29.2608
2019-09-08 15:00,-46.24,-41.86,-11.78,-23.7744,-29.2608
2019-09-08 16:00,-46.35,-41.9,-12.08,-23.7744,-29.2608
2019-09-08 17:00,-46.53,-42.21,-12.2,-24.0792,-29.5656
2019-09-08 18:00,-47.04,-42.77,-12.7,-24.0792,-29.5656
2019-09-08 19:00,-46.81,-42.76,-12.52,-24.0792,-29.5656
2019-09-08 20:00,-46.8,-42.78,-12.58,-24.0792,-29.5656
2019-09-08 21:00,-46.87,-42.85,-12.65,-24.384,-29.8704
2019-09-08 22:00,-46.97,-43.15,-13,-24.384,-29.8704
2019-09-08 23:00,-47.02,-43.13,-12.94,-24.384,-29.8704
2019-09-09 00:00,-47.2,-43.4,-13.24,-24.384,-29.8704
2019-09-09 01:00,-47.18,-43.3,-13.26,-24.384,-29.8704
2019-09-09 02:00,-47.13,-43.27,-13.24,-24.6888,-30.1752
2019-09-09 03:00,-47.25,-43.38,-13.39,-24.6888,-30.1752
2019-09-09 04:00,-47.33,-43.43,-13.54,-24.6888,-30.1752
2019-09-09 05:00,-47.58,-43.79,-13.67,-24.6888,-30.1752
2019-09-09 06:00,-47.66,-44.02,-13.68,-24.6888,-30.1752
2019-09-09 07:00,-47.78,-44.18,-13.81,-24.9936,-30.48
2019-09-09 08:00,-47.9,-44.39,-14.08,-24.9936,-30.48
2019-09-09 09:00,-48.04,-44.58,-14.25,-24.9936,-30.48
2019-09-09 10:00,-48.02,-44.59,-14.12,-24.9936,-30.48
2019-09-09 11:00,-47.18,-44.28,-14.23,-16.1544,-30.48
2019-09-09 12:00,-47.21,-44.4,-14.27,-17.6784,-30.48
2019-09-09 13:00,-44.92,-43.35,-7.05,-18.288,-30.7848
2019-09-09 14:00,-44.1,-41.19,-7.19,-18.8976,-28.3464
2019-09-09 15:00,-43.85,-40.27,-7.82,-19.2024,-28.3464
2019-09-09 16:00,-43.25,-39.35,-7.72,-19.5072,-28.3464
2019-09-09 17:00,-43.49,-39.31,-8.25,-19.812,-28.3464
2019-09-09 18:00,-43.67,-39.27,-8.51,-19.812,-28.3464
2019-09-09 19:00,-43.61,-39.13,-8.63,-20.1168,-28.3464
2019-09-09 20:00,-43.63,-39.08,-8.66,-20.1168,-28.3464
2019-09-09 21:00,-43.93,-39.41,-9.21,-20.4216,-28.3464
2019-09-09 22:00,-43.54,-38.91,-8.86,-20.4216,-28.3464
2019-09-09 23:00,-43.88,-39.35,-9.35,-20.7264,-28.3464
2019-09-10 00:00,-43.71,-39.18,-9.28,-20.7264,-28.6512
2019-09-10 01:00,-43.87,-39.34,-9.57,-21.0312,-28.6512
2019-09-10 02:00,-43.91,-39.37,-9.6,-21.0312,-28.6512
2019-09-10 03:00,-44.12,-39.63,-9.8,-21.336,-28.6512
2019-09-10 04:00,-44.31,-39.8,-10.1,-21.336,-28.6512
2019-09-10 05:00,-44.45,-39.98,-10.22,-21.336,-28.956
2019-09-10 06:00,-44.67,-40.36,-10.43,-21.6408,-28.956
2019-09-10 07:00,-44.97,-40.7,-10.83,-21.6408,-28.956
2019-09-10 08:00,-45.06,-40.8,-10.83,-21.6408,-28.956
2019-09-10 09:00,-45.1,-40.91,-11.01,-21.9456,-28.956
2019-09-10 10:00,-45.22,-41.07,-11.16,-22.2504,-29.2608
2019-09-10 11:00,-45.17,-41,-11.26,-22.2504,-29.2608
2019-09-10 12:00,-45.11,-40.94,-11.37,-22.5552,-29.2608
2019-09-10 13:00,-45.22,-40.93,-11.65,-22.5552,-29.2608
2019-09-10 14:00,-45.5,-41.15,-12,-22.86,-29.5656
2019-09-10 15:00,-45.42,-40.98,-12,-22.86,-29.5656
2019-09-10 16:00,-45.64,-41.18,-12.38,-23.1648,-29.5656
2019-09-10 17:00,-45.54,-41.13,-12.36,-23.1648,-29.8704
2019-09-10 18:00,-45.62,-41.21,-12.38,-23.1648,-29.8704
2019-09-10 19:00,-45.73,-41.42,-12.43,-23.1648,-29.8704
2019-09-10 20:00,-45.92,-41.62,-12.63,-23.4696,-30.1752
2019-09-10 21:00,-45.86,-41.64,-12.72,-23.4696,-30.1752
2019-09-10 22:00,-46.02,-41.8,-12.82,-23.4696,-30.1752
2019-09-10 23:00,-46.12,-41.95,-12.98,-23.4696,-30.1752
2019-09-11 00:00,-45.99,-41.76,-12.94,-23.7744,-30.1752
2019-09-11 01:00,-46.07,-41.87,-13.1,-23.7744,-30.1752
2019-09-11 02:00,-46.09,-41.86,-13.17,-23.7744,-30.48
2019-09-11 03:00,-46.19,-41.92,-13.37,-23.7744,-30.48
2019-09-11 04:00,-46.34,-42.02,-13.47,-23.7744,-30.48
2019-09-11 05:00,-46.45,-42.25,-13.5,-24.0792,-30.48
2019-09-11 06:00,-46.65,-42.58,-13.7,-24.0792,-30.48
2019-09-11 07:00,-47.01,-43.05,-14.06,-24.0792,-30.48
2019-09-11 08:00,-47.09,-43.21,-14.25,-24.384,-30.7848
2019-09-11 09:00,-47.19,-43.23,-14.41,-24.384,-30.7848
2019-09-11 10:00,-47.23,-43.13,-14.62,-24.6888,-30.7848
2019-09-11 11:00,-47.24,-43.03,-14.84,-24.9936,-30.7848
2019-09-11 12:00,-47.37,-42.91,-15.16,-25.2984,-31.0896
2019-09-11 13:00,-47.45,-42.87,-15.36,-25.2984,-31.0896
2019-09-11 14:00,-47.56,-42.88,-15.65,-25.6032,-31.0896
2019-09-11 15:00,-47.75,-43,-15.82,-25.6032,-31.3944
2019-09-11 16:00,-47.79,-43.05,-15.98,-25.6032,-31.3944
2019-09-11 17:00,-47.85,-43.03,-16.05,-25.6032,-31.3944
2019-09-11 18:00,-47.79,-42.96,-15.93,-25.6032,-31.6992
2019-09-11 19:00,-47.97,-43.18,-15.99,-25.908,-31.6992
2019-09-11 20:00,-48,-43.28,-16.13,-25.908,-31.6992
2019-09-11 21:00,-48.1,-43.55,-16.15,-25.908,-31.6992
2019-09-11 22:00,-48.11,-43.59,-16.29,-25.908,-31.6992
2019-09-11 23:00,-48,-43.42,-16.17,-25.908,-31.6992
2019-09-12 00:00,-48.12,-43.45,-16.44,-25.908,-32.004
2019-09-12 01:00,-48.11,-43.39,-16.37,-25.908,-32.004
2019-09-12 02:00,-48.03,-43.5,-16.43,-26.2128,-32.004
2019-09-12 03:00,-47.98,-43.46,-16.45,-26.2128,-32.004
2019-09-12 04:00,-48.38,-43.81,-16.47,-26.2128,-32.004
2019-09-12 05:00,-48.39,-43.94,-16.74,-26.2128,-32.004
2019-09-12 06:00,-48.58,-44.26,-16.86,-26.2128,-32.3088
2019-09-12 07:00,-48.87,-44.64,-17.1,-26.2128,-32.3088
2019-09-12 08:00,-49,-44.92,-17.34,-26.5176,-32.3088
2019-09-12 09:00,-49.06,-44.89,-17.52,-26.8224,-32.3088
2019-09-12 10:00,-49.13,-44.86,-17.83,-26.8224,-32.3088
2019-09-12 11:00,-49.26,-44.94,-18.12,-27.1272,-32.3088
2019-09-12 12:00,-49.3,-44.96,-18.37,-27.1272,-32.6136
2019-09-12 13:00,-49.24,-44.82,-18.48,-27.432,-32.6136
2019-09-12 14:00,-49.5,-44.95,-18.88,-27.432,-32.6136
2019-09-12 15:00,-49.64,-45.05,-19.15,-27.7368,-32.9184
2019-09-12 16:00,-49.69,-45.04,-19.19,-27.7368,-32.9184
2019-09-12 17:00,-49.7,-45.08,-19.25,-27.7368,-32.9184
2019-09-12 18:00,-49.64,-45.05,-18.97,-27.7368,-33.2232
2019-09-12 19:00,-49.64,-45.12,-19.07,-27.7368,-33.2232
2019-09-12 20:00,-49.74,-45.37,-19.15,-27.7368,-33.2232
2019-09-12 21:00,-49.75,-45.54,-19.22,-27.7368,-33.2232
2019-09-12 22:00,-49.77,-45.54,-19.39,-27.7368,-33.2232
2019-09-12 23:00,-49.81,-45.61,-19.34,-28.0416,-33.2232
2019-09-13 00:00,-49.76,-45.55,-19.43,-28.0416,-33.528
2019-09-13 01:00,-49.85,-45.66,-19.62,-28.0416,-33.528
2019-09-13 02:00,-50,-45.88,-19.81,-28.0416,-33.528
2019-09-13 03:00,-49.79,-45.9,-19.39,-28.0416,-33.528
2019-09-13 04:00,-50.21,-46.35,-19.79,-28.0416,-33.528
2019-09-13 05:00,-50.19,-46.39,-19.97,-28.0416,-33.528
2019-09-13 06:00,-50.35,-46.71,-19.88,-28.0416,-33.528
2019-09-13 07:00,-50.38,-46.93,-20,-28.3464,-33.8328
2019-09-13 08:00,-50.57,-47.25,-20.21,-28.3464,-33.8328
2019-09-13 09:00,-50.65,-47.42,-20.28,-28.3464,-33.8328
2019-09-13 10:00,-50.59,-47.4,-20.3,-28.6512,-33.8328
2019-09-13 11:00,-50.65,-47.49,-20.41,-28.6512,-33.8328
2019-09-13 12:00,-50.66,-47.52,-20.63,-28.6512,-33.8328
2019-09-13 13:00,-50.61,-47.39,-20.8,-28.6512,-34.1376
2019-09-13 14:00,-50.66,-47.33,-20.9,-28.956,-34.1376
2019-09-13 15:00,-50.47,-47.06,-20.85,-28.956,-34.1376
2019-09-13 16:00,-50.62,-47.25,-20.99,-28.956,-34.1376
2019-09-13 17:00,-50.71,-47.41,-21.07,-28.956,-34.1376
2019-09-13 18:00,-50.79,-47.42,-21.25,-28.956,-34.4424
2019-09-13 19:00,-50.89,-47.62,-21.3,-28.956,-34.4424
2019-09-13 20:00,-50.89,-47.82,-21.35,-28.956,-34.4424
2019-09-13 21:00,-50.93,-47.94,-21.44,-28.956,-34.4424
2019-09-13 22:00,-50.91,-47.79,-21.44,-28.956,-34.4424
2019-09-13 23:00,-50.83,-47.49,-21.49,-29.2608,-34.4424
2019-09-14 00:00,-50.91,-47.48,-21.59,-29.2608,-34.4424
2019-09-14 01:00,-50.94,-47.4,-21.69,-29.2608,-34.7472
2019-09-14 02:00,-50.98,-47.37,-21.66,-29.2608,-34.7472
2019-09-14 03:00,-51.02,-47.4,-21.85,-29.2608,-34.7472
2019-09-14 04:00,-51.12,-47.49,-21.98,-29.2608,-34.7472
2019-09-14 05:00,-51.39,-47.82,-22.11,-29.2608,-34.7472
2019-09-14 06:00,-51.46,-47.96,-22.21,-29.2608,-34.7472
2019-09-14 07:00,-51.66,-48.26,-22.32,-29.2608,-34.7472
2019-09-14 08:00,-51.74,-48.46,-22.5,-29.5656,-34.7472
2019-09-14 09:00,-51.81,-48.48,-22.61,-29.5656,-35.052
2019-09-14 10:00,-51.67,-48.36,-22.74,-29.8704,-35.052
2019-09-14 11:00,-51.64,-48.1,-22.84,-29.8704,-35.052
2019-09-14 12:00,-51.89,-48.19,-23.1,-29.8704,-35.052
2019-09-14 13:00,-51.78,-48.1,-23.32,-30.1752,-35.052
2019-09-14 14:00,-52.01,-48.16,-23.55,-30.1752,-35.3568
2019-09-14 15:00,-51.99,-48.06,-23.74,-30.1752,-35.3568
2019-09-14 16:00,-52.06,-48.06,-23.85,-30.48,-35.3568
2019-09-14 17:00,-52.22,-48.18,-24.01,-30.48,-35.3568
2019-09-14 18:00,-52.11,-48.12,-24.04,-30.48,-35.6616
2019-09-14 19:00,-52.17,-48.16,-24.08,-30.48,-35.6616
2019-09-14 20:00,-52.31,-48.4,-24.13,-30.48,-35.6616
2019-09-14 21:00,-52.15,-48.25,-24.13,-30.48,-35.6616
2019-09-14 22:00,-52.2,-48.22,-24.15,-30.48,-35.6616
2019-09-14 23:00,-52.05,-48.07,-24.09,-30.48,-35.6616
2019-09-15 00:00,-52.32,-48.33,-24.38,-30.48,-35.6616
2019-09-15 01:00,-52.34,-48.41,-24.36,-30.48,-35.9664
2019-09-15 02:00,-52.31,-48.34,-24.39,-30.48,-35.9664
2019-09-15 03:00,-52.28,-48.36,-24.38,-30.48,-35.9664
2019-09-15 04:00,-52.56,-48.59,-24.69,-30.48,-35.9664
2019-09-15 05:00,-52.76,-48.86,-24.78,-30.48,-35.9664
2019-09-15 06:00,-52.71,-48.81,-24.77,-30.48,-35.9664
2019-09-15 07:00,-52.91,-49.15,-24.91,-30.7848,-35.9664
2019-09-15 08:00,-52.93,-49.29,-24.99,-30.7848,-35.9664
2019-09-15 09:00,-53.04,-49.28,-25.19,-30.7848,-35.9664
2019-09-15 10:00,-52.97,-49.09,-25.33,-31.0896,-36.2712
2019-09-15 11:00,-53.03,-49.12,-25.63,-31.0896,-36.2712
2019-09-15 12:00,-53.1,-49.11,-25.74,-31.3944,-36.2712
2019-09-15 13:00,-53.3,-49.14,-26.15,-31.3944,-36.2712
2019-09-15 14:00,-53.09,-48.98,-26.16,-31.3944,-36.576
2019-09-15 15:00,-53.12,-48.99,-26.45,-31.3944,-36.576
2019-09-15 16:00,-53.4,-49.21,-26.73,-31.6992,-36.576
2019-09-15 17:00,-53.44,-49.19,-26.64,-31.6992,-36.576
2019-09-15 18:00,-53.31,-49.12,-26.56,-31.6992,-36.8808
2019-09-15 19:00,-53.53,-49.41,-26.75,-31.6992,-36.8808
2019-09-15 20:00,-53.48,-49.46,-26.72,-31.6992,-36.8808
2019-09-15 21:00,-53.44,-49.48,-26.74,-31.6992,-36.8808
2019-09-15 22:00,-53.4,-49.33,-26.74,-31.6992,-36.8808
2019-09-15 23:00,-53.34,-49.29,-26.75,-31.6992,-36.8808
2019-09-16 00:00,-53.49,-49.46,-26.88,-31.6992,-36.8808
2019-09-16 01:00,-53.4,-49.42,-26.91,-31.6992,-36.8808
2019-09-16 02:00,-53.58,-49.89,-27.12,-31.6992,-36.8808
2019-09-16 03:00,-53.45,-49.59,-27.01,-31.6992,-37.1856
2019-09-16 04:00,-53.61,-49.72,-27.22,-31.6992,-37.1856
2019-09-16 05:00,-53.79,-49.95,-27.22,-31.6992,-37.1856
2019-09-16 06:00,-53.93,-50.19,-27.31,-31.6992,-37.1856
2019-09-16 07:00,-54.09,-50.43,-27.49,-32.004,-37.1856
2019-09-16 08:00,-54.11,-50.53,-27.59,-32.004,-37.1856
2019-09-16 09:00,-54.2,-50.52,-27.83,-32.004,-37.1856
2019-09-16 10:00,-54.22,-50.44,-27.95,-32.3088,-37.1856
2019-09-16 11:00,-54.2,-50.35,-28.2,-32.3088,-37.4904
2019-09-16 12:00,-54.14,-50.14,-28.27,-32.6136,-37.4904
2019-09-16 13:00,-54.12,-50.68,-28.49,-32.6136,-37.4904
2019-09-16 14:00,-54.36,-50.56,-29.04,-32.9184,-37.7952
2019-09-16 15:00,-54.42,-50.47,-29.12,-32.9184,-37.7952
2019-09-16 16:00,-54.42,-50.38,-29.3,-32.9184,-37.7952
2019-09-16 17:00,-54.45,-50.4,-29.18,-32.9184,-38.1
2019-09-16 18:00,-54.42,-50.36,-29.21,-32.9184,-38.1
2019-09-16 19:00,-54.5,-50.49,-29.33,-32.9184,-38.1
2019-09-16 20:00,-54.58,-50.6,-29.38,-32.9184,-38.1
2019-09-16 21:00,-54.66,-50.74,-29.44,-32.9184,-38.1
2019-09-16 22:00,-54.77,-50.83,-29.54,-32.9184,-38.1
2019-09-16 23:00,-54.73,-51.44,-29.67,-32.9184,-38.1
2019-09-17 00:00,-54.64,-51.1,-29.61,-32.9184,-38.4048
2019-09-17 01:00,-54.71,-51.08,-29.81,-33.2232,-38.4048
2019-09-17 02:00,-54.52,-50.77,-29.71,-33.2232,-38.4048
2019-09-17 03:00,-54.66,-50.88,-29.79,-33.2232,-38.4048
2019-09-17 04:00,-55.03,-51.2,-30.04,-33.2232,-38.4048
2019-09-17 05:00,-55.01,-51.23,-29.95,-33.2232,-38.4048
2019-09-17 06:00,-55.18,-51.63,-29.99,-33.2232,-38.4048
2019-09-17 07:00,-55.2,-51.9,-30.15,-33.2232,-38.4048
2019-09-17 08:00,-55.34,-52,-30.27,-33.2232,-38.4048
2019-09-17 09:00,-55.34,-52.09,-30.34,-33.528,-38.4048
2019-09-17 10:00,-55.39,-52.29,-30.48,-33.528,-38.7096
2019-09-17 11:00,-55.46,-52.24,-30.77,-33.8328,-38.7096
2019-09-17 12:00,-55.47,-52.12,-30.97,-33.8328,-38.7096
2019-09-17 13:00,-55.57,-52.12,-31.25,-33.8328,-38.7096
2019-09-17 14:00,-55.44,-51.87,-31.29,-34.1376,-39.0144
2019-09-17 15:00,-55.46,-51.86,-31.25,-34.1376,-39.0144
2019-09-17 16:00,-55.65,-52.1,-31.44,-34.1376,-39.0144
2019-09-17 17:00,-55.57,-52.1,-31.62,-34.1376,-39.3192
2019-09-17 18:00,-55.76,-52.43,-31.68,-34.1376,-39.3192
2019-09-17 19:00,-55.81,-52.77,-31.73,-34.1376,-39.3192
2019-09-17 20:00,-55.81,-52.77,-31.75,-34.1376,-39.3192
2019-09-17 21:00,-55.81,-52.89,-31.84,-34.1376,-39.3192
2019-09-17 22:00,-55.86,-53.03,-31.9,-34.1376,-39.3192
2019-09-17 23:00,-55.55,-52.6,-31.9,-34.1376,-39.3192
2019-09-18 00:00,-55.95,-52.97,-32.13,-34.1376,-39.624
2019-09-18 01:00,-55.92,-53.07,-32.12,-34.4424,-39.624
2019-09-18 02:00,-55.91,-52.94,-32.23,-34.4424,-39.624
2019-09-18 03:00,-56.09,-53.19,-32.37,-34.4424,-39.624
2019-09-18 04:00,-56.08,-53.2,-32.45,-34.4424,-39.624
2019-09-18 05:00,-56.29,-53.61,-32.54,-34.4424,-39.624
2019-09-18 06:00,-56.39,-53.8,-32.74,-34.4424,-39.624
2019-09-18 07:00,-56.46,-53.99,-32.77,-34.4424,-39.624
2019-09-18 08:00,-56.65,-54.15,-33.04,-34.4424,-39.624
2019-09-18 09:00,-56.5,-53.96,-32.92,-34.7472,-39.9288
2019-09-18 10:00,-56.54,-54.14,-33.24,-34.7472,-39.9288
2019-09-18 11:00,-56.48,-54.07,-33.3,-35.052,-39.9288
2019-09-18 12:00,-56.62,-54.15,-33.58,-35.052,-39.9288
2019-09-18 13:00,-56.7,-54.22,-33.8,-35.052,-40.2336
2019-09-18 14:00,-56.86,-54.26,-34.05,-35.3568,-40.2336
2019-09-18 15:00,-56.98,-54.35,-34.2,-35.3568,-40.2336
2019-09-18 16:00,-56.72,-54.15,-34.07,-35.3568,-40.5384
2019-09-18 17:00,-56.91,-54.49,-34.27,-35.3568,-40.5384
2019-09-18 18:00,-56.73,-54.44,-34.2,-35.3568,-40.5384
2019-09-18 19:00,-56.87,-54.64,-34.22,-35.3568,-40.5384
2019-09-18 20:00,-56.88,-54.64,-34.41,-35.3568,-40.5384
2019-09-18 21:00,-56.97,-54.7,-34.41,-35.3568,-40.8432
2019-09-18 22:00,-56.97,-54.78,-34.52,-35.6616,-40.8432
2019-09-18 23:00,-56.98,-54.74,-34.62,-35.6616,-40.8432
2019-09-19 00:00,-56.99,-54.68,-34.58,-35.6616,-40.8432
2019-09-19 01:00,-57.13,-54.91,-34.79,-35.6616,-40.8432
2019-09-19 02:00,-57.28,-55.07,-35,-35.6616,-40.8432
2019-09-19 03:00,-57.46,-55.16,-35.2,-35.6616,-40.8432
2019-09-19 04:00,-57.53,-55.27,-35.24,-35.6616,-40.8432
2019-09-19 05:00,-57.68,-55.56,-35.38,-35.6616,-40.8432
2019-09-19 06:00,-57.68,-55.63,-35.3,-35.6616,-41.148
2019-09-19 07:00,-57.62,-55.62,-35.3,-35.6616,-41.148
2019-09-19 08:00,-57.74,-55.71,-35.52,-35.9664,-41.148
2019-09-19 09:00,-57.86,-55.9,-35.66,-35.9664,-41.148
2019-09-19 10:00,-57.74,-55.73,-35.71,-35.9664,-41.148
2019-09-19 11:00,-57.7,-55.72,-35.81,-36.2712,-41.148
2019-09-19 12:00,-57.89,-55.75,-36.15,-36.2712,-41.4528
2019-09-19 13:00,-57.71,-55.48,-35.99,-36.2712,-41.4528
2019-09-19 14:00,-57.65,-55.33,-36.19,-36.576,-41.4528
2019-09-19 15:00,-57.74,-55.36,-36.33,-36.576,-41.7576
2019-09-19 16:00,-57.93,-55.68,-36.47,-36.576,-41.7576
2019-09-19 17:00,-57.95,-55.7,-36.49,-36.576,-41.7576
2019-09-19 18:00,-57.79,-55.59,-36.48,-36.576,-41.7576
2019-09-19 19:00,-57.94,-55.76,-36.62,-36.576,-42.0624
2019-09-19 20:00,-58.05,-55.96,-36.72,-36.576,-42.0624
2019-09-19 21:00,-58.18,-56.22,-36.87,-36.576,-42.0624
2019-09-19 22:00,-58.01,-55.97,-36.82,-36.576,-42.0624
2019-09-19 23:00,-58.23,-55.98,-37.06,-36.576,-42.0624
2019-09-20 00:00,-58.26,-56.07,-37.11,-36.576,-42.0624
2019-09-20 01:00,-58.35,-56.04,-37.2,-36.576,-42.0624
2019-09-20 02:00,-58.35,-55.95,-37.23,-36.576,-42.0624
2019-09-20 03:00,-58.55,-56.18,-37.41,-36.8808,-42.3672
2019-09-20 04:00,-58.61,-56.29,-37.37,-36.8808,-42.3672
2019-09-20 05:00,-58.77,-56.55,-37.47,-36.8808,-42.3672
2019-09-20 06:00,-58.78,-56.81,-37.5,-36.8808,-42.3672
2019-09-20 07:00,-58.94,-57.09,-37.7,-36.8808,-42.3672
2019-09-20 08:00,-59,-57.17,-37.76,-36.8808,-42.3672
2019-09-20 09:00,-59.05,-57.15,-37.95,-36.8808,-42.3672
2019-09-20 10:00,-58.93,-56.9,-37.98,-37.1856,-42.3672
2019-09-20 11:00,-58.73,-56.51,-37.9,-37.1856,-42.3672
2019-09-20 12:00,-58.71,-56.26,-38.09,-37.4904,-42.672
2019-09-20 13:00,-58.65,-56.11,-38.23,-37.4904,-42.672
2019-09-20 14:00,-58.62,-56.06,-38.35,-37.4904,-42.672
2019-09-20 15:00,-58.82,-56.09,-38.45,-37.4904,-42.9768
2019-09-20 16:00,-58.99,-56.2,-38.64,-37.7952,-42.9768
2019-09-20 17:00,-58.86,-56.12,-38.49,-37.7952,-42.9768
2019-09-20 18:00,-59.05,-56.38,-38.7,-37.7952,-42.9768
2019-09-20 19:00,-59.16,-56.58,-38.68,-37.7952,-43.2816
2019-09-20 20:00,-59.24,-56.74,-38.83,-37.7952,-43.2816
2019-09-20 21:00,-59.27,-56.82,-38.84,-37.7952,-43.2816
2019-09-20 22:00,-59.26,-56.85,-38.85,-37.7952,-43.2816
2019-09-20 23:00,-59.33,-56.86,-39.01,-37.7952,-43.2816
2019-09-21 00:00,-59.41,-56.85,-39.16,-37.7952,-43.2816
2019-09-21 01:00,-59.45,-56.84,-39.01,-37.7952,-43.2816
2019-09-21 02:00,-59.47,-56.87,-39.17,-37.7952,-43.2816
2019-09-21 03:00,-59.5,-56.81,-39.18,-37.7952,-43.2816
2019-09-21 04:00,-59.58,-56.83,-39.36,-37.7952,-43.5864
2019-09-21 05:00,-59.83,-57.11,-39.48,-37.7952,-43.5864
2019-09-21 06:00,-59.95,-57.46,-39.51,-37.7952,-43.5864
2019-09-21 07:00,-60.09,-57.69,-39.68,-37.7952,-43.5864
2019-09-21 08:00,-60.13,-57.85,-39.72,-38.1,-43.5864
2019-09-21 09:00,-60.15,-57.8,-39.91,-38.1,-43.5864
2019-09-21 10:00,-60.07,-57.51,-40.04,-38.1,-43.5864
2019-09-21 11:00,-59.85,-57.27,-39.92,-38.1,-43.5864
2019-09-21 12:00,-59.85,-57.08,-40.04,-38.4048,-43.8912
2019-09-21 13:00,-59.85,-57.08,-40.31,-38.4048,-43.8912
2019-09-21 14:00,-59.86,-56.99,-40.31,-38.7096,-43.8912
2019-09-21 15:00,-59.98,-56.98,-40.54,-38.7096,-44.196
2019-09-21 16:00,-60.13,-57.08,-40.68,-38.7096,-44.196
2019-09-21 17:00,-60.14,-56.99,-40.6,-38.7096,-44.196
2019-09-21 18:00,-60.1,-56.94,-40.55,-38.7096,-44.196
2019-09-21 19:00,-60.14,-57.02,-40.45,-38.7096,-44.5008
2019-09-21 20:00,-60.27,-57.31,-40.57,-38.7096,-44.5008
2019-09-21 21:00,-60.44,-57.54,-40.71,-38.7096,-44.5008
2019-09-21 22:00,-60.47,-57.61,-40.76,-38.7096,-44.5008
2019-09-21 23:00,-60.41,-57.51,-40.72,-38.7096,-44.5008
2019-09-22 00:00,-60.43,-57.45,-40.82,-38.7096,-44.5008
2019-09-22 01:00,-60.4,-57.34,-40.77,-38.7096,-44.5008
2019-09-22 02:00,-60.41,-57.32,-40.87,-38.7096,-44.5008
2019-09-22 03:00,-60.44,-57.26,-41.01,-38.7096,-44.5008
2019-09-22 04:00,-60.5,-57.31,-41,-38.7096,-44.8056
2019-09-22 05:00,-60.75,-57.46,-41.15,-38.7096,-44.8056
2019-09-22 06:00,-60.77,-57.53,-41.11,-38.7096,-44.8056
2019-09-22 07:00,-61,-57.84,-41.35,-39.0144,-44.8056
2019-09-22 08:00,-61.23,-58.12,-41.52,-39.0144,-44.8056
2019-09-22 09:00,-61.25,-58.21,-41.69,-39.0144,-44.8056
2019-09-22 10:00,-61.11,-57.95,-41.68,-39.3192,-44.8056
2019-09-22 11:00,-61.02,-57.77,-41.75,-39.3192,-45.1104
2019-09-22 12:00,-60.88,-57.6,-41.93,-39.3192,-45.1104
2019-09-22 13:00,-60.8,-57.48,-41.89,-39.624,-45.1104
2019-09-22 14:00,-60.89,-57.89,-42.05,-39.624,-45.1104
2019-09-22 15:00,-61,-57.95,-42.23,-39.624,-45.4152
2019-09-22 16:00,-60.98,-57.8,-42.2,-39.624,-45.4152
2019-09-22 17:00,-61.12,-57.86,-42.26,-39.624,-45.4152
2019-09-22 18:00,-61.26,-57.95,-42.3,-39.9288,-45.72
2019-09-22 19:00,-61.19,-57.87,-42.19,-39.9288,-45.72
2019-09-22 20:00,-61.29,-57.99,-42.27,-39.9288,-45.72
2019-09-22 21:00,-61.41,-58.11,-42.34,-39.9288,-45.72
2019-09-22 22:00,-61.36,-57.99,-42.34,-39.9288,-45.72
2019-09-22 23:00,-61.38,-58.01,-42.47,-39.9288,-45.72
2019-09-23 00:00,-61.33,-58.39,-42.46,-39.9288,-45.72
2019-09-23 01:00,-61.36,-58.25,-42.55,-39.9288,-45.72
2019-09-23 02:00,-61.41,-58.22,-42.57,-39.9288,-45.72
2019-09-23 03:00,-61.53,-58.22,-42.65,-39.9288,-46.0248
2019-09-23 04:00,-61.66,-58.31,-42.78,-39.9288,-46.0248
2019-09-23 05:00,-61.8,-58.36,-42.75,-39.9288,-46.0248
2019-09-23 06:00,-61.88,-58.48,-42.82,-39.9288,-46.0248
2019-09-23 07:00,-62.15,-58.76,-43.06,-39.9288,-46.0248
2019-09-23 08:00,-62.22,-58.87,-43.07,-39.9288,-46.0248
2019-09-23 09:00,-62.35,-58.99,-43.36,-40.2336,-46.0248
2019-09-23 10:00,-62.13,-58.69,-43.38,-40.2336,-46.0248
2019-09-23 11:00,-62.02,-59.15,-43.55,-40.2336,-46.3296
2019-09-23 12:00,-61.82,-58.75,-43.53,-40.5384,-46.3296
2019-09-23 13:00,-61.79,-59.15,-43.66,-40.5384,-46.3296
2019-09-23 14:00,-61.74,-58.88,-43.8,-40.5384,-46.3296
2019-09-23 15:00,-61.76,-59.47,-43.86,-40.8432,-46.6344
2019-09-23 16:00,-61.81,-59.19,-43.75,-40.8432,-46.6344
2019-09-23 17:00,-61.82,-59.04,-43.82,-40.8432,-46.6344
2019-09-23 18:00,-61.87,-58.93,-43.71,-40.8432,-46.9392
2019-09-23 19:00,-62.08,-59.06,-43.8,-40.8432,-46.9392
2019-09-23 20:00,-62.13,-59.07,-43.78,-40.8432,-46.9392
2019-09-23 21:00,-62.32,-59.26,-43.91,-40.8432,-46.9392
2019-09-23 22:00,-62.21,-59.08,-43.87,-40.8432,-46.9392
2019-09-23 23:00,-62.1,-58.97,-43.97,-40.8432,-46.9392
2019-09-24 00:00,-62.05,-59.69,-43.82,-40.8432,-46.9392
2019-09-24 01:00,-62.28,-59.5,-44.12,-40.8432,-47.244
2019-09-24 02:00,-62.09,-59.18,-44.04,-40.8432,-47.244
2019-09-24 03:00,-62.25,-59.23,-44.22,-40.8432,-47.244
2019-09-24 04:00,-62.12,-59.05,-44.03,-40.8432,-47.244
2019-09-24 05:00,-62.39,-59.14,-44,-40.8432,-47.244
2019-09-24 06:00,-62.42,-59.04,-43.95,-40.8432,-47.244
2019-09-24 07:00,-62.82,-59.46,-44.4,-40.8432,-47.244
2019-09-24 08:00,-63.09,-59.79,-44.44,-40.8432,-47.244
2019-09-24 09:00,-62.95,-59.66,-44.37,-40.8432,-47.244
2019-09-24 10:00,-63.18,-59.8,-44.65,-41.148,-47.244
2019-09-24 11:00,-62.87,-59.41,-44.46,-41.148,-47.5488
2019-09-24 12:00,-62.93,-59.54,-44.64,-41.4528,-47.5488
2019-09-24 13:00,-62.73,-59.78,-44.78,-41.4528,-47.5488
2019-09-24 14:00,-62.68,-59.64,-44.79,-41.4528,-47.8536
2019-09-24 15:00,-62.88,-59.72,-45.13,-41.4528,-47.8536
2019-09-24 16:00,-62.99,-59.77,-45.05,-41.7576,-47.8536
2019-09-24 17:00,-63.04,-59.78,-44.92,-41.7576,-47.8536
2019-09-24 18:00,-63.19,-59.97,-44.97,-41.7576,-48.1584
2019-09-24 19:00,-63.26,-60.12,-44.91,-41.7576,-48.1584
2019-09-24 20:00,-63.63,-60.65,-45.08,-41.7576,-48.1584
2019-09-24 21:00,-63.63,-60.87,-45.03,-41.7576,-48.1584
2019-09-24 22:00,-63.54,-60.8,-44.99,-41.7576,-48.1584
2019-09-24 23:00,-63.72,-60.93,-45.2,-41.7576,-48.1584
2019-09-25 00:00,-63.83,-61.02,-45.35,-41.7576,-48.4632
2019-09-25 01:00,-63.6,-60.63,-45.27,-41.7576,-48.4632
2019-09-25 02:00,-63.55,-60.44,-45.3,-41.7576,-48.4632
2019-09-25 03:00,-63.7,-60.54,-45.37,-41.7576,-48.4632
2019-09-25 04:00,-63.91,-60.83,-45.49,-41.7576,-48.4632
2019-09-25 05:00,-64.05,-61.18,-45.51,-41.7576,-48.4632
2019-09-25 06:00,-64.19,-61.43,-45.62,-41.7576,-48.4632
2019-09-25 07:00,-64.42,-61.91,-45.68,-41.7576,-48.4632
2019-09-25 08:00,-64.65,-62.21,-45.94,-41.7576,-48.4632
2019-09-25 09:00,-64.64,-62.27,-45.91,-42.0624,-48.4632
2019-09-25 10:00,-64.52,-62.03,-46.06,-42.0624,-48.768
2019-09-25 11:00,-64.38,-61.74,-46.13,-42.0624,-48.768
2019-09-25 12:00,-64.32,-61.46,-46.22,-42.3672,-48.768
2019-09-25 13:00,-64.1,-61.14,-46.24,-42.3672,-48.768
2019-09-25 14:00,-63.96,-60.84,-46.28,-42.3672,-49.0728
2019-09-25 15:00,-64.24,-61.03,-46.62,-42.672,-49.0728
2019-09-25 16:00,-64.3,-61.01,-46.55,-42.672,-49.0728
2019-09-25 17:00,-64.34,-61.02,-46.56,-42.672,-49.3776
2019-09-25 18:00,-64.41,-61.1,-46.52,-42.672,-49.3776
2019-09-25 19:00,-64.47,-61.11,-46.54,-42.672,-49.3776
2019-09-25 20:00,-64.61,-61.3,-46.58,-42.672,-49.3776
2019-09-25 21:00,-64.74,-61.49,-46.64,-42.672,-49.3776
2019-09-25 22:00,-64.77,-61.52,-46.56,-42.672,-49.3776
2019-09-25 23:00,-64.71,-61.38,-46.74,-42.672,-49.3776
2019-09-26 00:00,-64.66,-61.3,-46.73,-42.672,-49.6824
2019-09-26 01:00,-64.8,-61.34,-46.86,-42.672,-49.6824
2019-09-26 02:00,-64.73,-61.24,-46.95,-42.672,-49.6824
2019-09-26 03:00,-64.64,-61.87,-46.85,-42.672,-49.6824
2019-09-26 04:00,-64.65,-61.69,-46.84,-42.672,-49.6824
2019-09-26 05:00,-64.93,-61.86,-46.98,-42.672,-49.6824
2019-09-26 06:00,-65.05,-61.92,-47.08,-42.672,-49.6824
2019-09-26 07:00,-65.37,-62.35,-47.27,-42.672,-49.6824
2019-09-26 08:00,-65.53,-62.48,-47.35,-42.9768,-49.6824
2019-09-26 09:00,-65.69,-62.74,-47.56,-42.9768,-49.6824
2019-09-26 10:00,-65.48,-62.3,-47.69,-42.9768,-49.9872
2019-09-26 11:00,-65.43,-62.16,-47.79,-42.9768,-49.9872
2019-09-26 12:00,-65.24,-61.87,-47.67,-43.2816,-49.9872
2019-09-26 13:00,-65.15,-61.88,-47.86,-43.2816,-49.9872
2019-09-26 14:00,-65.16,-62.28,-47.83,-43.2816,-50.292
2019-09-26 15:00,-65.29,-62.24,-48.11,-43.5864,-50.292
2019-09-26 16:00,-65.32,-62.17,-48.23,-43.5864,-50.292
2019-09-26 17:00,-65.5,-62.28,-47.93,-43.5864,-50.292
2019-09-26 18:00,-65.65,-62.48,-47.93,-43.5864,-50.5968
2019-09-26 19:00,-65.79,-62.73,-47.96,-43.5864,-50.5968
2019-09-26 20:00,-65.9,-63.03,-47.86,-43.5864,-50.5968
2019-09-26 21:00,-66.09,-63.37,-48.02,-43.5864,-50.5968
2019-09-26 22:00,-66.05,-63.4,-48.05,-43.5864,-50.5968
2019-09-26 23:00,-66.03,-63.41,-48.02,-43.5864,-50.5968
2019-09-27 00:00,-66.06,-63.41,-48.05,-43.5864,-50.9016
2019-09-27 01:00,-66.15,-63.65,-48.07,-43.5864,-50.9016
2019-09-27 02:00,-66.01,-63.34,-48.07,-43.5864,-50.9016
2019-09-27 03:00,-66.05,-63.35,-48.02,-43.5864,-50.9016
2019-09-27 04:00,-66.42,-63.89,-48.28,-43.5864,-50.9016
2019-09-27 05:00,-66.44,-64.03,-48.28,-43.5864,-50.9016
2019-09-27 06:00,-66.53,-64.21,-48.19,-43.5864,-50.9016
2019-09-27 07:00,-66.72,-64.44,-48.33,-43.5864,-50.9016
2019-09-27 08:00,-66.84,-64.67,-48.51,-43.5864,-50.9016
2019-09-27 09:00,-66.94,-64.78,-48.65,-43.8912,-51.2064
2019-09-27 10:00,-66.89,-64.69,-48.71,-43.8912,-51.2064
2019-09-27 11:00,-66.89,-64.78,-48.79,-43.8912,-51.2064
2019-09-27 12:00,-66.81,-64.66,-48.84,-43.8912,-51.2064
2019-09-27 13:00,-66.6,-64.22,-48.86,-43.8912,-51.2064
2019-09-27 14:00,-66.55,-64.05,-48.85,-44.196,-51.5112
2019-09-27 15:00,-66.4,-63.84,-48.9,-44.196,-51.5112
2019-09-27 16:00,-66.65,-64.1,-48.93,-44.196,-51.5112
2019-09-27 17:00,-66.61,-64.13,-48.76,-44.196,-51.5112
2019-09-27 18:00,-66.95,-64.6,-49.03,-44.196,-51.5112
2019-09-27 19:00,-66.9,-64.59,-48.99,-44.196,-51.816
2019-09-27 20:00,-66.88,-64.7,-48.96,-44.196,-51.816
2019-09-27 21:00,-66.95,-64.72,-48.99,-44.196,-51.816
2019-09-27 22:00,-67,-64.88,-49.02,-44.196,-51.816
2019-09-27 23:00,-67.01,-64.83,-49.18,-44.196,-51.816
2019-09-28 00:00,-67.01,-64.83,-49.18,-44.196,-51.816
2019-09-28 01:00,-66.89,-64.55,-49.25,-44.196,-51.816
2019-09-28 02:00,-66.87,-64.33,-49.33,-44.196,-51.816
2019-09-28 03:00,-67.01,-64.42,-49.36,-44.196,-51.816
2019-09-28 04:00,-67.12,-64.65,-49.18,-44.196,-51.816
2019-09-28 05:00,-67.49,-65.17,-49.56,-44.196,-52.1208
2019-09-28 06:00,-67.57,-65.48,-49.52,-44.196,-52.1208
2019-09-28 07:00,-67.72,-65.63,-49.78,-44.196,-52.1208
2019-09-28 08:00,-67.75,-65.71,-49.76,-44.5008,-52.1208
2019-09-28 09:00,-67.78,-65.7,-49.97,-44.5008,-52.1208
2019-09-28 10:00,-67.76,-65.51,-50.03,-44.5008,-52.1208
2019-09-28 11:00,-67.72,-65.4,-50.01,-44.5008,-52.1208
2019-09-28 12:00,-67.68,-65.22,-50.21,-44.8056,-52.4256
2019-09-28 13:00,-67.58,-64.96,-50.28,-44.8056,-52.4256
2019-09-28 14:00,-67.43,-64.78,-50.17,-44.8056,-52.4256
2019-09-28 15:00,-67.69,-64.92,-50.55,-45.1104,-52.7304
2019-09-28 16:00,-67.82,-65.05,-50.6,-45.1104,-52.7304
2019-09-28 17:00,-67.82,-65.05,-50.49,-45.1104,-52.7304
2019-09-28 18:00,-67.7,-64.95,-50.28,-45.1104,-52.7304
2019-09-28 19:00,-67.87,-65.09,-50.36,-45.1104,-53.0352
2019-09-28 20:00,-67.99,-65.2,-50.51,-45.1104,-53.0352
2019-09-28 21:00,-68.01,-65.17,-50.56,-45.1104,-53.0352
2019-09-28 22:00,-68.04,-65.31,-50.52,-45.1104,-53.0352
2019-09-28 23:00,-68.09,-65.33,-50.56,-45.1104,-53.0352
2019-09-29 00:00,-68.07,-65.23,-50.52,-45.1104,-53.0352
2019-09-29 01:00,-68.11,-65.3,-50.54,-45.1104,-53.0352
2019-09-29 02:00,-68.13,-65.24,-50.67,-45.1104,-53.0352
2019-09-29 03:00,-68.12,-65.18,-50.63,-45.1104,-53.0352
2019-09-29 04:00,-68.23,-65.26,-50.66,-45.1104,-53.34
2019-09-29 05:00,-68.35,-65.38,-50.68,-45.1104,-53.34
2019-09-29 06:00,-68.44,-65.6,-50.72,-45.1104,-53.34
2019-09-29 07:00,-68.71,-65.93,-51,-45.1104,-53.34
2019-09-29 08:00,-68.84,-66.21,-50.95,-45.4152,-53.34
2019-09-29 09:00,-68.88,-66.21,-51.17,-45.4152,-53.34
2019-09-29 10:00,-68.95,-66.18,-51.28,-45.4152,-53.34
2019-09-29 11:00,-69.03,-66.14,-51.39,-45.4152,-53.34
2019-09-29 12:00,-68.74,-65.81,-51.34,-45.72,-53.6448
2019-09-29 13:00,-68.54,-65.61,-51.26,-45.72,-53.6448
2019-09-29 14:00,-68.57,-65.61,-51.45,-45.72,-53.6448
2019-09-29 15:00,-68.59,-65.6,-51.43,-46.0248,-53.9496
2019-09-29 16:00,-68.58,-65.55,-51.42,-46.0248,-53.9496
2019-09-29 17:00,-68.88,-65.83,-51.5,-46.0248,-53.9496
2019-09-29 18:00,-69.04,-66.05,-51.49,-46.0248,-53.9496
2019-09-29 19:00,-69.27,-66.45,-51.65,-46.0248,-54.2544
2019-09-29 20:00,-69.27,-66.62,-51.57,-46.0248,-54.2544
2019-09-29 21:00,-69.43,-66.84,-51.65,-46.0248,-54.2544
2019-09-29 22:00,-69.26,-66.6,-51.65,-46.0248,-54.2544
2019-09-29 23:00,-69.17,-66.48,-51.65,-46.0248,-54.2544
2019-09-30 00:00,-69.28,-66.5,-51.73,-46.0248,-54.2544
2019-09-30 01:00,-69.44,-66.66,-51.92,-46.0248,-54.2544
2019-09-30 02:00,-69.23,-66.34,-51.83,-46.0248,-54.5592
2019-09-30 03:00,-69.18,-66.25,-51.85,-46.0248,-54.5592
2019-09-30 04:00,-69.24,-66.25,-51.85,-46.0248,-54.5592
2019-09-30 05:00,-69.52,-66.51,-51.95,-46.0248,-54.5592
2019-09-30 06:00,-69.52,-66.59,-51.91,-46.0248,-54.5592
2019-09-30 07:00,-69.79,-66.85,-52.09,-46.3296,-54.5592
2019-09-30 08:00,-70,-67.14,-52.22,-46.3296,-54.5592
2019-09-30 09:00,-70.04,-67.18,-52.34,-46.3296,-54.5592
2019-09-30 10:00,-69.78,-66.87,-52.28,-46.3296,-54.5592
2019-09-30 11:00,-70.06,-67.11,-52.58,-46.3296,-54.864
2019-09-30 12:00,-69.87,-66.84,-52.46,-46.6344,-54.864
2019-09-30 13:00,-69.81,-66.77,-52.65,-46.6344,-54.864
2019-09-30 14:00,-69.72,-66.63,-52.58,-46.6344,-54.864
2019-09-30 15:00,-69.69,-66.57,-52.63,-46.6344,-55.1688
2019-09-30 16:00,-69.71,-66.53,-52.7,-46.6344,-55.1688
2019-09-30 17:00,-69.79,-66.53,-52.55,-46.9392,-55.1688
2019-09-30 18:00,-69.79,-66.5,-52.62,-46.9392,-55.1688
2019-09-30 19:00,-70.01,-66.69,-52.74,-46.9392,-55.4736
2019-09-30 20:00,-70.12,-66.81,-52.7,-46.9392,-55.4736
2019-09-30 21:00,-70.21,-66.97,-52.81,-46.9392,-55.4736
2019-09-30 22:00,-70.1,-66.85,-52.82,-46.9392,-55.4736
2019-09-30 23:00,-70.2,-66.81,-52.92,-46.9392,-55.4736
2019-10-01 00:00,-70.16,-66.75,-52.91,-46.9392,-55.4736
2019-10-01 01:00,-70.09,-66.68,-52.94,-46.9392,-55.4736
2019-10-01 02:00,-70.04,-66.65,-52.98,-46.9392,-55.7784
2019-10-01 03:00,-70.07,-66.63,-53.09,-46.9392,-55.7784
2019-10-01 04:00,-70.26,-66.75,-53.08,-46.9392,-55.7784
2019-10-01 05:00,-70.42,-66.85,-53.05,-46.9392,-55.7784
2019-10-01 06:00,-70.69,-67.15,-53.3,-46.9392,-55.7784
2019-10-01 07:00,-70.92,-67.47,-53.34,-46.9392,-55.7784
2019-10-01 08:00,-71.11,-67.68,-53.51,-46.9392,-55.7784
2019-10-01 09:00,-71.14,-67.77,-53.5,-47.244,-55.7784
2019-10-01 10:00,-71.21,-67.76,-53.75,-47.244,-55.7784
2019-10-01 11:00,-71,-67.45,-53.78,-47.244,-56.0832
2019-10-01 12:00,-70.93,-67.31,-53.83,-47.244,-56.0832
2019-10-01 13:00,-70.74,-67.12,-53.86,-47.5488,-56.0832
2019-10-01 14:00,-70.48,-66.92,-53.79,-47.5488,-56.0832
2019-10-01 15:00,-70.56,-67.4,-53.82,-47.5488,-56.388
2019-10-01 16:00,-70.62,-67.32,-53.95,-47.5488,-56.388
2019-10-01 17:00,-70.69,-67.26,-53.89,-47.5488,-56.388
2019-10-01 18:00,-70.79,-67.33,-53.91,-47.5488,-56.388
2019-10-01 19:00,-70.97,-67.46,-53.96,-47.5488,-56.388
2019-10-01 20:00,-70.95,-67.36,-53.98,-47.5488,-56.6928
2019-10-01 21:00,-71.01,-67.34,-53.96,-47.5488,-56.6928
2019-10-01 22:00,-71.04,-67.36,-53.99,-47.5488,-56.6928
2019-10-01 23:00,-70.98,-67.33,-54.07,-47.5488,-56.6928
2019-10-02 00:00,-70.87,-67.28,-54.08,-47.5488,-56.6928
2019-10-02 01:00,-70.94,-67.89,-54.2,-47.5488,-56.6928
2019-10-02 02:00,-70.93,-67.66,-54.24,-47.5488,-56.6928
2019-10-02 03:00,-71,-67.68,-54.2,-47.5488,-56.6928
2019-10-02 04:00,-71.11,-67.69,-54.23,-47.8536,-56.6928
2019-10-02 05:00,-71.38,-67.88,-54.32,-47.8536,-56.9976
2019-10-02 06:00,-71.58,-68.16,-54.34,-47.8536,-56.9976
2019-10-02 07:00,-71.83,-68.47,-54.45,-47.8536,-56.9976
2019-10-02 08:00,-72.03,-68.66,-54.79,-47.8536,-56.9976
2019-10-02 09:00,-71.93,-68.42,-54.8,-47.8536,-56.9976
2019-10-02 10:00,-71.89,-68.34,-55.05,-47.8536,-56.9976
2019-10-02 11:00,-71.81,-68.2,-55.06,-48.1584,-56.9976
2019-10-02 12:00,-71.65,-68.71,-55.14,-48.1584,-57.3024
2019-10-02 13:00,-71.41,-68.26,-55.09,-48.1584,-57.3024
2019-10-02 14:00,-71.48,-68.24,-55.33,-48.1584,-57.3024
2019-10-02 15:00,-71.49,-68.75,-55.35,-48.1584,-57.3024
2019-10-02 16:00,-71.43,-68.54,-55.35,-48.4632,-57.6072
2019-10-02 17:00,-71.53,-68.5,-55.24,-48.4632,-57.6072
2019-10-02 18:00,-71.62,-68.43,-55.05,-48.4632,-57.6072
2019-10-02 19:00,-71.86,-68.73,-55.24,-48.4632,-57.6072
2019-10-02 20:00,-72.19,-69.09,-55.29,-48.4632,-57.6072
2019-10-02 21:00,-72.21,-69.11,-55.26,-48.4632,-57.912
2019-10-02 22:00,-72.35,-69.3,-55.38,-48.4632,-57.912
2019-10-02 23:00,-72.3,-69.14,-55.29,-48.4632,-57.912
2019-10-03 00:00,-72.29,-69.14,-55.31,-48.4632,-57.912
2019-10-03 01:00,-72.35,-69.16,-55.38,-48.4632,-57.912
2019-10-03 02:00,-72.22,-68.88,-55.4,-48.4632,-57.912
2019-10-03 03:00,-72.33,-68.95,-55.44,-48.4632,-57.912
2019-10-03 04:00,-72.43,-69.01,-55.51,-48.4632,-57.912
2019-10-03 05:00,-72.57,-69.24,-55.47,-48.4632,-57.912
2019-10-03 06:00,-72.76,-69.51,-55.5,-48.4632,-58.2168
2019-10-03 07:00,-73.09,-69.97,-55.69,-48.4632,-58.2168
2019-10-03 08:00,-73.21,-70.21,-55.85,-48.768,-58.2168
2019-10-03 09:00,-73.18,-70.1,-55.95,-48.768,-58.2168
2019-10-03 10:00,-73.17,-69.98,-56.1,-48.768,-58.2168
2019-10-03 11:00,-73.03,-69.62,-56.14,-48.768,-58.2168
2019-10-03 12:00,-72.97,-69.51,-56.27,-48.768,-58.5216
2019-10-03 13:00,-72.9,-69.43,-56.37,-48.768,-58.5216
2019-10-03 14:00,-72.88,-69.3,-56.23,-48.768,-58.5216
2019-10-03 15:00,-72.89,-70.04,,-48.768,-58.5216
2019-10-03 16:00,-73,-69.98,-56.35,-49.0728,-58.8264
2019-10-03 17:00,-73.81,-69.84,-56.24,-49.0728,-58.8264
2019-10-03 18:00,-73.71,-69.92,-56.19,-49.0728,-58.8264
2019-10-03 19:00,-73.75,-70.13,-56.19,-49.0728,-58.8264
2019-10-03 20:00,-73.9,-70.48,-56.31,-49.0728,-58.8264
2019-10-03 21:00,-73.97,-70.75,-56.41,-49.3776,-59.1312
2019-10-03 22:00,-73.92,-70.62,-56.43,-49.3776,-59.1312
2019-10-03 23:00,-74.01,-70.51,-56.53,-49.3776,-59.1312
2019-10-04 00:00,-74.04,-70.44,-56.49,-49.3776,-59.1312
2019-10-04 01:00,-74.27,-70.56,-56.73,-49.3776,-59.1312
2019-10-04 02:00,-74.24,-70.38,-56.78,-49.3776,-59.1312
2019-10-04 03:00,-74.3,-70.3,-56.73,-49.3776,-59.1312
2019-10-04 04:00,-74.36,-70.31,-56.8,-49.3776,-59.1312
2019-10-04 05:00,-74.33,-70.39,-56.76,-49.3776,-59.436
2019-10-04 06:00,-74.39,-70.58,-56.78,-49.3776,-59.436
2019-10-04 07:00,-74.46,-70.79,-56.83,-49.3776,-59.436
2019-10-04 08:00,-74.63,-71.16,-56.99,-49.3776,-59.436
2019-10-04 09:00,-74.55,-73.09,-56.88,-49.3776,-59.436
2019-10-04 10:00,-74.61,-73.1,-56.9,-49.3776,-59.436
2019-10-04 11:00,-74.52,-73.03,-56.93,-49.3776,-59.436
2019-10-04 12:00,-74.52,-72.98,-56.99,-49.3776,-59.7408
2019-10-04 13:00,-74.31,-72.84,-56.77,-49.6824,-59.7408
2019-10-04 14:00,-74.27,-72.78,-56.75,-49.6824,-59.7408
2019-10-04 15:00,-74.54,-73.07,-57.09,-49.6824,-59.7408
2019-10-04 16:00,-74.44,-72.95,-56.96,-49.6824,-59.7408
2019-10-04 17:00,-74.67,-73.17,-57.18,-49.6824,-60.0456
2019-10-04 18:00,-74.66,-73.14,-57.17,-49.6824,-60.0456
2019-10-04 19:00,-74.69,-73.15,-57.16,-49.6824,-60.0456
2019-10-04 20:00,-74.73,-73.22,-57.23,-49.6824,-60.0456
2019-10-04 21:00,-74.78,-73.21,-57.28,-49.9872,-60.0456
2019-10-04 22:00,-74.87,-73.37,-57.34,-49.9872,-60.0456
2019-10-04 23:00,-75.01,-73.46,-57.53,-49.9872,-60.3504
2019-10-05 00:00,-75.01,-73.47,-57.53,-49.9872,-60.3504
2019-10-05 01:00,-75.08,-73.61,-57.66,-49.9872,-60.3504
2019-10-05 02:00,-75.04,-73.48,-57.54,-49.9872,-60.3504
2019-10-05 03:00,-75.28,-73.69,-57.66,-49.9872,-60.3504
2019-10-05 04:00,-75.22,-73.64,-57.71,-49.9872,-60.3504
2019-10-05 05:00,-75.2,-73.62,-57.74,-49.9872,-60.3504
2019-10-05 06:00,-75.23,-73.62,-57.71,-49.9872,-60.3504
2019-10-05 07:00,-75.43,-73.84,-57.92,-49.9872,-60.6552
2019-10-05 08:00,-75.6,-73.93,-57.98,-49.9872,-60.6552
2019-10-05 09:00,-75.66,-73.98,-58.04,-49.9872,-60.6552
2019-10-05 10:00,-75.66,-74,-58.15,-49.9872,-60.6552
2019-10-05 11:00,-75.74,-74.08,-58.28,-49.9872,-60.6552
2019-10-05 12:00,-75.73,-74.05,-58.25,-50.292,-60.6552
2019-10-05 13:00,-75.67,-73.94,-58.28,-50.292,-60.96
2019-10-05 14:00,-75.63,-73.9,-58.24,-50.292,-60.96
2019-10-05 15:00,-75.73,-74.09,-58.36,-50.292,-60.96
2019-10-05 16:00,-75.76,-74.11,-58.3,-50.292,-60.96
2019-10-05 17:00,-75.72,-74.13,-58.38,-50.292,-60.96
2019-10-05 18:00,-75.75,-74.15,-58.39,-50.5968,-61.2648
2019-10-05 19:00,-75.79,-74.21,-58.43,-50.5968,-61.2648
2019-10-05 20:00,-75.81,-74.25,-58.5,-50.5968,-61.2648
2019-10-05 21:00,-75.96,-74.42,-58.68,-50.5968,-61.2648
2019-10-05 22:00,-76.04,-74.42,-58.73,-50.5968,-61.2648
2019-10-05 23:00,-76.11,-74.45,-58.78,-50.5968,-61.2648
2019-10-06 00:00,-76.08,-74.43,-58.77,-50.5968,-61.2648
2019-10-06 01:00,-76.08,-74.47,-58.74,-50.5968,-61.5696
2019-10-06 02:00,-76.13,-74.47,-58.79,-50.5968,-61.5696
2019-10-06 03:00,-76.27,-74.6,-58.84,-50.5968,-61.5696
2019-10-06 04:00,-76.34,-74.74,-59.03,-50.5968,-61.5696
2019-10-06 05:00,-76.36,-74.78,-58.95,-50.5968,-61.5696
2019-10-06 06:00,-76.51,-74.85,-59.08,-50.5968,-61.5696
2019-10-06 07:00,-76.56,-74.95,-59.16,-50.5968,-61.5696
2019-10-06 08:00,-76.76,-75.08,-59.31,-50.5968,-61.5696
2019-10-06 09:00,-76.78,-75.13,-59.36,-50.5968,-61.5696
2019-10-06 10:00,-76.86,-75.28,-59.6,-50.9016,-61.8744
2019-10-06 11:00,-76.72,-75.12,-59.43,-50.9016,-61.8744
2019-10-06 12:00,-76.94,-75.26,-59.76,-50.9016,-61.8744
2019-10-06 13:00,-76.84,-75.09,-59.54,-50.9016,-61.8744
2019-10-06 14:00,-76.76,-75.02,-59.62,-50.9016,-62.1792
2019-10-06 15:00,-76.86,-75.2,-59.69,-50.9016,-62.1792
2019-10-06 16:00,-76.81,-75.18,-59.6,-51.2064,-62.1792
2019-10-06 17:00,-76.78,-75.2,-59.62,-51.2064,-62.1792
2019-10-06 18:00,-76.91,-75.3,-59.69,-51.2064,-62.1792
2019-10-06 19:00,-76.83,-75.27,-59.76,-51.2064,-62.484
2019-10-06 20:00,-76.89,-75.38,-59.79,-51.2064,-62.484
2019-10-06 21:00,-76.9,-75.35,-59.76,-51.2064,-62.484
2019-10-06 22:00,-76.92,-75.29,-59.77,-51.2064,-62.484
2019-10-06 23:00,-77.12,-75.34,-59.94,-51.2064,-62.484
2019-10-07 00:00,-77.12,-75.27,-59.89,-51.2064,-62.484
2019-10-07 01:00,-77.1,-75.23,-59.82,-51.2064,-62.484
2019-10-07 02:00,-77.13,-75.21,-60.01,-51.5112,-62.484
2019-10-07 03:00,-77.18,-75.2,-59.95,-51.5112,-62.484
2019-10-07 04:00,-77.54,-75.63,-60.33,-51.5112,-62.7888
2019-10-07 05:00,-77.41,-75.53,-60.17,-51.5112,-62.7888
2019-10-07 06:00,-77.53,-75.73,-60.24,-51.5112,-62.7888
2019-10-07 07:00,-77.58,-75.74,-60.32,-51.5112,-62.7888
2019-10-07 08:00,-77.75,-75.93,-60.54,-51.5112,-62.7888
2019-10-07 09:00,-77.81,-75.89,-60.55,-51.5112,-62.7888
2019-10-07 10:00,-77.77,-75.81,-60.6,-51.5112,-62.7888
2019-10-07 11:00,-77.74,-75.59,-60.55,-51.5112,-63.0936
2019-10-07 12:00,-77.87,-75.52,-60.67,-51.5112,-63.0936
2019-10-07 13:00,-77.76,-75.21,-60.58,-51.5112,-63.0936
2019-10-07 14:00,-77.86,-75.38,-60.73,-51.816,-63.0936
2019-10-07 15:00,-77.96,-75.43,-60.86,-51.816,-63.0936
2019-10-07 16:00,-77.85,-75.44,-60.82,-51.816,-63.3984
2019-10-07 17:00,-77.85,-75.46,-60.78,-51.816,-63.3984
2019-10-07 18:00,-77.94,-75.56,-60.79,-51.816,-63.3984
2019-10-07 19:00,-77.99,-75.78,-60.95,-51.816,-63.3984
2019-10-07 20:00,-78.02,-75.86,-60.96,-51.816,-63.3984
2019-10-07 21:00,-78.13,-75.89,-61.02,-51.816,-63.3984
2019-10-07 22:00,-78.09,-75.67,-60.92,-51.816,-63.7032
2019-10-07 23:00,-78.07,-75.7,-61,-52.1208,-63.7032
2019-10-08 00:00,-77.84,-75.36,-60.78,-52.1208,-63.7032
2019-10-08 01:00,-78.02,-75.46,-60.79,-52.1208,-63.7032
2019-10-08 02:00,-78.03,-75.09,-60.79,-51.816,-63.7032
2019-10-08 03:00,-78.19,-75.5,-61,-51.816,-63.7032
2019-10-08 04:00,-77.87,-75.12,-60.7,-51.816,-63.7032
2019-10-08 05:00,-77.87,-75.03,-60.69,-51.816,-63.7032
2019-10-08 06:00,-78.36,-75.99,-61.08,-51.816,-63.7032
2019-10-08 07:00,-78.27,-76.04,-61.02,-51.5112,-63.7032
2019-10-08 08:00,-78.51,-76.07,-61.18,-51.5112,-64.008
2019-10-08 09:00,-78.4,-76.08,-61.12,-51.5112,-64.008
2019-10-08 10:00,-78.66,-76.19,-61.37,-51.5112,-64.008
2019-10-08 11:00,-78.73,-76.2,-61.43,-51.5112,-64.008
2019-10-08 12:00,-78.7,-76.11,-61.41,-51.5112,-64.008
2019-10-08 13:00,-78.48,-75.61,-61.15,-51.5112,-64.008
2019-10-08 14:00,-78.64,-75.89,-61.2,-51.5112,-64.008
2019-10-08 15:00,-78.6,-75.93,-61.26,-51.5112,-64.008
2019-10-08 16:00,-78.6,-76.04,-61.22,-51.5112,-64.008
2019-10-08 17:00,-78.62,-76.13,-61.29,-51.5112,-64.008
2019-10-08 18:00,-78.59,-76.31,-61.26,-51.5112,-64.008
2019-10-08 19:00,-78.65,-76.46,-61.28,-51.5112,-64.008
2019-10-08 20:00,-78.56,-76.47,-61.17,-51.2064,-64.008
2019-10-08 21:00,-78.69,-76.59,-61.36,-50.9016,-64.008
2019-10-08 22:00,-78.74,-76.73,-61.39,-50.9016,-64.008
2019-10-08 23:00,-78.65,-76.55,-61.35,-50.5968,-64.008
2019-10-09 00:00,-78.66,-76.52,-61.3,-50.5968,-64.3128
2019-10-09 01:00,-78.62,-76.39,-61.27,-50.5968,-64.3128
2019-10-09 02:00,-78.72,-76.37,-61.29,-50.5968,-64.3128
2019-10-09 03:00,-78.86,-76.54,-61.41,-50.5968,-64.3128
2019-10-09 04:00,-78.91,-76.63,-61.47,-50.5968,-64.3128
2019-10-09 05:00,-78.97,-76.85,-61.54,-50.292,-64.3128
2019-10-09 06:00,-78.94,-76.87,-61.58,-50.292,-64.3128
2019-10-09 07:00,-79.05,-77.12,-61.63,-50.292,-64.3128
2019-10-09 08:00,-79.09,-77.12,-61.6,-50.292,-64.3128
2019-10-09 09:00,-79.08,-77.17,-61.64,-50.292,-64.3128
2019-10-09 10:00,-79.14,-77.25,-61.75,-50.292,-64.3128
2019-10-09 11:00,-79.29,-77.38,-61.9,-50.292,-64.3128
2019-10-09 12:00,-79.19,-77.18,-61.81,-50.292,-64.3128
2019-10-09 13:00,-79.11,-77.01,-61.67,-50.292,-64.3128
2019-10-09 14:00,-79.04,-76.93,-61.69,-50.292,-64.6176
2019-10-09 15:00,-79.1,-76.88,-61.72,-50.292,-64.6176
2019-10-09 16:00,-79.27,-77.1,-61.88,-50.292,-64.6176
2019-10-09 17:00,-79.28,-77.12,-61.88,-50.5968,-64.6176
2019-10-09 18:00,-79.14,-77.03,-61.81,-50.5968,-64.6176
2019-10-09 19:00,-79.14,-77.12,-61.79,-50.5968,-64.6176
2019-10-09 20:00,-79.16,-77.22,-61.78,-50.5968,-64.6176
2019-10-09 21:00,-79.27,-77.32,-61.97,-50.5968,-64.6176
2019-10-09 22:00,-79.28,-77.36,-61.92,-50.5968,-64.6176
2019-10-09 23:00,-79.31,-77.31,-61.97,-50.5968,-64.6176
2019-10-10 00:00,-79.26,-77.19,-61.87,-50.5968,-64.6176
2019-10-10 01:00,-79.31,-77.22,-61.95,-50.5968,-64.9224
2019-10-10 02:00,-79.28,-77.13,-61.91,-50.5968,-64.9224
2019-10-10 03:00,-79.34,-77.2,-62.01,-50.5968,-64.9224
2019-10-10 04:00,-79.57,-77.4,-62.15,-50.5968,-64.9224
2019-10-10 05:00,-79.53,-77.33,-62.14,-50.5968,-64.9224
2019-10-10 06:00,-79.69,-77.57,-62.28,-50.5968,-64.9224
2019-10-10 07:00,-79.61,-77.65,-62.3,-50.5968,-64.9224
2019-10-10 08:00,-79.68,-77.72,-62.3,-50.5968,-64.9224
2019-10-10 09:00,-79.65,-77.74,-62.34,-50.9016,-64.9224
2019-10-10 10:00,-79.77,-77.79,-62.34,-50.9016,-64.9224
2019-10-10 11:00,-79.75,-77.63,-62.29,-50.9016,-64.9224
2019-10-10 12:00,-79.73,-77.38,-62.28,-50.9016,-64.9224
2019-10-10 13:00,-79.88,-77.37,-62.46,-50.9016,-65.2272
2019-10-10 14:00,-79.8,-77.28,-62.37,-50.9016,-65.2272
2019-10-10 15:00,-79.83,-77.19,-62.47,-50.9016,-65.2272
2019-10-10 16:00,-79.93,-77.3,-62.56,-50.9016,-65.2272
2019-10-10 17:00,-79.85,-77.42,-62.54,-50.9016,-65.2272
2019-10-10 18:00,-79.73,-77.22,-62.39,-50.9016,-65.2272
2019-10-10 19:00,-79.89,-77.46,-62.52,-50.9016,-65.2272
2019-10-10 20:00,-79.93,-77.48,-62.57,-51.2064,-65.2272
2019-10-10 21:00,-80.01,-77.5,-62.58,-51.2064,-65.2272
2019-10-10 22:00,-80.06,-77.59,-62.69,-51.2064,-65.532
2019-10-10 23:00,-79.95,-77.44,-62.68,-51.2064,-65.532
2019-10-11 00:00,-80.16,-77.48,-62.84,-51.2064,-65.532
2019-10-11 01:00,-80.02,-77.35,-62.71,-51.2064,-65.532
2019-10-11 02:00,-80.1,-77.36,-62.74,-51.2064,-65.532
2019-10-11 03:00,-80.16,-77.45,-62.79,-51.2064,-65.532
2019-10-11 04:00,-80.19,-77.52,-62.88,-51.2064,-65.532
2019-10-11 05:00,-80.18,-77.56,-62.81,-51.2064,-65.532
2019-10-11 06:00,-80.21,-77.59,-62.9,-51.2064,-65.532
2019-10-11 07:00,-80.5,-78.05,-63.16,-51.2064,-65.532
2019-10-11 08:00,-80.48,-78.15,-63.1,-51.2064,-65.532
2019-10-11 09:00,-80.29,-77.84,-62.99,-51.2064,-65.532
2019-10-11 10:00,-80.46,-78.09,-63.15,-51.5112,-65.8368
2019-10-11 11:00,-80.53,-77.9,-63.32,-51.5112,-65.8368
2019-10-11 12:00,-80.43,-77.65,-63.16,-51.5112,-65.8368
2019-10-11 13:00,-80.37,-77.26,-63.14,-51.5112,-65.8368
2019-10-11 14:00,-80.4,-77.34,-63.29,-51.5112,-65.8368
2019-10-11 15:00,-80.54,-77.39,-63.35,-51.816,-65.8368
2019-10-11 16:00,-80.44,-77.4,-63.31,-51.816,-65.8368
2019-10-11 17:00,-80.39,-77.5,-63.33,-51.816,-66.1416
2019-10-11 18:00,-80.4,-77.7,-63.27,-51.816,-66.1416
2019-10-11 19:00,-80.42,-77.83,-63.3,-51.816,-66.1416
2019-10-11 20:00,-80.46,-78.02,-63.33,-51.816,-66.1416
2019-10-11 21:00,-80.48,-78.07,-63.42,-52.1208,-66.1416
2019-10-11 22:00,-80.64,-78.2,-63.57,-52.1208,-66.1416
2019-10-11 23:00,-80.66,-78.08,-63.67,-52.1208,-66.1416
2019-10-12 00:00,-80.73,-78.11,-63.72,-52.1208,-66.1416
2019-10-12 01:00,-80.83,-78.14,-63.72,-52.1208,-66.1416
2019-10-12 02:00,-80.75,-77.92,-63.71,-52.1208,-66.4464
2019-10-12 03:00,-80.82,-77.87,-63.65,-52.1208,-66.4464
2019-10-12 04:00,-80.92,-77.84,-63.78,-52.1208,-66.4464
2019-10-12 05:00,-80.94,-78.13,-63.91,-52.1208,-66.4464
2019-10-12 06:00,-80.87,-78.21,-63.79,-52.1208,-66.4464
2019-10-12 07:00,-81.2,-78.7,-64.06,-52.1208,-66.4464
2019-10-12 08:00,-81.21,-78.84,-64.09,-52.1208,-66.4464
2019-10-12 09:00,-81.17,-78.77,-64.04,-52.1208,-66.4464
2019-10-12 10:00,-81.11,-78.54,-63.99,-52.1208,-66.4464
2019-10-12 11:00,-81.04,-78.31,-63.99,-52.1208,-66.4464
2019-10-12 12:00,-81.3,-78.26,-64.21,-52.4256,-66.7512
2019-10-12 13:00,-81.29,-78.09,-64.28,-52.4256,-66.7512
2019-10-12 14:00,-81.29,-78.12,-64.32,-52.4256,-66.7512
2019-10-12 15:00,-81.3,-78.14,-64.26,-52.4256,-66.7512
2019-10-12 16:00,-81.32,-78.29,-64.34,-52.4256,-66.7512
2019-10-12 17:00,-81.17,-78.27,-64.27,-52.4256,-67.056
2019-10-12 18:00,-81.13,-78.36,-64.12,-52.4256,-67.056
2019-10-12 19:00,-81.14,-78.6,-64.13,-52.7304,-67.056
2019-10-12 20:00,-81.25,-78.8,-64.25,-52.7304,-67.056
2019-10-12 21:00,-81.24,-78.94,-64.27,-52.7304,-67.056
2019-10-12 22:00,-81.35,-78.87,-64.43,-52.7304,-67.056
2019-10-12 23:00,-81.39,-78.92,-64.41,-52.7304,-67.056
2019-10-13 00:00,-81.48,-78.98,-64.53,-52.7304,-67.056
2019-10-13 01:00,-81.49,-78.96,-64.51,-52.7304,-67.056
2019-10-13 02:00,-81.53,-78.83,-64.62,-52.7304,-67.3608
2019-10-13 03:00,-81.45,-78.9,-64.46,-52.7304,-67.3608
2019-10-13 04:00,-81.51,-79.18,-64.47,-52.7304,-67.3608
2019-10-13 05:00,-81.43,-79.25,-64.44,-52.7304,-67.3608
2019-10-13 06:00,-81.67,-79.67,-64.59,-52.7304,-67.3608
2019-10-13 07:00,-81.79,-79.77,-64.77,-52.7304,-67.3608
2019-10-13 08:00,-81.89,-79.93,-64.91,-53.0352,-67.3608
2019-10-13 09:00,-81.93,-79.96,-64.94,-53.0352,-67.3608
2019-10-13 10:00,-82.12,-79.98,-65.11,-53.0352,-67.3608
2019-10-13 11:00,-82.09,-79.71,-65.19,-53.0352,-67.6656
2019-10-13 12:00,-82.01,-79.46,-65.09,-53.0352,-67.6656
2019-10-13 13:00,-82.09,-79.28,-65.15,-53.0352,-67.6656
2019-10-13 14:00,-82.13,-79.19,-65.24,-53.0352,-67.6656
2019-10-13 15:00,-81.93,-79.08,-65.09,-53.0352,-67.6656
2019-10-13 16:00,-81.86,-78.91,-65.06,-53.34,-67.6656
2019-10-13 17:00,-81.96,-78.92,-65.06,-53.34,-67.9704
2019-10-13 18:00,-81.91,-79.04,-64.99,-53.34,-67.9704
2019-10-13 19:00,-82.01,-79.47,-65.04,-53.34,-67.9704
2019-10-13 20:00,-81.87,-79.43,-64.97,-53.34,-67.9704
2019-10-13 21:00,-82.07,-79.79,-65.02,-53.34,-67.9704
2019-10-13 22:00,-82.04,-79.85,-65.17,-53.34,-67.9704
2019-10-13 23:00,-81.71,-79.29,-65.09,-53.34,-67.9704
2019-10-14 00:00,-80.77,-79.07,-64.74,-53.0352,-66.7512
2019-10-14 01:00,-80.86,-79.05,-64.58,-51.816,-62.484
2019-10-14 02:00,-80.56,-78.55,-64.61,-50.5968,-61.8744
2019-10-14 03:00,-80.77,-78.61,-64.34,-50.292,-61.8744
2019-10-14 04:00,-80.85,-78.95,-64.22,-49.9872,-61.8744
2019-10-14 05:00,-80.88,-79.02,-64.19,-49.6824,-61.8744
2019-10-14 06:00,-80.76,-79.08,-64.16,-49.3776,-61.8744
2019-10-14 07:00,-80.69,-78.92,-64.01,-49.3776,-61.8744
2019-10-14 08:00,-80.85,-79.1,-63.95,-49.0728,-61.8744
2019-10-14 09:00,-81.07,-79.25,-64.23,-49.0728,-61.8744
2019-10-14 10:00,-80.92,-79.07,-64.15,-49.0728,-61.8744
2019-10-14 11:00,-80.91,-78.69,-64.07,-49.0728,-61.8744
2019-10-14 12:00,-80.96,-78.53,-64.09,-49.0728,-61.8744
2019-10-14 13:00,-80.94,-78.35,-64.19,-49.0728,-61.8744
2019-10-14 14:00,-80.93,-78.24,-64.17,-49.0728,-61.8744
2019-10-14 15:00,-81.2,-78.46,-64.33,-49.0728,-61.8744
2019-10-14 16:00,-80.98,-78.34,-64.14,-49.0728,-62.1792
2019-10-14 17:00,-80.89,-78.4,-64.1,-49.3776,-62.1792
2019-10-14 18:00,-80.78,-78.39,-63.96,-49.3776,-62.1792
2019-10-14 19:00,-80.84,-78.66,-64,-49.3776,-62.1792
2019-10-14 20:00,-80.95,-78.86,-64.05,-49.3776,-62.1792
2019-10-14 21:00,-81.04,-79.1,-64.13,-49.3776,-62.1792
2019-10-14 22:00,-81.01,-79.09,-64.08,-49.3776,-62.1792
2019-10-14 23:00,-81.15,-79.1,-64.19,-49.3776,-62.1792
2019-10-15 00:00,-81.21,-79.24,-64.21,-49.3776,-62.1792
2019-10-15 01:00,-81.37,-79.39,-64.34,-49.3776,-62.484
2019-10-15 02:00,-81.19,-79.06,-64.18,-49.3776,-62.484
2019-10-15 03:00,-81.43,-79.16,-64.23,-49.6824,-62.484
2019-10-15 04:00,-81.38,-79.15,-64.31,-49.6824,-62.484
2019-10-15 05:00,-81.43,-79.32,-64.29,-49.6824,-62.484
2019-10-15 06:00,-81.48,-79.4,-64.34,-49.6824,-62.484
2019-10-15 07:00,-81.69,-79.7,-64.56,-49.6824,-62.484
2019-10-15 08:00,-81.64,-79.66,-64.43,-49.6824,-62.484
2019-10-15 09:00,-81.66,-79.63,-64.37,-49.6824,-62.484
2019-10-15 10:00,-81.65,-79.38,-64.37,-49.6824,-62.7888
2019-10-15 11:00,-81.66,-79.24,-64.46,-49.6824,-62.7888
2019-10-15 12:00,-81.65,-79.11,-64.45,-49.9872,-62.7888
2019-10-15 13:00,-81.56,-78.83,-64.44,-49.9872,-62.7888
2019-10-15 14:00,-81.61,-78.68,-64.53,-49.9872,-62.7888
2019-10-15 15:00,-81.6,-78.45,-64.5,-49.9872,-62.7888
2019-10-15 16:00,-81.7,-78.74,-64.55,-50.292,-63.0936
2019-10-15 17:00,-81.57,-78.65,-64.5,-50.292,-63.0936
2019-10-15 18:00,-81.58,-78.73,-64.51,-50.292,-63.0936
2019-10-15 19:00,-81.66,-78.69,-64.54,-50.292,-63.0936
2019-10-15 20:00,-81.73,-78.63,-64.6,-50.292,-63.0936
2019-10-15 21:00,-81.8,-78.66,-64.62,-50.292,-63.0936
2019-10-15 22:00,-81.96,-78.56,-64.75,-50.292,-63.0936
2019-10-15 23:00,-81.91,-78.55,-64.78,-50.292,-63.3984
2019-10-16 00:00,-82,-78.55,-64.78,-50.5968,-63.3984
2019-10-16 01:00,-82.1,-78.57,-64.83,-50.5968,-63.3984
2019-10-16 02:00,-82.2,-78.56,-64.88,-50.5968,-63.3984
2019-10-16 03:00,-82.19,-78.45,-64.93,-50.5968,-63.3984
2019-10-16 04:00,-82.18,-78.31,-64.85,-50.5968,-63.3984
2019-10-16 05:00,-82.3,-78.47,-64.97,-50.5968,-63.3984
2019-10-16 06:00,-82.22,-78.41,-64.85,-50.5968,-63.3984
2019-10-16 07:00,-82.41,-78.55,-65.02,-50.5968,-63.3984
2019-10-16 08:00,-82.12,-78.28,-64.72,-50.5968,-63.3984
2019-10-16 09:00,-82.34,-78.26,-64.71,-50.5968,-63.3984
2019-10-16 10:00,-82.48,-78.26,-64.74,-49.6824,-63.3984
2019-10-16 11:00,-82.49,-78.19,-64.68,-49.3776,-63.3984
2019-10-16 12:00,-82.35,-77.89,-64.47,-48.768,-63.3984
2019-10-16 13:00,-82.52,-78.13,-64.5,-48.768,-63.0936
2019-10-16 14:00,-82.33,-78.08,-64.21,-48.4632,-63.3984
2019-10-16 15:00,-82.36,-77.9,-64.16,-48.1584,-62.7888
2019-10-16 16:00,-82.09,-77.81,-63.54,-47.5488,-62.7888
2019-10-16 17:00,-81.62,-77.74,-63.11,-47.244,-62.484
2019-10-16 18:00,-81.61,-77.99,-62.89,-46.9392,-62.484
2019-10-16 19:00,-81.62,-78.33,-62.79,-46.6344,-62.484
2019-10-16 20:00,-81.47,-78.3,-62.77,-46.3296,-62.484
2019-10-16 21:00,-81.34,-78.28,-62.57,-46.3296,-62.484
2019-10-16 22:00,-81.15,-78.28,-62.38,-46.3296,-62.484
2019-10-16 23:00,-81.11,-78.32,-62.5,-46.3296,-62.484
2019-10-17 00:00,-81.28,-78.61,-62.66,-46.3296,-62.1792
2019-10-17 01:00,-81.1,-78.37,-62.38,-46.3296,-62.484
2019-10-17 02:00,-80.9,-78.2,-62.3,-46.3296,-62.484
2019-10-17 03:00,-81.09,-78.33,-62.27,-46.3296,-62.484
2019-10-17 04:00,-80.89,-78.24,-62.25,-46.3296,-62.1792
2019-10-17 05:00,-81.01,-78.53,-62.24,-46.3296,-62.1792
2019-10-17 06:00,-80.93,-78.31,-62.31,-46.3296,-62.1792
2019-10-17 07:00,-81.04,-78.49,-62.4,-46.3296,-62.484
2019-10-17 08:00,-81.02,-78.71,-62.48,-46.3296,-62.484
2019-10-17 09:00,-81.15,-78.8,-62.52,-46.3296,-62.484
2019-10-17 10:00,-80.59,-78.28,-62.07,-46.6344,-62.484
2019-10-17 11:00,-80.63,-78.28,-62.15,-46.6344,-62.484
2019-10-17 12:00,-80.58,-77.95,-62.13,-46.6344,-62.484
2019-10-17 13:00,-80.52,-77.68,-62,-46.6344,-62.484
2019-10-17 14:00,-80.44,-77.5,-62,-46.6344,-62.484
2019-10-17 15:00,-80.56,-77.64,-62.11,-46.9392,-62.7888
2019-10-17 16:00,-80.42,-77.48,-62,-46.9392,-62.7888
2019-10-17 17:00,-80.51,-77.81,-62.01,-46.9392,-62.7888
2019-10-17 18:00,-80.39,-78,-61.92,-47.244,-62.7888
2019-10-17 19:00,-80.43,-78.41,-62.01,-47.244,-62.7888
2019-10-17 20:00,-80.51,-78.57,-61.93,-47.244,-62.7888
2019-10-17 21:00,-80.49,-78.6,-61.93,-47.244,-63.0936
2019-10-17 22:00,-80.67,-78.79,-62.1,-47.244,-63.0936
2019-10-17 23:00,-80.64,-78.74,-61.98,-47.244,-63.0936
2019-10-18 00:00,-80.68,-78.78,-61.96,-47.244,-63.0936
2019-10-18 01:00,-80.63,-78.74,-61.93,-47.5488,-63.0936
2019-10-18 02:00,-80.63,-78.83,-61.92,-47.5488,-63.0936
2019-10-18 03:00,-80.63,-78.87,-61.93,-47.5488,-63.0936
2019-10-18 04:00,-80.6,-78.94,-61.85,-47.5488,-63.0936
2019-10-18 05:00,-80.95,-79.33,-62.13,-47.5488,-63.0936
2019-10-18 06:00,-80.82,-79.19,-61.97,-47.5488,-63.0936
2019-10-18 07:00,-80.97,-79.37,-62.16,-47.5488,-63.3984
2019-10-18 08:00,-81.21,-79.58,-62.31,-47.5488,-63.3984
2019-10-18 09:00,-80.91,-79.24,-62.07,-47.5488,-63.3984
2019-10-18 10:00,-80.88,-79.2,-62.08,-47.8536,-63.3984
2019-10-18 11:00,-80.76,-79.11,-62.01,-47.8536,-63.3984
2019-10-18 12:00,-80.67,-78.71,-61.77,-47.8536,-63.3984
2019-10-18 13:00,-80.73,-78.7,-61.94,-47.8536,-63.3984
2019-10-18 14:00,-80.81,-78.77,-61.87,-47.8536,-63.3984
2019-10-18 15:00,-80.69,-78.67,-61.94,-47.8536,-63.3984
2019-10-18 16:00,-80.8,-78.91,-62.01,-48.1584,-63.7032
2019-10-18 17:00,-80.58,-78.74,-61.76,-48.1584,-63.7032
2019-10-18 18:00,-80.96,-79.26,-62.25,-48.1584,-63.7032
2019-10-18 19:00,-80.95,-79.19,-62.25,-48.1584,-63.7032
2019-10-18 20:00,-81.21,-79.5,-62.33,-48.1584,-63.7032
2019-10-18 21:00,-81.04,-79.39,-62.31,-48.4632,-63.7032
2019-10-18 22:00,-81.2,-79.52,-62.4,-48.4632,-63.7032
2019-10-18 23:00,-81.27,-79.56,-62.51,-48.4632,-63.7032
2019-10-19 00:00,-81.06,-79.25,-62.32,-48.4632,-63.7032
2019-10-19 01:00,-81.25,-79.44,-62.4,-48.4632,-64.008
2019-10-19 02:00,-81.15,-79.35,-62.31,-48.4632,-64.008
2019-10-19 03:00,-81.42,-79.61,-62.47,-48.4632,-64.008
2019-10-19 04:00,-81.2,-79.33,-62.35,-48.4632,-64.008
2019-10-19 05:00,-81.33,-79.41,-62.47,-48.4632,-64.008
2019-10-19 06:00,-81.3,-79.52,-62.43,-48.768,-64.008
2019-10-19 07:00,-81.71,-79.8,-62.74,-48.768,-64.008
2019-10-19 08:00,-81.62,-79.85,-62.6,-48.768,-64.008
2019-10-19 09:00,-81.66,-79.85,-62.65,-48.768,-64.008
2019-10-19 10:00,-81.48,-79.64,-62.51,-48.768,-64.008
2019-10-19 11:00,-81.39,-79.56,-62.5,-48.768,-64.3128
2019-10-19 12:00,-81.41,-79.28,-62.53,-48.768,-64.3128
2019-10-19 13:00,-81.39,-79.01,-62.51,-48.768,-64.3128
2019-10-19 14:00,-81.39,-78.83,-62.46,-49.0728,-64.3128
2019-10-19 15:00,-81.42,-78.75,-62.54,-49.0728,-64.3128
2019-10-19 16:00,-81.34,-78.61,-62.47,-49.0728,-64.3128
2019-10-19 17:00,-81.34,-78.56,-62.41,-49.0728,-64.3128
2019-10-19 18:00,-81.34,-78.58,-62.44,-49.0728,-64.6176
2019-10-19 19:00,-81.47,-78.62,-62.55,-49.0728,-64.6176
2019-10-19 20:00,-81.58,-78.76,-62.65,-49.0728,-64.6176
2019-10-19 21:00,-81.52,-78.48,-62.62,-49.0728,-64.6176
2019-10-19 22:00,-81.41,-78.28,-62.54,-49.3776,-64.6176
2019-10-19 23:00,-81.55,-78.31,-62.64,-49.3776,-64.6176
2019-10-20 00:00,-81.64,-78.21,-62.7,-49.3776,-64.6176
2019-10-20 01:00,-81.77,-78.29,-62.74,-49.3776,-64.6176
2019-10-20 02:00,-81.73,-78.15,-62.78,-49.3776,-64.6176
2019-10-20 03:00,-81.73,-78.08,-62.76,-49.3776,-64.6176
2019-10-20 04:00,-81.75,-78.2,-62.79,-49.3776,-64.6176
2019-10-20 05:00,-81.94,-78.29,-62.97,-49.3776,-64.6176
2019-10-20 06:00,-81.73,-78.02,-62.56,-49.0728,-64.6176
2019-10-20 07:00,-81.61,-77.87,-61.2,-48.768,-64.3128
2019-10-20 08:00,-79.27,-77.5,-58.75,-46.3296,-61.5696
2019-10-20 09:00,-76.86,-76.75,-55.53,-43.5864,-59.436
2019-10-20 10:00,-74.75,-75.83,-53.82,-41.7576,-57.912
2019-10-20 11:00,-73.28,-74.89,-53.07,-40.8432,-57.3024
2019-10-20 12:00,-71.97,-73.47,-52.18,-40.2336,-56.9976
2019-10-20 13:00,-71.2,-72.7,-51.68,-40.2336,-56.6928
2019-10-20 14:00,-70.59,-72.1,-51.32,-40.2336,-56.6928
2019-10-20 15:00,-70.29,-71.72,-50.97,-40.2336,-56.388
2019-10-20 16:00,-69.92,-71.32,-50.65,-40.2336,-56.388
2019-10-20 17:00,-69.61,-70.86,-50.35,-40.2336,-56.0832
2019-10-20 18:00,-69.48,-70.73,-50.36,-40.2336,-56.0832
2019-10-20 19:00,-69.47,-70.47,-50.17,-40.5384,-56.0832
2019-10-20 20:00,-69.28,-70.3,-49.93,-40.5384,-56.0832
2019-10-20 21:00,-69.44,-70.4,-50.04,-40.5384,-56.0832
2019-10-20 22:00,-69.42,-70.22,-49.98,-40.5384,-56.0832
2019-10-20 23:00,-69.41,-70.05,-49.86,-40.8432,-55.7784
2019-10-21 00:00,-69.52,-69.97,-49.86,-40.8432,-55.7784
2019-10-21 01:00,-69.4,-69.68,-49.77,-40.8432,-55.7784
2019-10-21 02:00,-69.48,-69.68,-49.77,-40.8432,-55.7784
2019-10-21 03:00,-69.53,-69.59,-49.75,-40.8432,-55.7784
2019-10-21 04:00,-69.57,-69.48,-49.7,-41.148,-55.7784
2019-10-21 05:00,-69.71,-69.44,-49.69,-41.148,-55.7784
2019-10-21 06:00,-69.71,-69.34,-49.7,-41.148,-55.7784
2019-10-21 07:00,-69.62,-69.16,-49.55,-41.148,-55.7784
2019-10-21 08:00,-69.87,-69.34,-49.82,-41.148,-55.7784
2019-10-21 09:00,-69.83,-69.18,-49.68,-41.148,-55.7784
2019-10-21 10:00,-70.03,-69.27,-49.8,-41.4528,-55.7784
2019-10-21 11:00,-70,-69.21,-49.72,-41.4528,-55.7784
2019-10-21 12:00,-70.01,-69.11,-49.8,-41.4528,-55.7784
2019-10-21 13:00,-69.97,-68.9,-49.8,-41.4528,-55.7784
2019-10-21 14:00,-70.01,-68.87,-49.78,-41.4528,-55.7784
2019-10-21 15:00,-70.05,-68.96,-49.78,-41.4528,-56.0832
2019-10-21 16:00,-70.1,-68.8,-49.72,-41.7576,-56.0832
2019-10-21 17:00,-70.11,-68.87,-49.79,-41.7576,-56.0832
2019-10-21 18:00,-70.04,-68.89,-49.71,-41.7576,-56.0832
2019-10-21 19:00,-70.01,-68.89,-49.67,-41.7576,-56.0832
2019-10-21 20:00,-70.15,-68.91,-49.75,-41.7576,-56.0832
2019-10-21 21:00,-70.21,-68.88,-49.59,-41.7576,-56.0832
2019-10-21 22:00,-70.15,-68.81,-49.74,-42.0624,-56.0832
2019-10-21 23:00,-70.26,-68.79,-49.79,-42.0624,-56.0832
2019-10-22 00:00,-70.11,-68.66,-49.74,-42.0624,-56.0832
2019-10-22 01:00,-70.13,-68.46,-49.75,-42.0624,-56.0832
2019-10-22 02:00,-70.05,-68.34,-49.78,-42.0624,-56.0832
2019-10-22 03:00,-70.27,-68.34,-49.7,-42.0624,-56.0832
2019-10-22 04:00,-70.11,-68.18,-49.73,-42.0624,-56.0832
2019-10-22 05:00,-70.03,-67.98,-49.66,-42.0624,-56.0832
2019-10-22 06:00,-70.18,-67.84,-49.72,-42.0624,-56.0832
2019-10-22 07:00,-70.25,-67.91,-49.74,-42.0624,-56.0832
2019-10-22 08:00,-70.43,-68.2,-50,-42.3672,-56.0832
2019-10-22 09:00,-70.65,-68.33,-50.16,-42.3672,-56.0832
2019-10-22 10:00,-70.52,-68.17,-50.21,-42.3672,-56.388
2019-10-22 11:00,-70.64,-68.03,-50.27,-42.3672,-56.388
2019-10-22 12:00,-70.62,-67.68,-50.3,-42.3672,-56.388
2019-10-22 13:00,-70.62,-67.57,-50.27,-42.3672,-56.388
2019-10-22 14:00,-70.58,-67.44,-50.24,-42.3672,-56.388
2019-10-22 15:00,-70.47,-67.31,-50.12,-42.672,-56.388
2019-10-22 16:00,-70.6,-67.37,-50.2,-42.672,-56.388
2019-10-22 17:00,-70.41,-67.21,-50.09,-42.672,-56.388
2019-10-22 18:00,-70.41,-67.16,-50.13,-42.672,-56.388
2019-10-22 19:00,-70.48,-67.28,-50.15,-42.672,-56.388
2019-10-22 20:00,-66.31,-66.92,-45.26,-42.672,-56.388
2019-10-22 21:00,-63.76,-67.06,-43.64,-37.7952,-49.9872
2019-10-22 22:00,-62.76,-66.53,-43.04,-36.8808,-49.0728
2019-10-22 23:00,-62.12,-65.83,-42.59,-36.576,-48.768
2019-10-23 00:00,-62.04,-65.48,-42.3,-36.576,-48.768
2019-10-23 01:00,-62.09,-65.18,-42.22,-36.576,-48.4632
2019-10-23 02:00,-62.18,-64.82,-42.07,-36.576,-48.4632
2019-10-23 03:00,-62.41,-64.86,-41.99,-36.576,-48.4632
2019-10-23 04:00,-62.62,-64.95,-41.99,-36.576,-48.1584
2019-10-23 05:00,-62.8,-64.82,-41.99,-36.8808,-48.1584
2019-10-23 06:00,-63.02,-64.74,-41.99,-36.8808,-48.1584
2019-10-23 07:00,-63.43,-64.95,-42.23,-36.8808,-48.1584
2019-10-23 08:00,-63.61,-64.85,-42.15,-36.8808,-48.1584
2019-10-23 09:00,-63.66,-64.66,-42.11,-37.1856,-48.1584
2019-10-23 10:00,-63.83,-64.61,-42.17,-37.1856,-48.1584
2019-10-23 11:00,-63.92,-64.51,-42.25,-37.1856,-48.1584
2019-10-23 12:00,-64.03,-64.31,-42.25,-37.1856,-48.1584
2019-10-23 13:00,-64.14,-64.18,-42.28,-37.4904,-48.1584
2019-10-23 14:00,-64.24,-64.2,-42.4,-37.4904,-48.1584
2019-10-23 15:00,-64.35,-64.19,-42.42,-37.7952,-48.1584
2019-10-23 16:00,-64.36,-64.17,-42.38,-37.7952,-48.4632
2019-10-23 17:00,-64.49,-64.27,-42.4,-37.7952,-48.4632
2019-10-23 18:00,-64.54,-64.23,-42.39,-38.1,-48.4632
2019-10-23 19:00,-64.77,-64.35,-42.65,-38.1,-48.4632
2019-10-23 20:00,-64.81,-64.34,-42.62,-38.1,-48.4632
2019-10-23 21:00,-64.97,-64.41,-42.68,-38.1,-48.4632
2019-10-23 22:00,-65.07,-64.35,-42.75,-38.1,-48.4632
2019-10-23 23:00,-65.11,-64.34,-42.82,-38.4048,-48.4632
2019-10-24 00:00,-65.24,-64.34,-42.86,-38.4048,-48.4632
2019-10-24 01:00,-65.46,-64.41,-43.07,-38.4048,-48.768
2019-10-24 02:00,-65.54,-64.39,-43.11,-38.4048,-48.768
2019-10-24 03:00,-65.57,-64.34,-43.16,-38.4048,-48.768
2019-10-24 04:00,-65.58,-64.41,-43.06,-38.4048,-48.768
2019-10-24 05:00,-65.61,-64.52,-43.2,-38.4048,-48.768
2019-10-24 06:00,-65.73,-64.6,-43.29,-38.7096,-48.768
2019-10-24 07:00,-66,-64.81,-43.57,-38.7096,-48.768
2019-10-24 08:00,-66.02,-64.76,-43.55,-38.7096,-48.768
2019-10-24 09:00,-65.87,-64.55,-43.4,-38.7096,-48.768
2019-10-24 10:00,-65.78,-64.38,-43.34,-38.7096,-48.768
2019-10-24 11:00,-65.84,-64.31,-43.49,-38.7096,-48.768
2019-10-24 12:00,-65.83,-63.97,-43.46,-38.7096,-48.768
2019-10-24 13:00,-65.92,-63.82,-43.59,-39.0144,-48.768
2019-10-24 14:00,-65.99,-64.57,-43.66,-39.0144,-49.0728
2019-10-24 15:00,-65.91,-64.52,-43.67,-39.0144,-49.0728
2019-10-24 16:00,-65.83,-64.4,-43.57,-39.3192,-49.0728
2019-10-24 17:00,-65.84,-64.35,-43.66,-39.3192,-49.0728
2019-10-24 18:00,-65.92,-64.41,-43.73,-39.3192,-49.0728
2019-10-24 19:00,-66.05,-64.45,-43.84,-39.3192,-49.0728
2019-10-24 20:00,-66.22,-64.6,-43.96,-39.3192,-49.0728
2019-10-24 21:00,-66.18,-64.58,-43.91,-39.624,-49.3776
2019-10-24 22:00,-66.27,-64.64,-43.97,-39.624,-49.3776
2019-10-24 23:00,-66.3,-64.63,-44.05,-39.624,-49.3776
2019-10-25 00:00,-66.52,-64.79,-44.25,-39.624,-49.3776
2019-10-25 01:00,-66.5,-64.83,-44.34,-39.624,-49.3776
2019-10-25 02:00,-66.32,-64.54,-44.14,-39.624,-49.3776
2019-10-25 03:00,-66.53,-64.77,-44.26,-39.624,-49.3776
2019-10-25 04:00,-66.48,-64.7,-44.19,-39.624,-49.3776
2019-10-25 05:00,-66.67,-64.82,-44.31,-39.624,-49.3776
2019-10-25 06:00,-66.53,-64.72,-44.32,-39.624,-49.3776
2019-10-25 07:00,-66.87,-65.03,-44.66,-39.624,-49.3776
2019-10-25 08:00,-66.77,-64.91,-44.55,-39.9288,-49.3776
2019-10-25 09:00,-66.9,-65,-44.77,-39.9288,-49.3776
2019-10-25 10:00,-66.89,-64.98,-44.73,-39.9288,-49.3776
2019-10-25 11:00,-66.91,-64.95,-44.77,-39.9288,-49.3776
2019-10-25 12:00,-66.67,-64.69,-44.7,-39.9288,-49.6824
2019-10-25 13:00,-66.99,-64.93,-45.09,-39.9288,-49.6824
2019-10-25 14:00,-66.9,-64.91,-44.96,-40.2336,-49.6824
2019-10-25 15:00,-67.08,-65.1,-45.19,-40.2336,-49.6824
2019-10-25 16:00,-66.98,-64.97,-45.05,-40.2336,-49.6824
2019-10-25 17:00,-66.94,-65.03,-45.03,-40.5384,-49.6824
2019-10-25 18:00,-66.92,-64.96,-45.01,-40.5384,-49.9872
2019-10-25 19:00,-66.97,-65.02,-45.05,-40.5384,-49.9872
2019-10-25 20:00,-66.98,-64.97,-45.11,-40.5384,-49.9872
2019-10-25 21:00,-67.1,-65.06,-45.19,-40.5384,-49.9872
2019-10-25 22:00,-67.28,-65.19,-45.34,-40.5384,-49.9872
2019-10-25 23:00,-67.19,-65.05,-45.31,-40.5384,-49.9872
2019-10-26 00:00,-67.2,-65.02,-45.35,-40.5384,-49.9872
2019-10-26 01:00,-67.26,-65.1,-45.37,-40.5384,-49.9872
2019-10-26 02:00,-67.34,-65.1,-45.47,-40.5384,-49.9872
2019-10-26 03:00,-67.39,-65.08,-45.45,-40.5384,-49.9872
2019-10-26 04:00,-67.47,-65.25,-45.59,-40.5384,-49.9872
2019-10-26 05:00,-67.44,-65.23,-45.56,-40.8432,-49.9872
2019-10-26 06:00,-67.58,-65.33,-45.79,-40.8432,-49.9872
2019-10-26 07:00,-67.58,-65.28,-45.76,-40.8432,-49.9872
2019-10-26 08:00,-67.64,-65.41,-45.76,-40.8432,-49.9872
2019-10-26 09:00,-67.69,-65.43,-45.9,-40.8432,-50.292
2019-10-26 10:00,-67.68,-65.46,-45.87,-40.8432,-50.292
2019-10-26 11:00,-67.75,-65.36,-45.93,-40.8432,-50.292
2019-10-26 12:00,-67.66,-65.18,-45.99,-40.8432,-50.292
2019-10-26 13:00,-67.54,-65.07,-45.92,-40.8432,-50.292
2019-10-26 14:00,-67.73,-65.16,-46.04,-41.148,-50.292
2019-10-26 15:00,-67.82,-65.35,-46.26,-41.148,-50.292
2019-10-26 16:00,-67.65,-65.21,-46.15,-41.148,-50.292
2019-10-26 17:00,-67.68,-65.23,-46.15,-41.148,-50.292
2019-10-26 18:00,-67.58,-65.19,-46.08,-41.148,-50.5968
2019-10-26 19:00,-67.61,-65.15,-46.1,-41.148,-50.5968
2019-10-26 20:00,-67.48,-65.1,-46.05,-41.4528,-50.5968
2019-10-26 21:00,-67.56,-65.06,-46.07,-41.4528,-50.5968
2019-10-26 22:00,-67.66,-65.12,-46.25,-41.4528,-50.5968
2019-10-26 23:00,-67.62,-64.97,-46.18,-41.4528,-50.5968
2019-10-27 00:00,-67.86,-65.2,-46.45,-41.4528,-50.5968
2019-10-27 01:00,-68.09,-65.3,-46.52,-41.4528,-50.5968
2019-10-27 02:00,-68.05,-65.3,-46.57,-41.4528,-50.5968
2019-10-27 03:00,-68.23,-65.3,-46.74,-41.4528,-50.5968
2019-10-27 04:00,-68.19,-65.25,-46.69,-41.4528,-50.5968
2019-10-27 05:00,-68.26,-65.38,-46.8,-41.4528,-50.5968
2019-10-27 06:00,-68.14,-65.16,-46.77,-41.4528,-50.5968
2019-10-27 07:00,-68.35,-65.52,-46.88,-41.4528,-50.5968
2019-10-27 08:00,-68.38,-65.66,-46.94,-41.4528,-50.5968
2019-10-27 09:00,-68.39,-65.7,-46.94,-41.4528,-50.5968
2019-10-27 10:00,-68.38,-65.63,-46.67,-41.4528,-50.5968
2019-10-27 11:00,-68.39,-65.6,-46.18,-40.2336,-49.6824
2019-10-27 12:00,-68.45,-65.5,-45.99,-38.4048,-49.0728
2019-10-27 13:00,-68.52,-65.38,-45.76,-38.1,-48.768
2019-10-27 14:00,-68.34,-65.18,-45.68,-38.1,-48.4632
2019-10-27 15:00,-69.74,-66.62,-46.71,-38.1,-48.4632
2019-10-27 16:00,-68.33,-65.41,-45.47,-38.1,-48.4632
2019-10-27 17:00,-68.28,-65.32,-45.23,-38.1,-48.4632
2019-10-27 18:00,-68.23,-65.33,-45.17,-38.1,-48.1584
2019-10-27 19:00,-68.21,-65.29,-45.05,-38.1,-48.1584
2019-10-27 20:00,-68.21,-65.27,-45.03,-38.4048,-48.1584
2019-10-27 21:00,-68.17,-65.28,-44.98,-38.4048,-48.1584
2019-10-27 22:00,-68.02,-65.14,-44.83,-38.4048,-48.1584
2019-10-27 23:00,-68.46,-65.5,-45.18,-38.4048,-48.1584
2019-10-28 00:00,-68.35,-65.32,-45.08,-38.4048,-48.1584
2019-10-28 01:00,-68.33,-65.3,-45.04,-38.4048,-48.1584
2019-10-28 02:00,-68.15,-65.08,-44.81,-38.4048,-48.1584
2019-10-28 03:00,-68.22,-65.11,-44.78,-38.7096,-48.1584
2019-10-28 04:00,-68.17,-65.16,-44.82,-38.7096,-48.1584
2019-10-28 05:00,-68.37,-65.36,-44.95,-38.7096,-48.1584
2019-10-28 06:00,-68.39,-65.36,-45.06,-38.7096,-48.1584
2019-10-28 07:00,-68.47,-65.45,-45.07,-38.7096,-48.1584
2019-10-28 08:00,-68.64,-65.54,-45.21,-38.7096,-48.1584
2019-10-28 09:00,-68.67,-65.6,-45.27,-38.7096,-48.4632
2019-10-28 10:00,-68.81,-65.67,-45.43,-38.7096,-48.4632
2019-10-28 11:00,-68.78,-65.63,-45.53,-39.0144,-48.4632
2019-10-28 12:00,-68.66,-65.39,-45.45,-39.0144,-48.4632
2019-10-28 13:00,-68.76,-65.46,-45.73,-39.0144,-48.4632
2019-10-28 14:00,-68.78,-65.54,-45.67,-39.3192,-48.4632
2019-10-28 15:00,-68.72,-65.47,-45.67,-39.3192,-48.768
2019-10-28 16:00,-68.69,-65.48,-45.66,-39.3192,-48.768
2019-10-28 17:00,-68.47,-65.26,-45.45,-39.624,-48.768
2019-10-28 18:00,-68.65,-65.47,-45.62,-39.624,-48.768
2019-10-28 19:00,-68.63,-65.4,-45.62,-39.624,-48.768
2019-10-28 20:00,-68.72,-65.5,-45.73,-39.624,-48.768
2019-10-28 21:00,-68.72,-65.49,-45.71,-39.624,-48.768
2019-10-28 22:00,-68.83,-65.58,-45.78,-39.624,-48.768
2019-10-28 23:00,-68.82,-65.54,-45.89,-39.624,-49.0728
2019-10-29 00:00,-69.03,-65.74,-46.02,-39.624,-49.0728
2019-10-29 01:00,-69.05,-65.68,-46.07,-39.9288,-49.0728
2019-10-29 02:00,-69.09,-65.69,-46,-39.9288,-49.0728
2019-10-29 03:00,-69.08,-65.66,-46,-39.9288,-49.0728
2019-10-29 04:00,-69.05,-65.75,-46.05,-39.9288,-49.0728
2019-10-29 05:00,-69.26,-65.91,-46.27,-39.9288,-49.0728
2019-10-29 06:00,-69.16,-65.78,-46.16,-39.9288,-49.0728
2019-10-29 07:00,-69.22,-65.84,-46.14,-39.9288,-49.0728
2019-10-29 08:00,-69.47,-66.16,-46.46,-39.9288,-49.0728
2019-10-29 09:00,-69.39,-66.03,-46.42,-39.9288,-49.0728
2019-10-29 10:00,-69.4,-65.98,-46.43,-39.9288,-49.0728
2019-10-29 11:00,-69.35,-65.91,-46.46,-39.9288,-49.0728
2019-10-29 12:00,-69.21,-65.63,-46.4,-39.9288,-49.0728
2019-10-29 13:00,-69.41,-65.74,-46.49,-40.2336,-49.0728
2019-10-29 14:00,-69.2,-65.65,-46.34,-40.2336,-49.3776
2019-10-29 15:00,-69.05,-65.52,-46.26,-40.2336,-49.3776
2019-10-29 16:00,-69.15,-65.65,-46.32,-40.2336,-49.3776
2019-10-29 17:00,-68.94,-65.46,-46.2,-40.5384,-49.3776
2019-10-29 18:00,-69,-65.63,-46.33,-40.5384,-49.3776
2019-10-29 19:00,-69.07,-65.69,-46.37,-40.5384,-49.3776
2019-10-29 20:00,-69.19,-65.8,-46.52,-40.5384,-49.3776
2019-10-29 21:00,-69.31,-65.93,-46.54,-40.5384,-49.3776
2019-10-29 22:00,-69.3,-65.91,-46.62,-40.5384,-49.3776
2019-10-29 23:00,-69.24,-65.71,-46.59,-40.5384,-49.3776
2019-10-30 00:00,-69.18,-65.65,-46.56,-40.5384,-49.3776
2019-10-30 01:00,-69.34,-65.74,-46.69,-40.5384,-49.6824
2019-10-30 02:00,-69.37,-65.7,-46.67,-40.5384,-49.6824
2019-10-30 03:00,-69.41,-65.7,-46.77,-40.5384,-49.6824
2019-10-30 04:00,-69.41,-65.86,-46.75,-40.5384,-49.6824
2019-10-30 05:00,-69.43,-65.87,-46.75,-40.5384,-49.6824
2019-10-30 06:00,-69.48,-65.95,-46.79,-40.5384,-49.6824
2019-10-30 07:00,-69.5,-66,-46.87,-40.8432,-49.6824
2019-10-30 08:00,-69.64,-66.18,-47.02,-40.8432,-49.6824
2019-10-30 09:00,-69.81,-66.26,-47.28,-40.8432,-49.6824
2019-10-30 10:00,-69.75,-66.18,-47.12,-40.8432,-49.6824
2019-10-30 11:00,-69.72,-66.09,-47.22,-40.8432,-49.6824
2019-10-30 12:00,-69.8,-66,-47.32,-40.8432,-49.6824
2019-10-30 13:00,-69.86,-65.98,-47.32,-40.8432,-49.6824
2019-10-30 14:00,-70.08,-66.16,-47.48,-40.8432,-49.6824
2019-10-30 15:00,-69.93,-66.09,-47.45,-40.8432,-49.6824
2019-10-30 16:00,-69.72,-65.88,-47.26,-40.8432,-49.9872
2019-10-30 17:00,-69.71,-65.95,-47.17,-40.8432,-49.9872
2019-10-30 18:00,-69.75,-65.98,-47.3,-41.148,-49.9872
2019-10-30 19:00,-69.57,-65.81,-47.19,-41.148,-49.9872
2019-10-30 20:00,-69.65,-65.78,-47.13,-41.148,-49.9872
2019-10-30 21:00,-69.78,-65.88,-47.17,-41.148,-49.9872
2019-10-30 22:00,-69.64,-65.75,-47.34,-41.148,-49.9872
2019-10-30 23:00,-69.92,-66.03,-47.52,-41.148,-49.9872
2019-10-31 00:00,-69.96,-65.96,-47.62,-41.148,-49.9872
2019-10-31 01:00,-69.96,-65.93,-47.68,-41.148,-49.9872
2019-10-31 02:00,-70.05,-65.97,-47.73,-41.148,-49.9872
2019-10-31 03:00,-70.08,-66,-47.68,-41.148,-49.9872
2019-10-31 04:00,-70.01,-66.03,-47.62,-41.148,-49.9872
2019-10-31 05:00,-70.12,-66.2,-47.75,-41.148,-49.9872
2019-10-31 06:00,-70.21,-66.33,-47.84,-41.148,-49.9872
2019-10-31 07:00,-70.21,-66.37,-47.93,-41.148,-49.9872
2019-10-31 08:00,-70.32,-66.49,-47.96,-41.148,-49.9872
2019-10-31 09:00,-70.43,-66.56,-48.1,-41.148,-50.292
2019-10-31 10:00,-70.33,-66.47,-48.16,-41.148,-50.292
2019-10-31 11:00,-70.32,-66.23,-47.99,-41.148,-50.292
2019-10-31 12:00,-70.5,-66.19,-48.33,-41.4528,-50.292
2019-10-31 13:00,-70.43,-66.04,-48.42,-41.4528,-50.292
2019-10-31 14:00,-70.42,-66.04,-48.39,-41.4528,-50.292
2019-10-31 15:00,-70.38,-66.01,-48.3,-41.7576,-50.292
2019-10-31 16:00,-70.28,-66,-48.28,-41.7576,-50.292
2019-10-31 17:00,-70.26,-65.96,-48.26,-41.7576,-50.292
2019-10-31 18:00,-70.39,-66.22,-48.33,-41.7576,-50.5968
2019-10-31 19:00,-70.49,-66.41,-48.42,-41.7576,-50.5968
2019-10-31 20:00,-70.34,-66.07,-48.42,-41.7576,-50.5968
2019-10-31 21:00,-70.37,-66.36,-48.6,-41.7576,-50.5968
2019-10-31 22:00,-70.11,-66.05,-48.12,-41.7576,-50.5968
2019-10-31 23:00,-70.36,-65.97,-48.39,-41.7576,-50.5968
2019-11-01 00:00,-70.39,-66.2,-48.14,-42.0624,-50.5968
2019-11-01 01:00,-69.93,-66.57,-47.93,-42.0624,-50.5968
2019-11-01 02:00,-70.39,-67.04,-48.3,-41.7576,-50.5968
2019-11-01 03:00,-70.15,-66.73,-47.93,-41.7576,-50.5968
2019-11-01 04:00,-70.28,-66.94,-48.1,-41.4528,-50.5968
2019-11-01 05:00,-70.6,-67.18,-48.39,-41.7576,-50.292
2019-11-01 06:00,-70.76,-67.4,-48.74,-41.7576,-50.5968
2019-11-01 07:00,-70.83,-67.48,-48.95,-41.7576,-50.5968
2019-11-01 08:00,-70.96,-67.57,-48.96,-41.7576,-50.5968
2019-11-01 09:00,-70.96,-67.55,-49.05,-41.7576,-50.5968
2019-11-01 10:00,-70.89,-67.42,-48.91,-41.7576,-50.5968
2019-11-01 11:00,-70.86,-67.35,-48.93,-41.7576,-50.5968
2019-11-01 12:00,-70.85,-67.29,-48.99,-41.7576,-50.5968
2019-11-01 13:00,-70.82,-67.16,-48.98,-41.7576,-50.5968
2019-11-01 14:00,-70.84,-67.19,-49.04,-42.0624,-50.5968
2019-11-01 15:00,-70.85,-67.2,-49.11,-42.0624,-50.5968
2019-11-01 16:00,-70.8,-67.23,-49.14,-42.0624,-50.5968
2019-11-01 17:00,-70.81,-67.23,-49.08,-42.0624,-50.9016
2019-11-01 18:00,-70.92,-67.39,-49.21,-42.0624,-50.9016
2019-11-01 19:00,-70.99,-67.47,-49.27,-42.0624,-50.9016
2019-11-01 20:00,-71.08,-67.47,-49.44,-42.0624,-50.9016
2019-11-01 21:00,-71.06,-67.56,-49.42,-42.3672,-50.9016
2019-11-01 22:00,-71.03,-67.43,-49.39,-42.3672,-50.9016
2019-11-01 23:00,-71.16,-67.39,-49.42,-42.3672,-50.9016
2019-11-02 00:00,-71.12,-67.32,-49.51,-42.3672,-50.9016
2019-11-02 01:00,-71.26,-67.46,-49.63,-42.3672,-50.9016
2019-11-02 02:00,-71.16,-67.27,-49.51,-42.3672,-50.9016
2019-11-02 03:00,-71.23,-67.34,-49.65,-42.3672,-50.9016
2019-11-02 04:00,-71.52,-67.66,-49.81,-42.3672,-50.9016
2019-11-02 05:00,-71.41,-67.54,-49.81,-42.3672,-50.9016
2019-11-02 06:00,-71.44,-67.55,-49.8,-42.3672,-50.9016
2019-11-02 07:00,-71.49,-67.58,-49.89,-42.3672,-50.9016
2019-11-02 08:00,-71.54,-67.64,-49.86,-42.3672,-50.9016
2019-11-02 09:00,-71.22,-67.21,-49.6,-42.3672,-50.9016
2019-11-02 10:00,-71.44,-67.41,-49.78,-42.3672,-50.9016
2019-11-02 11:00,-71.37,-67.2,-49.78,-42.3672,-50.9016
2019-11-02 12:00,-71.31,-67,-49.73,-42.3672,-51.2064
2019-11-02 13:00,-71.35,-66.87,-49.83,-42.3672,-51.2064
2019-11-02 14:00,-71.35,-66.78,-49.75,-42.672,-51.2064
2019-11-02 15:00,-71.08,-66.64,-49.45,-42.672,-51.2064
2019-11-02 16:00,-70.92,-66.58,-49.5,-42.672,-51.2064
2019-11-02 17:00,-71.06,-66.79,-49.63,-42.672,-51.2064
2019-11-02 18:00,-71.16,-67.06,-49.73,-42.672,-51.2064
2019-11-02 19:00,-71.38,-67.49,-49.92,-42.672,-51.2064
2019-11-02 20:00,-71.39,-67.52,-50,-42.672,-51.2064
2019-11-02 21:00,-71.44,-67.55,-49.94,-42.672,-51.2064
2019-11-02 22:00,-71.67,-67.8,-50.23,-42.672,-51.2064
2019-11-02 23:00,-71.54,-67.76,-50.13,-42.672,-51.2064
2019-11-03 00:00,-71.53,-67.75,-50.11,-42.672,-51.5112
2019-11-03 01:00,-71.58,-67.79,-50.18,-42.9768,-51.5112
2019-11-03 02:00,-71.57,-67.76,-50.2,-42.9768,-51.5112
2019-11-03 03:00,-71.68,-67.88,-50.31,-42.9768,-51.5112
2019-11-03 04:00,-71.65,-67.95,-50.3,-42.9768,-51.5112
2019-11-03 05:00,-71.7,-68.07,-50.33,-42.9768,-51.5112
2019-11-03 06:00,-71.8,-68.18,-50.43,-42.9768,-51.5112
2019-11-03 07:00,-71.94,-68.41,-50.56,-42.9768,-51.5112
2019-11-03 08:00,-71.99,-68.49,-50.66,-42.9768,-51.5112
2019-11-03 09:00,-72.04,-68.5,-50.73,-42.9768,-51.5112
2019-11-03 10:00,-71.91,-68.31,-50.6,-42.9768,-51.5112
2019-11-03 11:00,-71.86,-68.23,-50.57,-42.9768,-51.5112
2019-11-03 12:00,-71.79,-68.05,-50.58,-42.9768,-51.5112
2019-11-03 13:00,-71.77,-67.9,-50.56,-42.9768,-51.816
2019-11-03 14:00,-71.83,-67.93,-50.7,-42.9768,-51.816
2019-11-03 15:00,-71.84,-67.94,-50.69,-43.2816,-51.816
2019-11-03 16:00,-71.73,-67.95,-50.62,-43.2816,-51.816
2019-11-03 17:00,-71.78,-68.1,-50.71,-43.2816,-51.816
2019-11-03 18:00,-71.89,-68.23,-50.81,-43.2816,-51.816
2019-11-03 19:00,-72,-68.33,-50.9,-43.2816,-51.816
2019-11-03 20:00,-71.98,-68.37,-50.96,-43.2816,-51.816
2019-11-03 21:00,-72.06,-68.5,-51.03,-43.2816,-51.816
2019-11-03 22:00,-72.08,-68.46,-51.1,-43.2816,-51.816
2019-11-03 23:00,-72.26,-68.59,-51.17,-43.2816,-51.816
2019-11-04 00:00,-72.23,-68.57,-51.24,-43.2816,-51.816
2019-11-04 01:00,-72.07,-68.39,-51.07,-43.2816,-51.816
2019-11-04 02:00,-72.28,-68.58,-51.28,-43.2816,-52.1208
2019-11-04 03:00,-72.29,-68.54,-51.28,-43.2816,-52.1208
2019-11-04 04:00,-72.38,-68.69,-51.34,-43.2816,-52.1208
2019-11-04 05:00,-72.38,-68.65,-51.34,-43.5864,-52.1208
2019-11-04 06:00,-72.43,-68.79,-51.44,-43.5864,-52.1208
2019-11-04 07:00,-72.58,-68.91,-51.56,-43.5864,-52.1208
2019-11-04 08:00,-72.55,-68.95,-51.59,-43.5864,-52.1208
2019-11-04 09:00,-72.37,-68.7,-51.43,-43.5864,-52.1208
2019-11-04 10:00,-72.27,-68.52,-51.29,-43.5864,-52.1208
2019-11-04 11:00,-72.3,-68.43,-51.4,-43.5864,-52.1208
2019-11-04 12:00,-72.37,-68.32,-51.51,-43.5864,-52.1208
2019-11-04 13:00,-72.3,-68.24,-51.45,-43.5864,-52.1208
2019-11-04 14:00,-72.25,-68.14,-51.44,-43.5864,-52.1208
2019-11-04 15:00,-72.34,-68.24,-51.41,-43.5864,-52.4256
2019-11-04 16:00,-72.2,-68.11,-51.39,-43.5864,-52.4256
2019-11-04 17:00,-72.06,-67.94,-51.28,-43.5864,-52.4256
2019-11-04 18:00,-72.24,-68.22,-51.38,-43.8912,-52.4256
2019-11-04 19:00,-72.2,-68.24,-51.49,-43.8912,-52.4256
2019-11-04 20:00,-72.09,-68.17,-51.47,-43.8912,-52.4256
2019-11-04 21:00,-72.33,-68.43,-51.55,-43.8912,-52.4256
2019-11-04 22:00,-72.47,-68.58,-51.76,-43.8912,-52.4256
2019-11-04 23:00,-72.44,-68.45,-51.7,-43.8912,-52.4256
2019-11-05 00:00,-72.54,-68.53,-51.84,-43.8912,-52.4256
2019-11-05 01:00,-72.61,-68.52,-51.91,-43.8912,-52.4256
2019-11-05 02:00,-72.49,-68.4,-51.8,-43.8912,-52.4256
2019-11-05 03:00,-72.59,-68.45,-51.91,-43.8912,-52.4256
2019-11-05 04:00,-72.57,-68.55,-51.83,-43.8912,-52.4256
2019-11-05 05:00,-72.55,-68.55,-51.95,-43.8912,-52.4256
2019-11-05 06:00,-72.53,-68.47,-51.87,-43.8912,-52.7304
2019-11-05 07:00,-72.68,-68.61,-51.9,-43.8912,-52.7304
2019-11-05 08:00,-72.41,-68.52,-51.81,-43.8912,-52.7304
2019-11-05 09:00,-72.77,-68.86,-51.98,-43.8912,-52.7304
2019-11-05 10:00,-72.83,-68.94,-52.14,-43.8912,-52.7304
2019-11-05 11:00,-72.75,-68.77,-51.8,-43.8912,-52.7304
2019-11-05 12:00,-72.3,-68.37,-51.78,-43.8912,-52.7304
2019-11-05 13:00,-72.81,-68.54,-52.12,-43.8912,-52.7304
2019-11-05 14:00,-72.65,-68.43,-51.98,-43.8912,-52.7304
2019-11-05 15:00,-72.54,-68.47,-51.88,-43.8912,-52.7304
2019-11-05 16:00,-72.61,-68.45,-52.06,-43.5864,-52.4256
2019-11-05 17:00,-72.47,-68.44,-51.62,-43.2816,-52.4256
2019-11-05 18:00,-72.42,-68.7,-51.63,-43.2816,-52.4256
2019-11-05 19:00,-72.3,-68.27,-51.09,-42.672,-51.816
2019-11-05 20:00,-72.07,-68.34,-51.05,-41.7576,-51.5112
2019-11-05 21:00,-71.25,-68.15,-50.49,-41.4528,-51.2064
2019-11-05 22:00,-71.05,-68.33,-50.58,-41.4528,-50.9016
2019-11-05 23:00,-70.86,-68.34,-50.73,-41.148,-50.9016
2019-11-06 00:00,-70.68,-68.28,-50.62,-41.148,-50.9016
2019-11-06 01:00,-70.61,-68.34,-50.61,-41.148,-50.9016
2019-11-06 02:00,-70.52,-68.18,-50.49,-41.148,-50.5968
2019-11-06 03:00,-70.52,-68.17,-50.51,-41.148,-50.5968
2019-11-06 04:00,-70.68,-68.32,-50.63,-41.148,-50.5968
2019-11-06 05:00,-70.54,-68.17,-50.47,-41.148,-50.5968
2019-11-06 06:00,-70.6,-68.19,-50.4,-41.148,-50.5968
2019-11-06 07:00,-70.67,-68.23,-50.39,-41.148,-50.5968
2019-11-06 08:00,-70.92,-68.42,-50.68,-41.148,-50.5968
2019-11-06 09:00,-70.84,-68.2,-50.42,-41.148,-50.5968
2019-11-06 10:00,-70.78,-67.99,-50.32,-41.148,-50.5968
2019-11-06 11:00,-70.92,-68.02,-50.41,-41.4528,-50.5968
2019-11-06 12:00,-70.96,-67.89,-50.51,-41.4528,-50.5968
2019-11-06 13:00,-70.98,-67.83,-50.54,-41.4528,-50.5968
2019-11-06 14:00,-71.02,-67.72,-50.52,-41.4528,-50.5968
2019-11-06 15:00,-71.06,-67.8,-50.57,-41.4528,-50.5968
2019-11-06 16:00,-71.04,-67.78,-50.45,-41.7576,-50.5968
2019-11-06 17:00,-71.04,-67.82,-50.48,-41.7576,-50.9016
2019-11-06 18:00,-71.22,-67.96,-50.58,-41.7576,-50.9016
2019-11-06 19:00,-71.33,-67.95,-50.61,-41.7576,-50.9016
2019-11-06 20:00,-71.38,-67.95,-50.67,-41.7576,-50.9016
2019-11-06 21:00,-71.42,-67.85,-50.64,-41.7576,-50.9016
2019-11-06 22:00,-71.38,-67.75,-50.62,-42.0624,-50.9016
2019-11-06 23:00,-71.44,-67.66,-50.59,-42.0624,-50.9016
2019-11-07 00:00,-71.52,-67.72,-50.66,-42.0624,-50.9016
2019-11-07 01:00,-71.63,-67.8,-50.63,-42.0624,-50.9016
2019-11-07 02:00,-71.59,-67.51,-50.69,-42.0624,-50.9016
2019-11-07 03:00,-71.76,-67.58,-50.54,-42.0624,-50.9016
2019-11-07 04:00,-71.61,-67.62,-50.84,-42.0624,-50.9016
2019-11-07 05:00,-71.81,-67.83,-50.77,-42.0624,-50.9016
2019-11-07 06:00,-71.8,-67.74,-50.73,-42.0624,-50.9016
2019-11-07 07:00,-71.89,-67.85,-50.79,-42.0624,-50.9016
2019-11-07 08:00,-72.03,-67.92,-50.91,-42.0624,-50.9016
2019-11-07 09:00,-71.94,-67.8,-50.7,-42.0624,-50.9016
2019-11-07 10:00,-71.71,-67.47,-50.65,-42.0624,-50.9016
2019-11-07 11:00,-71.78,-67.45,-50.79,-42.0624,-50.9016
2019-11-07 12:00,-71.7,-67.03,-50.76,-42.3672,-51.2064
2019-11-07 13:00,-71.79,-66.98,-50.84,-42.3672,-51.2064
2019-11-07 14:00,-71.79,-66.81,-50.79,-42.3672,-51.2064
2019-11-07 15:00,-71.79,-66.83,-50.88,-42.3672,-51.2064
2019-11-07 16:00,-71.77,-66.9,-50.9,-42.672,-51.2064
2019-11-07 17:00,-71.62,-67.13,-50.81,-42.672,-51.2064
2019-11-07 18:00,-71.6,-67.04,-50.87,-42.672,-51.2064
2019-11-07 19:00,-71.64,-66.86,-50.62,-42.672,-51.2064
2019-11-07 20:00,-71.57,-66.94,-50.71,-42.672,-51.2064
2019-11-07 21:00,-71.7,-67.13,-50.76,-42.672,-51.2064
2019-11-07 22:00,-71.63,-67.06,-50.85,-42.672,-51.5112
2019-11-07 23:00,-71.73,-67.06,-50.81,-42.672,-51.5112
2019-11-08 00:00,-71.56,-67.07,-50.68,-42.672,-51.5112
2019-11-08 01:00,-71.78,-67.08,-50.74,-42.672,-51.5112
2019-11-08 02:00,-71.8,-67.3,-50.82,-42.672,-51.5112
2019-11-08 03:00,-71.45,-67.09,-50.45,-42.0624,-51.2064
2019-11-08 04:00,-71.73,-67.41,-50.38,-41.4528,-50.9016
2019-11-08 05:00,-71.49,-67.57,-50.23,-40.8432,-50.5968
2019-11-08 06:00,-70.31,-67.34,-49.64,-40.2336,-49.6824
2019-11-08 07:00,-69.3,-67.59,-48.93,-39.3192,-48.768
2019-11-08 08:00,-68.63,-67.83,-48.69,-38.7096,-48.1584
2019-11-08 09:00,-68.16,-67.77,-48.48,-38.4048,-47.8536
2019-11-08 10:00,-67.95,-67.62,-48.24,-38.4048,-47.8536
2019-11-08 11:00,-67.84,-67.56,-48.23,-38.4048,-47.5488
2019-11-08 12:00,-67.69,-67.25,-48.1,-38.4048,-47.5488
2019-11-08 13:00,-67.77,-67.14,-48.06,-38.7096,-47.5488
2019-11-08 14:00,-67.88,-67.18,-48.06,-38.7096,-47.244
2019-11-08 15:00,-67.74,-66.91,-47.74,-38.7096,-47.244
2019-11-08 16:00,-67.83,-66.87,-47.79,-39.0144,-47.244
2019-11-08 17:00,-68.11,-67.05,-47.85,-39.0144,-47.244
2019-11-08 18:00,-68.06,-66.82,-47.66,-39.0144,-47.244
2019-11-08 19:00,-68.32,-66.97,-47.79,-39.0144,-47.244
2019-11-08 20:00,-68.24,-66.77,-47.67,-39.3192,-47.244
2019-11-08 21:00,-68.31,-66.65,-47.59,-39.3192,-47.244
2019-11-08 22:00,-68.64,-66.85,-47.81,-39.3192,-47.244
2019-11-08 23:00,-68.41,-66.49,-47.56,-39.3192,-47.244
2019-11-09 00:00,-68.29,-66.22,-47.34,-39.3192,-47.244
2019-11-09 01:00,-68.38,-66.07,-47.38,-39.3192,-47.244
2019-11-09 02:00,-68.54,-66.13,-47.46,-39.624,-47.244
2019-11-09 03:00,-68.6,-66.12,-47.41,-39.624,-47.244
2019-11-09 04:00,-68.67,-66.13,-47.4,-39.624,-47.244
2019-11-09 05:00,-68.76,-66.17,-47.46,-39.624,-47.244
2019-11-09 06:00,-68.78,-66.13,-47.42,-39.624,-47.244
2019-11-09 07:00,-68.8,-66.14,-47.42,-39.624,-47.244
2019-11-09 08:00,-69.08,-66.39,-47.67,-39.624,-47.244
2019-11-09 09:00,-69.03,-66.27,-47.63,-39.624,-47.244
2019-11-09 10:00,-69.03,-66.13,-47.6,-39.624,-47.244
2019-11-09 11:00,-68.92,-65.87,-47.51,-39.9288,-47.244
2019-11-09 12:00,-68.92,-65.68,-47.45,-39.9288,-47.5488
2019-11-09 13:00,-69.02,-65.66,-47.69,-39.9288,-47.5488
2019-11-09 14:00,-69.02,-65.69,-47.78,-39.9288,-47.5488
2019-11-09 15:00,-68.91,-65.53,-47.56,-40.2336,-47.5488
2019-11-09 16:00,-68.83,-65.52,-47.53,-40.2336,-47.5488
2019-11-09 17:00,-68.92,-65.65,-47.54,-40.2336,-47.5488
2019-11-09 18:00,-68.93,-65.78,-47.67,-40.2336,-47.5488
2019-11-09 19:00,-69.12,-66.08,-47.85,-40.2336,-47.8536
2019-11-09 20:00,-69.07,-66.02,-47.77,-40.2336,-47.8536
2019-11-09 21:00,-69.12,-65.94,-47.79,-40.2336,-47.8536
2019-11-09 22:00,-69.24,-66.11,-47.91,-40.5384,-47.8536
2019-11-09 23:00,-69.19,-66.01,-47.91,-40.5384,-47.8536
2019-11-10 00:00,-69.21,-66,-47.91,-40.5384,-47.8536
2019-11-10 01:00,-69.3,-66.06,-47.99,-40.5384,-47.8536
2019-11-10 02:00,-69.25,-66.03,-47.91,-40.5384,-47.8536
2019-11-10 03:00,-69.24,-65.94,-47.87,-40.5384,-47.8536
2019-11-10 04:00,-69.37,-66.06,-48.02,-40.5384,-47.8536
2019-11-10 05:00,-69.36,-66.09,-48.04,-40.5384,-47.8536
2019-11-10 06:00,-69.62,-66.46,-48.35,-40.5384,-47.8536
2019-11-10 07:00,-69.58,-66.55,-48.2,-40.5384,-47.8536
2019-11-10 08:00,-69.6,-66.68,-48.39,-40.5384,-47.8536
2019-11-10 09:00,-69.6,-66.48,-48.37,-40.8432,-47.8536
2019-11-10 10:00,-69.6,-66.45,-48.43,-40.8432,-47.8536
2019-11-10 11:00,-69.53,-66.21,-48.24,-40.8432,-47.8536
2019-11-10 12:00,-69.41,-65.83,-48.2,-40.8432,-47.8536
2019-11-10 13:00,-69.52,-65.77,-48.45,-40.8432,-48.1584
2019-11-10 14:00,-69.47,-65.78,-48.43,-40.8432,-48.1584
2019-11-10 15:00,-69.52,-65.75,-48.52,-40.8432,-48.1584
2019-11-10 16:00,-69.25,-65.73,-48.21,-40.8432,-48.1584
2019-11-10 17:00,-69.24,-65.83,-48.14,-41.148,-48.1584
2019-11-10 18:00,-69.41,-66.05,-48.39,-41.148,-48.1584
2019-11-10 19:00,-69.41,-66.01,-48.32,-41.148,-48.1584
2019-11-10 20:00,-69.42,-66,-48.35,-41.148,-48.1584
2019-11-10 21:00,-69.49,-66.28,-48.42,-41.148,-48.1584
2019-11-10 22:00,-69.64,-66.44,-48.53,-41.148,-48.4632
2019-11-10 23:00,-69.45,-66.25,-48.44,-41.148,-48.4632
2019-11-11 00:00,-69.53,-66.29,-48.54,-41.148,-48.4632
2019-11-11 01:00,-69.59,-66.36,-48.58,-41.148,-48.4632
2019-11-11 02:00,-69.59,-66.3,-48.6,-41.148,-48.4632
2019-11-11 03:00,-69.6,-66.26,-48.55,-41.148,-48.4632
2019-11-11 04:00,-69.64,-66.31,-48.57,-41.148,-48.4632
2019-11-11 05:00,-69.8,-66.54,-48.83,-41.148,-48.4632
2019-11-11 06:00,-69.79,-66.54,-48.76,-41.148,-48.4632
2019-11-11 07:00,-69.84,-66.66,-48.81,-41.148,-48.4632
2019-11-11 08:00,-70.07,-66.88,-49.03,-41.4528,-48.4632
2019-11-11 09:00,-69.95,-66.8,-49.01,-41.4528,-48.4632
2019-11-11 10:00,-69.89,-66.66,-48.94,-41.4528,-48.4632
2019-11-11 11:00,-69.85,-66.41,-49.07,-41.4528,-48.4632
2019-11-11 12:00,-69.87,-66.14,-49.01,-41.4528,-48.4632
2019-11-11 13:00,-69.82,-66,-48.92,-41.4528,-48.4632
2019-11-11 14:00,-69.89,-66.03,-49.15,-41.4528,-48.768
2019-11-11 15:00,-69.97,-66.04,-49.2,-41.4528,-48.768
2019-11-11 16:00,-69.59,-65.61,-48.86,-41.7576,-48.768
2019-11-11 17:00,-69.72,-65.7,-48.96,-41.7576,-48.768
2019-11-11 18:00,-69.81,-65.95,-49.02,-41.7576,-48.768
2019-11-11 19:00,-69.87,-66.08,-49.1,-41.7576,-48.768
2019-11-11 20:00,-69.99,-66.13,-49.23,-41.7576,-48.768
2019-11-11 21:00,-69.96,-66.08,-49.21,-41.7576,-48.768
2019-11-11 22:00,-70.15,-66.18,-49.48,-41.7576,-48.768
2019-11-11 23:00,-70.16,-66.1,-49.3,-41.7576,-48.768
2019-11-12 00:00,-70.17,-66.2,-49.44,-41.7576,-48.768
2019-11-12 01:00,-70.11,-66,-49.35,-41.7576,-48.768
2019-11-12 02:00,-70.02,-65.86,-49.2,-41.7576,-48.768
2019-11-12 03:00,-69.98,-65.69,-49.06,-41.7576,-49.0728
2019-11-12 04:00,-69.98,-65.71,-49.18,-41.7576,-49.0728
2019-11-12 05:00,-70.01,-65.73,-49.27,-41.7576,-49.0728
2019-11-12 06:00,-70.01,-65.71,-49.26,-41.7576,-49.0728
2019-11-12 07:00,-70.01,-65.75,-49.17,-41.7576,-49.0728
2019-11-12 08:00,-70.03,-65.98,-49.27,-41.7576,-49.0728
2019-11-12 09:00,-70.05,-65.63,-49.3,-42.0624,-49.0728
2019-11-12 10:00,-70.23,-65.94,-49.34,-42.0624,-49.0728
2019-11-12 11:00,-70.12,-66.1,-49.28,-42.0624,-49.0728
2019-11-12 12:00,-69.9,-65.87,-49.3,-42.0624,-49.0728
2019-11-12 13:00,-69.79,-65.66,-49.1,-42.0624,-49.0728
2019-11-12 14:00,-69.92,-66.32,-49.3,-42.0624,-49.0728
2019-11-12 15:00,-69.83,-66.42,-49.08,-42.0624,-49.0728
2019-11-12 16:00,-70.15,-66.79,-49.27,-42.0624,-49.0728
2019-11-12 17:00,-70.18,-67.04,-49.25,-42.0624,-49.0728
2019-11-12 18:00,-70.45,-67.32,-49.28,-41.148,-49.0728
2019-11-12 19:00,-70.72,-67.52,-49.09,-40.5384,-48.768
2019-11-12 20:00,-69.95,-66.88,-48.64,-39.624,-48.4632
2019-11-12 21:00,-69.67,-67.28,-48.48,-39.3192,-48.1584
2019-11-12 22:00,-68.92,-67.06,-48.4,-39.0144,-47.8536
2019-11-12 23:00,-68.25,-66.67,-47.99,-38.7096,-47.5488
2019-11-13 00:00,-68,-66.64,-47.9,-38.7096,-47.5488
2019-11-13 01:00,-67.87,-66.63,-48.08,-38.7096,-47.244
2019-11-13 02:00,-67.81,-66.55,-47.81,-38.7096,-47.244
2019-11-13 03:00,-67.81,-66.47,-47.74,-38.7096,-47.244
2019-11-13 04:00,-67.81,-66.41,-47.72,-39.0144,-47.244
2019-11-13 05:00,-67.85,-66.4,-47.69,-39.0144,-47.244
2019-11-13 06:00,-67.85,-66.3,-47.54,-39.0144,-47.244
2019-11-13 07:00,-68.02,-66.36,-47.59,-39.0144,-47.244
2019-11-13 08:00,-68.15,-66.37,-47.61,-39.0144,-46.9392
2019-11-13 09:00,-68.33,-66.56,-47.87,-39.0144,-46.9392
2019-11-13 10:00,-68.37,-66.38,-47.73,-39.3192,-46.9392
2019-11-13 11:00,-68.36,-66.3,-47.74,-39.3192,-46.9392
2019-11-13 12:00,-68.23,-65.97,-47.55,-39.3192,-46.9392
2019-11-13 13:00,-68.11,-65.74,-47.37,-39.3192,-46.9392
2019-11-13 14:00,-68.43,-65.92,-47.72,-39.3192,-46.9392
2019-11-13 15:00,-68.51,-65.96,-47.64,-39.3192,-47.244
2019-11-13 16:00,-68.09,-65.5,-47.24,-39.3192,-47.244
2019-11-13 17:00,-68.36,-65.68,-47.43,-39.3192,-47.244
2019-11-13 18:00,-68.52,-65.77,-47.58,-39.624,-47.244
2019-11-13 19:00,-68.59,-65.88,-47.69,-39.624,-47.244
2019-11-13 20:00,-68.68,-65.94,-47.6,-39.624,-47.244
2019-11-13 21:00,-68.78,-66.11,-47.66,-39.624,-47.244
2019-11-13 22:00,-68.72,-66.03,-47.56,-39.624,-47.244
2019-11-13 23:00,-68.7,-65.89,-47.6,-39.624,-47.244
2019-11-14 00:00,-68.9,-65.76,-47.73,-39.624,-47.244
2019-11-14 01:00,-68.96,-65.61,-47.65,-39.624,-47.244
2019-11-14 02:00,-68.89,-65.44,-47.66,-39.9288,-47.244
2019-11-14 03:00,-69.08,-65.6,-47.71,-39.9288,-47.244
2019-11-14 04:00,-69.07,-65.69,-47.81,-39.9288,-47.244
2019-11-14 05:00,-68.82,-65.45,-47.57,-39.9288,-47.244
2019-11-14 06:00,-68.9,-65.49,-47.51,-39.9288,-47.244
2019-11-14 07:00,-68.97,-65.71,-47.69,-39.9288,-47.244
2019-11-14 08:00,-69.17,-65.98,-47.96,-39.9288,-47.244
2019-11-14 09:00,-69.25,-65.94,-47.85,-39.9288,-47.244
2019-11-14 10:00,-69.21,-65.88,-47.8,-39.9288,-47.244
2019-11-14 11:00,-68.88,-65.36,-47.62,-39.9288,-47.244
2019-11-14 12:00,-68.73,-64.94,-47.51,-39.9288,-47.5488
2019-11-14 13:00,-68.91,-64.98,-47.52,-39.9288,-47.5488
2019-11-14 14:00,-68.8,-64.81,-47.5,-40.2336,-47.5488
2019-11-14 15:00,-68.88,-64.81,-47.54,-40.2336,-47.5488
2019-11-14 16:00,-68.76,-64.68,-47.36,-40.2336,-47.5488
2019-11-14 17:00,-68.53,-64.55,-47.43,-40.2336,-47.5488
2019-11-14 18:00,-68.71,-64.76,-47.32,-40.2336,-47.5488
2019-11-14 19:00,-68.66,-64.79,-47.44,-40.2336,-47.5488
2019-11-14 20:00,-68.73,-64.8,-47.36,-40.2336,-47.5488
2019-11-14 21:00,-68.75,-64.83,-47.56,-40.2336,-47.5488
2019-11-14 22:00,-68.72,-64.92,-47.43,-40.2336,-47.5488
2019-11-14 23:00,-68.63,-64.71,-47.48,-40.2336,-47.5488
2019-11-15 00:00,-68.56,-64.56,-47.36,-40.2336,-47.5488
2019-11-15 01:00,-68.55,-64.48,-47.35,-40.2336,-47.5488
2019-11-15 02:00,-68.73,-64.6,-47.41,-40.2336,-47.5488
2019-11-15 03:00,-68.72,-64.68,-47.47,-40.2336,-47.5488
2019-11-15 04:00,-69.21,-65.31,-47.94,-40.2336,-47.5488
2019-11-15 05:00,-68.7,-64.93,-47.46,-40.2336,-47.5488
2019-11-15 06:00,-68.63,-64.63,-47.19,-39.9288,-47.244
2019-11-15 07:00,-68.83,-64.89,-47.3,-39.3192,-46.9392
2019-11-15 08:00,-68.64,-64.92,-47.32,-38.7096,-46.9392
2019-11-15 09:00,-68.23,-65.01,-47.37,-38.4048,-46.6344
2019-11-15 10:00,-67.36,-64.66,-46.89,-37.7952,-46.3296
2019-11-15 11:00,-66.4,-64.28,-46.57,-37.7952,-46.0248
2019-11-15 12:00,-65.69,-64.1,-46.12,-37.1856,-45.72
2019-11-15 13:00,-64.56,-63.47,-44.91,-36.8808,-45.4152
2019-11-15 14:00,-63.51,-63.33,-43.77,-35.9664,-45.1104
2019-11-15 15:00,-62.37,-63.11,-42.82,-35.3568,-44.5008
2019-11-15 16:00,-61.46,-62.62,-42.09,-34.7472,-43.8912
2019-11-15 17:00,-61.31,-62.37,-41.81,-34.7472,-43.5864
2019-11-15 18:00,-60.9,-61.98,-41.27,-34.4424,-43.2816
2019-11-15 19:00,-60.12,-61.28,-40.24,-34.4424,-42.9768
2019-11-15 20:00,-58.78,-60.95,-38.58,-33.8328,-42.3672
2019-11-15 21:00,-57.35,-60.3,-37.18,-32.6136,-41.4528
2019-11-15 22:00,-56.25,-59.39,-36.15,-32.004,-40.8432
2019-11-15 23:00,-55.93,-58.7,-35.62,-32.004,-40.5384
2019-11-16 00:00,-55.75,-58.05,-35.25,-31.6992,-40.2336
2019-11-16 01:00,-55.89,-57.54,-34.9,-32.004,-40.2336
2019-11-16 02:00,-55.97,-57.02,-34.69,-32.004,-39.9288
2019-11-16 03:00,-56.21,-56.62,-34.61,-32.004,-39.9288
2019-11-16 04:00,-56.42,-56.38,-34.58,-32.3088,-39.9288
2019-11-16 05:00,-56.62,-56.24,-34.55,-32.3088,-39.624
2019-11-16 06:00,-57.06,-56.5,-34.78,-32.3088,-39.624
2019-11-16 07:00,-56.9,-56.1,-34.37,-32.6136,-39.624
2019-11-16 08:00,-57.03,-55.98,-34.43,-32.6136,-39.624
2019-11-16 09:00,-56.87,-55.71,-34.29,-32.6136,-39.624
2019-11-16 10:00,-56.92,-55.66,-34.23,-32.6136,-39.624
2019-11-16 11:00,-57.04,-55.52,-34.17,-32.9184,-39.624
2019-11-16 12:00,-57.28,-55.48,-34.42,-32.9184,-39.624
2019-11-16 13:00,-57.4,-55.26,-34.53,-32.9184,-39.3192
2019-11-16 14:00,-57.21,-55.03,-34.22,-32.9184,-39.624
2019-11-16 15:00,-57.64,-55.5,-34.55,-32.9184,-39.624
2019-11-16 16:00,-57.7,-55.5,-34.68,-32.9184,-39.3192
2019-11-16 17:00,-57.44,-55.19,-34.36,-32.9184,-39.624
2019-11-16 18:00,-57.6,-55.43,-34.52,-33.2232,-39.3192
2019-11-16 19:00,-57.25,-55.05,-34.21,-32.9184,-39.3192
2019-11-16 20:00,-57.54,-55.35,-34.75,-32.9184,-39.3192
2019-11-16 21:00,-57.1,-55.48,-34.36,-32.9184,-39.3192
2019-11-16 22:00,-57.2,-55.52,-34.66,-32.9184,-39.3192
2019-11-16 23:00,-56.92,-55.24,-34.43,-32.9184,-39.3192
2019-11-17 00:00,-56.92,-55.24,-34.48,-32.9184,-39.3192
2019-11-17 01:00,-56.83,-54.93,-34.36,-32.9184,-39.3192
2019-11-17 02:00,-56.97,-54.97,-34.43,-33.2232,-39.3192
2019-11-17 03:00,-56.95,-54.89,-34.47,-33.2232,-39.3192
2019-11-17 04:00,-56.96,-54.83,-34.44,-33.2232,-39.3192
2019-11-17 05:00,-57.1,-54.89,-34.52,-33.2232,-39.3192
2019-11-17 06:00,-57.26,-55.17,-34.56,-33.2232,-39.3192
2019-11-17 07:00,-57.18,-55.19,-34.53,-33.2232,-39.3192
2019-11-17 08:00,-57.08,-55.12,-34.43,-33.2232,-39.3192
2019-11-17 09:00,-57.13,-55.22,-34.54,-33.2232,-39.3192
2019-11-17 10:00,-57.12,-55.22,-34.47,-33.2232,-39.3192
2019-11-17 11:00,-56.96,-55.09,-34.52,-33.2232,-39.3192
2019-11-17 12:00,-56.84,-54.87,-34.68,-33.2232,-39.3192
2019-11-17 13:00,-56.58,-54.57,-34.4,-33.528,-39.3192
2019-11-17 14:00,-56.6,-54.61,-34.37,-33.2232,-39.3192
2019-11-17 15:00,-56.53,-54.65,-34.37,-33.2232,-39.3192
2019-11-17 16:00,-56.59,-54.78,-34.59,-33.528,-39.3192
2019-11-17 17:00,-56.61,-54.78,-34.58,-33.528,-39.3192
2019-11-17 18:00,-56.69,-54.96,-34.62,-33.528,-39.3192
2019-11-17 19:00,-56.66,-54.91,-34.61,-33.528,-39.3192
2019-11-17 20:00,-56.81,-54.99,-34.71,-33.528,-39.3192
2019-11-17 21:00,-56.83,-54.83,-34.74,-33.528,-39.3192
2019-11-17 22:00,-56.87,-54.69,-34.8,-33.528,-39.3192
2019-11-17 23:00,-56.8,-54.6,-34.76,-33.528,-39.3192
2019-11-18 00:00,-56.9,-54.78,-34.84,-33.8328,-39.3192
2019-11-18 01:00,-56.93,-54.71,-34.8,-33.8328,-39.3192
2019-11-18 02:00,-57.15,-54.84,-34.84,-33.8328,-39.3192
2019-11-18 03:00,-57.14,-54.68,-35.01,-33.8328,-39.3192
2019-11-18 04:00,-57.18,-54.79,-34.97,-33.8328,-39.3192
2019-11-18 05:00,-57.46,-55.13,-35.17,-33.8328,-39.3192
2019-11-18 06:00,-57.41,-55.27,-35.16,-33.8328,-39.3192
2019-11-18 07:00,-57.67,-55.54,-35.31,-33.8328,-39.624
2019-11-18 08:00,-57.47,-55.3,-35.25,-33.8328,-39.624
2019-11-18 09:00,-57.65,-55.47,-35.49,-34.1376,-39.624
2019-11-18 10:00,-57.96,-55.71,-35.55,-34.1376,-39.624
2019-11-18 11:00,-57.93,-55.48,-35.66,-34.1376,-39.624
2019-11-18 12:00,-57.84,-54.9,-35.59,-34.1376,-39.624
2019-11-18 13:00,-58.02,-55.17,-35.82,-34.1376,-39.624
2019-11-18 14:00,-58.17,-55.44,-35.84,-34.1376,-39.624
2019-11-18 15:00,-58.07,-55.5,-35.78,-34.1376,-39.624
2019-11-18 16:00,-58.21,-55.58,-35.83,-34.1376,-39.624
2019-11-18 17:00,-58.17,-55.55,-35.89,-34.1376,-39.624
2019-11-18 18:00,-58.34,-55.81,-36.04,-34.4424,-39.624
2019-11-18 19:00,-58.3,-55.79,-36.03,-34.4424,-39.624
2019-11-18 20:00,-58.26,-55.84,-35.94,-34.4424,-39.624
2019-11-18 21:00,-58.4,-55.97,-36.11,-34.4424,-39.9288
2019-11-18 22:00,-58.31,-55.86,-36.06,-34.1376,-39.624
2019-11-18 23:00,-58.35,-56.01,-36.12,-34.4424,-39.9288
2019-11-19 00:00,-58.53,-56.14,-36.24,-34.1376,-39.9288
2019-11-19 01:00,-58.42,-55.92,-36.08,-34.4424,-39.9288
2019-11-19 02:00,-58.5,-55.9,-36.2,-34.4424,-39.9288
2019-11-19 03:00,-58.57,-56.14,-36.26,-34.4424,-39.9288
2019-11-19 04:00,-58.48,-55.95,-36.18,-34.4424,-39.9288
2019-11-19 05:00,-58.43,-55.96,-36.12,-34.4424,-39.9288
2019-11-19 06:00,-58.73,-56.28,-36.37,-34.4424,-39.9288
2019-11-19 07:00,-58.76,-56.39,-36.44,-34.4424,-39.9288
2019-11-19 08:00,-59.07,-56.72,-36.54,-34.4424,-39.9288
2019-11-19 09:00,-58.85,-56.52,-36.65,-34.4424,-39.9288
2019-11-19 10:00,-59.1,-56.65,-36.75,-34.4424,-39.9288
2019-11-19 11:00,-59.04,-56.48,-36.71,-34.4424,-39.9288
2019-11-19 12:00,-59.13,-56.54,-36.84,-34.4424,-39.9288
2019-11-19 13:00,-59.08,-56.24,-36.83,-34.4424,-39.9288
2019-11-19 14:00,-59.33,-56.62,-37.11,-34.4424,-39.9288
2019-11-19 15:00,-59.93,-57.03,-37.2,-34.7472,-39.9288
2019-11-19 16:00,-59.07,-56.59,-36.85,-34.4424,-39.9288
2019-11-19 17:00,-59.21,-56.65,-36.83,-34.7472,-39.9288
2019-11-19 18:00,-59.09,-56.59,-36.81,-34.7472,-39.9288
2019-11-19 19:00,-59.13,-56.58,-36.8,-34.7472,-39.9288
2019-11-19 20:00,-59.24,-56.8,-36.95,-34.7472,-39.9288
2019-11-19 21:00,-59.05,-56.6,-36.81,-34.7472,-40.2336
2019-11-19 22:00,-59.09,-56.59,-36.85,-34.7472,-40.2336
2019-11-19 23:00,-59.2,-56.7,-36.97,-34.7472,-40.2336
2019-11-20 00:00,-59.26,-56.64,-37.05,-34.7472,-40.2336
2019-11-20 01:00,-59.35,-56.78,-37.17,-34.7472,-40.2336
2019-11-20 02:00,-59.58,-57.03,-37.4,-34.7472,-40.2336
2019-11-20 03:00,-59.5,-56.94,-37.3,-34.7472,-40.2336
2019-11-20 04:00,-59.53,-57.04,-37.39,-35.052,-40.2336
2019-11-20 05:00,-59.72,-57.26,-37.53,-35.052,-40.2336
2019-11-20 06:00,-59.66,-57.23,-37.52,-35.052,-40.2336
2019-11-20 07:00,-59.6,-57.16,-37.41,-35.052,-40.2336
2019-11-20 08:00,-59.86,-57.43,-37.73,-35.052,-40.2336
2019-11-20 09:00,-60.01,-57.5,-37.91,-35.052,-40.2336
2019-11-20 10:00,-59.92,-57.41,-37.84,-35.052,-40.2336
2019-11-20 11:00,-60.06,-57.48,-37.89,-35.052,-40.2336
2019-11-20 12:00,-59.99,-57.37,-37.87,-35.052,-40.2336
2019-11-20 13:00,-59.79,-57.16,-37.86,-35.052,-40.2336
2019-11-20 14:00,-59.91,-57.18,-37.9,-35.3568,-40.5384
2019-11-20 15:00,-59.92,-57.38,-37.93,-35.3568,-40.5384
2019-11-20 16:00,-59.6,-57.09,-37.68,-35.3568,-40.5384
2019-11-20 17:00,-59.89,-57.36,-37.97,-35.3568,-40.5384
2019-11-20 18:00,-59.94,-57.4,-38.06,-35.3568,-40.5384
2019-11-20 19:00,-60.06,-57.51,-38.15,-35.6616,-40.5384
2019-11-20 20:00,-60.24,-57.69,-38.29,-35.6616,-40.5384
2019-11-20 21:00,-60.1,-57.49,-38.36,-35.6616,-40.5384
2019-11-20 22:00,-60.2,-57.62,-38.34,-35.6616,-40.5384
2019-11-20 23:00,-60.41,-57.79,-38.6,-35.6616,-40.8432
2019-11-21 00:00,-60.26,-57.63,-38.49,-35.6616,-40.8432
2019-11-21 01:00,-60.42,-57.77,-38.61,-35.6616,-40.8432
2019-11-21 02:00,-60.48,-57.82,-38.68,-35.6616,-40.8432
2019-11-21 03:00,-60.44,-57.79,-38.66,-35.6616,-40.8432
2019-11-21 04:00,-60.49,-57.8,-38.66,-35.6616,-40.8432
2019-11-21 05:00,-60.47,-57.81,-38.79,-35.6616,-40.8432
2019-11-21 06:00,-60.61,-57.92,-38.83,-35.6616,-40.8432
2019-11-21 07:00,-60.73,-58.06,-38.95,-35.9664,-40.8432
2019-11-21 08:00,-60.97,-58.21,-39.15,-35.9664,-40.8432
2019-11-21 09:00,-60.86,-58.2,-39.13,-35.9664,-40.8432
2019-11-21 10:00,-60.76,-58.01,-39.19,-35.9664,-40.8432
2019-11-21 11:00,-60.78,-57.92,-39.06,-35.9664,-40.8432
2019-11-21 12:00,-60.74,-57.71,-39.04,-35.9664,-40.8432
2019-11-21 13:00,-60.63,-57.49,-39,-35.9664,-41.148
2019-11-21 14:00,-60.78,-57.6,-39.13,-35.9664,-41.148
2019-11-21 15:00,-60.53,-57.43,-39.11,-35.9664,-41.148
2019-11-21 16:00,-60.5,-57.5,-38.94,-35.9664,-41.148
2019-11-21 17:00,-60.75,-57.89,-39.19,-36.2712,-41.148
2019-11-21 18:00,-60.85,-57.99,-39.43,-36.2712,-41.148
2019-11-21 19:00,-60.94,-58.04,-39.54,-36.2712,-41.148
2019-11-21 20:00,-60.93,-58.08,-39.62,-36.2712,-41.148
2019-11-21 21:00,-61.12,-58.19,-39.73,-36.2712,-41.148
2019-11-21 22:00,-60.9,-57.92,-39.38,-36.2712,-41.148
2019-11-21 23:00,-60.95,-57.98,-39.62,-36.2712,-41.148
2019-11-22 00:00,-61.08,-57.95,-39.57,-36.2712,-41.148
2019-11-22 01:00,-61.05,-57.89,-39.66,-36.2712,-41.4528
2019-11-22 02:00,-61.32,-58.22,-39.85,-36.2712,-41.4528
2019-11-22 03:00,-61.17,-57.89,-39.82,-36.2712,-41.4528
2019-11-22 04:00,-61.29,-57.95,-39.81,-36.2712,-41.4528
2019-11-22 05:00,-61.54,-58.28,-40.05,-36.2712,-41.4528
2019-11-22 06:00,-61.56,-58.35,-40.17,-36.2712,-41.4528
2019-11-22 07:00,-61.45,-58.29,-40.07,-36.576,-41.4528
2019-11-22 08:00,-61.54,-58.4,-40.22,-36.2712,-41.4528
2019-11-22 09:00,-61.63,-58.54,-40.2,-36.2712,-41.4528
2019-11-22 10:00,-61.69,-58.62,-40.38,-36.576,-41.4528
2019-11-22 11:00,-61.52,-58.42,-40.24,-36.576,-41.4528
2019-11-22 12:00,-61.45,-58.13,-40.14,-36.576,-41.4528
2019-11-22 13:00,-61.32,-57.85,-40.12,-36.576,-41.4528
2019-11-22 14:00,-61.4,-57.89,-40.25,-36.576,-41.7576
2019-11-22 15:00,-61.42,-58.01,-40.31,-36.576,-41.7576
2019-11-22 16:00,-61.19,-57.76,-40.04,-36.576,-41.7576
2019-11-22 17:00,-61.19,-57.99,-39.89,-36.8808,-41.7576
2019-11-22 18:00,-61.17,-58.41,-39.92,-36.8808,-41.7576
2019-11-22 19:00,-61.38,-58.65,-40.24,-36.8808,-41.7576
2019-11-22 20:00,-61.26,-58.51,-40.13,-36.8808,-41.7576
2019-11-22 21:00,-61.41,-58.67,-40.3,-36.8808,-41.7576
2019-11-22 22:00,-61.33,-58.68,-40.39,-36.8808,-41.7576
2019-11-22 23:00,-61.39,-58.66,-40.35,-36.8808,-41.7576
2019-11-23 00:00,-61.5,-58.73,-40.47,-36.8808,-41.7576
2019-11-23 01:00,-61.42,-58.7,-40.44,-36.8808,-41.7576
2019-11-23 02:00,-61.45,-58.7,-40.44,-36.8808,-41.7576
2019-11-23 03:00,-61.69,-59,-40.59,-36.8808,-41.7576
2019-11-23 04:00,-61.55,-58.81,-40.5,-36.8808,-42.0624
2019-11-23 05:00,-61.57,-58.78,-40.62,-36.8808,-42.0624
2019-11-23 06:00,-61.61,-58.83,-40.55,-36.8808,-42.0624
2019-11-23 07:00,-61.76,-58.96,-40.82,-36.8808,-42.0624
2019-11-23 08:00,-61.87,-59.1,-40.92,-36.8808,-42.0624
2019-11-23 09:00,-61.94,-59.19,-41.04,-36.8808,-42.0624
2019-11-23 10:00,-61.92,-59.07,-41.07,-36.8808,-42.0624
2019-11-23 11:00,-61.78,-58.79,-40.95,-36.8808,-42.0624
2019-11-23 12:00,-61.83,-58.55,-41.02,-37.1856,-42.0624
2019-11-23 13:00,-61.99,-58.56,-41.15,-37.1856,-42.0624
2019-11-23 14:00,-62.05,-58.64,-41.04,-37.1856,-42.0624
2019-11-23 15:00,-61.98,-58.69,-40.93,-37.1856,-42.0624
2019-11-23 16:00,-61.69,-58.42,-40.74,-36.8808,-42.0624
2019-11-23 17:00,-61.73,-58.29,-40.44,-35.6616,-41.7576
2019-11-23 18:00,-61.91,-58.47,-40.33,-34.7472,-41.4528
2019-11-23 19:00,-61.94,-58.35,-39.97,-34.4424,-41.148
2019-11-23 20:00,-62.14,-58.44,-40.32,-34.4424,-41.148
2019-11-23 21:00,-62.2,-58.25,-39.67,-34.4424,-41.148
2019-11-23 22:00,-61.77,-57.8,-39.85,-34.4424,-40.8432
2019-11-23 23:00,-61.98,-58.14,-39.88,-34.4424,-40.8432
2019-11-24 00:00,-61.75,-57.73,-39.61,-34.4424,-40.8432
2019-11-24 01:00,-61.74,-57.67,-39.35,-34.4424,-40.5384
2019-11-24 02:00,-61.04,-57.55,-38.91,-33.528,-40.5384
2019-11-24 03:00,-59.44,-57.17,-37.19,-32.9184,-39.9288
2019-11-24 04:00,-58.63,-57.38,-36.79,-32.3088,-39.3192
2019-11-24 05:00,-57.62,-57.1,-35.87,-32.3088,-39.0144
2019-11-24 06:00,-57.13,-57.08,-35.76,-32.3088,-39.0144
2019-11-24 07:00,-57,-57.07,-35.52,-32.3088,-38.7096
2019-11-24 08:00,-56.66,-56.64,-35.04,-32.3088,-38.7096
2019-11-24 09:00,-57.15,-57,-35.47,-32.3088,-38.7096
2019-11-24 10:00,-56.62,-56.25,-34.77,-32.6136,-38.7096
2019-11-24 11:00,-57,-56.53,-35.02,-32.6136,-38.7096
2019-11-24 12:00,-56.83,-56.14,-34.78,-32.6136,-38.7096
2019-11-24 13:00,-57.09,-56.33,-35.03,-32.9184,-38.4048
2019-11-24 14:00,-57.29,-56.33,-35.13,-32.9184,-38.7096
2019-11-24 15:00,-57.38,-56.39,-35.21,-32.9184,-38.7096
2019-11-24 16:00,-57.53,-56.48,-35.34,-33.2232,-38.7096
2019-11-24 17:00,-57.65,-56.44,-35.36,-33.2232,-38.7096
2019-11-24 18:00,-57.63,-56.35,-35.34,-33.2232,-38.7096
2019-11-24 19:00,-57.66,-56.35,-35.39,-33.528,-38.7096
2019-11-24 20:00,-57.77,-56.31,-35.43,-33.528,-38.7096
2019-11-24 21:00,-57.84,-56.36,-35.57,-33.528,-38.7096
2019-11-24 22:00,-57.89,-56.39,-35.67,-33.528,-38.7096
2019-11-24 23:00,-57.95,-56.29,-35.63,-33.528,-38.7096
2019-11-25 00:00,-58.02,-56.31,-35.65,-33.528,-38.7096
2019-11-25 01:00,-58.06,-56.35,-35.76,-33.8328,-38.7096
2019-11-25 02:00,-58.13,-56.38,-35.82,-33.8328,-38.7096
2019-11-25 03:00,-58.15,-56.39,-35.84,-33.8328,-38.7096
2019-11-25 04:00,-58.27,-56.5,-35.97,-33.8328,-38.7096
2019-11-25 05:00,-58.1,-56.25,-35.92,-33.8328,-38.7096
2019-11-25 06:00,-58.42,-56.54,-36.11,-33.8328,-38.7096
2019-11-25 07:00,-58.41,-56.52,-36.19,-33.8328,-39.0144
2019-11-25 08:00,-58.58,-56.68,-36.38,-34.1376,-39.0144
2019-11-25 09:00,-58.54,-56.52,-36.35,-34.1376,-39.0144
2019-11-25 10:00,-58.8,-56.76,-36.56,-34.1376,-39.0144
2019-11-25 11:00,-58.71,-56.64,-36.5,-34.1376,-39.0144
2019-11-25 12:00,-58.55,-56.3,-36.42,-34.1376,-39.0144
2019-11-25 13:00,-58.72,-56.54,-36.59,-34.1376,-39.0144
2019-11-25 14:00,-58.7,-56.45,-36.71,-34.1376,-39.0144
2019-11-25 15:00,-58.75,-56.54,-36.75,-34.4424,-39.3192
2019-11-25 16:00,-58.55,-56.44,-36.53,-34.4424,-39.3192
2019-11-25 17:00,-58.55,-56.48,-36.58,-34.4424,-39.3192
2019-11-25 18:00,-58.58,-56.45,-36.55,-34.4424,-39.3192
2019-11-25 19:00,-58.77,-56.67,-36.85,-34.4424,-39.3192
2019-11-25 20:00,-58.79,-56.61,-36.81,-34.4424,-39.3192
2019-11-25 21:00,-58.94,-56.72,-36.92,-34.4424,-39.3192
2019-11-25 22:00,-58.91,-56.62,-36.97,-34.7472,-39.3192
2019-11-25 23:00,-58.94,-56.72,-37.02,-34.7472,-39.3192
2019-11-26 00:00,-58.9,-56.67,-37.01,-34.7472,-39.3192
2019-11-26 01:00,-59.02,-56.72,-37.05,-34.7472,-39.624
2019-11-26 02:00,-58.92,-56.7,-37,-34.7472,-39.624
2019-11-26 03:00,-59.21,-56.87,-37.31,-34.7472,-39.624
2019-11-26 04:00,-59.45,-57.1,-37.47,-34.7472,-39.624
2019-11-26 05:00,-59.15,-56.87,-37.32,-34.7472,-39.624
2019-11-26 06:00,-59.27,-56.98,-37.45,-34.7472,-39.624
2019-11-26 07:00,-59.32,-56.99,-37.39,-34.7472,-39.624
2019-11-26 08:00,-59.63,-57.34,-37.64,-35.052,-39.624
2019-11-26 09:00,-59.66,-57.32,-37.78,-35.052,-39.624
2019-11-26 10:00,-59.51,-57.1,-37.65,-35.052,-39.624
2019-11-26 11:00,-59.45,-57.1,-37.75,-35.052,-39.624
2019-11-26 12:00,-59.59,-57.04,-37.77,-35.052,-39.624
2019-11-26 13:00,-59.64,-57.05,-37.9,-35.052,-39.9288
2019-11-26 14:00,-59.59,-57.01,-37.93,-35.052,-39.9288
2019-11-26 15:00,-59.63,-57.13,-37.88,-35.052,-39.9288
2019-11-26 16:00,-59.34,-56.88,-37.7,-35.3568,-39.9288
2019-11-26 17:00,-59.37,-56.96,-37.77,-35.3568,-39.9288
2019-11-26 18:00,-59.53,-57.14,-37.82,-35.3568,-39.9288
2019-11-26 19:00,-59.56,-57.14,-37.94,-35.3568,-39.9288
2019-11-26 20:00,-59.69,-57.26,-38.09,-35.3568,-39.9288
2019-11-26 21:00,-59.68,-57.24,-38.03,-35.3568,-39.9288
2019-11-26 22:00,-59.68,-57.18,-38.06,-35.3568,-40.2336
2019-11-26 23:00,-59.76,-57.27,-38.21,-35.3568,-40.2336
2019-11-27 00:00,-59.82,-57.34,-38.33,-35.3568,-40.2336
2019-11-27 01:00,-59.85,-57.38,-38.27,-35.3568,-40.2336
2019-11-27 02:00,-59.83,-57.3,-38.38,-35.3568,-40.2336
2019-11-27 03:00,-59.9,-57.36,-38.32,-35.6616,-40.2336
2019-11-27 04:00,-60,-57.44,-38.42,-35.6616,-40.2336
2019-11-27 05:00,-60,-57.4,-38.59,-35.6616,-40.2336
2019-11-27 06:00,-60.01,-57.53,-38.51,-35.6616,-40.2336
2019-11-27 07:00,-60.08,-57.61,-38.55,-35.6616,-40.2336
2019-11-27 08:00,-60.23,-57.74,-38.59,-35.6616,-40.2336
2019-11-27 09:00,-60.56,-58.09,-39.41,-35.6616,-40.2336
2019-11-27 10:00,-60.26,-57.72,-38.73,-35.6616,-40.2336
2019-11-27 11:00,-60.43,-57.83,-38.92,-35.6616,-40.2336
2019-11-27 12:00,-60.17,-57.46,-38.67,-35.6616,-40.2336
2019-11-27 13:00,-60.19,-57.28,-38.89,-35.6616,-40.5384
2019-11-27 14:00,-60.45,-57.31,-38.87,-35.6616,-40.5384
2019-11-27 15:00,-60.47,-57.21,-38.94,-35.6616,-40.5384
2019-11-27 16:00,-60.49,-57.27,-39.1,-35.6616,-40.5384
2019-11-27 17:00,-60.71,-57.4,-39.14,-35.6616,-40.5384
2019-11-27 18:00,-60.41,-57.32,-39.01,-35.6616,-40.5384
2019-11-27 19:00,-60.34,-57.36,-38.94,-35.9664,-40.5384
2019-11-27 20:00,-60.36,-57.52,-39.04,-35.9664,-40.5384
2019-11-27 21:00,-60.37,-57.63,-39.08,-35.9664,-40.5384
2019-11-27 22:00,-60.46,-57.78,-39.09,-35.9664,-40.5384
2019-11-27 23:00,-60.48,-57.85,-39.23,-35.9664,-40.5384
2019-11-28 00:00,-60.38,-57.77,-39.08,-35.9664,-40.5384
2019-11-28 01:00,-60.31,-57.79,-39.04,-35.9664,-40.5384
2019-11-28 02:00,-60.49,-57.97,-39.22,-35.9664,-40.5384
2019-11-28 03:00,-60.53,-58.05,-39.29,-35.9664,-40.5384
2019-11-28 04:00,-60.5,-57.94,-39.3,-35.9664,-40.8432
2019-11-28 05:00,-60.58,-58.04,-39.3,-35.9664,-40.8432
2019-11-28 06:00,-60.4,-57.99,-39.24,-35.9664,-40.8432
2019-11-28 07:00,-60.68,-58.13,-39.52,-35.9664,-40.8432
2019-11-28 08:00,-60.84,-58.26,-39.71,-35.9664,-40.8432
2019-11-28 09:00,-60.84,-58.26,-39.62,-36.2712,-40.8432
2019-11-28 10:00,-60.87,-58.23,-39.63,-36.2712,-40.8432
2019-11-28 11:00,-60.69,-58.04,-39.71,-36.2712,-40.8432
2019-11-28 12:00,-60.69,-58.01,-39.71,-36.2712,-40.8432
2019-11-28 13:00,-60.91,-58.11,-39.75,-36.2712,-40.8432
2019-11-28 14:00,-60.74,-58.03,-39.8,-36.2712,-41.148
2019-11-28 15:00,-60.86,-58.2,-39.85,-36.2712,-41.148
2019-11-28 16:00,-60.95,-58.36,-39.95,-36.576,-41.148
2019-11-28 17:00,-60.97,-58.32,-40.02,-36.576,-41.148
2019-11-28 18:00,-60.75,-58.17,-39.95,-36.576,-41.148
2019-11-28 19:00,-61.03,-58.5,-40.13,-36.576,-41.148
2019-11-28 20:00,-60.96,-58.52,-40.22,-36.576,-41.148
2019-11-28 21:00,-61.24,-58.57,-40.45,-36.576,-41.148
2019-11-28 22:00,-61.09,-58.5,-40.32,-36.576,-41.148
2019-11-28 23:00,-61.08,-58.51,-40.35,-36.8808,-41.148
2019-11-29 00:00,-61.07,-58.54,-40.37,-36.8808,-41.4528
2019-11-29 01:00,-61.31,-58.76,-40.46,-36.8808,-41.4528
2019-11-29 02:00,-61.25,-58.66,-40.56,-36.8808,-41.4528
2019-11-29 03:00,-61.28,-58.66,-40.61,-36.8808,-41.4528
2019-11-29 04:00,-61.4,-58.8,-40.71,-36.8808,-41.4528
2019-11-29 05:00,-61.48,-58.77,-40.75,-36.8808,-41.4528
2019-11-29 06:00,-61.54,-58.92,-40.85,-36.8808,-41.4528
2019-11-29 07:00,-61.61,-58.98,-40.95,-36.8808,-41.4528
2019-11-29 08:00,-61.65,-59.03,-41.16,-36.8808,-41.4528
2019-11-29 09:00,-61.73,-59,-41.27,-36.8808,-41.4528
2019-11-29 10:00,-61.8,-59.13,-41.29,-36.8808,-41.4528
2019-11-29 11:00,-61.6,-58.88,-41.06,-36.8808,-41.4528
2019-11-29 12:00,-61.74,-58.89,-41.11,-36.8808,-41.7576
2019-11-29 13:00,-61.72,-58.82,-41.24,-37.1856,-41.7576
2019-11-29 14:00,-61.69,-58.64,-41.3,-37.1856,-41.7576
2019-11-29 15:00,-61.76,-58.76,-41.28,-37.1856,-41.7576
2019-11-29 16:00,-61.32,-58.41,-40.93,-37.1856,-41.7576
2019-11-29 17:00,-61.61,-58.93,-41.23,-37.1856,-41.7576
2019-11-29 18:00,-61.62,-58.94,-41.21,-37.1856,-41.7576
2019-11-29 19:00,-61.67,-58.97,-41.3,-37.1856,-41.7576
2019-11-29 20:00,-61.75,-59.09,-41.48,-37.1856,-41.7576
2019-11-29 21:00,-61.85,-59.2,-41.57,-37.1856,-41.7576
2019-11-29 22:00,-61.96,-59.29,-41.59,-37.1856,-41.7576
2019-11-29 23:00,-61.89,-59.17,-41.51,-37.1856,-41.7576
2019-11-30 00:00,-61.91,-58.98,-41.63,-37.1856,-41.7576
2019-11-30 01:00,-61.95,-59.12,-41.8,-37.1856,-42.0624
2019-11-30 02:00,-61.84,-59.08,-41.52,-37.4904,-42.0624
2019-11-30 03:00,-61.89,-59.16,-41.59,-37.4904,-42.0624
2019-11-30 04:00,-62.1,-59.25,-41.65,-37.4904,-42.0624
2019-11-30 05:00,-62.24,-59.42,-41.92,-37.4904,-42.0624
2019-11-30 06:00,-62.25,-59.54,-41.92,-37.4904,-42.0624
2019-11-30 07:00,-62.16,-59.52,-41.83,-37.4904,-42.0624
2019-11-30 08:00,-62.32,-59.66,-41.94,-37.4904,-42.0624
2019-11-30 09:00,-62.31,-59.66,-42.04,-37.4904,-42.0624
2019-11-30 10:00,-62.16,-59.59,-41.94,-37.4904,-42.0624
2019-11-30 11:00,-62.28,-59.58,-42.06,-37.4904,-42.0624
2019-11-30 12:00,-62.32,-59.4,-42.09,-37.4904,-42.0624
2019-11-30 13:00,-62.24,-59.23,-42.08,-37.4904,-42.0624
2019-11-30 14:00,-62.2,-59.16,-41.98,-37.4904,-42.0624
2019-11-30 15:00,-61.93,-58.91,-41.78,-37.4904,-42.0624
2019-11-30 16:00,-62.06,-59.23,-41.94,-37.4904,-42.0624
2019-11-30 17:00,-61.99,-59.17,-41.85,-37.4904,-42.3672
2019-11-30 18:00,-61.99,-59.28,-41.9,-37.4904,-42.3672
2019-11-30 19:00,-62.16,-59.47,-41.98,-37.4904,-42.3672
2019-11-30 20:00,-62.14,-59.54,-42.1,-37.4904,-42.3672
2019-11-30 21:00,-62.16,-59.5,-42.1,-37.4904,-42.3672
2019-11-30 22:00,-62.19,-59.29,-42.07,-37.4904,-42.3672
2019-11-30 23:00,-62.32,-59.46,-42.23,-37.4904,-42.3672
2019-12-01 00:00,-62.08,-59.13,-41.94,-37.4904,-42.3672
2019-12-01 01:00,-62.28,-59.49,-42.14,-37.1856,-42.3672
2019-12-01 02:00,-62.35,-59.69,-42.19,-37.1856,-42.3672
2019-12-01 03:00,-62.24,-59.3,-42.29,-37.1856,-42.3672
2019-12-01 04:00,-62.69,-59.49,-42.41,-37.1856,-42.3672
2019-12-01 05:00,-62.3,-59.43,-42.22,-37.1856,-42.3672
2019-12-01 06:00,-62.36,-59.3,-42.22,-37.1856,-42.3672
2019-12-01 07:00,-62.58,-59.46,-42.34,-37.1856,-42.3672
2019-12-01 08:00,-62.44,-59.16,-42.56,-37.1856,-42.3672
2019-12-01 09:00,-62.41,-59.01,-42.33,-37.1856,-42.3672
2019-12-01 10:00,-62.57,-58.96,-42.45,-37.1856,-42.3672
2019-12-01 11:00,-62.55,-58.85,-42.68,-37.1856,-42.3672
2019-12-01 12:00,-62.61,-58.69,-42.49,-37.1856,-42.3672
2019-12-01 13:00,-62.64,-58.7,-42.18,-36.576,-42.3672
2019-12-01 14:00,-62.71,-58.57,-41.8,-35.6616,-42.0624
2019-12-01 15:00,-62.41,-58.29,-40.95,-35.052,-41.4528
2019-12-01 16:00,-61.87,-57.84,-40.34,-34.4424,-41.148
2019-12-01 17:00,-60.53,-57.44,-39.43,-33.8328,-40.5384
2019-12-01 18:00,-59.7,-57.45,-39,-33.528,-40.5384
2019-12-01 19:00,-59.14,-57.57,-38.66,-33.2232,-40.2336
2019-12-01 20:00,-59,-57.94,-38.66,-33.528,-40.2336
2019-12-01 21:00,-58.79,-57.97,-38.51,-33.528,-39.9288
2019-12-01 22:00,-58.52,-57.68,-38.17,-33.528,-39.9288
2019-12-01 23:00,-58.53,-57.54,-38.04,-33.528,-39.9288
2019-12-02 00:00,-58.6,-57.45,-37.98,-33.528,-39.9288
2019-12-02 01:00,-58.48,-57.23,-37.64,-33.528,-39.9288
2019-12-02 02:00,-58.69,-57.45,-37.75,-33.528,-39.9288
2019-12-02 03:00,-58.95,-57.67,-37.81,-33.8328,-39.9288
2019-12-02 04:00,-59.12,-57.67,-37.86,-33.8328,-39.624
2019-12-02 05:00,-59.12,-57.7,-37.83,-33.8328,-39.624
2019-12-02 06:00,-59.02,-57.65,-37.72,-33.8328,-39.624
2019-12-02 07:00,-59.06,-57.59,-37.5,-33.8328,-39.624
2019-12-02 08:00,-59.15,-57.61,-37.65,-34.1376,-39.624
2019-12-02 09:00,-59.25,-57.59,-37.55,-33.8328,-39.624
2019-12-02 10:00,-59.55,-57.77,-37.78,-33.528,-39.624
2019-12-02 11:00,-59.4,-57.54,-37.64,-33.528,-39.624
2019-12-02 12:00,-59.54,-57.54,-37.72,-33.528,-39.624
2019-12-02 13:00,-59.46,-57.49,-37.65,-33.528,-39.624
2019-12-02 14:00,-59.29,-57.49,-37.52,-33.528,-39.624
2019-12-02 15:00,-59.02,-57.42,-37.57,-33.8328,-39.624
2019-12-02 16:00,-59.29,-57.64,-37.54,-33.8328,-39.3192
2019-12-02 17:00,-59.28,-57.56,-37.48,-33.8328,-39.3192
2019-12-02 18:00,-59.07,-57.38,-37.31,-33.8328,-39.0144
2019-12-02 19:00,-59.2,-57.46,-37.42,-33.8328,-39.0144
2019-12-02 20:00,-59.38,-57.62,-37.61,-33.8328,-39.0144
2019-12-02 21:00,-59.39,-57.6,-37.6,-33.8328,-39.0144
2019-12-02 22:00,-59.52,-57.67,-37.7,-34.1376,-38.7096
2019-12-02 23:00,-59.49,-57.62,-37.62,-34.1376,-38.7096
2019-12-03 00:00,-59.44,-57.52,-37.62,-34.1376,-38.7096
2019-12-03 01:00,-59.48,-57.54,-37.57,-34.1376,-38.7096
2019-12-03 02:00,-59.56,-57.64,-37.56,-34.1376,-38.7096
2019-12-03 03:00,-59.67,-57.7,-37.68,-34.1376,-38.7096
2019-12-03 04:00,-59.62,-57.56,-37.78,-34.1376,-38.7096
2019-12-03 05:00,-59.54,-57.51,-37.65,-34.4424,-38.7096
2019-12-03 06:00,-59.69,-57.67,-37.8,-34.4424,-38.7096
2019-12-03 07:00,-59.6,-57.5,-37.76,-34.4424,-38.7096
2019-12-03 08:00,-59.71,-57.61,-37.82,-34.4424,-38.7096
2019-12-03 09:00,-59.83,-57.72,-37.96,-34.4424,-38.7096
2019-12-03 10:00,-59.9,-57.75,-38.14,-34.4424,-38.7096
2019-12-03 11:00,-59.8,-57.49,-38.09,-34.4424,-38.7096
2019-12-03 12:00,-60.05,-57.5,-38.2,-34.7472,-38.7096
2019-12-03 13:00,-59.87,-57.22,-38.15,-34.7472,-38.7096
2019-12-03 14:00,-59.93,-57.31,-38.26,-34.7472,-39.0144
2019-12-03 15:00,-59.85,-57.38,-38.11,-34.7472,-39.0144
2019-12-03 16:00,-59.7,-57.34,-38.1,-34.7472,-39.0144
2019-12-03 17:00,-59.79,-57.47,-38.23,-34.7472,-39.0144
2019-12-03 18:00,-59.64,-57.38,-38.05,-35.052,-39.0144
2019-12-03 19:00,-59.75,-57.54,-38.17,-35.052,-39.0144
2019-12-03 20:00,-59.67,-57.41,-38.2,-35.052,-39.0144
2019-12-03 21:00,-59.88,-57.52,-38.25,-35.052,-39.0144
2019-12-03 22:00,-59.9,-57.58,-38.33,-35.052,-39.0144
2019-12-03 23:00,-59.99,-57.56,-38.43,-35.052,-39.0144
2019-12-04 00:00,-60.19,-57.58,-38.54,-35.052,-39.0144
2019-12-04 01:00,-60.22,-57.63,-38.52,-35.052,-39.3192
2019-12-04 02:00,-60.31,-57.73,-38.74,-35.052,-39.3192
2019-12-04 03:00,-60.38,-57.73,-38.72,-35.052,-39.3192
2019-12-04 04:00,-60.26,-57.63,-38.72,-35.052,-39.3192
2019-12-04 05:00,-60.13,-57.66,-38.59,-35.3568,-39.3192
2019-12-04 06:00,-59.95,-57.47,-38.43,-35.3568,-39.3192
2019-12-04 07:00,-60.38,-57.91,-38.79,-35.3568,-39.3192
2019-12-04 08:00,-60.22,-57.79,-38.76,-35.3568,-39.3192
2019-12-04 09:00,-60.47,-58.03,-39.01,-35.3568,-39.3192
2019-12-04 10:00,-60.55,-58.13,-38.95,-35.3568,-39.3192
2019-12-04 11:00,-60.47,-57.91,-39.06,-35.3568,-39.3192
2019-12-04 12:00,-60.5,-57.59,-38.98,-35.3568,-39.3192
2019-12-04 13:00,-60.53,-57.49,-39.07,-35.3568,-39.624
2019-12-04 14:00,-60.56,-57.62,-39.18,-35.6616,-39.3192
2019-12-04 15:00,-60.6,-57.76,-39.15,-35.6616,-39.624
2019-12-04 16:00,-60.22,-57.69,-38.91,-35.6616,-39.624
2019-12-04 17:00,-60.49,-58.12,-39.2,-35.6616,-39.624
2019-12-04 18:00,-60.36,-57.96,-39.14,-35.6616,-39.624
2019-12-04 19:00,-60.43,-57.98,-39.2,-35.6616,-39.624
2019-12-04 20:00,-60.59,-58.12,-39.39,-35.6616,-39.624
2019-12-04 21:00,-60.71,-58.28,-39.47,-35.6616,-39.624
2019-12-04 22:00,-60.63,-58.17,-39.36,-35.6616,-39.624
2019-12-04 23:00,-60.66,-58.21,-39.47,-35.9664,-39.624
2019-12-05 00:00,-60.65,-58.14,-39.48,-35.9664,-39.9288
2019-12-05 01:00,-60.82,-58.31,-39.6,-35.9664,-39.9288
2019-12-05 02:00,-60.82,-58.32,-39.63,-35.9664,-39.9288
2019-12-05 03:00,-60.89,-58.31,-39.61,-35.9664,-39.9288
2019-12-05 04:00,-60.8,-58.29,-39.69,-35.9664,-39.9288
2019-12-05 05:00,-60.93,-58.45,-39.75,-35.9664,-39.9288
2019-12-05 06:00,-61.02,-58.53,-39.86,-35.9664,-39.9288
2019-12-05 07:00,-60.96,-58.46,-39.81,-35.9664,-39.9288
2019-12-05 08:00,-61.07,-58.52,-39.96,-35.9664,-39.9288
2019-12-05 09:00,-61.21,-58.73,-40.31,-35.9664,-39.9288
2019-12-05 10:00,-61.33,-58.7,-40.34,-36.2712,-39.9288
2019-12-05 11:00,-61.06,-58.38,-40.13,-36.2712,-39.9288
2019-12-05 12:00,-61.25,-58.54,-40.31,-36.2712,-40.2336
2019-12-05 13:00,-61.12,-58.33,-40.15,-36.2712,-40.2336
2019-12-05 14:00,-61.21,-58.58,-40.33,-36.2712,-40.2336
2019-12-05 15:00,-61.18,-58.64,-40.32,-36.2712,-40.2336
2019-12-05 16:00,-61.13,-58.56,-40.3,-36.2712,-40.2336
2019-12-05 17:00,-61.15,-58.57,-40.34,-36.2712,-40.2336
2019-12-05 18:00,-61.2,-58.64,-40.45,-36.2712,-40.2336
2019-12-05 19:00,-61.32,-58.77,-40.57,-36.576,-40.2336
2019-12-05 20:00,-61.29,-58.6,-40.55,-36.576,-40.2336
2019-12-05 21:00,-61.49,-58.82,-40.78,-36.576,-40.5384
2019-12-05 22:00,-61.56,-58.89,-40.82,-36.576,-40.5384
2019-12-05 23:00,-61.6,-58.93,-40.89,-36.576,-40.5384
2019-12-06 00:00,-61.61,-58.88,-40.89,-36.576,-40.5384
2019-12-06 01:00,-61.62,-58.86,-40.86,-36.576,-40.5384
2019-12-06 02:00,-61.59,-58.86,-40.92,-36.576,-40.5384
2019-12-06 03:00,-61.72,-58.91,-41.06,-36.576,-40.5384
2019-12-06 04:00,-61.67,-58.86,-40.99,-36.576,-40.5384
2019-12-06 05:00,-61.8,-58.98,-41.08,-36.8808,-40.5384
2019-12-06 06:00,-61.79,-59.05,-41.13,-36.8808,-40.5384
2019-12-06 07:00,-61.82,-59.09,-41.16,-36.8808,-40.5384
2019-12-06 08:00,-62.09,-59.25,-41.39,-36.8808,-40.5384
2019-12-06 09:00,-62.12,-59.36,-41.5,-36.8808,-40.5384
2019-12-06 10:00,-61.87,-59.03,-41.3,-36.8808,-40.5384
2019-12-06 11:00,-61.83,-58.95,-41.35,-36.8808,-40.8432
2019-12-06 12:00,-61.78,-58.61,-41.28,-36.8808,-40.8432
2019-12-06 13:00,-61.78,-58.68,-41.22,-36.8808,-40.8432
2019-12-06 14:00,-61.78,-58.65,-41.36,-36.8808,-40.8432
2019-12-06 15:00,-61.86,-58.8,-41.38,-36.8808,-40.8432
2019-12-06 16:00,-61.84,-58.91,-41.42,-36.8808,-40.8432
2019-12-06 17:00,-61.63,-58.78,-41.26,-36.8808,-40.8432
2019-12-06 18:00,-61.52,-58.62,-41.39,-37.1856,-40.8432
2019-12-06 19:00,-61.67,-58.83,-41.27,-37.1856,-40.8432
2019-12-06 20:00,-61.66,-58.87,-41.3,-37.1856,-40.8432
2019-12-06 21:00,-61.8,-58.98,-41.48,-37.1856,-41.148
2019-12-06 22:00,-61.98,-59.12,-41.66,-37.1856,-41.148
2019-12-06 23:00,-61.86,-59.05,-41.56,-37.1856,-41.148
2019-12-07 00:00,-61.89,-59.08,-41.6,-37.1856,-41.148
2019-12-07 01:00,-61.99,-59.2,-41.71,-37.1856,-41.148
2019-12-07 02:00,-61.94,-59.12,-41.68,-37.1856,-41.148
2019-12-07 03:00,-62.03,-59.25,-41.77,-37.1856,-41.148
2019-12-07 04:00,-62,-59.23,-41.71,-37.1856,-41.148
2019-12-07 05:00,-62.07,-59.37,-41.83,-37.1856,-41.148
2019-12-07 06:00,-61.98,-59.23,-41.74,-37.1856,-41.148
2019-12-07 07:00,-62.34,-59.58,-42.06,-37.1856,-41.148
2019-12-07 08:00,-62.33,-59.55,-42.03,-37.1856,-41.148
2019-12-07 09:00,-62.4,-59.59,-42.08,-37.1856,-41.148
2019-12-07 10:00,-62.4,-59.51,-42.09,-37.1856,-41.148
2019-12-07 11:00,-62.21,-59.34,-42.01,-37.1856,-41.148
2019-12-07 12:00,-62.19,-59.31,-42.01,-37.1856,-41.4528
2019-12-07 13:00,-62.44,-59.51,-42.27,-37.4904,-41.4528
2019-12-07 14:00,-62.24,-59.34,-42.13,-37.4904,-41.4528
2019-12-07 15:00,-62.33,-59.48,-42.2,-37.4904,-41.4528
2019-12-07 16:00,-62.09,-59.27,-42.12,-37.4904,-41.4528
2019-12-07 17:00,-62.2,-59.39,-42.25,-37.4904,-41.4528
2019-12-07 18:00,-62.27,-59.46,-42.29,-37.4904,-41.4528
2019-12-07 19:00,-62.37,-59.53,-42.39,-37.4904,-41.4528
2019-12-07 20:00,-62.26,-59.51,-42.35,-37.4904,-41.4528
2019-12-07 21:00,-62.35,-59.56,-42.47,-37.4904,-41.4528
2019-12-07 22:00,-62.46,-59.73,-42.57,-37.4904,-41.4528
2019-12-07 23:00,-62.41,-59.67,-42.51,-37.4904,-41.4528
2019-12-08 00:00,-62.44,-59.66,-42.64,-37.4904,-41.7576
2019-12-08 01:00,-62.48,-59.64,-42.6,-37.7952,-41.7576
2019-12-08 02:00,-62.49,-59.66,-42.59,-37.7952,-41.7576
2019-12-08 03:00,-62.6,-59.74,-42.75,-37.7952,-41.7576
2019-12-08 04:00,-62.59,-59.71,-42.69,-37.7952,-41.7576
2019-12-08 05:00,-62.65,-59.82,-42.76,-37.7952,-41.7576
2019-12-08 06:00,-62.69,-59.83,-42.84,-37.7952,-41.7576
2019-12-08 07:00,-62.63,-59.8,-42.82,-37.7952,-41.7576
2019-12-08 08:00,-62.88,-60.05,-43.03,-37.7952,-41.7576
2019-12-08 09:00,-62.88,-60.02,-43.01,-37.7952,-41.7576
2019-12-08 10:00,-62.89,-59.99,-42.99,-37.7952,-41.7576
2019-12-08 11:00,-62.78,-59.85,-42.96,-37.7952,-41.7576
2019-12-08 12:00,-62.75,-59.59,-42.88,-37.7952,-41.7576
2019-12-08 13:00,-62.74,-59.56,-42.94,-37.7952,-41.7576
2019-12-08 14:00,-62.59,-59.44,-42.95,-37.7952,-42.0624
2019-12-08 15:00,-62.82,-59.61,-43.07,-37.7952,-42.0624
2019-12-08 16:00,-62.68,-59.5,-42.93,-37.7952,-42.0624
2019-12-08 17:00,-62.44,-59.36,-42.73,-38.1,-42.0624
2019-12-08 18:00,-62.51,-59.52,-42.85,-38.1,-42.0624
2019-12-08 19:00,-62.71,-59.68,-43.04,-38.1,-42.0624
2019-12-08 20:00,-62.64,-59.67,-43.04,-38.1,-42.0624
2019-12-08 21:00,-62.79,-59.83,-43.09,-38.1,-42.0624
2019-12-08 22:00,-62.63,-59.62,-43.05,-38.1,-42.0624
2019-12-08 23:00,-62.77,-59.63,-43.14,-38.1,-42.0624
2019-12-09 00:00,-62.79,-59.48,-43.32,-38.1,-42.0624
2019-12-09 01:00,-63,-59.69,-42.99,-38.1,-42.0624
2019-12-09 02:00,-63.05,-60.18,-43.37,-38.1,-42.0624
2019-12-09 03:00,-62.99,-59.89,-40.9,-38.1,-41.7576
2019-12-09 04:00,-60.79,-58.63,-33.09,-34.7472,-39.624
2019-12-09 05:00,-54.19,-54.28,-26.7,-27.7368,-36.576
2019-12-09 06:00,-53.01,-52.32,-26.24,-25.6032,-35.6616
2019-12-09 07:00,-52.97,-51.74,-26.04,-25.908,-35.3568
2019-12-09 08:00,-53.18,-51.44,-25.98,-26.2128,-35.052
2019-12-09 09:00,-53.44,-51.3,-26.07,-26.5176,-35.052
2019-12-09 10:00,-53.54,-51.16,-26.1,-26.8224,-34.7472
2019-12-09 11:00,-53.65,-50.97,-26.03,-26.8224,-34.7472
2019-12-09 12:00,-53.65,-50.83,-26.02,-27.1272,-34.7472
2019-12-09 13:00,-53.68,-50.7,-26.21,-27.1272,-34.7472
2019-12-09 14:00,-53.68,-50.61,-26.25,-27.432,-34.7472
2019-12-09 15:00,-53.74,-50.57,-26.31,-27.7368,-34.7472
2019-12-09 16:00,-53.6,-50.56,-26.29,-27.7368,-34.7472
2019-12-09 17:00,-53.44,-50.47,-26.14,-27.7368,-34.7472
2019-12-09 18:00,-53.51,-50.66,-26.31,-28.0416,-34.7472
2019-12-09 19:00,-53.44,-50.67,-26.41,-28.0416,-34.4424
2019-12-09 20:00,-53.68,-50.85,-26.83,-28.0416,-34.7472
2019-12-09 21:00,-53.69,-50.88,-26.81,-28.0416,-34.4424
2019-12-09 22:00,-53.78,-50.98,-26.97,-28.3464,-34.4424
2019-12-09 23:00,-53.79,-51,-27.05,-28.3464,-34.4424
2019-12-10 00:00,-53.73,-50.95,-27.09,-28.3464,-34.4424
2019-12-10 01:00,-53.7,-50.79,-26.98,-28.3464,-34.7472
2019-12-10 02:00,-53.81,-50.99,-27.19,-28.6512,-34.7472
2019-12-10 03:00,-53.86,-51.08,-27.29,-28.6512,-34.7472
2019-12-10 04:00,-53.9,-51.01,-27.46,-28.6512,-34.7472
2019-12-10 05:00,-53.88,-51.06,-27.39,-28.6512,-34.7472
2019-12-10 06:00,-53.81,-51.14,-27.49,-28.956,-34.7472
2019-12-10 07:00,-53.95,-51.27,-27.63,-28.956,-34.7472
2019-12-10 08:00,-54.1,-51.42,-27.78,-28.956,-34.7472
2019-12-10 09:00,-54.35,-51.65,-28.13,-28.956,-34.7472
2019-12-10 10:00,-54.43,-51.66,-28.27,-28.956,-34.7472
2019-12-10 11:00,-54.42,-51.65,-28.34,-29.2608,-34.7472
2019-12-10 12:00,-54.47,-51.58,-28.46,-29.2608,-34.7472
2019-12-10 13:00,-54.54,-51.66,-28.56,-29.2608,-35.052
2019-12-10 14:00,-54.58,-51.74,-28.75,-29.2608,-35.052
2019-12-10 15:00,-54.38,-51.78,-28.6,-29.5656,-35.052
2019-12-10 16:00,-54.61,-52.05,-28.96,-29.5656,-35.052
2019-12-10 17:00,-54.11,-51.66,-28.49,-29.5656,-35.052
2019-12-10 18:00,-54.25,-51.78,-28.71,-29.5656,-35.052
2019-12-10 19:00,-54.31,-51.79,-28.69,-29.5656,-35.052
2019-12-10 20:00,-54.28,-51.75,-28.74,-29.8704,-35.3568
2019-12-10 21:00,-53.42,-50.76,-27.85,-29.8704,-35.3568
2019-12-10 22:00,-53.96,-51.42,-28.51,-29.8704,-35.3568
2019-12-10 23:00,-54.22,-51.61,-28.9,-29.8704,-35.3568
2019-12-11 00:00,-54.39,-51.84,-28.97,-29.8704,-35.3568
2019-12-11 01:00,-54.36,-51.84,-28.99,-29.8704,-35.3568
2019-12-11 02:00,-54.2,-51.65,-28.98,-29.8704,-35.3568
2019-12-11 03:00,-54.17,-51.52,-29.09,-29.8704,-35.3568
2019-12-11 04:00,-54.54,-51.94,-29.39,-30.1752,-35.3568
2019-12-11 05:00,-54.75,-52.19,-29.33,-30.1752,-35.3568
2019-12-11 06:00,-54.74,-52.13,-29.54,-30.1752,-35.3568
2019-12-11 07:00,-54.97,-52.44,-29.73,-30.1752,-35.3568
2019-12-11 08:00,-54.66,-52.15,-29.46,-29.8704,-35.6616
2019-12-11 09:00,-54.83,-52.33,-29.43,-29.8704,-35.6616
2019-12-11 10:00,-54.82,-52.26,-29.54,-29.8704,-35.6616
2019-12-11 11:00,-54.93,-52.35,-29.51,-29.8704,-35.6616
2019-12-11 12:00,-54.96,-52.33,-29.75,-30.1752,-35.6616
2019-12-11 13:00,-55.18,-52.59,-29.85,-30.1752,-35.6616
2019-12-11 14:00,-55.3,-52.76,-30.09,-30.1752,-35.6616
2019-12-11 15:00,-55.31,-52.77,-30.07,-30.1752,-35.6616
2019-12-11 16:00,-55.28,-52.83,-30.23,-30.1752,-35.6616
2019-12-11 17:00,-55.16,-52.66,-30.06,-30.1752,-35.6616
2019-12-11 18:00,-55.15,-52.75,-30.09,-30.1752,-35.6616
2019-12-11 19:00,-55.43,-52.88,-30.48,-30.48,-35.6616
2019-12-11 20:00,-55.39,-52.99,-30.46,-30.48,-35.6616
2019-12-11 21:00,-55.37,-52.9,-30.46,-30.48,-35.6616
2019-12-11 22:00,-55.62,-53.07,-30.77,-30.48,-35.9664
2019-12-11 23:00,-55,-52.61,-30.32,-30.48,-35.9664
2019-12-12 00:00,-55.41,-53,-30.54,-30.48,-35.9664
2019-12-12 01:00,-55.67,-53.05,-30.86,-30.48,-35.9664
2019-12-12 02:00,-55.58,-53.09,-30.85,-30.48,-35.9664
2019-12-12 03:00,-55.81,-53.37,-31.1,-30.7848,-35.9664
2019-12-12 04:00,-55.9,-53.45,-31.19,-30.7848,-35.9664
2019-12-12 05:00,-55.85,-53.41,-31.22,-30.7848,-35.9664
2019-12-12 06:00,-55.95,-53.52,-31.32,-30.7848,-35.9664
2019-12-12 07:00,-56.01,-53.55,-31.44,-30.7848,-35.9664
2019-12-12 08:00,-56.03,-53.5,-31.51,-30.7848,-35.9664
2019-12-12 09:00,-56.09,-53.63,-31.59,-31.0896,-35.9664
2019-12-12 10:00,-56.09,-53.55,-31.55,-30.7848,-36.2712
2019-12-12 11:00,-56.08,-53.55,-31.73,-31.0896,-36.2712
2019-12-12 12:00,-56.06,-53.49,-31.63,-31.0896,-36.2712
2019-12-12 13:00,-56.02,-53.46,-31.6,-31.0896,-36.2712
2019-12-12 14:00,-56.08,-53.51,-31.8,-31.0896,-36.2712
2019-12-12 15:00,-56.01,-53.49,-31.75,-31.0896,-36.2712
2019-12-12 16:00,-55.95,-53.46,-31.7,-31.0896,-36.2712
2019-12-12 17:00,-55.98,-53.41,-31.75,-31.0896,-36.2712
2019-12-12 18:00,-55.94,-53.53,-31.85,-31.3944,-36.2712
2019-12-12 19:00,-55.93,-53.49,-31.87,-31.0896,-36.576
2019-12-12 20:00,-55.96,-53.52,-31.95,-31.3944,-36.576
2019-12-12 21:00,-56.09,-53.58,-32.04,-31.3944,-36.576
2019-12-12 22:00,-56.19,-53.69,-32.18,-31.3944,-36.576
2019-12-12 23:00,-56.2,-53.63,-32.11,-31.3944,-36.576
2019-12-13 00:00,-56.24,-53.76,-32.22,-31.3944,-36.576
2019-12-13 01:00,-56.34,-53.88,-32.34,-31.3944,-36.576
2019-12-13 02:00,-56.44,-53.92,-32.45,-31.3944,-36.576
2019-12-13 03:00,-56.44,-53.96,-32.5,-31.3944,-36.576
2019-12-13 04:00,-56.43,-53.87,-32.57,-31.3944,-36.576
2019-12-13 05:00,-56.45,-53.9,-32.53,-31.3944,-36.576
2019-12-13 06:00,-56.56,-54.02,-32.64,-31.3944,-36.576
2019-12-13 07:00,-56.55,-54.1,-32.71,-31.3944,-36.576
2019-12-13 08:00,-56.66,-54.16,-32.84,-31.3944,-36.576
2019-12-13 09:00,-56.52,-54.03,-32.77,-31.6992,-36.576
2019-12-13 10:00,-56.47,-53.98,-32.66,-31.6992,-36.576
2019-12-13 11:00,-56.34,-53.84,-32.57,-31.6992,-36.8808
2019-12-13 12:00,-56.41,-53.82,-32.34,-31.3944,-36.8808
2019-12-13 13:00,-56.48,-53.97,-32.27,-30.7848,-36.8808
2019-12-13 14:00,-56.33,-53.88,-31.95,-30.48,-36.8808
2019-12-13 15:00,-56.27,-53.86,-31.68,-30.1752,-36.8808
2019-12-13 16:00,-55.96,-53.96,-31.54,-30.1752,-36.576
2019-12-13 17:00,-55.51,-54.11,-31.53,-29.8704,-36.8808
2019-12-13 18:00,-55.03,-53.94,-31.28,-29.8704,-36.576
2019-12-13 19:00,-54.9,-53.98,-29.65,-29.5656,-36.576
2019-12-13 20:00,-52.85,-53.32,-27.78,-28.6512,-36.2712
2019-12-13 21:00,-52.03,-52.85,-27.02,-27.7368,-35.6616
2019-12-13 22:00,-51.72,-52.31,-26.06,-27.7368,-35.6616
2019-12-13 23:00,-51.23,-51.63,-24.75,-27.1272,-35.052
2019-12-14 00:00,-51.51,-51.25,-24.42,-26.5176,-34.7472
2019-12-14 01:00,-51.51,-50.63,-23.86,-26.5176,-34.4424
2019-12-14 02:00,-51.87,-50.65,-24.05,-26.8224,-34.4424
2019-12-14 03:00,-52.04,-50.6,-24.03,-26.8224,-34.1376
2019-12-14 04:00,-52.07,-50.53,-24.08,-26.8224,-34.1376
2019-12-14 05:00,-52.09,-50.48,-24.2,-27.1272,-34.1376
2019-12-14 06:00,-52.03,-50.33,-24.01,-27.1272,-33.8328
2019-12-14 07:00,-52.19,-50.57,-24.29,-27.1272,-33.8328
2019-12-14 08:00,-51.92,-50.06,-24.2,-27.432,-33.8328
2019-12-14 09:00,-51.93,-50.14,-24.24,-27.432,-33.8328
2019-12-14 10:00,-51.9,-50.22,-24.18,-27.432,-33.8328
2019-12-14 11:00,-52,-50.16,-24.41,-27.432,-33.8328
2019-12-14 12:00,-51.69,-49.96,-24.32,-27.7368,-33.8328
2019-12-14 13:00,-51.69,-49.85,-24.28,-27.7368,-33.8328
2019-12-14 14:00,-51.78,-49.94,-24.51,-27.7368,-33.8328
2019-12-14 15:00,-52.1,-50.33,-24.9,-27.7368,-33.8328
2019-12-14 16:00,-51.95,-50.21,-24.8,-28.0416,-33.8328
2019-12-14 17:00,-51.94,-50.14,-24.88,-28.0416,-33.8328
2019-12-14 18:00,-51.81,-50.07,-24.86,-28.0416,-33.8328
2019-12-14 19:00,-51.95,-50.25,-25.11,-28.0416,-33.8328
2019-12-14 20:00,-52.03,-50.24,-25.23,-28.3464,-33.8328
2019-12-14 21:00,-52.08,-50.3,-25.34,-28.3464,-33.8328
2019-12-14 22:00,-52.11,-50.26,-25.41,-28.3464,-33.8328
2019-12-14 23:00,-52.14,-50.36,-25.55,-28.3464,-33.8328
2019-12-15 00:00,-52.14,-50.36,-25.59,-28.6512,-33.8328
2019-12-15 01:00,-52.31,-50.51,-25.81,-28.6512,-33.8328
2019-12-15 02:00,-52.42,-50.63,-26.01,-28.6512,-34.1376
2019-12-15 03:00,-52.27,-50.47,-25.92,-28.6512,-34.1376
2019-12-15 04:00,-52.27,-50.46,-26.04,-28.6512,-34.1376
2019-12-15 05:00,-52.5,-50.65,-26.28,-28.956,-34.1376
2019-12-15 06:00,-52.6,-50.7,-26.41,-28.956,-34.1376
2019-12-15 07:00,-52.73,-50.85,-26.54,-28.956,-34.1376
2019-12-15 08:00,-52.87,-51.03,-26.83,-28.956,-34.1376
2019-12-15 09:00,-53.01,-51.15,-26.98,-28.956,-34.1376
2019-12-15 10:00,-53.12,-51.2,-27.05,-28.956,-34.1376
2019-12-15 11:00,-53.06,-51.13,-27.2,-29.2608,-34.1376
2019-12-15 12:00,-52.98,-51.03,-27.17,-29.2608,-34.4424
2019-12-15 13:00,-53.22,-51.23,-27.43,-29.2608,-34.4424
2019-12-15 14:00,-53.17,-51.29,-27.45,-29.2608,-34.4424
2019-12-15 15:00,-53.25,-51.37,-27.63,-29.2608,-34.4424
2019-12-15 16:00,-53.13,-51.29,-27.6,-29.5656,-34.4424
2019-12-15 17:00,-53.05,-51.24,-27.57,-29.5656,-34.4424
2019-12-15 18:00,-53.02,-51.19,-27.65,-29.5656,-34.7472
2019-12-15 19:00,-53.17,-51.41,-27.79,-29.5656,-34.7472
2019-12-15 20:00,-53.25,-51.39,-27.87,-29.5656,-34.7472
2019-12-15 21:00,-53.27,-51.48,-28,-29.8704,-34.7472
2019-12-15 22:00,-53.35,-51.47,-28.17,-29.8704,-34.7472
2019-12-15 23:00,-53.39,-51.5,-28.29,-29.8704,-34.7472
2019-12-16 00:00,-53.39,-51.53,-28.25,-29.8704,-34.7472
2019-12-16 01:00,-53.42,-51.6,-28.41,-29.8704,-34.7472
2019-12-16 02:00,-53.4,-51.56,-28.38,-29.8704,-34.7472
2019-12-16 03:00,-53.61,-51.78,-28.65,-29.8704,-35.052
2019-12-16 04:00,-53.51,-51.68,-28.51,-29.8704,-35.052
2019-12-16 05:00,-53.46,-51.65,-28.55,-30.1752,-35.052
2019-12-16 06:00,-53.77,-51.91,-28.92,-30.1752,-35.052
2019-12-16 07:00,-53.73,-51.9,-28.92,-30.1752,-35.052
2019-12-16 08:00,-53.97,-52.17,-29.17,-30.1752,-35.052
2019-12-16 09:00,-53.92,-52.12,-29.09,-30.1752,-35.052
2019-12-16 10:00,-53.98,-52.15,-29.31,-30.1752,-35.052
2019-12-16 11:00,-53.87,-52.02,-29.31,-30.1752,-35.052
2019-12-16 12:00,-53.88,-52.04,-29.37,-30.1752,-35.052
2019-12-16 13:00,-54.03,-52.17,-29.44,-30.48,-35.3568
2019-12-16 14:00,-54.04,-52.23,-29.59,-30.48,-35.3568
2019-12-16 15:00,-53.97,-52.16,-29.6,-30.48,-35.3568
2019-12-16 16:00,-53.67,-51.92,-29.41,-30.48,-35.3568
2019-12-16 17:00,-53.72,-52.05,-29.44,-30.48,-35.3568
2019-12-16 18:00,-53.82,-52.12,-29.56,-30.48,-35.3568
2019-12-16 19:00,-53.86,-52.15,-29.67,-30.48,-35.3568
2019-12-16 20:00,-53.92,-52.11,-29.59,-30.48,-35.3568
2019-12-16 21:00,-54.03,-52.32,-29.86,-30.48,-35.6616
2019-12-16 22:00,-53.95,-52.24,-29.72,-30.7848,-35.6616
2019-12-16 23:00,-54.06,-52.3,-29.91,-30.7848,-35.6616
2019-12-17 00:00,-54.14,-52.34,-30.07,-30.7848,-35.6616
2019-12-17 01:00,-54.27,-52.55,-30.08,-30.7848,-35.6616
2019-12-17 02:00,-54.19,-52.52,-30.24,-30.7848,-35.6616
2019-12-17 03:00,-54.29,-52.51,-30.27,-30.7848,-35.6616
2019-12-17 04:00,-54.18,-52.44,-30.35,-30.7848,-35.6616
2019-12-17 05:00,-54.44,-52.82,-30.43,-30.7848,-35.6616
2019-12-17 06:00,-54.27,-52.59,-30.34,-30.7848,-35.6616
2019-12-17 07:00,-54.37,-52.68,-30.34,-30.7848,-35.6616
2019-12-17 08:00,-54.24,-52.56,-30.3,-30.7848,-35.6616
2019-12-17 09:00,-54.59,-52.94,-30.7,-30.7848,-35.6616
2019-12-17 10:00,-54.59,-53.01,-30.78,-30.7848,-35.9664
2019-12-17 11:00,-54.8,-53.06,-31.01,-30.7848,-35.9664
2019-12-17 12:00,-54.53,-52.88,-30.78,-31.0896,-35.9664
2019-12-17 13:00,-54.71,-53.03,-31.07,-31.0896,-35.9664
2019-12-17 14:00,-54.59,-53.08,-30.91,-31.0896,-35.9664
2019-12-17 15:00,-54.36,-52.78,-30.76,-31.0896,-35.9664
2019-12-17 16:00,-54.26,-52.72,-30.92,-31.0896,-35.9664
2019-12-17 17:00,-54.36,-52.74,-30.83,-31.0896,-35.9664
2019-12-17 18:00,-54.56,-52.94,-30.92,-31.0896,-35.9664
2019-12-17 19:00,-54.52,-53.05,-30.74,-30.7848,-35.9664
2019-12-17 20:00,-54.42,-52.88,-30.74,-30.7848,-35.9664
2019-12-17 21:00,-54.62,-53.07,-30.96,-31.0896,-36.2712
2019-12-17 22:00,-53.49,-51.99,-29.44,-31.0896,-36.2712
2019-12-17 23:00,-54.48,-53,-30.78,-31.0896,-36.2712
2019-12-18 00:00,-54.63,-52.99,-30.66,-31.0896,-36.2712
2019-12-18 01:00,-54.71,-53.12,-30.94,-31.0896,-36.2712
2019-12-18 02:00,-54.77,-53.32,-31.07,-31.0896,-36.2712
2019-12-18 03:00,-54.74,-53.23,-31.09,-31.0896,-36.2712
2019-12-18 04:00,-54.91,-53.4,-31.16,-31.0896,-36.2712
2019-12-18 05:00,-54.92,-53.4,-31.13,-31.0896,-36.2712
2019-12-18 06:00,-54.91,-53.34,-31.24,-31.0896,-36.2712
2019-12-18 07:00,-55.06,-53.54,-31.31,-31.0896,-36.2712
2019-12-18 08:00,-55.13,-53.54,-31.49,-31.0896,-36.2712
2019-12-18 09:00,-55.14,-53.65,-31.49,-31.0896,-36.2712
2019-12-18 10:00,-55.26,-53.66,-31.68,-31.0896,-36.2712
2019-12-18 11:00,-55.1,-53.57,-31.62,-31.3944,-36.2712
2019-12-18 12:00,-55.35,-53.76,-31.85,-31.3944,-36.2712
2019-12-18 13:00,-55.35,-53.8,-31.92,-31.3944,-36.2712
2019-12-18 14:00,-55.44,-53.85,-32.1,-31.3944,-36.576
2019-12-18 15:00,-55.64,-54.09,-32.32,-31.3944,-36.576
2019-12-18 16:00,-55.39,-53.87,-32.11,-31.3944,-36.576
2019-12-18 17:00,-55.42,-53.92,-32.18,-31.6992,-36.576
2019-12-18 18:00,-55.5,-54.02,-32.29,-31.6992,-36.576
2019-12-18 19:00,-55.59,-54.09,-32.4,-31.6992,-36.576
2019-12-18 20:00,-55.7,-54.19,-32.44,-31.6992,-36.576
2019-12-18 21:00,-55.66,-54.21,-32.58,-31.6992,-36.576
2019-12-18 22:00,-55.69,-54.27,-32.63,-31.6992,-36.576
2019-12-18 23:00,-55.81,-54.33,-32.72,-31.6992,-36.576
2019-12-19 00:00,-55.81,-54.34,-32.73,-31.6992,-36.8808
2019-12-19 01:00,-55.92,-54.44,-32.85,-31.6992,-36.8808
2019-12-19 02:00,-55.95,-54.48,-32.96,-31.6992,-36.8808
2019-12-19 03:00,-55.95,-54.45,-33.01,-31.6992,-36.8808
2019-12-19 04:00,-55.94,-54.48,-32.98,-32.004,-36.8808
2019-12-19 05:00,-56.19,-54.7,-33.25,-32.004,-36.8808
2019-12-19 06:00,-56.37,-54.85,-33.47,-32.004,-36.8808
2019-12-19 07:00,-56.23,-54.82,-33.42,-32.004,-36.8808
2019-12-19 08:00,-56.33,-54.73,-33.51,-32.004,-36.8808
2019-12-19 09:00,-56.25,-54.73,-33.56,-32.004,-36.8808
2019-12-19 10:00,-56.41,-54.84,-33.72,-32.004,-36.8808
2019-12-19 11:00,-56.4,-54.82,-33.74,-32.004,-36.8808
2019-12-19 12:00,-56.25,-54.62,-33.53,-32.004,-37.1856
2019-12-19 13:00,-56.24,-54.67,-33.59,-32.3088,-37.1856
2019-12-19 14:00,-56.52,-54.94,-33.81,-32.3088,-37.1856
2019-12-19 15:00,-56.43,-54.89,-33.9,-32.3088,-37.1856
2019-12-19 16:00,-55.86,-54.4,-33.35,-32.3088,-37.1856
2019-12-19 17:00,-56.24,-54.74,-33.78,-32.3088,-37.1856
2019-12-19 18:00,-56.4,-54.85,-33.91,-32.3088,-37.1856
2019-12-19 19:00,-56.44,-54.93,-34.05,-32.3088,-37.1856
2019-12-19 20:00,-56.5,-54.94,-34.07,-32.3088,-37.1856
2019-12-19 21:00,-56.52,-54.98,-34.08,-32.3088,-37.1856
2019-12-19 22:00,-56.48,-54.96,-34.18,-32.3088,-37.1856
2019-12-19 23:00,-56.72,-55.25,-34.42,-32.3088,-37.4904
2019-12-20 00:00,-56.54,-55,-34.25,-32.3088,-37.4904
2019-12-20 01:00,-56.81,-55.22,-34.49,-32.6136,-37.4904
2019-12-20 02:00,-56.84,-55.33,-34.53,-32.6136,-37.4904
2019-12-20 03:00,-56.61,-55.13,-34.35,-32.6136,-37.4904
2019-12-20 04:00,-56.66,-55.17,-34.47,-32.6136,-37.4904
2019-12-20 05:00,-56.69,-55.16,-34.53,-32.6136,-37.4904
2019-12-20 06:00,-56.93,-55.46,-34.82,-32.6136,-37.4904
2019-12-20 07:00,-56.9,-55.37,-34.74,-32.6136,-37.4904
2019-12-20 08:00,-57,-55.49,-34.87,-32.6136,-37.4904
2019-12-20 09:00,-57.06,-55.56,-34.99,-32.6136,-37.4904
2019-12-20 10:00,-57.15,-55.62,-35.15,-32.9184,-37.4904
2019-12-20 11:00,-57.08,-55.51,-35.08,-32.9184,-37.7952
2019-12-20 12:00,-56.83,-55.24,-34.83,-32.9184,-37.7952
2019-12-20 13:00,-56.7,-55.16,-34.73,-32.9184,-37.7952
2019-12-20 14:00,-56.9,-55.36,-34.93,-32.9184,-37.7952
2019-12-20 15:00,-56.79,-55.27,-34.89,-32.9184,-37.7952
2019-12-20 16:00,-56.49,-54.99,-34.61,-32.9184,-37.7952
2019-12-20 17:00,-56.62,-55.12,-34.79,-32.9184,-37.7952
2019-12-20 18:00,-56.8,-55.36,-34.95,-32.9184,-37.7952
2019-12-20 19:00,-56.81,-55.31,-35.03,-32.9184,-37.7952
2019-12-20 20:00,-57.07,-55.59,-35.19,-32.9184,-37.7952
2019-12-20 21:00,-57.06,-55.53,-35.37,-32.9184,-37.7952
2019-12-20 22:00,-57,-55.48,-35.22,-32.9184,-37.7952
2019-12-20 23:00,-57.06,-55.52,-35.36,-32.9184,-38.1
2019-12-21 00:00,-57.15,-55.63,-35.35,-32.9184,-38.1
2019-12-21 01:00,-57.09,-55.62,-35.48,-32.9184,-38.1
2019-12-21 02:00,-57.14,-55.64,-35.46,-32.9184,-38.1
2019-12-21 03:00,-57.24,-55.74,-35.55,-32.9184,-38.1
2019-12-21 04:00,-57.36,-55.86,-35.66,-32.9184,-38.1
2019-12-21 05:00,-57.25,-55.86,-35.64,-33.2232,-38.1
2019-12-21 06:00,-57.38,-55.87,-35.72,-33.2232,-38.1
2019-12-21 07:00,-57.41,-55.86,-35.72,-33.2232,-38.1
2019-12-21 08:00,-57.42,-55.88,-35.86,-33.2232,-38.1
2019-12-21 09:00,-57.7,-56.15,-36.08,-33.2232,-38.1
2019-12-21 10:00,-57.51,-55.98,-35.93,-33.2232,-38.1
2019-12-21 11:00,-57.52,-55.98,-35.98,-33.2232,-38.1
2019-12-21 12:00,-57.48,-55.88,-36.03,-33.2232,-38.1
2019-12-21 13:00,-57.45,-55.86,-36.05,-33.2232,-38.1
2019-12-21 14:00,-57.61,-56.07,-36.06,-33.2232,-38.4048
2019-12-21 15:00,-57.39,-55.83,-35.89,-33.2232,-38.4048
2019-12-21 16:00,-57.55,-56.03,-36.14,-33.2232,-38.4048
2019-12-21 17:00,-57.43,-55.95,-36,-33.2232,-38.4048
2019-12-21 18:00,-57.39,-55.89,-35.93,-33.2232,-38.4048
2019-12-21 19:00,-57.33,-55.85,-35.9,-33.2232,-38.4048
2019-12-21 20:00,-57.43,-55.98,-36,-33.2232,-38.4048
2019-12-21 21:00,-57.5,-56.07,-36.08,-33.2232,-38.4048
2019-12-21 22:00,-57.55,-56.1,-36.24,-33.2232,-38.4048
2019-12-21 23:00,-57.26,-55.76,-35.9,-33.2232,-38.4048
2019-12-22 00:00,-57.59,-56.09,-36.27,-33.2232,-38.4048
2019-12-22 01:00,-57.64,-56.14,-36.33,-33.528,-38.4048
2019-12-22 02:00,-57.45,-55.92,-36.22,-33.528,-38.4048
2019-12-22 03:00,-57.62,-56.09,-36.31,-33.528,-38.4048
2019-12-22 04:00,-57.94,-56.41,-36.66,-33.528,-38.4048
2019-12-22 05:00,-58,-56.5,-36.65,-33.528,-38.7096
2019-12-22 06:00,-57.86,-56.35,-36.54,-33.528,-38.7096
2019-12-22 07:00,-57.99,-56.47,-36.64,-33.528,-38.7096
2019-12-22 08:00,-58,-56.55,-36.7,-33.528,-38.7096
2019-12-22 09:00,-58.44,-56.97,-37.21,-33.528,-38.7096
2019-12-22 10:00,-58.19,-56.73,-36.84,-33.528,-38.7096
2019-12-22 11:00,-58.15,-56.58,-37.01,-33.528,-38.7096
2019-12-22 12:00,-58.13,-56.55,-36.86,-33.528,-38.7096
2019-12-22 13:00,-58.11,-56.55,-36.9,-33.528,-38.7096
2019-12-22 14:00,-57.88,-56.33,-36.69,-33.528,-38.7096
2019-12-22 15:00,-57.8,-56.29,-36.69,-33.528,-38.7096
2019-12-22 16:00,-57.73,-56.24,-36.6,-33.528,-38.7096
2019-12-22 17:00,-57.77,-56.3,-36.63,-33.528,-38.7096
2019-12-22 18:00,-57.74,-56.22,-36.66,-33.528,-38.7096
2019-12-22 19:00,-57.82,-56.36,-36.73,-33.528,-39.0144
2019-12-22 20:00,-57.93,-56.45,-36.85,-33.528,-39.0144
2019-12-22 21:00,-57.88,-56.44,-36.87,-33.8328,-39.0144
2019-12-22 22:00,-58.1,-56.62,-37.02,-33.8328,-39.0144
2019-12-22 23:00,-58.04,-56.54,-37.05,-33.8328,-39.0144
2019-12-23 00:00,-58.21,-56.66,-37.13,-33.8328,-39.0144
2019-12-23 01:00,-58.26,-56.79,-37.21,-33.8328,-39.0144
2019-12-23 02:00,-58.27,-56.78,-37.27,-33.8328,-39.0144
2019-12-23 03:00,-58.41,-56.9,-37.36,-33.8328,-39.0144
2019-12-23 04:00,-58.28,-56.79,-37.28,-33.8328,-39.0144
2019-12-23 05:00,-58.22,-56.7,-37.26,-33.8328,-39.0144
2019-12-23 06:00,-58.44,-56.96,-37.39,-33.8328,-39.0144
2019-12-23 07:00,-58.38,-56.91,-37.41,-33.8328,-39.0144
2019-12-23 08:00,-58.45,-57,-37.49,-33.8328,-39.0144
2019-12-23 09:00,-58.35,-56.87,-37.48,-33.8328,-39.0144
2019-12-23 10:00,-58.5,-57,-37.55,-33.8328,-39.0144
2019-12-23 11:00,-58.33,-56.81,-37.4,-33.8328,-39.0144
2019-12-23 12:00,-58.33,-56.75,-37.34,-33.8328,-39.3192
2019-12-23 13:00,-58.36,-56.85,-37.36,-33.8328,-39.3192
2019-12-23 14:00,-58.46,-57.02,-37.45,-33.8328,-39.3192
2019-12-23 15:00,-58.37,-56.87,-37.39,-33.8328,-39.3192
2019-12-23 16:00,-58.42,-56.9,-37.45,-33.528,-39.3192
2019-12-23 17:00,-58.46,-57,-37.44,-33.528,-39.3192
2019-12-23 18:00,-58.38,-56.88,-37.3,-33.528,-39.3192
2019-12-23 19:00,-58.35,-56.9,-37.37,-33.528,-39.3192
2019-12-23 20:00,-58.37,-56.86,-37.32,-33.528,-39.3192
2019-12-23 21:00,-58.44,-56.96,-37.41,-33.528,-39.3192
2019-12-23 22:00,-58.58,-57.08,-37.5,-33.528,-39.3192
2019-12-23 23:00,-58.42,-56.92,-37.36,-33.528,-39.3192
2019-12-24 00:00,-58.34,-56.79,-37.24,-33.528,-39.3192
2019-12-24 01:00,-58.44,-56.97,-37.32,-33.528,-39.3192
2019-12-24 02:00,-58.4,-56.95,-37.28,-33.528,-39.3192
2019-12-24 03:00,-58.29,-56.77,-37.23,-33.528,-39.3192
2019-12-24 04:00,-58.34,-56.83,-37.26,-33.528,-39.3192
2019-12-24 05:00,-58.49,-56.96,-37.41,-33.8328,-39.3192
2019-12-24 06:00,-58.54,-57.02,-37.31,-33.8328,-39.3192
2019-12-24 07:00,-58.32,-56.8,-37.17,-33.8328,-39.3192
2019-12-24 08:00,-58.43,-56.9,-37.37,-33.8328,-39.3192
2019-12-24 09:00,-58.6,-57.16,-37.55,-33.8328,-39.3192
2019-12-24 10:00,-58.49,-57.04,-37.45,-33.8328,-39.3192
2019-12-24 11:00,-58.68,-57.24,-37.67,-33.8328,-39.3192
2019-12-24 12:00,-58.51,-57.01,-37.52,-33.8328,-39.624
2019-12-24 13:00,-58.47,-56.91,-37.42,-33.8328,-39.624
2019-12-24 14:00,-58.58,-57.07,-37.59,-33.8328,-39.624
2019-12-24 15:00,-58.37,-57.02,-37.53,-33.8328,-39.624
2019-12-24 16:00,-58.48,-57.09,-37.58,-33.8328,-39.624
2019-12-24 17:00,-58.75,-57.31,-37.88,-34.1376,-39.624
2019-12-24 18:00,-58.86,-57.39,-38.03,-34.1376,-39.624
2019-12-24 19:00,-58.75,-57.27,-37.82,-34.1376,-39.624
2019-12-24 20:00,-58.74,-57.37,-37.92,-34.1376,-39.624
2019-12-24 21:00,-58.66,-57.27,-37.98,-34.1376,-39.624
2019-12-24 22:00,-58.64,-57.24,-37.73,-34.1376,-39.624
2019-12-24 23:00,-58.66,-57.18,-37.93,-34.1376,-39.624
2019-12-25 00:00,-58.78,-57.34,-38.12,-34.1376,-39.624
2019-12-25 01:00,-58.89,-57.39,-38.1,-34.1376,-39.624
2019-12-25 02:00,-58.8,-57.37,-37.92,-34.1376,-39.624
2019-12-25 03:00,-58.91,-57.44,-38.06,-34.1376,-39.9288
2019-12-25 04:00,-58.98,-57.49,-38.2,-34.1376,-39.9288
2019-12-25 05:00,-58.97,-57.54,-38.17,-34.1376,-39.9288
2019-12-25 06:00,-59,-57.52,-38.17,-34.1376,-39.9288
2019-12-25 07:00,-59.07,-57.61,-38.31,-34.1376,-39.9288
2019-12-25 08:00,-59.2,-57.74,-38.46,-34.1376,-39.9288
2019-12-25 09:00,-59.34,-57.86,-38.56,-34.1376,-39.9288
2019-12-25 10:00,-59.44,-57.95,-38.69,-34.1376,-39.9288
2019-12-25 11:00,-59.24,-57.65,-38.47,-34.4424,-39.9288
2019-12-25 12:00,-59.24,-57.69,-38.58,-34.4424,-39.9288
2019-12-25 13:00,-59.18,-57.73,-38.47,-34.4424,-39.9288
2019-12-25 14:00,-59.28,-57.75,-38.53,-34.4424,-39.9288
2019-12-25 15:00,-59.07,-57.57,-38.34,-34.4424,-39.9288
2019-12-25 16:00,-59.08,-57.56,-38.46,-34.4424,-39.9288
2019-12-25 17:00,-59.13,-57.61,-38.59,-34.4424,-39.9288
2019-12-25 18:00,-59.29,-57.79,-38.82,-34.4424,-40.2336
2019-12-25 19:00,-59.32,-57.89,-38.76,-34.4424,-40.2336
2019-12-25 20:00,-59.24,-57.88,-38.74,-34.4424,-40.2336
2019-12-25 21:00,-59.31,-57.83,-38.74,-34.4424,-40.2336
2019-12-25 22:00,-59.5,-57.99,-38.99,-34.4424,-40.2336
2019-12-25 23:00,-59.48,-57.97,-39,-34.4424,-40.2336
2019-12-26 00:00,-59.47,-57.95,-38.96,-34.4424,-40.2336
2019-12-26 01:00,-59.56,-58.01,-39.02,-34.4424,-40.2336
2019-12-26 02:00,-59.91,-58.49,-39.5,-34.7472,-40.2336
2019-12-26 03:00,-59.82,-58.32,-39.3,-34.7472,-40.2336
2019-12-26 04:00,-59.71,-58.18,-39.22,-34.7472,-40.2336
2019-12-26 05:00,-59.46,-58.01,-39.01,-34.7472,-40.2336
2019-12-26 06:00,-59.65,-58.16,-39.2,-34.7472,-40.2336
2019-12-26 07:00,-60.05,-58.56,-39.61,-34.7472,-40.2336
2019-12-26 08:00,-59.84,-58.36,-39.44,-34.7472,-40.2336
2019-12-26 09:00,-60.01,-58.49,-39.56,-34.7472,-40.2336
2019-12-26 10:00,-59.96,-58.37,-39.55,-34.7472,-40.2336
2019-12-26 11:00,-59.75,-58.16,-39.4,-34.7472,-40.2336
2019-12-26 12:00,-59.67,-58.09,-39.28,-34.7472,-40.5384
2019-12-26 13:00,-59.79,-58.25,-39.46,-34.7472,-40.5384
2019-12-26 14:00,-59.84,-58.24,-39.48,-34.7472,-40.5384
2019-12-26 15:00,-59.8,-58.23,-39.36,-34.7472,-40.5384
2019-12-26 16:00,-59.46,-57.96,-39.16,-34.7472,-40.5384
2019-12-26 17:00,-59.63,-58.13,-39.45,-34.7472,-40.5384
2019-12-26 18:00,-59.73,-58.19,-39.4,-34.7472,-40.5384
2019-12-26 19:00,-59.81,-58.29,-39.5,-34.7472,-40.5384
2019-12-26 20:00,-59.86,-58.36,-39.66,-35.052,-40.5384
2019-12-26 21:00,-59.85,-58.33,-39.6,-35.052,-40.5384
2019-12-26 22:00,-59.88,-58.33,-39.62,-35.052,-40.5384
2019-12-26 23:00,-60,-58.47,-39.77,-35.052,-40.5384
2019-12-27 00:00,-60.06,-58.53,-39.86,-35.052,-40.5384
2019-12-27 01:00,-59.89,-58.4,-39.75,-35.052,-40.5384
2019-12-27 02:00,-60.22,-58.67,-40.1,-35.052,-40.5384
2019-12-27 03:00,-60.14,-58.59,-39.9,-35.052,-40.8432
2019-12-27 04:00,-60.05,-58.53,-39.85,-35.052,-40.8432
2019-12-27 05:00,-60.21,-58.69,-40.09,-35.052,-40.8432
2019-12-27 06:00,-60.21,-58.71,-40.07,-35.052,-40.8432
2019-12-27 07:00,-60.33,-58.77,-40.17,-35.052,-40.8432
2019-12-27 08:00,-60.56,-59.1,-40.35,-35.052,-40.8432
2019-12-27 09:00,-60.5,-58.94,-40.44,-35.052,-40.8432
2019-12-27 10:00,-60.44,-58.87,-40.4,-35.052,-40.8432
2019-12-27 11:00,-60.21,-58.58,-40.12,-35.052,-40.8432
2019-12-27 12:00,-60.25,-58.7,-40.2,-35.052,-40.8432
2019-12-27 13:00,-60.32,-58.73,-40.29,-35.052,-40.8432
2019-12-27 14:00,-60.22,-58.65,-40.22,-35.052,-40.8432
2019-12-27 15:00,-60.29,-58.75,-40.37,-35.3568,-40.8432
2019-12-27 16:00,-60.07,-58.57,-40.04,-35.3568,-40.8432
2019-12-27 17:00,-60.11,-58.6,-40.16,-35.3568,-41.148
2019-12-27 18:00,-60.18,-58.67,-40.26,-35.3568,-41.148
2019-12-27 19:00,-60.24,-58.72,-40.34,-35.3568,-41.148
2019-12-27 20:00,-60.29,-58.74,-40.34,-35.3568,-41.148
2019-12-27 21:00,-60.28,-58.78,-40.42,-35.3568,-41.148
2019-12-27 22:00,-60.33,-58.79,-40.32,-35.3568,-41.148
2019-12-27 23:00,-60.45,-58.88,-40.61,-35.3568,-41.148
2019-12-28 00:00,-60.47,-58.96,-40.62,-35.3568,-41.148
2019-12-28 01:00,-60.47,-58.9,-40.54,-35.3568,-41.148
2019-12-28 02:00,-60.38,-58.87,-40.58,-35.3568,-41.148
2019-12-28 03:00,-60.56,-59.01,-40.69,-35.3568,-41.148
2019-12-28 04:00,-60.53,-59.03,-40.68,-35.3568,-41.148
2019-12-28 05:00,-60.61,-59.11,-40.75,-35.3568,-41.148
2019-12-28 06:00,-60.5,-58.95,-40.58,-35.3568,-41.148
2019-12-28 07:00,-60.7,-59.17,-40.84,-35.3568,-41.148
2019-12-28 08:00,-60.73,-59.2,-40.9,-35.3568,-41.148
2019-12-28 09:00,-60.9,-59.34,-40.99,-35.3568,-41.148
2019-12-28 10:00,-60.68,-59.16,-40.89,-35.3568,-41.148
2019-12-28 11:00,-60.57,-59.01,-40.78,-35.6616,-41.4528
2019-12-28 12:00,-60.65,-59.05,-40.87,-35.6616,-41.4528
2019-12-28 13:00,-60.57,-59.02,-40.93,-35.6616,-41.4528
2019-12-28 14:00,-60.67,-59.09,-40.92,-35.6616,-41.4528
2019-12-28 15:00,-60.68,-59.17,-41.05,-35.6616,-41.4528
2019-12-28 16:00,-60.53,-59.01,-40.92,-35.6616,-41.4528
2019-12-28 17:00,-60.43,-58.92,-40.77,-35.6616,-41.4528
2019-12-28 18:00,-60.5,-58.96,-40.88,-35.6616,-41.4528
2019-12-28 19:00,-60.64,-59.1,-40.98,-35.6616,-41.4528
2019-12-28 20:00,-60.72,-59.2,-41.01,-35.6616,-41.4528
2019-12-28 21:00,-60.78,-59.24,-41.14,-35.6616,-41.4528
2019-12-28 22:00,-60.8,-59.27,-41.22,-35.6616,-41.4528
2019-12-28 23:00,-60.81,-59.26,-41.19,-35.9664,-41.4528
2019-12-29 00:00,-60.85,-59.29,-41.31,-35.6616,-41.4528
2019-12-29 01:00,-60.89,-59.33,-41.25,-35.9664,-41.4528
2019-12-29 02:00,-60.83,-59.33,-41.29,-35.9664,-41.7576
2019-12-29 03:00,-61.07,-59.54,-41.51,-35.9664,-41.7576
2019-12-29 04:00,-61.17,-59.62,-41.63,-35.9664,-41.7576
2019-12-29 05:00,-61.22,-59.61,-41.67,-35.9664,-41.7576
2019-12-29 06:00,-61.15,-59.62,-41.56,-35.9664,-41.7576
2019-12-29 07:00,-61.33,-59.76,-41.8,-35.9664,-41.7576
2019-12-29 08:00,-61.26,-59.7,-41.73,-35.9664,-41.7576
2019-12-29 09:00,-61.22,-59.71,-41.57,-35.9664,-41.7576
2019-12-29 10:00,-61.14,-59.64,-41.69,-35.9664,-41.7576
2019-12-29 11:00,-61.19,-59.59,-41.74,-35.9664,-41.7576
2019-12-29 12:00,-61.24,-59.65,-41.76,-35.9664,-41.7576
2019-12-29 13:00,-61.17,-59.6,-41.73,-35.9664,-41.7576
2019-12-29 14:00,-61.23,-59.68,-41.78,-35.9664,-41.7576
2019-12-29 15:00,-61.27,-59.73,-41.78,-35.9664,-41.7576
2019-12-29 16:00,-61.07,-59.56,-41.69,-35.9664,-41.7576
2019-12-29 17:00,-60.99,-59.45,-41.6,-35.9664,-41.7576
2019-12-29 18:00,-60.89,-59.35,-41.52,-35.9664,-42.0624
2019-12-29 19:00,-60.95,-59.4,-41.51,-35.9664,-42.0624
2019-12-29 20:00,-61.07,-59.54,-41.63,-35.9664,-42.0624
2019-12-29 21:00,-61.1,-59.56,-41.71,-35.9664,-42.0624
2019-12-29 22:00,-61.09,-59.54,-41.73,-35.9664,-42.0624
2019-12-29 23:00,-61.14,-59.57,-41.7,-35.9664,-42.0624
2019-12-30 00:00,-60.97,-59.49,-41.66,-36.2712,-42.0624
2019-12-30 01:00,-61.14,-59.63,-41.76,-35.9664,-42.0624
2019-12-30 02:00,-61.17,-59.69,-41.81,-35.9664,-42.0624
2019-12-30 03:00,-61.26,-59.76,-41.84,-35.9664,-42.0624
2019-12-30 04:00,-61.15,-59.59,-41.84,-35.9664,-42.0624
2019-12-30 05:00,-61.11,-59.57,-41.74,-35.9664,-42.0624
2019-12-30 06:00,-61.26,-59.76,-41.92,-35.9664,-42.0624
2019-12-30 07:00,-61.48,-59.99,-42.08,-35.9664,-42.0624
2019-12-30 08:00,-61.71,-60.21,-42.35,-35.9664,-42.0624
2019-12-30 09:00,-61.54,-59.95,-42.09,-35.9664,-42.0624
2019-12-30 10:00,-61.5,-60.06,-42.28,-35.9664,-42.0624
2019-12-30 11:00,-61.5,-59.98,-42.21,-35.9664,-42.0624
2019-12-30 12:00,-61.57,-60.05,-42.28,-35.9664,-42.0624
2019-12-30 13:00,-61.61,-60.12,-42.35,-35.9664,-42.0624
2019-12-30 14:00,-61.54,-60.07,-42.23,-36.2712,-42.0624
2019-12-30 15:00,-61.63,-60.08,-42.26,-36.2712,-42.0624
2019-12-30 16:00,-61.44,-59.96,-42.15,-36.2712,-42.0624
2019-12-30 17:00,-61.34,-59.85,-42.06,-36.2712,-42.3672
2019-12-30 18:00,-61.34,-59.86,-42.01,-36.2712,-42.3672
2019-12-30 19:00,-61.32,-59.85,-42.03,-36.2712,-42.3672
2019-12-30 20:00,-61.25,-59.74,-41.98,-36.2712,-42.3672
2019-12-30 21:00,-61.42,-59.96,-42.07,-36.2712,-42.3672
2019-12-30 22:00,-61.46,-59.97,-42.19,-36.2712,-42.3672
2019-12-30 23:00,-61.45,-59.87,-42.25,-36.2712,-42.3672
2019-12-31 00:00,-61.46,-59.9,-42.24,-36.2712,-42.3672
2019-12-31 01:00,-61.5,-60.07,-42.26,-36.2712,-42.3672
2019-12-31 02:00,-61.82,-60.3,-42.49,-36.2712,-42.3672
2019-12-31 03:00,-61.63,-60.06,-42.46,-36.2712,-42.3672
2019-12-31 04:00,-61.71,-60.24,-42.53,-36.2712,-42.3672
2019-12-31 05:00,-61.7,-60.23,-42.45,-36.2712,-42.3672
2019-12-31 06:00,-61.74,-60.24,-42.58,-36.2712,-42.3672
2019-12-31 07:00,-61.7,-60.25,-42.57,-36.2712,-42.3672
2019-12-31 08:00,-61.82,-60.29,-42.68,-36.2712,-42.3672
2019-12-31 09:00,-62.01,-60.49,-42.79,-36.2712,-42.3672
2019-12-31 10:00,-62.02,-60.48,-42.84,-36.2712,-42.3672
2019-12-31 11:00,-61.94,-60.36,-42.8,-36.576,-42.3672
2019-12-31 12:00,-61.76,-60.2,-42.48,-36.576,-42.3672
2019-12-31 13:00,-61.93,-60.34,-42.83,-36.576,-42.672
2019-12-31 14:00,-62.01,-60.52,-42.93,-36.576,-42.672
2019-12-31 15:00,-61.99,-60.5,-42.9,-36.576,-42.672
2019-12-31 16:00,-61.68,-60.22,-42.64,-36.576,-42.672
2019-12-31 17:00,-61.88,-60.44,-42.95,-36.576,-42.672
2019-12-31 18:00,-61.92,-60.43,-42.93,-36.576,-42.672
2019-12-31 19:00,-61.91,-60.44,-42.95,-36.576,-42.672
2019-12-31 20:00,-61.91,-60.45,-43.01,-36.576,-42.672
2019-12-31 21:00,-61.99,-60.5,-43.04,-36.576,-42.672
2019-12-31 22:00,-62.06,-60.57,-43.16,-36.576,-42.672
2019-12-31 23:00,-61.98,-60.46,-43.05,-36.8808,-42.672
2020-01-01 00:00,-62.02,-60.5,-43.09,-36.8808,-42.672
2020-01-01 01:00,-61.99,-60.51,-43.01,-36.8808,-42.672
2020-01-01 02:00,-62,-60.57,-43.09,-36.8808,-42.672
2020-01-01 03:00,-62.05,-60.55,-43.06,-36.8808,-42.672
2020-01-01 04:00,-62.06,-60.55,-43.16,-36.8808,-42.9768
2020-01-01 05:00,-62.4,-60.97,-43.48,-36.8808,-42.9768
2020-01-01 06:00,-62.2,-60.76,-43.32,-36.8808,-42.9768
2020-01-01 07:00,-62.27,-60.82,-43.3,-36.8808,-42.9768
2020-01-01 08:00,-62.41,-60.93,-43.52,-36.8808,-42.9768
2020-01-01 09:00,-62.61,-61.14,-43.65,-36.8808,-42.9768
2020-01-01 10:00,-62.42,-60.94,-43.59,-36.8808,-42.9768
2020-01-01 11:00,-62.6,-61.02,-43.72,-36.8808,-42.9768
2020-01-01 12:00,-62.44,-60.86,-43.61,-36.8808,-42.9768
2020-01-01 13:00,-62.59,-61.1,-43.69,-36.8808,-42.9768
2020-01-01 14:00,-62.2,-60.58,-43.37,-36.8808,-42.9768
2020-01-01 15:00,-62.49,-61.1,-43.76,-36.8808,-42.9768
2020-01-01 16:00,-62.2,-60.68,-43.38,-36.8808,-42.9768
2020-01-01 17:00,-62.23,-60.76,-43.52,-36.8808,-42.9768
2020-01-01 18:00,-62.28,-60.78,-43.61,-37.1856,-42.9768
2020-01-01 19:00,-62.42,-60.97,-43.62,-37.1856,-43.2816
2020-01-01 20:00,-62.45,-60.92,-43.75,-37.1856,-43.2816
2020-01-01 21:00,-62.55,-61.01,-43.75,-37.1856,-43.2816
2020-01-01 22:00,-62.51,-61.1,-43.94,-37.1856,-43.2816
2020-01-01 23:00,-62.54,-61,-43.85,-37.1856,-43.2816
2020-01-02 00:00,-62.53,-60.98,-43.93,-37.1856,-43.2816
2020-01-02 01:00,-62.66,-61.08,-44.04,-37.1856,-43.2816
2020-01-02 02:00,-62.81,-61.15,-44.13,-37.1856,-43.2816
2020-01-02 03:00,-62.85,-61.31,-44.09,-37.1856,-43.2816
2020-01-02 04:00,-62.82,-61.34,-44.02,-37.1856,-43.2816
2020-01-02 05:00,-62.82,-61.3,-44.23,-37.1856,-43.2816
2020-01-02 06:00,-62.79,-61.26,-44.09,-37.1856,-43.2816
2020-01-02 07:00,-62.89,-61.32,-44.26,-37.1856,-43.2816
2020-01-02 08:00,-63,-61.44,-44.39,-37.1856,-43.2816
2020-01-02 09:00,-63.14,-61.58,-44.49,-37.1856,-43.2816
2020-01-02 10:00,-62.97,-61.36,-44.36,-37.1856,-43.2816
2020-01-02 11:00,-62.89,-61.26,-44.46,-37.1856,-43.2816
2020-01-02 12:00,-62.84,-61.26,-44.35,-37.4904,-43.2816
2020-01-02 13:00,-62.99,-61.35,-44.38,-37.4904,-43.2816
2020-01-02 14:00,-62.73,-61.12,-44.31,-37.4904,-43.5864
2020-01-02 15:00,-62.96,-61.33,-44.45,-37.4904,-43.5864
2020-01-02 16:00,-62.72,-61.16,-44.16,-37.4904,-43.5864
2020-01-02 17:00,-62.54,-61.02,-44.15,-37.4904,-43.5864
2020-01-02 18:00,-62.87,-61.33,-44.41,-37.4904,-43.5864
2020-01-02 19:00,-62.71,-61.21,-44.21,-37.4904,-43.5864
2020-01-02 20:00,-62.93,-61.42,-44.3,-37.4904,-43.5864
2020-01-02 21:00,-62.65,-61.17,-44.21,-37.4904,-43.5864
2020-01-02 22:00,-62.73,-61.25,-44.36,-37.4904,-43.5864
2020-01-02 23:00,-62.84,-61.26,-44.26,-37.4904,-43.5864
2020-01-03 00:00,-62.47,-60.83,-44.63,-37.4904,-43.5864
2020-01-03 01:00,-62.65,-61.14,-44.15,-37.4904,-43.5864
2020-01-03 02:00,-62.71,-61.18,-44.57,-37.4904,-43.5864
2020-01-03 03:00,-62.76,-61.18,-44.4,-37.4904,-43.8912
2020-01-03 04:00,-62.92,-61.34,-44.58,-37.4904,-43.8912
2020-01-03 05:00,-62.98,-61.46,-44.64,-37.4904,-43.8912
2020-01-03 06:00,-63,-61.48,-44.67,-37.4904,-43.8912
2020-01-03 07:00,-63.11,-61.57,-44.64,-37.4904,-43.8912
2020-01-03 08:00,-63.15,-61.59,-44.76,-37.4904,-43.8912
2020-01-03 09:00,-63.18,-61.69,-44.78,-37.4904,-43.8912
2020-01-03 10:00,-63.18,-61.62,-44.68,-37.4904,-43.8912
2020-01-03 11:00,-63.13,-61.55,-44.8,-37.4904,-43.8912
2020-01-03 12:00,-63.12,-61.53,-44.77,-37.4904,-43.8912
2020-01-03 13:00,-63.18,-61.63,-44.95,-37.4904,-43.8912
2020-01-03 14:00,-63.33,-61.81,-45.02,-37.7952,-43.8912
2020-01-03 15:00,-63.32,-61.8,-44.97,-37.7952,-43.8912
2020-01-03 16:00,-63.04,-61.6,-44.8,-37.7952,-43.8912
2020-01-03 17:00,-63,-61.53,-44.76,-37.7952,-43.8912
2020-01-03 18:00,-62.95,-61.48,-44.67,-37.7952,-44.196
2020-01-03 19:00,-62.95,-61.51,-44.8,-37.7952,-44.196
2020-01-03 20:00,-63.06,-61.68,-44.85,-37.7952,-44.196
2020-01-03 21:00,-62.82,-61.26,-44.45,-37.7952,-44.196
2020-01-03 22:00,-62.77,-61.28,-44.5,-37.7952,-44.196
2020-01-03 23:00,-62.99,-61.5,-44.76,-37.7952,-44.196
2020-01-04 00:00,-62.72,-61.27,-44.34,-37.7952,-44.196
2020-01-04 01:00,-62.77,-61.27,-44.57,-37.7952,-44.196
2020-01-04 02:00,-63.02,-61.48,-44.78,-37.7952,-44.196
2020-01-04 03:00,-63.2,-61.68,-45.05,-37.7952,-44.196
2020-01-04 04:00,-63.29,-61.82,-45.05,-37.7952,-44.196
2020-01-04 05:00,-62.97,-61.51,-44.66,-37.7952,-44.196
2020-01-04 06:00,-63.08,-61.56,-44.58,-37.4904,-44.196
2020-01-04 07:00,-61.98,-60.71,-39.8,-36.2712,-44.196
2020-01-04 08:00,-59.99,-60.56,-37.67,-32.6136,-43.2816
2020-01-04 09:00,-59.07,-60.48,-37.14,-31.3944,-42.672
2020-01-04 10:00,-58.23,-59.88,-36.67,-31.3944,-42.672
2020-01-04 11:00,-57.67,-59.63,-36.1,-31.3944,-42.3672
2020-01-04 12:00,-56.74,-58.81,-35.28,-30.48,-41.148
2020-01-04 13:00,-56.16,-58.64,-34.8,-30.48,-40.8432
2020-01-04 14:00,-56.01,-58.44,-34.46,-30.48,-40.5384
2020-01-04 15:00,-55.81,-58.03,-34.22,-30.48,-40.2336
2020-01-04 16:00,-55.9,-57.91,-34.1,-30.48,-40.2336
2020-01-04 17:00,-55.71,-57.44,-34.01,-30.7848,-40.2336
2020-01-04 18:00,-55.83,-57.31,-33.93,-30.7848,-40.2336
2020-01-04 19:00,-56.05,-57.26,-33.98,-30.7848,-39.9288
2020-01-04 20:00,-56.15,-57.11,-33.77,-31.0896,-39.9288
2020-01-04 21:00,-56.21,-57.06,-33.8,-31.0896,-39.9288
2020-01-04 22:00,-56.37,-56.98,-33.95,-31.0896,-39.9288
2020-01-04 23:00,-56.42,-56.9,-33.87,-31.0896,-39.9288
2020-01-05 00:00,-56.52,-56.89,-33.82,-31.0896,-39.9288
2020-01-05 01:00,-56.68,-56.91,-33.85,-31.0896,-39.9288
2020-01-05 02:00,-56.84,-56.89,-33.93,-31.0896,-39.9288
2020-01-05 03:00,-57.02,-56.97,-34.12,-31.0896,-39.9288
2020-01-05 04:00,-56.94,-56.82,-34.13,-31.0896,-39.9288
2020-01-05 05:00,-56.98,-56.7,-34.07,-31.3944,-39.9288
2020-01-05 06:00,-56.91,-56.58,-33.93,-31.3944,-39.9288
2020-01-05 07:00,-57.02,-56.66,-34.16,-31.3944,-39.9288
2020-01-05 08:00,-57.14,-56.56,-34.14,-31.3944,-39.9288
2020-01-05 09:00,-57.42,-56.89,-34.41,-31.6992,-39.9288
2020-01-05 10:00,-57.47,-56.87,-34.53,-31.6992,-39.9288
2020-01-05 11:00,-57.65,-56.9,-34.69,-31.6992,-39.9288
2020-01-05 12:00,-57.59,-56.68,-34.7,-31.6992,-39.9288
2020-01-05 13:00,-57.83,-56.98,-34.87,-31.6992,-39.9288
2020-01-05 14:00,-57.87,-56.95,-34.89,-32.004,-39.9288
2020-01-05 15:00,-57.88,-56.85,-34.87,-32.004,-39.9288
2020-01-05 16:00,-57.49,-56.43,-34.61,-32.004,-39.9288
2020-01-05 17:00,-57.75,-56.62,-34.86,-32.004,-39.9288
2020-01-05 18:00,-57.65,-56.55,-34.87,-32.3088,-39.9288
2020-01-05 19:00,-57.79,-56.63,-34.97,-32.3088,-39.9288
2020-01-05 20:00,-57.88,-56.67,-35.13,-32.3088,-40.2336
2020-01-05 21:00,-58.02,-56.73,-35.18,-32.3088,-40.2336
2020-01-05 22:00,-58.12,-56.75,-35.31,-32.3088,-40.2336
2020-01-05 23:00,-58.12,-56.75,-35.31,-32.3088,-40.2336
2020-01-06 00:00,-58.2,-56.74,-35.28,-32.3088,-40.2336
2020-01-06 01:00,-58.34,-56.83,-35.47,-32.6136,-40.2336
2020-01-06 02:00,-58.38,-56.9,-35.51,-32.6136,-40.2336
2020-01-06 03:00,-58.48,-56.96,-35.64,-32.6136,-40.2336
2020-01-06 04:00,-58.48,-57,-35.79,-32.6136,-40.2336
2020-01-06 05:00,-58.49,-56.91,-35.73,-32.6136,-40.2336
2020-01-06 06:00,-58.51,-56.95,-35.69,-32.6136,-40.2336
2020-01-06 07:00,-58.5,-56.94,-35.74,-32.6136,-40.2336
2020-01-06 08:00,-58.7,-57.13,-35.9,-32.9184,-40.2336
2020-01-06 09:00,-58.8,-57.13,-36.05,-32.9184,-40.2336
2020-01-06 10:00,-58.69,-56.95,-36.02,-32.9184,-40.2336
2020-01-06 11:00,-58.6,-56.92,-36.01,-32.9184,-40.2336
2020-01-06 12:00,-58.57,-56.77,-35.87,-32.9184,-40.2336
2020-01-06 13:00,-58.72,-56.93,-35.99,-32.9184,-40.5384
2020-01-06 14:00,-58.61,-56.88,-35.97,-32.9184,-40.5384
2020-01-06 15:00,-58.6,-56.85,-36.03,-32.9184,-40.5384
2020-01-06 16:00,-58.18,-56.36,-35.67,-33.2232,-40.5384
2020-01-06 17:00,-58.41,-56.66,-35.9,-33.2232,-40.5384
2020-01-06 18:00,-58.61,-56.81,-36.14,-33.2232,-40.5384
2020-01-06 19:00,-58.62,-56.78,-36.21,-33.2232,-40.5384
2020-01-06 20:00,-58.75,-56.86,-36.3,-33.2232,-40.5384
2020-01-06 21:00,-58.85,-56.99,-36.44,-33.2232,-40.5384
2020-01-06 22:00,-58.86,-56.99,-36.5,-33.2232,-40.5384
2020-01-06 23:00,-59.01,-57.14,-36.62,-33.2232,-40.5384
2020-01-07 00:00,-58.97,-57.05,-36.61,-33.528,-40.5384
2020-01-07 01:00,-59.04,-57.09,-36.65,-33.528,-40.8432
2020-01-07 02:00,-59.01,-57.13,-36.78,-33.528,-40.8432
2020-01-07 03:00,-59.15,-57.21,-36.88,-33.528,-40.8432
2020-01-07 04:00,-59.28,-57.34,-36.99,-33.528,-40.8432
2020-01-07 05:00,-59.25,-57.31,-36.91,-33.528,-40.8432
2020-01-07 06:00,-59.28,-57.27,-36.99,-33.528,-40.8432
2020-01-07 07:00,-59.34,-57.41,-37.04,-33.528,-40.8432
2020-01-07 08:00,-59.49,-57.46,-37.2,-33.528,-40.8432
2020-01-07 09:00,-59.59,-57.58,-37.47,-33.528,-40.8432
2020-01-07 10:00,-59.31,-57.24,-37.17,-33.528,-40.8432
2020-01-07 11:00,-59.21,-57.12,-37.02,-33.8328,-40.8432
2020-01-07 12:00,-59.05,-57.02,-36.94,-33.8328,-40.8432
2020-01-07 13:00,-59.33,-57.33,-37.25,-33.8328,-40.8432
2020-01-07 14:00,-59.22,-57.24,-37.12,-33.8328,-40.8432
2020-01-07 15:00,-59.4,-57.46,-37.13,-33.8328,-40.8432
2020-01-07 16:00,-58.81,-56.88,-36.55,-33.8328,-41.148
2020-01-07 17:00,-59.31,-57.44,-37.27,-33.8328,-41.148
2020-01-07 18:00,-59.32,-57.39,-37.22,-33.8328,-41.148
2020-01-07 19:00,-59.26,-57.4,-37.31,-33.8328,-41.148
2020-01-07 20:00,-59.34,-57.48,-37.45,-33.8328,-41.148
2020-01-07 21:00,-59.29,-57.3,-37.32,-33.8328,-41.148
2020-01-07 22:00,-59.6,-57.61,-37.65,-34.1376,-41.148
2020-01-07 23:00,-59.55,-57.57,-37.71,-33.8328,-41.148
2020-01-08 00:00,-59.62,-57.62,-37.75,-33.8328,-41.148
2020-01-08 01:00,-59.72,-57.69,-37.87,-34.1376,-41.148
2020-01-08 02:00,-59.74,-57.73,-37.95,-34.1376,-41.148
2020-01-08 03:00,-59.91,-57.92,-38.1,-34.1376,-41.148
2020-01-08 04:00,-59.92,-57.9,-38.11,-34.1376,-41.148
2020-01-08 05:00,-59.84,-57.85,-38.07,-34.1376,-41.148
2020-01-08 06:00,-60.06,-58.04,-38.32,-34.1376,-41.148
2020-01-08 07:00,-60.01,-57.98,-38.32,-34.1376,-41.148
2020-01-08 08:00,-60.21,-58.16,-38.44,-34.1376,-41.4528
2020-01-08 09:00,-60.31,-58.24,-38.66,-34.1376,-41.4528
2020-01-08 10:00,-60.26,-58.19,-38.52,-34.1376,-41.4528
2020-01-08 11:00,-60.04,-57.99,-38.39,-34.1376,-41.4528
2020-01-08 12:00,-60.17,-58.14,-38.72,-34.1376,-41.4528
2020-01-08 13:00,-60.06,-58.09,-38.46,-34.4424,-41.4528
2020-01-08 14:00,-60.07,-58.12,-38.58,-34.4424,-41.4528
2020-01-08 15:00,-59.98,-57.96,-38.43,-34.4424,-41.4528
2020-01-08 16:00,-59.97,-57.93,-38.46,-34.4424,-41.4528
2020-01-08 17:00,-59.94,-57.86,-38.45,-34.4424,-41.4528
2020-01-08 18:00,-60.03,-57.96,-38.6,-34.4424,-41.4528
2020-01-08 19:00,-60.16,-58.06,-38.7,-34.4424,-41.4528
2020-01-08 20:00,-60.19,-58.14,-38.79,-34.4424,-41.7576
2020-01-08 21:00,-60.33,-58.3,-38.95,-34.4424,-41.7576
2020-01-08 22:00,-60.25,-58.18,-38.9,-34.4424,-41.7576
2020-01-08 23:00,-60.41,-58.31,-39.07,-34.7472,-41.7576
2020-01-09 00:00,-60.41,-58.28,-39.07,-34.7472,-41.7576
2020-01-09 01:00,-60.48,-58.38,-39.2,-34.7472,-41.7576
2020-01-09 02:00,-60.46,-58.29,-39.17,-34.7472,-41.7576
2020-01-09 03:00,-60.61,-58.5,-39.4,-34.7472,-41.7576
2020-01-09 04:00,-60.62,-58.53,-39.3,-34.7472,-41.7576
2020-01-09 05:00,-60.66,-58.49,-39.35,-34.7472,-41.7576
2020-01-09 06:00,-60.76,-58.65,-39.45,-34.7472,-41.7576
2020-01-09 07:00,-60.69,-58.61,-39.53,-34.7472,-41.7576
2020-01-09 08:00,-60.76,-58.59,-39.48,-34.7472,-41.7576
2020-01-09 09:00,-60.84,-58.69,-39.6,-34.7472,-41.7576
2020-01-09 10:00,-60.83,-58.67,-39.72,-35.052,-42.0624
2020-01-09 11:00,-60.89,-58.67,-39.7,-35.052,-42.0624
2020-01-09 12:00,-60.84,-58.59,-39.7,-35.052,-42.0624
2020-01-09 13:00,-60.87,-58.74,-39.8,-35.052,-42.0624
2020-01-09 14:00,-60.89,-58.77,-39.77,-35.052,-42.0624
2020-01-09 15:00,-60.81,-58.66,-39.76,-35.052,-42.0624
2020-01-09 16:00,-60.61,-58.42,-39.66,-35.052,-42.0624
2020-01-09 17:00,-60.68,-58.49,-39.66,-35.052,-42.0624
2020-01-09 18:00,-60.72,-58.53,-39.7,-35.052,-42.0624
2020-01-09 19:00,-60.66,-58.46,-39.75,-35.052,-42.0624
2020-01-09 20:00,-60.93,-58.71,-39.89,-35.052,-42.0624
2020-01-09 21:00,-60.97,-58.81,-40.06,-35.052,-42.0624
2020-01-09 22:00,-60.86,-58.64,-39.9,-35.052,-42.0624
2020-01-09 23:00,-60.8,-58.55,-39.91,-35.052,-42.0624
2020-01-10 00:00,-60.96,-58.67,-40.05,-35.052,-42.0624
2020-01-10 01:00,-60.89,-58.67,-40.04,-35.3568,-42.3672
2020-01-10 02:00,-60.97,-58.76,-40.17,-35.3568,-42.3672
2020-01-10 03:00,-61.01,-58.78,-40.21,-35.3568,-42.3672
2020-01-10 04:00,-61.16,-58.92,-40.3,-35.3568,-42.3672
2020-01-10 05:00,-61.21,-58.97,-40.35,-35.3568,-42.3672
2020-01-10 06:00,-61.26,-59.1,-40.49,-35.3568,-42.3672
2020-01-10 07:00,-61.27,-59.05,-40.45,-35.3568,-42.3672
2020-01-10 08:00,-61.43,-59.32,-40.69,-35.3568,-42.3672
2020-01-10 09:00,-61.41,-59.18,-40.68,-35.3568,-42.3672
2020-01-10 10:00,-61.33,-59.17,-40.76,-35.3568,-42.3672
2020-01-10 11:00,-61.04,-58.83,-40.52,-35.3568,-42.3672
2020-01-10 12:00,-61.1,-58.8,-40.46,-35.3568,-42.3672
2020-01-10 13:00,-61.21,-58.89,-40.56,-35.3568,-42.3672
2020-01-10 14:00,-61.15,-58.88,-40.49,-35.3568,-42.3672
2020-01-10 15:00,-61.16,-58.95,-40.53,-35.3568,-42.3672
2020-01-10 16:00,-60.97,-58.76,-40.38,-35.3568,-42.3672
2020-01-10 17:00,-60.91,-58.73,-40.31,-35.3568,-42.672
2020-01-10 18:00,-61.09,-58.85,-40.5,-35.6616,-42.672
2020-01-10 19:00,-61.15,-58.91,-40.58,-35.6616,-42.672
2020-01-10 20:00,-61.14,-58.94,-40.64,-35.6616,-42.672
2020-01-10 21:00,-61.29,-59.1,-40.71,-35.6616,-42.672
2020-01-10 22:00,-61.27,-59.08,-40.72,-35.6616,-42.672
2020-01-10 23:00,-61.35,-59.17,-40.81,-35.6616,-42.672
2020-01-11 00:00,-61.41,-59.12,-40.96,-35.6616,-42.672
2020-01-11 01:00,-61.44,-59.21,-40.95,-35.6616,-42.672
2020-01-11 02:00,-61.35,-59.15,-40.92,-35.6616,-42.672
2020-01-11 03:00,-61.42,-59.18,-40.98,-35.6616,-42.672
2020-01-11 04:00,-61.46,-59.32,-41.23,-35.6616,-42.672
2020-01-11 05:00,-61.46,-59.26,-41.15,-35.6616,-42.672
2020-01-11 06:00,-61.35,-59.14,-40.92,-35.6616,-42.672
2020-01-11 07:00,-61.4,-59.14,-41.05,-35.6616,-42.672
2020-01-11 08:00,-61.61,-59.42,-41.25,-35.6616,-42.672
2020-01-11 09:00,-61.4,-59.26,-40.97,-35.6616,-42.9768
2020-01-11 10:00,-61.54,-59.4,-41.2,-35.6616,-42.9768
2020-01-11 11:00,-61.79,-59.53,-41.44,-35.6616,-42.9768
2020-01-11 12:00,-61.6,-59.42,-41.3,-35.9664,-42.672
2020-01-11 13:00,-61.56,-59.33,-41.28,-35.9664,-42.9768
2020-01-11 14:00,-61.68,-59.47,-41.45,-35.9664,-42.9768
2020-01-11 15:00,-61.68,-59.53,-41.45,-35.9664,-42.9768
2020-01-11 16:00,-61.56,-59.5,-41.46,-35.9664,-42.9768
2020-01-11 17:00,-61.46,-59.39,-41.43,-35.9664,-42.9768
2020-01-11 18:00,-61.22,-59.11,-41.31,-35.9664,-42.9768
2020-01-11 19:00,-61.18,-59.04,-41.15,-35.9664,-42.9768
2020-01-11 20:00,-61.46,-59.32,-41.41,-35.9664,-42.9768
2020-01-11 21:00,-61.36,-59.19,-41.29,-35.9664,-42.9768
2020-01-11 22:00,-61.33,-59.27,-41.33,-35.9664,-42.9768
2020-01-11 23:00,-61.42,-59.24,-41.46,-35.9664,-42.9768
2020-01-12 00:00,-61.35,-59.23,-41.27,-35.9664,-42.9768
2020-01-12 01:00,-61.57,-59.46,-41.53,-36.2712,-42.9768
2020-01-12 02:00,-61.68,-59.66,-41.64,-35.9664,-43.2816
2020-01-12 03:00,-61.68,-59.62,-41.8,-35.9664,-43.2816
2020-01-12 04:00,-61.86,-59.77,-42.18,-35.9664,-43.2816
2020-01-12 05:00,-61.95,-59.9,-41.94,-35.9664,-43.2816
2020-01-12 06:00,-61.92,-59.79,-41.96,-36.2712,-43.2816
2020-01-12 07:00,-61.62,-59.55,-41.68,-35.9664,-43.2816
2020-01-12 08:00,-61.81,-59.91,-41.3,-35.9664,-43.2816
2020-01-12 09:00,-61.65,-59.58,-39.71,-34.4424,-41.7576
2020-01-12 10:00,-61.82,-59.71,-38.47,-31.0896,-40.5384
2020-01-12 11:00,-61.07,-59.62,-37.91,-30.1752,-39.624
2020-01-12 12:00,-60.13,-59.28,-37.38,-30.1752,-39.3192
2020-01-12 13:00,-59.74,-59.33,-37.25,-30.1752,-39.0144
2020-01-12 14:00,-59.22,-59.04,-36.99,-30.1752,-38.7096
2020-01-12 15:00,-58.98,-58.96,-36.84,-30.48,-38.7096
2020-01-12 16:00,-58.79,-58.82,-36.79,-30.48,-38.7096
2020-01-12 17:00,-58.55,-58.44,-36.48,-30.48,-38.7096
2020-01-12 18:00,-58.25,-58.13,-36.17,-30.7848,-38.7096
2020-01-12 19:00,-58.15,-57.93,-36.11,-30.7848,-38.7096
2020-01-12 20:00,-58.27,-57.98,-36.16,-30.7848,-38.4048
2020-01-12 21:00,-58.26,-57.85,-36.15,-30.7848,-38.4048
2020-01-12 22:00,-58.33,-57.87,-36.26,-31.0896,-38.4048
2020-01-12 23:00,-58.48,-57.95,-36.24,-31.0896,-38.4048
2020-01-13 00:00,-58.51,-57.92,-35.98,-31.0896,-38.4048
2020-01-13 01:00,-58.39,-57.67,-36.08,-31.0896,-38.4048
2020-01-13 02:00,-58.67,-57.89,-36.22,-31.0896,-38.4048
2020-01-13 03:00,-58.73,-57.87,-36.26,-31.0896,-38.4048
2020-01-13 04:00,-58.65,-57.7,-36.09,-31.3944,-38.4048
2020-01-13 05:00,-58.66,-57.66,-36.07,-31.3944,-38.4048
2020-01-13 06:00,-58.95,-57.93,-36.19,-31.3944,-38.4048
2020-01-13 07:00,-58.78,-57.63,-36.42,-31.3944,-38.4048
2020-01-13 08:00,-59.21,-58,-35.36,-31.3944,-38.4048
2020-01-13 09:00,-58.8,-57.7,-34.2,-29.5656,-37.7952
2020-01-13 10:00,-58.2,-57.38,-33.95,-29.2608,-37.4904
2020-01-13 11:00,-57.53,-56.91,-33.42,-29.2608,-37.4904
2020-01-13 12:00,-57.08,-56.55,-33.09,-29.5656,-37.1856
2020-01-13 13:00,-57.15,-56.68,-33.2,-29.5656,-37.1856
2020-01-13 14:00,-56.88,-56.37,-32.96,-29.5656,-37.1856
2020-01-13 15:00,-56.8,-56.24,-32.98,-29.8704,-36.8808
2020-01-13 16:00,-56.78,-56.13,-32.83,-29.8704,-36.8808
2020-01-13 17:00,-55.75,-55.12,-31.72,-29.8704,-36.8808
2020-01-13 18:00,-56.13,-55.41,-29.54,-29.2608,-36.576
2020-01-13 19:00,-54.96,-54.87,-28.9,-27.1272,-35.6616
2020-01-13 20:00,-54.31,-54.48,-28.36,-26.8224,-35.052
2020-01-13 21:00,-53.65,-53.74,-27.78,-27.1272,-34.7472
2020-01-13 22:00,-53.66,-53.54,-27.81,-27.1272,-34.7472
2020-01-13 23:00,-53.5,-53.04,-27.54,-27.432,-34.7472
2020-01-14 00:00,-53.48,-52.8,-27.33,-27.432,-34.4424
2020-01-14 01:00,-53.6,-52.73,-27.36,-27.7368,-34.4424
2020-01-14 02:00,-53.73,-52.61,-27.33,-27.7368,-34.4424
2020-01-14 03:00,-53.94,-52.67,-27.49,-27.7368,-34.4424
2020-01-14 04:00,-53.96,-52.41,-27.57,-28.0416,-34.4424
2020-01-14 05:00,-54.31,-52.64,-27.75,-28.0416,-34.1376
2020-01-14 06:00,-54.27,-52.51,-27.81,-28.0416,-34.1376
2020-01-14 07:00,-54.42,-52.49,-27.75,-28.0416,-34.1376
2020-01-14 08:00,-54.51,-52.48,-27.82,-28.3464,-34.1376
2020-01-14 09:00,-54.49,-52.48,-27.9,-28.3464,-34.1376
2020-01-14 10:00,-54.68,-52.53,-28.03,-28.3464,-34.1376
2020-01-14 11:00,-54.9,-52.58,-28.14,-28.3464,-34.1376
2020-01-14 12:00,-54.74,-52.35,-28.04,-28.6512,-34.1376
2020-01-14 13:00,-54.99,-52.64,-28.4,-28.6512,-34.1376
2020-01-14 14:00,-54.93,-52.5,-28.32,-28.6512,-34.1376
2020-01-14 15:00,-55,-52.54,-28.42,-28.6512,-34.1376
2020-01-14 16:00,-55.21,-52.67,-28.6,-28.6512,-34.1376
2020-01-14 17:00,-54.75,-52.27,-28.31,-28.6512,-34.1376
2020-01-14 18:00,-54.52,-52.03,-28.02,-28.956,-34.1376
2020-01-14 19:00,-54.75,-52.25,-28.41,-28.956,-34.1376
2020-01-14 20:00,-54.83,-52.28,-28.35,-28.956,-34.1376
2020-01-14 21:00,-54.77,-52.21,-28.37,-28.956,-34.1376
2020-01-14 22:00,-54.79,-52.24,-28.34,-28.956,-34.1376
2020-01-14 23:00,-54.72,-52.09,-28.43,-29.2608,-34.1376
2020-01-15 00:00,-54.9,-52.24,-28.68,-29.2608,-34.1376
2020-01-15 01:00,-54.83,-52.2,-28.68,-29.2608,-34.1376
2020-01-15 02:00,-54.92,-52.3,-28.87,-29.2608,-34.4424
2020-01-15 03:00,-54.85,-52.24,-28.8,-29.2608,-34.4424
2020-01-15 04:00,-55.04,-52.34,-29.02,-29.2608,-34.4424
2020-01-15 05:00,-55.06,-52.41,-29.05,-29.2608,-34.4424
2020-01-15 06:00,-55.16,-52.52,-29.12,-29.5656,-34.4424
2020-01-15 07:00,-55.04,-52.31,-29.1,-29.5656,-34.4424
2020-01-15 08:00,-55.1,-52.33,-29.27,-29.5656,-34.4424
2020-01-15 09:00,-54.98,-52.28,-29.24,-29.5656,-34.4424
2020-01-15 10:00,-55.3,-52.56,-29.5,-29.5656,-34.4424
2020-01-15 11:00,-55.56,-52.79,-29.65,-29.5656,-35.052
2020-01-15 12:00,-55.42,-52.59,-29.81,-29.5656,-35.052
2020-01-15 13:00,-55.66,-52.77,-29.9,-29.8704,-35.052
2020-01-15 14:00,-55.52,-52.74,-29.69,-29.8704,-35.052
2020-01-15 15:00,-55.36,-52.58,-29.83,-30.1752,-35.052
2020-01-15 16:00,-54.9,-52.11,-29.24,-30.1752,-35.3568
2020-01-15 17:00,-55.32,-52.58,-29.9,-30.48,-35.3568
2020-01-15 18:00,-55.38,-52.69,-29.92,-30.48,-35.3568
2020-01-15 19:00,-55.48,-52.71,-30.14,-30.48,-35.3568
2020-01-15 20:00,-55.6,-52.87,-30.26,-30.48,-35.3568
2020-01-15 21:00,-55.84,-53.1,-30.42,-30.48,-35.3568
2020-01-15 22:00,-55.88,-53.09,-30.58,-30.48,-35.3568
2020-01-15 23:00,-55.9,-53.14,-30.61,-30.48,-35.3568
2020-01-16 00:00,-55.68,-52.94,-30.53,-30.48,-35.3568
2020-01-16 01:00,-55.9,-53.11,-30.83,-30.7848,-35.3568
2020-01-16 02:00,-55.93,-53.16,-30.77,-30.7848,-35.6616
2020-01-16 03:00,-56.1,-53.39,-31.06,-30.7848,-35.6616
2020-01-16 04:00,-56.12,-53.46,-31,-30.7848,-35.6616
2020-01-16 05:00,-56.13,-53.45,-31.02,-30.7848,-35.6616
2020-01-16 06:00,-56.42,-53.71,-31.35,-30.7848,-35.6616
2020-01-16 07:00,-56.16,-53.48,-31.16,-30.7848,-35.6616
2020-01-16 08:00,-56.28,-53.54,-31.45,-30.7848,-35.6616
2020-01-16 09:00,-56.13,-53.48,-31.2,-30.7848,-35.6616
2020-01-16 10:00,-56.12,-53.5,-31.25,-30.7848,-35.6616
2020-01-16 11:00,-56.25,-53.59,-31.36,-31.0896,-35.6616
2020-01-16 12:00,-56.17,-53.49,-31.42,-31.0896,-35.6616
2020-01-16 13:00,-56.04,-53.44,-31.3,-31.0896,-35.6616
2020-01-16 14:00,-56.12,-53.49,-31.43,-31.0896,-35.9664
2020-01-16 15:00,-55.99,-53.43,-31.49,-31.0896,-35.9664
2020-01-16 16:00,-55.77,-53.15,-31.25,-31.0896,-35.9664
2020-01-16 17:00,-56.2,-53.59,-31.7,-31.0896,-35.9664
2020-01-16 18:00,-56.26,-53.66,-31.86,-31.3944,-35.9664
2020-01-16 19:00,-56.43,-53.79,-32.09,-31.3944,-35.9664
2020-01-16 20:00,-56.43,-53.84,-32.21,-31.3944,-35.9664
2020-01-16 21:00,-56.47,-53.87,-32.22,-31.3944,-36.2712
2020-01-16 22:00,-56.32,-53.9,-32.27,-31.3944,-36.2712
2020-01-16 23:00,-56.54,-53.93,-32.34,-31.6992,-36.2712
2020-01-17 00:00,-56.68,-54.11,-32.59,-31.6992,-36.2712
2020-01-17 01:00,-56.66,-54.01,-32.48,-31.6992,-36.2712
2020-01-17 02:00,-56.66,-54,-32.6,-31.6992,-36.2712
2020-01-17 03:00,-56.85,-54.25,-32.74,-31.6992,-36.2712
2020-01-17 04:00,-56.67,-54.14,-32.83,-31.6992,-36.2712
2020-01-17 05:00,-56.77,-54.07,-32.87,-31.6992,-36.2712
2020-01-17 06:00,-56.97,-54.4,-33.07,-32.004,-36.2712
2020-01-17 07:00,-57,-54.26,-33.13,-32.004,-36.2712
2020-01-17 08:00,-57.08,-54.42,-33.22,-32.004,-36.576
2020-01-17 09:00,-56.78,-54.13,-32.96,-32.004,-36.576
2020-01-17 10:00,-57.16,-54.46,-33.39,-32.004,-36.576
2020-01-17 11:00,-57.06,-54.35,-33.43,-32.004,-36.576
2020-01-17 12:00,-57.32,-54.54,-33.61,-32.004,-36.576
2020-01-17 13:00,-57.3,-54.66,-33.72,-32.3088,-36.576
2020-01-17 14:00,-57.34,-54.7,-33.82,-32.3088,-36.576
2020-01-17 15:00,-57.39,-54.81,-33.9,-32.3088,-36.576
2020-01-17 16:00,-56.72,-54.16,-33.33,-32.3088,-36.8808
2020-01-17 17:00,-57.4,-54.9,-33.96,-32.3088,-36.8808
2020-01-17 18:00,-57.36,-54.94,-34.06,-32.3088,-36.8808
2020-01-17 19:00,-57.38,-54.91,-34.09,-32.3088,-36.8808
2020-01-17 20:00,-57.52,-55.03,-34.18,-32.3088,-36.8808
2020-01-17 21:00,-57.59,-55.11,-34.2,-32.3088,-36.8808
2020-01-17 22:00,-57.57,-55.07,-34.5,-32.6136,-36.8808
2020-01-17 23:00,-57.64,-55.13,-34.44,-32.6136,-36.8808
2020-01-18 00:00,-57.67,-55.15,-34.43,-32.6136,-36.8808
2020-01-18 01:00,-57.78,-55.24,-34.63,-32.6136,-36.8808
2020-01-18 02:00,-57.72,-55.18,-34.72,-32.6136,-37.1856
2020-01-18 03:00,-57.88,-55.34,-34.68,-32.6136,-37.1856
2020-01-18 04:00,-57.85,-55.32,-34.72,-32.6136,-37.1856
2020-01-18 05:00,-57.83,-55.29,-34.81,-32.6136,-37.1856
2020-01-18 06:00,-58.28,-55.8,-35.02,-32.6136,-37.1856
2020-01-18 07:00,-58.05,-55.55,-35.1,-32.6136,-37.1856
2020-01-18 08:00,-58.05,-55.47,-35.04,-32.6136,-37.1856
2020-01-18 09:00,-58.17,-55.61,-35.09,-32.6136,-37.1856
2020-01-18 10:00,-58.14,-55.56,-35.3,-32.9184,-37.1856
2020-01-18 11:00,-58.08,-55.43,-35.18,-32.9184,-37.1856
2020-01-18 12:00,-58.05,-55.46,-35.15,-32.9184,-37.1856
2020-01-18 13:00,-58.02,-55.37,-35.05,-32.9184,-37.1856
2020-01-18 14:00,-57.94,-55.41,-35.11,-32.9184,-37.1856
2020-01-18 15:00,-57.96,-55.43,-35.35,-32.9184,-37.1856
2020-01-18 16:00,-58.05,-55.53,-35.39,-32.9184,-37.4904
2020-01-18 17:00,-57.66,-55.14,-35.01,-32.9184,-37.4904
2020-01-18 18:00,-57.74,-55.27,-34.84,-32.9184,-37.4904
2020-01-18 19:00,-57.91,-55.45,-35.24,-32.9184,-37.4904
2020-01-18 20:00,-58.05,-55.51,-35.39,-32.9184,-37.4904
2020-01-18 21:00,-58.11,-55.64,-35.5,-32.9184,-37.4904
2020-01-18 22:00,-58.14,-55.73,-35.46,-33.2232,-37.4904
2020-01-18 23:00,-57.9,-55.48,-35.07,-33.2232,-37.4904
2020-01-19 00:00,-57.86,-55.55,-35.49,-32.9184,-37.4904
2020-01-19 01:00,-58.15,-55.69,-35.57,-32.9184,-37.4904
2020-01-19 02:00,-58.31,-55.9,-35.66,-32.9184,-37.4904
2020-01-19 03:00,-58.16,-55.8,-35.64,-32.9184,-37.4904
2020-01-19 04:00,-58.04,-55.66,-35.56,-33.2232,-37.4904
2020-01-19 05:00,-58.12,-55.73,-35.45,-33.2232,-37.7952
2020-01-19 06:00,-58.02,-55.74,-35.58,-33.2232,-37.4904
2020-01-19 07:00,-58.21,-55.82,-35.63,-33.2232,-37.7952
2020-01-19 08:00,-58.24,-55.89,-35.75,-33.2232,-37.7952
2020-01-19 09:00,-58.18,-55.8,-35.65,-33.2232,-37.7952
2020-01-19 10:00,-58.17,-55.8,-35.69,-33.2232,-37.7952
2020-01-19 11:00,-58.04,-55.72,-35.5,-33.2232,-37.7952
2020-01-19 12:00,-58.23,-55.83,-35.68,-33.2232,-37.7952
2020-01-19 13:00,-57.92,-55.6,-35.51,-33.2232,-37.7952
2020-01-19 14:00,-57.84,-55.51,-35.5,-33.2232,-37.7952
2020-01-19 15:00,-58.1,-55.87,-35.71,-33.2232,-37.7952
2020-01-19 16:00,-57.76,-55.55,-35.48,-33.2232,-37.7952
2020-01-19 17:00,-57.99,-55.72,-35.71,-33.2232,-38.1
2020-01-19 18:00,-58.32,-56.03,-36.05,-33.2232,-38.1
2020-01-19 19:00,-58.23,-55.96,-36.01,-33.528,-38.1
2020-01-19 20:00,-58.42,-56.2,-36.17,-33.528,-38.1
2020-01-19 21:00,-58.31,-56.11,-36.1,-33.528,-38.1
2020-01-19 22:00,-58.23,-56,-36.18,-33.528,-38.1
2020-01-19 23:00,-58.3,-56.16,-36.26,-33.528,-38.1
2020-01-20 00:00,-58.43,-56.25,-36.39,-33.528,-38.1
2020-01-20 01:00,-58.52,-56.2,-36.5,-33.528,-38.1
2020-01-20 02:00,-58.54,-56.33,-36.54,-33.528,-38.1
2020-01-20 03:00,-58.61,-56.33,-36.65,-33.528,-38.1
2020-01-20 04:00,-58.57,-56.29,-36.57,-33.528,-38.1
2020-01-20 05:00,-58.77,-56.51,-36.78,-33.528,-38.4048
2020-01-20 06:00,-58.8,-56.49,-36.72,-33.8328,-38.4048
2020-01-20 07:00,-58.84,-56.63,-36.98,-33.8328,-38.4048
2020-01-20 08:00,-58.95,-56.68,-36.93,-33.8328,-38.4048
2020-01-20 09:00,-58.97,-56.71,-37.12,-33.8328,-38.4048
2020-01-20 10:00,-58.96,-56.67,-37.04,-33.8328,-38.4048
2020-01-20 11:00,-59.05,-56.8,-37.23,-33.8328,-38.4048
2020-01-20 12:00,-59.25,-56.87,-37.42,-33.8328,-38.4048
2020-01-20 13:00,-59.2,-56.86,-37.38,-33.8328,-38.4048
2020-01-20 14:00,-59.06,-56.8,-37.37,-33.8328,-38.4048
2020-01-20 15:00,-59.18,-56.95,-37.55,-33.8328,-38.7096
2020-01-20 16:00,-58.72,-56.41,-37.06,-33.8328,-38.4048
2020-01-20 17:00,-58.96,-56.65,-37.26,-33.8328,-38.7096
2020-01-20 18:00,-59.13,-56.87,-37.53,-34.1376,-38.7096
2020-01-20 19:00,-59.15,-56.93,-37.62,-34.1376,-38.7096
2020-01-20 20:00,-59.33,-57.08,-37.75,-34.1376,-38.7096
2020-01-20 21:00,-59.32,-57.02,-37.78,-34.1376,-38.7096
2020-01-20 22:00,-59.25,-56.95,-37.67,-34.1376,-38.7096
2020-01-20 23:00,-59.46,-57.1,-37.86,-34.1376,-38.7096
2020-01-21 00:00,-59.36,-57.05,-37.89,-34.1376,-38.7096
2020-01-21 01:00,-59.33,-56.97,-37.8,-34.1376,-38.7096
2020-01-21 02:00,-59.62,-57.37,-38.1,-34.1376,-38.7096
2020-01-21 03:00,-59.43,-57.06,-37.93,-34.1376,-38.7096
2020-01-21 04:00,-59.61,-57.34,-38.11,-34.1376,-38.7096
2020-01-21 05:00,-59.72,-57.46,-38.25,-34.1376,-39.0144
2020-01-21 06:00,-59.49,-57.21,-38.02,-34.4424,-39.0144
2020-01-21 07:00,-59.62,-57.29,-38.2,-34.4424,-39.0144
2020-01-21 08:00,-59.52,-57.2,-38.11,-34.4424,-39.0144
2020-01-21 09:00,-59.72,-57.29,-38.21,-34.4424,-39.0144
2020-01-21 10:00,-59.66,-57.32,-38.18,-34.4424,-39.0144
2020-01-21 11:00,-59.85,-57.54,-38.59,-34.4424,-39.0144
2020-01-21 12:00,-59.99,-57.64,-38.63,-34.4424,-39.0144
2020-01-21 13:00,-59.49,-57.26,-38.28,-34.4424,-39.0144
2020-01-21 14:00,-59.47,-57.11,-38.2,-34.4424,-39.0144
2020-01-21 15:00,-59.42,-57.1,-38.13,-34.4424,-39.0144
2020-01-21 16:00,-59.26,-56.98,-37.95,-34.4424,-39.0144
2020-01-21 17:00,-59.45,-57.16,-38.25,-34.4424,-39.0144
2020-01-21 18:00,-59.47,-57.22,-38.28,-34.4424,-39.3192
2020-01-21 19:00,-59.49,-57.19,-38.24,-34.4424,-39.3192
2020-01-21 20:00,-59.64,-57.35,-38.54,-34.4424,-39.3192
2020-01-21 21:00,-59.24,-56.77,-38.11,-34.4424,-39.3192
2020-01-21 22:00,-59.38,-56.93,-38.16,-34.7472,-39.3192
2020-01-21 23:00,-59.5,-57.18,-38.38,-34.7472,-39.3192
2020-01-22 00:00,-59.59,-57.32,-38.48,-34.7472,-39.3192
2020-01-22 01:00,-59.43,-56.93,-38.25,-34.7472,-39.3192
2020-01-22 02:00,-59.44,-57.17,-38.32,-34.7472,-39.3192
2020-01-22 03:00,-59.7,-57.37,-38.55,-34.7472,-39.3192
2020-01-22 04:00,-59.84,-57.6,-38.81,-34.7472,-39.3192
2020-01-22 05:00,-59.82,-57.51,-38.84,-34.7472,-39.3192
2020-01-22 06:00,-59.97,-57.66,-38.93,-34.7472,-39.3192
2020-01-22 07:00,-59.73,-57.39,-38.69,-34.7472,-39.3192
2020-01-22 08:00,-59.79,-57.5,-38.84,-34.7472,-39.624
2020-01-22 09:00,-60.16,-57.78,-39.14,-34.7472,-39.624
2020-01-22 10:00,-60.14,-57.84,-39.08,-34.7472,-39.624
2020-01-22 11:00,-60.15,-57.7,-39.14,-34.7472,-39.624
2020-01-22 12:00,-60.07,-57.76,-39.13,-34.7472,-39.624
2020-01-22 13:00,-60,-57.55,-39.01,-34.7472,-39.624
2020-01-22 14:00,-60.06,-57.77,-39.12,-34.7472,-39.624
2020-01-22 15:00,-60.14,-57.8,-39.3,-34.7472,-39.624
2020-01-22 16:00,-59.83,-57.67,-39.08,-34.7472,-39.624
2020-01-22 17:00,-60.1,-57.89,-39.28,-35.052,-39.624
2020-01-22 18:00,-59.96,-57.64,-39.18,-35.052,-39.624
2020-01-22 19:00,-59.92,-57.69,-39.2,-35.052,-39.624
2020-01-22 20:00,-59.91,-57.59,-39.25,-35.052,-39.9288
2020-01-22 21:00,-60.2,-57.93,-39.34,-35.052,-39.9288
2020-01-22 22:00,-60.07,-57.73,-39.37,-35.052,-39.9288
2020-01-22 23:00,-60.12,-57.87,-39.41,-35.052,-39.9288
2020-01-23 00:00,-60.26,-57.85,-39.61,-35.052,-39.9288
2020-01-23 01:00,-60.22,-57.86,-39.55,-35.052,-39.9288
2020-01-23 02:00,-60.16,-57.93,-39.54,-35.052,-39.9288
2020-01-23 03:00,-60.42,-58.18,-39.64,-35.052,-39.9288
2020-01-23 04:00,-60.45,-58.18,-39.86,-35.052,-39.9288
2020-01-23 05:00,-60.5,-58.22,-39.96,-35.052,-39.9288
2020-01-23 06:00,-60.67,-58.43,-40.04,-35.052,-39.9288
2020-01-23 07:00,-60.67,-58.39,-40.07,-35.052,-39.9288
2020-01-23 08:00,-60.79,-58.46,-40.19,-35.052,-39.9288
2020-01-23 09:00,-60.73,-58.4,-40.07,-35.3568,-39.9288
2020-01-23 10:00,-60.68,-58.32,-40.04,-35.3568,-39.9288
2020-01-23 11:00,-60.36,-57.92,-39.72,-35.3568,-40.2336
2020-01-23 12:00,-60.36,-57.94,-39.81,-35.3568,-40.2336
2020-01-23 13:00,-60.47,-58.06,-39.9,-35.3568,-40.2336
2020-01-23 14:00,-60.43,-58.06,-39.95,-35.3568,-40.2336
2020-01-23 15:00,-60.21,-57.82,-39.6,-35.3568,-40.2336
2020-01-23 16:00,-60.29,-57.9,-39.8,-35.3568,-40.2336
2020-01-23 17:00,-60.32,-58.04,-39.9,-35.3568,-40.2336
2020-01-23 18:00,-60.24,-58.02,-39.9,-35.3568,-40.2336
2020-01-23 19:00,-60.35,-57.96,-39.92,-35.3568,-40.2336
2020-01-23 20:00,-60.42,-58.01,-39.93,-35.3568,-40.2336
2020-01-23 21:00,-60.36,-58.07,-40.02,-35.3568,-40.2336
2020-01-23 22:00,-60.51,-58.2,-40.05,-35.3568,-40.2336
2020-01-23 23:00,-60.36,-58.03,-40.07,-35.3568,-40.2336
2020-01-24 00:00,-60.52,-58.22,-40.14,-35.3568,-40.5384
2020-01-24 01:00,-60.49,-58.16,-40.13,-35.3568,-40.5384
2020-01-24 02:00,-60.62,-58.28,-40.26,-35.3568,-40.5384
2020-01-24 03:00,-60.49,-58.14,-40.17,-35.3568,-40.5384
2020-01-24 04:00,-60.57,-58.29,-40.26,-35.3568,-40.5384
2020-01-24 05:00,-60.58,-58.39,-40.25,-35.3568,-40.5384
2020-01-24 06:00,-60.77,-58.6,-40.46,-35.3568,-40.5384
2020-01-24 07:00,-60.68,-58.44,-40.43,-35.6616,-40.5384
2020-01-24 08:00,-60.9,-58.7,-40.64,-35.6616,-40.5384
2020-01-24 09:00,-60.97,-58.71,-40.72,-35.6616,-40.5384
2020-01-24 10:00,-60.98,-58.73,-40.68,-35.6616,-40.5384
2020-01-24 11:00,-60.92,-58.63,-40.69,-35.6616,-40.5384
2020-01-24 12:00,-60.74,-58.32,-40.6,-35.6616,-40.5384
2020-01-24 13:00,-60.54,-58.31,-40.65,-35.6616,-40.5384
2020-01-24 14:00,-60.63,-58.37,-40.5,-35.6616,-40.5384
2020-01-24 15:00,-60.81,-58.54,-40.65,-35.6616,-40.8432
2020-01-24 16:00,-60.57,-58.34,-40.47,-35.6616,-40.8432
2020-01-24 17:00,-60.54,-58.28,-40.54,-35.6616,-40.8432
2020-01-24 18:00,-60.73,-58.5,-40.61,-35.6616,-40.8432
2020-01-24 19:00,-60.84,-58.63,-40.89,-35.6616,-40.8432
2020-01-24 20:00,-60.91,-58.63,-40.77,-35.6616,-40.8432
2020-01-24 21:00,-60.79,-58.57,-40.7,-35.6616,-40.8432
2020-01-24 22:00,-60.9,-58.65,-40.96,-35.6616,-40.8432
2020-01-24 23:00,-60.77,-58.59,-40.76,-35.6616,-40.8432
2020-01-25 00:00,-60.9,-58.61,-40.94,-35.6616,-40.8432
2020-01-25 01:00,-61.1,-58.85,-41.15,-35.6616,-40.8432
2020-01-25 02:00,-61.37,-59.21,-41.36,-35.6616,-40.8432
2020-01-25 03:00,-61.17,-59.01,-41.27,-35.6616,-40.8432
2020-01-25 04:00,-61.13,-59.03,-41.08,-35.9664,-40.8432
2020-01-25 05:00,-61.35,-59.23,-41.3,-35.6616,-40.8432
2020-01-25 06:00,-61.11,-59,-40.92,-35.6616,-41.148
2020-01-25 07:00,-61,-58.88,-40.89,-35.9664,-40.8432
2020-01-25 08:00,-60.71,-58.69,-40.37,-35.052,-39.9288
2020-01-25 09:00,-61.38,-59.11,-40.44,-33.8328,-39.3192
2020-01-25 10:00,-61.28,-59.07,-40.55,-33.528,-39.3192
2020-01-25 11:00,-61.24,-59.03,-40.38,-33.528,-39.0144
2020-01-25 12:00,-61.3,-59.07,-40.58,-33.528,-39.0144
2020-01-25 13:00,-61.34,-59.1,-40.49,-33.528,-38.7096
2020-01-25 14:00,-61.55,-59.27,-40.56,-33.528,-38.7096
2020-01-25 15:00,-61.23,-59.08,-40.38,-33.528,-38.7096
2020-01-25 16:00,-61.09,-58.93,-40.15,-33.8328,-38.7096
2020-01-25 17:00,-61.05,-58.87,-40.21,-33.8328,-38.7096
2020-01-25 18:00,-61.26,-59.1,-40.31,-33.8328,-38.7096
2020-01-25 19:00,-61.14,-58.97,-40.23,-33.8328,-38.7096
2020-01-25 20:00,-61.16,-58.93,-40.26,-34.1376,-38.7096
2020-01-25 21:00,-61.17,-58.98,-40.23,-34.1376,-38.7096
2020-01-25 22:00,-61.18,-58.98,-40.31,-34.1376,-38.7096
2020-01-25 23:00,-61.22,-58.97,-40.23,-34.1376,-38.7096
2020-01-26 00:00,-61.21,-59.03,-40.23,-34.1376,-38.7096
2020-01-26 01:00,-61.26,-59.08,-40.26,-34.1376,-38.7096
2020-01-26 02:00,-61.21,-59.02,-40.28,-34.1376,-38.7096
2020-01-26 03:00,-61.23,-59.04,-40.36,-34.4424,-38.7096
2020-01-26 04:00,-61.29,-59.12,-40.34,-34.4424,-38.7096
2020-01-26 05:00,-61.34,-59.15,-40.53,-34.4424,-39.0144
2020-01-26 06:00,-61.4,-59.23,-40.51,-34.4424,-39.0144
2020-01-26 07:00,-61.5,-59.31,-40.64,-34.4424,-39.0144
2020-01-26 08:00,-61.64,-59.47,-40.81,-34.4424,-39.0144
2020-01-26 09:00,-61.57,-59.36,-40.79,-34.4424,-39.0144
2020-01-26 10:00,-61.76,-59.54,-40.94,-34.4424,-39.0144
2020-01-26 11:00,-61.59,-59.31,-40.88,-34.7472,-39.0144
2020-01-26 12:00,-61.65,-59.37,-40.81,-34.7472,-39.0144
2020-01-26 13:00,-61.66,-59.43,-40.87,-34.7472,-39.0144
2020-01-26 14:00,-61.38,-59.21,-40.61,-34.7472,-39.0144
2020-01-26 15:00,-61.53,-59.35,-40.81,-34.7472,-39.0144
2020-01-26 16:00,-61.6,-59.44,-40.91,-34.7472,-39.0144
2020-01-26 17:00,-61.24,-59.1,-40.69,-34.7472,-39.3192
2020-01-26 18:00,-61.44,-59.29,-40.75,-34.7472,-39.3192
2020-01-26 19:00,-61.5,-59.36,-40.85,-35.052,-39.3192
2020-01-26 20:00,-61.39,-59.23,-40.86,-35.052,-39.3192
2020-01-26 21:00,-61.43,-59.3,-40.86,-35.052,-39.3192
2020-01-26 22:00,-61.5,-59.36,-40.92,-35.052,-39.3192
2020-01-26 23:00,-61.55,-59.45,-41.1,-35.052,-39.3192
2020-01-27 00:00,-61.43,-59.26,-41.07,-35.052,-39.3192
2020-01-27 01:00,-61.64,-59.46,-41.08,-35.052,-39.3192
2020-01-27 02:00,-61.68,-59.52,-41.2,-35.052,-39.3192
2020-01-27 03:00,-61.78,-59.63,-41.28,-35.052,-39.3192
2020-01-27 04:00,-61.73,-59.55,-41.28,-35.052,-39.3192
2020-01-27 05:00,-61.76,-59.55,-41.24,-35.052,-39.624
2020-01-27 06:00,-61.76,-59.59,-41.35,-35.3568,-39.624
2020-01-27 07:00,-62.09,-59.98,-41.55,-35.3568,-39.624
2020-01-27 08:00,-61.85,-59.61,-41.4,-35.3568,-39.624
2020-01-27 09:00,-61.96,-59.76,-41.55,-35.3568,-39.624
2020-01-27 10:00,-61.99,-59.8,-41.53,-35.3568,-39.624
2020-01-27 11:00,-61.88,-59.66,-41.55,-35.3568,-39.624
2020-01-27 12:00,-61.85,-59.66,-41.62,-35.3568,-39.624
2020-01-27 13:00,-61.76,-59.6,-41.33,-35.3568,-39.624
2020-01-27 14:00,-61.82,-59.64,-41.5,-35.3568,-39.624
2020-01-27 15:00,-61.93,-59.73,-41.63,-35.3568,-39.624
2020-01-27 16:00,-61.67,-59.47,-41.39,-35.3568,-39.9288
2020-01-27 17:00,-61.5,-59.36,-41.26,-35.3568,-39.9288
2020-01-27 18:00,-61.77,-59.65,-41.49,-35.3568,-39.9288
2020-01-27 19:00,-61.61,-59.43,-41.35,-35.6616,-39.9288
2020-01-27 20:00,-61.81,-59.61,-41.46,-35.6616,-39.9288
2020-01-27 21:00,-61.63,-59.45,-41.42,-35.6616,-39.9288
2020-01-27 22:00,-61.73,-59.57,-41.53,-35.6616,-39.9288
2020-01-27 23:00,-61.69,-59.5,-41.43,-35.3568,-39.9288
2020-01-28 00:00,-61.69,-59.54,-41.48,-34.7472,-39.9288
2020-01-28 01:00,-61.68,-59.52,-41.42,-34.7472,-39.9288
2020-01-28 02:00,-61.68,-59.52,-41.33,-34.7472,-39.9288
2020-01-28 03:00,-61.73,-59.57,-41.35,-34.7472,-39.9288
2020-01-28 04:00,-61.84,-59.62,-41.42,-34.7472,-39.9288
2020-01-28 05:00,-61.82,-59.6,-41.4,-34.7472,-39.9288
2020-01-28 06:00,-61.9,-59.69,-41.46,-34.7472,-39.9288
2020-01-28 07:00,-61.99,-59.85,-41.53,-34.7472,-39.9288
2020-01-28 08:00,-62.11,-59.89,-41.64,-34.7472,-39.9288
2020-01-28 09:00,-62.28,-60.08,-41.87,-34.7472,-39.9288
2020-01-28 10:00,-62.29,-60.08,-41.85,-34.7472,-39.9288
2020-01-28 11:00,-62.37,-60.09,-41.9,-34.7472,-39.9288
2020-01-28 12:00,-62.31,-60,-41.88,-34.7472,-39.9288
2020-01-28 13:00,-61.98,-59.71,-41.53,-35.052,-39.9288
2020-01-28 14:00,-62.11,-59.85,-41.72,-35.052,-39.9288
2020-01-28 15:00,-62.16,-59.95,-41.82,-35.052,-39.9288
2020-01-28 16:00,-62.07,-59.84,-41.71,-35.052,-39.9288
2020-01-28 17:00,-62.06,-59.87,-41.67,-35.052,-39.9288
2020-01-28 18:00,-61.97,-59.77,-41.64,-35.052,-40.2336
2020-01-28 19:00,-62.11,-59.91,-41.73,-35.3568,-40.2336
2020-01-28 20:00,-62.11,-59.9,-41.74,-35.3568,-40.2336
2020-01-28 21:00,-62.24,-60.04,-41.88,-35.3568,-40.2336
2020-01-28 22:00,-62.2,-60.01,-41.87,-35.3568,-40.2336
2020-01-28 23:00,-62.43,-60.2,-42.05,-35.3568,-40.2336
2020-01-29 00:00,-62.35,-60.09,-41.96,-35.3568,-40.2336
2020-01-29 01:00,-62.37,-60.15,-42.01,-35.3568,-40.2336
2020-01-29 02:00,-62.4,-60.11,-41.96,-35.3568,-40.2336
2020-01-29 03:00,-62.27,-60.03,-41.99,-35.6616,-40.2336
2020-01-29 04:00,-62.39,-60.16,-42.04,-35.6616,-40.2336
2020-01-29 05:00,-62.53,-60.27,-42.2,-35.6616,-40.2336
2020-01-29 06:00,-62.87,-60.63,-42.41,-35.6616,-40.2336
2020-01-29 07:00,-62.58,-60.36,-42.26,-35.6616,-40.2336
2020-01-29 08:00,-62.65,-60.45,-42.31,-35.6616,-40.2336
2020-01-29 09:00,-62.74,-60.48,-42.36,-35.6616,-40.2336
2020-01-29 10:00,-62.5,-60.22,-42.19,-35.6616,-40.5384
2020-01-29 11:00,-62.63,-60.33,-42.24,-35.6616,-40.5384
2020-01-29 12:00,-62.55,-60.2,-42.23,-35.6616,-40.5384
2020-01-29 13:00,-62.27,-59.99,-41.97,-35.6616,-40.5384
2020-01-29 14:00,-62.51,-60.21,-42.14,-35.6616,-40.5384
2020-01-29 15:00,-62.44,-60.11,-42.14,-35.6616,-40.5384
2020-01-29 16:00,-62.19,-59.95,-41.9,-35.9664,-40.5384
2020-01-29 17:00,-62.44,-60.2,-42.12,-35.9664,-40.5384
2020-01-29 18:00,-62.42,-60.22,-42.23,-35.9664,-40.5384
2020-01-29 19:00,-62.21,-60.05,-42.15,-35.9664,-40.5384
2020-01-29 20:00,-62.28,-60.04,-42.12,-35.9664,-40.5384
2020-01-29 21:00,-62.23,-59.99,-42.09,-35.9664,-40.5384
2020-01-29 22:00,-62.53,-60.34,-42.31,-35.9664,-40.5384
2020-01-29 23:00,-62.5,-60.28,-42.34,-35.9664,-40.8432
2020-01-30 00:00,-62.46,-60.28,-42.28,-35.9664,-40.8432
2020-01-30 01:00,-62.46,-60.18,-42.32,-35.9664,-40.8432
2020-01-30 02:00,-62.59,-60.34,-42.38,-35.9664,-40.8432
2020-01-30 03:00,-62.56,-60.3,-42.38,-35.9664,-40.8432
2020-01-30 04:00,-62.6,-60.37,-42.52,-35.9664,-40.8432
2020-01-30 05:00,-62.7,-60.47,-42.55,-35.9664,-40.8432
2020-01-30 06:00,-62.89,-60.68,-42.7,-35.9664,-40.8432
2020-01-30 07:00,-62.9,-60.71,-42.73,-36.2712,-40.8432
2020-01-30 08:00,-62.85,-60.7,-42.64,-36.2712,-40.8432
2020-01-30 09:00,-62.94,-60.73,-42.77,-36.2712,-40.8432
2020-01-30 10:00,-63,-60.72,-42.82,-36.2712,-40.8432
2020-01-30 11:00,-63,-60.76,-42.7,-36.2712,-40.8432
2020-01-30 12:00,-62.76,-60.54,-42.67,-36.2712,-40.8432
2020-01-30 13:00,-62.76,-60.46,-42.64,-36.2712,-40.8432
2020-01-30 14:00,-62.65,-60.43,-42.6,-36.2712,-40.8432
2020-01-30 15:00,-62.71,-60.46,-42.77,-36.2712,-40.8432
2020-01-30 16:00,-62.63,-60.41,-42.63,-36.2712,-41.148
2020-01-30 17:00,-62.57,-60.33,-42.61,-36.2712,-41.148
2020-01-30 18:00,-62.68,-60.5,-42.73,-36.2712,-41.148
2020-01-30 19:00,-62.74,-60.57,-42.75,-36.2712,-41.148
2020-01-30 20:00,-62.75,-60.58,-42.84,-36.2712,-41.148
2020-01-30 21:00,-62.75,-60.53,-42.81,-36.2712,-41.148
2020-01-30 22:00,-62.87,-60.66,-42.95,-36.576,-41.148
2020-01-30 23:00,-62.84,-60.57,-42.88,-36.576,-41.148
2020-01-31 00:00,-62.82,-60.61,-42.93,-36.576,-41.148
2020-01-31 01:00,-62.95,-60.73,-43.01,-36.576,-41.148
2020-01-31 02:00,-62.94,-60.74,-43.01,-36.576,-41.148
2020-01-31 03:00,-62.89,-60.65,-43.06,-36.576,-41.148
2020-01-31 04:00,-63.14,-60.94,-43.23,-36.576,-41.148
2020-01-31 05:00,-63.08,-60.89,-43.31,-36.576,-41.148
2020-01-31 06:00,-63.13,-61,-43.32,-36.576,-41.4528
2020-01-31 07:00,-63.21,-60.97,-43.32,-36.576,-41.4528
2020-01-31 08:00,-63.32,-61.07,-43.45,-36.576,-41.4528
2020-01-31 09:00,-63.3,-61.07,-43.43,-36.576,-41.4528
2020-01-31 10:00,-63.08,-60.79,-43.36,-36.576,-41.4528
2020-01-31 11:00,-63.02,-60.81,-43.23,-36.576,-41.4528
2020-01-31 12:00,-63.1,-60.83,-43.38,-36.576,-41.4528
2020-01-31 13:00,-63.15,-60.87,-43.3,-36.576,-41.4528
2020-01-31 14:00,-63.33,-61,-43.26,-36.576,-41.4528
2020-01-31 15:00,-63.05,-60.79,-43.37,-36.576,-41.4528
2020-01-31 16:00,-62.62,-60.28,-42.98,-36.576,-41.4528
2020-01-31 17:00,-63,-60.78,-43.21,-36.8808,-41.4528
2020-01-31 18:00,-62.97,-60.74,-43.19,-36.8808,-41.4528
2020-01-31 19:00,-62.84,-60.55,-43.24,-36.8808,-41.4528
2020-01-31 20:00,-62.75,-60.52,-43.14,-36.8808,-41.4528
2020-01-31 21:00,-62.54,-60.45,-42.87,-36.8808,-41.4528
2020-01-31 22:00,-62.7,-60.42,-42.73,-36.576,-41.4528
2020-01-31 23:00,-62.96,-60.71,-42.91,-35.3568,-41.4528
2020-02-01 00:00,-62.79,-60.61,-42.18,-34.7472,-40.8432
2020-02-01 01:00,-62.66,-60.48,-41.02,-33.8328,-39.9288
2020-02-01 02:00,-62.01,-60.33,-39.94,-32.6136,-39.3192
2020-02-01 03:00,-61.2,-60.31,-38.59,-31.6992,-38.7096
2020-02-01 04:00,-59.72,-59.61,-36.74,-30.7848,-37.7952
2020-02-01 05:00,-58.09,-58.39,-34.75,-29.8704,-36.8808
2020-02-01 06:00,-56.5,-56.74,-32.5,-29.2608,-36.2712
2020-02-01 07:00,-55.57,-55.87,-31.66,-28.0416,-35.3568
2020-02-01 08:00,-54.6,-54.89,-31.11,-27.7368,-35.052
2020-02-01 09:00,-54.13,-54.43,-30.83,-28.0416,-34.7472
2020-02-01 10:00,-53.68,-53.96,-30.58,-28.0416,-34.4424
2020-02-01 11:00,-53.41,-53.58,-30.5,-28.0416,-34.1376
2020-02-01 12:00,-53.76,-53.85,-30.54,-28.3464,-34.1376
2020-02-01 13:00,-53.76,-53.74,-30.43,-28.3464,-34.1376
2020-02-01 14:00,-53.37,-53.21,-30.08,-28.3464,-34.1376
2020-02-01 15:00,-53.53,-53.34,-30.04,-28.6512,-33.8328
2020-02-01 16:00,-53.35,-53.02,-29.87,-28.6512,-33.8328
2020-02-01 17:00,-53.46,-53.06,-30.03,-28.956,-33.8328
2020-02-01 18:00,-53.56,-53.03,-30,-28.956,-33.8328
2020-02-01 19:00,-53.48,-52.98,-29.89,-28.956,-33.8328
2020-02-01 20:00,-53.46,-52.82,-29.99,-29.2608,-33.8328
2020-02-01 21:00,-53.63,-52.96,-30.11,-29.2608,-33.8328
2020-02-01 22:00,-53.68,-52.88,-30.04,-29.2608,-33.8328
2020-02-01 23:00,-53.65,-52.84,-30.12,-29.2608,-33.8328
2020-02-02 00:00,-53.78,-52.92,-30.14,-29.5656,-33.8328
2020-02-02 01:00,-53.89,-52.98,-30.3,-29.5656,-33.8328
2020-02-02 02:00,-53.85,-52.91,-30.3,-29.5656,-33.8328
2020-02-02 03:00,-54,-53.07,-30.48,-29.5656,-33.8328
2020-02-02 04:00,-54,-52.92,-30.45,-29.5656,-33.8328
2020-02-02 05:00,-54,-52.93,-30.51,-29.8704,-33.8328
2020-02-02 06:00,-54.21,-53,-30.7,-29.8704,-33.8328
2020-02-02 07:00,-54.27,-53.11,-30.76,-29.8704,-33.8328
2020-02-02 08:00,-54.52,-53.27,-30.99,-29.8704,-33.8328
2020-02-02 09:00,-54.67,-53.44,-31.24,-29.8704,-33.8328
2020-02-02 10:00,-54.81,-53.57,-31.48,-30.1752,-33.8328
2020-02-02 11:00,-54.52,-53.21,-31.09,-30.1752,-33.8328
2020-02-02 12:00,-54.35,-52.89,-31.17,-30.1752,-33.8328
2020-02-02 13:00,-54.64,-53.3,-31.34,-30.1752,-34.1376
2020-02-02 14:00,-54.82,-53.48,-31.68,-30.1752,-34.1376
2020-02-02 15:00,-54.9,-53.57,-31.78,-30.48,-34.1376
2020-02-02 16:00,-54.81,-53.54,-31.7,-30.48,-34.1376
2020-02-02 17:00,-54.71,-53.49,-31.54,-30.48,-34.1376
2020-02-02 18:00,-54.73,-53.39,-31.6,-30.48,-34.1376
2020-02-02 19:00,-54.67,-53.34,-31.75,-30.48,-34.4424
2020-02-02 20:00,-54.92,-53.64,-31.95,-30.7848,-34.4424
2020-02-02 21:00,-54.92,-53.61,-32.06,-30.7848,-34.4424
2020-02-02 22:00,-54.93,-53.7,-32.06,-30.7848,-34.4424
2020-02-02 23:00,-54.95,-53.58,-32.02,-30.7848,-34.4424
2020-02-03 00:00,-54.86,-53.6,-32.01,-30.7848,-34.4424
2020-02-03 01:00,-54.91,-53.65,-32.06,-30.7848,-34.4424
2020-02-03 02:00,-54.94,-53.64,-32.21,-31.0896,-34.4424
2020-02-03 03:00,-54.98,-53.64,-32.13,-31.0896,-34.4424
2020-02-03 04:00,-55.05,-53.71,-32.17,-31.0896,-34.7472
2020-02-03 05:00,-55.01,-53.64,-32.19,-31.0896,-34.7472
2020-02-03 06:00,-55.05,-53.71,-32.31,-31.0896,-34.7472
2020-02-03 07:00,-55.05,-53.69,-32.4,-31.0896,-34.7472
2020-02-03 08:00,-55.33,-53.89,-32.68,-31.0896,-34.7472
2020-02-03 09:00,-55.32,-53.9,-32.64,-31.0896,-34.7472
2020-02-03 10:00,-55.19,-53.75,-32.62,-31.3944,-34.7472
2020-02-03 11:00,-55.45,-53.98,-32.88,-31.3944,-34.7472
2020-02-03 12:00,-55.4,-53.84,-32.94,-31.3944,-35.052
2020-02-03 13:00,-55.31,-53.85,-32.89,-31.3944,-35.052
2020-02-03 14:00,-55.47,-53.99,-33.09,-31.3944,-35.052
2020-02-03 15:00,-55.5,-54.05,-33.24,-31.6992,-35.052
2020-02-03 16:00,-55.44,-54.07,-33.27,-31.6992,-35.052
2020-02-03 17:00,-55.23,-53.81,-33.01,-31.6992,-35.052
2020-02-03 18:00,-55.42,-54.03,-33.29,-31.6992,-35.3568
2020-02-03 19:00,-55.63,-54.24,-33.51,-31.6992,-35.3568
2020-02-03 20:00,-55.58,-54.14,-33.58,-31.6992,-35.3568
2020-02-03 21:00,-55.87,-54.47,-33.81,-32.004,-35.3568
2020-02-03 22:00,-55.77,-54.31,-33.8,-32.004,-35.3568
2020-02-03 23:00,-55.87,-54.42,-33.88,-32.004,-35.3568
2020-02-04 00:00,-55.92,-54.46,-33.95,-32.004,-35.3568
2020-02-04 01:00,-55.84,-54.35,-33.86,-32.004,-35.3568
2020-02-04 02:00,-55.84,-54.37,-33.88,-32.004,-35.3568
2020-02-04 03:00,-55.98,-54.47,-34.05,-32.004,-35.3568
2020-02-04 04:00,-55.93,-54.41,-34.03,-32.004,-35.3568
2020-02-04 05:00,-56.16,-54.71,-34.18,-32.004,-35.6616
2020-02-04 06:00,-56.02,-54.59,-34.09,-32.004,-35.6616
2020-02-04 07:00,-56.1,-54.61,-34.29,-32.3088,-35.6616
2020-02-04 08:00,-56.22,-54.72,-34.46,-32.3088,-35.6616
2020-02-04 09:00,-56.4,-54.78,-34.58,-32.3088,-35.6616
2020-02-04 10:00,-56.47,-55.03,-34.71,-32.3088,-35.6616
2020-02-04 11:00,-56.26,-54.7,-34.53,-32.3088,-35.6616
2020-02-04 12:00,-56.24,-54.75,-34.64,-32.3088,-35.6616
2020-02-04 13:00,-56.19,-54.56,-34.39,-32.3088,-35.6616
2020-02-04 14:00,-56.08,-54.51,-34.4,-32.3088,-35.9664
2020-02-04 15:00,-56.13,-54.7,-34.61,-32.6136,-35.9664
2020-02-04 16:00,-56.18,-54.69,-34.5,-32.6136,-35.9664
2020-02-04 17:00,-56.09,-54.57,-34.44,-32.6136,-35.9664
2020-02-04 18:00,-56.03,-54.55,-34.58,-32.6136,-35.9664
2020-02-04 19:00,-56.15,-54.62,-34.69,-32.6136,-35.9664
2020-02-04 20:00,-56.18,-54.69,-34.75,-32.6136,-35.9664
2020-02-04 21:00,-56.14,-54.69,-34.76,-32.6136,-35.9664
2020-02-04 22:00,-56.54,-55.05,-35.04,-32.6136,-35.9664
2020-02-04 23:00,-56.32,-54.85,-35.19,-32.9184,-35.9664
2020-02-05 00:00,-56.35,-54.94,-34.96,-32.9184,-36.2712
2020-02-05 01:00,-56.35,-54.91,-35.05,-32.9184,-36.2712
2020-02-05 02:00,-56.44,-54.96,-35.09,-32.9184,-36.2712
2020-02-05 03:00,-56.27,-54.66,-35.15,-32.9184,-36.2712
2020-02-05 04:00,-56.46,-55,-35.27,-32.9184,-36.2712
2020-02-05 05:00,-56.5,-54.99,-35.34,-32.9184,-36.2712
2020-02-05 06:00,-56.41,-54.93,-35.22,-32.9184,-36.2712
2020-02-05 07:00,-56.66,-55.09,-35.3,-32.9184,-36.2712
2020-02-05 08:00,-56.69,-55.2,-35.49,-32.9184,-36.2712
2020-02-05 09:00,-56.82,-55.3,-35.63,-32.9184,-36.2712
2020-02-05 10:00,-56.74,-55.23,-35.72,-32.9184,-36.2712
2020-02-05 11:00,-56.86,-55.28,-35.61,-33.2232,-36.2712
2020-02-05 12:00,-56.92,-55.41,-35.82,-33.2232,-36.576
2020-02-05 13:00,-56.83,-55.21,-35.83,-33.2232,-36.576
2020-02-05 14:00,-57.09,-55.55,-36.11,-33.2232,-36.576
2020-02-05 15:00,-56.63,-55.12,-35.68,-33.2232,-36.576
2020-02-05 16:00,-56.75,-55.19,-35.75,-33.2232,-36.576
2020-02-05 17:00,-56.71,-55.19,-35.68,-33.2232,-36.576
2020-02-05 18:00,-56.57,-55.04,-35.61,-33.2232,-36.576
2020-02-05 19:00,-56.31,-54.72,-35.35,-33.2232,-36.576
2020-02-05 20:00,-56.54,-54.93,-35.66,-33.2232,-36.576
2020-02-05 21:00,-56.77,-55.34,-35.8,-33.2232,-36.576
2020-02-05 22:00,-56.84,-55.24,-36.06,-33.2232,-36.8808
2020-02-05 23:00,-56.6,-54.99,-35.9,-33.2232,-36.8808
2020-02-06 00:00,-56.9,-55.35,-36.07,-33.2232,-36.8808
2020-02-06 01:00,-57.14,-55.58,-36.33,-33.2232,-36.8808
2020-02-06 02:00,-57.12,-55.57,-36.4,-33.2232,-36.8808
2020-02-06 03:00,-57.03,-55.5,-36.33,-33.2232,-36.8808
2020-02-06 04:00,-57.03,-55.53,-36.27,-33.528,-36.8808
2020-02-06 05:00,-57.38,-55.83,-36.64,-33.528,-36.8808
2020-02-06 06:00,-57.26,-55.77,-36.59,-33.528,-36.8808
2020-02-06 07:00,-57.24,-55.75,-36.5,-33.528,-36.8808
2020-02-06 08:00,-57.17,-55.65,-36.38,-33.528,-36.8808
2020-02-06 09:00,-57.35,-55.88,-36.38,-33.528,-36.8808
2020-02-06 10:00,-57.21,-55.73,-35.93,-31.3944,-36.576
2020-02-06 11:00,-57.33,-55.76,-35.87,-30.7848,-36.2712
2020-02-06 12:00,-57.15,-55.73,-35.67,-30.7848,-36.2712
2020-02-06 13:00,-57.16,-56.01,-35.83,-30.7848,-36.2712
2020-02-06 14:00,-56.96,-55.94,-35.55,-30.7848,-36.2712
2020-02-06 15:00,-56.69,-55.91,-35.38,-31.0896,-36.2712
2020-02-06 16:00,-56.54,-55.81,-35.22,-31.0896,-36.2712
2020-02-06 17:00,-56.23,-55.66,-35.12,-31.0896,-35.9664
2020-02-06 18:00,-56.01,-55.51,-34.95,-31.0896,-36.2712
2020-02-06 19:00,-55.96,-55.34,-34.86,-31.0896,-36.2712
2020-02-06 20:00,-56.22,-55.78,-33.68,-31.3944,-35.6616
2020-02-06 21:00,-50.91,-54.73,-21.36,-27.7368,-31.0896
2020-02-06 22:00,-49.71,-50.51,-17.27,-20.4216,-27.1272
2020-02-06 23:00,-48.06,-47,-16.01,-18.8976,-25.908
2020-02-07 00:00,-46.02,-45.39,-13.39,-18.8976,-25.2984
2020-02-07 01:00,-44.96,-44.35,-11.38,-17.6784,-24.0792
2020-02-07 02:00,-42.53,-42.02,-8.89,-16.1544,-22.5552
2020-02-07 03:00,-39.57,-38.38,-6.6,-14.6304,-20.7264
2020-02-07 04:00,-38.51,-36.99,-5.4,-14.0208,-18.288
2020-02-07 05:00,-37.13,-35.48,-5.55,-12.4968,-17.3736
2020-02-07 06:00,-37.29,-35.45,-6.25,-13.4112,-17.0688
2020-02-07 07:00,-37.08,-35.33,-6.41,-14.3256,-17.0688
2020-02-07 08:00,-37.38,-35.48,-6.94,-14.6304,-17.0688
2020-02-07 09:00,-37.31,-35.3,-6.93,-14.9352,-17.0688
2020-02-07 10:00,-37.76,-36.09,-7.49,-15.24,-17.0688
2020-02-07 11:00,-37.82,-36.12,-7.67,-15.5448,-17.3736
2020-02-07 12:00,-38.23,-36.45,-8.37,-15.8496,-17.3736
2020-02-07 13:00,-38.12,-36.34,-8.37,-16.1544,-17.6784
2020-02-07 14:00,-38.18,-36.62,-8.56,-16.4592,-17.6784
2020-02-07 15:00,-38.04,-36.49,-8.55,-16.4592,-17.9832
2020-02-07 16:00,-39.26,-37.72,-9.7,-16.764,-17.9832
2020-02-07 17:00,-38.7,-37.22,-9.29,-16.764,-18.288
2020-02-07 18:00,-38.57,-37.14,-9.25,-16.764,-18.288
2020-02-07 19:00,-38.99,-37.52,-9.55,-17.0688,-18.5928
2020-02-07 20:00,-39.23,-37.77,-9.79,-17.0688,-18.5928
2020-02-07 21:00,-39.49,-38.14,-10.09,-17.0688,-18.5928
2020-02-07 22:00,-39.54,-38.08,-10.12,-17.0688,-18.8976
2020-02-07 23:00,-39.61,-38.19,-10.21,-17.3736,-18.8976
2020-02-08 00:00,-39.85,-38.55,-10.44,-17.3736,-19.2024
2020-02-08 01:00,-40.02,-38.63,-10.72,-17.3736,-19.2024
2020-02-08 02:00,-40.11,-38.75,-10.74,-17.6784,-19.2024
2020-02-08 03:00,-40.4,-39.09,-11.13,-17.6784,-19.5072
2020-02-08 04:00,-40.55,-39.19,-11.21,-17.6784,-19.5072
2020-02-08 05:00,-40.61,-39.29,-11.28,-17.9832,-19.5072
2020-02-08 06:00,-40.76,-39.49,-11.41,-17.9832,-19.812
2020-02-08 07:00,-40.73,-39.44,-11.5,-17.9832,-19.812
2020-02-08 08:00,-41.23,-40,-12.02,-17.9832,-20.1168
2020-02-08 09:00,-41.23,-39.97,-12.03,-18.288,-20.1168
2020-02-08 10:00,-41.29,-40.1,-12.06,-18.288,-20.1168
2020-02-08 11:00,-41.48,-40.31,-12.12,-18.288,-20.4216
2020-02-08 12:00,-41.46,-40.28,-12.27,-18.288,-20.4216
2020-02-08 13:00,-41.58,-40.49,-12.24,-18.5928,-20.4216
2020-02-08 14:00,-41.85,-40.74,-12.51,-18.5928,-20.7264
2020-02-08 15:00,-41.45,-40.39,-12.24,-18.5928,-20.7264
2020-02-08 16:00,-41.67,-40.67,-12.48,-18.5928,-20.7264
2020-02-08 17:00,-41.58,-40.56,-12.48,-18.8976,-21.0312
2020-02-08 18:00,-41.88,-40.86,-12.71,-18.8976,-21.0312
2020-02-08 19:00,-41.92,-40.87,-12.67,-18.8976,-21.0312
2020-02-08 20:00,-42.03,-40.99,-12.97,-18.8976,-21.0312
2020-02-08 21:00,-42.27,-41.28,-13.03,-19.2024,-21.336
2020-02-08 22:00,-42.3,-41.26,-13.13,-19.2024,-21.336
2020-02-08 23:00,-42.53,-41.54,-13.37,-19.2024,-21.336
2020-02-09 00:00,-42.53,-41.55,-13.44,-19.2024,-21.6408
2020-02-09 01:00,-42.51,-41.56,-13.37,-19.5072,-21.6408
2020-02-09 02:00,-42.52,-41.64,-13.48,-19.5072,-21.6408
2020-02-09 03:00,-42.73,-41.87,-13.64,-19.5072,-21.9456
2020-02-09 04:00,-42.77,-41.94,-13.7,-19.5072,-21.9456
2020-02-09 05:00,-42.93,-42.01,-13.84,-19.812,-21.9456
2020-02-09 06:00,-43.19,-42.29,-14.12,-19.812,-21.9456
2020-02-09 07:00,-43.27,-42.4,-14.24,-19.812,-22.2504
2020-02-09 08:00,-43.4,-42.4,-14.31,-19.812,-22.2504
2020-02-09 09:00,-43.55,-42.54,-14.49,-20.1168,-22.2504
2020-02-09 10:00,-43.7,-42.71,-14.56,-20.1168,-22.2504
2020-02-09 11:00,-43.54,-42.53,-14.49,-20.1168,-22.5552
2020-02-09 12:00,-43.55,-42.56,-14.55,-20.1168,-22.5552
2020-02-09 13:00,-43.12,-42.11,-14.25,-20.1168,-22.5552
2020-02-09 14:00,-43.64,-42.68,-14.64,-20.1168,-22.86
2020-02-09 15:00,-43.66,-42.65,-14.67,-20.4216,-22.86
2020-02-09 16:00,-43.72,-42.85,-14.85,-20.4216,-22.86
2020-02-09 17:00,-43.75,-42.98,-14.98,-20.4216,-22.86
2020-02-09 18:00,-43.81,-43.01,-15.01,-20.7264,-23.1648
2020-02-09 19:00,-43.84,-43.05,-15.06,-20.7264,-23.1648
2020-02-09 20:00,-43.96,-43.11,-15.12,-20.7264,-23.1648
2020-02-09 21:00,-44.01,-43.23,-15.23,-20.7264,-23.1648
2020-02-09 22:00,-44.21,-43.42,-15.28,-20.7264,-23.4696
2020-02-09 23:00,-44.22,-43.47,-15.47,-21.0312,-23.4696
2020-02-10 00:00,-44.38,-43.62,-15.61,-21.0312,-23.4696
2020-02-10 01:00,-44.53,-43.79,-15.72,-21.0312,-23.4696
2020-02-10 02:00,-44.5,-43.74,-15.73,-21.0312,-23.4696
2020-02-10 03:00,-44.48,-43.77,-15.82,-21.336,-23.7744
2020-02-10 04:00,-44.6,-43.87,-15.92,-21.336,-23.7744
2020-02-10 05:00,-44.63,-43.92,-16,-21.336,-23.7744
2020-02-10 06:00,-44.69,-44.04,-15.99,-21.336,-23.7744
2020-02-10 07:00,-44.84,-44.1,-16.25,-21.336,-24.0792
2020-02-10 08:00,-44.98,-44.31,-16.35,-21.6408,-24.0792
2020-02-10 09:00,-45.01,-44.37,-16.39,-21.6408,-24.0792
2020-02-10 10:00,-44.95,-44.28,-16.42,-21.6408,-24.0792
2020-02-10 11:00,-45.08,-44.4,-16.45,-21.6408,-24.384
2020-02-10 12:00,-45,-44.32,-16.57,-21.6408,-24.384
2020-02-10 13:00,-45.16,-44.47,-16.57,-21.9456,-24.384
2020-02-10 14:00,-45.24,-44.67,-16.79,-21.9456,-24.384
2020-02-10 15:00,-45.33,-44.81,-16.85,-21.9456,-24.384
2020-02-10 16:00,-45.16,-44.66,-16.89,-21.9456,-24.6888
2020-02-10 17:00,-45.13,-44.55,-16.75,-22.2504,-24.6888
2020-02-10 18:00,-45.17,-44.65,-16.75,-22.2504,-24.6888
2020-02-10 19:00,-45.16,-44.64,-16.87,-22.2504,-24.6888
2020-02-10 20:00,-45.3,-44.75,-16.98,-22.2504,-24.9936
2020-02-10 21:00,-45.33,-44.81,-17.03,-22.2504,-24.9936
2020-02-10 22:00,-45.42,-44.95,-17.11,-22.2504,-24.9936
2020-02-10 23:00,-45.58,-45.08,-17.35,-22.5552,-24.9936
2020-02-11 00:00,-45.6,-45.07,-17.38,-22.5552,-24.9936
2020-02-11 01:00,-45.76,-45.25,-17.48,-22.5552,-25.2984
2020-02-11 02:00,-45.75,-45.26,-17.5,-22.5552,-25.2984
2020-02-11 03:00,-45.56,-45.17,-17.46,-22.5552,-25.2984
2020-02-11 04:00,-45.81,-45.37,-17.55,-22.5552,-25.2984
2020-02-11 05:00,-45.96,-45.58,-17.66,-22.5552,-25.2984
2020-02-11 06:00,-45.98,-45.57,-17.88,-22.86,-25.6032
2020-02-11 07:00,-46.27,-45.8,-18.04,-22.86,-25.6032
2020-02-11 08:00,-46.11,-45.68,-17.9,-22.86,-25.6032
2020-02-11 09:00,-46.27,-45.76,-18.06,-22.86,-25.6032
2020-02-11 10:00,-46.31,-45.9,-18.24,-22.86,-25.6032
2020-02-11 11:00,-46.37,-46,-18.23,-22.86,-25.6032
2020-02-11 12:00,-46.31,-45.92,-18.24,-23.1648,-25.908
2020-02-11 13:00,-46.57,-46.13,-18.55,-23.1648,-25.908
2020-02-11 14:00,-46.72,-46.38,-18.67,-23.1648,-25.908
2020-02-11 15:00,-46.63,-46.25,-18.72,-23.1648,-25.908
2020-02-11 16:00,-46.58,-46.18,-18.61,-23.4696,-25.908
2020-02-11 17:00,-46.59,-46.27,-18.75,-23.4696,-26.2128
2020-02-11 18:00,-46.27,-45.95,-18.47,-23.4696,-26.2128
2020-02-11 19:00,-46.56,-46.31,-18.55,-23.4696,-26.2128
2020-02-11 20:00,-46.49,-46.16,-18.52,-23.4696,-26.2128
2020-02-11 21:00,-46.52,-46.1,-18.58,-23.4696,-26.2128
2020-02-11 22:00,-46.55,-46.18,-18.67,-23.4696,-26.5176
2020-02-11 23:00,-46.26,-45.89,-18.52,-23.7744,-26.5176
2020-02-12 00:00,-46.12,-46.12,-14.75,-23.7744,-25.908
2020-02-12 01:00,-45.99,-46.2,-14.63,-19.2024,-25.2984
2020-02-12 02:00,-45.74,-45.85,-14.61,-19.812,-25.2984
2020-02-12 03:00,-45.47,-45.48,-14.12,-20.4216,-25.2984
2020-02-12 04:00,-45.81,-45.78,-14.77,-20.4216,-25.2984
2020-02-12 05:00,-45.99,-45.95,-15.13,-20.7264,-25.2984
2020-02-12 06:00,-46.01,-45.95,-15.16,-21.0312,-25.2984
2020-02-12 07:00,-46.02,-45.86,-15.4,-21.0312,-25.2984
2020-02-12 08:00,-45.86,-45.67,-15.37,-21.336,-25.2984
2020-02-12 09:00,-46.19,-46.02,-15.76,-21.336,-25.6032
2020-02-12 10:00,-46.06,-45.81,-15.63,-21.6408,-25.6032
2020-02-12 11:00,-46.21,-45.93,-16.04,-21.6408,-25.6032
2020-02-12 12:00,-46,-45.67,-16.04,-21.9456,-25.6032
2020-02-12 13:00,-46.2,-45.84,-16.2,-21.9456,-25.6032
2020-02-12 14:00,-46.22,-45.85,-16.46,-21.9456,-25.908
2020-02-12 15:00,-46.12,-45.72,-16.36,-22.2504,-25.6032
2020-02-12 16:00,-46.23,-45.92,-16.56,-22.2504,-25.6032
2020-02-12 17:00,-46.09,-45.74,-16.3,-22.5552,-25.6032
2020-02-12 18:00,-46.21,-45.86,-16.59,-22.5552,-25.6032
2020-02-12 19:00,-46.17,-45.83,-16.6,-22.5552,-25.908
2020-02-12 20:00,-46.41,-46.09,-16.94,-22.5552,-25.908
2020-02-12 21:00,-46.46,-46.13,-17.09,-22.86,-25.908
2020-02-12 22:00,-46.52,-46.1,-17.03,-22.86,-25.908
2020-02-12 23:00,-46.57,-46.22,-17.26,-22.86,-25.908
2020-02-13 00:00,-46.55,-46.23,-17.24,-22.86,-26.2128
2020-02-13 01:00,-46.65,-46.35,-17.41,-23.1648,-26.2128
2020-02-13 02:00,-46.82,-46.54,-17.67,-23.1648,-26.2128
2020-02-13 03:00,-46.94,-46.65,-17.8,-23.1648,-26.2128
2020-02-13 04:00,-47.07,-46.75,-17.96,-23.1648,-26.2128
2020-02-13 05:00,-47.2,-46.91,-18.15,-23.1648,-26.2128
2020-02-13 06:00,-46.98,-46.65,-17.8,-23.4696,-26.2128
2020-02-13 07:00,-46.95,-46.8,-18.1,-23.4696,-26.5176
2020-02-13 08:00,-47.22,-46.89,-18.18,-23.4696,-26.5176
2020-02-13 09:00,-47.37,-47.1,-18.35,-23.4696,-26.5176
2020-02-13 10:00,-47.59,-47.35,-18.82,-23.4696,-26.5176
2020-02-13 11:00,-47.48,-47.25,-18.91,-23.7744,-26.5176
2020-02-13 12:00,-47.47,-47.27,-18.83,-23.7744,-26.8224
2020-02-13 13:00,-47.2,-46.9,-18.56,-23.7744,-26.8224
2020-02-13 14:00,-46.99,-46.83,-18.35,-24.0792,-26.8224
2020-02-13 15:00,-46.83,-46.67,-17.65,-24.0792,-26.8224
2020-02-13 16:00,-47.51,-47.5,-17.14,-22.86,-26.8224
2020-02-13 17:00,-47.19,-47.09,-15.85,-22.5552,-26.2128
2020-02-13 18:00,-46.99,-47.07,-14.66,-21.336,-25.6032
2020-02-13 19:00,-46.69,-46.77,-14.27,-20.1168,-24.9936
2020-02-13 20:00,-45.91,-45.79,-13.4,-20.1168,-24.6888
2020-02-13 21:00,-45.28,-45.14,-13.41,-20.1168,-24.384
2020-02-13 22:00,-45.64,-45.39,-13.51,-20.1168,-24.0792
2020-02-13 23:00,-45.39,-44.98,-13.4,-20.4216,-24.0792
2020-02-14 00:00,-45.04,-44.46,-13.62,-20.4216,-24.0792
2020-02-14 01:00,-45.73,-45.16,-14,-20.7264,-24.0792
2020-02-14 02:00,-45.5,-44.78,-14.11,-21.0312,-24.0792
2020-02-14 03:00,-45.31,-44.56,-14.17,-21.0312,-24.0792
2020-02-14 04:00,-45.37,-44.48,-14.52,-21.336,-24.384
2020-02-14 05:00,-45.54,-44.62,-14.86,-21.336,-24.384
2020-02-14 06:00,-45.59,-44.71,-14.82,-21.336,-24.384
2020-02-14 07:00,-45.97,-45.2,-15,-21.6408,-24.384
2020-02-14 08:00,-45.96,-44.92,-15.32,-21.6408,-24.384
2020-02-14 09:00,-45.65,-44.6,-15.09,-21.9456,-24.6888
2020-02-14 10:00,-46.26,-45.3,-15.68,-21.9456,-24.6888
2020-02-14 11:00,-46.08,-44.96,-15.57,-21.9456,-24.6888
2020-02-14 12:00,-45.78,-44.74,-15.47,-22.2504,-24.6888
2020-02-14 13:00,-46.19,-45.11,-15.93,-22.2504,-24.9936
2020-02-14 14:00,-46.03,-44.85,-15.91,-22.2504,-24.9936
2020-02-14 15:00,-46.22,-45.16,-16.2,-22.5552,-24.9936
2020-02-14 16:00,-46.17,-45.11,-16.21,-22.5552,-24.9936
2020-02-14 17:00,-46.23,-45.13,-16.34,-22.5552,-24.9936
2020-02-14 18:00,-46.21,-45.13,-16.34,-22.86,-25.2984
2020-02-14 19:00,-46.32,-45.24,-16.42,-22.86,-25.2984
2020-02-14 20:00,-46.45,-45.31,-16.63,-22.86,-25.2984
2020-02-14 21:00,-46.54,-45.43,-16.83,-22.86,-25.2984
2020-02-14 22:00,-46.66,-45.52,-16.9,-22.86,-25.6032
2020-02-14 23:00,-46.67,-45.53,-17.06,-23.1648,-25.6032
2020-02-15 00:00,-46.55,-45.45,-17.03,-23.1648,-25.6032
2020-02-15 01:00,-46.61,-45.48,-17.05,-23.1648,-25.6032
2020-02-15 02:00,-46.82,-45.65,-17.43,-23.1648,-25.6032
2020-02-15 03:00,-46.93,-45.79,-17.47,-23.4696,-25.908
2020-02-15 04:00,-46.96,-45.81,-17.59,-23.4696,-25.908
2020-02-15 05:00,-47.05,-45.93,-17.73,-23.4696,-25.908
2020-02-15 06:00,-47.19,-46.16,-17.96,-23.4696,-25.908
2020-02-15 07:00,-47.24,-46.17,-17.94,-23.4696,-25.908
2020-02-15 08:00,-47.45,-46.37,-18.27,-23.7744,-25.908
2020-02-15 09:00,-47.66,-46.51,-18.45,-23.7744,-26.2128
2020-02-15 10:00,-47.73,-46.63,-18.49,-23.7744,-26.2128
2020-02-15 11:00,-47.61,-46.51,-18.61,-23.7744,-26.2128
2020-02-15 12:00,-47.49,-46.58,-18.58,-23.7744,-26.2128
2020-02-15 13:00,-47.44,-46.4,-18.54,-24.0792,-26.2128
2020-02-15 14:00,-47.76,-46.65,-18.78,-24.0792,-26.5176
2020-02-15 15:00,-47.64,-46.54,-18.79,-24.0792,-26.5176
2020-02-15 16:00,-47.63,-46.67,-19.06,-24.0792,-26.5176
2020-02-15 17:00,-47.6,-46.61,-19.14,-24.0792,-26.5176
2020-02-15 18:00,-47.58,-46.69,-19.06,-24.384,-26.8224
2020-02-15 19:00,-47.74,-46.89,-19.21,-24.384,-26.8224
2020-02-15 20:00,-47.89,-47,-19.32,-24.384,-26.8224
2020-02-15 21:00,-47.81,-46.97,-19.32,-24.384,-26.8224
2020-02-15 22:00,-47.81,-46.89,-19.37,-24.384,-26.8224
2020-02-15 23:00,-47.9,-47.09,-19.52,-24.384,-26.8224
2020-02-16 00:00,-48.02,-47.13,-19.72,-24.384,-26.8224
2020-02-16 01:00,-47.98,-47.25,-19.77,-24.6888,-27.1272
2020-02-16 02:00,-48.14,-47.36,-19.87,-24.6888,-27.1272
2020-02-16 03:00,-48.18,-47.37,-19.89,-24.6888,-27.1272
2020-02-16 04:00,-48.34,-47.52,-20.01,-24.6888,-27.1272
2020-02-16 05:00,-48.41,-47.62,-20.21,-24.6888,-27.1272
2020-02-16 06:00,-48.46,-47.55,-20.52,-24.6888,-27.1272
2020-02-16 07:00,-48.47,-47.7,-20.43,-24.6888,-27.432
2020-02-16 08:00,-48.59,-47.84,-20.51,-24.9936,-27.432
2020-02-16 09:00,-48.58,-47.77,-20.58,-24.9936,-27.432
2020-02-16 10:00,-48.34,-47.53,-20.4,-24.9936,-27.432
2020-02-16 11:00,-48.42,-47.67,-20.2,-24.9936,-27.432
2020-02-16 12:00,-48.56,-47.71,-20.7,-24.9936,-27.432
2020-02-16 13:00,-48.54,-47.7,-20.59,-24.9936,-27.432
2020-02-16 14:00,-48.58,-47.85,-20.65,-24.9936,-27.7368
2020-02-16 15:00,-48.43,-47.72,-20.56,-24.9936,-27.7368
2020-02-16 16:00,-48.34,-47.58,-20.66,-25.2984,-27.7368
2020-02-16 17:00,-48.41,-47.67,-20.72,-25.2984,-27.7368
2020-02-16 18:00,-48.32,-47.63,-20.67,-25.2984,-27.7368
2020-02-16 19:00,-48.67,-47.99,-20.94,-25.2984,-27.7368
2020-02-16 20:00,-48.72,-48.07,-20.89,-25.2984,-28.0416
2020-02-16 21:00,-48.67,-48.01,-21.02,-25.2984,-28.0416
2020-02-16 22:00,-48.38,-47.7,-20.69,-25.2984,-28.0416
2020-02-16 23:00,-48.58,-47.92,-20.85,-25.2984,-28.0416
2020-02-17 00:00,-48.58,-47.84,-20.44,-25.2984,-28.0416
2020-02-17 01:00,-48.59,-47.9,-19.96,-24.9936,-28.0416
2020-02-17 02:00,-48.82,-48.18,-19.49,-24.384,-28.0416
2020-02-17 03:00,-48.43,-47.98,-16.92,-23.7744,-27.7368
2020-02-17 04:00,-47.96,-48,-15.86,-21.6408,-27.1272
2020-02-17 05:00,-47.76,-47.94,-15.86,-21.336,-26.8224
2020-02-17 06:00,-47.57,-47.66,-15.97,-21.6408,-26.5176
2020-02-17 07:00,-47.48,-47.5,-16.15,-21.6408,-26.5176
2020-02-17 08:00,-47.35,-47.31,-16.28,-21.9456,-26.5176
2020-02-17 09:00,-47.23,-47.03,-16.62,-22.2504,-26.5176
2020-02-17 10:00,-47.35,-47.13,-16.69,-22.2504,-26.5176
2020-02-17 11:00,-47.28,-47.03,-16.81,-22.5552,-26.5176
2020-02-17 12:00,-47.16,-46.79,-16.93,-22.5552,-26.5176
2020-02-17 13:00,-47.26,-46.79,-17.14,-22.5552,-26.5176
2020-02-17 14:00,-47.03,-46.64,-17.13,-22.86,-26.5176
2020-02-17 15:00,-47.07,-46.69,-17.2,-22.86,-26.8224
2020-02-17 16:00,-47,-46.61,-17.3,-23.1648,-26.8224
2020-02-17 17:00,-46.99,-46.52,-17.4,-23.1648,-26.8224
2020-02-17 18:00,-47.34,-46.82,-17.77,-23.4696,-26.8224
2020-02-17 19:00,-47.25,-46.77,-17.84,-23.4696,-26.8224
2020-02-17 20:00,-47.36,-46.77,-17.89,-23.4696,-27.1272
2020-02-17 21:00,-47.49,-46.85,-18.1,-23.4696,-27.1272
2020-02-17 22:00,-47.34,-46.74,-18.02,-23.7744,-27.1272
2020-02-17 23:00,-47.56,-46.92,-18.32,-23.7744,-27.1272
2020-02-18 00:00,-47.48,-46.8,-18.35,-23.7744,-27.1272
2020-02-18 01:00,-47.65,-46.97,-18.56,-23.7744,-27.1272
2020-02-18 02:00,-47.74,-47.06,-18.7,-24.0792,-27.1272
2020-02-18 03:00,-47.96,-47.24,-18.92,-24.0792,-27.432
2020-02-18 04:00,-47.87,-47.13,-18.94,-24.0792,-27.432
2020-02-18 05:00,-47.94,-47.21,-19.05,-24.0792,-27.432
2020-02-18 06:00,-47.9,-47.14,-19.05,-24.0792,-27.432
2020-02-18 07:00,-47.95,-47.32,-19.2,-24.384,-27.432
2020-02-18 08:00,-48.3,-47.67,-19.58,-24.384,-27.432
2020-02-18 09:00,-48.23,-47.5,-19.41,-24.384,-27.432
2020-02-18 10:00,-47.73,-46.98,-19.12,-24.384,-27.7368
2020-02-18 11:00,-48.07,-47.35,-19.44,-24.384,-27.7368
2020-02-18 12:00,-47.99,-47.24,-19.38,-24.384,-27.7368
2020-02-18 13:00,-48.2,-47.39,-19.62,-24.6888,-27.7368
2020-02-18 14:00,-47.9,-47.15,-19.57,-24.6888,-27.7368
2020-02-18 15:00,-48.1,-47.41,-19.66,-24.6888,-28.0416
2020-02-18 16:00,-48.07,-47.37,-19.72,-24.6888,-28.0416
2020-02-18 17:00,-48.17,-47.57,-19.81,-24.6888,-28.0416
2020-02-18 18:00,-48.05,-47.4,-19.85,-24.9936,-28.0416
2020-02-18 19:00,-48.14,-47.47,-19.88,-24.9936,-28.0416
2020-02-18 20:00,-48.25,-47.63,-20.09,-24.9936,-28.0416
2020-02-18 21:00,-48.29,-47.68,-20.08,-24.9936,-28.0416
2020-02-18 22:00,-48.23,-47.57,-20.14,-24.9936,-28.3464
2020-02-18 23:00,-48.28,-47.6,-20.23,-24.9936,-28.3464
2020-02-19 00:00,-48.42,-47.77,-20.32,-25.2984,-28.3464
2020-02-19 01:00,-48.42,-47.81,-20.42,-25.2984,-28.3464
2020-02-19 02:00,-48.48,-47.86,-20.6,-25.2984,-28.3464
2020-02-19 03:00,-48.51,-47.91,-19.88,-25.2984,-28.3464
2020-02-19 04:00,-48.79,-48.25,-18.96,-24.384,-28.3464
2020-02-19 05:00,-48.57,-48.05,-18.33,-23.4696,-28.3464
2020-02-19 06:00,-48.48,-48.07,-17.95,-23.1648,-28.0416
2020-02-19 07:00,-48.21,-47.89,-17.49,-22.86,-28.0416
2020-02-19 08:00,-48.07,-47.81,-17.33,-22.86,-27.7368
2020-02-19 09:00,-48.09,-47.87,-17.37,-22.86,-27.7368
2020-02-19 10:00,-48.09,-47.94,-17.71,-22.86,-27.7368
2020-02-19 11:00,-48.07,-47.97,-17.82,-23.1648,-27.432
2020-02-19 12:00,-47.9,-47.81,-17.85,-23.1648,-27.432
2020-02-19 13:00,-47.68,-47.53,-17.96,-23.1648,-27.432
2020-02-19 14:00,-47.8,-47.71,-18.16,-23.4696,-27.7368
2020-02-19 15:00,-47.7,-47.53,-18.37,-23.4696,-27.7368
2020-02-19 16:00,-47.62,-47.43,-18.35,-23.7744,-27.7368
2020-02-19 17:00,-47.66,-47.41,-18.44,-23.7744,-27.7368
2020-02-19 18:00,-47.65,-47.38,-18.73,-24.0792,-27.7368
2020-02-19 19:00,-47.78,-47.41,-18.73,-24.0792,-27.7368
2020-02-19 20:00,-47.85,-47.49,-18.93,-24.0792,-27.7368
2020-02-19 21:00,-47.82,-47.39,-19,-24.384,-27.7368
2020-02-19 22:00,-47.83,-47.44,-19.11,-24.384,-28.0416
2020-02-19 23:00,-47.85,-47.42,-19.18,-24.384,-28.0416
2020-02-20 00:00,-47.93,-47.41,-19.38,-24.384,-28.0416
2020-02-20 01:00,-47.96,-47.45,-19.4,-24.6888,-28.0416
2020-02-20 02:00,-48.06,-47.53,-19.56,-24.6888,-28.0416
2020-02-20 03:00,-48.09,-47.53,-19.77,-24.6888,-28.0416
2020-02-20 04:00,-48.13,-47.55,-19.85,-24.6888,-28.0416
2020-02-20 05:00,-48.15,-47.55,-19.84,-24.6888,-28.3464
2020-02-20 06:00,-48.33,-47.75,-19.95,-24.9936,-28.3464
2020-02-20 07:00,-48.29,-47.66,-20.03,-24.9936,-28.3464
2020-02-20 08:00,-48.37,-47.71,-20.13,-24.9936,-28.3464
2020-02-20 09:00,-48.65,-47.95,-20.39,-24.9936,-28.3464
2020-02-20 10:00,-48.46,-47.7,-20.45,-24.9936,-28.3464
2020-02-20 11:00,-48.44,-47.77,-20.51,-25.2984,-28.3464
2020-02-20 12:00,-48.42,-47.65,-20.42,-25.2984,-28.6512
2020-02-20 13:00,-48.43,-47.74,-20.55,-25.2984,-28.6512
2020-02-20 14:00,-48.3,-47.65,-20.39,-25.2984,-28.6512
2020-02-20 15:00,-48.28,-47.54,-19.98,-25.2984,-28.6512
2020-02-20 16:00,-48.34,-47.64,-19.72,-24.9936,-28.6512
2020-02-20 17:00,-48.36,-47.76,-19.03,-24.6888,-28.6512
2020-02-20 18:00,-48.31,-47.99,-17.55,-23.7744,-28.3464
2020-02-20 19:00,-47.8,-47.85,-16.05,-22.5552,-27.7368
2020-02-20 20:00,-47.19,-47.58,-14.79,-21.336,-27.432
2020-02-20 21:00,-46.75,-47.21,-13.51,-20.4216,-27.432
2020-02-20 22:00,-46.26,-46.56,-12.58,-19.5072,-27.1272
2020-02-20 23:00,-45.81,-45.68,-11.85,-19.2024,-26.8224
2020-02-21 00:00,-45.52,-45.02,-11.13,-18.5928,-26.5176
2020-02-21 01:00,-45.3,-44.31,-10.7,-18.288,-26.2128
2020-02-21 02:00,-44.64,-43.18,-10.1,-17.9832,-25.908
2020-02-21 03:00,-44.29,-42.71,-9.84,-17.6784,-25.6032
2020-02-21 04:00,-44.36,-42.46,-9.97,-17.9832,-25.6032
2020-02-21 05:00,-44.36,-42.27,-10.16,-18.288,-25.2984
2020-02-21 06:00,-44.17,-41.92,-10.51,-18.5928,-25.2984
2020-02-21 07:00,-44.1,-41.9,-10.69,-18.5928,-25.2984
2020-02-21 08:00,-44.02,-41.78,-10.92,-18.8976,-25.2984
2020-02-21 09:00,-43.96,-41.68,-11.05,-19.2024,-24.9936
2020-02-21 10:00,-43.89,-41.58,-11.26,-19.5072,-25.2984
2020-02-21 11:00,-44.06,-41.62,-11.46,-19.5072,-25.2984
2020-02-21 12:00,-44.14,-41.89,-11.95,-19.5072,-25.2984
2020-02-21 13:00,-43.83,-41.68,-11.82,-19.812,-24.9936
2020-02-21 14:00,-43.68,-41.72,-12.04,-19.812,-24.9936
2020-02-21 15:00,-43.77,-41.94,-12.33,-20.1168,-24.6888
2020-02-21 16:00,-43.7,-42.13,-12.56,-20.1168,-24.384
2020-02-21 17:00,-43.54,-41.97,-12.55,-20.4216,-24.384
2020-02-21 18:00,-43.5,-42.03,-12.63,-20.4216,-24.384
2020-02-21 19:00,-43.54,-42.09,-12.75,-20.4216,-24.384
2020-02-21 20:00,-43.64,-42.23,-13,-20.7264,-24.384
2020-02-21 21:00,-43.68,-42.26,-13.09,-20.7264,-24.384
2020-02-21 22:00,-43.87,-42.55,-13.27,-20.7264,-24.384
2020-02-21 23:00,-43.79,-42.45,-13.4,-21.0312,-24.6888
2020-02-22 00:00,-44.03,-42.82,-13.58,-21.0312,-24.6888
2020-02-22 01:00,-43.99,-42.68,-13.64,-21.0312,-24.6888
2020-02-22 02:00,-44.22,-42.93,-13.91,-21.0312,-24.6888
2020-02-22 03:00,-44.06,-42.8,-13.79,-21.336,-24.6888
2020-02-22 04:00,-44.15,-42.97,-14.05,-21.336,-24.9936
2020-02-22 05:00,-44.32,-43.11,-14.14,-21.336,-24.9936
2020-02-22 06:00,-44.48,-43.21,-14.28,-21.336,-24.9936
2020-02-22 07:00,-44.57,-43.37,-14.48,-21.6408,-24.9936
2020-02-22 08:00,-44.81,-43.61,-14.67,-21.6408,-25.2984
2020-02-22 09:00,-44.88,-43.62,-14.78,-21.6408,-25.2984
2020-02-22 10:00,-44.75,-43.5,-14.73,-21.6408,-25.2984
2020-02-22 11:00,-44.77,-43.52,-14.71,-21.6408,-25.2984
2020-02-22 12:00,-44.82,-43.61,-14.87,-21.6408,-25.2984
2020-02-22 13:00,-44.66,-43.42,-14.65,-21.9456,-25.6032
2020-02-22 14:00,-44.76,-43.62,-14.87,-21.9456,-25.6032
2020-02-22 15:00,-44.88,-43.75,-15.06,-21.9456,-25.6032
2020-02-22 16:00,-45.05,-43.88,-15.21,-21.9456,-25.6032
2020-02-22 17:00,-44.95,-43.88,-15.21,-22.2504,-25.6032
2020-02-22 18:00,-44.98,-43.88,-15.28,-22.2504,-25.6032
2020-02-22 19:00,-44.93,-43.87,-15.3,-22.2504,-25.6032
2020-02-22 20:00,-45.25,-44.17,-15.59,-22.2504,-25.6032
2020-02-22 21:00,-45.26,-44.2,-15.69,-22.2504,-25.908
2020-02-22 22:00,-45.24,-44.23,-15.71,-22.5552,-25.908
2020-02-22 23:00,-45.38,-44.33,-15.82,-22.5552,-25.908
2020-02-23 00:00,-45.49,-44.5,-16.02,-22.5552,-25.908
2020-02-23 01:00,-45.5,-44.5,-16.02,-22.5552,-25.908
2020-02-23 02:00,-45.64,-44.65,-16.23,-22.5552,-25.908
2020-02-23 03:00,-45.68,-44.73,-16.23,-22.86,-26.2128
2020-02-23 04:00,-45.71,-44.73,-16.34,-22.86,-26.2128
2020-02-23 05:00,-45.85,-44.92,-16.56,-22.86,-26.2128
2020-02-23 06:00,-45.92,-45,-16.67,-22.86,-26.2128
2020-02-23 07:00,-46.07,-45.12,-16.8,-22.86,-26.2128
2020-02-23 08:00,-46.25,-45.32,-17.05,-23.1648,-26.2128
2020-02-23 09:00,-46.12,-45.24,-17.01,-23.1648,-26.5176
2020-02-23 10:00,-46.32,-45.39,-17.15,-23.1648,-26.5176
2020-02-23 11:00,-46.32,-45.41,-17.06,-23.1648,-26.5176
2020-02-23 12:00,-46.14,-45.24,-16.99,-23.1648,-26.5176
2020-02-23 13:00,-46.09,-45.27,-17.14,-23.1648,-26.5176
2020-02-23 14:00,-46.33,-45.45,-17.28,-23.1648,-26.8224
2020-02-23 15:00,-46.33,-45.55,-17.43,-23.4696,-26.8224
2020-02-23 16:00,-46.3,-45.55,-17.42,-23.4696,-26.8224
2020-02-23 17:00,-46.28,-45.49,-17.41,-23.4696,-26.8224
2020-02-23 18:00,-46.28,-45.51,-17.41,-23.4696,-26.8224
2020-02-23 19:00,-46.31,-45.55,-17.45,-23.4696,-26.8224
2020-02-23 20:00,-46.48,-45.68,-17.72,-23.7744,-27.1272
2020-02-23 21:00,-46.53,-45.74,-17.73,-23.7744,-27.1272
2020-02-23 22:00,-46.57,-45.78,-17.83,-23.7744,-27.1272
2020-02-23 23:00,-46.6,-45.83,-17.89,-23.7744,-27.1272
2020-02-24 00:00,-46.63,-45.86,-17.99,-23.7744,-27.1272
2020-02-24 01:00,-46.75,-46.01,-18.09,-23.7744,-27.1272
2020-02-24 02:00,-46.77,-46.07,-18.18,-24.0792,-27.1272
2020-02-24 03:00,-46.79,-46.09,-18.27,-24.0792,-27.432
2020-02-24 04:00,-46.75,-46.04,-18.21,-24.0792,-27.432
2020-02-24 05:00,-46.94,-46.27,-18.43,-24.0792,-27.432
2020-02-24 06:00,-47.16,-46.42,-18.62,-24.0792,-27.432
2020-02-24 07:00,-47.17,-46.47,-18.61,-24.0792,-27.432
2020-02-24 08:00,-47.36,-46.63,-18.93,-24.0792,-27.432
2020-02-24 09:00,-47.35,-46.66,-18.91,-24.384,-27.7368
2020-02-24 10:00,-47.38,-46.67,-19.02,-24.384,-27.7368
2020-02-24 11:00,-47.29,-46.57,-19.03,-24.384,-27.7368
2020-02-24 12:00,-46.79,-46.02,-18.57,-24.384,-27.7368
2020-02-24 13:00,-47.39,-46.74,-19.18,-24.384,-27.7368
2020-02-24 14:00,-47.66,-47.03,-19.3,-24.384,-27.7368
2020-02-24 15:00,-47.49,-46.79,-19.2,-24.384,-27.7368
2020-02-24 16:00,-47.49,-46.83,-19.31,-24.384,-28.0416
2020-02-24 17:00,-47.36,-46.77,-19.11,-24.6888,-28.0416
2020-02-24 18:00,-47.4,-46.81,-19.38,-24.6888,-28.0416
2020-02-24 19:00,-47.35,-46.7,-19.16,-24.6888,-28.0416
2020-02-24 20:00,-47.54,-46.87,-19.36,-24.6888,-28.0416
2020-02-24 21:00,-47.39,-46.76,-19.14,-24.6888,-28.0416
2020-02-24 22:00,-47.55,-46.9,-19.22,-24.6888,-28.0416
2020-02-24 23:00,-47.53,-46.94,-19.3,-24.384,-28.0416
2020-02-25 00:00,-47.51,-46.9,-19.29,-24.6888,-28.3464
2020-02-25 01:00,-47.75,-47.18,-19.49,-24.6888,-28.3464
2020-02-25 02:00,-47.67,-47.09,-19.43,-24.6888,-28.3464
2020-02-25 03:00,-47.99,-47.46,-19.69,-24.6888,-28.3464
2020-02-25 04:00,-48.01,-47.48,-19.57,-24.6888,-28.3464
2020-02-25 05:00,-47.98,-47.47,-18.93,-24.384,-28.3464
2020-02-25 06:00,-47.97,-47.48,-18.45,-23.7744,-28.3464
2020-02-25 07:00,-48.14,-47.71,-18.13,-23.1648,-28.3464
2020-02-25 08:00,-48.04,-47.62,-18.09,-22.86,-28.0416
2020-02-25 09:00,-47.97,-47.65,-17.97,-23.1648,-28.0416
2020-02-25 10:00,-47.84,-47.49,-17.89,-23.1648,-28.0416
2020-02-25 11:00,-47.88,-47.6,-18.02,-23.1648,-28.0416
2020-02-25 12:00,-47.84,-47.4,-18.29,-23.1648,-28.0416
2020-02-25 13:00,-47.84,-47.57,-18.06,-23.4696,-28.0416
2020-02-25 14:00,-47.82,-47.61,-18.33,-23.4696,-28.0416
2020-02-25 15:00,-47.75,-47.49,-18.33,-23.7744,-28.0416
2020-02-25 16:00,-47.64,-47.49,-18.46,-23.7744,-28.0416
2020-02-25 17:00,-47.54,-47.32,-18.39,-23.7744,-28.3464
2020-02-25 18:00,-47.6,-47.23,-18.4,-24.0792,-28.3464
2020-02-25 19:00,-47.57,-47.29,-18.42,-24.0792,-28.3464
2020-02-25 20:00,-47.56,-47.25,-18.55,-24.0792,-28.3464
2020-02-25 21:00,-47.68,-47.23,-18.63,-24.384,-28.3464
2020-02-25 22:00,-47.73,-47.35,-18.76,-24.384,-28.3464
2020-02-25 23:00,-47.9,-47.36,-19.06,-24.384,-28.3464
2020-02-26 00:00,-47.64,-47.49,-18.84,-24.384,-28.3464
2020-02-26 01:00,-47.64,-47.29,-18.93,-24.384,-28.3464
2020-02-26 02:00,-47.67,-47.25,-19.01,-24.6888,-28.3464
2020-02-26 03:00,-47.99,-47.3,-19.37,-24.6888,-28.6512
2020-02-26 04:00,-47.83,-47.59,-18.79,-24.6888,-28.6512
2020-02-26 05:00,-48.02,-47.52,-18.77,-24.384,-28.6512
2020-02-26 06:00,-47.82,-47.67,-18.77,-24.0792,-28.6512
2020-02-26 07:00,-48,-47.37,-18.74,-24.0792,-28.6512
2020-02-26 08:00,-48.06,-47.57,-18.93,-24.384,-28.6512
2020-02-26 09:00,-48.02,-47.64,-19.01,-24.384,-28.6512
2020-02-26 10:00,-47.6,-47.58,-19.2,-24.384,-28.6512
2020-02-26 11:00,-47.55,-47.69,-19.27,-24.384,-28.6512
2020-02-26 12:00,-47.57,-47.73,-19.33,-24.6888,-28.6512
2020-02-26 13:00,-47.31,-47.74,-19.18,-24.6888,-28.956
2020-02-26 14:00,-47.2,-47.41,-19.38,-24.6888,-28.956
2020-02-26 15:00,-47.38,-47.46,-19.35,-24.6888,-28.956
2020-02-26 16:00,-47.35,-47.55,-19.48,-24.6888,-28.956
2020-02-26 17:00,-47.4,-47.61,-19.54,-24.9936,-28.956
2020-02-26 18:00,-47.46,-47.65,-19.55,-24.9936,-28.956
2020-02-26 19:00,-47.23,-47.69,-19.57,-24.9936,-28.956
2020-02-26 20:00,-47.63,-47.5,-19.74,-24.9936,-28.956
2020-02-26 21:00,-47.33,-47.8,-19.64,-24.9936,-28.956
2020-02-26 22:00,-47.63,-47.64,-19.85,-24.9936,-28.956
2020-02-26 23:00,-47.63,-47.82,-19.72,-24.9936,-29.2608
2020-02-27 00:00,-47.34,-47.84,-19.94,-24.9936,-29.2608
2020-02-27 01:00,-47.76,-47.69,-19.34,-24.9936,-28.956
2020-02-27 02:00,-47.67,-47.97,-18.79,-24.0792,-28.956
2020-02-27 03:00,-47.91,-47.69,-18.85,-24.0792,-28.956
2020-02-27 04:00,-47.82,-48.17,-19.14,-24.0792,-28.956
2020-02-27 05:00,-47.69,-47.99,-19.05,-24.0792,-28.956
2020-02-27 06:00,-48.2,-47.8,-19.5,-24.384,-29.2608
2020-02-27 07:00,-48.19,-48.36,-19.67,-24.384,-29.2608
2020-02-27 08:00,-48.01,-48.34,-19.52,-24.6888,-29.2608
2020-02-27 09:00,-48.45,-48.14,-20.08,-24.6888,-29.2608
2020-02-27 10:00,-48.59,-48.6,-20.28,-24.6888,-29.2608
2020-02-27 11:00,-48.08,-48.69,-19.97,-24.9936,-29.2608
2020-02-27 12:00,-48.27,-48.14,-20.28,-24.9936,-29.2608
2020-02-27 13:00,-48.48,-48.32,-20.61,-24.9936,-29.2608
2020-02-27 14:00,-48.33,-48.56,-20.49,-25.2984,-29.2608
2020-02-27 15:00,-48.71,-48.33,-20.93,-25.2984,-29.2608
2020-02-27 16:00,-48.29,-48.75,-20.63,-25.2984,-29.2608
2020-02-27 17:00,-48.57,-48.4,-21.01,-25.2984,-29.5656
2020-02-27 18:00,-48.48,-48.59,-20.93,-25.6032,-29.5656
2020-02-27 19:00,-48.52,-48.56,-21.06,-25.6032,-29.5656
2020-02-27 20:00,-48.6,-48.54,-21.18,-25.6032,-29.5656
2020-02-27 21:00,-48.8,-48.62,-21.45,-25.6032,-29.5656
2020-02-27 22:00,-48.62,-48.84,-21.38,-25.6032,-29.5656
2020-02-27 23:00,-48.75,-48.7,-21.53,-25.908,-29.5656
2020-02-28 00:00,-48.78,-48.81,-21.66,-25.908,-29.8704
2020-02-28 01:00,-48.89,-48.85,-21.73,-25.908,-29.8704
2020-02-28 02:00,-48.93,-48.94,-21.88,-25.908,-29.8704
2020-02-28 03:00,-49,-49.03,-21.92,-25.908,-29.8704
2020-02-28 04:00,-49.03,-49.03,-21.99,-25.908,-29.8704
2020-02-28 05:00,-49.09,-49.06,-22.09,-25.908,-29.8704
2020-02-28 06:00,-49.25,-49.12,-22.36,-26.2128,-29.8704
2020-02-28 07:00,-49.21,-49.31,-22.44,-26.2128,-29.8704
2020-02-28 08:00,-49.43,-49.3,-22.52,-26.2128,-29.8704
2020-02-28 09:00,-49.23,-49.49,-22.49,-26.2128,-29.8704
2020-02-28 10:00,-49.42,-49.23,-22.69,-26.2128,-30.1752
2020-02-28 11:00,-49.32,-49.4,-22.61,-26.2128,-30.1752
2020-02-28 12:00,-49.29,-49.32,-22.75,-26.5176,-30.1752
2020-02-28 13:00,-49.3,-49.33,-22.81,-26.2128,-30.1752
2020-02-28 14:00,-49.34,-49.4,-22.9,-26.5176,-30.1752
2020-02-28 15:00,-49.49,-49.52,-22.99,-26.5176,-30.1752
2020-02-28 16:00,-49.34,-49.57,-22.83,-26.5176,-30.1752
2020-02-28 17:00,-49.27,-49.38,-22.93,-26.5176,-30.48
2020-02-28 18:00,-49.24,-49.37,-22.9,-26.5176,-30.48
2020-02-28 19:00,-49.32,-49.31,-23.02,-26.5176,-30.48
2020-02-28 20:00,-49.28,-49.4,-23.03,-26.8224,-30.48
2020-02-28 21:00,-49.26,-49.33,-23.03,-26.8224,-30.48
2020-02-28 22:00,-49.28,-49.28,-22.93,-26.8224,-30.48
2020-02-28 23:00,-49.35,-49.26,-23.16,-26.8224,-30.48
2020-02-29 00:00,-49.26,-49.4,-23.07,-26.8224,-30.48
2020-02-29 01:00,-49.45,-49.32,-23.37,-26.8224,-30.7848
2020-02-29 02:00,-49.49,-49.56,-23.36,-26.8224,-30.7848
2020-02-29 03:00,-49.64,-49.56,-23.61,-26.8224,-30.7848
2020-02-29 04:00,-49.57,-49.72,-23.61,-26.8224,-30.7848
2020-02-29 05:00,-49.7,-49.68,-23.68,-27.1272,-30.7848
2020-02-29 06:00,-49.75,-49.78,-23.85,-27.1272,-30.7848
2020-02-29 07:00,-49.96,-49.82,-24.07,-27.1272,-30.7848
2020-02-29 08:00,-49.94,-50.07,-24.11,-27.1272,-30.7848
2020-02-29 09:00,-49.99,-50.06,-24.27,-27.1272,-30.7848
2020-02-29 10:00,-49.99,-50.08,-24.26,-27.1272,-30.7848
2020-02-29 11:00,-50.02,-50.13,-24.1,-27.1272,-30.7848
2020-02-29 12:00,-49.81,-50.06,-24,-27.1272,-31.0896
2020-02-29 13:00,-50,-49.89,-24.26,-27.1272,-31.0896
2020-02-29 14:00,-49.99,-50,-24.28,-27.432,-31.0896
2020-02-29 15:00,-49.91,-50.05,-24.15,-27.432,-31.0896
2020-02-29 16:00,-49.97,-49.85,-24.34,-27.432,-31.0896
2020-02-29 17:00,-49.82,-50.03,-24.2,-27.432,-31.0896
2020-02-29 18:00,-50.02,-49.87,-24.35,-27.432,-31.0896
2020-02-29 19:00,-50.08,-50.02,-24.54,-27.432,-31.3944
2020-02-29 20:00,-50.05,-50.09,-24.57,-27.432,-31.3944
2020-02-29 21:00,-50.2,-50.09,-24.71,-27.7368,-31.3944
2020-02-29 22:00,-50.21,-50.26,-24.84,-27.7368,-31.3944
2020-02-29 23:00,-50.41,-50.22,-25.06,-27.7368,-31.3944
2020-03-01 00:00,-50.32,-50.41,-25.08,-27.7368,-31.3944
2020-03-01 01:00,-50.4,-50.37,-25.13,-27.7368,-31.3944
2020-03-01 02:00,-50.42,-50.42,-25.13,-27.7368,-31.3944
2020-03-01 03:00,-50.39,-50.41,-25.22,-27.7368,-31.3944
2020-03-01 04:00,-50.57,-50.44,-25.39,-28.0416,-31.6992
2020-03-01 05:00,-50.51,-50.61,-25.52,-28.0416,-31.6992
2020-03-01 06:00,-50.64,-50.57,-25.52,-28.0416,-31.6992
2020-03-01 07:00,-50.92,-50.65,-25.93,-28.0416,-31.6992
2020-03-01 08:00,-50.95,-50.95,-25.92,-28.0416,-31.6992
2020-03-01 09:00,-51,-50.95,-26,-28.0416,-31.6992
2020-03-01 10:00,-50.82,-51.02,-25.82,-28.0416,-31.6992
2020-03-01 11:00,-50.82,-50.79,-25.82,-28.0416,-31.6992
2020-03-01 12:00,-50.83,-50.71,-25.86,-28.0416,-31.6992
2020-03-01 13:00,-50.7,-50.77,-25.9,-28.0416,-32.004
2020-03-01 14:00,-50.83,-50.73,-26.03,-28.0416,-32.004
2020-03-01 15:00,-51.03,-50.87,-26.21,-28.3464,-32.004
2020-03-01 16:00,-50.9,-51.04,-26.27,-28.3464,-32.004
2020-03-01 17:00,-50.81,-50.93,-26.2,-28.3464,-32.004
2020-03-01 18:00,-50.8,-50.85,-26.24,-28.3464,-32.004
2020-03-01 19:00,-50.64,-50.8,-26.11,-28.3464,-32.004
2020-03-01 20:00,-50.98,-50.69,-26.43,-28.3464,-32.004
2020-03-01 21:00,-51.05,-50.99,-26.56,-28.3464,-32.004
2020-03-01 22:00,-50.86,-51.1,-26.35,-28.3464,-32.3088
2020-03-01 23:00,-50.86,-50.9,-26.43,-28.3464,-32.3088
2020-03-02 00:00,-50.96,-50.92,-26.52,-28.6512,-32.3088
2020-03-02 01:00,-51.07,-51,-26.65,-28.6512,-32.3088
2020-03-02 02:00,-51.14,-51.12,-26.8,-28.6512,-32.3088
2020-03-02 03:00,-51.14,-51.21,-26.8,-28.6512,-32.3088
2020-03-02 04:00,-51.19,-51.17,-26.84,-28.6512,-32.3088
2020-03-02 05:00,-51.21,-51.26,-26.88,-28.6512,-32.3088
2020-03-02 06:00,-51.39,-51.31,-27.01,-28.6512,-32.3088
2020-03-02 07:00,-51.43,-51.43,-27.22,-28.6512,-32.3088
2020-03-02 08:00,-51.5,-51.49,-27.29,-28.6512,-32.6136
2020-03-02 09:00,-51.36,-51.55,-27.14,-28.956,-32.6136
2020-03-02 10:00,-51.47,-51.4,-27.27,-28.956,-32.6136
2020-03-02 11:00,-51.29,-51.57,-27.16,-28.956,-32.6136
2020-03-02 12:00,-51.24,-51.39,-27.22,-28.956,-32.6136
2020-03-02 13:00,-51.41,-51.31,-27.44,-28.956,-32.6136
2020-03-02 14:00,-51.36,-51.52,-27.48,-28.956,-32.6136
2020-03-02 15:00,-51.62,-51.49,-27.65,-28.956,-32.6136
2020-03-02 16:00,-51.01,-51.69,-27.15,-28.956,-32.9184
2020-03-02 17:00,-51.17,-51.14,-27.47,-29.2608,-32.9184
2020-03-02 18:00,-51.17,-51.37,-27.36,-29.2608,-32.9184
2020-03-02 19:00,-51.2,-51.26,-27.4,-29.2608,-32.9184
2020-03-02 20:00,-51.1,-51.29,-27.41,-29.2608,-32.9184
2020-03-02 21:00,-51.32,-51.19,-27.59,-29.2608,-32.9184
2020-03-02 22:00,-51.33,-51.5,-27.59,-29.2608,-32.9184
2020-03-02 23:00,-51.51,-51.47,-27.72,-29.2608,-32.9184
2020-03-03 00:00,-51.54,-51.65,-27.81,-29.2608,-32.9184
2020-03-03 01:00,-51.38,-51.65,-27.74,-29.2608,-32.9184
2020-03-03 02:00,-51.29,-51.52,-27.7,-29.2608,-32.9184
2020-03-03 03:00,-51.14,-51.44,-27.51,-29.2608,-33.2232
2020-03-03 04:00,-51.26,-51.3,-27.6,-29.2608,-33.2232
2020-03-03 05:00,-51.46,-51.42,-27.83,-29.2608,-33.2232
2020-03-03 06:00,-51.58,-51.57,-28.05,-29.2608,-33.2232
2020-03-03 07:00,-51.84,-51.75,-28.23,-29.2608,-33.2232
2020-03-03 08:00,-51.76,-52.02,-28.1,-29.5656,-33.2232
2020-03-03 09:00,-52.05,-51.92,-28.45,-29.5656,-33.2232
2020-03-03 10:00,-51.55,-52.23,-28.31,-29.5656,-33.2232
2020-03-03 11:00,-52.09,-51.72,-28.37,-29.5656,-33.2232
2020-03-03 12:00,-51.72,-52.23,-28.41,-29.5656,-33.2232
2020-03-03 13:00,-51.93,-51.84,-28.6,-29.5656,-33.528
2020-03-03 14:00,-52.1,-52.12,-28.73,-29.5656,-33.528
2020-03-03 15:00,-51.72,-52.28,-28.42,-29.5656,-33.528
2020-03-03 16:00,-51.62,-51.86,-28.64,-29.5656,-33.528
2020-03-03 17:00,-51.82,-51.81,-28.59,-29.5656,-33.528
2020-03-03 18:00,-51.62,-52,-28.15,-29.8704,-33.528
2020-03-03 19:00,-51.87,-51.79,-28.52,-29.8704,-33.528
2020-03-03 20:00,-51.8,-52.05,-28.58,-29.8704,-33.528
2020-03-03 21:00,-51.8,-51.91,-28.48,-29.8704,-33.528
2020-03-03 22:00,-51.9,-51.96,-28.61,-29.8704,-33.528
2020-03-03 23:00,-51.89,-52.04,-28.64,-29.8704,-33.8328
2020-03-04 00:00,-51.99,-52.04,-28.73,-29.8704,-33.8328
2020-03-04 01:00,-51.93,-52.15,-28.79,-29.8704,-33.8328
2020-03-04 02:00,-51.95,-52.11,-28.7,-29.8704,-33.8328
2020-03-04 03:00,-52.11,-52.05,-28.85,-29.8704,-33.8328
2020-03-04 04:00,-52.29,-52.17,-28.92,-29.8704,-33.8328
2020-03-04 05:00,-52.28,-52.4,-29.05,-29.8704,-33.8328
2020-03-04 06:00,-52.28,-52.4,-29.09,-29.8704,-33.8328
2020-03-04 07:00,-52.32,-52.32,-29.1,-29.8704,-33.8328
2020-03-04 08:00,-52.62,-52.38,-29.54,-29.8704,-33.8328
2020-03-04 09:00,-52.61,-52.66,-29.45,-29.8704,-33.8328
2020-03-04 10:00,-52.39,-52.63,-29.43,-30.1752,-33.8328
2020-03-04 11:00,-52.34,-52.45,-29.41,-30.1752,-33.8328
2020-03-04 12:00,-52.18,-52.37,-29.43,-30.1752,-34.1376
2020-03-04 13:00,-52.44,-52.29,-29.56,-30.1752,-34.1376
2020-03-04 14:00,-52.34,-52.51,-29.46,-30.1752,-34.1376
2020-03-04 15:00,-52.34,-52.5,-29.53,-30.1752,-34.1376
2020-03-04 16:00,-52.37,-52.42,-29.68,-30.1752,-34.1376
2020-03-04 17:00,-52.18,-52.46,-29.54,-30.48,-34.1376
2020-03-04 18:00,-52.3,-52.27,-29.67,-30.48,-34.1376
2020-03-04 19:00,-52.27,-52.41,-29.66,-30.48,-34.1376
2020-03-04 20:00,-52.64,-52.35,-29.86,-30.48,-34.4424
2020-03-04 21:00,-52.71,-52.86,-29.86,-30.48,-34.4424
2020-03-04 22:00,-52.78,-52.79,-30.11,-30.48,-34.4424
2020-03-04 23:00,-52.64,-52.9,-30.08,-30.48,-34.4424
2020-03-05 00:00,-52.66,-52.73,-30.15,-30.48,-34.4424
2020-03-05 01:00,-52.57,-52.78,-30.01,-30.48,-34.4424
2020-03-05 02:00,-52.72,-52.62,-30.2,-30.48,-34.4424
2020-03-05 03:00,-52.68,-52.9,-30.14,-30.48,-34.4424
2020-03-05 04:00,-52.71,-52.76,-30.19,-30.48,-34.4424
2020-03-05 05:00,-52.71,-52.78,-30.17,-30.48,-34.4424
2020-03-05 06:00,-52.88,-52.81,-30.4,-30.48,-34.4424
2020-03-05 07:00,-52.85,-53,-30.41,-30.48,-34.4424
2020-03-05 08:00,-52.92,-52.9,-30.55,-30.48,-34.4424
2020-03-05 09:00,-53.12,-53.01,-30.73,-30.48,-34.7472
2020-03-05 10:00,-53.24,-53.09,-30.68,-30.7848,-34.7472
2020-03-05 11:00,-53.15,-53.25,-30.59,-30.7848,-34.7472
2020-03-05 12:00,-53.15,-53.1,-30.76,-30.7848,-34.7472
2020-03-05 13:00,-52.88,-53.18,-30.75,-30.7848,-34.7472
2020-03-05 14:00,-52.73,-52.96,-30.64,-30.7848,-34.7472
2020-03-05 15:00,-52.74,-52.8,-30.51,-30.7848,-34.7472
2020-03-05 16:00,-52.8,-52.81,-30.94,-30.7848,-34.7472
2020-03-05 17:00,-53.29,-52.79,-30.81,-30.7848,-34.7472
2020-03-05 18:00,-52.88,-53.45,-30.52,-30.7848,-34.7472
2020-03-05 19:00,-53.14,-52.88,-29.78,-30.1752,-34.7472
2020-03-05 20:00,-53.07,-53.21,-29.03,-29.2608,-34.7472
2020-03-05 21:00,-53.42,-53.17,-28.36,-28.6512,-34.7472
2020-03-05 22:00,-52.8,-53.54,-26.43,-28.0416,-34.1376
2020-03-05 23:00,-52.81,-52.99,-25.3,-26.5176,-33.528
2020-03-06 00:00,-52.21,-53.11,-24.24,-26.2128,-33.2232
2020-03-06 01:00,-52.07,-52.83,-23.76,-25.6032,-32.9184
2020-03-06 02:00,-51.92,-52.94,-23.33,-25.6032,-32.6136
2020-03-06 03:00,-51.71,-52.91,-22.97,-25.2984,-32.3088
2020-03-06 04:00,-51.4,-52.81,-22.26,-25.2984,-32.004
2020-03-06 05:00,-51.05,-52.53,-21.79,-24.9936,-31.6992
2020-03-06 06:00,-50.73,-52.48,-21.36,-24.6888,-31.6992
2020-03-06 07:00,-50.55,-52.29,-21.03,-24.384,-31.3944
2020-03-06 08:00,-50.42,-52.19,-21.35,-24.384,-31.0896
2020-03-06 09:00,-50.25,-52.03,-21.18,-24.6888,-31.0896
2020-03-06 10:00,-50.02,-51.7,-20.96,-24.6888,-31.0896
2020-03-06 11:00,-49.97,-51.4,-20.44,-24.0792,-30.7848
2020-03-06 12:00,-49.99,-51.29,-20.45,-23.7744,-30.7848
2020-03-06 13:00,-49.59,-51.29,-20.18,-24.0792,-30.48
2020-03-06 14:00,-49.47,-50.79,-20.3,-24.0792,-30.48
2020-03-06 15:00,-49.55,-50.68,-20.48,-30.7848,-30.48
2020-03-06 16:00,-49.25,-50.63,-20.53,-30.7848,-30.48
2020-03-06 17:00,-49.29,-50.31,-20.81,-30.7848,-30.48
2020-03-06 18:00,-49.19,-50.14,-20.64,-30.7848,-30.48
2020-03-06 19:00,-49.05,-50.02,-20.87,-30.1752,-30.48
2020-03-06 20:00,-49.39,-49.76,-21.23,-29.2608,-30.48
2020-03-06 21:00,-49.43,-49.95,-21.41,-28.6512,-30.48
2020-03-06 22:00,-49.38,-49.86,-21.43,-28.0416,-30.7848
2020-03-06 23:00,-49.43,-49.76,-21.66,-26.5176,-30.7848
2020-03-07 00:00,-49.43,-49.7,-21.71,-26.2128,-30.7848
2020-03-07 01:00,-49.49,-49.63,-21.81,-25.6032,-30.7848
2020-03-07 02:00,-49.45,-49.67,-21.88,-25.6032,-30.7848
2020-03-07 03:00,-49.58,-49.56,-22.08,-25.2984,-30.7848
2020-03-07 04:00,-49.67,-49.6,-22.2,-25.2984,-30.7848
2020-03-07 05:00,-49.82,-49.68,-22.39,-24.9936,-30.7848
2020-03-07 06:00,-49.89,-49.69,-22.42,-24.6888,-30.7848
2020-03-07 07:00,-50,-49.67,-22.69,-24.384,-31.0896
2020-03-07 08:00,-50.1,-49.8,-22.89,-24.384,-31.0896
2020-03-07 09:00,-50.16,-49.93,-22.89,-24.6888,-31.0896
2020-03-07 10:00,-50.11,-49.9,-23.08,-24.6888,-31.0896
2020-03-07 11:00,-50.07,-49.77,-23.1,-24.0792,-31.0896
2020-03-07 12:00,-50.04,-49.68,-23.18,-23.7744,-31.0896
2020-03-07 13:00,-50.21,-49.64,-23.5,-24.0792,-31.0896
2020-03-07 14:00,-50.25,-49.82,-23.61,-24.0792,-31.3944
2020-03-07 15:00,-49.89,-49.78,-23.31,-24.68961,-31.3944
2020-03-07 16:00,-50.36,-49.43,-23.88,-24.68961,-31.3944
2020-03-07 17:00,-50.22,-49.8,-23.74,-24.99442,-31.3944
2020-03-07 18:00,-50.22,-49.7,-23.89,-25.29923,-31.3944
2020-03-07 19:00,-50.29,-49.71,-24.08,-25.29923,-31.6992
2020-03-07 20:00,-50.42,-49.78,-24.29,-25.29923,-31.6992
2020-03-07 21:00,-50.44,-49.9,-24.33,-25.29923,-31.6992
2020-03-07 22:00,-50.52,-49.89,-24.43,-25.60404,-31.6992
2020-03-07 23:00,-50.71,-49.93,-24.64,-25.60404,-31.6992
2020-03-08 00:00,-50.7,-50.11,-24.77,-25.60404,-31.6992
2020-03-08 01:00,-50.74,-50.17,-24.87,-25.90885,-31.6992
2020-03-08 02:00,-50.97,-50.2,-25.04,-25.90885,-31.6992
2020-03-08 03:00,-50.83,-50.43,-25.04,-25.90885,-31.6992
2020-03-08 04:00,-51.08,-50.37,-25.23,-25.90885,-32.004
2020-03-08 05:00,-50.99,-50.57,-25.26,-26.21366,-32.004
2020-03-08 06:00,-51.08,-50.56,-25.36,-26.21366,-32.004
2020-03-08 07:00,-51.38,-50.61,-25.82,-26.21366,-32.004
2020-03-08 08:00,-51.3,-50.94,-25.69,-26.21366,-32.004
2020-03-08 09:00,-51.31,-50.85,-25.82,-26.21366,-32.004
2020-03-08 10:00,-51.19,-50.82,-25.66,-26.51847,-32.004
2020-03-08 11:00,-50.98,-50.68,-25.46,-26.51847,-32.004
2020-03-08 12:00,-50.88,-50.46,-25.55,-26.51847,-32.3088
2020-03-08 13:00,-50.85,-50.45,-25.74,-26.51847,-32.3088
2020-03-08 14:00,-50.88,-50.44,-25.8,-26.82328,-32.3088
2020-03-08 15:00,-51.05,-50.5,-25.91,-26.82328,-32.3088
2020-03-08 16:00,-51.18,-50.65,-26.14,-26.82328,-32.3088
2020-03-08 17:00,-51.22,-50.78,-26.23,-27.12809,-32.3088
2020-03-08 18:00,-51.2,-50.88,-26.32,-27.12809,-32.6136
2020-03-08 19:00,-51.41,-50.89,-26.49,-27.12809,-32.6136
2020-03-08 20:00,-51.42,-51.03,-26.58,-27.12809,-32.6136
2020-03-08 21:00,-51.45,-51.05,-26.67,-27.4329,-32.6136
2020-03-08 22:00,-51.47,-51.08,-26.76,-27.4329,-32.6136
2020-03-08 23:00,-51.58,-51.09,-26.88,-27.4329,-32.6136
2020-03-09 00:00,-51.65,-51.21,-26.98,-27.4329,-32.6136
2020-03-09 01:00,-51.72,-51.28,-27.17,-27.4329,-32.6136
2020-03-09 02:00,-51.56,-51.37,-27.05,-27.4329,-32.6136
2020-03-09 03:00,-51.57,-51.16,-27.1,-27.73771,-32.9184
2020-03-09 04:00,-51.69,-51.24,-27.19,-27.73771,-32.9184
2020-03-09 05:00,-51.73,-51.32,-27.35,-27.73771,-32.9184
2020-03-09 06:00,-51.9,-51.37,-27.53,-27.73771,-32.9184
2020-03-09 07:00,-52.26,-51.55,-27.85,-27.73771,-32.9184
2020-03-09 08:00,-52.15,-51.91,-27.79,-27.73771,-32.9184
2020-03-09 09:00,-52.06,-51.76,-27.84,-27.73771,-32.9184
2020-03-09 10:00,-52.03,-51.64,-27.82,-28.04252,-32.9184
2020-03-09 11:00,-52.03,-51.69,-27.93,-28.04252,-32.9184
2020-03-09 12:00,-51.95,-51.65,-27.93,-28.04252,-33.2232
2020-03-09 13:00,-52,-51.54,-28.09,-28.04252,-33.2232
2020-03-09 14:00,-52.1,-51.67,-28.19,-28.04252,-33.2232
2020-03-09 15:00,-52.08,-51.86,-28.29,-28.04252,-33.2232
2020-03-09 16:00,-52.06,-51.76,-28.25,-28.34733,-33.2232
2020-03-09 17:00,-51.98,-51.7,-28.21,-28.34733,-33.2232
2020-03-09 18:00,-51.85,-51.67,-28.1,-28.34733,-33.2232
2020-03-09 19:00,-51.89,-51.54,-28.19,-28.34733,-33.528
2020-03-09 20:00,-52,-51.57,-28.32,-28.34733,-33.528
2020-03-09 21:00,-52,-51.7,-28.37,-28.34733,-33.528
2020-03-09 22:00,-52.06,-51.68,-28.43,-28.65214,-33.528
2020-03-09 23:00,-52,-51.72,-28.53,-28.65214,-33.528
2020-03-10 00:00,-52.13,-51.65,-28.6,-28.65214,-33.528
2020-03-10 01:00,-52.17,-51.84,-28.68,-28.65214,-33.528
2020-03-10 02:00,-52.25,-51.87,-28.75,-28.65214,-33.528
2020-03-10 03:00,-52.29,-51.9,-28.93,-28.65214,-33.528
2020-03-10 04:00,-52.28,-52,-28.85,-28.65214,-33.8328
2020-03-10 05:00,-52.18,-51.95,-28.81,-28.65214,-33.8328
2020-03-10 06:00,-52.24,-51.9,-28.9,-28.95695,-33.8328
2020-03-10 07:00,-52.36,-51.94,-28.99,-28.95695,-33.8328
2020-03-10 08:00,-52.56,-52.05,-29.26,-28.95695,-33.8328
2020-03-10 09:00,-52.52,-52.24,-29.25,-28.95695,-33.8328
2020-03-10 10:00,-52.52,-52.23,-29.36,-28.95695,-33.8328
2020-03-10 11:00,-52.61,-52.18,-29.52,-28.95695,-33.8328
2020-03-10 12:00,-52.6,-52.31,-29.51,-28.95695,-33.8328
2020-03-10 13:00,-52.49,-52.32,-29.63,-28.95695,-34.1376
2020-03-10 14:00,-52.6,-52.25,-29.75,-29.26176,-34.1376
2020-03-10 15:00,-52.71,-52.42,-29.97,-29.26176,-34.1376
2020-03-10 16:00,-52.49,-52.41,-29.66,-29.26176,-34.1376
2020-03-10 17:00,-52.33,-52.19,-29.52,-29.26176,-34.1376
2020-03-10 18:00,-52.42,-52.11,-29.64,-29.26176,-34.1376
2020-03-10 19:00,-52.4,-52.23,-29.66,-29.56657,-34.1376
2020-03-10 20:00,-52.48,-52.16,-29.74,-29.56657,-34.1376
2020-03-10 21:00,-52.57,-52.21,-29.78,-29.56657,-34.4424
2020-03-10 22:00,-52.58,-52.31,-29.88,-29.56657,-34.4424
2020-03-10 23:00,-52.5,-52.33,-29.9,-29.56657,-34.4424
2020-03-11 00:00,-52.66,-52.28,-29.97,-29.56657,-34.4424
2020-03-11 01:00,-52.66,-52.36,-30.08,-29.56657,-34.4424
2020-03-11 02:00,-52.73,-52.4,-30.16,-29.56657,-34.4424
2020-03-11 03:00,-52.74,-52.48,-30.12,-29.56657,-34.4424
2020-03-11 04:00,-52.97,-52.47,-30.32,-29.56657,-34.4424
2020-03-11 05:00,-53,-52.67,-30.45,-29.56657,-34.4424
2020-03-11 06:00,-52.85,-52.74,-30.38,-29.56657,-34.4424
2020-03-11 07:00,-53.17,-52.64,-30.59,-29.87138,-34.4424
2020-03-11 08:00,-53.1,-52.89,-30.6,-29.87138,-34.4424
2020-03-11 09:00,-53.18,-52.88,-30.68,-29.87138,-34.4424
2020-03-11 10:00,-53.14,-52.92,-30.72,-29.87138,-34.7472
2020-03-11 11:00,-52.9,-52.89,-30.72,-29.87138,-34.7472
2020-03-11 12:00,-53.17,-52.67,-30.91,-29.87138,-34.7472
2020-03-11 13:00,-53.2,-52.88,-31,-29.87138,-34.7472
2020-03-11 14:00,-53.19,-52.95,-31.05,-30.17619,-34.7472
2020-03-11 15:00,-53.28,-52.9,-31.21,-30.17619,-34.7472
2020-03-11 16:00,-53.17,-53.03,-31.22,-30.17619,-35.052
2020-03-11 17:00,-53.23,-52.98,-31.22,-30.17619,-35.052
2020-03-11 18:00,-52.79,-52.99,-30.84,-30.17619,-35.052
2020-03-11 19:00,-52.81,-52.55,-30.88,-30.17619,-35.052
2020-03-11 20:00,-52.98,-52.56,-31.03,-30.17619,-35.052
2020-03-11 21:00,-53.06,-52.75,-31.17,-30.17619,-35.052
2020-03-11 22:00,-53.23,-52.87,-31.32,-30.17619,-35.052
2020-03-11 23:00,-53.79,-53.03,-32.14,-30.17619,-35.052
2020-03-12 00:00,-53.16,-53.57,-30.87,-30.17619,-35.052
2020-03-12 01:00,-53.11,-52.91,-31.22,-30.481,-35.052
2020-03-12 02:00,-53.16,-52.94,-31.24,-30.481,-35.052
2020-03-12 03:00,-53.09,-52.97,-31.38,-30.481,-35.3568
2020-03-12 04:00,-53.18,-52.91,-31.43,-30.481,-35.3568
2020-03-12 05:00,-53.27,-53.02,-31.45,-30.481,-35.3568
2020-03-12 06:00,-53.2,-53.14,-31.4,-30.481,-35.3568
2020-03-12 07:00,-53.65,-53.03,-31.78,-30.481,-35.3568
2020-03-12 08:00,-53.78,-53.43,-32.04,-30.481,-35.3568
2020-03-12 09:00,-53.64,-53.56,-31.89,-30.481,-35.3568
2020-03-12 10:00,-53.64,-53.43,-31.97,-30.481,-35.3568
2020-03-12 11:00,-53.72,-53.44,-32.05,-30.481,-35.3568
2020-03-12 12:00,-53.65,-53.51,-32.13,-30.481,-35.3568
2020-03-12 13:00,-53.63,-53.43,-32.17,-30.78581,-35.6616
2020-03-12 14:00,-53.71,-53.51,-32.49,-30.78581,-35.6616
2020-03-12 15:00,-53.88,-53.56,-32.51,-30.78581,-35.6616
2020-03-12 16:00,-53.84,-53.65,-32.6,-30.78581,-35.6616
2020-03-12 17:00,-53.57,-53.72,-32.45,-30.78581,-35.6616
2020-03-12 18:00,-53.48,-53.42,-32.34,-30.78581,-35.6616
2020-03-12 19:00,-53.57,-53.36,-32.44,-30.78581,-35.6616
2020-03-12 20:00,-53.64,-53.46,-32.42,-31.09062,-35.6616
2020-03-12 21:00,-53.68,-53.48,-32.49,-31.09062,-35.6616
2020-03-12 22:00,-53.77,-53.5,-32.58,-31.09062,-35.9664
2020-03-12 23:00,-53.89,-53.59,-32.67,-31.09062,-35.9664
2020-03-13 00:00,-53.76,-53.67,-32.69,-31.09062,-35.9664
2020-03-13 01:00,-53.98,-53.55,-32.93,-31.09062,-35.9664
2020-03-13 02:00,-54.11,-53.88,-32.97,-31.09062,-35.9664
2020-03-13 03:00,-53.96,-53.92,-32.98,-31.09062,-35.9664
2020-03-13 04:00,-54.05,-53.86,-33.11,-31.09062,-35.9664
2020-03-13 05:00,-54.12,-53.97,-32.98,-31.09062,-35.9664
2020-03-13 06:00,-54.21,-53.96,-33.17,-31.09062,-35.9664
2020-03-13 07:00,-54.1,-54.06,-33.06,-31.09062,-35.9664
2020-03-13 08:00,-54.17,-53.94,-33.19,-31.09062,-35.9664
2020-03-13 09:00,-54.3,-54.01,-33.3,-31.09062,-35.9664
2020-03-13 10:00,-54.5,-54.13,-33.56,-31.09062,-35.9664
2020-03-13 11:00,-54.36,-54.35,-33.37,-31.39543,-36.2712
2020-03-13 12:00,-54.43,-54.17,-33.56,-31.39543,-36.2712
2020-03-13 13:00,-54.28,-54.25,-33.44,-31.39543,-36.2712
2020-03-13 14:00,-54.22,-54.08,-33.55,-31.39543,-36.2712
2020-03-13 15:00,-54.34,-54.13,-33.62,-31.39543,-36.2712
2020-03-13 16:00,-54.19,-54.21,-33.46,-31.39543,-36.2712
2020-03-13 17:00,-54.2,-54.05,-33.5,-31.70024,-36.2712
2020-03-13 18:00,-54.15,-54.04,-33.44,-31.70024,-36.2712
2020-03-13 19:00,-54.19,-53.95,-33.59,-31.70024,-36.576
2020-03-13 20:00,-54.14,-54.04,-33.62,-31.70024,-36.576
2020-03-13 21:00,-54.27,-53.96,-33.63,-31.70024,-36.576
2020-03-13 22:00,-54.19,-54.11,-33.62,-31.70024,-36.576
2020-03-13 23:00,-54.16,-54.05,-33.58,-31.70024,-36.576
2020-03-14 00:00,-54.15,-53.99,-33.73,-31.70024,-36.576
2020-03-14 01:00,-54.34,-53.95,-33.75,-31.70024,-36.576
2020-03-14 02:00,-54.32,-54.17,-33.82,-31.70024,-36.576
2020-03-14 03:00,-54.36,-54.15,-33.93,-31.70024,-36.576
2020-03-14 04:00,-54.57,-54.2,-34.04,-31.70024,-36.576
2020-03-14 05:00,-54.55,-54.37,-34.1,-31.70024,-36.576
2020-03-14 06:00,-54.65,-54.31,-34.18,-31.70024,-36.576
2020-03-14 07:00,-54.84,-54.44,-34.4,-31.70024,-36.576
2020-03-14 08:00,-54.74,-54.66,-34.35,-31.70024,-36.8808
2020-03-14 09:00,-54.73,-54.49,-34.4,-32.00505,-36.8808
2020-03-14 10:00,-54.91,-54.5,-34.57,-32.00505,-36.8808
2020-03-14 11:00,-54.79,-54.69,-34.49,-32.00505,-36.8808
2020-03-14 12:00,-54.77,-54.59,-34.67,-32.00505,-36.8808
2020-03-14 13:00,-54.82,-54.63,-34.77,-32.00505,-36.8808
2020-03-14 14:00,-54.81,-54.54,-34.75,-32.00505,-36.8808
2020-03-14 15:00,-54.94,-54.57,-34.88,-32.00505,-37.1856
2020-03-14 16:00,-54.71,-54.74,-34.87,-32.00505,-37.1856
2020-03-14 17:00,-54.62,-54.53,-34.84,-32.30986,-37.1856
2020-03-14 18:00,-54.8,-54.47,-34.92,-32.30986,-37.1856
2020-03-14 19:00,-54.9,-54.59,-35.03,-32.30986,-37.1856
2020-03-14 20:00,-54.85,-54.79,-35.01,-32.30986,-37.1856
2020-03-14 21:00,-54.72,-54.67,-34.99,-32.30986,-37.1856
2020-03-14 22:00,-54.86,-54.56,-34.91,-32.30986,-37.1856
2020-03-14 23:00,-54.83,-54.68,-34.9,-32.30986,-37.1856
2020-03-15 00:00,-54.75,-54.61,-35.07,-32.30986,-37.4904
2020-03-15 01:00,-54.65,-54.68,-35.16,-32.30986,-37.4904
2020-03-15 02:00,-54.77,-54.51,-34.99,-32.30986,-37.4904
2020-03-15 03:00,-55.04,-54.6,-35.75,-32.30986,-37.4904
2020-03-15 04:00,-54.91,-54.94,-34.89,-32.30986,-37.4904
2020-03-15 05:00,-55.25,-54.76,-35.4,-32.30986,-37.4904
2020-03-15 06:00,-55.01,-55.03,-35.01,-32.30986,-37.4904
2020-03-15 07:00,-54.9,-54.93,-34.89,-32.30986,-37.4904
2020-03-15 08:00,-55.1,-54.8,-34.7,-32.30986,-37.4904
2020-03-15 09:00,-55.14,-54.93,-34.66,-32.61467,-37.4904
2020-03-15 10:00,-55.18,-55.01,-34.58,-32.61467,-37.4904
2020-03-15 11:00,-55.07,-55.07,-34.53,-32.61467,-37.4904
2020-03-15 12:00,-55.3,-54.98,-34.7,-32.61467,-37.4904
2020-03-15 13:00,-55.14,-55.05,-34.46,-32.61467,-37.4904
2020-03-15 14:00,-55.14,-54.95,-34.49,-32.61467,-37.4904
2020-03-15 15:00,-55.3,-54.98,-34.55,-32.91948,-37.4904
2020-03-15 16:00,-55.22,-55.14,-34.48,-32.91948,-37.4904
2020-03-15 17:00,-55.27,-55.1,-34.51,-32.91948,-37.4904
2020-03-15 18:00,-55.2,-55.13,-34.44,-32.91948,-37.4904
2020-03-15 19:00,-55.23,-55,-34.52,-32.91948,-37.4904
2020-03-15 20:00,-55.35,-55.09,-34.62,-32.91948,-37.4904
2020-03-15 21:00,-55.39,-55.2,-34.7,-32.91948,-37.4904
2020-03-15 22:00,-55.33,-55.2,-34.62,-32.91948,-37.4904
2020-03-15 23:00,-55.43,-55.17,-34.77,-32.91948,-37.4904
2020-03-16 00:00,-55.47,-55.24,-34.82,-33.22429,-37.7952
2020-03-16 01:00,-55.32,-55.26,-34.77,-33.22429,-37.7952
2020-03-16 02:00,-55.35,-55.14,-34.92,-33.22429,-37.7952
2020-03-16 03:00,-55.35,-55.15,-34.82,-33.22429,-37.7952
2020-03-16 04:00,-55.47,-55.13,-35.08,-33.22429,-37.7952
2020-03-16 05:00,-55.39,-55.31,-34.93,-33.22429,-37.7952
2020-03-16 06:00,-55.5,-55.25,-34.94,-32.30986,-37.7952
2020-03-16 07:00,-55.69,-55.33,-35.11,-32.00505,-37.7952
2020-03-16 08:00,-55.84,-55.55,-35.28,-32.00505,-37.7952
2020-03-16 09:00,-55.85,-55.66,-35.27,-32.00505,-37.7952
2020-03-16 10:00,-55.95,-55.57,-35.35,-32.00505,-37.7952
2020-03-16 11:00,-55.61,-55.67,-35.24,-32.00505,-37.7952
2020-03-16 12:00,-55.66,-55.47,-35.25,-32.00505,-37.7952
2020-03-16 13:00,-55.62,-55.48,-35.4,-31.70024,-38.1
2020-03-16 14:00,-55.53,-55.5,-35.25,-31.70024,-38.1
2020-03-16 15:00,-55.58,-55.28,-35.26,-31.70024,-38.1
2020-03-16 16:00,-55.55,-55.3,-35.23,-32.00505,-38.1
2020-03-16 17:00,-55.61,-55.33,-35.41,-32.00505,-38.1
2020-03-16 18:00,-55.72,-55.35,-35.44,-32.00505,-38.1
2020-03-16 19:00,-55.96,-55.52,-35.52,-32.00505,-38.1
2020-03-16 20:00,-55.68,-55.77,-35.66,-32.00505,-38.1
2020-03-16 21:00,-55.63,-55.5,-35.69,-32.30986,-38.1
2020-03-16 22:00,-55.77,-55.45,-35.49,-32.30986,-38.1
2020-03-16 23:00,-55.75,-55.58,-35.62,-32.30986,-38.1
2020-03-17 00:00,-55.94,-55.55,-35.87,-32.30986,-38.1
2020-03-17 01:00,-55.87,-55.78,-35.75,-32.30986,-38.1
2020-03-17 02:00,-55.79,-55.67,-35.66,-32.30986,-38.1
2020-03-17 03:00,-56.05,-55.59,-35.94,-32.30986,-38.4048
2020-03-17 04:00,-56.01,-55.91,-36.01,-32.30986,-38.4048
2020-03-17 05:00,-56.05,-55.83,-35.98,-32.30986,-38.4048
2020-03-17 06:00,-55.96,-55.87,-35.98,-32.30986,-38.4048
2020-03-17 07:00,-56.12,-55.8,-36.08,-32.61467,-38.4048
2020-03-17 08:00,-56.41,-55.97,-36.46,-32.61467,-38.4048
2020-03-17 09:00,-56.32,-56.28,-36.35,-32.61467,-38.4048
2020-03-17 10:00,-56.6,-56.15,-36.67,-32.61467,-38.4048
2020-03-17 11:00,-56.4,-56.39,-36.55,-32.61467,-38.4048
2020-03-17 12:00,-56.45,-56.28,-36.52,-32.61467,-38.4048
2020-03-17 13:00,-56.5,-56.23,-36.64,-32.61467,-38.4048
2020-03-17 14:00,-56.43,-56.33,-36.69,-32.91948,-38.4048
2020-03-17 15:00,-56.47,-56.31,-36.65,-32.91948,-38.4048
2020-03-17 16:00,-56.35,-56.3,-36.59,-32.91948,-38.4048
2020-03-17 17:00,-56.34,-56.25,-36.61,-32.91948,-38.7096
2020-03-17 18:00,-56.21,-56.27,-36.32,-32.91948,-38.7096
2020-03-17 19:00,-56.32,-56.07,-36.58,-32.91948,-38.7096
2020-03-17 20:00,-56.13,-56.27,-36.46,-32.91948,-38.7096
2020-03-17 21:00,-56.32,-56.03,-36.65,-33.22429,-38.7096
2020-03-17 22:00,-56.13,-56.24,-36.46,-33.22429,-38.7096
2020-03-17 23:00,-56.13,-56.01,-36.52,-33.22429,-38.7096
2020-03-18 00:00,-56.21,-56.03,-36.64,-33.22429,-38.7096
2020-03-18 01:00,-56.25,-56.11,-36.65,-33.22429,-38.7096
2020-03-18 02:00,-56.32,-56.1,-36.76,-33.22429,-38.7096
2020-03-18 03:00,-56.24,-56.25,-36.71,-33.22429,-38.7096
2020-03-18 04:00,-56.4,-56.15,-36.77,-33.22429,-38.7096
2020-03-18 05:00,-56.47,-56.24,-36.92,-33.22429,-38.7096
2020-03-18 06:00,-56.41,-56.33,-36.99,-33.22429,-38.7096
2020-03-18 07:00,-56.94,-56.32,-37.24,-33.22429,-38.7096
2020-03-18 08:00,-56.73,-56.76,-37.07,-33.22429,-39.0144
2020-03-18 09:00,-56.58,-56.59,-37,-33.22429,-39.0144
2020-03-18 10:00,-56.45,-56.39,-36.89,-33.22429,-39.0144
2020-03-18 11:00,-56.47,-56.27,-36.99,-33.22429,-39.0144
2020-03-18 12:00,-56.52,-56.35,-37.15,-33.22429,-39.0144
2020-03-18 13:00,-56.5,-56.38,-37.22,-33.5291,-39.0144
2020-03-18 14:00,-56.53,-56.33,-37.22,-33.5291,-39.0144
2020-03-18 15:00,-56.48,-56.49,-37.27,-33.5291,-39.0144
2020-03-18 16:00,-56.23,-56.42,-36.99,-33.5291,-39.0144
2020-03-18 17:00,-56.42,-56.13,-37.25,-33.5291,-39.3192
2020-03-18 18:00,-56.4,-56.31,-37.35,-33.5291,-39.3192
2020-03-18 19:00,-56.49,-56.33,-37.36,-33.5291,-39.3192
2020-03-18 20:00,-56.53,-56.43,-37.51,-33.5291,-39.3192
2020-03-18 21:00,-56.58,-56.48,-37.47,-33.5291,-39.3192
2020-03-18 22:00,-56.63,-56.49,-37.6,-33.5291,-39.3192
2020-03-18 23:00,-56.67,-56.57,-37.75,-33.5291,-39.3192
2020-03-19 00:00,-56.62,-56.65,-37.74,-33.5291,-39.3192
2020-03-19 01:00,-56.56,-56.62,-37.65,-33.5291,-39.3192
2020-03-19 02:00,-56.86,-56.49,-37.84,-33.5291,-39.3192
2020-03-19 03:00,-56.93,-56.79,-38.03,-33.5291,-39.3192
2020-03-19 04:00,-57.05,-56.89,-38.03,-33.5291,-39.3192
2020-03-19 05:00,-57.09,-57,-38.09,-33.5291,-39.3192
2020-03-19 06:00,-57.07,-57.07,-38.14,-33.83391,-39.3192
2020-03-19 07:00,-57.19,-57.03,-38.26,-33.83391,-39.624
2020-03-19 08:00,-57.13,-57.19,-38.26,-33.83391,-39.624
2020-03-19 09:00,-57.24,-57.14,-38.34,-33.83391,-39.624
2020-03-19 10:00,-57.15,-57.26,-38.23,-33.83391,-39.624
2020-03-19 11:00,-57.31,-57.14,-38.62,-33.83391,-39.624
2020-03-19 12:00,-57.25,-57.33,-38.34,-33.83391,-39.624
2020-03-19 13:00,-57.2,-57.21,-38.55,-33.83391,-39.624
2020-03-19 14:00,-57.24,-57.2,-38.59,-33.83391,-39.624
2020-03-19 15:00,-57.35,-57.26,-38.67,-33.83391,-39.624
2020-03-19 16:00,-57.41,-57.36,-38.74,-34.13872,-39.624
2020-03-19 17:00,-57.28,-57.36,-38.69,-34.13872,-39.9288
2020-03-19 18:00,-56.99,-57.28,-38.45,-34.13872,-39.9288
2020-03-19 19:00,-56.98,-56.99,-38.46,-34.13872,-39.9288
2020-03-19 20:00,-56.95,-57,-38.4,-34.13872,-39.9288
2020-03-19 21:00,-56.92,-56.97,-38.44,-34.13872,-39.9288
2020-03-19 22:00,-56.95,-56.98,-38.54,-34.13872,-39.9288
2020-03-19 23:00,-56.92,-57,-38.54,-34.13872,-39.9288
2020-03-20 00:00,-56.83,-56.99,-38.45,-34.13872,-39.9288
2020-03-20 01:00,-57.01,-56.91,-38.58,-34.13872,-39.9288
2020-03-20 02:00,-56.93,-57.12,-38.59,-34.13872,-39.9288
2020-03-20 03:00,-57.12,-57.02,-38.8,-34.13872,-39.9288
2020-03-20 04:00,-57.09,-57.2,-38.54,-34.13872,-39.9288
2020-03-20 05:00,-57.16,-57.15,-38.62,-34.13872,-40.2336
2020-03-20 06:00,-57.19,-57.18,-38.65,-34.13872,-40.2336
2020-03-20 07:00,-57.37,-57.2,-38.95,-34.13872,-40.2336
2020-03-20 08:00,-57.51,-57.42,-39.18,-34.13872,-40.2336
2020-03-20 09:00,-57.51,-57.61,-39.23,-34.13872,-40.2336
2020-03-20 10:00,-57.58,-57.58,-39.24,-34.44353,-40.2336
2020-03-20 11:00,-57.62,-57.62,-39.3,-34.44353,-40.2336
2020-03-20 12:00,-57.5,-57.8,-39.44,-34.44353,-40.2336
2020-03-20 13:00,-57.71,-57.66,-39.56,-34.44353,-40.2336
2020-03-20 14:00,-57.58,-57.82,-39.56,-34.44353,-40.2336
2020-03-20 15:00,-57.72,-57.75,-39.52,-34.44353,-40.2336
2020-03-20 16:00,-57.53,-57.77,-39.55,-34.44353,-40.5384
2020-03-20 17:00,-57.44,-57.7,-39.48,-34.74834,-40.5384
2020-03-20 18:00,-57.49,-57.62,-39.4,-34.74834,-40.5384
2020-03-20 19:00,-57.41,-57.57,-39.39,-34.74834,-40.5384
2020-03-20 20:00,-57.44,-57.53,-39.47,-34.74834,-40.5384
2020-03-20 21:00,-57.4,-57.6,-39.52,-34.74834,-40.5384
2020-03-20 22:00,-57.66,-57.56,-39.72,-34.74834,-40.5384
2020-03-20 23:00,-57.39,-57.76,-39.46,-34.74834,-40.5384
2020-03-21 00:00,-57.33,-57.5,-39.53,-34.74834,-40.8432
2020-03-21 01:00,-57.46,-57.49,-39.56,-34.74834,-40.8432
2020-03-21 02:00,-57.11,-57.62,-39.31,-34.74834,-40.8432
2020-03-21 03:00,-57.32,-57.23,-39.49,-34.74834,-40.8432
2020-03-21 04:00,-57.42,-57.52,-39.39,-34.74834,-40.8432
2020-03-21 05:00,-57.32,-57.53,-39.49,-34.74834,-40.8432
2020-03-21 06:00,-57.47,-57.5,-39.63,-34.74834,-40.8432
2020-03-21 07:00,-57.39,-57.64,-39.63,-34.74834,-40.8432
2020-03-21 08:00,-57.53,-57.55,-39.68,-34.74834,-40.8432
2020-03-21 09:00,-57.4,-57.68,-39.76,-34.74834,-40.8432
2020-03-21 10:00,-57.43,-57.52,-39.81,-34.74834,-40.8432
2020-03-21 11:00,-57.83,-57.6,-39.84,-35.05315,-40.8432
2020-03-21 12:00,-57.55,-57.91,-39.6,-35.05315,-40.8432
2020-03-21 13:00,-57.32,-57.59,-39.82,-35.05315,-40.8432
2020-03-21 14:00,-57.41,-57.45,-39.6,-35.05315,-40.8432
2020-03-21 15:00,-57.47,-57.49,-39.72,-35.05315,-41.148
2020-03-21 16:00,-57.51,-57.58,-39.65,-35.35796,-41.148
2020-03-21 17:00,-57.71,-57.65,-39.79,-35.35796,-41.148
2020-03-21 18:00,-57.49,-57.8,-39.82,-35.35796,-41.148
2020-03-21 19:00,-57.67,-57.61,-39.95,-35.35796,-41.148
2020-03-21 20:00,-57.83,-57.8,-40.06,-35.35796,-41.148
2020-03-21 21:00,-57.88,-57.91,-40.06,-35.35796,-41.148
2020-03-21 22:00,-57.79,-58.02,-39.97,-35.35796,-41.148
2020-03-21 23:00,-57.91,-57.9,-40.14,-35.35796,-41.148
2020-03-22 00:00,-57.76,-58.05,-40.02,-35.35796,-41.148
2020-03-22 01:00,-57.72,-57.85,-40.13,-35.35796,-41.148
2020-03-22 02:00,-57.61,-57.93,-40.09,-35.35796,-41.148
2020-03-22 03:00,-57.95,-57.77,-40.01,-35.35796,-41.148
2020-03-22 04:00,-58.24,-58.16,-40.29,-35.35796,-41.148
2020-03-22 05:00,-58.11,-58.42,-40.31,-35.35796,-41.148
2020-03-22 06:00,-58.15,-58.33,-40.3,-35.35796,-41.148
2020-03-22 07:00,-58.2,-58.3,-40.55,-35.35796,-41.148
2020-03-22 08:00,-58.09,-58.4,-40.34,-35.35796,-41.4528
2020-03-22 09:00,-58.18,-58.27,-40.58,-35.35796,-41.148
2020-03-22 10:00,-58.16,-58.4,-40.56,-35.35796,-41.4528
2020-03-22 11:00,-58.02,-58.39,-40.41,-35.66277,-41.4528
2020-03-22 12:00,-58.02,-58.19,-40.53,-35.66277,-41.4528
2020-03-22 13:00,-58.12,-58.21,-40.58,-35.35796,-41.4528
2020-03-22 14:00,-58.07,-58.31,-40.6,-35.05315,-41.4528
2020-03-22 15:00,-58.1,-58.29,-40.57,-35.05315,-41.4528
2020-03-22 16:00,-58.12,-58.29,-40.64,-35.05315,-41.4528
2020-03-22 17:00,-58.01,-58.32,-40.67,-35.35796,-41.4528
2020-03-22 18:00,-58.18,-58.28,-40.62,-35.35796,-41.4528
2020-03-22 19:00,-58.1,-58.4,-40.68,-35.35796,-41.7576
2020-03-22 20:00,-58.02,-58.34,-40.62,-35.35796,-41.7576
2020-03-22 21:00,-58.23,-58.19,-40.69,-35.35796,-41.7576
2020-03-22 22:00,-58.09,-58.39,-40.63,-35.35796,-41.7576
2020-03-22 23:00,-58.28,-58.26,-40.8,-35.35796,-41.7576
2020-03-23 00:00,-58.39,-58.5,-40.92,-35.35796,-41.7576
2020-03-23 01:00,-58.2,-58.61,-40.83,-35.66277,-41.7576
2020-03-23 02:00,-58.26,-58.41,-40.96,-35.35796,-41.7576
2020-03-23 03:00,-58.65,-58.44,-41.02,-35.66277,-41.7576
2020-03-23 04:00,-58.41,-58.87,-40.45,-35.35796,-41.4528
2020-03-23 05:00,-58.54,-58.58,-40.48,-35.66277,-41.4528
2020-03-23 06:00,-58.4,-58.76,-40.39,-35.35796,-41.4528
2020-03-23 07:00,-59.13,-58.73,-40.89,-35.35796,-41.4528
2020-03-23 08:00,-58.43,-59.31,-39.44,-35.35796,-41.148
2020-03-23 09:00,-58.83,-58.58,-39.49,-35.66277,-40.8432
2020-03-23 10:00,-58.37,-59.01,-38.89,-35.66277,-40.5384
2020-03-23 11:00,-58.6,-58.5,-38.5,-35.66277,-40.2336
2020-03-23 12:00,-58.61,-58.72,-38.27,-35.66277,-40.2336
2020-03-23 13:00,-58.64,-58.81,-38.49,-35.66277,-40.2336
2020-03-23 14:00,-58.53,-58.85,-38.21,-35.66277,-40.2336
2020-03-23 15:00,-58.26,-58.75,-38.22,-35.66277,-40.2336
2020-03-23 16:00,-58.51,-58.52,-38.06,-35.66277,-40.2336
2020-03-23 17:00,-58.56,-58.71,-38.11,-35.66277,-40.2336
2020-03-23 18:00,-58.28,-58.82,-37.86,-35.66277,-39.9288
2020-03-23 19:00,-58.64,-58.47,-37.8,-35.66277,-40.2336
2020-03-23 20:00,-58.5,-58.9,-37.92,-35.96758,-40.2336
2020-03-23 21:00,-58.43,-58.74,-37.81,-35.96758,-40.2336
2020-03-23 22:00,-58.47,-58.68,-37.92,-35.96758,-40.2336
2020-03-23 23:00,-58.26,-58.8,-37.79,-35.96758,-40.2336
2020-03-24 00:00,-58.28,-58.55,-37.82,-35.96758,-40.2336
2020-03-24 01:00,-58.28,-58.52,-37.83,-35.96758,-40.2336
2020-03-24 02:00,-58.5,-58.6,-38.01,-35.96758,-40.2336
2020-03-24 03:00,-58.3,-58.8,-37.72,-34.13872,-40.2336
2020-03-24 04:00,-58.21,-58.69,-37.67,-33.83391,-40.2336
2020-03-24 05:00,-58.38,-58.54,-37.83,-33.83391,-40.2336
2020-03-24 06:00,-58.06,-58.64,-37.7,-33.83391,-40.2336
2020-03-24 07:00,-58.35,-58.36,-37.98,-33.83391,-40.2336
2020-03-24 08:00,-58.52,-58.66,-38.15,-32.30986,-40.2336
2020-03-24 09:00,-58.48,-58.79,-38.12,-32.30986,-40.2336
2020-03-24 10:00,-58.56,-58.84,-38.25,-32.00505,-40.2336
2020-03-24 11:00,-58.42,-58.87,-38.2,-32.00505,-40.2336
2020-03-24 12:00,-58.17,-58.78,-38.17,-32.00505,-40.2336
2020-03-24 13:00,-58.11,-58.5,-38.22,-32.30986,-40.5384
2020-03-24 14:00,-58.14,-58.47,-38.21,-32.30986,-40.5384
2020-03-24 15:00,-58.22,-58.55,-38.33,-32.30986,-40.5384
2020-03-24 16:00,-58.44,-58.64,-38.44,-32.30986,-40.5384
2020-03-24 17:00,-58.34,-58.83,-38.51,-32.61467,-40.5384
2020-03-24 18:00,-58.27,-58.72,-38.47,-32.61467,-40.5384
2020-03-24 19:00,-58.5,-58.69,-38.33,-32.61467,-40.5384
2020-03-24 20:00,-58.63,-58.9,-38.85,-32.61467,-40.8432
2020-03-24 21:00,-58.17,-59.12,-38.6,-32.61467,-40.8432
2020-03-24 22:00,-58.1,-58.51,-38.28,-32.91948,-40.8432
2020-03-24 23:00,-58.26,-58.49,-38.7,-32.91948,-40.8432
2020-03-25 00:00,-58.31,-58.67,-38.96,-32.91948,-40.8432
2020-03-25 01:00,-58.52,-58.7,-38.49,-32.91948,-40.8432
2020-03-25 02:00,-58.07,-58.96,-38.56,-32.91948,-40.5384
2020-03-25 03:00,-58.6,-58.65,-38.12,-32.91948,-40.5384
2020-03-25 04:00,-58.92,-58.87,-38.71,-32.91948,-40.5384
2020-03-25 05:00,-58.36,-59.3,-37.71,-33.22429,-40.5384
2020-03-25 06:00,-57.08,-58.75,-27.89,-33.22429,-38.7096
2020-03-25 07:00,-53.9,-58.36,-23.21,-33.22429,-36.576
2020-03-25 08:00,-50.59,-57.25,-18.88,-33.22429,-34.1376
2020-03-25 09:00,-49.77,-55.64,-18.8,-33.22429,-33.2232
2020-03-25 10:00,-49.08,-54.06,-18.45,-33.22429,-32.9184
2020-03-25 11:00,-48.98,-52.43,-18.57,-33.22429,-32.9184
2020-03-25 12:00,-48.6,-51.25,-18.63,-33.5291,-32.6136
2020-03-25 13:00,-48.58,-50.34,-18.8,-33.5291,-32.6136
2020-03-25 14:00,-48.34,-50.02,-18.87,-33.5291,-32.6136
2020-03-25 15:00,-48.43,-49.56,-19,-33.5291,-32.3088
2020-03-25 16:00,-48.54,-49.46,-19.33,-33.83391,-32.3088
2020-03-25 17:00,-48.45,-49.44,-19.41,-33.83391,-32.3088
2020-03-25 18:00,-48.36,-49.3,-19.44,-33.83391,-32.3088
2020-03-25 19:00,-48.39,-49.1,-19.61,-33.83391,-32.3088
2020-03-25 20:00,-48.31,-49.09,-19.82,-33.83391,-32.3088
2020-03-25 21:00,-48.62,-48.98,-19.98,-33.83391,-32.3088
2020-03-25 22:00,-48.34,-49.16,-19.95,-33.83391,-32.3088
2020-03-25 23:00,-48.38,-48.89,-19.97,-33.83391,-32.3088
2020-03-26 00:00,-48.39,-48.92,-19.96,-33.83391,-32.3088
2020-03-26 01:00,-48.45,-48.86,-20.04,-32.91948,-32.3088
2020-03-26 02:00,-48.36,-48.93,-20.11,-32.30986,-32.3088
2020-03-26 03:00,-48.58,-48.78,-20.36,-32.00505,-32.3088
2020-03-26 04:00,-48.51,-49.04,-20.36,-32.00505,-32.3088
2020-03-26 05:00,-48.64,-48.86,-20.51,-32.00505,-32.3088
2020-03-26 06:00,-48.54,-49.06,-20.67,-23.16556,-32.3088
2020-03-26 07:00,-48.72,-48.85,-20.87,-21.03189,-32.3088
2020-03-26 08:00,-48.91,-49.05,-20.93,-19.81265,-32.3088
2020-03-26 09:00,-49.04,-49.24,-21.15,-20.42227,-32.3088
2020-03-26 10:00,-49.14,-49.27,-21.36,-21.03189,-32.3088
2020-03-26 11:00,-48.79,-49.31,-21.18,-21.3367,-32.3088
2020-03-26 12:00,-48.73,-48.98,-21.27,-21.3367,-32.6136
2020-03-26 13:00,-48.88,-48.93,-21.55,-21.64151,-32.6136
2020-03-26 14:00,-49.06,-48.98,-21.95,-21.94632,-32.6136
2020-03-26 15:00,-49.18,-49.2,-22.19,-22.25113,-32.6136
2020-03-26 16:00,-48.97,-49.33,-22.16,-22.25113,-32.6136
2020-03-26 17:00,-48.98,-49.1,-22.27,-22.55594,-32.9184
2020-03-26 18:00,-49.11,-49.2,-22.32,-22.55594,-32.9184
2020-03-26 19:00,-49.19,-49.24,-22.63,-22.86075,-32.9184
2020-03-26 20:00,-49.23,-49.34,-22.64,-22.86075,-32.9184
2020-03-26 21:00,-49.42,-49.38,-22.79,-23.16556,-32.9184
2020-03-26 22:00,-49.57,-49.58,-23.16,-23.16556,-32.9184
2020-03-26 23:00,-49.58,-49.73,-23.05,-23.16556,-32.9184
2020-03-27 00:00,-49.54,-49.7,-23.1,-23.16556,-32.9184
2020-03-27 01:00,-49.68,-49.67,-23.26,-23.16556,-32.9184
2020-03-27 02:00,-49.72,-49.76,-23.28,-23.47037,-32.9184
2020-03-27 03:00,-49.71,-49.83,-23.4,-23.47037,-33.2232
2020-03-27 04:00,-49.91,-49.74,-23.54,-23.47037,-33.2232
2020-03-27 05:00,-49.89,-49.96,-23.6,-23.77518,-33.2232
2020-03-27 06:00,-49.9,-49.99,-23.64,-23.77518,-33.2232
2020-03-27 07:00,-50.02,-49.97,-23.81,-23.77518,-33.2232
2020-03-27 08:00,-49.97,-50.06,-23.81,-24.07999,-33.2232
2020-03-27 09:00,-50.03,-50.07,-23.94,-24.07999,-33.2232
2020-03-27 10:00,-50.14,-50.1,-24.09,-24.07999,-33.2232
2020-03-27 11:00,-49.84,-50.22,-23.96,-24.3848,-33.2232
2020-03-27 12:00,-50.26,-49.87,-24.37,-24.3848,-33.2232
2020-03-27 13:00,-49.91,-50.29,-24.26,-24.3848,-33.528
2020-03-27 14:00,-50.37,-49.94,-24.75,-24.68961,-33.528
2020-03-27 15:00,-50.26,-50.4,-24.79,-24.68961,-33.528
2020-03-27 16:00,-50.37,-50.34,-24.87,-24.68961,-33.528
2020-03-27 17:00,-50.39,-50.33,-24.99,-24.99442,-33.8328
2020-03-27 18:00,-50.16,-50.41,-24.81,-24.99442,-33.8328
2020-03-27 19:00,-50.24,-50.15,-24.87,-24.99442,-33.8328
2020-03-27 20:00,-49.99,-50.19,-24.69,-24.99442,-33.8328
2020-03-27 21:00,-50.2,-49.92,-25.11,-25.29923,-33.8328
2020-03-27 22:00,-50.17,-50.19,-25.12,-25.29923,-33.8328
2020-03-27 23:00,-50.17,-50.13,-25,-25.29923,-33.8328
2020-03-28 00:00,-50.46,-50.1,-25.22,-25.29923,-33.8328
2020-03-28 01:00,-50.41,-50.41,-25.37,-25.60404,-33.8328
2020-03-28 02:00,-50.23,-50.4,-25.25,-25.60404,-33.8328
2020-03-28 03:00,-50.39,-50.23,-25.52,-25.60404,-34.1376
2020-03-28 04:00,-50.88,-50.35,-25.4,-25.60404,-34.1376
2020-03-28 05:00,-50.82,-50.82,-25.64,-25.60404,-34.1376
2020-03-28 06:00,-50.8,-50.69,-25.95,-25.60404,-34.1376
2020-03-28 07:00,-50.9,-50.75,-25.84,-25.90885,-34.1376
2020-03-28 08:00,-50.87,-50.86,-26.04,-25.90885,-34.1376
2020-03-28 09:00,-51.14,-50.8,-26.18,-25.90885,-34.1376
2020-03-28 10:00,-51.24,-51.14,-26.47,-25.90885,-34.1376
2020-03-28 11:00,-51.31,-51.2,-26.63,-25.90885,-34.1376
2020-03-28 12:00,-51.24,-51.22,-26.72,-26.21366,-34.4424
2020-03-28 13:00,-51.32,-51.13,-26.87,-26.21366,-34.4424
2020-03-28 14:00,-51.27,-51.23,-27.02,-26.21366,-34.4424
2020-03-28 15:00,-51.26,-51.2,-27.19,-26.51847,-34.4424
2020-03-28 16:00,-51.36,-51.22,-27.33,-26.51847,-34.4424
2020-03-28 17:00,-51.33,-51.32,-27.34,-26.51847,-34.7472
2020-03-28 18:00,-51.19,-51.26,-27.31,-26.51847,-34.7472
2020-03-28 19:00,-51.22,-51.25,-27.32,-26.51847,-34.7472
2020-03-28 20:00,-51.26,-51.22,-27.23,-26.82328,-34.7472
2020-03-28 21:00,-51.28,-51.18,-27.36,-26.82328,-34.7472
2020-03-28 22:00,-51.37,-51.17,-27.55,-26.82328,-34.7472
2020-03-28 23:00,-51.28,-51.33,-27.49,-26.82328,-34.7472
2020-03-29 00:00,-51.38,-51.22,-27.7,-26.82328,-34.7472
2020-03-29 01:00,-51.34,-51.31,-27.58,-26.82328,-34.7472
2020-03-29 02:00,-51.36,-51.28,-27.61,-26.82328,-34.7472
2020-03-29 03:00,-51.39,-51.32,-27.7,-27.12809,-35.052
2020-03-29 04:00,-51.46,-51.32,-27.74,-27.12809,-35.052
2020-03-29 05:00,-51.54,-51.42,-27.9,-27.12809,-35.052
2020-03-29 06:00,-51.61,-51.45,-28,-27.12809,-35.052
2020-03-29 07:00,-51.75,-51.49,-28.21,-27.12809,-35.052
2020-03-29 08:00,-52.13,-51.67,-28.57,-27.12809,-35.052
2020-03-29 09:00,-52.15,-52.09,-28.6,-27.12809,-35.052
2020-03-29 10:00,-52.28,-52.14,-28.9,-27.4329,-35.052
2020-03-29 11:00,-52.29,-52.25,-29.1,-27.4329,-35.052
2020-03-29 12:00,-52.35,-52.23,-29.17,-27.4329,-35.3568
2020-03-29 13:00,-52.27,-52.17,-29.3,-27.4329,-35.3568
2020-03-29 14:00,-52.29,-52.21,-29.61,-27.73771,-35.3568
2020-03-29 15:00,-52.43,-52.22,-29.49,-27.73771,-35.3568
2020-03-29 16:00,-52.15,-52.39,-29.43,-27.73771,-35.6616
2020-03-29 17:00,-52.35,-52.13,-29.84,-28.04252,-35.6616
2020-03-29 18:00,-52.26,-52.34,-29.6,-28.04252,-35.6616
2020-03-29 19:00,-51.99,-52.16,-29.45,-28.04252,-35.6616
2020-03-29 20:00,-52.29,-51.94,-29.77,-28.04252,-35.6616
2020-03-29 21:00,-52.17,-52.29,-29.58,-28.04252,-35.6616
2020-03-29 22:00,-52.37,-52.21,-29.75,-28.04252,-35.6616
2020-03-29 23:00,-52.31,-52.38,-29.87,-28.34733,-35.6616
2020-03-30 00:00,-52.24,-52.31,-29.82,-28.34733,-35.6616
2020-03-30 01:00,-52.33,-52.31,-29.89,-28.34733,-35.9664
2020-03-30 02:00,-52.2,-52.4,-29.8,-28.34733,-35.9664
2020-03-30 03:00,-52.16,-52.24,-29.77,-28.34733,-35.9664
2020-03-30 04:00,-52.3,-52.23,-29.84,-28.34733,-35.9664
2020-03-30 05:00,-52.38,-52.32,-29.99,-28.34733,-35.9664
2020-03-30 06:00,-52.19,-52.41,-29.96,-28.34733,-35.9664
2020-03-30 07:00,-52.48,-52.2,-30.24,-28.34733,-35.9664
2020-03-30 08:00,-52.76,-52.47,-30.55,-28.65214,-35.9664
2020-03-30 09:00,-52.73,-52.77,-30.29,-28.65214,-35.9664
2020-03-30 10:00,-52.76,-52.72,-30.57,-28.65214,-35.9664
2020-03-30 11:00,-53,-52.7,-30.87,-28.65214,-36.2712
2020-03-30 12:00,-52.59,-53.03,-30.73,-28.95695,-36.2712
2020-03-30 13:00,-52.91,-52.59,-31.16,-28.95695,-36.2712
2020-03-30 14:00,-52.87,-52.93,-31.15,-28.95695,-36.2712
2020-03-30 15:00,-53.12,-52.86,-31.41,-29.26176,-36.2712
2020-03-30 16:00,-52.84,-53.07,-31.23,-29.26176,-36.576
2020-03-30 17:00,-52.91,-52.9,-31.37,-29.26176,-36.576
2020-03-30 18:00,-52.93,-52.93,-31.52,-29.26176,-36.576
2020-03-30 19:00,-52.8,-52.96,-31.4,-29.26176,-36.576
2020-03-30 20:00,-52.86,-52.81,-31.53,-29.56657,-36.576
2020-03-30 21:00,-52.87,-52.88,-31.6,-29.56657,-36.576
2020-03-30 22:00,-52.97,-52.88,-31.65,-29.56657,-36.576
2020-03-30 23:00,-52.98,-52.98,-31.8,-29.56657,-36.576
2020-03-31 00:00,-53.19,-53,-31.92,-29.56657,-36.576
2020-03-31 01:00,-53.16,-53.2,-31.8,-29.56657,-36.8808
2020-03-31 02:00,-53.46,-53.2,-32.04,-29.56657,-36.8808
2020-03-31 03:00,-53.29,-53.43,-31.98,-29.56657,-36.8808
2020-03-31 04:00,-52.95,-53.27,-31.84,-29.56657,-36.8808
2020-03-31 05:00,-53.34,-52.9,-32.14,-29.56657,-36.8808
2020-03-31 06:00,-53.41,-53.25,-32.21,-29.56657,-36.8808
2020-03-31 07:00,-53.27,-53.38,-32.2,-29.56657,-36.8808
2020-03-31 08:00,-53.19,-53.27,-32.2,-29.87138,-36.8808
2020-03-31 09:00,-53.52,-53.09,-32.29,-29.87138,-36.8808
2020-03-31 10:00,-53.49,-53.42,-32.3,-29.87138,-36.8808
2020-03-31 11:00,-53.61,-53.41,-32.49,-29.87138,-37.1856
2020-03-31 12:00,-53.32,-53.52,-32.56,-29.87138,-37.1856
2020-03-31 13:00,-52.72,-53.29,-32.61,-30.17619,-37.1856
2020-03-31 14:00,-53.3,-52.75,-32.43,-30.17619,-37.1856
2020-03-31 15:00,-53.6,-53.19,-32.58,-30.17619,-37.1856
2020-03-31 16:00,-53.33,-53.71,-32.81,-30.481,-37.1856
2020-03-31 17:00,-53.36,-53.26,-32.48,-30.481,-37.1856
2020-03-31 18:00,-53.37,-53.29,-32.69,-30.481,-37.1856
2020-03-31 19:00,-53.1,-53.38,-32.43,-30.481,-37.1856
2020-03-31 20:00,-53.37,-53.02,-32.48,-30.481,-37.1856
2020-03-31 21:00,-53.29,-53.32,-31.14,-30.78581,-37.1856
2020-03-31 22:00,-53.47,-53.28,-26.96,-30.78581,-35.9664
2020-03-31 23:00,-50.16,-54.3,-22.53,-30.78581,-34.1376
2020-04-01 00:00,-49.08,-53.32,-21.1,-30.78581,-33.528
2020-04-01 01:00,-49.06,-52.1,-21.06,-30.78581,-33.2232
2020-04-01 02:00,-48.64,-51.62,-19.61,-30.78581,-33.2232
2020-04-01 03:00,-46.91,-50.86,-16.71,-30.78581,-31.6992
2020-04-01 04:00,-46.19,-49.8,-16.37,-30.78581,-31.0896
2020-04-01 05:00,-46.11,-48.85,-16.63,-30.78581,-31.0896
2020-04-01 06:00,-46.13,-48.4,-16.82,-30.78581,-30.7848
2020-04-01 07:00,-45.93,-48.05,-17.04,-30.78581,-30.7848
2020-04-01 08:00,-45.88,-47.55,-17.15,-30.78581,-30.7848
2020-04-01 09:00,-45.93,-47.33,-17.46,-30.78581,-30.48
2020-04-01 10:00,-45.87,-47.28,-17.6,-30.78581,-30.48
2020-04-01 11:00,-45.92,-47.03,-17.96,-31.09062,-30.48
2020-04-01 12:00,-46.03,-47.02,-18.09,-31.09062,-30.48
2020-04-01 13:00,-45.54,-47,-17.86,-31.09062,-30.48
2020-04-01 14:00,-46.1,-46.42,-18.48,-31.09062,-30.48
2020-04-01 15:00,-46.19,-46.98,-18.65,-31.09062,-30.48
2020-04-01 16:00,-46.26,-46.9,-18.87,-31.09062,-30.48
2020-04-01 17:00,-46.25,-47.03,-18.93,-31.09062,-30.7848
2020-04-01 18:00,-46.38,-46.89,-19.05,-31.09062,-30.7848
2020-04-01 19:00,-46.5,-46.99,-19.28,-31.39543,-30.7848
2020-04-01 20:00,-46.48,-47.05,-19.35,-30.481,-30.7848
2020-04-01 21:00,-46.62,-47.03,-19.6,-28.04252,-30.7848
2020-04-01 22:00,-46.68,-47.12,-19.75,-24.3848,-30.7848
2020-04-01 23:00,-46.79,-47.15,-19.85,-23.16556,-30.7848
2020-04-02 00:00,-46.87,-47.23,-19.97,-23.16556,-30.7848
2020-04-02 01:00,-47.11,-47.27,-20.31,-23.47037,-31.0896
2020-04-02 02:00,-46.92,-47.49,-20.24,-21.03189,-31.0896
2020-04-02 03:00,-47.03,-47.32,-20.24,-20.11746,-31.0896
2020-04-02 04:00,-47.24,-47.37,-20.57,-20.72708,-31.0896
2020-04-02 05:00,-47.29,-47.62,-20.67,-21.03189,-31.0896
2020-04-02 06:00,-47.39,-47.64,-20.7,-21.3367,-31.0896
2020-04-02 07:00,-47.59,-47.69,-20.85,-21.64151,-31.0896
2020-04-02 08:00,-47.66,-47.83,-21.05,-21.94632,-31.0896
2020-04-02 09:00,-47.55,-47.87,-20.99,-21.94632,-31.0896
2020-04-02 10:00,-47.52,-47.79,-21.14,-22.25113,-31.3944
2020-04-02 11:00,-47.36,-47.77,-21.13,-22.25113,-31.3944
2020-04-02 12:00,-47.55,-47.6,-21.37,-22.55594,-31.3944
2020-04-02 13:00,-47.41,-47.77,-21.38,-22.55594,-31.3944
2020-04-02 14:00,-47.54,-47.64,-21.58,-22.86075,-31.6992
2020-04-02 15:00,-47.58,-47.74,-21.62,-22.86075,-31.6992
2020-04-02 16:00,-47.89,-47.83,-21.92,-23.16556,-31.6992
2020-04-02 17:00,-47.78,-48.15,-21.91,-23.47037,-31.6992
2020-04-02 18:00,-47.77,-48.03,-22.03,-23.47037,-31.6992
2020-04-02 19:00,-47.94,-48,-22.21,-23.47037,-31.6992
2020-04-02 20:00,-48.05,-48.16,-22.43,-23.77518,-31.6992
2020-04-02 21:00,-48.09,-48.28,-22.45,-23.77518,-32.004
2020-04-02 22:00,-48.16,-48.3,-22.56,-23.77518,-32.004
2020-04-02 23:00,-48.23,-48.39,-22.7,-24.07999,-32.004
2020-04-03 00:00,-48.26,-48.49,-22.75,-24.07999,-32.004
2020-04-03 01:00,-48.29,-48.52,-22.89,-24.07999,-32.004
2020-04-03 02:00,-48.33,-48.55,-22.97,-24.3848,-32.004
2020-04-03 03:00,-48.5,-48.6,-23.09,-24.3848,-32.004
2020-04-03 04:00,-48.42,-48.76,-23.09,-24.3848,-32.004
2020-04-03 05:00,-48.59,-48.61,-23.26,-24.3848,-32.004
2020-04-03 06:00,-48.8,-48.81,-23.56,-24.3848,-32.3088
2020-04-03 07:00,-48.99,-48.98,-23.79,-24.68961,-32.3088
2020-04-03 08:00,-49,-49.21,-23.79,-24.68961,-32.3088
2020-04-03 09:00,-48.9,-49.17,-23.72,-24.68961,-32.3088
2020-04-03 10:00,-48.6,-49.09,-23.58,-24.68961,-32.3088
2020-04-03 11:00,-48.73,-48.71,-23.64,-24.99442,-32.3088
2020-04-03 12:00,-48.79,-48.86,-24,-24.99442,-32.3088
2020-04-03 13:00,-48.84,-48.91,-24.1,-25.29923,-32.6136
2020-04-03 14:00,-48.98,-49.07,-24.28,-25.29923,-32.6136
2020-04-03 15:00,-49.15,-49.2,-24.5,-25.29923,-32.6136
2020-04-03 16:00,-49.26,-49.36,-24.67,-25.60404,-32.6136
2020-04-03 17:00,-49.18,-49.44,-24.67,-25.60404,-32.6136
2020-04-03 18:00,-49.08,-49.42,-24.62,-25.60404,-32.9184
2020-04-03 19:00,-49.24,-49.27,-24.78,-25.60404,-32.9184
2020-04-03 20:00,-49.23,-49.4,-24.78,-25.90885,-32.9184
2020-04-03 21:00,-49.45,-49.43,-25.06,-25.90885,-32.9184
2020-04-03 22:00,-49.43,-49.64,-25.09,-25.90885,-32.9184
2020-04-03 23:00,-49.56,-49.58,-25.26,-25.90885,-32.9184
2020-04-04 00:00,-49.56,-49.71,-25.3,-25.90885,-32.9184
2020-04-04 01:00,-49.69,-49.73,-25.46,-25.90885,-32.9184
2020-04-04 02:00,-49.73,-49.84,-25.59,-26.21366,-32.9184
2020-04-04 03:00,-49.84,-49.89,-25.7,-26.21366,-33.2232
2020-04-04 04:00,-49.72,-49.97,-25.67,-26.21366,-33.2232
2020-04-04 05:00,-49.98,-49.86,-25.93,-26.21366,-33.2232
2020-04-04 06:00,-49.96,-50.08,-25.95,-26.21366,-33.2232
2020-04-04 07:00,-50.21,-50.07,-26.17,-26.21366,-33.2232
2020-04-04 08:00,-50.27,-50.34,-26.16,-26.51847,-33.2232
2020-04-04 09:00,-50.05,-50.36,-26.01,-26.51847,-33.2232
2020-04-04 10:00,-50.08,-50.05,-26.13,-26.51847,-33.2232
2020-04-04 11:00,-50.01,-50.09,-26.07,-26.51847,-33.2232
2020-04-04 12:00,-50,-50.09,-26.12,-26.82328,-33.528
2020-04-04 13:00,-49.89,-50.03,-26.18,-26.82328,-33.528
2020-04-04 14:00,-50.05,-49.94,-26.43,-26.82328,-33.528
2020-04-04 15:00,-49.88,-50.1,-26.43,-27.12809,-33.528
2020-04-04 16:00,-50.08,-49.96,-26.44,-27.12809,-33.528
2020-04-04 17:00,-50.07,-50.05,-26.54,-27.12809,-33.528
2020-04-04 18:00,-50.27,-50.13,-26.68,-27.12809,-33.528
2020-04-04 19:00,-50.35,-50.26,-26.85,-27.4329,-33.8328
2020-04-04 20:00,-50.37,-50.39,-26.89,-27.4329,-33.8328
2020-04-04 21:00,-50.37,-50.39,-27.02,-27.4329,-33.8328
2020-04-04 22:00,-50.45,-50.42,-27.05,-27.4329,-33.8328
2020-04-04 23:00,-50.52,-50.45,-27.31,-27.4329,-33.8328
2020-04-05 00:00,-50.49,-50.59,-27.2,-27.4329,-33.8328
2020-04-05 01:00,-50.79,-50.52,-27.6,-27.4329,-33.8328
2020-04-05 02:00,-50.94,-50.85,-27.65,-27.4329,-33.8328
2020-04-05 03:00,-50.75,-50.96,-27.49,-27.73771,-33.8328
2020-04-05 04:00,-50.86,-50.74,-27.65,-27.73771,-33.8328
2020-04-05 05:00,-50.89,-50.86,-27.7,-27.73771,-34.1376
2020-04-05 06:00,-51.15,-50.92,-27.92,-27.73771,-34.1376
2020-04-05 07:00,-51.34,-51.18,-28.16,-27.73771,-34.1376
2020-04-05 08:00,-51.37,-51.31,-28.21,-27.73771,-34.1376
2020-04-05 09:00,-51.16,-51.33,-28.06,-27.73771,-34.1376
2020-04-05 10:00,-51.12,-51.18,-27.96,-27.73771,-34.1376
2020-04-05 11:00,-51.11,-51.04,-28.23,-28.04252,-34.1376
2020-04-05 12:00,-51.31,-51.06,-28.46,-28.04252,-34.1376
2020-04-05 13:00,-51.32,-51.32,-28.57,-28.04252,-34.4424
2020-04-05 14:00,-51.2,-51.25,-28.48,-28.04252,-34.4424
2020-04-05 15:00,-51.11,-51.14,-28.42,-28.04252,-34.4424
2020-04-05 16:00,-51.12,-51.03,-28.55,-28.34733,-34.4424
2020-04-05 17:00,-51.4,-51.1,-28.89,-28.34733,-34.4424
2020-04-05 18:00,-51.06,-51.44,-28.61,-28.34733,-34.4424
2020-04-05 19:00,-51.38,-51.06,-28.86,-28.34733,-34.4424
2020-04-05 20:00,-51.37,-51.35,-28.93,-28.34733,-34.7472
2020-04-05 21:00,-51.36,-51.31,-28.95,-28.34733,-34.7472
2020-04-05 22:00,-51.57,-51.32,-29.11,-28.65214,-34.7472
2020-04-05 23:00,-51.54,-51.51,-29.17,-28.65214,-34.7472
2020-04-06 00:00,-51.56,-51.48,-29.18,-28.65214,-34.7472
2020-04-06 01:00,-51.62,-51.52,-29.24,-28.65214,-34.7472
2020-04-06 02:00,-51.71,-51.55,-29.38,-28.65214,-34.7472
2020-04-06 03:00,-51.81,-51.68,-29.55,-28.65214,-34.7472
2020-04-06 04:00,-51.76,-51.72,-29.5,-28.65214,-34.7472
2020-04-06 05:00,-52.05,-51.75,-29.85,-28.65214,-34.7472
2020-04-06 06:00,-52.08,-51.99,-29.81,-28.65214,-34.7472
2020-04-06 07:00,-52.13,-51.98,-29.98,-28.95695,-35.052
2020-04-06 08:00,-51.98,-52.05,-29.91,-28.95695,-35.052
2020-04-06 09:00,-52.2,-52,-30.06,-28.95695,-35.052
2020-04-06 10:00,-52.23,-52.12,-30.21,-28.95695,-35.052
2020-04-06 11:00,-51.86,-52.14,-29.68,-28.95695,-35.052
2020-04-06 12:00,-52.15,-51.76,-30.26,-28.95695,-35.052
2020-04-06 13:00,-52.29,-52.09,-30.39,-28.95695,-35.052
2020-04-06 14:00,-52.08,-52.17,-30.33,-29.26176,-35.3568
2020-04-06 15:00,-52.03,-51.97,-30.27,-29.26176,-35.3568
2020-04-06 16:00,-52.12,-51.93,-30.52,-29.26176,-35.3568
2020-04-06 17:00,-52.22,-52.06,-30.39,-29.26176,-35.3568
2020-04-06 18:00,-52.09,-52.1,-31.05,-29.56657,-35.3568
2020-04-06 19:00,-51.96,-51.73,-29.13,-29.56657,-34.1376
2020-04-06 20:00,-51.79,-51.93,-28.56,-29.56657,-33.8328
2020-04-06 21:00,-52.23,-51.72,-28.68,-29.56657,-33.528
2020-04-06 22:00,-52.16,-52.11,-28.77,-29.56657,-33.528
2020-04-06 23:00,-52.2,-52.04,-28.95,-29.56657,-33.528
2020-04-07 00:00,-52.15,-52.13,-28.75,-29.56657,-33.528
2020-04-07 01:00,-52.28,-52.01,-29.04,-29.56657,-33.528
2020-04-07 02:00,-52.42,-52.15,-29.19,-29.56657,-33.528
2020-04-07 03:00,-52.32,-52.31,-29.04,-29.56657,-33.528
2020-04-07 04:00,-52.53,-52.23,-29.25,-29.87138,-33.2232
2020-04-07 05:00,-52.69,-52.34,-29.42,-29.87138,-33.528
2020-04-07 06:00,-52.65,-52.47,-29.47,-29.87138,-33.528
2020-04-07 07:00,-52.74,-52.46,-29.67,-29.87138,-33.528
2020-04-07 08:00,-52.85,-52.52,-29.79,-29.87138,-33.528
2020-04-07 09:00,-52.75,-52.62,-29.74,-29.87138,-33.528
2020-04-07 10:00,-52.82,-52.55,-29.93,-29.87138,-33.528
2020-04-07 11:00,-52.93,-52.59,-30.18,-29.87138,-33.528
2020-04-07 12:00,-52.96,-52.7,-30.21,-30.17619,-33.528
2020-04-07 13:00,-53.01,-52.77,-30.36,-30.17619,-33.528
2020-04-07 14:00,-52.94,-52.79,-30.45,-30.17619,-33.8328
2020-04-07 15:00,-52.99,-52.73,-30.57,-30.17619,-33.8328
2020-04-07 16:00,-52.89,-52.83,-30.39,-30.17619,-33.8328
2020-04-07 17:00,-52.78,-52.67,-30.61,-30.481,-33.8328
2020-04-07 18:00,-53.75,-52.63,-30.56,-30.17619,-33.8328
2020-04-07 19:00,-53.34,-53.73,-28.31,-28.34733,-33.8328
2020-04-07 20:00,-52.33,-53.22,-26.94,-28.34733,-33.528
2020-04-07 21:00,-52.55,-52.42,-26.69,-28.34733,-33.2232
2020-04-07 22:00,-52.51,-52.62,-26.61,-28.65214,-33.2232
2020-04-07 23:00,-52.5,-52.58,-26.62,-28.65214,-33.2232
2020-04-08 00:00,-52.62,-52.54,-26.73,-28.65214,-33.2232
2020-04-08 01:00,-52.63,-52.55,-26.73,-28.65214,-33.2232
2020-04-08 02:00,-52.55,-52.63,-26.79,-28.95695,-32.9184
2020-04-08 03:00,-52.62,-52.58,-26.89,-28.95695,-32.9184
2020-04-08 04:00,-52.68,-52.62,-26.93,-28.95695,-32.9184
2020-04-08 05:00,-52.72,-52.71,-27.05,-28.95695,-32.9184
2020-04-08 06:00,-52.78,-52.68,-27.19,-28.95695,-32.9184
2020-04-08 07:00,-52.8,-52.72,-27.24,-28.95695,-32.9184
2020-04-08 08:00,-52.53,-52.72,-27.05,-29.26176,-32.9184
2020-04-08 09:00,-52.77,-52.42,-27.39,-29.26176,-33.2232
2020-04-08 10:00,-52.96,-52.62,-27.6,-29.26176,-33.2232
2020-04-08 11:00,-53.1,-52.77,-27.95,-29.26176,-33.2232
2020-04-08 12:00,-53.07,-52.87,-28.22,-29.56657,-33.2232
2020-04-08 13:00,-53.01,-52.9,-28.12,-29.56657,-33.2232
2020-04-08 14:00,-53.05,-52.85,-28.43,-29.56657,-33.2232
2020-04-08 15:00,-53.21,-52.8,-28.64,-29.87138,-33.528
2020-04-08 16:00,-53.09,-53.02,-28.61,-29.87138,-33.528
2020-04-08 17:00,-52.96,-52.8,-28.62,-29.87138,-33.528
2020-04-08 18:00,-52.9,-52.65,-28.6,-27.73771,-33.528
2020-04-08 19:00,-52.66,-52.6,-28.58,-26.51847,-33.528
2020-04-08 20:00,-52.86,-52.4,-28.79,-26.82328,-33.8328
2020-04-08 21:00,-53.07,-52.59,-29.05,-26.82328,-33.8328
2020-04-08 22:00,-53.37,-52.76,-29.17,-26.82328,-33.2232
2020-04-08 23:00,-52.22,-52.99,-28.49,-27.12809,-33.528
2020-04-09 00:00,-52.58,-51.86,-28.94,-27.12809,-33.528
2020-04-09 01:00,-52.8,-52.29,-29.04,-27.12809,-33.528
2020-04-09 02:00,-52.89,-52.58,-28.98,-27.4329,-33.528
2020-04-09 03:00,-52.92,-52.61,-29.21,-27.4329,-33.528
2020-04-09 04:00,-52.92,-52.58,-29.26,-27.4329,-33.528
2020-04-09 05:00,-52.81,-52.62,-29.11,-27.4329,-33.528
2020-04-09 06:00,-53.21,-52.42,-29.5,-27.4329,-33.528
2020-04-09 07:00,-53.51,-52.85,-29.91,-27.73771,-33.528
2020-04-09 08:00,-53.51,-53.09,-29.87,-27.73771,-33.528
2020-04-09 09:00,-53.01,-53.22,-30.63,-27.73771,-33.528
2020-04-09 10:00,-53.29,-52.73,-29.93,-27.73771,-33.528
2020-04-09 11:00,-53.42,-53.01,-30.23,-28.04252,-33.8328
2020-04-09 12:00,-53.48,-53.16,-30.23,-28.04252,-33.8328
2020-04-09 13:00,-53.51,-53.22,-30.4,-28.34733,-33.8328
2020-04-09 14:00,-53.83,-53.19,-30.72,-28.34733,-33.8328
2020-04-09 15:00,-53.63,-53.47,-30.82,-28.65214,-33.8328
2020-04-09 16:00,-53.74,-53.25,-30.91,-28.65214,-33.8328
2020-04-09 17:00,-53.67,-53.34,-30.95,-28.65214,-34.1376
2020-04-09 18:00,-53.33,-53.35,-30.62,-28.95695,-34.1376
2020-04-09 19:00,-53.39,-53,-30.78,-28.95695,-34.1376
2020-04-09 20:00,-53.32,-53.07,-30.67,-28.95695,-34.1376
2020-04-09 21:00,-53.18,-52.93,-30.59,-28.95695,-34.1376
2020-04-09 22:00,-53.51,-52.81,-30.89,-28.95695,-34.1376
2020-04-09 23:00,-53.46,-53.15,-31.01,-28.95695,-34.1376
2020-04-10 00:00,-53.68,-53,-31.05,-28.95695,-34.1376
2020-04-10 01:00,-53.53,-53.26,-31.13,-29.26176,-34.4424
2020-04-10 02:00,-53.6,-53.17,-31.28,-29.26176,-34.4424
2020-04-10 03:00,-53.85,-53.14,-31.48,-29.26176,-34.4424
2020-04-10 04:00,-53.74,-53.44,-31.36,-29.26176,-34.4424
2020-04-10 05:00,-54.08,-53.47,-31.7,-29.26176,-34.4424
2020-04-10 06:00,-53.44,-53.58,-31.1,-29.26176,-34.4424
2020-04-10 07:00,-54.13,-52.94,-31.89,-29.26176,-34.4424
2020-04-10 08:00,-54.06,-53.64,-31.77,-29.26176,-34.4424
2020-04-10 09:00,-54.19,-53.66,-31.88,-29.26176,-34.4424
2020-04-10 10:00,-54.06,-53.66,-31.92,-29.26176,-34.4424
2020-04-10 11:00,-53.99,-53.7,-32.19,-29.56657,-34.4424
2020-04-10 12:00,-53.68,-53.72,-31.76,-29.56657,-34.7472
2020-04-10 13:00,-54.02,-53.35,-32.1,-29.56657,-34.7472
2020-04-10 14:00,-54.04,-53.55,-32.34,-29.87138,-34.7472
2020-04-10 15:00,-54.12,-53.65,-32.41,-29.87138,-34.7472
2020-04-10 16:00,-54.24,-53.67,-32.41,-29.87138,-34.7472
2020-04-10 17:00,-54.21,-53.8,-32.54,-30.17619,-34.7472
2020-04-10 18:00,-53.96,-53.64,-32.44,-30.17619,-35.052
2020-04-10 19:00,-54.27,-53.43,-32.67,-30.17619,-35.052
2020-04-10 20:00,-54.33,-53.75,-32.85,-30.17619,-35.052
2020-04-10 21:00,-54.48,-53.84,-33,-30.17619,-35.052
2020-04-10 22:00,-54.44,-53.98,-33.04,-30.17619,-35.052
2020-04-10 23:00,-54.61,-53.93,-33.21,-30.17619,-35.052
2020-04-11 00:00,-54.5,-54.06,-33.13,-30.17619,-35.052
2020-04-11 01:00,-54.71,-53.96,-33.38,-30.17619,-35.052
2020-04-11 02:00,-54.65,-54.17,-33.32,-30.481,-35.052
2020-04-11 03:00,-54.79,-54.2,-33.52,-30.481,-35.052
2020-04-11 04:00,-54.89,-54.2,-33.63,-30.481,-35.3568
2020-04-11 05:00,-54.87,-54.35,-33.59,-30.481,-35.3568
2020-04-11 06:00,-54.95,-54.24,-33.68,-30.481,-35.3568
2020-04-11 07:00,-54.89,-54.43,-33.72,-30.481,-35.3568
2020-04-11 08:00,-54.93,-54.3,-33.77,-30.481,-35.3568
2020-04-11 09:00,-54.93,-54.33,-33.84,-30.481,-35.3568
2020-04-11 10:00,-54.94,-54.29,-33.91,-30.78581,-35.3568
2020-04-11 11:00,-54.69,-54.37,-33.73,-30.78581,-35.3568
2020-04-11 12:00,-54.74,-54.07,-33.85,-30.78581,-35.3568
2020-04-11 13:00,-54.8,-54.15,-33.93,-30.78581,-35.3568
2020-04-11 14:00,-54.96,-54.22,-34,-31.09062,-35.6616
2020-04-11 15:00,-54.89,-54.32,-34.09,-31.09062,-35.6616
2020-04-11 16:00,-54.91,-54.33,-34.09,-31.09062,-35.6616
2020-04-11 17:00,-55.03,-54.32,-34.16,-31.09062,-35.6616
2020-04-11 18:00,-54.82,-54.48,-34.19,-31.39543,-35.6616
2020-04-11 19:00,-54.92,-54.26,-34.18,-31.09062,-35.6616
2020-04-11 20:00,-55.03,-54.29,-34.34,-31.39543,-35.6616
2020-04-11 21:00,-55.25,-54.37,-34.62,-31.39543,-35.6616
2020-04-11 22:00,-55.18,-54.6,-34.55,-31.39543,-35.9664
2020-04-11 23:00,-55.15,-54.53,-34.51,-31.39543,-35.9664
2020-04-12 00:00,-55.06,-54.52,-34.56,-31.39543,-35.9664
2020-04-12 01:00,-55.09,-54.41,-34.59,-31.39543,-35.9664
2020-04-12 02:00,-55.26,-54.47,-34.65,-31.39543,-35.9664
2020-04-12 03:00,-55.4,-54.55,-34.83,-31.39543,-35.9664
2020-04-12 04:00,-55.37,-54.72,-34.63,-31.39543,-35.9664
2020-04-12 05:00,-55.22,-54.7,-34.66,-31.39543,-35.9664
2020-04-12 06:00,-55.38,-54.57,-34.93,-31.39543,-35.9664
2020-04-12 07:00,-55.43,-54.72,-35.08,-31.39543,-35.9664
2020-04-12 08:00,-55.29,-54.78,-34.99,-31.70024,-35.9664
2020-04-12 09:00,-55.45,-54.62,-35.16,-31.70024,-36.2712
2020-04-12 10:00,-55.49,-54.8,-35.13,-31.70024,-36.2712
2020-04-12 11:00,-55.51,-54.81,-35.14,-31.70024,-36.2712
2020-04-12 12:00,-55.51,-54.93,-35.43,-31.70024,-36.2712
2020-04-12 13:00,-55.52,-54.92,-35.23,-31.70024,-36.2712
2020-04-12 14:00,-55.61,-54.86,-35.48,-31.70024,-36.2712
2020-04-12 15:00,-55.36,-55.02,-35.55,-32.00505,-36.2712
2020-04-12 16:00,-55.62,-54.75,-35.74,-32.00505,-36.576
2020-04-12 17:00,-55.53,-55.06,-35.53,-32.00505,-36.576
2020-04-12 18:00,-55.33,-54.78,-35.41,-32.00505,-36.576
2020-04-12 19:00,-55.21,-54.66,-35.34,-32.00505,-36.576
2020-04-12 20:00,-55.08,-54.58,-35.28,-32.00505,-36.576
2020-04-12 21:00,-55.45,-54.48,-35.49,-32.00505,-36.576
2020-04-12 22:00,-55.35,-54.85,-35.52,-32.00505,-36.576
2020-04-12 23:00,-55.4,-54.74,-35.6,-32.30986,-36.576
2020-04-13 00:00,-55.61,-54.75,-35.78,-32.30986,-36.576
2020-04-13 01:00,-55.49,-54.95,-35.71,-32.30986,-36.576
2020-04-13 02:00,-55.29,-54.81,-36.31,-32.30986,-36.576
2020-04-13 03:00,-55.75,-54.81,-35.89,-32.30986,-36.8808
2020-04-13 04:00,-55.62,-55.08,-36,-32.30986,-36.576
2020-04-13 05:00,-55.64,-54.91,-36.21,-32.30986,-36.8808
2020-04-13 06:00,-55.74,-55.06,-36.19,-32.30986,-36.8808
2020-04-13 07:00,-55.96,-55.28,-36.39,-32.30986,-36.8808
2020-04-13 08:00,-56.08,-55.58,-36.36,-32.30986,-36.8808
2020-04-13 09:00,-56.14,-55.51,-36.39,-32.30986,-36.8808
2020-04-13 10:00,-55.57,-55.72,-31.49,-32.61467,-34.7472
2020-04-13 11:00,-54.73,-55.02,-28.25,-32.61467,-33.2232
2020-04-13 12:00,-54.46,-54.92,-27.93,-32.61467,-32.9184
2020-04-13 13:00,-54.57,-54.89,-28.1,-32.61467,-32.6136
2020-04-13 14:00,-54.57,-55.01,-28.02,-32.91948,-32.6136
2020-04-13 15:00,-54.38,-54.83,-27.93,-32.91948,-32.6136
2020-04-13 16:00,-54.46,-54.45,-28.15,-32.91948,-32.6136
2020-04-13 17:00,-54.49,-54.31,-28.25,-32.91948,-32.6136
2020-04-13 18:00,-54.48,-54.24,-28.23,-32.91948,-32.6136
2020-04-13 19:00,-54.24,-54.16,-28.07,-32.91948,-32.6136
2020-04-13 20:00,-54.14,-53.84,-28.1,-32.91948,-32.6136
2020-04-13 21:00,-54,-53.57,-28.05,-32.91948,-32.6136
2020-04-13 22:00,-53.84,-53.33,-28.08,-32.91948,-32.6136
2020-04-13 23:00,-53.94,-53.08,-28.3,-32.91948,-32.6136
2020-04-14 00:00,-53.95,-53.21,-28.25,-32.91948,-32.6136
2020-04-14 01:00,-54.13,-53.06,-28.55,-32.91948,-32.6136
2020-04-14 02:00,-54.09,-53.28,-28.52,-32.91948,-32.6136
2020-04-14 03:00,-53.94,-53.26,-28.42,-33.22429,-32.6136
2020-04-14 04:00,-53.89,-53.07,-28.46,-33.22429,-32.6136
2020-04-14 05:00,-54.16,-52.86,-28.74,-33.22429,-32.6136
2020-04-14 06:00,-54.37,-53.12,-29.04,-33.22429,-32.9184
2020-04-14 07:00,-54.33,-53.3,-28.99,-33.22429,-32.9184
2020-04-14 08:00,-54.28,-53.25,-29.09,-33.22429,-32.9184
2020-04-14 09:00,-54.24,-53.13,-29.23,-32.91948,-32.9184
2020-04-14 10:00,-54.32,-53.12,-29.34,-27.73771,-32.9184
2020-04-14 11:00,-54.39,-53.12,-29.41,-27.12809,-32.9184
2020-04-14 12:00,-54.38,-53.16,-29.66,-27.4329,-32.9184
2020-04-14 13:00,-54.51,-53.18,-30.02,-27.4329,-33.2232
2020-04-14 14:00,-54.49,-53.2,-29.89,-27.73771,-33.2232
2020-04-14 15:00,-54.51,-53.22,-30.04,-28.04252,-33.2232
2020-04-14 16:00,-54.63,-53.18,-30.18,-28.04252,-33.2232
2020-04-14 17:00,-54.41,-53.39,-30.04,-28.04252,-33.2232
2020-04-14 18:00,-54.53,-53.13,-30.3,-28.34733,-33.528
2020-04-14 19:00,-54.39,-53.26,-30.22,-28.34733,-33.528
2020-04-14 20:00,-54.66,-53.08,-30.42,-28.34733,-33.528
2020-04-14 21:00,-54.73,-53.3,-30.76,-28.65214,-33.528
2020-04-14 22:00,-54.76,-53.48,-30.68,-28.65214,-33.528
2020-04-14 23:00,-54.83,-53.43,-30.94,-28.65214,-33.528
2020-04-15 00:00,-54.69,-53.52,-30.81,-28.65214,-33.528
2020-04-15 01:00,-54.61,-53.32,-30.75,-28.65214,-33.528
2020-04-15 02:00,-54.73,-53.25,-30.6,-28.95695,-33.528
2020-04-15 03:00,-55.03,-53.35,-30.94,-28.95695,-33.8328
2020-04-15 04:00,-54.81,-53.7,-30.9,-28.95695,-33.8328
2020-04-15 05:00,-54.53,-53.46,-30.76,-28.95695,-33.8328
2020-04-15 06:00,-54.58,-53.11,-31.2,-28.95695,-33.8328
2020-04-15 07:00,-55.14,-53.02,-30.62,-28.95695,-33.8328
2020-04-15 08:00,-55.13,-53.64,-31.24,-28.95695,-33.8328
2020-04-15 09:00,-55.38,-53.63,-31.51,-29.26176,-33.8328
2020-04-15 10:00,-55.38,-53.87,-31.6,-29.26176,-33.8328
2020-04-15 11:00,-55.26,-53.81,-31.55,-29.56657,-33.8328
2020-04-15 12:00,-55.27,-53.82,-31.66,-29.56657,-33.8328
2020-04-15 13:00,-55.38,-53.74,-31.87,-29.56657,-33.8328
2020-04-15 14:00,-55.35,-53.87,-31.87,-29.87138,-34.1376
2020-04-15 15:00,-55.43,-53.82,-31.97,-29.87138,-34.1376
2020-04-15 16:00,-55.47,-53.87,-32.02,-29.87138,-34.1376
2020-04-15 17:00,-55.48,-54.05,-32.17,-29.87138,-34.1376
2020-04-15 18:00,-55.54,-53.94,-32.16,-30.17619,-34.1376
2020-04-15 19:00,-55.51,-54.01,-32.25,-30.17619,-34.1376
2020-04-15 20:00,-55.71,-53.94,-32.51,-30.17619,-34.1376
2020-04-15 21:00,-55.54,-54.17,-32.39,-30.17619,-34.1376
2020-04-15 22:00,-55.74,-53.95,-32.48,-30.17619,-34.1376
2020-04-15 23:00,-55.72,-54.18,-32.56,-30.17619,-34.1376
2020-04-16 00:00,-55.83,-54.08,-32.64,-30.17619,-34.4424
2020-04-16 01:00,-55.88,-54.2,-32.8,-30.481,-34.4424
2020-04-16 02:00,-55.89,-54.23,-32.83,-30.481,-34.4424
2020-04-16 03:00,-55.93,-54.26,-32.85,-30.17619,-34.4424
2020-04-16 04:00,-56.01,-54.26,-33.01,-30.17619,-34.4424
2020-04-16 05:00,-56.04,-54.42,-33.16,-30.17619,-34.4424
2020-04-16 06:00,-56.27,-54.43,-33.32,-30.481,-34.4424
2020-04-16 07:00,-56.28,-54.65,-33.4,-30.481,-34.4424
2020-04-16 08:00,-56.24,-54.66,-33.39,-30.481,-34.4424
2020-04-16 09:00,-56.06,-54.62,-33.38,-30.481,-34.4424
2020-04-16 10:00,-55.87,-54.49,-33.11,-30.481,-34.4424
2020-04-16 11:00,-55.99,-54.22,-33.4,-30.481,-34.7472
2020-04-16 12:00,-55.98,-54.36,-33.4,-30.481,-34.7472
2020-04-16 13:00,-55.73,-54.3,-33.01,-30.481,-34.7472
2020-04-16 14:00,-56.23,-54.1,-33.78,-30.481,-34.7472
2020-04-16 15:00,-55.93,-54.58,-33.54,-30.78581,-34.7472
2020-04-16 16:00,-56.07,-54.3,-33.64,-30.78581,-34.7472
2020-04-16 17:00,-55.94,-54.43,-33.66,-30.78581,-34.7472
2020-04-16 18:00,-55.88,-54.3,-33.64,-30.78581,-35.052
2020-04-16 19:00,-56.02,-54.28,-33.86,-30.78581,-35.052
2020-04-16 20:00,-56.19,-54.42,-33.98,-30.78581,-35.052
2020-04-16 21:00,-56.2,-54.56,-34.12,-30.78581,-35.052
2020-04-16 22:00,-56.28,-54.57,-34.22,-31.09062,-35.052
2020-04-16 23:00,-56.29,-54.7,-34.28,-31.09062,-35.052
2020-04-17 00:00,-56.34,-54.69,-34.33,-31.09062,-35.052
2020-04-17 01:00,-56.29,-54.76,-34.4,-31.09062,-35.052
2020-04-17 02:00,-56.33,-54.68,-34.33,-31.09062,-35.052
2020-04-17 03:00,-56.47,-54.71,-34.55,-31.09062,-35.052
2020-04-17 04:00,-56.52,-54.86,-34.66,-31.09062,-35.3568
2020-04-17 05:00,-56.47,-54.93,-34.64,-31.09062,-35.3568
2020-04-17 06:00,-56.68,-54.91,-34.86,-31.09062,-35.3568
2020-04-17 07:00,-56.45,-55.13,-34.73,-31.09062,-35.3568
2020-04-17 08:00,-56.63,-54.88,-34.86,-31.39543,-35.3568
2020-04-17 09:00,-56.43,-55.11,-34.85,-31.39543,-35.3568
2020-04-17 10:00,-56.58,-55.01,-35.04,-31.39543,-35.3568
2020-04-17 11:00,-56.77,-55.15,-35.22,-31.39543,-35.3568
2020-04-17 12:00,-56.45,-55.29,-35.02,-31.39543,-35.3568
2020-04-17 13:00,-56.35,-55.13,-35.06,-31.39543,-35.3568
2020-04-17 14:00,-56.8,-54.78,-35.43,-31.70024,-35.6616
2020-04-17 15:00,-56.44,-55.24,-35.37,-31.70024,-35.6616
2020-04-17 16:00,-56.67,-55.07,-35.58,-31.70024,-35.6616
2020-04-17 17:00,-56.51,-55.34,-35.32,-32.00505,-35.6616
2020-04-17 18:00,-56.34,-55.15,-35.32,-31.70024,-35.6616
2020-04-17 19:00,-56.38,-55.01,-35.33,-32.00505,-35.6616
2020-04-17 20:00,-56.35,-55.02,-35.39,-32.00505,-35.6616
2020-04-17 21:00,-56.44,-55.04,-35.43,-32.00505,-35.6616
2020-04-17 22:00,-56.43,-55.1,-35.49,-32.00505,-35.9664
2020-04-17 23:00,-56.44,-55.17,-35.57,-32.00505,-35.9664
2020-04-18 00:00,-56.44,-55.08,-35.6,-32.00505,-35.9664
2020-04-18 01:00,-56.39,-55.19,-35.54,-32.00505,-35.9664
2020-04-18 02:00,-56.55,-55.12,-35.79,-32.00505,-35.9664
2020-04-18 03:00,-56.39,-55.26,-35.64,-32.00505,-35.9664
2020-04-18 04:00,-56.56,-55.13,-35.78,-32.00505,-35.9664
2020-04-18 05:00,-56.52,-55.3,-35.73,-32.30986,-35.9664
2020-04-18 06:00,-56.66,-55.26,-35.93,-32.30986,-35.9664
2020-04-18 07:00,-56.73,-55.4,-35.96,-32.30986,-35.9664
2020-04-18 08:00,-57.06,-55.47,-36.3,-32.30986,-35.9664
2020-04-18 09:00,-56.91,-55.83,-36.32,-32.30986,-35.9664
2020-04-18 10:00,-56.79,-55.65,-36.18,-32.30986,-36.2712
2020-04-18 11:00,-56.62,-55.56,-35.57,-32.30986,-36.2712
2020-04-18 12:00,-56.54,-55.4,-35.38,-32.30986,-35.9664
2020-04-18 13:00,-56.63,-55.32,-35.06,-32.61467,-35.9664
2020-04-18 14:00,-56.6,-55.42,-35.04,-32.61467,-35.9664
2020-04-18 15:00,-56.93,-55.41,-35.3,-32.61467,-35.9664
2020-04-18 16:00,-56.88,-55.76,-35.15,-32.61467,-35.9664
2020-04-18 17:00,-56.73,-55.61,-35.07,-32.91948,-36.2712
2020-04-18 18:00,-56.67,-55.47,-35.12,-32.91948,-36.2712
2020-04-18 19:00,-56.75,-55.43,-35.13,-32.91948,-36.2712
2020-04-18 20:00,-56.85,-55.51,-35.24,-32.91948,-36.2712
2020-04-18 21:00,-56.88,-55.62,-35.37,-32.91948,-36.2712
2020-04-18 22:00,-56.99,-55.6,-35.55,-32.91948,-36.2712
2020-04-18 23:00,-57.07,-55.7,-35.62,-32.91948,-36.2712
2020-04-19 00:00,-56.94,-55.75,-35.57,-32.91948,-36.2712
2020-04-19 01:00,-57.12,-55.66,-35.82,-32.91948,-36.2712
2020-04-19 02:00,-57.18,-55.78,-35.83,-32.91948,-36.2712
2020-04-19 03:00,-57.2,-55.9,-35.95,-32.91948,-36.2712
2020-04-19 04:00,-57.06,-55.9,-35.83,-32.91948,-36.2712
2020-04-19 05:00,-57.19,-55.71,-35.99,-32.91948,-36.2712
2020-04-19 06:00,-57.39,-55.88,-36.24,-32.91948,-36.576
2020-04-19 07:00,-57.47,-56.11,-36.28,-32.91948,-36.576
2020-04-19 08:00,-57.19,-56.16,-36.11,-33.22429,-36.576
2020-04-19 09:00,-57.28,-55.92,-36.08,-33.22429,-36.576
2020-04-19 10:00,-56.95,-55.99,-36.07,-32.91948,-36.576
2020-04-19 11:00,-57.27,-55.72,-36.34,-32.91948,-36.576
2020-04-19 12:00,-57.4,-55.99,-36.5,-31.39543,-36.576
2020-04-19 13:00,-57.22,-56.1,-36.17,-31.39543,-36.576
2020-04-19 14:00,-57.2,-55.86,-36.29,-31.70024,-36.576
2020-04-19 15:00,-57.04,-55.9,-36.49,-31.70024,-36.576
2020-04-19 16:00,-57.11,-55.79,-36.42,-31.70024,-36.576
2020-04-19 17:00,-57.02,-55.84,-36.3,-32.00505,-36.8808
2020-04-19 18:00,-57.03,-55.81,-36.28,-32.00505,-36.8808
2020-04-19 19:00,-57.18,-55.77,-36.38,-32.00505,-36.8808
2020-04-19 20:00,-57.14,-55.93,-36.43,-32.30986,-36.8808
2020-04-19 21:00,-57.22,-55.88,-36.42,-32.30986,-36.8808
2020-04-19 22:00,-56.9,-55.94,-36.31,-32.30986,-36.8808
2020-04-19 23:00,-56.94,-55.69,-36.29,-32.30986,-36.8808
2020-04-20 00:00,-57.1,-55.71,-36.37,-32.30986,-36.8808
2020-04-20 01:00,-56.86,-55.81,-36.3,-32.30986,-36.8808
2020-04-20 02:00,-56.9,-55.59,-36.39,-32.30986,-36.8808
2020-04-20 03:00,-57.29,-55.67,-36.56,-32.61467,-36.8808
2020-04-20 04:00,-57.07,-55.99,-36.47,-32.61467,-36.8808
2020-04-20 05:00,-57.19,-55.83,-36.49,-32.61467,-37.1856
2020-04-20 06:00,-57.22,-55.93,-36.23,-32.61467,-36.8808
2020-04-20 07:00,-57.17,-56,-36.09,-32.61467,-36.8808
2020-04-20 08:00,-57.33,-55.89,-35.9,-32.61467,-36.8808
2020-04-20 09:00,-57.3,-56.13,-35.51,-32.61467,-36.8808
2020-04-20 10:00,-56.76,-56.04,-33.74,-32.91948,-36.2712
2020-04-20 11:00,-56.87,-55.55,-32.66,-32.91948,-35.3568
2020-04-20 12:00,-56.63,-55.53,-31.65,-32.91948,-34.7472
2020-04-20 13:00,-55.82,-55.7,-30.52,-32.91948,-33.8328
2020-04-20 14:00,-55.14,-55.63,-28.91,-33.22429,-32.6136
2020-04-20 15:00,-54.09,-55.59,-28.26,-32.91948,-32.004
2020-04-20 16:00,-53.31,-55.13,-28.03,-33.22429,-31.6992
2020-04-20 17:00,-53.07,-54.62,-27.49,-33.22429,-31.6992
2020-04-20 18:00,-52.83,-54.19,-27.41,-33.22429,-31.6992
2020-04-20 19:00,-52.92,-53.74,-27.39,-33.22429,-31.6992
2020-04-20 20:00,-52.88,-53.53,-27.47,-33.22429,-31.3944
2020-04-20 21:00,-52.84,-53.29,-27.52,-33.22429,-31.3944
2020-04-20 22:00,-52.86,-53.04,-27.55,-33.22429,-31.3944
2020-04-20 23:00,-52.8,-52.86,-27.57,-33.22429,-31.3944
2020-04-21 00:00,-52.9,-52.67,-27.74,-33.22429,-31.3944
2020-04-21 01:00,-52.98,-52.59,-27.84,-33.22429,-31.3944
2020-04-21 02:00,-53.09,-52.53,-28.1,-33.22429,-31.3944
2020-04-21 03:00,-53.17,-52.5,-28.08,-33.22429,-31.3944
2020-04-21 04:00,-53.32,-52.49,-28.29,-33.22429,-31.3944
2020-04-21 05:00,-53.43,-52.52,-28.47,-32.91948,-31.3944
2020-04-21 06:00,-53.42,-52.52,-28.56,-32.00505,-31.3944
2020-04-21 07:00,-53.43,-52.47,-28.59,-32.00505,-31.3944
2020-04-21 08:00,-53.24,-52.41,-28.53,-31.70024,-31.6992
2020-04-21 09:00,-53.19,-52.21,-28.57,-30.78581,-31.6992
2020-04-21 10:00,-53.32,-52.07,-28.87,-29.26176,-31.6992
2020-04-21 11:00,-53.4,-52.2,-28.99,-28.65214,-31.6992
2020-04-21 12:00,-53.22,-52.31,-29.08,-28.04252,-31.6992
2020-04-21 13:00,-53.3,-52.1,-28.99,-27.4329,-31.6992
2020-04-21 14:00,-53.33,-52.16,-29.31,-26.51847,-32.004
2020-04-21 15:00,-53.28,-52.01,-29.18,-26.51847,-32.004
2020-04-21 16:00,-53.52,-52.06,-29.52,-26.51847,-32.004
2020-04-21 17:00,-53.28,-52.22,-29.28,-26.51847,-32.004
2020-04-21 18:00,-53.34,-51.92,-29.39,-26.82328,-32.004
2020-04-21 19:00,-53.21,-51.96,-29.33,-27.12809,-32.004
2020-04-21 20:00,-53.38,-51.82,-29.43,-27.12809,-32.004
2020-04-21 21:00,-53.43,-51.89,-29.57,-27.12809,-32.3088
2020-04-21 22:00,-53.36,-51.89,-29.46,-27.4329,-32.3088
2020-04-21 23:00,-53.54,-51.83,-29.77,-27.4329,-32.3088
2020-04-22 00:00,-53.39,-51.98,-29.7,-27.4329,-32.3088
2020-04-22 01:00,-53.56,-51.81,-29.87,-27.73771,-32.3088
2020-04-22 02:00,-53.59,-51.98,-29.95,-27.73771,-32.3088
2020-04-22 03:00,-53.73,-51.95,-30.12,-27.73771,-32.3088
2020-04-22 04:00,-53.8,-52.03,-30.18,-27.73771,-32.3088
2020-04-22 05:00,-53.75,-52.14,-30.3,-28.04252,-32.3088
2020-04-22 06:00,-54.05,-52.07,-30.55,-28.04252,-32.6136
2020-04-22 07:00,-54.2,-52.31,-30.74,-28.04252,-32.6136
2020-04-22 08:00,-54.16,-52.35,-30.77,-28.04252,-32.6136
2020-04-22 09:00,-54.1,-52.3,-30.7,-28.34733,-32.6136
2020-04-22 10:00,-54.1,-52.26,-30.88,-28.34733,-32.6136
2020-04-22 11:00,-53.88,-52.24,-30.73,-28.34733,-32.6136
2020-04-22 12:00,-54.17,-52.07,-31.12,-28.65214,-32.6136
2020-04-22 13:00,-54.12,-52.31,-31.16,-28.65214,-32.9184
2020-04-22 14:00,-54.58,-52.24,-31.7,-28.95695,-32.9184
2020-04-22 15:00,-54.36,-52.77,-31.51,-28.95695,-32.9184
2020-04-22 16:00,-54.4,-52.55,-31.66,-28.95695,-32.9184
2020-04-22 17:00,-54.39,-52.53,-31.72,-28.95695,-32.9184
2020-04-22 18:00,-54.15,-52.59,-31.5,-29.26176,-33.2232
2020-04-22 19:00,-54.12,-52.31,-31.56,-29.26176,-33.2232
2020-04-22 20:00,-54.51,-52.24,-31.91,-29.26176,-33.2232
2020-04-22 21:00,-54.51,-52.57,-31.91,-29.26176,-33.2232
2020-04-22 22:00,-54.3,-52.55,-31.93,-29.26176,-33.2232
2020-04-22 23:00,-54.46,-52.41,-32.14,-29.26176,-33.2232
2020-04-23 00:00,-54.65,-52.56,-32.2,-29.56657,-33.2232
2020-04-23 01:00,-54.68,-52.7,-32.37,-29.56657,-33.2232
2020-04-23 02:00,-54.75,-52.73,-32.44,-29.56657,-33.2232
2020-04-23 03:00,-54.87,-52.83,-32.44,-29.56657,-33.2232
2020-04-23 04:00,-54.87,-52.92,-32.5,-29.56657,-33.528
2020-04-23 05:00,-54.68,-52.93,-32.48,-29.56657,-33.528
2020-04-23 06:00,-55,-52.77,-32.69,-29.56657,-33.528
2020-04-23 07:00,-54.8,-53.07,-32.71,-29.87138,-33.528
2020-04-23 08:00,-54.96,-52.94,-32.77,-29.87138,-33.528
2020-04-23 09:00,-54.92,-53.03,-32.75,-29.87138,-33.528
2020-04-23 10:00,-54.95,-52.99,-32.9,-29.87138,-33.528
2020-04-23 11:00,-54.79,-53.01,-32.78,-30.17619,-33.528
2020-04-23 12:00,-54.9,-52.84,-32.91,-30.17619,-33.528
2020-04-23 13:00,-55.09,-52.98,-33.22,-30.17619,-33.8328
2020-04-23 14:00,-54.96,-53.21,-33.06,-30.481,-33.8328
2020-04-23 15:00,-54.82,-53.08,-33.2,-30.481,-33.8328
2020-04-23 16:00,-54.88,-52.98,-33.12,-30.481,-33.8328
2020-04-23 17:00,-54.82,-52.97,-33.16,-30.481,-33.8328
2020-04-23 18:00,-54.77,-52.97,-33.15,-30.78581,-33.8328
2020-04-23 19:00,-54.66,-52.75,-33.21,-30.78581,-33.8328
2020-04-23 20:00,-55.02,-52.84,-33.36,-30.78581,-33.8328
2020-04-23 21:00,-55.08,-53.13,-33.39,-30.78581,-33.8328
2020-04-23 22:00,-55.31,-53.14,-33.9,-30.78581,-34.1376
2020-04-23 23:00,-55.5,-53.53,-33.69,-30.78581,-33.8328
2020-04-24 00:00,-54.92,-53.59,-33.52,-30.78581,-34.1376
2020-04-24 01:00,-54.6,-53.08,-33.46,-30.78581,-34.1376
2020-04-24 02:00,-55.17,-52.77,-33.19,-30.78581,-34.1376
2020-04-24 03:00,-54.82,-53.25,-33.14,-31.09062,-34.1376
2020-04-24 04:00,-54.81,-53.04,-32.97,-31.09062,-34.1376
2020-04-24 05:00,-54.91,-52.87,-33.18,-31.09062,-34.1376
2020-04-24 06:00,-54.92,-52.98,-33.17,-31.09062,-34.1376
2020-04-24 07:00,-55.43,-53.08,-33.54,-31.09062,-34.1376
2020-04-24 08:00,-55.4,-53.54,-33.58,-31.09062,-34.1376
2020-04-24 09:00,-55.55,-53.51,-33.73,-31.09062,-34.1376
2020-04-24 10:00,-55.69,-53.68,-33.87,-31.09062,-34.1376
2020-04-24 11:00,-55.7,-53.76,-33.96,-31.09062,-34.1376
2020-04-24 12:00,-55.71,-53.78,-33.97,-31.09062,-34.1376
2020-04-24 13:00,-55.87,-53.79,-34.23,-31.39543,-34.1376
2020-04-24 14:00,-55.3,-53.96,-33.79,-31.39543,-34.1376
2020-04-24 15:00,-56,-53.44,-34.47,-31.39543,-34.4424
2020-04-24 16:00,-55.64,-54.03,-34.27,-31.39543,-34.4424
2020-04-24 17:00,-55.8,-53.78,-34.29,-31.39543,-34.4424
2020-04-24 18:00,-55.75,-53.89,-34.36,-31.39543,-34.4424
2020-04-24 19:00,-55.49,-53.82,-34.13,-31.70024,-34.4424
2020-04-24 20:00,-55.28,-53.55,-33.87,-31.70024,-34.4424
2020-04-24 21:00,-55.26,-53.27,-33.56,-31.70024,-34.4424
2020-04-24 22:00,-55.15,-53.32,-33.19,-31.70024,-34.4424
2020-04-24 23:00,-55.67,-53.08,-33.59,-31.70024,-34.4424
2020-04-25 00:00,-55.63,-53.67,-33.54,-31.70024,-34.7472
2020-04-25 01:00,-55.51,-53.62,-33.47,-31.39543,-34.7472
2020-04-25 02:00,-55.54,-53.51,-33.55,-31.09062,-34.7472
2020-04-25 03:00,-55.84,-53.58,-33.78,-30.78581,-34.7472
2020-04-25 04:00,-55.66,-53.83,-33.57,-30.78581,-34.7472
2020-04-25 05:00,-55.75,-53.62,-33.66,-30.78581,-34.7472
2020-04-25 06:00,-55.92,-53.71,-33.76,-31.09062,-34.7472
2020-04-25 07:00,-55.7,-53.91,-33.63,-31.09062,-34.7472
2020-04-25 08:00,-56.13,-53.68,-34.03,-31.09062,-34.7472
2020-04-25 09:00,-55.95,-54.1,-33.77,-31.09062,-34.7472
2020-04-25 10:00,-56.12,-53.95,-34.11,-31.09062,-34.7472
2020-04-25 11:00,-56.02,-54.07,-34.14,-31.09062,-35.052
2020-04-25 12:00,-56.02,-53.93,-34.06,-31.39543,-35.052
2020-04-25 13:00,-55.8,-53.95,-33.96,-31.39543,-35.052
2020-04-25 14:00,-55.99,-53.66,-34.09,-31.39543,-35.052
2020-04-25 15:00,-55.93,-53.87,-33.99,-31.70024,-35.052
2020-04-25 16:00,-55.96,-53.85,-34.17,-31.70024,-35.052
2020-04-25 17:00,-55.9,-53.89,-34.25,-31.70024,-35.052
2020-04-25 18:00,-55.96,-53.79,-34.24,-32.00505,-35.052
2020-04-25 19:00,-55.74,-53.88,-34.19,-31.70024,-35.052
2020-04-25 20:00,-55.99,-53.66,-34.22,-31.70024,-35.052
2020-04-25 21:00,-56.14,-53.84,-34.25,-30.481,-35.052
2020-04-25 22:00,-56.04,-53.98,-34.48,-30.481,-35.052
2020-04-25 23:00,-56.14,-53.93,-34.49,-30.78581,-35.3568
2020-04-26 00:00,-56.12,-54.07,-34.62,-30.78581,-35.3568
2020-04-26 01:00,-56.21,-54.08,-34.51,-30.78581,-35.3568
2020-04-26 02:00,-55.89,-54.1,-34.31,-30.78581,-35.3568
2020-04-26 03:00,-56.02,-53.74,-34.64,-30.78581,-35.3568
2020-04-26 04:00,-56.26,-53.95,-34.69,-30.78581,-35.3568
2020-04-26 05:00,-56.38,-54.17,-34.63,-31.09062,-35.3568
2020-04-26 06:00,-56.48,-54.23,-34.85,-31.09062,-35.3568
2020-04-26 07:00,-56.52,-54.41,-35.02,-31.09062,-35.3568
2020-04-26 08:00,-56.81,-54.43,-35.32,-31.09062,-35.3568
2020-04-26 09:00,-56.71,-54.71,-35.3,-31.09062,-35.3568
2020-04-26 10:00,-56.64,-54.65,-35.19,-31.09062,-35.6616
2020-04-26 11:00,-56.84,-54.54,-35.53,-31.39543,-35.6616
2020-04-26 12:00,-56.61,-54.74,-35.25,-31.39543,-35.6616
2020-04-26 13:00,-56.77,-54.51,-35.33,-31.39543,-35.6616
2020-04-26 14:00,-57.11,-54.69,-35.79,-31.39543,-35.6616
2020-04-26 15:00,-56.71,-55.01,-35.63,-31.39543,-35.6616
2020-04-26 16:00,-56.84,-54.69,-35.83,-31.70024,-35.6616
2020-04-26 17:00,-56.99,-54.79,-35.95,-31.70024,-35.6616
2020-04-26 18:00,-56.6,-54.9,-35.79,-31.70024,-35.9664
2020-04-26 19:00,-56.6,-54.55,-35.73,-31.70024,-35.9664
2020-04-26 20:00,-56.75,-54.53,-35.83,-31.70024,-35.9664
2020-04-26 21:00,-56.65,-54.68,-35.9,-31.70024,-35.9664
2020-04-26 22:00,-56.82,-54.58,-36,-31.70024,-35.9664
2020-04-26 23:00,-56.62,-54.71,-35.76,-31.70024,-35.9664
2020-04-27 00:00,-56.69,-54.48,-35.98,-31.70024,-35.9664
2020-04-27 01:00,-56.91,-54.63,-36.22,-32.00505,-35.9664
2020-04-27 02:00,-56.98,-54.87,-36.28,-32.00505,-35.9664
2020-04-27 03:00,-57.01,-54.91,-36.35,-32.00505,-35.9664
2020-04-27 04:00,-56.99,-54.98,-36.3,-32.00505,-35.9664
2020-04-27 05:00,-57.03,-54.96,-36.36,-32.00505,-36.2712
2020-04-27 06:00,-57.29,-54.94,-36.52,-32.00505,-36.2712
2020-04-27 07:00,-57.24,-55.22,-36.64,-32.00505,-36.2712
2020-04-27 08:00,-57.12,-55.17,-36.37,-32.00505,-36.2712
2020-04-27 09:00,-57.08,-55.01,-36.32,-32.00505,-36.2712
2020-04-27 10:00,-56.9,-54.95,-36.31,-32.00505,-36.2712
2020-04-27 11:00,-56.98,-54.87,-36.44,-32.30986,-36.2712
2020-04-27 12:00,-57.04,-54.89,-36.52,-32.30986,-36.2712
2020-04-27 13:00,-57.22,-54.93,-36.79,-32.30986,-36.2712
2020-04-27 14:00,-56.97,-55.17,-36.54,-32.30986,-36.2712
2020-04-27 15:00,-56.92,-54.91,-36.68,-32.61467,-36.576
2020-04-27 16:00,-57.45,-54.9,-37.08,-32.61467,-36.576
2020-04-27 17:00,-57.32,-55.38,-37.08,-32.61467,-36.576
2020-04-27 18:00,-57.21,-55.25,-36.99,-32.61467,-36.576
2020-04-27 19:00,-57.23,-55.14,-37.04,-32.61467,-36.576
2020-04-27 20:00,-57.36,-55.15,-37.11,-32.61467,-36.576
2020-04-27 21:00,-57.31,-55.33,-37.25,-32.61467,-36.576
2020-04-27 22:00,-57.42,-55.24,-37.38,-32.61467,-36.576
2020-04-27 23:00,-57.54,-55.33,-37.4,-32.91948,-36.576
2020-04-28 00:00,-57.69,-55.49,-37.57,-32.91948,-36.8808
2020-04-28 01:00,-57.6,-55.55,-37.66,-32.91948,-36.8808
2020-04-28 02:00,-57.72,-55.48,-37.64,-32.91948,-36.8808
2020-04-28 03:00,-57.69,-55.66,-37.7,-32.91948,-36.8808
2020-04-28 04:00,-57.74,-55.6,-37.78,-32.91948,-36.8808
2020-04-28 05:00,-57.75,-55.64,-37.7,-32.91948,-36.8808
2020-04-28 06:00,-58.05,-55.66,-37.91,-32.91948,-36.8808
2020-04-28 07:00,-57.85,-55.94,-37.93,-32.91948,-36.8808
2020-04-28 08:00,-57.75,-55.77,-37.82,-32.91948,-36.8808
2020-04-28 09:00,-57.72,-55.62,-37.77,-32.91948,-36.8808
2020-04-28 10:00,-57.87,-55.56,-38.06,-32.91948,-36.8808
2020-04-28 11:00,-57.9,-55.81,-38.09,-32.91948,-37.1856
2020-04-28 12:00,-58.05,-55.81,-38.26,-33.22429,-37.1856
2020-04-28 13:00,-57.87,-55.95,-38.12,-33.22429,-37.1856
2020-04-28 14:00,-58.07,-55.75,-38.37,-33.22429,-37.1856
2020-04-28 15:00,-57.98,-56.06,-38.35,-33.22429,-37.1856
2020-04-28 16:00,-57.74,-56,-38.25,-33.22429,-37.1856
2020-04-28 17:00,-57.84,-55.74,-38.33,-33.5291,-37.1856
2020-04-28 18:00,-57.68,-55.82,-38.36,-33.5291,-37.4904
2020-04-28 19:00,-57.55,-55.63,-38.09,-33.5291,-37.4904
2020-04-28 20:00,-57.8,-55.59,-38.25,-33.5291,-37.4904
2020-04-28 21:00,-57.75,-55.8,-38.3,-33.5291,-37.4904
2020-04-28 22:00,-57.87,-55.74,-38.31,-33.5291,-37.4904
2020-04-28 23:00,-57.86,-55.83,-38.5,-33.5291,-37.4904
2020-04-29 00:00,-58.09,-55.85,-38.62,-33.5291,-37.4904
2020-04-29 01:00,-57.89,-56.03,-38.45,-33.5291,-37.4904
2020-04-29 02:00,-58.03,-55.88,-38.55,-33.5291,-37.4904
2020-04-29 03:00,-58.07,-56.04,-38.6,-33.5291,-37.4904
2020-04-29 04:00,-58.13,-56.04,-38.72,-33.83391,-37.4904
2020-04-29 05:00,-57.98,-56.12,-38.58,-33.83391,-37.4904
2020-04-29 06:00,-58.15,-55.96,-38.7,-33.83391,-37.7952
2020-04-29 07:00,-58.26,-56.17,-38.85,-33.83391,-37.7952
2020-04-29 08:00,-58.5,-56.25,-39.18,-33.83391,-37.7952
2020-04-29 09:00,-58.41,-56.53,-39.18,-33.83391,-37.7952
2020-04-29 10:00,-58.43,-56.43,-39.11,-33.83391,-37.7952
2020-04-29 11:00,-58.5,-56.36,-39.46,-33.83391,-37.7952
2020-04-29 12:00,-58.4,-56.54,-39.25,-33.83391,-37.7952
2020-04-29 13:00,-58.2,-56.49,-39.14,-34.13872,-37.7952
2020-04-29 14:00,-58.18,-56.32,-39.31,-34.13872,-37.7952
2020-04-29 15:00,-58.36,-56.28,-39.46,-34.13872,-38.1
2020-04-29 16:00,-58.33,-56.38,-39.44,-34.13872,-38.1
2020-04-29 17:00,-58.63,-56.45,-39.72,-34.44353,-38.1
2020-04-29 18:00,-58.32,-56.72,-39.28,-34.44353,-38.1
2020-04-29 19:00,-58.05,-56.4,-39.28,-34.44353,-38.1
2020-04-29 20:00,-58.12,-56.17,-39.23,-34.44353,-38.1
2020-04-29 21:00,-58.12,-56.33,-39.29,-34.44353,-38.1
2020-04-29 22:00,-58.24,-56.21,-39.4,-34.44353,-38.1
2020-04-29 23:00,-58.17,-56.26,-39.5,-34.44353,-38.4048
2020-04-30 00:00,-58.17,-56.28,-39.52,-34.44353,-38.4048
2020-04-30 01:00,-58.1,-56.3,-39.34,-34.44353,-38.4048
2020-04-30 02:00,-58.13,-56.25,-39.34,-34.44353,-38.4048
2020-04-30 03:00,-58.25,-56.26,-39.31,-34.44353,-38.4048
2020-04-30 04:00,-58.16,-56.39,-39.52,-34.44353,-38.4048
2020-04-30 05:00,-58.09,-56.36,-39.53,-34.44353,-38.4048
2020-04-30 06:00,-58.27,-56.24,-39.67,-34.44353,-38.4048
2020-04-30 07:00,-58.48,-56.39,-39.85,-34.44353,-38.4048
2020-04-30 08:00,-58.65,-56.7,-40.08,-34.44353,-38.4048
2020-04-30 09:00,-58.37,-56.82,-39.79,-34.74834,-38.4048
2020-04-30 10:00,-58.45,-56.55,-39.83,-34.74834,-38.4048
2020-04-30 11:00,-58.57,-56.66,-40.07,-34.74834,-38.7096
2020-04-30 12:00,-58.49,-56.79,-40,-34.74834,-38.7096
2020-04-30 13:00,-58.29,-56.69,-39.44,-34.74834,-38.7096
2020-04-30 14:00,-57.94,-56.48,-35.93,-35.05315,-38.1
2020-04-30 15:00,-56.96,-56.23,-34.07,-35.05315,-37.1856
2020-04-30 16:00,-55.63,-56.58,-33.16,-35.05315,-36.576
2020-04-30 17:00,-54.35,-56.03,-32.45,-35.05315,-36.576
2020-04-30 18:00,-54.21,-55.03,-32.3,-35.05315,-36.2712
2020-04-30 19:00,-53.93,-54.94,-32.09,-35.05315,-36.2712
2020-04-30 20:00,-53.69,-54.53,-31.9,-35.35796,-36.2712
2020-04-30 21:00,-53.58,-54.31,-31.85,-35.35796,-36.2712
2020-04-30 22:00,-53.5,-54.1,-31.83,-35.35796,-36.2712
2020-04-30 23:00,-53.48,-53.68,-31.84,-35.35796,-36.2712
2020-05-01 00:00,-53.49,-53.72,-31.97,-35.35796,-36.2712
2020-05-01 01:00,-53.49,-53.73,-31.98,-35.05315,-36.2712
2020-05-01 02:00,-53.84,-53.58,-32.26,-35.35796,-36.2712
2020-05-01 03:00,-53.84,-53.86,-32.23,-35.35796,-36.2712
2020-05-01 04:00,-53.63,-53.82,-32.19,-35.35796,-36.2712
2020-05-01 05:00,-53.67,-53.58,-32.04,-35.35796,-36.2712
2020-05-01 06:00,-53.94,-53.41,-32.31,-35.35796,-36.2712
2020-05-01 07:00,-53.93,-53.58,-32.34,-35.66277,-36.2712
2020-05-01 08:00,-53.77,-53.49,-32.22,-35.35796,-36.2712
2020-05-01 09:00,-53.75,-53.3,-32.36,-35.05315,-36.2712
2020-05-01 10:00,-53.92,-53.21,-32.45,-35.35796,-36.2712
2020-05-01 11:00,-53.97,-53.33,-32.72,-35.66277,-36.2712
2020-05-01 12:00,-53.92,-53.36,-32.66,-35.05315,-36.2712
2020-05-01 13:00,-54.21,-53.18,-33.03,-34.13872,-36.2712
2020-05-01 14:00,-54.24,-53.48,-33.14,-30.481,-36.2712
2020-05-01 15:00,-53.72,-53.45,-32.68,-29.56657,-36.2712
2020-05-01 16:00,-54.12,-52.88,-33.06,-29.56657,-36.576
2020-05-01 17:00,-54.28,-53.24,-33.35,-29.56657,-36.576
2020-05-01 18:00,-53.95,-53.39,-33.12,-29.87138,-36.576
2020-05-01 19:00,-53.93,-53.02,-32.97,-29.87138,-36.576
2020-05-01 20:00,-54.27,-52.92,-33.42,-29.87138,-36.576
2020-05-01 21:00,-54.33,-53.28,-33.52,-29.87138,-36.576
2020-05-01 22:00,-54.49,-53.26,-33.66,-30.17619,-36.576
2020-05-01 23:00,-54.55,-53.37,-33.77,-30.17619,-36.576
2020-05-02 00:00,-54.49,-53.41,-33.7,-30.17619,-36.8808
2020-05-02 01:00,-54.54,-53.33,-33.87,-30.481,-36.8808
2020-05-02 02:00,-54.55,-53.39,-33.85,-30.481,-36.8808
2020-05-02 03:00,-54.66,-53.35,-33.98,-30.481,-36.8808
2020-05-02 04:00,-54.64,-53.39,-33.94,-30.481,-36.8808
2020-05-02 05:00,-54.75,-53.29,-34.12,-30.481,-36.8808
2020-05-02 06:00,-54.92,-53.46,-34.25,-30.78581,-36.8808
2020-05-02 07:00,-54.95,-53.6,-34.33,-30.78581,-36.8808
2020-05-02 08:00,-54.94,-53.6,-34.43,-30.78581,-36.8808
2020-05-02 09:00,-54.75,-53.52,-34.14,-30.78581,-36.8808
2020-05-02 10:00,-54.81,-53.37,-34.2,-30.78581,-36.8808
2020-05-02 11:00,-54.89,-53.26,-34.57,-31.09062,-37.1856
2020-05-02 12:00,-54.77,-53.35,-34.58,-31.09062,-37.1856
2020-05-02 13:00,-54.8,-53.3,-34.61,-31.09062,-37.1856
2020-05-02 14:00,-54.94,-53.28,-34.75,-31.39543,-37.1856
2020-05-02 15:00,-54.87,-53.36,-34.69,-31.39543,-37.1856
2020-05-02 16:00,-54.95,-53.36,-34.93,-31.39543,-37.1856
2020-05-02 17:00,-55.19,-53.36,-35.17,-31.70024,-37.4904
2020-05-02 18:00,-54.95,-53.67,-35,-31.70024,-37.4904
2020-05-02 19:00,-54.94,-53.42,-35.04,-31.70024,-37.4904
2020-05-02 20:00,-54.97,-53.43,-35.07,-31.70024,-37.4904
2020-05-02 21:00,-55.12,-53.44,-35.27,-31.70024,-37.4904
2020-05-02 22:00,-55.22,-53.56,-35.33,-31.70024,-37.4904
2020-05-02 23:00,-55.29,-53.63,-35.47,-32.00505,-37.4904
2020-05-03 00:00,-55.44,-53.7,-35.49,-32.00505,-37.4904
2020-05-03 01:00,-55.37,-53.82,-35.64,-32.00505,-37.4904
2020-05-03 02:00,-55.39,-53.76,-35.64,-32.00505,-37.4904
2020-05-03 03:00,-55.39,-53.75,-35.7,-32.00505,-37.4904
2020-05-03 04:00,-55.37,-53.81,-35.61,-32.00505,-37.7952
2020-05-03 05:00,-55.58,-53.74,-35.81,-32.00505,-37.7952
2020-05-03 06:00,-55.62,-53.98,-35.99,-32.30986,-37.7952
2020-05-03 07:00,-55.77,-54.03,-36.16,-32.30986,-37.7952
2020-05-03 08:00,-55.79,-54.11,-36.13,-32.30986,-37.7952
2020-05-03 09:00,-55.9,-54.18,-36.43,-32.30986,-37.7952
2020-05-03 10:00,-55.99,-54.31,-36.53,-32.30986,-37.7952
2020-05-03 11:00,-55.94,-54.37,-36.53,-32.61467,-37.7952
2020-05-03 12:00,-56.08,-54.3,-36.72,-32.61467,-37.7952
2020-05-03 13:00,-55.82,-54.4,-36.46,-32.61467,-38.1
2020-05-03 14:00,-55.96,-54.18,-36.79,-32.61467,-38.1
2020-05-03 15:00,-55.95,-54.36,-36.72,-32.91948,-38.1
2020-05-03 16:00,-56.07,-54.36,-36.88,-32.91948,-38.1
2020-05-03 17:00,-56.02,-54.38,-36.97,-32.91948,-38.1
2020-05-03 18:00,-55.79,-54.32,-36.89,-32.91948,-38.1
2020-05-03 19:00,-55.79,-54.18,-36.81,-33.22429,-38.4048
2020-05-03 20:00,-55.62,-54.16,-36.76,-33.22429,-38.4048
2020-05-03 21:00,-55.69,-53.99,-36.8,-33.22429,-38.4048
2020-05-03 22:00,-55.69,-54.04,-36.88,-33.22429,-38.4048
2020-05-03 23:00,-55.8,-54.07,-37,-33.22429,-38.4048
2020-05-04 00:00,-55.73,-54.2,-36.97,-33.22429,-38.4048
2020-05-04 01:00,-55.71,-54.11,-36.95,-33.22429,-38.4048
2020-05-04 02:00,-55.76,-54.14,-37,-33.22429,-38.4048
2020-05-04 03:00,-55.86,-54.18,-36.98,-33.22429,-38.4048
2020-05-04 04:00,-56.2,-54.24,-37.6,-33.22429,-38.4048
2020-05-04 05:00,-55.94,-54.56,-37.02,-33.5291,-38.4048
2020-05-04 06:00,-55.86,-54.34,-36.98,-33.5291,-38.4048
2020-05-04 07:00,-56.07,-54.19,-37.17,-33.5291,-38.7096
2020-05-04 08:00,-56.27,-54.39,-37.34,-33.5291,-38.7096
2020-05-04 09:00,-56.27,-54.58,-37.51,-33.5291,-38.7096
2020-05-04 10:00,-56.38,-54.55,-37.61,-33.5291,-38.7096
2020-05-04 11:00,-56.36,-54.72,-37.6,-33.83391,-38.7096
2020-05-04 12:00,-56.35,-54.65,-37.84,-33.83391,-38.7096
2020-05-04 13:00,-56.44,-54.71,-37.86,-33.83391,-38.7096
2020-05-04 14:00,-56.21,-54.71,-37.94,-34.13872,-39.0144
2020-05-04 15:00,-56.38,-54.53,-38.03,-34.13872,-39.0144
2020-05-04 16:00,-56.52,-54.71,-38.3,-34.13872,-39.0144
2020-05-04 17:00,-56.31,-54.87,-37.95,-34.44353,-39.0144
2020-05-04 18:00,-56.32,-54.64,-37.98,-34.44353,-39.0144
2020-05-04 19:00,-56.26,-54.61,-37.95,-34.44353,-39.0144
2020-05-04 20:00,-56.35,-54.55,-38.19,-34.44353,-39.0144
2020-05-04 21:00,-56.46,-54.62,-38.29,-34.44353,-39.0144
2020-05-04 22:00,-56.47,-54.79,-38.44,-34.44353,-39.3192
2020-05-04 23:00,-56.47,-54.77,-38.34,-34.44353,-39.3192
2020-05-05 00:00,-56.49,-54.74,-38.45,-34.44353,-39.3192
2020-05-05 01:00,-56.52,-54.75,-38.4,-34.44353,-39.3192
2020-05-05 02:00,-56.56,-54.78,-38.48,-34.44353,-39.3192
2020-05-05 03:00,-56.49,-54.79,-38.45,-34.44353,-39.3192
2020-05-05 04:00,-56.46,-54.77,-38.61,-34.44353,-39.3192
2020-05-05 05:00,-56.73,-54.71,-38.72,-34.44353,-39.3192
2020-05-05 06:00,-56.9,-54.98,-38.79,-34.44353,-39.3192
2020-05-05 07:00,-56.78,-55.16,-38.91,-34.44353,-39.3192
2020-05-05 08:00,-56.8,-55.05,-38.73,-34.44353,-39.3192
2020-05-05 09:00,-56.84,-55.07,-38.75,-34.44353,-39.3192
2020-05-05 10:00,-56.85,-55.06,-38.87,-34.74834,-39.3192
2020-05-05 11:00,-56.76,-55.03,-38.86,-34.74834,-39.3192
2020-05-05 12:00,-56.68,-54.96,-39.04,-34.74834,-39.3192
2020-05-05 13:00,-56.83,-54.86,-38.74,-35.05315,-39.624
2020-05-05 14:00,-56.7,-55.09,-39.16,-35.05315,-39.624
2020-05-05 15:00,-56.71,-54.88,-39.04,-35.05315,-39.624
2020-05-05 16:00,-56.93,-54.97,-39.14,-35.35796,-39.624
2020-05-05 17:00,-56.76,-55.17,-38.78,-35.35796,-39.624
2020-05-05 18:00,-56.53,-54.98,-39.29,-35.35796,-39.624
2020-05-05 19:00,-56.96,-54.91,-39.17,-35.35796,-39.624
2020-05-05 20:00,-57.07,-55.21,-39.16,-35.35796,-39.624
2020-05-05 21:00,-57.24,-55.26,-39.63,-35.35796,-39.624
2020-05-05 22:00,-57,-55.5,-39.47,-35.35796,-39.624
2020-05-05 23:00,-56.96,-55.29,-39.41,-35.66277,-39.624
2020-05-06 00:00,-56.63,-55.23,-39.19,-35.66277,-39.624
2020-05-06 01:00,-56.53,-54.86,-38.61,-35.66277,-39.624
2020-05-06 02:00,-57.13,-55.11,-39.22,-35.66277,-39.624
2020-05-06 03:00,-57.1,-55.36,-38.98,-35.66277,-39.624
2020-05-06 04:00,-57.41,-55.34,-39.35,-35.66277,-39.624
2020-05-06 05:00,-56.61,-55.69,-38.42,-35.66277,-39.624
2020-05-06 06:00,-57.46,-54.88,-37.74,-35.66277,-39.624
2020-05-06 07:00,-57.36,-55.74,-37.2,-35.66277,-39.3192
2020-05-06 08:00,-57.5,-55.66,-36.81,-35.66277,-39.0144
2020-05-06 09:00,-57.38,-55.82,-36.47,-35.66277,-39.0144
2020-05-06 10:00,-56.97,-55.7,-36.14,-35.66277,-39.0144
2020-05-06 11:00,-57.54,-55.27,-36.56,-35.66277,-39.0144
2020-05-06 12:00,-57.42,-55.89,-36.46,-35.66277,-39.0144
2020-05-06 13:00,-57.38,-55.8,-36.19,-35.66277,-39.0144
2020-05-06 14:00,-57.2,-55.73,-36.26,-35.66277,-39.0144
2020-05-06 15:00,-57.16,-55.71,-36.26,-35.66277,-39.0144
2020-05-06 16:00,-57.28,-55.55,-36.4,-35.96758,-39.3192
2020-05-06 17:00,-57.29,-55.67,-36.48,-35.96758,-39.3192
2020-05-06 18:00,-56.78,-55.74,-35.94,-35.96758,-39.3192
2020-05-06 19:00,-56.95,-55.24,-36.22,-35.96758,-39.3192
2020-05-06 20:00,-57.1,-55.44,-36.38,-35.96758,-39.3192
2020-05-06 21:00,-57.22,-55.57,-36.51,-35.96758,-39.3192
2020-05-06 22:00,-57.05,-55.69,-36.29,-35.96758,-39.3192
2020-05-06 23:00,-57.03,-55.44,-36.32,-35.35796,-39.3192
2020-05-07 00:00,-57.09,-55.49,-35.82,-34.74834,-39.3192
2020-05-07 01:00,-56.99,-55.6,-35.7,-34.44353,-39.3192
2020-05-07 02:00,-56.96,-55.55,-35.55,-34.13872,-39.3192
2020-05-07 03:00,-56.9,-55.54,-35.45,-34.13872,-39.3192
2020-05-07 04:00,-56.92,-55.57,-35.48,-33.83391,-39.0144
2020-05-07 05:00,-57.01,-55.69,-35.57,-32.61467,-39.0144
2020-05-07 06:00,-57.07,-55.87,-35.7,-31.70024,-39.0144
2020-05-07 07:00,-56.96,-55.99,-35.68,-31.70024,-39.0144
2020-05-07 08:00,-56.77,-55.88,-35.59,-31.70024,-39.0144
2020-05-07 09:00,-56.74,-55.76,-35.51,-31.70024,-39.0144
2020-05-07 10:00,-56.63,-55.77,-35.56,-32.00505,-39.0144
2020-05-07 11:00,-56.6,-55.63,-35.56,-32.00505,-39.3192
2020-05-07 12:00,-56.42,-55.68,-35.55,-32.00505,-39.3192
2020-05-07 13:00,-56.29,-55.39,-35.49,-32.30986,-39.3192
2020-05-07 14:00,-56.38,-55.36,-35.81,-32.30986,-39.3192
2020-05-07 15:00,-56.53,-55.47,-35.93,-32.61467,-39.3192
2020-05-07 16:00,-56.54,-55.66,-35.97,-32.61467,-39.3192
2020-05-07 17:00,-56.52,-55.56,-36.04,-32.91948,-39.624
2020-05-07 18:00,-56.4,-55.6,-35.98,-32.91948,-39.624
2020-05-07 19:00,-56.44,-55.42,-36.14,-32.91948,-39.624
2020-05-07 20:00,-56.46,-55.49,-36.2,-33.22429,-39.624
2020-05-07 21:00,-56.58,-55.5,-36.26,-33.22429,-39.624
2020-05-07 22:00,-56.61,-55.59,-36.36,-32.91948,-39.624
2020-05-07 23:00,-56.61,-55.59,-36.35,-32.00505,-39.624
2020-05-08 00:00,-56.65,-55.6,-36.54,-31.70024,-39.624
2020-05-08 01:00,-56.43,-55.54,-36.56,-31.70024,-39.624
2020-05-08 02:00,-56.7,-55.35,-36.62,-31.70024,-39.624
2020-05-08 03:00,-56.9,-55.62,-36.78,-32.00505,-39.624
2020-05-08 04:00,-56.89,-55.83,-36.7,-32.00505,-39.624
2020-05-08 05:00,-56.99,-55.79,-36.91,-32.00505,-39.624
2020-05-08 06:00,-56.9,-55.82,-36.96,-32.00505,-39.624
2020-05-08 07:00,-56.93,-55.69,-37.01,-32.30986,-39.9288
2020-05-08 08:00,-57,-55.81,-37.1,-32.30986,-39.9288
2020-05-08 09:00,-57.03,-55.88,-37.25,-32.30986,-39.9288
2020-05-08 10:00,-57.27,-55.86,-37.4,-32.30986,-39.9288
2020-05-08 11:00,-57.18,-56.01,-37.45,-32.61467,-39.9288
2020-05-08 12:00,-57.06,-55.89,-37.4,-32.61467,-39.9288
2020-05-08 13:00,-57.18,-55.86,-37.52,-32.61467,-39.9288
2020-05-08 14:00,-57.41,-55.93,-37.92,-32.91948,-39.9288
2020-05-08 15:00,-56.89,-56.18,-37.46,-32.91948,-39.9288
2020-05-08 16:00,-56.87,-55.65,-37.46,-33.22429,-39.9288
2020-05-08 17:00,-56.73,-55.62,-37.42,-33.22429,-40.2336
2020-05-08 18:00,-56.68,-55.51,-37.16,-33.22429,-40.2336
2020-05-08 19:00,-56.89,-55.29,-37.48,-33.22429,-40.2336
2020-05-08 20:00,-57.07,-55.64,-37.58,-33.5291,-40.2336
2020-05-08 21:00,-57.51,-55.8,-38.15,-33.5291,-40.2336
2020-05-08 22:00,-57.12,-56.22,-37.78,-33.5291,-40.2336
2020-05-08 23:00,-56.89,-55.82,-37.6,-33.5291,-40.2336
2020-05-09 00:00,-56.86,-55.55,-37.64,-33.5291,-40.2336
2020-05-09 01:00,-56.89,-55.52,-37.66,-33.5291,-40.2336
2020-05-09 02:00,-56.81,-55.58,-36.68,-33.5291,-40.2336
2020-05-09 03:00,-57.1,-55.46,-37.81,-33.83391,-40.2336
2020-05-09 04:00,-57.24,-55.74,-37.82,-33.83391,-40.2336
2020-05-09 05:00,-57.46,-55.78,-38.07,-33.83391,-40.2336
2020-05-09 06:00,-57.4,-55.97,-38.15,-33.83391,-40.2336
2020-05-09 07:00,-57.45,-55.87,-38.29,-33.83391,-40.2336
2020-05-09 08:00,-57.65,-55.92,-38.44,-33.83391,-40.5384
2020-05-09 09:00,-57.32,-56.14,-38.35,-33.83391,-40.5384
2020-05-09 10:00,-57.68,-55.83,-38.62,-34.13872,-40.5384
2020-05-09 11:00,-57.41,-56.07,-38.57,-34.13872,-40.5384
2020-05-09 12:00,-57.51,-55.94,-38.87,-34.44353,-40.5384
2020-05-09 13:00,-57.62,-56,-38.93,-34.44353,-40.5384
2020-05-09 14:00,-57.57,-56.14,-38.86,-34.44353,-40.5384
2020-05-09 15:00,-57.62,-56.1,-38.86,-34.44353,-40.5384
2020-05-09 16:00,-57.59,-56.06,-38.83,-34.74834,-40.8432
2020-05-09 17:00,-57.62,-56.01,-39.08,-34.74834,-40.8432
2020-05-09 18:00,-57.76,-56.06,-39.15,-34.74834,-40.8432
2020-05-09 19:00,-57.76,-56.19,-39.21,-34.74834,-40.8432
2020-05-09 20:00,-57.82,-56.12,-39.34,-34.74834,-40.8432
2020-05-09 21:00,-57.8,-56.21,-39.21,-34.74834,-40.8432
2020-05-09 22:00,-57.88,-56.17,-39.34,-34.74834,-40.8432
2020-05-09 23:00,-57.89,-56.24,-39.48,-34.74834,-40.8432
2020-05-10 00:00,-58.05,-56.32,-39.59,-35.05315,-40.8432
2020-05-10 01:00,-58.01,-56.47,-39.68,-35.05315,-40.8432
2020-05-10 02:00,-57.93,-56.39,-39.52,-35.05315,-40.8432
2020-05-10 03:00,-58.15,-56.28,-39.76,-35.05315,-40.8432
2020-05-10 04:00,-57.98,-56.45,-39.7,-35.05315,-40.8432
2020-05-10 05:00,-57.92,-56.27,-39.66,-35.05315,-40.8432
2020-05-10 06:00,-58.42,-56.19,-40.03,-35.05315,-40.8432
2020-05-10 07:00,-58.22,-56.73,-39.89,-35.05315,-41.148
2020-05-10 08:00,-58.16,-56.54,-39.94,-35.05315,-40.8432
2020-05-10 09:00,-58.1,-56.46,-39.92,-35.05315,-41.148
2020-05-10 10:00,-58.23,-56.44,-40.03,-35.35796,-41.148
2020-05-10 11:00,-58.32,-56.52,-40.08,-35.35796,-41.148
2020-05-10 12:00,-58.35,-56.63,-40.32,-35.35796,-41.148
2020-05-10 13:00,-58.31,-56.7,-40.35,-35.66277,-41.148
2020-05-10 14:00,-58.27,-56.7,-40.29,-35.66277,-41.148
2020-05-10 15:00,-58.31,-56.52,-40.37,-35.66277,-41.148
2020-05-10 16:00,-58.26,-56.67,-40.4,-35.66277,-41.148
2020-05-10 17:00,-58.19,-56.69,-40.22,-35.66277,-41.148
2020-05-10 18:00,-58.18,-56.47,-40.37,-35.96758,-41.4528
2020-05-10 19:00,-58.21,-56.51,-40.39,-35.96758,-41.4528
2020-05-10 20:00,-58.04,-56.59,-40.21,-35.96758,-41.4528
2020-05-10 21:00,-58.18,-56.36,-40.32,-35.96758,-41.4528
2020-05-10 22:00,-58.2,-56.48,-40.36,-35.96758,-41.4528
2020-05-10 23:00,-58.26,-56.49,-40.5,-35.96758,-41.4528
2020-05-11 00:00,-58.3,-56.55,-40.5,-35.96758,-41.4528
2020-05-11 01:00,-58.31,-56.59,-40.52,-35.96758,-41.4528
2020-05-11 02:00,-58.4,-56.57,-40.6,-35.96758,-41.4528
2020-05-11 03:00,-58.59,-56.69,-40.76,-35.96758,-41.4528
2020-05-11 04:00,-58.66,-56.88,-40.83,-35.96758,-41.4528
2020-05-11 05:00,-58.68,-56.96,-40.84,-35.96758,-41.4528
2020-05-11 06:00,-58.64,-57.02,-40.87,-35.96758,-41.4528
2020-05-11 07:00,-58.78,-56.98,-41.04,-36.27239,-41.4528
2020-05-11 08:00,-58.75,-57.11,-40.94,-35.96758,-41.4528
2020-05-11 09:00,-58.72,-57.06,-40.81,-36.27239,-41.7576
2020-05-11 10:00,-58.74,-56.88,-40.96,-36.27239,-41.7576
2020-05-11 11:00,-58.75,-56.98,-41.13,-36.27239,-41.7576
2020-05-11 12:00,-58.44,-57.02,-40.91,-36.27239,-41.7576
2020-05-11 13:00,-58.59,-56.75,-41.03,-36.5772,-41.7576
2020-05-11 14:00,-58.7,-56.89,-41.13,-36.5772,-41.7576
2020-05-11 15:00,-58.51,-56.9,-41.02,-36.5772,-41.7576
2020-05-11 16:00,-58.6,-56.84,-41.06,-36.5772,-41.7576
2020-05-11 17:00,-58.54,-56.88,-41,-36.5772,-42.0624
2020-05-11 18:00,-58.5,-56.89,-40.98,-36.5772,-42.0624
2020-05-11 19:00,-58.6,-56.83,-41.11,-36.5772,-42.0624
2020-05-11 20:00,-58.74,-56.92,-41.24,-36.5772,-42.0624
2020-05-11 21:00,-58.87,-57.04,-41.4,-36.88201,-42.0624
2020-05-11 22:00,-58.82,-57.14,-41.33,-36.88201,-42.0624
2020-05-11 23:00,-58.71,-57.06,-41.27,-36.88201,-42.0624
2020-05-12 00:00,-58.94,-57.01,-41.55,-36.88201,-42.0624
2020-05-12 01:00,-59.08,-57.2,-41.63,-36.88201,-42.0624
2020-05-12 02:00,-58.95,-57.27,-41.52,-36.88201,-42.0624
2020-05-12 03:00,-58.95,-57.16,-41.55,-36.88201,-42.0624
2020-05-12 04:00,-59.22,-57.19,-41.83,-36.88201,-42.0624
2020-05-12 05:00,-59.15,-57.45,-41.88,-36.88201,-42.3672
2020-05-12 06:00,-59.34,-57.41,-42.01,-36.88201,-42.3672
2020-05-12 07:00,-59.43,-57.59,-42.09,-36.88201,-42.3672
2020-05-12 08:00,-59.34,-57.68,-42.05,-36.88201,-42.3672
2020-05-12 09:00,-59.3,-57.56,-41.97,-36.88201,-42.3672
2020-05-12 10:00,-59.1,-57.56,-41.8,-36.88201,-42.3672
2020-05-12 11:00,-59.13,-57.34,-42,-37.18682,-42.3672
2020-05-12 12:00,-59.18,-57.31,-41.94,-37.18682,-42.3672
2020-05-12 13:00,-59.16,-57.35,-41.93,-37.18682,-42.3672
2020-05-12 14:00,-59.05,-57.35,-42.04,-37.18682,-42.3672
2020-05-12 15:00,-59.27,-57.28,-42.09,-37.18682,-42.672
2020-05-12 16:00,-59.23,-57.48,-42.16,-37.49163,-42.672
2020-05-12 17:00,-59.39,-57.4,-42.26,-37.49163,-42.672
2020-05-12 18:00,-59.37,-57.56,-42.26,-37.49163,-42.672
2020-05-12 19:00,-59.19,-57.61,-42.18,-37.49163,-42.672
2020-05-12 20:00,-59.36,-57.44,-42.38,-37.49163,-42.672
2020-05-12 21:00,-59.34,-57.59,-42.41,-37.49163,-42.672
2020-05-12 22:00,-59.32,-57.6,-42.39,-37.49163,-42.672
2020-05-12 23:00,-59.41,-57.53,-42.43,-37.49163,-42.672
2020-05-13 00:00,-59.37,-57.61,-42.47,-37.49163,-42.672
2020-05-13 01:00,-59.6,-57.6,-42.72,-37.49163,-42.672
2020-05-13 02:00,-59.59,-57.85,-42.67,-37.49163,-42.672
2020-05-13 03:00,-59.42,-57.77,-42.53,-37.49163,-42.672
2020-05-13 04:00,-59.6,-57.62,-42.63,-37.79644,-42.9768
2020-05-13 05:00,-59.98,-57.84,-43.06,-37.79644,-42.9768
2020-05-13 06:00,-60.01,-58.19,-43.1,-37.79644,-42.9768
2020-05-13 07:00,-59.92,-58.2,-42.99,-37.79644,-42.9768
2020-05-13 08:00,-59.66,-58.1,-42.67,-37.79644,-42.9768
2020-05-13 09:00,-59.76,-57.84,-42.84,-37.79644,-42.9768
2020-05-13 10:00,-59.84,-57.97,-43,-37.79644,-42.9768
2020-05-13 11:00,-59.74,-58.04,-43.07,-37.79644,-42.9768
2020-05-13 12:00,-59.91,-58.05,-42.98,-37.79644,-42.9768
2020-05-13 13:00,-59.63,-58.06,-42.96,-38.10125,-42.9768
2020-05-13 14:00,-59.76,-57.86,-43.11,-38.10125,-42.9768
2020-05-13 15:00,-59.61,-58.07,-42.98,-38.10125,-42.9768
2020-05-13 16:00,-59.56,-57.88,-42.93,-38.10125,-43.2816
2020-05-13 17:00,-59.59,-57.78,-42.99,-38.10125,-43.2816
2020-05-13 18:00,-59.52,-57.81,-42.87,-38.10125,-43.2816
2020-05-13 19:00,-59.5,-57.74,-42.84,-38.40606,-43.2816
2020-05-13 20:00,-59.53,-57.69,-42.94,-38.40606,-43.2816
2020-05-13 21:00,-59.77,-57.73,-43.22,-38.40606,-43.2816
2020-05-13 22:00,-59.7,-58.01,-43.21,-38.40606,-43.2816
2020-05-13 23:00,-59.9,-57.86,-43.36,-38.40606,-43.2816
2020-05-14 00:00,-59.96,-58.11,-43.45,-38.40606,-43.2816
2020-05-14 01:00,-59.98,-58.17,-43.45,-38.40606,-43.2816
2020-05-14 02:00,-60.09,-58.18,-43.6,-38.40606,-43.2816
2020-05-14 03:00,-60.13,-58.33,-43.57,-38.40606,-43.2816
2020-05-14 04:00,-60.15,-58.37,-43.56,-38.40606,-43.2816
2020-05-14 05:00,-60.21,-58.36,-43.71,-38.40606,-43.2816
2020-05-14 06:00,-60.2,-58.43,-43.66,-38.40606,-43.5864
2020-05-14 07:00,-60.13,-58.47,-43.62,-38.40606,-43.5864
2020-05-14 08:00,-60.17,-58.33,-43.69,-38.40606,-43.5864
2020-05-14 09:00,-60.08,-58.44,-43.62,-38.40606,-43.5864
2020-05-14 10:00,-60.17,-58.31,-43.77,-38.40606,-43.5864
2020-05-14 11:00,-60.26,-58.4,-43.97,-38.40606,-43.5864
2020-05-14 12:00,-60.25,-58.51,-43.93,-38.71087,-43.5864
2020-05-14 13:00,-60.43,-58.55,-43.97,-38.71087,-43.5864
2020-05-14 14:00,-60.25,-58.64,-43.82,-38.71087,-43.5864
2020-05-14 15:00,-60.13,-58.51,-44.04,-38.71087,-43.5864
2020-05-14 16:00,-60.41,-58.42,-44.19,-38.71087,-43.5864
2020-05-14 17:00,-60.17,-58.73,-44.05,-39.01568,-43.8912
2020-05-14 18:00,-60.12,-58.49,-44.01,-39.01568,-43.8912
2020-05-14 19:00,-60.15,-58.44,-43.94,-39.01568,-43.8912
2020-05-14 20:00,-60.13,-58.52,-43.94,-39.01568,-43.8912
2020-05-14 21:00,-60.07,-58.45,-43.89,-39.01568,-43.8912
2020-05-14 22:00,-60.06,-58.37,-43.79,-39.01568,-43.8912
2020-05-14 23:00,-60.01,-58.34,-43.94,-39.01568,-43.8912
2020-05-15 00:00,-60.08,-58.33,-43.85,-39.01568,-43.8912
2020-05-15 01:00,-60.04,-58.33,-44,-39.01568,-43.8912
2020-05-15 02:00,-60.1,-58.33,-44,-39.01568,-43.8912
2020-05-15 03:00,-60.15,-58.41,-43.99,-39.01568,-43.8912
2020-05-15 04:00,-60.23,-58.44,-43.99,-39.01568,-43.8912
2020-05-15 05:00,-60.21,-58.52,-44.08,-39.01568,-44.196
2020-05-15 06:00,-60.41,-58.49,-44.21,-39.01568,-43.8912
2020-05-15 07:00,-60.63,-58.68,-44.46,-39.01568,-44.196
2020-05-15 08:00,-60.74,-58.94,-44.62,-39.01568,-44.196
2020-05-15 09:00,-60.75,-59.04,-44.73,-39.01568,-44.196
2020-05-15 10:00,-60.84,-59.08,-44.92,-39.01568,-44.196
2020-05-15 11:00,-60.85,-59.12,-44.88,-39.01568,-44.196
2020-05-15 12:00,-60.6,-59.11,-44.68,-39.93011,-44.196
2020-05-15 13:00,,-58.61,-44.88,-39.93011,-44.196
2020-05-15 14:00,-60.69,-58.79,-44.95,-39.93011,-44.5008
2020-05-15 15:00,-60.5,-58.94,-44.97,-40.23492,-44.5008
2020-05-15 16:00,-60.18,-58.8,-44.65,-40.23492,-44.5008
2020-05-15 17:00,-60.31,-58.52,-44.76,-40.23492,-44.5008
2020-05-15 18:00,-60.19,-58.69,-44.68,-40.23492,-44.5008
2020-05-15 19:00,-60.36,-58.59,-44.82,-40.23492,-44.5008
2020-05-15 20:00,-60.31,-58.69,-44.75,-40.23492,-44.5008
2020-05-15 21:00,-60.31,-58.62,-44.77,-40.23492,-44.5008
2020-05-15 22:00,-60.26,-58.66,-44.82,-40.23492,-44.5008
2020-05-15 23:00,-60.26,-58.62,-44.77,-40.23492,-44.5008
2020-05-16 00:00,-60.4,-58.58,-44.91,-40.23492,-44.5008
2020-05-16 01:00,-60.26,-58.72,-44.62,-40.23492,-44.5008
2020-05-16 02:00,-60.18,-58.57,-44.69,-40.23492,-44.8056
2020-05-16 03:00,-60.37,-58.51,-44.82,-40.23492,-44.8056
2020-05-16 04:00,-60.51,-58.68,-44.99,-40.23492,-44.8056
2020-05-16 05:00,-60.47,-58.8,-44.92,-40.23492,-44.8056
2020-05-16 06:00,-60.58,-58.8,-45.05,-40.23492,-44.8056
2020-05-16 07:00,-60.86,-58.87,-45.37,-40.23492,-44.8056
2020-05-16 08:00,-60.94,-59.23,-45.53,-40.53973,-44.8056
2020-05-16 09:00,-60.85,-59.25,-45.42,-40.53973,-44.8056
2020-05-16 10:00,-61.09,-59.13,-45.63,-40.53973,-44.8056
2020-05-16 11:00,-61.15,-59.41,-45.75,-40.53973,-44.8056
2020-05-16 12:00,-61.24,-59.5,-45.99,-40.53973,-44.8056
2020-05-16 13:00,-61.13,-59.61,-45.81,-40.84454,-45.1104
2020-05-16 14:00,-61.14,-59.44,-45.89,-40.84454,-45.1104
2020-05-16 15:00,-61.05,-59.49,-45.85,-40.84454,-45.1104
2020-05-16 16:00,-61.17,-59.36,-45.99,-40.84454,-45.1104
2020-05-16 17:00,-60.92,-59.59,-45.81,-41.14935,-45.1104
2020-05-16 18:00,-60.86,-59.28,-45.7,-41.14935,-45.1104
2020-05-16 19:00,-60.73,-59.21,-45.53,-41.14935,-45.1104
2020-05-16 20:00,-60.67,-59.12,-45.55,-41.14935,-45.4152
2020-05-16 21:00,-60.76,-59.06,-45.65,-41.14935,-45.4152
2020-05-16 22:00,-60.61,-59.11,-45.59,-41.14935,-45.4152
2020-05-16 23:00,-60.56,-58.93,-45.47,-41.14935,-45.4152
2020-05-17 00:00,-60.57,-58.87,-45.51,-41.14935,-45.4152
2020-05-17 01:00,-60.6,-58.92,-45.6,-41.14935,-45.4152
2020-05-17 02:00,-60.71,-58.98,-45.63,-41.14935,-45.4152
2020-05-17 03:00,-60.8,-59.01,-45.76,-41.14935,-45.4152
2020-05-17 04:00,-60.82,-59.12,-45.8,-41.14935,-45.4152
2020-05-17 05:00,-60.81,-59.16,-45.72,-41.14935,-45.4152
2020-05-17 06:00,-60.99,-59.13,-45.91,-41.14935,-45.4152
2020-05-17 07:00,-61.14,-59.33,-46.09,-41.14935,-45.4152
2020-05-17 08:00,-61,-59.51,-45.95,-41.14935,-45.4152
2020-05-17 09:00,-61.12,-59.36,-46.1,-41.14935,-45.4152
2020-05-17 10:00,-61.12,-59.46,-46.12,-41.14935,-45.72
2020-05-17 11:00,-61,-59.39,-46.09,-41.45416,-45.72
2020-05-17 12:00,-61.14,-59.32,-46.34,-41.45416,-45.72
2020-05-17 13:00,-61.14,-59.54,-46.31,-41.45416,-45.72
2020-05-17 14:00,-61.09,-59.43,-46.32,-41.45416,-45.72
2020-05-17 15:00,-61,-59.57,-46.24,-41.75897,-45.72
2020-05-17 16:00,-61.11,-59.43,-46.38,-41.75897,-45.72
2020-05-17 17:00,-60.85,-59.43,-46.19,-41.75897,-46.0248
2020-05-17 18:00,-61.01,-59.24,-46.33,-41.75897,-46.0248
2020-05-17 19:00,-60.73,-59.38,-46.04,-41.75897,-46.0248
2020-05-17 20:00,-60.72,-59.11,-46.03,-41.75897,-46.0248
2020-05-17 21:00,-60.73,-59.11,-46.02,-41.75897,-46.0248
2020-05-17 22:00,-60.78,-59.05,-46.1,-41.75897,-46.0248
2020-05-17 23:00,-60.84,-59.15,-46.18,-41.75897,-46.0248
2020-05-18 00:00,-60.98,-59.18,-46.31,-41.75897,-46.0248
2020-05-18 01:00,-61,-59.31,-46.29,-41.75897,-46.0248
2020-05-18 02:00,-61.01,-59.31,-46.3,-41.45416,-46.0248
2020-05-18 03:00,-60.96,-59.37,-46.27,-41.14935,-46.0248
2020-05-18 04:00,-60.95,-59.32,-46.24,-40.84454,-46.0248
2020-05-18 05:00,-61.11,-59.29,-46.28,-40.53973,-46.0248
2020-05-18 06:00,-60.97,-59.48,-45.99,-39.6253,-46.0248
2020-05-18 07:00,-60.54,-59.34,-39.31,-33.22429,-45.72
2020-05-18 08:00,-56.72,-58.48,-24.47,-26.82328,-42.9768
2020-05-18 09:00,-44.38,-56.13,-13.61,-20.11746,-36.576
2020-05-18 10:00,-42.68,-51.25,-12.69,-19.81265,-34.1376
2020-05-18 11:00,-42.48,-46.28,-12.63,-20.42227,-32.9184
2020-05-18 12:00,-42.23,-43.88,-12.88,-20.72708,-32.6136
2020-05-18 13:00,-41.98,-42.82,-13.04,-21.03189,-32.3088
2020-05-18 14:00,-41.88,-42.1,-13.24,-21.64151,-32.004
2020-05-18 15:00,-42.07,-41.63,-13.7,-21.94632,-31.6992
2020-05-18 16:00,-41.78,-41.6,-13.73,-22.25113,-31.6992
2020-05-18 17:00,-42.17,-41.04,-14.12,-22.25113,-31.6992
2020-05-18 18:00,-42.04,-41.25,-14.06,-22.55594,-31.6992
2020-05-18 19:00,-42.25,-41.01,-14.44,-22.86075,-31.3944
2020-05-18 20:00,-42.29,-41.13,-14.6,-22.86075,-31.3944
2020-05-18 21:00,-42.53,-41.05,-14.77,-23.16556,-31.3944
2020-05-18 22:00,-42.56,-41.22,-14.89,-23.47037,-31.3944
2020-05-18 23:00,-42.38,-41.22,-14.98,-23.47037,-31.3944
2020-05-19 00:00,-42.77,-40.97,-15.17,-23.47037,-31.3944
2020-05-19 01:00,-42.71,-41.36,-15.29,-23.77518,-31.3944
2020-05-19 02:00,-42.94,-41.25,-15.51,-23.77518,-31.3944
2020-05-19 03:00,-43.03,-41.44,-15.58,-24.07999,-31.3944
2020-05-19 04:00,-43.02,-41.51,-15.8,-24.07999,-31.3944
2020-05-19 05:00,-43.66,-41.44,-16.28,-24.07999,-31.3944
2020-05-19 06:00,-43.62,-42.1,-16.31,-24.3848,-31.3944
2020-05-19 07:00,-43.45,-42,-16.3,-24.3848,-31.3944
2020-05-19 08:00,-43.52,-41.85,-16.3,-24.3848,-31.3944
2020-05-19 09:00,-43.96,-41.87,-16.75,-24.68961,-31.3944
2020-05-19 10:00,-43.71,-42.25,-16.62,-24.68961,-31.3944
2020-05-19 11:00,-43.82,-42.08,-16.68,-24.68961,-31.6992
2020-05-19 12:00,-43.95,-42.19,-16.58,-24.3848,-31.6992
2020-05-19 13:00,-43.91,-42.29,-16.21,-23.77518,-31.3944
2020-05-19 14:00,-43.83,-42.31,-15.9,-23.47037,-31.3944
2020-05-19 15:00,-43.95,-42.25,-15.75,-23.47037,-31.3944
2020-05-19 16:00,-44.16,-42.32,-15.4,-22.86075,-31.3944
2020-05-19 17:00,-44.09,-42.63,-14.61,-22.55594,-31.0896
2020-05-19 18:00,-43.68,-42.56,-13.3,-21.3367,-30.7848
2020-05-19 19:00,-43.5,-42.45,-13,-20.72708,-30.48
2020-05-19 20:00,-43.2,-42.65,-12.81,-21.03189,-29.8704
2020-05-19 21:00,-43.02,-42.42,-13.1,-21.3367,-29.5656
2020-05-19 22:00,-43.02,-42.22,-13.23,-21.64151,-29.5656
2020-05-19 23:00,-42.78,-42.14,-13.32,-21.64151,-29.5656
2020-05-20 00:00,-42.85,-41.9,-13.61,-21.94632,-29.2608
2020-05-20 01:00,-42.93,-41.83,-13.75,-22.25113,-29.2608
2020-05-20 02:00,-42.97,-41.79,-13.89,-22.25113,-29.2608
2020-05-20 03:00,-43.04,-41.76,-13.94,-22.25113,-29.2608
2020-05-20 04:00,-43.1,-41.74,-14.06,-22.25113,-29.2608
2020-05-20 05:00,-43.18,-41.73,-14.13,-22.55594,-29.2608
2020-05-20 06:00,-43.18,-41.76,-14.12,-22.55594,-29.2608
2020-05-20 07:00,-43.36,-41.63,-14.27,-22.55594,-29.2608
2020-05-20 08:00,-43.47,-41.86,-14.43,-22.55594,-29.2608
2020-05-20 09:00,-43.56,-41.89,-14.48,-22.86075,-29.2608
2020-05-20 10:00,-43.71,-41.91,-14.72,-22.86075,-29.2608
2020-05-20 11:00,-43.8,-42.01,-14.85,-22.86075,-29.2608
2020-05-20 12:00,-43.86,-42.15,-14.77,-22.86075,-29.2608
2020-05-20 13:00,-43.67,-42.17,-14.66,-22.86075,-29.2608
2020-05-20 14:00,-43.87,-41.93,-14.97,-23.16556,-29.2608
2020-05-20 15:00,-43.9,-42.2,-14.97,-23.16556,-29.2608
2020-05-20 16:00,-43.94,-42.18,-15.09,-23.16556,-29.2608
2020-05-20 17:00,-43.76,-42.36,-14.86,-23.16556,-29.2608
2020-05-20 18:00,-44,-42.38,-14.18,-22.55594,-29.2608
2020-05-20 19:00,-44.09,-42.67,-14.21,-22.55594,-29.2608
2020-05-20 20:00,-44.05,-42.73,-14.29,-22.55594,-29.2608
2020-05-20 21:00,-43.71,-42.68,-14.21,-22.86075,-29.2608
2020-05-20 22:00,-43.86,-42.41,-14.43,-22.86075,-29.2608
2020-05-20 23:00,-43.78,-42.51,-14.61,-22.86075,-29.2608
2020-05-21 00:00,-44.09,-42.38,-15.01,-23.16556,-29.2608
2020-05-21 01:00,-43.99,-42.74,-15.01,-23.16556,-29.2608
2020-05-21 02:00,-43.76,-42.63,-14.9,-23.16556,-29.2608
2020-05-21 03:00,-44.13,-42.33,-15.19,-23.47037,-29.2608
2020-05-21 04:00,-44.05,-42.68,-15.32,-23.47037,-29.2608
2020-05-21 05:00,-44.05,-42.61,-15.34,-23.47037,-29.2608
2020-05-21 06:00,-44.31,-42.62,-15.65,-23.47037,-29.2608
2020-05-21 07:00,-44.45,-42.93,-15.79,-23.77518,-29.2608
2020-05-21 08:00,-44.55,-43.09,-16.01,-23.77518,-29.2608
2020-05-21 09:00,-44.71,-43.24,-16.28,-23.77518,-29.5656
2020-05-21 10:00,-44.7,-43.4,-16.25,-23.77518,-29.5656
2020-05-21 11:00,-43.55,-43.34,-13.21,-21.03189,-29.2608
2020-05-21 12:00,-42.39,-43.04,-11.83,-20.11746,-28.956
2020-05-21 13:00,-41.81,-42.49,-11.52,-20.11746,-28.3464
2020-05-21 14:00,-41.42,-41.29,-10.91,-19.20303,-27.7368
2020-05-21 15:00,-40.72,-40.47,-9.91,-18.89822,-27.432
2020-05-21 16:00,-40,-39.52,-9.2,-18.2886,-26.8224
2020-05-21 17:00,-38.81,-38.91,-8.56,-17.37417,-24.6888
2020-05-21 18:00,-38.33,-37.79,-8.4,-17.06936,-23.7744
2020-05-21 19:00,-37.9,-37.35,-7.98,-17.06936,-23.4696
2020-05-21 20:00,-37.71,-36.96,-8.31,-17.67898,-23.1648
2020-05-21 21:00,-37.57,-36.46,-8.66,-17.98379,-23.1648
2020-05-21 22:00,-37.52,-36.3,-8.96,-18.2886,-23.1648
2020-05-21 23:00,-37.49,-36.25,-9.02,-18.2886,-23.1648
2020-05-22 00:00,-37.53,-36.21,-9.17,-18.2886,-23.1648
2020-05-22 01:00,-37.75,-36.14,-9.31,-18.2886,-22.86
2020-05-22 02:00,-37.71,-36.26,-9.53,-18.59341,-22.5552
2020-05-22 03:00,-38,-36.2,-9.73,-18.59341,-22.5552
2020-05-22 04:00,-38.07,-36.39,-9.36,-18.59341,-22.5552
2020-05-22 05:00,-38.34,-36.44,-8.25,-16.76455,-22.2504
2020-05-22 06:00,-37.88,-36.57,-7.83,-16.76455,-21.6408
2020-05-22 07:00,-37.75,-36.01,-8.12,-17.37417,-21.336
2020-05-22 08:00,-37.76,-35.85,-8.53,-17.67898,-21.0312
2020-05-22 09:00,-37.78,-35.87,-8.89,-17.98379,-21.0312
2020-05-22 10:00,-37.81,-35.88,-9.08,-17.98379,-21.0312
2020-05-22 11:00,-38.09,-35.89,-9.6,-18.2886,-21.336
2020-05-22 12:00,-38.02,-36.25,-9.76,-18.59341,-21.336
2020-05-22 13:00,-38.26,-36.17,-10.09,-18.89822,-21.336
2020-05-22 14:00,-38.27,-36.51,-10.24,-18.89822,-21.6408
2020-05-22 15:00,-38.33,-36.49,-10.35,-19.20303,-21.6408
2020-05-22 16:00,-38.62,-36.51,-10.69,-19.50784,-21.6408
2020-05-22 17:00,-38.59,-36.8,-10.65,-19.50784,-21.6408
2020-05-22 18:00,-38.6,-36.82,-10.65,-19.50784,-21.9456
2020-05-22 19:00,-38.67,-36.81,-10.8,-19.81265,-21.9456
2020-05-22 20:00,-38.79,-36.85,-10.91,-19.81265,-21.9456
2020-05-22 21:00,-38.75,-37.02,-11.01,-19.81265,-22.2504
2020-05-22 22:00,-38.76,-37,-11.24,-19.81265,-22.2504
2020-05-22 23:00,-38.85,-37.16,-11.18,-19.81265,-22.2504
2020-05-23 00:00,-39.32,-36.97,-11.36,-20.11746,-22.2504
2020-05-23 01:00,-39.1,-37.48,-11.18,-20.11746,-22.5552
2020-05-23 02:00,-39.43,-37.29,-11.62,-20.11746,-22.5552
2020-05-23 03:00,-39.61,-37.66,-11.68,-20.11746,-22.5552
2020-05-23 04:00,-39.82,-37.86,-11.89,-20.11746,-22.5552
2020-05-23 05:00,-39.62,-38.02,-11.79,-20.42227,-22.5552
2020-05-23 06:00,-39.94,-37.86,-12.04,-20.42227,-22.86
2020-05-23 07:00,-40.29,-38.16,-12.47,-20.42227,-22.86
2020-05-23 08:00,-40.47,-38.5,-12.57,-20.42227,-22.86
2020-05-23 09:00,-40.47,-38.7,-12.68,-20.42227,-22.86
2020-05-23 10:00,-40.8,-38.69,-12.95,-20.72708,-23.1648
2020-05-23 11:00,-40.82,-39.05,-13.08,-20.72708,-23.1648
2020-05-23 12:00,-40.89,-39.03,-13.24,-21.03189,-23.1648
2020-05-23 13:00,-41.05,-39.16,-13.54,-21.03189,-23.4696
2020-05-23 14:00,-41.04,-39.32,-13.49,-21.3367,-23.4696
2020-05-23 15:00,-41.17,-39.36,-13.83,-21.64151,-23.4696
2020-05-23 16:00,-41.35,-39.53,-13.96,-21.64151,-23.7744
2020-05-23 17:00,-41.47,-39.7,-14.26,-21.64151,-23.7744
2020-05-23 18:00,-41.27,-39.84,-14.01,-21.64151,-23.7744
2020-05-23 19:00,-41.25,-39.67,-14.05,-21.94632,-24.0792
2020-05-23 20:00,-41.33,-39.68,-14.05,-21.94632,-24.0792
2020-05-23 21:00,-41.27,-39.78,-14.01,-21.94632,-24.0792
2020-05-23 22:00,-41.28,-39.72,-14.13,-21.94632,-24.0792
2020-05-23 23:00,-41.4,-39.74,-14.16,-21.94632,-24.0792
2020-05-24 00:00,-41.63,-39.88,-14.47,-21.94632,-24.384
2020-05-24 01:00,-41.56,-40.03,-14.49,-21.94632,-24.384
2020-05-24 02:00,-41.69,-40.08,-14.57,-21.94632,-24.384
2020-05-24 03:00,-41.77,-40.2,-14.56,-21.94632,-24.384
2020-05-24 04:00,-42.08,-40.14,-14.92,-22.25113,-24.384
2020-05-24 05:00,-42.19,-40.49,-14.94,-22.25113,-24.6888
2020-05-24 06:00,-42.38,-40.62,-15.11,-22.25113,-24.6888
2020-05-24 07:00,-42.46,-40.78,-15.35,-22.25113,-24.6888
2020-05-24 08:00,-42.49,-40.8,-15.3,-22.25113,-24.6888
2020-05-24 09:00,-42.53,-40.92,-15.36,-22.25113,-24.6888
2020-05-24 10:00,-42.52,-40.92,-15.5,-22.55594,-24.9936
2020-05-24 11:00,-42.61,-40.95,-15.72,-22.55594,-24.9936
2020-05-24 12:00,-42.71,-41.04,-15.83,-22.86075,-24.9936
2020-05-24 13:00,-42.82,-41.11,-16.08,-22.86075,-25.2984
2020-05-24 14:00,-42.89,-41.29,-16.17,-22.86075,-25.2984
2020-05-24 15:00,-42.73,-41.28,-16.26,-23.16556,-25.2984
2020-05-24 16:00,-42.84,-41.24,-16.42,-23.16556,-25.2984
2020-05-24 17:00,-42.86,-41.22,-16.45,-23.16556,-25.6032
2020-05-24 18:00,-43.02,-41.38,-16.63,-23.16556,-25.6032
2020-05-24 19:00,-43,-41.46,-16.64,-23.47037,-25.6032
2020-05-24 20:00,-43.17,-41.45,-16.78,-23.47037,-25.6032
2020-05-24 21:00,-43.25,-41.55,-16.81,-23.47037,-25.6032
2020-05-24 22:00,-43.36,-41.61,-16.97,-23.47037,-25.908
2020-05-24 23:00,-43.36,-41.69,-17.03,-23.47037,-25.908
2020-05-25 00:00,-43.42,-41.72,-17.13,-23.47037,-25.908
2020-05-25 01:00,-43.55,-41.76,-17.24,-23.47037,-25.908
2020-05-25 02:00,-43.57,-41.97,-17.24,-23.47037,-25.908
2020-05-25 03:00,-43.68,-42,-17.36,-23.47037,-25.908
2020-05-25 04:00,-43.79,-42.07,-17.56,-23.47037,-26.2128
2020-05-25 05:00,-43.95,-42.28,-17.71,-23.47037,-26.2128
2020-05-25 06:00,-43.94,-42.49,-17.63,-23.47037,-26.2128
2020-05-25 07:00,-44.07,-42.51,-17.84,-23.77518,-26.2128
2020-05-25 08:00,-44.13,-42.65,-17.94,-23.77518,-26.2128
2020-05-25 09:00,-44.22,-42.73,-18.05,-23.77518,-26.5176
2020-05-25 10:00,-44.55,-42.82,-18.23,-23.77518,-26.5176
2020-05-25 11:00,-44.39,-43.12,-18.2,-23.77518,-26.5176
2020-05-25 12:00,-44.54,-42.88,-18.44,-24.07999,-26.5176
2020-05-25 13:00,-44.5,-43.06,-18.45,-24.07999,-26.5176
2020-05-25 14:00,-44.6,-43.05,-18.69,-24.07999,-26.8224
2020-05-25 15:00,-44.7,-43.15,-18.83,-24.3848,-26.8224
2020-05-25 16:00,-44.56,-43.19,-18.85,-24.3848,-26.8224
2020-05-25 17:00,-44.57,-43.14,-18.96,-24.3848,-26.8224
2020-05-25 18:00,-44.68,-43.13,-18.99,-24.3848,-27.1272
2020-05-25 19:00,-44.71,-43.27,-19.01,-24.68961,-27.1272
2020-05-25 20:00,-44.63,-43.27,-19.02,-24.68961,-27.1272
2020-05-25 21:00,-44.82,-43.19,-19.27,-24.68961,-27.1272
2020-05-25 22:00,-44.85,-43.32,-19.25,-24.68961,-27.1272
2020-05-25 23:00,-44.88,-43.32,-19.34,-24.68961,-27.1272
2020-05-26 00:00,-44.9,-43.41,-19.39,-24.68961,-27.432
2020-05-26 01:00,-44.95,-43.41,-19.45,-24.68961,-27.432
2020-05-26 02:00,-45.12,-43.5,-19.56,-24.68961,-27.432
2020-05-26 03:00,-45.13,-43.62,-19.68,-24.68961,-27.432
2020-05-26 04:00,-45.04,-43.64,-19.63,-24.68961,-27.432
2020-05-26 05:00,-45.3,-43.57,-19.77,-24.68961,-27.432
2020-05-26 06:00,-45.27,-43.78,-19.82,-24.68961,-27.7368
2020-05-26 07:00,-45.34,-43.79,-19.89,-24.68961,-27.7368
2020-05-26 08:00,-45.64,-43.85,-20.15,-24.99442,-27.7368
2020-05-26 09:00,-45.61,-44.13,-20.21,-24.99442,-27.7368
2020-05-26 10:00,-45.89,-44.12,-20.5,-24.99442,-27.7368
2020-05-26 11:00,-45.84,-44.32,-20.51,-24.99442,-27.7368
2020-05-26 12:00,-45.91,-44.33,-20.7,-24.99442,-27.7368
2020-05-26 13:00,-45.7,-44.41,-20.56,-25.29923,-28.0416
2020-05-26 14:00,-45.84,-44.26,-20.7,-25.29923,-28.0416
2020-05-26 15:00,-46.08,-44.37,-21.04,-25.29923,-28.0416
2020-05-26 16:00,-45.86,-44.63,-20.81,-25.60404,-28.0416
2020-05-26 17:00,-45.81,-44.35,-20.95,-25.60404,-28.3464
2020-05-26 18:00,-45.95,-44.39,-21.07,-25.60404,-28.3464
2020-05-26 19:00,-45.87,-44.54,-21.11,-25.60404,-28.3464
2020-05-26 20:00,-45.92,-44.46,-21.14,-25.60404,-28.3464
2020-05-26 21:00,-45.91,-44.56,-21.14,-25.60404,-28.3464
2020-05-26 22:00,-45.99,-44.55,-21.26,-25.60404,-28.3464
2020-05-26 23:00,-46.05,-44.62,-21.31,-25.60404,-28.3464
2020-05-27 00:00,-46.05,-44.7,-21.39,-25.60404,-28.6512
2020-05-27 01:00,-46.34,-44.74,-21.61,-25.60404,-28.6512
2020-05-27 02:00,-46.19,-44.95,-21.49,-25.90885,-28.6512
2020-05-27 03:00,-46.09,-44.86,-21.57,-25.90885,-28.6512
2020-05-27 04:00,-46.41,-44.87,-21.83,-25.90885,-28.6512
2020-05-27 05:00,-46.45,-45.13,-21.82,-25.90885,-28.6512
2020-05-27 06:00,-46.36,-45.14,-21.78,-25.90885,-28.6512
2020-05-27 07:00,-46.66,-45.02,-22.05,-25.90885,-28.956
2020-05-27 08:00,-47.02,-45.39,-22.52,-25.90885,-28.956
2020-05-27 09:00,-46.95,-45.72,-22.49,-25.90885,-28.956
2020-05-27 10:00,-47.08,-45.73,-22.67,-26.21366,-28.956
2020-05-27 11:00,-47.05,-45.83,-22.84,-26.21366,-28.956
2020-05-27 12:00,-47.08,-45.88,-22.93,-26.21366,-28.956
2020-05-27 13:00,-47.02,-45.89,-23.15,-26.51847,-29.2608
2020-05-27 14:00,-47.12,-45.88,-23.24,-26.51847,-29.2608
2020-05-27 15:00,-47.2,-45.82,-23.35,-26.82328,-29.2608
2020-05-27 16:00,-47.12,-45.95,-23.48,-26.82328,-29.2608
2020-05-27 17:00,-47.13,-45.97,-23.24,-26.21366,-28.956
2020-05-27 18:00,-47.28,-45.94,-23.3,-26.21366,-28.6512
2020-05-27 19:00,-47.09,-46.12,-23.2,-26.21366,-28.6512
2020-05-27 20:00,-47.22,-45.92,-23.32,-26.21366,-28.6512
2020-05-27 21:00,-47.34,-46.09,-23.32,-26.21366,-28.6512
2020-05-27 22:00,-47.21,-46.17,-23.33,-26.21366,-28.6512
2020-05-27 23:00,-47.4,-46.02,-23.47,-26.21366,-28.6512
2020-05-28 00:00,-47.25,-46.27,-22.5,-25.60404,-28.6512
2020-05-28 01:00,-47.27,-46.14,-22.06,-24.99442,-28.6512
2020-05-28 02:00,-47.46,-46.17,-21.98,-24.68961,-28.6512
2020-05-28 03:00,-47.65,-46.38,-22.06,-24.99442,-28.3464
2020-05-28 04:00,-47.45,-46.57,-20.97,-24.3848,-27.7368
2020-05-28 05:00,-47.41,-46.52,-20.73,-24.3848,-27.432
2020-05-28 06:00,-47.28,-46.53,-19.86,-23.47037,-27.432
2020-05-28 07:00,-47.05,-46.33,-18.91,-22.86075,-26.5176
2020-05-28 08:00,-47.11,-46.46,-17.71,-21.3367,-25.908
2020-05-28 09:00,-46.89,-46.71,-17.36,-21.03189,-21.336
2020-05-28 10:00,-46.92,-46.6,-17.27,-21.03189,-20.4216
2020-05-28 11:00,-46.56,-46.7,-17,-21.3367,-20.1168
2020-05-28 12:00,-46.48,-46.37,-17.17,-21.64151,-19.812
2020-05-28 13:00,-46.37,-46.23,-17.44,-21.94632,-20.1168
2020-05-28 14:00,-46.46,-46.03,-17.69,-22.25113,-19.812
2020-05-28 15:00,-45.93,-45.99,-17.47,-22.55594,-20.1168
2020-05-28 16:00,-45.78,-45.47,-17.55,-22.55594,-20.1168
2020-05-28 17:00,-46.09,-45.16,-17.91,-22.86075,-20.1168
2020-05-28 18:00,-46.02,-45.37,-17.88,-22.86075,-20.4216
2020-05-28 19:00,-46.08,-45.1,-18.12,-22.86075,-20.4216
2020-05-28 20:00,-46.07,-45.16,-18.24,-23.16556,-20.4216
2020-05-28 21:00,-46.05,-45.12,-18.34,-23.16556,-20.4216
2020-05-28 22:00,-46.15,-45.04,-18.43,-23.16556,-20.7264
2020-05-28 23:00,-46.21,-45.09,-18.55,-23.16556,-20.7264
2020-05-29 00:00,-46.1,-45.14,-18.53,-23.16556,-20.7264
2020-05-29 01:00,-46.29,-44.95,-18.67,-23.47037,-21.0312
2020-05-29 02:00,-46.28,-45.09,-18.79,-23.47037,-21.0312
2020-05-29 03:00,-46.3,-45.02,-18.76,-23.47037,-21.0312
2020-05-29 04:00,-46.27,-45.05,-18.9,-23.47037,-21.0312
2020-05-29 05:00,-46.32,-45.01,-18.97,-23.47037,-21.336
2020-05-29 06:00,-46.61,-44.98,-17.12,-23.47037,-19.2024
2020-05-29 07:00,-46.71,-45.22,-17.19,-23.47037,-18.5928
2020-05-29 08:00,-46.05,-45.29,-10.69,-17.06936,-14.9352
2020-05-29 09:00,-45.67,-44.99,-10.8,-17.67898,-14.3256
2020-05-29 10:00,-45.06,-44.73,-10.79,-18.2886,-14.3256
2020-05-29 11:00,-45.2,-43.84,-11.45,-18.59341,-14.3256
2020-05-29 12:00,-45.06,-43.58,-11.36,-18.5928,-14.6304
2020-05-29 13:00,-44.69,-43.16,-10.45,-18.8976,-14.6304
2020-05-29 14:00,-38.38,-42.52,-1.42,-19.2024,-10.668
2020-05-29 15:00,-37.72,-32.07,-2.29,-11.8872,-10.668
2020-05-29 16:00,-37.32,-31.57,-2.63,-13.1064,-10.668
2020-05-29 17:00,-36.97,-31.33,-2.81,-13.716,-10.9728
2020-05-29 18:00,-36.72,-30.94,-2.89,-14.0208,-11.2776
2020-05-29 19:00,-36.81,-30.76,-2.93,-14.3256,-11.2776
2020-05-29 20:00,-36.94,-30.85,-3.14,-14.3256,-11.5824
2020-05-29 21:00,-37.11,-30.98,-3.47,-14.6304,-11.5824
2020-05-29 22:00,-37.05,-31.27,-3.55,-14.9352,-11.8872
2020-05-29 23:00,-37.16,-31.18,-3.71,-14.9352,-11.8872
2020-05-30 00:00,-37.19,-31.34,-3.85,-15.24,-12.192
2020-05-30 01:00,-37.55,-31.42,-4.03,-15.24,-12.192
2020-05-30 02:00,-37.58,-31.85,-4.22,-15.5448,-12.4968
2020-05-30 03:00,-37.71,-31.81,-4.5,-15.5448,-12.8016
2020-05-30 04:00,-38.12,-31.93,-4.83,-15.5448,-12.8016
2020-05-30 05:00,-38.01,-32.43,-4.79,-15.8496,-13.1064
2020-05-30 06:00,-38.35,-32.24,-5.09,-15.8496,-13.1064
2020-05-30 07:00,-38.14,-32.63,-4.98,-15.8496,-13.4112
2020-05-30 08:00,-38.6,-32.57,-5.52,-15.8496,-13.4112
2020-05-30 09:00,-38.62,-33,-5.57,-15.8496,-13.716
2020-05-30 10:00,-38.76,-33.08,-5.78,-16.1544,-13.716
2020-05-30 11:00,-39.07,-33.21,-6.19,-16.1544,-14.0208
2020-05-30 12:00,-38.98,-33.61,-6.34,-16.4592,-14.0208
2020-05-30 13:00,-39.44,-33.6,-6.7,-16.4592,-14.3256
2020-05-30 14:00,-39.33,-34.02,-6.78,-16.764,-14.6304
2020-05-30 15:00,-39.49,-34.08,-6.99,-16.764,-14.6304
2020-05-30 16:00,-39.41,-34.25,-6.97,-17.0688,-14.9352
2020-05-30 17:00,-39.68,-34.24,-7.09,-17.0688,-14.9352
2020-05-30 18:00,-39.84,-34.52,-7.24,-17.0688,-15.24
2020-05-30 19:00,-39.68,-34.67,-7.19,-17.0688,-15.24
2020-05-30 20:00,-39.67,-34.51,-6.7,-17.0688,-15.5448
2020-05-30 21:00,-39.91,-34.3,-7.18,-17.0688,-15.5448
2020-05-30 22:00,-39.73,-34.85,-6.77,-16.4592,-15.8496
2020-05-30 23:00,-39.68,-34.67,-7.06,-16.4592,-15.8496
2020-05-31 00:00,-39.77,-34.67,-7.12,-16.764,-15.8496
2020-05-31 01:00,-40.11,-34.77,-7.42,-16.764,-16.1544
2020-05-31 02:00,-40.08,-35.13,-7.32,-16.764,-16.1544
2020-05-31 03:00,-40.33,-35.07,-7.58,-17.0688,-16.4592
2020-05-31 04:00,-40.48,-35.36,-7.6,-17.0688,-16.4592
2020-05-31 05:00,-40.54,-35.44,-7.7,-17.0688,-16.764
2020-05-31 06:00,-40.46,-35.49,-7.69,-17.0688,-16.764
2020-05-31 07:00,-40.83,-35.45,-8.02,-17.0688,-16.764
2020-05-31 08:00,-40.89,-35.79,-8.18,-17.3736,-17.0688
2020-05-31 09:00,-40.96,-35.92,-8.25,-17.3736,-17.0688
2020-05-31 10:00,-41.28,-36.04,-8.81,-17.3736,-17.3736
2020-05-31 11:00,-41.12,-36.22,-8.72,-17.6784,-17.3736
2020-05-31 12:00,-41.37,-36.3,-8.94,-17.6784,-17.6784
2020-05-31 13:00,-41.52,-36.47,-9.36,-17.9832,-17.6784
2020-05-31 14:00,-41.41,-36.72,-9.29,-17.9832,-17.9832
2020-05-31 15:00,-41.5,-36.66,-9.58,-18.288,-17.9832
2020-05-31 16:00,-41.66,-36.92,-9.61,-18.288,-17.9832
2020-05-31 17:00,-41.63,-37.1,-9.79,-18.5928,-18.288
2020-05-31 18:00,-41.79,-37,-9.73,-18.5928,-18.288
2020-05-31 19:00,-41.81,-37.13,-9.95,-18.5928,-18.5928
2020-05-31 20:00,-41.99,-37.09,-10.12,-18.5928,-18.5928
2020-05-31 21:00,-42.11,-37.37,-10.25,-18.5928,-18.8976
2020-05-31 22:00,-42.25,-37.4,-10.49,-18.5928,-18.8976
2020-05-31 23:00,-42.14,-37.6,-10.42,-18.5928,-18.8976
2020-06-01 00:00,-42.42,-37.6,-10.58,-18.5928,-19.2024
2020-06-01 01:00,-42.54,-37.84,-10.84,-18.8976,-19.2024
2020-06-01 02:00,-42.66,-38.03,-10.96,-18.8976,-19.2024
2020-06-01 03:00,-42.79,-38.12,-11.14,-18.8976,-19.5072
2020-06-01 04:00,-42.9,-38.33,-10.99,-18.8976,-19.5072
2020-06-01 05:00,-43.02,-38.3,-11.16,-18.8976,-19.5072
2020-06-01 06:00,-43.14,-38.42,-11.3,-18.8976,-19.5072
2020-06-01 07:00,-43.2,-38.54,-11.34,-18.8976,-19.812
2020-06-01 08:00,-43.3,-38.66,-11.55,-18.8976,-19.812
2020-06-01 09:00,-43.18,-38.74,-11.49,-19.2024,-19.812
2020-06-01 10:00,-43.21,-38.55,-11.56,-19.2024,-20.1168
2020-06-01 11:00,-43.06,-38.64,-11.49,-19.2024,-20.1168
2020-06-01 12:00,-43.3,-38.58,-11.88,-19.5072,-20.4216
2020-06-01 13:00,-43.35,-38.78,-12.14,-19.5072,-20.4216
2020-06-01 14:00,-43.37,-39.02,-12.28,-19.812,-20.4216
2020-06-01 15:00,,,-12.4,-19.812,-20.7264
2020-06-01 16:00,,,-12.67,-20.1168,-20.7264
2020-06-01 17:00,-43.51,-39.32,-12.66,-20.1168,-21.0312
2020-06-01 18:00,-43.54,-39.3,-12.67,-20.1168,-21.0312
2020-06-01 19:00,-43.65,-39.33,-12.72,-20.4216,-21.0312
2020-06-01 20:00,-43.79,-39.51,-12.84,-20.4216,-21.336
2020-06-01 21:00,-44.22,-39.63,-13.27,-20.4216,-21.336
2020-06-01 22:00,-44.13,-40.05,-13.26,-20.4216,-21.336
2020-06-01 23:00,-44.01,-39.99,-13.29,-20.4216,-21.336
2020-06-02 00:00,-44.09,-40.01,-13.38,-20.4216,-21.6408
2020-06-02 01:00,-44.08,-40.12,-13.44,-20.4216,-21.6408
2020-06-02 02:00,-44.18,-40.14,-13.55,-20.4216,-21.6408
2020-06-02 03:00,-44.25,-40.3,-13.6,-20.4216,-21.6408
2020-06-02 04:00,-44.38,-40.33,-13.76,-20.4216,-21.9456
2020-06-02 05:00,-44.53,-40.48,-13.87,-20.4216,-21.9456
2020-06-02 06:00,-44.52,-40.67,-14,-20.4216,-21.9456
2020-06-02 07:00,-44.81,-40.63,-14.18,-20.7264,-21.9456
2020-06-02 08:00,-44.9,-40.91,-14.33,-20.7264,-21.9456
2020-06-02 09:00,,,-14.6,-20.7264,-22.2504
2020-06-02 10:00,-44.94,-41.19,-14.61,-20.7264,-22.2504
2020-06-02 11:00,-44.84,-41.19,-14.6,-21.0312,-22.5552
2020-06-02 12:00,-45,-41.12,-14.81,-21.0312,-22.5552
2020-06-02 13:00,-45.13,-41.3,-15.08,-21.336,-22.5552
2020-06-02 14:00,-45.05,-41.42,-15.24,-21.336,-22.5552
2020-06-02 15:00,-44.93,-41.42,-15.11,-21.6408,-22.86
2020-06-02 16:00,-45.06,-41.3,-15.22,-21.6408,-22.86
2020-06-02 17:00,-45.13,-41.43,-15.36,-21.6408,-22.86
2020-06-02 18:00,-45.43,-41.54,-15.64,-21.9456,-23.1648
2020-06-02 19:00,-45.4,-41.77,-15.49,-21.9456,-23.1648
2020-06-02 20:00,-45.29,-41.73,-15.4,-21.9456,-23.1648
2020-06-02 21:00,-45.41,-41.62,-15.46,-21.9456,-23.4696
2020-06-02 22:00,-45.45,-41.73,-15.58,-21.9456,-23.4696
2020-06-02 23:00,-45.38,-41.84,-15.62,-21.9456,-23.4696
2020-06-03 00:00,-45.33,-41.86,-15.73,-21.9456,-23.4696
2020-06-03 01:00,-45.36,-41.8,-15.83,-21.9456,-23.4696
2020-06-03 02:00,-45.56,-42.03,-15.93,-21.9456,-23.7744
2020-06-03 03:00,-45.73,-42.18,-16.07,-21.9456,-23.7744
2020-06-03 04:00,-45.68,-42.32,-16.06,-21.9456,-23.7744
2020-06-03 05:00,-45.86,-42.21,-16.11,-21.9456,-23.7744
2020-06-03 06:00,-45.91,-42.38,-16.29,-22.2504,-23.7744
2020-06-03 07:00,-46.16,-42.43,-16.59,-22.2504,-24.0792
2020-06-03 08:00,-46.18,-42.79,-16.64,-22.2504,-24.0792
2020-06-03 09:00,-46.3,-42.77,-16.91,-22.5552,-24.0792
2020-06-03 10:00,-46.35,-43.03,-17.07,-22.5552,-24.0792
2020-06-03 11:00,-46.34,-43.05,-17.12,-22.5552,-24.384
2020-06-03 12:00,-46.29,-43.03,-17.53,-22.86,-24.384
2020-06-03 13:00,-46.64,-43.34,-17.9,-22.86,-24.384
2020-06-03 14:00,-46.48,-43.58,-17.81,-23.1648,-24.6888
2020-06-03 15:00,-46.61,-43.34,-17.95,-23.4696,-24.6888
2020-06-03 16:00,-46.81,-43.47,-18.46,-23.4696,-24.6888
2020-06-03 17:00,-46.86,-43.76,-18.42,-23.7744,-24.9936
2020-06-03 18:00,-46.7,-43.82,-18.32,-23.7744,-24.9936
2020-06-03 19:00,-46.59,-43.52,-18.25,-24.0792,-24.9936
2020-06-03 20:00,-46.74,-43.49,-18.35,-24.0792,-24.9936
2020-06-03 21:00,-46.71,-43.63,-18.35,-23.7744,-25.2984
2020-06-03 22:00,-46.62,-43.6,-18.41,-23.7744,-25.2984
2020-06-03 23:00,-46.75,-43.63,-18.51,-24.0792,-25.2984
2020-06-04 00:00,-46.86,-43.66,-18.69,-24.0792,-25.2984
2020-06-04 01:00,-46.82,-43.94,-18.73,-24.0792,-25.2984
2020-06-04 02:00,-46.53,-43.9,-18.62,-24.0792,-25.6032
2020-06-04 03:00,-46.75,-43.72,-18.64,-24.0792,-25.6032
2020-06-04 04:00,-46.92,-43.91,-18.88,-24.0792,-25.6032
2020-06-04 05:00,-47.08,-44.08,-18.91,-24.0792,-25.6032
2020-06-04 06:00,-47.26,-44.16,-19.16,-24.0792,-25.2984
2020-06-04 07:00,-47.58,-44.4,-19.35,-24.0792,-25.2984
2020-06-04 08:00,-47.5,-44.63,-19.49,-24.0792,-25.6032
2020-06-04 09:00,-47.4,-44.72,-19.67,-24.0792,-25.6032
2020-06-04 10:00,-47.6,-44.68,-19.91,-24.384,-25.6032
2020-06-04 11:00,-47.64,-44.83,-20.04,-24.384,-25.908
2020-06-04 12:00,-47.69,-44.91,-20.27,-24.6888,-25.908
2020-06-04 13:00,-47.8,-44.94,-20.53,-24.9936,-25.908
2020-06-04 14:00,-47.83,-45.13,-20.73,-24.9936,-26.2128
2020-06-04 15:00,-47.92,-45.09,-20.96,-25.2984,-26.2128
2020-06-04 16:00,-47.89,-45.22,-21,-25.6032,-26.2128
2020-06-04 17:00,-47.99,-45.24,-21.19,-25.6032,-26.2128
2020-06-04 18:00,-48.1,-45.42,-21.28,-25.6032,-26.5176
2020-06-04 19:00,-47.84,-45.43,-21.2,-25.908,-26.5176
2020-06-04 20:00,-47.9,-45.27,-21.21,-25.908,-26.5176
2020-06-04 21:00,-47.86,-45.26,-21.21,-25.908,-26.5176
2020-06-04 22:00,-48.02,-45.29,-21.41,-25.908,-26.5176
2020-06-04 23:00,-48.23,-45.54,-21.57,-25.908,-26.8224
2020-06-05 00:00,-48.11,-45.71,-21.58,-25.908,-26.8224
2020-06-05 01:00,-48,-45.65,-21.53,-25.908,-26.8224
2020-06-05 02:00,-48.14,-45.61,-21.7,-25.908,-26.8224
2020-06-05 03:00,-48.1,-45.76,-21.66,-25.908,-26.8224
2020-06-05 04:00,-48.06,-45.71,-21.71,-25.908,-26.8224
2020-06-05 05:00,-48.21,-45.67,-21.81,-25.908,-27.1272
2020-06-05 06:00,-48.22,-45.86,-21.91,-25.908,-27.1272
2020-06-05 07:00,-48.59,-45.92,-22.17,-25.908,-27.1272
2020-06-05 08:00,-48.49,-46.29,-22.13,-25.908,-27.1272
2020-06-05 09:00,-48.45,-46.17,-22.3,-25.908,-27.1272
2020-06-05 10:00,-48.49,-46.17,-22.59,-26.2128,-27.432
2020-06-05 11:00,-48.62,-46.33,-22.8,-26.2128,-27.432
2020-06-05 12:00,-48.59,-46.53,-22.88,-26.5176,-27.432
2020-06-05 13:00,-48.64,-46.43,-23.23,-26.5176,-27.432
2020-06-05 14:00,-48.74,-46.49,-23.46,-26.8224,-27.7368
2020-06-05 15:00,-48.69,-46.58,-23.54,-27.1272,-27.7368
2020-06-05 16:00,-48.78,-46.56,-23.67,-27.1272,-27.7368
2020-06-05 17:00,-48.96,-46.63,-23.9,-27.1272,-28.0416
2020-06-05 18:00,-48.89,-46.81,-23.89,-27.432,-28.0416
2020-06-05 19:00,-48.86,-46.66,-23.86,-27.432,-28.0416
2020-06-05 20:00,-48.96,-46.71,-23.82,-27.432,-28.0416
2020-06-05 21:00,-49.18,-46.85,-23.97,-27.432,-28.0416
2020-06-05 22:00,-48.98,-46.88,-23.98,-27.432,-28.0416
2020-06-05 23:00,-48.86,-46.76,-24.04,-27.432,-28.0416
2020-06-06 00:00,-48.77,-46.77,-23.96,-27.432,-28.3464
2020-06-06 01:00,-48.95,-46.77,-24.12,-27.432,-28.3464
2020-06-06 02:00,-49.06,-46.96,-24.19,-27.432,-28.3464
2020-06-06 03:00,-49.21,-47.09,-24.3,-27.432,-28.3464
2020-06-06 04:00,-49.19,-47.1,-24.33,-27.432,-28.3464
2020-06-06 05:00,-49.19,-47.12,-24.31,-27.432,-28.3464
2020-06-06 06:00,-49.41,-47.13,-24.49,-27.432,-28.3464
2020-06-06 07:00,-49.74,-47.3,-24.67,-27.432,-28.3464
2020-06-06 08:00,-49.71,-47.62,-24.86,-27.432,-28.6512
2020-06-06 09:00,-49.61,-47.64,-24.79,-27.432,-28.6512
2020-06-06 10:00,-49.73,-47.53,-25,-27.432,-28.6512
2020-06-06 11:00,-49.87,-47.72,-25.21,-27.7368,-28.6512
2020-06-06 12:00,-49.65,-47.88,-25.23,-27.7368,-28.6512
2020-06-06 13:00,-49.96,-47.73,-25.66,-27.7368,-28.956
2020-06-06 14:00,-49.99,-48.17,-25.62,-28.0416,-28.956
2020-06-06 15:00,-49.73,-47.98,-25.51,-28.0416,-28.956
2020-06-06 16:00,-49.92,-47.82,-25.68,-28.0416,-29.2608
2020-06-06 17:00,-50.2,-48,-25.95,-28.3464,-29.2608
2020-06-06 18:00,-50.21,-48.28,-26.19,-28.3464,-29.2608
2020-06-06 19:00,-49.99,-48.28,-26.02,-28.3464,-29.2608
2020-06-06 20:00,-49.96,-48.01,-25.96,-28.3464,-29.2608
2020-06-06 21:00,-50.04,-48.03,-25.92,-28.3464,-29.2608
2020-06-06 22:00,-50.1,-48.07,-26.03,-28.3464,-29.2608
2020-06-06 23:00,-50.03,-48.19,-26.08,-28.3464,-29.5656
2020-06-07 00:00,-49.98,-48.09,-26.25,-28.3464,-29.5656
2020-06-07 01:00,-50.15,-48.22,-26.22,-28.3464,-29.5656
2020-06-07 02:00,-50.09,-48.2,-26.2,-28.3464,-29.5656
2020-06-07 03:00,-50.01,-48.06,-26.27,-28.3464,-29.5656
2020-06-07 04:00,-50.09,-48.33,-26.33,-28.3464,-29.5656
2020-06-07 05:00,-50.09,-48.26,-26.28,-28.3464,-29.5656
2020-06-07 06:00,-50.51,-48.25,-26.71,-28.3464,-29.5656
2020-06-07 07:00,-50.57,-48.7,-26.65,-28.3464,-29.5656
2020-06-07 08:00,-50.61,-48.61,-26.67,-28.3464,-29.8704
2020-06-07 09:00,-50.49,-48.68,-26.76,-28.3464,-29.8704
2020-06-07 10:00,-50.76,-48.73,-27.09,-28.3464,-29.8704
2020-06-07 11:00,-50.53,-48.89,-26.87,-28.6512,-29.8704
2020-06-07 12:00,-50.64,-48.69,-27.29,-28.6512,-30.1752
2020-06-07 13:00,-50.7,-48.81,-27.41,-28.956,-30.1752
2020-06-07 14:00,-50.83,-48.76,-27.52,-29.2608,-30.1752
2020-06-07 15:00,-50.78,-48.81,-27.8,-29.2608,-30.1752
2020-06-07 16:00,-50.62,-48.86,-27.93,-29.5656,-30.48
2020-06-07 17:00,-50.63,-48.76,-28.07,-29.5656,-30.48
2020-06-07 18:00,-51.12,-48.78,-28.27,-29.8704,-30.48
2020-06-07 19:00,-51.23,-49.1,-28.5,-29.8704,-30.48
2020-06-07 20:00,-51.16,-49.18,-28.44,-29.8704,-30.7848
2020-06-07 21:00,-51.23,-49.2,-28.54,-29.8704,-30.7848
2020-06-07 22:00,-51.17,-49.1,-28.66,-29.8704,-30.7848
2020-06-07 23:00,-51.08,-49.19,-28.58,-29.8704,-30.7848
2020-06-08 00:00,-51.12,-49.14,-28.74,-29.8704,-30.7848
2020-06-08 01:00,-50.99,-49.21,-28.73,-29.8704,-30.7848
2020-06-08 02:00,-51.24,-49.14,-28.98,-29.8704,-30.7848
2020-06-08 03:00,-51.24,-49.48,-28.99,-29.8704,-30.7848
2020-06-08 04:00,-51.32,-49.46,-28.98,-29.8704,-31.0896
2020-06-08 05:00,-51.5,-49.42,-29.18,-29.8704,-31.0896
2020-06-08 06:00,-51.73,-49.67,-29.36,-29.8704,-31.0896
2020-06-08 07:00,-51.87,-49.83,-29.48,-29.8704,-31.0896
2020-06-08 08:00,-51.84,-49.96,-29.61,-29.8704,-31.0896
2020-06-08 09:00,-51.88,-49.97,-29.71,-29.8704,-31.0896
2020-06-08 10:00,-51.93,-50.04,-29.92,-30.1752,-31.0896
2020-06-08 11:00,-52.14,-50.13,-30.24,-30.48,-31.3944
2020-06-08 12:00,-51.86,-50.38,-30.25,-30.48,-31.3944
2020-06-08 13:00,-51.96,-50.12,-30.52,-30.7848,-31.3944
2020-06-08 14:00,-52.13,-50.31,-30.72,-31.0896,-31.6992
2020-06-08 15:00,-52.04,-50.38,-30.85,-31.0896,-31.6992
2020-06-08 16:00,-52.39,-50.3,-31.2,-31.3944,-31.6992
2020-06-08 17:00,-52.36,-50.65,-31.27,-31.3944,-32.004
2020-06-08 18:00,-52.39,-50.64,-31.28,-31.3944,-32.004
2020-06-08 19:00,-52.1,-50.59,-31.18,-31.6992,-32.004
2020-06-08 20:00,-52.25,-50.32,-31.22,-31.6992,-32.004
2020-06-08 21:00,-52.3,-50.47,-31.22,-31.3944,-32.004
2020-06-08 22:00,-52.28,-50.32,-31.33,-31.3944,-32.004
2020-06-08 23:00,-52.2,-50.49,-31.39,-31.6992,-32.3088
2020-06-09 00:00,-52.18,-50.45,-31.33,-31.6992,-32.3088
2020-06-09 01:00,-52.17,-50.44,-31.51,-31.6992,-32.3088
2020-06-09 02:00,-52.16,-50.55,-31.51,-31.6992,-32.3088
2020-06-09 03:00,-52.22,-50.56,-31.58,-31.3944,-32.3088
2020-06-09 04:00,-52.25,-50.68,-31.58,-31.3944,-32.3088
2020-06-09 05:00,-52.51,-50.59,-31.71,-31.3944,-32.3088
2020-06-09 06:00,-52.81,-50.76,-32.05,-31.3944,-32.3088
2020-06-09 07:00,-52.94,-51.05,-32.08,-31.6992,-32.3088
2020-06-09 08:00,-53,-51.16,-32.35,-31.6992,-32.3088
2020-06-09 09:00,-52.93,-51.34,-32.39,-31.6992,-32.6136
2020-06-09 10:00,-53.07,-51.28,-32.61,-31.6992,-32.6136
2020-06-09 11:00,-53.22,-51.38,-32.88,-31.6992,-32.6136
2020-06-09 12:00,-53.11,-51.5,-32.86,-32.004,-32.6136
2020-06-09 13:00,-53.17,-51.33,-33.2,-32.004,-32.9184
2020-06-09 14:00,-53.34,-51.52,-33.37,-32.3088,-32.9184
2020-06-09 15:00,-53.29,-51.65,-33.51,-32.6136,-32.9184
2020-06-09 16:00,-53.34,-51.55,-33.64,-32.6136,-33.2232
2020-06-09 17:00,-53.34,-51.64,-33.57,-32.9184,-33.2232
2020-06-09 18:00,-53.56,-51.51,-33.67,-32.9184,-33.2232
2020-06-09 19:00,-53.42,-51.59,-33.64,-32.9184,-33.2232
2020-06-09 20:00,-53.53,-51.41,-33.7,-32.9184,-33.2232
2020-06-09 21:00,-53.57,-51.48,-33.8,-32.9184,-33.528
2020-06-09 22:00,-53.53,-51.5,-33.75,-32.9184,-33.528
2020-06-09 23:00,-53.51,-51.46,-33.89,-32.9184,-33.528
2020-06-10 00:00,-53.45,-51.59,-33.9,-32.9184,-33.528
2020-06-10 01:00,-53.36,-51.54,-33.99,-32.9184,-33.528
2020-06-10 02:00,-53.29,-51.63,-33.99,-32.9184,-33.528
2020-06-10 03:00,-53.44,-51.56,-34.03,-32.9184,-33.528
2020-06-10 04:00,-53.49,-51.66,-34.1,-32.9184,-33.528
2020-06-10 05:00,-53.67,-51.69,-34.14,-32.9184,-33.528
2020-06-10 06:00,-54.02,-51.84,-34.53,-32.9184,-33.528
2020-06-10 07:00,-54.13,-52.17,-34.64,-32.9184,-33.8328
2020-06-10 08:00,-54.14,-52.3,-34.76,-32.9184,-33.8328
2020-06-10 09:00,-54.23,-52.3,-34.92,-32.9184,-33.8328
2020-06-10 10:00,-54.4,-52.44,-35.05,-33.2232,-33.8328
2020-06-10 11:00,-54.18,-52.59,-35.08,-33.2232,-33.8328
2020-06-10 12:00,-54.41,-52.41,-35.37,-33.2232,-33.8328
2020-06-10 13:00,-54.11,-52.72,-35.22,-33.528,-34.1376
2020-06-10 14:00,-54.44,-52.37,-35.48,-33.528,-34.1376
2020-06-10 15:00,-54.39,-52.65,-35.58,-33.8328,-34.1376
2020-06-10 16:00,-54.66,-52.58,-35.94,-34.1376,-34.4424
2020-06-10 17:00,-54.51,-52.95,-35.71,-34.1376,-34.4424
2020-06-10 18:00,-54.58,-52.63,-35.8,-34.1376,-34.4424
2020-06-10 19:00,-54.57,-52.74,-35.95,-34.4424,-34.4424
2020-06-10 20:00,-54.67,-52.68,-35.95,-34.1376,-34.4424
2020-06-10 21:00,-54.93,-52.69,-36.08,-34.1376,-34.7472
2020-06-10 22:00,-54.53,-52.8,-35.96,-34.1376,-34.7472
2020-06-10 23:00,-54.54,-52.64,-35.91,-34.1376,-34.7472
2020-06-11 00:00,-54.69,-52.64,-36.12,-34.1376,-34.7472
2020-06-11 01:00,-54.73,-52.78,-36.26,-34.4424,-34.7472
2020-06-11 02:00,-54.63,-52.87,-36.18,-34.1376,-34.7472
2020-06-11 03:00,-54.58,-52.89,-36.12,-34.1376,-34.7472
2020-06-11 04:00,-54.7,-52.76,-36.13,-34.1376,-34.7472
2020-06-11 05:00,-54.78,-52.85,-36.42,-34.1376,-34.7472
2020-06-11 06:00,-54.95,-53.05,-36.71,-34.1376,-35.052
2020-06-11 07:00,-55.31,-53.25,-36.92,-34.1376,-35.052
2020-06-11 08:00,-55.25,-53.53,-36.82,-34.4424,-35.052
2020-06-11 09:00,-55.22,-53.42,-36.84,-34.4424,-35.052
2020-06-11 10:00,-55.45,-53.46,-37.19,-34.4424,-35.052
2020-06-11 11:00,-55.32,-53.61,-37.24,-34.7472,-35.052
2020-06-11 12:00,,-53.53,-37.32,-34.7472,-35.052
2020-06-11 13:00,-55.23,-53.67,-37.23,-34.7472,-35.3568
2020-06-11 14:00,-55.26,-53.5,-37.28,-35.052,-35.3568
2020-06-11 15:00,-55.3,-53.39,-37.48,-35.052,-35.3568
2020-06-11 16:00,-55.24,-53.45,-37.41,-35.052,-35.3568
2020-06-11 17:00,-55.42,-53.21,-37.58,-35.3568,-35.6616
2020-06-11 18:00,-55.32,-53.31,-37.33,-35.3568,-35.6616
2020-06-11 19:00,-55.33,-53.22,-37.45,-35.3568,-35.6616
2020-06-11 20:00,-55.53,-53.17,-37.69,-35.3568,-35.6616
2020-06-11 21:00,-55.43,-53.34,-37.7,-35.3568,-35.6616
2020-06-11 22:00,-55.44,-53.32,-37.54,-35.3568,-35.6616
2020-06-11 23:00,-55.47,-53.29,-37.57,-35.3568,-35.6616
2020-06-12 00:00,-55.52,-53.25,-37.76,-35.3568,-35.6616
2020-06-12 01:00,-55.62,-53.29,-37.84,-35.3568,-35.6616
2020-06-12 02:00,-55.57,-53.32,-37.87,-35.3568,-35.9664
2020-06-12 03:00,-55.83,-53.28,-38.1,-35.3568,-35.9664
2020-06-12 04:00,-55.85,-53.57,-38,-35.3568,-35.9664
2020-06-12 05:00,-55.76,-53.63,-38.02,-35.3568,-35.9664
2020-06-12 06:00,-55.75,-53.68,-37.77,-35.052,-35.9664
2020-06-12 07:00,-55.89,-53.65,-37.74,-34.7472,-35.9664
2020-06-12 08:00,-55.82,-53.71,-37.72,-34.4424,-35.9664
2020-06-12 09:00,-55.89,-53.71,-37.69,-34.7472,-35.9664
2020-06-12 10:00,-56.15,-53.76,-37.89,-34.7472,-35.9664
2020-06-12 11:00,-56.04,-54.02,-37.92,-34.7472,-35.9664
2020-06-12 12:00,-55.78,-53.94,-37.45,-34.7472,-34.7472
2020-06-12 13:00,-55.44,-53.64,-23.5,-34.1376,-31.6992
2020-06-12 14:00,-54.6,-53.43,-20.31,-23.4696,-30.7848
2020-06-12 15:00,-53.7,-52.92,-20.18,-22.86,-30.48
2020-06-12 16:00,-53.23,-51.91,-20.43,-23.1648,-30.1752
2020-06-12 17:00,-52.91,-51.01,-20.58,-23.4696,-30.1752
2020-06-12 18:00,-52.7,-50.46,-20.71,-23.4696,-30.1752
2020-06-12 19:00,-52.78,-50.09,-21.11,-23.7744,-30.1752
2020-06-12 20:00,-52.22,-50,-18.85,-23.7744,-30.1752
2020-06-12 21:00,-50.39,-49.49,-18.04,-23.1648,-29.8704
2020-06-12 22:00,-49.74,-49.32,-18.32,-22.86,-29.8704
2020-06-12 23:00,-49.48,-49.32,-18.19,-23.1648,-29.8704
2020-06-13 00:00,-49.37,-48.88,-18.34,-23.1648,-29.8704
2020-06-13 01:00,-49.17,-48.65,-18.44,-23.4696,-29.5656
2020-06-13 02:00,-49.29,-48.33,-18.76,-23.7744,-29.8704
2020-06-13 03:00,-48.89,-48.3,-18.61,-23.7744,-29.8704
2020-06-13 04:00,-49.23,-47.71,-18.2,-23.7744,-29.8704
2020-06-13 05:00,-49.24,-48,-17.72,-23.1648,-29.5656
2020-06-13 06:00,-49.17,-48.06,-17.98,-22.86,-29.5656
2020-06-13 07:00,-49.2,-47.9,-18.22,-23.1648,-29.5656
2020-06-13 08:00,-49.37,-47.95,-18.57,-23.1648,-29.5656
2020-06-13 09:00,-49.26,-48.01,-18.72,-23.4696,-29.5656
2020-06-13 10:00,-49.38,-47.83,-18.92,-23.4696,-29.5656
2020-06-13 11:00,-48.97,-47.97,-18.59,-23.7744,-29.5656
2020-06-13 12:00,-49.07,-47.52,-18.65,-23.7744,-29.5656
2020-06-13 13:00,-49.19,-47.6,-18.91,-23.7744,-29.8704
2020-06-13 14:00,-49.35,-47.59,-19.35,-23.7744,-29.8704
2020-06-13 15:00,-49.33,-47.72,-19.56,-24.0792,-29.8704
2020-06-13 16:00,-49.28,-47.62,-19.64,-24.384,-29.8704
2020-06-13 17:00,-48.93,-47.6,-19.56,-24.6888,-30.1752
2020-06-13 18:00,-49.05,-47.21,-19.78,-24.6888,-30.1752
2020-06-13 19:00,-48.88,-47.36,-19.77,-24.9936,-30.1752
2020-06-13 20:00,-48.99,-47.08,-19.96,-24.9936,-30.1752
2020-06-13 21:00,-48.85,-47.12,-19.84,-24.9936,-30.1752
2020-06-13 22:00,-49.22,-47.03,-20.45,-24.9936,-30.1752
2020-06-13 23:00,-48.96,-47.41,-20.32,-25.2984,-30.48
2020-06-14 00:00,-49.12,-47.1,-20.46,-25.2984,-30.48
2020-06-14 01:00,-49.08,-47.14,-20.46,-25.2984,-30.48
2020-06-14 02:00,-48.88,-47.05,-20.48,-25.2984,-30.48
2020-06-14 03:00,-48.95,-46.88,-20.44,-25.2984,-30.48
2020-06-14 04:00,-49.23,-46.92,-20.9,-25.6032,-30.48
2020-06-14 05:00,-49.31,-47.24,-21.02,-25.6032,-30.48
2020-06-14 06:00,-49.23,-47.3,-20.94,-25.6032,-30.48
2020-06-14 07:00,-49.34,-47.24,-21.04,-25.6032,-30.7848
2020-06-14 08:00,-49.4,-47.37,-21.19,-25.6032,-30.7848
2020-06-14 09:00,-49.34,-47.38,-21.18,-25.908,-30.7848
2020-06-14 10:00,-49.4,-47.35,-21,-25.6032,-30.7848
2020-06-14 11:00,-49.39,-47.39,-21.22,-25.6032,-30.7848
2020-06-14 12:00,-49.65,-47.3,-21.47,-25.908,-30.7848
2020-06-14 13:00,-49.29,-47.49,-21.27,-25.908,-30.7848
2020-06-14 14:00,-49.7,-47.06,-21.75,-26.2128,-31.0896
2020-06-14 15:00,-49.75,-47.38,-21.87,-26.2128,-31.0896
2020-06-14 16:00,-49.64,-47.42,-21.85,-26.2128,-31.0896
2020-06-14 17:00,-49.8,-47.22,-22.02,-26.5176,-31.0896
2020-06-14 18:00,-49.83,-47.4,-22.17,-26.5176,-31.0896
2020-06-14 19:00,-49.69,-47.46,-22.06,-26.5176,-31.3944
2020-06-14 20:00,-49.85,-47.33,-22.35,-26.8224,-31.3944
2020-06-14 21:00,-49.7,-47.54,-22.37,-26.8224,-31.3944
2020-06-14 22:00,-49.8,-47.3,-22.47,-26.8224,-31.3944
2020-06-14 23:00,-49.55,-47.37,-22.31,-26.8224,-31.3944
2020-06-15 00:00,-49.86,-47.07,-22.72,-26.8224,-31.3944
2020-06-15 01:00,-49.87,-47.29,-22.76,-26.8224,-31.3944
2020-06-15 02:00,-49.48,-47.33,-22.52,-27.1272,-31.3944
2020-06-15 03:00,-49.85,-47,-22.77,-27.1272,-31.6992
2020-06-15 04:00,-49.8,-47.33,-22.79,-27.1272,-31.6992
2020-06-15 05:00,-49.94,-47.32,-23.05,-27.1272,-31.6992
2020-06-15 06:00,-50.07,-47.42,-23.12,-27.1272,-31.6992
2020-06-15 07:00,-50.11,-47.67,-22.93,-27.1272,-31.6992
2020-06-15 08:00,-50.29,-47.81,-23.17,-27.1272,-31.6992
2020-06-15 09:00,-50.32,-47.99,-23.14,-27.1272,-31.6992
2020-06-15 10:00,-50.12,-48.01,-23.25,-27.1272,-31.6992
2020-06-15 11:00,-50.13,-47.69,-22.78,-27.1272,-31.6992
2020-06-15 12:00,-50.09,-47.74,-21.72,-26.5176,-31.6992
2020-06-15 13:00,-49.86,-47.72,-19.83,-25.908,-31.3944
2020-06-15 14:00,-49.29,-47.79,-18.9,-24.384,-30.7848
2020-06-15 15:00,-48.87,-47.62,-18.17,-23.7744,-30.48
2020-06-15 16:00,-48.55,-47.54,-17.82,-23.4696,-30.1752
2020-06-15 17:00,-48.28,-47.51,-17.56,-23.1648,-30.1752
2020-06-15 18:00,-48.3,-47.29,-17.33,-23.1648,-29.8704
2020-06-15 19:00,-47.75,-47.49,-16.91,-22.86,-29.5656
2020-06-15 20:00,-47.7,-47.03,-17.06,-22.86,-29.5656
2020-06-15 21:00,-47.74,-46.89,-17.22,-23.1648,-29.5656
2020-06-15 22:00,-47.52,-46.93,-17.4,-23.1648,-29.5656
2020-06-15 23:00,-47.21,-46.58,-17.37,-23.4696,-29.5656
2020-06-16 00:00,-47.51,-46.1,-17.62,-23.4696,-29.5656
2020-06-16 01:00,-47.34,-46.32,-17.73,-23.7744,-29.2608
2020-06-16 02:00,-47.43,-46.07,-17.25,-23.7744,-29.5656
2020-06-16 03:00,-47.2,-45.91,-16.25,-23.4696,-29.2608
2020-06-16 04:00,-47.34,-45.71,-15.57,-22.5552,-29.2608
2020-06-16 05:00,-47.28,-45.9,-15.65,-21.9456,-28.956
2020-06-16 06:00,-46.85,-45.98,-15,-21.9456,-28.956
2020-06-16 07:00,-46.91,-45.63,-14.63,-21.6408,-28.6512
2020-06-16 08:00,-46.35,-45.77,-14.24,-21.0312,-28.3464
2020-06-16 09:00,-46.33,-45.39,-14.51,-21.0312,-28.0416
2020-06-16 10:00,-46.37,-45.3,-14.66,-21.0312,-27.7368
2020-06-16 11:00,-46.32,-45.56,-15.03,-21.336,-27.7368
2020-06-16 12:00,-46.27,-45.31,-15.26,-21.6408,-27.7368
2020-06-16 13:00,-45.63,-45.07,-14.62,-21.6408,-27.7368
2020-06-16 14:00,-45.56,-44.47,-14.93,-21.9456,-27.7368
2020-06-16 15:00,-44.93,-44.3,-13.59,-22.2504,-27.7368
2020-06-16 16:00,-45.16,-43.47,-13.1,-21.336,-27.1272
2020-06-16 17:00,-45.07,-43.68,-13.16,-20.1168,-26.5176
2020-06-16 18:00,-44.8,-43.69,-12.99,-20.4216,-26.2128
2020-06-16 19:00,-44.56,-43.51,-13.2,-20.7264,-26.2128
2020-06-16 20:00,-44.74,-43.2,-13.17,-21.0312,-26.2128
2020-06-16 21:00,-45.11,-43.34,-13.46,-21.0312,-26.2128
2020-06-16 22:00,-44.77,-43.68,-13.73,-21.0312,-26.2128
2020-06-16 23:00,-44.45,-43.29,-13.43,-21.336,-26.2128
2020-06-17 00:00,-44.39,-42.56,-13.56,-21.336,-26.2128
2020-06-17 01:00,-44.45,-42.57,-13.67,-21.336,-26.2128
2020-06-17 02:00,-44.46,-42.61,-14.02,-21.6408,-26.2128
2020-06-17 03:00,-44.42,-42.5,-14.03,-21.6408,-26.2128
2020-06-17 04:00,-44.8,-42.57,-14.4,-21.6408,-26.2128
2020-06-17 05:00,-44.74,-42.91,-14.52,-21.9456,-26.2128
2020-06-17 06:00,-44.91,-42.86,-14.7,-21.9456,-26.2128
2020-06-17 07:00,-45.21,-43.05,-15.02,-21.9456,-26.5176
2020-06-17 08:00,-45.12,-43.35,-15.11,-22.2504,-26.5176
2020-06-17 09:00,-45.33,-43.17,-15.36,-22.2504,-26.5176
2020-06-17 10:00,-45.29,-43.23,-15.5,-22.5552,-26.5176
2020-06-17 11:00,-45.5,-43.11,-15.86,-22.86,-26.8224
2020-06-17 12:00,-45.86,-43.21,-16.33,-22.86,-26.8224
2020-06-17 13:00,-45.89,-43.44,-16.67,-23.1648,-26.8224
2020-06-17 14:00,-45.77,-43.45,-16.56,-23.4696,-27.1272
2020-06-17 15:00,-45.95,-43.19,-16.77,-23.7744,-27.1272
2020-06-17 16:00,-46.21,-43.24,-17.19,-23.7744,-27.1272
2020-06-17 17:00,-46.16,-43.53,-17.15,-24.0792,-27.1272
2020-06-17 18:00,-46.35,-43.41,-17.45,-24.384,-27.432
2020-06-17 19:00,-46.17,-43.71,-17.39,-24.384,-27.432
2020-06-17 20:00,-46.26,-43.48,-17.46,-24.384,-27.432
2020-06-17 21:00,-46.26,-43.69,-17.49,-24.384,-27.432
2020-06-17 22:00,-46.15,-43.7,-17.52,-24.384,-27.432
2020-06-17 23:00,-46.27,-43.46,-17.72,-24.6888,-27.7368
2020-06-18 00:00,-46.3,-43.52,-17.72,-24.6888,-27.7368
2020-06-18 01:00,-46.32,-43.54,-17.82,-24.6888,-27.7368
2020-06-18 02:00,-46.35,-43.59,-17.93,-24.6888,-27.7368
2020-06-18 03:00,-46.43,-43.61,-18.02,-24.6888,-27.7368
2020-06-18 04:00,-46.57,-43.61,-18.16,-24.6888,-27.7368
2020-06-18 05:00,-46.64,-43.83,-18.23,-24.9936,-28.0416
2020-06-18 06:00,-46.83,-43.97,-18.49,-24.9936,-28.0416
2020-06-18 07:00,-47.08,-44.2,-18.8,-24.9936,-28.0416
2020-06-18 08:00,-47.34,-44.42,-19.13,-24.9936,-28.0416
2020-06-18 09:00,-47.03,-44.7,-18.83,-24.9936,-28.0416
2020-06-18 10:00,-47.27,-44.31,-19.35,-25.2984,-28.0416
2020-06-18 11:00,-47.46,-44.47,-19.65,-25.6032,-28.3464
2020-06-18 12:00,-47.44,-44.61,-19.87,-25.6032,-28.3464
2020-06-18 13:00,-47.81,-44.51,-20.36,-25.908,-28.3464
2020-06-18 14:00,-47.47,-44.82,-20.19,-26.2128,-28.6512
2020-06-18 15:00,-47.67,-44.39,-20.63,-26.5176,-28.6512
2020-06-18 16:00,-47.66,-44.47,-20.73,-26.5176,-28.6512
2020-06-18 17:00,-47.93,-44.5,-21.08,-26.8224,-28.956
2020-06-18 18:00,-48.17,-44.73,-21.37,-27.1272,-28.956
2020-06-18 19:00,-47.88,-45.08,-21.17,-27.1272,-28.956
2020-06-18 20:00,-47.87,-44.94,-21.15,-27.1272,-28.956
2020-06-18 21:00,-47.9,-45.03,-21.15,-27.1272,-29.2608
2020-06-18 22:00,-47.86,-45.09,-21.25,-27.1272,-29.2608
2020-06-18 23:00,-47.82,-45,-21.31,-27.1272,-29.2608
2020-06-19 00:00,-47.84,-44.95,-21.33,-27.1272,-29.2608
2020-06-19 01:00,-47.94,-45,-21.52,-27.1272,-29.2608
2020-06-19 02:00,-47.97,-45.14,-21.64,-27.1272,-29.2608
2020-06-19 03:00,-48.14,-45.11,-21.73,-27.432,-29.2608
2020-06-19 04:00,-48.05,-45.29,-21.7,-27.432,-29.2608
2020-06-19 05:00,-48.4,-45.27,-22.01,-27.432,-29.5656
2020-06-19 06:00,-48.29,-45.69,-21.95,-27.432,-29.5656
2020-06-19 07:00,-48.47,-45.63,-22.19,-27.432,-29.5656
2020-06-19 08:00,-48.83,-45.78,-22.51,-27.432,-29.5656
2020-06-19 09:00,-48.64,-46.25,-22.33,-27.432,-29.5656
2020-06-19 10:00,-48.37,-46.01,-21.42,-27.432,-29.2608
2020-06-19 11:00,-48.44,-45.76,-21.08,-26.5176,-28.956
2020-06-19 12:00,-48.68,-45.76,-21.48,-26.5176,-28.956
2020-06-19 13:00,-48.73,-46.04,-21.69,-26.5176,-28.956
2020-06-19 14:00,-48.56,-46,-21.81,-26.8224,-29.2608
2020-06-19 15:00,-48.48,-45.75,-21.98,-27.1272,-29.2608
2020-06-19 16:00,-48.97,-45.52,-22.42,-27.432,-29.2608
2020-06-19 17:00,-49.27,-45.99,-22.8,-27.432,-29.2608
2020-06-19 18:00,-48.98,-46.26,-22.54,-27.7368,-29.5656
2020-06-19 19:00,-48.87,-46.19,-22.56,-27.7368,-29.5656
2020-06-19 20:00,-48.86,-46.12,-22.65,-27.7368,-29.5656
2020-06-19 21:00,-49.01,-46.08,-22.75,-27.7368,-29.5656
2020-06-19 22:00,-48.83,-46.31,-22.72,-27.7368,-29.5656
2020-06-19 23:00,-49.02,-46.11,-22.86,-28.0416,-29.5656
2020-06-20 00:00,-48.81,-46.33,-22.78,-28.0416,-29.5656
2020-06-20 01:00,-48.88,-46.02,-23,-28.0416,-29.5656
2020-06-20 02:00,-49.06,-45.96,-23.04,-28.0416,-29.5656
2020-06-20 03:00,-49.03,-46.27,-23.11,-28.0416,-29.8704
2020-06-20 04:00,-49.12,-46.18,-23.15,-28.0416,-29.8704
2020-06-20 05:00,-49.19,-46.28,-23.17,-28.0416,-29.8704
2020-06-20 06:00,-49.41,-46.52,-23.46,-28.0416,-29.8704
2020-06-20 07:00,-49.75,-46.77,-23.78,-28.0416,-29.8704
2020-06-20 08:00,-49.75,-47.21,-23.85,-28.0416,-29.8704
2020-06-20 09:00,-49.77,-47.24,-24.11,-28.3464,-29.8704
2020-06-20 10:00,-49.73,-47.18,-24.09,-28.3464,-29.8704
2020-06-20 11:00,-49.49,-47.09,-23.9,-28.3464,-30.1752
2020-06-20 12:00,-49.45,-46.86,-23.42,-28.6512,-30.1752
2020-06-20 13:00,-49.15,-46.76,-23.25,-28.3464,-30.1752
2020-06-20 14:00,-49.61,-46.48,-23.53,-28.6512,-30.1752
2020-06-20 15:00,-48.95,-46.99,-22.73,-28.6512,-30.1752
2020-06-20 16:00,-49.29,-46.44,-23.05,-28.6512,-28.3464
2020-06-20 17:00,-49.26,-46.79,-22.23,-28.0416,-26.8224
2020-06-20 18:00,-49.33,-46.72,-21.67,-27.7368,-26.2128
2020-06-20 19:00,-48.95,-46.87,-21,-27.1272,-25.6032
2020-06-20 20:00,-49.16,-46.55,-21.06,-26.5176,-25.2984
2020-06-20 21:00,-48.98,-46.88,-20.88,-26.5176,-25.2984
2020-06-20 22:00,-48.64,-46.83,-20.91,-26.5176,-25.2984
2020-06-20 23:00,-48.93,-46.35,-21.09,-26.5176,-25.2984
2020-06-21 00:00,-48.79,-46.75,-21.2,-26.5176,-24.9936
2020-06-21 01:00,-48.85,-46.62,-21.44,-26.8224,-25.2984
2020-06-21 02:00,-48.79,-46.64,-21.5,-26.8224,-25.2984
2020-06-21 03:00,-48.95,-46.52,-21.67,-26.8224,-25.2984
2020-06-21 04:00,-48.67,-46.73,-21.58,-26.8224,-25.2984
2020-06-21 05:00,-48.94,-46.4,-21.85,-27.1272,-25.2984
2020-06-21 06:00,-49,-46.62,-21.99,-27.1272,-25.2984
2020-06-21 07:00,-49.24,-46.72,-22.31,-27.1272,-25.2984
2020-06-21 08:00,-49.32,-46.9,-22.46,-27.1272,-25.6032
2020-06-21 09:00,-49.38,-46.93,-22.63,-27.1272,-25.6032
2020-06-21 10:00,-49.45,-46.91,-22.8,-27.432,-25.6032
2020-06-21 11:00,-49.47,-46.93,-23.03,-27.432,-25.6032
2020-06-21 12:00,-49.7,-46.81,-23.47,-27.7368,-25.908
2020-06-21 13:00,-49.7,-46.89,-23.71,-28.0416,-25.908
2020-06-21 14:00,-49.85,-46.71,-24.11,-28.3464,-26.2128
2020-06-21 15:00,-49.74,-46.74,-24.23,-28.6512,-26.2128
2020-06-21 16:00,-50.06,-46.51,-24.72,-28.956,-26.2128
2020-06-21 17:00,-50.08,-46.64,-24.84,-29.2608,-26.5176
2020-06-21 18:00,-50.03,-46.71,-24.8,-29.2608,-26.5176
2020-06-21 19:00,-50.01,-46.67,-24.89,-29.2608,-26.5176
2020-06-21 20:00,-49.98,-46.68,-24.8,-29.2608,-26.5176
2020-06-21 21:00,-49.85,-46.76,-24.77,-29.2608,-26.8224
2020-06-21 22:00,-49.9,-46.75,-24.84,-29.2608,-26.8224
2020-06-21 23:00,-49.87,-46.84,-24.93,-29.2608,-26.8224
2020-06-22 00:00,-49.8,-46.69,-24.69,-29.2608,-26.8224
2020-06-22 01:00,-49.93,-46.64,-22.39,-29.2608,-26.8224
2020-06-22 02:00,-49.63,-46.9,-22.22,-26.8224,-27.1272
2020-06-22 03:00,-49.52,-46.64,-22.21,-26.8224,-27.1272
2020-06-22 04:00,-49.57,-46.59,-22.31,-27.1272,-27.1272
2020-06-22 05:00,-49.54,-46.73,-22.47,-27.1272,-27.1272
2020-06-22 06:00,-49.64,-46.67,-22.67,-27.1272,-27.1272
2020-06-22 07:00,-49.99,-46.81,-23.08,-27.1272,-27.1272
2020-06-22 08:00,-49.85,-47.16,-23.18,-27.1272,-27.432
2020-06-22 09:00,-49.86,-47.02,-23.37,-27.432,-27.432
2020-06-22 10:00,-49.94,-46.91,-23.79,-27.432,-27.432
2020-06-22 11:00,-50.21,-46.86,-24.15,-27.7368,-27.432
2020-06-22 12:00,-50.01,-47.03,-24.28,-28.0416,-27.7368
2020-06-22 13:00,-50.13,-46.66,-24.86,-28.6512,-27.7368
2020-06-22 14:00,-50.45,-46.53,-25.38,-28.956,-28.0416
2020-06-22 15:00,-50.05,-46.72,-25.24,-29.2608,-28.0416
2020-06-22 16:00,-50.39,-46.66,-25.4,-29.2608,-28.0416
2020-06-22 17:00,-50.17,-46.79,-25.38,-28.956,-28.0416
2020-06-22 18:00,-50.04,-46.56,-25.07,-28.956,-28.3464
2020-06-22 19:00,-49.95,-46.56,-25.28,-28.956,-28.3464
2020-06-22 20:00,-49.97,-46.44,-25.38,-29.2608,-28.3464
2020-06-22 21:00,-50.24,-46.41,-25.58,-29.2608,-28.3464
2020-06-22 22:00,-50.12,-46.67,-25.44,-28.6512,-28.0416
2020-06-22 23:00,-50.11,-46.59,-25.44,-28.3464,-28.0416
2020-06-23 00:00,-49.94,-46.56,-25.41,-28.3464,-28.0416
2020-06-23 01:00,-50.44,-46.35,-25.74,-28.6512,-28.0416
2020-06-23 02:00,-50.21,-46.85,-25.69,-28.6512,-28.0416
2020-06-23 03:00,-50.19,-46.59,-25.76,-28.6512,-28.0416
2020-06-23 04:00,-50.25,-46.61,-25.76,-28.6512,-28.0416
2020-06-23 05:00,-50.25,-46.74,-25.7,-28.6512,-28.0416
2020-06-23 06:00,-50.55,-46.87,-26.02,-28.6512,-28.3464
2020-06-23 07:00,-50.58,-47.21,-26.04,-28.6512,-28.3464
2020-06-23 08:00,-50.67,-47.33,-26.28,-28.6512,-28.3464
2020-06-23 09:00,-50.63,-47.31,-26.42,-28.956,-28.3464
2020-06-23 10:00,-50.8,-47.27,-26.62,-28.956,-28.3464
2020-06-23 11:00,-50.83,-47.41,-26.89,-29.2608,-28.6512
2020-06-23 12:00,-50.81,-47.34,-27.08,-29.5656,-28.6512
2020-06-23 13:00,-51.05,-47.15,-27.53,-29.8704,-28.6512
2020-06-23 14:00,-50.92,-47.34,-27.6,-29.8704,-28.6512
2020-06-23 15:00,-51.91,-47.01,-28.21,-30.1752,-28.956
2020-06-23 16:00,-51.08,-48.38,-27.14,-30.48,-28.956
2020-06-23 17:00,-51.09,-47.19,-26.92,-28.6512,-28.956
2020-06-23 18:00,-50.99,-47.34,-26.86,-28.6512,-28.956
2020-06-23 19:00,-51.04,-47.3,-26.82,-28.6512,-29.2608
2020-06-23 20:00,-51.06,-47.46,-26.91,-28.6512,-29.2608
2020-06-23 21:00,-51.17,-47.6,-27.03,-28.6512,-29.2608
2020-06-23 22:00,-51.1,-47.78,-27.13,-28.6512,-29.2608
2020-06-23 23:00,-51.08,-47.79,-27.18,-28.6512,-29.2608
2020-06-24 00:00,-51.01,-47.71,-27.12,-28.956,-29.2608
2020-06-24 01:00,-51.04,-47.6,-27.19,-28.956,-29.2608
2020-06-24 02:00,-51.05,-47.68,-27.26,-28.956,-29.2608
2020-06-24 03:00,-50.98,-47.72,-27.32,-28.956,-29.5656
2020-06-24 04:00,-51.15,-47.67,-27.35,-28.956,-29.5656
2020-06-24 05:00,-51.29,-47.98,-27.55,-28.956,-29.5656
2020-06-24 06:00,-51.23,-48.22,-27.59,-28.956,-29.5656
2020-06-24 07:00,-51.27,-48.16,-27.62,-28.956,-29.5656
2020-06-24 08:00,-51.56,-48.25,-27.91,-28.956,-29.5656
2020-06-24 09:00,-51.73,-48.53,-28.08,-29.2608,-29.5656
2020-06-24 10:00,-51.71,-48.67,-28.36,-29.2608,-29.8704
2020-06-24 11:00,-51.87,-48.65,-28.75,-29.5656,-29.8704
2020-06-24 12:00,-51.99,-48.71,-28.91,-29.8704,-29.8704
2020-06-24 13:00,-52.07,-48.74,-29.18,-30.1752,-30.1752
2020-06-24 14:00,-52.34,-48.79,-29.58,-30.48,-30.1752
2020-06-24 15:00,-52.26,-49,-29.68,-30.7848,-30.1752
2020-06-24 16:00,-52.26,-48.93,-29.83,-30.7848,-30.48
2020-06-24 17:00,-52.02,-48.89,-29.65,-31.0896,-30.48
2020-06-24 18:00,-52.31,-48.71,-29.97,-31.0896,-30.48
2020-06-24 19:00,-52.22,-48.99,-29.94,-31.0896,-30.7848
2020-06-24 20:00,-52.17,-48.93,-29.84,-31.0896,-30.7848
2020-06-24 21:00,-52.23,-48.94,-30.08,-31.0896,-30.7848
2020-06-24 22:00,-52.17,-49.03,-30.08,-31.0896,-30.7848
2020-06-24 23:00,-52.27,-49.03,-30.25,-31.0896,-30.7848
2020-06-25 00:00,-52.29,-49.1,-30.19,-31.0896,-30.7848
2020-06-25 01:00,-52.25,-49.15,-30.21,-31.3944,-30.7848
2020-06-25 02:00,-52.2,-49.17,-30.33,-31.3944,-30.7848
2020-06-25 03:00,-52.11,-49.14,-30.3,-31.3944,-31.0896
2020-06-25 04:00,-52.08,-48.99,-30.26,-31.3944,-31.0896
2020-06-25 05:00,-52.36,-49.02,-30.43,-31.3944,-31.0896
2020-06-25 06:00,-52.63,-49.31,-30.71,-31.3944,-31.0896
2020-06-25 07:00,-52.87,-49.68,-30.88,-31.3944,-31.0896
2020-06-25 08:00,-52.4,-49.96,-30.85,-31.3944,-31.0896
2020-06-25 09:00,-52.71,-49.63,-30.82,-31.0896,-31.0896
2020-06-25 10:00,-52.93,-49.82,-30.96,-31.0896,-31.3944
2020-06-25 11:00,-52.73,-50.06,-30.85,-31.3944,-31.3944
2020-06-25 12:00,-52.45,-49.87,-30.83,-31.3944,-31.3944
2020-06-25 13:00,-52.39,-49.61,-30.75,-31.3944,-31.3944
2020-06-25 14:00,-52.82,-49.51,-31.25,-31.3944,-31.3944
2020-06-25 15:00,-52.82,-49.83,-31.39,-31.3944,-31.3944
2020-06-25 16:00,-52.72,-49.75,-31.18,-31.3944,-31.3944
2020-06-25 17:00,-52.6,-49.73,-31.06,-31.3944,-31.3944
2020-06-25 18:00,-52.78,-49.57,-31.3,-31.6992,-31.3944
2020-06-25 19:00,-52.77,-49.71,-31.18,-31.6992,-31.3944
2020-06-25 20:00,-52.75,-49.79,-31.09,-31.6992,-31.6992
2020-06-25 21:00,-52.86,-49.85,-31.23,-31.6992,-31.6992
2020-06-25 22:00,-53.03,-50.04,-31.47,-31.6992,-31.6992
2020-06-25 23:00,-52.96,-50.25,-31.47,-31.6992,-31.6992
2020-06-26 00:00,-53.02,-50.17,-31.38,-31.6992,-31.6992
2020-06-26 01:00,-52.92,-50.24,-31.51,-31.6992,-31.6992
2020-06-26 02:00,-52.68,-50.14,-31.48,-31.6992,-31.6992
2020-06-26 03:00,-52.97,-49.92,-31.58,-31.6992,-31.6992
2020-06-26 04:00,-53.06,-50.17,-31.61,-31.6992,-31.6992
2020-06-26 05:00,-53.03,-50.34,-31.65,-31.6992,-31.6992
2020-06-26 06:00,-53.32,-50.25,-31.88,-31.6992,-32.004
2020-06-26 07:00,-53.4,-50.69,-31.95,-31.6992,-32.004
2020-06-26 08:00,-53.29,-50.81,-31.99,-31.6992,-32.004
2020-06-26 09:00,-53.32,-50.71,-32.14,-31.6992,-32.004
2020-06-26 10:00,-53.41,-50.69,-32.21,-31.6992,-32.004
2020-06-26 11:00,-53.4,-50.69,-32.44,-32.004,-32.004
2020-06-26 12:00,-53.45,-50.61,-32.63,-32.3088,-32.3088
2020-06-26 13:00,-53.29,-50.65,-32.61,-32.3088,-32.3088
2020-06-26 14:00,-53.7,-50.35,-33.25,-32.6136,-32.3088
2020-06-26 15:00,-53.75,-50.64,-33.34,-32.9184,-32.6136
2020-06-26 16:00,-53.93,-50.6,-33.6,-32.9184,-32.6136
2020-06-26 17:00,-53.73,-50.75,-33.45,-33.2232,-32.6136
2020-06-26 18:00,-53.9,-50.56,-33.66,-33.2232,-32.9184
2020-06-26 19:00,-53.88,-50.81,-33.63,-33.2232,-32.9184
2020-06-26 20:00,-53.7,-50.87,-33.58,-33.2232,-32.9184
2020-06-26 21:00,-53.88,-50.73,-33.65,-33.2232,-32.9184
2020-06-26 22:00,-53.78,-50.85,-33.74,-33.2232,-32.9184
2020-06-26 23:00,-53.77,-50.74,-33.81,-33.2232,-32.9184
2020-06-27 00:00,-53.81,-50.68,-33.8,-33.2232,-33.2232
2020-06-27 01:00,-53.8,-50.75,-33.92,-33.2232,-33.2232
2020-06-27 02:00,-53.93,-50.78,-33.95,-33.2232,-33.2232
2020-06-27 03:00,-53.89,-51.01,-34.05,-33.2232,-33.2232
2020-06-27 04:00,-54.05,-50.96,-34.14,-33.2232,-33.2232
2020-06-27 05:00,-54,-51.11,-34.05,-33.2232,-33.2232
2020-06-27 06:00,-54.1,-51.14,-34.28,-33.2232,-33.2232
2020-06-27 07:00,-54.22,-51.31,-34.56,-33.2232,-33.2232
2020-06-27 08:00,-54.36,-51.41,-34.69,-33.528,-33.2232
2020-06-27 09:00,-54.37,-51.52,-34.81,-33.528,-33.528
2020-06-27 10:00,-54.41,-51.45,-34.95,-33.528,-33.528
2020-06-27 11:00,-54.51,-51.43,-35.1,-33.8328,-33.528
2020-06-27 12:00,-54.61,-51.49,-35.39,-34.1376,-33.528
2020-06-27 13:00,-54.56,-51.65,-35.45,-34.1376,-33.8328
2020-06-27 14:00,-54.54,-51.58,-35.62,-34.4424,-33.8328
2020-06-27 15:00,-54.45,-51.54,-35.56,-34.4424,-33.8328
2020-06-27 16:00,-54.65,-51.28,-35.88,-34.7472,-34.1376
2020-06-27 17:00,-54.82,-51.42,-36.1,-34.7472,-34.1376
2020-06-27 18:00,-54.78,-51.57,-36.02,-35.052,-34.1376
2020-06-27 19:00,-54.73,-51.55,-35.93,-35.052,-34.1376
2020-06-27 20:00,-54.86,-51.68,-36.02,-35.052,-34.1376
2020-06-27 21:00,-54.96,-51.92,-36.09,-35.052,-34.4424
2020-06-27 22:00,-54.75,-52.07,-36.17,-35.052,-34.4424
2020-06-27 23:00,-54.87,-51.85,-36.23,-35.052,-34.4424
2020-06-28 00:00,-54.93,-51.92,-36.31,-35.052,-34.4424
2020-06-28 01:00,-55,-52.01,-36.45,-35.052,-34.4424
2020-06-28 02:00,-54.98,-52.1,-36.43,-35.052,-34.4424
2020-06-28 03:00,-55.05,-52.05,-36.54,-35.052,-34.4424
2020-06-28 04:00,-55.03,-52.11,-36.51,-35.052,-34.4424
2020-06-28 05:00,-55.11,-52.19,-36.55,-35.052,-34.4424
2020-06-28 06:00,-55.45,-52.35,-36.78,-35.052,-34.7472
2020-06-28 07:00,-55.43,-52.81,-36.95,-35.052,-34.7472
2020-06-28 08:00,-55.47,-52.88,-37,-35.052,-34.7472
2020-06-28 09:00,-55.39,-52.87,-37.06,-35.052,-34.7472
2020-06-28 10:00,-55.59,-52.84,-37.3,-35.052,-34.7472
2020-06-28 11:00,-55.67,-52.97,-37.57,-35.3568,-34.7472
2020-06-28 12:00,-55.6,-53.04,-37.68,-35.6616,-35.052
2020-06-28 13:00,-55.45,-52.82,-37.77,-35.6616,-35.052
2020-06-28 14:00,-55.84,-52.55,-38.06,-35.9664,-35.3568
2020-06-28 15:00,-55.71,-52.94,-38,-36.2712,-35.3568
2020-06-28 16:00,-55.69,-52.78,-38.01,-36.2712,-35.3568
2020-06-28 17:00,-55.79,-52.72,-38.24,-36.576,-35.3568
2020-06-28 18:00,-55.88,-52.83,-38.25,-36.576,-35.6616
2020-06-28 19:00,-55.85,-53.04,-38.16,-36.576,-35.6616
2020-06-28 20:00,-55.77,-53.02,-38.13,-36.576,-35.6616
2020-06-28 21:00,-55.97,-53.02,-38.21,-36.576,-35.6616
2020-06-28 22:00,-55.98,-53.31,-38.4,-36.576,-35.6616
2020-06-28 23:00,-55.94,-53.28,-38.3,-36.576,-35.6616
2020-06-29 00:00,-55.86,-53.3,-38.41,-36.576,-35.6616
2020-06-29 01:00,-56.06,-53.16,-38.42,-36.576,-35.9664
2020-06-29 02:00,-56.02,-53.32,-38.49,-36.576,-35.9664
2020-06-29 03:00,-56.12,-53.3,-38.68,-36.576,-35.9664
2020-06-29 04:00,-56.09,-53.38,-38.54,-36.576,-35.9664
2020-06-29 05:00,-56.34,-53.39,-38.64,-36.576,-35.9664
2020-06-29 06:00,-56.4,-53.71,-38.78,-36.576,-35.9664
2020-06-29 07:00,-56.49,-53.88,-38.94,-36.576,-35.9664
2020-06-29 08:00,-56.39,-53.97,-38.98,-36.576,-35.9664
2020-06-29 09:00,-56.54,-53.84,-39.17,-36.576,-35.9664
2020-06-29 10:00,-56.65,-53.98,-39.27,-36.8808,-36.2712
2020-06-29 11:00,-56.61,-54.11,-39.43,-36.8808,-36.2712
2020-06-29 12:00,-56.58,-54.05,-39.44,-37.1856,-36.2712
2020-06-29 13:00,-56.68,-53.92,-39.72,-37.1856,-36.576
2020-06-29 14:00,-56.73,-54.03,-39.82,-37.4904,-36.576
2020-06-29 15:00,-56.83,-53.96,-40.03,-37.7952,-36.576
2020-06-29 16:00,-56.6,-54.11,-39.96,-37.7952,-36.8808
2020-06-29 17:00,-56.95,-53.79,-40.21,-38.1,-36.8808
2020-06-29 18:00,-56.88,-54.2,-40.11,-38.1,-36.8808
2020-06-29 19:00,-57.03,-54.13,-40.19,-38.4048,-36.8808
2020-06-29 20:00,-57.08,-54.34,-40.28,-38.4048,-37.1856
2020-06-29 21:00,-57.15,-54.41,-40.28,-38.4048,-37.1856
2020-06-29 22:00,-57.18,-54.51,-40.36,-38.4048,-37.1856
2020-06-29 23:00,-57.09,-54.54,-40.39,-38.4048,-37.1856
2020-06-30 00:00,-57.03,-54.4,-40.57,-38.4048,-37.1856
2020-06-30 01:00,-57.04,-54.35,-40.54,-38.4048,-37.1856
2020-06-30 02:00,-57.17,-54.27,-40.63,-38.4048,-37.1856
2020-06-30 03:00,-57.04,-54.35,-40.52,-38.1,-37.1856
2020-06-30 04:00,-57.21,-54.31,-40.68,-38.1,-37.1856
2020-06-30 05:00,-57.39,-54.45,-40.67,-38.1,-37.1856
2020-06-30 06:00,-57.68,-54.79,-40.99,-38.4048,-37.4904
2020-06-30 07:00,-57.71,-55.15,-41.09,-38.1,-37.4904
2020-06-30 08:00,-57.72,-55.22,-41.09,-38.1,-37.4904
2020-06-30 09:00,-57.84,-55.22,-41.32,-38.1,-37.4904
2020-06-30 10:00,-57.82,-55.36,-41.36,-38.4048,-37.4904
2020-06-30 11:00,-57.93,-55.32,-41.49,-38.4048,-37.4904
2020-06-30 12:00,-57.69,-55.44,-41.5,-38.4048,-37.7952
2020-06-30 13:00,-57.85,-55.06,-41.63,-38.7096,-37.7952
2020-06-30 14:00,-57.68,-55.24,-41.84,-39.0144,-37.7952
2020-06-30 15:00,-57.84,-54.97,-41.94,-39.0144,-38.1
2020-06-30 16:00,-57.93,-55.17,-42.02,-39.3192,-38.1
2020-06-30 17:00,-57.83,-55.23,-41.89,-39.3192,-38.1
2020-06-30 18:00,-57.91,-55.09,-41.91,-39.3192,-38.1
2020-06-30 19:00,-57.98,-55.28,-42.03,-39.624,-38.4048
2020-06-30 20:00,-57.95,-55.34,-42.07,-39.624,-38.4048
2020-06-30 21:00,-58.07,-55.31,-42,-39.3192,-38.4048
2020-06-30 22:00,-58.27,-55.46,-42.17,-39.3192,-38.4048
2020-06-30 23:00,-58.15,-55.71,-42.05,-39.3192,-38.4048
2020-07-01 00:00,-58.06,-55.64,-42.18,-39.3192,-38.4048
2020-07-01 01:00,-58.02,-55.47,-42.06,-39.3192,-38.4048
2020-07-01 02:00,-58.11,-55.39,-42.28,-39.3192,-38.4048
2020-07-01 03:00,-58.26,-55.48,-42.39,-39.3192,-38.4048
2020-07-01 04:00,-58.39,-55.57,-42.45,-39.3192,-38.4048
2020-07-01 05:00,-58.38,-55.74,-42.38,-39.3192,-38.7096
2020-07-01 06:00,-58.66,-55.8,-42.65,-39.3192,-38.7096
2020-07-01 07:00,-58.8,-56.2,-42.77,-39.3192,-38.7096
2020-07-01 08:00,-58.8,-56.38,-42.91,-39.3192,-38.7096
2020-07-01 09:00,-58.85,-56.35,-42.97,-39.3192,-38.7096
2020-07-01 10:00,-58.79,-56.43,-43.03,-39.624,-38.7096
2020-07-01 11:00,-58.97,-56.37,-43.25,-39.624,-38.7096
2020-07-01 12:00,-58.92,-56.51,-43.26,-39.9288,-39.0144
2020-07-01 13:00,-58.79,-56.41,-43.42,-39.9288,-39.0144
2020-07-01 14:00,-58.72,-56.21,-43.29,-40.2336,-39.0144
2020-07-01 15:00,-58.67,-56.06,-43.24,-40.2336,-39.0144
2020-07-01 16:00,-58.82,-55.94,-43.29,-40.2336,-39.0144
2020-07-01 17:00,-59.18,-56.01,-43.62,-40.5384,-39.3192
2020-07-01 18:00,-59.26,-56.42,-43.74,-40.5384,-39.3192
2020-07-01 19:00,-59.14,-56.63,-43.63,-40.5384,-39.3192
2020-07-01 20:00,-58.48,-56.62,-43.3,-40.5384,-39.3192
2020-07-01 21:00,-58.3,-56.03,-39.04,-40.5384,-35.9664
2020-07-01 22:00,-56.65,-57.53,-34.08,-33.2232,-32.004
2020-07-01 23:00,-56.32,-56.39,-32.64,-29.2608,-31.3944
2020-07-02 00:00,-55.9,-56.58,-32.03,-28.956,-31.0896
2020-07-02 01:00,-55.54,-56.42,-31.82,-28.956,-30.7848
2020-07-02 02:00,-55.41,-56.25,-31.76,-29.2608,-30.7848
2020-07-02 03:00,-55.25,-56.24,-31.6,-29.2608,-30.7848
2020-07-02 04:00,-55.33,-56.26,-31.78,-29.5656,-30.7848
2020-07-02 05:00,-55.34,-56.49,-31.92,-29.5656,-30.7848
2020-07-02 06:00,-55.34,-56.6,-32,-29.5656,-30.7848
2020-07-02 07:00,-55.51,-56.67,-32.29,-29.8704,-30.7848
2020-07-02 08:00,-55.63,-56.82,-32.4,-29.8704,-30.7848
2020-07-02 09:00,-55.56,-56.98,-32.54,-29.8704,-30.7848
2020-07-02 10:00,-55.43,-56.81,-32.62,-30.1752,-30.7848
2020-07-02 11:00,-55.49,-56.69,-32.84,-30.1752,-30.7848
2020-07-02 12:00,-55.32,-56.69,-32.91,-30.48,-31.0896
2020-07-02 13:00,-55.52,-56.46,-33.4,-30.7848,-31.0896
2020-07-02 14:00,-55.52,-56.54,-33.66,-30.48,-31.3944
2020-07-02 15:00,-55.6,-56.41,-33.79,-30.7848,-31.3944
2020-07-02 16:00,-55.83,-56.41,-34.16,-31.0896,-31.3944
2020-07-02 17:00,-55.48,-56.55,-33.95,-31.3944,-31.6992
2020-07-02 18:00,-56.06,-56.15,-34.43,-31.3944,-31.6992
2020-07-02 19:00,-55.8,-56.62,-34.37,-31.6992,-31.6992
2020-07-02 20:00,-55.99,-56.34,-34.41,-31.6992,-31.6992
2020-07-02 21:00,-56.13,-56.51,-34.45,-31.6992,-31.6992
2020-07-02 22:00,-56.2,-56.58,-34.62,-31.6992,-31.6992
2020-07-02 23:00,-56.07,-56.55,-34.7,-31.6992,-31.6992
2020-07-03 00:00,-56.11,-56.38,-34.81,-31.6992,-32.004
2020-07-03 01:00,-56.03,-56.35,-34.75,-31.6992,-32.004
2020-07-03 02:00,-56.13,-56.21,-34.89,-31.6992,-32.004
2020-07-03 03:00,-56.2,-56.33,-34.97,-32.004,-32.004
2020-07-03 04:00,-56.3,-56.24,-35.08,-32.004,-32.004
2020-07-03 05:00,-56.38,-56.31,-35.17,-32.004,-32.004
2020-07-03 06:00,-56.59,-56.38,-35.33,-32.004,-32.004
2020-07-03 07:00,-56.8,-56.64,-35.59,-32.004,-32.004
2020-07-03 08:00,-56.94,-56.85,-35.78,-32.004,-32.3088
2020-07-03 09:00,-56.77,-56.98,-35.86,-32.004,-32.3088
2020-07-03 10:00,-56.92,-56.83,-36.12,-32.3088,-32.3088
2020-07-03 11:00,-56.9,-56.92,-36.27,-32.6136,-32.3088
2020-07-03 12:00,-56.98,-56.83,-36.53,-32.6136,-32.6136
2020-07-03 13:00,-57.02,-56.87,-36.75,-32.9184,-32.6136
2020-07-03 14:00,-57.16,-56.81,-37.05,-33.2232,-32.9184
2020-07-03 15:00,-57.09,-56.79,-37.07,-33.528,-32.9184
2020-07-03 16:00,-57.13,-56.62,-37.17,-33.8328,-32.9184
2020-07-03 17:00,-57.15,-56.62,-37.32,-34.1376,-33.2232
2020-07-03 18:00,-57.28,-56.52,-37.42,-34.1376,-33.2232
2020-07-03 19:00,-57.45,-56.64,-37.51,-34.1376,-33.2232
2020-07-03 20:00,-57.54,-56.86,-37.52,-34.4424,-33.2232
2020-07-03 21:00,-57.63,-56.92,-37.62,-34.4424,-33.528
2020-07-03 22:00,-57.57,-57.05,-37.68,-34.4424,-33.528
2020-07-03 23:00,-57.54,-56.93,-37.66,-34.4424,-33.528
2020-07-04 00:00,-57.62,-56.94,-37.79,-34.4424,-33.528
2020-07-04 01:00,-57.68,-57.01,-37.91,-34.4424,-33.528
2020-07-04 02:00,-57.71,-56.97,-37.99,-34.4424,-33.528
2020-07-04 03:00,-57.81,-56.97,-38,-34.4424,-33.528
2020-07-04 04:00,-57.88,-57.03,-38.03,-34.4424,-33.528
2020-07-04 05:00,-57.89,-57.11,-38,-34.4424,-33.528
2020-07-04 06:00,-58.13,-57.2,-38.41,-34.4424,-33.8328
2020-07-04 07:00,-58.35,-57.47,-38.52,-34.4424,-33.8328
2020-07-04 08:00,-58.41,-57.68,-38.71,-34.4424,-33.8328
2020-07-04 09:00,-58.41,-57.77,-38.86,-34.4424,-33.8328
2020-07-04 10:00,-58.5,-57.73,-39.05,-34.7472,-33.8328
2020-07-04 11:00,-58.49,-57.81,-39.2,-34.7472,-34.1376
2020-07-04 12:00,-58.39,-57.78,-39.26,-35.052,-34.1376
2020-07-04 13:00,-58.01,-57.63,-39.06,-35.3568,-34.4424
2020-07-04 14:00,-58.38,-57.13,-39.46,-35.6616,-34.4424
2020-07-04 15:00,-58.66,-57.4,-39.91,-35.9664,-34.4424
2020-07-04 16:00,-58.7,-57.7,-39.99,-35.9664,-34.7472
2020-07-04 17:00,-59.12,-57.8,-40.11,-35.6616,-34.7472
2020-07-04 18:00,-58.66,-58.23,-39.93,-35.3568,-34.7472
2020-07-04 19:00,-58.84,-57.68,-39.84,-35.3568,-34.7472
2020-07-04 20:00,-58.91,-57.88,-40.03,-35.3568,-34.7472
2020-07-04 21:00,-58.94,-57.98,-39.99,-35.3568,-35.052
2020-07-04 22:00,-58.96,-57.93,-39.95,-35.3568,-35.052
2020-07-04 23:00,-59.01,-57.99,-39.96,-35.3568,-35.052
2020-07-05 00:00,-58.95,-58.02,-40,-35.3568,-35.052
2020-07-05 01:00,-58.93,-57.92,-40.17,-35.3568,-35.052
2020-07-05 02:00,-58.96,-57.89,-40.21,-35.3568,-35.052
2020-07-05 03:00,-59.03,-57.89,-40.34,-35.3568,-35.052
2020-07-05 04:00,-59.12,-57.94,-40.22,-35.3568,-35.052
2020-07-05 05:00,-59.3,-58.06,-40.4,-35.3568,-35.052
2020-07-05 06:00,-59.56,-58.25,-40.71,-35.3568,-35.052
2020-07-05 07:00,-59.7,-58.5,-40.77,-35.3568,-35.3568
2020-07-05 08:00,-59.63,-58.73,-40.89,-35.3568,-35.3568
2020-07-05 09:00,-59.72,-58.64,-41.02,-35.6616,-35.3568
2020-07-05 10:00,-59.73,-58.78,-41.18,-35.6616,-35.3568
2020-07-05 11:00,-59.82,-58.73,-41.42,-35.9664,-35.3568
2020-07-05 12:00,-59.73,-58.82,-41.34,-35.9664,-35.6616
2020-07-05 13:00,-59.62,-58.72,-41.53,-36.2712,-35.6616
2020-07-05 14:00,-59.74,-58.54,-41.77,-36.576,-35.9664
2020-07-05 15:00,-59.76,-58.58,-41.95,-36.8808,-35.9664
2020-07-05 16:00,-60.13,-58.53,-42.27,-37.1856,-35.9664
2020-07-05 17:00,-60.06,-58.96,-42.3,-37.1856,-36.2712
2020-07-05 18:00,-60.14,-58.84,-42.17,-37.4904,-36.2712
2020-07-05 19:00,-59.93,-58.99,-42.24,-37.4904,-36.2712
2020-07-05 20:00,-60.06,-58.75,-42.22,-37.4904,-36.2712
2020-07-05 21:00,-60.23,-58.91,-42.34,-37.4904,-36.576
2020-07-05 22:00,-60.25,-59.09,-42.46,-37.4904,-36.576
2020-07-05 23:00,-60.24,-59.12,-42.29,-37.4904,-36.576
2020-07-06 00:00,-60.18,-59.08,-42.32,-37.4904,-36.576
2020-07-06 01:00,-60.08,-59.05,-42.39,-37.4904,-36.576
2020-07-06 02:00,-60.1,-58.91,-42.51,-37.4904,-36.576
2020-07-06 03:00,-60.33,-58.95,-42.59,-37.4904,-36.576
2020-07-06 04:00,-60.42,-59.09,-42.57,-37.4904,-36.576
2020-07-06 05:00,-60.5,-59.19,-42.68,-37.4904,-36.576
2020-07-06 06:00,-60.83,-59.35,-42.94,-37.4904,-36.576
2020-07-06 07:00,-60.94,-59.69,-43.14,-37.4904,-36.576
2020-07-06 08:00,-61.01,-59.82,-43.29,-37.4904,-36.8808
2020-07-06 09:00,-61.02,-59.95,-43.44,-37.4904,-36.8808
2020-07-06 10:00,-61.27,-59.9,-43.72,-37.4904,-36.8808
2020-07-06 11:00,-61.1,-60.15,-43.73,-37.7952,-36.8808
2020-07-06 12:00,-61.06,-60.02,-43.92,-38.1,-37.1856
2020-07-06 13:00,-60.84,-59.88,-43.79,-38.1,-37.1856
2020-07-06 14:00,-61.34,-59.63,-44.36,-38.4048,-37.4904
2020-07-06 15:00,-60.94,-60.04,-44.18,-38.7096,-37.4904
2020-07-06 16:00,-61.13,-59.7,-44.29,-39.0144,-37.4904
2020-07-06 17:00,-60.98,-59.76,-44.16,-39.0144,-37.7952
2020-07-06 18:00,-61.57,-59.67,-44.67,-39.3192,-37.7952
2020-07-06 19:00,-61.27,-60.27,-44.39,-39.3192,-37.7952
2020-07-06 20:00,-61.28,-59.94,-44.41,-39.3192,-37.7952
2020-07-06 21:00,-61.45,-60.01,-44.43,-39.3192,-37.7952
2020-07-06 22:00,-61.47,-60.17,-44.57,-39.3192,-38.1
2020-07-06 23:00,-61.52,-60.18,-44.57,-39.3192,-38.1
2020-07-07 00:00,-61.56,-60.26,-44.6,-39.3192,-38.1
2020-07-07 01:00,-61.42,-60.3,-44.52,-39.3192,-38.1
2020-07-07 02:00,-61.51,-60.12,-44.69,-39.3192,-38.1
2020-07-07 03:00,-61.49,-60.2,-44.66,-39.3192,-38.1
2020-07-07 04:00,-61.6,-60.14,-44.72,-39.3192,-38.1
2020-07-07 05:00,-61.7,-60.26,-44.77,-39.3192,-38.1
2020-07-07 06:00,-61.85,-60.37,-44.91,-39.3192,-38.1
2020-07-07 07:00,-62.02,-60.59,-45.13,-39.3192,-38.1
2020-07-07 08:00,-62.12,-60.8,-45.29,-39.3192,-38.4048
2020-07-07 09:00,-62.14,-60.86,-45.36,-39.3192,-38.4048
2020-07-07 10:00,-62.26,-60.89,-45.55,-39.3192,-38.4048
2020-07-07 11:00,-62.25,-61.04,-45.54,-39.624,-38.4048
2020-07-07 12:00,-61.98,-60.97,-45.37,-39.624,-38.7096
2020-07-07 13:00,-62.26,-60.71,-45.9,-39.9288,-38.7096
2020-07-07 14:00,-62.45,-60.96,-46.07,-39.9288,-38.7096
2020-07-07 15:00,-62.19,-61.15,-45.86,-40.2336,-38.7096
2020-07-07 16:00,-62.01,-60.9,-45.82,-40.2336,-38.7096
2020-07-07 17:00,-62.22,-60.55,-45.92,-40.5384,-38.7096
2020-07-07 18:00,-62.16,-60.75,-45.88,-40.5384,-38.7096
2020-07-07 19:00,-62.31,-60.75,-46,-40.5384,-39.0144
2020-07-07 20:00,-62.31,-60.88,-45.95,-40.5384,-39.0144
2020-07-07 21:00,-62.33,-60.93,-45.94,-40.5384,-39.0144
2020-07-07 22:00,-62.51,-60.99,-46.06,-40.5384,-39.0144
2020-07-07 23:00,-62.46,-61.16,-45.99,-40.2336,-39.0144
2020-07-08 00:00,-62.5,-61.15,-46.23,-40.2336,-39.0144
2020-07-08 01:00,-62.22,-61.14,-46.08,-40.2336,-39.0144
2020-07-08 02:00,-62.34,-60.78,-46.06,-40.2336,-39.0144
2020-07-08 03:00,-62.59,-60.72,-46.29,-40.2336,-39.0144
2020-07-08 04:00,-62.62,-60.94,-46.18,-40.2336,-39.0144
2020-07-08 05:00,-62.64,-61.11,-46.26,-39.9288,-39.0144
2020-07-08 06:00,-62.98,-61.21,-46.5,-39.9288,-39.3192
2020-07-08 07:00,-62.97,-61.58,-46.52,-39.9288,-39.3192
2020-07-08 08:00,-63.1,-61.57,-46.67,-39.9288,-39.3192
2020-07-08 09:00,-62.84,-61.7,-46.58,-39.9288,-39.3192
2020-07-08 10:00,-62.72,-61.42,-46.22,-40.2336,-39.3192
2020-07-08 11:00,-62.87,-61.34,-46.32,-39.3192,-39.0144
2020-07-08 12:00,-62.79,-61.51,-46.3,-38.7096,-37.1856
2020-07-08 13:00,-62.84,-61.41,-46.3,-38.4048,-36.8808
2020-07-08 14:00,-62.84,-61.38,-46.44,-38.4048,-36.8808
2020-07-08 15:00,-62.96,-61.35,-46.49,-38.4048,-36.8808
2020-07-08 16:00,-62.63,-61.36,-46.2,-38.7096,-36.8808
2020-07-08 17:00,-62.69,-61.09,-46.18,-38.7096,-36.8808
2020-07-08 18:00,-62.78,-61.12,-46.1,-38.7096,-36.8808
2020-07-08 19:00,-62.71,-61.29,-46.19,-38.7096,-36.8808
2020-07-08 20:00,-62.89,-61.34,-46.2,-38.7096,-36.8808
2020-07-08 21:00,-62.93,-61.6,-46.13,-38.7096,-36.8808
2020-07-08 22:00,-62.92,-61.68,-46.28,-38.7096,-36.8808
2020-07-08 23:00,-62.69,-61.64,-46.23,-38.7096,-36.8808
2020-07-09 00:00,-62.85,-61.32,-46.25,-38.7096,-36.8808
2020-07-09 01:00,-62.87,-61.45,-46.46,-38.7096,-36.8808
2020-07-09 02:00,-62.84,-61.43,-46.26,-38.7096,-36.8808
2020-07-09 03:00,-62.96,-61.23,-46.32,-38.7096,-36.8808
2020-07-09 04:00,-62.85,-61.4,-46.23,-38.7096,-37.1856
2020-07-09 05:00,-62.95,-61.47,-46.22,-38.7096,-37.1856
2020-07-09 06:00,-62.99,-61.61,-46.29,-38.7096,-37.1856
2020-07-09 07:00,-63.23,-61.69,-46.61,-38.7096,-37.1856
2020-07-09 08:00,-63.32,-61.94,-46.62,-38.7096,-37.1856
2020-07-09 09:00,-63.37,-62.07,-46.75,-38.7096,-37.1856
2020-07-09 10:00,-63.09,-62.05,-46.62,-38.7096,-37.1856
2020-07-09 11:00,-63.27,-61.8,-46.79,-39.0144,-37.1856
2020-07-09 12:00,-63.12,-61.98,-46.65,-39.0144,-37.4904
2020-07-09 13:00,-63.16,-61.86,-46.68,-39.3192,-37.4904
2020-07-09 14:00,-63.14,-61.82,-46.68,-39.3192,-37.4904
2020-07-09 15:00,-63.39,-61.73,-47.09,-39.3192,-37.4904
2020-07-09 16:00,-63.22,-61.94,-46.81,-39.624,-37.4904
2020-07-09 17:00,-63.57,-61.9,-47.28,-39.9288,-37.4904
2020-07-09 18:00,-63.3,-62.1,-47.08,-39.9288,-37.4904
2020-07-09 19:00,-63.42,-61.93,-46.98,-39.9288,-37.4904
2020-07-09 20:00,-63.56,-62.09,-47.2,-39.9288,-37.4904
2020-07-09 21:00,-63.62,-62.23,-47.22,-39.9288,-37.4904
2020-07-09 22:00,-63.52,-62.32,-47.13,-39.9288,-37.4904
2020-07-09 23:00,-63.63,-62.24,-47.27,-39.9288,-37.4904
2020-07-10 00:00,-63.57,-62.28,-47.24,-39.9288,-37.7952
2020-07-10 01:00,-63.58,-62.31,-47.26,-39.9288,-37.7952
2020-07-10 02:00,-63.6,-62.24,-47.42,-39.9288,-37.7952
2020-07-10 03:00,-63.6,-62.24,-47.19,-39.9288,-37.7952
2020-07-10 04:00,-63.8,-62.25,-47.43,-39.9288,-37.7952
2020-07-10 05:00,-63.91,-62.46,-47.38,-39.9288,-37.7952
2020-07-10 06:00,-63.97,-62.62,-47.77,-39.9288,-37.7952
2020-07-10 07:00,-64.17,-62.71,-47.8,-39.9288,-37.7952
2020-07-10 08:00,-64.05,-62.88,-47.71,-39.9288,-37.7952
2020-07-10 09:00,-64.17,-62.8,-47.89,-39.9288,-37.7952
2020-07-10 10:00,-63.98,-62.88,-47.81,-40.2336,-37.7952
2020-07-10 11:00,-64.04,-62.65,-47.88,-40.2336,-38.1
2020-07-10 12:00,-64.08,-62.72,-48.09,-40.5384,-38.1
2020-07-10 13:00,-64.11,-62.72,-48.27,-40.5384,-38.1
2020-07-10 14:00,-64.19,-62.66,-48.29,-40.8432,-38.4048
2020-07-10 15:00,-64.34,-62.69,-48.54,-40.8432,-38.4048
2020-07-10 16:00,-64.29,-62.78,-48.58,-41.148,-38.4048
2020-07-10 17:00,-64.31,-62.77,-48.58,-41.148,-38.7096
2020-07-10 18:00,-64.52,-62.75,-48.74,-41.4528,-38.7096
2020-07-10 19:00,-64.41,-63.04,-48.53,-41.4528,-38.7096
2020-07-10 20:00,-64.4,-62.93,-48.5,-41.4528,-38.7096
2020-07-10 21:00,-64.55,-62.98,-48.56,-41.4528,-38.7096
2020-07-10 22:00,-64.39,-63.19,-48.67,-41.4528,-38.7096
2020-07-10 23:00,-64.47,-62.96,-48.61,-41.4528,-38.7096
2020-07-11 00:00,-64.41,-63.02,-48.65,-41.4528,-39.0144
2020-07-11 01:00,-64.41,-62.85,-48.7,-41.4528,-39.0144
2020-07-11 02:00,-64.47,-62.75,-48.66,-41.4528,-39.0144
2020-07-11 03:00,-64.47,-62.8,-48.75,-41.4528,-39.0144
2020-07-11 04:00,-64.71,-62.67,-48.82,-41.4528,-39.0144
2020-07-11 05:00,-64.42,-63.06,-48.67,-41.4528,-39.0144
2020-07-11 06:00,-65.05,-62.71,-48.89,-41.4528,-39.0144
2020-07-11 07:00,-65.12,-63.5,-49.06,-41.4528,-39.0144
2020-07-11 08:00,-65.06,-63.61,-49.1,-41.4528,-39.0144
2020-07-11 09:00,-65.13,-63.55,-49.25,-41.4528,-39.0144
2020-07-11 10:00,-65.11,-63.63,-49.35,-41.4528,-39.3192
2020-07-11 11:00,-65.19,-63.59,-49.51,-41.7576,-39.3192
2020-07-11 12:00,-65.48,-63.69,-49.83,-41.7576,-39.3192
2020-07-11 13:00,-65.27,-63.88,-49.71,-42.0624,-39.624
2020-07-11 14:00,-65.45,-63.5,-50.01,-42.0624,-39.624
2020-07-11 15:00,-65.54,-63.68,-50.05,-42.3672,-39.624
2020-07-11 16:00,-65.58,-63.85,-50.18,-42.3672,-39.624
2020-07-11 17:00,-65.5,-63.9,-50.11,-42.672,-39.9288
2020-07-11 18:00,-65.71,-63.85,-50.34,-42.672,-39.9288
2020-07-11 19:00,-65.58,-64.07,-50.11,-42.9768,-39.9288
2020-07-11 20:00,-65.42,-63.93,-49.87,-42.9768,-39.9288
2020-07-11 21:00,-65.73,-63.79,-50.09,-42.9768,-39.9288
2020-07-11 22:00,-65.49,-64.12,-50,-42.9768,-40.2336
2020-07-11 23:00,-65.59,-63.83,-50.1,-42.9768,-40.2336
2020-07-12 00:00,-65.68,-63.94,-50.09,-42.9768,-40.2336
2020-07-12 01:00,-65.67,-63.98,-50.26,-42.9768,-40.2336
2020-07-12 02:00,-65.62,-64,-50.17,-42.9768,-40.2336
2020-07-12 03:00,-65.72,-63.84,-50.32,-42.9768,-40.2336
2020-07-12 04:00,-65.7,-63.87,-50.23,-42.9768,-40.2336
2020-07-12 05:00,-65.84,-63.89,-50.23,-42.9768,-40.2336
2020-07-12 06:00,-66.12,-64.1,-50.44,-42.9768,-40.2336
2020-07-12 07:00,-66.25,-64.4,-50.68,-42.9768,-40.2336
2020-07-12 08:00,-66.31,-64.55,-50.75,-42.9768,-40.2336
2020-07-12 09:00,-66.3,-64.62,-50.91,-42.9768,-40.2336
2020-07-12 10:00,-66.64,-64.58,-51.21,-42.9768,-40.5384
2020-07-12 11:00,-66.54,-64.9,-51.09,-43.2816,-40.5384
2020-07-12 12:00,-66.27,-64.78,-51.14,-43.2816,-40.5384
2020-07-12 13:00,-66.46,-64.48,-51.4,-43.5864,-40.8432
2020-07-12 14:00,-66.52,-64.57,-51.52,-43.5864,-40.8432
2020-07-12 15:00,-66.63,-64.59,-51.64,-43.8912,-40.8432
2020-07-12 16:00,-66.55,-64.65,-51.64,-44.196,-41.148
2020-07-12 17:00,-66.81,-64.59,-51.75,-44.196,-41.148
2020-07-12 18:00,-66.94,-64.86,-51.82,-44.196,-41.148
2020-07-12 19:00,-66.66,-65.01,-51.63,-44.5008,-41.148
2020-07-12 20:00,-66.76,-64.86,-51.62,-44.5008,-41.4528
2020-07-12 21:00,-66.82,-64.93,-51.49,-44.5008,-41.4528
2020-07-12 22:00,-66.84,-64.97,-51.61,-44.5008,-41.4528
2020-07-12 23:00,-66.94,-64.98,-51.67,-44.5008,-41.4528
2020-07-13 00:00,-66.88,-65.06,-51.77,-44.5008,-41.4528
2020-07-13 01:00,-66.99,-64.99,-51.83,-44.5008,-41.4528
2020-07-13 02:00,-67.01,-65.06,-51.91,-44.5008,-41.4528
2020-07-13 03:00,-67.13,-65.09,-51.95,-44.5008,-41.4528
2020-07-13 04:00,-67.45,-65.16,-52.04,-44.5008,-41.4528
2020-07-13 05:00,-67.41,-65.54,-52.07,-44.5008,-41.4528
2020-07-13 06:00,-67.58,-65.49,-52.1,-44.5008,-41.4528
2020-07-13 07:00,-67.46,-65.72,-52.19,-44.5008,-41.7576
2020-07-13 08:00,-67.54,-65.6,-52.3,-44.5008,-41.7576
2020-07-13 09:00,-67.55,-65.62,-52.16,-44.5008,-41.7576
2020-07-13 10:00,-67.87,-65.63,-52.4,-44.5008,-41.7576
2020-07-13 11:00,-67.82,-65.99,-52.41,-44.5008,-41.7576
2020-07-13 12:00,-67.83,-65.93,-52.63,-44.8056,-41.7576
2020-07-13 13:00,-67.72,-65.99,-52.63,-44.8056,-42.0624
2020-07-13 14:00,-67.58,-65.84,-52.82,-44.8056,-42.0624
2020-07-13 15:00,-67.58,-65.52,-52.56,-45.1104,-42.0624
2020-07-13 16:00,-68.44,-65.58,-53.16,-45.1104,-42.0624
2020-07-13 17:00,-67.69,-66.56,-52.65,-45.4152,-42.3672
2020-07-13 18:00,-68.21,-65.79,-53.21,-45.4152,-42.3672
2020-07-13 19:00,-67.86,-66.31,-52.79,-45.4152,-42.3672
2020-07-13 20:00,-67.83,-65.96,-52.75,-45.4152,-42.3672
2020-07-13 21:00,-67.89,-65.94,-52.74,-45.4152,-42.3672
2020-07-13 22:00,-68.15,-65.97,-52.89,-45.4152,-42.3672
2020-07-13 23:00,-67.93,-66.18,-52.87,-45.4152,-42.3672
2020-07-14 00:00,-67.93,-66.03,-52.83,-45.4152,-42.3672
2020-07-14 01:00,-67.94,-66,-52.9,-45.4152,-42.3672
2020-07-14 02:00,-68.23,-66.01,-53.14,-45.4152,-42.3672
2020-07-14 03:00,-67.97,-66.27,-52.93,-45.4152,-42.672
2020-07-14 04:00,-68.35,-66.05,-53.11,-45.4152,-42.672
2020-07-14 05:00,-68.45,-66.42,-53.15,-45.4152,-42.672
2020-07-14 06:00,-68.51,-66.54,-53.27,-45.4152,-42.672
2020-07-14 07:00,-68.72,-66.61,-53.55,-45.4152,-42.672
2020-07-14 08:00,-68.86,-66.89,-53.6,-45.4152,-42.672
2020-07-14 09:00,-68.91,-67.02,-53.61,-45.4152,-42.672
2020-07-14 10:00,-68.95,-67,-53.7,-45.4152,-42.672
2020-07-14 11:00,-68.8,-67.04,-53.81,-45.4152,-42.9768
2020-07-14 12:00,-68.83,-66.89,-53.97,-45.72,-42.9768
2020-07-14 13:00,-68.76,-66.93,-53.86,-45.72,-42.9768
2020-07-14 14:00,-69.04,-66.8,-54.25,-46.0248,-43.2816
2020-07-14 15:00,-68.93,-67.06,-54.16,-46.0248,-43.2816
2020-07-14 16:00,-69.12,-66.97,-54.42,-46.3296,-43.2816
2020-07-14 17:00,-68.86,-67.14,-54.22,-46.3296,-43.5864
2020-07-14 18:00,-69.27,-66.94,-54.51,-46.3296,-43.5864
2020-07-14 19:00,-69.1,-67.33,-54.23,-46.6344,-43.5864
2020-07-14 20:00,-69.26,-67.1,-54.3,-46.6344,-43.5864
2020-07-14 21:00,-69.34,-67.22,-54.49,-46.6344,-43.5864
2020-07-14 22:00,-69.27,-67.33,-54.35,-46.6344,-43.5864
2020-07-14 23:00,-69.31,-67.22,-54.48,-46.6344,-43.8912
2020-07-15 00:00,-69.64,-67.2,-54.71,-46.6344,-43.8912
2020-07-15 01:00,-69.47,-67.57,-54.61,-46.6344,-43.8912
2020-07-15 02:00,-69.36,-67.33,-54.65,-46.6344,-43.8912
2020-07-15 03:00,-69.63,-67.25,-54.82,-46.6344,-43.8912
2020-07-15 04:00,-69.71,-67.54,-54.65,-46.6344,-43.8912
2020-07-15 05:00,-69.63,-67.62,-54.68,-46.6344,-43.8912
2020-07-15 06:00,-69.91,-67.54,-54.91,-46.6344,-43.8912
2020-07-15 07:00,-70.22,-67.83,-55.1,-46.6344,-43.8912
2020-07-15 08:00,-70.19,-68.08,-55.22,-46.6344,-44.196
2020-07-15 09:00,-70.25,-68.11,-55.36,-46.6344,-44.196
2020-07-15 10:00,-70.37,-68.14,-55.5,-46.9392,-44.196
2020-07-15 11:00,-70.28,-68.28,-55.47,-46.9392,-44.196
2020-07-15 12:00,-70.35,-68.21,-55.57,-46.9392,-44.5008
2020-07-15 13:00,-70.4,-68.24,-55.68,-47.244,-44.5008
2020-07-15 14:00,-70.23,-68.25,-55.59,-47.244,-44.5008
2020-07-15 15:00,-70.32,-68.06,-55.85,-47.5488,-44.8056
2020-07-15 16:00,-70.4,-68.09,-56.07,-47.5488,-44.8056
2020-07-15 17:00,-70.56,-68.14,-56.03,-47.8536,-44.8056
2020-07-15 18:00,-70.43,-68.24,-55.94,-47.8536,-44.8056
2020-07-15 19:00,-70.62,-68.1,-56.01,-47.8536,-45.1104
2020-07-15 20:00,-70.53,-68.23,-55.93,-47.8536,-45.1104
2020-07-15 21:00,-70.72,-68.14,-56.08,-48.1584,-45.1104
2020-07-15 22:00,-70.78,-68.29,-56.01,-48.1584,-45.1104
2020-07-15 23:00,-70.84,-68.37,-56.19,-48.1584,-45.1104
2020-07-16 00:00,-70.96,-68.37,-56.17,-48.1584,-45.1104
2020-07-16 01:00,-70.85,-68.46,-56.13,-48.1584,-45.1104
2020-07-16 02:00,-71.06,-68.37,-56.35,-48.1584,-45.4152
2020-07-16 03:00,-71.17,-68.52,-56.44,-48.1584,-45.4152
2020-07-16 04:00,-71.32,-68.57,-56.48,-48.1584,-45.4152
2020-07-16 05:00,-71.44,-68.78,-56.48,-48.1584,-45.4152
2020-07-16 06:00,-71.58,-68.87,-56.61,-48.1584,-45.4152
2020-07-16 07:00,-71.56,-69.09,-56.77,-48.1584,-45.4152
2020-07-16 08:00,-71.67,-69.04,-56.82,-48.1584,-45.4152
2020-07-16 09:00,-71.84,-69.1,-57.03,-48.1584,-45.4152
2020-07-16 10:00,-71.91,-69.25,-56.99,-48.1584,-45.72
2020-07-16 11:00,-71.85,-69.38,-57.12,-48.4632,-45.72
2020-07-16 12:00,-71.92,,-57.33,-48.4632,-45.72
2020-07-16 13:00,-71.93,,-56.64,-48.4632,-46.0248
2020-07-16 14:00,-72.27,-70.01,-56.99,-48.768,-46.0248
2020-07-16 15:00,-72.41,-69.62,-57.23,-48.768,-46.0248
2020-07-16 16:00,-71.92,-69.78,-56.7,-48.768,-46.3296
2020-07-16 17:00,-72.09,-69.27,-57.03,-49.0728,-46.3296
2020-07-16 18:00,-72.37,-69.41,-57.2,-49.0728,-46.3296
2020-07-16 19:00,-72.37,-69.77,-57.18,-49.0728,-46.3296
2020-07-16 20:00,-72.28,-69.77,-57.12,-49.3776,-46.3296
2020-07-16 21:00,-72.51,-69.66,-57.25,-49.3776,-46.6344
2020-07-16 22:00,-72.47,-69.89,-57.27,-49.3776,-46.6344
2020-07-16 23:00,-72.73,-69.77,-57.51,-49.3776,-46.6344
2020-07-17 00:00,-72.61,-70.05,-57.42,-49.3776,-46.6344
2020-07-17 01:00,-72.63,-69.94,-57.42,-49.3776,-46.6344
2020-07-17 02:00,-72.74,-69.94,-57.47,-49.3776,-46.6344
2020-07-17 03:00,-72.8,-70.03,-57.69,-49.3776,-46.6344
2020-07-17 04:00,-72.83,-70.15,-57.66,-49.3776,-46.6344
2020-07-17 05:00,-72.92,-70.22,-57.57,-49.3776,-46.6344
2020-07-17 06:00,-73.24,-70.26,-57.84,-49.3776,-46.9392
2020-07-17 07:00,-73.28,-70.61,-57.94,-49.3776,-46.9392
2020-07-17 08:00,-73.4,-70.58,-58.16,-49.3776,-46.9392
2020-07-17 09:00,-73.38,-70.76,-58.15,-49.3776,-46.9392
2020-07-17 10:00,-73.55,-70.7,-58.33,-49.3776,-46.9392
2020-07-17 11:00,-73.6,-70.95,-58.47,-49.6824,-46.9392
2020-07-17 12:00,-73.55,-70.9,-58.39,-49.6824,-47.244
2020-07-17 13:00,-73.7,-70.82,-58.62,-49.6824,-47.244
2020-07-17 14:00,-73.82,-70.98,-58.75,-49.9872,-47.244
2020-07-17 15:00,-73.66,-71,-58.8,-49.9872,-47.5488
2020-07-17 16:00,-73.93,-70.91,-59.04,-49.9872,-47.5488
2020-07-17 17:00,-74,-71.24,-59.07,-50.292,-47.5488
2020-07-17 18:00,-74,-71.28,-58.86,-50.292,-47.8536
2020-07-17 19:00,-73.79,-71.32,-58.78,-50.292,-47.8536
2020-07-17 20:00,-73.94,-71.14,-59.01,-50.5968,-47.8536
2020-07-17 21:00,-73.98,-71.22,-58.99,-50.5968,-47.8536
2020-07-17 22:00,-74.17,-71.21,-59.26,-50.5968,-47.8536
2020-07-17 23:00,-74.17,-71.39,-59,-50.5968,-47.8536
2020-07-18 00:00,-74.14,-71.37,-59.05,-50.5968,-47.8536
2020-07-18 01:00,-74.33,-71.36,-59.23,-50.5968,-47.8536
2020-07-18 02:00,-74.35,-71.52,-59.2,-50.5968,-48.1584
2020-07-18 03:00,-74.4,-71.55,-59.26,-50.5968,-48.1584
2020-07-18 04:00,-74.51,-71.49,-59.42,-50.5968,-48.1584
2020-07-18 05:00,-74.53,-71.7,-59.28,-50.5968,-48.1584
2020-07-18 06:00,-74.58,-71.73,-59.35,-50.5968,-48.1584
2020-07-18 07:00,-74.92,-71.82,-59.8,-50.5968,-48.1584
2020-07-18 08:00,-74.94,-72.11,-59.84,-50.5968,-48.1584
2020-07-18 09:00,-75.1,-72.17,-59.94,-50.5968,-48.1584
2020-07-18 10:00,-75.1,-72.2,-59.97,-50.5968,-48.4632
2020-07-18 11:00,-75.17,-72.28,-60.12,-50.9016,-48.4632
2020-07-18 12:00,-75.22,-72.38,-60.11,-50.9016,-48.4632
2020-07-18 13:00,-75.34,-72.32,-60.34,-50.9016,-48.768
2020-07-18 14:00,-75.28,-72.4,-60.26,-51.2064,-48.768
2020-07-18 15:00,-75.6,-72.28,-60.65,-51.2064,-48.768
2020-07-18 16:00,-75.12,-72.6,-60.28,-51.2064,-49.0728
2020-07-18 17:00,-74.93,-72.08,-60.04,-51.5112,-49.0728
2020-07-18 18:00,-75.29,-71.98,-60.4,-51.5112,-49.0728
2020-07-18 19:00,-75.54,-72.38,-60.51,-51.5112,-49.0728
2020-07-18 20:00,-75.44,-72.57,-60.46,-51.5112,-49.0728
2020-07-18 21:00,-75.55,-72.48,-60.49,-51.5112,-49.0728
2020-07-18 22:00,-75.47,-72.59,-60.57,-51.5112,-49.0728
2020-07-18 23:00,-75.7,-72.48,-60.68,-51.5112,-49.0728
2020-07-19 00:00,-75.63,-72.65,-60.63,-51.5112,-49.3776
2020-07-19 01:00,-75.74,-72.62,-60.69,-51.5112,-49.3776
2020-07-19 02:00,-75.83,-72.72,-60.82,-51.5112,-49.3776
2020-07-19 03:00,-75.84,-72.78,-60.74,-51.5112,-49.3776
2020-07-19 04:00,-75.81,-72.82,-60.74,-51.5112,-49.3776
2020-07-19 05:00,-75.92,-72.77,-60.83,-51.5112,-49.3776
2020-07-19 06:00,-76.17,-72.88,-61.02,-51.5112,-49.3776
2020-07-19 07:00,-76.3,-73.16,-61.26,-51.5112,-49.3776
2020-07-19 08:00,-76.44,-73.3,-61.36,-51.816,-49.3776
2020-07-19 09:00,-76.53,-73.42,-61.5,-51.816,-49.6824
2020-07-19 10:00,-76.67,-73.47,-61.63,-51.816,-49.6824
2020-07-19 11:00,-76.67,-73.59,-61.69,-51.816,-49.6824
2020-07-19 12:00,-76.64,-73.57,-61.73,-51.816,-49.6824
2020-07-19 13:00,-76.86,-73.54,-62.03,-52.1208,-49.9872
2020-07-19 14:00,-76.85,-73.72,-62.05,-52.1208,-49.9872
2020-07-19 15:00,-76.84,-73.73,-62.02,-52.1208,-50.292
2020-07-19 16:00,-76.98,-73.68,-62.22,-52.4256,-50.292
2020-07-19 17:00,-76.91,-73.75,-62.24,-52.4256,-50.292
2020-07-19 18:00,-77.08,-73.78,-62.36,-52.4256,-50.292
2020-07-19 19:00,-76.96,-74,-62.19,-52.7304,-50.292
2020-07-19 20:00,-76.94,-73.87,-62.18,-52.7304,-50.5968
2020-07-19 21:00,-77.06,-73.84,-62.19,-52.7304,-50.5968
2020-07-19 22:00,-77.12,-73.99,-62.28,-52.7304,-50.5968
2020-07-19 23:00,-77.15,-74.03,-62.3,-52.7304,-50.5968
2020-07-20 00:00,-77.16,-73.97,-62.41,-52.7304,-50.5968
2020-07-20 01:00,-77.17,-73.98,-62.41,-52.7304,-50.5968
2020-07-20 02:00,-77.34,-74,-62.51,-52.7304,-50.5968
2020-07-20 03:00,-77.39,-74.11,-62.55,-52.7304,-50.9016
2020-07-20 04:00,-77.52,-74.19,-62.58,-53.0352,-50.9016
2020-07-20 05:00,-77.55,-74.43,-62.58,-53.0352,-50.9016
2020-07-20 06:00,-77.74,-74.39,-62.79,-53.0352,-50.9016
2020-07-20 07:00,-77.88,-74.6,-62.9,-53.0352,-50.9016
2020-07-20 08:00,-78.04,-74.71,-63.16,-53.0352,-50.9016
2020-07-20 09:00,-78.13,-74.9,-63.31,-53.0352,-50.9016
2020-07-20 10:00,-78.24,-74.88,-63.32,-53.0352,-51.2064
2020-07-20 11:00,-78.43,-75.01,-63.51,-53.0352,-51.2064
2020-07-20 12:00,-78.4,-75.16,-63.59,-53.34,-51.5112
2020-07-20 13:00,-78.5,-75.11,-63.72,-53.34,-51.5112
2020-07-20 14:00,-78.55,-75.13,-63.78,-53.34,-51.5112
2020-07-20 15:00,-78.5,-75.13,-63.84,-53.6448,-51.5112
2020-07-20 16:00,-78.57,-75.14,-63.97,-53.6448,-51.816
2020-07-20 17:00,-78.7,-75.15,-64.07,-53.6448,-51.816
2020-07-20 18:00,-78.66,-75.27,-63.99,-53.9496,-51.816
2020-07-20 19:00,-78.64,-75.38,-63.95,-53.9496,-52.1208
2020-07-20 20:00,-78.7,-75.39,-63.86,-53.9496,-52.1208
2020-07-20 21:00,-78.99,-75.5,-64.23,-53.9496,-52.1208
2020-07-20 22:00,-78.87,-75.78,-64.07,-53.9496,-52.1208
2020-07-20 23:00,-78.71,-75.54,-64.15,-53.9496,-52.1208
2020-07-21 00:00,-78.99,-75.33,-64.29,-54.2544,-52.1208
2020-07-21 01:00,-79.08,-75.65,-64.31,-54.2544,-52.1208
2020-07-21 02:00,-79.14,-75.68,-64.3,-54.2544,-52.4256
2020-07-21 03:00,-79.28,-75.78,-64.33,-54.2544,-52.4256
2020-07-21 04:00,-79.26,-75.91,-64.37,-54.2544,-52.4256
2020-07-21 05:00,-79.4,-75.9,-64.55,-54.2544,-52.4256
2020-07-21 06:00,-79.61,-76.03,-64.71,-54.2544,-52.4256
2020-07-21 07:00,-79.8,-76.25,-64.97,-54.2544,-52.4256
2020-07-21 08:00,-79.88,-76.46,-64.95,-54.2544,-52.4256
2020-07-21 09:00,-80.11,-76.51,-65.22,-54.2544,-52.7304
2020-07-21 10:00,-80.07,-76.7,-65.17,-54.5592,-52.7304
2020-07-21 11:00,-80.24,-76.65,-65.42,-54.5592,-52.7304
2020-07-21 12:00,-80.22,-76.75,-65.47,-54.5592,-52.7304
2020-07-21 13:00,-80.24,-76.73,-65.54,-54.5592,-53.0352
2020-07-21 14:00,-80.2,-76.72,-65.56,-54.864,-53.0352
2020-07-21 15:00,-80.38,-76.62,-65.78,-54.864,-53.34
2020-07-21 16:00,-80.39,-76.76,-65.79,-54.864,-53.34
2020-07-21 17:00,-80.59,-76.73,-65.92,-55.1688,-53.34
2020-07-21 18:00,-80.51,-77,-65.85,-55.1688,-53.34
2020-07-21 19:00,-80.56,-76.92,-65.8,-55.1688,-53.6448
2020-07-21 20:00,-80.6,-77.07,-65.8,-55.1688,-53.6448
2020-07-21 21:00,-80.63,-77.1,-65.85,-55.1688,-53.6448
2020-07-21 22:00,-80.66,-77.09,-65.94,-55.4736,-53.6448
2020-07-21 23:00,-80.91,-77.05,-66.16,-55.4736,-53.6448
2020-07-22 00:00,-80.83,-77.32,-66.06,-55.4736,-53.6448
2020-07-22 01:00,-80.97,-77.21,-66.1,-55.4736,-53.6448
2020-07-22 02:00,-80.88,-77.36,-66.07,-55.4736,-53.9496
2020-07-22 03:00,-80.97,-77.23,-66.19,-55.4736,-53.9496
2020-07-22 04:00,-81.19,-77.29,-66.37,-55.4736,-53.9496
2020-07-22 05:00,-81.13,-77.46,-66.32,-55.4736,-53.9496
2020-07-22 06:00,-81.5,-77.45,-66.58,-55.4736,-53.9496
2020-07-22 07:00,-81.78,-77.77,-66.73,-55.4736,-53.9496
2020-07-22 08:00,-81.72,-78.08,-66.71,-55.4736,-53.9496
2020-07-22 09:00,-81.91,-78.02,-66.94,-55.7784,-54.2544
2020-07-22 10:00,-81.99,-78.18,-67.12,-55.7784,-54.2544
2020-07-22 11:00,-82.08,-78.23,-67.23,-55.7784,-54.2544
2020-07-22 12:00,-82.15,-78.31,-67.37,-55.7784,-54.5592
2020-07-22 13:00,-82.24,-78.29,-67.52,-55.7784,-54.5592
2020-07-22 14:00,-82.29,-78.35,-67.62,-56.0832,-54.5592
2020-07-22 15:00,-82.17,-78.38,-67.5,-56.0832,-54.864
2020-07-22 16:00,-82.27,-78.18,-67.69,-56.0832,-54.864
2020-07-22 17:00,-82.3,-78.21,-67.66,-56.388,-54.864
2020-07-22 18:00,-82.36,-78.41,-67.72,-56.388,-55.1688
2020-07-22 19:00,-82.37,-78.66,-67.67,-56.388,-55.1688
2020-07-22 20:00,-82.2,-78.7,-67.71,-56.388,-55.1688
2020-07-22 21:00,-82.25,-78.69,-67.75,-56.6928,-55.1688
2020-07-22 22:00,-82.43,-78.73,-67.91,-56.6928,-55.1688
2020-07-22 23:00,-82.4,-78.95,-68,-56.6928,-55.1688
2020-07-23 00:00,-82.41,-78.94,-67.91,-56.6928,-55.1688
2020-07-23 01:00,-82.5,-78.85,-68.02,-56.6928,-55.4736
2020-07-23 02:00,-82.53,-78.92,-67.86,-56.6928,-55.4736
2020-07-23 03:00,-82.6,-78.93,-68.08,-56.6928,-55.4736
2020-07-23 04:00,-82.76,-78.98,-68.13,-56.6928,-55.4736
2020-07-23 05:00,-82.84,-79.1,-68.14,-56.6928,-55.4736
2020-07-23 06:00,-83.03,-79.23,-68.34,-56.6928,-55.4736
2020-07-23 07:00,-83.29,-79.46,-68.66,-56.9976,-55.4736
2020-07-23 08:00,-83.43,-79.68,-68.78,-56.9976,-55.7784
2020-07-23 09:00,-83.53,-79.82,-68.75,-56.9976,-55.7784
2020-07-23 10:00,-83.43,-79.89,-68.98,-56.9976,-55.7784
2020-07-23 11:00,-83.64,-79.86,-69.15,-56.9976,-55.7784
2020-07-23 12:00,-83.64,-80.05,-69.24,-57.3024,-56.0832
2020-07-23 13:00,-83.5,-79.99,-69.22,-57.3024,-56.0832
2020-07-23 14:00,-83.74,-79.61,-69.42,-57.3024,-56.0832
2020-07-23 15:00,-83.94,-79.79,-69.66,-57.3024,-56.388
2020-07-23 16:00,-83.62,-80.1,-69.39,-57.3024,-56.388
2020-07-23 17:00,-83.5,-79.88,-69.15,-57.6072,-56.388
2020-07-23 18:00,-83.59,-79.82,-69,-57.6072,-56.388
2020-07-23 19:00,-83.81,-80,-69.62,-57.6072,-56.6928
2020-07-23 20:00,-83.93,-80.16,-69.47,-57.6072,-56.6928
2020-07-23 21:00,-84.15,-80.25,-69.63,-57.6072,-56.6928
2020-07-23 22:00,-84.28,-80.46,-69.71,-57.912,-56.6928
2020-07-23 23:00,-84.44,-80.51,-69.64,-57.912,-56.6928
2020-07-24 00:00,-84.29,-80.69,-69.77,-57.912,-56.6928
2020-07-24 01:00,-84.34,-80.5,-69.76,-57.912,-56.9976
2020-07-24 02:00,-84.49,-80.39,-69.67,-57.912,-56.9976
2020-07-24 03:00,-84.76,-80.39,-69.92,-57.912,-56.9976
2020-07-24 04:00,-84.88,-80.69,-69.91,-57.912,-56.9976
2020-07-24 05:00,-85.08,-80.73,-69.9,-57.912,-56.9976
2020-07-24 06:00,-85.6,-80.88,-70.2,-57.912,-56.9976
2020-07-24 07:00,-85.78,-81.28,-70.52,-57.912,-56.9976
2020-07-24 08:00,-85.99,-81.46,-70.55,-58.2168,-57.3024
2020-07-24 09:00,-86.23,-81.51,-70.71,-58.2168,-57.3024
2020-07-24 10:00,-86.24,-81.69,-70.66,-58.2168,-57.3024
2020-07-24 11:00,-86.31,-81.67,-70.83,-58.2168,-57.3024
2020-07-24 12:00,-86.32,-81.68,-70.66,-58.2168,-57.6072
2020-07-24 13:00,-86.27,-81.58,-70.77,-58.2168,-57.6072
2020-07-24 14:00,-86.21,-81.47,-70.88,-58.5216,-57.6072
2020-07-24 15:00,-86.73,-81.14,-71.33,-58.5216,-57.6072
2020-07-24 16:00,-86.98,-81.55,-71.35,-58.5216,-57.912
2020-07-24 17:00,-86.87,-81.85,-71.25,-58.5216,-57.912
2020-07-24 18:00,-86.86,-81.83,-71.18,-58.8264,-57.912
2020-07-24 19:00,-86.9,-81.81,-71.15,-58.8264,-57.912
2020-07-24 20:00,-86.95,-81.92,-71.19,-58.8264,-58.2168
2020-07-24 21:00,-86.71,-82.23,-71.22,-58.8264,-58.2168
2020-07-24 22:00,-86.69,-82.21,-71.05,-58.2168,-58.2168
2020-07-24 23:00,-86.99,-82.03,-71.21,-58.2168,-58.2168
2020-07-25 00:00,-86.91,-82.34,-71.15,-58.2168,-58.2168
2020-07-25 01:00,-87.12,-82.2,-71.21,-58.2168,-58.2168
2020-07-25 02:00,-87.11,-82.32,-71.22,-57.912,-58.2168
2020-07-25 03:00,-87.21,-82.38,-71.26,-57.912,-58.5216
2020-07-25 04:00,-87.27,-82.37,-71.13,-57.912,-58.5216
2020-07-25 05:00,-87.42,-82.53,-71.15,-57.912,-58.5216
2020-07-25 06:00,-87.36,-82.67,-71.08,-57.912,-58.5216
2020-07-25 07:00,-87.55,-82.66,-71.22,-57.912,-58.5216
2020-07-25 08:00,-87.63,-82.91,-71.49,-57.912,-58.5216
2020-07-25 09:00,-87.91,-82.97,-71.66,-57.912,-58.5216
2020-07-25 10:00,-87.9,-83.17,-71.65,-57.912,-58.8264
2020-07-25 11:00,-87.91,-83.16,-71.7,-57.912,-58.8264
2020-07-25 12:00,-87.9,-83.1,-71.83,-57.912,-58.8264
2020-07-25 13:00,-88.02,-83.08,-71.91,-58.2168,-59.1312
2020-07-25 14:00,-88.03,-83.11,-72,-58.2168,-59.1312
2020-07-25 15:00,-88.02,-83.01,-72.03,-58.2168,-59.1312
2020-07-25 16:00,-88.17,-82.93,-72.16,-58.5216,-59.1312
2020-07-25 17:00,-88.28,-83.19,-72.26,-58.5216,-59.436
2020-07-25 18:00,-88.21,-83.28,-71.3,-58.5216,-59.436
2020-07-25 19:00,-87.89,-83.44,-50.22,-58.5216,-56.9976
2020-07-25 20:00,-88.22,-82.9,-48.91,-48.4632,-54.5592
2020-07-25 21:00,-88.23,-83.21,-48.34,-46.9392,-54.5592
2020-07-25 22:00,-88.21,-83.2,-48.24,-46.3296,-54.5592
2020-07-25 23:00,-88.12,-83.21,-48.23,-46.0248,-54.5592
2020-07-26 00:00,-88.17,-83.16,-48.22,-45.72,-54.5592
2020-07-26 01:00,-88.34,-83.12,-48.42,-45.72,-54.5592
2020-07-26 02:00,-88.27,-83.27,-48.34,-45.72,-54.5592
2020-07-26 03:00,-88.32,-83.12,-48.39,-45.72,-54.5592
2020-07-26 04:00,-88.27,-83.09,-48.42,-45.72,-54.5592
2020-07-26 05:00,-88.27,-83.04,-48.38,-45.72,-54.5592
2020-07-26 06:00,-88.32,-83,-48.62,-45.72,-54.5592
2020-07-26 07:00,-88.58,-83.03,-48.87,-45.72,-54.5592
2020-07-26 08:00,-88.53,-83.24,-48.97,-45.72,-54.864
2020-07-26 09:00,-88.58,-83.1,-49.13,-45.72,-54.864
2020-07-26 10:00,-88.6,-83.13,-49.24,-45.72,-54.864
2020-07-26 11:00,-88.61,-83.06,-49.36,-46.0248,-54.864
2020-07-26 12:00,-88.72,-83.07,-49.75,-46.0248,-55.1688
2020-07-26 13:00,-88.74,-83.05,-49.9,-46.3296,-55.1688
2020-07-26 14:00,-88.76,-82.95,-50.04,-46.3296,-55.1688
2020-07-26 15:00,-88.69,-82.93,-50.13,-46.6344,-55.4736
2020-07-26 16:00,-88.88,-82.82,-50.44,-46.9392,-55.4736
2020-07-26 17:00,-88.87,-82.95,-50.47,-46.9392,-55.4736
2020-07-26 18:00,-88.8,-82.98,-50.44,-47.244,-55.7784
2020-07-26 19:00,-88.63,-82.84,-50.39,-47.244,-55.7784
2020-07-26 20:00,-88.59,-82.76,-50.39,-47.244,-55.7784
2020-07-26 21:00,-88.66,-82.69,-50.43,-47.244,-55.7784
2020-07-26 22:00,-88.59,-82.68,-50.46,-47.5488,-55.7784
2020-07-26 23:00,-88.59,-82.64,-50.53,-47.5488,-55.7784
2020-07-27 00:00,-88.68,-82.62,-50.66,-47.5488,-56.0832
2020-07-27 01:00,-88.7,-82.63,-50.68,-47.5488,-56.0832
2020-07-27 02:00,-88.68,-82.64,-50.82,-47.5488,-56.0832
2020-07-27 03:00,-88.75,-82.55,-50.79,-47.5488,-56.0832
2020-07-27 04:00,-88.76,-82.55,-50.83,-47.8536,-56.0832
2020-07-27 05:00,-88.95,-82.56,-50.99,-47.8536,-56.0832
2020-07-27 06:00,-89.13,-82.78,-51.19,-47.8536,-56.0832
2020-07-27 07:00,-89.22,-82.92,-51.34,-47.8536,-56.388
2020-07-27 08:00,-89.39,-83.03,-51.57,-47.8536,-56.388
2020-07-27 09:00,-89.37,-83.08,-51.75,-47.8536,-56.388
2020-07-27 10:00,-89.44,-83.03,-51.86,-48.1584,-56.388
2020-07-27 11:00,-89.57,-82.99,-52,-48.1584,-56.6928
2020-07-27 12:00,-89.54,-83.06,-52.19,-48.1584,-56.6928
2020-07-27 13:00,-89.64,-83,-52.32,-48.4632,-56.6928
2020-07-27 14:00,-89.5,-83,-52.34,-48.4632,-56.9976
2020-07-27 15:00,-89.56,-82.78,-52.56,-48.768,-56.9976
2020-07-27 16:00,-89.47,-82.81,-52.57,-48.768,-56.9976
2020-07-27 17:00,-89.43,-82.63,-52.64,-49.0728,-57.3024
2020-07-27 18:00,-89.48,-82.56,-52.65,-49.0728,-57.3024
2020-07-27 19:00,-89.51,-82.66,-52.7,-49.0728,-57.3024
2020-07-27 20:00,-89.53,-82.8,-52.64,-49.3776,-57.3024
2020-07-27 21:00,-89.64,-82.88,-52.72,-49.3776,-57.3024
2020-07-27 22:00,-89.55,-83.05,-52.81,-49.3776,-57.6072
2020-07-27 23:00,-89.51,-82.99,-52.84,-49.3776,-57.6072
2020-07-28 00:00,-89.57,-82.88,-52.94,-49.3776,-57.6072
2020-07-28 01:00,-89.53,-82.9,-52.91,-49.6824,-57.6072
2020-07-28 02:00,-89.6,-82.85,-53.04,-49.6824,-57.6072
2020-07-28 03:00,-89.68,-82.74,-53.05,-49.6824,-57.6072
2020-07-28 04:00,-89.83,-82.81,-53.1,-49.6824,-57.6072
2020-07-28 05:00,-89.88,-82.98,-53.19,-49.6824,-57.912
2020-07-28 06:00,-90.06,-83.1,-53.27,-49.6824,-57.912
2020-07-28 07:00,-90.33,-83.37,-53.56,-49.6824,-57.912
2020-07-28 08:00,-90.32,-83.63,-53.66,-49.9872,-57.912
2020-07-28 09:00,-90.46,-83.64,-53.81,-49.9872,-57.912
2020-07-28 10:00,-90.63,-83.69,-54.08,-49.9872,-58.2168
2020-07-28 11:00,-90.63,-83.9,-54.18,-49.9872,-58.2168
2020-07-28 12:00,-90.46,-83.85,-54.21,-50.292,-58.2168
2020-07-28 13:00,-90.39,-83.5,-54.41,-50.292,-58.5216
2020-07-28 14:00,-90.56,-83.34,-54.42,-50.5968,-58.5216
2020-07-28 15:00,-90.37,-83.48,-54.28,-50.5968,-58.5216
2020-07-28 16:00,-91.04,-83.32,-54.66,-50.5968,-58.5216
2020-07-28 17:00,-90.44,-84.2,-54.69,-50.5968,-58.8264
2020-07-28 18:00,-90.49,-83.64,-54.45,-50.5968,-58.8264
2020-07-28 19:00,-90.6,-83.54,-54.41,-50.9016,-58.8264
2020-07-28 20:00,-90.7,-83.85,-54.74,-50.9016,-58.8264
2020-07-28 21:00,-90.73,-84.08,-54.67,-50.9016,-58.8264
2020-07-28 22:00,-90.43,-84.04,-54.39,-50.9016,-58.8264
2020-07-28 23:00,-90.7,-83.66,-54.73,-50.9016,-59.1312
2020-07-29 00:00,-90.79,-84.03,-54.88,-50.9016,-59.1312
2020-07-29 01:00,-90.69,-84,-54.58,-50.9016,-59.1312
2020-07-29 02:00,-90.71,-83.84,-54.63,-51.2064,-59.1312
2020-07-29 03:00,-90.9,-83.86,-54.82,-51.2064,-59.1312
2020-07-29 04:00,-90.93,-84.03,-54.84,-51.2064,-59.1312
2020-07-29 05:00,-91.02,-83.97,-54.79,-51.2064,-59.1312
2020-07-29 06:00,-91.33,-84.19,-55.08,-51.2064,-59.1312
2020-07-29 07:00,-91.62,-84.54,-55.3,-51.2064,-59.436
2020-07-29 08:00,-91.59,-84.88,-55.24,-51.2064,-59.436
2020-07-29 09:00,-91.75,-84.78,-55.5,-51.2064,-59.436
2020-07-29 10:00,-91.69,-85.06,-55.48,-51.2064,-59.436
2020-07-29 11:00,-91.32,-84.98,-55.29,-51.5112,-59.436
2020-07-29 12:00,-91.51,-84.47,-55.38,-51.5112,-59.436
2020-07-29 13:00,-91.8,-84.61,-55.77,-51.5112,-59.436
2020-07-29 14:00,-91.77,-84.81,-55.86,-51.5112,-59.436
2020-07-29 15:00,-91.9,-84.57,-55.81,-51.5112,-59.7408
2020-07-29 16:00,-91.82,-84.75,-55.95,-51.5112,-59.7408
2020-07-29 17:00,-92.06,-84.6,-56.1,-51.816,-59.7408
2020-07-29 18:00,-92.02,-84.85,-55.92,-51.816,-59.7408
2020-07-29 19:00,-91.88,-84.82,-55.86,-51.816,-59.7408
2020-07-29 20:00,-92,-84.69,-55.93,-51.816,-60.0456
2020-07-29 21:00,-92,-84.9,-55.96,-51.816,-60.0456
2020-07-29 22:00,-91.9,-84.88,-55.85,-51.816,-60.0456
2020-07-29 23:00,-92.02,-84.84,-55.97,-51.816,-60.0456
2020-07-30 00:00,-91.9,-84.93,-55.99,-52.1208,-60.0456
2020-07-30 01:00,-91.81,-84.82,-55.98,-52.1208,-60.0456
2020-07-30 02:00,-91.87,-84.56,-56.02,-52.1208,-60.0456
2020-07-30 03:00,-92.17,-84.52,-56.18,-52.1208,-60.0456
2020-07-30 04:00,-92.34,-84.88,-56.22,-52.1208,-60.3504
2020-07-30 05:00,-92.44,-85.03,-56.28,-52.1208,-60.3504
2020-07-30 06:00,-92.59,-85.21,-56.53,-52.1208,-60.3504
2020-07-30 07:00,-92.88,-85.36,-56.68,-52.1208,-60.3504
2020-07-30 08:00,-92.95,-85.64,-56.95,-52.1208,-60.3504
2020-07-30 09:00,-93.16,-85.71,-57.11,-52.1208,-60.3504
2020-07-30 10:00,-92.91,-85.89,-56.81,-52.4256,-60.3504
2020-07-30 11:00,-92.94,-85.59,-57.13,-52.4256,-60.6552
2020-07-30 12:00,-92.9,-85.62,-57.23,-52.4256,-60.6552
2020-07-30 13:00,-92.66,-85.5,-57.22,-52.4256,-60.6552
2020-07-30 14:00,-92.67,-85.14,-57.46,-52.7304,-60.6552
2020-07-30 15:00,-92.62,-85.05,-57.47,-52.7304,-60.96
2020-07-30 16:00,-92.54,-85,-57.51,-52.7304,-60.96
2020-07-30 17:00,-92.69,-85.03,-57.72,-53.0352,-60.96
2020-07-30 18:00,-92.64,-85.15,-57.7,-53.0352,-60.96
2020-07-30 19:00,-92.63,-85.24,-57.62,-53.0352,-61.2648
2020-07-30 20:00,-92.73,-85.22,-57.65,-53.0352,-61.2648
2020-07-30 21:00,-92.72,-85.45,-57.71,-53.0352,-61.2648
2020-07-30 22:00,-92.59,-85.55,-57.78,-53.34,-61.2648
2020-07-30 23:00,-92.68,-85.38,-57.96,-53.34,-61.2648
2020-07-31 00:00,-92.56,-85.4,-57.8,-53.34,-61.2648
2020-07-31 01:00,-92.47,-85.19,-57.89,-53.34,-61.2648
2020-07-31 02:00,-92.6,-84.99,-57.98,-53.34,-61.2648
2020-07-31 03:00,-92.84,-85,-57.92,-53.34,-61.5696
2020-07-31 04:00,-92.73,-85.26,-58,-53.34,-61.5696
2020-07-31 05:00,-93.02,-85.15,-58.11,-53.34,-61.5696
2020-07-31 06:00,-93.34,-85.46,-58.27,-53.34,-61.5696
2020-07-31 07:00,-93.29,-85.82,-58.19,-53.6448,-61.5696
2020-07-31 08:00,-93.21,-85.92,-58.32,-53.6448,-61.5696
2020-07-31 09:00,-93.68,-85.82,-58.71,-53.6448,-61.5696
2020-07-31 10:00,-93.57,-86.28,-58.67,-53.6448,-61.8744
2020-07-31 11:00,-93.55,-86.14,-58.8,-53.6448,-61.8744
2020-07-31 12:00,-93.72,-86.04,-59.14,-53.6448,-61.8744
2020-07-31 13:00,-93.81,-86.1,-59.05,-53.9496,-61.8744
2020-07-31 14:00,-93.9,-86.07,-59.28,-53.9496,-62.1792
2020-07-31 15:00,-93.98,-86.17,-59.44,-53.9496,-62.1792
2020-07-31 16:00,-93.96,-86.1,-59.51,-54.2544,-62.1792
2020-07-31 17:00,-94.14,-85.97,-59.72,-54.2544,-62.1792
2020-07-31 18:00,-94.21,-86.12,-59.54,-54.2544,-62.484
2020-07-31 19:00,-94.12,-86.39,-59.55,-54.2544,-62.484
2020-07-31 20:00,-94.3,-86.31,-59.42,-54.5592,-62.484
2020-07-31 21:00,-94.26,-86.64,-59.65,-54.5592,-62.484
2020-07-31 22:00,-94.4,-86.71,-59.74,-54.5592,-62.484
2020-07-31 23:00,-94.01,-86.92,-59.28,-54.5592,-62.484
2020-08-01 00:00,-94.16,-86.42,-59.64,-54.5592,-62.7888
2020-08-01 01:00,-94.21,-86.57,-60.01,-54.5592,-62.7888
2020-08-01 02:00,-94.47,-86.65,-59.89,-54.5592,-62.7888
2020-08-01 03:00,-94.27,-86.95,-59.81,-54.864,-62.7888
2020-08-01 04:00,-94.46,-86.65,-59.86,-54.5592,-62.7888
2020-08-01 05:00,-94.58,-86.8,-59.81,-54.5592,-62.7888
2020-08-01 06:00,-94.79,-86.97,-59.98,-54.5592,-62.7888
2020-08-01 07:00,-94.78,-87.24,-59.99,-54.864,-62.7888
2020-08-01 08:00,-95.15,-87.35,-60.42,-54.864,-63.0936
2020-08-01 09:00,-95.32,-87.69,-60.56,-54.864,-63.0936
2020-08-01 10:00,-95.27,-87.84,-60.54,-54.864,-63.0936
2020-08-01 11:00,-95.21,-87.78,-60.59,-54.864,-63.0936
2020-08-01 12:00,-95.24,-87.66,-60.68,-54.864,-63.3984
2020-08-01 13:00,-95.15,-87.63,-60.83,-54.864,-63.3984
2020-08-01 14:00,-95.06,-87.42,-60.79,-55.1688,-63.3984
2020-08-01 15:00,-96.09,-87.16,-61.25,-55.1688,-63.3984
2020-08-01 16:00,-95.69,-88.43,-60.18,-55.1688,-62.7888
2020-08-01 17:00,-95.76,-87.99,-59.49,-54.5592,-62.484
2020-08-01 18:00,-95.3,-88.11,-58.88,-54.2544,-62.484
2020-08-01 19:00,-95.5,-87.77,-59.05,-53.9496,-62.484
2020-08-01 20:00,-95.41,-87.93,-58.61,-53.6448,-62.484
2020-08-01 21:00,-95.54,-87.8,-58.61,-53.6448,-62.484
2020-08-01 22:00,-95.61,-87.95,-58.66,-53.34,-62.484
2020-08-01 23:00,-95.58,-88.06,-58.53,-53.34,-62.484
2020-08-02 00:00,-95.47,-87.95,-58.34,-53.34,-62.484
2020-08-02 01:00,-95.76,-87.77,-58.55,-53.34,-62.484
2020-08-02 02:00,-95.6,-88.08,-58.43,-53.0352,-62.7888
2020-08-02 03:00,-95.58,-87.97,-58.31,-53.0352,-62.7888
2020-08-02 04:00,-95.58,-87.88,-58.25,-53.0352,-62.7888
2020-08-02 05:00,-95.97,-87.94,-58.43,-53.0352,-62.7888
2020-08-02 06:00,-96.04,-88.44,-58.44,-53.0352,-62.7888
2020-08-02 07:00,-96.28,-88.53,-58.67,-53.0352,-62.7888
2020-08-02 08:00,-96.25,-88.76,-58.68,-53.0352,-62.7888
2020-08-02 09:00,-96.22,-88.82,-58.73,-53.0352,-63.0936
2020-08-02 10:00,-96.28,-88.8,-58.89,-53.0352,-63.0936
2020-08-02 11:00,-96.34,-88.82,-59,-53.34,-63.0936
2020-08-02 12:00,-96.35,-88.86,-59.17,-53.34,-63.0936
2020-08-02 13:00,-96.38,-88.84,-59.27,-53.34,-63.3984
2020-08-02 14:00,-96.38,-88.84,-59.38,-53.6448,-63.3984
2020-08-02 15:00,-96.26,-88.81,-59.46,-53.6448,-63.3984
2020-08-02 16:00,-96.3,-88.62,-59.51,-53.6448,-63.7032
2020-08-02 17:00,-96.5,-88.66,-59.62,-53.9496,-63.7032
2020-08-02 18:00,-96.39,-88.88,-59.64,-53.9496,-63.7032
2020-08-02 19:00,-96.31,-88.82,-59.52,-53.9496,-63.7032
2020-08-02 20:00,-96.38,-88.84,-59.57,-53.9496,-63.7032
2020-08-02 21:00,-96.36,-88.9,-59.66,-53.9496,-63.7032
2020-08-02 22:00,-96.29,-88.94,-59.54,-54.2544,-64.008
2020-08-02 23:00,-96.27,-88.84,-59.6,-54.2544,-64.008
2020-08-03 00:00,-96.27,-88.79,-59.67,-54.2544,-64.008
2020-08-03 01:00,-96.37,-88.8,-59.64,-54.2544,-64.008
2020-08-03 02:00,-96.39,-88.89,-59.73,-54.2544,-64.008
2020-08-03 03:00,-96.43,-88.94,-59.65,-54.2544,-64.008
2020-08-03 04:00,-96.6,-88.92,-59.78,-54.2544,-64.008
2020-08-03 05:00,-96.59,-89.12,-59.72,-54.2544,-64.008
2020-08-03 06:00,-96.72,-89.21,-59.9,-54.2544,-64.008
2020-08-03 07:00,-96.97,-89.38,-60.2,-54.5592,-64.008
2020-08-03 08:00,-97.11,-89.58,-60.29,-54.5592,-64.3128
2020-08-03 09:00,-96.96,-89.77,-60.23,-54.5592,-64.3128
2020-08-03 10:00,-96.97,-89.62,-60.19,-54.2544,-64.3128
2020-08-03 11:00,-96.98,-89.53,-60.34,-54.2544,-64.3128
2020-08-03 12:00,-97.25,-89.44,-60.68,-54.5592,-64.3128
2020-08-03 13:00,-96.83,-89.64,-60.26,-54.5592,-64.3128
2020-08-03 14:00,-96.88,-89.29,-60.28,-54.5592,-63.0936
2020-08-03 15:00,-96.88,-89.26,-60.33,-54.5592,-62.7888
2020-08-03 16:00,-96.99,-89.15,-60.39,-54.5592,-62.7888
2020-08-03 17:00,-96.81,-89.24,-60.22,-54.5592,-62.7888
2020-08-03 18:00,-96.76,-89.02,-60.2,-54.5592,-62.7888
2020-08-03 19:00,-97.21,-88.98,-60.46,-54.5592,-62.7888
2020-08-03 20:00,-97.54,-89.4,-60.52,-54.5592,-63.0936
2020-08-03 21:00,-92.87,-89.91,-57.34,-54.5592,-63.0936
2020-08-03 22:00,-93.13,-87.92,-57.04,-53.34,-63.0936
2020-08-03 23:00,-92.73,-88.22,-56.52,-52.7304,-63.0936
2020-08-04 00:00,-92.29,-87.78,-56.14,-52.7304,-63.0936
2020-08-04 01:00,-88.2,-87.43,-46.45,-52.4256,-60.3504
2020-08-04 02:00,-85.04,-85.06,-41.97,-46.9392,-59.436
2020-08-04 03:00,-82.79,-84.45,-40.03,-45.1104,-58.8264
2020-08-04 04:00,-82.73,-84.01,-39.88,-43.2816,-58.5216
2020-08-04 05:00,-82.91,-83.94,-39.52,-42.9768,-58.2168
2020-08-04 06:00,-82.5,-84,-39.08,-42.672,-58.2168
2020-08-04 07:00,-82.39,-82.8,-38.95,-42.3672,-58.2168
2020-08-04 08:00,-82.47,-81.87,-39.19,-42.3672,-58.2168
2020-08-04 09:00,-82.63,-81.25,-39.46,-42.3672,-58.2168
2020-08-04 10:00,-82.81,-80.68,-39.77,-42.3672,-58.2168
2020-08-04 11:00,-82.89,-80.34,-40.07,-42.672,-58.2168
2020-08-04 12:00,-82.84,-79.79,-40.27,-42.672,-58.5216
2020-08-04 13:00,-82.97,-79.36,-40.59,-42.9768,-58.5216
2020-08-04 14:00,-83.05,-78.97,-40.8,-42.9768,-58.5216
2020-08-04 15:00,-82.98,-78.68,-40.88,-43.2816,-58.5216
2020-08-04 16:00,-83.19,-78.18,-41.11,-43.5864,-58.8264
2020-08-04 17:00,-83.19,-77.97,-41.13,-43.5864,-58.8264
2020-08-04 18:00,-83.63,-77.69,-41.53,-43.8912,-58.8264
2020-08-04 19:00,-83.53,-77.78,-41.28,-43.8912,-58.8264
2020-08-04 20:00,-83.73,-77.41,-41.37,-43.8912,-58.8264
2020-08-04 21:00,-83.82,-77.3,-41.4,-44.196,-58.8264
2020-08-04 22:00,-83.86,-77.1,-41.52,-44.196,-58.8264
2020-08-04 23:00,-83.95,-76.9,-41.65,-44.196,-58.8264
2020-08-05 00:00,-84.08,-76.75,-41.74,-44.196,-59.1312
2020-08-05 01:00,-84.03,-76.71,-41.78,-44.196,-59.1312
2020-08-05 02:00,-84.37,-76.42,-42.11,-44.196,-59.1312
2020-08-05 03:00,-84.58,-76.62,-42.08,-44.5008,-59.1312
2020-08-05 04:00,-84.72,-76.55,-42.18,-44.5008,-59.1312
2020-08-05 05:00,-84.88,-76.51,-42.24,-44.5008,-59.1312
2020-08-05 06:00,-85.1,-76.51,-42.39,-44.5008,-59.1312
2020-08-05 07:00,-85.22,-76.53,-42.44,-44.5008,-59.1312
2020-08-05 08:00,-85.38,-76.48,-42.65,-44.5008,-59.1312
2020-08-05 09:00,-85.73,-76.57,-42.88,-44.5008,-59.1312
2020-08-05 10:00,-85.66,-76.74,-43.15,-44.8056,-59.436
2020-08-05 11:00,-85.79,-76.54,-43.31,-44.8056,-59.436
2020-08-05 12:00,-85.75,-76.55,-43.45,-44.8056,-59.436
2020-08-05 13:00,-85.7,-76.47,-43.23,-45.1104,-59.436
2020-08-05 14:00,-85.41,-76.3,-43.1,-45.1104,-59.7408
2020-08-05 15:00,-85.96,-75.82,-43.62,-45.1104,-59.7408
2020-08-05 16:00,-86.06,-76.24,-43.63,-45.1104,-59.7408
2020-08-05 17:00,-86.02,-76.19,-43.56,-45.1104,-59.7408
2020-08-05 18:00,-86,-76.05,-43.64,-45.4152,-59.7408
2020-08-05 19:00,-86.06,-75.97,-43.6,-45.4152,-59.7408
2020-08-05 20:00,-86.3,-75.93,-43.66,-45.4152,-60.0456
2020-08-05 21:00,-86.55,-76.07,-43.87,-45.4152,-60.0456
2020-08-05 22:00,-86.53,-76.32,-43.97,-45.4152,-60.0456
2020-08-05 23:00,-86.61,-76.1,-43.89,-45.4152,-60.0456
2020-08-06 00:00,-86.74,-76.01,-43.96,-45.4152,-60.0456
2020-08-06 01:00,-86.94,-75.98,-43.97,-45.4152,-60.0456
2020-08-06 02:00,-87.26,-75.94,-44.22,-45.4152,-60.0456
2020-08-06 03:00,-87.46,-76.09,-44.21,-45.72,-60.0456
2020-08-06 04:00,-87.72,-76.07,-44.36,-45.72,-60.0456
2020-08-06 05:00,-87.75,-76.2,-44.3,-45.72,-60.3504
2020-08-06 06:00,-88.2,-76.05,-44.41,-45.72,-60.3504
2020-08-06 07:00,-88.34,-76.35,-44.51,-45.72,-60.3504
2020-08-06 08:00,-88.35,-76.42,-44.7,-45.72,-60.3504
2020-08-06 09:00,-88.52,-76.39,-44.95,-45.72,-60.3504
2020-08-06 10:00,-88.43,-76.56,-44.99,-45.72,-60.3504
2020-08-06 11:00,-88.57,-76.42,-45.2,-46.0248,-60.3504
2020-08-06 12:00,-88.5,-76.5,-45.38,-46.0248,-60.6552
2020-08-06 13:00,-88.76,-76.38,-45.72,-46.0248,-60.6552
2020-08-06 14:00,-88.49,-76.53,-45.61,-46.3296,-60.6552
2020-08-06 15:00,-88.49,-76.25,-45.62,-46.3296,-60.6552
2020-08-06 16:00,-88.3,-76.27,-45.65,-46.3296,-60.6552
2020-08-06 17:00,-88.51,-75.99,-45.39,-46.6344,-60.96
2020-08-06 18:00,-88.55,-76.23,-45.38,-46.6344,-60.96
2020-08-06 19:00,-88.57,-76.3,-45.67,-46.6344,-60.96
2020-08-06 20:00,-88.76,-76.33,-45.55,-46.6344,-60.96
2020-08-06 21:00,-88.66,-76.61,-45.75,-46.6344,-60.96
2020-08-06 22:00,-88.64,-76.54,-45.73,-46.6344,-60.96
2020-08-06 23:00,-88.76,-76.48,-45.97,-46.6344,-60.96
2020-08-07 00:00,-88.54,-76.6,-45.88,-46.6344,-61.2648
2020-08-07 01:00,-88.82,-76.27,-46.06,-46.6344,-61.2648
2020-08-07 02:00,-88.79,-76.59,-46.15,-46.6344,-61.2648
2020-08-07 03:00,-89,-76.47,-46.23,-46.9392,-61.2648
2020-08-07 04:00,-88.83,-76.64,-46.11,-46.9392,-61.2648
2020-08-07 05:00,-89.03,-76.42,-46.14,-46.9392,-61.2648
2020-08-07 06:00,-89.32,-76.65,-46.5,-46.9392,-61.2648
2020-08-07 07:00,-89.47,-76.96,-46.65,-46.9392,-61.2648
2020-08-07 08:00,-89.57,-77.1,-46.69,-46.9392,-61.2648
2020-08-07 09:00,-89.59,-77.17,-46.81,-46.9392,-61.2648
2020-08-07 10:00,-89.63,-77.15,-46.98,-46.9392,-61.5696
2020-08-07 11:00,-89.65,-77.22,-47.08,-46.9392,-61.5696
2020-08-07 12:00,-89.4,,-47.11,-47.244,-61.5696
2020-08-07 13:00,-89.96,-77.31,-47.57,-47.244,-61.5696
2020-08-07 14:00,-89.47,-77.91,-47.12,-47.244,-61.8744
2020-08-07 15:00,-89.49,-77.18,-47.45,-47.244,-61.8744
2020-08-07 16:00,-89.29,-77.32,-47.19,-47.244,-61.8744
2020-08-07 17:00,-89.64,-77.05,-47.46,-47.244,-61.8744
2020-08-07 18:00,-89.24,-77.31,-47.18,-47.244,-61.8744
2020-08-07 19:00,-89.87,-76.96,-47.58,-47.5488,-61.8744
2020-08-07 20:00,-89.73,-77.5,-47.39,-47.5488,-61.8744
2020-08-07 21:00,-90.26,-77.14,-47.71,-47.5488,-62.1792
2020-08-07 22:00,-89.81,-77.74,-47.57,-47.5488,-62.1792
2020-08-07 23:00,-89.51,-77.21,-47.59,-47.5488,-62.1792
2020-08-08 00:00,-89.68,-77.13,-47.54,-47.244,-62.1792
2020-08-08 01:00,-89.59,-77.24,-47.51,-47.244,-62.1792
2020-08-08 02:00,-89.59,-77.14,-47.41,-47.244,-62.1792
2020-08-08 03:00,-89.99,-77.07,-47.66,-46.9392,-62.1792
2020-08-08 04:00,-89.91,-77.52,-47.52,-46.9392,-62.1792
2020-08-08 05:00,-90.15,-77.32,-47.73,-46.9392,-62.1792
2020-08-08 06:00,-90.22,-77.46,-47.7,-46.9392,-62.1792
2020-08-08 07:00,-90.49,-77.53,-48.01,-46.9392,-62.1792
2020-08-08 08:00,-90.53,-77.81,-48.12,-46.9392,-62.484
2020-08-08 09:00,-90.34,-77.76,-48.02,-46.9392,-62.484
2020-08-08 10:00,-90.36,-77.65,-48.12,-46.9392,-62.484
2020-08-08 11:00,-90.5,-77.76,-48.35,-46.9392,-62.484
2020-08-08 12:00,-90.48,-77.89,-48.55,-47.244,-62.484
2020-08-08 13:00,-90.64,-77.94,-48.76,-47.244,-62.484
2020-08-08 14:00,-90.63,-78.05,-48.82,-47.5488,-62.7888
2020-08-08 15:00,-90.36,-78.06,-48.74,-47.5488,-62.7888
2020-08-08 16:00,-90.46,-77.86,-48.87,-47.5488,-62.7888
2020-08-08 17:00,-90.6,-77.94,-48.61,-47.8536,-62.7888
2020-08-08 18:00,-90.36,-77.84,-49.05,-47.8536,-62.7888
2020-08-08 19:00,-90.55,-77.53,-48.6,-47.8536,-63.0936
2020-08-08 20:00,-90.79,-77.75,-48.9,-47.5488,-63.0936
2020-08-08 21:00,-90.48,-77.77,-48.65,-47.5488,-63.0936
2020-08-08 22:00,-90.58,-77.61,-48.81,-47.5488,-63.0936
2020-08-08 23:00,-90.63,-77.71,-48.92,-47.5488,-63.0936
2020-08-09 00:00,-90.57,-77.67,-48.85,-47.5488,-63.0936
2020-08-09 01:00,-90.42,-77.75,-48.88,-47.5488,-63.0936
2020-08-09 02:00,-90.67,-77.67,-49.05,-47.5488,-63.0936
2020-08-09 03:00,-90.63,-77.92,-48.86,-47.5488,-63.3984
2020-08-09 04:00,-90.74,-77.78,-49.03,-47.5488,-63.3984
2020-08-09 05:00,-90.93,-77.89,-49.09,-47.5488,-63.3984
2020-08-09 06:00,-91.23,-77.96,-49.2,-47.5488,-63.3984
2020-08-09 07:00,-91.24,-78.16,-49.43,-47.5488,-63.3984
2020-08-09 08:00,-91.32,-78.31,-49.61,-47.5488,-63.3984
2020-08-09 09:00,-91.35,-78.33,-49.61,-47.5488,-63.3984
2020-08-09 10:00,-91.44,-78.38,-49.64,-47.5488,-63.3984
2020-08-09 11:00,-91.5,-78.43,-49.82,-47.5488,-63.7032
2020-08-09 12:00,-91.33,-78.51,-49.79,-47.8536,-63.7032
2020-08-09 13:00,-91.33,-78.35,-50.13,-47.8536,-63.7032
2020-08-09 14:00,-91.27,-78.4,-50.09,-47.8536,-63.7032
2020-08-09 15:00,-91.15,-78.37,-50.04,-48.1584,-64.008
2020-08-09 16:00,-91.42,-78.29,-50.32,-48.1584,-64.008
2020-08-09 17:00,-92.07,-78.48,-50.83,-48.1584,-64.008
2020-08-09 18:00,-91.49,-78.99,-50.43,-48.4632,-64.008
2020-08-09 19:00,-91.5,-78.54,-50.28,-48.4632,-64.008
2020-08-09 20:00,-91.69,-78.39,-50.34,-48.4632,-64.008
2020-08-09 21:00,-91.63,-78.53,-50.35,-48.4632,-64.008
2020-08-09 22:00,-91.59,-78.42,-50.36,-48.4632,-64.3128
2020-08-09 23:00,-91.55,-78.45,-50.39,-48.4632,-64.3128
2020-08-10 00:00,-91.66,-78.47,-50.56,-48.4632,-64.3128
2020-08-10 01:00,-91.73,-78.58,-50.53,-48.4632,-64.3128
2020-08-10 02:00,-91.76,-78.67,-50.6,-48.4632,-64.3128
2020-08-10 03:00,-91.63,-78.66,-50.44,-48.4632,-64.3128
2020-08-10 04:00,-91.84,-78.55,-50.6,-48.4632,-64.3128
2020-08-10 05:00,-92.01,-78.76,-50.66,-48.4632,-64.3128
2020-08-10 06:00,-92.14,-78.86,-50.85,-48.4632,-64.3128
2020-08-10 07:00,-92.27,-78.92,-50.98,-48.768,-64.6176
2020-08-10 08:00,-92.45,-79.12,-51.18,-48.768,-64.6176
2020-08-10 09:00,-92.55,-79.26,-51.28,-48.768,-64.6176
2020-08-10 10:00,-92.6,-79.34,-51.44,-48.768,-64.6176
2020-08-10 11:00,-92.58,-79.45,-51.49,-48.768,-64.6176
2020-08-10 12:00,-92.44,-79.34,-51.53,-48.768,-64.9224
2020-08-10 13:00,-92.24,-79.29,-51.63,-49.0728,-64.9224
2020-08-10 14:00,-92.42,-79.17,-51.76,-49.0728,-64.9224
2020-08-10 15:00,-92.21,-79.38,-51.7,-49.0728,-64.9224
2020-08-10 16:00,-92.31,-79.23,-51.73,-49.3776,-64.9224
2020-08-10 17:00,-92.4,-79.19,-51.76,-49.3776,-64.9224
2020-08-10 18:00,-92.27,-79.24,-51.87,-49.3776,-65.2272
2020-08-10 19:00,-92.48,-79.13,-51.81,-49.3776,-65.2272
2020-08-10 20:00,-92.38,-79.28,-51.86,-49.6824,-65.2272
2020-08-10 21:00,-92.64,-79.24,-52,-49.6824,-65.2272
2020-08-10 22:00,-92.65,-79.42,-52.05,-49.6824,-65.2272
2020-08-10 23:00,-92.81,-79.48,-52.12,-49.6824,-65.2272
2020-08-11 00:00,-92.85,-79.66,-52.11,-49.6824,-65.2272
2020-08-11 01:00,-92.7,-79.62,-52.07,-49.6824,-65.2272
2020-08-11 02:00,-92.84,-79.57,-52.25,-49.6824,-65.532
2020-08-11 03:00,-92.85,-79.73,-52.26,-49.6824,-65.532
2020-08-11 04:00,-92.78,-79.77,-52.14,-49.6824,-65.532
2020-08-11 05:00,-93.15,-79.64,-52.25,-49.6824,-65.532
2020-08-11 06:00,-93.18,-79.92,-52.4,-49.6824,-65.532
2020-08-11 07:00,-93.5,-79.97,-52.68,-49.6824,-65.532
2020-08-11 08:00,-93.5,-80.22,-52.69,-49.6824,-65.532
2020-08-11 09:00,-93.7,-80.28,-52.77,-49.9872,-65.532
2020-08-11 10:00,-93.59,-80.4,-52.83,-49.9872,-65.8368
2020-08-11 11:00,-93.69,-80.38,-53.01,-49.9872,-65.8368
2020-08-11 12:00,-93.67,-80.43,-53.24,-49.9872,-65.8368
2020-08-11 13:00,-93.87,-80.59,-53.25,-49.9872,-65.8368
2020-08-11 14:00,-93.35,-80.76,-53.06,-50.292,-65.8368
2020-08-11 15:00,-93.86,-79.99,-53.36,-50.292,-66.1416
2020-08-11 16:00,-93.8,-80.57,-53.54,-50.292,-66.1416
2020-08-11 17:00,-93.9,-80.76,-53.74,-50.292,-66.1416
2020-08-11 18:00,-93.96,-80.88,-53.59,-50.292,-66.1416
2020-08-11 19:00,-93.83,-80.85,-53.39,-50.5968,-66.1416
2020-08-11 20:00,-93.77,-80.62,-53.31,-50.5968,-66.1416
2020-08-11 21:00,-93.99,-80.53,-53.47,-50.5968,-66.1416
2020-08-11 22:00,-93.77,-80.68,-53.27,-50.5968,-66.1416
2020-08-11 23:00,-94,-80.49,-53.55,-50.5968,-66.4464
2020-08-12 00:00,-94.01,-80.81,-53.57,-50.5968,-66.4464
2020-08-12 01:00,-94.09,-80.78,-53.63,-50.5968,-66.4464
2020-08-12 02:00,-94.05,-80.89,-53.58,-50.5968,-66.4464
2020-08-12 03:00,-94.11,-80.83,-53.62,-50.5968,-66.4464
2020-08-12 04:00,-94.23,-80.85,-53.67,-50.5968,-66.4464
2020-08-12 05:00,-94.41,-80.97,-53.72,-50.5968,-66.4464
2020-08-12 06:00,-94.48,-81.02,-53.86,-50.5968,-66.4464
2020-08-12 07:00,-94.64,-80.98,-53.96,-50.5968,-66.4464
2020-08-12 08:00,-94.71,-81.2,-54.13,-50.9016,-66.7512
2020-08-12 09:00,-94.84,-81.25,-54.31,-50.9016,-66.7512
2020-08-12 10:00,-94.88,-81.48,-54.38,-50.9016,-66.7512
2020-08-12 11:00,-94.74,-81.5,-54.31,-50.9016,-66.7512
2020-08-12 12:00,-94.77,-81.47,-54.3,-50.9016,-66.7512
2020-08-12 13:00,-94.65,-81.44,-54.49,-51.2064,-66.7512
2020-08-12 14:00,-94.76,-81.42,-54.72,-51.2064,-67.056
2020-08-12 15:00,-94.86,-81.54,-54.78,-51.2064,-67.056
2020-08-12 16:00,-94.9,-81.67,-54.67,-51.2064,-67.056
2020-08-12 17:00,-95.06,-81.5,-55,-51.5112,-67.056
2020-08-12 18:00,-95.21,-81.68,-55.09,-51.5112,-67.056
2020-08-12 19:00,-95.2,-81.83,-54.87,-51.5112,-67.3608
2020-08-12 20:00,-95.18,-81.67,-54.86,-51.5112,-67.3608
2020-08-12 21:00,-95.17,-81.6,-54.88,-51.5112,-67.3608
2020-08-12 22:00,-95.04,-81.56,-54.95,-51.5112,-67.3608
2020-08-12 23:00,-95.17,-81.64,-55.09,-51.816,-67.3608
2020-08-13 00:00,-95.19,-81.75,-55.2,-51.816,-67.3608
2020-08-13 01:00,-95.23,-81.86,-55.16,-51.816,-67.3608
2020-08-13 02:00,-94.99,-81.95,-55.13,-51.816,-67.3608
2020-08-13 03:00,-95.08,-81.78,-55.18,-51.816,-67.3608
2020-08-13 04:00,-95.24,-81.86,-55.09,-51.816,-67.6656
2020-08-13 05:00,-95.28,-81.89,-55.19,-51.816,-67.6656
2020-08-13 06:00,-95.51,-81.9,-55.34,-51.816,-67.6656
2020-08-13 07:00,-95.29,-82.13,-55.19,-51.816,-67.6656
2020-08-13 08:00,-95.58,-81.84,-55.59,-51.816,-67.6656
2020-08-13 09:00,-95.75,-82.37,-55.69,-51.816,-67.6656
2020-08-13 10:00,-95.76,-82.51,-55.81,-51.816,-67.6656
2020-08-13 11:00,-95.66,-82.54,-55.9,-51.816,-67.6656
2020-08-13 12:00,-95.65,-82.57,-55.91,-51.816,-67.6656
2020-08-13 13:00,-95.32,-82.54,-55.74,-52.1208,-67.9704
2020-08-13 14:00,-95.17,-82.35,-55.78,-52.1208,-67.9704
2020-08-13 15:00,-95.03,-82.15,-55.54,-52.1208,-67.9704
2020-08-13 16:00,-94.02,-82.08,-55.55,-52.1208,-67.9704
2020-08-13 17:00,-89.71,-81.45,-49.52,-51.816,-67.9704
2020-08-13 18:00,-87.37,-75.03,-47.52,-46.0248,-67.9704
2020-08-13 19:00,-86.07,-74.56,-46.81,-43.8912,-67.9704
2020-08-13 20:00,-85.22,-74.34,-46.39,-43.2816,-68.2752
2020-08-13 21:00,-84.65,-74.33,-45.99,-42.9768,-68.2752
2020-08-13 22:00,-83.87,-74.49,-45.27,-42.3672,-68.2752
2020-08-13 23:00,-83.58,-74.21,-45.15,-42.0624,-68.2752
2020-08-14 00:00,-83.09,-74.34,-44.85,-41.7576,-68.2752
2020-08-14 01:00,-82.95,-74.22,-44.79,-41.7576,-68.2752
2020-08-14 02:00,-82.48,-74.26,-44.66,-41.7576,-68.2752
2020-08-14 03:00,-82.31,-74.09,-44.59,-41.7576,-68.2752
2020-08-14 04:00,-82.34,-74.19,-44.65,-41.7576,-68.2752
2020-08-14 05:00,-82.28,-74.26,-44.51,-41.7576,-68.2752
2020-08-14 06:00,-82.2,-74.09,-44.64,-41.7576,-68.58
2020-08-14 07:00,-82.21,-74.18,-44.77,-41.7576,-68.58
2020-08-14 08:00,-82.4,-74.32,-44.76,-41.7576,-68.58
2020-08-14 09:00,-82.3,-74.3,-44.82,-41.7576,-68.58
2020-08-14 10:00,-82.25,-74.37,-44.92,-42.0624,-68.58
2020-08-14 11:00,-82.36,-74.37,-45.25,-42.0624,-68.58
2020-08-14 12:00,-82.1,-74.48,-45.26,-42.0624,-68.58
2020-08-14 13:00,-81.97,-74.28,-45.37,-42.3672,-68.8848
2020-08-14 14:00,-81.91,-74.33,-45.54,-42.3672,-68.8848
2020-08-14 15:00,-81.6,-74.33,-45.4,-42.672,-68.8848
2020-08-14 16:00,-81.65,-74.02,-45.37,-42.9768,-68.8848
2020-08-14 17:00,-81.95,-73.9,-45.87,-42.9768,-68.8848
2020-08-14 18:00,-81.97,-74.23,-45.63,-42.9768,-68.8848
2020-08-14 19:00,-82.07,-74.1,-45.69,-43.2816,-69.1896
2020-08-14 20:00,-81.93,-74.1,-45.55,-43.2816,-69.1896
2020-08-14 21:00,-82.03,-73.86,-45.7,-43.2816,-69.1896
2020-08-14 22:00,-82.27,-73.91,-45.89,-43.2816,-69.1896
2020-08-14 23:00,-82.15,-74.12,-45.97,-43.2816,-69.1896
2020-08-15 00:00,-81.96,-74,-45.75,-43.2816,-69.1896
2020-08-15 01:00,-81.9,-73.9,-45.85,-43.5864,-69.1896
2020-08-15 02:00,-81.81,-73.85,-45.78,-43.5864,-69.1896
2020-08-15 03:00,-82.14,-73.9,-45.96,-43.5864,-69.1896
2020-08-15 04:00,-82.26,-74.15,-45.78,-43.5864,-69.4944
2020-08-15 05:00,-82.45,-73.92,-46.04,-43.5864,-69.4944
2020-08-15 06:00,-82.54,-74.13,-46.18,-43.5864,-69.4944
2020-08-15 07:00,-82.63,-74.14,-46.37,-43.5864,-69.4944
2020-08-15 08:00,-82.75,-74.2,-46.27,-43.5864,-69.4944
2020-08-15 09:00,-82.82,-74.2,-46.52,-43.5864,-69.4944
2020-08-15 10:00,-82.83,-74.38,-46.52,-43.5864,-69.4944
2020-08-15 11:00,-83.01,-74.26,-46.8,-43.5864,-69.4944
2020-08-15 12:00,-82.8,-74.51,-46.7,-43.5864,-69.4944
2020-08-15 13:00,-82.63,-74.32,-46.88,-43.5864,-69.7992
2020-08-15 14:00,-82.97,-74.29,-47.22,-43.8912,-69.7992
2020-08-15 15:00,-82.82,-74.6,-46.97,-43.8912,-69.7992
2020-08-15 16:00,-82.86,-74.31,-46.94,-43.8912,-69.7992
2020-08-15 17:00,-83.17,-74.29,-47.14,-44.196,-69.7992
2020-08-15 18:00,-82.89,-74.47,-47.04,-44.196,-69.7992
2020-08-15 19:00,-83.14,-73.93,-47.23,-44.196,-69.7992
2020-08-15 20:00,-83.66,-74.3,-47.39,-44.196,-69.7992
2020-08-15 21:00,-83.18,-74.74,-43.24,-44.196,-65.2272
2020-08-15 22:00,-83.23,-74.01,-42.69,-39.9288,-64.9224
2020-08-15 23:00,-83.66,-74.23,-42.62,-39.0144,-64.9224
2020-08-16 00:00,-83.12,-74.61,-42.27,-38.7096,-64.9224
2020-08-16 01:00,-83.28,-74.23,-42.27,-38.7096,-64.9224
2020-08-16 02:00,-83.21,-74.22,-42.05,-38.7096,-64.9224
2020-08-16 03:00,-83.3,-74.17,-42.11,-38.7096,-64.9224
2020-08-16 04:00,-83.4,-74.18,-42.07,-38.7096,-64.9224
2020-08-16 05:00,-83.43,-74.28,-41.86,-38.7096,-64.9224
2020-08-16 06:00,-83.46,-74.04,-41.89,-38.7096,-64.9224
2020-08-16 07:00,-83.6,-74.09,-42.01,-38.7096,-64.9224
2020-08-16 08:00,-83.77,-74.21,-42.1,-38.7096,-64.9224
2020-08-16 09:00,-83.7,-74.39,-42.15,-38.7096,-64.9224
2020-08-16 10:00,-83.66,-74.24,-42.09,-39.0144,-64.9224
2020-08-16 11:00,-83.51,-74.14,-42.08,-39.0144,-64.9224
2020-08-16 12:00,-83.57,-73.98,-42.3,-39.0144,-65.2272
2020-08-16 13:00,-83.54,-74.08,-42.34,-39.3192,-65.2272
2020-08-16 14:00,-83.55,-74.08,-42.56,-39.3192,-65.2272
2020-08-16 15:00,-83.56,-74.1,-42.44,-39.3192,-65.2272
2020-08-16 16:00,-83.48,-74.01,-42.46,-39.624,-65.2272
2020-08-16 17:00,-83.57,-73.95,-42.64,-39.624,-65.2272
2020-08-16 18:00,-83.73,-74.01,-42.71,-39.9288,-65.2272
2020-08-16 19:00,-83.65,-74.12,-42.61,-39.9288,-65.532
2020-08-16 20:00,-83.88,-73.84,-42.85,-39.9288,-65.532
2020-08-16 21:00,-83.82,-74.09,-42.78,-40.2336,-65.532
2020-08-16 22:00,-83.72,-73.92,-42.76,-40.2336,-65.532
2020-08-16 23:00,-83.78,-73.78,-42.84,-40.2336,-65.532
2020-08-17 00:00,-83.73,-73.9,-42.86,-40.2336,-65.532
2020-08-17 01:00,-83.78,-73.79,-42.89,-40.2336,-65.532
2020-08-17 02:00,-83.68,-73.92,-42.92,-40.2336,-65.532
2020-08-17 03:00,-83.71,-73.77,-43,-40.2336,-65.8368
2020-08-17 04:00,-83.82,-73.83,-43.01,-40.2336,-65.8368
2020-08-17 05:00,-83.94,-73.89,-43.08,-40.2336,-65.8368
2020-08-17 06:00,-84.09,-73.91,-43.11,-40.2336,-65.8368
2020-08-17 07:00,-84.43,-73.98,-43.35,-40.5384,-65.8368
2020-08-17 08:00,-84.32,-74.23,-43.37,-40.5384,-65.8368
2020-08-17 09:00,-84.41,-74.06,-43.48,-40.5384,-65.8368
2020-08-17 10:00,-84.29,-74.19,-43.64,-40.5384,-65.8368
2020-08-17 11:00,-84.44,-74.14,-43.85,-40.5384,-66.1416
2020-08-17 12:00,-84.36,-74.27,-43.92,-40.8432,-66.1416
2020-08-17 13:00,-84.5,-74.28,-44.11,-40.8432,-66.1416
2020-08-17 14:00,-84.11,-74.33,-44.21,-41.148,-66.1416
2020-08-17 15:00,-84.09,-74.14,-44.29,-41.148,-66.4464
2020-08-17 16:00,-84.3,-74.06,-44.48,-41.4528,-66.4464
2020-08-17 17:00,-84.21,-74.3,-44.52,-41.4528,-66.4464
2020-08-17 18:00,-84.22,-74.06,-44.61,-41.7576,-66.4464
2020-08-17 19:00,-84.35,-74.16,-44.61,-41.7576,-66.4464
2020-08-17 20:00,-84.32,-74.05,-44.2,-41.7576,-66.7512
2020-08-17 21:00,-84.35,-73.96,-44.51,-42.0624,-66.7512
2020-08-17 22:00,-84.74,-73.9,-44.69,-42.0624,-66.7512
2020-08-17 23:00,-84.48,-74.28,-44.67,-42.0624,-66.7512
2020-08-18 00:00,-84.54,-74.02,-44.77,-42.0624,-66.7512
2020-08-18 01:00,-84.55,-74.11,-44.88,-42.0624,-66.7512
2020-08-18 02:00,-84.57,-74.15,-44.93,-42.0624,-66.7512
2020-08-18 03:00,-84.89,-74.15,-45.09,-42.0624,-67.056
2020-08-18 04:00,-84.82,-74.41,-44.87,-42.0624,-67.056
2020-08-18 05:00,-85.01,-74.27,-44.93,-42.0624,-67.056
2020-08-18 06:00,-85.27,-74.21,-45.12,-42.0624,-67.056
2020-08-18 07:00,-85.53,-74.35,-45.33,-42.3672,-67.056
2020-08-18 08:00,-85.56,-74.52,-45.39,-42.3672,-67.056
2020-08-18 09:00,-85.82,-74.57,-45.54,-42.3672,-67.056
2020-08-18 10:00,-85.88,-74.69,-45.67,-42.3672,-67.3608
2020-08-18 11:00,-85.79,-74.72,-45.67,-42.3672,-67.3608
2020-08-18 12:00,-85.64,-74.53,-45.79,-42.672,-67.3608
2020-08-18 13:00,-85.76,-74.51,-46.03,-42.672,-67.3608
2020-08-18 14:00,-85.5,-74.61,-46.06,-42.9768,-67.6656
2020-08-18 15:00,-85.67,-74.41,-46.33,-42.9768,-67.6656
2020-08-18 16:00,-85.66,-74.7,-46.24,-43.2816,-67.6656
2020-08-18 17:00,-86.04,-74.48,-46.6,-43.2816,-67.6656
2020-08-18 18:00,-85.89,-74.75,-46.33,-43.2816,-67.9704
2020-08-18 19:00,-86.14,-74.51,-46.38,-43.5864,-67.9704
2020-08-18 20:00,-86.24,-74.53,-46.51,-43.5864,-67.9704
2020-08-18 21:00,-86.25,-74.43,-46.51,-43.5864,-67.9704
2020-08-18 22:00,-86.13,-74.59,-46.45,-43.5864,-67.9704
2020-08-18 23:00,-86.11,-74.41,-46.48,-43.5864,-67.9704
2020-08-19 00:00,-86.33,-74.45,-46.61,-43.5864,-68.2752
2020-08-19 01:00,-86.29,-74.55,-46.67,-43.8912,-68.2752
2020-08-19 02:00,-86.37,-74.63,-46.74,-43.8912,-68.2752
2020-08-19 03:00,-86.33,-74.77,-46.75,-43.8912,-68.2752
2020-08-19 04:00,-86.53,-74.62,-46.88,-43.8912,-68.2752
2020-08-19 05:00,-86.56,-74.8,-46.83,-43.8912,-68.2752
2020-08-19 06:00,-86.72,-74.76,-47.02,-43.8912,-68.2752
2020-08-19 07:00,-87.04,-74.83,-47.13,-43.8912,-68.2752
2020-08-19 08:00,-87.16,-75.16,-47.29,-43.8912,-68.58
2020-08-19 09:00,-87.25,-75.27,-47.39,-43.8912,-68.58
2020-08-19 10:00,-87.29,-75.36,-47.52,-43.8912,-68.58
2020-08-19 11:00,-87.37,-75.31,-47.7,-44.196,-68.58
2020-08-19 12:00,-87.19,-75.32,-47.85,-44.196,-68.58
2020-08-19 13:00,-86.9,-75.42,-44.66,-44.196,-68.8848
2020-08-19 14:00,-84.31,-70.05,-30.18,-41.7576,-61.2648
2020-08-19 15:00,-82.66,-62.11,-29.89,-32.3088,-60.96
2020-08-19 16:00,-81.04,-61.84,-29.83,-31.6992,-60.96
2020-08-19 17:00,-80.11,-61.07,-29.51,-31.6992,-60.6552
2020-08-19 18:00,-80.01,-60.61,-29.88,-31.6992,-60.6552
2020-08-19 19:00,-79.66,-60.53,-30.14,-32.004,-60.6552
2020-08-19 20:00,-79.48,-60.18,-30.42,-32.004,-60.6552
2020-08-19 21:00,-79.32,-60.11,-30.44,-32.3088,-60.6552
2020-08-19 22:00,-79.23,-59.9,-30.59,-32.3088,-60.6552
2020-08-19 23:00,-79.27,-59.72,-30.82,-32.3088,-60.6552
2020-08-20 00:00,-79.13,-59.66,-30.85,-32.6136,-60.6552
2020-08-20 01:00,-78.91,-59.44,-30.92,-32.6136,-60.6552
2020-08-20 02:00,-78.87,-59.25,-31.09,-32.6136,-60.6552
2020-08-20 03:00,-78.94,-59.2,-31.15,-32.6136,-60.6552
2020-08-20 04:00,-79.13,-59.18,-31.48,-32.9184,-60.96
2020-08-20 05:00,-79.16,-59.3,-31.64,-32.9184,-60.96
2020-08-20 06:00,-79.25,-59.37,-31.67,-32.9184,-60.96
2020-08-20 07:00,-79.68,-59.32,-32.09,-32.9184,-60.96
2020-08-20 08:00,-79.71,-59.67,-32.29,-33.2232,-60.96
2020-08-20 09:00,-79.87,-59.67,-32.55,-33.2232,-60.96
2020-08-20 10:00,-79.86,-59.69,-32.63,-33.2232,-60.96
2020-08-20 11:00,-79.73,-59.75,-32.8,-33.2232,-60.96
2020-08-20 12:00,-79.63,-59.66,-33.01,-33.528,-60.96
2020-08-20 13:00,-79.59,-59.64,-33.29,-33.8328,-61.2648
2020-08-20 14:00,-79.65,-59.84,-33.55,-33.8328,-61.2648
2020-08-20 15:00,-79.78,-59.87,-33.81,-34.1376,-61.2648
2020-08-20 16:00,-79.7,-59.97,-33.77,-34.4424,-61.2648
2020-08-20 17:00,-76.69,-59.77,-32.9,-34.4424,-61.2648
2020-08-20 18:00,-62.13,-59.06,-14.42,-34.4424,-61.2648
2020-08-20 19:00,-53.75,-44.6,-12.07,-28.956,-60.96
2020-08-20 20:00,-52.06,-39.7,-12.53,-26.2128,-60.96
2020-08-20 21:00,-52.02,-39.21,-12.86,-26.2128,-60.96
2020-08-20 22:00,-52.27,-39.09,-13.46,-26.5176,-60.96
2020-08-20 23:00,-52.41,-39.45,-13.78,-26.8224,-60.96
2020-08-21 00:00,-52.53,-39.59,-14.12,-27.1272,-60.96
2020-08-21 01:00,-52.46,-39.84,-14.42,-27.432,-60.96
2020-08-21 02:00,-52.36,-39.98,-14.41,-27.432,-60.96
2020-08-21 03:00,-52.52,-39.98,-14.78,-27.7368,-60.96
2020-08-21 04:00,-52.54,-40.31,-14.88,-28.0416,-60.96
2020-08-21 05:00,-52.67,-40.41,-15.07,-28.0416,-60.96
2020-08-21 06:00,-52.98,-40.55,-15.48,-28.3464,-60.96
2020-08-21 07:00,-53.29,-40.98,-15.88,-28.3464,-60.96
2020-08-21 08:00,-53.28,-41.31,-16.12,-28.3464,-61.2648
2020-08-21 09:00,-53.43,-41.48,-16.37,-28.6512,-61.2648
2020-08-21 10:00,-53.46,-41.68,-16.58,-28.6512,-61.2648
2020-08-21 11:00,-53.44,-41.92,-16.99,-28.956,-61.2648
2020-08-21 12:00,-53.31,-42.15,-17.06,-28.956,-61.2648
2020-08-21 13:00,-53.54,-42.17,-17.61,-29.2608,-61.2648
2020-08-21 14:00,-53.7,-42.57,-17.97,-29.5656,-61.5696
2020-08-21 15:00,-53.59,-42.87,-18.04,-29.8704,-61.5696
2020-08-21 16:00,-53.64,-42.9,-18.21,-30.1752,-61.5696
2020-08-21 17:00,-53.8,-43.01,-18.43,-30.1752,-61.5696
2020-08-21 18:00,-54.02,-43.13,-18.55,-30.48,-61.5696
2020-08-21 19:00,-54.13,-43.25,-18.75,-30.48,-61.8744
2020-08-21 20:00,-54.17,-43.47,-18.8,-30.48,-61.8744
2020-08-21 21:00,-54.33,-43.48,-19.08,-30.48,-61.8744
2020-08-21 22:00,-54.11,-43.68,-18.48,-30.48,-61.8744
2020-08-21 23:00,-54.1,-43.61,-18.5,-30.48,-61.8744
2020-08-22 00:00,-54.08,-43.65,-18.55,-30.48,-61.8744
2020-08-22 01:00,-54.07,-43.75,-18.72,-30.48,-61.8744
2020-08-22 02:00,-54.19,-43.86,-18.93,-30.7848,-61.8744
2020-08-22 03:00,-54.21,-44,-19.08,-30.7848,-61.8744
2020-08-22 04:00,-54.2,-44.18,-19.11,-30.7848,-61.8744
2020-08-22 05:00,-54.32,-44.19,-19.21,-30.7848,-61.8744
2020-08-22 06:00,-54.66,-44.31,-19.53,-30.7848,-61.8744
2020-08-22 07:00,-54.87,-44.64,-19.88,-30.7848,-61.8744
2020-08-22 08:00,-55.15,-44.92,-20.19,-30.7848,-62.1792
2020-08-22 09:00,-55.02,-45.15,-20.34,-31.0896,-62.1792
2020-08-22 10:00,-54.98,-45.31,-20.47,-31.0896,-62.1792
2020-08-22 11:00,-54.86,-45.34,-20.71,-31.0896,-62.1792
2020-08-22 12:00,-55.09,-45.36,-21.11,-31.3944,-62.1792
2020-08-22 13:00,-55,-45.65,-21.26,-31.6992,-62.1792
2020-08-22 14:00,-55.44,-45.6,-21.79,-32.004,-62.484
2020-08-22 15:00,-55.28,-46.12,-21.82,-32.004,-62.484
2020-08-22 16:00,-55.44,-46.02,-22.07,-32.3088,-62.484
2020-08-22 17:00,-55.45,-46.05,-22.19,-32.3088,-62.484
2020-08-22 18:00,-55.55,-46.13,-22.28,-32.6136,-62.7888
2020-08-22 19:00,-55.53,-46.23,-22.36,-32.6136,-62.7888
2020-08-22 20:00,-55.73,-46.17,-22.46,-32.6136,-62.7888
2020-08-22 21:00,-55.75,-46.37,-22.47,-32.6136,-62.7888
2020-08-22 22:00,-55.79,-46.37,-22.64,-32.6136,-62.7888
2020-08-22 23:00,-55.88,-46.44,-22.86,-32.6136,-62.7888
2020-08-23 00:00,-55.98,-46.63,-22.94,-32.6136,-62.7888
2020-08-23 01:00,-55.79,-46.75,-22.97,-32.6136,-62.7888
2020-08-23 02:00,-55.87,-46.67,-23.15,-32.6136,-63.0936
2020-08-23 03:00,-55.85,-46.82,-23.19,-32.6136,-63.0936
2020-08-23 04:00,-55.81,-46.88,-23.27,-32.6136,-63.0936
2020-08-23 05:00,-55.91,-46.8,-23.32,-32.6136,-63.0936
2020-08-23 06:00,-56.23,-46.96,-23.64,-32.9184,-63.0936
2020-08-23 07:00,-56.26,-47.27,-23.62,-32.9184,-63.0936
2020-08-23 08:00,-56.46,-47.28,-24.06,-32.9184,-63.0936
2020-08-23 09:00,-56.45,-47.61,-24.24,-32.9184,-63.0936
2020-08-23 10:00,-56.57,-47.67,-24.56,-32.9184,-63.3984
2020-08-23 11:00,-56.54,-47.93,-24.85,-33.2232,-63.3984
2020-08-23 12:00,-56.62,-48.01,-25.27,-33.528,-63.3984
2020-08-23 13:00,-56.62,-48.2,-25.39,-33.528,-63.3984
2020-08-23 14:00,-56.55,-48.19,-25.57,-33.8328,-63.3984
2020-08-23 15:00,-56.65,-48.26,-25.69,-33.8328,-63.7032
2020-08-23 16:00,-56.72,-48.31,-25.84,-34.1376,-63.7032
2020-08-23 17:00,-56.68,-48.39,-25.92,-34.1376,-63.7032
2020-08-23 18:00,-56.72,-48.39,-26.02,-34.1376,-63.7032
2020-08-23 19:00,-56.65,-48.55,-26.11,-34.1376,-63.7032
2020-08-23 20:00,-56.92,-48.45,-26.24,-34.1376,-63.7032
2020-08-23 21:00,-56.97,-48.67,-26.26,-34.1376,-63.7032
2020-08-23 22:00,-56.98,-48.57,-26.38,-34.1376,-64.008
2020-08-23 23:00,-56.97,-48.68,-26.27,-34.1376,-64.008
2020-08-24 00:00,-57.02,-48.66,-26.5,-34.1376,-64.008
2020-08-24 01:00,-56.98,-48.78,-26.46,-34.1376,-64.008
2020-08-24 02:00,-56.88,-48.67,-26.7,-34.1376,-64.008
2020-08-24 03:00,-56.8,-48.79,-26.64,-34.1376,-64.008
2020-08-24 04:00,-56.84,-48.83,-26.66,-34.1376,-64.008
2020-08-24 05:00,-57.07,-48.8,-26.97,-34.1376,-64.008
2020-08-24 06:00,-57.14,-49.1,-26.94,-34.4424,-64.3128
2020-08-24 07:00,-57.3,-49.12,-27.12,-34.4424,-64.3128
2020-08-24 08:00,-57.52,-49.34,-27.38,-34.4424,-64.3128
2020-08-24 09:00,-57.41,-49.47,-27.42,-34.4424,-64.3128
2020-08-24 10:00,-57.5,-49.43,-27.59,-34.4424,-64.3128
2020-08-24 11:00,-57.5,-49.62,-27.85,-34.4424,-64.3128
2020-08-24 12:00,-57.22,-49.71,-27.72,-34.4424,-64.3128
2020-08-24 13:00,-57.35,-49.57,-28.01,-34.4424,-64.3128
2020-08-24 14:00,-57.08,-49.8,-28.03,-34.4424,-64.6176
2020-08-24 15:00,-57.31,-49.64,-28.25,-34.7472,-64.6176
2020-08-24 16:00,-57.32,-50.02,-28.39,-34.7472,-64.6176
2020-08-24 17:00,-57.32,-49.98,-28.39,-34.7472,-64.6176
2020-08-24 18:00,-57.41,-49.98,-28.47,-34.7472,-64.6176
2020-08-24 19:00,-57.4,-49.95,-28.38,-34.7472,-64.6176
2020-08-24 20:00,-57.58,-49.98,-28.58,-34.7472,-64.6176
2020-08-24 21:00,-57.77,-50.08,-28.7,-34.7472,-64.6176
2020-08-24 22:00,-57.8,-50.14,-28.92,-34.7472,-64.9224
2020-08-24 23:00,-57.62,-50.23,-28.67,-34.7472,-64.9224
2020-08-25 00:00,-57.51,-50.09,-28.78,-34.7472,-64.9224
2020-08-25 01:00,-57.43,-50.07,-28.79,-34.7472,-64.9224
2020-08-25 02:00,-57.39,-50.15,-28.86,-35.052,-64.9224
2020-08-25 03:00,-57.38,-50.13,-28.89,-35.052,-64.9224
2020-08-25 04:00,-57.53,-50.25,-29.11,-35.052,-64.9224
2020-08-25 05:00,-57.51,-50.37,-29.06,-35.052,-64.9224
2020-08-25 06:00,-57.77,-50.38,-29.25,-35.052,-64.9224
2020-08-25 07:00,-57.93,-50.5,-29.34,-35.052,-64.9224
2020-08-25 08:00,-57.85,-50.59,-29.45,-35.052,-65.2272
2020-08-25 09:00,-57.98,-50.62,-29.66,-35.052,-65.2272
2020-08-25 10:00,-57.94,-50.82,-29.8,-35.052,-65.2272
2020-08-25 11:00,-58.17,-50.89,-30.18,-35.052,-65.2272
2020-08-25 12:00,-58.05,-51.25,-30.24,-35.3568,-65.2272
2020-08-25 13:00,-58.16,-51.18,-30.76,-35.3568,-65.2272
2020-08-25 14:00,-58.11,-51.42,-30.94,-35.6616,-65.532
2020-08-25 15:00,-58.16,-51.54,-31.11,-35.9664,-65.532
2020-08-25 16:00,-58.09,-51.64,-31.23,-35.9664,-65.532
2020-08-25 17:00,-58.38,-51.56,-31.43,-36.2712,-65.532
2020-08-25 18:00,-58.5,-51.72,-31.56,-36.2712,-65.8368
2020-08-25 19:00,-58.66,-51.8,-31.49,-36.2712,-65.8368
2020-08-25 20:00,-58.8,-51.73,-31.49,-36.2712,-65.8368
2020-08-25 21:00,-58.89,-51.78,-31.64,-36.2712,-65.8368
2020-08-25 22:00,-58.81,-51.69,-31.85,-36.2712,-65.8368
2020-08-25 23:00,-58.86,-51.79,-31.8,-36.2712,-65.8368
2020-08-26 00:00,-58.9,-51.86,-31.97,-36.2712,-65.8368
2020-08-26 01:00,-58.82,-51.95,-31.94,-36.2712,-66.1416
2020-08-26 02:00,-58.84,-51.97,-31.83,-36.2712,-66.1416
2020-08-26 03:00,-58.85,-51.89,-31.99,-36.2712,-66.1416
2020-08-26 04:00,-58.84,-52,-31.89,-36.2712,-66.1416
2020-08-26 05:00,-59.11,-51.85,-31.99,-36.2712,-66.1416
2020-08-26 06:00,-59.11,-52.05,-31.96,-36.2712,-66.1416
2020-08-26 07:00,-59.27,-51.97,-32.18,-36.2712,-66.1416
2020-08-26 08:00,-59.35,-52.22,-32.31,-36.2712,-66.1416
2020-08-26 09:00,-59.54,-52.35,-32.57,-36.2712,-66.4464
2020-08-26 10:00,-59.68,-52.49,-32.73,-36.576,-66.4464
2020-08-26 11:00,-59.58,-52.62,-33.05,-36.576,-66.4464
2020-08-26 12:00,-59.74,-52.65,-33.4,-36.8808,-66.4464
2020-08-26 13:00,-59.54,-52.9,-33.51,-37.1856,-66.7512
2020-08-26 14:00,-59.63,-52.93,-33.94,-37.1856,-66.7512
2020-08-26 15:00,-59.76,-53.17,-34.26,-37.4904,-66.7512
2020-08-26 16:00,-59.53,-53.36,-34.1,-37.7952,-66.7512
2020-08-26 17:00,-59.73,-53.14,-34.32,-37.7952,-67.056
2020-08-26 18:00,-59.93,-53.28,-34.36,-37.7952,-67.056
2020-08-26 19:00,-60.18,-53.32,-34.38,-38.1,-67.056
2020-08-26 20:00,-60.09,-53.47,-34.56,-38.1,-67.056
2020-08-26 21:00,-60.07,-53.33,-34.5,-38.1,-67.056
2020-08-26 22:00,-60.21,-53.33,-34.58,-38.1,-67.056
2020-08-26 23:00,-60.27,-53.37,-34.55,-38.1,-67.3608
2020-08-27 00:00,-60.17,-53.47,-34.69,-38.1,-67.3608
2020-08-27 01:00,-60.05,-53.44,-34.7,-38.1,-67.3608
2020-08-27 02:00,-60.12,-53.36,-34.7,-38.1,-67.3608
2020-08-27 03:00,-60.24,-53.43,-34.93,-38.1,-67.3608
2020-08-27 04:00,-60.42,-53.65,-35.14,-38.1,-67.3608
2020-08-27 05:00,-60.54,-53.82,-35.16,-38.1,-67.3608
2020-08-27 06:00,-60.85,-53.79,-35.3,-38.1,-67.3608
2020-08-27 07:00,-60.77,-53.98,-35.34,-38.1,-67.6656
2020-08-27 08:00,-60.88,-54.02,-35.48,-38.1,-67.6656
2020-08-27 09:00,-60.98,-54.09,-35.61,-38.1,-67.6656
2020-08-27 10:00,-60.9,-54.32,-35.83,-38.1,-67.6656
2020-08-27 11:00,-60.85,-54.32,-36.01,-38.1,-67.6656
2020-08-27 12:00,-60.8,-54.54,-36.33,-38.4048,-67.9704
2020-08-27 13:00,-60.81,-54.72,-36.49,-38.4048,-67.9704
2020-08-27 14:00,-60.93,-54.8,-36.85,-38.7096,-67.9704
2020-08-27 15:00,-60.87,-55.08,-36.91,-39.0144,-68.2752
2020-08-27 16:00,-61.06,-55.13,-37.01,-39.0144,-68.2752
2020-08-27 17:00,-61.1,-55.2,-37.07,-39.3192,-68.2752
2020-08-27 18:00,-61.21,-55.17,-36.99,-39.3192,-68.2752
2020-08-27 19:00,-61.41,-55.15,-37.13,-39.3192,-68.2752
2020-08-27 20:00,-61.49,-55.14,-37.12,-39.3192,-68.58
2020-08-27 21:00,-61.76,-55.14,-37.13,-39.3192,-68.58
2020-08-27 22:00,-61.69,-55.21,-37.21,-39.3192,-68.58
2020-08-27 23:00,-61.58,-55.17,-37.23,-39.3192,-68.58
2020-08-28 00:00,-61.54,-55.07,-37.35,-39.3192,-68.58
2020-08-28 01:00,-61.38,-55.2,-37.39,-39.3192,-68.58
2020-08-28 02:00,-61.52,-55.15,-37.3,-39.3192,-68.8848
2020-08-28 03:00,-61.47,-55.22,-37.27,-39.3192,-68.8848
2020-08-28 04:00,-61.63,-55.14,-37.44,-39.3192,-68.8848
2020-08-28 05:00,-61.72,-55.3,-37.54,-39.3192,-68.8848
2020-08-28 06:00,-61.91,-55.31,-37.61,-39.3192,-68.8848
2020-08-28 07:00,-62.18,-55.38,-37.78,-39.3192,-68.8848
2020-08-28 08:00,-62.24,-55.72,-37.9,-39.3192,-68.8848
2020-08-28 09:00,-62.34,-55.71,-38.03,-39.3192,-69.1896
2020-08-28 10:00,-62.28,-55.82,-38.21,-39.624,-69.1896
2020-08-28 11:00,-62.4,-55.87,-38.44,-39.624,-69.1896
2020-08-28 12:00,-62.28,-56.14,-38.62,-39.624,-69.1896
2020-08-28 13:00,-62.36,-56.15,-38.89,-39.9288,-69.4944
2020-08-28 14:00,-62.16,-56.46,-38.9,-40.2336,-69.4944
2020-08-28 15:00,-62.25,-56.43,-39.26,-40.2336,-69.4944
2020-08-28 16:00,-62.31,-56.67,-39.21,-40.5384,-69.4944
2020-08-28 17:00,-62.66,-56.6,-39.42,-40.5384,-69.7992
2020-08-28 18:00,-62.57,-56.79,-39.35,-40.8432,-69.7992
2020-08-28 19:00,-62.53,-56.69,-39.39,-40.8432,-69.7992
2020-08-28 20:00,-62.81,-56.53,-39.37,-40.8432,-69.7992
2020-08-28 21:00,-63.1,-56.71,-39.55,-40.8432,-69.7992
2020-08-28 22:00,-63.01,-56.8,-39.55,-40.8432,-70.104
2020-08-28 23:00,-62.98,-56.79,-39.68,-40.8432,-70.104
2020-08-29 00:00,-62.87,-56.76,-39.69,-40.8432,-70.104
2020-08-29 01:00,-62.66,-56.71,-39.63,-40.8432,-70.104
2020-08-29 02:00,-62.57,-56.69,-39.6,-40.8432,-70.104
2020-08-29 03:00,-62.84,-56.62,-39.82,-40.8432,-70.104
2020-08-29 04:00,-62.89,-56.92,-39.71,-40.8432,-70.104
2020-08-29 05:00,-62.92,-56.88,-39.85,-40.8432,-70.4088
2020-08-29 06:00,-63.07,-56.92,-39.79,-40.8432,-70.4088
2020-08-29 07:00,-63.16,-56.89,-39.97,-40.8432,-70.4088
2020-08-29 08:00,-63.29,-57.08,-40.17,-40.8432,-70.4088
2020-08-29 09:00,-63.36,-57.22,-40.32,-40.8432,-70.4088
2020-08-29 10:00,-63.2,-57.39,-40.35,-40.8432,-70.4088
2020-08-29 11:00,-63.21,-57.32,-40.53,-40.8432,-70.4088
2020-08-29 12:00,-63.23,-57.54,-40.89,-41.148,-70.7136
2020-08-29 13:00,-62.97,-57.73,-40.72,-41.148,-70.7136
2020-08-29 14:00,-63.07,-57.56,-40.81,-41.4528,-70.7136
2020-08-29 15:00,-63.16,-57.77,-41.04,-41.4528,-70.7136
2020-08-29 16:00,-63.49,-58.01,-41.3,-41.4528,-71.0184
2020-08-29 17:00,-63.8,-58.02,-41.2,-41.7576,-71.0184
2020-08-29 18:00,-63.81,-58.1,-41.18,-41.7576,-71.0184
2020-08-29 19:00,-63.86,-58.09,-41.16,-41.7576,-71.0184
2020-08-29 20:00,-64.14,-57.93,-41.2,-41.7576,-71.0184
2020-08-29 21:00,-64.13,-58.02,-41.26,-41.7576,-71.0184
2020-08-29 22:00,-64.1,-58.06,-41.13,-41.7576,-71.3232
2020-08-29 23:00,-63.97,-57.85,-41.13,-41.7576,-71.3232
2020-08-30 00:00,-63.92,-57.77,-41.16,-41.7576,-71.3232
2020-08-30 01:00,-63.84,-57.81,-41.23,-41.4528,-71.3232
2020-08-30 02:00,-63.88,-57.88,-41.35,-41.4528,-71.3232
2020-08-30 03:00,-64.16,-57.99,-41.23,-41.4528,-71.3232
2020-08-30 04:00,-64.21,-57.98,-41.24,-41.4528,-71.3232
2020-08-30 05:00,-64.43,-57.92,-41.35,-41.4528,-71.3232
2020-08-30 06:00,-64.66,-58.07,-41.5,-41.4528,-71.628
2020-08-30 07:00,-64.93,-58.13,-41.7,-41.4528,-71.628
2020-08-30 08:00,-65.06,-58.37,-41.82,-41.4528,-71.628
2020-08-30 09:00,-64.97,-58.6,-41.9,-41.7576,-71.628
2020-08-30 10:00,-65.01,-58.5,-42.06,-41.7576,-71.628
2020-08-30 11:00,-64.98,-58.55,-42.28,-41.7576,-71.628
2020-08-30 12:00,-64.87,-58.7,-42.32,-42.0624,-71.9328
2020-08-30 13:00,-64.74,-58.73,-42.3,-42.0624,-71.9328
2020-08-30 14:00,-64.59,-58.7,-42.36,-42.3672,-71.9328
2020-08-30 15:00,-64.81,-58.72,-42.55,-42.3672,-71.9328
2020-08-30 16:00,-65.01,-58.94,-42.64,-42.3672,-72.2376
2020-08-30 17:00,-65.26,-59.07,-42.83,-42.672,-72.2376
2020-08-30 18:00,-65.23,-59.17,-42.82,-42.672,-72.2376
2020-08-30 19:00,-65.34,-59.08,-42.77,-42.672,-72.2376
2020-08-30 20:00,-65.5,-59.11,-42.81,-42.672,-72.5424
2020-08-30 21:00,-65.57,-59.17,-42.95,-42.672,-72.5424
2020-08-30 22:00,-65.54,-59.26,-42.87,-42.672,-72.5424
2020-08-30 23:00,-65.61,-59.12,-43.03,-42.672,-72.5424
2020-08-31 00:00,-65.46,-59.24,-42.94,-42.672,-72.5424
2020-08-31 01:00,-65.45,-59.01,-42.91,-42.672,-72.5424
2020-08-31 02:00,-65.54,-59.12,-43.02,-42.672,-72.5424
2020-08-31 03:00,-65.61,-59.28,-43.15,-42.672,-72.8472
2020-08-31 04:00,-65.65,-59.31,-43.19,-42.672,-72.8472
2020-08-31 05:00,-65.68,-59.32,-43.2,-42.672,-72.8472
2020-08-31 06:00,-65.79,-59.34,-43.23,-42.672,-72.8472
2020-08-31 07:00,-66.17,-59.43,-43.49,-42.672,-72.8472
2020-08-31 08:00,-66.19,-59.73,-43.65,-42.672,-72.8472
2020-08-31 09:00,-66.14,-59.7,-43.69,-42.672,-72.8472
2020-08-31 10:00,-66.27,-59.77,-44.07,-42.9768,-73.152
2020-08-31 11:00,-66.27,-59.89,-44.05,-42.9768,-73.152
2020-08-31 12:00,-66.18,-59.91,-44.26,-42.9768,-73.152
2020-08-31 13:00,-66.22,-59.99,-44.32,-43.2816,-73.152
2020-08-31 14:00,-66.12,-60.04,-44.55,-43.2816,-73.4568
2020-08-31 15:00,-66.3,-60.02,-44.7,-43.5864,-73.4568
2020-08-31 16:00,-65.98,-60.12,-44.56,-43.5864,-73.4568
2020-08-31 17:00,-66.17,-59.87,-44.59,-43.8912,-73.4568
2020-08-31 18:00,-66.41,-59.79,-44.72,-43.8912,-73.7616
2020-08-31 19:00,-66.65,-59.85,-44.68,-43.8912,-73.7616
2020-08-31 20:00,-66.7,-59.91,-44.76,-43.8912,-73.7616
2020-08-31 21:00,-66.7,-60.11,-44.74,-43.8912,-73.7616
2020-08-31 22:00,-66.69,-59.96,-44.69,-44.196,-73.7616
2020-08-31 23:00,-66.81,-60.06,-44.84,-44.196,-74.0664
2020-09-01 00:00,-66.87,-60.11,-45.04,-44.196,-74.0664
2020-09-01 01:00,-66.74,-60.25,-44.86,-44.196,-74.0664
2020-09-01 02:00,-66.81,-60.11,-45.03,-43.8912,-74.0664
2020-09-01 03:00,-66.68,-60.31,-45,-43.8912,-74.0664
2020-09-01 04:00,-66.98,-60.12,-45.13,-44.196,-74.0664
2020-09-01 05:00,-67.11,-60.41,-45.15,-44.196,-74.0664
2020-09-01 06:00,-67.35,-60.4,-45.24,-43.8912,-74.3712
2020-09-01 07:00,-67.66,-60.47,-45.53,-44.196,-74.3712
2020-09-01 08:00,-67.7,-60.8,-45.62,-44.196,-74.3712
2020-09-01 09:00,-67.78,-60.82,-45.69,-44.196,-74.3712
2020-09-01 10:00,-67.66,-60.95,-45.89,-44.196,-74.3712
2020-09-01 11:00,-67.85,-60.81,-45.85,-44.196,-74.676
2020-09-01 12:00,-67.81,,-45.77,-44.5008,-74.676
2020-09-01 13:00,-67.89,-61,-45.82,-44.5008,-74.676
2020-09-01 14:00,-67.97,-60.97,-46.08,-44.5008,-74.676
2020-09-01 15:00,-67.88,-61.08,-46.03,-44.5008,-74.9808
2020-09-01 16:00,-68.01,-60.88,-46.13,-44.8056,-74.9808
2020-09-01 17:00,-68.26,-61.03,-46.41,-44.8056,-74.9808
2020-09-01 18:00,-66.54,-61.23,-38.43,-44.8056,-73.7616
2020-09-01 19:00,-62.65,-60.56,-30.08,-41.4528,-72.2376
2020-09-01 20:00,-62.46,-58.41,-30.18,-33.8328,-72.2376
2020-09-01 21:00,-62.23,-58.11,-30.24,-33.8328,-72.2376
2020-09-01 22:00,-61.94,-57.76,-30.36,-33.8328,-72.2376
2020-09-01 23:00,-62.09,-56.92,-30.67,-33.8328,-72.2376
2020-09-02 00:00,-62.05,-56.98,-30.79,-34.1376,-72.2376
2020-09-02 01:00,-62,-56.73,-30.9,-34.1376,-72.2376
2020-09-02 02:00,-62.06,-56.63,-31.06,-34.1376,-72.5424
2020-09-02 03:00,-62.25,-56.57,-31.42,-34.4424,-72.5424
2020-09-02 04:00,-62.39,-56.71,-31.5,-34.4424,-72.5424
2020-09-02 05:00,-62.66,-56.74,-31.78,-34.4424,-72.5424
2020-09-02 06:00,-62.65,-56.92,-31.79,-34.4424,-72.5424
2020-09-02 07:00,-62.75,-56.88,-32.18,-34.4424,-72.8472
2020-09-02 08:00,-62.84,-56.94,-32.31,-34.7472,-72.8472
2020-09-02 09:00,-62.93,-57.03,-32.45,-34.7472,-72.8472
2020-09-02 10:00,-63,-57.1,-32.72,-34.7472,-72.8472
2020-09-02 11:00,-63.02,-57.23,-32.98,-34.7472,-72.8472
2020-09-02 12:00,-63.08,-57.32,-33.23,-35.052,-73.152
2020-09-02 13:00,-63.11,-57.31,-33.5,-35.3568,-73.152
2020-09-02 14:00,-63.04,-57.46,-33.65,-35.6616,-73.152
2020-09-02 15:00,-62.78,-57.34,-32.99,-35.6616,-73.4568
2020-09-02 16:00,-60.63,-57.14,-32.1,-35.6616,-73.152
2020-09-02 17:00,-60.29,-57.43,-31.96,-35.052,-73.152
2020-09-02 18:00,-59.85,-57.09,-31.79,-35.052,-73.152
2020-09-02 19:00,-59.71,-56.52,-31.68,-35.052,-73.4568
2020-09-02 20:00,-59.76,-56.2,-31.85,-35.3568,-73.4568
2020-09-02 21:00,-59.82,-56.15,-32.08,-35.3568,-73.4568
2020-09-02 22:00,-59.66,-56.14,-32.07,-35.3568,-73.4568
2020-09-02 23:00,-59.82,-55.94,-32.34,-35.3568,-73.4568
2020-09-03 00:00,-59.81,-56.02,-32.38,-35.3568,-73.4568
2020-09-03 01:00,-59.85,-55.91,-32.5,-35.3568,-73.7616
2020-09-03 02:00,-59.77,-56.01,-32.55,-35.6616,-73.7616
2020-09-03 03:00,-59.83,-55.83,-32.57,-35.6616,-73.7616
2020-09-03 04:00,-59.84,-55.86,-32.64,-35.6616,-73.7616
2020-09-03 05:00,-59.95,-55.79,-32.8,-35.6616,-73.7616
2020-09-03 06:00,-60.15,-55.88,-32.98,-35.6616,-73.7616
2020-09-03 07:00,-60.24,-56.06,-33.16,-35.6616,-73.7616
2020-09-03 08:00,-60.36,-56.14,-33.43,-35.6616,-74.0664
2020-09-03 09:00,-60.36,-56.29,-33.55,-35.9664,-74.0664
2020-09-03 10:00,-60.43,-56.33,-33.86,-35.9664,-74.0664
2020-09-03 11:00,-60.54,-56.41,-34.19,-36.2712,-74.0664
2020-09-03 12:00,-60.78,-56.64,-34.55,-36.2712,-74.3712
2020-09-03 13:00,-60.76,-56.85,-34.68,-36.576,-74.3712
2020-09-03 14:00,-60.83,-56.92,-34.94,-36.8808,-74.3712
2020-09-03 15:00,-61.11,-56.98,-35.3,-37.1856,-74.676
2020-09-03 16:00,-61.16,-57.29,-35.41,-37.1856,-74.676
2020-09-03 17:00,-61.24,-57.33,-35.48,-37.4904,-74.676
2020-09-03 18:00,-61.46,-57.32,-35.47,-37.4904,-74.9808
2020-09-03 19:00,-61.49,-57.41,-35.45,-37.7952,-74.9808
2020-09-03 20:00,-61.56,-57.31,-35.43,-37.7952,-74.9808
2020-09-03 21:00,-61.7,-57.2,-35.59,-37.7952,-74.9808
2020-09-03 22:00,-61.65,-57.3,-35.63,-37.7952,-74.9808
2020-09-03 23:00,-61.64,-57.26,-35.72,-37.7952,-74.9808
2020-09-04 00:00,-61.73,-57.31,-35.74,-37.7952,-74.9808
2020-09-04 01:00,-61.79,-57.34,-35.88,-37.7952,-75.2856
2020-09-04 02:00,-61.74,-57.35,-35.91,-37.7952,-75.2856
2020-09-04 03:00,-61.93,-57.32,-36.04,-37.7952,-75.2856
2020-09-04 04:00,-61.91,-57.42,-35.95,-37.7952,-75.2856
2020-09-04 05:00,-61.92,-57.37,-35.98,-37.7952,-75.2856
2020-09-04 06:00,-62.17,-57.34,-36.19,-37.7952,-75.2856
2020-09-04 07:00,-62.27,-57.59,-36.41,-37.7952,-75.2856
2020-09-04 08:00,-62.57,-57.73,-36.65,-37.7952,-75.5904
2020-09-04 09:00,-62.46,-57.9,-36.77,-38.1,-75.5904
2020-09-04 10:00,-62.49,-57.86,-36.88,-38.1,-75.5904
2020-09-04 11:00,-62.49,-57.93,-37.03,-38.1,-75.5904
2020-09-04 12:00,-62.54,-57.93,-37.34,-38.4048,-75.5904
2020-09-04 13:00,-62.23,-57.97,-37.19,-38.7096,-75.8952
2020-09-04 14:00,-62.39,-57.64,-37.53,-38.7096,-75.8952
2020-09-04 15:00,-62.69,-57.86,-37.86,-39.0144,-75.8952
2020-09-04 16:00,-62.64,-58.12,-37.88,-39.0144,-75.8952
2020-09-04 17:00,-63.05,-58.11,-38.12,-39.3192,-76.2
2020-09-04 18:00,-62.91,-58.41,-38.04,-39.3192,-76.2
2020-09-04 19:00,-63.1,-58.16,-38.06,-39.3192,-76.2
2020-09-04 20:00,-63.2,-58.28,-38.13,-39.3192,-76.2
2020-09-04 21:00,-63.23,-58.26,-38.14,-39.624,-76.2
2020-09-04 22:00,-63.23,-58.31,-38.2,-39.624,-76.5048
2020-09-04 23:00,-63.27,-58.34,-38.24,-39.624,-76.5048
2020-09-05 00:00,-63.36,-58.32,-38.43,-39.624,-76.5048
2020-09-05 01:00,-63.3,-58.42,-38.42,-39.624,-76.5048
2020-09-05 02:00,-63.29,-58.38,-38.37,-39.624,-76.5048
2020-09-05 03:00,-63.34,-58.31,-38.49,-39.624,-76.5048
2020-09-05 04:00,-63.56,-58.35,-38.58,-39.624,-76.5048
2020-09-05 05:00,-63.78,-58.5,-38.82,-39.624,-76.8096
2020-09-05 06:00,-63.87,-58.63,-38.9,-39.624,-76.8096
2020-09-05 07:00,-63.87,-58.77,-38.91,-39.624,-76.8096
2020-09-05 08:00,-64,-58.76,-39.07,-39.624,-76.8096
2020-09-05 09:00,-64.07,-58.88,-39.16,-39.624,-76.8096
2020-09-05 10:00,-64.11,-58.87,-39.4,-39.9288,-76.8096
2020-09-05 11:00,-64.04,-58.94,-39.55,-39.9288,-77.1144
2020-09-05 12:00,-63.93,-58.86,-39.53,-40.2336,-77.1144
2020-09-05 13:00,-64,-58.8,-39.88,-40.2336,-77.1144
2020-09-05 14:00,-64.12,-58.85,-40.14,-40.5384,-77.1144
2020-09-05 15:00,-64.27,-59.06,-40.32,-40.5384,-77.4192
2020-09-05 16:00,-64.23,-59.2,-40.32,-40.8432,-77.4192
2020-09-05 17:00,-64.46,-59.16,-40.46,-40.8432,-77.4192
2020-09-05 18:00,-64.21,-59.33,-40.38,-41.148,-77.4192
2020-09-05 19:00,-64.41,-59.11,-40.54,-41.148,-77.724
2020-09-05 20:00,-64.67,-59.22,-40.55,-41.148,-77.724
2020-09-05 21:00,-64.58,-59.34,-40.57,-41.148,-77.724
2020-09-05 22:00,-64.8,-59.25,-40.83,-41.148,-77.724
2020-09-05 23:00,-64.73,-59.5,-40.75,-41.148,-77.724
2020-09-06 00:00,-64.84,-59.52,-40.91,-41.148,-77.724
2020-09-06 01:00,-64.9,-59.62,-40.98,-41.4528,-78.0288
2020-09-06 02:00,-64.91,-59.64,-41.07,-41.4528,-78.0288
2020-09-06 03:00,-64.91,-59.62,-41.04,-41.4528,-78.0288
2020-09-06 04:00,-64.9,-59.65,-41.04,-41.4528,-78.0288
2020-09-06 05:00,-64.87,-59.67,-40.99,-41.4528,-78.0288
2020-09-06 06:00,-65.07,-59.63,-41.06,-41.4528,-78.0288
2020-09-06 07:00,-65.29,-59.69,-41.25,-41.4528,-78.3336
2020-09-06 08:00,-65.41,-59.82,-41.49,-41.4528,-78.3336
2020-09-06 09:00,-65.42,-60.09,-41.5,-41.4528,-78.3336
2020-09-06 10:00,-65.38,-60.12,-41.73,-41.4528,-78.3336
2020-09-06 11:00,-65.58,-59.9,-41.9,-41.4528,-78.3336
2020-09-06 12:00,-65.56,-60.13,-42.04,-41.7576,-78.3336
2020-09-06 13:00,-65.39,-60.14,-42,-41.7576,-78.6384
2020-09-06 14:00,-65.27,-59.96,-42.25,-42.0624,-78.6384
2020-09-06 15:00,-65.46,-59.93,-42.39,-42.0624,-78.6384
2020-09-06 16:00,-65.6,-60.01,-42.53,-42.3672,-78.9432
2020-09-06 17:00,-65.83,-60.01,-42.62,-42.3672,-78.9432
2020-09-06 18:00,-65.85,-60.17,-42.71,-42.672,-78.9432
2020-09-06 19:00,-65.87,-60.11,-42.66,-42.672,-78.9432
2020-09-06 20:00,-65.96,-60.17,-42.64,-42.672,-78.9432
2020-09-06 21:00,-66.05,-60.07,-42.86,-42.672,-78.9432
2020-09-06 22:00,-65.91,-60.2,-42.82,-42.672,-79.248
2020-09-06 23:00,-66.15,-60.1,-42.89,-42.672,-79.248
2020-09-07 00:00,-65.98,-60.32,-42.91,-42.672,-79.248
2020-09-07 01:00,-66.11,-60.23,-43.08,-42.672,-79.248
2020-09-07 02:00,-66.24,-60.37,-43.13,-42.672,-79.248
2020-09-07 03:00,-66.18,-60.53,-43.04,-42.672,-79.248
2020-09-07 04:00,-66.17,-60.37,-43.09,-42.672,-79.5528
2020-09-07 05:00,-66.47,-60.38,-43.27,-42.672,-79.5528
2020-09-07 06:00,-66.54,-60.55,-43.3,-42.672,-79.5528
2020-09-07 07:00,-66.84,-60.67,-43.57,-42.672,-79.5528
2020-09-07 08:00,-66.84,-60.92,-43.46,-42.672,-79.5528
2020-09-07 09:00,-67.12,-60.81,-43.73,-42.672,-79.5528
2020-09-07 10:00,-66.9,-61.08,-43.78,-42.9768,-79.8576
2020-09-07 11:00,-66.9,-60.84,-43.92,-42.9768,-79.8576
2020-09-07 12:00,-66.57,-60.97,-43.85,-42.9768,-79.8576
2020-09-07 13:00,-66.57,-60.64,-43.96,-42.9768,-79.8576
2020-09-07 14:00,-66.63,-60.78,-44.11,-43.2816,-79.8576
2020-09-07 15:00,-66.77,-60.79,-44.24,-43.2816,-80.1624
2020-09-07 16:00,-66.76,-60.92,-44.23,-43.5864,-80.1624
2020-09-07 17:00,-66.91,-60.85,-44.31,-43.5864,-80.1624
2020-09-07 18:00,-67.1,-60.93,-44.33,-43.5864,-80.1624
2020-09-07 19:00,-67.25,-60.94,-44.46,-43.5864,-80.1624
2020-09-07 20:00,-67.44,-61.11,-44.53,-43.5864,-80.4672
2020-09-07 21:00,-67.36,-61.23,-44.59,-43.5864,-80.4672
2020-09-07 22:00,-67.48,-61.07,-44.64,-43.5864,-80.4672
2020-09-07 23:00,-67.46,-61.22,-44.67,-43.5864,-80.4672
2020-09-08 00:00,-67.5,-61.23,-44.83,-43.5864,-80.772
2020-09-08 01:00,-67.43,-61.4,-44.75,-43.5864,-80.772
2020-09-08 02:00,-67.35,-61.27,-44.78,-43.5864,-80.772
2020-09-08 03:00,-67.54,-61.28,-44.8,-43.5864,-80.772
2020-09-08 04:00,-67.43,-61.41,-44.8,-43.5864,-80.772
2020-09-08 05:00,-67.81,-61.26,-45.13,-43.5864,-80.772
2020-09-08 06:00,-68.07,-61.73,-45.1,-43.5864,-81.0768
2020-09-08 07:00,-67.92,-61.8,-45.08,-43.5864,-81.0768
2020-09-08 08:00,-68.22,-61.73,-45.32,-43.5864,-81.0768
2020-09-08 09:00,-68.11,-61.96,-45.35,-43.5864,-81.0768
2020-09-08 10:00,-67.98,-61.86,-45.37,-43.8912,-81.0768
2020-09-08 11:00,-68,-61.81,-45.4,-43.8912,-81.0768
2020-09-08 12:00,-67.67,-61.78,-45.17,-43.8912,-81.3816
2020-09-08 13:00,-67.78,-61.52,-45.14,-43.8912,-81.3816
2020-09-08 14:00,-67.9,-61.58,-45.37,-43.5864,-81.3816
2020-09-08 15:00,-67.94,-61.87,-45.41,-43.2816,-81.3816
2020-09-08 16:00,-68.13,-61.9,-45.51,-43.2816,-81.3816
2020-09-08 17:00,-68.11,-62.08,-45.51,-43.2816,-81.3816
2020-09-08 18:00,-67.99,-61.98,-45.4,-43.2816,-81.3816
2020-09-08 19:00,-68.01,-61.92,-45.33,-42.9768,-81.3816
2020-09-08 20:00,-68.12,-61.83,-45.46,-42.9768,-81.6864
2020-09-08 21:00,-68.19,-62,-45.51,-42.9768,-81.6864
2020-09-08 22:00,-68.09,-62.1,-45.44,-42.9768,-81.6864
2020-09-08 23:00,-68.27,-61.93,-45.59,-42.9768,-81.6864
2020-09-09 00:00,-68.17,-62.1,-45.64,-42.9768,-81.6864
2020-09-09 01:00,-68.2,-62.05,-45.68,-42.9768,-81.6864
2020-09-09 02:00,-68.12,-62.18,-45.66,-42.9768,-81.6864
2020-09-09 03:00,-68.28,-62.2,-45.7,-42.9768,-81.6864
2020-09-09 04:00,-68.25,-62.28,-45.68,-42.9768,-81.6864
2020-09-09 05:00,-68.43,-62.3,-45.76,-42.9768,-81.9912
2020-09-09 06:00,-68.34,-62.37,-45.71,-42.9768,-81.9912
2020-09-09 07:00,-68.49,-62.25,-45.9,-42.9768,-81.9912
2020-09-09 08:00,-68.46,-62.34,-45.9,-42.9768,-81.9912
2020-09-09 09:00,-68.65,-62.42,-46.05,-42.9768,-81.9912
2020-09-09 10:00,-68.78,-62.57,-46.07,-42.9768,-81.9912
2020-09-09 11:00,-68.31,-62.65,-45.91,-42.9768,-81.9912
2020-09-09 12:00,-68.62,-62.31,-46.2,-43.2816,-82.296
2020-09-09 13:00,-68.28,-62.52,-46.04,-43.2816,-82.296
2020-09-09 14:00,-68.38,-62.35,-46.13,-43.2816,-82.296
2020-09-09 15:00,-68.54,-62.58,-46.3,-43.2816,-82.296
2020-09-09 16:00,-68.69,-62.76,-46.46,-43.2816,-82.296
2020-09-09 17:00,-68.75,-62.81,-46.26,-43.2816,-82.296
2020-09-09 18:00,-68.62,-62.63,-46.35,-43.2816,-82.296
2020-09-09 19:00,-68.58,-62.59,-46.26,-43.2816,-82.6008
2020-09-09 20:00,-68.83,-62.44,-46.44,-43.5864,-82.6008
2020-09-09 21:00,-68.72,-62.8,-46.47,-43.2816,-82.6008
2020-09-09 22:00,-68.65,-62.83,-46.54,-43.5864,-82.6008
2020-09-09 23:00,-68.92,-62.64,-46.61,-43.5864,-82.6008
2020-09-10 00:00,-68.7,-62.98,-46.47,-43.5864,-82.6008
2020-09-10 01:00,-68.83,-62.71,-46.74,-43.5864,-82.6008
2020-09-10 02:00,-68.7,-62.99,-46.61,-43.5864,-82.6008
2020-09-10 03:00,-68.71,-62.83,-46.47,-43.5864,-82.9056
2020-09-10 04:00,-68.63,-62.78,-46.48,-43.5864,-82.9056
2020-09-10 05:00,-68.8,-62.64,-46.69,-43.5864,-82.9056
2020-09-10 06:00,-69,-62.99,-46.66,-43.5864,-82.9056
2020-09-10 07:00,-69.06,-63.08,-46.82,-43.5864,-82.9056
2020-09-10 08:00,-69.16,-63.02,-46.97,-43.5864,-82.9056
2020-09-10 09:00,-69.11,-63.27,-46.8,-43.5864,-82.9056
2020-09-10 10:00,-68.91,-62.98,-46.98,-43.5864,-83.2104
2020-09-10 11:00,-68.87,-63.17,-46.76,-43.5864,-83.2104
2020-09-10 12:00,-69.17,-63.01,-47.13,-43.5864,-83.2104
2020-09-10 13:00,-68.91,-63.3,-46.97,-43.2816,-83.2104
2020-09-10 14:00,-68.79,-63.11,-46.85,-43.2816,-83.2104
2020-09-10 15:00,-68.78,-62.96,-46.92,-43.2816,-83.2104
2020-09-10 16:00,-68.97,-63.07,-47.06,-43.2816,-83.2104
2020-09-10 17:00,-68.87,-63.27,-46.91,-43.2816,-83.2104
2020-09-10 18:00,-69.06,-63.1,-46.95,-43.2816,-83.2104
2020-09-10 19:00,-68.95,-63.24,-46.87,-43.2816,-83.2104
2020-09-10 20:00,-69.03,-63.16,-46.98,-43.2816,-83.2104
2020-09-10 21:00,-68.99,-63.18,-47.01,-43.2816,-83.5152
2020-09-10 22:00,-69.01,-63.12,-46.96,-43.2816,-83.5152
2020-09-10 23:00,-69.08,-63.2,-47.06,-43.2816,-83.5152
2020-09-11 00:00,-68.94,-63.29,-46.97,-43.2816,-83.5152
2020-09-11 01:00,-69.02,-63.16,-47.11,-43.2816,-83.5152
2020-09-11 02:00,-68.96,-63.3,-47.05,-43.2816,-83.5152
2020-09-11 03:00,-69.1,-63.2,-47.15,-43.2816,-83.5152
2020-09-11 04:00,-69.07,-63.34,-47.12,-43.2816,-83.5152
2020-09-11 05:00,-69.32,-63.31,-47.34,-43.2816,-83.5152
2020-09-11 06:00,-69.3,-63.48,-47.14,-43.2816,-83.5152
2020-09-11 07:00,-69.42,-63.43,-47.26,-43.2816,-83.82
2020-09-11 08:00,-69.33,-63.49,-47.37,-43.2816,-83.82
2020-09-11 09:00,-69.37,-63.58,-47.41,-43.2816,-83.82
2020-09-11 10:00,-69.24,-63.63,-47.3,-43.2816,-83.82
2020-09-11 11:00,-69.16,-63.48,-47.36,-43.2816,-83.82
2020-09-11 12:00,-69.25,-63.42,-47.61,-43.2816,-83.82
2020-09-11 13:00,-69.04,-63.59,-47.48,-43.5864,-83.82
2020-09-11 14:00,-69.32,-63.42,-47.97,-43.5864,-83.82
2020-09-11 15:00,-69.28,-63.7,-47.76,-43.8912,-84.1248
2020-09-11 16:00,-69.33,-63.71,-47.83,-43.8912,-84.1248
2020-09-11 17:00,-69.43,-63.65,-47.75,-43.8912,-84.1248
2020-09-11 18:00,-69.33,-63.63,-46.06,-43.8912,-84.1248
2020-09-11 19:00,-69.29,-63.31,-42.42,-42.3672,-73.4568
2020-09-11 20:00,-69.27,-62.84,-41.52,-37.1856,-72.2376
2020-09-11 21:00,-69.08,-62.72,-41.26,-36.576,-72.2376
2020-09-11 22:00,-69.18,-62.33,-41.12,-36.576,-72.2376
2020-09-11 23:00,-68.85,-62.16,-40.85,-36.8808,-72.2376
2020-09-12 00:00,-68.7,-61.79,-40.78,-36.8808,-72.2376
2020-09-12 01:00,-68.73,-61.54,-40.79,-36.8808,-72.2376
2020-09-12 02:00,-68.62,-61.46,-40.53,-36.8808,-72.2376
2020-09-12 03:00,-68.62,-61.08,-40.58,-36.8808,-72.2376
2020-09-12 04:00,-68.62,-60.98,-40.53,-37.1856,-72.2376
2020-09-12 05:00,-68.57,-60.91,-40.39,-37.1856,-72.2376
2020-09-12 06:00,-68.63,-60.64,-40.31,-36.576,-72.5424
2020-09-12 07:00,-68.58,-60.59,-40.26,-36.576,-72.5424
2020-09-12 08:00,-68.59,-60.37,-40.36,-36.576,-72.5424
2020-09-12 09:00,-68.65,-60.35,-40.32,-36.8808,-72.5424
2020-09-12 10:00,-68.75,-60.3,-40.51,-36.8808,-72.5424
2020-09-12 11:00,-68.55,-60.37,-40.52,-36.8808,-72.5424
2020-09-12 12:00,-68.56,-60.14,-40.58,-36.8808,-72.8472
2020-09-12 13:00,-68.5,-60.18,-40.73,-37.1856,-72.8472
2020-09-12 14:00,-68.49,-60.11,-40.84,-37.4904,-72.8472
2020-09-12 15:00,-68.31,-60.15,-40.8,-37.4904,-72.8472
2020-09-12 16:00,-68.41,-59.89,-40.82,-37.7952,-72.8472
2020-09-12 17:00,-68.41,-59.76,-40.74,-37.7952,-73.152
2020-09-12 18:00,-68.47,-59.67,-40.92,-38.1,-73.152
2020-09-12 19:00,-68.62,-59.67,-40.93,-38.1,-73.152
2020-09-12 20:00,-68.81,-59.66,-41.08,-38.1,-73.152
2020-09-12 21:00,-68.62,-59.7,-41.14,-38.1,-73.152
2020-09-12 22:00,-68.67,-59.58,-41.18,-38.1,-73.152
2020-09-12 23:00,-68.73,-59.69,-41.2,-38.4048,-73.152
2020-09-13 00:00,-68.74,-59.77,-41.4,-38.4048,-73.4568
2020-09-13 01:00,-68.59,-59.78,-41.27,-38.4048,-73.4568
2020-09-13 02:00,-68.76,-59.56,-41.27,-38.4048,-73.4568
2020-09-13 03:00,-68.78,-59.56,-41.41,-38.4048,-73.4568
2020-09-13 04:00,-69.18,-59.61,-41.69,-38.4048,-73.4568
2020-09-13 05:00,-69.14,-60.11,-41.7,-38.4048,-73.4568
2020-09-13 06:00,-69.35,-59.96,-41.77,-38.4048,-73.4568
2020-09-13 07:00,-69.32,-60.07,-41.79,-38.4048,-73.7616
2020-09-13 08:00,-69.34,-59.99,-41.84,-38.4048,-73.7616
2020-09-13 09:00,-69.39,-59.96,-41.87,-38.4048,-73.7616
2020-09-13 10:00,-69.49,-59.99,-42.09,-38.4048,-73.7616
2020-09-13 11:00,-69.37,-60.07,-42.09,-38.7096,-73.7616
2020-09-13 12:00,-69.27,-59.98,-42.12,-38.7096,-73.7616
2020-09-13 13:00,-69.18,-59.93,-42.19,-39.0144,-73.7616
2020-09-13 14:00,-69.3,-59.87,-42.41,-39.0144,-74.0664
2020-09-13 15:00,-69.25,-60.04,-42.45,-39.3192,-74.0664
2020-09-13 16:00,-69.44,-59.83,-42.61,-39.3192,-74.0664
2020-09-13 17:00,-69.77,-59.93,-42.71,-39.624,-74.0664
2020-09-13 18:00,-69.45,-60.11,-42.62,-39.624,-74.3712
2020-09-13 19:00,-69.64,-59.77,-42.76,-39.624,-74.3712
2020-09-13 20:00,-69.76,-59.89,-42.77,-39.624,-74.3712
2020-09-13 21:00,-69.93,-59.94,-42.94,-39.624,-74.3712
2020-09-13 22:00,-69.64,-60.1,-42.82,-39.624,-74.3712
2020-09-13 23:00,-69.73,-59.86,-42.94,-39.624,-74.3712
2020-09-14 00:00,-69.62,-60.02,-42.93,-39.624,-74.676
2020-09-14 01:00,-69.72,-59.91,-42.99,-39.624,-74.676
2020-09-14 02:00,-69.9,-60.04,-43.12,-39.624,-74.676
2020-09-14 03:00,-69.9,-60.18,-43.09,-39.624,-74.676
2020-09-14 04:00,-69.94,-60.07,-43.19,-39.9288,-74.676
2020-09-14 05:00,-70,-60.16,-43.11,-39.9288,-74.676
2020-09-14 06:00,-70.03,-60.18,-43.12,-39.9288,-74.676
2020-09-14 07:00,-70.15,-60.11,-43.3,-39.9288,-74.9808
2020-09-14 08:00,-70.2,-60.28,-43.48,-39.9288,-74.9808
2020-09-14 09:00,-70.32,-60.36,-43.64,-39.9288,-74.9808
2020-09-14 10:00,-70.34,-60.45,-43.69,-39.9288,-74.9808
2020-09-14 11:00,-70.22,-60.47,-43.75,-39.9288,-74.9808
2020-09-14 12:00,-70.27,-60.32,-43.9,-40.2336,-75.2856
2020-09-14 13:00,-70.05,-60.41,-43.8,-40.2336,-75.2856
2020-09-14 14:00,-70.27,-60.19,-44.14,-40.2336,-75.2856
2020-09-14 15:00,-70.21,-60.54,-44.08,-40.5384,-75.2856
2020-09-14 16:00,-70.24,-60.44,-43.95,-40.5384,-75.2856
2020-09-14 17:00,-70.34,-60.29,-43.99,-40.5384,-75.5904
2020-09-14 18:00,-70.33,-60.45,-44.17,-40.5384,-75.5904
2020-09-14 19:00,-70.48,-60.26,-44.12,-40.8432,-75.5904
2020-09-14 20:00,-70.68,-60.42,-44.27,-40.8432,-75.5904
2020-09-14 21:00,-70.61,-60.62,-44.33,-40.8432,-75.5904
2020-09-14 22:00,-70.53,-60.6,-44.32,-40.8432,-75.8952
2020-09-14 23:00,-70.57,-60.45,-44.42,-40.8432,-75.8952
2020-09-15 00:00,-70.47,-60.59,-44.46,-40.8432,-75.8952
2020-09-15 01:00,-70.61,-60.46,-44.55,-40.8432,-75.8952
2020-09-15 02:00,-70.42,-60.67,-44.45,-40.8432,-75.8952
2020-09-15 03:00,-70.64,-60.53,-44.57,-40.8432,-75.8952
2020-09-15 04:00,-70.66,-60.68,-44.51,-40.8432,-75.8952
2020-09-15 05:00,-70.59,-60.56,-44.42,-40.8432,-76.2
2020-09-15 06:00,-70.73,-60.52,-44.59,-40.8432,-76.2
2020-09-15 07:00,-70.96,-60.67,-44.89,-40.8432,-76.2
2020-09-15 08:00,-71.06,-60.91,-45.03,-41.148,-76.2
2020-09-15 09:00,-71.15,-60.98,-45.13,-41.148,-76.2
2020-09-15 10:00,-71.11,-61.15,-45.16,-41.148,-76.5048
2020-09-15 11:00,-70.91,-61.11,-45.22,-41.148,-76.5048
2020-09-15 12:00,-70.99,-60.95,-45.33,-41.148,-76.5048
2020-09-15 13:00,-70.78,-61.05,-45.37,-41.4528,-76.5048
2020-09-15 14:00,-70.92,-60.95,-45.63,-41.4528,-76.5048
2020-09-15 15:00,-71.16,-61.09,-45.85,-41.7576,-76.8096
2020-09-15 16:00,-71.16,-61.28,-45.78,-41.7576,-76.8096
2020-09-15 17:00,-71.05,-61.18,-45.85,-41.7576,-76.8096
2020-09-15 18:00,-71.1,-61.17,-45.83,-41.7576,-76.8096
2020-09-15 19:00,-71.1,-61.12,-45.73,-42.0624,-76.8096
2020-09-15 20:00,-71.13,-61.01,-45.77,-42.0624,-77.1144
2020-09-15 21:00,-71.24,-60.99,-45.87,-42.0624,-77.1144
2020-09-15 22:00,-71.17,-61.13,-45.99,-42.0624,-77.1144
2020-09-15 23:00,-71.23,-61.14,-46.02,-42.0624,-77.1144
2020-09-16 00:00,-71.29,-61.23,-46.12,-42.0624,-77.1144
2020-09-16 01:00,-71.22,-61.27,-46.19,-42.0624,-77.4192
2020-09-16 02:00,-71.36,-61.29,-46.29,-42.0624,-77.4192
2020-09-16 03:00,-71.37,-61.37,-46.3,-42.0624,-77.4192
2020-09-16 04:00,-71.36,-61.5,-46.25,-42.0624,-77.4192
2020-09-16 05:00,-71.51,-61.47,-46.37,-42.0624,-77.4192
2020-09-16 06:00,-71.69,-61.55,-46.45,-42.0624,-77.4192
2020-09-16 07:00,-71.88,-61.66,-46.67,-42.0624,-77.4192
2020-09-16 08:00,-71.72,-61.82,-46.62,-42.0624,-77.724
2020-09-16 09:00,-71.84,-61.81,-46.62,-42.0624,-77.724
2020-09-16 10:00,-71.82,-61.85,-46.85,-42.0624,-77.724
2020-09-16 11:00,-71.9,-61.85,-47.08,-42.3672,-77.724
2020-09-16 12:00,-71.82,-62.09,-47.05,-42.3672,-77.724
2020-09-16 13:00,-71.73,-61.99,-47.1,-42.3672,-78.0288
2020-09-16 14:00,-71.66,-61.96,-47.07,-42.672,-78.0288
2020-09-16 15:00,-71.68,-61.85,-47.17,-42.672,-78.0288
2020-09-16 16:00,-71.87,-61.92,-47.33,-42.672,-78.0288
2020-09-16 17:00,-71.85,-62.04,-47.37,-42.672,-78.0288
2020-09-16 18:00,-71.84,-61.97,-47.33,-42.9768,-78.3336
2020-09-16 19:00,-71.83,-61.9,-47.3,-42.9768,-78.3336
2020-09-16 20:00,-72.04,-61.92,-47.5,-42.9768,-78.3336
2020-09-16 21:00,-71.89,-62.1,-47.45,-42.9768,-78.3336
2020-09-16 22:00,-72.03,-61.96,-47.53,-42.9768,-78.3336
2020-09-16 23:00,-71.88,-62.08,-47.44,-42.9768,-78.6384
2020-09-17 00:00,-71.86,-61.94,-47.54,-42.9768,-78.6384
2020-09-17 01:00,-71.88,-62.12,-47.55,-42.9768,-78.6384
2020-09-17 02:00,-71.83,-62.04,-47.58,-42.9768,-78.6384
2020-09-17 03:00,-72.08,-62.05,-47.83,-42.9768,-78.6384
2020-09-17 04:00,-72.22,-62.31,-47.89,-42.9768,-78.6384
2020-09-17 05:00,-72.15,-62.46,-47.81,-42.9768,-78.9432
2020-09-17 06:00,-72.27,-62.23,-47.84,-42.9768,-78.9432
2020-09-17 07:00,-72.3,-62.42,-47.94,-42.9768,-78.9432
2020-09-17 08:00,-72.45,-62.48,-48.07,-42.9768,-78.9432
2020-09-17 09:00,-72.35,-62.58,-48.02,-42.9768,-78.9432
2020-09-17 10:00,-72.45,-62.56,-48.1,-42.9768,-78.9432
2020-09-17 11:00,-72.36,-62.64,-48.15,-42.9768,-78.9432
2020-09-17 12:00,-72.46,-62.62,-48.24,-42.9768,-79.248
2020-09-17 13:00,-71.93,-62.74,-47.8,-42.9768,-79.248
2020-09-17 14:00,-72.21,-62.26,-47,-42.9768,-79.248
2020-09-17 15:00,-71.99,-62.78,-46.11,-41.7576,-79.248
2020-09-17 16:00,-72.17,-62.46,-45.87,-40.8432,-79.248
2020-09-17 17:00,-72.17,-62.65,-42.45,-40.2336,-77.4192
2020-09-17 18:00,-70.93,-62.62,-37.74,-36.8808,-71.9328
2020-09-17 19:00,-69.29,-62.37,-35.94,-33.2232,-71.0184
2020-09-17 20:00,-67.98,-61.79,-35.07,-32.3088,-70.4088
2020-09-17 21:00,-66.96,-61.11,-33.12,-32.004,-69.1896
2020-09-17 22:00,-62.44,-57.38,-29.58,-31.0896,-67.3608
2020-09-17 23:00,-60.17,-53.07,-28,-29.2608,-66.7512
2020-09-18 00:00,-59.08,-51.66,-23.61,-28.956,-60.96
2020-09-18 01:00,-48.66,-50.85,-14.03,-27.432,-56.6928
2020-09-18 02:00,-47.09,-39.83,-12.51,-21.336,-55.1688
2020-09-18 03:00,-46.88,-37.97,-13.09,-19.812,-52.1208
2020-09-18 04:00,-46.72,-37.69,-12.75,-20.4216,-51.5112
2020-09-18 05:00,-46.55,-37.42,-12.92,-20.4216,-50.9016
2020-09-18 06:00,-46.22,-37.13,-12.9,-20.7264,-50.9016
2020-09-18 07:00,-46.32,-36.85,-13.42,-21.336,-50.5968
2020-09-18 08:00,-46.05,-37.03,-13.45,-21.6408,-50.5968
2020-09-18 09:00,-46.33,-36.8,-13.98,-21.9456,-50.292
2020-09-18 10:00,-46.17,-37.43,-13.96,-22.2504,-50.292
2020-09-18 11:00,-46.17,-37.45,-13.83,-22.2504,-50.292
2020-09-18 12:00,-46.18,-37.61,-13.52,-22.2504,-49.9872
2020-09-18 13:00,-46.1,-37.74,-13.42,-21.9456,-49.9872
2020-09-18 14:00,-46.07,-37.82,-13.54,-21.9456,-49.6824
2020-09-18 15:00,-46.11,-37.92,-13.94,-22.2504,-49.6824
2020-09-18 16:00,-46.29,-38.06,-14.25,-22.5552,-49.6824
2020-09-18 17:00,-46.3,-38.35,-14.41,-22.5552,-49.3776
2020-09-18 18:00,-46.45,-38.37,-14.6,-22.86,-49.3776
2020-09-18 19:00,-46.36,-38.55,-14.59,-23.1648,-49.3776
2020-09-18 20:00,-46.41,-38.59,-14.89,-23.1648,-49.3776
2020-09-18 21:00,-46.52,-38.82,-15.06,-23.4696,-49.3776
2020-09-18 22:00,-46.48,-38.94,-15.12,-23.4696,-49.3776
2020-09-18 23:00,-46.48,-39,-15.34,-23.7744,-49.3776
2020-09-19 00:00,-46.56,-39.01,-15.53,-23.7744,-49.3776
2020-09-19 01:00,-46.7,-39.21,-15.55,-24.0792,-49.3776
2020-09-19 02:00,-46.7,-39.43,-15.73,-24.0792,-49.3776
2020-09-19 03:00,-46.91,-39.55,-15.96,-24.0792,-49.3776
2020-09-19 04:00,-46.94,-39.76,-15.99,-24.384,-49.6824
2020-09-19 05:00,-46.95,-39.82,-15.96,-24.384,-49.6824
2020-09-19 06:00,-47.16,-39.87,-16.35,-24.384,-49.6824
2020-09-19 07:00,-47.15,-40.15,-16.42,-24.6888,-49.6824
2020-09-19 08:00,-47.4,-40.19,-16.69,-24.6888,-49.6824
2020-09-19 09:00,-47.71,-40.6,-17.07,-24.9936,-49.6824
2020-09-19 10:00,-47.81,-40.89,-17.25,-24.9936,-49.6824
2020-09-19 11:00,-47.89,-41.07,-17.48,-25.2984,-49.6824
2020-09-19 12:00,-47.98,-41.22,-17.89,-25.2984,-49.6824
2020-09-19 13:00,-47.88,-41.52,-17.89,-25.6032,-49.9872
2020-09-19 14:00,-48.09,-41.33,-18.22,-25.6032,-49.9872
2020-09-19 15:00,-48.38,-41.75,-18.5,-25.908,-49.9872
2020-09-19 16:00,-48.22,-42.01,-18.54,-25.908,-49.9872
2020-09-19 17:00,-48.23,-41.82,-18.52,-26.2128,-49.9872
2020-09-19 18:00,-48.39,-41.83,-18.92,-26.5176,-50.292
2020-09-19 19:00,-48.48,-42.13,-18.99,-26.2128,-50.292
2020-09-19 20:00,-48.62,-42.21,-19.14,-26.5176,-50.292
2020-09-19 21:00,-48.66,-42.47,-19.36,-26.5176,-50.292
2020-09-19 22:00,-48.73,-42.5,-19.44,-26.5176,-50.292
2020-09-19 23:00,-48.79,-42.64,-19.46,-26.8224,-50.292
2020-09-20 00:00,-48.75,-42.77,-19.62,-26.8224,-50.292
2020-09-20 01:00,-48.66,-42.8,-19.63,-26.8224,-50.292
2020-09-20 02:00,-48.93,-42.79,-19.79,-26.8224,-50.292
2020-09-20 03:00,-49.06,-43.03,-20.07,-26.8224,-50.292
2020-09-20 04:00,-49.2,-43.18,-20.25,-26.8224,-50.292
2020-09-20 05:00,-49.2,-43.36,-20.24,-27.1272,-50.292
2020-09-20 06:00,-49.43,-43.29,-20.52,-27.1272,-50.292
2020-09-20 07:00,-49.41,-43.66,-20.46,-27.1272,-50.292
2020-09-20 08:00,-49.73,-43.65,-20.85,-27.1272,-50.292
2020-09-20 09:00,-49.77,-43.9,-21.01,-27.1272,-50.5968
2020-09-20 10:00,-49.75,-44.03,-21.07,-27.432,-50.9016
2020-09-20 11:00,-49.77,-43.94,-21.38,-27.432,-50.9016
2020-09-20 12:00,-49.94,-44.1,-21.68,-27.7368,-50.9016
2020-09-20 13:00,-50.02,-44.47,-22.01,-27.7368,-50.9016
2020-09-20 14:00,-50.04,-44.58,-22.13,-28.0416,-51.2064
2020-09-20 15:00,-50.05,-44.73,-22.18,-28.0416,-51.2064
2020-09-20 16:00,-50.37,-44.53,-22.51,-28.3464,-51.2064
2020-09-20 17:00,-50.4,-44.86,-22.65,-28.3464,-51.2064
2020-09-20 18:00,-50.43,-44.94,-22.75,-28.6512,-51.2064
2020-09-20 19:00,-50.53,-45,-22.9,-28.6512,-51.2064
2020-09-20 20:00,-50.69,-45.13,-23.12,-28.6512,-51.5112
2020-09-20 21:00,-50.6,-45.28,-23.19,-28.6512,-51.5112
2020-09-20 22:00,-50.61,-45.28,-23.27,-28.956,-51.5112
2020-09-20 23:00,-50.81,-45.31,-23.52,-28.956,-51.5112
2020-09-21 00:00,-50.72,-45.61,-23.51,-28.956,-51.5112
2020-09-21 01:00,-50.69,-45.53,-23.48,-28.956,-51.5112
2020-09-21 02:00,-50.74,-45.56,-23.62,-28.956,-51.5112
2020-09-21 03:00,-50.98,-45.68,-23.89,-28.956,-51.5112
2020-09-21 04:00,-51.06,-45.94,-23.96,-28.956,-51.5112
2020-09-21 05:00,-50.95,-46.01,-23.98,-28.956,-51.5112
2020-09-21 06:00,-51.38,-45.85,-24.28,-29.2608,-51.5112
2020-09-21 07:00,-51.44,-46.32,-24.28,-29.2608,-51.5112
2020-09-21 08:00,-51.48,-46.28,-24.42,-29.2608,-51.5112
2020-09-21 09:00,-51.48,-46.4,-24.51,-29.2608,-51.816
2020-09-21 10:00,-51.58,-46.38,-24.7,-29.2608,-51.816
2020-09-21 11:00,-51.53,-46.56,-24.8,-29.5656,-51.816
2020-09-21 12:00,-51.6,-46.57,-25,-29.5656,-51.816
2020-09-21 13:00,-51.66,-46.66,-25.2,-29.5656,-51.816
2020-09-21 14:00,-51.59,-46.8,-25.43,-29.8704,-51.816
2020-09-21 15:00,-51.76,-46.93,-25.65,-29.8704,-52.1208
2020-09-21 16:00,-51.77,-46.97,-25.66,-29.8704,-52.1208
2020-09-21 17:00,-51.75,-47.03,-25.74,-30.1752,-52.1208
2020-09-21 18:00,-51.85,-47.05,-25.91,-30.1752,-52.1208
2020-09-21 19:00,-51.9,-47.15,-26.06,-30.1752,-52.1208
2020-09-21 20:00,-51.88,-47.28,-26.06,-30.48,-52.1208
2020-09-21 21:00,-51.99,-47.19,-26.33,-30.48,-52.1208
2020-09-21 22:00,-52.06,-47.41,-26.4,-30.48,-52.1208
2020-09-21 23:00,-52.19,-47.5,-26.5,-30.48,-52.1208
2020-09-22 00:00,-52.34,-47.65,-26.73,-30.48,-52.1208
2020-09-22 01:00,-52.21,-47.86,-26.61,-30.48,-52.4256
2020-09-22 02:00,-52.1,-47.72,-26.7,-30.48,-52.4256
2020-09-22 03:00,-52.31,-47.67,-26.78,-30.48,-52.4256
2020-09-22 04:00,-52.36,-47.88,-26.8,-30.48,-52.4256
2020-09-22 05:00,-52.55,-47.98,-26.96,-30.48,-52.4256
2020-09-22 06:00,-52.67,-48.01,-27.1,-30.7848,-52.4256
2020-09-22 07:00,-52.75,-48.19,-27.27,-30.7848,-52.4256
2020-09-22 08:00,-52.88,-48.29,-27.45,-30.7848,-52.4256
2020-09-22 09:00,-53,-48.43,-27.55,-30.7848,-52.4256
2020-09-22 10:00,-52.96,-48.46,-27.76,-30.7848,-52.4256
2020-09-22 11:00,-52.93,-48.58,-28.01,-31.0896,-52.7304
2020-09-22 12:00,-52.81,-48.57,-28.11,-31.0896,-52.7304
2020-09-22 13:00,-52.74,-48.67,-28.35,-31.3944,-52.7304
2020-09-22 14:00,-52.92,-48.66,-28.64,-31.3944,-52.7304
2020-09-22 15:00,-53.16,-48.95,-28.78,-31.3944,-52.7304
2020-09-22 16:00,-53.26,-49.13,-28.93,-31.6992,-53.0352
2020-09-22 17:00,-53.45,-49.08,-29.06,-31.6992,-53.0352
2020-09-22 18:00,-53.36,-49.28,-29.07,-32.004,-53.0352
2020-09-22 19:00,-53.62,-49.09,-29.27,-32.004,-53.0352
2020-09-22 20:00,-53.68,-49.37,-29.35,-32.004,-53.0352
2020-09-22 21:00,-53.65,-49.32,-29.47,-32.004,-53.0352
2020-09-22 22:00,-53.76,-49.41,-29.65,-32.004,-53.0352
2020-09-22 23:00,-53.8,-49.45,-29.7,-32.004,-53.0352
2020-09-23 00:00,-53.78,-49.55,-29.78,-32.004,-53.0352
2020-09-23 01:00,-53.92,-49.57,-29.85,-32.004,-53.34
2020-09-23 02:00,-53.9,-49.74,-29.91,-32.004,-53.34
2020-09-23 03:00,-53.89,-49.77,-29.91,-32.004,-53.34
2020-09-23 04:00,-54.04,-49.72,-30.06,-32.004,-53.34
2020-09-23 05:00,-54.19,-49.94,-30.14,-32.004,-53.34
2020-09-23 06:00,-54.21,-50.04,-30.13,-32.004,-53.34
2020-09-23 07:00,-54.37,-50.03,-30.26,-32.3088,-53.34
2020-09-23 08:00,-54.28,-50.2,-30.28,-32.3088,-53.34
2020-09-23 09:00,-54.45,-50.13,-30.46,-32.3088,-53.34
2020-09-23 10:00,-54.4,-50.2,-30.53,-32.3088,-53.34
2020-09-23 11:00,-54.38,-50.22,-30.52,-32.3088,-53.6448
2020-09-23 12:00,-54.48,-50.33,-30.91,-32.3088,-53.6448
2020-09-23 13:00,-54.13,-50.46,-30.78,-32.6136,-53.6448
2020-09-23 14:00,-54.48,-50.11,-31.13,-32.6136,-53.6448
2020-09-23 15:00,-54.3,-50.59,-31.05,-32.9184,-53.6448
2020-09-23 16:00,-54.63,-50.3,-31.25,-32.9184,-53.6448
2020-09-23 17:00,-54.5,-50.67,-31.13,-32.9184,-53.9496
2020-09-23 18:00,-54.6,-50.45,-31.18,-32.9184,-53.9496
2020-09-23 19:00,-54.76,-50.47,-31.41,-33.2232,-53.9496
2020-09-23 20:00,-54.75,-50.63,-31.47,-33.2232,-53.9496
2020-09-23 21:00,-54.87,-50.63,-31.48,-33.2232,-53.9496
2020-09-23 22:00,-54.98,-50.74,-31.89,-33.2232,-53.9496
2020-09-23 23:00,-54.89,-50.91,-31.69,-33.2232,-53.9496
2020-09-24 00:00,-54.9,-50.88,-31.82,-33.2232,-53.9496
2020-09-24 01:00,-55.03,-50.9,-31.97,-33.2232,-53.9496
2020-09-24 02:00,-55.11,-50.98,-32.09,-33.2232,-54.2544
2020-09-24 03:00,-55.15,-51.06,-32.1,-33.2232,-54.2544
2020-09-24 04:00,-55.14,-51.22,-32.13,-33.2232,-54.2544
2020-09-24 05:00,-55.37,-51.16,-32.36,-33.2232,-54.2544
2020-09-24 06:00,-55.52,-51.28,-32.37,-33.2232,-54.2544
2020-09-24 07:00,-55.49,-51.46,-32.36,-33.2232,-54.2544
2020-09-24 08:00,-55.53,-51.33,-32.42,-33.2232,-54.2544
2020-09-24 09:00,-55.49,-51.46,-32.51,-33.2232,-54.2544
2020-09-24 10:00,-55.48,-51.44,-32.58,-33.2232,-54.2544
2020-09-24 11:00,-55.47,-51.45,-32.61,-33.528,-54.2544
2020-09-24 12:00,-55.38,-51.45,-32.63,-33.528,-54.5592
2020-09-24 13:00,-55.54,-51.49,-32.99,-33.528,-54.5592
2020-09-24 14:00,-55.64,-51.63,-32.97,-33.528,-54.5592
2020-09-24 15:00,-55.73,-51.68,-33.62,-33.8328,-54.5592
2020-09-24 16:00,-55.66,-51.84,-33.18,-33.8328,-54.5592
2020-09-24 17:00,-55.84,-51.8,-33.22,-33.8328,-54.5592
2020-09-24 18:00,-55.66,-51.88,-33.08,-33.8328,-54.5592
2020-09-24 19:00,-55.58,-51.72,-32.94,-33.8328,-54.864
2020-09-24 20:00,-55.5,-51.6,-32.98,-33.8328,-54.864
2020-09-24 21:00,-55.67,-51.46,-33.15,-33.8328,-54.864
2020-09-24 22:00,-55.5,-51.6,-33.13,-34.1376,-54.864
2020-09-24 23:00,-55.43,-51.53,-33.19,-33.8328,-54.864
2020-09-25 00:00,-55.66,-51.53,-33.17,-34.1376,-54.864
2020-09-25 01:00,-55.77,-51.75,-33.33,-34.1376,-54.864
2020-09-25 02:00,-55.88,-51.88,-33.56,-34.1376,-54.864
2020-09-25 03:00,-55.82,-51.97,-33.5,-34.1376,-54.864
2020-09-25 04:00,-55.9,-52,-33.45,-34.1376,-54.864
2020-09-25 05:00,-56.04,-51.9,-33.73,-34.1376,-55.1688
2020-09-25 06:00,-55.85,-52.15,-33.39,-34.1376,-55.1688
2020-09-25 07:00,-56.1,-51.83,-33.61,-34.1376,-55.1688
2020-09-25 08:00,-56.09,-52.08,-33.21,-33.8328,-54.864
2020-09-25 09:00,-56.11,-52.2,-32.62,-32.6136,-54.864
2020-09-25 10:00,-56.24,-52.16,-32.47,-32.3088,-54.864
2020-09-25 11:00,-56.25,-52.32,-32.46,-32.3088,-55.1688
2020-09-25 12:00,-56.01,-52.34,-32.45,-32.3088,-55.1688
2020-09-25 13:00,-56.02,-52.25,-32.53,-32.6136,-55.1688
2020-09-25 14:00,-55.96,-52.31,-32.64,-32.6136,-55.1688
2020-09-25 15:00,-56.27,-52.36,-32.79,-32.9184,-55.1688
2020-09-25 16:00,-56.17,-52.55,-32.79,-32.9184,-55.1688
2020-09-25 17:00,-56.16,-52.47,-32.78,-32.9184,-55.1688
2020-09-25 18:00,-55.82,-52.41,-32.49,-33.2232,-55.1688
2020-09-25 19:00,-55.77,-52.09,-32.3,-33.2232,-55.1688
2020-09-25 20:00,-56.47,-52.07,-33.1,-33.2232,-55.1688
2020-09-25 21:00,-56.23,-52.53,-33.04,-33.2232,-55.1688
2020-09-25 22:00,-56.32,-52.56,-33.05,-33.2232,-55.1688
2020-09-25 23:00,-56.37,-52.55,-33.29,-33.2232,-55.4736
2020-09-26 00:00,-56.31,-52.62,-33.26,-33.2232,-55.4736
2020-09-26 01:00,-56.3,-52.65,-33.31,-33.2232,-55.4736
2020-09-26 02:00,-56.49,-52.64,-33.49,-33.2232,-55.4736
2020-09-26 03:00,-56.58,-52.8,-33.54,-33.2232,-55.4736
2020-09-26 04:00,-56.43,-52.88,-33.25,-33.2232,-55.4736
2020-09-26 05:00,-56.63,-52.72,-33.5,-33.2232,-55.4736
2020-09-26 06:00,-56.67,-52.82,-33.52,-33.2232,-55.4736
2020-09-26 07:00,-56.98,-52.87,-33.61,-33.2232,-55.4736
2020-09-26 08:00,-56.83,-53.11,-33.52,-33.2232,-55.4736
2020-09-26 09:00,-56.9,-52.91,-33.5,-33.2232,-54.864
2020-09-26 10:00,-56.91,-53.03,-33.22,-33.2232,-53.0352
2020-09-26 11:00,-56.83,-53.04,-32.95,-32.9184,-52.4256
2020-09-26 12:00,-56.87,-53.02,-33.11,-32.9184,-52.4256
2020-09-26 13:00,-56.8,-53.19,-33.17,-32.9184,-52.1208
2020-09-26 14:00,-56.53,-53.2,-33.07,-33.2232,-52.1208
2020-09-26 15:00,-56.79,-52.94,-33.37,-33.2232,-52.1208
2020-09-26 16:00,-56.99,-53.19,-33.43,-33.528,-52.1208
2020-09-26 17:00,-56.9,-53.38,-33.38,-33.528,-52.1208
2020-09-26 18:00,-56.97,-53.05,-33.38,-33.8328,-52.1208
2020-09-26 19:00,-57,-53.1,-33.51,-33.8328,-52.4256
2020-09-26 20:00,-57.18,-53.09,-33.63,-33.8328,-52.4256
2020-09-26 21:00,-57.03,-53.25,-33.59,-33.8328,-52.4256
2020-09-26 22:00,-56.94,-53.14,-33.55,-33.8328,-52.4256
2020-09-26 23:00,-57.02,-53.1,-33.67,-33.8328,-52.4256
2020-09-27 00:00,-56.99,-53.2,-33.69,-33.8328,-52.4256
2020-09-27 01:00,-56.93,-53.22,-33.72,-33.8328,-52.4256
2020-09-27 02:00,-57.07,-53.12,-33.82,-33.8328,-52.4256
2020-09-27 03:00,-57.11,-53.28,-33.9,-33.8328,-52.4256
2020-09-27 04:00,-57.21,-53.35,-33.95,-34.1376,-52.4256
2020-09-27 05:00,-57.41,-53.51,-34.05,-34.1376,-52.4256
2020-09-27 06:00,-57.49,-53.52,-34.1,-34.1376,-52.4256
2020-09-27 07:00,-57.64,-53.51,-34.31,-34.1376,-52.4256
2020-09-27 08:00,-57.61,-53.73,-34.27,-34.1376,-52.4256
2020-09-27 09:00,-57.74,-53.72,-34.44,-34.1376,-52.4256
2020-09-27 10:00,-57.65,-53.83,-34.48,-34.1376,-52.7304
2020-09-27 11:00,-57.63,-53.82,-34.64,-34.1376,-52.7304
2020-09-27 12:00,-57.37,-53.88,-34.57,-34.1376,-52.7304
2020-09-27 13:00,-57.38,-53.73,-34.71,-34.4424,-52.7304
2020-09-27 14:00,-57.56,-53.83,-34.95,-34.4424,-52.7304
2020-09-27 15:00,-57.64,-54.01,-35.05,-34.4424,-53.0352
2020-09-27 16:00,-57.65,-54.07,-35.07,-34.7472,-53.0352
2020-09-27 17:00,-57.61,-54.05,-34.9,-34.7472,-53.0352
2020-09-27 18:00,-57.7,-53.95,-35.04,-34.7472,-53.0352
2020-09-27 19:00,-57.87,-54.03,-35.14,-34.7472,-53.0352
2020-09-27 20:00,-57.83,-54.04,-35.13,-34.7472,-53.0352
2020-09-27 21:00,-57.8,-54.05,-35.16,-34.7472,-53.0352
2020-09-27 22:00,-57.88,-54.04,-35.2,-34.7472,-53.0352
2020-09-27 23:00,-57.83,-54.11,-35.27,-34.7472,-53.0352
2020-09-28 00:00,-57.87,-54.09,-35.31,-34.7472,-53.34
2020-09-28 01:00,-57.87,-54.06,-35.42,-34.7472,-53.34
2020-09-28 02:00,-57.72,-54.17,-35.36,-35.052,-53.34
2020-09-28 03:00,-58.13,-54.01,-35.65,-35.052,-53.34
2020-09-28 04:00,-57.97,-54.4,-35.47,-35.052,-53.34
2020-09-28 05:00,-58.06,-54.14,-35.55,-35.052,-53.34
2020-09-28 06:00,-58.05,-54.21,-35.54,-35.052,-53.34
2020-09-28 07:00,-58.32,-54.26,-35.74,-35.052,-53.34
2020-09-28 08:00,-58.51,-54.45,-35.88,-35.052,-53.34
2020-09-28 09:00,-58.57,-54.63,-36.06,-35.052,-53.34
2020-09-28 10:00,-58.59,-54.7,-36.2,-35.052,-53.34
2020-09-28 11:00,-58.46,-54.74,-36.15,-35.052,-53.6448
2020-09-28 12:00,-58.58,-54.69,-36.51,-35.052,-53.6448
2020-09-28 13:00,-58.42,-54.92,-36.51,-35.3568,-53.6448
2020-09-28 14:00,-58.5,-54.92,-36.71,-35.3568,-53.6448
2020-09-28 15:00,-58.73,-54.98,-36.79,-35.6616,-53.6448
2020-09-28 16:00,-58.46,-55.19,-36.72,-35.6616,-53.9496
2020-09-28 17:00,-58.53,-54.91,-36.78,-35.9664,-53.9496
2020-09-28 18:00,-58.69,-54.97,-36.89,-35.9664,-53.9496
2020-09-28 19:00,-58.59,-55.12,-36.81,-35.9664,-53.9496
2020-09-28 20:00,-58.73,-54.99,-36.82,-35.9664,-53.9496
2020-09-28 21:00,-58.9,-55.04,-36.98,-35.9664,-53.9496
2020-09-28 22:00,-58.78,-55.21,-36.94,-35.9664,-53.9496
2020-09-28 23:00,-58.64,-55.09,-36.82,-35.9664,-53.9496
2020-09-29 00:00,-58.7,-54.85,-36.93,-35.9664,-54.2544
2020-09-29 01:00,-58.76,-55.01,-37.03,-35.9664,-54.2544
2020-09-29 02:00,-58.64,-55.14,-37.05,-35.9664,-54.2544
2020-09-29 03:00,-58.83,-54.96,-37.18,-35.9664,-54.2544
2020-09-29 04:00,-59.06,-55.16,-37.24,-35.9664,-54.2544
2020-09-29 05:00,-59.11,-55.4,-37.38,-35.9664,-54.2544
2020-09-29 06:00,-59.31,-55.42,-37.58,-35.9664,-54.2544
2020-09-29 07:00,-59.24,-55.55,-36.97,-35.9664,-54.2544
2020-09-29 08:00,-59.2,-55.34,-36.24,-32.9184,-54.2544
2020-09-29 09:00,-59.22,-55.51,-35.8,-31.6992,-54.2544
2020-09-29 10:00,-59.25,-55.37,-35.63,-31.6992,-54.2544
2020-09-29 11:00,-59.32,-55.43,-35.51,-31.6992,-54.2544
2020-09-29 12:00,-59.16,-55.59,-35.53,-31.6992,-54.2544
2020-09-29 13:00,-58.87,-55.61,-35.26,-32.004,-54.2544
2020-09-29 14:00,-58.87,-55.42,-35.3,-32.004,-54.5592
2020-09-29 15:00,-58.77,-55.28,-35.21,-32.3088,-54.5592
2020-09-29 16:00,-59.11,-55.21,-35.34,-32.3088,-54.5592
2020-09-29 17:00,-59.1,-55.45,-35.24,-32.004,-54.5592
2020-09-29 18:00,-59.09,-55.41,-35.25,-32.004,-54.5592
2020-09-29 19:00,-59.01,-55.47,-35.4,-32.004,-54.5592
2020-09-29 20:00,-59.07,-55.4,-35.16,-32.004,-54.5592
2020-09-29 21:00,-59.22,-55.37,-35.33,-32.004,-54.5592
2020-09-29 22:00,-59.31,-55.53,-35.41,-32.004,-54.5592
2020-09-29 23:00,-59.19,-55.54,-35.13,-32.004,-53.9496
2020-09-30 00:00,-59.29,-55.55,-33.21,-31.3944,-53.6448
2020-09-30 01:00,-58.91,-55.23,-31.63,-29.8704,-53.0352
2020-09-30 02:00,-59.06,-54.79,-30.74,-28.956,-52.4256
2020-09-30 03:00,-59.58,-54.64,-30.56,-28.6512,-51.816
2020-09-30 04:00,-59.25,-54.76,-29.94,-28.6512,-51.816
2020-09-30 05:00,-59.55,-54.37,-29.99,-28.6512,-51.5112
2020-09-30 06:00,-59.14,-54.71,-29.83,-28.6512,-51.5112
2020-09-30 07:00,-59.42,-54.51,-30,-28.956,-51.5112
2020-09-30 08:00,-59.39,-54.62,-30.03,-28.956,-51.2064
2020-09-30 09:00,-59.48,-54.57,-30.27,-29.2608,-51.2064
2020-09-30 10:00,-59.49,-54.68,-30.4,-29.2608,-51.2064
2020-09-30 11:00,-59.52,-54.75,-30.74,-29.2608,-51.2064
2020-09-30 12:00,-59.59,-54.97,-31.07,-29.5656,-51.2064
2020-09-30 13:00,-59.45,-55,-31.11,-29.8704,-51.5112
2020-09-30 14:00,-59.63,-55.04,-31.56,-30.1752,-51.5112
2020-09-30 15:00,-59.6,-55.25,-31.72,-30.48,-51.5112
2020-09-30 16:00,-59.59,-55.22,-31.79,-30.48,-51.5112
2020-09-30 17:00,-59.69,-55.22,-31.95,-30.7848,-51.5112
2020-09-30 18:00,-59.57,-55.28,-31.74,-30.7848,-51.816
2020-09-30 19:00,-59.86,-55.15,-32.13,-30.7848,-51.816
2020-09-30 20:00,-59.85,-55.39,-32.21,-30.7848,-51.816
2020-09-30 21:00,-60.03,-55.37,-32.5,-31.0896,-51.816
2020-09-30 22:00,-60,-55.49,-32.55,-31.0896,-51.816
2020-09-30 23:00,-60,-55.49,-32.5,-31.0896,-51.816
2020-10-01 00:00,-60.02,-55.48,-32.69,-31.0896,-51.816
2020-10-01 01:00,-59.92,-55.53,-32.6,-31.0896,-51.816
2020-10-01 02:00,-59.88,-55.45,-32.72,-31.3944,-51.816
2020-10-01 03:00,-60.01,-55.48,-32.89,-31.3944,-51.816
2020-10-01 04:00,-60.07,-55.62,-33.02,-31.3944,-51.816
2020-10-01 05:00,-60.09,-55.67,-33,-31.3944,-51.816
2020-10-01 06:00,-60.31,-55.61,-33.21,-31.3944,-51.816
2020-10-01 07:00,-60.54,-55.82,-33.48,-31.3944,-51.816
2020-10-01 08:00,-60.46,-55.98,-33.44,-31.3944,-51.816
2020-10-01 09:00,-60.47,-55.87,-33.56,-31.6992,-52.1208
2020-10-01 10:00,-60.24,-55.93,-33.59,-31.6992,-52.1208
2020-10-01 11:00,-60.31,-55.75,-33.73,-31.6992,-52.1208
2020-10-01 12:00,-60.22,-55.95,-33.92,-32.004,-52.1208
2020-10-01 13:00,-60.19,-55.94,-34.16,-32.004,-52.1208
2020-10-01 14:00,-60.19,-56.1,-34.35,-32.3088,-52.4256
2020-10-01 15:00,-60.25,-56.13,-34.39,-32.3088,-52.4256
2020-10-01 16:00,-60.3,-56.15,-34.62,-32.6136,-52.4256
2020-10-01 17:00,-60.28,-56.19,-34.48,-32.6136,-52.4256
2020-10-01 18:00,-60.3,-56.15,-34.63,-32.9184,-52.4256
2020-10-01 19:00,-60.24,-56.12,-34.56,-32.9184,-52.4256
2020-10-01 20:00,-60.48,-56.06,-34.76,-32.9184,-52.7304
2020-10-01 21:00,-60.39,-56.26,-34.79,-32.9184,-52.7304
2020-10-01 22:00,-60.41,-56.12,-34.78,-32.9184,-52.7304
2020-10-01 23:00,-60.35,-56.15,-34.78,-32.9184,-52.7304
2020-10-02 00:00,-60.47,-56.05,-35.07,-32.9184,-52.7304
2020-10-02 01:00,-60.47,-56.21,-35.14,-32.9184,-52.7304
2020-10-02 02:00,-60.46,-56.17,-35.1,-32.9184,-52.7304
2020-10-02 03:00,-60.65,-56.2,-35.28,-32.9184,-52.7304
2020-10-02 04:00,-60.79,-56.36,-35.39,-32.9184,-52.7304
2020-10-02 05:00,-60.85,-56.45,-35.4,-33.2232,-52.7304
2020-10-02 06:00,-60.88,-56.5,-35.42,-33.2232,-52.7304
2020-10-02 07:00,-60.98,-56.48,-35.56,-33.2232,-53.0352
2020-10-02 08:00,-60.9,-56.59,-35.59,-33.2232,-53.0352
2020-10-02 09:00,-60.99,-56.53,-35.65,-33.2232,-53.0352
2020-10-02 10:00,-60.96,-56.55,-35.84,-33.2232,-53.0352
2020-10-02 11:00,-60.98,-56.64,-35.94,-33.2232,-53.0352
2020-10-02 12:00,-60.9,-56.69,-36.03,-33.528,-53.0352
2020-10-02 13:00,-60.97,-56.64,-36.3,-33.528,-53.0352
2020-10-02 14:00,-60.9,-56.82,-36.23,-33.8328,-53.34
2020-10-02 15:00,-61,-56.73,-36.46,-33.8328,-53.34
2020-10-02 16:00,-61.14,-56.84,-36.74,-34.1376,-53.34
2020-10-02 17:00,-61.09,-57.05,-36.75,-34.1376,-53.34
2020-10-02 18:00,-61.07,-56.97,-36.71,-34.1376,-53.34
2020-10-02 19:00,-61.17,-56.89,-36.79,-34.1376,-53.6448
2020-10-02 20:00,-61.25,-56.95,-36.98,-34.1376,-53.6448
2020-10-02 21:00,-61.34,-57.06,-37,-34.4424,-53.6448
2020-10-02 22:00,-61.27,-57.06,-37.04,-34.4424,-53.6448
2020-10-02 23:00,-61.47,-56.99,-37.28,-34.4424,-53.6448
2020-10-03 00:00,-61.59,-57.15,-37.38,-34.4424,-53.6448
2020-10-03 01:00,-61.48,-57.41,-37.33,-34.4424,-53.6448
2020-10-03 02:00,-61.64,-57.19,-37.46,-34.4424,-53.6448
2020-10-03 03:00,-61.67,-57.39,-37.52,-34.4424,-53.6448
2020-10-03 04:00,-61.68,-57.24,-37.75,-34.4424,-53.6448
2020-10-03 05:00,-61.7,-57.3,-37.73,-34.4424,-53.6448
2020-10-03 06:00,-61.78,-57.24,-37.64,-34.4424,-53.9496
2020-10-03 07:00,-61.84,-57.31,-37.74,-34.4424,-53.9496
2020-10-03 08:00,-61.8,-57.55,-37.61,-34.4424,-53.9496
2020-10-03 09:00,-61.86,-57.33,-37.83,-34.7472,-53.9496
2020-10-03 10:00,-61.9,-57.36,-37.92,-34.7472,-53.9496
2020-10-03 11:00,-61.89,-57.53,-38.02,-34.7472,-53.9496
2020-10-03 12:00,-61.61,-57.52,-37.78,-34.7472,-53.9496
2020-10-03 13:00,-61.72,-57.21,-38.09,-35.052,-54.2544
2020-10-03 14:00,-61.73,-57.46,-38.25,-35.052,-54.2544
2020-10-03 15:00,-61.72,-57.58,-38.22,-35.3568,-54.2544
2020-10-03 16:00,-61.67,-57.46,-38.3,-35.3568,-54.2544
2020-10-03 17:00,-61.78,-57.4,-38.21,-35.3568,-54.2544
2020-10-03 18:00,-61.85,-57.5,-38.34,-35.3568,-54.2544
2020-10-03 19:00,-61.93,-57.54,-38.48,-35.3568,-54.5592
2020-10-03 20:00,-62.13,-57.53,-38.59,-35.6616,-54.5592
2020-10-03 21:00,-61.99,-57.69,-38.59,-35.6616,-54.5592
2020-10-03 22:00,-61.84,-57.65,-38.49,-35.6616,-54.5592
2020-10-03 23:00,-61.9,-57.52,-38.64,-35.6616,-54.5592
2020-10-04 00:00,-62.01,-57.62,-38.65,-35.6616,-54.5592
2020-10-04 01:00,-62.17,-57.66,-38.87,-35.6616,-54.5592
2020-10-04 02:00,-61.91,-57.8,-38.7,-35.6616,-54.5592
2020-10-04 03:00,-61.95,-57.55,-38.72,-35.6616,-54.5592
2020-10-04 04:00,-62.25,-57.63,-38.79,-35.6616,-54.5592
2020-10-04 05:00,-62.31,-57.93,-39.01,-35.6616,-54.864
2020-10-04 06:00,-62.33,-57.84,-38.93,-35.6616,-54.864
2020-10-04 07:00,-62.41,-58.02,-39.16,-35.6616,-54.864
2020-10-04 08:00,-62.4,-57.99,-39.02,-35.3568,-54.864
2020-10-04 09:00,-62.45,-57.91,-39.04,-35.052,-54.864
2020-10-04 10:00,-62.4,-58.2,-39.14,-35.052,-54.864
2020-10-04 11:00,-62.25,-57.96,-38.82,-34.7472,-54.864
2020-10-04 12:00,-62.37,-57.71,-38.69,-34.7472,-54.864
2020-10-04 13:00,-62.01,-57.9,-38.48,-34.1376,-54.864
2020-10-04 14:00,-62.5,-57.6,-38.27,-33.8328,-54.864
2020-10-04 15:00,-62.49,-58.1,-37.92,-33.8328,-54.864
2020-10-04 16:00,-62.34,-58.06,-37.84,-33.8328,-54.864
2020-10-04 17:00,-62.52,-57.86,-37.84,-33.8328,-55.1688
2020-10-04 18:00,-62.53,-57.99,-37.75,-33.8328,-55.1688
2020-10-04 19:00,-62.48,-57.91,-37.62,-33.8328,-55.1688
2020-10-04 20:00,-62.49,-58,-37.74,-33.8328,-55.1688
2020-10-04 21:00,-62.43,-57.99,-37.71,-34.1376,-55.1688
2020-10-04 22:00,-62.27,-57.82,-37.67,-34.1376,-55.1688
2020-10-04 23:00,-62.39,-57.71,-37.71,-34.1376,-55.1688
2020-10-05 00:00,-62.43,-57.93,-37.71,-34.1376,-55.1688
2020-10-05 01:00,-62.48,-57.93,-37.72,-34.1376,-55.1688
2020-10-05 02:00,-62.66,-57.96,-37.77,-34.1376,-55.1688
2020-10-05 03:00,-62.64,-58.05,-37.97,-34.1376,-55.1688
2020-10-05 04:00,-62.7,-58.11,-37.94,-34.4424,-55.1688
2020-10-05 05:00,-62.65,-58.05,-38.01,-34.4424,-55.1688
2020-10-05 06:00,-62.88,-58.02,-38.15,-34.4424,-55.1688
2020-10-05 07:00,-62.76,-58.21,-38.15,-34.4424,-55.1688
2020-10-05 08:00,-62.93,-58.11,-38.32,-34.4424,-55.4736
2020-10-05 09:00,-62.95,-58.28,-38.36,-34.4424,-55.4736
2020-10-05 10:00,-63.04,-58.28,-38.59,-34.4424,-55.4736
2020-10-05 11:00,-62.92,-58.42,-38.58,-34.7472,-55.4736
2020-10-05 12:00,-62.78,-58.21,-38.75,-34.7472,-55.4736
2020-10-05 13:00,-62.91,-58.23,-38.94,-35.052,-55.4736
2020-10-05 14:00,-63.01,-58.46,-39.1,-35.052,-55.4736
2020-10-05 15:00,-62.9,-58.55,-39.06,-35.3568,-55.7784
2020-10-05 16:00,-62.98,-58.45,-39.24,-35.6616,-55.7784
2020-10-05 17:00,-62.99,-58.58,-39.25,-35.6616,-55.7784
2020-10-05 18:00,-63.01,-58.52,-39.14,-35.6616,-55.7784
2020-10-05 19:00,-63.07,-58.53,-39.26,-35.6616,-55.7784
2020-10-05 20:00,-63.13,-58.55,-39.39,-35.6616,-55.7784
2020-10-05 21:00,-63.33,-58.6,-39.54,-35.6616,-55.7784
2020-10-05 22:00,-63.27,-58.78,-39.57,-35.9664,-55.7784
2020-10-05 23:00,-63.24,-58.72,-39.62,-35.9664,-56.0832
2020-10-06 00:00,-63.4,-58.57,-39.71,-35.9664,-56.0832
2020-10-06 01:00,-63.49,-58.83,-39.82,-35.9664,-56.0832
2020-10-06 02:00,-63.41,-58.97,-39.78,-35.9664,-56.0832
2020-10-06 03:00,-63.56,-58.88,-39.86,-35.9664,-56.0832
2020-10-06 04:00,-63.48,-58.97,-39.79,-35.9664,-56.0832
2020-10-06 05:00,-63.57,-58.86,-39.88,-35.9664,-56.0832
2020-10-06 06:00,-63.61,-58.92,-39.96,-35.9664,-56.0832
2020-10-06 07:00,-63.77,-58.94,-40.1,-35.9664,-56.0832
2020-10-06 08:00,-63.77,-59.12,-40.12,-35.9664,-56.0832
2020-10-06 09:00,-63.75,-59.03,-40.2,-35.9664,-56.0832
2020-10-06 10:00,-63.74,-59.14,-40.23,-35.9664,-56.388
2020-10-06 11:00,-63.57,-59.09,-40.33,-36.2712,-56.388
2020-10-06 12:00,-63.57,-59.04,-40.39,-36.2712,-56.388
2020-10-06 13:00,-63.58,-59.11,-40.49,-36.2712,-56.388
2020-10-06 14:00,-63.62,-59.15,-40.58,-36.576,-56.388
2020-10-06 15:00,-63.68,-59.14,-40.67,-36.576,-56.388
2020-10-06 16:00,-63.72,-59.25,-40.72,-36.8808,-56.6928
2020-10-06 17:00,-63.66,-59.28,-40.55,-36.8808,-56.6928
2020-10-06 18:00,-63.8,-59.19,-40.68,-36.8808,-56.6928
2020-10-06 19:00,-63.9,-59.24,-40.86,-36.8808,-56.6928
2020-10-06 20:00,-63.96,-59.34,-40.85,-36.8808,-56.6928
2020-10-06 21:00,-64.08,-59.42,-40.9,-36.8808,-56.6928
2020-10-06 22:00,-64.1,-59.53,-40.97,-36.8808,-56.6928
2020-10-06 23:00,-64.16,-59.48,-41.09,-36.8808,-56.6928
2020-10-07 00:00,-64.13,-59.54,-41.04,-36.8808,-56.6928
2020-10-07 01:00,-64.16,-59.58,-41.24,-36.8808,-56.9976
2020-10-07 02:00,-63.97,-59.6,-41.01,-36.8808,-56.9976
2020-10-07 03:00,-64.08,-59.39,-41.18,-36.8808,-56.9976
2020-10-07 04:00,-64.23,-59.54,-41.18,-36.8808,-56.9976
2020-10-07 05:00,-64.35,-59.57,-41.3,-36.8808,-56.9976
2020-10-07 06:00,-64.49,-59.69,-41.4,-36.8808,-56.9976
2020-10-07 07:00,-64.48,-59.78,-41.34,-37.1856,-56.9976
2020-10-07 08:00,-64.51,-59.74,-41.38,-37.1856,-56.9976
2020-10-07 09:00,-64.51,-59.76,-41.47,-37.1856,-56.9976
2020-10-07 10:00,-64.4,-59.82,-41.6,-37.1856,-56.9976
2020-10-07 11:00,-64.34,-59.81,-41.59,-37.1856,-56.9976
2020-10-07 12:00,-64.31,-59.77,-41.69,-37.1856,-57.3024
2020-10-07 13:00,-64.49,-59.75,-42.03,-37.4904,-57.3024
2020-10-07 14:00,-64.43,-59.9,-41.98,-37.4904,-57.3024
2020-10-07 15:00,-64.59,-59.88,-42.09,-37.7952,-57.3024
2020-10-07 16:00,-64.52,-59.93,-42.08,-37.7952,-57.3024
2020-10-07 17:00,-64.53,-59.89,-42.18,-37.7952,-57.6072
2020-10-07 18:00,-64.58,-59.83,-41.97,-37.7952,-57.6072
2020-10-07 19:00,-64.64,-59.73,-42.06,-37.7952,-57.6072
2020-10-07 20:00,-64.7,-59.72,-42.04,-37.7952,-57.6072
2020-10-07 21:00,-64.79,-59.74,-42.17,-38.1,-57.6072
2020-10-07 22:00,-64.86,-59.83,-42.29,-38.1,-57.6072
2020-10-07 23:00,-64.95,-59.95,-42.43,-38.1,-57.6072
2020-10-08 00:00,-64.97,-60.04,-42.38,-38.1,-57.6072
2020-10-08 01:00,-64.91,-60.05,-42.25,-38.1,-57.6072
2020-10-08 02:00,-64.88,-59.94,-42.33,-38.1,-57.6072
2020-10-08 03:00,-65.02,-59.95,-42.44,-38.1,-57.912
2020-10-08 04:00,-64.98,-60.03,-42.26,-38.1,-57.912
2020-10-08 05:00,-65.18,-59.94,-42.48,-38.1,-57.912
2020-10-08 06:00,-65.13,-60.14,-42.41,-38.1,-57.912
2020-10-08 07:00,-65.28,-59.99,-42.6,-38.1,-57.912
2020-10-08 08:00,-65.39,-60.17,-42.63,-38.1,-57.912
2020-10-08 09:00,-65.33,-60.31,-42.66,-38.1,-57.912
2020-10-08 10:00,-65.43,-60.23,-42.8,-38.1,-57.912
2020-10-08 11:00,-65.33,-60.36,-42.91,-38.1,-58.2168
2020-10-08 12:00,-65.24,-60.23,-42.88,-38.4048,-58.2168
2020-10-08 13:00,-65.34,-60.14,-43.09,-38.4048,-58.2168
2020-10-08 14:00,-65.32,-60.3,-43.26,-38.7096,-58.2168
2020-10-08 15:00,-65.39,-60.33,-43.25,-38.7096,-58.2168
2020-10-08 16:00,-65.55,-60.29,-43.25,-38.7096,-58.2168
2020-10-08 17:00,-65.61,-60.34,-43.35,-39.0144,-58.5216
2020-10-08 18:00,-65.59,-60.27,-43.27,-39.0144,-58.5216
2020-10-08 19:00,-65.61,-60.23,-43.35,-39.0144,-58.5216
2020-10-08 20:00,-65.68,-60.36,-43.31,-39.0144,-58.5216
2020-10-08 21:00,-65.87,-60.25,-43.5,-39.0144,-58.5216
2020-10-08 22:00,-65.84,-60.51,-43.5,-39.0144,-58.5216
2020-10-08 23:00,-65.81,-60.44,-43.52,-39.0144,-58.5216
2020-10-09 00:00,-65.85,-60.41,-43.57,-39.0144,-58.5216
2020-10-09 01:00,-66.12,-60.49,-43.83,-39.0144,-58.5216
2020-10-09 02:00,-66.02,-60.74,-43.76,-39.0144,-58.8264
2020-10-09 03:00,-66.11,-60.62,-43.85,-39.0144,-58.8264
2020-10-09 04:00,-66.17,-60.71,-43.88,-39.0144,-58.8264
2020-10-09 05:00,-66.13,-60.79,-43.74,-39.0144,-58.8264
2020-10-09 06:00,-66.32,-60.81,-43.86,-39.0144,-58.8264
2020-10-09 07:00,-66.35,-60.87,-44.06,-39.0144,-58.8264
2020-10-09 08:00,-66.38,-60.86,-44.04,-39.0144,-58.8264
2020-10-09 09:00,-66.43,-60.94,-44.14,-39.0144,-58.8264
2020-10-09 10:00,-66.28,-60.95,-44.09,-39.3192,-58.8264
2020-10-09 11:00,-66.42,-60.93,-44.15,-39.3192,-59.1312
2020-10-09 12:00,-66.17,-61.03,-44.28,-39.3192,-59.1312
2020-10-09 13:00,-66.15,-60.75,-44.42,-39.3192,-59.1312
2020-10-09 14:00,-66.24,-60.87,-44.41,-39.3192,-59.1312
2020-10-09 15:00,-66.3,-61.12,-44.44,-39.624,-59.1312
2020-10-09 16:00,-66.32,-61.04,-44.5,-39.624,-59.1312
2020-10-09 17:00,-66.26,-61.05,-44.4,-39.624,-59.436
2020-10-09 18:00,-66.37,-60.86,-44.53,-39.624,-59.436
2020-10-09 19:00,-66.29,-60.92,-44.34,-39.624,-59.436
2020-10-09 20:00,-66.39,-60.87,-44.53,-39.9288,-59.436
2020-10-09 21:00,-66.45,-60.98,-44.57,-39.624,-59.436
2020-10-09 22:00,-66.4,-61.09,-44.68,-39.9288,-59.436
2020-10-09 23:00,-66.38,-60.98,-44.61,-39.9288,-59.436
2020-10-10 00:00,-66.48,-61.09,-44.7,-39.9288,-59.436
2020-10-10 01:00,-66.66,-61.07,-44.76,-39.9288,-59.436
2020-10-10 02:00,-66.41,-61.37,-44.67,-39.9288,-59.7408
2020-10-10 03:00,-66.51,-61.15,-44.78,-39.9288,-59.7408
2020-10-10 04:00,-66.63,-61.18,-44.87,-39.9288,-59.7408
2020-10-10 05:00,-66.8,-61.18,-44.91,-39.9288,-59.7408
2020-10-10 06:00,-66.85,-61.4,-45.02,-39.9288,-59.7408
2020-10-10 07:00,-66.91,-61.42,-45.09,-39.9288,-59.7408
2020-10-10 08:00,-67.24,-61.51,-45.32,-39.9288,-59.7408
2020-10-10 09:00,-67.11,-61.71,-45.29,-39.9288,-59.7408
2020-10-10 10:00,-67.18,-61.68,-45.34,-39.9288,-59.7408
2020-10-10 11:00,-66.94,-61.85,-45.29,-39.9288,-59.7408
2020-10-10 12:00,-66.93,-61.6,-45.42,-39.9288,-59.7408
2020-10-10 13:00,-66.83,-61.67,-45.3,-39.9288,-60.0456
2020-10-10 14:00,-67.14,-61.67,-45.69,-39.9288,-60.0456
2020-10-10 15:00,-66.98,-61.92,-45.56,-40.2336,-60.0456
2020-10-10 16:00,-67.06,-61.71,-45.51,-40.2336,-60.0456
2020-10-10 17:00,-66.89,-61.66,-45.31,-40.2336,-60.0456
2020-10-10 18:00,-67.08,-61.59,-45.42,-40.2336,-60.0456
2020-10-10 19:00,-67.01,-61.66,-45.42,-40.2336,-60.0456
2020-10-10 20:00,-67.03,-61.58,-45.47,-40.2336,-60.3504
2020-10-10 21:00,-67.16,-61.61,-45.49,-40.2336,-60.3504
2020-10-10 22:00,-67.07,-61.73,-45.56,-40.2336,-60.3504
2020-10-10 23:00,-66.98,-61.7,-45.51,-40.2336,-60.3504
2020-10-11 00:00,-67.01,-61.65,-45.59,-40.2336,-60.3504
2020-10-11 01:00,-66.88,-61.75,-45.43,-40.2336,-60.3504
2020-10-11 02:00,-66.87,-61.6,-45.57,-40.2336,-60.3504
2020-10-11 03:00,-66.97,-61.6,-45.48,-40.2336,-60.3504
2020-10-11 04:00,-66.88,-61.7,-45.55,-40.2336,-60.3504
2020-10-11 05:00,-67.15,-61.58,-45.63,-40.2336,-60.3504
2020-10-11 06:00,-67.23,-61.74,-45.65,-40.2336,-60.3504
2020-10-11 07:00,-67.34,-61.76,-45.66,-40.2336,-60.6552
2020-10-11 08:00,-67.38,-61.84,-45.78,-40.2336,-60.6552
2020-10-11 09:00,-67.41,-61.93,-45.87,-40.2336,-60.6552
2020-10-11 10:00,-67.33,-62.07,-45.71,-39.9288,-60.6552
2020-10-11 11:00,-67.2,-61.92,-45.94,-39.624,-60.6552
2020-10-11 12:00,-67.22,-61.83,-45.87,-39.624,-60.6552
2020-10-11 13:00,-67.42,-62.11,-46.02,-39.3192,-60.6552
2020-10-11 14:00,-67.3,-62.14,-45.78,-39.3192,-60.6552
2020-10-11 15:00,-67.07,-62.09,-45.19,-38.4048,-60.6552
2020-10-11 16:00,-67.23,-61.82,-45.01,-37.4904,-60.6552
2020-10-11 17:00,-67.26,-61.89,-44.84,-37.1856,-60.6552
2020-10-11 18:00,-67.17,-62.02,-44.47,-37.1856,-60.6552
2020-10-11 19:00,-67.13,-61.95,-44.39,-37.1856,-60.6552
2020-10-11 20:00,-67.18,-61.83,-44.51,-37.1856,-60.6552
2020-10-11 21:00,-67.14,-61.99,-44.36,-37.1856,-60.6552
2020-10-11 22:00,-67.12,-62.05,-44.36,-37.1856,-60.6552
2020-10-11 23:00,-67.19,-62.01,-44.41,-37.1856,-60.6552
2020-10-12 00:00,-66.91,-62.05,-44.19,-37.1856,-60.6552
2020-10-12 01:00,-66.8,-61.9,-44.06,-37.1856,-60.6552
2020-10-12 02:00,-66.92,-61.72,-43.82,-37.1856,-60.6552
2020-10-12 03:00,-67.22,-61.85,-42.61,-36.8808,-60.6552
2020-10-12 04:00,-67.16,-62.26,-41.98,-35.6616,-60.6552
2020-10-12 05:00,-66.99,-62.11,-41.54,-35.3568,-60.6552
2020-10-12 06:00,-66.98,-61.98,-41.45,-35.3568,-60.6552
2020-10-12 07:00,-66.85,-61.91,-41.22,-35.3568,-60.6552
2020-10-12 08:00,-67.03,-61.9,-41.26,-35.3568,-60.6552
2020-10-12 09:00,-66.96,-62.08,-41.14,-35.3568,-60.6552
2020-10-12 10:00,-66.52,-62.06,-40.92,-35.3568,-60.6552
2020-10-12 11:00,-66.43,-61.7,-40.85,-35.6616,-60.6552
2020-10-12 12:00,-66.2,-61.6,-40.73,-35.6616,-60.6552
2020-10-12 13:00,-66,-61.49,-39.87,-35.6616,-60.6552
2020-10-12 14:00,-66.2,-61.36,-38.34,-32.3088,-60.6552
2020-10-12 15:00,-66.12,-61.56,-37.48,-31.3944,-60.6552
2020-10-12 16:00,-66.15,-61.38,-37.12,-31.3944,-60.6552
2020-10-12 17:00,-66.1,-61.24,-36.8,-31.6992,-60.6552
2020-10-12 18:00,-66.09,-61.12,-36.48,-31.6992,-60.6552
2020-10-12 19:00,-66,-60.99,-36.32,-32.004,-60.6552
2020-10-12 20:00,-66.15,-60.79,-36.39,-32.004,-60.6552
2020-10-12 21:00,-66.05,-60.87,-36.29,-32.004,-60.6552
2020-10-12 22:00,-66,-60.64,-36.19,-32.3088,-60.6552
2020-10-12 23:00,-65.83,-60.5,-36.13,-32.3088,-60.6552
2020-10-13 00:00,-65.73,-60.45,-36.11,-32.3088,-60.6552
2020-10-13 01:00,-65.74,-60.23,-36.03,-32.3088,-60.6552
2020-10-13 02:00,-65.78,-60.18,-35.94,-32.3088,-60.6552
2020-10-13 03:00,-65.66,-60.1,-36.09,-32.6136,-60.6552
2020-10-13 04:00,-65.78,-59.99,-36.02,-32.6136,-60.96
2020-10-13 05:00,-65.82,-59.99,-36.11,-32.6136,-60.96
2020-10-13 06:00,-65.84,-59.97,-36.26,-32.6136,-60.96
2020-10-13 07:00,-65.95,-59.88,-36.36,-32.9184,-60.96
2020-10-13 08:00,-66.02,-59.9,-36.48,-32.9184,-60.96
2020-10-13 09:00,-66.09,-59.9,-36.4,-32.9184,-60.96
2020-10-13 10:00,-65.96,-59.87,-36.61,-32.9184,-60.96
2020-10-13 11:00,-66.01,-59.85,-36.78,-33.2232,-60.96
2020-10-13 12:00,-65.92,-59.81,-36.83,-33.2232,-60.96
2020-10-13 13:00,-65.64,-59.8,-36.98,-33.2232,-60.96
2020-10-13 14:00,-65.65,-59.68,-37,-33.528,-60.96
2020-10-13 15:00,-66.04,-59.64,-37.26,-33.528,-60.96
2020-10-13 16:00,-65.97,-59.84,-37.3,-33.8328,-61.2648
2020-10-13 17:00,-66.01,-59.74,-37.24,-33.8328,-61.2648
2020-10-13 18:00,-66.07,-59.57,-37.19,-33.8328,-61.2648
2020-10-13 19:00,-66.08,-59.58,-37.23,-34.1376,-61.2648
2020-10-13 20:00,-66.06,-59.44,-37.44,-34.1376,-61.2648
2020-10-13 21:00,-66.05,-59.46,-37.3,-34.1376,-61.2648
2020-10-13 22:00,-66.24,-59.38,-37.63,-34.1376,-61.2648
2020-10-13 23:00,-66.22,-59.37,-37.65,-34.1376,-61.2648
2020-10-14 00:00,-66.25,-59.41,-37.67,-34.4424,-61.2648
2020-10-14 01:00,-66.4,-59.48,-37.71,-34.4424,-61.2648
2020-10-14 02:00,-66.34,-59.64,-37.71,-34.4424,-61.2648
2020-10-14 03:00,-66.57,-59.53,-37.89,-34.4424,-61.2648
2020-10-14 04:00,-66.68,-59.66,-38,-34.4424,-61.2648
2020-10-14 05:00,-66.72,-59.83,-38.1,-34.4424,-61.2648
2020-10-14 06:00,-66.75,-59.67,-38.16,-34.4424,-61.2648
2020-10-14 07:00,-66.84,-59.8,-38.22,-34.7472,-61.2648
2020-10-14 08:00,-66.95,-59.75,-38.45,-34.7472,-61.5696
2020-10-14 09:00,-66.91,-59.8,-38.42,-34.7472,-61.5696
2020-10-14 10:00,-66.88,-59.82,-38.54,-34.7472,-61.5696
2020-10-14 11:00,-66.91,-59.87,-38.8,-34.7472,-61.5696
2020-10-14 12:00,-66.8,-59.81,-38.92,-35.052,-61.5696
2020-10-14 13:00,-66.48,-59.84,-38.88,-35.052,-61.5696
2020-10-14 14:00,-66.77,-59.66,-39.08,-35.3568,-61.5696
2020-10-14 15:00,-66.87,-59.84,-39.24,-35.3568,-61.5696
2020-10-14 16:00,-66.68,-59.81,-39.08,-35.6616,-61.8744
2020-10-14 17:00,-66.81,-59.64,-39.16,-35.6616,-61.8744
2020-10-14 18:00,-67.01,-59.69,-39.23,-35.6616,-61.8744
2020-10-14 19:00,-66.97,-59.78,-39.35,-35.9664,-61.8744
2020-10-14 20:00,-67.25,-59.69,-39.53,-35.9664,-61.8744
2020-10-14 21:00,-67.27,-59.93,-39.57,-35.9664,-61.8744
2020-10-14 22:00,-67.22,-59.98,-39.57,-35.9664,-61.8744
2020-10-14 23:00,-67.38,-59.86,-39.84,-35.9664,-61.8744
2020-10-15 00:00,-67.33,-60.07,-39.76,-35.9664,-61.8744
2020-10-15 01:00,-67.33,-59.99,-39.79,-35.9664,-61.8744
2020-10-15 02:00,-67.31,-60.07,-39.76,-35.9664,-61.8744
2020-10-15 03:00,-67.46,-59.92,-39.97,-35.9664,-61.8744
2020-10-15 04:00,-67.55,-60.09,-40,-36.2712,-61.8744
2020-10-15 05:00,-67.66,-60.21,-40.13,-36.2712,-62.1792
2020-10-15 06:00,-67.7,-60.29,-40.23,-36.2712,-62.1792
2020-10-15 07:00,-67.88,-60.32,-40.35,-36.2712,-62.1792
2020-10-15 08:00,-67.74,-60.37,-40.26,-36.2712,-62.1792
2020-10-15 09:00,-67.75,-60.26,-40.21,-36.2712,-62.1792
2020-10-15 10:00,-67.63,-60.3,-40.33,-36.2712,-62.1792
2020-10-15 11:00,-67.44,-60.18,-40.33,-36.2712,-62.1792
2020-10-15 12:00,-67.57,-60.08,-40.65,-36.576,-62.1792
2020-10-15 13:00,-67.48,-60.34,-40.62,-36.576,-62.1792
2020-10-15 14:00,-67.26,-60.29,-40.88,-36.8808,-62.1792
2020-10-15 15:00,-67.86,-61.34,-41.02,-36.8808,-62.484
2020-10-15 16:00,-67.67,-61.42,-40.97,-36.8808,-62.484
2020-10-15 17:00,-67.65,-61.24,-40.88,-37.1856,-62.484
2020-10-15 18:00,-67.66,-61.25,-40.92,-37.1856,-62.484
2020-10-15 19:00,-67.45,-61.27,-40.79,-37.1856,-62.484
2020-10-15 20:00,-67.51,-61.05,-40.84,-37.1856,-62.484
2020-10-15 21:00,-67.62,-61.13,-40.93,-37.1856,-62.484
2020-10-15 22:00,-67.62,-61.24,-41.08,-37.1856,-62.484
2020-10-15 23:00,-67.71,-61.25,-41.23,-37.1856,-62.484
2020-10-16 00:00,-67.7,-61.24,-41,-37.1856,-62.484
2020-10-16 01:00,-67.65,-61.27,-41.15,-37.1856,-62.484
2020-10-16 02:00,-67.63,-61.27,-41.03,-37.1856,-62.7888
2020-10-16 03:00,-67.76,-61.2,-41.18,-37.4904,-62.7888
2020-10-16 04:00,-67.88,-61.36,-41.32,-37.4904,-62.7888
2020-10-16 05:00,-67.92,-61.49,-41.43,-37.4904,-62.7888
2020-10-16 06:00,-68.02,-61.47,-41.55,-37.4904,-62.7888
2020-10-16 07:00,-68.15,-61.58,-41.58,-37.4904,-62.7888
2020-10-16 08:00,-68.16,-61.76,-41.57,-37.4904,-62.7888
2020-10-16 09:00,-68.16,-61.79,-41.76,-37.4904,-62.7888
2020-10-16 10:00,-68.43,-61.77,-41.99,-37.4904,-62.7888
2020-10-16 11:00,-68.16,-62.05,-41.91,-37.4904,-62.7888
2020-10-16 12:00,-67.97,-61.81,-41.92,-37.7952,-62.7888
2020-10-16 13:00,-68.11,-61.62,-42.05,-37.7952,-63.0936
2020-10-16 14:00,-67.7,-61.88,-41.08,-37.7952,-63.0936
2020-10-16 15:00,-67.67,-61.13,-41.64,-37.7952,-63.0936
2020-10-16 16:00,-68.09,-61.25,-41.79,-37.7952,-63.0936
2020-10-16 17:00,-68.08,-61.74,-41.93,-37.7952,-63.0936
2020-10-16 18:00,-68.07,-61.7,-41.93,-37.4904,-63.0936
2020-10-16 19:00,-68.17,-61.63,-42,-37.1856,-63.0936
2020-10-16 20:00,-68.27,-61.75,-41.98,-36.8808,-63.0936
2020-10-16 21:00,-68.11,-61.79,-41.95,-36.8808,-63.0936
2020-10-16 22:00,-68.27,-61.83,-42.25,-36.8808,-63.0936
2020-10-16 23:00,-68.35,-62.04,-42.09,-36.8808,-63.0936
2020-10-17 00:00,-67.68,-62.02,-41.94,-36.8808,-63.0936
2020-10-17 01:00,-68.49,-61.39,-42.22,-37.1856,-63.3984
2020-10-17 02:00,-68.32,-62.09,-42.09,-37.1856,-63.3984
2020-10-17 03:00,-68.24,-62.06,-42.24,-37.1856,-63.3984
2020-10-17 04:00,-68.43,-61.75,-42.37,-37.1856,-63.3984
2020-10-17 05:00,-68.52,-62.14,-42.37,-37.1856,-63.3984
2020-10-17 06:00,-68.58,-62.13,-42.54,-37.1856,-63.3984
2020-10-17 07:00,-68.71,-62.27,-42.54,-37.1856,-63.3984
2020-10-17 08:00,-68.82,-62.31,-42.68,-37.4904,-63.3984
2020-10-17 09:00,-68.74,-62.39,-42.71,-37.4904,-63.3984
2020-10-17 10:00,-68.59,-62.31,-42.74,-37.4904,-63.3984
2020-10-17 11:00,-68.66,-62.28,-42.93,-37.4904,-63.3984
2020-10-17 12:00,-68.6,-62.33,-42.91,-37.4904,-63.7032
2020-10-17 13:00,-68.74,-62.28,-43.06,-37.7952,-63.7032
2020-10-17 14:00,-68.6,-62.37,-43.03,-37.7952,-63.7032
2020-10-17 15:00,-68.64,-62.25,-43.16,-38.1,-63.7032
2020-10-17 16:00,-68.67,-62.32,-43.11,-38.1,-63.7032
2020-10-17 17:00,-68.85,-62.3,-43.39,-38.1,-63.7032
2020-10-17 18:00,-68.78,-62.58,-43.39,-38.4048,-63.7032
2020-10-17 19:00,-68.81,-62.48,-43.43,-38.4048,-63.7032
2020-10-17 20:00,-68.83,-62.5,-43.48,-38.4048,-64.008
2020-10-17 21:00,-69.06,-62.54,-43.73,-38.4048,-64.008
2020-10-17 22:00,-69.04,-62.77,-43.72,-38.4048,-64.008
2020-10-17 23:00,-69.24,-62.76,-43.9,-38.4048,-64.008
2020-10-18 00:00,-69.2,-62.93,-43.87,-38.4048,-64.008
2020-10-18 01:00,-69.25,-62.95,-43.9,-38.4048,-64.008
2020-10-18 02:00,-69.21,-63.02,-43.9,-38.4048,-64.008
2020-10-18 03:00,-69.26,-62.93,-43.94,-38.4048,-64.008
2020-10-18 04:00,-69.32,-62.93,-44.03,-38.4048,-64.008
2020-10-18 05:00,-69.39,-63.05,-44.09,-38.4048,-64.008
2020-10-18 06:00,-69.42,-63.07,-44.08,-38.7096,-64.008
2020-10-18 07:00,-69.38,-63.12,-44.05,-38.7096,-64.008
2020-10-18 08:00,-69.36,-63.07,-44.14,-38.7096,-64.008
2020-10-18 09:00,-69.18,-63.06,-43.95,-38.7096,-64.3128
2020-10-18 10:00,-69.29,-62.97,-44.1,-38.7096,-64.3128
2020-10-18 11:00,-69.27,-63.05,-44.13,-38.7096,-64.3128
2020-10-18 12:00,-69.24,-63,-44.22,-38.7096,-64.3128
2020-10-18 13:00,-69.1,-62.98,-44.24,-39.0144,-64.3128
2020-10-18 14:00,-69.08,-62.85,-44.25,-39.0144,-64.3128
2020-10-18 15:00,-69.16,-62.83,-44.32,-39.0144,-64.3128
2020-10-18 16:00,-69.24,-62.87,-44.35,-39.3192,-64.6176
2020-10-18 17:00,-69.14,-62.93,-44.33,-39.3192,-64.6176
2020-10-18 18:00,-69.07,-62.83,-44.33,-39.3192,-64.6176
2020-10-18 19:00,-69.23,-62.88,-44.33,-39.3192,-64.6176
2020-10-18 20:00,-69.26,-62.97,-44.53,-39.3192,-64.6176
2020-10-18 21:00,-69.38,-62.96,-44.67,-39.3192,-64.6176
2020-10-18 22:00,-69.49,-63.05,-44.68,-39.3192,-64.6176
2020-10-18 23:00,-69.43,-63.21,-44.7,-39.3192,-64.6176
2020-10-19 00:00,-69.57,-63.14,-44.8,-39.3192,-64.6176
2020-10-19 01:00,-69.56,-63.25,-44.7,-39.3192,-64.6176
2020-10-19 02:00,-69.64,-63.3,-44.97,-39.3192,-64.6176
2020-10-19 03:00,-69.68,-63.37,-44.97,-39.3192,-64.6176
2020-10-19 04:00,-69.66,-63.4,-44.98,-39.3192,-64.6176
2020-10-19 05:00,-69.86,-63.43,-45.08,-39.624,-64.9224
2020-10-19 06:00,-69.82,-63.65,-45.17,-39.3192,-64.9224
2020-10-19 07:00,-70,-63.57,-45.17,-39.624,-64.9224
2020-10-19 08:00,-69.8,-63.66,-45.07,-39.624,-64.9224
2020-10-19 09:00,-69.84,-63.56,-45.16,-39.624,-64.9224
2020-10-19 10:00,-69.87,-63.58,-45.25,-39.624,-64.9224
2020-10-19 11:00,-69.84,-63.63,-45.3,-39.624,-64.9224
2020-10-19 12:00,-69.85,-63.51,-45.37,-39.624,-64.9224
2020-10-19 13:00,-69.77,-63.52,-45.42,-39.624,-65.2272
2020-10-19 14:00,-69.55,-63.47,-45.22,-39.9288,-65.2272
2020-10-19 15:00,-69.85,-63.28,-45.49,-39.9288,-65.2272
2020-10-19 16:00,-69.82,-63.58,-45.55,-39.9288,-65.2272
2020-10-19 17:00,-69.78,-63.6,-45.46,-39.9288,-65.2272
2020-10-19 18:00,-69.82,-63.56,-45.55,-40.2336,-65.2272
2020-10-19 19:00,-69.75,-63.58,-45.52,-40.2336,-65.2272
2020-10-19 20:00,-69.77,-63.54,-45.55,-40.2336,-65.2272
2020-10-19 21:00,-69.77,-63.49,-45.53,-40.2336,-65.2272
2020-10-19 22:00,-69.81,-63.5,-45.62,-40.2336,-65.2272
2020-10-19 23:00,-69.88,-63.54,-45.69,-40.2336,-65.532
2020-10-20 00:00,-69.91,-63.61,-45.59,-40.2336,-65.532
2020-10-20 01:00,-69.99,-63.62,-45.73,-40.2336,-65.532
2020-10-20 02:00,-70.04,-63.72,-45.75,-40.2336,-65.532
2020-10-20 03:00,-70.01,-63.78,-45.75,-40.2336,-65.532
2020-10-20 04:00,-70.17,-63.75,-45.94,-40.2336,-65.532
2020-10-20 05:00,-70.11,-63.89,-45.82,-40.2336,-65.532
2020-10-20 06:00,-70.11,-63.76,-45.86,-40.2336,-65.532
2020-10-20 07:00,-70.2,-63.89,-45.95,-40.2336,-65.532
2020-10-20 08:00,-70.2,-63.86,-46.02,-40.2336,-65.532
2020-10-20 09:00,-70.43,-63.9,-46.31,-40.2336,-65.532
2020-10-20 10:00,-70.57,-64.18,-46.34,-40.2336,-65.532
2020-10-20 11:00,-70.39,-64.3,-46.35,-40.2336,-65.8368
2020-10-20 12:00,-70.43,-64.15,-46.4,-40.2336,-65.8368
2020-10-20 13:00,-70.35,-64.17,-46.45,-40.5384,-65.8368
2020-10-20 14:00,-70.47,-64.1,-46.51,-40.5384,-65.8368
2020-10-20 15:00,-70.47,-64.22,-46.56,-40.5384,-65.8368
2020-10-20 16:00,-70.32,-64.19,-46.4,-40.5384,-65.8368
2020-10-20 17:00,-70.46,-64.06,-46.57,-40.5384,-65.8368
2020-10-20 18:00,-70.37,-64.19,-46.41,-40.5384,-65.8368
2020-10-20 19:00,-70.25,-64.05,-46.47,-40.8432,-65.8368
2020-10-20 20:00,-70.3,-63.93,-46.47,-40.8432,-66.1416
2020-10-20 21:00,-70.41,-64.04,-46.55,-40.8432,-66.1416
2020-10-20 22:00,-70.56,-64.14,-46.66,-40.8432,-66.1416
2020-10-20 23:00,-70.44,-64.25,-46.6,-40.8432,-66.1416
2020-10-21 00:00,-70.5,-64.13,-46.7,-40.8432,-66.1416
2020-10-21 01:00,-70.7,-64.21,-46.79,-40.8432,-66.1416
2020-10-21 02:00,-70.58,-64.41,-46.74,-40.8432,-66.1416
2020-10-21 03:00,-70.55,-64.29,-46.78,-40.8432,-66.1416
2020-10-21 04:00,-70.65,-64.34,-46.74,-40.8432,-66.1416
2020-10-21 05:00,-70.76,-64.36,-46.86,-40.8432,-66.1416
2020-10-21 06:00,-70.83,-64.5,-46.95,-40.8432,-66.1416
2020-10-21 07:00,-70.89,-64.51,-47.04,-40.8432,-66.1416
2020-10-21 08:00,-70.75,-64.61,-46.95,-40.8432,-66.4464
2020-10-21 09:00,-70.99,-64.46,-47.21,-40.8432,-66.4464
2020-10-21 10:00,-70.99,-64.71,-47.16,-40.8432,-66.4464
2020-10-21 11:00,-70.97,-64.71,-47.23,-40.8432,-66.4464
2020-10-21 12:00,-70.8,-64.7,-47.3,-40.8432,-66.4464
2020-10-21 13:00,-70.89,-64.62,-47.26,-40.8432,-66.4464
2020-10-21 14:00,-70.82,-64.61,-47.26,-41.148,-66.4464
2020-10-21 15:00,-70.9,-64.61,-47.33,-41.148,-66.4464
2020-10-21 16:00,-70.88,-64.59,-47.43,-41.148,-66.7512
2020-10-21 17:00,-70.98,-64.62,-47.44,-41.148,-66.7512
2020-10-21 18:00,-70.9,-64.66,-47.36,-41.148,-66.7512
2020-10-21 19:00,-71.04,-64.62,-47.49,-41.148,-66.7512
2020-10-21 20:00,-70.88,-64.71,-47.38,-41.148,-66.7512
2020-10-21 21:00,-70.97,-64.6,-47.51,-41.148,-66.7512
2020-10-21 22:00,-71.02,-64.66,-47.58,-41.148,-66.7512
2020-10-21 23:00,-71.05,-64.65,-47.68,-41.148,-66.7512
2020-10-22 00:00,-70.95,-64.8,-47.51,-41.148,-66.7512
2020-10-22 01:00,-71.06,-64.65,-47.64,-41.4528,-66.7512
2020-10-22 02:00,-71.19,-64.81,-47.8,-41.4528,-66.7512
2020-10-22 03:00,-71.12,-64.96,-47.71,-41.4528,-66.7512
2020-10-22 04:00,-71.19,-64.87,-47.7,-41.4528,-66.7512
2020-10-22 05:00,-71.34,-64.85,-47.83,-41.4528,-67.056
2020-10-22 06:00,-71.32,-65.03,-47.85,-41.4528,-67.056
2020-10-22 07:00,-71.4,-65,-47.89,-41.4528,-67.056
2020-10-22 08:00,-71.53,-65.12,-48.01,-41.4528,-67.056
2020-10-22 09:00,-71.56,-65.16,-48.09,-41.4528,-67.056
2020-10-22 10:00,-71.49,-65.23,-48.06,-41.4528,-67.056
2020-10-22 11:00,-71.37,-65.15,-48.03,-41.4528,-67.056
2020-10-22 12:00,-71.48,-65.05,-48.18,-41.4528,-67.056
2020-10-22 13:00,-71.35,-65.24,-48.14,-41.4528,-67.056
2020-10-22 14:00,-71.44,-65.15,-48.22,-41.4528,-67.056
2020-10-22 15:00,-71.62,-65.16,-48.42,-41.7576,-67.3608
2020-10-22 16:00,-71.47,-65.3,-48.34,-41.7576,-67.3608
2020-10-22 17:00,-71.3,-65.18,-48.19,-41.7576,-67.3608
2020-10-22 18:00,-71.4,-64.94,-48.2,-41.7576,-67.3608
2020-10-22 19:00,-71.46,-65.03,-48.28,-41.7576,-67.3608
2020-10-22 20:00,-71.42,-65.11,-48.3,-41.7576,-67.3608
2020-10-22 21:00,-71.41,-65.11,-48.31,-41.7576,-67.3608
2020-10-22 22:00,-71.48,-65.05,-48.42,-41.7576,-67.3608
2020-10-22 23:00,-71.42,-65.17,-48.4,-42.0624,-67.3608
2020-10-23 00:00,-71.59,-65.14,-48.51,-41.7576,-67.3608
2020-10-23 01:00,-71.58,-65.23,-48.48,-41.7576,-67.6656
2020-10-23 02:00,-71.67,-65.29,-48.62,-42.0624,-67.6656
2020-10-23 03:00,-71.57,-65.37,-48.65,-42.0624,-67.6656
2020-10-23 04:00,-71.6,-65.28,-48.45,-42.0624,-67.6656
2020-10-23 05:00,-71.71,-65.23,-48.53,-42.0624,-67.6656
2020-10-23 06:00,-71.71,-65.43,-48.63,-42.0624,-67.6656
2020-10-23 07:00,-71.94,-65.34,-48.81,-42.0624,-67.6656
2020-10-23 08:00,-71.96,-65.61,-48.72,-42.0624,-67.6656
2020-10-23 09:00,-71.88,-65.57,-48.94,-42.0624,-67.6656
2020-10-23 10:00,-71.93,-65.6,-48.9,-42.0624,-67.6656
2020-10-23 11:00,-71.97,-65.57,-48.97,-42.0624,-67.9704
2020-10-23 12:00,-72.01,-65.66,-49.15,-42.0624,-67.9704
2020-10-23 13:00,-71.89,-65.81,-49.06,-42.0624,-67.9704
2020-10-23 14:00,-71.86,-65.71,-49.12,-42.0624,-67.9704
2020-10-23 15:00,-71.88,-65.63,-49.02,-42.3672,-67.9704
2020-10-23 16:00,-71.89,-65.62,-49.24,-42.3672,-67.9704
2020-10-23 17:00,-71.94,-65.65,-49.27,-42.3672,-67.9704
2020-10-23 18:00,-71.87,-65.66,-49.09,-42.3672,-67.9704
2020-10-23 19:00,-71.94,-65.66,-49.17,-42.3672,-68.2752
2020-10-23 20:00,-71.86,-65.61,-49.25,-42.3672,-68.2752
2020-10-23 21:00,-72.06,-65.65,-49.33,-42.3672,-68.2752
2020-10-23 22:00,-72.17,-65.73,-49.47,-42.3672,-68.2752
2020-10-23 23:00,-72.16,-65.87,-49.44,-42.3672,-68.2752
2020-10-24 00:00,-72.08,-65.91,-49.47,-42.3672,-68.2752
2020-10-24 01:00,-72.27,-65.86,-49.53,-42.3672,-68.2752
2020-10-24 02:00,-72.39,-66.03,-49.69,-42.3672,-68.2752
2020-10-24 03:00,-72.46,-66.13,-49.71,-42.3672,-68.2752
2020-10-24 04:00,-72.48,-66.19,-49.68,-42.672,-68.2752
2020-10-24 05:00,-72.56,-66.17,-49.71,-42.672,-68.2752
2020-10-24 06:00,-72.55,-66.22,-49.87,-42.672,-68.2752
2020-10-24 07:00,-72.63,-66.26,-49.84,-42.672,-68.2752
2020-10-24 08:00,-72.74,-66.28,-49.95,-42.672,-68.58
2020-10-24 09:00,-72.85,-66.38,-50.14,-42.672,-68.58
2020-10-24 10:00,-72.7,-66.48,-50.13,-42.672,-68.58
2020-10-24 11:00,-72.58,-66.46,-50.1,-42.672,-68.58
2020-10-24 12:00,-72.51,-66.39,-50.14,-42.672,-68.58
2020-10-24 13:00,-72.42,-66.38,-50.14,-42.672,-68.58
2020-10-24 14:00,-72.64,-66.37,-50.34,-42.672,-68.58
2020-10-24 15:00,-72.8,-66.55,-50.49,-42.9768,-68.8848
2020-10-24 16:00,-72.82,-66.6,-50.42,-42.9768,-68.8848
2020-10-24 17:00,-72.78,-66.55,-50.33,-42.9768,-68.8848
2020-10-24 18:00,-72.63,-66.45,-50.17,-42.9768,-68.8848
2020-10-24 19:00,-72.65,-66.31,-50.2,-42.9768,-68.8848
2020-10-24 20:00,-72.71,-66.35,-50.23,-42.9768,-68.8848
2020-10-24 21:00,-72.82,-66.4,-50.36,-42.9768,-68.8848
2020-10-24 22:00,-72.8,-66.48,-50.35,-42.9768,-68.8848
2020-10-24 23:00,-72.77,-66.46,-50.45,-42.9768,-68.8848
2020-10-25 00:00,-72.7,-66.49,-50.35,-43.2816,-68.8848
2020-10-25 01:00,-72.84,-66.4,-50.38,-43.2816,-69.1896
2020-10-25 02:00,-72.81,-66.5,-50.49,-43.2816,-69.1896
2020-10-25 03:00,-72.81,-66.54,-50.46,-43.2816,-69.1896
2020-10-25 04:00,-72.91,-66.57,-50.43,-43.2816,-69.1896
2020-10-25 05:00,-73,-66.56,-50.61,-43.2816,-69.1896
2020-10-25 06:00,-73.17,-66.67,-50.74,-43.2816,-69.1896
2020-10-25 07:00,-73.31,-66.92,-50.78,-43.2816,-69.1896
2020-10-25 08:00,-73.3,-66.93,-50.82,-43.2816,-69.1896
2020-10-25 09:00,-73.28,-66.93,-50.68,-43.2816,-69.1896
2020-10-25 10:00,-73.26,-66.75,-50.41,-43.2816,-67.9704
2020-10-25 11:00,-73.22,-66.81,-46.35,-41.7576,-63.0936
2020-10-25 12:00,-72.28,-66.83,-42.75,-37.1856,-59.436
2020-10-25 13:00,-71.13,-66.21,-41.31,-34.1376,-58.5216
2020-10-25 14:00,-70.47,-65.95,-40.79,-33.528,-58.2168
2020-10-25 15:00,-69.84,-65.5,-40.36,-33.2232,-57.912
2020-10-25 16:00,-69.65,-64.97,-40.26,-33.528,-57.912
2020-10-25 17:00,-69.34,-64.78,-40.05,-33.528,-57.6072
2020-10-25 18:00,-69.16,-64.43,-39.91,-33.528,-57.6072
2020-10-25 19:00,-68.98,-64.11,-39.73,-33.8328,-57.3024
2020-10-25 20:00,-68.72,-63.74,-39.63,-33.8328,-56.9976
2020-10-25 21:00,-68.8,-63.4,-39.67,-33.8328,-56.9976
2020-10-25 22:00,-68.71,-63.36,-39.63,-33.8328,-56.9976
2020-10-25 23:00,-68.55,-63.12,-39.49,-34.1376,-56.9976
2020-10-26 00:00,-68.32,-62.88,-39.35,-34.1376,-56.9976
2020-10-26 01:00,-68.32,-62.54,-39.53,-34.1376,-56.6928
2020-10-26 02:00,-68.27,-62.44,-39.35,-34.1376,-56.6928
2020-10-26 03:00,-68.47,-62.4,-39.58,-34.1376,-56.6928
2020-10-26 04:00,-68.39,-62.39,-39.58,-34.4424,-56.6928
2020-10-26 05:00,-68.45,-62.26,-39.59,-34.4424,-56.6928
2020-10-26 06:00,-68.39,-62.15,-39.53,-34.4424,-56.6928
2020-10-26 07:00,-68.52,-62.01,-39.63,-34.4424,-56.6928
2020-10-26 08:00,-68.53,-62.01,-39.75,-34.4424,-56.6928
2020-10-26 09:00,-68.62,-61.96,-39.93,-34.7472,-56.388
2020-10-26 10:00,-68.52,-62.02,-40.05,-34.7472,-56.388
2020-10-26 11:00,-68.42,-61.87,-40,-34.7472,-56.388
2020-10-26 12:00,-68.44,-61.77,-40.19,-34.7472,-56.388
2020-10-26 13:00,-68.36,-61.9,-40.25,-34.7472,-56.388
2020-10-26 14:00,-68.43,-61.78,-40.33,-34.7472,-56.388
2020-10-26 15:00,-68.45,-61.87,-40.3,-35.052,-56.388
2020-10-26 16:00,-68.52,-61.78,-40.33,-35.052,-56.388
2020-10-26 17:00,-68.41,-61.8,-40.29,-35.052,-56.6928
2020-10-26 18:00,-68.56,-61.57,-40.38,-35.052,-56.6928
2020-10-26 19:00,-68.54,-61.77,-40.38,-35.052,-56.6928
2020-10-26 20:00,-68.36,-61.6,-40.25,-35.052,-56.6928
2020-10-26 21:00,-68.59,-61.45,-40.53,-35.3568,-56.6928
2020-10-26 22:00,-68.45,-61.62,-40.46,-35.3568,-56.6928
2020-10-26 23:00,-68.37,-61.55,-40.53,-35.3568,-56.6928
2020-10-27 00:00,-68.47,-61.51,-40.55,-35.3568,-56.6928
2020-10-27 01:00,-68.52,-61.58,-40.55,-35.3568,-56.6928
2020-10-27 02:00,-68.52,-61.47,-40.77,-35.3568,-56.6928
2020-10-27 03:00,-68.54,-61.51,-40.74,-35.3568,-56.6928
2020-10-27 04:00,-68.58,-61.65,-40.78,-35.3568,-56.6928
2020-10-27 05:00,-68.61,-61.58,-40.9,-35.6616,-56.6928
2020-10-27 06:00,-68.55,-61.61,-40.73,-35.6616,-56.6928
2020-10-27 07:00,-68.66,-61.53,-40.95,-35.6616,-56.6928
2020-10-27 08:00,-68.74,-61.62,-41.02,-35.6616,-56.6928
2020-10-27 09:00,-68.68,-61.69,-41.08,-35.6616,-56.6928
2020-10-27 10:00,-68.74,-61.62,-41.28,-35.6616,-56.6928
2020-10-27 11:00,-68.67,-61.7,-41.22,-35.6616,-56.6928
2020-10-27 12:00,-68.59,-61.71,-41.38,-35.6616,-56.6928
2020-10-27 13:00,-68.56,-61.68,-41.39,-35.9664,-56.6928
2020-10-27 14:00,-68.54,-61.69,-41.33,-35.9664,-56.6928
2020-10-27 15:00,-68.59,-61.67,-41.39,-35.9664,-56.6928
2020-10-27 16:00,-68.62,-61.56,-41.33,-35.9664,-56.6928
2020-10-27 17:00,-68.55,-61.61,-41.28,-35.9664,-56.9976
2020-10-27 18:00,-68.68,-61.48,-41.36,-35.9664,-56.9976
2020-10-27 19:00,-68.63,-61.57,-41.4,-35.9664,-56.9976
2020-10-27 20:00,-68.71,-61.5,-41.6,-35.9664,-56.9976
2020-10-27 21:00,-68.67,-61.7,-41.45,-36.2712,-56.9976
2020-10-27 22:00,-68.7,-61.57,-41.61,-36.2712,-56.9976
2020-10-27 23:00,-68.8,-61.64,-41.66,-36.2712,-56.9976
2020-10-28 00:00,-68.85,-61.72,-41.77,-36.2712,-56.9976
2020-10-28 01:00,-68.74,-61.82,-41.79,-36.2712,-56.9976
2020-10-28 02:00,-68.77,-61.79,-41.8,-36.2712,-56.9976
2020-10-28 03:00,-68.91,-61.76,-41.95,-36.2712,-56.9976
2020-10-28 04:00,-68.94,-61.95,-42.02,-36.2712,-56.9976
2020-10-28 05:00,-68.98,-61.92,-41.99,-36.2712,-56.9976
2020-10-28 06:00,-69.02,-61.85,-42.07,-36.2712,-56.9976
2020-10-28 07:00,-69.02,-61.93,-42.14,-36.2712,-56.9976
2020-10-28 08:00,-69.15,-62.02,-42.22,-36.576,-56.9976
2020-10-28 09:00,-69.16,-61.98,-42.14,-36.576,-56.9976
2020-10-28 10:00,-69.1,-62.03,-42.26,-36.576,-56.9976
2020-10-28 11:00,-68.96,-62.1,-42.42,-36.576,-56.9976
2020-10-28 12:00,-68.9,-61.98,-42.5,-36.576,-57.3024
2020-10-28 13:00,-68.9,-62.02,-42.51,-36.576,-57.3024
2020-10-28 14:00,-68.91,-62.16,-42.62,-36.8808,-57.3024
2020-10-28 15:00,-68.82,-62.1,-42.63,-36.8808,-57.3024
2020-10-28 16:00,-69.08,-61.96,-42.64,-36.8808,-57.3024
2020-10-28 17:00,-69.05,-62.1,-42.67,-36.8808,-57.3024
2020-10-28 18:00,-68.98,-62.02,-42.55,-37.1856,-57.3024
2020-10-28 19:00,-68.99,-61.77,-42.48,-37.1856,-57.3024
2020-10-28 20:00,-68.91,-61.8,-42.55,-37.1856,-57.3024
2020-10-28 21:00,-68.96,-61.79,-42.64,-37.1856,-57.6072
2020-10-28 22:00,-68.93,-61.81,-42.64,-37.1856,-57.6072
2020-10-28 23:00,-68.83,-61.85,-42.66,-37.1856,-57.6072
2020-10-29 00:00,-68.92,-61.86,-42.68,-37.1856,-57.6072
2020-10-29 01:00,-69.01,-61.94,-42.84,-37.1856,-57.6072
2020-10-29 02:00,-69.05,-62.1,-42.88,-37.1856,-57.6072
2020-10-29 03:00,-68.91,-62.04,-42.94,-37.1856,-57.6072
2020-10-29 04:00,-69.06,-62.04,-42.92,-37.1856,-57.6072
2020-10-29 05:00,-68.94,-62.02,-42.86,-37.1856,-57.6072
2020-10-29 06:00,-69.17,-62.01,-43.15,-37.1856,-57.6072
2020-10-29 07:00,-69.07,-62.27,-43.1,-37.1856,-57.6072
2020-10-29 08:00,-69.23,-62.26,-43.29,-37.1856,-57.6072
2020-10-29 09:00,-69.48,-62.36,-43.38,-37.4904,-57.6072
2020-10-29 10:00,-69.3,-62.66,-43.38,-37.4904,-57.6072
2020-10-29 11:00,-69.04,-62.59,-43.6,-37.4904,-57.6072
2020-10-29 12:00,-68.72,-62.64,-43.56,-37.4904,-57.6072
2020-10-29 13:00,-68.89,-62.61,-44.06,-37.4904,-57.912
2020-10-29 14:00,-69.39,-63.01,-44.27,-37.4904,-57.6072
2020-10-29 15:00,-69.34,-63.04,-43.75,-37.7952,-57.6072
2020-10-29 16:00,-69.57,-62.74,-43.86,-37.7952,-57.912
2020-10-29 17:00,-69.63,-62.71,-43.74,-38.1,-57.912
2020-10-29 18:00,-69.7,-62.75,-43.81,-37.7952,-57.912
2020-10-29 19:00,-69.76,-62.69,-43.95,-38.1,-57.912
2020-10-29 20:00,-69.57,-62.73,-43.82,-38.1,-57.912
2020-10-29 21:00,-69.74,-62.5,-43.82,-38.1,-57.912
2020-10-29 22:00,-69.53,-62.68,-43.6,-38.1,-57.912
2020-10-29 23:00,-69.38,-62.46,-43.72,-38.1,-57.912
2020-10-30 00:00,-69.23,-62.38,-43.69,-38.1,-57.912
2020-10-30 01:00,-69.28,-62.47,-43.84,-38.1,-58.2168
2020-10-30 02:00,-69.32,-62.52,-43.8,-38.1,-58.2168
2020-10-30 03:00,-69.57,-62.49,-43.86,-38.1,-58.2168
2020-10-30 04:00,-69.67,-62.81,-43.48,-38.1,-58.2168
2020-10-30 05:00,-69.83,-62.42,-43.65,-38.1,-58.2168
2020-10-30 06:00,-69.73,-62.54,-43.61,-38.1,-58.2168
2020-10-30 07:00,-69.84,-62.34,-43.6,-38.1,-58.2168
2020-10-30 08:00,-69.97,-62.55,-43.7,-38.1,-58.2168
2020-10-30 09:00,-70.06,-62.66,-43.79,-38.1,-58.2168
2020-10-30 10:00,-69.82,-62.67,-43.96,-38.1,-58.2168
2020-10-30 11:00,-70.08,-62.59,-44.11,-38.1,-58.2168
2020-10-30 12:00,-70.17,-62.69,-44.22,-38.1,-58.2168
2020-10-30 13:00,-70.2,-62.75,-44.26,-38.4048,-58.5216
2020-10-30 14:00,-70.33,-62.91,-44.44,-38.4048,-58.5216
2020-10-30 15:00,-70.04,-62.89,-44.31,-38.4048,-58.5216
2020-10-30 16:00,-70.42,-62.64,-44.63,-38.4048,-58.5216
2020-10-30 17:00,-70.32,-63.02,-44.58,-38.7096,-58.5216
2020-10-30 18:00,-70.43,-62.86,-44.75,-38.7096,-58.5216
2020-10-30 19:00,-70.54,-62.88,-44.84,-38.7096,-58.5216
2020-10-30 20:00,-70.61,-63.04,-44.87,-38.7096,-58.5216
2020-10-30 21:00,-70.71,-63.06,-45.01,-38.7096,-58.5216
2020-10-30 22:00,-70.65,-63.19,-45.03,-38.7096,-58.8264
2020-10-30 23:00,-70.68,-63.09,-45.13,-38.7096,-58.8264
2020-10-31 00:00,-70.7,-63.22,-45.08,-38.7096,-58.8264
2020-10-31 01:00,-70.85,-63.2,-45.23,-38.7096,-58.8264
2020-10-31 02:00,-70.71,-63.3,-45.11,-39.0144,-58.8264
2020-10-31 03:00,-70.8,-63.15,-45.23,-39.0144,-58.8264
2020-10-31 04:00,-70.91,-63.27,-45.36,-39.0144,-58.8264
2020-10-31 05:00,-70.9,-63.36,-45.33,-39.0144,-58.8264
2020-10-31 06:00,-71.07,-63.36,-45.46,-39.0144,-58.8264
2020-10-31 07:00,-71.25,-63.55,-45.6,-39.0144,-58.8264
2020-10-31 08:00,-71.37,-63.65,-45.72,-39.0144,-58.8264
2020-10-31 09:00,-71.22,-63.71,-45.62,-39.0144,-58.8264
2020-10-31 10:00,-71.22,-63.57,-45.76,-39.0144,-58.8264
2020-10-31 11:00,-70.68,-63.66,-45.4,-39.0144,-59.1312
2020-10-31 12:00,-70.77,-63.11,-45.63,-39.3192,-59.1312
2020-10-31 13:00,-70.51,-63.39,-45.54,-39.3192,-59.1312
2020-10-31 14:00,-70.68,-63.24,-45.73,-39.3192,-59.1312
2020-10-31 15:00,-70.59,-63.28,-45.66,-39.3192,-59.1312
2020-10-31 16:00,-70.67,-63.24,-45.74,-39.3192,-59.1312
2020-10-31 17:00,-70.84,-63.22,-45.89,-39.624,-59.1312
2020-10-31 18:00,-71.08,-63.34,-46.05,-39.624,-59.1312
2020-10-31 19:00,-71.08,-63.58,-46.01,-39.624,-59.436
2020-10-31 20:00,-71.08,-63.51,-46.2,-39.624,-59.436
2020-10-31 21:00,-71.09,-63.57,-46.24,-39.624,-59.436
2020-10-31 22:00,-71.16,-63.7,-46.29,-39.624,-59.436
2020-10-31 23:00,-70.97,-63.79,-46.36,-39.624,-59.436
2020-11-01 00:00,-70.99,-63.7,-46.4,-39.624,-59.436
2020-11-01 01:00,-70.99,-63.77,-46.41,-39.624,-59.436
2020-11-01 02:00,-70.99,-63.78,-46.43,-39.624,-59.436
2020-11-01 03:00,-71.22,-63.84,-46.6,-39.624,-59.436
2020-11-01 04:00,-70.96,-64,-46.65,-39.624,-59.436
2020-11-01 05:00,-71.39,-63.81,-46.63,-39.624,-59.436
2020-11-01 06:00,-71.37,-64.06,-46.73,-39.624,-59.436
2020-11-01 07:00,-71.1,-64.23,-46.72,-39.9288,-59.436
2020-11-01 08:00,-71.18,-64.07,-46.64,-39.9288,-59.436
2020-11-01 09:00,-70.96,-64.04,-46.67,-39.9288,-59.436
2020-11-01 10:00,-70.95,-63.97,-46.8,-39.9288,-59.7408
2020-11-01 11:00,-70.71,-64.19,-46.95,-39.9288,-59.7408
2020-11-01 12:00,-70.64,-64.14,-47.02,-39.9288,-59.7408
2020-11-01 13:00,-69.91,-64.2,-46.34,-39.9288,-59.7408
2020-11-01 14:00,-69.81,-63.64,-41.53,-40.2336,-53.6448
2020-11-01 15:00,-68.52,-62.92,-26.75,-36.2712,-48.1584
2020-11-01 16:00,-66.53,-62.81,-26.29,-23.7744,-47.5488
2020-11-01 17:00,-65.29,-59.45,-25.87,-24.0792,-47.244
2020-11-01 18:00,-64.57,-55.78,-25.82,-24.384,-46.9392
2020-11-01 19:00,-64.33,-54.9,-26.18,-24.6888,-46.6344
2020-11-01 20:00,-64.02,-55.05,-26.33,-24.9936,-46.6344
2020-11-01 21:00,-63.72,-55.07,-26.42,-25.2984,-46.6344
2020-11-01 22:00,-63.59,-54.89,-26.39,-25.2984,-46.3296
2020-11-01 23:00,-63.46,-54.93,-26.65,-25.6032,-46.3296
2020-11-02 00:00,-63.29,-54.9,-26.55,-25.908,-46.3296
2020-11-02 01:00,-63.38,-54.64,-26.93,-25.908,-46.3296
2020-11-02 02:00,-63.62,-54.87,-27.37,-26.2128,-46.3296
2020-11-02 03:00,-63.39,-55.28,-27.42,-26.2128,-46.3296
2020-11-02 04:00,-63.5,-55.02,-27.77,-26.5176,-46.0248
2020-11-02 05:00,-63.43,-55.15,-27.74,-26.5176,-46.3296
2020-11-02 06:00,-63.47,-55.25,-28.11,-26.8224,-46.0248
2020-11-02 07:00,-63.49,-55.13,-28.26,-26.8224,-46.3296
2020-11-02 08:00,-63.56,-55.31,-28.42,-27.1272,-46.3296
2020-11-02 09:00,-63.61,-55.43,-28.71,-27.1272,-46.3296
2020-11-02 10:00,-63.74,-55.53,-29.01,-27.1272,-46.3296
2020-11-02 11:00,-63.32,-55.72,-28.95,-27.432,-46.3296
2020-11-02 12:00,-63.16,-55.41,-29.14,-27.432,-46.3296
2020-11-02 13:00,-63.52,-55.52,-29.6,-27.7368,-46.3296
2020-11-02 14:00,-63.18,-55.84,-29.53,-27.7368,-46.3296
2020-11-02 15:00,-63.07,-55.69,-29.45,-28.0416,-46.3296
2020-11-02 16:00,-63.59,-55.48,-29.97,-28.0416,-46.3296
2020-11-02 17:00,-63.45,-55.88,-29.86,-28.3464,-46.3296
2020-11-02 18:00,-63.6,-55.8,-30.07,-28.3464,-46.6344
2020-11-02 19:00,-63.63,-55.76,-30.06,-28.3464,-46.6344
2020-11-02 20:00,-63.61,-55.82,-30.3,-28.3464,-46.6344
2020-11-02 21:00,-63.71,-55.85,-30.5,-28.6512,-46.6344
2020-11-02 22:00,-63.63,-55.95,-30.59,-28.6512,-46.6344
2020-11-02 23:00,-63.73,-55.93,-30.6,-28.6512,-46.6344
2020-11-03 00:00,-63.77,-56.03,-30.81,-28.6512,-46.6344
2020-11-03 01:00,-63.81,-56.12,-30.86,-28.956,-46.6344
2020-11-03 02:00,-63.89,-56.23,-31,-28.956,-46.6344
2020-11-03 03:00,-63.67,-56.14,-30.94,-28.956,-46.6344
2020-11-03 04:00,-63.74,-56.05,-31.04,-28.956,-46.6344
2020-11-03 05:00,-63.87,-55.99,-31.25,-28.956,-46.6344
2020-11-03 06:00,-63.92,-56.1,-31.37,-29.2608,-46.6344
2020-11-03 07:00,-64.21,-56.32,-31.83,-29.2608,-46.6344
2020-11-03 08:00,-64.22,-56.47,-31.76,-29.2608,-46.6344
2020-11-03 09:00,-64.17,-56.51,-31.7,-29.2608,-46.6344
2020-11-03 10:00,-64.15,-56.44,-31.92,-29.2608,-46.6344
2020-11-03 11:00,-63.84,-56.61,-31.67,-29.2608,-46.6344
2020-11-03 12:00,-63.52,-56.28,-31.7,-29.5656,-46.6344
2020-11-03 13:00,-63.29,-56.13,-31.6,-29.5656,-46.6344
2020-11-03 14:00,-63.58,-56.07,-31.85,-29.5656,-46.9392
2020-11-03 15:00,-63.71,-56.33,-31.87,-29.8704,-46.9392
2020-11-03 16:00,-63.84,-56.33,-32.08,-29.8704,-46.9392
2020-11-03 17:00,-63.81,-56.45,-32.07,-29.8704,-46.9392
2020-11-03 18:00,-64.09,-56.4,-32.23,-29.8704,-46.9392
2020-11-03 19:00,-64.09,-56.5,-32.38,-30.1752,-46.9392
2020-11-03 20:00,-64.23,-56.53,-32.58,-30.1752,-46.9392
2020-11-03 21:00,-64.39,-56.64,-32.81,-30.1752,-46.9392
2020-11-03 22:00,-64.37,-56.89,-32.77,-30.1752,-46.9392
2020-11-03 23:00,-64.37,-56.82,-32.83,-30.1752,-46.9392
2020-11-04 00:00,-64.31,-56.75,-32.81,-30.1752,-46.9392
2020-11-04 01:00,-64.44,-56.77,-32.97,-30.48,-46.9392
2020-11-04 02:00,-64.4,-56.9,-33.02,-30.48,-46.9392
2020-11-04 03:00,-64.33,-56.76,-33.08,-30.48,-46.9392
2020-11-04 04:00,-64.44,-56.79,-33.21,-30.48,-47.244
2020-11-04 05:00,-64.44,-56.87,-33.13,-30.48,-47.244
2020-11-04 06:00,-64.52,-56.81,-33.28,-30.48,-47.244
2020-11-04 07:00,-64.76,-57,-33.55,-30.48,-47.244
2020-11-04 08:00,-64.88,-57.18,-33.69,-30.7848,-47.244
2020-11-04 09:00,-64.73,-57.27,-33.63,-30.7848,-47.244
2020-11-04 10:00,-64.47,-57.08,-33.48,-30.7848,-47.244
2020-11-04 11:00,-64.58,-56.92,-33.7,-30.7848,-47.244
2020-11-04 12:00,-64.47,-57.06,-33.78,-30.7848,-47.244
2020-11-04 13:00,-64.39,-57.14,-33.9,-31.0896,-47.244
2020-11-04 14:00,-64.5,-57.13,-34.01,-31.0896,-47.244
2020-11-04 15:00,-64.49,-57.21,-34.02,-31.0896,-47.244
2020-11-04 16:00,-64.45,-57.2,-34.04,-31.0896,-47.5488
2020-11-04 17:00,-64.4,-57.1,-33.98,-31.3944,-47.5488
2020-11-04 18:00,-64.51,-57.01,-34.02,-31.3944,-47.5488
2020-11-04 19:00,-64.69,-57.12,-34.25,-31.3944,-47.5488
2020-11-04 20:00,-64.65,-57.25,-34.26,-31.3944,-47.5488
2020-11-04 21:00,-64.66,-57.27,-34.29,-31.3944,-47.5488
2020-11-04 22:00,-64.75,-57.31,-34.39,-31.3944,-47.5488
2020-11-04 23:00,-64.76,-57.32,-34.46,-31.3944,-47.5488
2020-11-05 00:00,-64.79,-57.32,-34.58,-31.3944,-47.5488
2020-11-05 01:00,-64.8,-57.39,-34.69,-31.6992,-47.5488
2020-11-05 02:00,-64.74,-57.47,-34.64,-31.6992,-47.5488
2020-11-05 03:00,-64.79,-57.4,-34.81,-31.6992,-47.5488
2020-11-05 04:00,-64.95,-57.55,-34.92,-31.6992,-47.5488
2020-11-05 05:00,-64.97,-57.65,-34.94,-31.6992,-47.5488
2020-11-05 06:00,-65.06,-57.61,-35.05,-31.6992,-47.5488
2020-11-05 07:00,-65.05,-57.7,-35.08,-31.6992,-47.5488
2020-11-05 08:00,-65.15,-57.68,-35.08,-31.6992,-47.5488
2020-11-05 09:00,-65.02,-57.74,-35.09,-31.6992,-47.5488
2020-11-05 10:00,-64.93,-57.61,-35.16,-32.004,-47.8536
2020-11-05 11:00,-64.86,-57.6,-35.25,-32.004,-47.8536
2020-11-05 12:00,-64.66,-57.61,-35.22,-32.004,-47.8536
2020-11-05 13:00,-64.62,-57.54,-35.39,-32.004,-47.8536
2020-11-05 14:00,-64.66,-57.68,-35.49,-32.3088,-47.8536
2020-11-05 15:00,-64.84,-57.7,-35.68,-32.3088,-47.8536
2020-11-05 16:00,-64.94,-57.84,-35.71,-32.3088,-47.8536
2020-11-05 17:00,-64.77,-57.87,-35.48,-32.3088,-47.8536
2020-11-05 18:00,-65,-57.62,-35.51,-32.6136,-47.8536
2020-11-05 19:00,-65.13,-57.67,-35.78,-32.6136,-48.1584
2020-11-05 20:00,-64.94,-57.88,-35.59,-32.6136,-48.1584
2020-11-05 21:00,-65.08,-57.67,-35.77,-32.6136,-48.1584
2020-11-05 22:00,-65.09,-57.85,-35.78,-32.6136,-48.1584
2020-11-05 23:00,-65.05,-57.76,-35.86,-32.6136,-48.1584
2020-11-06 00:00,-65.04,-57.83,-35.9,-32.6136,-48.1584
2020-11-06 01:00,-64.85,-57.86,-35.81,-32.6136,-48.1584
2020-11-06 02:00,-65.08,-57.72,-35.94,-32.6136,-48.1584
2020-11-06 03:00,-65.07,-57.83,-36.14,-32.6136,-48.1584
2020-11-06 04:00,-65.09,-57.96,-36,-32.6136,-48.1584
2020-11-06 05:00,-65.2,-57.94,-36.13,-32.9184,-48.1584
2020-11-06 06:00,-65.29,-57.99,-36.02,-32.9184,-48.1584
2020-11-06 07:00,-65.24,-57.98,-36.02,-32.9184,-48.1584
2020-11-06 08:00,-65.63,-57.88,-36.37,-32.9184,-48.1584
2020-11-06 09:00,-65.52,-58.15,-36.34,-32.9184,-48.1584
2020-11-06 10:00,-65.7,-58.01,-36.6,-32.9184,-48.1584
2020-11-06 11:00,-65.63,-58.3,-36.65,-32.9184,-48.4632
2020-11-06 12:00,-65.47,-58.32,-36.66,-32.9184,-48.4632
2020-11-06 13:00,-65.51,-58.31,-36.8,-32.9184,-48.4632
2020-11-06 14:00,-65.25,-58.39,-36.41,-32.9184,-48.4632
2020-11-06 15:00,-65.47,-58.03,-36.7,-33.2232,-48.4632
2020-11-06 16:00,-65.47,-58.26,-36.54,-33.2232,-48.4632
2020-11-06 17:00,-65.42,-58.14,-36.62,-33.2232,-48.4632
2020-11-06 18:00,-65.51,-58.16,-36.53,-33.2232,-48.4632
2020-11-06 19:00,-65.6,-58.06,-36.68,-33.2232,-48.4632
2020-11-06 20:00,-65.55,-58.09,-36.64,-33.2232,-48.4632
2020-11-06 21:00,-65.64,-58.12,-36.76,-33.2232,-48.4632
2020-11-06 22:00,-65.61,-58.18,-36.77,-33.2232,-48.4632
2020-11-06 23:00,-65.64,-58.15,-36.95,-33.2232,-48.4632
2020-11-07 00:00,-65.71,-58.29,-36.94,-33.2232,-48.4632
2020-11-07 01:00,-65.72,-58.28,-37.01,-33.2232,-48.4632
2020-11-07 02:00,-65.73,-58.29,-37.02,-33.2232,-48.768
2020-11-07 03:00,-65.8,-58.36,-37.09,-33.2232,-48.768
2020-11-07 04:00,-66.07,-58.36,-37.3,-33.2232,-48.768
2020-11-07 05:00,-65.96,-58.62,-37.16,-33.528,-48.768
2020-11-07 06:00,-66.17,-58.46,-37.39,-33.528,-48.768
2020-11-07 07:00,-66.28,-58.68,-37.47,-33.528,-48.768
2020-11-07 08:00,-66.3,-58.74,-37.51,-33.528,-48.768
2020-11-07 09:00,-66.17,-58.71,-37.44,-33.528,-48.768
2020-11-07 10:00,-66.22,-58.62,-37.55,-33.528,-48.768
2020-11-07 11:00,-66.12,-58.75,-37.61,-33.528,-48.768
2020-11-07 12:00,-65.99,-58.68,-37.66,-33.528,-48.768
2020-11-07 13:00,-65.91,-58.65,-37.75,-33.528,-48.768
2020-11-07 14:00,-66.04,-58.62,-37.87,-33.8328,-49.0728
2020-11-07 15:00,-66.16,-58.74,-37.94,-33.8328,-49.0728
2020-11-07 16:00,-66.06,-58.75,-37.87,-33.8328,-49.0728
2020-11-07 17:00,-66.07,-58.66,-37.8,-33.8328,-49.0728
2020-11-07 18:00,-66.04,-58.62,-37.76,-34.1376,-49.0728
2020-11-07 19:00,-66.04,-58.53,-37.8,-34.1376,-49.0728
2020-11-07 20:00,-66.17,-58.57,-37.98,-34.1376,-49.0728
2020-11-07 21:00,-66.25,-58.7,-37.97,-34.1376,-49.0728
2020-11-07 22:00,-66.17,-58.71,-37.97,-34.1376,-49.0728
2020-11-07 23:00,-66.23,-58.68,-38.14,-34.1376,-49.0728
2020-11-08 00:00,-66.34,-58.68,-38.22,-34.1376,-49.0728
2020-11-08 01:00,-66.52,-58.85,-38.42,-34.1376,-49.0728
2020-11-08 02:00,-66.51,-59.13,-38.42,-34.1376,-49.3776
2020-11-08 03:00,-66.35,-59.01,-38.37,-34.1376,-49.3776
2020-11-08 04:00,-66.61,-58.89,-38.6,-34.1376,-49.3776
2020-11-08 05:00,-66.67,-59.25,-38.61,-34.1376,-49.3776
2020-11-08 06:00,-66.52,-59.23,-38.35,-34.1376,-49.3776
2020-11-08 07:00,-66.86,-59.04,-38.7,-34.1376,-49.3776
2020-11-08 08:00,-66.74,-59.33,-38.6,-34.4424,-49.3776
2020-11-08 09:00,-66.82,-59.15,-38.76,-34.4424,-49.3776
2020-11-08 10:00,-66.81,-59.36,-38.8,-34.4424,-49.3776
2020-11-08 11:00,-66.62,-59.3,-38.7,-34.4424,-49.3776
2020-11-08 12:00,-66.5,-59.11,-38.75,-34.4424,-49.3776
2020-11-08 13:00,-66.6,-59.06,-38.95,-34.4424,-49.3776
2020-11-08 14:00,-66.48,-59.21,-38.81,-34.4424,-49.6824
2020-11-08 15:00,-66.52,-59.13,-38.83,-34.7472,-49.6824
2020-11-08 16:00,-66.54,-59.12,-38.88,-34.7472,-49.6824
2020-11-08 17:00,-66.57,-59.1,-38.95,-34.7472,-49.6824
2020-11-08 18:00,-66.65,-59.11,-39.04,-34.7472,-49.6824
2020-11-08 19:00,-66.66,-59.17,-39.12,-34.7472,-49.6824
2020-11-08 20:00,-66.83,-59.24,-39.29,-35.052,-49.6824
2020-11-08 21:00,-66.78,-59.38,-39.22,-35.052,-49.6824
2020-11-08 22:00,-66.8,-59.34,-39.28,-35.052,-49.6824
2020-11-08 23:00,-66.74,-59.36,-39.28,-35.052,-49.6824
2020-11-09 00:00,-66.83,-59.37,-39.41,-35.052,-49.6824
2020-11-09 01:00,-66.83,-59.45,-39.39,-35.052,-49.9872
2020-11-09 02:00,-66.86,-59.45,-39.42,-35.052,-49.9872
2020-11-09 03:00,-66.86,-59.45,-39.45,-35.052,-49.9872
2020-11-09 04:00,-66.89,-59.49,-39.44,-35.052,-49.9872
2020-11-09 05:00,-66.99,-59.48,-39.58,-35.052,-49.9872
2020-11-09 06:00,-67.09,-59.55,-39.56,-35.052,-49.9872
2020-11-09 07:00,-67.18,-59.57,-39.64,-35.052,-49.9872
2020-11-09 08:00,-67.22,-59.74,-39.67,-35.052,-49.9872
2020-11-09 09:00,-67.12,-59.74,-39.77,-35.052,-49.9872
2020-11-09 10:00,-67.24,-59.75,-40.01,-35.052,-49.9872
2020-11-09 11:00,-67.13,-59.84,-39.92,-35.3568,-49.9872
2020-11-09 12:00,-66.97,-59.79,-39.94,-35.3568,-49.9872
2020-11-09 13:00,-67.12,-59.69,-40.18,-35.3568,-50.292
2020-11-09 14:00,-67.12,-59.87,-40.17,-35.3568,-50.292
2020-11-09 15:00,-67.13,-59.89,-40.2,-35.3568,-50.292
2020-11-09 16:00,-67.05,-59.84,-40.03,-35.6616,-50.292
2020-11-09 17:00,-67.1,-59.66,-40.12,-35.6616,-50.292
2020-11-09 18:00,-67.24,-59.69,-40.21,-35.6616,-50.292
2020-11-09 19:00,-67.16,-59.84,-40.17,-35.6616,-50.292
2020-11-09 20:00,-67.23,-59.78,-40.26,-35.6616,-50.292
2020-11-09 21:00,-67.35,-59.85,-40.37,-35.6616,-50.292
2020-11-09 22:00,-67.19,-59.93,-40.33,-35.6616,-50.5968
2020-11-09 23:00,-67.21,-59.77,-40.44,-35.6616,-50.5968
2020-11-10 00:00,-67.32,-59.93,-40.5,-35.6616,-50.5968
2020-11-10 01:00,-67.25,-59.98,-40.43,-35.6616,-50.5968
2020-11-10 02:00,-67.34,-59.96,-40.51,-35.6616,-50.5968
2020-11-10 03:00,-67.4,-60.03,-40.57,-35.6616,-50.5968
2020-11-10 04:00,-67.46,-60.07,-40.6,-35.9664,-50.5968
2020-11-10 05:00,-67.71,-60.14,-40.83,-35.9664,-50.5968
2020-11-10 06:00,-67.55,-60.35,-40.61,-35.9664,-50.5968
2020-11-10 07:00,-67.63,-60.18,-40.74,-35.9664,-50.5968
2020-11-10 08:00,-67.8,-60.24,-40.9,-35.9664,-50.5968
2020-11-10 09:00,-67.81,-60.34,-40.9,-35.9664,-50.5968
2020-11-10 10:00,-67.82,-60.36,-41.05,-35.9664,-50.5968
2020-11-10 11:00,-67.86,-60.39,-41.27,-35.9664,-50.5968
2020-11-10 12:00,-67.66,-60.56,-41.27,-35.9664,-50.9016
2020-11-10 13:00,-67.59,-60.45,-41.38,-35.9664,-50.9016
2020-11-10 14:00,-67.57,-60.49,-41.41,-36.2712,-50.9016
2020-11-10 15:00,-67.63,-60.45,-41.37,-36.2712,-50.9016
2020-11-10 16:00,-67.61,-60.43,-41.32,-36.2712,-50.9016
2020-11-10 17:00,-67.65,-60.37,-41.33,-36.2712,-50.9016
2020-11-10 18:00,-67.72,-60.38,-41.26,-36.2712,-50.9016
2020-11-10 19:00,-67.74,-60.28,-41.31,-36.2712,-50.9016
2020-11-10 20:00,-67.83,-60.32,-41.38,-36.576,-50.9016
2020-11-10 21:00,-67.89,-60.38,-41.47,-36.576,-51.2064
2020-11-10 22:00,-67.82,-60.45,-41.48,-36.576,-51.2064
2020-11-10 23:00,-67.78,-60.43,-41.45,-36.576,-51.2064
2020-11-11 00:00,-67.74,-60.49,-41.48,-36.576,-51.2064
2020-11-11 01:00,-67.82,-60.41,-41.51,-36.576,-51.2064
2020-11-11 02:00,-67.84,-60.58,-41.59,-36.576,-51.2064
2020-11-11 03:00,-67.86,-60.56,-41.62,-36.576,-51.2064
2020-11-11 04:00,-67.99,-60.6,-41.59,-36.576,-51.2064
2020-11-11 05:00,-67.98,-60.68,-41.75,-36.576,-51.2064
2020-11-11 06:00,-68.02,-60.69,-41.79,-36.576,-51.2064
2020-11-11 07:00,-67.96,-60.74,-41.71,-36.576,-51.2064
2020-11-11 08:00,-68.37,-60.69,-42.09,-36.576,-51.2064
2020-11-11 09:00,-68.45,-61.02,-42.07,-36.576,-51.2064
2020-11-11 10:00,-68.4,-61.1,-42.2,-36.576,-51.2064
2020-11-11 11:00,-68.47,-61.07,-42.41,-36.576,-51.5112
2020-11-11 12:00,-68.12,-61.2,-42.28,-36.8808,-51.5112
2020-11-11 13:00,-68.09,-61.04,-42.31,-36.8808,-51.5112
2020-11-11 14:00,-68.05,-61.01,-42.35,-36.8808,-51.5112
2020-11-11 15:00,-68.07,-61.03,-42.31,-36.8808,-51.5112
2020-11-11 16:00,-68.2,-60.94,-42.37,-36.8808,-51.5112
2020-11-11 17:00,-68.2,-61.08,-42.29,-36.8808,-51.5112
2020-11-11 18:00,-68.34,-60.99,-42.38,-36.8808,-51.5112
2020-11-11 19:00,-68.3,-61.07,-42.4,-36.8808,-51.5112
2020-11-11 20:00,-68.19,-61.08,-42.34,-36.8808,-51.5112
2020-11-11 21:00,-68.3,-60.88,-42.39,-36.8808,-51.816
2020-11-11 22:00,-68.36,-61.04,-42.5,-36.8808,-51.816
2020-11-11 23:00,-68.16,-61.12,-42.4,-36.8808,-51.816
2020-11-12 00:00,-68.14,-61.03,-42.5,-36.8808,-51.816
2020-11-12 01:00,-68.53,-61.02,-42.72,-36.8808,-51.5112
2020-11-12 02:00,-68.22,-61.5,-39.31,-37.1856,-47.244
2020-11-12 03:00,-65.51,-61.2,-35.96,-32.6136,-45.4152
2020-11-12 04:00,-61.87,-60.72,-25.93,-29.5656,-40.2336
2020-11-12 05:00,-49.35,-58.44,-15.68,-23.7744,-35.052
2020-11-12 06:00,-47.04,-47.08,-12.68,-18.288,-33.8328
2020-11-12 07:00,-46.34,-43.26,-12.27,-17.3736,-33.2232
2020-11-12 08:00,-45.47,-42.33,-10.79,-17.6784,-32.3088
2020-11-12 09:00,-44.22,-41.59,-10.25,-16.4592,-31.6992
2020-11-12 10:00,-43.99,-40.24,-10.6,-16.4592,-31.0896
2020-11-12 11:00,-43.8,-40.06,-10.91,-17.0688,-30.48
2020-11-12 12:00,-43.48,-39.87,-10.82,-17.3736,-25.6032
2020-11-12 13:00,-36.47,-39.77,0.04,-17.3736,-14.3256
2020-11-12 14:00,-31.66,-30.09,0.6,-7.3152,-12.192
2020-11-12 15:00,-29.41,-25.42,1.75,-6.7056,-11.2776
2020-11-12 16:00,-27.68,-24.05,2.24,-6.7056,-9.7536
2020-11-12 17:00,-26.61,-22,2.52,-6.4008,-8.5344
2020-11-12 18:00,-25.64,-21.02,2.66,-6.4008,-7.9248
2020-11-12 19:00,-25.15,-19.88,2.38,-6.4008,-7.9248
2020-11-12 20:00,-25.58,-19.82,2.65,-6.7056,-7.9248
2020-11-12 21:00,-25.51,-19.01,2.72,-7.0104,-8.2296
2020-11-12 22:00,-25.76,-19.74,2.25,-7.0104,-8.5344
2020-11-12 23:00,-26.16,-19.71,2.03,-7.0104,-8.5344
2020-11-13 00:00,-26.16,-19.91,1.76,-7.3152,-8.8392
2020-11-13 01:00,-26.41,-19.84,1.64,-7.3152,-9.144
2020-11-13 02:00,-27.07,-20.13,1.13,-7.3152,-9.4488
2020-11-13 03:00,-27.23,-20.69,1.09,-7.3152,-9.4488
2020-11-13 04:00,-27.78,-20.79,0.97,-7.3152,-9.7536
2020-11-13 05:00,-28.03,-21.22,0.68,-7.3152,-9.7536
2020-11-13 06:00,-28.38,-21.59,0.62,-7.3152,-10.0584
2020-11-13 07:00,-28.68,-21.88,0.4,-7.3152,-10.3632
2020-11-13 08:00,-28.94,-21.84,0.46,-7.62,-10.3632
2020-11-13 09:00,-29.04,-22.16,0.17,-7.62,-10.668
2020-11-13 10:00,-29.34,-22.22,-0.1,-7.62,-10.9728
2020-11-13 11:00,-29.71,-22.59,-0.29,-7.62,-10.9728
2020-11-13 12:00,-29.63,-23.04,-0.28,-7.62,-11.2776
2020-11-13 13:00,-29.96,-22.98,-0.49,-7.9248,-11.2776
2020-11-13 14:00,-30.36,-23.4,-0.81,-7.9248,-11.5824
2020-11-13 15:00,-30.68,-23.71,-0.94,-7.9248,-11.8872
2020-11-13 16:00,-30.86,-23.94,-1.01,-7.9248,-11.8872
2020-11-13 17:00,-31.19,-24.17,-1.26,-8.2296,-12.192
2020-11-13 18:00,-31.51,-24.58,-1.45,-8.2296,-12.4968
2020-11-13 19:00,-31.7,-24.88,-1.54,-8.2296,-12.4968
2020-11-13 20:00,-31.85,-25.05,-1.73,-8.2296,-12.8016
2020-11-13 21:00,-32.07,-25.21,-1.95,-8.5344,-12.8016
2020-11-13 22:00,-32.34,-25.54,-2.15,-8.5344,-13.1064
2020-11-13 23:00,-32.5,-25.78,-2.29,-8.5344,-13.1064
2020-11-14 00:00,-32.64,-26.06,-2.32,-8.5344,-13.4112
2020-11-14 01:00,-32.87,-26.2,-2.53,-8.8392,-13.716
2020-11-14 02:00,-33.07,-26.36,-2.65,-8.8392,-13.716
2020-11-14 03:00,-33.36,-26.68,-2.85,-8.8392,-14.0208
2020-11-14 04:00,-33.43,-26.94,-2.87,-8.8392,-14.0208
2020-11-14 05:00,-33.76,-27.1,-3.11,-9.144,-14.3256
2020-11-14 06:00,-33.89,-27.38,-3.17,-9.144,-14.3256
2020-11-14 07:00,-33.99,-27.53,-3.29,-9.144,-14.6304
2020-11-14 08:00,-34.24,-27.72,-3.52,-9.4488,-14.6304
2020-11-14 09:00,-34.37,-27.98,-3.53,-9.4488,-14.9352
2020-11-14 10:00,-34.48,-28.1,-3.61,-9.4488,-14.9352
2020-11-14 11:00,-34.49,-28.35,-3.64,-9.4488,-15.24
2020-11-14 12:00,-34.48,-28.34,-3.83,-9.7536,-15.24
2020-11-14 13:00,-34.64,-28.48,-3.93,-9.7536,-15.5448
2020-11-14 14:00,-34.92,-28.81,-4.32,-9.7536,-15.5448
2020-11-14 15:00,-35.12,-29.15,-4.41,-10.0584,-15.8496
2020-11-14 16:00,-34.98,-29.33,-4.11,-10.0584,-15.8496
2020-11-14 17:00,-35.32,-29.2,-4.43,-10.0584,-16.1544
2020-11-14 18:00,-35.63,-29.47,-4.55,-10.3632,-16.1544
2020-11-14 19:00,-35.68,-29.84,-4.72,-10.3632,-16.4592
2020-11-14 20:00,-35.86,-29.88,-4.86,-10.3632,-16.4592
2020-11-14 21:00,-35.98,-30.19,-4.94,-10.668,-16.764
2020-11-14 22:00,-36.12,-30.34,-5.02,-10.668,-16.764
2020-11-14 23:00,-36.25,-30.47,-5.18,-10.668,-16.764
2020-11-15 00:00,-36.21,-30.74,-5.28,-10.9728,-17.0688
2020-11-15 01:00,-36.37,-30.74,-5.39,-10.9728,-17.0688
2020-11-15 02:00,-36.55,-31.02,-5.6,-10.9728,-17.3736
2020-11-15 03:00,-36.74,-31.21,-5.72,-10.9728,-17.3736
2020-11-15 04:00,-36.81,-31.43,-5.81,-11.2776,-17.3736
2020-11-15 05:00,-36.9,-31.54,-5.89,-11.2776,-17.6784
2020-11-15 06:00,-36.95,-31.7,-6.08,-11.2776,-17.6784
2020-11-15 07:00,-37.24,-31.89,-6.17,-11.5824,-17.9832
2020-11-15 08:00,-37.36,-32.22,-6.24,-11.5824,-17.9832
2020-11-15 09:00,-37.45,-32.35,-6.29,-11.5824,-17.9832
2020-11-15 10:00,-37.42,-32.46,-6.32,-11.5824,-18.288
2020-11-15 11:00,-37.55,-32.56,-6.78,-11.5824,-18.288
2020-11-15 12:00,-37.38,-32.86,-6.72,-11.8872,-18.288
2020-11-15 13:00,-37.15,-32.9,-6.66,-11.8872,-18.5928
2020-11-15 14:00,-37.49,-32.83,-6.97,-12.192,-18.5928
2020-11-15 15:00,-37.83,-33.33,-7.06,-12.192,-18.8976
2020-11-15 16:00,-37.91,-33.6,-7.17,-12.4968,-18.8976
2020-11-15 17:00,-37.67,-33.44,-7.15,-12.4968,-18.8976
2020-11-15 18:00,-37.92,-33.48,-7.23,-12.4968,-19.2024
2020-11-15 19:00,-38.07,-33.77,-7.15,-12.4968,-19.2024
2020-11-15 20:00,-38.24,-33.77,-7.33,-12.8016,-19.5072
2020-11-15 21:00,-38.3,-34.01,-7.4,-12.8016,-19.5072
2020-11-15 22:00,-38.57,-34.13,-7.51,-12.8016,-19.5072
2020-11-15 23:00,-38.77,-34.29,-7.69,-13.1064,-19.5072
2020-11-16 00:00,-38.64,-34.45,-7.51,-13.1064,-19.812
2020-11-16 01:00,-38.67,-34.42,-7.48,-13.1064,-19.812
2020-11-16 02:00,-38.91,-34.53,-7.58,-13.1064,-19.812
2020-11-16 03:00,-38.94,-34.73,-7.58,-13.1064,-20.1168
2020-11-16 04:00,-39.15,-34.73,-7.78,-13.4112,-20.1168
2020-11-16 05:00,-39.32,-34.95,-7.92,-13.4112,-20.1168
2020-11-16 06:00,-39.54,-35.18,-8.17,-13.4112,-20.4216
2020-11-16 07:00,-39.8,-35.38,-8.52,-13.716,-20.4216
2020-11-16 08:00,-40,-35.82,-8.59,-13.716,-20.4216
2020-11-16 09:00,-39.98,-35.98,-8.69,-13.716,-20.7264
2020-11-16 10:00,-40.08,-35.99,-8.82,-13.716,-20.7264
2020-11-16 11:00,-39.99,-36.11,-8.97,-14.0208,-20.7264
2020-11-16 12:00,-39.86,-36.26,-8.97,-14.0208,-21.0312
2020-11-16 13:00,-39.95,-36.19,-9.2,-14.3256,-21.0312
2020-11-16 14:00,-40.03,-36.39,-9.29,-14.3256,-21.336
2020-11-16 15:00,-40.18,-36.61,-9.47,-14.3256,-21.336
2020-11-16 16:00,-40.29,-36.79,-9.52,-14.6304,-21.336
2020-11-16 17:00,-40.46,-36.92,-9.65,-14.6304,-21.6408
2020-11-16 18:00,-40.65,-37.07,-9.7,-14.6304,-21.6408
2020-11-16 19:00,-40.74,-37.21,-9.8,-14.9352,-21.6408
2020-11-16 20:00,-40.93,-37.3,-10,-14.9352,-21.6408
2020-11-16 21:00,-40.91,-37.57,-10.01,-14.9352,-21.9456
2020-11-16 22:00,-41.11,-37.59,-10.32,-14.9352,-21.9456
2020-11-16 23:00,-41.08,-37.83,-10.31,-15.24,-21.9456
2020-11-17 00:00,-41.32,-37.79,-10.48,-15.24,-21.9456
2020-11-17 01:00,-41.23,-38.11,-10.38,-15.24,-22.2504
2020-11-17 02:00,-41.31,-37.97,-10.51,-15.5448,-22.2504
2020-11-17 03:00,-41.47,-38.17,-10.55,-15.5448,-22.2504
2020-11-17 04:00,-41.54,-38.33,-10.66,-15.5448,-22.2504
2020-11-17 05:00,-41.63,-38.46,-10.76,-15.5448,-22.5552
2020-11-17 06:00,-41.68,-38.54,-10.92,-15.5448,-22.5552
2020-11-17 07:00,-41.84,-38.61,-11.06,-15.8496,-22.5552
2020-11-17 08:00,-42.07,-38.81,-11.16,-15.8496,-22.5552
2020-11-17 09:00,-42.04,-39.15,-11.29,-15.8496,-22.86
2020-11-17 10:00,-41.96,-39.09,-11.31,-16.1544,-22.86
2020-11-17 11:00,-41.84,-39.18,-11.28,-16.1544,-22.86
2020-11-17 12:00,-41.77,-39.15,-11.34,-16.1544,-23.1648
2020-11-17 13:00,-41.81,-39.19,-11.47,-16.1544,-23.1648
2020-11-17 14:00,-42.2,-39.42,-11.57,-16.4592,-23.1648
2020-11-17 15:00,-42.33,-39.6,-11.54,-16.4592,-23.4696
2020-11-17 16:00,-42.31,-39.57,-11.63,-16.4592,-23.4696
2020-11-17 17:00,-42.52,-39.66,-11.71,-16.764,-23.4696
2020-11-17 18:00,-42.51,-39.87,-11.85,-16.764,-23.4696
2020-11-17 19:00,-42.61,-39.86,-11.96,-16.764,-23.7744
2020-11-17 20:00,-42.63,-40.01,-11.94,-17.0688,-23.7744
2020-11-17 21:00,-42.75,-40.16,-12.06,-17.0688,-23.7744
2020-11-17 22:00,-42.9,-40.26,-12.21,-17.0688,-23.7744
2020-11-17 23:00,-43,-40.49,-12.42,-17.0688,-24.0792
2020-11-18 00:00,-43.01,-40.59,-12.34,-17.3736,-24.0792
2020-11-18 01:00,-43.14,-40.63,-12.54,-17.3736,-24.0792
2020-11-18 02:00,-43.26,-40.81,-12.62,-17.3736,-24.0792
2020-11-18 03:00,-43.4,-40.89,-12.8,-17.3736,-24.0792
2020-11-18 04:00,-43.49,-41.05,-12.87,-17.6784,-24.384
2020-11-18 05:00,-43.59,-41.06,-13.04,-17.6784,-24.384
2020-11-18 06:00,-43.71,-41.31,-13.19,-17.6784,-24.384
2020-11-18 07:00,-43.73,-41.53,-13.16,-17.6784,-24.384
2020-11-18 08:00,-43.78,-41.48,-13.18,-17.9832,-24.6888
2020-11-18 09:00,-43.97,-41.66,-13.49,-17.9832,-24.6888
2020-11-18 10:00,-43.79,-41.76,-13.4,-17.9832,-24.6888
2020-11-18 11:00,-43.86,-41.59,-13.61,-18.288,-24.6888
2020-11-18 12:00,-43.97,-41.74,-13.68,-18.288,-24.9936
2020-11-18 13:00,-43.95,-41.87,-13.67,-18.288,-24.9936
2020-11-18 14:00,-43.93,-41.95,-13.66,-18.288,-24.9936
2020-11-18 15:00,-44.15,-41.93,-13.95,-18.5928,-24.9936
2020-11-18 16:00,-43.64,-42.23,-13.45,-18.5928,-25.2984
2020-11-18 17:00,-44.08,-41.62,-13.87,-18.5928,-25.2984
2020-11-18 18:00,-44.21,-42.08,-14.01,-18.5928,-25.2984
2020-11-18 19:00,-44.21,-42.27,-14.12,-18.8976,-25.2984
2020-11-18 20:00,-44.41,-42.31,-14.35,-18.8976,-25.2984
2020-11-18 21:00,-44.43,-42.49,-14.32,-18.8976,-25.6032
2020-11-18 22:00,-44.56,-42.57,-14.52,-18.8976,-25.6032
2020-11-18 23:00,-44.59,-42.7,-14.61,-19.2024,-25.6032
2020-11-19 00:00,-44.65,-42.8,-14.64,-19.2024,-25.6032
2020-11-19 01:00,-44.8,-42.89,-14.8,-19.2024,-25.6032
2020-11-19 02:00,-44.74,-42.99,-14.75,-19.2024,-25.908
2020-11-19 03:00,-44.77,-42.96,-14.84,-19.2024,-25.908
2020-11-19 04:00,-44.89,-43.09,-14.87,-19.5072,-25.908
2020-11-19 05:00,-45,-43.16,-15.04,-19.5072,-25.908
2020-11-19 06:00,-45.03,-43.27,-15.1,-19.5072,-25.908
2020-11-19 07:00,-45.13,-43.3,-15.24,-19.5072,-25.908
2020-11-19 08:00,-45.33,-43.4,-15.36,-19.5072,-26.2128
2020-11-19 09:00,-45.34,-43.66,-15.43,-19.812,-26.2128
2020-11-19 10:00,-45.22,-43.64,-15.3,-19.812,-26.2128
2020-11-19 11:00,-45.09,-43.6,-15.24,-19.812,-26.2128
2020-11-19 12:00,-44.83,-43.4,-15.1,-19.812,-26.2128
2020-11-19 13:00,-44.79,-43.29,-15.13,-19.812,-26.5176
2020-11-19 14:00,-44.82,-43.31,-15.19,-20.1168,-26.5176
2020-11-19 15:00,-45.03,-43.35,-15.41,-20.1168,-26.5176
2020-11-19 16:00,-44.88,-43.6,-15.14,-20.1168,-26.5176
2020-11-19 17:00,-45.16,-43.38,-15.46,-20.1168,-26.5176
2020-11-19 18:00,-45.38,-43.69,-15.73,-20.4216,-26.8224
2020-11-19 19:00,-45.38,-43.9,-15.76,-20.4216,-26.8224
2020-11-19 20:00,-45.5,-43.9,-15.84,-20.4216,-26.8224
2020-11-19 21:00,-45.52,-44.03,-15.91,-20.4216,-26.8224
2020-11-19 22:00,-45.6,-44.03,-16.06,-20.4216,-26.8224
2020-11-19 23:00,-45.67,-44.17,-16.17,-20.7264,-26.8224
2020-11-20 00:00,-45.66,-44.26,-16.24,-20.7264,-27.1272
2020-11-20 01:00,-45.7,-44.29,-16.28,-20.7264,-27.1272
2020-11-20 02:00,-45.79,-44.37,-16.34,-20.7264,-27.1272
2020-11-20 03:00,-45.87,-44.42,-16.4,-20.7264,-27.1272
2020-11-20 04:00,-46,-44.54,-16.46,-21.0312,-27.1272
2020-11-20 05:00,-45.93,-44.56,-16.49,-21.0312,-27.1272
2020-11-20 06:00,-46.05,-44.55,-16.54,-21.0312,-27.432
2020-11-20 07:00,-46.09,-44.67,-16.69,-21.0312,-27.432
2020-11-20 08:00,-46.35,-44.8,-16.87,-21.0312,-27.432
2020-11-20 09:00,-46.33,-45,-16.86,-21.0312,-27.432
2020-11-20 10:00,-46.24,-45.02,-16.81,-21.336,-27.432
2020-11-20 11:00,-46.07,-44.98,-16.81,-21.336,-27.432
2020-11-20 12:00,-46.12,-44.87,-17.01,-21.336,-27.432
2020-11-20 13:00,-46.23,-45.03,-17.23,-21.336,-27.7368
2020-11-20 14:00,-46.28,-45.18,-17.25,-21.6408,-27.7368
2020-11-20 15:00,-46.44,-45.22,-17.36,-21.6408,-27.7368
2020-11-20 16:00,-46.22,-45.37,-17.2,-21.6408,-27.7368
2020-11-20 17:00,-46.22,-45.18,-17.22,-21.6408,-28.0416
2020-11-20 18:00,-46.35,-45.15,-17.24,-21.6408,-28.0416
2020-11-20 19:00,-46.4,-45.31,-17.26,-21.6408,-28.0416
2020-11-20 20:00,-46.58,-45.31,-17.47,-21.9456,-28.0416
2020-11-20 21:00,-46.65,-45.49,-17.54,-21.9456,-28.0416
2020-11-20 22:00,-46.62,-45.53,-17.63,-21.9456,-28.0416
2020-11-20 23:00,-46.66,-45.55,-17.64,-21.9456,-28.0416
2020-11-21 00:00,-46.72,-45.64,-17.76,-21.9456,-28.3464
2020-11-21 01:00,-46.67,-45.67,-17.72,-21.9456,-28.3464
2020-11-21 02:00,-46.86,-45.67,-17.95,-22.2504,-28.3464
2020-11-21 03:00,-46.87,-45.85,-17.97,-22.2504,-28.3464
2020-11-21 04:00,-46.92,-45.87,-17.99,-22.2504,-28.3464
2020-11-21 05:00,-47.14,-45.94,-18.16,-22.2504,-28.3464
2020-11-21 06:00,-46.98,-46.12,-18.1,-22.2504,-28.3464
2020-11-21 07:00,-47.14,-46.01,-18.25,-22.2504,-28.6512
2020-11-21 08:00,-47.28,-46.14,-18.43,-22.5552,-28.6512
2020-11-21 09:00,-47.23,-46.3,-18.46,-22.5552,-28.6512
2020-11-21 10:00,-47.21,-46.27,-18.37,-22.5552,-28.6512
2020-11-21 11:00,-47.12,-46.22,-18.48,-22.5552,-28.6512
2020-11-21 12:00,-47.23,-46.27,-18.62,-22.5552,-28.6512
2020-11-21 13:00,-47.18,-46.43,-18.73,-22.5552,-28.956
2020-11-21 14:00,-47.43,-46.48,-18.9,-22.86,-28.956
2020-11-21 15:00,-47.45,-46.67,-18.93,-22.86,-28.956
2020-11-21 16:00,-47.35,-46.66,-18.78,-22.86,-28.956
2020-11-21 17:00,-47.21,-46.52,-18.65,-22.86,-28.956
2020-11-21 18:00,-47.45,-46.43,-18.88,-23.1648,-29.2608
2020-11-21 19:00,-47.47,-46.63,-18.95,-23.1648,-29.2608
2020-11-21 20:00,-47.43,-46.63,-18.93,-23.1648,-29.2608
2020-11-21 21:00,-47.59,-46.58,-19.15,-23.1648,-29.2608
2020-11-21 22:00,-47.63,-46.79,-19.24,-23.1648,-29.2608
2020-11-21 23:00,-47.61,-46.81,-19.27,-23.1648,-29.2608
2020-11-22 00:00,-47.73,-46.85,-19.35,-23.1648,-29.2608
2020-11-22 01:00,-47.72,-46.94,-19.45,-23.4696,-29.2608
2020-11-22 02:00,-47.96,-46.97,-19.69,-23.4696,-29.5656
2020-11-22 03:00,-47.82,-47.2,-19.49,-23.4696,-29.5656
2020-11-22 04:00,-48.01,-47.06,-19.74,-23.4696,-29.5656
2020-11-22 05:00,-48.08,-47.29,-19.85,-23.4696,-29.5656
2020-11-22 06:00,-48.1,-47.31,-19.86,-23.4696,-29.5656
2020-11-22 07:00,-48.22,-47.33,-19.94,-23.4696,-29.5656
2020-11-22 08:00,-48.41,-47.45,-20.16,-23.7744,-29.5656
2020-11-22 09:00,-48.27,-47.75,-20.12,-23.7744,-29.5656
2020-11-22 10:00,-48.11,-47.51,-19.98,-23.7744,-29.8704
2020-11-22 11:00,-48.02,-47.44,-19.95,-23.7744,-29.8704
2020-11-22 12:00,-47.92,-47.37,-20.04,-23.7744,-29.8704
2020-11-22 13:00,-47.95,-47.36,-20.14,-23.7744,-29.8704
2020-11-22 14:00,-48.03,-47.42,-20.2,-24.0792,-29.8704
2020-11-22 15:00,-48.11,-47.52,-20.42,-24.0792,-29.8704
2020-11-22 16:00,-47.9,-47.66,-20.24,-24.0792,-30.1752
2020-11-22 17:00,-48.05,-47.41,-20.17,-24.0792,-30.1752
2020-11-22 18:00,-48.03,-47.52,-20.07,-24.0792,-30.1752
2020-11-22 19:00,-47.99,-47.4,-20.11,-24.0792,-30.1752
2020-11-22 20:00,-47.88,-47.51,-20.16,-24.0792,-30.1752
2020-11-22 21:00,-48.13,-47.38,-20.32,-24.0792,-30.1752
2020-11-22 22:00,-47.98,-47.62,-20.28,-24.0792,-30.1752
2020-11-22 23:00,-48.09,-47.59,-20.55,-24.384,-30.1752
2020-11-23 00:00,-47.99,-47.8,-20.37,-24.384,-30.1752
2020-11-23 01:00,-48.06,-47.69,-20.52,-24.384,-30.48
2020-11-23 02:00,-48.03,-47.83,-20.6,-24.384,-30.48
2020-11-23 03:00,-48.33,-47.75,-20.68,-24.384,-30.48
2020-11-23 04:00,-48.42,-48.12,-19.95,-23.4696,-29.2608
2020-11-23 05:00,-48.22,-47.89,-17.28,-20.7264,-28.3464
2020-11-23 06:00,-48.24,-47.76,-17.15,-21.336,-28.3464
2020-11-23 07:00,-48.14,-47.54,-17.05,-21.336,-28.3464
2020-11-23 08:00,-48.31,-47.37,-17.25,-21.6408,-28.3464
2020-11-23 09:00,-48.45,-47.45,-17.48,-21.9456,-28.3464
2020-11-23 10:00,-48.6,-47.53,-17.58,-21.9456,-28.3464
2020-11-23 11:00,-48.41,-47.63,-17.6,-22.2504,-28.3464
2020-11-23 12:00,-48.48,-47.44,-18.04,-22.2504,-28.3464
2020-11-23 13:00,-48.55,-47.64,-18.08,-22.5552,-28.3464
2020-11-23 14:00,-48.63,-47.68,-18.26,-22.5552,-28.6512
2020-11-23 15:00,-48.85,-47.71,-18.49,-22.86,-28.6512
2020-11-23 16:00,-48.7,-48.01,-18.51,-22.86,-28.6512
2020-11-23 17:00,-48.9,-47.83,-18.69,-23.1648,-28.6512
2020-11-23 18:00,-49.03,-48.07,-18.91,-23.1648,-28.6512
2020-11-23 19:00,-48.96,-48.18,-19.02,-23.1648,-28.956
2020-11-23 20:00,-49.08,-48.14,-19.24,-23.4696,-28.956
2020-11-23 21:00,-49.08,-48.28,-19.3,-23.4696,-28.956
2020-11-23 22:00,-49.05,-48.19,-19.43,-23.4696,-28.956
2020-11-23 23:00,-49.2,-48.2,-19.49,-23.4696,-28.956
2020-11-24 00:00,-49.15,-48.31,-19.54,-23.7744,-28.956
2020-11-24 01:00,-49.09,-48.33,-19.59,-23.7744,-29.2608
2020-11-24 02:00,-49.29,-48.13,-19.83,-23.7744,-29.2608
2020-11-24 03:00,-49.25,-48.41,-20,-23.7744,-29.2608
2020-11-24 04:00,-49.34,-48.28,-20,-23.7744,-29.2608
2020-11-24 05:00,-49.58,-48.46,-20.28,-24.0792,-29.2608
2020-11-24 06:00,-49.8,-48.76,-20.59,-24.0792,-29.2608
2020-11-24 07:00,-49.77,-48.94,-20.68,-24.0792,-29.5656
2020-11-24 08:00,-49.92,-48.95,-20.68,-24.0792,-29.5656
2020-11-24 09:00,-49.88,-49.09,-20.73,-24.0792,-29.5656
2020-11-24 10:00,-49.92,-49.09,-20.92,-24.384,-29.5656
2020-11-24 11:00,-49.69,-49,-20.81,-24.384,-29.5656
2020-11-24 12:00,-49.53,-48.86,-20.77,-24.384,-29.8704
2020-11-24 13:00,-49.67,-48.62,-20.85,-24.384,-29.8704
2020-11-24 14:00,-49.63,-48.84,-21.05,-24.6888,-29.8704
2020-11-24 15:00,-49.7,-48.82,-21.09,-24.6888,-29.8704
2020-11-24 16:00,-49.53,-48.87,-20.97,-24.6888,-29.8704
2020-11-24 17:00,-49.79,-48.74,-21.34,-24.6888,-29.8704
2020-11-24 18:00,-49.84,-49.01,-21.42,-24.6888,-30.1752
2020-11-24 19:00,-49.91,-49.06,-21.47,-24.9936,-30.1752
2020-11-24 20:00,-49.86,-49.12,-21.62,-24.9936,-30.1752
2020-11-24 21:00,-49.92,-49,-21.63,-24.9936,-30.1752
2020-11-24 22:00,-50.01,-49.11,-21.69,-24.9936,-30.1752
2020-11-24 23:00,-50,-49.21,-21.72,-24.9936,-30.1752
2020-11-25 00:00,-50.05,-49.17,-21.9,-24.9936,-30.1752
2020-11-25 01:00,-50.12,-49.26,-21.9,-24.9936,-30.48
2020-11-25 02:00,-50.21,-49.25,-22.05,-25.2984,-30.48
2020-11-25 03:00,-50.27,-49.41,-22.09,-25.2984,-30.48
2020-11-25 04:00,-50.28,-49.38,-22.17,-25.2984,-30.48
2020-11-25 05:00,-50.31,-49.45,-22.13,-25.2984,-30.48
2020-11-25 06:00,-50.43,-49.51,-22.42,-25.2984,-30.48
2020-11-25 07:00,-50.51,-49.56,-22.47,-25.2984,-30.48
2020-11-25 08:00,-50.57,-49.68,-22.6,-25.2984,-30.48
2020-11-25 09:00,-50.46,-49.75,-22.49,-25.2984,-30.48
2020-11-25 10:00,-50.37,-49.74,-22.41,-25.6032,-30.7848
2020-11-25 11:00,-50.43,-49.58,-22.64,-25.6032,-30.7848
2020-11-25 12:00,-50.51,-49.6,-22.72,-25.6032,-30.7848
2020-11-25 13:00,-50.46,-49.71,-22.86,-25.6032,-30.7848
2020-11-25 14:00,-50.32,-49.68,-22.73,-25.6032,-30.7848
2020-11-25 15:00,-50.49,-49.56,-22.79,-25.908,-31.0896
2020-11-25 16:00,-50.21,-49.71,-22.72,-25.908,-31.0896
2020-11-25 17:00,-50.56,-49.5,-23.24,-25.908,-31.0896
2020-11-25 18:00,-50.33,-49.93,-22.93,-25.908,-31.0896
2020-11-25 19:00,-50.5,-49.63,-22.88,-25.908,-31.0896
2020-11-25 20:00,-50.43,-49.82,-23.06,-25.908,-31.0896
2020-11-25 21:00,-50.65,-49.71,-23.16,-26.2128,-31.0896
2020-11-25 22:00,-50.43,-49.92,-23.07,-26.2128,-31.0896
2020-11-25 23:00,-50.72,-49.72,-23.18,-26.2128,-31.0896
2020-11-26 00:00,-50.62,-50.03,-23.19,-26.2128,-31.3944
2020-11-26 01:00,-50.7,-49.94,-23.3,-26.2128,-31.3944
2020-11-26 02:00,-50.78,-49.97,-23.54,-26.2128,-31.3944
2020-11-26 03:00,-50.84,-50.03,-23.36,-26.2128,-31.3944
2020-11-26 04:00,-50.83,-50.04,-23.39,-26.2128,-31.3944
2020-11-26 05:00,-50.69,-50.13,-23.2,-25.6032,-31.3944
2020-11-26 06:00,-50.7,-50.11,-23.08,-25.6032,-31.3944
2020-11-26 07:00,-50.82,-49.93,-23.14,-25.6032,-31.3944
2020-11-26 08:00,-50.86,-50.14,-23.19,-25.908,-31.3944
2020-11-26 09:00,-50.98,-50.21,-21.34,-23.1648,-30.1752
2020-11-26 10:00,-49.99,-50.28,-16.93,-21.0312,-29.5656
2020-11-26 11:00,-50.1,-49.43,-17.18,-21.336,-29.2608
2020-11-26 12:00,-49.98,-49.16,-17.18,-21.6408,-29.2608
2020-11-26 13:00,-50.04,-48.97,-17.38,-21.9456,-29.2608
2020-11-26 14:00,-50.05,-48.83,-17.61,-22.2504,-29.2608
2020-11-26 15:00,-49.89,-48.84,-17.62,-22.2504,-29.2608
2020-11-26 16:00,-49.89,-48.66,-17.8,-22.5552,-29.2608
2020-11-26 17:00,-49.74,-48.69,-17.62,-22.5552,-29.2608
2020-11-26 18:00,-49.82,-48.48,-17.73,-22.86,-29.2608
2020-11-26 19:00,-49.86,-48.53,-17.9,-22.86,-29.5656
2020-11-26 20:00,-49.73,-48.62,-17.89,-22.86,-29.5656
2020-11-26 21:00,-49.76,-48.49,-18,-23.1648,-29.5656
2020-11-26 22:00,-49.78,-48.38,-18.09,-23.1648,-29.5656
2020-11-26 23:00,-49.81,-48.46,-18.2,-23.1648,-29.5656
2020-11-27 00:00,-49.99,-48.47,-18.42,-23.4696,-29.5656
2020-11-27 01:00,-49.99,-48.62,-18.5,-23.4696,-29.5656
2020-11-27 02:00,-49.95,-48.58,-18.54,-23.4696,-29.5656
2020-11-27 03:00,-49.7,-48.57,-18.33,-23.7744,-29.5656
2020-11-27 04:00,-50.04,-48.27,-18.76,-23.7744,-29.8704
2020-11-27 05:00,-50.05,-48.61,-18.77,-23.7744,-29.8704
2020-11-27 06:00,-49.98,-48.63,-18.84,-23.7744,-29.8704
2020-11-27 07:00,-50.19,-48.57,-19.11,-23.7744,-29.8704
2020-11-27 08:00,-50.44,-48.84,-19.25,-24.0792,-29.8704
2020-11-27 09:00,-50.4,-49.12,-19.37,-24.0792,-29.8704
2020-11-27 10:00,-50.28,-48.95,-19.29,-24.0792,-29.8704
2020-11-27 11:00,-50.26,-48.72,-19.31,-24.0792,-29.8704
2020-11-27 12:00,-50.44,-48.93,-19.47,-24.0792,-30.1752
2020-11-27 13:00,-50.29,-49.07,-19.48,-24.384,-30.1752
2020-11-27 14:00,-50.35,-48.82,-19.45,-24.384,-30.1752
2020-11-27 15:00,-50.17,-48.9,-19.37,-24.384,-30.1752
2020-11-27 16:00,-50.29,-48.76,-19.5,-24.384,-30.1752
2020-11-27 17:00,-50.24,-48.95,-19.57,-24.384,-30.1752
2020-11-27 18:00,-50.27,-48.83,-19.67,-24.6888,-30.1752
2020-11-27 19:00,-50.35,-48.86,-19.81,-24.6888,-30.1752
2020-11-27 20:00,-50.4,-48.99,-19.88,-24.6888,-30.48
2020-11-27 21:00,-50.57,-49.06,-20.04,-24.6888,-30.48
2020-11-27 22:00,-50.52,-49.21,-20.1,-24.6888,-30.48
2020-11-27 23:00,-50.54,-49.21,-20.21,-24.6888,-30.48
2020-11-28 00:00,-50.71,-49.16,-20.46,-24.9936,-30.48
2020-11-28 01:00,-50.52,-49.35,-20.42,-24.9936,-30.48
2020-11-28 02:00,-50.77,-49.08,-20.55,-24.9936,-30.48
2020-11-28 03:00,-50.7,-49.44,-20.61,-24.9936,-30.48
2020-11-28 04:00,-50.82,-49.28,-20.78,-24.9936,-30.7848
2020-11-28 05:00,-51.11,-49.38,-21,-25.2984,-30.7848
2020-11-28 06:00,-51.15,-49.7,-21.18,-25.2984,-30.7848
2020-11-28 07:00,-50.96,-49.84,-21.08,-25.2984,-30.7848
2020-11-28 08:00,-51.31,-49.55,-21.14,-25.2984,-30.7848
2020-11-28 09:00,-51.16,-49.98,-21.33,-25.2984,-30.7848
2020-11-28 10:00,-51.23,-49.88,-21.32,-25.2984,-30.7848
2020-11-28 11:00,-51.33,-49.83,-21.63,-25.2984,-30.7848
2020-11-28 12:00,-50.87,-49.89,-21.09,-25.6032,-30.7848
2020-11-28 13:00,-51.15,-49.5,-21.47,-25.6032,-31.0896
2020-11-28 14:00,-51.15,-49.81,-21.46,-25.6032,-31.0896
2020-11-28 15:00,-51.18,-49.85,-21.63,-25.6032,-31.0896
2020-11-28 16:00,-51.07,-49.87,-21.58,-25.908,-31.0896
2020-11-28 17:00,-51.14,-49.84,-21.72,-25.908,-31.0896
2020-11-28 18:00,-51.07,-49.85,-21.71,-25.908,-31.0896
2020-11-28 19:00,-51.28,-49.81,-22.03,-25.908,-31.0896
2020-11-28 20:00,-51.42,-50.05,-22.16,-25.908,-31.3944
2020-11-28 21:00,-51.34,-50.2,-22.14,-25.908,-31.3944
2020-11-28 22:00,-51.45,-50.09,-22.36,-26.2128,-31.3944
2020-11-28 23:00,-51.61,-50.26,-22.43,-26.2128,-31.3944
2020-11-29 00:00,-51.47,-50.34,-22.47,-26.2128,-31.3944
2020-11-29 01:00,-51.53,-50.28,-22.58,-26.2128,-31.3944
2020-11-29 02:00,-51.53,-50.23,-22.59,-26.2128,-31.3944
2020-11-29 03:00,-51.23,-50.3,-22.38,-26.2128,-31.3944
2020-11-29 04:00,-51.61,-50.01,-22.74,-26.2128,-31.3944
2020-11-29 05:00,-51.59,-50.33,-22.81,-26.5176,-31.6992
2020-11-29 06:00,-51.46,-50.35,-22.71,-26.5176,-31.6992
2020-11-29 07:00,-51.81,-50.26,-23.02,-26.5176,-31.6992
2020-11-29 08:00,-52.03,-50.52,-23.29,-26.5176,-31.6992
2020-11-29 09:00,-51.87,-50.85,-23.23,-26.5176,-31.6992
2020-11-29 10:00,-51.83,-50.61,-23.22,-26.5176,-31.6992
2020-11-29 11:00,-51.7,-50.56,-23.16,-26.5176,-31.6992
2020-11-29 12:00,-51.73,-50.46,-23.26,-26.8224,-31.6992
2020-11-29 13:00,-51.71,-50.43,-23.34,-26.8224,-32.004
2020-11-29 14:00,-51.86,-50.31,-23.6,-26.8224,-32.004
2020-11-29 15:00,-51.6,-50.6,-23.35,-26.8224,-32.004
2020-11-29 16:00,-51.67,-50.36,-23.54,-26.8224,-32.004
2020-11-29 17:00,-51.68,-50.5,-23.51,-27.1272,-32.004
2020-11-29 18:00,-51.63,-50.44,-23.5,-27.1272,-32.004
2020-11-29 19:00,-51.71,-50.46,-23.6,-27.1272,-32.004
2020-11-29 20:00,-51.79,-50.54,-23.69,-27.1272,-32.004
2020-11-29 21:00,-51.71,-50.6,-23.75,-27.1272,-32.3088
2020-11-29 22:00,-51.7,-50.61,-23.76,-27.1272,-32.3088
2020-11-29 23:00,-51.96,-50.46,-24.01,-27.1272,-32.3088
2020-11-30 00:00,-51.91,-50.75,-24.09,-27.1272,-32.3088
2020-11-30 01:00,-51.62,-50.74,-23.92,-27.1272,-32.3088
2020-11-30 02:00,-52.16,-50.38,-24.12,-27.1272,-32.3088
2020-11-30 03:00,-51.63,-51.01,-21.64,-24.9936,-32.3088
2020-11-30 04:00,-50.92,-50.73,-18.5,-22.86,-31.3944
2020-11-30 05:00,-47.12,-50.48,-14.1,-18.8976,-29.8704
2020-11-30 06:00,-46.34,-47.45,-13.89,-19.5072,-29.2608
2020-11-30 07:00,-45.89,-46.01,-13.92,-19.812,-29.2608
2020-11-30 08:00,-45.8,-45.49,-13.57,-20.1168,-28.956
2020-11-30 09:00,-45.81,-45.28,-13.97,-20.4216,-29.2608
2020-11-30 10:00,-45.37,-45.34,-14.2,-20.7264,-29.2608
2020-11-30 11:00,-45.3,-44.89,-14.02,-20.7264,-29.2608
2020-11-30 12:00,-44.53,-44.8,-13.92,-21.0312,-29.2608
2020-11-30 13:00,-45.55,-43.74,-14.65,-21.336,-29.2608
2020-11-30 14:00,-45.36,-44.9,-14.81,-21.336,-29.2608
2020-11-30 15:00,-45.29,-44.76,-14.89,-21.6408,-29.2608
2020-11-30 16:00,-45.61,-44.64,-15.21,-21.6408,-29.2608
2020-11-30 17:00,-45.15,-44.98,-14.87,-21.9456,-29.5656
2020-11-30 18:00,-45.3,-44.59,-14.89,-21.9456,-29.5656
2020-11-30 19:00,-45.43,-44.73,-15.17,-21.9456,-29.5656
2020-11-30 20:00,-45.62,-44.87,-15.28,-22.2504,-29.5656
2020-11-30 21:00,-45.72,-45.04,-15.54,-22.2504,-29.5656
2020-11-30 22:00,-45.7,-45.02,-15.58,-22.2504,-29.5656
2020-11-30 23:00,-45.73,-45.18,-15.78,-22.5552,-29.5656
2020-12-01 00:00,-45.79,-44.97,-15.85,-22.5552,-29.5656
2020-12-01 01:00,-45.88,-45.16,-15.97,-22.5552,-29.8704
2020-12-01 02:00,-46.06,-45.23,-16.28,-22.86,-29.8704
2020-12-01 03:00,-46.18,-45.35,-16.41,-22.86,-29.8704
2020-12-01 04:00,-46.11,-45.58,-16.4,-22.86,-29.8704
2020-12-01 05:00,-46.22,-45.44,-16.47,-22.86,-29.8704
2020-12-01 06:00,-46.49,-45.7,-16.78,-23.1648,-29.8704
2020-12-01 07:00,-46.33,-45.83,-16.72,-23.1648,-29.8704
2020-12-01 08:00,-46.6,-45.7,-16.99,-23.1648,-30.1752
2020-12-01 09:00,-46.58,-45.95,-17.08,-23.1648,-30.1752
2020-12-01 10:00,-46.61,-45.93,-17.17,-23.4696,-30.1752
2020-12-01 11:00,-46.84,-46,-17.39,-23.4696,-30.1752
2020-12-01 12:00,-46.8,-46.11,-17.52,-23.4696,-30.1752
2020-12-01 13:00,-47,-46.13,-17.89,-23.7744,-30.48
2020-12-01 14:00,-46.99,-46.28,-17.9,-23.7744,-30.48
2020-12-01 15:00,-47.06,-46.39,-17.99,-23.7744,-30.48
2020-12-01 16:00,-47.11,-46.41,-18.07,-24.0792,-30.48
2020-12-01 17:00,-47.06,-46.53,-18.08,-24.0792,-30.48
2020-12-01 18:00,-47.12,-46.5,-18.11,-24.0792,-30.7848
2020-12-01 19:00,-47.18,-46.49,-18.28,-24.0792,-30.7848
2020-12-01 20:00,-47.31,-46.62,-18.41,-24.384,-30.7848
2020-12-01 21:00,-47.26,-46.62,-18.47,-24.384,-30.7848
2020-12-01 22:00,-47.3,-46.66,-18.5,-24.384,-30.7848
2020-12-01 23:00,-47.51,-46.71,-18.75,-24.384,-30.7848
2020-12-02 00:00,-47.5,-46.82,-18.78,-24.384,-30.7848
2020-12-02 01:00,-47.53,-46.85,-18.93,-24.6888,-30.7848
2020-12-02 02:00,-47.65,-46.86,-18.94,-24.6888,-31.0896
2020-12-02 03:00,-47.8,-47.02,-19.21,-24.6888,-31.0896
2020-12-02 04:00,-47.91,-47.16,-19.29,-24.6888,-31.0896
2020-12-02 05:00,-48.02,-47.2,-19.41,-24.6888,-31.0896
2020-12-02 06:00,-48.05,-47.38,-19.54,-24.9936,-31.0896
2020-12-02 07:00,-47.99,-47.47,-19.47,-24.9936,-31.0896
2020-12-02 08:00,-48.27,-47.24,-19.89,-24.9936,-31.0896
2020-12-02 09:00,-48.23,-47.58,-19.78,-24.9936,-31.3944
2020-12-02 10:00,-48.31,-47.67,-19.95,-24.9936,-31.3944
2020-12-02 11:00,-48.35,-47.75,-19.92,-24.9936,-31.3944
2020-12-02 12:00,-48.31,-47.69,-19.96,-25.2984,-31.3944
2020-12-02 13:00,-48.38,-47.69,-20.1,-25.2984,-31.3944
2020-12-02 14:00,-48.41,-47.71,-20.23,-25.2984,-31.3944
2020-12-02 15:00,-48.49,-47.73,-20.29,-25.2984,-31.6992
2020-12-02 16:00,-48.44,-47.9,-20.31,-25.2984,-31.6992
2020-12-02 17:00,-48.29,-47.86,-20.28,-25.6032,-31.6992
2020-12-02 18:00,-48.34,-47.75,-20.3,-25.6032,-31.6992
2020-12-02 19:00,-48.39,-47.72,-20.46,-25.6032,-31.6992
2020-12-02 20:00,-48.49,-47.82,-20.6,-25.6032,-31.6992
2020-12-02 21:00,-48.61,-47.82,-20.72,-25.6032,-31.6992
2020-12-02 22:00,-48.73,-48.02,-20.81,-25.908,-31.6992
2020-12-02 23:00,-48.82,-48.05,-21.06,-25.908,-32.004
2020-12-03 00:00,-48.79,-48.08,-21,-25.908,-32.004
2020-12-03 01:00,-48.88,-48.22,-21.16,-25.908,-32.004
2020-12-03 02:00,-49.02,-48.26,-21.26,-25.908,-32.004
2020-12-03 03:00,-49.1,-48.38,-21.42,-25.908,-32.004
2020-12-03 04:00,-49.22,-48.51,-21.53,-26.2128,-32.004
2020-12-03 05:00,-49.13,-48.72,-21.49,-26.2128,-32.004
2020-12-03 06:00,-49.17,-48.59,-21.53,-26.2128,-32.004
2020-12-03 07:00,-49.13,-48.62,-21.66,-26.2128,-32.3088
2020-12-03 08:00,-49.4,-48.69,-21.88,-26.2128,-32.3088
2020-12-03 09:00,-49.53,-48.79,-22.05,-26.2128,-32.3088
2020-12-03 10:00,-49.41,-48.76,-21.96,-26.2128,-32.3088
2020-12-03 11:00,-49.25,-48.86,-21.87,-26.5176,-32.3088
2020-12-03 12:00,-49.29,-48.62,-21.89,-26.5176,-32.3088
2020-12-03 13:00,-49.39,-48.72,-22.04,-26.5176,-32.3088
2020-12-03 14:00,-49.42,-48.76,-22.15,-26.5176,-32.6136
2020-12-03 15:00,-49.46,-48.71,-22.27,-26.5176,-32.6136
2020-12-03 16:00,-49.17,-48.88,-22,-26.5176,-32.6136
2020-12-03 17:00,-49.36,-48.56,-22.21,-26.8224,-32.6136
2020-12-03 18:00,-49.54,-48.84,-22.35,-26.8224,-32.6136
2020-12-03 19:00,-49.42,-49.02,-22.42,-26.8224,-32.6136
2020-12-03 20:00,-49.65,-48.89,-22.61,-26.8224,-32.6136
2020-12-03 21:00,-49.68,-49.17,-22.59,-26.8224,-32.6136
2020-12-03 22:00,-49.85,-49.12,-22.8,-26.8224,-32.6136
2020-12-03 23:00,-49.83,-49.24,-22.82,-26.8224,-32.9184
2020-12-04 00:00,-49.68,-49.29,-22.73,-27.1272,-32.9184
2020-12-04 01:00,-49.81,-49.13,-22.97,-27.1272,-32.9184
2020-12-04 02:00,-49.78,-49.29,-22.89,-27.1272,-32.9184
2020-12-04 03:00,-49.84,-49.14,-23.1,-27.1272,-32.9184
2020-12-04 04:00,-50.1,-49.22,-23.22,-27.1272,-32.9184
2020-12-04 05:00,-50.33,-49.63,-23.37,-27.1272,-32.9184
2020-12-04 06:00,-50.39,-49.75,-23.6,-27.1272,-32.9184
2020-12-04 07:00,-50.26,-49.89,-23.47,-27.432,-32.9184
2020-12-04 08:00,-50.17,-49.69,-23.48,-27.432,-32.9184
2020-12-04 09:00,-50.47,-49.62,-23.77,-27.432,-32.9184
2020-12-04 10:00,-50.07,-49.99,-23.44,-27.432,-33.2232
2020-12-04 11:00,-50.11,-49.5,-23.51,-27.432,-33.2232
2020-12-04 12:00,-50.1,-49.49,-23.5,-27.432,-33.2232
2020-12-04 13:00,-49.99,-49.46,-23.4,-27.432,-33.2232
2020-12-04 14:00,-50.08,-49.42,-23.61,-27.432,-33.2232
2020-12-04 15:00,-50.05,-49.59,-23.79,-27.432,-33.2232
2020-12-04 16:00,-49.95,-49.67,-23.64,-27.7368,-33.2232
2020-12-04 17:00,-50.04,-49.63,-23.74,-27.7368,-33.2232
2020-12-04 18:00,-49.93,-49.5,-23.76,-27.7368,-33.528
2020-12-04 19:00,-50.2,-49.56,-23.95,-27.7368,-33.528
2020-12-04 20:00,-50.23,-49.74,-24.04,-27.7368,-33.528
2020-12-04 21:00,-50.11,-49.66,-23.8,-27.7368,-33.528
2020-12-04 22:00,-50.34,-49.53,-24.06,-27.7368,-33.528
2020-12-04 23:00,-50.04,-49.82,-23.91,-28.0416,-33.528
2020-12-05 00:00,-49.68,-49.4,-23.79,-27.7368,-33.2232
2020-12-05 01:00,-49.74,-49.62,-22.91,-26.8224,-33.2232
2020-12-05 02:00,-49.96,-49.38,-22.76,-26.5176,-32.9184
2020-12-05 03:00,-49.55,-49.84,-20.98,-25.2984,-32.9184
2020-12-05 04:00,-49.81,-49.42,-21.05,-25.2984,-32.6136
2020-12-05 05:00,-49.59,-49.85,-20.97,-25.6032,-32.6136
2020-12-05 06:00,-49.68,-49.79,-21.04,-25.6032,-32.6136
2020-12-05 07:00,-49.49,-49.79,-21.07,-25.6032,-32.6136
2020-12-05 08:00,-49.59,-49.69,-21.27,-25.908,-32.6136
2020-12-05 09:00,-49.65,-49.71,-21.47,-25.908,-32.6136
2020-12-05 10:00,-49.39,-49.74,-21.45,-25.908,-32.6136
2020-12-05 11:00,-49.76,-49.3,-21.9,-26.2128,-32.6136
2020-12-05 12:00,-49.5,-49.68,-21.8,-26.2128,-32.6136
2020-12-05 13:00,-49.47,-49.52,-21.81,-26.2128,-32.6136
2020-12-05 14:00,-49.53,-49.52,-22,-26.5176,-32.6136
2020-12-05 15:00,-49.65,-49.51,-22.24,-26.5176,-32.6136
2020-12-05 16:00,-49.63,-49.73,-22.25,-26.5176,-32.6136
2020-12-05 17:00,-49.74,-49.64,-22.51,-26.8224,-32.9184
2020-12-05 18:00,-49.78,-49.77,-22.62,-26.8224,-32.9184
2020-12-05 19:00,-49.92,-49.78,-22.76,-26.8224,-32.9184
2020-12-05 20:00,-49.88,-49.87,-22.82,-26.8224,-32.9184
2020-12-05 21:00,-49.76,-49.86,-22.75,-27.1272,-32.9184
2020-12-05 22:00,-49.91,-49.76,-22.97,-27.1272,-32.9184
2020-12-05 23:00,-49.88,-49.92,-23.02,-27.1272,-32.9184
2020-12-06 00:00,-50.02,-49.8,-23.19,-27.1272,-32.9184
2020-12-06 01:00,-50.05,-49.96,-23.27,-27.1272,-32.9184
2020-12-06 02:00,-50.07,-50.16,-23.34,-27.432,-33.2232
2020-12-06 03:00,-50.17,-49.99,-23.53,-27.432,-33.2232
2020-12-06 04:00,-50.26,-50.11,-23.65,-27.432,-33.2232
2020-12-06 05:00,-50.29,-50.13,-23.73,-27.432,-33.2232
2020-12-06 06:00,-50.32,-50.21,-23.84,-27.432,-33.2232
2020-12-06 07:00,-50.44,-50.27,-23.92,-27.7368,-33.2232
2020-12-06 08:00,-50.47,-50.37,-24.06,-27.7368,-33.2232
2020-12-06 09:00,-50.73,-50.31,-24.36,-27.7368,-33.2232
2020-12-06 10:00,-50.67,-50.55,-24.32,-27.7368,-33.2232
2020-12-06 11:00,-50.52,-50.48,-24.28,-27.7368,-33.2232
2020-12-06 12:00,-50.43,-50.3,-24.2,-27.7368,-33.528
2020-12-06 13:00,-50.5,-50.36,-24.38,-27.7368,-33.528
2020-12-06 14:00,-50.69,-50.36,-24.53,-28.0416,-33.528
2020-12-06 15:00,-50.76,-50.54,-24.65,-28.0416,-33.528
2020-12-06 16:00,-50.64,-50.64,-24.61,-28.0416,-33.528
2020-12-06 17:00,-50.28,-50.52,-24.41,-28.0416,-33.528
2020-12-06 18:00,-50.42,-50.05,-24.5,-28.0416,-33.528
2020-12-06 19:00,-50.63,-50.21,-24.73,-28.0416,-33.528
2020-12-06 20:00,-50.74,-50.47,-24.78,-28.0416,-33.8328
2020-12-06 21:00,-50.63,-50.33,-24.87,-28.3464,-33.8328
2020-12-06 22:00,-50.85,-50.32,-24.91,-28.3464,-33.8328
2020-12-06 23:00,-50.74,-50.71,-25.08,-28.3464,-33.8328
2020-12-07 00:00,-51.06,-50.51,-25.14,-28.3464,-33.8328
2020-12-07 01:00,-50.85,-51,-25.08,-28.3464,-33.8328
2020-12-07 02:00,-51.16,-50.67,-25.4,-28.3464,-33.8328
2020-12-07 03:00,-50.9,-51.1,-25.25,-28.3464,-33.8328
2020-12-07 04:00,-50.74,-50.59,-25.13,-28.3464,-33.8328
2020-12-07 05:00,-51.25,-50.47,-25.46,-28.3464,-33.8328
2020-12-07 06:00,-51.48,-51.03,-25.61,-28.3464,-33.8328
2020-12-07 07:00,-51.2,-51.27,-25.49,-28.6512,-33.8328
2020-12-07 08:00,-51.09,-50.98,-25.2,-28.3464,-33.8328
2020-12-07 09:00,-51.09,-51.12,-25.02,-28.0416,-33.8328
2020-12-07 10:00,-51.25,-50.7,-25.03,-28.0416,-33.8328
2020-12-07 11:00,-51.17,-50.84,-24.83,-28.0416,-33.8328
2020-12-07 12:00,-51.11,-50.83,-24.76,-28.0416,-33.8328
2020-12-07 13:00,-51.09,-50.81,-24.77,-28.0416,-33.8328
2020-12-07 14:00,-50.9,-50.84,-24.54,-28.0416,-34.1376
2020-12-07 15:00,-50.86,-50.68,-24.54,-28.0416,-34.1376
2020-12-07 16:00,-50.88,-50.74,-24.45,-28.0416,-34.1376
2020-12-07 17:00,-50.96,-50.68,-24.59,-28.3464,-34.1376
2020-12-07 18:00,-51,-50.82,-24.6,-28.0416,-34.1376
2020-12-07 19:00,-50.95,-50.85,-24.54,-28.0416,-34.1376
2020-12-07 20:00,-51.09,-50.75,-24.6,-28.3464,-34.1376
2020-12-07 21:00,-51.08,-50.88,-24.65,-28.3464,-34.1376
2020-12-07 22:00,-51.1,-50.87,-24.75,-28.3464,-34.1376
2020-12-07 23:00,-51.03,-50.89,-24.77,-28.3464,-34.1376
2020-12-08 00:00,-51.08,-50.66,-24.82,-28.3464,-34.1376
2020-12-08 01:00,-51.42,-50.9,-25.27,-28.3464,-34.1376
2020-12-08 02:00,-51.23,-51.1,-25.09,-28.6512,-34.1376
2020-12-08 03:00,-51.58,-51.09,-25.35,-28.6512,-34.1376
2020-12-08 04:00,-51.72,-51.36,-25.5,-28.6512,-34.1376
2020-12-08 05:00,-51.65,-51.49,-25.55,-28.6512,-34.1376
2020-12-08 06:00,-51.83,-51.42,-25.67,-28.6512,-34.1376
2020-12-08 07:00,-51.69,-51.48,-25.65,-28.6512,-34.1376
2020-12-08 08:00,-51.75,-51.33,-25.77,-28.6512,-34.1376
2020-12-08 09:00,-52.07,-51.51,-26.07,-28.6512,-34.1376
2020-12-08 10:00,-51.97,-51.7,-26.06,-28.6512,-34.1376
2020-12-08 11:00,-51.93,-51.72,-26.03,-28.956,-34.4424
2020-12-08 12:00,-51.89,-51.55,-26,-28.956,-34.4424
2020-12-08 13:00,-52,-51.48,-26.21,-28.956,-34.4424
2020-12-08 14:00,-52.06,-51.59,-26.21,-28.956,-34.4424
2020-12-08 15:00,-52.02,-51.63,-26.29,-28.956,-34.4424
2020-12-08 16:00,-51.98,-51.69,-26.3,-28.956,-34.4424
2020-12-08 17:00,-51.82,-51.71,-26.14,-28.956,-34.4424
2020-12-08 18:00,-51.89,-51.54,-26.35,-29.2608,-34.4424
2020-12-08 19:00,-52.02,-51.58,-26.42,-29.2608,-34.4424
2020-12-08 20:00,-52.12,-51.81,-26.51,-29.2608,-34.4424
2020-12-08 21:00,-52.06,-51.82,-26.61,-29.2608,-34.7472
2020-12-08 22:00,-52.2,-51.75,-26.73,-29.2608,-34.7472
2020-12-08 23:00,-52.15,-51.75,-26.7,-29.2608,-34.7472
2020-12-09 00:00,-52.15,-51.75,-26.77,-29.2608,-34.7472
2020-12-09 01:00,-52.25,-51.8,-26.76,-29.2608,-34.7472
2020-12-09 02:00,-52.21,-51.89,-26.78,-29.2608,-34.7472
2020-12-09 03:00,-52.34,-51.9,-27.04,-29.2608,-34.7472
2020-12-09 04:00,-52.39,-51.88,-27.03,-29.5656,-34.7472
2020-12-09 05:00,-52.43,-52.02,-27.15,-29.5656,-34.7472
2020-12-09 06:00,-52.47,-51.98,-27.34,-29.5656,-34.7472
2020-12-09 07:00,-52.52,-52.02,-27.35,-29.5656,-34.7472
2020-12-09 08:00,-52.65,-52.24,-27.38,-29.5656,-34.7472
2020-12-09 09:00,-52.63,-52.33,-27.34,-29.5656,-34.7472
2020-12-09 10:00,-52.65,-52.37,-27.51,-29.5656,-34.7472
2020-12-09 11:00,-52.58,-52.25,-27.64,-29.5656,-34.7472
2020-12-09 12:00,-52.79,-51.97,-27.72,-29.5656,-35.052
2020-12-09 13:00,-52.64,-52.29,-27.47,-29.8704,-35.052
2020-12-09 14:00,-52.79,-52.22,-27.77,-29.8704,-35.052
2020-12-09 15:00,-52.44,-52.43,-27.46,-29.8704,-35.052
2020-12-09 16:00,-52.43,-52.02,-27.49,-29.8704,-35.052
2020-12-09 17:00,-52.4,-52,-27.44,-29.8704,-35.052
2020-12-09 18:00,-52.46,-51.99,-27.48,-29.8704,-35.052
2020-12-09 19:00,-52.47,-52.07,-27.52,-29.8704,-35.052
2020-12-09 20:00,-52.57,-52.14,-27.66,-29.8704,-35.052
2020-12-09 21:00,-52.7,-52.16,-27.83,-29.8704,-35.052
2020-12-09 22:00,-52.73,-52.36,-27.87,-29.8704,-35.3568
2020-12-09 23:00,-52.76,-52.34,-27.99,-29.8704,-35.3568
2020-12-10 00:00,-52.65,-52.36,-27.88,-30.1752,-35.3568
2020-12-10 01:00,-52.7,-52.22,-27.93,-29.8704,-35.3568
2020-12-10 02:00,-52.84,-52.33,-28.05,-30.1752,-35.3568
2020-12-10 03:00,-52.6,-52.53,-27.86,-30.1752,-35.3568
2020-12-10 04:00,-52.73,-52.27,-28.01,-30.1752,-35.3568
2020-12-10 05:00,-52.76,-52.32,-28.11,-30.1752,-35.3568
2020-12-10 06:00,-52.69,-52.3,-28.08,-30.1752,-35.3568
2020-12-10 07:00,-53.01,-52.33,-28.31,-30.1752,-35.3568
2020-12-10 08:00,-53.13,-52.7,-28.53,-30.1752,-35.3568
2020-12-10 09:00,-53.14,-52.76,-28.57,-30.1752,-35.3568
2020-12-10 10:00,-53.04,-52.68,-28.43,-30.1752,-35.3568
2020-12-10 11:00,-52.99,-52.55,-28.37,-30.1752,-35.3568
2020-12-10 12:00,-52.92,-52.51,-28.4,-30.48,-35.6616
2020-12-10 13:00,-52.94,-52.37,-28.43,-30.48,-35.6616
2020-12-10 14:00,-52.79,-52.44,-28.38,-30.48,-35.6616
2020-12-10 15:00,-52.84,-52.36,-28.46,-30.48,-35.6616
2020-12-10 16:00,-52.94,-52.39,-28.61,-30.48,-35.6616
2020-12-10 17:00,-52.97,-52.5,-28.58,-30.48,-35.6616
2020-12-10 18:00,-52.99,-52.51,-28.63,-30.48,-35.6616
2020-12-10 19:00,-52.97,-52.59,-28.64,-30.48,-35.6616
2020-12-10 20:00,-53.09,-52.49,-28.8,-30.48,-35.6616
2020-12-10 21:00,-53.12,-52.61,-28.89,-30.7848,-35.6616
2020-12-10 22:00,-53.2,-52.63,-29.03,-30.7848,-35.9664
2020-12-10 23:00,-53.18,-52.76,-29.02,-30.7848,-35.9664
2020-12-11 00:00,-53.08,-52.7,-28.97,-30.7848,-35.9664
2020-12-11 01:00,-53.48,-52.57,-29.29,-30.7848,-35.9664
2020-12-11 02:00,-53.37,-52.98,-29.24,-30.7848,-35.9664
2020-12-11 03:00,-53.41,-52.87,-29.27,-30.7848,-35.9664
2020-12-11 04:00,-53.47,-52.88,-29.35,-30.7848,-35.9664
2020-12-11 05:00,-53.61,-52.95,-29.51,-30.7848,-35.9664
2020-12-11 06:00,-53.55,-53.09,-29.52,-30.7848,-35.9664
2020-12-11 07:00,-53.68,-53.09,-29.67,-30.7848,-35.9664
2020-12-11 08:00,-53.74,-53.18,-29.75,-30.7848,-35.9664
2020-12-11 09:00,-53.64,-53.2,-29.54,-31.0896,-35.9664
2020-12-11 10:00,-53.62,-53.18,-29.62,-31.0896,-35.9664
2020-12-11 11:00,-53.43,-53.03,-29.5,-31.0896,-36.2712
2020-12-11 12:00,-53.09,-52.86,-29.58,-31.0896,-36.2712
2020-12-11 13:00,-53.01,-52.9,-29.42,-31.0896,-36.2712
2020-12-11 14:00,-53.18,-52.38,-29.53,-31.0896,-36.2712
2020-12-11 15:00,-53.09,-52.49,-29.6,-31.0896,-36.2712
2020-12-11 16:00,-52.94,-52.52,-29.34,-31.0896,-36.2712
2020-12-11 17:00,-52.84,-52.38,-29.37,-31.0896,-36.2712
2020-12-11 18:00,-53.09,-52.3,-29.52,-31.0896,-36.2712
2020-12-11 19:00,-53.12,-52.51,-29.62,-31.0896,-36.2712
2020-12-11 20:00,-53.22,-52.64,-29.68,-31.0896,-36.2712
2020-12-11 21:00,-53.37,-52.55,-29.86,-31.3944,-36.2712
2020-12-11 22:00,-53.34,-52.77,-29.91,-31.3944,-36.576
2020-12-11 23:00,-53.38,-52.72,-29.91,-31.3944,-36.576
2020-12-12 00:00,-53.28,-52.75,-29.91,-31.3944,-36.576
2020-12-12 01:00,-53.35,-52.6,-29.92,-31.3944,-36.576
2020-12-12 02:00,-53.42,-52.77,-29.95,-31.3944,-36.576
2020-12-12 03:00,-53.17,-52.8,-29.83,-31.3944,-36.576
2020-12-12 04:00,-53.35,-52.53,-29.96,-31.3944,-36.576
2020-12-12 05:00,-53.55,-52.79,-30.14,-31.3944,-36.576
2020-12-12 06:00,-53.46,-52.99,-30.13,-31.3944,-36.576
2020-12-12 07:00,-53.39,-52.92,-30.03,-31.3944,-36.576
2020-12-12 08:00,-53.45,-52.87,-30.09,-31.3944,-36.576
2020-12-12 09:00,-53.49,-52.92,-30.19,-31.3944,-36.576
2020-12-12 10:00,-53.4,-52.99,-30.11,-31.3944,-36.576
2020-12-12 11:00,-53.47,-52.88,-30.15,-31.3944,-36.576
2020-12-12 12:00,-53.5,-52.94,-30.21,-31.3944,-36.576
2020-12-12 13:00,-53.48,-52.96,-30.16,-31.3944,-36.576
2020-12-12 14:00,-53.53,-52.9,-30.31,-31.3944,-36.576
2020-12-12 15:00,-53.56,-52.96,-30.37,-31.3944,-36.8808
2020-12-12 16:00,-53.25,-52.99,-30.11,-31.3944,-36.8808
2020-12-12 17:00,-53.3,-52.8,-30.2,-31.3944,-36.8808
2020-12-12 18:00,-53.43,-52.8,-30.36,-31.6992,-36.8808
2020-12-12 19:00,-53.63,-52.9,-30.5,-31.6992,-36.8808
2020-12-12 20:00,-53.61,-53.09,-30.51,-31.6992,-36.8808
2020-12-12 21:00,-53.64,-53.05,-30.5,-31.6992,-36.8808
2020-12-12 22:00,-53.78,-53.1,-30.76,-31.6992,-36.8808
2020-12-12 23:00,-53.81,-53.23,-30.83,-31.6992,-36.8808
2020-12-13 00:00,-53.78,-53.22,-30.64,-31.6992,-36.8808
2020-12-13 01:00,-53.67,-53.27,-30.71,-31.6992,-36.8808
2020-12-13 02:00,-53.78,-53.13,-30.8,-31.6992,-36.8808
2020-12-13 03:00,-53.79,-53.28,-30.65,-31.6992,-36.8808
2020-12-13 04:00,-53.75,-53.22,-30.89,-31.6992,-36.8808
2020-12-13 05:00,-53.78,-53.22,-30.82,-31.6992,-36.8808
2020-12-13 06:00,-53.69,-53.3,-30.54,-31.3944,-36.8808
2020-12-13 07:00,-53.69,-53.28,-27.26,-28.6512,-36.576
2020-12-13 08:00,-51.83,-52.86,-23.3,-26.5176,-35.9664
2020-12-13 09:00,-51.17,-50.89,-22.52,-26.5176,-35.3568
2020-12-13 10:00,-50.74,-50.08,-22.24,-26.8224,-35.052
2020-12-13 11:00,-50.5,-49.56,-22.33,-26.8224,-35.052
2020-12-13 12:00,-50.23,-49.15,-22.3,-26.8224,-34.7472
2020-12-13 13:00,-50.33,-48.76,-22.57,-27.1272,-34.7472
2020-12-13 14:00,-50.2,-48.87,-22.69,-27.1272,-34.7472
2020-12-13 15:00,-50.1,-48.84,-22.83,-27.432,-34.7472
2020-12-13 16:00,-49.78,-48.73,-22.66,-27.432,-34.7472
2020-12-13 17:00,-49.66,-48.41,-22.63,-27.7368,-34.7472
2020-12-13 18:00,-49.64,-48.28,-22.78,-27.7368,-34.7472
2020-12-13 19:00,-49.74,-48.25,-22.91,-27.7368,-34.7472
2020-12-13 20:00,-49.62,-48.5,-23.07,-27.7368,-34.7472
2020-12-13 21:00,-49.72,-48.21,-23.22,-28.0416,-34.7472
2020-12-13 22:00,-49.6,-48.32,-23.23,-28.0416,-34.7472
2020-12-13 23:00,-49.54,-48.19,-23.33,-28.0416,-34.7472
2020-12-14 00:00,-49.58,-48.17,-23.45,-28.0416,-34.7472
2020-12-14 01:00,-49.73,-48.22,-23.5,-28.3464,-34.7472
2020-12-14 02:00,-49.62,-48.36,-23.64,-28.3464,-34.7472
2020-12-14 03:00,-49.65,-48.19,-23.71,-28.3464,-34.7472
2020-12-14 04:00,-49.78,-48.28,-23.85,-28.3464,-34.7472
2020-12-14 05:00,-49.63,-48.56,-23.99,-28.3464,-34.7472
2020-12-14 06:00,-50.17,-48.15,-23.99,-28.3464,-34.7472
2020-12-14 07:00,-49.73,-49.06,-24.16,-28.6512,-34.7472
2020-12-14 08:00,-49.8,-48.49,-24.22,-28.6512,-34.7472
2020-12-14 09:00,-50.07,-48.37,-24.32,-28.6512,-34.7472
2020-12-14 10:00,-49.5,-48.72,-24.2,-28.6512,-34.7472
2020-12-14 11:00,-49.93,-48.19,-24.25,-28.6512,-34.7472
2020-12-14 12:00,-50.12,-48.62,-24.6,-28.6512,-34.7472
2020-12-14 13:00,-49.69,-48.75,-23.16,-27.432,-34.7472
2020-12-14 14:00,-49.56,-48.52,-16.39,-21.6408,-32.004
2020-12-14 15:00,-46.15,-48.27,-12.95,-19.5072,-30.48
2020-12-14 16:00,-45.63,-44.46,-13.46,-20.4216,-29.8704
2020-12-14 17:00,-45.24,-43.62,-13.47,-20.7264,-29.5656
2020-12-14 18:00,-45.12,-43.21,-13.76,-21.0312,-29.5656
2020-12-14 19:00,-44.83,-43.16,-13.84,-21.336,-29.5656
2020-12-14 20:00,-44.84,-42.71,-14.16,-21.6408,-29.5656
2020-12-14 21:00,-44.84,-42.7,-14.36,-21.6408,-29.5656
2020-12-14 22:00,-44.62,-42.84,-14.28,-21.9456,-29.2608
2020-12-14 23:00,-44.71,-42.49,-14.53,-22.2504,-29.2608
2020-12-15 00:00,-44.98,-42.63,-15.06,-22.2504,-29.2608
2020-12-15 01:00,-44.95,-42.93,-15.1,-22.2504,-29.2608
2020-12-15 02:00,-45.1,-42.82,-15.31,-22.5552,-29.2608
2020-12-15 03:00,-44.93,-43.03,-15.26,-22.5552,-29.5656
2020-12-15 04:00,-45.05,-42.85,-15.52,-22.86,-29.5656
2020-12-15 05:00,-45.28,-43.01,-15.77,-22.86,-29.5656
2020-12-15 06:00,-45.3,-43.32,-15.76,-23.1648,-29.5656
2020-12-15 07:00,-45.26,-43.42,-15.8,-23.1648,-29.5656
2020-12-15 08:00,-45.57,-43.28,-16.14,-23.1648,-29.5656
2020-12-15 09:00,-45.72,-43.62,-16.31,-23.4696,-29.5656
2020-12-15 10:00,-45.6,-43.75,-16.32,-23.4696,-29.5656
2020-12-15 11:00,-45.66,-43.67,-16.46,-23.4696,-29.5656
2020-12-15 12:00,-45.73,-43.64,-16.63,-23.4696,-29.8704
2020-12-15 13:00,-45.56,-43.84,-16.43,-23.7744,-29.8704
2020-12-15 14:00,-45.77,-43.63,-16.67,-23.7744,-29.8704
2020-12-15 15:00,-45.8,-43.93,-16.89,-23.7744,-29.8704
2020-12-15 16:00,-45.63,-44,-16.78,-23.7744,-29.8704
2020-12-15 17:00,-45.94,-43.85,-16.96,-24.0792,-30.1752
2020-12-15 18:00,-45.95,-44.19,-17.06,-24.0792,-30.1752
2020-12-15 19:00,-45.95,-44.26,-17.18,-24.0792,-30.1752
2020-12-15 20:00,-45.96,-44.24,-17.2,-24.384,-30.1752
2020-12-15 21:00,-45.76,-44.33,-17.24,-24.384,-30.1752
2020-12-15 22:00,-46.1,-43.97,-17.53,-24.384,-30.1752
2020-12-15 23:00,-45.96,-44.43,-17.56,-24.384,-30.1752
2020-12-16 00:00,-46.42,-44.07,-17.9,-24.6888,-30.1752
2020-12-16 01:00,-46.35,-44.59,-17.81,-24.6888,-30.48
2020-12-16 02:00,-46.41,-44.88,-17.83,-24.6888,-30.48
2020-12-16 03:00,-46.42,-44.74,-17.85,-24.6888,-30.48
2020-12-16 04:00,-46.5,-44.71,-18.07,-24.6888,-30.48
2020-12-16 05:00,-46.58,-44.73,-18.32,-24.6888,-30.48
2020-12-16 06:00,-46.87,-44.94,-18.26,-24.9936,-30.48
2020-12-16 07:00,-46.87,-45.32,-18.54,-24.9936,-30.48
2020-12-16 08:00,-46.92,-45.13,-18.46,-24.9936,-30.48
2020-12-16 09:00,-46.63,-45.4,-18.46,-24.9936,-30.48
2020-12-16 10:00,-46.6,-45.06,-18.38,-24.9936,-30.7848
2020-12-16 11:00,-46.81,-45.14,-18.41,-24.9936,-30.7848
2020-12-16 12:00,-46.45,-45.24,-18.07,-24.9936,-30.7848
2020-12-16 13:00,-46.4,-44.92,-16.25,-23.1648,-30.1752
2020-12-16 14:00,-44.68,-45.14,-10.48,-17.0688,-26.5176
2020-12-16 15:00,-41.4,-43.59,-3.87,-11.2776,-22.86
2020-12-16 16:00,-37.39,-39.36,-2.93,-11.5824,-21.6408
2020-12-16 17:00,-37.02,-34.31,-3.23,-12.4968,-21.336
2020-12-16 18:00,-37.18,-34.1,-3.69,-13.1064,-21.0312
2020-12-16 19:00,-36.56,-34.5,-3.83,-13.716,-21.0312
2020-12-16 20:00,-36.47,-33.57,-4.11,-14.0208,-21.0312
2020-12-16 21:00,-36.75,-33.32,-4.39,-14.6304,-21.0312
2020-12-16 22:00,-36.96,-33.7,-4.91,-14.9352,-21.0312
2020-12-16 23:00,-36.85,-33.92,-4.96,-15.24,-21.0312
2020-12-17 00:00,-36.72,-33.64,-4.73,-15.24,-21.336
2020-12-17 01:00,-37.1,-33.64,-5.28,-15.5448,-21.336
2020-12-17 02:00,-37.09,-34.05,-5.27,-15.8496,-21.336
2020-12-17 03:00,-37.78,-34.03,-5.94,-15.8496,-21.6408
2020-12-17 04:00,-37.54,-34.81,-5.83,-16.1544,-21.6408
2020-12-17 05:00,-37.79,-34.5,-6.14,-16.4592,-21.6408
2020-12-17 06:00,-37.99,-34.8,-6.35,-16.4592,-21.6408
2020-12-17 07:00,-38.23,-35.12,-6.67,-16.764,-21.9456
2020-12-17 08:00,-38.35,-35.3,-6.67,-16.764,-21.9456
2020-12-17 09:00,-38.57,-35.37,-7.01,-17.0688,-21.9456
2020-12-17 10:00,-38.64,-35.68,-7.08,-17.0688,-21.9456
2020-12-17 11:00,-38.8,-35.72,-7.32,-17.3736,-22.2504
2020-12-17 12:00,-38.85,-35.81,-7.41,-17.3736,-22.2504
2020-12-17 13:00,-38.99,-35.87,-7.54,-17.3736,-22.2504
2020-12-17 14:00,-39.06,-36.1,-7.59,-17.6784,-22.2504
2020-12-17 15:00,-38.92,-36.23,-7.57,-17.6784,-22.5552
2020-12-17 16:00,-39.17,-36.17,-7.8,-17.6784,-22.5552
2020-12-17 17:00,-39.21,-36.38,-7.82,-17.9832,-22.5552
2020-12-17 18:00,-39.5,-36.51,-8.1,-17.9832,-22.5552
2020-12-17 19:00,-39.46,-36.74,-8.15,-18.288,-22.86
2020-12-17 20:00,-39.59,-36.8,-8.23,-18.288,-22.86
2020-12-17 21:00,-39.69,-36.97,-8.46,-18.288,-22.86
2020-12-17 22:00,-40.01,-36.91,-8.72,-18.5928,-22.86
2020-12-17 23:00,-40.08,-37.32,-8.76,-18.5928,-23.1648
2020-12-18 00:00,-40.07,-37.47,-8.74,-18.5928,-23.1648
2020-12-18 01:00,-40.3,-37.45,-8.98,-18.8976,-23.1648
2020-12-18 02:00,-40.29,-37.71,-9.1,-18.8976,-23.1648
2020-12-18 03:00,-40.7,-37.83,-9.53,-18.8976,-23.4696
2020-12-18 04:00,-40.68,-38.22,-9.45,-18.8976,-23.4696
2020-12-18 05:00,-40.82,-38.24,-9.58,-19.2024,-23.4696
2020-12-18 06:00,-40.83,-38.33,-9.53,-19.2024,-23.4696
2020-12-18 07:00,-40.86,-38.49,-9.73,-19.2024,-23.4696
2020-12-18 08:00,-40.99,-38.26,-9.73,-19.2024,-23.7744
2020-12-18 09:00,-41.27,-38.63,-9.95,-19.5072,-23.7744
2020-12-18 10:00,-41.3,-38.92,-10.15,-19.5072,-23.7744
2020-12-18 11:00,-41.28,-38.8,-10.05,-19.5072,-23.7744
2020-12-18 12:00,-41.21,-38.81,-9.99,-19.5072,-24.0792
2020-12-18 13:00,-41.39,-38.82,-10.3,-19.812,-24.0792
2020-12-18 14:00,-41.48,-39.1,-10.28,-19.812,-24.0792
2020-12-18 15:00,-41.5,-39.21,-10.33,-19.812,-24.0792
2020-12-18 16:00,-41.54,-39.17,-10.5,-19.812,-24.384
2020-12-18 17:00,-41.58,-39.27,-10.53,-20.1168,-24.384
2020-12-18 18:00,-41.67,-39.39,-10.6,-20.1168,-24.384
2020-12-18 19:00,-41.78,-39.32,-10.81,-20.1168,-24.384
2020-12-18 20:00,-41.76,-39.6,-10.8,-20.1168,-24.384
2020-12-18 21:00,-41.86,-39.67,-10.99,-20.4216,-24.6888
2020-12-18 22:00,-42.1,-39.57,-11.17,-20.4216,-24.6888
2020-12-18 23:00,-42.11,-39.99,-11.22,-20.4216,-24.6888
2020-12-19 00:00,-42.16,-39.94,-11.33,-20.4216,-24.6888
2020-12-19 01:00,-42.26,-40.03,-11.36,-20.4216,-24.6888
2020-12-19 02:00,-42.43,-40.19,-11.42,-20.7264,-24.9936
2020-12-19 03:00,-42.42,-40.43,-11.56,-20.7264,-24.9936
2020-12-19 04:00,-42.47,-40.39,-11.6,-20.7264,-24.9936
2020-12-19 05:00,-42.68,-40.44,-11.75,-20.7264,-24.9936
2020-12-19 06:00,-42.58,-40.63,-11.81,-21.0312,-24.9936
2020-12-19 07:00,-42.73,-40.57,-11.87,-21.0312,-24.9936
2020-12-19 08:00,-42.86,-40.8,-12.1,-21.0312,-25.2984
2020-12-19 09:00,-43.03,-40.89,-12.2,-21.0312,-25.2984
2020-12-19 10:00,-43.14,-40.97,-12.34,-21.0312,-25.2984
2020-12-19 11:00,-42.99,-41.15,-12.35,-21.0312,-25.2984
2020-12-19 12:00,-43.03,-41.02,-12.29,-21.0312,-25.6032
2020-12-19 13:00,-42.95,-41.02,-12.29,-21.336,-25.6032
2020-12-19 14:00,-42.98,-40.95,-12.27,-21.336,-25.6032
2020-12-19 15:00,-43.05,-41.09,-12.35,-21.336,-25.6032
2020-12-19 16:00,-42.66,-41.14,-11.98,-21.336,-25.6032
2020-12-19 17:00,-43.21,-40.8,-12.54,-21.336,-25.6032
2020-12-19 18:00,-43.16,-41.42,-12.57,-21.6408,-25.908
2020-12-19 19:00,-43.27,-41.42,-12.57,-21.6408,-25.908
2020-12-19 20:00,-43.42,-41.53,-12.89,-21.6408,-25.908
2020-12-19 21:00,-43.39,-41.6,-12.95,-21.6408,-25.908
2020-12-19 22:00,-43.35,-41.61,-12.92,-21.6408,-25.908
2020-12-19 23:00,-43.67,-41.64,-13.13,-21.9456,-26.2128
2020-12-20 00:00,-43.68,-41.91,-13.2,-21.9456,-26.2128
2020-12-20 01:00,-43.68,-41.84,-13.18,-21.9456,-26.2128
2020-12-20 02:00,-44.13,-41.9,-13.51,-21.9456,-26.2128
2020-12-20 03:00,-43.97,-42.26,-13.47,-21.9456,-26.2128
2020-12-20 04:00,-44.14,-42.24,-13.68,-21.9456,-26.2128
2020-12-20 05:00,-44.14,-42.53,-13.71,-21.9456,-26.5176
2020-12-20 06:00,-44.15,-42.6,-13.88,-22.2504,-26.5176
2020-12-20 07:00,-44.3,-42.4,-13.9,-22.2504,-26.5176
2020-12-20 08:00,-44.34,-42.66,-13.9,-22.2504,-26.5176
2020-12-20 09:00,-44.52,-42.83,-13.95,-22.2504,-26.5176
2020-12-20 10:00,-44.23,-42.99,-13.33,-21.9456,-26.5176
2020-12-20 11:00,-44.06,-42.68,-13.06,-21.336,-26.5176
2020-12-20 12:00,-44.09,-42.55,-12.5,-20.7264,-26.5176
2020-12-20 13:00,-44.14,-42.45,-11.78,-20.1168,-26.2128
2020-12-20 14:00,-44.22,-42.53,-10.58,-18.5928,-25.6032
2020-12-20 15:00,-43.63,-42.63,-8.71,-17.6784,-24.6888
2020-12-20 16:00,-43.19,-41.95,-9.02,-17.3736,-24.0792
2020-12-20 17:00,-42.69,-41.14,-8.8,-17.6784,-23.7744
2020-12-20 18:00,-42.56,-40.69,-8.86,-17.9832,-23.7744
2020-12-20 19:00,-42.34,-40.47,-9.11,-18.288,-23.7744
2020-12-20 20:00,-42.26,-40.06,-9.26,-18.5928,-23.7744
2020-12-20 21:00,-42.1,-40.07,-9.34,-18.5928,-23.7744
2020-12-20 22:00,-42.21,-39.9,-9.68,-18.8976,-23.7744
2020-12-20 23:00,-42.07,-40.12,-9.75,-18.8976,-23.7744
2020-12-21 00:00,-42.14,-39.8,-9.8,-19.2024,-23.7744
2020-12-21 01:00,-42.55,-40.02,-10.28,-19.2024,-23.7744
2020-12-21 02:00,-42.2,-40.52,-10.15,-19.5072,-23.7744
2020-12-21 03:00,-42.19,-40.15,-10.28,-19.5072,-24.0792
2020-12-21 04:00,-42.49,-39.9,-10.57,-19.5072,-24.0792
2020-12-21 05:00,-42.09,-40.35,-10.26,-19.812,-24.0792
2020-12-21 06:00,-42.4,-39.99,-10.53,-19.812,-24.0792
2020-12-21 07:00,-42.53,-40.39,-10.68,-19.812,-24.384
2020-12-21 08:00,-42.63,-40.56,-10.79,-19.812,-24.384
2020-12-21 09:00,-42.61,-40.72,-10.84,-20.1168,-24.384
2020-12-21 10:00,-42.79,-40.67,-10.98,-20.1168,-24.384
2020-12-21 11:00,-42.75,-40.69,-10.95,-20.1168,-24.384
2020-12-21 12:00,-42.79,-40.74,-11.21,-20.1168,-24.384
2020-12-21 13:00,-42.92,-40.77,-11.37,-20.4216,-24.6888
2020-12-21 14:00,-43.01,-40.92,-11.44,-20.4216,-24.6888
2020-12-21 15:00,-43.05,-41.17,-11.48,-20.4216,-24.6888
2020-12-21 16:00,-42.95,-41.26,-11.51,-20.4216,-24.6888
2020-12-21 17:00,-43.14,-41.08,-11.74,-20.7264,-24.6888
2020-12-21 18:00,-43.01,-41.2,-11.7,-20.7264,-24.6888
2020-12-21 19:00,-43.18,-41.13,-11.91,-20.7264,-24.9936
2020-12-21 20:00,-43.04,-41.37,-11.82,-20.7264,-24.9936
2020-12-21 21:00,-43.41,-41.23,-12.12,-21.0312,-24.9936
2020-12-21 22:00,-43.47,-41.59,-12.36,-21.0312,-24.9936
2020-12-21 23:00,-43.58,-41.63,-12.49,-21.0312,-24.9936
2020-12-22 00:00,-43.66,-41.75,-12.59,-21.0312,-25.2984
2020-12-22 01:00,-43.88,-41.89,-12.63,-21.0312,-25.2984
2020-12-22 02:00,-43.8,-42.19,-12.72,-21.336,-25.2984
2020-12-22 03:00,-43.74,-42.04,-12.65,-21.336,-25.2984
2020-12-22 04:00,-43.69,-42.02,-12.63,-21.336,-25.2984
2020-12-22 05:00,-43.92,-42.1,-12.85,-21.336,-25.6032
2020-12-22 06:00,-43.72,-42.19,-12.76,-21.336,-25.6032
2020-12-22 07:00,-43.8,-42.09,-12.91,-21.6408,-25.6032
2020-12-22 08:00,-44.06,-42.17,-13.1,-21.6408,-25.6032
2020-12-22 09:00,-44.21,-42.41,-13.23,-21.6408,-25.6032
2020-12-22 10:00,-44.24,-42.66,-13.34,-21.6408,-25.6032
2020-12-22 11:00,-44.13,-42.61,-13.34,-21.9456,-25.908
2020-12-22 12:00,-44.11,-42.5,-13.35,-21.9456,-25.908
2020-12-22 13:00,-44.18,-42.47,-13.44,-21.9456,-25.908
2020-12-22 14:00,-44.25,-42.54,-13.63,-21.9456,-25.908
2020-12-22 15:00,-44.12,-42.74,-13.55,-22.2504,-26.2128
2020-12-22 16:00,-44.23,-42.66,-13.64,-22.2504,-26.2128
2020-12-22 17:00,-44.32,-42.72,-13.78,-22.2504,-26.2128
2020-12-22 18:00,-44.39,-42.87,-13.81,-22.2504,-26.2128
2020-12-22 19:00,-44.49,-42.88,-13.95,-22.2504,-26.2128
2020-12-22 20:00,-44.59,-43.07,-14.18,-22.5552,-26.5176
2020-12-22 21:00,-44.67,-43.17,-14.25,-22.5552,-26.5176
2020-12-22 22:00,-44.6,-43.19,-14.16,-22.5552,-26.5176
2020-12-22 23:00,-44.6,-43.2,-14.2,-22.5552,-26.5176
2020-12-23 00:00,-44.93,-43.16,-14.56,-22.5552,-26.5176
2020-12-23 01:00,-44.88,-43.52,-14.55,-22.5552,-26.5176
2020-12-23 02:00,-45,-43.53,-14.78,-22.86,-26.8224
2020-12-23 03:00,-44.87,-43.72,-14.66,-22.86,-26.8224
2020-12-23 04:00,-45.17,-43.52,-14.86,-22.86,-26.8224
2020-12-23 05:00,-44.97,-43.85,-14.76,-22.86,-26.8224
2020-12-23 06:00,-45.17,-43.52,-14.9,-22.86,-26.8224
2020-12-23 07:00,-45.15,-43.87,-14.99,-22.86,-26.8224
2020-12-23 08:00,-45.59,-43.83,-15.48,-23.1648,-27.1272
2020-12-23 09:00,-45.56,-44.21,-15.42,-23.1648,-27.1272
2020-12-23 10:00,-45.5,-44.19,-15.39,-23.1648,-27.1272
2020-12-23 11:00,-45.3,-44.06,-15.2,-23.1648,-27.1272
2020-12-23 12:00,-45.22,-43.83,-15.19,-23.1648,-27.1272
2020-12-23 13:00,-45.2,-43.78,-15.3,-23.1648,-27.1272
2020-12-23 14:00,-45.36,-43.82,-15.39,-23.1648,-27.432
2020-12-23 15:00,-45.24,-44.03,-15.36,-23.4696,-27.432
2020-12-23 16:00,-45.11,-44.04,-15.29,-23.4696,-27.432
2020-12-23 17:00,-45.42,-43.83,-15.52,-23.4696,-27.432
2020-12-23 18:00,-45.45,-44.15,-15.59,-23.4696,-27.432
2020-12-23 19:00,-45.52,-44.24,-15.8,-23.4696,-27.432
2020-12-23 20:00,-45.63,-44.37,-15.82,-23.4696,-27.7368
2020-12-23 21:00,-45.66,-44.45,-15.93,-23.7744,-27.7368
2020-12-23 22:00,-45.69,-44.49,-16.03,-23.7744,-27.7368
2020-12-23 23:00,-45.85,-44.44,-16.21,-23.7744,-27.7368
2020-12-24 00:00,-45.81,-44.68,-16.15,-23.7744,-27.7368
2020-12-24 01:00,-45.88,-44.64,-16.16,-23.7744,-27.7368
2020-12-24 02:00,-45.81,-44.72,-16.24,-23.7744,-27.7368
2020-12-24 03:00,-45.98,-44.62,-16.44,-23.7744,-28.0416
2020-12-24 04:00,-45.98,-44.94,-16.41,-23.7744,-28.0416
2020-12-24 05:00,-46.14,-44.83,-16.51,-24.0792,-28.0416
2020-12-24 06:00,-46.01,-44.95,-16.44,-24.0792,-28.0416
2020-12-24 07:00,-45.95,-44.9,-16.63,-24.0792,-28.0416
2020-12-24 08:00,-46.01,-44.8,-16.45,-24.0792,-28.0416
2020-12-24 09:00,-46.18,-45.04,-16.61,-24.0792,-28.0416
2020-12-24 10:00,-46.12,-45.27,-16.53,-24.0792,-28.0416
2020-12-24 11:00,-45.88,-44.95,-16.5,-24.0792,-28.3464
2020-12-24 12:00,-45.95,-44.84,-16.58,-24.384,-28.3464
2020-12-24 13:00,-45.85,-45,-16.61,-24.384,-28.3464
2020-12-24 14:00,-45.93,-44.73,-16.77,-24.384,-28.3464
2020-12-24 15:00,-46.15,-45.14,-16.9,-24.384,-28.3464
2020-12-24 16:00,-45.96,-45.22,-16.94,-24.384,-28.3464
2020-12-24 17:00,-46.44,-45.05,-17.38,-24.6888,-28.3464
2020-12-24 18:00,-45.94,-45.51,-15.32,-21.336,-27.432
2020-12-24 19:00,-43.23,-45.3,-4.71,-12.4968,-24.384
2020-12-24 20:00,-42.3,-40.35,-5.03,-13.716,-23.7744
2020-12-24 21:00,-41.84,-38.52,-3.82,-13.4112,-21.9456
2020-12-24 22:00,-40.91,-38.38,-4.32,-13.716,-21.336
2020-12-24 23:00,-40.53,-37.24,-4.67,-14.3256,-21.336
2020-12-25 00:00,-40.47,-37.03,-4.58,-14.6304,-21.0312
2020-12-25 01:00,-40.02,-38.66,-3.2,-12.8016,-20.7264
2020-12-25 02:00,-39.18,-36.72,-3.03,-13.1064,-20.4216
2020-12-25 03:00,-39,-35.66,-3.31,-13.4112,-20.4216
2020-12-25 04:00,-38.68,-35.33,-3.55,-14.0208,-20.4216
2020-12-25 05:00,-38.46,-34.96,-3.84,-14.3256,-20.4216
2020-12-25 06:00,-39.07,-34.5,-4.05,-14.6304,-20.4216
2020-12-25 07:00,-38.65,-35.2,-4.02,-14.9352,-20.4216
2020-12-25 08:00,-38.56,-35.45,-4.48,-14.9352,-20.4216
2020-12-25 09:00,-39.13,-35.17,-5.07,-15.24,-20.7264
2020-12-25 10:00,-39.24,-35.69,-5.34,-15.5448,-20.7264
2020-12-25 11:00,-39.3,-35.93,-5.49,-15.8496,-20.7264
2020-12-25 12:00,-39.35,-35.85,-5.7,-15.8496,-21.0312
2020-12-25 13:00,-39.28,-35.88,-5.62,-16.1544,-21.0312
2020-12-25 14:00,-39.56,-35.97,-5.91,-16.1544,-21.0312
2020-12-25 15:00,-39.63,-36.2,-6.27,-16.1544,-21.336
2020-12-25 16:00,-40.12,-36.4,-6.67,-16.4592,-21.336
2020-12-25 17:00,-39.94,-36.82,-6.58,-16.4592,-21.336
2020-12-25 18:00,-40.01,-36.74,-6.69,-16.764,-21.6408
2020-12-25 19:00,-40.13,-36.74,-6.9,-16.764,-21.6408
2020-12-25 20:00,-40.36,-36.91,-7.16,-17.0688,-21.6408
2020-12-25 21:00,-40.58,-37.17,-7.36,-17.0688,-21.6408
2020-12-25 22:00,-40.69,-37.31,-7.5,-17.0688,-21.9456
2020-12-25 23:00,-40.72,-37.45,-7.61,-17.3736,-21.9456
2020-12-26 00:00,-40.67,-37.59,-7.66,-17.3736,-21.9456
2020-12-26 01:00,-40.87,-37.54,-7.92,-17.3736,-21.9456
2020-12-26 02:00,-40.92,-37.78,-8.02,-17.6784,-22.2504
2020-12-26 03:00,-40.97,-37.71,-8.14,-17.6784,-22.2504
2020-12-26 04:00,-41.17,-37.85,-8.28,-17.6784,-22.2504
2020-12-26 05:00,-41.2,-38.13,-8.41,-17.6784,-22.5552
2020-12-26 06:00,-41.14,-38.11,-8.43,-17.9832,-22.5552
2020-12-26 07:00,-41.16,-38.08,-8.43,-17.9832,-22.5552
2020-12-26 08:00,-41.6,-38.17,-8.86,-17.9832,-22.5552
2020-12-26 09:00,-41.98,-38.7,-9.32,-18.288,-22.86
2020-12-26 10:00,-41.85,-38.8,-9.18,-18.288,-22.86
2020-12-26 11:00,-41.72,-38.89,-9,-18.288,-22.86
2020-12-26 12:00,-41.82,-38.73,-9.26,-18.288,-22.86
2020-12-26 13:00,-42.01,-38.87,-9.4,-18.288,-23.1648
2020-12-26 14:00,-42.04,-39.15,-9.49,-18.5928,-23.1648
2020-12-26 15:00,-42.1,-39.19,-9.5,-18.5928,-23.1648
2020-12-26 16:00,-41.97,-39.39,-9.47,-18.5928,-23.1648
2020-12-26 17:00,-41.96,-39.25,-9.44,-18.5928,-23.4696
2020-12-26 18:00,-42.03,-39.19,-9.56,-18.8976,-23.4696
2020-12-26 19:00,-42.07,-39.41,-9.74,-18.8976,-23.4696
2020-12-26 20:00,-42.26,-39.49,-9.83,-18.8976,-23.4696
2020-12-26 21:00,-42.3,-39.52,-9.93,-18.8976,-23.4696
2020-12-26 22:00,-42.47,-39.64,-10.08,-19.2024,-23.7744
2020-12-26 23:00,-42.57,-39.85,-10.19,-19.2024,-23.7744
2020-12-27 00:00,-42.63,-39.93,-10.29,-19.2024,-23.7744
2020-12-27 01:00,-42.71,-40.03,-10.43,-19.2024,-23.7744
2020-12-27 02:00,-42.76,-40.13,-10.54,-19.5072,-24.0792
2020-12-27 03:00,-42.84,-40.2,-10.65,-19.5072,-24.0792
2020-12-27 04:00,-42.75,-40.34,-10.62,-19.5072,-24.0792
2020-12-27 05:00,-43.02,-40.22,-10.86,-19.5072,-24.0792
2020-12-27 06:00,-42.97,-40.51,-10.81,-19.812,-24.0792
2020-12-27 07:00,-43.18,-40.55,-11.07,-19.812,-24.384
2020-12-27 08:00,-43.33,-40.79,-11.2,-19.812,-24.384
2020-12-27 09:00,-43.45,-40.99,-11.36,-19.812,-24.384
2020-12-27 10:00,-43.5,-41.03,-11.48,-19.812,-24.384
2020-12-27 11:00,-43.39,-41.13,-11.5,-19.812,-24.384
2020-12-27 12:00,-43.34,-41.04,-11.41,-20.1168,-24.6888
2020-12-27 13:00,-43.35,-40.94,-11.39,-20.1168,-24.6888
2020-12-27 14:00,-43.53,-41.05,-11.5,-20.1168,-24.6888
2020-12-27 15:00,-43.44,-41.24,-11.5,-20.1168,-24.6888
2020-12-27 16:00,-43.34,-41.22,-11.43,-20.1168,-24.6888
2020-12-27 17:00,-43.4,-41.09,-11.55,-20.1168,-24.9936
2020-12-27 18:00,-43.55,-41.23,-11.67,-20.4216,-24.9936
2020-12-27 19:00,-43.58,-41.36,-11.72,-20.4216,-24.9936
2020-12-27 20:00,-43.66,-41.45,-11.85,-20.4216,-24.9936
2020-12-27 21:00,-43.78,-41.51,-11.94,-20.4216,-24.9936
2020-12-27 22:00,-43.87,-41.68,-12.14,-20.4216,-25.2984
2020-12-27 23:00,-43.88,-41.7,-12.1,-20.7264,-25.2984
2020-12-28 00:00,-43.84,-41.77,-12.21,-20.7264,-25.2984
2020-12-28 01:00,-43.99,-41.75,-12.28,-20.7264,-25.2984
2020-12-28 02:00,-44.09,-41.93,-12.37,-20.7264,-25.2984
2020-12-28 03:00,-44.29,-42.1,-12.7,-20.7264,-25.6032
2020-12-28 04:00,-44.35,-42.26,-12.75,-21.0312,-25.6032
2020-12-28 05:00,-44.4,-42.39,-12.75,-21.0312,-25.6032
2020-12-28 06:00,-44.4,-42.54,-12.7,-21.0312,-25.6032
2020-12-28 07:00,-44.45,-42.4,-12.84,-21.0312,-25.6032
2020-12-28 08:00,-44.68,-42.5,-13.17,-21.0312,-25.6032
2020-12-28 09:00,-44.7,-42.73,-13.22,-21.0312,-25.908
2020-12-28 10:00,-44.64,-42.74,-13.14,-21.336,-25.908
2020-12-28 11:00,-44.56,-42.8,-13.12,-21.336,-25.908
2020-12-28 12:00,-44.58,-42.65,-13.05,-21.336,-25.908
2020-12-28 13:00,-44.59,-42.66,-13.01,-21.336,-25.908
2020-12-28 14:00,-44.57,-42.66,-13.03,-21.336,-26.2128
2020-12-28 15:00,-44.56,-42.65,-13.16,-21.336,-26.2128
2020-12-28 16:00,-44.7,-42.75,-13.37,-21.6408,-26.2128
2020-12-28 17:00,-44.49,-42.99,-13.22,-21.6408,-26.2128
2020-12-28 18:00,-44.71,-42.78,-13.37,-21.6408,-26.2128
2020-12-28 19:00,-44.94,-43.03,-13.6,-21.6408,-26.2128
2020-12-28 20:00,-44.93,-43.25,-13.63,-21.6408,-26.5176
2020-12-28 21:00,-44.92,-43.29,-13.78,-21.6408,-26.5176
2020-12-28 22:00,-44.97,-43.29,-13.81,-21.9456,-26.5176
2020-12-28 23:00,-45.13,-43.33,-13.94,-21.9456,-26.5176
2020-12-29 00:00,-45.14,-43.39,-13.99,-21.9456,-26.5176
2020-12-29 01:00,-45.26,-43.51,-14.13,-21.9456,-26.5176
2020-12-29 02:00,-45.31,-43.62,-14.21,-21.9456,-26.8224
2020-12-29 03:00,-45.42,-43.69,-14.2,-21.9456,-26.8224
2020-12-29 04:00,-45.25,-43.86,-14.15,-22.2504,-26.8224
2020-12-29 05:00,-45.4,-43.73,-14.32,-22.2504,-26.8224
2020-12-29 06:00,-45.48,-43.91,-14.43,-22.2504,-26.8224
2020-12-29 07:00,-45.54,-43.99,-14.43,-22.2504,-26.8224
2020-12-29 08:00,-45.71,-44.1,-14.74,-22.2504,-27.1272
2020-12-29 09:00,-45.84,-44.34,-14.87,-22.2504,-27.1272
2020-12-29 10:00,-45.85,-44.33,-14.8,-22.5552,-27.1272
2020-12-29 11:00,-45.62,-44.25,-14.7,-22.5552,-27.1272
2020-12-29 12:00,-45.64,-44.07,-14.75,-22.5552,-27.1272
2020-12-29 13:00,-45.74,-44.08,-14.85,-22.5552,-27.1272
2020-12-29 14:00,-45.63,-44.21,-14.88,-22.5552,-27.432
2020-12-29 15:00,-45.89,-44.07,-15.03,-22.5552,-27.432
2020-12-29 16:00,-45.5,-44.36,-14.75,-22.86,-27.432
2020-12-29 17:00,-45.78,-44.03,-15.09,-22.86,-27.432
2020-12-29 18:00,-45.77,-44.32,-15.11,-22.86,-27.432
2020-12-29 19:00,-46.03,-44.36,-15.27,-22.86,-27.432
2020-12-29 20:00,-46.03,-44.63,-15.39,-22.86,-27.7368
2020-12-29 21:00,-46.23,-44.6,-15.44,-23.1648,-27.7368
2020-12-29 22:00,-46.15,-44.79,-15.71,-23.1648,-27.7368
2020-12-29 23:00,-46.25,-44.63,-15.69,-23.1648,-27.7368
2020-12-30 00:00,-46.33,-44.96,-15.73,-23.1648,-27.7368
2020-12-30 01:00,-46.5,-44.83,-15.92,-23.1648,-27.7368
2020-12-30 02:00,-46.39,-45.04,-15.85,-23.1648,-27.7368
2020-12-30 03:00,-46.47,-44.94,-15.94,-23.4696,-27.7368
2020-12-30 04:00,-46.28,-45.01,-15.96,-23.4696,-28.0416
2020-12-30 05:00,-46.52,-44.93,-16.22,-23.4696,-28.0416
2020-12-30 06:00,-46.7,-45.16,-16.26,-23.4696,-28.0416
2020-12-30 07:00,-46.45,-45.26,-16.37,-23.4696,-28.0416
2020-12-30 08:00,-46.8,-45.16,-16.53,-23.4696,-28.0416
2020-12-30 09:00,-46.83,-45.45,-16.58,-23.7744,-28.0416
2020-12-30 10:00,-46.68,-45.48,-16.58,-23.7744,-28.0416
2020-12-30 11:00,-46.89,-45.36,-16.61,-23.7744,-28.3464
2020-12-30 12:00,-46.5,-45.48,-16.34,-23.7744,-28.3464
2020-12-30 13:00,-46.62,-45.07,-16.42,-23.7744,-28.3464
2020-12-30 14:00,-46.62,-45.33,-16.48,-23.7744,-28.3464
2020-12-30 15:00,-46.64,-45.38,-16.55,-23.7744,-28.3464
2020-12-30 16:00,-46.52,-45.36,-16.53,-23.7744,-28.3464
2020-12-30 17:00,-46.56,-45.31,-16.45,-24.0792,-28.6512
2020-12-30 18:00,-46.73,-45.18,-16.6,-24.0792,-28.6512
2020-12-30 19:00,-46.86,-45.53,-16.89,-24.0792,-28.6512
2020-12-30 20:00,-46.87,-45.69,-17.02,-24.0792,-28.6512
2020-12-30 21:00,-47.01,-45.7,-17.04,-24.0792,-28.6512
2020-12-30 22:00,-47.15,-45.9,-17.26,-24.0792,-28.6512
2020-12-30 23:00,-47.13,-46.08,-17.27,-24.0792,-28.6512
2020-12-31 00:00,-47.08,-46.02,-17.37,-24.384,-28.6512
2020-12-31 01:00,-47.11,-45.96,-17.33,-24.384,-28.956
2020-12-31 02:00,-47.25,-46.04,-17.52,-24.384,-28.956
2020-12-31 03:00,-47.24,-46.15,-17.53,-24.384,-28.956
2020-12-31 04:00,-47.26,-46.17,-17.5,-24.384,-28.956
2020-12-31 05:00,-47.21,-46.12,-17.47,-24.384,-28.956
2020-12-31 06:00,-47.24,-46.13,-17.61,-24.384,-28.956
2020-12-31 07:00,-47.34,-46.14,-17.72,-24.384,-28.956
2020-12-31 08:00,-47.49,-46.26,-17.91,-24.6888,-28.956
2020-12-31 09:00,-47.33,-46.43,-17.63,-24.6888,-28.956
2020-12-31 10:00,-47.35,-46.27,-17.74,-24.6888,-29.2608
2020-12-31 11:00,-47.46,-46.38,-17.95,-24.6888,-29.2608
2020-12-31 12:00,-47.45,-46.44,-17.67,-24.6888,-29.2608
2020-12-31 13:00,-47.01,-46.44,-17.47,-24.6888,-29.2608
2020-12-31 14:00,-47.05,-46.01,-15.43,-22.5552,-28.956
2020-12-31 15:00,-46.9,-46.04,-15.07,-22.2504,-28.6512
2020-12-31 16:00,-46.9,-46.06,-15.11,-22.5552,-28.6512
2020-12-31 17:00,-46.09,-46.06,-12.37,-20.4216,-28.3464
2020-12-31 18:00,-42.34,-45.84,-5.63,-14.9352,-24.9936
2020-12-31 19:00,-35.77,-43.27,-2.72,-12.192,-22.86
2020-12-31 20:00,-34.58,-35.6,-2.44,-12.8016,-21.9456
2020-12-31 21:00,-33.89,-34.09,-2.29,-12.8016,-21.0312
2020-12-31 22:00,-32.73,-33.25,-1.03,-11.8872,-20.1168
2020-12-31 23:00,-30.31,-32.1,-0.05,-10.668,-18.5928
2021-01-01 00:00,-29.95,-29.49,-0.4,-11.2776,-18.288
2021-01-01 01:00,-30.01,-28.87,-0.83,-11.8872,-17.9832
2021-01-01 02:00,-29.94,-28.73,-0.44,-11.8872,-17.9832
2021-01-01 03:00,-29.58,-28.62,-0.06,-11.5824,-17.6784
2021-01-01 04:00,-29.24,-27.92,0.87,-10.0584,-16.764
2021-01-01 05:00,-28.6,-27.43,0.48,-10.668,-16.4592
2021-01-01 06:00,-28.47,-26.65,0.22,-11.2776,-16.4592
2021-01-01 07:00,-28.6,-26.38,-0.03,-11.5824,-16.4592
2021-01-01 08:00,-28.9,-26.32,-0.17,-12.192,-16.764
2021-01-01 09:00,-29.11,-26.32,-0.55,-12.4968,-16.764
2021-01-01 10:00,-29.56,-26.6,-0.84,-12.4968,-16.764
2021-01-01 11:00,-29.42,-26.77,-0.9,-12.8016,-17.0688
2021-01-01 12:00,-29.75,-26.43,-1,-12.8016,-17.0688
2021-01-01 13:00,-30.01,-26.96,-1.24,-13.1064,-17.0688
2021-01-01 14:00,-30.28,-27.08,-1.38,-13.1064,-17.3736
2021-01-01 15:00,-30.39,-27.36,-1.55,-13.1064,-17.3736
2021-01-01 16:00,-30.59,-27.41,-1.55,-13.4112,-17.3736
2021-01-01 17:00,-30.82,-27.52,-1.72,-13.4112,-17.3736
2021-01-01 18:00,-30.99,-27.91,-2.03,-13.716,-17.6784
2021-01-01 19:00,-31.24,-27.76,-2.09,-13.716,-17.6784
2021-01-01 20:00,-31.64,-27.98,-2.34,-14.0208,-17.6784
2021-01-01 21:00,-31.61,-28.45,-2.46,-14.0208,-17.9832
2021-01-01 22:00,-31.7,-28.43,-2.53,-14.0208,-17.9832
2021-01-01 23:00,-31.71,-28.65,-2.62,-14.3256,-17.9832
2021-01-02 00:00,-32.01,-28.59,-2.7,-14.3256,-18.288
2021-01-02 01:00,-32.12,-28.86,-2.84,-14.3256,-18.288
2021-01-02 02:00,-32.28,-28.95,-2.6,-14.0208,-18.288
2021-01-02 03:00,-32.39,-29.14,-2.21,-13.716,-18.288
2021-01-02 04:00,-32.33,-29.31,-2.04,-13.716,-17.9832
2021-01-02 05:00,-32.48,-29.03,-2.38,-13.716,-17.9832
2021-01-02 06:00,-32.05,-29.19,-2.2,-14.0208,-17.9832
2021-01-02 07:00,-32.18,-28.53,-2.32,-14.3256,-18.288
2021-01-02 08:00,-32.12,-28.89,-2.44,-14.3256,-18.288
2021-01-02 09:00,-32.18,-28.75,-2.6,-14.3256,-18.288
2021-01-02 10:00,-32.31,-28.81,-2.66,-14.6304,-18.5928
2021-01-02 11:00,-32.31,-28.93,-2.7,-14.6304,-18.5928
2021-01-02 12:00,-32.78,-28.84,-3.13,-14.6304,-18.5928
2021-01-02 13:00,-32.87,-29.49,-3.26,-14.9352,-18.8976
2021-01-02 14:00,-32.83,-29.55,-3.19,-14.9352,-18.8976
2021-01-02 15:00,-33.11,-29.41,-3.46,-14.9352,-18.8976
2021-01-02 16:00,-32.97,-29.8,-3.32,-15.24,-19.2024
2021-01-02 17:00,-32.81,-29.64,-3.31,-15.24,-19.2024
2021-01-02 18:00,-33.1,-29.58,-3.57,-15.24,-19.2024
2021-01-02 19:00,-33.21,-29.86,-3.66,-15.5448,-19.5072
2021-01-02 20:00,-34.16,-29.9,-4.58,-15.5448,-19.5072
2021-01-02 21:00,-33.7,-31.03,-4.04,-15.5448,-19.5072
2021-01-02 22:00,-33.61,-30.66,-3.76,-15.5448,-19.5072
2021-01-02 23:00,-33.8,-30.37,-3.77,-15.8496,-19.812
2021-01-03 00:00,-33.66,-30.71,-3.81,-15.8496,-19.812
2021-01-03 01:00,-33.62,-30.46,-3.43,-15.5448,-19.812
2021-01-03 02:00,-34.23,-30.66,-3.79,-15.24,-19.812
2021-01-03 03:00,-34.03,-31.23,-3.78,-15.5448,-19.812
2021-01-03 04:00,-34.18,-30.84,-3.06,-14.0208,-19.2024
2021-01-03 05:00,-34.25,-31.08,-3.2,-14.3256,-18.8976
2021-01-03 06:00,-34.62,-30.97,-3.03,-14.0208,-18.5928
2021-01-03 07:00,-33.97,-31.2,-2.07,-12.8016,-17.9832
2021-01-03 08:00,-33.48,-30.45,-1.86,-12.8016,-17.3736
2021-01-03 09:00,-32.9,-29.77,-1.9,-13.1064,-17.3736
2021-01-03 10:00,-32.71,-29.28,-1.83,-13.1064,-17.3736
2021-01-03 11:00,-32.5,-28.71,-1.79,-13.4112,-17.3736
2021-01-03 12:00,-32.52,-28.8,-2.09,-13.716,-17.3736
2021-01-03 13:00,-32.54,-28.7,-2.19,-13.716,-17.6784
2021-01-03 14:00,-32.71,-28.75,-2.39,-14.0208,-17.6784
2021-01-03 15:00,-32.91,-28.92,-2.68,-14.0208,-17.6784
2021-01-03 16:00,-32.96,-29.22,-2.76,-14.3256,-17.9832
2021-01-03 17:00,-33.03,-29.29,-2.8,-14.3256,-17.9832
2021-01-03 18:00,-33.31,-29.32,-3.13,-14.6304,-18.288
2021-01-03 19:00,-33.38,-29.57,-3.19,-14.6304,-18.288
2021-01-03 20:00,-33.6,-29.69,-3.44,-14.6304,-18.288
2021-01-03 21:00,-33.63,-29.98,-3.47,-14.9352,-18.5928
2021-01-03 22:00,-33.66,-30.04,-3.54,-14.9352,-18.5928
2021-01-03 23:00,-33.58,-30.07,-3.6,-14.9352,-18.5928
2021-01-04 00:00,-34.13,-29.94,-4.05,-15.24,-18.8976
2021-01-04 01:00,-34.33,-30.48,-4.32,-15.24,-18.8976
2021-01-04 02:00,-34.38,-30.78,-4.24,-15.24,-18.8976
2021-01-04 03:00,-34.49,-30.87,-4.45,-15.5448,-19.2024
2021-01-04 04:00,-34.8,-31.05,-4.67,-15.5448,-19.2024
2021-01-04 05:00,-34.78,-31.25,-4.71,-15.5448,-19.2024
2021-01-04 06:00,-35.07,-31.42,-4.88,-15.5448,-19.5072
2021-01-04 07:00,-35.06,-31.77,-4.96,-15.8496,-19.5072
2021-01-04 08:00,-35.31,-31.79,-5.2,-15.8496,-19.5072
2021-01-04 09:00,-35.54,-32.03,-5.41,-15.8496,-19.812
2021-01-04 10:00,-35.64,-32.28,-5.56,-15.8496,-19.812
2021-01-04 11:00,-35.76,-32.29,-5.66,-16.1544,-19.812
2021-01-04 12:00,-35.68,-32.46,-5.61,-16.1544,-20.1168
2021-01-04 13:00,-35.89,-32.47,-5.81,-16.1544,-20.1168
2021-01-04 14:00,-36.04,-32.64,-5.92,-16.1544,-20.1168
2021-01-04 15:00,-35.97,-32.9,-5.96,-16.4592,-20.4216
2021-01-04 16:00,-35.87,-32.86,-5.95,-16.4592,-20.4216
2021-01-04 17:00,-36.17,-32.83,-6.16,-16.4592,-20.4216
2021-01-04 18:00,-36.11,-33.09,-6.17,-16.4592,-20.7264
2021-01-04 19:00,-36.14,-33.13,-6.26,-16.764,-20.7264
2021-01-04 20:00,-36.29,-33.24,-6.37,-16.764,-20.7264
2021-01-04 21:00,-36.34,-33.37,-6.38,-16.764,-21.0312
2021-01-04 22:00,-36.42,-33.49,-6.4,-16.764,-21.336
2021-01-04 23:00,-36.56,-33.6,-6.7,-16.764,-21.336
2021-01-05 00:00,-36.72,-33.71,-6.8,-17.0688,-21.336
2021-01-05 01:00,-36.84,-33.85,-6.88,-17.0688,-21.336
2021-01-05 02:00,-36.99,-34.07,-7.05,-17.0688,-21.6408
2021-01-05 03:00,-37.15,-34.2,-7.27,-17.0688,-21.6408
2021-01-05 04:00,-37.09,-34.39,-7.19,-17.3736,-21.6408
2021-01-05 05:00,-37.13,-34.45,-7.32,-17.3736,-21.6408
2021-01-05 06:00,-37.36,-34.51,-7.54,-17.3736,-21.9456
2021-01-05 07:00,-37.34,-34.75,-7.48,-17.3736,-21.9456
2021-01-05 08:00,-37.63,-34.81,-7.78,-17.3736,-21.9456
2021-01-05 09:00,-37.87,-34.99,-8.08,-17.6784,-22.2504
2021-01-05 10:00,-37.8,-35.25,-7.96,-17.6784,-22.2504
2021-01-05 11:00,-37.73,-35.29,-7.93,-17.6784,-22.2504
2021-01-05 12:00,-37.89,-35.22,-8.08,-17.6784,-22.2504
2021-01-05 13:00,-37.91,-35.4,-8.14,-17.6784,-22.2504
2021-01-05 14:00,-38.07,-35.49,-8.16,-17.9832,-22.5552
2021-01-05 15:00,-37.9,-35.7,-8.01,-17.9832,-22.5552
2021-01-05 16:00,-37.95,-35.61,-8.04,-17.9832,-22.5552
2021-01-05 17:00,-38.03,-35.71,-8.22,-17.9832,-22.5552
2021-01-05 18:00,-38.13,-35.84,-8.3,-17.9832,-22.86
2021-01-05 19:00,-38.2,-36.01,-8.4,-18.288,-22.86
2021-01-05 20:00,-38.4,-36.03,-8.6,-18.288,-22.86
2021-01-05 21:00,-38.46,-36.32,-8.64,-18.288,-22.86
2021-01-05 22:00,-38.44,-36.38,-8.65,-18.288,-23.1648
2021-01-05 23:00,-38.68,-36.42,-8.87,-18.288,-23.1648
2021-01-06 00:00,-38.81,-36.67,-9.04,-18.288,-23.1648
2021-01-06 01:00,-38.83,-36.71,-9.1,-18.5928,-23.1648
2021-01-06 02:00,-38.93,-36.89,-9.11,-18.5928,-23.1648
2021-01-06 03:00,-39.23,-36.9,-9.43,-18.5928,-23.4696
2021-01-06 04:00,-39.16,-37.38,-9.42,-18.5928,-23.4696
2021-01-06 05:00,-39.18,-37.33,-9.43,-18.5928,-23.4696
2021-01-06 06:00,-39.19,-37.3,-9.5,-18.8976,-23.4696
2021-01-06 07:00,-39.49,-37.34,-9.77,-18.8976,-23.7744
2021-01-06 08:00,-39.57,-37.67,-9.86,-18.8976,-23.7744
2021-01-06 09:00,-39.75,-37.84,-10.07,-18.8976,-23.7744
2021-01-06 10:00,-39.7,-37.89,-10.03,-18.8976,-23.7744
2021-01-06 11:00,-39.75,-37.98,-10.1,-18.8976,-23.7744
2021-01-06 12:00,-39.79,-37.9,-10.12,-19.2024,-24.0792
2021-01-06 13:00,-39.82,-38.01,-10.28,-19.2024,-24.0792
2021-01-06 14:00,-39.99,-38.16,-10.36,-19.2024,-24.0792
2021-01-06 15:00,-39.76,-38.31,-10.16,-19.2024,-24.0792
2021-01-06 16:00,-39.94,-38.26,-10.34,-19.2024,-24.384
2021-01-06 17:00,-39.88,-38.36,-10.36,-19.5072,-24.384
2021-01-06 18:00,-40.07,-38.34,-10.51,-19.5072,-24.384
2021-01-06 19:00,-40.02,-38.59,-10.56,-19.5072,-24.384
2021-01-06 20:00,-40.15,-38.55,-10.72,-19.5072,-24.384
2021-01-06 21:00,-40.23,-38.64,-10.74,-19.812,-24.6888
2021-01-06 22:00,-40.35,-38.82,-10.88,-19.812,-24.6888
2021-01-06 23:00,-40.54,-38.9,-11.11,-19.812,-24.6888
2021-01-07 00:00,-40.55,-39.16,-11.2,-19.812,-24.6888
2021-01-07 01:00,-40.54,-39.22,-11.14,-19.812,-24.6888
2021-01-07 02:00,-40.69,-39.16,-11.42,-20.1168,-24.9936
2021-01-07 03:00,-40.88,-39.29,-11.44,-20.1168,-24.9936
2021-01-07 04:00,-40.9,-39.53,-11.55,-20.1168,-24.9936
2021-01-07 05:00,-40.92,-39.57,-11.55,-20.1168,-24.9936
2021-01-07 06:00,-40.84,-39.64,-11.62,-20.1168,-24.9936
2021-01-07 07:00,-40.95,-39.54,-11.62,-20.1168,-25.2984
2021-01-07 08:00,-41.27,-39.74,-11.96,-20.4216,-25.2984
2021-01-07 09:00,-41.42,-40.12,-12.05,-20.4216,-25.2984
2021-01-07 10:00,-41.26,-40.17,-11.97,-20.4216,-25.2984
2021-01-07 11:00,-41.27,-39.97,-11.97,-20.4216,-25.2984
2021-01-07 12:00,-41.22,-39.98,-12.03,-20.4216,-25.6032
2021-01-07 13:00,-41.52,-39.83,-12.19,-20.4216,-25.6032
2021-01-07 14:00,-41.48,-40.38,-12.2,-20.4216,-25.6032
2021-01-07 15:00,-41.39,-40.3,-12.2,-20.7264,-25.6032
2021-01-07 16:00,-41.22,-40.36,-12.08,-20.7264,-25.6032
2021-01-07 17:00,-41.36,-40.18,-12.06,-20.7264,-25.6032
2021-01-07 18:00,-41.39,-40.29,-12.19,-20.7264,-25.908
2021-01-07 19:00,-41.43,-40.29,-12.36,-20.7264,-25.908
2021-01-07 20:00,-41.62,-40.54,-12.43,-21.0312,-25.908
2021-01-07 21:00,-41.37,-40.94,-12.36,-21.0312,-25.908
2021-01-07 22:00,-41.42,-40.48,-12.53,-21.0312,-25.908
2021-01-07 23:00,-41.5,-40.47,-12.63,-21.0312,-26.2128
2021-01-08 00:00,-41.69,-40.49,-12.75,-21.0312,-26.2128
2021-01-08 01:00,-41.44,-40.52,-12.52,-21.0312,-26.2128
2021-01-08 02:00,-42.29,-40.56,-13.26,-21.336,-26.2128
2021-01-08 03:00,-42.22,-41.77,-13.03,-21.336,-26.2128
2021-01-08 04:00,-42.02,-41.39,-13.08,-21.336,-26.2128
2021-01-08 05:00,-41.49,-40.98,-12.78,-21.336,-26.2128
2021-01-08 06:00,-42.45,-40.46,-13.26,-21.336,-26.5176
2021-01-08 07:00,-42.59,-41.78,-13.52,-21.336,-26.5176
2021-01-08 08:00,-42.2,-41.99,-13.12,-21.336,-26.5176
2021-01-08 09:00,-42.33,-41.58,-13.41,-21.336,-26.5176
2021-01-08 10:00,-42.33,-41.74,-13.12,-21.0312,-26.5176
2021-01-08 11:00,-42.27,-41.79,-12.89,-21.0312,-26.5176
2021-01-08 12:00,-42.27,-41.5,-12.78,-21.0312,-26.5176
2021-01-08 13:00,-42.3,-41.39,-12.98,-21.0312,-26.5176
2021-01-08 14:00,-42.4,-41.48,-13.04,-21.336,-26.5176
2021-01-08 15:00,-42.38,-41.75,-13.07,-21.336,-26.8224
2021-01-08 16:00,-42.5,-41.77,-13.19,-21.336,-26.8224
2021-01-08 17:00,-42.47,-41.94,-13.22,-21.336,-26.8224
2021-01-08 18:00,-42.24,-41.83,-12.48,-21.0312,-26.8224
2021-01-08 19:00,-42.29,-41.75,-11.88,-20.1168,-26.8224
2021-01-08 20:00,-42.02,-41.81,-10.56,-18.8976,-26.5176
2021-01-08 21:00,-42.04,-41.45,-9.49,-17.6784,-26.2128
2021-01-08 22:00,-41.15,-41.03,-8.28,-17.0688,-25.6032
2021-01-08 23:00,-40.79,-39.75,-7.95,-16.764,-25.2984
2021-01-09 00:00,-40.37,-39.37,-7.89,-17.0688,-24.9936
2021-01-09 01:00,-40.12,-38.76,-7.97,-17.3736,-24.9936
2021-01-09 02:00,-39.99,-38.59,-8.02,-17.3736,-24.9936
2021-01-09 03:00,-39.88,-38.45,-8.04,-17.6784,-24.9936
2021-01-09 04:00,-39.88,-38.31,-8.23,-17.6784,-24.9936
2021-01-09 05:00,-40.01,-38.27,-8.38,-17.6784,-24.6888
2021-01-09 06:00,-40.11,-38.42,-8.54,-17.9832,-24.6888
2021-01-09 07:00,-39.87,-38.65,-8.68,-17.9832,-24.6888
2021-01-09 08:00,-40.17,-38.39,-8.96,-18.288,-24.9936
2021-01-09 09:00,-40.26,-38.72,-9.21,-18.288,-24.9936
2021-01-09 10:00,-40.34,-38.77,-9.41,-18.288,-24.9936
2021-01-09 11:00,-40.42,-38.88,-9.53,-18.5928,-24.9936
2021-01-09 12:00,-40.51,-38.84,-9.6,-18.5928,-24.9936
2021-01-09 13:00,-40.56,-38.93,-9.76,-18.5928,-24.9936
2021-01-09 14:00,-40.61,-39.03,-9.99,-18.8976,-24.9936
2021-01-09 15:00,-40.64,-39.07,-10.08,-18.8976,-24.9936
2021-01-09 16:00,-40.08,-39.28,-9.56,-19.2024,-24.9936
2021-01-09 17:00,-40.62,-38.7,-10.06,-19.2024,-24.9936
2021-01-09 18:00,-40.68,-39.21,-10.25,-19.2024,-25.2984
2021-01-09 19:00,-40.85,-39.31,-10.47,-19.5072,-25.2984
2021-01-09 20:00,-40.87,-39.55,-10.58,-19.5072,-25.2984
2021-01-09 21:00,-41.16,-39.56,-10.87,-19.5072,-25.2984
2021-01-09 22:00,-41.12,-39.83,-10.86,-19.5072,-25.2984
2021-01-09 23:00,-41.1,-39.82,-10.89,-19.812,-25.2984
2021-01-10 00:00,-41.18,-39.79,-11.02,-19.812,-25.6032
2021-01-10 01:00,-41.36,-39.84,-11.25,-19.812,-25.6032
2021-01-10 02:00,-41.47,-40.05,-11.31,-20.1168,-25.6032
2021-01-10 03:00,-41.42,-40.16,-11.34,-20.1168,-25.6032
2021-01-10 04:00,-41.57,-40.15,-11.5,-20.1168,-25.6032
2021-01-10 05:00,-41.7,-40.31,-11.6,-20.1168,-25.908
2021-01-10 06:00,-41.74,-40.5,-11.76,-20.4216,-25.908
2021-01-10 07:00,-41.87,-40.48,-11.81,-20.4216,-25.908
2021-01-10 08:00,-42.13,-40.7,-12.19,-20.4216,-25.908
2021-01-10 09:00,-42.18,-41.07,-12.23,-20.4216,-25.908
2021-01-10 10:00,-42.07,-41.01,-12.19,-20.4216,-25.908
2021-01-10 11:00,-42,-40.91,-12.16,-20.7264,-26.2128
2021-01-10 12:00,-42.08,-40.65,-12.3,-20.7264,-26.2128
2021-01-10 13:00,-42.14,-40.85,-12.27,-20.7264,-26.2128
2021-01-10 14:00,-42.04,-40.94,-12.22,-20.7264,-26.2128
2021-01-10 15:00,-42.21,-40.92,-12.35,-20.7264,-26.2128
2021-01-10 16:00,-41.62,-41.22,-11.92,-21.0312,-26.5176
2021-01-10 17:00,-42.06,-40.62,-12.36,-21.0312,-26.5176
2021-01-10 18:00,-42.2,-41.03,-12.47,-21.0312,-26.5176
2021-01-10 19:00,-42.39,-41.2,-12.71,-21.0312,-26.5176
2021-01-10 20:00,-42.48,-41.48,-12.83,-21.336,-26.5176
2021-01-10 21:00,-42.68,-41.46,-12.99,-21.336,-26.5176
2021-01-10 22:00,-42.67,-41.72,-13.06,-21.336,-26.8224
2021-01-10 23:00,-42.62,-41.76,-13.09,-21.336,-26.8224
2021-01-11 00:00,-42.78,-41.71,-13.23,-21.336,-26.8224
2021-01-11 01:00,-42.91,-41.95,-13.4,-21.6408,-26.8224
2021-01-11 02:00,-42.72,-41.97,-13.35,-21.6408,-26.8224
2021-01-11 03:00,-42.99,-41.78,-13.57,-21.6408,-26.8224
2021-01-11 04:00,-42.93,-42.2,-13.51,-21.6408,-26.8224
2021-01-11 05:00,-42.96,-42.08,-13.63,-21.6408,-27.1272
2021-01-11 06:00,-43.14,-42.12,-13.79,-21.9456,-27.1272
2021-01-11 07:00,-43.53,-42.4,-13.94,-21.9456,-27.1272
2021-01-11 08:00,-43.43,-42.8,-14.05,-21.9456,-27.1272
2021-01-11 09:00,-43.26,-42.77,-13.9,-21.9456,-27.1272
2021-01-11 10:00,-43.33,-42.46,-14.07,-21.9456,-27.1272
2021-01-11 11:00,-43.28,-42.67,-13.98,-21.9456,-27.1272
2021-01-11 12:00,-43.1,-42.45,-13.95,-21.9456,-27.1272
2021-01-11 13:00,-43.23,-42.31,-13.77,-21.9456,-27.432
2021-01-11 14:00,-42.93,-42.56,-13.72,-22.2504,-27.432
2021-01-11 15:00,-42.95,-42.3,-13.92,-22.2504,-27.432
2021-01-11 16:00,-43.04,-42.37,-13.94,-22.2504,-27.432
2021-01-11 17:00,-43.3,-42.45,-14.1,-22.2504,-27.432
2021-01-11 18:00,-43.3,-42.56,-14.18,-22.2504,-27.432
2021-01-11 19:00,-43.51,-42.76,-14.39,-22.2504,-27.7368
2021-01-11 20:00,-43.32,-42.89,-14.06,-22.2504,-27.7368
2021-01-11 21:00,-43.57,-42.84,-14.02,-22.2504,-27.7368
2021-01-11 22:00,-43.62,-43.02,-14.1,-22.2504,-27.7368
2021-01-11 23:00,-43.62,-43.22,-14.4,-22.2504,-27.7368
2021-01-12 00:00,-43.31,-43.03,-14.01,-22.2504,-27.7368
2021-01-12 01:00,-43.54,-42.83,-14.16,-22.2504,-27.7368
2021-01-12 02:00,-43.54,-42.97,-14.21,-22.5552,-27.7368
2021-01-12 03:00,-43.5,-42.99,-14.04,-22.5552,-27.7368
2021-01-12 04:00,-43.55,-43.14,-14.26,-22.5552,-27.7368
2021-01-12 05:00,-43.81,-43.07,-14.46,-22.5552,-27.7368
2021-01-12 06:00,-43.66,-43.36,-14.39,-22.5552,-28.0416
2021-01-12 07:00,-43.82,-43.25,-14.41,-22.5552,-28.0416
2021-01-12 08:00,-43.79,-43.26,-14.26,-22.2504,-28.0416
2021-01-12 09:00,-43.91,-43.28,-14.03,-21.9456,-28.0416
2021-01-12 10:00,-43.86,-43.52,-13.9,-21.9456,-28.0416
2021-01-12 11:00,-44.23,-43.37,-14.27,-21.9456,-28.0416
2021-01-12 12:00,-44.07,-43.74,-14.32,-21.9456,-28.0416
2021-01-12 13:00,-44.06,-43.6,-14.25,-22.2504,-28.0416
2021-01-12 14:00,-44.13,-43.49,-14.28,-22.2504,-28.0416
2021-01-12 15:00,-44.25,-43.8,-14.45,-22.2504,-28.0416
2021-01-12 16:00,-43.82,-43.81,-14.13,-22.5552,-28.0416
2021-01-12 17:00,-44.09,-43.4,-14.38,-22.5552,-28.0416
2021-01-12 18:00,-44.2,-43.64,-14.67,-22.5552,-28.0416
2021-01-12 19:00,-44.39,-43.76,-14.86,-22.5552,-28.0416
2021-01-12 20:00,-44.4,-43.98,-14.91,-22.5552,-28.0416
2021-01-12 21:00,-44.45,-43.93,-14.95,-22.86,-28.0416
2021-01-12 22:00,-44.45,-44.05,-15.01,-22.86,-28.0416
2021-01-12 23:00,-44.45,-43.99,-15.09,-22.86,-28.3464
2021-01-13 00:00,-44.42,-43.98,-15.1,-22.86,-28.3464
2021-01-13 01:00,-44.6,-43.98,-15.29,-22.86,-28.3464
2021-01-13 02:00,-44.57,-44.15,-15.28,-23.1648,-28.3464
2021-01-13 03:00,-44.72,-44.17,-15.46,-23.1648,-28.3464
2021-01-13 04:00,-44.89,-44.31,-15.6,-23.1648,-28.3464
2021-01-13 05:00,-44.93,-44.54,-15.65,-23.1648,-28.3464
2021-01-13 06:00,-44.92,-44.58,-15.76,-23.1648,-28.3464
2021-01-13 07:00,-45.06,-44.57,-15.89,-23.1648,-28.3464
2021-01-13 08:00,-45.22,-44.69,-16.1,-23.1648,-28.3464
2021-01-13 09:00,-45.19,-44.9,-16.02,-23.4696,-28.6512
2021-01-13 10:00,-45.25,-44.89,-16.12,-23.4696,-28.6512
2021-01-13 11:00,-45,-44.84,-15.95,-23.4696,-28.6512
2021-01-13 12:00,-45.28,-44.55,-16.25,-23.4696,-28.6512
2021-01-13 13:00,-45.22,-44.85,-16.26,-23.4696,-28.6512
2021-01-13 14:00,-45.02,-44.82,-16.07,-23.4696,-28.6512
2021-01-13 15:00,-45.16,-44.66,-16.18,-23.4696,-28.6512
2021-01-13 16:00,-44.8,-44.73,-15.9,-23.7744,-28.6512
2021-01-13 17:00,-44.82,-44.49,-15.92,-23.7744,-28.956
2021-01-13 18:00,-45.24,-44.57,-16.25,-23.7744,-28.956
2021-01-13 19:00,-45.18,-45.14,-16.33,-23.7744,-28.956
2021-01-13 20:00,-45.08,-44.86,-16.28,-23.7744,-28.956
2021-01-13 21:00,-45.11,-44.76,-16.39,-23.7744,-28.956
2021-01-13 22:00,-45.4,-44.88,-16.6,-24.0792,-28.956
2021-01-13 23:00,-45.27,-44.99,-16.58,-24.0792,-28.956
2021-01-14 00:00,-45.21,-45.02,-16.63,-24.0792,-28.956
2021-01-14 01:00,-45.19,-45,-16.62,-24.0792,-28.956
2021-01-14 02:00,-45.58,-44.73,-16.83,-24.0792,-28.956
2021-01-14 03:00,-45.52,-45.4,-16.82,-24.0792,-29.2608
2021-01-14 04:00,-45.52,-45.24,-16.98,-24.0792,-29.2608
2021-01-14 05:00,-45.43,-45.4,-16.8,-24.0792,-29.2608
2021-01-14 06:00,-45.54,-45.28,-16.92,-24.0792,-29.2608
2021-01-14 07:00,-45.52,-45.37,-16.88,-24.0792,-29.2608
2021-01-14 08:00,-45.89,-45.2,-17.36,-24.384,-29.2608
2021-01-14 09:00,-45.85,-45.77,-17.32,-24.384,-29.2608
2021-01-14 10:00,-45.79,-45.82,-17.17,-24.384,-29.2608
2021-01-14 11:00,-45.71,-45.63,-17.16,-24.384,-29.2608
2021-01-14 12:00,-45.94,-45.44,-17.47,-24.384,-29.5656
2021-01-14 13:00,-45.98,-45.76,-17.41,-24.384,-29.5656
2021-01-14 14:00,-45.98,-45.8,-17.42,-24.384,-29.5656
2021-01-14 15:00,-45.88,-45.88,-17.36,-24.6888,-29.5656
2021-01-14 16:00,-45.45,-45.73,-17.07,-24.6888,-29.5656
2021-01-14 17:00,-45.71,-45.45,-17.32,-24.6888,-29.5656
2021-01-14 18:00,-45.96,-45.66,-17.56,-24.6888,-29.5656
2021-01-14 19:00,-45.73,-45.95,-17.43,-24.6888,-29.5656
2021-01-14 20:00,-45.84,-45.72,-17.58,-24.6888,-29.5656
2021-01-14 21:00,-46.01,-45.78,-17.69,-24.6888,-29.8704
2021-01-14 22:00,-45.96,-45.95,-17.8,-24.9936,-29.8704
2021-01-14 23:00,-46.4,-45.79,-18.08,-24.9936,-29.8704
2021-01-15 00:00,-45.95,-46.27,-17.92,-24.9936,-29.8704
2021-01-15 01:00,-46.08,-45.76,-17.96,-24.9936,-29.8704
2021-01-15 02:00,-46.11,-46.03,-17.88,-24.9936,-29.8704
2021-01-15 03:00,-46.27,-45.99,-18.14,-24.9936,-29.8704
2021-01-15 04:00,-46.24,-46.32,-18.26,-24.9936,-29.8704
2021-01-15 05:00,-46.46,-46.2,-18.34,-25.2984,-29.8704
2021-01-15 06:00,-46.31,-46.41,-18.45,-25.2984,-29.8704
2021-01-15 07:00,-46.51,-46.31,-18.35,-25.2984,-30.1752
2021-01-15 08:00,-46.56,-46.48,-18.59,-25.2984,-30.1752
2021-01-15 09:00,-46.6,-46.61,-18.81,-25.2984,-30.1752
2021-01-15 10:00,-46.65,-46.52,-18.75,-25.2984,-30.1752
2021-01-15 11:00,-46.52,-46.68,-18.69,-25.2984,-30.1752
2021-01-15 12:00,-46.44,-46.42,-18.57,-25.2984,-30.1752
2021-01-15 13:00,-46.46,-46.26,-18.74,-25.6032,-30.1752
2021-01-15 14:00,-46.35,-46.57,-18.74,-25.6032,-30.1752
2021-01-15 15:00,-46.57,-46.47,-18.86,-25.6032,-30.48
2021-01-15 16:00,-46.36,-46.47,-18.62,-25.6032,-30.48
2021-01-15 17:00,-46.38,-46.46,-18.73,-25.6032,-30.48
2021-01-15 18:00,-46.46,-46.49,-18.72,-25.6032,-30.48
2021-01-15 19:00,-46.52,-46.57,-18.8,-25.6032,-30.48
2021-01-15 20:00,-46.43,-46.6,-18.86,-25.6032,-30.48
2021-01-15 21:00,-46.37,-46.43,-18.77,-25.6032,-30.48
2021-01-15 22:00,-46.23,-46.46,-18.68,-25.908,-30.48
2021-01-15 23:00,-46.88,-46.16,-19.38,-25.908,-30.48
2021-01-16 00:00,-45.76,-47.26,-18.33,-25.908,-30.48
2021-01-16 01:00,-46.71,-45.89,-17.38,-24.0792,-30.48
2021-01-16 02:00,-46.21,-47.31,-15.94,-22.86,-30.1752
2021-01-16 03:00,-46.25,-46.53,-15.9,-22.86,-30.1752
2021-01-16 04:00,-46.16,-46.28,-15.98,-23.1648,-30.1752
2021-01-16 05:00,-45.99,-46.02,-16.03,-23.1648,-30.1752
2021-01-16 06:00,-46.07,-45.87,-16.17,-23.4696,-29.8704
2021-01-16 07:00,-46.18,-45.96,-16.48,-23.4696,-29.8704
2021-01-16 08:00,-46.32,-45.99,-16.67,-23.4696,-29.8704
2021-01-16 09:00,-46.19,-46.06,-16.75,-23.7744,-29.8704
2021-01-16 10:00,-46.31,-46.03,-16.92,-23.7744,-29.8704
2021-01-16 11:00,-46.16,-46.1,-16.97,-23.7744,-29.8704
2021-01-16 12:00,-46.41,-45.97,-17.16,-23.7744,-30.1752
2021-01-16 13:00,-45.97,-46.15,-17.04,-23.7744,-30.1752
2021-01-16 14:00,-46.17,-45.83,-17.15,-24.0792,-30.1752
2021-01-16 15:00,-46.01,-45.99,-17.14,-24.0792,-30.1752
2021-01-16 16:00,-46.02,-45.92,-17.08,-24.384,-30.1752
2021-01-16 17:00,-46.54,-45.96,-17.78,-24.384,-30.1752
2021-01-16 18:00,-46.04,-46.57,-17.2,-24.384,-30.1752
2021-01-16 19:00,-46.04,-46.03,-17.64,-24.6888,-30.1752
2021-01-16 20:00,-46.01,-45.77,-17.53,-24.6888,-30.48
2021-01-16 21:00,-46.22,-45.86,-17.67,-24.6888,-30.48
2021-01-16 22:00,-46.37,-46.1,-17.83,-24.6888,-30.48
2021-01-16 23:00,-46.39,-46.27,-17.98,-24.6888,-30.48
2021-01-17 00:00,-46.47,-46.23,-18.1,-24.9936,-30.48
2021-01-17 01:00,-46.55,-46.28,-18.29,-24.9936,-30.48
2021-01-17 02:00,-46.58,-46.5,-18.22,-24.9936,-30.48
2021-01-17 03:00,-46.33,-46.44,-18.17,-24.9936,-30.48
2021-01-17 04:00,-46.37,-46.25,-18.27,-25.2984,-30.48
2021-01-17 05:00,-46.42,-46.19,-18.36,-25.2984,-30.48
2021-01-17 06:00,-46.79,-46.22,-18.69,-25.2984,-30.7848
2021-01-17 07:00,-46.66,-46.81,-18.66,-25.2984,-30.7848
2021-01-17 08:00,-46.7,-46.62,-18.66,-25.2984,-30.7848
2021-01-17 09:00,-47.03,-46.47,-19.05,-25.6032,-30.7848
2021-01-17 10:00,-46.77,-46.73,-18.98,-25.6032,-30.7848
2021-01-17 11:00,-46.83,-46.65,-18.91,-25.6032,-30.7848
2021-01-17 12:00,-46.79,-46.75,-19.02,-25.6032,-30.7848
2021-01-17 13:00,-47.03,-46.65,-19.2,-25.6032,-30.7848
2021-01-17 14:00,-46.67,-46.96,-19.08,-25.6032,-30.7848
2021-01-17 15:00,-46.87,-46.54,-19.24,-25.908,-30.7848
2021-01-17 16:00,-46.54,-46.77,-18.91,-25.908,-31.0896
2021-01-17 17:00,-46.77,-46.61,-19.16,-25.908,-31.0896
2021-01-17 18:00,-46.66,-46.79,-19.18,-25.908,-31.0896
2021-01-17 19:00,-46.73,-46.85,-19.21,-25.908,-31.0896
2021-01-17 20:00,-47.16,-46.78,-19.59,-25.908,-31.0896
2021-01-17 21:00,-46.89,-47.12,-19.41,-25.908,-31.0896
2021-01-17 22:00,-46.99,-46.8,-19.52,-25.908,-31.0896
2021-01-17 23:00,-46.91,-46.85,-19.44,-26.2128,-31.0896
2021-01-18 00:00,-47.09,-46.92,-19.61,-26.2128,-31.0896
2021-01-18 01:00,-46.99,-47.12,-19.68,-26.2128,-31.0896
2021-01-18 02:00,-47.13,-46.94,-19.75,-26.2128,-31.0896
2021-01-18 03:00,-47.25,-47.16,-19.9,-26.2128,-31.3944
2021-01-18 04:00,-47.33,-47.29,-20.04,-26.2128,-31.3944
2021-01-18 05:00,-47.4,-47.32,-20.12,-26.2128,-31.3944
2021-01-18 06:00,-47.57,-47.41,-20.27,-26.5176,-31.3944
2021-01-18 07:00,-47.68,-47.62,-20.44,-26.5176,-31.3944
2021-01-18 08:00,-47.62,-47.74,-20.4,-26.5176,-31.3944
2021-01-18 09:00,-47.75,-47.72,-20.61,-26.5176,-31.3944
2021-01-18 10:00,-47.7,-47.83,-20.56,-26.5176,-31.3944
2021-01-18 11:00,-47.53,-47.75,-20.51,-26.5176,-31.3944
2021-01-18 12:00,-47.51,-47.53,-20.35,-26.5176,-31.6992
2021-01-18 13:00,-47.47,-47.57,-20.29,-26.5176,-31.6992
2021-01-18 14:00,-47.24,-47.4,-20.21,-26.5176,-31.6992
2021-01-18 15:00,-47.44,-47.25,-20.37,-26.8224,-31.6992
2021-01-18 16:00,-47.35,-47.53,-20.33,-26.8224,-31.6992
2021-01-18 17:00,-47.74,-47.46,-20.76,-26.8224,-31.6992
2021-01-18 18:00,-47.63,-47.89,-20.6,-26.8224,-31.6992
2021-01-18 19:00,-47.58,-47.75,-20.74,-26.8224,-31.6992
2021-01-18 20:00,-47.72,-47.67,-20.93,-26.8224,-31.6992
2021-01-18 21:00,-47.85,-47.91,-21.04,-26.8224,-31.6992
2021-01-18 22:00,-47.8,-48,-21.07,-27.1272,-31.6992
2021-01-18 23:00,-47.93,-47.91,-21.16,-27.1272,-32.004
2021-01-19 00:00,-48.15,-48.03,-21.33,-27.1272,-32.004
2021-01-19 01:00,-48.17,-48.2,-21.45,-27.1272,-32.004
2021-01-19 02:00,-48.02,-48.27,-21.39,-27.1272,-32.004
2021-01-19 03:00,-48.19,-48.09,-21.71,-27.1272,-32.004
2021-01-19 04:00,-48.16,-48.18,-21.5,-27.1272,-32.004
2021-01-19 05:00,-48.29,-48.2,-21.68,-27.432,-32.004
2021-01-19 06:00,-48.18,-48.41,-21.68,-27.432,-32.004
2021-01-19 07:00,-48.31,-48.43,-21.82,-27.432,-32.004
2021-01-19 08:00,-48.59,-48.48,-22.1,-27.432,-32.004
2021-01-19 09:00,-48.74,-48.73,-22.21,-27.432,-32.3088
2021-01-19 10:00,-48.41,-48.9,-22.07,-27.432,-32.3088
2021-01-19 11:00,-48.44,-48.51,-22.05,-27.432,-32.3088
2021-01-19 12:00,-48.41,-48.46,-22.19,-27.432,-32.3088
2021-01-19 13:00,-48.33,-48.34,-22.11,-27.7368,-32.3088
2021-01-19 14:00,-48.42,-48.3,-21.99,-27.432,-32.3088
2021-01-19 15:00,-48.44,-48.48,-22.19,-27.7368,-32.3088
2021-01-19 16:00,-48.06,-48.68,-21.77,-27.7368,-32.3088
2021-01-19 17:00,-48.41,-48.23,-22.19,-27.7368,-32.3088
2021-01-19 18:00,-48.22,-48.52,-22.07,-27.7368,-32.3088
2021-01-19 19:00,-48.41,-48.37,-22.17,-27.7368,-32.6136
2021-01-19 20:00,-48.35,-48.36,-22.22,-27.7368,-32.6136
2021-01-19 21:00,-48.38,-48.48,-22.31,-27.7368,-32.6136
2021-01-19 22:00,-48.44,-48.51,-22.39,-27.7368,-32.6136
2021-01-19 23:00,-48.47,-48.52,-22.47,-27.7368,-32.6136
2021-01-20 00:00,-48.46,-48.6,-22.42,-28.0416,-32.6136
2021-01-20 01:00,-48.39,-48.55,-22.47,-28.0416,-32.6136
2021-01-20 02:00,-48.58,-48.42,-22.59,-28.0416,-32.6136
2021-01-20 03:00,-48.74,-48.66,-22.89,-28.0416,-32.6136
2021-01-20 04:00,-48.76,-48.81,-22.81,-28.0416,-32.6136
2021-01-20 05:00,-48.9,-48.98,-23.04,-28.0416,-32.6136
2021-01-20 06:00,-48.83,-49.02,-23.01,-28.0416,-32.9184
2021-01-20 07:00,-48.71,-49.04,-22.81,-28.0416,-32.9184
2021-01-20 08:00,-48.76,-48.99,-22.82,-28.0416,-32.9184
2021-01-20 09:00,-48.85,-49,-22.96,-28.0416,-32.9184
2021-01-20 10:00,-48.83,-49.1,-23.03,-28.0416,-32.9184
2021-01-20 11:00,-48.45,-49.1,-22.88,-28.3464,-32.9184
2021-01-20 12:00,-48.89,-48.64,-23.08,-28.3464,-32.9184
2021-01-20 13:00,-48.8,-48.84,-23.13,-28.3464,-32.9184
2021-01-20 14:00,-48.97,-49.02,-23.07,-28.3464,-32.9184
2021-01-20 15:00,-48.9,-49.13,-23.29,-28.3464,-32.9184
2021-01-20 16:00,-48.36,-49.18,-22.78,-28.3464,-32.9184
2021-01-20 17:00,-48.95,-48.59,-23.41,-28.3464,-33.2232
2021-01-20 18:00,-48.65,-49.36,-23.2,-28.6512,-33.2232
2021-01-20 19:00,-49.12,-48.93,-23.64,-28.6512,-33.2232
2021-01-20 20:00,-49.05,-49.24,-23.51,-28.6512,-33.2232
2021-01-20 21:00,-49.37,-49.32,-23.83,-28.6512,-33.2232
2021-01-20 22:00,-49.54,-49.73,-24.01,-28.6512,-33.2232
2021-01-20 23:00,-49.43,-49.88,-24.07,-28.6512,-33.2232
2021-01-21 00:00,-49.41,-49.61,-24.17,-28.6512,-33.2232
2021-01-21 01:00,-49.45,-49.75,-24.15,-28.6512,-33.2232
2021-01-21 02:00,-49.88,-49.61,-24.45,-28.6512,-33.2232
2021-01-21 03:00,-49.49,-50.07,-24.4,-28.956,-33.2232
2021-01-21 04:00,-49.4,-49.29,-24.35,-28.956,-33.528
2021-01-21 05:00,-49.53,-49.66,-24.47,-28.956,-33.528
2021-01-21 06:00,-49.64,-49.79,-24.48,-28.956,-33.528
2021-01-21 07:00,-49.58,-49.82,-24.4,-28.956,-33.528
2021-01-21 08:00,-49.97,-49.91,-24.74,-28.956,-33.528
2021-01-21 09:00,-49.78,-50.24,-24.71,-28.956,-33.528
2021-01-21 10:00,-49.5,-50.02,-24.47,-28.956,-33.528
2021-01-21 11:00,-49.53,-49.78,-24.42,-28.956,-33.528
2021-01-21 12:00,-49.72,-49.72,-24.56,-28.956,-33.528
2021-01-21 13:00,-49.58,-50.02,-24.47,-28.956,-33.528
2021-01-21 14:00,-49.48,-49.82,-24.41,-28.956,-33.528
2021-01-21 15:00,-49.38,-49.58,-24.33,-29.2608,-33.528
2021-01-21 16:00,-49.31,-49.62,-24.38,-29.2608,-33.528
2021-01-21 17:00,-49.47,-49.65,-24.5,-29.2608,-33.8328
2021-01-21 18:00,-49.55,-49.79,-24.6,-29.2608,-33.8328
2021-01-21 19:00,-49.57,-49.89,-24.66,-29.2608,-33.8328
2021-01-21 20:00,-49.51,-49.89,-24.69,-29.2608,-33.8328
2021-01-21 21:00,-49.55,-49.84,-24.62,-29.2608,-33.8328
2021-01-21 22:00,-49.74,-49.76,-24.92,-29.2608,-33.8328
2021-01-21 23:00,-49.89,-49.93,-24.93,-29.2608,-33.8328
2021-01-22 00:00,-49.84,-50.04,-24.99,-29.2608,-33.8328
2021-01-22 01:00,-49.94,-50.21,-25.16,-29.2608,-33.8328
2021-01-22 02:00,-49.85,-50.34,-25.11,-29.5656,-33.8328
2021-01-22 03:00,-49.74,-50.16,-25.13,-29.5656,-33.8328
2021-01-22 04:00,-49.78,-50.01,-25.05,-29.5656,-33.8328
2021-01-22 05:00,-49.95,-50.18,-25.22,-29.5656,-34.1376
2021-01-22 06:00,-49.94,-50.43,-25.3,-29.5656,-34.1376
2021-01-22 07:00,-49.96,-50.19,-25.37,-29.5656,-34.1376
2021-01-22 08:00,-50.14,-50.31,-25.48,-29.5656,-34.1376
2021-01-22 09:00,-50.39,-50.46,-25.73,-29.5656,-34.1376
2021-01-22 10:00,-50.3,-50.8,-25.67,-29.5656,-34.1376
2021-01-22 11:00,-50.21,-50.59,-25.7,-29.5656,-34.1376
2021-01-22 12:00,-50.31,-50.5,-25.81,-29.8704,-34.1376
2021-01-22 13:00,-50.21,-50.52,-25.68,-29.8704,-34.1376
2021-01-22 14:00,-50.31,-50.5,-25.85,-29.8704,-34.1376
2021-01-22 15:00,-50.25,-50.63,-25.81,-29.8704,-34.1376
2021-01-22 16:00,-49.87,-50.58,-25.39,-29.8704,-34.1376
2021-01-22 17:00,-50.24,-50.2,-25.88,-29.8704,-34.4424
2021-01-22 18:00,-50.27,-50.62,-25.95,-29.8704,-34.4424
2021-01-22 19:00,-50.24,-50.57,-25.98,-29.8704,-34.4424
2021-01-22 20:00,-50.21,-50.58,-25.92,-29.8704,-34.4424
2021-01-22 21:00,-50.52,-50.56,-26.14,-29.8704,-34.4424
2021-01-22 22:00,-50.3,-50.77,-26.12,-29.8704,-34.4424
2021-01-22 23:00,-50.48,-50.63,-26.27,-30.1752,-34.4424
2021-01-23 00:00,-50.49,-50.74,-26.32,-30.1752,-34.4424
2021-01-23 01:00,-50.61,-50.8,-26.39,-30.1752,-34.4424
2021-01-23 02:00,-50.59,-50.96,-26.4,-30.1752,-34.4424
2021-01-23 03:00,-50.41,-50.88,-26.33,-30.1752,-34.4424
2021-01-23 04:00,-50.62,-50.74,-26.5,-30.1752,-34.4424
2021-01-23 05:00,-50.58,-50.97,-26.45,-30.1752,-34.4424
2021-01-23 06:00,-50.68,-50.87,-26.6,-30.1752,-34.4424
2021-01-23 07:00,-50.78,-50.99,-26.78,-30.1752,-34.7472
2021-01-23 08:00,-50.92,-51.12,-26.82,-30.48,-34.7472
2021-01-23 09:00,-50.99,-51.19,-26.93,-30.48,-34.7472
2021-01-23 10:00,-50.88,-51.3,-26.81,-30.48,-34.7472
2021-01-23 11:00,-50.93,-51.09,-26.91,-30.48,-34.7472
2021-01-23 12:00,-50.88,-51.16,-26.95,-30.48,-34.7472
2021-01-23 13:00,-50.92,-51.12,-26.95,-30.48,-34.7472
2021-01-23 14:00,-50.86,-51,-26.99,-30.48,-34.7472
2021-01-23 15:00,-51.03,-51.14,-27.09,-30.48,-34.7472
2021-01-23 16:00,-50.73,-51.25,-26.85,-30.48,-34.7472
2021-01-23 17:00,-50.98,-51.04,-27.09,-30.48,-34.7472
2021-01-23 18:00,-50.86,-51.13,-27.09,-30.48,-35.052
2021-01-23 19:00,-50.95,-51.21,-27.22,-30.48,-35.052
2021-01-23 20:00,-51.15,-51.26,-27.42,-30.7848,-35.052
2021-01-23 21:00,-51.2,-51.36,-27.53,-30.7848,-35.052
2021-01-23 22:00,-51.19,-51.5,-27.48,-30.7848,-35.052
2021-01-23 23:00,-51.14,-51.45,-27.54,-30.7848,-35.052
2021-01-24 00:00,-51.45,-51.42,-27.81,-30.7848,-35.052
2021-01-24 01:00,-51.21,-51.65,-27.65,-30.7848,-35.052
2021-01-24 02:00,-51.44,-51.45,-27.88,-30.7848,-35.052
2021-01-24 03:00,-51.45,-51.69,-27.92,-30.7848,-35.052
2021-01-24 04:00,-51.48,-51.69,-27.9,-30.7848,-35.052
2021-01-24 05:00,-51.48,-51.73,-28.03,-30.7848,-35.052
2021-01-24 06:00,-51.66,-51.73,-28.18,-31.0896,-35.052
2021-01-24 07:00,-51.61,-51.86,-28.16,-31.0896,-35.3568
2021-01-24 08:00,-51.83,-51.93,-28.42,-31.0896,-35.3568
2021-01-24 09:00,-51.73,-52.07,-28.34,-31.0896,-35.3568
2021-01-24 10:00,-51.95,-52.02,-28.38,-31.0896,-35.3568
2021-01-24 11:00,-51.72,-52.07,-28.33,-31.0896,-35.3568
2021-01-24 12:00,-51.54,-51.83,-28.22,-31.0896,-35.3568
2021-01-24 13:00,-51.56,-51.68,-28.17,-31.0896,-35.3568
2021-01-24 14:00,-51.47,-51.69,-28.24,-31.0896,-35.3568
2021-01-24 15:00,-51.61,-51.62,-28.38,-31.0896,-35.3568
2021-01-24 16:00,-51.5,-51.81,-28.2,-31.0896,-35.3568
2021-01-24 17:00,-51.38,-51.77,-28.29,-31.0896,-35.3568
2021-01-24 18:00,-51.51,-51.48,-28.4,-31.0896,-35.3568
2021-01-24 19:00,-51.63,-51.75,-28.3,-31.0896,-35.6616
2021-01-24 20:00,-51.47,-52.02,-28.44,-31.0896,-35.6616
2021-01-24 21:00,-51.61,-51.96,-28.67,-31.3944,-35.6616
2021-01-24 22:00,-51.46,-51.71,-28.53,-31.3944,-35.6616
2021-01-24 23:00,-51.52,-51.89,-28.58,-31.3944,-35.6616
2021-01-25 00:00,-51.68,-51.73,-28.52,-31.3944,-35.6616
2021-01-25 01:00,-51.8,-51.83,-28.72,-31.3944,-35.6616
2021-01-25 02:00,-51.77,-51.94,-28.82,-31.3944,-35.6616
2021-01-25 03:00,-51.65,-52.05,-28.72,-31.3944,-35.6616
2021-01-25 04:00,-51.91,-51.84,-28.86,-31.3944,-35.6616
2021-01-25 05:00,-51.84,-52.01,-28.87,-31.3944,-35.6616
2021-01-25 06:00,-51.87,-52.12,-28.89,-31.3944,-35.6616
2021-01-25 07:00,-52.02,-52.15,-28.91,-31.3944,-35.6616
2021-01-25 08:00,-52.03,-52.35,-28.73,-31.0896,-35.6616
2021-01-25 09:00,-51.9,-52.22,-28.23,-30.48,-35.6616
2021-01-25 10:00,-51.99,-52.16,-27.71,-30.1752,-35.6616
2021-01-25 11:00,-51.86,-52.38,-27.76,-30.1752,-35.6616
2021-01-25 12:00,-51.93,-52,-27.66,-30.48,-35.6616
2021-01-25 13:00,-52.05,-52.13,-27.61,-30.48,-35.6616
2021-01-25 14:00,-52.08,-52.2,-27.71,-30.1752,-35.6616
2021-01-25 15:00,-52.18,-52.18,-27.53,-29.8704,-35.6616
2021-01-25 16:00,-52,-52.77,-27.19,-29.8704,-35.6616
2021-01-25 17:00,-51.98,-52.24,-26.96,-29.5656,-35.6616
2021-01-25 18:00,-51.52,-52.48,-26.63,-29.2608,-35.6616
2021-01-25 19:00,-51.78,-52.15,-26.19,-29.2608,-35.3568
2021-01-25 20:00,-51.81,-52.17,-26.05,-29.2608,-35.3568
2021-01-25 21:00,-52.11,-52.37,-26.33,-29.2608,-35.3568
2021-01-25 22:00,-51.85,-52.3,-26.37,-29.2608,-35.3568
2021-01-25 23:00,-52.05,-52.04,-26.08,-29.2608,-35.3568
2021-01-26 00:00,-52.06,-52.13,-26.04,-28.956,-35.3568
2021-01-26 01:00,-52.1,-52.23,-25.75,-28.956,-35.3568
2021-01-26 02:00,-52.19,-52.39,-25.91,-28.956,-35.3568
2021-01-26 03:00,-52.03,-52.43,-25.77,-29.2608,-35.3568
2021-01-26 04:00,-52.34,-52.09,-25.88,-29.2608,-35.3568
2021-01-26 05:00,-52.17,-52.7,-26.02,-29.2608,-35.3568
2021-01-26 06:00,-52.28,-52.44,-26.16,-29.2608,-35.052
2021-01-26 07:00,-52.27,-52.37,-25.01,-27.7368,-34.7472
2021-01-26 08:00,-51.01,-52.29,-21.51,-25.6032,-33.528
2021-01-26 09:00,-49.93,-51.76,-20.14,-24.9936,-32.6136
2021-01-26 10:00,-49.67,-50.33,-19.92,-24.9936,-32.3088
2021-01-26 11:00,-49.2,-50.04,-19.76,-24.9936,-32.3088
2021-01-26 12:00,-48.81,-49.39,-19.58,-24.9936,-32.004
2021-01-26 13:00,-48.79,-48.72,-19.38,-24.9936,-32.004
2021-01-26 14:00,-48.65,-48.89,-19.69,-24.9936,-32.004
2021-01-26 15:00,-48.72,-48.73,-19.82,-25.2984,-31.6992
2021-01-26 16:00,-48.49,-48.79,-19.89,-25.2984,-31.6992
2021-01-26 17:00,-48.45,-48.63,-19.94,-25.2984,-31.6992
2021-01-26 18:00,-48.32,-48.56,-20.13,-25.6032,-31.6992
2021-01-26 19:00,-48.19,-48.31,-20.2,-25.6032,-31.6992
2021-01-26 20:00,-48.22,-48.4,-20.18,-25.6032,-31.6992
2021-01-26 21:00,-48.51,-48.43,-20.44,-25.908,-31.6992
2021-01-26 22:00,-48.44,-48.35,-20.32,-25.908,-31.6992
2021-01-26 23:00,-48.32,-48.36,-20.56,-25.908,-31.6992
2021-01-27 00:00,-48.27,-48.37,-20.5,-25.908,-31.6992
2021-01-27 01:00,-48.2,-47.99,-20.36,-26.2128,-31.6992
2021-01-27 02:00,-48.1,-48.08,-20.41,-26.2128,-31.6992
2021-01-27 03:00,-48.22,-47.37,-20.7,-26.2128,-31.6992
2021-01-27 04:00,-48.27,-47.96,-20.83,-26.2128,-31.6992
2021-01-27 05:00,-48.13,-48.24,-20.66,-26.5176,-31.6992
2021-01-27 06:00,-48.4,-47.94,-21.11,-26.5176,-31.6992
2021-01-27 07:00,-47.82,-48.24,-20.72,-26.5176,-31.6992
2021-01-27 08:00,-48.62,-47.79,-21.19,-26.5176,-32.004
2021-01-27 09:00,-48.24,-48.48,-21.1,-26.5176,-32.004
2021-01-27 10:00,-48.42,-48.04,-21.23,-26.8224,-32.004
2021-01-27 11:00,-48.39,-48.3,-21.31,-26.8224,-32.004
2021-01-27 12:00,-48.51,-48.28,-21.59,-26.8224,-32.004
2021-01-27 13:00,-48.78,-48.01,-21.44,-26.8224,-32.004
2021-01-27 14:00,-47.68,-48.81,-20.26,-26.8224,-32.004
2021-01-27 15:00,-48.45,-48.24,-21.83,-27.1272,-32.004
2021-01-27 16:00,-48.49,-48.28,-21.64,-27.1272,-32.004
2021-01-27 17:00,-48.71,-48.36,-22.03,-27.1272,-32.004
2021-01-27 18:00,-48.38,-48.11,-21.69,-27.1272,-32.004
2021-01-27 19:00,-48.43,-48.14,-21.93,-27.1272,-32.3088
2021-01-27 20:00,-48.42,-48.19,-21.86,-27.1272,-32.3088
2021-01-27 21:00,-48.53,-48.08,-22,-27.432,-32.3088
2021-01-27 22:00,-48.64,-48.21,-22.14,-27.432,-32.3088
2021-01-27 23:00,-48.6,-48.46,-22.16,-27.432,-32.3088
2021-01-28 00:00,-48.31,-48.38,-21.95,-27.432,-32.3088
2021-01-28 01:00,-48.45,-47.77,-21.3,-26.5176,-32.004
2021-01-28 02:00,-49.15,-47.89,-19.46,-24.6888,-31.3944
2021-01-28 03:00,-47.64,-49.11,-16.73,-22.5552,-30.48
2021-01-28 04:00,-46.98,-48.17,-16.3,-22.5552,-30.1752
2021-01-28 05:00,-46.82,-47.32,-16.45,-22.86,-30.1752
2021-01-28 06:00,-46.85,-46.61,-16.41,-22.86,-29.8704
2021-01-28 07:00,-46.69,-46.73,-16.45,-22.86,-29.8704
2021-01-28 08:00,-46.56,-46.68,-16.55,-22.86,-29.8704
2021-01-28 09:00,-46.72,-46.38,-16.81,-22.86,-29.8704
2021-01-28 10:00,-46.6,-46.49,-16.66,-22.86,-29.8704
2021-01-28 11:00,-46.46,-46.44,-16.4,-22.5552,-29.5656
2021-01-28 12:00,-46.43,-46.24,-16.08,-22.2504,-29.5656
2021-01-28 13:00,-46.24,-46.13,-15.23,-21.9456,-29.2608
2021-01-28 14:00,-46.21,-45.9,-14.68,-21.336,-28.956
2021-01-28 15:00,-45.77,-45.95,-14.26,-21.0312,-28.6512
2021-01-28 16:00,-45.72,-45.43,-14.17,-21.0312,-28.3464
2021-01-28 17:00,-45.39,-45.19,-13.92,-21.0312,-28.0416
2021-01-28 18:00,-45.19,-44.82,-14.09,-21.336,-28.0416
2021-01-28 19:00,-45.08,-44.47,-14.23,-21.336,-28.0416
2021-01-28 20:00,-45.03,-44.35,-14.39,-21.6408,-27.7368
2021-01-28 21:00,-44.97,-44.28,-14.63,-21.9456,-27.7368
2021-01-28 22:00,-45,-44.21,-14.83,-21.9456,-27.7368
2021-01-28 23:00,-45.19,-44.22,-14.98,-21.9456,-27.7368
2021-01-29 00:00,-45.1,-44.3,-15.15,-22.2504,-27.7368
2021-01-29 01:00,-45.12,-44.28,-15.3,-22.2504,-27.7368
2021-01-29 02:00,-45.26,-44.44,-15.43,-22.5552,-28.0416
2021-01-29 03:00,-45.36,-44.48,-15.68,-22.5552,-28.0416
2021-01-29 04:00,-45.31,-44.52,-15.75,-22.5552,-28.0416
2021-01-29 05:00,-45.32,-44.37,-15.79,-22.86,-28.0416
2021-01-29 06:00,-45.38,-44.51,-15.89,-22.86,-28.0416
2021-01-29 07:00,-45.62,-44.55,-16.12,-22.86,-28.0416
2021-01-29 08:00,-45.72,-44.7,-16.35,-23.1648,-28.0416
2021-01-29 09:00,-45.83,-44.84,-16.45,-23.1648,-28.0416
2021-01-29 10:00,-45.87,-45.05,-16.6,-23.1648,-28.0416
2021-01-29 11:00,-45.89,-45,-16.69,-23.1648,-28.3464
2021-01-29 12:00,-45.76,-44.95,-16.54,-23.1648,-28.3464
2021-01-29 13:00,-45.78,-44.76,-16.69,-23.1648,-28.3464
2021-01-29 14:00,-45.99,-44.9,-16.87,-23.4696,-28.3464
2021-01-29 15:00,-45.88,-45.22,-16.77,-23.4696,-28.3464
2021-01-29 16:00,-45.84,-45.16,-16.86,-23.4696,-28.3464
2021-01-29 17:00,-45.74,-45.2,-16.71,-23.4696,-28.3464
2021-01-29 18:00,-46,-45.07,-16.83,-23.7744,-28.3464
2021-01-29 19:00,-45.91,-45.22,-16.93,-23.7744,-28.6512
2021-01-29 20:00,-45.96,-45.19,-17.07,-23.7744,-28.6512
2021-01-29 21:00,-46.03,-45.22,-17.15,-23.7744,-28.6512
2021-01-29 22:00,-46.08,-45.35,-17.27,-24.0792,-28.6512
2021-01-29 23:00,-46.29,-45.29,-17.54,-24.0792,-28.6512
2021-01-30 00:00,-46.35,-45.7,-17.56,-24.0792,-28.6512
2021-01-30 01:00,-46.24,-45.63,-17.62,-24.384,-28.6512
2021-01-30 02:00,-46.42,-45.43,-17.75,-24.384,-28.6512
2021-01-30 03:00,-46.37,-45.73,-17.84,-24.384,-28.956
2021-01-30 04:00,-46.51,-45.75,-17.96,-24.384,-28.956
2021-01-30 05:00,-46.6,-45.86,-18.16,-24.6888,-28.956
2021-01-30 06:00,-46.69,-45.93,-18.25,-24.6888,-28.956
2021-01-30 07:00,-46.82,-46.08,-18.38,-24.6888,-28.956
2021-01-30 08:00,-47.09,-46.15,-18.66,-24.9936,-28.956
2021-01-30 09:00,-47.05,-46.47,-18.74,-24.9936,-28.956
2021-01-30 10:00,-46.99,-46.48,-18.73,-24.9936,-28.956
2021-01-30 11:00,-47.1,-46.28,-18.75,-24.9936,-29.2608
2021-01-30 12:00,-46.92,-46.41,-18.72,-24.9936,-29.2608
2021-01-30 13:00,-46.84,-46.08,-18.67,-24.9936,-29.2608
2021-01-30 14:00,-46.85,-46.08,-18.61,-24.9936,-29.2608
2021-01-30 15:00,-46.97,-46.28,-18.76,-24.9936,-29.2608
2021-01-30 16:00,-46.86,-46.38,-18.65,-24.9936,-29.2608
2021-01-30 17:00,-46.88,-46.27,-18.64,-24.9936,-29.2608
2021-01-30 18:00,-46.84,-46.42,-18.76,-24.9936,-29.2608
2021-01-30 19:00,-46.71,-46.2,-18.71,-24.9936,-29.5656
2021-01-30 20:00,-47.06,-46.13,-18.95,-24.9936,-29.5656
2021-01-30 21:00,-47.07,-46.45,-19.02,-25.2984,-29.5656
2021-01-30 22:00,-47.05,-46.48,-19.15,-25.2984,-29.5656
2021-01-30 23:00,-47.08,-46.33,-19.09,-25.2984,-29.5656
2021-01-31 00:00,-47.3,-46.56,-19.28,-25.2984,-29.5656
2021-01-31 01:00,-47.47,-46.86,-19.42,-25.2984,-29.5656
2021-01-31 02:00,-47.46,-46.88,-19.59,-25.2984,-29.5656
2021-01-31 03:00,-47.55,-46.87,-19.61,-25.2984,-29.5656
2021-01-31 04:00,-47.4,-47.12,-19.57,-25.6032,-29.8704
2021-01-31 05:00,-47.55,-46.7,-19.83,-25.6032,-29.8704
2021-01-31 06:00,-47.2,-46.94,-19.59,-25.6032,-29.8704
2021-01-31 07:00,-47.32,-46.99,-19.77,-25.6032,-29.8704
2021-01-31 08:00,-47.3,-46.83,-19.6,-25.6032,-29.8704
2021-01-31 09:00,-47.41,-46.7,-19.79,-25.6032,-29.8704
2021-01-31 10:00,-47.73,-47.12,-19.88,-25.6032,-29.8704
2021-01-31 11:00,-47.61,-47.14,-19.21,-24.9936,-29.8704
2021-01-31 12:00,-47.36,-47.13,-17.51,-23.1648,-29.2608
2021-01-31 13:00,-46.88,-46.86,-15.71,-21.336,-28.3464
2021-01-31 14:00,-46.25,-46.55,-13.56,-19.5072,-26.5176
2021-01-31 15:00,-44.04,-46.07,-10.6,-16.764,-24.6888
2021-01-31 16:00,-42.36,-44.07,-9.59,-15.8496,-24.0792
2021-01-31 17:00,-41.81,-41.62,-9.45,-16.1544,-23.7744
2021-01-31 18:00,-41.24,-40.68,-9.04,-16.1544,-23.4696
2021-01-31 19:00,-40.56,-40.13,-8.69,-16.4592,-23.1648
2021-01-31 20:00,-40.36,-39.51,-8.94,-16.764,-23.1648
2021-01-31 21:00,-40.41,-39.22,-9.23,-17.0688,-23.1648
2021-01-31 22:00,-39.95,-39.28,-8.58,-17.0688,-22.86
2021-01-31 23:00,-39.62,-38.69,-7.66,-15.8496,-22.5552
2021-02-01 00:00,-39.19,-38.4,-7.25,-15.8496,-22.2504
2021-02-01 01:00,-38.62,-38.03,-6.77,-15.5448,-21.9456
2021-02-01 02:00,-38.58,-37.29,-6.92,-15.5448,-21.6408
2021-02-01 03:00,-37.84,-37.24,-6.83,-16.1544,-21.6408
2021-02-01 04:00,-37.97,-36.42,-7.17,-16.4592,-21.6408
2021-02-01 05:00,-38.21,-36.54,-7.62,-16.764,-21.6408
2021-02-01 06:00,-38.07,-36.68,-7.78,-16.764,-21.6408
2021-02-01 07:00,-38.23,-36.61,-7.95,-17.0688,-21.6408
2021-02-01 08:00,-38.46,-36.7,-8.2,-17.3736,-21.6408
2021-02-01 09:00,-38.21,-36.9,-8.21,-17.3736,-21.9456
2021-02-01 10:00,-38.42,-36.76,-8.5,-17.6784,-21.9456
2021-02-01 11:00,-38.65,-36.85,-8.66,-17.6784,-21.9456
2021-02-01 12:00,-38.76,-37.17,-8.94,-17.9832,-21.9456
2021-02-01 13:00,-38.88,-37.26,-9.07,-17.9832,-21.9456
2021-02-01 14:00,-38.99,-37.5,-9.15,-18.288,-22.2504
2021-02-01 15:00,-39.13,-37.68,-9.35,-18.288,-22.2504
2021-02-01 16:00,-39.18,-37.87,-9.39,-18.288,-22.2504
2021-02-01 17:00,-39.14,-37.69,-9.34,-18.5928,-22.2504
2021-02-01 18:00,-38.96,-37.74,-9.28,-18.5928,-22.5552
2021-02-01 19:00,-39.41,-37.58,-9.67,-18.5928,-22.5552
2021-02-01 20:00,-39.33,-38.1,-9.64,-18.5928,-22.5552
2021-02-01 21:00,-39.38,-37.94,-9.79,-18.8976,-22.5552
2021-02-01 22:00,-39.65,-37.96,-9.99,-18.8976,-22.86
2021-02-01 23:00,-39.7,-38.3,-10.09,-18.8976,-22.86
2021-02-02 00:00,-39.68,-38.35,-10.08,-19.2024,-22.86
2021-02-02 01:00,-39.84,-38.43,-10.23,-19.2024,-22.86
2021-02-02 02:00,-40.08,-38.55,-10.41,-19.2024,-22.86
2021-02-02 03:00,-40.14,-38.81,-10.54,-19.2024,-23.1648
2021-02-02 04:00,-40.38,-38.78,-10.79,-19.5072,-23.1648
2021-02-02 05:00,-40.32,-39.17,-10.81,-19.5072,-23.1648
2021-02-02 06:00,-40.43,-39.1,-10.92,-19.5072,-23.1648
2021-02-02 07:00,-40.55,-39.28,-10.99,-19.5072,-23.1648
2021-02-02 08:00,-40.69,-39.37,-11.2,-19.812,-23.4696
2021-02-02 09:00,-40.87,-39.5,-11.41,-19.812,-23.4696
2021-02-02 10:00,-41.04,-39.71,-11.6,-19.812,-23.4696
2021-02-02 11:00,-40.93,-39.9,-11.53,-19.812,-23.4696
2021-02-02 12:00,-40.93,-39.8,-11.55,-19.812,-23.4696
2021-02-02 13:00,-41.25,-39.81,-11.87,-20.1168,-23.7744
2021-02-02 14:00,-41.34,-40.22,-12.03,-20.1168,-23.7744
2021-02-02 15:00,-41.37,-40.27,-12,-20.1168,-23.7744
2021-02-02 16:00,-41.45,-40.29,-12.15,-20.1168,-23.7744
2021-02-02 17:00,-41.55,-40.49,-12.17,-20.4216,-23.7744
2021-02-02 18:00,-41.54,-40.52,-12.24,-20.4216,-24.0792
2021-02-02 19:00,-41.54,-40.53,-12.23,-20.4216,-24.0792
2021-02-02 20:00,-41.56,-40.56,-12.29,-20.4216,-24.0792
2021-02-02 21:00,-41.72,-40.63,-12.42,-20.7264,-24.0792
2021-02-02 22:00,-41.65,-40.73,-12.35,-20.7264,-24.384
2021-02-02 23:00,-41.88,-40.73,-12.57,-20.7264,-24.384
2021-02-03 00:00,-41.89,-40.83,-12.66,-20.7264,-24.384
2021-02-03 01:00,-41.96,-40.9,-12.76,-20.7264,-24.384
2021-02-03 02:00,-42.03,-41.13,-12.81,-20.7264,-24.384
2021-02-03 03:00,-42.14,-41.04,-12.9,-21.0312,-24.384
2021-02-03 04:00,-42.19,-41.23,-12.97,-21.0312,-24.6888
2021-02-03 05:00,-42.31,-41.24,-13.14,-21.0312,-24.6888
2021-02-03 06:00,-42.35,-41.39,-13.17,-21.0312,-24.6888
2021-02-03 07:00,-42.46,-41.47,-13.3,-21.0312,-24.6888
2021-02-03 08:00,-42.66,-41.6,-13.51,-21.336,-24.9936
2021-02-03 09:00,-42.78,-41.85,-13.67,-21.336,-24.9936
2021-02-03 10:00,-42.95,-41.87,-13.82,-21.336,-24.9936
2021-02-03 11:00,-42.69,-42.09,-13.49,-21.336,-24.9936
2021-02-03 12:00,-42.89,-41.89,-13.86,-21.336,-24.9936
2021-02-03 13:00,-42.56,-41.73,-13.58,-21.336,-24.9936
2021-02-03 14:00,-42.66,-41.61,-13.91,-21.6408,-25.2984
2021-02-03 15:00,-42.64,-41.78,-13.79,-21.6408,-25.2984
2021-02-03 16:00,-42.46,-41.73,-13.68,-21.6408,-25.2984
2021-02-03 17:00,-42.78,-41.63,-13.93,-21.6408,-25.2984
2021-02-03 18:00,-42.91,-41.94,-14.04,-21.9456,-25.2984
2021-02-03 19:00,-43.04,-42.07,-14.21,-21.9456,-25.6032
2021-02-03 20:00,-43.07,-42.22,-14.32,-21.9456,-25.6032
2021-02-03 21:00,-43.22,-42.27,-14.5,-21.9456,-25.6032
2021-02-03 22:00,-43.25,-42.45,-14.5,-21.9456,-25.6032
2021-02-03 23:00,-43.24,-42.44,-14.6,-21.9456,-25.6032
2021-02-04 00:00,-43.42,-42.51,-14.76,-22.2504,-25.908
2021-02-04 01:00,-43.33,-42.65,-14.72,-22.2504,-25.908
2021-02-04 02:00,-43.54,-42.54,-14.95,-22.2504,-25.908
2021-02-04 03:00,-43.59,-42.8,-14.96,-22.2504,-25.908
2021-02-04 04:00,-43.6,-42.81,-15.08,-22.2504,-25.908
2021-02-04 05:00,-43.6,-42.86,-15.17,-22.5552,-25.908
2021-02-04 06:00,-43.86,-42.69,-15.32,-22.5552,-26.2128
2021-02-04 07:00,-43.75,-43.05,-15.41,-22.5552,-26.2128
2021-02-04 08:00,-44.07,-42.95,-15.63,-22.5552,-26.2128
2021-02-04 09:00,-44.11,-43.31,-15.68,-22.86,-26.2128
2021-02-04 10:00,-44.18,-43.33,-15.77,-22.86,-26.2128
2021-02-04 11:00,-44.2,-43.46,-15.71,-22.86,-26.2128
2021-02-04 12:00,-44.18,-43.38,-15.78,-22.86,-26.5176
2021-02-04 13:00,-44.11,-43.22,-15.73,-22.86,-26.5176
2021-02-04 14:00,-44.26,-43.24,-15.87,-22.86,-26.5176
2021-02-04 15:00,-44.37,-43.44,-16.02,-22.86,-26.5176
2021-02-04 16:00,-44.39,-43.6,-16.1,-22.86,-26.5176
2021-02-04 17:00,-44.3,-43.73,-16.04,-22.86,-26.8224
2021-02-04 18:00,-44.15,-43.64,-15.91,-23.1648,-26.8224
2021-02-04 19:00,-44.27,-43.55,-16,-23.1648,-26.8224
2021-02-04 20:00,-44.4,-43.7,-16.19,-23.1648,-26.8224
2021-02-04 21:00,-44.69,-43.55,-16.37,-23.1648,-26.8224
2021-02-04 22:00,-44.61,-43.88,-16.44,-23.1648,-26.8224
2021-02-04 23:00,-44.61,-43.91,-16.47,-23.1648,-26.8224
2021-02-05 00:00,-44.67,-44.02,-16.45,-23.1648,-27.1272
2021-02-05 01:00,-44.55,-44.01,-16.57,-23.4696,-27.1272
2021-02-05 02:00,-44.75,-43.95,-16.74,-23.4696,-27.1272
2021-02-05 03:00,-44.56,-44.06,-16.6,-23.4696,-27.1272
2021-02-05 04:00,-44.86,-43.76,-16.91,-23.4696,-27.1272
2021-02-05 05:00,-44.9,-44.29,-16.93,-23.4696,-27.1272
2021-02-05 06:00,-44.79,-44.28,-16.96,-23.4696,-27.1272
2021-02-05 07:00,-45.12,-44.12,-17.07,-23.4696,-27.432
2021-02-05 08:00,-44.94,-44.67,-16.96,-23.7744,-27.432
2021-02-05 09:00,-45.14,-44.64,-16.96,-23.7744,-27.432
2021-02-05 10:00,-45.17,-44.47,-17.2,-23.7744,-27.432
2021-02-05 11:00,-45.15,-44.79,-17.07,-23.4696,-27.432
2021-02-05 12:00,-45.01,-44.47,-16.89,-23.4696,-27.432
2021-02-05 13:00,-44.9,-44.42,-16.45,-23.1648,-27.432
2021-02-05 14:00,-45.2,-44.46,-15.77,-21.9456,-27.1272
2021-02-05 15:00,-45.01,-44.68,-14.31,-20.4216,-26.5176
2021-02-05 16:00,-45.1,-44.62,-13.85,-20.1168,-26.2128
2021-02-05 17:00,-45.2,-44.32,-14.13,-20.4216,-26.2128
2021-02-05 18:00,-44.91,-44.21,-13.76,-20.4216,-26.2128
2021-02-05 19:00,-44.82,-44.08,-13.77,-20.7264,-26.2128
2021-02-05 20:00,-44.46,-43.93,-13.63,-20.7264,-26.2128
2021-02-05 21:00,-44.54,-43.49,-13.93,-21.0312,-26.2128
2021-02-05 22:00,-44.52,-43.43,-13.88,-21.0312,-26.2128
2021-02-05 23:00,-44.48,-43.42,-14.2,-21.0312,-26.2128
2021-02-06 00:00,-44.28,-43.38,-14.06,-21.336,-26.2128
2021-02-06 01:00,-44.45,-43.11,-14.04,-21.336,-26.2128
2021-02-06 02:00,-44.22,-43.28,-14.2,-21.6408,-26.2128
2021-02-06 03:00,-44.74,-43.21,-14.43,-21.6408,-26.2128
2021-02-06 04:00,-44.71,-43.24,-14.49,-21.6408,-26.2128
2021-02-06 05:00,-44.57,-43.13,-14.8,-21.6408,-26.5176
2021-02-06 06:00,-44.49,-43.06,-14.6,-21.9456,-26.5176
2021-02-06 07:00,-44.63,-43.3,-14.74,-21.9456,-26.5176
2021-02-06 08:00,-44.44,-43.53,-14.81,-21.9456,-26.5176
2021-02-06 09:00,-44.99,-43.44,-15.17,-22.2504,-26.5176
2021-02-06 10:00,-45.15,-43.82,-15.23,-22.2504,-26.5176
2021-02-06 11:00,-44.94,-44.27,-15.27,-22.2504,-26.8224
2021-02-06 12:00,-44.67,-43.84,-15.23,-22.2504,-26.8224
2021-02-06 13:00,-44.61,-43.53,-15.11,-22.5552,-26.8224
2021-02-06 14:00,-44.79,-43.33,-15.46,-22.5552,-26.8224
2021-02-06 15:00,-44.81,-43.66,-15.47,-22.5552,-26.8224
2021-02-06 16:00,-44.97,-43.71,-15.63,-22.5552,-26.8224
2021-02-06 17:00,-44.88,-44.05,-15.56,-22.86,-27.1272
2021-02-06 18:00,-44.52,-43.92,-15.39,-22.86,-27.1272
2021-02-06 19:00,-44.58,-43.4,-15.47,-22.86,-27.1272
2021-02-06 20:00,-44.61,-43.25,-15.68,-22.86,-27.1272
2021-02-06 21:00,-44.94,-43.27,-15.86,-22.86,-27.1272
2021-02-06 22:00,-44.9,-43.98,-16.01,-23.1648,-27.1272
2021-02-06 23:00,-44.9,-43.8,-16.05,-23.1648,-27.1272
2021-02-07 00:00,-44.92,-43.87,-16.17,-23.1648,-27.432
2021-02-07 01:00,-44.9,-43.76,-15.87,-23.1648,-27.432
2021-02-07 02:00,-45.19,-43.95,-15.9,-23.1648,-27.432
2021-02-07 03:00,-44.51,-44.13,-15.35,-22.86,-27.432
2021-02-07 04:00,-44.5,-43.65,-14.5,-22.5552,-27.432
2021-02-07 05:00,-44.61,-43.59,-15.18,-22.2504,-27.1272
2021-02-07 06:00,-44.58,-43.54,-14.48,-21.336,-27.1272
2021-02-07 07:00,-44.83,-43.86,-14.07,-21.336,-26.8224
2021-02-07 08:00,-44.75,-44.35,-13.92,-20.7264,-26.5176
2021-02-07 09:00,-44.82,-44.04,-14.24,-20.7264,-26.5176
2021-02-07 10:00,-44.42,-43.98,-14.05,-21.0312,-26.5176
2021-02-07 11:00,-44.48,-43.73,-14.04,-21.0312,-26.5176
2021-02-07 12:00,-44.35,-43.79,-13.98,-21.0312,-26.5176
2021-02-07 13:00,-44.05,-43.77,-13.96,-21.336,-26.2128
2021-02-07 14:00,-44.24,-43.44,-14.31,-21.336,-26.2128
2021-02-07 15:00,-44.23,-43.53,-14.38,-21.336,-26.5176
2021-02-07 16:00,-44.43,-43.71,-14.7,-21.6408,-26.5176
2021-02-07 17:00,-44.13,-43.92,-14.52,-21.6408,-26.5176
2021-02-07 18:00,-44.31,-43.55,-14.72,-21.9456,-26.5176
2021-02-07 19:00,-44.25,-43.71,-14.85,-21.9456,-26.5176
2021-02-07 20:00,-44.37,-43.7,-15.07,-21.9456,-26.5176
2021-02-07 21:00,-44.52,-43.72,-15.29,-22.2504,-26.5176
2021-02-07 22:00,-44.6,-43.92,-15.45,-22.2504,-26.8224
2021-02-07 23:00,-44.64,-43.91,-15.51,-22.2504,-26.8224
2021-02-08 00:00,-44.74,-44,-15.66,-22.5552,-26.8224
2021-02-08 01:00,-44.82,-44.02,-15.84,-22.5552,-26.8224
2021-02-08 02:00,-44.92,-44.13,-15.91,-22.5552,-26.8224
2021-02-08 03:00,-44.46,-44.27,-15.72,-22.86,-26.8224
2021-02-08 04:00,-45.08,-43.83,-16.3,-22.86,-26.8224
2021-02-08 05:00,-44.96,-44.39,-16.25,-22.86,-27.1272
2021-02-08 06:00,-45.02,-44.25,-16.21,-22.86,-27.1272
2021-02-08 07:00,-45.26,-44.38,-16.45,-23.1648,-27.1272
2021-02-08 08:00,-45.32,-44.73,-16.67,-23.1648,-27.1272
2021-02-08 09:00,-45.38,-44.74,-16.79,-23.1648,-27.1272
2021-02-08 10:00,-45.41,-44.61,-16.77,-23.1648,-27.1272
2021-02-08 11:00,-45.24,-44.73,-16.8,-23.1648,-27.432
2021-02-08 12:00,-45.25,-44.58,-16.79,-23.4696,-27.432
2021-02-08 13:00,-45.21,-44.5,-16.82,-23.4696,-27.432
2021-02-08 14:00,-45.34,-44.51,-16.92,-23.4696,-27.432
2021-02-08 15:00,-45.31,-44.67,-16.97,-23.4696,-27.432
2021-02-08 16:00,-45,-44.69,-16.62,-23.4696,-27.432
2021-02-08 17:00,-45.04,-44.38,-16.71,-23.7744,-27.7368
2021-02-08 18:00,-45.09,-44.35,-16.87,-23.7744,-27.7368
2021-02-08 19:00,-45.19,-44.49,-17,-23.7744,-27.7368
2021-02-08 20:00,-45.13,-44.41,-17,-23.7744,-27.7368
2021-02-08 21:00,-45.31,-44.53,-17.09,-23.7744,-27.7368
2021-02-08 22:00,-45.31,-44.67,-17.19,-23.7744,-27.7368
2021-02-08 23:00,-45.26,-44.59,-17.29,-24.0792,-27.7368
2021-02-09 00:00,-45.54,-44.55,-17.54,-24.0792,-27.7368
2021-02-09 01:00,-45.5,-44.88,-17.53,-24.0792,-27.7368
2021-02-09 02:00,-45.67,-44.81,-17.67,-24.0792,-28.0416
2021-02-09 03:00,-45.7,-44.97,-17.8,-24.0792,-28.0416
2021-02-09 04:00,-45.79,-45.14,-17.92,-24.0792,-28.0416
2021-02-09 05:00,-45.93,-45.19,-18.01,-24.0792,-28.0416
2021-02-09 06:00,-46,-45.24,-18.07,-24.384,-28.0416
2021-02-09 07:00,-46.16,-45.62,-18.13,-24.384,-28.0416
2021-02-09 08:00,-46.07,-45.48,-18.18,-24.384,-28.0416
2021-02-09 09:00,-46.03,-45.65,-18.15,-24.384,-28.0416
2021-02-09 10:00,-45.92,-45.43,-18.09,-24.384,-28.3464
2021-02-09 11:00,-45.79,-45.27,-18.01,-24.384,-28.3464
2021-02-09 12:00,-45.69,-45.23,-18.07,-24.384,-28.3464
2021-02-09 13:00,-45.9,-45.17,-18.3,-24.6888,-28.3464
2021-02-09 14:00,-45.81,-45.38,-18.24,-24.6888,-28.3464
2021-02-09 15:00,-46.06,-45.29,-18.49,-24.6888,-28.3464
2021-02-09 16:00,-46.01,-45.63,-18.48,-24.6888,-28.6512
2021-02-09 17:00,-45.79,-45.53,-18.19,-24.6888,-28.6512
2021-02-09 18:00,-45.64,-45.41,-18.2,-24.6888,-28.6512
2021-02-09 19:00,-45.82,-45.19,-18.39,-24.9936,-28.6512
2021-02-09 20:00,-45.97,-45.41,-18.48,-24.9936,-28.6512
2021-02-09 21:00,-46.04,-45.72,-18.59,-24.9936,-28.6512
2021-02-09 22:00,-46.17,-45.56,-18.78,-24.9936,-28.6512
2021-02-09 23:00,-46.11,-45.72,-18.77,-24.9936,-28.6512
2021-02-10 00:00,-46.35,-45.59,-19.1,-24.9936,-28.6512
2021-02-10 01:00,-46.47,-45.96,-19.25,-24.9936,-28.6512
2021-02-10 02:00,-46.4,-46,-19.13,-25.2984,-28.956
2021-02-10 03:00,-46.33,-45.9,-19.03,-25.2984,-28.956
2021-02-10 04:00,-46.3,-45.88,-19.1,-25.2984,-28.956
2021-02-10 05:00,-46.29,-45.89,-19.15,-25.2984,-28.956
2021-02-10 06:00,-46.43,-45.86,-19.49,-25.2984,-28.956
2021-02-10 07:00,-46.59,-45.97,-19.4,-25.2984,-28.956
2021-02-10 08:00,-46.52,-46.4,-19.43,-25.2984,-29.2608
2021-02-10 09:00,-46.74,-46,-19.62,-25.6032,-29.2608
2021-02-10 10:00,-46.65,-46.3,-19.66,-25.6032,-29.2608
2021-02-10 11:00,-46.72,-46.24,-19.99,-25.6032,-29.2608
2021-02-10 12:00,-46.96,-46.17,-19.9,-25.6032,-29.2608
2021-02-10 13:00,-46.78,-46.55,-19.91,-25.6032,-29.2608
2021-02-10 14:00,-46.73,-46.38,-19.78,-25.6032,-29.2608
2021-02-10 15:00,-46.67,-46.29,-19.8,-25.6032,-29.2608
2021-02-10 16:00,-46.59,-46.28,-19.69,-25.908,-29.2608
2021-02-10 17:00,-46.68,-46.21,-19.86,-25.908,-29.5656
2021-02-10 18:00,-46.7,-46.35,-19.92,-25.908,-29.5656
2021-02-10 19:00,-46.86,-46.36,-20.17,-25.908,-29.5656
2021-02-10 20:00,-46.77,-46.47,-20.17,-25.908,-29.5656
2021-02-10 21:00,-46.75,-46.36,-20.07,-25.908,-29.5656
2021-02-10 22:00,-46.85,-46.71,-20.12,-25.908,-29.5656
2021-02-10 23:00,-46.71,-46.37,-20.07,-26.2128,-29.5656
2021-02-11 00:00,-47.15,-46.3,-20.68,-26.2128,-29.5656
2021-02-11 01:00,-47.22,-46.8,-20.59,-26.2128,-29.5656
2021-02-11 02:00,-47.28,-46.88,-20.68,-26.2128,-29.8704
2021-02-11 03:00,-47.21,-46.9,-20.78,-26.2128,-29.8704
2021-02-11 04:00,-47.29,-46.76,-20.69,-26.2128,-29.8704
2021-02-11 05:00,-47.16,-47.02,-20.6,-26.2128,-29.8704
2021-02-11 06:00,-47.36,-46.8,-20.77,-26.2128,-29.8704
2021-02-11 07:00,-47.39,-47.06,-20.84,-26.2128,-29.8704
2021-02-11 08:00,-47.53,-47.19,-21.26,-26.2128,-29.8704
2021-02-11 09:00,-47.56,-47.34,-21.01,-26.2128,-29.8704
2021-02-11 10:00,-47.72,-47.19,-21.1,-26.5176,-29.8704
2021-02-11 11:00,-47.44,-47.3,-20.9,-26.5176,-29.8704
2021-02-11 12:00,-47.38,-46.97,-20.98,-26.5176,-30.1752
2021-02-11 13:00,-47.44,-47.26,-21.14,-26.5176,-30.1752
2021-02-11 14:00,-47.3,-47.11,-21.01,-26.5176,-30.1752
2021-02-11 15:00,-47.54,-46.86,-21.18,-26.5176,-30.1752
2021-02-11 16:00,-47.48,-47.19,-21.29,-26.5176,-30.1752
2021-02-11 17:00,-47.25,-46.99,-20.9,-26.5176,-30.1752
2021-02-11 18:00,-47.85,-47.14,-21.16,-26.8224,-30.1752
2021-02-11 19:00,-48,-47.81,-20.63,-26.2128,-30.1752
2021-02-11 20:00,-47.23,-48.25,-19.73,-25.6032,-30.1752
2021-02-11 21:00,-47.4,-47.04,-19.1,-24.6888,-29.8704
2021-02-11 22:00,-47.52,-47.03,-18.35,-23.7744,-29.5656
2021-02-11 23:00,-47.01,-46.9,-17.03,-22.86,-29.2608
2021-02-12 00:00,-46.73,-46.8,-16.5,-22.2504,-28.956
2021-02-12 01:00,-45.99,-46.41,-16.01,-21.9456,-28.6512
2021-02-12 02:00,-45.71,-45.55,-15.75,-22.2504,-28.3464
2021-02-12 03:00,-46.29,-45.33,-16.17,-22.2504,-28.3464
2021-02-12 04:00,-45.89,-45.92,-16.08,-22.2504,-28.3464
2021-02-12 05:00,-45.85,-45.41,-16.06,-22.5552,-28.3464
2021-02-12 06:00,-46,-45.25,-16.39,-22.5552,-28.3464
2021-02-12 07:00,-46.09,-45.48,-16.36,-22.5552,-28.3464
2021-02-12 08:00,-45.73,-45.71,-16.42,-22.5552,-28.3464
2021-02-12 09:00,-45.74,-45.07,-16.19,-22.5552,-28.0416
2021-02-12 10:00,-45.61,-45.13,-15.91,-22.2504,-28.0416
2021-02-12 11:00,-45.84,-45.15,-16.07,-22.2504,-28.0416
2021-02-12 12:00,-45.56,-45.39,-15.94,-22.2504,-28.0416
2021-02-12 13:00,-45.26,-45.08,-15.72,-22.2504,-28.0416
2021-02-12 14:00,-45.32,-44.82,-15.89,-22.2504,-27.7368
2021-02-12 15:00,-45.38,-44.73,-15.79,-22.2504,-27.7368
2021-02-12 16:00,-45.37,-44.73,-15.87,-21.9456,-27.7368
2021-02-12 17:00,-45.15,-44.74,-15.63,-22.2504,-27.7368
2021-02-12 18:00,-45.27,-44.76,-15.87,-22.2504,-27.7368
2021-02-12 19:00,-45.22,-44.94,-15.79,-22.2504,-27.7368
2021-02-12 20:00,-45.05,-44.77,-15.82,-22.2504,-27.7368
2021-02-12 21:00,-45.08,-44.59,-15.8,-22.2504,-27.7368
2021-02-12 22:00,-45.12,-44.59,-15.93,-22.5552,-27.7368
2021-02-12 23:00,-45,-44.57,-15.74,-22.2504,-27.7368
2021-02-13 00:00,-44.94,-44.48,-15.68,-22.2504,-27.7368
2021-02-13 01:00,-45.01,-44.45,-15.5,-22.2504,-27.7368
2021-02-13 02:00,-44.91,-44.54,-15.51,-22.2504,-27.7368
2021-02-13 03:00,-44.9,-44.19,-15.65,-22.5552,-27.7368
2021-02-13 04:00,-44.86,-44.33,-15.66,-22.5552,-27.7368
2021-02-13 05:00,-44.78,-44.36,-15.76,-22.5552,-27.7368
2021-02-13 06:00,-45,-44.23,-16.02,-22.86,-27.7368
2021-02-13 07:00,-44.95,-44.53,-16.13,-22.86,-27.7368
2021-02-13 08:00,-45.17,-44.35,-16.37,-22.86,-27.7368
2021-02-13 09:00,-45.23,-44.62,-16.45,-22.86,-27.7368
2021-02-13 10:00,-45.18,-44.74,-15.95,-22.5552,-27.7368
2021-02-13 11:00,-45.03,-44.63,-15.52,-21.9456,-27.432
2021-02-13 12:00,-44.84,-44.57,-14.87,-21.336,-27.1272
2021-02-13 13:00,-44.82,-44.33,-14.28,-20.7264,-26.5176
2021-02-13 14:00,-44.2,-44.55,-13.08,-19.812,-25.908
2021-02-13 15:00,-43.64,-43.91,-12.67,-19.2024,-25.6032
2021-02-13 16:00,-42.98,-43.24,-12.23,-19.2024,-25.2984
2021-02-13 17:00,-42.63,-42.36,-12.15,-19.5072,-25.2984
2021-02-13 18:00,-42.22,-41.97,-12.09,-19.812,-25.2984
2021-02-13 19:00,-42.47,-41.45,-12.52,-19.812,-25.2984
2021-02-13 20:00,-42.39,-41.52,-12.2,-19.812,-24.9936
2021-02-13 21:00,-42.39,-41.5,-11.98,-19.2024,-24.9936
2021-02-13 22:00,-42.02,-41.47,-11.86,-19.5072,-24.9936
2021-02-13 23:00,-42.13,-41.1,-12.09,-19.5072,-24.9936
2021-02-14 00:00,-42.23,-41.18,-12.27,-19.812,-24.9936
2021-02-14 01:00,-42.12,-41.52,-12.28,-19.812,-24.9936
2021-02-14 02:00,-41.92,-41.14,-12.27,-20.1168,-24.9936
2021-02-14 03:00,-41.78,-40.93,-12.22,-20.1168,-24.9936
2021-02-14 04:00,-41.57,-40.91,-12.19,-20.1168,-24.9936
2021-02-14 05:00,-42.1,-40.58,-12.8,-20.4216,-24.9936
2021-02-14 06:00,-42.25,-41.44,-12.98,-20.4216,-25.2984
2021-02-14 07:00,-41.98,-41.31,-12.9,-20.4216,-25.2984
2021-02-14 08:00,-41.92,-41.15,-12.79,-20.7264,-25.2984
2021-02-14 09:00,-42.2,-41.2,-12.46,-19.5072,-24.9936
2021-02-14 10:00,-41.82,-41.39,-10.87,-18.5928,-24.6888
2021-02-14 11:00,-41.84,-41.04,-10.54,-17.6784,-24.384
2021-02-14 12:00,-41.38,-40.72,-10.2,-17.6784,-24.0792
2021-02-14 13:00,-41.26,-39.9,-10.09,-17.6784,-24.0792
2021-02-14 14:00,-40.82,-39.53,-9.9,-17.9832,-23.7744
2021-02-14 15:00,-40.8,-39.26,-9.71,-17.3736,-23.4696
2021-02-14 16:00,-40.53,-39.12,-9.08,-17.0688,-22.86
2021-02-14 17:00,-40.12,-38.81,-8.39,-16.4592,-22.5552
2021-02-14 18:00,-39.85,-38.42,-8.13,-16.1544,-22.2504
2021-02-14 19:00,-39.11,-38.1,-7.72,-16.1544,-21.9456
2021-02-14 20:00,-39.05,-37.17,-7.65,-16.4592,-21.6408
2021-02-14 21:00,-37.48,-37.37,-4.86,-14.3256,-19.812
2021-02-14 22:00,-35.53,-35.84,-3.13,-12.192,-18.5928
2021-02-14 23:00,-34.42,-33.55,-3.28,-12.4968,-18.288
2021-02-15 00:00,-34.06,-32.39,-3.66,-13.1064,-18.288
2021-02-15 01:00,-34.08,-31.85,-3.87,-13.4112,-18.288
2021-02-15 02:00,-34,-32.06,-4.04,-14.0208,-18.288
2021-02-15 03:00,-34.01,-31.59,-4.3,-14.0208,-18.288
2021-02-15 04:00,-34.04,-31.64,-4.42,-14.3256,-18.288
2021-02-15 05:00,-34.31,-31.72,-4.74,-14.6304,-18.5928
2021-02-15 06:00,-34.36,-31.91,-4.7,-14.9352,-18.5928
2021-02-15 07:00,-34.58,-31.88,-5.14,-14.9352,-18.5928
2021-02-15 08:00,-34.76,-32.21,-5.27,-15.24,-18.8976
2021-02-15 09:00,-34.97,-32.41,-5.43,-15.24,-18.8976
2021-02-15 10:00,-35.01,-32.46,-5.53,-15.5448,-18.8976
2021-02-15 11:00,-35.18,-32.44,-5.87,-15.5448,-19.2024
2021-02-15 12:00,-35.37,-32.68,-5.98,-15.8496,-19.2024
2021-02-15 13:00,-35.58,-32.82,-6.1,-15.8496,-19.2024
2021-02-15 14:00,-35.62,-32.94,-6.25,-16.1544,-19.2024
2021-02-15 15:00,-35.86,-33.09,-6.3,-16.1544,-19.5072
2021-02-15 16:00,-35.74,-33.36,-6.31,-16.1544,-19.5072
2021-02-15 17:00,-35.66,-33.24,-6.35,-16.4592,-19.5072
2021-02-15 18:00,-36.02,-33.03,-6.58,-16.4592,-19.812
2021-02-15 19:00,-35.87,-33.75,-6.44,-16.4592,-19.812
2021-02-15 20:00,-36.02,-33.44,-6.67,-16.764,-19.812
2021-02-15 21:00,-36.2,-33.6,-6.84,-16.764,-19.812
2021-02-15 22:00,-36.5,-33.66,-7.42,-16.764,-20.1168
2021-02-15 23:00,-36.32,-34.1,-7.03,-16.764,-20.1168
2021-02-16 00:00,-36.6,-33.86,-7.45,-17.0688,-20.1168
2021-02-16 01:00,-36.85,-34.07,-7.68,-17.0688,-20.4216
2021-02-16 02:00,-37.02,-34.5,-6.06,-15.5448,-19.5072
2021-02-16 03:00,-35.77,-34.62,-3.55,-13.716,-18.8976
2021-02-16 04:00,-35.78,-32.89,-4.28,-14.3256,-18.8976
2021-02-16 05:00,-35.39,-32.82,-4.4,-14.6304,-18.8976
2021-02-16 06:00,-35.13,-32.6,-4.34,-14.9352,-18.8976
2021-02-16 07:00,-35.66,-32.09,-5.16,-15.24,-19.2024
2021-02-16 08:00,-35.82,-32.92,-5.34,-15.5448,-19.2024
2021-02-16 09:00,-35.65,-32.6,-5.32,-15.5448,-19.2024
2021-02-16 10:00,-35.75,-32.57,-5.54,-15.8496,-19.5072
2021-02-16 11:00,-35.78,-32.71,-5.79,-15.8496,-19.5072
2021-02-16 12:00,-36.26,-32.85,-6.1,-16.1544,-19.812
2021-02-16 13:00,-36.24,-33.23,-6.28,-16.1544,-19.812
2021-02-16 14:00,-36.71,-33.46,-6.69,-16.4592,-19.812
2021-02-16 15:00,-36.49,-33.83,-6.75,-16.4592,-19.812
2021-02-16 16:00,-36.53,-33.83,-6.77,-16.764,-20.1168
2021-02-16 17:00,-36.17,-33.68,-6.58,-16.764,-20.1168
2021-02-16 18:00,-36.55,-33.47,-6.89,-16.764,-20.4216
2021-02-16 19:00,-36.59,-33.88,-7.02,-16.764,-20.4216
2021-02-16 20:00,-36.83,-33.96,-7.41,-17.0688,-20.4216
2021-02-16 21:00,-36.9,-34.16,-7.46,-17.0688,-20.7264
2021-02-16 22:00,-36.85,-34.29,-7.47,-17.0688,-20.7264
2021-02-16 23:00,-36.9,-34.26,-7.44,-17.3736,-20.7264
2021-02-17 00:00,-37.18,-34.22,-7.7,-17.3736,-21.0312
2021-02-17 01:00,-37.27,-34.5,-7.88,-17.3736,-21.0312
2021-02-17 02:00,-37.33,-34.79,-7.89,-17.3736,-21.0312
2021-02-17 03:00,-37.3,-34.69,-7.99,-17.3736,-21.0312
2021-02-17 04:00,-37.47,-34.9,-8.11,-17.6784,-21.336
2021-02-17 05:00,-37.65,-35.12,-8.28,-17.6784,-21.336
2021-02-17 06:00,-37.99,-35.24,-8.63,-17.6784,-21.336
2021-02-17 07:00,-37.95,-35.25,-8.58,-17.6784,-21.336
2021-02-17 08:00,-37.95,-35.47,-8.64,-17.9832,-21.6408
2021-02-17 09:00,-38.36,-35.52,-8.98,-17.9832,-21.6408
2021-02-17 10:00,-38.26,-35.72,-9.09,-17.9832,-21.6408
2021-02-17 11:00,-38.33,-35.83,-9.07,-17.9832,-21.6408
2021-02-17 12:00,-38.47,-35.8,-9.26,-18.288,-21.9456
2021-02-17 13:00,-37.94,-35.9,-8.95,-18.288,-21.9456
2021-02-17 14:00,-38.44,-35.52,-9.39,-18.288,-21.9456
2021-02-17 15:00,-38.57,-36.06,-9.32,-18.288,-22.2504
2021-02-17 16:00,-38.35,-36.32,-9.35,-18.5928,-22.2504
2021-02-17 17:00,-38.52,-36.05,-9.5,-18.5928,-22.2504
2021-02-17 18:00,-38.81,-36.2,-9.59,-18.5928,-22.2504
2021-02-17 19:00,-38.53,-36.48,-9.55,-18.5928,-22.5552
2021-02-17 20:00,-38.73,-36.32,-9.68,-18.8976,-22.5552
2021-02-17 21:00,-38.81,-36.36,-9.74,-18.8976,-22.5552
2021-02-17 22:00,-39,-36.5,-10.12,-18.8976,-22.5552
2021-02-17 23:00,-39.04,-36.86,-9.85,-18.8976,-22.5552
2021-02-18 00:00,-39.3,-37.11,-10.12,-18.8976,-22.86
2021-02-18 01:00,-39.29,-37.08,-10.27,-18.8976,-22.86
2021-02-18 02:00,-39.46,-37.11,-10.39,-19.2024,-22.86
2021-02-18 03:00,-39.43,-37.26,-10.53,-19.2024,-22.86
2021-02-18 04:00,-39.76,-37.29,-10.71,-19.2024,-23.1648
2021-02-18 05:00,-39.35,-37.56,-10.54,-19.2024,-23.1648
2021-02-18 06:00,-39.66,-37.16,-10.53,-19.2024,-23.1648
2021-02-18 07:00,-39.62,-37.97,-9.61,-18.5928,-22.2504
2021-02-18 08:00,-39.35,-37.45,-7.04,-14.9352,-21.6408
2021-02-18 09:00,-38.84,-37.62,-6.34,-15.8496,-21.336
2021-02-18 10:00,-38.51,-36.5,-7.12,-16.1544,-21.336
2021-02-18 11:00,-40.47,-36.68,-6.95,-16.1544,-21.336
2021-02-18 12:00,-39.09,-38.53,-4.19,-14.0208,-19.812
2021-02-18 13:00,-36.31,-36.73,-2.8,-12.192,-19.2024
2021-02-18 14:00,-35.53,-33.63,-3.24,-12.8016,-19.2024
2021-02-18 15:00,-35.18,-32.96,-3.04,-13.1064,-18.8976
2021-02-18 16:00,-34.99,-32.27,-2.3,-12.192,-18.5928
2021-02-18 17:00,-34.7,-31.95,-2.56,-12.4968,-18.5928
2021-02-18 18:00,-34.43,-31.77,-2.6,-13.1064,-18.5928
2021-02-18 19:00,-33.76,-31.64,-1.77,-12.192,-17.6784
2021-02-18 20:00,-33.36,-31.49,-1.75,-11.5824,-17.0688
2021-02-18 21:00,-32.49,-29.95,-1.3,-10.9728,-16.764
2021-02-18 22:00,-32.6,-29.19,-0.97,-11.5824,-16.764
2021-02-18 23:00,-32.2,-29.56,-1.52,-11.8872,-16.764
2021-02-19 00:00,-31.75,-29.07,-1.17,-12.192,-16.764
2021-02-19 01:00,-32.04,-28.42,-1.73,-12.192,-16.4592
2021-02-19 02:00,-32.07,-28.36,-0.84,-11.5824,-16.4592
2021-02-19 03:00,-31.77,-28.46,-0.99,-11.5824,-16.1544
2021-02-19 04:00,-31.56,-27.96,-0.94,-11.5824,-16.1544
2021-02-19 05:00,-31.32,-28.52,-0.57,-11.5824,-16.1544
2021-02-19 06:00,-31.1,-27.56,-0.83,-11.5824,-15.8496
2021-02-19 07:00,-30.83,-27.09,-0.36,-11.2776,-15.5448
2021-02-19 08:00,-30.24,-27.09,0.32,-10.668,-14.6304
2021-02-19 09:00,-29.36,-26.33,0.54,-9.7536,-14.0208
2021-02-19 10:00,-28.33,-25.11,1.01,-9.7536,-13.716
2021-02-19 11:00,-28.36,-24.3,0.65,-9.7536,-13.716
2021-02-19 12:00,-27.57,-24.11,0.53,-9.7536,-13.4112
2021-02-19 13:00,-27.79,-21.83,1.21,-9.7536,-13.4112
2021-02-19 14:00,-28.09,-23.18,1.15,-9.4488,-13.1064
2021-02-19 15:00,-26.72,-22.96,1.76,-9.4488,-12.8016
2021-02-19 16:00,-27.18,-21.67,1.53,-9.144,-12.4968
2021-02-19 17:00,-26.52,-22.28,1.67,-9.144,-12.4968
2021-02-19 18:00,-26.28,-21.47,1.71,-9.4488,-12.4968
2021-02-19 19:00,-26.26,-21.42,1.74,-9.7536,-12.8016
2021-02-19 20:00,-26.06,-20.99,1.74,-9.7536,-12.8016
2021-02-19 21:00,-26.95,-21.27,1.08,-10.0584,-13.1064
2021-02-19 22:00,-27.08,-21.72,0.83,-10.0584,-13.4112
2021-02-19 23:00,-27.32,-21.13,0.57,-10.3632,-13.4112
2021-02-20 00:00,-27.68,-21.61,0.33,-10.3632,-13.716
2021-02-20 01:00,-27.82,-22.03,0.19,-10.3632,-13.716
2021-02-20 02:00,-28.16,-22.08,-0.11,-10.668,-14.0208
2021-02-20 03:00,-28.38,-22.23,-0.32,-10.668,-14.3256
2021-02-20 04:00,-28.58,-22.5,-0.49,-10.668,-14.3256
2021-02-20 05:00,-28.72,-22.78,-0.56,-10.9728,-14.6304
2021-02-20 06:00,-29.03,-22.93,-0.8,-10.9728,-14.6304
2021-02-20 07:00,-29.29,-23.18,-1.01,-10.9728,-14.9352
2021-02-20 08:00,-29.7,-23.57,-1.29,-11.2776,-14.9352
2021-02-20 09:00,-29.72,-23.98,-1.33,-11.2776,-14.9352
2021-02-20 10:00,-29.88,-23.96,-1.55,-11.2776,-15.24
2021-02-20 11:00,-30.16,-24.14,-1.73,-11.5824,-15.24
2021-02-20 12:00,-30.31,-24.31,-1.92,-11.5824,-15.5448
2021-02-20 13:00,-30.38,-24.48,-2,-11.5824,-15.5448
2021-02-20 14:00,-30.43,-24.62,-2.02,-11.5824,-15.8496
2021-02-20 15:00,-30.65,-24.66,-2.22,-11.8872,-15.8496
2021-02-20 16:00,-30.87,-25.09,-2.32,-11.8872,-16.1544
2021-02-20 17:00,-30.97,-25.2,-2.37,-12.192,-16.1544
2021-02-20 18:00,-31,-25.44,-2.38,-12.192,-16.4592
2021-02-20 19:00,-31.19,-25.56,-2.48,-12.192,-16.4592
2021-02-20 20:00,-31.42,-25.71,-2.7,-12.192,-16.764
2021-02-20 21:00,-31.5,-26.05,-2.73,-12.4968,-16.764
2021-02-20 22:00,-31.65,-26.09,-2.83,-12.4968,-16.764
2021-02-20 23:00,-31.82,-26.28,-2.98,-12.4968,-17.0688
2021-02-21 00:00,-32.03,-26.5,-3.24,-12.8016,-17.0688
2021-02-21 01:00,-32.01,-26.72,-3.13,-12.8016,-17.0688
2021-02-21 02:00,-32.42,-26.88,-3.56,-12.8016,-17.3736
2021-02-21 03:00,-32.38,-27.25,-3.49,-13.1064,-17.3736
2021-02-21 04:00,-32.46,-27.21,-3.58,-13.1064,-17.6784
2021-02-21 05:00,-32.78,-27.26,-3.81,-13.1064,-17.6784
2021-02-21 06:00,-32.88,-27.62,-3.88,-13.1064,-17.6784
2021-02-21 07:00,-32.98,-27.8,-4.07,-13.4112,-17.9832
2021-02-21 08:00,-33.44,-28,-4.39,-13.4112,-17.9832
2021-02-21 09:00,-33.52,-28.45,-4.43,-13.4112,-18.288
2021-02-21 10:00,-33.39,-28.45,-4.37,-13.4112,-18.288
2021-02-21 11:00,-33.39,-28.53,-4.26,-13.4112,-18.288
2021-02-21 12:00,-33.08,-28.52,-4.17,-13.716,-18.5928
2021-02-21 13:00,-33.62,-28.04,-4.43,-13.716,-18.5928
2021-02-21 14:00,-33.53,-28.71,-4.34,-13.716,-18.5928
2021-02-21 15:00,-33.37,-28.56,-4.25,-14.0208,-18.8976
2021-02-21 16:00,-33.6,-28.67,-4.51,-14.0208,-18.8976
2021-02-21 17:00,-33.79,-28.89,-4.77,-14.0208,-18.8976
2021-02-21 18:00,-33.86,-29.26,-4.86,-14.0208,-19.2024
2021-02-21 19:00,-34.02,-29.38,-4.96,-14.3256,-19.2024
2021-02-21 20:00,-34.08,-29.57,-5.08,-14.3256,-19.2024
2021-02-21 21:00,-34.33,-29.7,-5.27,-14.3256,-19.5072
2021-02-21 22:00,-34.54,-29.76,-5.52,-14.3256,-19.5072
2021-02-21 23:00,-34.37,-30.03,-5.26,-14.6304,-19.5072
2021-02-22 00:00,-34.67,-30.02,-5.58,-14.6304,-19.5072
2021-02-22 01:00,-34.57,-30.32,-5.72,-14.6304,-19.812
2021-02-22 02:00,-35.06,-30.37,-5.88,-14.6304,-19.812
2021-02-22 03:00,-35.24,-30.85,-6.1,-14.9352,-19.812
2021-02-22 04:00,-35.2,-30.98,-6.17,-14.9352,-20.1168
2021-02-22 05:00,-35.23,-31.04,-6.09,-14.9352,-20.1168
2021-02-22 06:00,-35.46,-31.25,-6.42,-14.9352,-20.1168
2021-02-22 07:00,-35.64,-31.47,-6.5,-15.24,-20.4216
2021-02-22 08:00,-35.6,-31.75,-6.5,-15.24,-20.4216
2021-02-22 09:00,-35.2,-31.72,-6.17,-15.24,-20.4216
2021-02-22 10:00,-35.25,-31.42,-6.41,-15.24,-20.4216
2021-02-22 11:00,-35.75,-31.48,-6.67,-15.24,-20.4216
2021-02-22 12:00,-35.86,-32.32,-6.81,-15.24,-20.7264
2021-02-22 13:00,-34.97,-32.44,-5.85,-15.5448,-20.7264
2021-02-22 14:00,-35.76,-31.08,-6.72,-15.5448,-20.7264
2021-02-22 15:00,-35.95,-32.34,-6.69,-15.5448,-21.0312
2021-02-22 16:00,-35.63,-32.4,-6.45,-15.5448,-20.7264
2021-02-22 17:00,-35.41,-32.2,-3.92,-12.8016,-19.812
2021-02-22 18:00,-34.54,-32.16,-2.45,-11.8872,-18.8976
2021-02-22 19:00,-34.16,-31.09,-2.71,-12.192,-18.8976
2021-02-22 20:00,-33.86,-30.36,-2.95,-12.4968,-18.8976
2021-02-22 21:00,-33.69,-30.18,-3.06,-12.8016,-18.8976
2021-02-22 22:00,-33.84,-29.99,-3.57,-13.1064,-19.2024
2021-02-22 23:00,-33.84,-30.05,-3.67,-13.4112,-19.2024
2021-02-23 00:00,-33.81,-30.24,-3.73,-13.4112,-19.2024
2021-02-23 01:00,-33.94,-30.19,-3.94,-13.716,-19.2024
2021-02-23 02:00,-33.88,-30.49,-3.97,-13.716,-19.5072
2021-02-23 03:00,-33.99,-30.17,-4.3,-14.0208,-19.5072
2021-02-23 04:00,-34.18,-30.52,-4.38,-14.0208,-19.5072
2021-02-23 05:00,-34.43,-30.67,-4.59,-14.0208,-19.812
2021-02-23 06:00,-34.51,-30.96,-4.68,-14.3256,-19.812
2021-02-23 07:00,-34.72,-31.12,-5.07,-14.3256,-19.812
2021-02-23 08:00,-34.99,-31.18,-5.15,-14.3256,-19.812
2021-02-23 09:00,-35.08,-31.56,-5.45,-14.6304,-20.1168
2021-02-23 10:00,-35.07,-31.82,-5.28,-14.6304,-20.1168
2021-02-23 11:00,-35.01,-31.77,-5.54,-14.6304,-20.1168
2021-02-23 12:00,-35.23,-31.64,-5.59,-14.6304,-20.4216
2021-02-23 13:00,-35.56,-31.73,-5.89,-14.9352,-20.4216
2021-02-23 14:00,-35.35,-32.24,-5.91,-14.9352,-20.4216
2021-02-23 15:00,-35.49,-32.19,-5.94,-15.24,-20.7264
2021-02-23 16:00,-35.61,-32.32,-6.14,-15.24,-20.7264
2021-02-23 17:00,-35.44,-32.61,-6,-15.24,-20.7264
2021-02-23 18:00,-35.66,-32.6,-6.19,-15.24,-20.7264
2021-02-23 19:00,-35.69,-32.81,-6.29,-15.5448,-21.0312
2021-02-23 20:00,-35.77,-32.74,-6.4,-15.5448,-21.0312
2021-02-23 21:00,-35.77,-32.89,-6.51,-15.5448,-21.0312
2021-02-23 22:00,-36.12,-32.9,-6.79,-15.5448,-21.0312
2021-02-23 23:00,-35.99,-33.3,-6.68,-15.8496,-21.336
2021-02-24 00:00,-36.16,-33.13,-6.82,-15.8496,-21.336
2021-02-24 01:00,-36.29,-33.35,-7.05,-15.8496,-21.336
2021-02-24 02:00,-36.06,-33.37,-6.92,-15.8496,-21.336
2021-02-24 03:00,-36.36,-33.15,-7.12,-16.1544,-21.6408
2021-02-24 04:00,-36.47,-33.59,-7.22,-16.1544,-21.6408
2021-02-24 05:00,-36.6,-33.98,-7.41,-16.1544,-21.6408
2021-02-24 06:00,-36.94,-33.87,-7.65,-16.1544,-21.6408
2021-02-24 07:00,-36.87,-34.25,-7.63,-16.1544,-21.9456
2021-02-24 08:00,-37.17,-34.23,-7.97,-16.4592,-21.9456
2021-02-24 09:00,-37.16,-34.61,-7.96,-16.4592,-21.9456
2021-02-24 10:00,-37.01,-34.55,-7.83,-16.4592,-21.9456
2021-02-24 11:00,-36.97,-34.42,-7.87,-16.4592,-22.2504
2021-02-24 12:00,-37.01,-34.37,-7.98,-16.764,-22.2504
2021-02-24 13:00,-37.18,-34.41,-8.1,-16.764,-22.2504
2021-02-24 14:00,-37.16,-34.73,-8.07,-16.764,-22.2504
2021-02-24 15:00,-37.26,-34.73,-8.32,-16.764,-22.5552
2021-02-24 16:00,-37.51,-34.97,-8.57,-17.0688,-22.5552
2021-02-24 17:00,-37.43,-35.19,-8.54,-17.0688,-22.5552
2021-02-24 18:00,-37.27,-35.21,-8.47,-17.0688,-22.5552
2021-02-24 19:00,-37.37,-35.14,-8.59,-17.0688,-22.5552
2021-02-24 20:00,-37.48,-35.19,-8.54,-17.0688,-22.86
2021-02-24 21:00,-37.47,-35.32,-8.56,-17.3736,-22.86
2021-02-24 22:00,-37.58,-35.34,-8.72,-17.3736,-22.86
2021-02-24 23:00,-37.79,-35.44,-9,-17.3736,-22.86
2021-02-25 00:00,-37.82,-35.79,-9,-17.3736,-23.1648
2021-02-25 01:00,-37.77,-35.75,-8.97,-17.3736,-23.1648
2021-02-25 02:00,-37.93,-35.79,-9.19,-17.6784,-23.1648
2021-02-25 03:00,-38.04,-35.94,-9.29,-17.6784,-23.1648
2021-02-25 04:00,-38.14,-36.13,-9.45,-17.6784,-23.1648
2021-02-25 05:00,-38.33,-36.28,-9.62,-17.6784,-23.4696
2021-02-25 06:00,-38.24,-36.49,-9.49,-17.6784,-23.4696
2021-02-25 07:00,-38.46,-36.46,-9.71,-17.9832,-23.4696
2021-02-25 08:00,-38.52,-36.74,-9.72,-17.9832,-23.4696
2021-02-25 09:00,-38.56,-36.88,-9.74,-17.9832,-23.4696
2021-02-25 10:00,-38.54,-36.83,-9.69,-17.9832,-23.7744
2021-02-25 11:00,-38.54,-36.79,-9.92,-17.9832,-23.7744
2021-02-25 12:00,-38.44,-36.9,-9.77,-18.288,-23.7744
2021-02-25 13:00,-38.64,-36.69,-9.98,-18.288,-23.7744
2021-02-25 14:00,-38.67,-36.88,-10.11,-18.288,-24.0792
2021-02-25 15:00,-38.72,-37.14,-10.23,-18.5928,-24.0792
2021-02-25 16:00,-38.66,-37.21,-10.3,-18.5928,-24.0792
2021-02-25 17:00,-38.84,-37.12,-10.32,-18.5928,-24.0792
2021-02-25 18:00,-39.05,-37.4,-10.45,-18.5928,-24.0792
2021-02-25 19:00,-39.08,-37.57,-10.68,-18.5928,-24.384
2021-02-25 20:00,-39.1,-37.7,-10.62,-18.8976,-24.384
2021-02-25 21:00,-39.24,-37.67,-10.81,-18.8976,-24.384
2021-02-25 22:00,-39.34,-37.89,-10.91,-18.8976,-24.384
2021-02-25 23:00,-39.4,-37.91,-11.01,-18.8976,-24.384
2021-02-26 00:00,-39.42,-38,-10.96,-18.8976,-24.6888
2021-02-26 01:00,-39.5,-38.11,-11.08,-19.2024,-24.6888
2021-02-26 02:00,-39.64,-38.16,-11.21,-19.2024,-24.6888
2021-02-26 03:00,-39.69,-38.43,-11.31,-19.2024,-24.6888
2021-02-26 04:00,-39.79,-38.59,-11.54,-19.2024,-24.6888
2021-02-26 05:00,-39.74,-38.6,-11.3,-19.2024,-24.6888
2021-02-26 06:00,-40.19,-38.54,-11.73,-19.2024,-24.9936
2021-02-26 07:00,-39.68,-39.09,-11.39,-19.5072,-24.9936
2021-02-26 08:00,-40.12,-38.44,-11.92,-19.5072,-24.9936
2021-02-26 09:00,-40.23,-39.09,-11.9,-19.5072,-24.9936
2021-02-26 10:00,-40.11,-39.28,-11.81,-19.5072,-24.9936
2021-02-26 11:00,-40.25,-38.99,-11.93,-19.5072,-24.9936
2021-02-26 12:00,-40.16,-39,-11.9,-19.5072,-25.2984
2021-02-26 13:00,-39.99,-38.98,-11.85,-19.812,-25.2984
2021-02-26 14:00,-40.43,-38.97,-12.08,-19.812,-25.2984
2021-02-26 15:00,-40.12,-39.49,-11.92,-19.812,-25.2984
2021-02-26 16:00,-40.28,-39.07,-12.04,-19.812,-25.2984
2021-02-26 17:00,-40.26,-39.24,-12.16,-19.812,-25.6032
2021-02-26 18:00,-40.01,-39.32,-11.69,-19.812,-25.6032
2021-02-26 19:00,-40.29,-39.08,-11.96,-19.812,-25.6032
2021-02-26 20:00,-40.23,-39.28,-11.92,-19.812,-25.6032
2021-02-26 21:00,-40.47,-39.37,-11.47,-19.2024,-25.6032
2021-02-26 22:00,-40.11,-39.62,-9.91,-17.3736,-24.9936
2021-02-26 23:00,-40,-39.38,-8.75,-16.1544,-24.0792
2021-02-27 00:00,-39.49,-39.09,-7.03,-14.6304,-22.86
2021-02-27 01:00,-38.04,-38.56,-5.79,-13.716,-22.2504
2021-02-27 02:00,-37.87,-36.68,-6.2,-14.3256,-22.2504
2021-02-27 03:00,-37.77,-36.45,-6.56,-14.6304,-22.2504
2021-02-27 04:00,-37.54,-36.35,-6.69,-14.9352,-22.2504
2021-02-27 05:00,-37.66,-36.16,-6.9,-15.24,-22.2504
2021-02-27 06:00,-37.67,-36.3,-7.04,-15.5448,-22.2504
2021-02-27 07:00,-37.8,-36.29,-7.3,-15.5448,-22.5552
2021-02-27 08:00,-37.86,-36.46,-7.38,-15.8496,-22.5552
2021-02-27 09:00,-37.77,-36.56,-7.64,-15.8496,-22.5552
2021-02-27 10:00,-37.83,-36.42,-7.66,-16.1544,-22.5552
2021-02-27 11:00,-37.98,-36.44,-7.97,-16.1544,-22.5552
2021-02-27 12:00,-37.89,-36.52,-8.04,-16.4592,-22.5552
2021-02-27 13:00,-38.07,-36.46,-8.12,-16.4592,-22.86
2021-02-27 14:00,-38.14,-36.65,-8.29,-16.4592,-22.86
2021-02-27 15:00,-38.18,-36.84,-8.46,-16.764,-22.86
2021-02-27 16:00,-38.09,-36.9,-8.46,-16.764,-23.1648
2021-02-27 17:00,-38.16,-36.95,-8.52,-17.0688,-23.1648
2021-02-27 18:00,-37.97,-36.9,-8.44,-17.0688,-23.1648
2021-02-27 19:00,-38.01,-36.8,-8.44,-17.0688,-23.1648
2021-02-27 20:00,-38.12,-36.79,-8.66,-17.3736,-23.4696
2021-02-27 21:00,-38.32,-36.93,-8.96,-17.3736,-23.4696
2021-02-27 22:00,-38.39,-37.18,-8.99,-17.3736,-23.4696
2021-02-27 23:00,-38.39,-37.25,-8.95,-17.3736,-23.4696
2021-02-28 00:00,-38.5,-37.19,-9.12,-17.6784,-23.4696
2021-02-28 01:00,-38.37,-37.39,-9.06,-17.6784,-23.4696
2021-02-28 02:00,-38.67,-37.28,-9.33,-17.6784,-23.7744
2021-02-28 03:00,-38.83,-37.46,-9.53,-17.6784,-23.7744
2021-02-28 04:00,-38.76,-37.73,-9.62,-17.9832,-23.7744
2021-02-28 05:00,-38.7,-37.78,-9.47,-17.9832,-23.7744
2021-02-28 06:00,-38.98,-37.64,-9.56,-17.9832,-23.7744
2021-02-28 07:00,-38.98,-37.81,-9.81,-17.9832,-24.0792
2021-02-28 08:00,-38.85,-37.86,-9.67,-17.9832,-24.0792
2021-02-28 09:00,-39.33,-37.85,-10.23,-17.9832,-24.0792
2021-02-28 10:00,-39.39,-38.45,-10.19,-18.288,-24.0792
2021-02-28 11:00,-39.46,-38.28,-9.87,-17.9832,-24.0792
2021-02-28 12:00,-39.31,-38.41,-9.65,-17.9832,-24.0792
2021-02-28 13:00,-39.75,-38.3,-10.16,-17.9832,-24.384
2021-02-28 14:00,-39.57,-38.7,-10.11,-17.9832,-24.384
2021-02-28 15:00,-39.75,-38.51,-10.35,-18.288,-24.384
2021-02-28 16:00,-39.91,-38.82,-10.5,-18.288,-24.384
2021-02-28 17:00,-39.65,-38.89,-10.37,-18.288,-24.384
2021-02-28 18:00,-39.73,-38.75,-10.32,-18.288,-24.6888
2021-02-28 19:00,-39.82,-38.93,-10.51,-18.5928,-24.6888
2021-02-28 20:00,-39.74,-38.97,-10.57,-18.5928,-24.6888
2021-02-28 21:00,-39.7,-38.89,-10.4,-18.5928,-24.6888
2021-02-28 22:00,-39.9,-38.93,-10.68,-18.5928,-24.6888
2021-02-28 23:00,-39.85,-39.1,-10.62,-18.8976,-24.6888
2021-03-01 00:00,-39.9,-39.06,-10.66,-18.8976,-24.9936
2021-03-01 01:00,-40,-39.09,-10.77,-18.8976,-24.9936
2021-03-01 02:00,-39.78,-39.29,-10.68,-18.8976,-24.9936
2021-03-01 03:00,-40.09,-39.09,-10.98,-18.8976,-24.9936
2021-03-01 04:00,-40.12,-39.36,-10.95,-18.8976,-24.9936
2021-03-01 05:00,-40.53,-39.36,-11.32,-19.2024,-24.9936
2021-03-01 06:00,-40.28,-39.84,-11.17,-19.2024,-25.2984
2021-03-01 07:00,-40.4,-39.51,-11.28,-19.2024,-25.2984
2021-03-01 08:00,-40.68,-39.75,-11.62,-19.2024,-25.2984
2021-03-01 09:00,-40.88,-40.07,-11.93,-19.2024,-25.2984
2021-03-01 10:00,-40.91,-40.23,-11.89,-19.5072,-25.2984
2021-03-01 11:00,-40.15,-40.25,-11.06,-19.5072,-25.6032
2021-03-01 12:00,-40.19,-39.48,-11.42,-19.5072,-25.6032
2021-03-01 13:00,-40.83,-39.55,-12.2,-19.5072,-25.6032
2021-03-01 14:00,-40.71,-40.12,-11.69,-19.5072,-25.6032
2021-03-01 15:00,-41.06,-39.93,-12.03,-19.812,-25.6032
2021-03-01 16:00,-40.79,-40.39,-11.95,-19.812,-25.6032
2021-03-01 17:00,-40.92,-40.47,-11.93,-19.812,-25.908
2021-03-01 18:00,-40.93,-40.3,-12.02,-19.812,-25.908
2021-03-01 19:00,-40.83,-40.33,-11.99,-20.1168,-25.908
2021-03-01 20:00,-40.88,-40.55,-12.1,-20.1168,-25.908
2021-03-01 21:00,-41.15,-40.51,-12.23,-20.1168,-25.908
2021-03-01 22:00,-41.26,-40.8,-12.36,-20.1168,-25.908
2021-03-01 23:00,-41.04,-40.96,-12.38,-20.1168,-25.908
2021-03-02 00:00,-41.38,-40.63,-12.6,-20.4216,-26.2128
2021-03-02 01:00,-41.36,-41.11,-12.66,-20.4216,-26.2128
2021-03-02 02:00,-41.54,-40.93,-12.83,-20.4216,-26.2128
2021-03-02 03:00,-41.64,-41.12,-12.9,-20.4216,-26.2128
2021-03-02 04:00,-41.71,-41.2,-13.03,-20.4216,-26.2128
2021-03-02 05:00,-41.79,-41.4,-13.11,-20.7264,-26.2128
2021-03-02 06:00,-41.82,-41.23,-13.19,-20.7264,-26.5176
2021-03-02 07:00,-42.14,-41.38,-13.45,-20.7264,-26.5176
2021-03-02 08:00,-42.19,-41.77,-13.5,-20.7264,-26.5176
2021-03-02 09:00,-42.15,-41.86,-13.71,-20.7264,-26.5176
2021-03-02 10:00,-42.09,-41.82,-13.52,-21.0312,-26.5176
2021-03-02 11:00,-42.13,-41.68,-13.68,-21.0312,-26.5176
2021-03-02 12:00,-42.03,-41.85,-13.43,-21.0312,-26.8224
2021-03-02 13:00,-42.04,-41.63,-13.56,-21.0312,-26.8224
2021-03-02 14:00,-42.21,-41.56,-13.85,-21.336,-26.8224
2021-03-02 15:00,-42.02,-41.91,-13.81,-21.336,-26.8224
2021-03-02 16:00,-42.25,-41.65,-14.03,-21.336,-26.8224
2021-03-02 17:00,-42.25,-42,-14.07,-21.336,-26.8224
2021-03-02 18:00,-42,-41.98,-13.99,-21.336,-27.1272
2021-03-02 19:00,-42.15,-41.65,-14.1,-21.6408,-27.1272
2021-03-02 20:00,-42.29,-41.96,-14.21,-21.6408,-27.1272
2021-03-02 21:00,-42.39,-42.21,-14.37,-21.6408,-27.1272
2021-03-02 22:00,-42.29,-42.02,-14.19,-21.6408,-27.1272
2021-03-02 23:00,-42.49,-42.27,-14.49,-21.6408,-27.1272
2021-03-03 00:00,-42.29,-42.37,-14.33,-21.6408,-27.1272
2021-03-03 01:00,-42.83,-42.18,-14.7,-21.9456,-27.432
2021-03-03 02:00,-42.66,-42.72,-14.64,-21.9456,-27.432
2021-03-03 03:00,-42.5,-42.43,-14.58,-21.9456,-27.432
2021-03-03 04:00,-42.55,-42.19,-14.65,-21.9456,-27.432
2021-03-03 05:00,-42.9,-42.37,-14.83,-21.9456,-27.432
2021-03-03 06:00,-42.74,-42.68,-14.95,-21.9456,-27.432
2021-03-03 07:00,-43.01,-42.55,-15.15,-22.2504,-27.432
2021-03-03 08:00,-43.28,-43.19,-15.26,-22.2504,-27.432
2021-03-03 09:00,-43.22,-43.61,-15.16,-22.2504,-27.7368
2021-03-03 10:00,-43.12,-43.12,-15.29,-22.2504,-27.7368
2021-03-03 11:00,-43.09,-42.93,-15.29,-22.2504,-27.7368
2021-03-03 12:00,-43.09,-43.13,-15.37,-22.2504,-27.7368
2021-03-03 13:00,-42.8,-43.01,-15.05,-22.5552,-27.7368
2021-03-03 14:00,-42.84,-42.75,-15.1,-22.5552,-27.7368
2021-03-03 15:00,-42.8,-42.88,-15.14,-22.5552,-28.0416
2021-03-03 16:00,-42.81,-42.87,-15.33,-22.86,-28.0416
2021-03-03 17:00,-43.06,-42.95,-15.46,-22.86,-28.0416
2021-03-03 18:00,-43.12,-43.23,-15.68,-22.86,-28.0416
2021-03-03 19:00,-43.25,-43.29,-15.8,-22.86,-28.0416
2021-03-03 20:00,-43.37,-43.44,-15.92,-22.86,-28.0416
2021-03-03 21:00,-43.47,-43.6,-16.06,-22.86,-28.0416
2021-03-03 22:00,-43.5,-43.72,-16.06,-23.1648,-28.3464
2021-03-03 23:00,-43.56,-43.66,-16.14,-23.1648,-28.3464
2021-03-04 00:00,-43.57,-43.8,-16.28,-23.1648,-28.3464
2021-03-04 01:00,-43.63,-43.82,-16.35,-23.1648,-28.3464
2021-03-04 02:00,-43.7,-43.93,-16.45,-23.1648,-28.3464
2021-03-04 03:00,-43.79,-43.91,-16.56,-23.1648,-28.3464
2021-03-04 04:00,-43.86,-44.05,-16.64,-23.4696,-28.3464
2021-03-04 05:00,-44.04,-44.12,-16.82,-23.4696,-28.3464
2021-03-04 06:00,-43.87,-44.34,-16.65,-23.4696,-28.6512
2021-03-04 07:00,-44.35,-44.24,-17.14,-23.4696,-28.6512
2021-03-04 08:00,-44.09,-44.68,-16.93,-23.4696,-28.6512
2021-03-04 09:00,-44.01,-44.45,-16.86,-23.4696,-28.6512
2021-03-04 10:00,-44,-44.38,-16.94,-23.4696,-28.6512
2021-03-04 11:00,-43.95,-44.3,-16.89,-23.7744,-28.6512
2021-03-04 12:00,-43.95,-44.24,-16.88,-23.7744,-28.956
2021-03-04 13:00,-43.97,-44.21,-17.04,-23.7744,-28.956
2021-03-04 14:00,-44.07,-44.26,-17.15,-24.0792,-28.956
2021-03-04 15:00,-44.08,-44.47,-17.3,-24.0792,-28.956
2021-03-04 16:00,-44.06,-44.55,-17.22,-24.0792,-28.956
2021-03-04 17:00,-44.04,-44.57,-17.32,-24.0792,-28.956
2021-03-04 18:00,-44.13,-44.6,-17.4,-24.0792,-29.2608
2021-03-04 19:00,-44.26,-44.64,-17.57,-24.0792,-29.2608
2021-03-04 20:00,-44.29,-44.76,-17.64,-24.384,-29.2608
2021-03-04 21:00,-44.32,-44.78,-17.65,-24.384,-29.2608
2021-03-04 22:00,-44.25,-44.9,-17.63,-24.384,-29.2608
2021-03-04 23:00,-44.57,-44.88,-17.95,-24.384,-29.2608
2021-03-05 00:00,-44.69,-45.14,-18.14,-24.384,-29.2608
2021-03-05 01:00,-44.64,-45.25,-18.01,-24.384,-29.2608
2021-03-05 02:00,-44.67,-45.22,-18.15,-24.6888,-29.2608
2021-03-05 03:00,-44.66,-45.15,-18.15,-24.6888,-29.5656
2021-03-05 04:00,-44.77,-45.2,-18.25,-24.6888,-29.5656
2021-03-05 05:00,-44.82,-45.38,-18.33,-24.6888,-29.5656
2021-03-05 06:00,-44.94,-45.44,-18.44,-24.6888,-29.5656
2021-03-05 07:00,-45.17,-45.54,-18.7,-24.6888,-29.5656
2021-03-05 08:00,-45.22,-45.8,-18.63,-24.6888,-29.5656
2021-03-05 09:00,-45.2,-45.87,-18.78,-24.9936,-29.5656
2021-03-05 10:00,-45.1,-45.68,-18.83,-24.9936,-29.5656
2021-03-05 11:00,-45.15,-45.66,-18.81,-24.9936,-29.8704
2021-03-05 12:00,-45.08,-45.61,-18.84,-24.9936,-29.8704
2021-03-05 13:00,-45.13,-45.72,-18.93,-24.9936,-29.8704
2021-03-05 14:00,-45.12,-45.83,-19.05,-25.2984,-29.8704
2021-03-05 15:00,-45.12,-45.75,-18.99,-25.2984,-29.8704
2021-03-05 16:00,-45.14,-45.73,-19.11,-25.2984,-29.8704
2021-03-05 17:00,-45.28,-45.83,-19.26,-25.2984,-30.1752
2021-03-05 18:00,-45.4,-45.92,-19.31,-25.2984,-30.1752
2021-03-05 19:00,-45.32,-46.12,-19.37,-25.6032,-30.1752
2021-03-05 20:00,-45.4,-45.98,-19.53,-25.6032,-30.1752
2021-03-05 21:00,-45.58,-46.05,-19.69,-25.6032,-30.1752
2021-03-05 22:00,-45.65,-46.22,-19.72,-25.6032,-30.1752
2021-03-05 23:00,-45.64,-46.32,-19.8,-25.6032,-30.1752
2021-03-06 00:00,-45.58,-46.28,-19.74,-25.6032,-30.1752
2021-03-06 01:00,-45.71,-46.26,-19.89,-25.908,-30.1752
2021-03-06 02:00,-45.9,-46.49,-20.05,-25.908,-30.48
2021-03-06 03:00,-45.76,-46.53,-20.01,-25.908,-30.48
2021-03-06 04:00,-45.87,-46.43,-20.13,-25.908,-30.48
2021-03-06 05:00,-46.01,-46.58,-20.23,-25.908,-30.48
2021-03-06 06:00,-45.73,-46.75,-20.11,-25.908,-30.48
2021-03-06 07:00,-46.05,-46.49,-20.36,-25.908,-30.48
2021-03-06 08:00,-46.04,-46.82,-20.52,-25.908,-30.48
2021-03-06 09:00,-46.07,-46.75,-20.46,-26.2128,-30.48
2021-03-06 10:00,-46.11,-46.78,-20.5,-26.2128,-30.48
2021-03-06 11:00,-45.87,-46.81,-20.25,-26.2128,-30.7848
2021-03-06 12:00,-45.9,-46.44,-20.42,-26.2128,-30.7848
2021-03-06 13:00,-46.14,-46.61,-20.73,-26.2128,-30.7848
2021-03-06 14:00,-45.94,-46.85,-20.58,-26.2128,-30.7848
2021-03-06 15:00,-46.07,-46.82,-20.69,-26.5176,-30.7848
2021-03-06 16:00,-45.97,-46.75,-20.63,-26.5176,-30.7848
2021-03-06 17:00,-46.08,-46.78,-20.79,-26.5176,-30.7848
2021-03-06 18:00,-46.08,-46.95,-20.8,-26.5176,-31.0896
2021-03-06 19:00,-46.17,-46.94,-20.94,-26.5176,-31.0896
2021-03-06 20:00,-46.31,-47.09,-21.08,-26.5176,-31.0896
2021-03-06 21:00,-46.43,-47.25,-21.23,-26.5176,-31.0896
2021-03-06 22:00,-46.46,-47.29,-21.28,-26.8224,-31.0896
2021-03-06 23:00,-46.48,-47.28,-21.32,-26.8224,-31.0896
2021-03-07 00:00,-46.43,-47.25,-21.32,-26.8224,-31.0896
2021-03-07 01:00,-46.36,-47.24,-21.27,-26.8224,-31.0896
2021-03-07 02:00,-46.49,-47.22,-21.5,-26.8224,-31.0896
2021-03-07 03:00,-46.57,-47.32,-21.4,-26.8224,-31.3944
2021-03-07 04:00,-46.81,-47.47,-21.78,-26.8224,-31.3944
2021-03-07 05:00,-46.77,-47.71,-21.77,-26.8224,-31.3944
2021-03-07 06:00,-46.73,-47.71,-21.74,-27.1272,-31.3944
2021-03-07 07:00,-46.89,-47.62,-22.02,-27.1272,-31.3944
2021-03-07 08:00,-46.93,-47.78,-21.98,-27.1272,-31.3944
2021-03-07 09:00,-46.9,-47.9,-21.93,-27.1272,-31.3944
2021-03-07 10:00,-46.78,-47.74,-21.83,-27.1272,-31.3944
2021-03-07 11:00,-46.75,-47.63,-21.81,-27.1272,-31.3944
2021-03-07 12:00,-46.8,-47.71,-21.82,-27.1272,-31.6992
2021-03-07 13:00,-46.53,-47.65,-21.61,-27.1272,-31.6992
2021-03-07 14:00,-46.79,-47.37,-22,-27.432,-31.6992
2021-03-07 15:00,-46.66,-47.72,-22.04,-27.432,-31.6992
2021-03-07 16:00,-46.95,-47.61,-22.28,-27.432,-31.6992
2021-03-07 17:00,-46.78,-47.87,-22.21,-27.432,-31.6992
2021-03-07 18:00,-46.91,-47.86,-22.34,-27.432,-31.6992
2021-03-07 19:00,-46.99,-47.88,-22.42,-27.432,-31.6992
2021-03-07 20:00,-47.03,-48.06,-22.5,-27.432,-31.6992
2021-03-07 21:00,-47.14,-48.01,-22.62,-27.7368,-32.004
2021-03-07 22:00,-47.36,-48.09,-22.79,-27.7368,-32.004
2021-03-07 23:00,-47.26,-48.32,-22.87,-27.7368,-32.004
2021-03-08 00:00,-47.38,-48.16,-22.96,-27.7368,-32.004
2021-03-08 01:00,-47.4,-48.34,-22.97,-27.7368,-32.004
2021-03-08 02:00,-47.29,-48.43,-23.02,-27.7368,-32.004
2021-03-08 03:00,-47.54,-48.23,-23.16,-27.7368,-32.004
2021-03-08 04:00,-47.49,-48.57,-23.22,-28.0416,-32.004
2021-03-08 05:00,-47.58,-48.53,-23.31,-28.0416,-32.004
2021-03-08 06:00,-47.7,-48.59,-23.44,-28.0416,-32.3088
2021-03-08 07:00,-47.96,-48.72,-23.71,-28.0416,-32.3088
2021-03-08 08:00,-47.85,-48.96,-23.67,-28.0416,-32.3088
2021-03-08 09:00,-47.76,-48.85,-23.65,-28.0416,-32.3088
2021-03-08 10:00,-47.84,-48.73,-23.68,-28.0416,-32.3088
2021-03-08 11:00,-47.8,-48.68,-23.56,-28.0416,-32.3088
2021-03-08 12:00,-47.53,-48.72,-23.44,-28.0416,-32.3088
2021-03-08 13:00,-47.55,-48.36,-23.35,-28.3464,-32.3088
2021-03-08 14:00,-47.63,-48.52,-23.54,-28.3464,-32.3088
2021-03-08 15:00,-47.51,-48.03,-23.55,-28.3464,-32.6136
2021-03-08 16:00,-47.6,-48.08,-23.73,-28.3464,-32.6136
2021-03-08 17:00,-47.2,-48,-23.38,-28.3464,-32.6136
2021-03-08 18:00,-47.52,-47.69,-23.8,-28.3464,-32.6136
2021-03-08 19:00,-47.63,-48.05,-23.86,-28.3464,-32.6136
2021-03-08 20:00,-47.68,-48.1,-23.97,-28.3464,-32.6136
2021-03-08 21:00,-47.77,-48.14,-24.11,-28.6512,-32.6136
2021-03-08 22:00,-47.75,-48.2,-24.16,-28.6512,-32.6136
2021-03-08 23:00,-47.85,-48.2,-24.32,-28.6512,-32.6136
2021-03-09 00:00,-47.93,-48.34,-24.41,-28.6512,-32.6136
2021-03-09 01:00,-47.88,-48.37,-24.41,-28.6512,-32.9184
2021-03-09 02:00,-47.81,-48.32,-24.45,-28.6512,-32.9184
2021-03-09 03:00,-48.03,-48.31,-24.63,-28.6512,-32.9184
2021-03-09 04:00,-48.06,-48.44,-24.67,-28.6512,-32.9184
2021-03-09 05:00,-48.06,-48.54,-24.76,-28.956,-32.9184
2021-03-09 06:00,-48.2,-48.53,-24.9,-28.956,-32.9184
2021-03-09 07:00,-48.36,-48.68,-25.08,-28.956,-32.9184
2021-03-09 08:00,-48.41,-48.89,-25.06,-28.956,-32.9184
2021-03-09 09:00,-48.31,-48.94,-25.08,-28.956,-32.9184
2021-03-09 10:00,-48.26,-48.85,-25.04,-28.956,-32.9184
2021-03-09 11:00,-48.19,-48.78,-24.98,-28.956,-32.9184
2021-03-09 12:00,-48.13,-48.62,-24.92,-28.956,-33.2232
2021-03-09 13:00,-48.1,-48.54,-25.08,-28.956,-33.2232
2021-03-09 14:00,-48.16,-48.53,-25.14,-28.956,-33.2232
2021-03-09 15:00,-48.35,-48.63,-25.23,-29.2608,-33.2232
2021-03-09 16:00,-48.11,-48.78,-25.2,-29.2608,-33.2232
2021-03-09 17:00,-47.95,-48.7,-25.01,-29.2608,-33.2232
2021-03-09 18:00,-48.12,-48.56,-25.13,-29.2608,-33.2232
2021-03-09 19:00,-48.26,-48.74,-25.27,-29.2608,-33.528
2021-03-09 20:00,-48.36,-48.85,-25.41,-29.2608,-33.528
2021-03-09 21:00,-48.49,-48.97,-25.58,-29.2608,-33.528
2021-03-09 22:00,-48.51,-49.04,-25.65,-29.2608,-33.528
2021-03-09 23:00,-48.54,-49.08,-25.58,-29.2608,-33.528
2021-03-10 00:00,-48.37,-49.12,-25.57,-29.5656,-33.528
2021-03-10 01:00,-48.45,-48.92,-25.64,-29.5656,-33.528
2021-03-10 02:00,-48.39,-49.01,-25.62,-29.5656,-33.528
2021-03-10 03:00,-48.44,-48.88,-25.66,-29.5656,-33.528
2021-03-10 04:00,-48.49,-48.96,-25.74,-29.5656,-33.528
2021-03-10 05:00,-48.58,-49.12,-25.84,-29.5656,-33.528
2021-03-10 06:00,-48.54,-49.18,-25.83,-29.5656,-33.8328
2021-03-10 07:00,-48.68,-49.14,-26.01,-29.5656,-33.8328
2021-03-10 08:00,-48.9,-49.33,-26.22,-29.5656,-33.8328
2021-03-10 09:00,-48.78,-49.48,-26.16,-29.5656,-33.8328
2021-03-10 10:00,-48.7,-49.3,-26.08,-29.5656,-33.8328
2021-03-10 11:00,-48.72,-49.34,-26.21,-29.8704,-33.8328
2021-03-10 12:00,-48.88,-49.31,-26.25,-29.8704,-33.8328
2021-03-10 13:00,-48.87,-49.42,-26.54,-29.8704,-33.8328
2021-03-10 14:00,-48.81,-49.36,-26.47,-29.8704,-33.8328
2021-03-10 15:00,-48.85,-49.32,-26.57,-29.8704,-34.1376
2021-03-10 16:00,-48.78,-49.44,-26.51,-29.8704,-34.1376
2021-03-10 17:00,-48.72,-49.37,-26.42,-29.8704,-34.1376
2021-03-10 18:00,-48.85,-49.36,-26.55,-30.1752,-34.1376
2021-03-10 19:00,-48.9,-49.55,-26.66,-30.1752,-34.1376
2021-03-10 20:00,-48.9,-49.64,-26.71,-30.1752,-34.1376
2021-03-10 21:00,-48.83,-49.59,-26.8,-30.1752,-34.1376
2021-03-10 22:00,-48.91,-49.46,-26.89,-30.1752,-34.1376
2021-03-10 23:00,-48.92,-49.47,-26.82,-30.1752,-34.1376
2021-03-11 00:00,-49.03,-49.53,-26.98,-30.1752,-34.4424
2021-03-11 01:00,-49.07,-49.6,-27.09,-30.1752,-34.4424
2021-03-11 02:00,-49.02,-49.66,-27.04,-30.1752,-34.4424
2021-03-11 03:00,-49.09,-49.6,-27.1,-30.48,-34.4424
2021-03-11 04:00,-49.24,-49.7,-27.22,-30.48,-34.4424
2021-03-11 05:00,-49.36,-49.87,-27.38,-30.48,-34.4424
2021-03-11 06:00,-49.37,-50.11,-27.46,-30.48,-34.4424
2021-03-11 07:00,-49.49,-50,-27.55,-30.48,-34.4424
2021-03-11 08:00,-49.35,-50.17,-27.48,-30.48,-34.4424
2021-03-11 09:00,-49.35,-49.96,-27.54,-30.48,-34.4424
2021-03-11 10:00,-49.49,-49.97,-27.59,-30.48,-34.4424
2021-03-11 11:00,-49.33,-50.09,-27.65,-30.48,-34.7472
2021-03-11 12:00,-49.32,-49.86,-27.81,-30.48,-34.7472
2021-03-11 13:00,-49.38,-49.93,-27.8,-30.7848,-34.7472
2021-03-11 14:00,-49.51,-49.96,-28.02,-30.7848,-34.7472
2021-03-11 15:00,-49.52,-50.11,-27.9,-30.7848,-34.7472
2021-03-11 16:00,-49.4,-50.11,-28.06,-30.7848,-34.7472
2021-03-11 17:00,-49.45,-50.01,-28,-30.7848,-34.7472
2021-03-11 18:00,-49.41,-50.15,-27.91,-30.7848,-34.7472
2021-03-11 19:00,-49.36,-50.15,-27.96,-31.0896,-34.7472
2021-03-11 20:00,-49.49,-50.06,-28.09,-31.0896,-35.052
2021-03-11 21:00,-49.3,-50.28,-27.9,-31.0896,-35.052
2021-03-11 22:00,-49.32,-50.08,-27.97,-31.0896,-35.052
2021-03-11 23:00,-49.47,-50.09,-28.13,-31.0896,-35.052
2021-03-12 00:00,-49.5,-50.14,-28.16,-31.0896,-35.052
2021-03-12 01:00,-49.39,-50.05,-28.13,-31.0896,-35.052
2021-03-12 02:00,-49.49,-50.1,-28.32,-31.0896,-35.052
2021-03-12 03:00,-49.61,-50.17,-28.39,-31.0896,-35.052
2021-03-12 04:00,-49.62,-50.24,-28.5,-31.0896,-35.052
2021-03-12 05:00,-49.75,-50.27,-28.57,-31.0896,-35.052
2021-03-12 06:00,-50.03,-50.42,-28.72,-31.0896,-35.052
2021-03-12 07:00,-49.81,-50.75,-28.7,-31.0896,-35.3568
2021-03-12 08:00,-50.01,-50.53,-28.8,-31.3944,-35.3568
2021-03-12 09:00,-50.12,-50.69,-28.89,-31.3944,-35.3568
2021-03-12 10:00,-50.13,-50.8,-29.11,-31.3944,-35.3568
2021-03-12 11:00,-50.05,-50.78,-29,-31.3944,-35.3568
2021-03-12 12:00,-49.97,-50.69,-28.95,-31.3944,-35.3568
2021-03-12 13:00,-49.81,-50.51,-29.01,-31.3944,-35.3568
2021-03-12 14:00,-49.92,-50.48,-29.16,-31.3944,-35.3568
2021-03-12 15:00,-50.03,-50.59,-29.19,-31.6992,-35.6616
2021-03-12 16:00,-49.96,-50.6,-29.28,-31.6992,-35.6616
2021-03-12 17:00,-49.8,-50.57,-29.16,-31.6992,-35.6616
2021-03-12 18:00,-49.92,-50.42,-29.19,-31.6992,-35.6616
2021-03-12 19:00,-49.93,-50.73,-29.31,-31.6992,-35.6616
2021-03-12 20:00,-49.88,-50.64,-29.29,-31.6992,-35.6616
2021-03-12 21:00,-49.95,-50.7,-29.28,-31.6992,-35.6616
2021-03-12 22:00,-49.98,-50.7,-29.37,-31.6992,-35.6616
2021-03-12 23:00,-49.96,-50.74,-29.5,-31.6992,-35.6616
2021-03-13 00:00,-49.91,-50.67,-29.43,-32.004,-35.6616
2021-03-13 01:00,-50.1,-50.68,-29.55,-32.004,-35.9664
2021-03-13 02:00,-50.19,-50.85,-29.75,-32.004,-35.9664
2021-03-13 03:00,-50.12,-50.87,-29.62,-32.004,-35.9664
2021-03-13 04:00,-50.11,-50.9,-29.81,-32.004,-35.9664
2021-03-13 05:00,-50.37,-50.83,-29.54,-32.004,-35.9664
2021-03-13 06:00,-50.23,-51.18,-29.69,-32.004,-35.9664
2021-03-13 07:00,-50.25,-51.01,-29.63,-32.004,-35.9664
2021-03-13 08:00,-50.55,-51.11,-29.85,-32.004,-35.9664
2021-03-13 09:00,-50.21,-51.33,-29.79,-32.004,-35.9664
2021-03-13 10:00,-50.35,-50.99,-29.85,-32.004,-35.9664
2021-03-13 11:00,-50.02,-51.09,-29.8,-32.004,-36.2712
2021-03-13 12:00,-50.16,-50.58,-29.94,-32.3088,-36.2712
2021-03-13 13:00,-50.14,-50.88,-30.08,-32.3088,-36.2712
2021-03-13 14:00,-50.14,-50.84,-30.19,-32.3088,-36.2712
2021-03-13 15:00,-50.36,-50.83,-30.34,-32.3088,-36.2712
2021-03-13 16:00,-50.21,-51.17,-30.26,-32.3088,-36.2712
2021-03-13 17:00,-50.27,-50.93,-30.33,-32.3088,-36.2712
2021-03-13 18:00,-50.51,-51.09,-30.71,-32.6136,-36.2712
2021-03-13 19:00,-50.79,-51.19,-30.9,-32.6136,-36.576
2021-03-13 20:00,-50.54,-51.6,-30.84,-32.6136,-36.576
2021-03-13 21:00,-50.74,-51.3,-30.79,-32.6136,-36.576
2021-03-13 22:00,-50.64,-51.55,-30.85,-32.6136,-36.576
2021-03-13 23:00,-50.56,-51.38,-30.83,-32.6136,-36.576
2021-03-14 00:00,-50.78,-51.27,-31.11,-32.6136,-36.576
2021-03-14 01:00,-50.64,-51.39,-31.04,-32.6136,-36.576
2021-03-14 02:00,-50.87,-51.32,-31.2,-32.6136,-36.576
2021-03-14 03:00,-50.81,-51.53,-31.18,-32.6136,-36.576
2021-03-14 04:00,-50.87,-51.47,-31.15,-32.6136,-36.576
2021-03-14 05:00,-50.92,-51.61,-31.27,-32.6136,-36.576
2021-03-14 06:00,-51.02,-51.65,-31.44,-32.6136,-36.576
2021-03-14 07:00,-51.02,-51.71,-31.39,-32.9184,-36.576
2021-03-14 08:00,-51.08,-51.8,-31.3,-32.9184,-36.8808
2021-03-14 09:00,-50.94,-51.97,-31.38,-32.9184,-36.8808
2021-03-14 10:00,-50.88,-51.62,-31.16,-32.9184,-36.8808
2021-03-14 11:00,-50.91,-51.56,-31.27,-32.9184,-36.8808
2021-03-14 12:00,-50.73,-51.55,-31.23,-32.9184,-36.8808
2021-03-14 13:00,-50.95,-51.27,-31.62,-32.9184,-36.8808
2021-03-14 14:00,-50.82,-51.52,-31.46,-32.9184,-36.8808
2021-03-14 15:00,-50.91,-51.43,-31.57,-32.9184,-36.8808
2021-03-14 16:00,-51.04,-51.65,-31.74,-33.2232,-37.1856
2021-03-14 17:00,-50.77,-51.67,-31.64,-33.2232,-37.1856
2021-03-14 18:00,-50.97,-51.58,-31.68,-33.2232,-37.1856
2021-03-14 19:00,-51.12,-51.73,-31.86,-33.2232,-37.1856
2021-03-14 20:00,-51.02,-51.9,-31.89,-33.2232,-37.1856
2021-03-14 21:00,-51.21,-51.73,-31.92,-33.2232,-37.1856
2021-03-14 22:00,-51.17,-52.14,-31.95,-33.2232,-37.1856
2021-03-14 23:00,-51.24,-51.96,-31.87,-33.2232,-37.1856
2021-03-15 00:00,-51.44,-52.07,-32.28,-33.2232,-37.1856
2021-03-15 01:00,-51.15,-52.28,-32.04,-33.2232,-37.1856
2021-03-15 02:00,-51.23,-52.07,-32.13,-33.2232,-37.1856
2021-03-15 03:00,-51.4,-52.09,-32.27,-33.528,-37.4904
2021-03-15 04:00,-51.52,-52.15,-32.39,-33.528,-37.4904
2021-03-15 05:00,-51.57,-52.36,-32.4,-33.528,-37.4904
2021-03-15 06:00,-51.72,-52.42,-32.56,-33.528,-37.4904
2021-03-15 07:00,-51.59,-52.61,-32.54,-33.528,-37.4904
2021-03-15 08:00,-51.69,-52.34,-32.63,-33.528,-37.4904
2021-03-15 09:00,-51.89,-52.52,-32.83,-33.528,-37.4904
2021-03-15 10:00,-51.64,-52.61,-32.63,-33.528,-37.4904
2021-03-15 11:00,-51.51,-52.28,-32.55,-33.528,-37.4904
2021-03-15 12:00,-51.72,-52.23,-32.81,-33.528,-37.4904
2021-03-15 13:00,-51.64,-52.41,-32.8,-33.8328,-37.7952
2021-03-15 14:00,-51.71,-52.29,-32.8,-33.8328,-37.7952
2021-03-15 15:00,-51.42,-52.5,-32.82,-33.8328,-37.7952
2021-03-15 16:00,-51.7,-52.04,-32.91,-33.8328,-37.7952
2021-03-15 17:00,-51.37,-52.47,-32.78,-33.8328,-37.7952
2021-03-15 18:00,-51.68,-52.18,-33.08,-33.8328,-37.7952
2021-03-15 19:00,-51.78,-52.55,-33.2,-33.8328,-37.7952
2021-03-15 20:00,-51.61,-52.64,-33.39,-33.8328,-37.7952
2021-03-15 21:00,-51.95,-52.49,-33.28,-34.1376,-37.7952
2021-03-15 22:00,-51.84,-52.62,-33.22,-34.1376,-38.1
2021-03-15 23:00,-51.78,-52.66,-33.33,-34.1376,-38.1
2021-03-16 00:00,-51.76,-52.65,-33.38,-34.1376,-38.1
2021-03-16 01:00,-51.87,-52.51,-33.46,-34.1376,-38.1
2021-03-16 02:00,-51.95,-52.48,-33.58,-34.1376,-38.1
2021-03-16 03:00,-51.26,-52.66,-32.86,-34.1376,-38.1
2021-03-16 04:00,-51.74,-51.72,-33.47,-34.1376,-38.1
2021-03-16 05:00,-51.71,-52.39,-33.15,-34.1376,-38.1
2021-03-16 06:00,-51.96,-52.55,-33.67,-34.1376,-38.1
2021-03-16 07:00,-51.8,-52.75,-33.42,-34.1376,-38.1
2021-03-16 08:00,-52.39,-52.57,-34.16,-33.528,-37.7952
2021-03-16 09:00,-51.94,-53.34,-32.22,-31.6992,-37.4904
2021-03-16 10:00,-51.51,-52.93,-30.34,-30.1752,-36.8808
2021-03-16 11:00,-51.13,-52.53,-27.73,-29.2608,-36.2712
2021-03-16 12:00,-50.66,-52.28,-26.09,-28.3464,-35.3568
2021-03-16 13:00,-49.78,-51.73,-23.44,-26.8224,-34.4424
2021-03-16 14:00,-48.84,-51.1,-21.79,-25.908,-33.8328
2021-03-16 15:00,-48.59,-50.25,-20.8,-25.6032,-33.528
2021-03-16 16:00,-48.36,-49.94,-20.36,-25.2984,-33.2232
2021-03-16 17:00,-48.18,-49.36,-20.25,-25.2984,-32.9184
2021-03-16 18:00,-47.89,-49.4,-20.13,-25.6032,-32.9184
2021-03-16 19:00,-47.82,-48.92,-20.1,-25.6032,-32.6136
2021-03-16 20:00,-47.62,-48.8,-20.01,-25.2984,-32.6136
2021-03-16 21:00,-47.62,-48.68,-19.82,-25.2984,-32.6136
2021-03-16 22:00,-47.67,-48.64,-20.15,-25.6032,-32.6136
2021-03-16 23:00,-47.65,-48.64,-20.27,-25.6032,-32.6136
2021-03-17 00:00,-47.46,-48.48,-20.16,-25.6032,-32.6136
2021-03-17 01:00,-47.23,-48.59,-20.35,-25.908,-32.6136
2021-03-17 02:00,-47.6,-48.04,-20.58,-25.908,-32.6136
2021-03-17 03:00,-47.6,-48.4,-20.72,-25.908,-32.6136
2021-03-17 04:00,-47.57,-48.52,-20.64,-26.2128,-32.6136
2021-03-17 05:00,-47.4,-48.42,-20.77,-26.2128,-32.6136
2021-03-17 06:00,-47.58,-48.27,-21.01,-26.2128,-32.6136
2021-03-17 07:00,-47.58,-48.31,-21,-26.5176,-32.6136
2021-03-17 08:00,-47.75,-48.39,-21.14,-26.5176,-32.6136
2021-03-17 09:00,-47.68,-48.54,-21.33,-26.5176,-32.6136
2021-03-17 10:00,-47.7,-48.43,-21.39,-26.5176,-32.6136
2021-03-17 11:00,-47.91,-48.33,-21.5,-26.8224,-32.6136
2021-03-17 12:00,-47.78,-48.48,-21.6,-26.8224,-32.6136
2021-03-17 13:00,-47.71,-48.3,-21.5,-26.8224,-32.6136
2021-03-17 14:00,-47.65,-48.38,-21.66,-26.8224,-32.6136
2021-03-17 15:00,-47.71,-48.1,-21.64,-27.1272,-32.9184
2021-03-17 16:00,-47.71,-48.36,-21.72,-27.1272,-32.9184
2021-03-17 17:00,-47.81,-48.28,-21.87,-27.1272,-32.9184
2021-03-17 18:00,-47.69,-48.46,-21.85,-27.1272,-32.9184
2021-03-17 19:00,-47.82,-48.3,-22.05,-27.432,-32.9184
2021-03-17 20:00,-47.93,-48.32,-22.1,-27.432,-32.9184
2021-03-17 21:00,-47.79,-48.41,-22.13,-27.432,-32.9184
2021-03-17 22:00,-47.98,-48.24,-22.27,-27.432,-32.9184
2021-03-17 23:00,-47.84,-48.49,-22.19,-27.432,-32.9184
2021-03-18 00:00,-48.12,-48.17,-22.32,-27.7368,-32.9184
2021-03-18 01:00,-47.97,-48.65,-22.57,-27.7368,-32.9184
2021-03-18 02:00,-48.07,-48.27,-22.8,-27.7368,-33.2232
2021-03-18 03:00,-48.17,-47.98,-22.73,-27.7368,-33.2232
2021-03-18 04:00,-47.78,-48.52,-22.37,-27.7368,-33.2232
2021-03-18 05:00,-48.12,-47.99,-22.8,-27.7368,-33.2232
2021-03-18 06:00,-48.1,-48.43,-23.06,-28.0416,-33.2232
2021-03-18 07:00,-48.31,-48.47,-23.1,-28.0416,-33.2232
2021-03-18 08:00,-48.44,-48.58,-23.4,-28.0416,-33.2232
2021-03-18 09:00,-48.47,-48.72,-23.46,-28.0416,-33.2232
2021-03-18 10:00,-48.35,-48.7,-23.32,-28.0416,-33.2232
2021-03-18 11:00,-48.2,-48.51,-23.13,-28.0416,-33.2232
2021-03-18 12:00,-48.22,-48.43,-23.51,-28.3464,-33.2232
2021-03-18 13:00,-48.54,-48.4,-23.85,-28.3464,-33.528
2021-03-18 14:00,-48.23,-48.69,-23.55,-28.3464,-33.528
2021-03-18 15:00,-48.51,-48.57,-23.86,-28.6512,-33.528
2021-03-18 16:00,-48.57,-48.66,-24.16,-28.3464,-33.528
2021-03-18 17:00,-48.47,-48.79,-24.04,-28.6512,-33.528
2021-03-18 18:00,-48.19,-48.53,-23.88,-28.6512,-33.528
2021-03-18 19:00,-48.55,-48.39,-24.03,-28.6512,-33.528
2021-03-18 20:00,-48.91,-48.9,-24.24,-28.6512,-33.528
2021-03-18 21:00,-48.37,-49.23,-23.9,-28.6512,-33.8328
2021-03-18 22:00,-48.2,-48.63,-23.86,-28.6512,-33.8328
2021-03-18 23:00,-48.69,-48.4,-23.99,-28.956,-33.8328
2021-03-19 00:00,-48.45,-48.85,-24.04,-28.956,-33.8328
2021-03-19 01:00,-48.6,-48.65,-24.1,-28.956,-33.8328
2021-03-19 02:00,-48.66,-48.87,-24.32,-28.956,-33.8328
2021-03-19 03:00,-48.75,-48.9,-24.28,-28.956,-33.8328
2021-03-19 04:00,-48.84,-49.08,-24.1,-28.956,-33.8328
2021-03-19 05:00,-48.9,-49.2,-24.4,-28.956,-33.8328
2021-03-19 06:00,-48.95,-49.08,-24.55,-28.956,-33.8328
2021-03-19 07:00,-48.73,-49.24,-24.23,-28.956,-33.8328
2021-03-19 08:00,-49.31,-49.01,-24.44,-29.2608,-34.1376
2021-03-19 09:00,-49.18,-50.08,-23.76,-28.0416,-33.528
2021-03-19 10:00,-47.12,-49.71,-17.9,-24.9936,-31.6992
2021-03-19 11:00,-44.95,-48.81,-14.22,-21.9456,-30.48
2021-03-19 12:00,-42.95,-46.62,-12.93,-21.0312,-29.8704
2021-03-19 13:00,-42.35,-44.15,-13.13,-21.6408,-29.5656
2021-03-19 14:00,-42.35,-43.1,-13.26,-21.6408,-29.5656
2021-03-19 15:00,-41.77,-42.98,-13.2,-21.9456,-29.5656
2021-03-19 16:00,-42.38,-42.26,-13.91,-22.2504,-29.5656
2021-03-19 17:00,-41.88,-42.86,-13.76,-22.5552,-29.2608
2021-03-19 18:00,-42.34,-42.35,-14.36,-22.5552,-29.5656
2021-03-19 19:00,-42.29,-42.71,-14.62,-22.86,-29.5656
2021-03-19 20:00,-42.31,-42.51,-14.68,-22.86,-29.5656
2021-03-19 21:00,-42.6,-42.43,-14.9,-23.1648,-29.5656
2021-03-19 22:00,-42.57,-42.68,-15.02,-23.1648,-29.5656
2021-03-19 23:00,-42.45,-42.65,-14.99,-23.4696,-29.5656
2021-03-20 00:00,-42.65,-42.43,-15.2,-23.4696,-29.5656
2021-03-20 01:00,-42.73,-42.56,-15.33,-23.4696,-29.5656
2021-03-20 02:00,-42.78,-42.62,-15.51,-23.7744,-29.5656
2021-03-20 03:00,-42.88,-42.68,-15.64,-23.7744,-29.5656
2021-03-20 04:00,-43.03,-42.75,-15.81,-23.7744,-29.5656
2021-03-20 05:00,-43.01,-42.95,-15.78,-24.0792,-29.5656
2021-03-20 06:00,-43.2,-42.83,-15.96,-24.0792,-29.8704
2021-03-20 07:00,-43.21,-43.09,-16.03,-24.0792,-29.8704
2021-03-20 08:00,-43.22,-43.08,-16,-24.384,-29.8704
2021-03-20 09:00,-43.27,-43,-16.16,-24.384,-29.8704
2021-03-20 10:00,-43.13,-43.07,-16.3,-24.384,-29.8704
2021-03-20 11:00,-43.34,-42.94,-16.54,-24.384,-29.8704
2021-03-20 12:00,-43.41,-43.09,-16.45,-24.6888,-30.1752
2021-03-20 13:00,-43.35,-43.26,-16.67,-24.6888,-30.1752
2021-03-20 14:00,-43.39,-43.2,-16.69,-24.9936,-30.1752
2021-03-20 15:00,-43.31,-43.18,-16.71,-24.9936,-30.1752
2021-03-20 16:00,-43.68,-43.11,-17.09,-24.9936,-30.1752
2021-03-20 17:00,-43.55,-43.48,-16.91,-24.9936,-30.1752
2021-03-20 18:00,-43.94,-43.38,-17.25,-25.2984,-30.48
2021-03-20 19:00,-43.65,-43.8,-17.14,-25.2984,-30.48
2021-03-20 20:00,-43.86,-43.5,-17.43,-25.2984,-30.48
2021-03-20 21:00,-44.09,-43.7,-17.5,-25.2984,-30.48
2021-03-20 22:00,-43.72,-43.96,-17.41,-25.6032,-30.48
2021-03-20 23:00,-43.94,-43.44,-17.56,-25.6032,-30.48
2021-03-21 00:00,-44,-43.77,-17.72,-25.6032,-30.48
2021-03-21 01:00,-44.01,-43.81,-17.78,-25.6032,-30.48
2021-03-21 02:00,-44.07,-43.81,-17.87,-25.6032,-30.7848
2021-03-21 03:00,-44.18,-43.77,-17.93,-25.908,-30.7848
2021-03-21 04:00,-44.47,-43.99,-18.14,-25.908,-30.7848
2021-03-21 05:00,-44.49,-44.34,-18.28,-25.908,-30.7848
2021-03-21 06:00,-44.45,-44.33,-18.29,-25.908,-30.7848
2021-03-21 07:00,-44.9,-44.23,-18.52,-25.908,-30.7848
2021-03-21 08:00,-44.72,-44.77,-18.58,-25.908,-30.7848
2021-03-21 09:00,-44.66,-44.49,-18.5,-25.908,-30.7848
2021-03-21 10:00,-44.88,-44.4,-18.91,-26.2128,-30.7848
2021-03-21 11:00,-44.68,-44.63,-18.69,-26.2128,-31.0896
2021-03-21 12:00,-44.55,-44.47,-18.77,-26.2128,-31.0896
2021-03-21 13:00,-44.89,-44.27,-19.01,-26.2128,-31.0896
2021-03-21 14:00,-44.82,-44.58,-19.2,-26.5176,-31.0896
2021-03-21 15:00,-44.62,-44.55,-19.14,-26.5176,-31.0896
2021-03-21 16:00,-44.75,-44.3,-19.09,-26.5176,-31.3944
2021-03-21 17:00,-44.93,-44.68,-19.36,-26.5176,-31.3944
2021-03-21 18:00,-44.9,-44.81,-19.46,-26.8224,-31.3944
2021-03-21 19:00,-45.12,-44.62,-19.58,-26.8224,-31.3944
2021-03-21 20:00,-45.12,-44.89,-19.68,-26.8224,-31.3944
2021-03-21 21:00,-45.04,-44.85,-19.65,-26.8224,-31.3944
2021-03-21 22:00,-45.2,-44.86,-19.82,-26.8224,-31.3944
2021-03-21 23:00,-44.87,-44.98,-19.69,-27.1272,-31.3944
2021-03-22 00:00,-45.26,-44.63,-20.01,-27.1272,-31.6992
2021-03-22 01:00,-45.27,-44.96,-19.97,-27.1272,-31.6992
2021-03-22 02:00,-45.29,-45.12,-20.07,-27.1272,-31.6992
2021-03-22 03:00,-45.13,-45.06,-19.89,-27.1272,-31.6992
2021-03-22 04:00,-45.23,-44.9,-20.01,-27.1272,-31.6992
2021-03-22 05:00,-45.46,-45.05,-20.14,-27.1272,-31.6992
2021-03-22 06:00,-45.72,-45.22,-20.38,-27.432,-31.6992
2021-03-22 07:00,-45.77,-45.46,-20.64,-27.432,-31.6992
2021-03-22 08:00,-45.9,-45.52,-20.65,-27.432,-31.6992
2021-03-22 09:00,-45.81,-45.69,-20.66,-27.432,-31.6992
2021-03-22 10:00,-45.75,-45.61,-20.63,-27.432,-32.004
2021-03-22 11:00,-45.69,-45.46,-20.74,-27.432,-32.004
2021-03-22 12:00,-45.71,-45.49,-20.75,-27.432,-32.004
2021-03-22 13:00,-45.87,-45.43,-20.95,-27.7368,-32.004
2021-03-22 14:00,-45.77,-45.6,-21.04,-27.7368,-32.004
2021-03-22 15:00,-45.87,-45.56,-21.17,-27.7368,-32.004
2021-03-22 16:00,-45.9,-45.6,-21.17,-27.7368,-32.3088
2021-03-22 17:00,-46.05,-45.72,-21.38,-28.0416,-32.3088
2021-03-22 18:00,-46.04,-45.92,-21.36,-28.0416,-32.3088
2021-03-22 19:00,-46.04,-45.87,-21.5,-28.0416,-32.3088
2021-03-22 20:00,-46.04,-45.81,-21.4,-28.0416,-32.3088
2021-03-22 21:00,-46.34,-45.91,-21.73,-28.0416,-32.3088
2021-03-22 22:00,-46.15,-46.21,-21.64,-28.0416,-32.3088
2021-03-22 23:00,-46.28,-46,-21.71,-28.0416,-32.3088
2021-03-23 00:00,-46.28,-46.14,-21.91,-28.3464,-32.6136
2021-03-23 01:00,-46.21,-46.1,-21.81,-28.3464,-32.6136
2021-03-23 02:00,-45.96,-45.97,-21.75,-28.3464,-32.6136
2021-03-23 03:00,-46.51,-45.72,-22.12,-28.3464,-32.6136
2021-03-23 04:00,-46.46,-46.26,-21.99,-28.3464,-32.6136
2021-03-23 05:00,-46.46,-46.28,-22.06,-28.3464,-32.6136
2021-03-23 06:00,-46.83,-46.34,-22.44,-28.3464,-32.6136
2021-03-23 07:00,-46.72,-46.72,-22.35,-28.3464,-32.6136
2021-03-23 08:00,-46.8,-46.53,-22.42,-28.3464,-32.6136
2021-03-23 09:00,-46.95,-46.5,-22.57,-28.6512,-32.6136
2021-03-23 10:00,-46.8,-46.8,-22.48,-28.6512,-32.6136
2021-03-23 11:00,-46.72,-46.65,-22.54,-28.6512,-32.9184
2021-03-23 12:00,-46.85,-46.44,-22.74,-28.6512,-32.9184
2021-03-23 13:00,-46.84,-46.58,-22.79,-28.6512,-32.9184
2021-03-23 14:00,-46.73,-46.6,-22.98,-28.6512,-32.9184
2021-03-23 15:00,-47.04,-46.46,-23.11,-28.956,-32.9184
2021-03-23 16:00,-47,-46.8,-23.21,-28.956,-32.9184
2021-03-23 17:00,-46.66,-46.8,-23.01,-28.956,-32.9184
2021-03-23 18:00,-47.14,-46.52,-23.17,-28.956,-33.2232
2021-03-23 19:00,-47.01,-47.03,-23.31,-28.956,-33.2232
2021-03-23 20:00,-47.11,-46.85,-23.39,-28.956,-33.2232
2021-03-23 21:00,-47.27,-46.88,-23.57,-28.956,-33.2232
2021-03-23 22:00,-47,-47.11,-23.43,-29.2608,-33.2232
2021-03-23 23:00,-47.17,-46.87,-23.64,-29.2608,-33.2232
2021-03-24 00:00,-47.21,-47,-23.7,-29.2608,-33.2232
2021-03-24 01:00,-47.26,-47.02,-23.82,-29.2608,-33.2232
2021-03-24 02:00,-47.36,-47.03,-23.85,-29.2608,-33.2232
2021-03-24 03:00,-47.48,-47.17,-24.12,-29.2608,-33.528
2021-03-24 04:00,-47.67,-47.3,-24.14,-29.2608,-33.528
2021-03-24 05:00,-47.69,-47.51,-24.23,-29.2608,-33.528
2021-03-24 06:00,-47.95,-47.57,-24.38,-29.2608,-33.528
2021-03-24 07:00,-47.74,-47.85,-24.37,-29.2608,-33.528
2021-03-24 08:00,-47.98,-47.61,-24.52,-29.2608,-33.528
2021-03-24 09:00,-47.98,-47.8,-24.58,-29.2608,-33.528
2021-03-24 10:00,-48.15,-47.88,-24.69,-29.5656,-33.528
2021-03-24 11:00,-48.12,-48,-24.66,-29.5656,-33.528
2021-03-24 12:00,-47.96,-47.94,-24.93,-29.5656,-33.528
2021-03-24 13:00,-48.17,-47.72,-24.91,-29.5656,-33.8328
2021-03-24 14:00,-48.08,-48.06,-24.99,-29.5656,-33.8328
2021-03-24 15:00,-48.15,-47.92,-25.11,-29.5656,-33.8328
2021-03-24 16:00,-48.08,-48.08,-25,-29.8704,-33.8328
2021-03-24 17:00,-48.21,-47.92,-25.2,-29.8704,-33.8328
2021-03-24 18:00,-48.2,-48.24,-25.05,-29.8704,-33.8328
2021-03-24 19:00,-48.02,-48,-25.12,-29.8704,-33.8328
2021-03-24 20:00,-48.46,-48.09,-25.51,-29.8704,-34.1376
2021-03-24 21:00,-48.26,-48.36,-25.3,-29.8704,-34.1376
2021-03-24 22:00,-48.07,-48.17,-25.37,-29.8704,-34.1376
2021-03-24 23:00,-48.27,-47.86,-25.44,-30.1752,-34.1376
2021-03-25 00:00,-48.27,-48.1,-25.52,-30.1752,-34.1376
2021-03-25 01:00,-48.26,-48.07,-25.54,-30.1752,-34.1376
2021-03-25 02:00,-48.47,-48.04,-25.75,-30.1752,-34.1376
2021-03-25 03:00,-48.5,-48.33,-25.76,-30.1752,-34.1376
2021-03-25 04:00,-48.55,-48.4,-25.78,-30.1752,-34.1376
2021-03-25 05:00,-48.77,-48.5,-26.01,-30.1752,-34.1376
2021-03-25 06:00,-48.78,-48.75,-26.03,-30.1752,-34.1376
2021-03-25 07:00,-48.87,-48.66,-26.17,-30.1752,-34.1376
2021-03-25 08:00,-48.94,-48.73,-26.25,-30.48,-34.4424
2021-03-25 09:00,-48.84,-48.91,-26.27,-30.48,-34.4424
2021-03-25 10:00,-49,-48.71,-26.46,-30.48,-34.4424
2021-03-25 11:00,-48.94,-48.91,-26.61,-30.48,-34.4424
2021-03-25 12:00,-48.71,-48.77,-26.71,-30.48,-34.4424
2021-03-25 13:00,-49.18,-48.51,-26.9,-30.48,-34.4424
2021-03-25 14:00,-48.92,-48.98,-26.96,-30.7848,-34.7472
2021-03-25 15:00,-48.9,-48.73,-26.97,-30.7848,-34.7472
2021-03-25 16:00,-48.79,-48.94,-26.99,-30.7848,-34.7472
2021-03-25 17:00,-48.89,-48.63,-27.02,-30.7848,-34.7472
2021-03-25 18:00,-49.09,-48.79,-27.24,-30.7848,-34.7472
2021-03-25 19:00,-48.77,-49.17,-26.93,-30.7848,-34.7472
2021-03-25 20:00,-48.88,-48.79,-27.03,-31.0896,-34.7472
2021-03-25 21:00,-48.7,-48.81,-27.06,-31.0896,-34.7472
2021-03-25 22:00,-48.87,-48.62,-27.28,-31.0896,-35.052
2021-03-25 23:00,-48.98,-48.77,-27.33,-31.0896,-35.052
2021-03-26 00:00,-49.14,-48.83,-27.51,-31.0896,-35.052
2021-03-26 01:00,-48.63,-49.01,-27.37,-31.0896,-35.052
2021-03-26 02:00,-48.91,-48.51,-27.31,-31.0896,-35.052
2021-03-26 03:00,-49.04,-48.74,-27.54,-31.0896,-35.052
2021-03-26 04:00,-49.33,-48.75,-27.75,-31.0896,-35.052
2021-03-26 05:00,-49.39,-49.32,-27.76,-31.0896,-35.052
2021-03-26 06:00,-49.34,-49.27,-27.93,-31.0896,-35.052
2021-03-26 07:00,-48.99,-49.16,-27.39,-31.3944,-35.052
2021-03-26 08:00,-49.71,-48.87,-28.03,-31.3944,-35.052
2021-03-26 09:00,-49.84,-49.51,-28.24,-31.3944,-35.052
2021-03-26 10:00,-49.82,-49.81,-28.27,-31.3944,-35.052
2021-03-26 11:00,-49.56,-49.75,-28.17,-31.3944,-35.3568
2021-03-26 12:00,-49.49,-49.42,-28.28,-31.3944,-35.3568
2021-03-26 13:00,-49.65,-49.51,-28.58,-31.3944,-35.3568
2021-03-26 14:00,-48.97,-49.59,-28.28,-31.6992,-35.3568
2021-03-26 15:00,-50.14,-48.9,-28.93,-31.6992,-35.3568
2021-03-26 16:00,-49.66,-50.12,-28.71,-31.6992,-35.6616
2021-03-26 17:00,-49.77,-49.6,-28.85,-31.6992,-35.6616
2021-03-26 18:00,-49.84,-49.78,-28.79,-31.6992,-35.6616
2021-03-26 19:00,-49.8,-50.01,-28.86,-31.6992,-35.6616
2021-03-26 20:00,-49.71,-49.81,-28.79,-31.6992,-35.6616
2021-03-26 21:00,-49.6,-49.7,-28.75,-32.004,-35.6616
2021-03-26 22:00,-49.6,-49.55,-28.79,-32.004,-35.6616
2021-03-26 23:00,-49.58,-49.58,-28.8,-32.004,-35.6616
2021-03-27 00:00,-49.74,-49.54,-28.89,-32.004,-35.6616
2021-03-27 01:00,-49.77,-49.65,-28.97,-32.004,-35.6616
2021-03-27 02:00,-49.83,-49.74,-29.02,-32.004,-35.9664
2021-03-27 03:00,-49.95,-49.74,-29.25,-32.004,-35.9664
2021-03-27 04:00,-49.7,-49.86,-29,-32.004,-35.9664
2021-03-27 05:00,-49.91,-49.7,-29.2,-32.004,-35.9664
2021-03-27 06:00,-50.15,-49.87,-29.36,-32.004,-35.9664
2021-03-27 07:00,-50.13,-50.1,-29.36,-32.004,-35.9664
2021-03-27 08:00,-50.22,-50.06,-29.52,-32.004,-35.9664
2021-03-27 09:00,-50.19,-50.11,-29.62,-32.004,-35.9664
2021-03-27 10:00,-50.1,-50.06,-29.6,-32.3088,-35.9664
2021-03-27 11:00,-50.18,-49.95,-29.81,-32.3088,-36.2712
2021-03-27 12:00,-50.25,-50.07,-30,-32.3088,-36.2712
2021-03-27 13:00,-50.11,-50.22,-29.98,-32.3088,-36.2712
2021-03-27 14:00,-49.99,-50.05,-29.93,-32.6136,-36.2712
2021-03-27 15:00,-50.06,-49.96,-30.15,-32.6136,-36.2712
2021-03-27 16:00,-50.14,-50.01,-30.3,-32.6136,-36.2712
2021-03-27 17:00,-50.38,-50.09,-30.32,-32.6136,-36.2712
2021-03-27 18:00,-50.31,-50.51,-30.49,-32.6136,-36.576
2021-03-27 19:00,-50.22,-50.3,-30.02,-32.6136,-36.576
2021-03-27 20:00,-49.09,-50.37,-29.26,-31.0896,-36.576
2021-03-27 21:00,-50.15,-49.45,-29.39,-31.0896,-36.576
2021-03-27 22:00,-50.05,-50.11,-29.03,-31.0896,-36.576
2021-03-27 23:00,-50.12,-50.09,-29.31,-31.0896,-36.576
2021-03-28 00:00,-50.06,-50.1,-29,-31.0896,-36.576
2021-03-28 01:00,-50.39,-49.99,-29.3,-31.0896,-36.576
2021-03-28 02:00,-50.38,-50.27,-29.21,-31.0896,-36.576
2021-03-28 03:00,-50.37,-50.43,-29.28,-31.0896,-36.576
2021-03-28 04:00,-50.74,-50.33,-29.66,-31.0896,-36.576
2021-03-28 05:00,-50.4,-50.75,-29.53,-31.3944,-36.576
2021-03-28 06:00,-50.76,-50.53,-29.65,-31.3944,-36.576
2021-03-28 07:00,-50.8,-50.8,-29.62,-31.3944,-36.576
2021-03-28 08:00,-50.79,-50.85,-29.79,-31.3944,-36.576
2021-03-28 09:00,-50.9,-50.77,-29.82,-31.3944,-36.576
2021-03-28 10:00,-51.06,-50.88,-30.2,-31.3944,-36.576
2021-03-28 11:00,-50.91,-50.99,-30.25,-31.6992,-36.576
2021-03-28 12:00,-50.99,-50.92,-30.46,-31.6992,-36.8808
2021-03-28 13:00,-50.9,-50.95,-30.57,-32.004,-36.8808
2021-03-28 14:00,-50.76,-50.85,-30.58,-32.004,-36.8808
2021-03-28 15:00,-50.94,-50.63,-30.95,-32.004,-36.8808
2021-03-28 16:00,-50.78,-51.03,-30.83,-32.3088,-36.8808
2021-03-28 17:00,-50.97,-50.9,-30.53,-32.3088,-37.1856
2021-03-28 18:00,-50.98,-51.33,-30.67,-32.3088,-37.1856
2021-03-28 19:00,-50.86,-51.27,-30.95,-32.3088,-37.1856
2021-03-28 20:00,-51.12,-50.85,-30.76,-32.3088,-36.8808
2021-03-28 21:00,-51.25,-51.3,-31.02,-32.3088,-37.1856
2021-03-28 22:00,-51.55,-51.48,-31.07,-32.3088,-36.8808
2021-03-28 23:00,-50.85,-51.84,-30.51,-32.3088,-37.1856
2021-03-29 00:00,-50.69,-51.02,-30.32,-32.3088,-37.1856
2021-03-29 01:00,-50.78,-50.94,-30.45,-32.3088,-37.1856
2021-03-29 02:00,-51.04,-50.94,-30.65,-32.6136,-37.1856
2021-03-29 03:00,-51.21,-51.18,-31.04,-32.6136,-37.1856
2021-03-29 04:00,-51.26,-51.33,-30.97,-32.6136,-37.1856
2021-03-29 05:00,-51.68,-51.47,-31.39,-32.6136,-37.1856
2021-03-29 06:00,-51.52,-51.69,-31.28,-32.6136,-37.1856
2021-03-29 07:00,-51.25,-51.58,-31.2,-32.6136,-37.1856
2021-03-29 08:00,-51.74,-51.39,-31.66,-32.6136,-37.4904
2021-03-29 09:00,-51.62,-51.84,-31.67,-32.6136,-37.4904
2021-03-29 10:00,-51.46,-51.67,-31.59,-32.9184,-37.4904
2021-03-29 11:00,-51.43,-51.52,-31.77,-32.9184,-37.4904
2021-03-29 12:00,-51.41,-51.4,-31.75,-32.9184,-37.4904
2021-03-29 13:00,-51.37,-51.42,-31.91,-32.9184,-37.4904
2021-03-29 14:00,-51.44,-51.41,-32.12,-33.2232,-37.4904
2021-03-29 15:00,-51.45,-51.38,-32.14,-33.2232,-37.7952
2021-03-29 16:00,-51.76,-51.46,-32.44,-33.2232,-37.7952
2021-03-29 17:00,-51.54,-51.79,-32.27,-33.2232,-37.7952
2021-03-29 18:00,-51.6,-51.65,-32.35,-33.528,-37.7952
2021-03-29 19:00,-51.77,-51.72,-32.6,-33.528,-37.7952
2021-03-29 20:00,-51.75,-51.88,-32.61,-33.528,-37.7952
2021-03-29 21:00,-51.79,-51.91,-32.64,-33.528,-37.7952
2021-03-29 22:00,-51.84,-51.92,-32.78,-33.528,-37.7952
2021-03-29 23:00,-51.84,-51.96,-32.83,-33.528,-38.1
2021-03-30 00:00,-51.97,-51.95,-32.96,-33.528,-38.1
2021-03-30 01:00,-51.91,-52.07,-32.97,-33.528,-38.1
2021-03-30 02:00,-51.88,-51.99,-33,-33.528,-38.1
2021-03-30 03:00,-52.02,-51.92,-33.09,-33.8328,-38.1
2021-03-30 04:00,-51.94,-52.2,-32.97,-33.8328,-38.1
2021-03-30 05:00,-52.25,-52.01,-33.24,-33.8328,-38.1
2021-03-30 06:00,-52.34,-52.34,-33.41,-33.8328,-38.1
2021-03-30 07:00,-52.15,-52.4,-33.3,-33.8328,-38.1
2021-03-30 08:00,-52.23,-52.14,-33.39,-33.8328,-38.1
2021-03-30 09:00,-52.18,-52.26,-33.23,-33.8328,-38.1
2021-03-30 10:00,-52.21,-52.25,-33.47,-33.8328,-38.4048
2021-03-30 11:00,-51.97,-52.24,-33.39,-34.1376,-38.4048
2021-03-30 12:00,-52.09,-52.06,-33.54,-34.1376,-38.4048
2021-03-30 13:00,-52.12,-52.15,-33.66,-34.1376,-38.4048
2021-03-30 14:00,-52.09,-52.12,-33.82,-34.1376,-38.4048
2021-03-30 15:00,-52.17,-52.2,-33.9,-34.1376,-38.4048
2021-03-30 16:00,-52.25,-52.27,-33.93,-34.1376,-38.4048
2021-03-30 17:00,-52.22,-52.38,-33.89,-34.4424,-38.4048
2021-03-30 18:00,-52.05,-52.35,-33.82,-34.4424,-38.7096
2021-03-30 19:00,-52.07,-52.15,-33.87,-34.4424,-38.7096
2021-03-30 20:00,-52.09,-52.2,-33.89,-34.4424,-38.7096
2021-03-30 21:00,-52.31,-52.27,-34.07,-34.4424,-38.7096
2021-03-30 22:00,-52.19,-52.48,-34.2,-34.4424,-38.7096
2021-03-30 23:00,-52.26,-52.29,-34.17,-34.4424,-38.7096
2021-03-31 00:00,-52.29,-52.38,-34.13,-34.4424,-38.7096
2021-03-31 01:00,-52.25,-52.36,-34.33,-34.4424,-38.7096
2021-03-31 02:00,-52.41,-52.3,-34.38,-34.4424,-38.7096
2021-03-31 03:00,-52.41,-52.57,-34.34,-34.4424,-38.7096
2021-03-31 04:00,-52.63,-52.51,-34.43,-34.4424,-38.7096
2021-03-31 05:00,-52.47,-52.82,-34.5,-34.4424,-38.7096
2021-03-31 06:00,-52.62,-52.56,-34.51,-34.4424,-38.7096
2021-03-31 07:00,-52.5,-52.81,-34.54,-34.4424,-39.0144
2021-03-31 08:00,-52.57,-52.67,-34.55,-34.7472,-39.0144
2021-03-31 09:00,-52.76,-52.7,-34.83,-34.7472,-39.0144
2021-03-31 10:00,-52.58,-52.88,-34.66,-34.7472,-39.0144
2021-03-31 11:00,-52.71,-52.71,-34.87,-34.7472,-39.0144
2021-03-31 12:00,-52.49,-52.84,-34.93,-34.7472,-39.0144
2021-03-31 13:00,-52.41,-52.61,-34.87,-35.052,-39.0144
2021-03-31 14:00,-52.7,-52.49,-35.21,-34.7472,-39.3192
2021-03-31 15:00,-52.51,-52.82,-35.15,-35.052,-39.3192
2021-03-31 16:00,-52.62,-52.69,-35.14,-35.052,-39.3192
2021-03-31 17:00,-52.53,-52.85,-35.1,-35.052,-39.3192
2021-03-31 18:00,-52.74,-52.77,-35.19,-35.052,-39.3192
2021-03-31 19:00,-52.68,-52.92,-35.05,-35.052,-39.3192
2021-03-31 20:00,-53.02,-52.9,-35.11,-35.052,-39.3192
2021-03-31 21:00,-52.26,-53.46,-34.48,-32.9184,-39.0144
2021-03-31 22:00,-52.32,-52.58,-33.02,-31.3944,-38.7096
2021-03-31 23:00,-51.97,-52.73,-31.8,-31.3944,-38.4048
2021-04-01 00:00,-51.78,-52.29,-31.09,-31.0896,-38.1
2021-04-01 01:00,-51.75,-52.18,-29.11,-29.5656,-37.7952
2021-04-01 02:00,-51.2,-52.5,-28.34,-29.2608,-37.4904
2021-04-01 03:00,-51.51,-51.58,-27.88,-29.2608,-37.4904
2021-04-01 04:00,-51.3,-52.1,-27.5,-29.5656,-37.4904
2021-04-01 05:00,-51.6,-51.78,-27.43,-29.5656,-37.1856
2021-04-01 06:00,-51.49,-52.12,-27.39,-29.2608,-37.1856
2021-04-01 07:00,-50.97,-52.14,-26.3,-28.3464,-36.576
2021-04-01 08:00,-50.35,-52.04,-25.63,-28.0416,-36.2712
2021-04-01 09:00,-50.3,-51.28,-25.51,-28.0416,-36.2712
2021-04-01 10:00,-50.42,-50.99,-25.33,-28.3464,-35.9664
2021-04-01 11:00,-49.96,-51.01,-25.27,-28.3464,-35.9664
2021-04-01 12:00,-49.79,-50.48,-25.27,-28.6512,-35.9664
2021-04-01 13:00,-49.75,-50.45,-25.42,-28.6512,-35.9664
2021-04-01 14:00,-49.79,-50.35,-25.58,-28.6512,-35.9664
2021-04-01 15:00,-49.53,-50.35,-25.5,-28.956,-35.9664
2021-04-01 16:00,-49.77,-50.09,-25.81,-28.956,-35.9664
2021-04-01 17:00,-49.79,-50.35,-25.89,-29.2608,-35.9664
2021-04-01 18:00,-49.73,-50.44,-26.03,-29.2608,-35.9664
2021-04-01 19:00,-49.81,-50.4,-26.18,-29.2608,-35.9664
2021-04-01 20:00,-49.85,-50.46,-26.29,-29.5656,-35.9664
2021-04-01 21:00,-49.76,-50.51,-26.37,-29.5656,-35.9664
2021-04-01 22:00,-49.64,-50.43,-26.38,-29.5656,-35.9664
2021-04-01 23:00,-49.83,-50.13,-26.65,-29.8704,-35.9664
2021-04-02 00:00,-49.84,-50.37,-26.76,-29.8704,-35.9664
2021-04-02 01:00,-49.8,-50.28,-26.81,-29.8704,-35.9664
2021-04-02 02:00,-49.86,-50.33,-26.84,-29.8704,-36.2712
2021-04-02 03:00,-50.13,-50.33,-27.2,-30.1752,-36.2712
2021-04-02 04:00,-50.18,-50.59,-27.27,-30.1752,-36.2712
2021-04-02 05:00,-50.33,-50.6,-27.43,-30.1752,-36.2712
2021-04-02 06:00,-50.27,-50.84,-27.46,-30.1752,-36.2712
2021-04-02 07:00,-50.42,-50.74,-27.6,-30.48,-36.2712
2021-04-02 08:00,-50.45,-50.81,-27.75,-30.48,-36.2712
2021-04-02 09:00,-50.36,-50.74,-27.83,-30.48,-36.2712
2021-04-02 10:00,-50.34,-50.71,-27.88,-30.48,-36.2712
2021-04-02 11:00,-50.46,-50.63,-28.18,-30.7848,-36.576
2021-04-02 12:00,-50.46,-50.74,-28.24,-30.7848,-36.576
2021-04-02 13:00,-50.42,-50.68,-28.3,-30.7848,-36.576
2021-04-02 14:00,-50.5,-50.68,-28.36,-30.7848,-36.576
2021-04-02 15:00,-50.42,-50.64,-28.46,-31.0896,-36.576
2021-04-02 16:00,-50.67,-50.7,-28.76,-31.0896,-36.576
2021-04-02 17:00,-50.78,-50.89,-28.87,-31.0896,-36.8808
2021-04-02 18:00,-50.69,-51.06,-28.83,-31.0896,-36.8808
2021-04-02 19:00,-50.77,-50.99,-28.91,-31.3944,-36.8808
2021-04-02 20:00,-50.78,-51.05,-29.05,-31.3944,-36.8808
2021-04-02 21:00,-50.92,-51.04,-29.23,-31.3944,-36.8808
2021-04-02 22:00,-51.06,-51.13,-29.34,-31.3944,-36.8808
2021-04-02 23:00,-50.98,-51.22,-29.4,-31.3944,-36.8808
2021-04-03 00:00,-51,-51.22,-29.47,-31.3944,-36.8808
2021-04-03 01:00,-51.05,-51.25,-29.56,-31.6992,-36.8808
2021-04-03 02:00,-51.05,-51.19,-29.67,-31.6992,-36.8808
2021-04-03 03:00,-51.19,-51.21,-29.75,-31.6992,-36.8808
2021-04-03 04:00,-51.22,-51.39,-29.75,-31.6992,-37.1856
2021-04-03 05:00,-51.3,-51.35,-29.88,-31.6992,-37.1856
2021-04-03 06:00,-51.45,-51.45,-30.01,-31.6992,-37.1856
2021-04-03 07:00,-51.61,-51.63,-30.23,-31.6992,-37.1856
2021-04-03 08:00,-51.41,-51.74,-30.08,-32.004,-37.1856
2021-04-03 09:00,-51.48,-51.43,-30.21,-32.004,-37.1856
2021-04-03 10:00,-51.43,-51.5,-30.21,-32.004,-37.1856
2021-04-03 11:00,-51.12,-51.38,-30.01,-32.004,-37.1856
2021-04-03 12:00,-51.3,-51.05,-30.29,-32.004,-37.1856
2021-04-03 13:00,-51.19,-51.23,-30.13,-32.004,-37.4904
2021-04-03 14:00,-50.98,-51.13,-30.14,-32.004,-37.4904
2021-04-03 15:00,-51.26,-50.91,-30.45,-32.3088,-37.4904
2021-04-03 16:00,-51.25,-51.24,-30.38,-32.3088,-37.4904
2021-04-03 17:00,-51.26,-51.32,-30.38,-32.3088,-37.4904
2021-04-03 18:00,-51.4,-51.25,-30.57,-32.3088,-37.4904
2021-04-03 19:00,-51.52,-51.45,-30.71,-32.3088,-37.4904
2021-04-03 20:00,-51.62,-51.57,-30.86,-32.6136,-37.4904
2021-04-03 21:00,-51.51,-51.6,-30.94,-32.6136,-37.4904
2021-04-03 22:00,-51.67,-51.52,-31.02,-32.6136,-37.7952
2021-04-03 23:00,-51.71,-51.65,-31.1,-32.6136,-37.7952
2021-04-04 00:00,-51.72,-51.65,-31.18,-32.6136,-37.7952
2021-04-04 01:00,-51.63,-51.65,-31.21,-32.6136,-37.7952
2021-04-04 02:00,-51.79,-51.53,-31.37,-32.6136,-37.7952
2021-04-04 03:00,-51.85,-51.72,-31.39,-32.6136,-37.7952
2021-04-04 04:00,-51.98,-51.71,-31.55,-32.9184,-37.7952
2021-04-04 05:00,-51.93,-51.92,-31.47,-32.9184,-37.7952
2021-04-04 06:00,-52.09,-51.85,-31.67,-32.9184,-37.7952
2021-04-04 07:00,-52.16,-52.05,-31.84,-32.9184,-37.7952
2021-04-04 08:00,-52.08,-52.05,-31.83,-32.9184,-37.7952
2021-04-04 09:00,-52,-51.99,-31.66,-32.9184,-37.7952
2021-04-04 10:00,-51.86,-51.88,-31.64,-32.9184,-38.1
2021-04-04 11:00,-51.86,-51.67,-31.68,-32.9184,-38.1
2021-04-04 12:00,-51.76,-51.72,-31.62,-32.9184,-38.1
2021-04-04 13:00,-51.89,-51.6,-31.82,-33.2232,-38.1
2021-04-04 14:00,-51.86,-51.72,-31.87,-33.2232,-38.1
2021-04-04 15:00,-51.93,-51.69,-32.07,-33.2232,-38.1
2021-04-04 16:00,-52.06,-51.8,-32.12,-33.2232,-38.1
2021-04-04 17:00,-52.13,-52,-32.19,-33.528,-38.4048
2021-04-04 18:00,-51.98,-52.07,-32.02,-33.528,-38.4048
2021-04-04 19:00,-52,-51.88,-32.11,-33.528,-38.4048
2021-04-04 20:00,-52.2,-51.95,-32.31,-33.528,-38.4048
2021-04-04 21:00,-52.36,-52.1,-32.48,-33.528,-38.4048
2021-04-04 22:00,-52.43,-52.25,-32.62,-33.528,-38.4048
2021-04-04 23:00,-52.3,-52.36,-32.58,-33.528,-38.4048
2021-04-05 00:00,-52.23,-52.13,-32.52,-33.528,-38.4048
2021-04-05 01:00,-52.3,-52.11,-32.57,-33.528,-38.4048
2021-04-05 02:00,-52.3,-52.22,-32.65,-33.528,-38.4048
2021-04-05 03:00,-52.35,-52.12,-32.62,-33.528,-38.4048
2021-04-05 04:00,-52.41,-52.22,-32.68,-33.8328,-38.7096
2021-04-05 05:00,-52.48,-52.29,-32.77,-33.8328,-38.7096
2021-04-05 06:00,-52.85,-52.33,-33.02,-33.8328,-38.7096
2021-04-05 07:00,-52.85,-52.73,-33.15,-33.8328,-38.7096
2021-04-05 08:00,-52.62,-52.71,-32.94,-33.8328,-38.7096
2021-04-05 09:00,-52.53,-52.44,-32.94,-33.8328,-38.7096
2021-04-05 10:00,-52.61,-52.37,-33.03,-33.8328,-38.7096
2021-04-05 11:00,-52.47,-52.46,-33.02,-33.8328,-38.7096
2021-04-05 12:00,-52.69,-52.19,-33.35,-34.1376,-38.7096
2021-04-05 13:00,-52.5,-52.41,-33.38,-34.1376,-39.0144
2021-04-05 14:00,-52.49,-52.3,-33.44,-34.1376,-39.0144
2021-04-05 15:00,-52.48,-52.32,-33.54,-34.1376,-39.0144
2021-04-05 16:00,-52.65,-52.24,-33.66,-34.4424,-39.0144
2021-04-05 17:00,-52.76,-52.51,-33.74,-34.4424,-39.0144
2021-04-05 18:00,-52.66,-52.57,-33.71,-34.4424,-39.0144
2021-04-05 19:00,-52.74,-52.49,-33.84,-34.4424,-39.0144
2021-04-05 20:00,-52.95,-52.66,-33.96,-34.4424,-39.0144
2021-04-05 21:00,-52.97,-52.78,-34.11,-34.4424,-39.3192
2021-04-05 22:00,-53.06,-52.81,-34.27,-34.4424,-39.3192
2021-04-05 23:00,-52.99,-52.86,-34.31,-34.7472,-39.3192
2021-04-06 00:00,-52.88,-52.83,-34.14,-34.7472,-39.3192
2021-04-06 01:00,-53.08,-52.69,-34.4,-34.7472,-39.3192
2021-04-06 02:00,-53.08,-52.84,-34.48,-34.7472,-39.3192
2021-04-06 03:00,-53.12,-52.9,-34.48,-34.7472,-39.3192
2021-04-06 04:00,-53.14,-52.93,-34.44,-34.7472,-39.3192
2021-04-06 05:00,-53.26,-52.99,-34.61,-34.7472,-39.3192
2021-04-06 06:00,-53.31,-53.05,-34.67,-34.7472,-39.3192
2021-04-06 07:00,-53.29,-53.16,-34.61,-34.7472,-39.3192
2021-04-06 08:00,-53.03,-53.11,-34.43,-34.7472,-39.3192
2021-04-06 09:00,-53.28,-53.08,-34.65,-34.7472,-39.624
2021-04-06 10:00,-53.22,-53.12,-34.76,-34.7472,-39.624
2021-04-06 11:00,-53.15,-53.03,-34.84,-35.052,-39.624
2021-04-06 12:00,-53.04,-52.94,-34.79,-35.052,-39.624
2021-04-06 13:00,-53.04,-52.86,-34.96,-35.052,-39.624
2021-04-06 14:00,-53.11,-52.83,-35.02,-35.052,-39.624
2021-04-06 15:00,-53.02,-52.91,-34.97,-35.3568,-39.624
2021-04-06 16:00,-53.17,-52.91,-35.18,-35.3568,-39.9288
2021-04-06 17:00,-53.19,-53.09,-35.1,-35.3568,-39.9288
2021-04-06 18:00,-53.16,-53.24,-35.21,-35.3568,-39.9288
2021-04-06 19:00,-53.44,-53.09,-35.44,-35.3568,-39.9288
2021-04-06 20:00,-53.35,-53.32,-35.39,-35.3568,-39.9288
2021-04-06 21:00,-53.33,-53.2,-35.5,-35.6616,-39.9288
2021-04-06 22:00,-53.36,-53.18,-35.54,-35.6616,-39.9288
2021-04-06 23:00,-53.32,-53.19,-35.51,-35.6616,-39.9288
2021-04-07 00:00,-53.48,-53.21,-35.68,-35.6616,-39.9288
2021-04-07 01:00,-53.5,-53.3,-35.68,-35.6616,-39.9288
2021-04-07 02:00,-53.59,-53.31,-35.78,-35.6616,-39.9288
2021-04-07 03:00,-53.58,-53.42,-35.84,-35.6616,-39.9288
2021-04-07 04:00,-53.57,-53.43,-35.85,-35.6616,-39.9288
2021-04-07 05:00,-53.81,-53.44,-36.01,-35.6616,-39.9288
2021-04-07 06:00,-53.72,-53.66,-35.89,-35.6616,-40.2336
2021-04-07 07:00,-53.88,-53.69,-36.03,-35.6616,-40.2336
2021-04-07 08:00,-53.62,-53.73,-36,-35.6616,-40.2336
2021-04-07 09:00,-53.79,-53.44,-36.09,-35.6616,-40.2336
2021-04-07 10:00,-53.81,-53.64,-36.12,-35.6616,-40.2336
2021-04-07 11:00,-53.76,-53.59,-36.14,-35.9664,-40.2336
2021-04-07 12:00,-53.65,-53.52,-36.19,-35.9664,-40.2336
2021-04-07 13:00,-53.62,-53.43,-36.11,-35.9664,-40.2336
2021-04-07 14:00,-53.62,-53.44,-36.27,-35.9664,-40.5384
2021-04-07 15:00,-53.72,-53.41,-36.43,-36.2712,-40.5384
2021-04-07 16:00,-53.91,-53.56,-36.63,-36.2712,-40.5384
2021-04-07 17:00,-53.95,-53.81,-36.58,-36.2712,-40.5384
2021-04-07 18:00,-53.77,-53.87,-36.54,-36.2712,-40.5384
2021-04-07 19:00,-53.68,-53.67,-36.43,-36.2712,-40.5384
2021-04-07 20:00,-53.91,-53.64,-36.61,-36.2712,-40.5384
2021-04-07 21:00,-53.73,-53.84,-36.53,-36.2712,-40.5384
2021-04-07 22:00,-53.52,-53.59,-36.42,-36.2712,-40.5384
2021-04-07 23:00,-53.56,-53.51,-36.56,-36.2712,-40.8432
2021-04-08 00:00,-54.14,-53.42,-36.99,-36.576,-40.8432
2021-04-08 01:00,-53.82,-54.07,-36.79,-36.576,-40.8432
2021-04-08 02:00,-54.01,-53.71,-36.91,-36.576,-40.8432
2021-04-08 03:00,-54.21,-53.89,-37.25,-36.576,-40.8432
2021-04-08 04:00,-53.99,-53.99,-36.91,-36.576,-40.8432
2021-04-08 05:00,-54.11,-53.88,-37.01,-36.576,-40.8432
2021-04-08 06:00,-54.28,-53.99,-37.19,-36.576,-40.8432
2021-04-08 07:00,-54.26,-54.17,-37.15,-36.576,-40.8432
2021-04-08 08:00,-54.11,-54.03,-37.07,-36.576,-40.8432
2021-04-08 09:00,-54.35,-53.99,-37.33,-36.576,-40.8432
2021-04-08 10:00,-54.23,-54.17,-37.27,-36.576,-40.8432
2021-04-08 11:00,-54.44,-54.08,-37.53,-36.576,-41.148
2021-04-08 12:00,-54.3,-54.28,-37.42,-36.8808,-41.148
2021-04-08 13:00,-54.33,-54.11,-37.63,-36.8808,-41.148
2021-04-08 14:00,-54.19,-54.13,-37.54,-36.8808,-41.148
2021-04-08 15:00,-54.36,-54.1,-37.71,-36.8808,-41.148
2021-04-08 16:00,-54.39,-54.31,-37.57,-36.8808,-41.148
2021-04-08 17:00,-54.25,-54.3,-37.58,-37.1856,-41.148
2021-04-08 18:00,-54.18,-54.19,-37.61,-37.1856,-41.148
2021-04-08 19:00,-54.24,-54.03,-37.65,-37.1856,-41.4528
2021-04-08 20:00,-54.08,-54.17,-37.66,-37.1856,-41.4528
2021-04-08 21:00,-54.1,-53.99,-37.66,-37.1856,-41.4528
2021-04-08 22:00,-54.22,-53.93,-37.66,-37.1856,-41.4528
2021-04-08 23:00,-54.3,-54.11,-37.87,-37.1856,-41.4528
2021-04-09 00:00,-54.49,-54.21,-37.92,-37.1856,-41.4528
2021-04-09 01:00,-54.32,-54.34,-37.92,-37.1856,-41.4528
2021-04-09 02:00,-54.46,-54.13,-38.03,-37.1856,-41.4528
2021-04-09 03:00,-54.35,-54.32,-37.97,-37.1856,-41.4528
2021-04-09 04:00,-54.45,-54.24,-38,-37.1856,-41.4528
2021-04-09 05:00,-54.55,-54.41,-38.07,-37.1856,-41.4528
2021-04-09 06:00,-54.73,-54.49,-38.21,-37.1856,-41.4528
2021-04-09 07:00,-54.63,-54.63,-38.25,-37.1856,-41.4528
2021-04-09 08:00,-54.89,-54.5,-38.4,-37.1856,-41.4528
2021-04-09 09:00,-54.95,-54.8,-38.57,-37.4904,-41.7576
2021-04-09 10:00,-54.9,-54.81,-38.56,-37.4904,-41.7576
2021-04-09 11:00,-54.99,-54.81,-38.78,-37.4904,-41.7576
2021-04-09 12:00,-55.03,-54.99,-38.88,-37.4904,-41.7576
2021-04-09 13:00,-55.1,-54.94,-38.89,-37.4904,-41.7576
2021-04-09 14:00,-54.81,-55.04,-38.79,-37.7952,-41.7576
2021-04-09 15:00,-54.73,-54.72,-38.86,-37.7952,-42.0624
2021-04-09 16:00,-54.73,-54.73,-38.86,-37.7952,-41.7576
2021-04-09 17:00,-54.7,-54.68,-38.76,-37.7952,-42.0624
2021-04-09 18:00,-54.75,-54.64,-38.86,-37.7952,-42.0624
2021-04-09 19:00,-54.87,-54.61,-38.91,-37.7952,-42.0624
2021-04-09 20:00,-54.87,-54.8,-38.79,-37.7952,-42.0624
2021-04-09 21:00,-54.71,-54.86,-38.71,-37.7952,-41.7576
2021-04-09 22:00,-54.31,-54.7,-38.31,-34.7472,-41.7576
2021-04-09 23:00,-54.71,-54.24,-38.04,-34.1376,-41.4528
2021-04-10 00:00,-53.9,-54.78,-36.88,-33.528,-39.9288
2021-04-10 01:00,-53.42,-54.26,-33.95,-31.0896,-39.0144
2021-04-10 02:00,-53.54,-53.53,-32.14,-30.48,-38.4048
2021-04-10 03:00,-53.18,-53.28,-31.28,-30.48,-38.1
2021-04-10 04:00,-53.09,-52.6,-30.87,-30.48,-38.1
2021-04-10 05:00,-53.16,-52.43,-30.79,-30.48,-38.1
2021-04-10 06:00,-53.38,-52.44,-30.58,-30.7848,-37.7952
2021-04-10 07:00,-53.17,-52.51,-30.48,-30.7848,-37.7952
2021-04-10 08:00,-52.92,-52.42,-30.45,-30.7848,-37.7952
2021-04-10 09:00,-53.21,-52.04,-30.49,-30.7848,-37.7952
2021-04-10 10:00,-53.25,-52.39,-30.76,-31.0896,-37.7952
2021-04-10 11:00,-52.95,-52.38,-30.51,-31.0896,-37.7952
2021-04-10 12:00,-52.71,-52.11,-30.43,-31.3944,-37.7952
2021-04-10 13:00,-52.82,-51.87,-30.69,-31.3944,-38.1
2021-04-10 14:00,-52.87,-52.04,-30.93,-31.6992,-38.1
2021-04-10 15:00,-52.73,-52.05,-30.89,-31.6992,-38.1
2021-04-10 16:00,-52.92,-51.95,-31.13,-32.004,-38.1
2021-04-10 17:00,-52.77,-52.23,-31.19,-32.004,-38.1
2021-04-10 18:00,-52.83,-52.02,-31.23,-32.004,-38.1
2021-04-10 19:00,-52.66,-52.07,-31.16,-32.3088,-38.1
2021-04-10 20:00,-52.59,-51.91,-31.16,-32.3088,-38.1
2021-04-10 21:00,-52.41,-51.9,-31.2,-32.3088,-38.1
2021-04-10 22:00,-52.56,-51.62,-31.23,-32.3088,-38.1
2021-04-10 23:00,-52.45,-51.93,-31.36,-32.3088,-38.1
2021-04-11 00:00,-52.68,-51.68,-31.58,-32.3088,-38.4048
2021-04-11 01:00,-52.78,-51.95,-31.76,-32.6136,-38.4048
2021-04-11 02:00,-52.81,-51.93,-31.7,-32.6136,-38.4048
2021-04-11 03:00,-52.53,-52.11,-31.51,-32.3088,-38.1
2021-04-11 04:00,-52.76,-51.73,-31.19,-31.0896,-38.1
2021-04-11 05:00,-52.41,-52.16,-30.09,-29.8704,-37.4904
2021-04-11 06:00,-52.54,-51.8,-29.75,-29.5656,-37.4904
2021-04-11 07:00,-52.66,-51.88,-29.63,-29.5656,-37.1856
2021-04-11 08:00,-52.8,-51.95,-29.62,-29.8704,-37.1856
2021-04-11 09:00,-52.77,-52.13,-29.36,-29.8704,-36.8808
2021-04-11 10:00,-52.65,-52.08,-29.42,-29.8704,-36.8808
2021-04-11 11:00,-52.48,-51.93,-29.55,-30.1752,-36.8808
2021-04-11 12:00,-52.74,-51.73,-29.77,-30.1752,-36.8808
2021-04-11 13:00,-52.79,-51.89,-30.01,-30.48,-37.1856
2021-04-11 14:00,-52.58,-52.01,-30.15,-30.48,-37.1856
2021-04-11 15:00,-52.71,-51.92,-30.24,-30.7848,-37.1856
2021-04-11 16:00,-52.74,-52.01,-30.46,-31.0896,-37.1856
2021-04-11 17:00,-52.53,-52.07,-30.35,-31.0896,-37.1856
2021-04-11 18:00,-52.57,-51.94,-30.33,-31.0896,-37.1856
2021-04-11 19:00,-52.54,-52.01,-30.36,-31.3944,-37.1856
2021-04-11 20:00,-52.64,-51.93,-30.44,-31.3944,-37.4904
2021-04-11 21:00,-52.42,-52.09,-30.42,-31.3944,-37.4904
2021-04-11 22:00,-52.37,-51.79,-30.48,-31.3944,-37.4904
2021-04-11 23:00,-52.41,-51.68,-30.55,-31.3944,-37.4904
2021-04-12 00:00,-52.44,-51.72,-30.64,-31.3944,-37.4904
2021-04-12 01:00,-52.48,-51.77,-30.74,-31.6992,-37.4904
2021-04-12 02:00,-52.65,-51.81,-30.93,-31.6992,-37.4904
2021-04-12 03:00,-52.65,-51.93,-30.9,-31.6992,-37.4904
2021-04-12 04:00,-52.68,-51.98,-30.97,-31.6992,-37.4904
2021-04-12 05:00,-52.74,-51.95,-31.06,-31.6992,-37.4904
2021-04-12 06:00,-52.98,-52.02,-31.31,-31.6992,-37.4904
2021-04-12 07:00,-53.1,-52.23,-31.52,-32.004,-37.4904
2021-04-12 08:00,-53.03,-52.37,-31.46,-32.004,-37.4904
2021-04-12 09:00,-53.11,-52.23,-31.55,-32.004,-37.4904
2021-04-12 10:00,-53.14,-52.28,-31.65,-32.004,-37.7952
2021-04-12 11:00,-52.91,-52.3,-31.68,-32.3088,-37.7952
2021-04-12 12:00,-52.73,-52.03,-31.65,-32.3088,-37.7952
2021-04-12 13:00,-52.96,-51.92,-31.91,-32.3088,-37.7952
2021-04-12 14:00,-53.13,-52.08,-32.31,-32.6136,-38.1
2021-04-12 15:00,-53.04,-52.35,-32.16,-32.6136,-38.1
2021-04-12 16:00,-53.27,-52.3,-32.47,-32.6136,-38.1
2021-04-12 17:00,-53,-52.63,-32.26,-32.9184,-38.1
2021-04-12 18:00,-53.12,-52.31,-32.51,-32.9184,-38.1
2021-04-12 19:00,-53.06,-52.37,-32.35,-32.9184,-38.1
2021-04-12 20:00,-53.12,-52.31,-32.47,-32.9184,-38.1
2021-04-12 21:00,-53.12,-52.39,-32.56,-33.2232,-38.4048
2021-04-12 22:00,-53.24,-52.43,-32.6,-33.2232,-38.4048
2021-04-12 23:00,-53.51,-52.48,-32.91,-33.2232,-38.4048
2021-04-13 00:00,-53.19,-52.75,-32.92,-33.2232,-38.4048
2021-04-13 01:00,-53.35,-52.32,-33.02,-33.2232,-38.4048
2021-04-13 02:00,-53.46,-52.54,-33.14,-33.2232,-38.4048
2021-04-13 03:00,-53.5,-52.64,-33.19,-33.2232,-38.4048
2021-04-13 04:00,-53.69,-52.66,-33.37,-33.2232,-38.4048
2021-04-13 05:00,-53.98,-52.8,-33.7,-33.528,-38.4048
2021-04-13 06:00,-53.93,-53.18,-33.65,-33.528,-38.4048
2021-04-13 07:00,-53.76,-53.1,-33.57,-33.528,-38.4048
2021-04-13 08:00,-53.75,-52.97,-33.54,-33.528,-38.4048
2021-04-13 09:00,-53.75,-52.9,-33.59,-33.528,-38.7096
2021-04-13 10:00,-53.87,-52.95,-33.79,-33.528,-38.7096
2021-04-13 11:00,-53.52,-52.96,-33.71,-33.8328,-38.7096
2021-04-13 12:00,-53.78,-52.66,-33.87,-33.8328,-38.7096
2021-04-13 13:00,-53.84,-52.89,-34.08,-33.8328,-38.7096
2021-04-13 14:00,-53.82,-52.95,-34.12,-33.8328,-38.7096
2021-04-13 15:00,-53.79,-52.96,-34.22,-34.1376,-38.7096
2021-04-13 16:00,-54.08,-52.9,-34.4,-34.1376,-39.0144
2021-04-13 17:00,-53.87,-53.14,-34.35,-34.1376,-39.0144
2021-04-13 18:00,-53.67,-52.92,-34.31,-34.1376,-39.0144
2021-04-13 19:00,-54,-52.89,-34.5,-34.1376,-39.0144
2021-04-13 20:00,-54.12,-53.22,-34.7,-34.4424,-39.0144
2021-04-13 21:00,-54.18,-53.25,-34.86,-34.4424,-39.0144
2021-04-13 22:00,-53.83,-53.22,-34.65,-34.4424,-39.0144
2021-04-13 23:00,-54.05,-52.97,-34.91,-34.4424,-39.0144
2021-04-14 00:00,-54.19,-53.11,-35.02,-34.4424,-39.0144
2021-04-14 01:00,-54.12,-53.2,-35.05,-34.4424,-39.0144
2021-04-14 02:00,-54.2,-53.13,-35.16,-34.4424,-39.3192
2021-04-14 03:00,-54.52,-53.28,-35.36,-34.4424,-39.3192
2021-04-14 04:00,-54.21,-53.57,-35.25,-34.4424,-39.3192
2021-04-14 05:00,-54.47,-53.27,-35.37,-34.7472,-39.3192
2021-04-14 06:00,-54.59,-53.57,-35.45,-34.7472,-39.3192
2021-04-14 07:00,-54.58,-53.73,-35.63,-34.7472,-39.3192
2021-04-14 08:00,-54.42,-53.61,-35.46,-34.7472,-39.3192
2021-04-14 09:00,-54.5,-53.51,-35.46,-34.7472,-39.3192
2021-04-14 10:00,-54.39,-53.59,-35.76,-34.7472,-39.3192
2021-04-14 11:00,-54.54,-53.45,-35.83,-35.052,-39.3192
2021-04-14 12:00,-54.48,-53.52,-35.9,-35.052,-39.624
2021-04-14 13:00,-54.62,-53.48,-36.02,-35.052,-39.624
2021-04-14 14:00,-54.48,-53.58,-36.2,-35.052,-39.624
2021-04-14 15:00,-54.53,-53.45,-36.27,-35.052,-39.624
2021-04-14 16:00,-54.3,-53.69,-36.21,-35.3568,-39.624
2021-04-14 17:00,-54.59,-53.44,-36.3,-35.3568,-39.624
2021-04-14 18:00,-54.22,-53.74,-36.05,-35.3568,-39.9288
2021-04-14 19:00,-54.16,-53.31,-36.22,-35.3568,-39.9288
2021-04-14 20:00,-54.44,-53.31,-36.37,-35.3568,-39.9288
2021-04-14 21:00,-54.38,-53.53,-36.31,-35.3568,-39.9288
2021-04-14 22:00,-54.57,-53.47,-36.71,-35.6616,-39.9288
2021-04-14 23:00,-54.34,-53.74,-36.43,-35.6616,-39.9288
2021-04-15 00:00,-54.87,-53.42,-36.54,-35.6616,-39.9288
2021-04-15 01:00,-54.23,-54.13,-36.35,-35.3568,-39.9288
2021-04-15 02:00,-54.15,-53.4,-36.3,-35.052,-39.9288
2021-04-15 03:00,-54.03,-53.41,-36.23,-35.052,-39.9288
2021-04-15 04:00,-54.05,-53.39,-36.15,-35.052,-39.9288
2021-04-15 05:00,-54.08,-53.42,-36.1,-35.052,-39.9288
2021-04-15 06:00,-54.37,-53.5,-36.36,-35.052,-39.9288
2021-04-15 07:00,-54.27,-53.78,-36.12,-35.052,-39.9288
2021-04-15 08:00,-54.16,-53.7,-35.96,-35.052,-39.9288
2021-04-15 09:00,-54.34,-53.51,-36.13,-35.052,-39.9288
2021-04-15 10:00,-54.38,-53.7,-36.23,-35.052,-39.9288
2021-04-15 11:00,-54.31,-53.71,-36.27,-35.052,-39.9288
2021-04-15 12:00,-54.29,-53.52,-36.34,-35.052,-40.2336
2021-04-15 13:00,-54.47,-53.57,-36.48,-35.3568,-40.2336
2021-04-15 14:00,-54.48,-53.73,-36.54,-35.3568,-40.2336
2021-04-15 15:00,-54.48,-53.73,-36.64,-35.3568,-40.2336
2021-04-15 16:00,-54.65,-53.76,-36.66,-35.3568,-40.2336
2021-04-15 17:00,-54.39,-53.96,-36.5,-35.3568,-40.2336
2021-04-15 18:00,-54.52,-53.79,-36.59,-35.3568,-40.2336
2021-04-15 19:00,-54.6,-53.83,-36.61,-35.6616,-40.2336
2021-04-15 20:00,-54.72,-53.95,-36.71,-35.6616,-40.2336
2021-04-15 21:00,-54.74,-54.07,-36.86,-35.6616,-40.2336
2021-04-15 22:00,-54.74,-54.08,-36.9,-35.6616,-40.2336
2021-04-15 23:00,-54.98,-54.06,-37.04,-35.6616,-40.2336
2021-04-16 00:00,-54.89,-54.36,-37.02,-35.6616,-40.5384
2021-04-16 01:00,-55.03,-54.22,-37.21,-35.6616,-40.5384
2021-04-16 02:00,-54.98,-54.38,-37.21,-35.6616,-40.5384
2021-04-16 03:00,-54.88,-54.31,-37.19,-35.6616,-40.5384
2021-04-16 04:00,-55.05,-54.17,-37.32,-35.6616,-40.5384
2021-04-16 05:00,-55.19,-54.44,-37.47,-35.6616,-40.5384
2021-04-16 06:00,-55.23,-54.59,-37.54,-35.9664,-40.5384
2021-04-16 07:00,-55.29,-54.7,-37.7,-35.9664,-40.5384
2021-04-16 08:00,-55.31,-54.64,-37.73,-35.9664,-40.5384
2021-04-16 09:00,-55.14,-54.71,-37.67,-35.9664,-40.5384
2021-04-16 10:00,-55,-54.42,-37.59,-35.9664,-40.5384
2021-04-16 11:00,-55.11,-54.33,-37.81,-35.9664,-40.8432
2021-04-16 12:00,-54.99,-54.46,-37.73,-35.9664,-40.8432
2021-04-16 13:00,-55.23,-54.31,-38.07,-36.2712,-40.8432
2021-04-16 14:00,-55.26,-54.66,-38.09,-36.2712,-40.8432
2021-04-16 15:00,-55.11,-54.65,-38.05,-36.2712,-40.8432
2021-04-16 16:00,-55.33,-54.48,-38.31,-36.2712,-40.8432
2021-04-16 17:00,-55.23,-54.78,-38.27,-36.576,-40.8432
2021-04-16 18:00,-55.02,-54.72,-38.04,-36.576,-41.148
2021-04-16 19:00,-55.19,-54.53,-38.21,-36.576,-41.148
2021-04-16 20:00,-55.24,-54.79,-38.3,-36.576,-41.148
2021-04-16 21:00,-55.15,-54.81,-38.34,-36.576,-41.148
2021-04-16 22:00,-55.3,-54.65,-38.51,-36.576,-41.148
2021-04-16 23:00,-55.21,-54.84,-38.49,-36.576,-41.148
2021-04-17 00:00,-55.26,-54.66,-38.52,-36.576,-41.148
2021-04-17 01:00,-55.32,-54.81,-38.6,-36.8808,-41.148
2021-04-17 02:00,-55.52,-54.77,-38.63,-36.8808,-41.148
2021-04-17 03:00,-55.42,-55.06,-38.74,-36.8808,-41.148
2021-04-17 04:00,-55.56,-54.96,-38.87,-36.8808,-41.148
2021-04-17 05:00,-55.5,-55.1,-38.88,-36.8808,-41.148
2021-04-17 06:00,-55.54,-55.08,-38.93,-36.8808,-41.4528
2021-04-17 07:00,-55.59,-55.06,-39.04,-36.8808,-41.4528
2021-04-17 08:00,-55.53,-55.08,-39,-36.8808,-41.4528
2021-04-17 09:00,-55.5,-55.11,-39,-36.8808,-41.4528
2021-04-17 10:00,-55.51,-55.01,-39.03,-36.8808,-41.4528
2021-04-17 11:00,-55.55,-55.04,-39.11,-36.8808,-41.4528
2021-04-17 12:00,-55.48,-55,-39.29,-37.1856,-41.4528
2021-04-17 13:00,-55.66,-54.99,-39.41,-37.1856,-41.4528
2021-04-17 14:00,-55.54,-55.29,-39.39,-37.1856,-41.7576
2021-04-17 15:00,-55.7,-55.07,-39.57,-37.1856,-41.7576
2021-04-17 16:00,-55.65,-55.27,-39.48,-37.4904,-41.7576
2021-04-17 17:00,-55.67,-55.29,-39.5,-37.4904,-41.7576
2021-04-17 18:00,-55.45,-55.29,-39.35,-37.4904,-41.7576
2021-04-17 19:00,-55.68,-55.07,-39.44,-37.4904,-41.7576
2021-04-17 20:00,-55.79,-55.32,-39.69,-37.4904,-41.7576
2021-04-17 21:00,-55.71,-55.43,-39.69,-37.4904,-41.7576
2021-04-17 22:00,-55.57,-55.36,-39.69,-37.4904,-41.7576
2021-04-17 23:00,-55.64,-55.14,-39.64,-37.4904,-42.0624
2021-04-18 00:00,-55.68,-55.2,-39.66,-37.4904,-42.0624
2021-04-18 01:00,-55.59,-55.25,-39.76,-37.4904,-42.0624
2021-04-18 02:00,-55.65,-55.21,-39.69,-37.4904,-42.0624
2021-04-18 03:00,-55.77,-55.23,-39.83,-37.4904,-42.0624
2021-04-18 04:00,-55.84,-55.37,-39.89,-37.4904,-42.0624
2021-04-18 05:00,-56.04,-55.41,-40.02,-37.7952,-42.0624
2021-04-18 06:00,-56.11,-55.66,-40.02,-37.7952,-42.0624
2021-04-18 07:00,-55.97,-55.65,-40.02,-37.7952,-42.0624
2021-04-18 08:00,-55.9,-55.45,-40.04,-37.7952,-42.0624
2021-04-18 09:00,-55.95,-55.44,-40.01,-37.7952,-42.0624
2021-04-18 10:00,-55.85,-55.46,-40.01,-37.7952,-42.0624
2021-04-18 11:00,-55.8,-55.41,-40.02,-37.7952,-42.3672
2021-04-18 12:00,-55.82,-55.31,-40.21,-37.7952,-42.3672
2021-04-18 13:00,-55.89,-55.38,-40.24,-38.1,-42.3672
2021-04-18 14:00,-55.98,-55.54,-40.42,-38.1,-42.3672
2021-04-18 15:00,-55.84,-55.62,-40.27,-38.1,-42.3672
2021-04-18 16:00,-55.82,-55.53,-40.4,-38.1,-42.3672
2021-04-18 17:00,-55.95,-55.41,-40.41,-38.1,-42.3672
2021-04-18 18:00,-55.92,-55.61,-40.39,-38.1,-42.3672
2021-04-18 19:00,-56.02,-55.53,-40.5,-38.1,-42.672
2021-04-18 20:00,-56.02,-55.67,-40.49,-38.1,-42.672
2021-04-18 21:00,-55.96,-55.7,-40.5,-38.4048,-42.672
2021-04-18 22:00,-56,-55.58,-40.52,-38.4048,-42.672
2021-04-18 23:00,-56.1,-55.68,-40.73,-38.4048,-42.672
2021-04-19 00:00,-56.09,-55.68,-40.76,-38.4048,-42.672
2021-04-19 01:00,-56.25,-55.7,-40.9,-38.4048,-42.672
2021-04-19 02:00,-56.3,-55.82,-40.8,-38.4048,-42.672
2021-04-19 03:00,-56,-56,-40.67,-38.4048,-42.672
2021-04-19 04:00,-56.23,-55.6,-40.88,-38.4048,-42.672
2021-04-19 05:00,-56.22,-55.79,-40.86,-38.4048,-42.672
2021-04-19 06:00,-56.35,-55.82,-41.01,-38.4048,-42.672
2021-04-19 07:00,-56.3,-55.94,-40.92,-38.4048,-42.672
2021-04-19 08:00,-56.23,-55.86,-40.96,-38.4048,-42.672
2021-04-19 09:00,-56.21,-55.88,-40.98,-38.4048,-42.672
2021-04-19 10:00,-56.31,-55.74,-41.08,-38.4048,-42.9768
2021-04-19 11:00,-56.42,-55.93,-41.21,-38.4048,-42.9768
2021-04-19 12:00,-56.39,-55.93,-41.05,-38.4048,-42.9768
2021-04-19 13:00,-56.38,-55.99,-41.29,-38.7096,-42.9768
2021-04-19 14:00,-56.25,-56,-41.05,-38.7096,-42.9768
2021-04-19 15:00,-56.13,-55.88,-40.76,-38.7096,-42.9768
2021-04-19 16:00,-56.33,-55.88,-40.87,-38.7096,-42.9768
2021-04-19 17:00,-56.24,-56.16,-41.17,-38.7096,-42.9768
2021-04-19 18:00,-56.4,-55.93,-41.33,-38.7096,-42.9768
2021-04-19 19:00,-56.6,-55.98,-41.45,-38.7096,-43.2816
2021-04-19 20:00,-56.81,-56.22,-41.58,-38.7096,-43.2816
2021-04-19 21:00,-56.79,-56.45,-41.63,-38.7096,-43.2816
2021-04-19 22:00,-56.65,-56.43,-41.58,-39.0144,-43.2816
2021-04-19 23:00,-56.68,-56.29,-41.68,-39.0144,-43.2816
2021-04-20 00:00,-56.79,-56.29,-41.73,-39.0144,-43.2816
2021-04-20 01:00,-56.8,-56.42,-41.8,-39.0144,-43.2816
2021-04-20 02:00,-56.91,-56.37,-41.82,-39.0144,-43.2816
2021-04-20 03:00,-57.01,-56.54,-41.9,-39.0144,-43.2816
2021-04-20 04:00,-56.94,-56.66,-41.88,-39.0144,-43.2816
2021-04-20 05:00,-57.12,-56.58,-41.98,-39.0144,-43.2816
2021-04-20 06:00,-56.96,-56.81,-41.92,-39.0144,-43.2816
2021-04-20 07:00,-57.08,-56.59,-42.19,-39.0144,-43.2816
2021-04-20 08:00,-57.06,-56.64,-42.07,-39.0144,-43.2816
2021-04-20 09:00,-56.95,-56.64,-42.04,-39.0144,-43.5864
2021-04-20 10:00,-56.96,-56.52,-42.09,-39.0144,-43.5864
2021-04-20 11:00,-56.81,-56.53,-42.11,-39.0144,-43.5864
2021-04-20 12:00,-57,-56.38,-42.22,-39.3192,-43.5864
2021-04-20 13:00,-56.9,-56.57,-42.13,-39.3192,-43.5864
2021-04-20 14:00,-56.82,-56.43,-42.17,-39.3192,-43.5864
2021-04-20 15:00,-56.76,-56.36,-42.21,-39.3192,-43.5864
2021-04-20 16:00,-56.98,-56.35,-42.45,-39.3192,-43.5864
2021-04-20 17:00,-56.75,-56.56,-42.19,-39.624,-43.8912
2021-04-20 18:00,-56.71,-56.45,-42.2,-39.624,-43.8912
2021-04-20 19:00,-56.83,-56.41,-42.27,-39.624,-43.8912
2021-04-20 20:00,-57.05,-56.48,-42.41,-39.624,-43.8912
2021-04-20 21:00,-57,-56.78,-42.51,-39.624,-43.8912
2021-04-20 22:00,-56.85,-56.68,-42.47,-39.624,-43.8912
2021-04-20 23:00,-57.02,-56.5,-42.58,-39.624,-43.8912
2021-04-21 00:00,-57.09,-56.67,-42.63,-39.624,-43.8912
2021-04-21 01:00,-57,-56.71,-42.62,-39.624,-43.8912
2021-04-21 02:00,-57.03,-56.61,-42.65,-39.624,-43.8912
2021-04-21 03:00,-57.11,-56.73,-42.77,-39.624,-43.8912
2021-04-21 04:00,-57.12,-56.82,-42.77,-39.624,-43.8912
2021-04-21 05:00,-57.28,-56.77,-42.84,-39.624,-43.8912
2021-04-21 06:00,-57.39,-56.96,-42.96,-39.624,-43.8912
2021-04-21 07:00,-57.18,-57.05,-42.9,-39.624,-43.8912
2021-04-21 08:00,-57.32,-56.9,-43.01,-39.624,-44.196
2021-04-21 09:00,-57.46,-56.99,-43.2,-39.624,-44.196
2021-04-21 10:00,-57.51,-57.14,-43.27,-39.9288,-44.196
2021-04-21 11:00,-57.27,-57.1,-43.21,-39.9288,-44.196
2021-04-21 12:00,-57.16,-56.9,-43.18,-39.9288,-44.196
2021-04-21 13:00,-57.34,-56.81,-43.27,-39.9288,-44.196
2021-04-21 14:00,-57.29,-57.01,-43.43,-39.9288,-44.196
2021-04-21 15:00,-57.38,-57.05,-43.34,-40.2336,-44.196
2021-04-21 16:00,-57.41,-57.02,-43.28,-40.2336,-44.5008
2021-04-21 17:00,-57.08,-57.2,-42.86,-40.2336,-44.5008
2021-04-21 18:00,-57.19,-56.85,-42.99,-40.2336,-44.5008
2021-04-21 19:00,-57.4,-56.92,-43.12,-40.2336,-44.5008
2021-04-21 20:00,-57.42,-57.2,-43.04,-40.2336,-44.5008
2021-04-21 21:00,-57.32,-57.26,-43.05,-40.2336,-44.5008
2021-04-21 22:00,-57.51,-57.06,-43.69,-40.2336,-44.5008
2021-04-21 23:00,-57.47,-57.21,-43.3,-40.2336,-44.5008
2021-04-22 00:00,-57.51,-57.25,-43.39,-40.2336,-44.5008
2021-04-22 01:00,-57.52,-57.09,-43.44,-40.5384,-44.5008
2021-04-22 02:00,-57.66,-57.21,-43.52,-40.5384,-44.5008
2021-04-22 03:00,-57.75,-57.4,-43.73,-40.5384,-44.5008
2021-04-22 04:00,-57.85,-57.47,-43.78,-40.5384,-44.8056
2021-04-22 05:00,-57.96,-57.45,-43.9,-40.5384,-44.8056
2021-04-22 06:00,-58.03,-57.63,-43.97,-40.5384,-44.8056
2021-04-22 07:00,-58.21,-57.69,-44.13,-40.5384,-44.8056
2021-04-22 08:00,-58.06,-57.84,-44.19,-40.5384,-44.8056
2021-04-22 09:00,-57.96,-57.7,-44.07,-40.5384,-44.8056
2021-04-22 10:00,-57.89,-57.64,-44.16,-40.5384,-44.8056
2021-04-22 11:00,-57.91,-57.47,-44.17,-40.5384,-44.8056
2021-04-22 12:00,-57.77,-57.53,-44.01,-40.5384,-44.8056
2021-04-22 13:00,-57.75,-57.37,-44.07,-40.8432,-45.1104
2021-04-22 14:00,-57.96,-57.32,-44.3,-40.8432,-45.1104
2021-04-22 15:00,-57.59,-57.66,-43.97,-40.8432,-45.1104
2021-04-22 16:00,-57.84,-57.3,-44.04,-40.8432,-45.1104
2021-04-22 17:00,-57.89,-57.53,-44.1,-40.8432,-45.1104
2021-04-22 18:00,-57.88,-57.61,-44.24,-40.8432,-45.1104
2021-04-22 19:00,-58.04,-57.6,-44.44,-40.8432,-45.1104
2021-04-22 20:00,-58.06,-57.72,-44.45,-41.148,-45.1104
2021-04-22 21:00,-58.24,-57.75,-44.56,-41.148,-45.1104
2021-04-22 22:00,-58.2,-57.98,-44.62,-41.148,-45.1104
2021-04-22 23:00,-58.21,-57.87,-44.62,-41.148,-45.1104
2021-04-23 00:00,-58.43,-57.9,-44.74,-41.148,-45.1104
2021-04-23 01:00,-58.15,-58.12,-44.59,-41.148,-45.4152
2021-04-23 02:00,-58.25,-57.96,-44.68,-41.148,-45.4152
2021-04-23 03:00,-58.38,-57.89,-44.85,-41.148,-45.4152
2021-04-23 04:00,-58.3,-58.03,-44.76,-41.148,-45.4152
2021-04-23 05:00,-58.38,-57.98,-44.87,-41.148,-45.4152
2021-04-23 06:00,-58.73,-58.04,-45.13,-41.148,-45.4152
2021-04-23 07:00,-58.66,-58.44,-45.1,-41.148,-45.4152
2021-04-23 08:00,-58.31,-58.37,-44.97,-41.148,-45.4152
2021-04-23 09:00,-58.29,-58.01,-44.79,-41.148,-45.4152
2021-04-23 10:00,-58.33,-57.98,-44.88,-41.148,-45.4152
2021-04-23 11:00,-58.25,-57.94,-44.8,-41.148,-45.4152
2021-04-23 12:00,-58.21,-57.87,-44.84,-41.4528,-45.4152
2021-04-23 13:00,-58.39,-57.77,-45.05,-41.4528,-45.72
2021-04-23 14:00,-58.36,-57.91,-45.03,-41.4528,-45.4152
2021-04-23 15:00,-58.35,-58,-45.04,-41.4528,-45.72
2021-04-23 16:00,-58.39,-57.93,-45.11,-41.4528,-45.72
2021-04-23 17:00,-58.2,-58.08,-44.92,-41.4528,-45.72
2021-04-23 18:00,-58.41,-57.88,-45.01,-41.4528,-45.72
2021-04-23 19:00,-58.14,-58.18,-44.97,-41.4528,-45.72
2021-04-23 20:00,-58.45,-57.91,-45.14,-41.4528,-45.72
2021-04-23 21:00,-58.37,-58.24,-45.2,-41.4528,-45.72
2021-04-23 22:00,-58.33,-58.11,-45.13,-41.4528,-45.72
2021-04-23 23:00,-58.41,-58.05,-45.2,-41.7576,-45.72
2021-04-24 00:00,-58.26,-58.18,-45.13,-41.7576,-45.72
2021-04-24 01:00,-58.17,-57.98,-45.18,-41.7576,-45.72
2021-04-24 02:00,-58.35,-57.84,-45.27,-41.7576,-45.72
2021-04-24 03:00,-58.54,-58.12,-45.34,-41.7576,-46.0248
2021-04-24 04:00,-58.56,-58.28,-45.41,-41.7576,-46.0248
2021-04-24 05:00,-58.79,-58.31,-45.46,-41.7576,-46.0248
2021-04-24 06:00,-58.76,-58.54,-45.59,-41.7576,-46.0248
2021-04-24 07:00,-58.96,-58.47,-45.67,-41.7576,-46.0248
2021-04-24 08:00,-58.93,-58.77,-45.67,-41.7576,-46.0248
2021-04-24 09:00,-58.68,-58.63,-45.56,-41.7576,-46.0248
2021-04-24 10:00,-58.82,-58.39,-45.7,-41.7576,-46.0248
2021-04-24 11:00,-58.62,-58.41,-45.68,-41.7576,-46.0248
2021-04-24 12:00,-58.73,-58.28,-45.71,-41.7576,-46.0248
2021-04-24 13:00,-58.63,-58.41,-45.63,-41.7576,-46.0248
2021-04-24 14:00,-57.92,-58.25,-45.26,-41.7576,-46.0248
2021-04-24 15:00,-58.36,-57.47,-45.29,-41.7576,-46.0248
2021-04-24 16:00,-58.1,-58.14,-45.22,-41.7576,-46.0248
2021-04-24 17:00,-58.16,-57.92,-45.38,-41.7576,-46.3296
2021-04-24 18:00,-58.12,-57.74,-45.37,-41.7576,-46.3296
2021-04-24 19:00,-58.26,-57.72,-45.52,-41.4528,-46.3296
2021-04-24 20:00,-58.61,-57.86,-45.55,-41.4528,-46.3296
2021-04-24 21:00,-58.19,-58.37,-45.56,-41.148,-46.3296
2021-04-24 22:00,-58.82,-57.63,-45.81,-40.8432,-46.3296
2021-04-24 23:00,-58.87,-58.55,-45.84,-40.8432,-46.3296
2021-04-25 00:00,-58.68,-58.55,-45.77,-40.8432,-46.3296
2021-04-25 01:00,-58.53,-58.46,-45.72,-40.8432,-46.3296
2021-04-25 02:00,-58.75,-58.2,-45.63,-40.8432,-46.3296
2021-04-25 03:00,-58.69,-58.5,-45.48,-40.5384,-46.3296
2021-04-25 04:00,-58.39,-58.36,-45.42,-40.5384,-46.3296
2021-04-25 05:00,-58.71,-58.09,-45.6,-40.8432,-46.3296
2021-04-25 06:00,-58.81,-58.47,-45.54,-40.8432,-46.3296
2021-04-25 07:00,-59.08,-58.56,-45.84,-40.8432,-46.3296
2021-04-25 08:00,-58.78,-58.8,-45.46,-40.8432,-46.3296
2021-04-25 09:00,-58.85,-58.5,-45.52,-40.8432,-46.3296
2021-04-25 10:00,-58.87,-58.57,-45.63,-40.8432,-46.3296
2021-04-25 11:00,-58.81,-58.67,-45.6,-40.8432,-46.3296
2021-04-25 12:00,-58.67,-58.52,-45.43,-40.8432,-46.3296
2021-04-25 13:00,-58.89,-58.37,-45.69,-40.8432,-46.3296
2021-04-25 14:00,-58.82,-58.52,-45.71,-40.8432,-46.3296
2021-04-25 15:00,-58.98,-58.47,-45.86,-41.148,-46.6344
2021-04-25 16:00,-58.98,-58.66,-45.88,-41.148,-46.6344
2021-04-25 17:00,-59.04,-58.68,-45.86,-41.148,-46.6344
2021-04-25 18:00,-59.21,-58.78,-46,-41.148,-46.6344
2021-04-25 19:00,-59.11,-58.9,-45.92,-41.148,-46.6344
2021-04-25 20:00,-59.23,-58.74,-46.01,-41.148,-46.6344
2021-04-25 21:00,-59.17,-58.9,-45.99,-41.4528,-46.6344
2021-04-25 22:00,-59.19,-58.84,-46.05,-41.4528,-46.6344
2021-04-25 23:00,-59.27,-58.8,-46.15,-41.4528,-46.6344
2021-04-26 00:00,-59.19,-58.95,-46.07,-41.4528,-46.6344
2021-04-26 01:00,-59.2,-58.73,-46.1,-41.4528,-46.6344
2021-04-26 02:00,-59.35,-58.78,-46.24,-41.4528,-46.6344
2021-04-26 03:00,-59.59,-58.93,-46.29,-41.4528,-46.6344
2021-04-26 04:00,-59.33,-59.23,-46.33,-41.4528,-46.6344
2021-04-26 05:00,-59.62,-58.94,-46.38,-41.4528,-46.6344
2021-04-26 06:00,-59.63,-59.28,-46.38,-41.4528,-46.6344
2021-04-26 07:00,-59.52,-59.24,-46.31,-41.4528,-46.9392
2021-04-26 08:00,-59.53,-59.11,-46.38,-41.4528,-46.9392
2021-04-26 09:00,-59.54,-59.16,-46.22,-41.4528,-46.9392
2021-04-26 10:00,-59.36,-59.13,-46.2,-41.7576,-46.9392
2021-04-26 11:00,-59.3,-58.86,-46.24,-41.7576,-46.9392
2021-04-26 12:00,-59.12,-58.77,-46.27,-41.7576,-46.9392
2021-04-26 13:00,-59.34,-58.62,-46.34,-41.7576,-46.9392
2021-04-26 14:00,-59.25,-58.82,-46.39,-41.7576,-46.9392
2021-04-26 15:00,-59.39,-58.8,-46.52,-41.7576,-46.9392
2021-04-26 16:00,-59.41,-58.91,-46.47,-42.0624,-47.244
2021-04-26 17:00,-59.56,-59.01,-46.59,-42.0624,-47.244
2021-04-26 18:00,-59.46,-59.12,-46.51,-42.0624,-47.244
2021-04-26 19:00,-59.52,-59.06,-46.61,-42.0624,-47.244
2021-04-26 20:00,-59.73,-59.12,-46.64,-42.0624,-47.244
2021-04-26 21:00,-59.59,-59.32,-46.63,-42.0624,-47.244
2021-04-26 22:00,-59.69,-59.11,-46.8,-42.0624,-47.244
2021-04-26 23:00,-59.76,-59.18,-46.79,-42.0624,-47.244
2021-04-27 00:00,-59.68,-59.3,-46.79,-42.0624,-47.244
2021-04-27 01:00,-59.64,-59.2,-46.83,-42.0624,-47.244
2021-04-27 02:00,-59.76,-59.15,-46.82,-42.0624,-47.244
2021-04-27 03:00,-59.83,-59.25,-46.91,-42.0624,-47.244
2021-04-27 04:00,-59.66,-59.39,-46.82,-42.3672,-47.244
2021-04-27 05:00,-59.92,-59.18,-47.03,-42.3672,-47.244
2021-04-27 06:00,-60.21,-59.53,-47.27,-42.3672,-47.244
2021-04-27 07:00,-59.95,-59.71,-47.04,-42.3672,-47.5488
2021-04-27 08:00,-59.91,-59.52,-47.07,-42.3672,-47.5488
2021-04-27 09:00,-59.97,-59.42,-47.22,-42.3672,-47.5488
2021-04-27 10:00,-60.14,-59.46,-47.39,-42.3672,-47.5488
2021-04-27 11:00,-60.08,-59.67,-47.49,-42.3672,-47.5488
2021-04-27 12:00,-60.11,-59.6,-47.62,-42.3672,-47.5488
2021-04-27 13:00,-59.96,-59.63,-47.3,-42.672,-47.5488
2021-04-27 14:00,-60.17,-59.44,-47.61,-42.672,-47.5488
2021-04-27 15:00,-60.19,-59.65,-47.57,-42.672,-47.5488
2021-04-27 16:00,-60.14,-59.74,-47.59,-42.672,-47.8536
2021-04-27 17:00,-60.01,-59.69,-47.35,-42.672,-47.8536
2021-04-27 18:00,-60.01,-59.51,-47.38,-42.9768,-47.8536
2021-04-27 19:00,-59.91,-59.56,-47.36,-42.9768,-47.8536
2021-04-27 20:00,-59.74,-59.47,-47.29,-42.9768,-47.8536
2021-04-27 21:00,-59.99,-59.28,-47.38,-42.9768,-47.8536
2021-04-27 22:00,-59.78,-59.61,-47.34,-42.9768,-47.8536
2021-04-27 23:00,-60.09,-59.41,-47.44,-42.9768,-47.8536
2021-04-28 00:00,-59.86,-59.66,-47.33,-42.9768,-47.8536
2021-04-28 01:00,-59.75,-59.35,-47.37,-42.9768,-47.8536
2021-04-28 02:00,-59.83,-59.3,-47.34,-42.9768,-47.8536
2021-04-28 03:00,-59.85,-59.38,-47.41,-42.9768,-47.8536
2021-04-28 04:00,-59.99,-59.41,-47.39,-42.9768,-47.8536
2021-04-28 05:00,-59.98,-59.63,-47.39,-42.9768,-47.8536
2021-04-28 06:00,-59.95,-59.64,-47.47,-42.9768,-48.1584
2021-04-28 07:00,-60.19,-59.58,-47.75,-42.9768,-48.1584
2021-04-28 08:00,-60.27,-59.83,-47.86,-42.9768,-48.1584
2021-04-28 09:00,-60.47,-59.83,-48.14,-42.9768,-48.1584
2021-04-28 10:00,-60.49,-60.04,-48.11,-42.9768,-48.1584
2021-04-28 11:00,-60.45,-60.16,-48.22,-43.2816,-48.1584
2021-04-28 12:00,-60.41,-59.99,-48.11,-43.2816,-48.1584
2021-04-28 13:00,-60.75,-59.97,-48.38,-43.2816,-48.1584
2021-04-28 14:00,-60.48,-60.27,-48.16,-43.2816,-48.1584
2021-04-28 15:00,-60.44,-60.42,-48.28,-43.2816,-48.4632
2021-04-28 16:00,-60.56,-60.13,-48.26,-43.2816,-48.4632
2021-04-28 17:00,-60.27,-60.36,-48.08,-43.2816,-48.4632
2021-04-28 18:00,-60.48,-60.05,-48.14,-43.5864,-48.4632
2021-04-28 19:00,-60.37,-60.18,-48.08,-43.5864,-48.4632
2021-04-28 20:00,-60.33,-60.13,-48.07,-43.5864,-48.4632
2021-04-28 21:00,-60.37,-60,-48.04,-43.5864,-48.4632
2021-04-28 22:00,-60.29,-60.04,-48.09,-43.5864,-48.4632
2021-04-28 23:00,-60.33,-59.93,-48.09,-43.5864,-48.4632
2021-04-29 00:00,-60.41,-59.99,-48.18,-43.5864,-48.4632
2021-04-29 01:00,-60.22,-60.02,-47.97,-43.5864,-48.768
2021-04-29 02:00,-60.37,-59.82,-48.08,-43.5864,-48.768
2021-04-29 03:00,-60.16,-59.99,-48,-43.5864,-48.768
2021-04-29 04:00,-60.31,-59.86,-48.08,-43.5864,-48.768
2021-04-29 05:00,-60.44,-60.06,-48.23,-43.5864,-48.768
2021-04-29 06:00,-60.62,-60.09,-48.45,-43.5864,-48.768
2021-04-29 07:00,-60.57,-60.32,-48.37,-43.5864,-48.768
2021-04-29 08:00,-60.79,-60.19,-48.7,-43.5864,-48.768
2021-04-29 09:00,-61.29,-60.56,-49.07,-43.8912,-48.768
2021-04-29 10:00,-61.04,-60.99,-48.99,-43.8912,-48.768
2021-04-29 11:00,-61.18,-60.75,-49.05,-43.8912,-48.768
2021-04-29 12:00,-61.17,-60.78,-49.15,-43.8912,-48.768
2021-04-29 13:00,-60.95,-60.79,-49.03,-43.8912,-49.0728
2021-04-29 14:00,-60.98,-60.67,-49.04,-43.8912,-49.0728
2021-04-29 15:00,-61.28,-60.63,-49.34,-43.8912,-49.0728
2021-04-29 16:00,-60.88,-60.91,-49.04,-44.196,-49.0728
2021-04-29 17:00,-60.77,-60.61,-48.97,-44.196,-49.0728
2021-04-29 18:00,-60.78,-60.43,-48.81,-44.196,-49.0728
2021-04-29 19:00,-60.68,-60.42,-48.86,-44.196,-49.0728
2021-04-29 20:00,-60.88,-60.24,-49,-44.196,-49.0728
2021-04-29 21:00,-60.73,-60.51,-48.86,-44.196,-49.3776
2021-04-29 22:00,-60.51,-60.43,-48.7,-44.5008,-49.0728
2021-04-29 23:00,-60.76,-60.13,-48.91,-44.196,-49.3776
2021-04-30 00:00,-60.64,-60.43,-48.86,-44.196,-49.3776
2021-04-30 01:00,-60.79,-60.3,-48.91,-44.196,-49.3776
2021-04-30 02:00,-60.66,-60.49,-48.81,-44.5008,-49.3776
2021-04-30 03:00,-60.79,-60.31,-48.89,-44.5008,-49.3776
2021-04-30 04:00,-60.79,-60.48,-48.89,-44.5008,-49.3776
2021-04-30 05:00,-60.78,-60.4,-48.8,-44.5008,-49.3776
2021-04-30 06:00,-60.68,-60.54,-48.66,-44.5008,-49.3776
2021-04-30 07:00,-60.78,-60.47,-48.85,-44.5008,-49.3776
2021-04-30 08:00,-60.92,-60.49,-49.09,-44.5008,-49.3776
2021-04-30 09:00,-60.81,-60.67,-49.05,-44.5008,-49.3776
2021-04-30 10:00,-61.03,-60.52,-49.28,-44.5008,-49.6824
2021-04-30 11:00,-61.04,-60.71,-49.27,-44.5008,-49.6824
2021-04-30 12:00,-61.11,-60.74,-49.45,-44.8056,-49.6824
2021-04-30 13:00,-60.97,-60.79,-49.19,-44.8056,-49.6824
2021-04-30 14:00,-61.29,-60.59,-49.54,-44.8056,-49.6824
2021-04-30 15:00,-60.99,-61.03,-49.42,-44.8056,-49.6824
2021-04-30 16:00,-60.94,-60.67,-49.41,-44.8056,-49.6824
2021-04-30 17:00,-61.03,-60.67,-49.64,-45.1104,-49.9872
2021-04-30 18:00,-61.15,-60.7,-49.69,-45.1104,-49.9872
2021-04-30 19:00,-61.08,-60.87,-49.45,-45.1104,-49.9872
2021-04-30 20:00,-61.02,-60.86,-49.43,-45.1104,-49.9872
2021-04-30 21:00,-61.04,-60.87,-49.51,-45.1104,-49.9872
2021-04-30 22:00,-61.06,-60.77,-49.67,-45.1104,-49.9872
2021-04-30 23:00,-61.08,-60.88,-49.58,-45.1104,-49.9872
2021-05-01 00:00,-61.42,-60.92,-49.92,-45.1104,-49.9872
2021-05-01 01:00,-61.21,-61.14,-49.74,-45.1104,-49.9872
2021-05-01 02:00,-61.13,-60.96,-49.67,-45.1104,-49.9872
2021-05-01 03:00,-61.39,-60.99,-50,-45.4152,-50.292
2021-05-01 04:00,-61.4,-61.1,-50,-45.4152,-50.292
2021-05-01 05:00,-61.38,-61.03,-50,-45.4152,-50.292
2021-05-01 06:00,-61.71,-61.1,-50.2,-45.4152,-50.292
2021-05-01 07:00,-61.75,-61.54,-50.33,-45.4152,-50.292
2021-05-01 08:00,-61.55,-61.51,-50.25,-45.4152,-50.292
2021-05-01 09:00,-61.62,-61.23,-50.28,-45.4152,-50.292
2021-05-01 10:00,-61.63,-61.4,-50.31,-45.4152,-50.292
2021-05-01 11:00,-61.45,-61.31,-50.1,-45.4152,-50.292
2021-05-01 12:00,-61.48,-61.11,-50.2,-45.4152,-50.292
2021-05-01 13:00,-61.52,-61.17,-50.33,-45.72,-50.5968
2021-05-01 14:00,-61.47,-61.2,-50.32,-45.72,-50.5968
2021-05-01 15:00,-61.66,-61.16,-50.52,-45.72,-50.5968
2021-05-01 16:00,-61.59,-61.39,-50.47,-45.72,-50.5968
2021-05-01 17:00,-61.64,-61.27,-50.52,-45.72,-50.5968
2021-05-01 18:00,-61.53,-61.33,-50.5,-45.72,-50.5968
2021-05-01 19:00,-61.51,-61.28,-50.45,-45.72,-50.5968
2021-05-01 20:00,-61.55,-61.29,-50.55,-46.0248,-50.5968
2021-05-01 21:00,-61.89,-61.35,-50.84,-46.0248,-50.5968
2021-05-01 22:00,-61.7,-61.64,-50.7,-46.0248,-50.5968
2021-05-01 23:00,-61.66,-61.44,-50.61,-46.0248,-50.9016
2021-05-02 00:00,-61.69,-61.44,-50.75,-46.0248,-50.9016
2021-05-02 01:00,-61.79,-61.39,-50.76,-46.0248,-50.9016
2021-05-02 02:00,-61.76,-61.49,-50.79,-46.0248,-50.9016
2021-05-02 03:00,-61.74,-61.44,-50.85,-46.0248,-50.9016
2021-05-02 04:00,-61.96,-61.52,-50.96,-46.0248,-50.9016
2021-05-02 05:00,-62.07,-61.72,-51,-46.0248,-50.9016
2021-05-02 06:00,-62.04,-61.82,-51.03,-46.0248,-50.9016
2021-05-02 07:00,-61.96,-61.84,-50.98,-46.0248,-50.9016
2021-05-02 08:00,-62.05,-61.74,-51.06,-46.0248,-50.9016
2021-05-02 09:00,-62.12,-61.85,-51.2,-46.0248,-50.9016
2021-05-02 10:00,-62.22,-61.89,-51.36,-46.3296,-50.9016
2021-05-02 11:00,-62.29,-62.06,-51.38,-46.3296,-51.2064
2021-05-02 12:00,-62.32,-62.03,-51.39,-46.3296,-51.2064
2021-05-02 13:00,-62.2,-62.12,-51.49,-46.3296,-51.2064
2021-05-02 14:00,-62.33,-62.03,-51.63,-46.3296,-51.2064
2021-05-02 15:00,-62.13,-62.32,-51.44,-46.3296,-51.2064
2021-05-02 16:00,-61.97,-61.89,-51.35,-46.6344,-51.2064
2021-05-02 17:00,-62.05,-61.81,-51.52,-46.6344,-51.2064
2021-05-02 18:00,-61.99,-61.83,-51.28,-46.6344,-51.2064
2021-05-02 19:00,-61.99,-61.84,-51.19,-46.6344,-51.5112
2021-05-02 20:00,-61.93,-61.83,-51.23,-46.6344,-51.5112
2021-05-02 21:00,-61.89,-61.78,-51.23,-46.6344,-51.5112
2021-05-02 22:00,-61.95,-61.78,-51.29,-46.6344,-51.5112
2021-05-02 23:00,-61.83,-61.74,-51.23,-46.6344,-51.5112
2021-05-03 00:00,-61.85,-61.71,-51.35,-46.6344,-51.5112
2021-05-03 01:00,-61.97,-61.66,-51.32,-46.6344,-51.5112
2021-05-03 02:00,-61.83,-61.75,-51.27,-46.6344,-51.5112
2021-05-03 03:00,-61.86,-61.67,-51.24,-46.6344,-51.5112
2021-05-03 04:00,-62.01,-61.62,-51.38,-46.6344,-51.5112
2021-05-03 05:00,-62,-61.86,-51.4,-46.6344,-51.5112
2021-05-03 06:00,-62.05,-61.89,-51.47,-46.6344,-51.5112
2021-05-03 07:00,-62.29,-61.94,-51.81,-46.6344,-51.816
2021-05-03 08:00,-62.54,-62.06,-51.98,-46.9392,-51.816
2021-05-03 09:00,-62.37,-62.49,-51.99,-46.9392,-51.816
2021-05-03 10:00,-62.22,-62.27,-51.88,-46.9392,-51.816
2021-05-03 11:00,-62.37,-62.17,-52.08,-46.9392,-51.816
2021-05-03 12:00,-62.51,-62.26,-52.31,-46.9392,-51.816
2021-05-03 13:00,-62.37,-62.39,-52,-46.9392,-51.816
2021-05-03 14:00,-60.26,-62.15,-47.42,-43.5864,-51.816
2021-05-03 15:00,-59.71,-61.9,-46.29,-41.7576,-51.816
2021-05-03 16:00,-59.24,-62.06,-45.64,-41.4528,-51.816
2021-05-03 17:00,-59.03,-61.46,-45.32,-41.148,-51.816
2021-05-03 18:00,-58.96,-61.05,-45.25,-41.148,-51.816
2021-05-03 19:00,-58.75,-60.93,-44.8,-41.148,-51.816
2021-05-03 20:00,-58.74,-60.34,-44.73,-41.148,-51.816
2021-05-03 21:00,-58.74,-60.26,-44.33,-41.148,-51.816
2021-05-03 22:00,-58.63,-60.01,-44.32,-41.148,-51.816
2021-05-03 23:00,-58.66,-59.8,-44.28,-41.148,-51.816
2021-05-04 00:00,-58.59,-59.63,-44.09,-41.148,-51.816
2021-05-04 01:00,-58.62,-59.31,-44.1,-41.148,-52.1208
2021-05-04 02:00,-58.73,-59.28,-44.14,-41.148,-52.1208
2021-05-04 03:00,-58.69,-59.26,-44.04,-41.148,-52.1208
2021-05-04 04:00,-58.76,-59.07,-44.06,-41.148,-52.1208
2021-05-04 05:00,-58.89,-59.05,-44.02,-41.148,-52.1208
2021-05-04 06:00,-58.94,-59.23,-44.11,-41.148,-52.1208
2021-05-04 07:00,-59.16,-59.02,-44.35,-41.4528,-52.1208
2021-05-04 08:00,-59.28,-59.18,-44.49,-41.4528,-52.1208
2021-05-04 09:00,-59.1,-59.37,-44.33,-41.4528,-52.1208
2021-05-04 10:00,-58.93,-59.06,-44.34,-41.4528,-52.1208
2021-05-04 11:00,-59.26,-58.72,-44.59,-41.7576,-52.1208
2021-05-04 12:00,-59.39,-59.03,-44.69,-41.7576,-52.1208
2021-05-04 13:00,-59.46,-59.17,-44.81,-41.7576,-52.1208
2021-05-04 14:00,-59.18,-59.07,-44.78,-42.0624,-52.4256
2021-05-04 15:00,-59.4,-58.81,-44.87,-42.0624,-52.4256
2021-05-04 16:00,-59.39,-58.95,-44.8,-42.0624,-52.4256
2021-05-04 17:00,-59.34,-58.9,-44.72,-42.3672,-52.4256
2021-05-04 18:00,-59.19,-58.92,-44.66,-42.3672,-52.1208
2021-05-04 19:00,-58.77,-58.69,-44.02,-41.7576,-51.2064
2021-05-04 20:00,-59.1,-58.45,-43.79,-39.0144,-50.9016
2021-05-04 21:00,-58.97,-58.53,-43.59,-38.4048,-50.9016
2021-05-04 22:00,-59.15,-58.43,-43.65,-38.4048,-50.5968
2021-05-04 23:00,-59.22,-58.58,-43.42,-38.4048,-50.5968
2021-05-05 00:00,-59.18,-58.78,-43.39,-38.4048,-50.5968
2021-05-05 01:00,-59.12,-58.56,-43.22,-38.4048,-50.5968
2021-05-05 02:00,-59.3,-58.46,-43.21,-38.4048,-50.5968
2021-05-05 03:00,-59.2,-58.62,-43.14,-38.4048,-50.292
2021-05-05 04:00,-59.28,-58.56,-43.02,-38.4048,-50.292
2021-05-05 05:00,-59.01,-58.38,-42.89,-38.4048,-50.292
2021-05-05 06:00,-59.48,-58.15,-43.22,-38.7096,-50.292
2021-05-05 07:00,-59.64,-58.73,-43.16,-38.7096,-50.292
2021-05-05 08:00,-59.35,-58.81,-42.83,-38.7096,-50.292
2021-05-05 09:00,-59.55,-58.51,-43.23,-38.7096,-50.292
2021-05-05 10:00,-59.72,-58.7,-43.28,-38.7096,-50.292
2021-05-05 11:00,-59.79,-58.84,-43.24,-38.7096,-50.5968
2021-05-05 12:00,-59.68,-58.96,-43.24,-39.0144,-50.5968
2021-05-05 13:00,-60.06,-58.83,-43.59,-39.0144,-50.5968
2021-05-05 14:00,-59.85,-59.12,-43.53,-39.3192,-50.5968
2021-05-05 15:00,-59.77,-58.93,-43.44,-39.3192,-50.5968
2021-05-05 16:00,-59.87,-58.89,-43.51,-39.624,-50.5968
2021-05-05 17:00,-59.95,-58.89,-43.54,-39.624,-50.9016
2021-05-05 18:00,-59.78,-58.98,-43.49,-39.624,-50.9016
2021-05-05 19:00,-59.77,-58.88,-43.36,-39.624,-50.9016
2021-05-05 20:00,-59.71,-58.84,-43.2,-39.9288,-50.9016
2021-05-05 21:00,-59.75,-58.84,-43.28,-39.9288,-50.9016
2021-05-05 22:00,-59.55,-58.74,-43.23,-39.9288,-50.9016
2021-05-05 23:00,-59.44,-58.42,-42.97,-39.624,-50.9016
2021-05-06 00:00,-59.42,-58.68,-41.79,-35.3568,-50.5968
2021-05-06 01:00,-58.98,-58.54,-40.26,-34.4424,-50.292
2021-05-06 02:00,-59.06,-58.33,-39.48,-34.1376,-50.292
2021-05-06 03:00,-58.74,-58.4,-38.73,-33.8328,-49.9872
2021-05-06 04:00,-58.46,-58.04,-38.32,-33.8328,-49.9872
2021-05-06 05:00,-58,-57.49,-37.76,-33.8328,-49.6824
2021-05-06 06:00,-57.9,-56.84,-37.57,-33.8328,-49.6824
2021-05-06 07:00,-57.93,-56.59,-37.53,-33.8328,-49.6824
2021-05-06 08:00,-57.64,-56.6,-37.29,-33.8328,-49.3776
2021-05-06 09:00,-57.38,-56.26,-37,-34.1376,-49.3776
2021-05-06 10:00,-57.24,-56.09,-37.01,-34.1376,-49.3776
2021-05-06 11:00,-57.21,-55.94,-36.94,-34.4424,-49.3776
2021-05-06 12:00,-56.91,-56.01,-36.84,-34.4424,-49.3776
2021-05-06 13:00,-56.63,-55.77,-36.56,-34.7472,-49.3776
2021-05-06 14:00,-56.47,-55.5,-36.69,-34.7472,-49.3776
2021-05-06 15:00,-56.86,-55.51,-37,-34.7472,-49.3776
2021-05-06 16:00,-56.5,-55.77,-36.74,-35.052,-49.3776
2021-05-06 17:00,-56.6,-55.59,-36.88,-35.052,-49.3776
2021-05-06 18:00,-56.42,-55.76,-36.78,-35.052,-49.3776
2021-05-06 19:00,-56.47,-55.5,-36.88,-35.3568,-49.6824
2021-05-06 20:00,-56.53,-55.68,-36.91,-35.3568,-49.6824
2021-05-06 21:00,-56.59,-55.77,-37,-35.3568,-49.6824
2021-05-06 22:00,-56.55,-55.79,-37.06,-35.3568,-49.6824
2021-05-06 23:00,-56.31,-55.74,-36.99,-35.6616,-49.6824
2021-05-07 00:00,-56.49,-55.47,-37.17,-35.6616,-49.6824
2021-05-07 01:00,-56.36,-55.65,-37.05,-35.6616,-49.6824
2021-05-07 02:00,-56.34,-55.57,-37.07,-35.6616,-49.6824
2021-05-07 03:00,-56.48,-55.54,-37.29,-35.6616,-49.6824
2021-05-07 04:00,-56.75,-55.64,-37.55,-35.6616,-49.6824
2021-05-07 05:00,-56.58,-55.94,-37.46,-35.9664,-49.6824
2021-05-07 06:00,-56.69,-55.7,-37.46,-35.9664,-49.6824
2021-05-07 07:00,-56.59,-55.87,-37.54,-35.9664,-49.6824
2021-05-07 08:00,-56.42,-55.8,-37.45,-35.9664,-49.6824
2021-05-07 09:00,-56.54,-55.5,-37.45,-35.9664,-49.6824
2021-05-07 10:00,-56.72,-55.68,-37.72,-36.2712,-49.6824
2021-05-07 11:00,-56.68,-55.87,-37.76,-36.2712,-49.9872
2021-05-07 12:00,-56.48,-55.83,-37.66,-36.2712,-49.9872
2021-05-07 13:00,-56.4,-55.59,-37.82,-36.576,-49.9872
2021-05-07 14:00,-56.4,-55.59,-37.72,-36.576,-49.9872
2021-05-07 15:00,-56.83,-55.56,-38.17,-36.576,-49.9872
2021-05-07 16:00,-56.82,-56.04,-37.92,-36.576,-49.9872
2021-05-07 17:00,-56.89,-56.05,-38.24,-36.576,-49.9872
2021-05-07 18:00,-56.82,-56.16,-38.31,-36.2712,-49.9872
2021-05-07 19:00,-56.95,-55.9,-38.33,-36.2712,-49.9872
2021-05-07 20:00,-56.98,-56.01,-38.36,-36.2712,-49.9872
2021-05-07 21:00,-57.08,-56.14,-38.47,-36.2712,-49.9872
2021-05-07 22:00,-57.03,-56.18,-38.51,-36.2712,-50.292
2021-05-07 23:00,-57.06,-56.11,-38.46,-36.576,-50.292
2021-05-08 00:00,-57.02,-56.13,-38.55,-36.576,-50.292
2021-05-08 01:00,-57.05,-56.06,-38.57,-36.576,-50.292
2021-05-08 02:00,-57.11,-55.99,-38.72,-36.576,-50.292
2021-05-08 03:00,-57.33,-56.09,-38.89,-36.576,-50.292
2021-05-08 04:00,-57.41,-56.36,-38.87,-36.576,-50.292
2021-05-08 05:00,-57.31,-56.36,-38.97,-36.576,-50.292
2021-05-08 06:00,-57.57,-56.2,-39.1,-36.8808,-50.292
2021-05-08 07:00,-57.49,-56.49,-38.99,-36.8808,-50.292
2021-05-08 08:00,-57.46,-56.43,-39.12,-36.8808,-50.292
2021-05-08 09:00,-57.44,-56.41,-39.2,-36.8808,-50.292
2021-05-08 10:00,-57.3,-56.24,-39.13,-36.8808,-50.292
2021-05-08 11:00,-57.24,-56.21,-39.08,-37.1856,-50.5968
2021-05-08 12:00,-57.33,-56.11,-38.99,-37.1856,-50.5968
2021-05-08 13:00,-57.71,-56.23,-39.49,-37.1856,-50.5968
2021-05-08 14:00,-57.49,-56.63,-39.38,-37.1856,-50.5968
2021-05-08 15:00,-57.6,-56.35,-39.39,-37.4904,-50.5968
2021-05-08 16:00,-57.79,-56.41,-39.67,-37.4904,-50.5968
2021-05-08 17:00,-57.47,-56.78,-39.38,-37.4904,-50.5968
2021-05-08 18:00,-57.61,-56.39,-39.53,-37.7952,-50.9016
2021-05-08 19:00,-57.39,-56.49,-39.35,-37.7952,-50.9016
2021-05-08 20:00,-57.59,-56.31,-39.56,-37.7952,-50.9016
2021-05-08 21:00,-57.71,-56.49,-39.64,-37.7952,-50.9016
2021-05-08 22:00,-57.73,-56.56,-39.8,-37.7952,-50.9016
2021-05-08 23:00,-57.71,-56.54,-39.76,-37.7952,-50.9016
2021-05-09 00:00,-57.83,-56.47,-39.92,-37.7952,-50.9016
2021-05-09 01:00,-57.63,-56.61,-39.72,-38.1,-50.9016
2021-05-09 02:00,-57.85,-56.39,-39.96,-38.1,-50.9016
2021-05-09 03:00,-57.74,-56.58,-39.81,-38.1,-50.9016
2021-05-09 04:00,-58.04,-56.47,-40.01,-38.1,-50.9016
2021-05-09 05:00,-57.95,-56.88,-39.99,-38.1,-50.9016
2021-05-09 06:00,-58.01,-56.76,-40.1,-38.1,-50.9016
2021-05-09 07:00,-58.01,-56.87,-40.18,-38.1,-50.9016
2021-05-09 08:00,-57.84,-56.77,-40.15,-38.1,-51.2064
2021-05-09 09:00,-57.84,-56.63,-40.27,-38.1,-51.2064
2021-05-09 10:00,-58.1,-56.46,-40.44,-38.4048,-51.2064
2021-05-09 11:00,-58.05,-56.85,-40.46,-38.4048,-51.2064
2021-05-09 12:00,-58.09,-56.65,-40.61,-38.4048,-51.2064
2021-05-09 13:00,-58.1,-56.82,-40.6,-38.7096,-51.2064
2021-05-09 14:00,-58.22,-56.79,-40.88,-38.7096,-51.2064
2021-05-09 15:00,-58.2,-56.95,-40.9,-38.7096,-51.2064
2021-05-09 16:00,-58.26,-56.98,-40.83,-38.7096,-51.5112
2021-05-09 17:00,-58.25,-56.97,-40.93,-39.0144,-51.5112
2021-05-09 18:00,-58.09,-57.11,-40.74,-39.0144,-51.5112
2021-05-09 19:00,-58.39,-56.84,-41.07,-39.3192,-51.5112
2021-05-09 20:00,-58.1,-57.19,-40.6,-39.0144,-51.5112
2021-05-09 21:00,-58.21,-56.89,-40.92,-39.3192,-51.5112
2021-05-09 22:00,-58,-56.93,-40.79,-39.3192,-51.5112
2021-05-09 23:00,-58.27,-56.75,-40.96,-39.3192,-51.5112
2021-05-10 00:00,-58.03,-56.97,-41,-39.3192,-51.5112
2021-05-10 01:00,-58.1,-56.72,-40.96,-39.3192,-51.816
2021-05-10 02:00,-57.99,-56.81,-41.04,-39.3192,-51.816
2021-05-10 03:00,-58.36,-56.61,-41.08,-39.3192,-51.816
2021-05-10 04:00,-58.3,-57.03,-41.08,-39.3192,-51.816
2021-05-10 05:00,-58.35,-57.05,-41.25,-39.3192,-51.816
2021-05-10 06:00,-58.54,-56.96,-41.32,-39.3192,-51.816
2021-05-10 07:00,-58.46,-57.13,-41.44,-39.624,-51.816
2021-05-10 08:00,-58.67,-57.15,-41.63,-39.624,-51.816
2021-05-10 09:00,-58.59,-57.31,-41.43,-39.624,-51.816
2021-05-10 10:00,-58.71,-57.28,-41.7,-39.624,-51.816
2021-05-10 11:00,-58.54,-57.35,-41.55,-39.624,-51.816
2021-05-10 12:00,-58.6,-57.2,-41.74,-39.624,-51.816
2021-05-10 13:00,-58.36,-57.16,-40.46,-38.1,-52.1208
2021-05-10 14:00,-58.6,-56.78,-40.38,-37.7952,-52.1208
2021-05-10 15:00,-58.36,-57.01,-40.14,-37.7952,-52.1208
2021-05-10 16:00,-58.43,-56.71,-40.06,-37.7952,-52.1208
2021-05-10 17:00,-57.9,-56.84,-39.66,-37.7952,-52.1208
2021-05-10 18:00,-57.95,-56.28,-39.62,-37.7952,-52.1208
2021-05-10 19:00,-57.83,-56.59,-39.39,-38.1,-52.1208
2021-05-10 20:00,-58.06,-56.31,-39.73,-38.1,-52.1208
2021-05-10 21:00,-57.8,-56.53,-39.42,-38.1,-52.1208
2021-05-10 22:00,-57.71,-56.3,-39.44,-38.1,-52.1208
2021-05-10 23:00,-57.63,-56.08,-39.62,-38.1,-52.1208
2021-05-11 00:00,-57.43,-56.01,-39.61,-38.4048,-52.1208
2021-05-11 01:00,-57.62,-55.86,-39.37,-38.4048,-52.4256
2021-05-11 02:00,-57.77,-56.26,-39.45,-38.4048,-52.4256
2021-05-11 03:00,-58.06,-56.32,-39.61,-38.4048,-52.4256
2021-05-11 04:00,-58.21,-56.7,-39.83,-38.4048,-52.4256
2021-05-11 05:00,-57.95,-56.79,-39.66,-38.4048,-52.4256
2021-05-11 06:00,-58.16,-56.57,-39.96,-38.4048,-52.4256
2021-05-11 07:00,-58.14,-56.7,-39.88,-38.7096,-52.4256
2021-05-11 08:00,-57.95,-56.75,-39.67,-38.7096,-52.4256
2021-05-11 09:00,-58.16,-56.59,-39.93,-38.7096,-52.4256
2021-05-11 10:00,-58.1,-56.83,-39.93,-38.7096,-52.4256
2021-05-11 11:00,-57.94,-56.64,-39.87,-39.0144,-52.4256
2021-05-11 12:00,-57.67,-56.56,-39.79,-39.0144,-52.4256
2021-05-11 13:00,-57.84,-56.3,-39.93,-39.0144,-52.4256
2021-05-11 14:00,-58.07,-56.47,-40.21,-39.0144,-52.7304
2021-05-11 15:00,-58.19,-56.64,-40.44,-39.3192,-52.7304
2021-05-11 16:00,-58.13,-56.84,-40.44,-39.3192,-52.7304
2021-05-11 17:00,-58.02,-56.81,-40.43,-39.3192,-52.7304
2021-05-11 18:00,-57.86,-56.59,-40.22,-39.624,-52.7304
2021-05-11 19:00,-58.04,-56.52,-40.41,-39.624,-52.7304
2021-05-11 20:00,-58.14,-56.64,-40.5,-39.624,-52.7304
2021-05-11 21:00,-58.13,-56.91,-40.49,-39.624,-52.7304
2021-05-11 22:00,-58.16,-56.82,-40.53,-39.624,-52.7304
2021-05-11 23:00,-58.22,-56.77,-40.65,-39.624,-52.7304
2021-05-12 00:00,-58.25,-56.9,-40.65,-39.624,-52.7304
2021-05-12 01:00,-57.91,-56.94,-40.55,-39.624,-52.7304
2021-05-12 02:00,-58.01,-56.48,-40.68,-39.624,-52.7304
2021-05-12 03:00,-58.46,-56.49,-40.91,-39.9288,-53.0352
2021-05-12 04:00,-58.44,-56.96,-40.85,-39.9288,-53.0352
2021-05-12 05:00,-58.65,-56.99,-41.08,-39.9288,-53.0352
2021-05-12 06:00,-58.75,-57.17,-40.93,-39.9288,-53.0352
2021-05-12 07:00,-58.4,-57.48,-40.83,-39.9288,-53.0352
2021-05-12 08:00,-58.83,-56.95,-41.01,-39.9288,-53.0352
2021-05-12 09:00,-58.6,-57.44,-41.15,-39.9288,-53.0352
2021-05-12 10:00,-58.34,-57.14,-41.03,-39.9288,-53.0352
2021-05-12 11:00,-58.39,-56.91,-41.11,-39.9288,-53.0352
2021-05-12 12:00,-58.43,-56.97,-41.32,-39.9288,-53.0352
2021-05-12 13:00,-58.09,-57.04,-40.93,-40.2336,-53.0352
2021-05-12 14:00,-58.25,-56.55,-41.18,-39.9288,-53.0352
2021-05-12 15:00,-58.34,-56.68,-41.24,-39.624,-53.0352
2021-05-12 16:00,-58.61,-56.78,-41.35,-39.3192,-53.0352
2021-05-12 17:00,-58.29,-57.1,-40.97,-39.0144,-53.0352
2021-05-12 18:00,-58.42,-56.65,-41.04,-38.4048,-53.0352
2021-05-12 19:00,-58.31,-56.86,-40.77,-38.1,-53.0352
2021-05-12 20:00,-58.45,-56.6,-40.43,-38.1,-53.0352
2021-05-12 21:00,-58.38,-56.73,-40.27,-37.7952,-53.0352
2021-05-12 22:00,-58.27,-56.66,-40.02,-37.7952,-53.0352
2021-05-12 23:00,-58.11,-56.64,-39.86,-37.4904,-53.0352
2021-05-13 00:00,-58.04,-56.49,-39.62,-37.4904,-53.0352
2021-05-13 01:00,-57.88,-56.41,-39.46,-37.4904,-53.0352
2021-05-13 02:00,-57.77,-56.18,-39.32,-37.4904,-53.0352
2021-05-13 03:00,-57.78,-56.17,-39.22,-37.4904,-53.0352
2021-05-13 04:00,-57.73,-56.15,-39.08,-37.4904,-53.0352
2021-05-13 05:00,-57.63,-56.12,-39.01,-37.4904,-53.0352
2021-05-13 06:00,-57.66,-56.05,-39.05,-37.4904,-53.0352
2021-05-13 07:00,-57.58,-56.08,-39.05,-37.4904,-53.0352
2021-05-13 08:00,-57.57,-56.06,-38.97,-37.7952,-53.0352
2021-05-13 09:00,-57.5,-56.02,-38.89,-37.7952,-53.0352
2021-05-13 10:00,-57.34,-55.93,-38.88,-37.7952,-53.0352
2021-05-13 11:00,-57.35,-55.85,-38.95,-38.1,-53.0352
2021-05-13 12:00,-57.09,-55.96,-38.9,-38.1,-53.0352
2021-05-13 13:00,-57.32,-55.78,-39.19,-38.1,-53.34
2021-05-13 14:00,-57.13,-55.94,-39.16,-38.4048,-53.34
2021-05-13 15:00,-57.25,-55.93,-39.11,-38.4048,-53.34
2021-05-13 16:00,-57.03,-55.97,-39.16,-38.7096,-53.34
2021-05-13 17:00,-56.98,-55.92,-39.14,-38.7096,-53.34
2021-05-13 18:00,-56.97,-55.73,-39.09,-38.7096,-53.34
2021-05-13 19:00,-57.01,-55.78,-39.19,-38.7096,-53.34
2021-05-13 20:00,-57.05,-55.84,-39.28,-39.0144,-53.34
2021-05-13 21:00,-57.13,-55.84,-39.35,-39.0144,-53.34
2021-05-13 22:00,-57.12,-55.95,-39.34,-39.0144,-53.34
2021-05-13 23:00,-57.2,-55.87,-39.47,-39.0144,-53.34
2021-05-14 00:00,-57.1,-55.98,-39.46,-39.0144,-53.34
2021-05-14 01:00,-57.12,-55.89,-39.62,-39.0144,-53.34
2021-05-14 02:00,-57.18,-55.96,-39.68,-39.0144,-53.34
2021-05-14 03:00,-57.2,-55.99,-39.68,-39.3192,-53.34
2021-05-14 04:00,-57.23,-55.97,-39.6,-39.3192,-53.34
2021-05-14 05:00,-57.4,-55.96,-39.81,-39.3192,-53.34
2021-05-14 06:00,-57.48,-56.15,-39.92,-39.3192,-53.34
2021-05-14 07:00,-57.51,-56.26,-39.91,-39.3192,-53.34
2021-05-14 08:00,-57.34,-56.15,-39.75,-39.3192,-53.6448
2021-05-14 09:00,-57.36,-56,-39.86,-39.3192,-53.6448
2021-05-14 10:00,-57.33,-56.06,-39.89,-39.624,-53.6448
2021-05-14 11:00,-57.26,-55.99,-39.97,-39.624,-53.6448
2021-05-14 12:00,-57.16,-55.93,-40.29,-39.624,-53.6448
2021-05-14 13:00,-57.13,-56.16,-40.08,-39.624,-53.6448
2021-05-14 14:00,-57.19,-56.07,-40.05,-39.9288,-53.6448
2021-05-14 15:00,-57.1,-56.09,-39.86,-39.9288,-53.6448
2021-05-14 16:00,-57.14,-55.9,-39.91,-39.9288,-53.6448
2021-05-14 17:00,-57.24,-55.9,-39.99,-39.9288,-53.6448
2021-05-14 18:00,-57.02,-55.88,-39.86,-40.2336,-53.9496
2021-05-14 19:00,-57.09,-55.75,-39.95,-40.2336,-53.9496
2021-05-14 20:00,-57.2,-55.79,-40.09,-40.2336,-53.9496
2021-05-14 21:00,-57.25,-55.9,-40.18,-40.2336,-53.9496
2021-05-14 22:00,-57.32,-56.01,-40.34,-40.2336,-53.9496
2021-05-14 23:00,-57.44,-55.96,-40.37,-40.2336,-53.9496
2021-05-15 00:00,-57.3,-56.06,-40.35,-40.2336,-53.9496
2021-05-15 01:00,-57.37,-55.94,-40.42,-40.2336,-53.9496
2021-05-15 02:00,-57.39,-56.05,-40.48,-40.5384,-53.9496
2021-05-15 03:00,-57.45,-56.06,-40.51,-40.5384,-53.9496
2021-05-15 04:00,-57.67,-56.09,-40.61,-40.5384,-53.9496
2021-05-15 05:00,-57.73,-56.32,-40.65,-40.5384,-53.9496
2021-05-15 06:00,-57.86,-56.34,-40.79,-40.5384,-53.9496
2021-05-15 07:00,-57.81,-56.4,-40.76,-40.5384,-53.9496
2021-05-15 08:00,-57.69,-56.39,-40.66,-40.5384,-53.9496
2021-05-15 09:00,-57.64,-56.21,-40.74,-40.5384,-53.9496
2021-05-15 10:00,-57.72,-56.13,-40.86,-40.5384,-54.2544
2021-05-15 11:00,-57.63,-56.21,-40.85,-40.8432,-54.2544
2021-05-15 12:00,-57.6,-56.11,-40.97,-40.8432,-54.2544
2021-05-15 13:00,-57.7,-56.25,-41.21,-40.8432,-54.2544
2021-05-15 14:00,-57.53,-56.33,-41.03,-40.8432,-54.2544
2021-05-15 15:00,-57.72,-56.21,-41.17,-40.8432,-54.2544
2021-05-15 16:00,-57.54,-56.29,-41.04,-41.148,-54.2544
2021-05-15 17:00,-57.56,-56.17,-41.07,-41.148,-54.2544
2021-05-15 18:00,-57.52,-56.18,-41.04,-41.148,-54.2544
2021-05-15 19:00,-57.73,-56.24,-41.13,-41.148,-54.2544
2021-05-15 20:00,-57.69,-56.29,-41.16,-41.148,-54.2544
2021-05-15 21:00,-57.97,-56.2,-41.4,-41.148,-54.2544
2021-05-15 22:00,-57.66,-56.52,-41.37,-41.148,-54.5592
2021-05-15 23:00,-57.97,-56.19,-41.52,-41.4528,-54.5592
2021-05-16 00:00,-57.8,-56.59,-41.47,-41.4528,-54.5592
2021-05-16 01:00,-57.95,-56.4,-41.68,-41.4528,-54.5592
2021-05-16 02:00,-57.91,-56.57,-41.64,-41.4528,-54.5592
2021-05-16 03:00,-58.32,-56.43,-41.84,-41.4528,-54.5592
2021-05-16 04:00,-58.39,-56.77,-41.95,-41.4528,-54.5592
2021-05-16 05:00,-58.42,-56.83,-41.96,-41.4528,-54.5592
2021-05-16 06:00,-58.45,-56.93,-42.01,-41.4528,-54.5592
2021-05-16 07:00,-58.4,-56.86,-41.76,-41.4528,-54.5592
2021-05-16 08:00,-58.36,-56.79,-41.78,-41.4528,-54.5592
2021-05-16 09:00,-58.23,-56.8,-41.89,-41.4528,-54.5592
2021-05-16 10:00,-58.26,-56.6,-41.95,-41.4528,-54.5592
2021-05-16 11:00,-58.09,-56.62,-42.04,-41.7576,-54.5592
2021-05-16 12:00,-57.85,-56.57,-41.94,-41.7576,-54.864
2021-05-16 13:00,-58.12,-56.45,-42.04,-41.7576,-54.864
2021-05-16 14:00,-57.99,-56.55,-42.06,-41.7576,-54.864
2021-05-16 15:00,-58,-56.53,-42.02,-41.7576,-54.864
2021-05-16 16:00,-58.2,-56.56,-42.32,-42.0624,-54.864
2021-05-16 17:00,-58.31,-56.71,-42.43,-42.0624,-54.864
2021-05-16 18:00,-58.17,-56.93,-42.29,-42.0624,-54.864
2021-05-16 19:00,-58.22,-56.72,-42.13,-42.0624,-54.864
2021-05-16 20:00,-58.05,-56.73,-42.13,-42.0624,-54.864
2021-05-16 21:00,-58.27,-56.53,-42.32,-42.0624,-54.864
2021-05-16 22:00,-58.26,-56.83,-42.25,-42.0624,-54.864
2021-05-16 23:00,-58.28,-56.68,-42.32,-42.0624,-54.864
2021-05-17 00:00,-58.23,-56.71,-42.42,-42.3672,-55.1688
2021-05-17 01:00,-58.34,-56.77,-42.37,-42.3672,-55.1688
2021-05-17 02:00,-58.48,-56.86,-42.6,-42.3672,-55.1688
2021-05-17 03:00,-58.34,-56.96,-42.47,-42.3672,-55.1688
2021-05-17 04:00,-58.71,-56.78,-42.83,-42.3672,-55.1688
2021-05-17 05:00,-58.54,-57.15,-42.69,-42.3672,-55.1688
2021-05-17 06:00,-58.95,-56.98,-42.83,-42.3672,-55.1688
2021-05-17 07:00,-58.82,-57.34,-42.72,-42.3672,-55.1688
2021-05-17 08:00,-58.98,-57.18,-43,-42.3672,-55.1688
2021-05-17 09:00,-58.89,-57.35,-42.96,-42.3672,-55.1688
2021-05-17 10:00,-58.84,-57.21,-43.05,-42.3672,-55.1688
2021-05-17 11:00,-58.73,-57.19,-42.96,-42.3672,-55.1688
2021-05-17 12:00,-58.76,-57.13,-43.08,-42.672,-55.4736
2021-05-17 13:00,-58.52,-57.21,-43.08,-42.672,-55.4736
2021-05-17 14:00,-58.74,-57.04,-43.25,-42.672,-55.4736
2021-05-17 15:00,-58.67,-57.2,-43.31,-42.672,-55.4736
2021-05-17 16:00,-58.73,-57.19,-43.18,-42.9768,-55.4736
2021-05-17 17:00,-58.87,-57.24,-43.24,-42.9768,-55.4736
2021-05-17 18:00,-58.69,-57.27,-43.14,-42.9768,-55.4736
2021-05-17 19:00,-58.75,-57.11,-43.17,-42.9768,-55.4736
2021-05-17 20:00,-58.89,-57.11,-43.21,-42.9768,-55.4736
2021-05-17 21:00,-58.94,-57.3,-43.32,-42.9768,-55.4736
2021-05-17 22:00,-58.86,-57.34,-43.34,-42.9768,-55.4736
2021-05-17 23:00,-58.77,-57.27,-43.43,-42.9768,-55.4736
2021-05-18 00:00,-58.97,-57.18,-43.56,-42.9768,-55.7784
2021-05-18 01:00,-58.98,-57.35,-43.72,-42.9768,-55.7784
2021-05-18 02:00,-59.13,-57.38,-43.75,-43.2816,-55.7784
2021-05-18 03:00,-59.05,-57.57,-43.68,-43.2816,-55.7784
2021-05-18 04:00,-59.1,-57.43,-43.68,-43.2816,-55.7784
2021-05-18 05:00,-59.31,-57.48,-43.83,-43.2816,-55.7784
2021-05-18 06:00,-59.43,-57.73,-44.05,-43.2816,-55.7784
2021-05-18 07:00,-59.42,-57.73,-43.89,-43.2816,-55.7784
2021-05-18 08:00,-59.64,-57.69,-44.03,-43.2816,-55.7784
2021-05-18 09:00,-59.52,-57.92,-44.05,-43.2816,-55.7784
2021-05-18 10:00,-59.39,-57.88,-44.15,-43.2816,-55.7784
2021-05-18 11:00,-59.47,-57.69,-44.25,-43.2816,-55.7784
2021-05-18 12:00,-59.29,-57.78,-44.2,-43.5864,-56.0832
2021-05-18 13:00,-59.27,-57.62,-44.28,-43.5864,-56.0832
2021-05-18 14:00,-59.12,-57.71,-44.18,-43.5864,-56.0832
2021-05-18 15:00,-59.12,-57.46,-44.31,-43.5864,-56.0832
2021-05-18 16:00,-59.14,-57.55,-44.31,-43.8912,-56.0832
2021-05-18 17:00,-59.16,-57.59,-44.17,-43.8912,-56.0832
2021-05-18 18:00,-59.25,-57.57,-44.2,-43.8912,-56.0832
2021-05-18 19:00,-59.28,-57.69,-44.35,-43.8912,-56.0832
2021-05-18 20:00,-59.36,-57.64,-44.4,-43.8912,-56.0832
2021-05-18 21:00,-59.49,-57.73,-44.41,-43.8912,-56.0832
2021-05-18 22:00,-59.49,-57.83,-44.53,-43.8912,-56.0832
2021-05-18 23:00,-59.47,-57.78,-44.54,-43.8912,-56.388
2021-05-19 00:00,-59.58,-57.8,-44.67,-43.8912,-56.388
2021-05-19 01:00,-59.51,-57.89,-44.67,-43.8912,-56.388
2021-05-19 02:00,-59.56,-57.84,-44.75,-44.196,-56.388
2021-05-19 03:00,-59.64,-57.95,-44.87,-44.196,-56.388
2021-05-19 04:00,-59.69,-58.08,-44.78,-44.196,-56.388
2021-05-19 05:00,-59.85,-58.08,-44.88,-44.196,-56.388
2021-05-19 06:00,-60.05,-58.14,-45.01,-44.196,-56.388
2021-05-19 07:00,-60.01,-58.22,-45.07,-44.196,-56.388
2021-05-19 08:00,-60.11,-58.25,-45.16,-44.196,-56.388
2021-05-19 09:00,-59.91,-58.31,-45.1,-44.196,-56.388
2021-05-19 10:00,-59.83,-58.2,-45,-44.196,-56.388
2021-05-19 11:00,-60,-58.1,-45.21,-44.196,-56.388
2021-05-19 12:00,-59.95,-58.25,-45.35,-44.5008,-56.6928
2021-05-19 13:00,-59.87,-58.27,-45.41,-44.5008,-56.6928
2021-05-19 14:00,-59.72,-58.18,-45.41,-44.5008,-56.6928
2021-05-19 15:00,-59.82,-58.08,-45.41,-44.5008,-56.6928
2021-05-19 16:00,-60.1,-58.19,-45.62,-44.8056,-56.6928
2021-05-19 17:00,-60.09,-58.41,-45.68,-44.8056,-56.6928
2021-05-19 18:00,-59.91,-58.48,-45.55,-44.8056,-56.6928
2021-05-19 19:00,-59.89,-58.24,-45.51,-44.8056,-56.6928
2021-05-19 20:00,-60,-58.27,-45.47,-44.8056,-56.6928
2021-05-19 21:00,-60.04,-58.3,-45.59,-44.8056,-56.6928
2021-05-19 22:00,-60.04,-58.34,-45.63,-44.8056,-56.6928
2021-05-19 23:00,-60.09,-58.33,-45.72,-44.8056,-56.9976
2021-05-20 00:00,-60.06,-58.37,-45.8,-44.8056,-56.9976
2021-05-20 01:00,-60.07,-58.35,-45.83,-44.8056,-56.9976
2021-05-20 02:00,-60.25,-58.37,-45.87,-45.1104,-56.9976
2021-05-20 03:00,-60.28,-58.55,-45.97,-45.1104,-56.9976
2021-05-20 04:00,-60.2,-58.58,-45.88,-45.1104,-56.9976
2021-05-20 05:00,-60.38,-58.49,-46.01,-45.1104,-56.9976
2021-05-20 06:00,-60.64,-58.65,-46.08,-45.1104,-56.9976
2021-05-20 07:00,-60.43,-58.93,-46,-45.1104,-56.9976
2021-05-20 08:00,-60.54,-58.57,-46.15,-45.1104,-56.9976
2021-05-20 09:00,-60.33,-58.74,-46.05,-45.1104,-56.9976
2021-05-20 10:00,-60.49,-58.58,-46.21,-45.1104,-57.3024
2021-05-20 11:00,-60.2,-58.64,-46.19,-45.1104,-57.3024
2021-05-20 12:00,-60.32,-58.45,-46.29,-45.4152,-57.3024
2021-05-20 13:00,-60.36,-58.63,-46.41,-45.4152,-57.3024
2021-05-20 14:00,-60.25,-58.7,-46.42,-45.4152,-57.3024
2021-05-20 15:00,-60.24,-58.6,-46.26,-45.4152,-57.3024
2021-05-20 16:00,-60.27,-58.53,-46.34,-45.72,-57.3024
2021-05-20 17:00,-60.22,-58.59,-46.28,-45.72,-57.3024
2021-05-20 18:00,-60.24,-58.49,-46.36,-45.72,-57.6072
2021-05-20 19:00,-60.43,-58.56,-46.47,-45.72,-57.6072
2021-05-20 20:00,-60.37,-58.71,-46.39,-45.72,-57.6072
2021-05-20 21:00,-60.52,-58.59,-46.45,-45.72,-57.6072
2021-05-20 22:00,-60.51,-58.76,-46.61,-45.72,-57.6072
2021-05-20 23:00,-60.5,-58.75,-46.65,-45.72,-57.6072
2021-05-21 00:00,-60.55,-58.76,-46.7,-46.0248,-57.6072
2021-05-21 01:00,-60.61,-58.81,-46.86,-46.0248,-57.6072
2021-05-21 02:00,-60.63,-58.83,-46.88,-46.0248,-57.6072
2021-05-21 03:00,-60.62,-58.9,-46.88,-46.0248,-57.6072
2021-05-21 04:00,-60.84,-58.89,-47.14,-46.0248,-57.6072
2021-05-21 05:00,-61.12,-59.09,-47.2,-46.0248,-57.6072
2021-05-21 06:00,-61.06,-59.34,-47.12,-46.0248,-57.6072
2021-05-21 07:00,-61.06,-59.31,-47.18,-46.0248,-57.6072
2021-05-21 08:00,-61.04,-59.26,-47.18,-46.0248,-57.6072
2021-05-21 09:00,-61.05,-59.24,-47.15,-46.0248,-57.912
2021-05-21 10:00,-60.82,-59.28,-47.1,-46.0248,-57.912
2021-05-21 11:00,-60.93,-59.03,-47.34,-46.0248,-57.912
2021-05-21 12:00,-60.88,-59.14,-47.4,-46.3296,-57.912
2021-05-21 13:00,-60.63,-59.17,-47.3,-46.3296,-57.912
2021-05-21 14:00,-60.78,-58.92,-47.51,-46.3296,-57.912
2021-05-21 15:00,-60.78,-59.05,-47.57,-46.3296,-57.912
2021-05-21 16:00,-60.88,-59.11,-47.55,-46.3296,-58.2168
2021-05-21 17:00,-60.76,-59.17,-47.54,-46.6344,-58.2168
2021-05-21 18:00,-60.77,-59.1,-47.49,-46.6344,-58.2168
2021-05-21 19:00,-60.69,-59.08,-47.44,-46.6344,-58.2168
2021-05-21 20:00,-60.82,-58.97,-47.6,-46.6344,-58.2168
2021-05-21 21:00,-60.91,-59.15,-47.66,-46.6344,-58.2168
2021-05-21 22:00,-60.93,-59.19,-47.76,-46.6344,-58.2168
2021-05-21 23:00,-60.94,-59.2,-47.84,-46.6344,-58.2168
2021-05-22 00:00,-60.89,-59.23,-47.96,-46.6344,-58.2168
2021-05-22 01:00,-60.84,-59.21,-47.88,-46.6344,-58.2168
2021-05-22 02:00,-60.94,-59.16,-47.84,-46.6344,-58.2168
2021-05-22 03:00,-60.92,-59.35,-47.95,-46.9392,-58.2168
2021-05-22 04:00,-60.99,-59.26,-47.94,-46.9392,-58.2168
2021-05-22 05:00,-61.25,-59.28,-47.99,-46.9392,-58.2168
2021-05-22 06:00,-61.31,-59.6,-48.04,-46.9392,-58.2168
2021-05-22 07:00,-61.45,-59.6,-48.2,-46.9392,-58.2168
2021-05-22 08:00,-61.37,-59.71,-48.14,-46.9392,-58.5216
2021-05-22 09:00,-61.3,-59.61,-48.3,-46.9392,-58.5216
2021-05-22 10:00,-61.11,-59.6,-48.35,-46.9392,-58.5216
2021-05-22 11:00,-61.21,-59.36,-48.44,-46.9392,-58.5216
2021-05-22 12:00,-61.16,-59.49,-48.38,-46.9392,-58.5216
2021-05-22 13:00,-60.96,-59.43,-48.48,-47.244,-58.5216
2021-05-22 14:00,-60.88,-59.28,-48.59,-47.244,-58.5216
2021-05-22 15:00,-60.94,-59.3,-48.67,-47.244,-58.8264
2021-05-22 16:00,-60.97,-59.41,-48.68,-47.244,-58.8264
2021-05-22 17:00,-60.89,-59.41,-48.51,-47.244,-58.8264
2021-05-22 18:00,-60.86,-59.34,-48.46,-47.5488,-58.8264
2021-05-22 19:00,-60.95,-59.3,-48.51,-47.5488,-58.8264
2021-05-22 20:00,-61.08,-59.32,-48.6,-47.5488,-58.8264
2021-05-22 21:00,-61.16,-59.43,-48.55,-47.5488,-58.8264
2021-05-22 22:00,-61.25,-59.48,-48.68,-47.5488,-58.8264
2021-05-22 23:00,-61.16,-59.55,-48.76,-47.5488,-58.8264
2021-05-23 00:00,-61.03,-59.55,-48.7,-47.5488,-58.8264
2021-05-23 01:00,-60.94,-59.39,-48.7,-47.5488,-58.8264
2021-05-23 02:00,-61.05,-59.31,-48.74,-47.5488,-58.8264
2021-05-23 03:00,-61.22,-59.46,-48.85,-47.5488,-58.8264
2021-05-23 04:00,-61.16,-59.63,-48.82,-47.5488,-59.1312
2021-05-23 05:00,-61.39,-59.59,-48.77,-47.5488,-59.1312
2021-05-23 06:00,-61.54,-59.76,-48.91,-47.5488,-59.1312
2021-05-23 07:00,-61.69,-59.84,-49.12,-47.5488,-59.1312
2021-05-23 08:00,-61.78,-59.99,-49.13,-47.5488,-59.1312
2021-05-23 09:00,-61.84,-60.09,-49.33,-47.5488,-59.1312
2021-05-23 10:00,-61.66,-60.09,-49.29,-47.8536,-59.1312
2021-05-23 11:00,-61.64,-59.91,-49.37,-47.8536,-59.1312
2021-05-23 12:00,-61.38,-59.92,-49.36,-47.8536,-59.1312
2021-05-23 13:00,-61.53,-59.65,-49.74,-47.8536,-59.436
2021-05-23 14:00,-61.36,-59.96,-49.53,-48.1584,-59.436
2021-05-23 15:00,-61.38,-59.78,-49.59,-48.1584,-59.436
2021-05-23 16:00,-61.54,-59.82,-49.73,-48.1584,-59.436
2021-05-23 17:00,-61.62,-59.98,-49.68,-48.1584,-59.436
2021-05-23 18:00,-61.81,-60,-49.74,-48.1584,-59.436
2021-05-23 19:00,-61.81,-60.15,-49.69,-48.1584,-59.436
2021-05-23 20:00,-61.9,-60.06,-49.67,-48.4632,-59.436
2021-05-23 21:00,-62.1,-60.15,-49.74,-48.4632,-59.7408
2021-05-23 22:00,-61.96,-60.31,-49.74,-48.4632,-59.7408
2021-05-23 23:00,-61.84,-60.14,-49.73,-48.4632,-59.7408
2021-05-24 00:00,-61.87,-60.04,-49.94,-48.4632,-59.7408
2021-05-24 01:00,-61.72,-60.11,-49.75,-48.4632,-59.7408
2021-05-24 02:00,-61.7,-60.01,-49.76,-48.4632,-59.7408
2021-05-24 03:00,-61.79,-60.02,-49.85,-48.4632,-59.7408
2021-05-24 04:00,-61.87,-60.11,-49.91,-48.4632,-59.7408
2021-05-24 05:00,-61.95,-60.14,-49.88,-48.4632,-59.7408
2021-05-24 06:00,-62.4,-60.25,-50.22,-48.4632,-59.7408
2021-05-24 07:00,-62.59,-60.65,-50.32,-48.4632,-59.7408
2021-05-24 08:00,-62.62,-60.79,-50.35,-48.4632,-59.7408
2021-05-24 09:00,-62.48,-60.82,-50.37,-48.4632,-60.0456
2021-05-24 10:00,-62.44,-60.71,-50.34,-48.768,-60.0456
2021-05-24 11:00,-62.18,-60.72,-50.19,-48.768,-60.0456
2021-05-24 12:00,-62.11,-60.4,-50.23,-48.768,-60.0456
2021-05-24 13:00,-62.11,-60.32,-50.17,-48.768,-60.0456
2021-05-24 14:00,-61.95,-60.32,-50.24,-48.768,-60.0456
2021-05-24 15:00,-61.97,-60.1,-50.24,-48.768,-60.0456
2021-05-24 16:00,-62.02,-60.31,-50.51,-49.0728,-60.0456
2021-05-24 17:00,-62.18,-60.23,-50.4,-49.0728,-60.0456
2021-05-24 18:00,-62.19,-60.47,-50.34,-49.0728,-60.3504
2021-05-24 19:00,-62.26,-60.4,-50.44,-49.0728,-60.3504
2021-05-24 20:00,-62.32,-60.52,-50.5,-49.0728,-60.3504
2021-05-24 21:00,-62.45,-60.59,-50.58,-49.0728,-60.3504
2021-05-24 22:00,-62.16,-60.66,-50.62,-49.0728,-60.3504
2021-05-24 23:00,-62.22,-60.41,-50.78,-49.0728,-60.3504
2021-05-25 00:00,-62.32,-60.52,-50.89,-49.0728,-60.3504
2021-05-25 01:00,-62.25,-60.64,-50.77,-49.0728,-60.3504
2021-05-25 02:00,-62.2,-60.54,-50.87,-49.0728,-60.3504
2021-05-25 03:00,-62.34,-60.58,-50.89,-49.3776,-60.3504
2021-05-25 04:00,-62.36,-60.71,-50.84,-49.3776,-60.3504
2021-05-25 05:00,-62.33,-60.72,-50.76,-49.3776,-60.3504
2021-05-25 06:00,-62.51,-60.67,-50.79,-49.3776,-60.3504
2021-05-25 07:00,-62.77,-60.91,-51.13,-49.3776,-60.6552
2021-05-25 08:00,-62.83,-61.09,-51.27,-49.3776,-60.6552
2021-05-25 09:00,-62.82,-61.09,-51.41,-49.3776,-60.6552
2021-05-25 10:00,-62.78,-61.14,-51.42,-49.3776,-60.6552
2021-05-25 11:00,-62.86,-61.17,-51.51,-49.3776,-60.6552
2021-05-25 12:00,-62.56,-61.28,-51.29,-49.3776,-60.6552
2021-05-25 13:00,-62.7,-60.93,-51.56,-49.3776,-60.6552
2021-05-25 14:00,-62.58,-61.16,-51.58,-49.6824,-60.6552
2021-05-25 15:00,-62.88,-61.01,-51.95,-49.6824,-60.6552
2021-05-25 16:00,-62.87,-61.31,-51.9,-49.6824,-60.96
2021-05-25 17:00,-62.64,-61.35,-51.68,-49.6824,-60.96
2021-05-25 18:00,-62.5,-61.03,-51.55,-49.6824,-60.96
2021-05-25 19:00,-62.7,-60.95,-51.59,-49.6824,-60.96
2021-05-25 20:00,-62.86,-61.15,-51.64,-49.6824,-60.96
2021-05-25 21:00,-62.88,-61.22,-51.67,-49.6824,-60.96
2021-05-25 22:00,-62.67,-61.24,-51.72,-49.6824,-60.96
2021-05-25 23:00,-62.68,-61.12,-51.8,-49.6824,-60.96
2021-05-26 00:00,-62.8,-61.09,-51.85,-49.9872,-60.96
2021-05-26 01:00,-62.68,-61.26,-51.87,-49.9872,-60.96
2021-05-26 02:00,-62.85,-61.14,-51.94,-49.9872,-60.96
2021-05-26 03:00,-62.75,-61.34,-51.8,-49.9872,-60.96
2021-05-26 04:00,-62.79,-61.21,-51.78,-49.9872,-61.2648
2021-05-26 05:00,-62.79,-61.3,-51.9,-49.9872,-61.2648
2021-05-26 06:00,-63.02,-61.35,-52.03,-49.9872,-61.2648
2021-05-26 07:00,-63.19,-61.5,-52.09,-49.9872,-61.2648
2021-05-26 08:00,-63.27,-61.66,-52.18,-49.9872,-61.2648
2021-05-26 09:00,-63.23,-61.78,-52.44,-49.9872,-61.2648
2021-05-26 10:00,-63.21,-61.76,-52.51,-49.9872,-61.2648
2021-05-26 11:00,-63.19,-61.82,-52.71,-49.9872,-61.2648
2021-05-26 12:00,-63.24,-61.73,-52.85,-50.292,-61.5696
2021-05-26 13:00,-63.1,-61.8,-52.89,-50.292,-61.5696
2021-05-26 14:00,-62.92,-61.65,-52.86,-50.292,-61.5696
2021-05-26 15:00,-62.88,-61.62,-52.85,-50.292,-61.5696
2021-05-26 16:00,-63.14,-61.6,-53.02,-50.5968,-61.5696
2021-05-26 17:00,-63.22,-61.8,-52.97,-50.5968,-61.5696
2021-05-26 18:00,-63.14,-61.91,-52.72,-50.5968,-61.5696
2021-05-26 19:00,-63.16,-61.77,-52.66,-50.5968,-61.5696
2021-05-26 20:00,-63.36,-61.65,-52.75,-50.5968,-61.8744
2021-05-26 21:00,-63.37,-61.91,-52.8,-50.5968,-61.8744
2021-05-26 22:00,-63.27,-61.84,-52.71,-50.5968,-61.8744
2021-05-26 23:00,-63.25,-61.75,-52.76,-50.9016,-61.8744
2021-05-27 00:00,-63.13,-61.76,-52.78,-50.9016,-61.8744
2021-05-27 01:00,-63.14,-61.68,-52.88,-50.9016,-61.8744
2021-05-27 02:00,-63.14,-61.75,-52.93,-50.9016,-61.8744
2021-05-27 03:00,-63.19,-61.69,-52.9,-50.9016,-61.8744
2021-05-27 04:00,-63.16,-61.82,-52.82,-50.9016,-61.8744
2021-05-27 05:00,-63.44,-61.75,-52.82,-50.9016,-61.8744
2021-05-27 06:00,-63.58,-61.98,-52.94,-50.9016,-61.8744
2021-05-27 07:00,-63.69,-62.17,-53.13,-50.9016,-61.8744
2021-05-27 08:00,-63.83,-62.29,-53.31,-50.9016,-62.1792
2021-05-27 09:00,-63.88,-62.31,-53.35,-50.9016,-62.1792
2021-05-27 10:00,-63.96,-62.41,-53.53,-50.9016,-62.1792
2021-05-27 11:00,-63.72,-62.51,-53.41,-51.2064,-62.1792
2021-05-27 12:00,-63.8,-62.23,-53.46,-51.2064,-62.1792
2021-05-27 13:00,-63.53,-62.36,-53.52,-51.2064,-62.484
2021-05-27 14:00,-63.55,-62.09,-53.66,-51.2064,-62.484
2021-05-27 15:00,-63.34,-62.18,-53.49,-51.5112,-62.484
2021-05-27 16:00,-63.87,-61.85,-53.87,-51.5112,-62.484
2021-05-27 17:00,-63.53,-62.49,-53.63,-51.5112,-62.484
2021-05-27 18:00,-63.76,-61.95,-53.83,-51.5112,-62.484
2021-05-27 19:00,-63.74,-62.46,-53.65,-51.5112,-62.484
2021-05-27 20:00,-63.67,-62.32,-53.49,-51.5112,-62.484
2021-05-27 21:00,-63.96,-62.24,-53.62,-51.5112,-62.484
2021-05-27 22:00,-63.74,-62.52,-53.53,-51.5112,-62.484
2021-05-27 23:00,-63.63,-62.27,-53.6,-51.5112,-62.484
2021-05-28 00:00,-63.57,-62.21,-53.56,-51.5112,-62.484
2021-05-28 01:00,-63.62,-62.14,-53.72,-51.5112,-62.7888
2021-05-28 02:00,-63.76,-62.27,-53.73,-51.5112,-62.7888
2021-05-28 03:00,-63.7,-62.41,-54,-51.5112,-62.7888
2021-05-28 04:00,-63.83,-62.3,-54.04,-51.5112,-62.7888
2021-05-28 05:00,-63.9,-62.71,-53.86,-51.5112,-62.7888
2021-05-28 06:00,-64.18,-62.57,-54.09,-51.5112,-62.7888
2021-05-28 07:00,-64.02,-62.82,-54.14,-51.5112,-62.7888
2021-05-28 08:00,-64.12,-62.73,-54.24,-51.5112,-62.7888
2021-05-28 09:00,-64.12,-62.82,-54.34,-51.816,-62.7888
2021-05-28 10:00,-64.18,-62.84,-54.42,-51.816,-62.7888
2021-05-28 11:00,-64.23,-62.99,-54.58,-51.816,-62.7888
2021-05-28 12:00,-64.11,-62.97,-54.67,-51.816,-63.0936
2021-05-28 13:00,-64.01,-62.79,-54.77,-51.816,-63.0936
2021-05-28 14:00,-63.89,-62.84,-54.67,-52.1208,-63.0936
2021-05-28 15:00,-63.97,-62.75,-54.86,-52.1208,-63.0936
2021-05-28 16:00,-63.82,-62.92,-54.55,-52.1208,-63.0936
2021-05-28 17:00,-63.88,-62.67,-54.71,-52.1208,-63.3984
2021-05-28 18:00,-64.64,-62.7,-55.05,-52.1208,-63.3984
2021-05-28 19:00,-64.29,-63.46,-54.67,-52.4256,-63.3984
2021-05-28 20:00,-64.19,-63.02,-54.63,-52.4256,-63.3984
2021-05-28 21:00,-64.51,-62.87,-54.73,-52.4256,-63.3984
2021-05-28 22:00,-64.34,-63.15,-54.63,-52.4256,-63.3984
2021-05-28 23:00,-64.43,-63.02,-54.05,-52.4256,-63.3984
2021-05-29 00:00,-64.45,-63.09,-54.79,-52.4256,-63.3984
2021-05-29 01:00,-64.02,-63.05,-54.71,-52.4256,-63.3984
2021-05-29 02:00,-64.04,-62.74,-54.78,-52.4256,-63.3984
2021-05-29 03:00,-64.08,-62.79,-54.72,-52.4256,-63.3984
2021-05-29 04:00,-64.22,-62.87,-54.78,-52.4256,-63.3984
2021-05-29 05:00,-64.56,-63.04,-54.88,-52.4256,-63.7032
2021-05-29 06:00,-64.77,-63.34,-55.01,-52.4256,-63.7032
2021-05-29 07:00,-64.86,-63.42,-55.09,-52.7304,-63.7032
2021-05-29 08:00,-64.96,-63.57,-55.21,-52.7304,-63.7032
2021-05-29 09:00,-65.01,-63.71,-55.47,-52.7304,-63.7032
2021-05-29 10:00,-64.65,-63.75,-55.27,-52.7304,-63.7032
2021-05-29 11:00,-64.86,-63.43,-55.63,-52.7304,-64.008
2021-05-29 12:00,-64.67,-63.66,-55.21,-52.7304,-64.008
2021-05-29 13:00,-64.5,-63.32,-54.93,-53.0352,-64.008
2021-05-29 14:00,-65.34,-62.68,-55.66,-53.0352,-64.008
2021-05-29 15:00,-64.97,-64,-55.4,-53.0352,-64.008
2021-05-29 16:00,-64.91,-63.64,-55.34,-53.0352,-64.008
2021-05-29 17:00,-64.93,-63.59,-55.12,-53.0352,-64.008
2021-05-29 18:00,-64.85,-63.59,-54.98,-53.0352,-63.7032
2021-05-29 19:00,-64.45,-63.37,-54.74,-53.0352,-64.008
2021-05-29 20:00,-64.1,-62.9,-54.33,-53.0352,-61.2648
2021-05-29 21:00,-64.84,-63.03,-52.43,-48.768,-61.2648
2021-05-29 22:00,-64.85,-63.42,-52.46,-47.8536,-60.6552
2021-05-29 23:00,-64.59,-63.5,-52.02,-47.5488,-60.6552
2021-05-30 00:00,-64.3,-63.23,-51.87,-47.244,-60.6552
2021-05-30 01:00,-64.45,-62.89,-51.58,-46.9392,-60.0456
2021-05-30 02:00,-64.4,-63,-51.38,-46.6344,-60.0456
2021-05-30 03:00,-64.48,-62.96,-51.21,-46.3296,-59.7408
2021-05-30 04:00,-64.75,-63,-51.2,-46.3296,-59.7408
2021-05-30 05:00,-64.83,-63.18,-51.21,-46.3296,-59.7408
2021-05-30 06:00,-64.65,-63.23,-50.72,-46.0248,-59.436
2021-05-30 07:00,-65.17,-63.11,-51.29,-45.72,-59.436
2021-05-30 08:00,-64.76,-63.62,-50.88,-45.4152,-59.436
2021-05-30 09:00,-64.83,-63.27,-50.71,-45.1104,-59.436
2021-05-30 10:00,-64.86,-63.35,-50.63,-45.1104,-59.1312
2021-05-30 11:00,-64.46,-63.47,-50.31,-45.1104,-59.1312
2021-05-30 12:00,-64.38,-63.12,-50.29,-44.8056,-59.1312
2021-05-30 13:00,-64.37,-63.05,-50.25,-44.8056,-59.1312
2021-05-30 14:00,-64.54,-63.13,-50.2,-44.8056,-59.1312
2021-05-30 15:00,-64.22,-63.37,-49.87,-44.8056,-58.8264
2021-05-30 16:00,-64.31,-62.99,-49.92,-44.8056,-58.8264
2021-05-30 17:00,-64.14,-63.2,-49.75,-44.8056,-58.8264
2021-05-30 18:00,-64.35,-62.94,-49.75,-44.8056,-58.8264
2021-05-30 19:00,-64.23,-63.17,-49.66,-44.8056,-58.8264
2021-05-30 20:00,-64.22,-63.16,-49.57,-44.8056,-58.8264
2021-05-30 21:00,-64.35,-63.11,-49.62,-44.8056,-58.8264
2021-05-30 22:00,-64.29,-63.18,-49.54,-45.1104,-58.8264
2021-05-30 23:00,-64.12,-63.15,-49.53,-45.1104,-58.8264
2021-05-31 00:00,-64.19,-62.96,-49.54,-45.1104,-58.8264
2021-05-31 01:00,-63.93,-63.08,-49.37,-45.1104,-58.8264
2021-05-31 02:00,-63.99,-62.78,-49.46,-45.1104,-58.8264
2021-05-31 03:00,-63.98,-62.91,-49.37,-45.1104,-58.8264
2021-05-31 04:00,-64.17,-62.95,-49.57,-45.1104,-58.8264
2021-05-31 05:00,-64.24,-63.06,-49.54,-45.1104,-58.8264
2021-05-31 06:00,-64.52,-63.17,-49.65,-45.1104,-58.8264
2021-05-31 07:00,-64.4,-63.33,-49.48,-45.1104,-58.8264
2021-05-31 08:00,-64.32,-63.17,-49.49,-45.4152,-58.8264
2021-05-31 09:00,-64.32,-63.02,-49.48,-45.4152,-58.8264
2021-05-31 10:00,-64.26,-63.04,-49.54,-45.4152,-58.8264
2021-05-31 11:00,-64.21,-63.09,-49.57,-45.4152,-58.8264
2021-05-31 12:00,-64.15,-63.01,-49.58,-45.72,-58.8264
2021-05-31 13:00,-64.12,-62.9,-49.67,-45.72,-58.8264
2021-05-31 14:00,-63.99,-62.91,-49.71,-45.72,-59.1312
2021-05-31 15:00,-63.98,-62.89,-49.66,-46.0248,-59.1312
2021-05-31 16:00,-64.03,-62.84,-49.65,-46.0248,-59.1312
2021-05-31 17:00,-64.09,-62.81,-49.74,-46.0248,-59.1312
2021-05-31 18:00,-64.4,-62.91,-50.05,-46.0248,-59.1312
2021-05-31 19:00,-64.21,-63.29,-49.69,-46.0248,-59.1312
2021-05-31 20:00,-64.35,-62.93,-49.73,-46.3296,-59.1312
2021-05-31 21:00,-64.43,-63.07,-49.85,-46.3296,-59.1312
2021-05-31 22:00,-64.32,-63.13,-49.73,-46.3296,-59.1312
2021-05-31 23:00,-64.36,-62.99,-49.85,-46.3296,-59.1312
2021-06-01 00:00,-64.49,-63.01,-49.94,-46.3296,-59.1312
2021-06-01 01:00,-64.39,-63.18,-49.98,-46.3296,-59.1312
2021-06-01 02:00,-64.26,-63.11,-49.9,-46.3296,-59.1312
2021-06-01 03:00,-64.61,-63.06,-50.03,-46.3296,-59.1312
2021-06-01 04:00,-64.52,-63.39,-49.96,-46.3296,-59.1312
2021-06-01 05:00,-64.76,-63.13,-50.11,-46.6344,-59.1312
2021-06-01 06:00,-64.72,-63.42,-50.2,-46.6344,-59.1312
2021-06-01 07:00,-64.64,-63.37,-50.09,-46.6344,-59.1312
2021-06-01 08:00,-65.01,-63.36,-50.29,-46.6344,-59.436
2021-06-01 09:00,-64.73,-63.58,-50.23,-46.6344,-59.436
2021-06-01 10:00,-64.82,-63.31,-50.41,-46.6344,-59.436
2021-06-01 11:00,-64.63,-63.52,-50.4,-46.9392,-59.436
2021-06-01 12:00,-64.55,-63.28,-50.46,-46.9392,-59.436
2021-06-01 13:00,-64.42,-63.22,-50.51,-46.9392,-59.436
2021-06-01 14:00,-64.53,-63.2,-50.6,-46.9392,-59.7408
2021-06-01 15:00,-64.63,-63.26,-50.69,-47.244,-59.7408
2021-06-01 16:00,-64.72,-63.41,-50.58,-47.244,-59.7408
2021-06-01 17:00,-64.55,-63.47,-50.54,-47.244,-59.7408
2021-06-01 18:00,-64.67,-63.22,-50.48,-47.244,-59.7408
2021-06-01 19:00,-64.79,-63.31,-50.45,-47.5488,-59.7408
2021-06-01 20:00,-64.61,-63.35,-50.33,-47.5488,-59.7408
2021-06-01 21:00,-64.85,-63.16,-50.52,-47.5488,-59.7408
2021-06-01 22:00,-64.62,-63.42,-50.38,-47.5488,-59.7408
2021-06-01 23:00,-64.68,-63.2,-50.52,-47.5488,-59.7408
2021-06-02 00:00,-64.56,-63.32,-50.55,-47.5488,-59.7408
2021-06-02 01:00,-64.35,-63.22,-50.46,-47.5488,-59.7408
2021-06-02 02:00,-64.35,-62.99,-50.56,-47.5488,-60.0456
2021-06-02 03:00,-64.54,-63.08,-50.66,-47.5488,-60.0456
2021-06-02 04:00,-64.68,-63.21,-50.71,-47.8536,-60.0456
2021-06-02 05:00,-65.01,-63.38,-50.86,-47.8536,-60.0456
2021-06-02 06:00,-65.23,-63.65,-50.94,-47.8536,-60.0456
2021-06-02 07:00,-65.31,-63.84,-51.04,-47.8536,-60.0456
2021-06-02 08:00,-65.32,-63.9,-51,-47.8536,-60.0456
2021-06-02 09:00,-65.3,-63.84,-51.09,-47.8536,-60.0456
2021-06-02 10:00,-65.18,-63.9,-50.97,-47.8536,-60.0456
2021-06-02 11:00,-65,-63.79,-51.06,-47.8536,-60.0456
2021-06-02 12:00,-65.12,-63.67,-51.23,-47.8536,-60.0456
2021-06-02 13:00,-64.73,-63.79,-51.01,-48.1584,-60.0456
2021-06-02 14:00,-64.52,-63.42,-51.18,-48.1584,-60.0456
2021-06-02 15:00,-64.99,-63.11,-51.14,-47.8536,-60.0456
2021-06-02 16:00,-64.84,-63.79,-51.06,-47.5488,-60.3504
2021-06-02 17:00,-64.74,-63.59,-51.06,-47.5488,-60.3504
2021-06-02 18:00,-65.17,-63.48,-51.07,-47.5488,-60.3504
2021-06-02 19:00,-65.1,-63.88,-51,-47.5488,-60.3504
2021-06-02 20:00,-65.05,-63.8,-51.04,-47.5488,-60.3504
2021-06-02 21:00,-65.15,-63.76,-51.02,-47.244,-60.3504
2021-06-02 22:00,-65.19,-63.79,-51.12,-47.244,-60.3504
2021-06-02 23:00,-65.27,-63.81,-51.19,-47.244,-60.3504
2021-06-03 00:00,-64.72,-63.92,-50.98,-47.244,-60.0456
2021-06-03 01:00,-65.23,-63.43,-51.28,-47.244,-59.7408
2021-06-03 02:00,-65.03,-63.94,-51.33,-46.6344,-59.436
2021-06-03 03:00,-65.19,-63.76,-51.26,-46.3296,-59.436
2021-06-03 04:00,-65.08,-63.95,-51.07,-46.3296,-59.1312
2021-06-03 05:00,-65.27,-63.85,-51.02,-46.0248,-59.1312
2021-06-03 06:00,-65.51,-64.05,-51.09,-45.72,-58.8264
2021-06-03 07:00,-65.49,-64.15,-51.02,-45.4152,-58.8264
2021-06-03 08:00,-65.71,-64.03,-51.11,-45.4152,-58.5216
2021-06-03 09:00,-65.47,-64.26,-51.05,-45.4152,-58.5216
2021-06-03 10:00,-65.45,-63.92,-51.36,-45.4152,-58.5216
2021-06-03 11:00,-64.99,-63.97,-50.52,-45.4152,-56.9976
2021-06-03 12:00,-64.86,-63.34,-50.04,-44.5008,-52.7304
2021-06-03 13:00,-64.75,-63.13,-47.66,-42.672,-49.9872
2021-06-03 14:00,-61.52,-63.24,-35.35,-21.0312,-48.1584
2021-06-03 15:00,-58.45,-59.12,-33.06,-22.2504,-47.244
2021-06-03 16:00,-56.38,-51.59,-32.3,-22.5552,-46.6344
2021-06-03 17:00,-55.06,-49.91,-31.62,-22.5552,-46.0248
2021-06-03 18:00,-51.53,-49.28,-29.47,-22.2504,-44.8056
2021-06-03 19:00,-50.55,-45.9,-25.89,-20.4216,-43.5864
2021-06-03 20:00,-45.01,-44.57,-21.61,-18.8976,-42.672
2021-06-03 21:00,-44.09,-40.92,-21.09,-19.2024,-42.0624
2021-06-03 22:00,-43.9,-39.88,-21.07,-19.812,-41.7576
2021-06-03 23:00,-43.67,-39.5,-21.09,-20.1168,-41.148
2021-06-04 00:00,-43.04,-39.33,-18.73,-17.3736,-39.9288
2021-06-04 01:00,-42.68,-38.76,-18.52,-18.288,-39.3192
2021-06-04 02:00,-42.31,-38.27,-18.44,-18.8976,-38.4048
2021-06-04 03:00,-42.07,-37.79,-17.59,-18.288,-34.1376
2021-06-04 04:00,-40.81,-37.61,-14.74,-16.4592,-33.528
2021-06-04 05:00,-40.42,-36.36,-14.95,-17.3736,-32.9184
2021-06-04 06:00,-40.3,-35.84,-15.11,-17.6784,-32.6136
2021-06-04 07:00,-40.3,-35.72,-15.4,-18.288,-32.6136
2021-06-04 08:00,-40.24,-35.75,-15.57,-18.5928,-32.3088
2021-06-04 09:00,-40.36,-35.57,-15.94,-18.8976,-32.3088
2021-06-04 10:00,-40.59,-35.69,-16.24,-18.8976,-32.004
2021-06-04 11:00,-40.78,-35.95,-16.47,-19.2024,-32.004
2021-06-04 12:00,-40.48,-36.11,-16.64,-19.5072,-32.004
2021-06-04 13:00,-40.57,-35.93,-16.83,-19.812,-31.6992
2021-06-04 14:00,-40.62,-36.07,-16.82,-20.1168,-31.6992
2021-06-04 15:00,-40.92,-36.2,-17.19,-20.4216,-31.6992
2021-06-04 16:00,-40.87,-36.53,-17.35,-20.4216,-31.6992
2021-06-04 17:00,-41.31,-36.5,-17.76,-20.7264,-31.6992
2021-06-04 18:00,-41.49,-37.03,-18.02,-21.0312,-31.6992
2021-06-04 19:00,-41.57,-37.03,-17.84,-21.0312,-31.6992
2021-06-04 20:00,-41.56,-37.06,-17.79,-21.0312,-31.6992
2021-06-04 21:00,-42.03,-36.94,-18.1,-21.336,-31.6992
2021-06-04 22:00,-42.11,-37.18,-18.29,-21.336,-31.6992
2021-06-04 23:00,-42.12,-37.24,-18.49,-21.336,-31.3944
2021-06-05 00:00,-42.08,-37.35,-18.61,-21.6408,-31.3944
2021-06-05 01:00,-41.89,-37.54,-18.59,-21.6408,-31.3944
2021-06-05 02:00,-41.94,-37.47,-18.61,-21.6408,-31.6992
2021-06-05 03:00,-42.01,-37.55,-18.68,-21.6408,-31.3944
2021-06-05 04:00,-42.53,-37.63,-19.08,-21.9456,-31.3944
2021-06-05 05:00,-42.75,-38.07,-19.17,-21.9456,-31.6992
2021-06-05 06:00,-43.16,-38.22,-19.44,-21.9456,-31.6992
2021-06-05 07:00,-43.33,-38.43,-19.66,-22.2504,-31.6992
2021-06-05 08:00,-43.61,-38.61,-19.87,-22.2504,-31.6992
2021-06-05 09:00,-43.5,-38.93,-20.02,-22.5552,-31.6992
2021-06-05 10:00,-43.87,-38.83,-20.43,-22.5552,-31.6992
2021-06-05 11:00,-43.75,-39.25,-20.54,-22.86,-31.6992
2021-06-05 12:00,-43.48,-39.2,-12.98,-22.86,-32.004
2021-06-05 13:00,-43.65,-38.49,-12.83,-22.86,-32.004
2021-06-05 14:00,-43.76,-37.82,-13.19,-22.86,-32.004
2021-06-05 15:00,-43.61,-37.57,-13.28,-23.1648,-32.004
2021-06-05 16:00,-43.81,-37.29,-13.64,-23.1648,-32.004
2021-06-05 17:00,-43.81,-37.36,-13.85,-23.1648,-32.004
2021-06-05 18:00,-44.31,-37.35,-14.28,-23.1648,-32.3088
2021-06-05 19:00,-44.26,-37.86,-14.27,-23.4696,-32.3088
2021-06-05 20:00,-44.41,-37.66,-14.37,-23.4696,-32.3088
2021-06-05 21:00,-44.56,-37.74,-14.52,-23.4696,-32.3088
2021-06-05 22:00,-44.63,-37.9,-14.71,-23.4696,-32.3088
2021-06-05 23:00,-44.49,-37.91,-14.73,-23.4696,-32.3088
2021-06-06 00:00,-44.56,-37.89,-14.91,-23.4696,-32.3088
2021-06-06 01:00,-44.73,-38.07,-15.18,-23.7744,-32.3088
2021-06-06 02:00,-44.83,-38.27,-15.32,-23.7744,-32.3088
2021-06-06 03:00,-45.13,-38.31,-15.7,-23.7744,-32.3088
2021-06-06 04:00,-45.34,-38.72,-15.82,-23.7744,-32.6136
2021-06-06 05:00,-45.43,-38.95,-15.93,-23.7744,-32.6136
2021-06-06 06:00,-45.55,-38.96,-15.99,-24.0792,-32.6136
2021-06-06 07:00,-45.81,-39.07,-16.23,-24.0792,-32.6136
2021-06-06 08:00,-45.82,-39.3,-16.33,-24.0792,-32.6136
2021-06-06 09:00,-45.9,-39.31,-16.62,-24.384,-32.6136
2021-06-06 10:00,-46.08,-39.4,-16.96,-24.384,-32.6136
2021-06-06 11:00,-45.93,-39.8,-17.15,-24.6888,-32.6136
2021-06-06 12:00,-45.99,-39.74,-17.39,-24.9936,-32.9184
2021-06-06 13:00,-46.04,-39.89,-17.61,-24.9936,-32.9184
2021-06-06 14:00,-46.13,-40.06,-17.9,-25.2984,-32.9184
2021-06-06 15:00,-46.2,-40.22,-18.15,-25.6032,-33.2232
2021-06-06 16:00,-46.32,-40.34,-18.37,-25.6032,-33.2232
2021-06-06 17:00,-46.34,-40.42,-18.47,-25.6032,-33.2232
2021-06-06 18:00,-46.45,-40.44,-18.57,-25.908,-33.2232
2021-06-06 19:00,-46.48,-40.5,-18.58,-25.908,-33.2232
2021-06-06 20:00,-46.61,-40.45,-18.61,-25.908,-33.2232
2021-06-06 21:00,-46.84,-40.56,-18.75,-25.908,-33.2232
2021-06-06 22:00,-46.91,-40.58,-18.87,-25.908,-33.528
2021-06-06 23:00,-46.91,-40.62,-18.89,-25.908,-33.528
2021-06-07 00:00,-46.9,-40.66,-18.99,-25.908,-33.528
2021-06-07 01:00,-46.86,-40.71,-19.1,-25.908,-33.528
2021-06-07 02:00,-46.96,-40.73,-19.21,-26.2128,-33.528
2021-06-07 03:00,-47.01,-40.84,-19.25,-26.2128,-33.528
2021-06-07 04:00,-47.02,-40.94,-19.35,-26.2128,-33.528
2021-06-07 05:00,-47.2,-40.94,-19.47,-26.2128,-33.528
2021-06-07 06:00,-47.45,-41.2,-19.77,-26.2128,-33.528
2021-06-07 07:00,-47.66,-41.36,-19.97,-26.2128,-33.528
2021-06-07 08:00,-47.83,-41.65,-20.21,-26.2128,-33.528
2021-06-07 09:00,-47.89,-41.72,-20.46,-26.5176,-33.8328
2021-06-07 10:00,-47.78,-41.78,-20.49,-26.5176,-33.8328
2021-06-07 11:00,-47.92,-41.76,-20.78,-26.8224,-33.8328
2021-06-07 12:00,-48.16,-42.06,-21.33,-27.1272,-33.8328
2021-06-07 13:00,-48.19,-42.37,-21.51,-27.1272,-34.1376
2021-06-07 14:00,-48.09,-42.39,-21.7,-27.432,-34.1376
2021-06-07 15:00,-48.01,-42.42,-21.64,-27.432,-34.1376
2021-06-07 16:00,-47.83,-42.3,-21.73,-27.432,-34.1376
2021-06-07 17:00,-47.82,-42.23,-21.78,-27.432,-34.1376
2021-06-07 18:00,-47.95,-42.32,-21.93,-27.7368,-34.1376
2021-06-07 19:00,-48.3,-42.53,-21.99,-27.7368,-34.4424
2021-06-07 20:00,-48.49,-42.7,-22.15,-27.7368,-34.4424
2021-06-07 21:00,-48.55,-42.79,-22.1,-27.7368,-34.4424
2021-06-07 22:00,-48.62,-42.69,-22.28,-27.7368,-34.4424
2021-06-07 23:00,-48.57,-42.76,-22.32,-27.7368,-34.4424
2021-06-08 00:00,-48.62,-42.79,-22.51,-27.7368,-34.4424
2021-06-08 01:00,-48.48,-42.89,-22.46,-27.7368,-34.4424
2021-06-08 02:00,-48.47,-42.9,-22.56,-27.7368,-34.4424
2021-06-08 03:00,-48.68,-42.95,-22.65,-27.7368,-34.4424
2021-06-08 04:00,-48.92,-43.12,-22.79,-27.7368,-34.4424
2021-06-08 05:00,-48.84,-43.19,-22.68,-27.7368,-34.4424
2021-06-08 06:00,-49.02,-43.14,-22.92,-28.0416,-34.7472
2021-06-08 07:00,-49.26,-43.3,-23.1,-28.0416,-34.7472
2021-06-08 08:00,-49.31,-43.54,-23.21,-28.0416,-34.7472
2021-06-08 09:00,-49.33,-43.6,-23.36,-28.0416,-34.7472
2021-06-08 10:00,-49.36,-43.69,-23.55,-28.0416,-34.7472
2021-06-08 11:00,-49.41,-43.74,-23.78,-28.3464,-34.7472
2021-06-08 12:00,-49.31,-43.9,-23.95,-28.3464,-34.7472
2021-06-08 13:00,-49.11,-43.9,-24.09,-28.6512,-35.052
2021-06-08 14:00,-49.16,-43.82,-21.9,-28.956,-35.052
2021-06-08 15:00,-49.44,-44.02,-19.2,-27.432,-35.052
2021-06-08 16:00,-49.37,-44.05,-19.36,-27.7368,-35.052
2021-06-08 17:00,-49.18,-43.9,-19.44,-28.0416,-35.3568
2021-06-08 18:00,-49.38,-43.51,-19.69,-28.0416,-35.3568
2021-06-08 19:00,-49.46,-43.61,-19.71,-28.0416,-35.3568
2021-06-08 20:00,-49.66,-43.53,-19.9,-28.0416,-35.3568
2021-06-08 21:00,-49.78,-43.52,-20.08,-28.3464,-35.3568
2021-06-08 22:00,-49.87,-43.55,-20.3,-28.3464,-35.3568
2021-06-08 23:00,-49.79,-43.64,-20.42,-28.3464,-35.3568
2021-06-09 00:00,-49.81,-43.72,-20.59,-28.3464,-35.3568
2021-06-09 01:00,-49.72,-43.75,-20.59,-28.3464,-35.3568
2021-06-09 02:00,-49.67,-43.74,-20.6,-28.3464,-35.6616
2021-06-09 03:00,-49.77,-43.6,-20.84,-28.6512,-35.6616
2021-06-09 04:00,-49.77,-43.85,-20.92,-28.6512,-35.6616
2021-06-09 05:00,-49.95,-43.87,-21,-28.6512,-35.6616
2021-06-09 06:00,-50.1,-43.93,-21.3,-28.6512,-35.6616
2021-06-09 07:00,-50.28,-44.02,-21.51,-28.6512,-35.6616
2021-06-09 08:00,-50.47,-44.25,-21.86,-28.6512,-35.6616
2021-06-09 09:00,-50.66,-44.49,-21.99,-28.956,-35.6616
2021-06-09 10:00,-50.86,-44.52,-22.34,-28.956,-35.6616
2021-06-09 11:00,-50.89,-44.78,-22.68,-29.2608,-35.9664
2021-06-09 12:00,-50.77,-44.82,-22.99,-29.5656,-35.9664
2021-06-09 13:00,-50.59,-44.85,-23.04,-29.5656,-35.9664
2021-06-09 14:00,-50.38,-44.73,-23.19,-29.8704,-36.2712
2021-06-09 15:00,-50.7,-44.74,-23.69,-29.8704,-36.2712
2021-06-09 16:00,-50.59,-45.15,-23.79,-30.1752,-36.2712
2021-06-09 17:00,-50.79,-45.01,-23.86,-30.1752,-35.9664
2021-06-09 18:00,-50.93,-45.09,-23.41,-30.1752,-35.6616
2021-06-09 19:00,-50.54,-45.17,-23.32,-30.1752,-35.3568
2021-06-09 20:00,-51.13,-44.66,-23.15,-30.1752,-35.3568
2021-06-09 21:00,-50.64,-45.06,-20.73,-29.8704,-31.3944
2021-06-09 22:00,-44.89,-44.46,-5.49,-14.6304,-30.1752
2021-06-09 23:00,-43.9,-36.05,-6,-16.1544,-29.5656
2021-06-10 00:00,-43.43,-34.34,-6.44,-16.764,-29.5656
2021-06-10 01:00,-43.26,-33.76,-6.99,-17.3736,-29.2608
2021-06-10 02:00,-43.13,-33.77,-7.36,-17.6784,-29.2608
2021-06-10 03:00,-43.37,-33.87,-7.58,-17.9832,-29.2608
2021-06-10 04:00,-43.31,-33.97,-7.89,-18.288,-29.2608
2021-06-10 05:00,-43.42,-33.96,-8.02,-18.5928,-29.2608
2021-06-10 06:00,-43.74,-33.99,-8.48,-18.8976,-29.2608
2021-06-10 07:00,-43.68,-34.44,-8.6,-19.2024,-29.2608
2021-06-10 08:00,-43.89,-34.52,-8.96,-19.2024,-29.2608
2021-06-10 09:00,-43.85,-34.76,-9.19,-19.5072,-29.2608
2021-06-10 10:00,-44.04,-34.84,-9.53,-19.812,-29.2608
2021-06-10 11:00,-44.12,-35.09,-9.73,-20.1168,-29.5656
2021-06-10 12:00,-43.98,-35.27,-9.94,-20.4216,-29.5656
2021-06-10 13:00,-44,-35.28,-10.2,-20.7264,-29.5656
2021-06-10 14:00,-43.86,-35.65,-10.16,-20.7264,-29.5656
2021-06-10 15:00,-44.1,-35.54,-10.43,-21.0312,-29.8704
2021-06-10 16:00,-44.18,-35.69,-10.28,-21.0312,-29.8704
2021-06-10 17:00,-44.52,-35.71,-10.44,-20.7264,-29.8704
2021-06-10 18:00,-44.41,-36.17,-10.38,-21.0312,-29.8704
2021-06-10 19:00,-44.51,-35.96,-9.55,-20.1168,-29.5656
2021-06-10 20:00,-44.46,-36.11,-8.98,-19.5072,-29.5656
2021-06-10 21:00,-44.5,-36.1,-9.26,-19.812,-29.2608
2021-06-10 22:00,-44.73,-36.17,-9.47,-20.1168,-29.2608
2021-06-10 23:00,-44.73,-36.28,-9.68,-20.4216,-29.2608
2021-06-11 00:00,-44.53,-36.21,-9.63,-20.4216,-29.2608
2021-06-11 01:00,-44.29,-36.13,-9.75,-20.1168,-29.2608
2021-06-11 02:00,-44.33,-36.14,-9.79,-20.4216,-28.956
2021-06-11 03:00,-44.39,-36.29,-9.85,-20.4216,-28.956
2021-06-11 04:00,-44.45,-36.3,-9.91,-20.7264,-28.956
2021-06-11 05:00,-44.76,-36.44,-10.25,-20.7264,-28.956
2021-06-11 06:00,-44.83,-36.64,-10.19,-20.4216,-28.956
2021-06-11 07:00,-45.03,-36.71,-10.32,-20.4216,-28.956
2021-06-11 08:00,-44.9,-36.95,-9.3,-20.1168,-28.956
2021-06-11 09:00,-45.06,-36.86,-9.49,-20.4216,-28.956
2021-06-11 10:00,-45.05,-37.06,-9.76,-20.7264,-28.956
2021-06-11 11:00,-44.97,-37.08,-10,-20.7264,-28.956
2021-06-11 12:00,-44.74,-37.03,-10.22,-21.0312,-28.956
2021-06-11 13:00,-44.4,-37.03,-10.48,-21.336,-28.956
2021-06-11 14:00,-44.55,-37.02,-10.9,-21.6408,-29.2608
2021-06-11 15:00,-44.62,-37.32,-11.12,-21.6408,-29.2608
2021-06-11 16:00,-44.05,-37.53,-8.93,-21.6408,-29.2608
2021-06-11 17:00,-43.96,-36.65,-9.16,-21.9456,-29.2608
2021-06-11 18:00,-43.68,-34.99,-9.26,-21.9456,-29.2608
2021-06-11 19:00,-43.41,-34.39,-9.36,-21.9456,-29.5656
2021-06-11 20:00,-43.49,-34.04,-9.52,-21.9456,-29.5656
2021-06-11 21:00,-43.68,-34.28,-9.84,-22.2504,-29.5656
2021-06-11 22:00,-43.66,-34.3,-9.11,-21.9456,-29.2608
2021-06-11 23:00,-43.54,-34.1,-7.82,-19.812,-28.3464
2021-06-12 00:00,-42.69,-34.15,-6.19,-18.288,-27.432
2021-06-12 01:00,-42.14,-33.3,-6.56,-18.5928,-26.8224
2021-06-12 02:00,-41.96,-32.93,-6.64,-18.8976,-26.8224
2021-06-12 03:00,-42.1,-32.59,-7,-19.2024,-26.8224
2021-06-12 04:00,-41.98,-32.69,-7.22,-19.5072,-26.8224
2021-06-12 05:00,-41.74,-32.68,-7.32,-19.812,-26.5176
2021-06-12 06:00,-42.05,-32.35,-7.73,-19.812,-26.5176
2021-06-12 07:00,-42.26,-32.93,-8.06,-20.1168,-26.5176
2021-06-12 08:00,-42.36,-33.14,-8.27,-20.1168,-26.8224
2021-06-12 09:00,-42.46,-33.22,-8.38,-20.4216,-26.8224
2021-06-12 10:00,-42.53,-33.42,-8.47,-20.4216,-26.8224
2021-06-12 11:00,-42.47,-33.42,-8.57,-20.7264,-26.8224
2021-06-12 12:00,-42.63,-33.53,-8.85,-20.7264,-26.8224
2021-06-12 13:00,-42.68,-33.62,-8.99,-21.0312,-26.8224
2021-06-12 14:00,-42.6,-33.86,-8.93,-21.0312,-27.1272
2021-06-12 15:00,-42.62,-33.72,-9.17,-21.336,-27.1272
2021-06-12 16:00,-42.85,-33.91,-9.36,-21.336,-27.1272
2021-06-12 17:00,-42.96,-34.18,-9.54,-21.336,-27.1272
2021-06-12 18:00,-43.16,-34.27,-9.76,-21.6408,-27.1272
2021-06-12 19:00,-43.29,-34.59,-9.81,-21.6408,-27.432
2021-06-12 20:00,-43.18,-34.72,-9.88,-21.6408,-27.432
2021-06-12 21:00,-43.29,-34.63,-10.02,-21.9456,-27.432
2021-06-12 22:00,-43.35,-34.77,-10.02,-21.9456,-27.432
2021-06-12 23:00,-43.52,-34.82,-10.32,-21.9456,-27.432
2021-06-13 00:00,-43.38,-35.06,-10.27,-21.9456,-27.432
2021-06-13 01:00,-43.61,-34.94,-10.59,-22.2504,-27.432
2021-06-13 02:00,-43.39,-35.34,-10.52,-22.2504,-27.7368
2021-06-13 03:00,-43.43,-35.18,-10.66,-22.2504,-27.7368
2021-06-13 04:00,-43.72,-35.33,-10.84,-22.2504,-27.7368
2021-06-13 05:00,-43.7,-35.67,-10.87,-22.2504,-27.7368
2021-06-13 06:00,-44.08,-35.7,-11.18,-22.2504,-27.7368
2021-06-13 07:00,-44.24,-35.84,-11.13,-22.5552,-27.7368
2021-06-13 08:00,-44.55,-36.18,-11.53,-22.5552,-28.0416
2021-06-13 09:00,-44.55,-36.41,-11.66,-22.86,-28.0416
2021-06-13 10:00,-44.63,-36.54,-11.76,-22.86,-28.0416
2021-06-13 11:00,-44.55,-36.65,-11.8,-22.86,-28.0416
2021-06-13 12:00,-44.64,-36.67,-12.01,-23.1648,-28.3464
2021-06-13 13:00,-44.74,-36.69,-12.45,-23.1648,-28.3464
2021-06-13 14:00,-44.77,-36.93,-12.4,-23.4696,-28.3464
2021-06-13 15:00,-44.82,-37.16,-12.7,-23.7744,-28.6512
2021-06-13 16:00,-44.81,-37.2,-12.76,-23.7744,-28.6512
2021-06-13 17:00,-44.78,-37.4,-12.84,-24.0792,-28.6512
2021-06-13 18:00,-44.8,-37.46,-12.94,-24.0792,-28.6512
2021-06-13 19:00,-44.91,-37.51,-13.02,-24.0792,-28.6512
2021-06-13 20:00,-45.16,-37.57,-13.06,-24.0792,-28.956
2021-06-13 21:00,-45.41,-37.68,-13.25,-24.0792,-28.956
2021-06-13 22:00,-45.35,-37.74,-13.24,-24.0792,-28.956
2021-06-13 23:00,-45.11,-37.84,-13.45,-24.0792,-28.956
2021-06-14 00:00,-45.1,-38.03,-13.3,-24.384,-28.956
2021-06-14 01:00,-44.71,-38.05,-13.22,-24.384,-28.956
2021-06-14 02:00,-45.17,-37.86,-13.65,-24.384,-29.2608
2021-06-14 03:00,-45.32,-38.16,-13.71,-24.384,-29.2608
2021-06-14 04:00,-45.6,-38.3,-13.75,-24.384,-29.2608
2021-06-14 05:00,-45.65,-38.49,-14.01,-24.384,-29.2608
2021-06-14 06:00,-45.79,-38.73,-14.07,-24.384,-29.2608
2021-06-14 07:00,-46.1,-38.77,-14.24,-24.384,-29.2608
2021-06-14 08:00,-46.25,-39.01,-14.35,-24.6888,-29.2608
2021-06-14 09:00,-46.26,-39.15,-14.53,-24.6888,-29.5656
2021-06-14 10:00,-46.48,-39.36,-14.77,-24.9936,-29.5656
2021-06-14 11:00,-46.65,-39.55,-15.12,-24.9936,-29.5656
2021-06-14 12:00,-46.52,-39.7,-15.39,-25.2984,-29.8704
2021-06-14 13:00,-46.3,-39.79,-15.34,-25.6032,-29.8704
2021-06-14 14:00,-47.12,-40.27,-15.72,-25.6032,-29.8704
2021-06-14 15:00,-47.27,-40.49,-15.8,-25.908,-30.1752
2021-06-14 16:00,-47.31,-40.58,-16.14,-26.2128,-30.1752
2021-06-14 17:00,-47.37,-40.73,-16.26,-26.2128,-30.1752
2021-06-14 18:00,-47.44,-40.82,-16.37,-26.2128,-30.1752
2021-06-14 19:00,-47.33,-41.01,-16.27,-26.5176,-30.48
2021-06-14 20:00,-47.38,-40.83,-16.38,-26.5176,-30.48
2021-06-14 21:00,-47.55,-40.92,-16.57,-26.5176,-30.48
2021-06-14 22:00,-47.43,-41.11,-16.58,-26.5176,-30.48
2021-06-14 23:00,-47.6,-41.06,-16.65,-26.5176,-30.48
2021-06-15 00:00,-47.51,-41.29,-16.71,-26.5176,-30.48
2021-06-15 01:00,-47.48,-41.2,-16.81,-26.5176,-30.7848
2021-06-15 02:00,-47.42,-41.16,-16.74,-26.5176,-30.7848
2021-06-15 03:00,-47.76,-41.24,-17.09,-26.5176,-30.7848
2021-06-15 04:00,-47.73,-41.66,-16.95,-26.5176,-30.7848
2021-06-15 05:00,-47.64,-41.68,-16.86,-26.5176,-30.7848
2021-06-15 06:00,-47.85,-41.47,-17.09,-26.5176,-30.7848
2021-06-15 07:00,-48.15,-41.7,-17.38,-26.5176,-30.7848
2021-06-15 08:00,-48.18,-41.88,-17.48,-26.8224,-30.7848
2021-06-15 09:00,-48.2,-42.01,-17.58,-26.8224,-31.0896
2021-06-15 10:00,-48.41,-42.1,-17.89,-26.8224,-31.0896
2021-06-15 11:00,-48.42,-42.2,-17.89,-27.1272,-31.0896
2021-06-15 12:00,-48.23,-42.15,-18.03,-27.432,-31.3944
2021-06-15 13:00,-48.54,-41.9,-18.33,-27.432,-31.3944
2021-06-15 14:00,-48.47,-42.5,-18.56,-27.7368,-31.3944
2021-06-15 15:00,-48.7,-42.43,-18.42,-27.7368,-31.3944
2021-06-15 16:00,-49.09,-42.72,-18.9,-28.0416,-31.6992
2021-06-15 17:00,-49.04,-42.94,-19.14,-28.0416,-31.6992
2021-06-15 18:00,-48.94,-42.92,-19.16,-28.0416,-31.6992
2021-06-15 19:00,-48.95,-42.79,-19.12,-28.0416,-31.6992
2021-06-15 20:00,-48.9,-43.04,-18.97,-28.0416,-31.6992
2021-06-15 21:00,-49.03,-42.9,-19.15,-28.0416,-32.004
2021-06-15 22:00,-49.15,-43,-19.24,-28.0416,-32.004
2021-06-15 23:00,-49.01,-43.04,-19.3,-28.3464,-32.004
2021-06-16 00:00,-49.2,-43.05,-19.45,-28.3464,-32.004
2021-06-16 01:00,-48.88,-43.3,-19.43,-28.3464,-32.004
2021-06-16 02:00,-48.96,-43.01,-19.43,-28.3464,-32.004
2021-06-16 03:00,-49.01,-43.1,-19.5,-28.3464,-32.004
2021-06-16 04:00,-49.18,-43.17,-19.68,-28.3464,-32.004
2021-06-16 05:00,-49.43,-43.36,-19.91,-28.3464,-32.3088
2021-06-16 06:00,-49.44,-43.62,-19.98,-28.3464,-32.3088
2021-06-16 07:00,-49.77,-43.69,-20.31,-28.3464,-32.3088
2021-06-16 08:00,-49.64,-44.04,-20.28,-28.3464,-32.3088
2021-06-16 09:00,-49.82,-43.9,-20.46,-28.6512,-32.3088
2021-06-16 10:00,-49.89,-43.97,-20.63,-28.956,-32.6136
2021-06-16 11:00,-49.98,-44.13,-20.91,-28.956,-32.6136
2021-06-16 12:00,-49.94,-44.17,-21.16,-29.2608,-32.6136
2021-06-16 13:00,-50.11,-44.33,-21.49,-29.5656,-32.9184
2021-06-16 14:00,-50.21,-44.5,-21.81,-29.5656,-32.9184
2021-06-16 15:00,-50.23,-44.66,-22.04,-29.8704,-32.9184
2021-06-16 16:00,-50.25,-44.66,-22.15,-30.1752,-32.9184
2021-06-16 17:00,-50.29,-44.65,-22.29,-30.1752,-33.2232
2021-06-16 18:00,-50.45,-44.77,-22.45,-30.1752,-33.2232
2021-06-16 19:00,-50.37,-44.94,-22.33,-30.1752,-33.2232
2021-06-16 20:00,-50.38,-44.72,-22.34,-30.1752,-33.2232
2021-06-16 21:00,-50.37,-44.81,-22.38,-30.1752,-33.2232
2021-06-16 22:00,-50.35,-44.79,-22.43,-30.48,-33.528
2021-06-16 23:00,-50.42,-44.83,-22.52,-30.48,-33.528
2021-06-17 00:00,-50.38,-44.97,-22.63,-30.48,-33.528
2021-06-17 01:00,-50.33,-44.88,-22.73,-30.48,-33.528
2021-06-17 02:00,-50.39,-44.98,-22.79,-30.48,-33.528
2021-06-17 03:00,-50.36,-45.05,-22.81,-30.48,-33.528
2021-06-17 04:00,-50.5,-45.14,-22.89,-30.48,-33.528
2021-06-17 05:00,-50.63,-45.25,-22.97,-30.48,-33.528
2021-06-17 06:00,-50.97,-45.26,-23.26,-30.48,-33.528
2021-06-17 07:00,-51.08,-45.68,-23.41,-30.48,-33.8328
2021-06-17 08:00,-51.16,-45.71,-23.6,-30.48,-33.8328
2021-06-17 09:00,-51.31,-45.85,-23.77,-30.7848,-33.8328
2021-06-17 10:00,-51.07,-45.86,-23.68,-30.7848,-33.8328
2021-06-17 11:00,-51.38,-45.67,-24.16,-31.0896,-34.1376
2021-06-17 12:00,-51.37,-45.96,-24.38,-31.3944,-34.1376
2021-06-17 13:00,-51.31,-46,-24.51,-31.3944,-34.1376
2021-06-17 14:00,-51.51,-45.92,-24.96,-31.6992,-34.4424
2021-06-17 15:00,-51.69,-46.18,-25.33,-32.004,-34.4424
2021-06-17 16:00,-51.58,-46.4,-25.35,-32.004,-34.4424
2021-06-17 17:00,-51.92,-46.32,-25.64,-32.3088,-34.7472
2021-06-17 18:00,-51.96,-46.7,-25.82,-32.3088,-34.7472
2021-06-17 19:00,-51.84,-46.62,-25.7,-32.3088,-34.7472
2021-06-17 20:00,-51.92,-46.5,-25.71,-32.3088,-34.7472
2021-06-17 21:00,-51.95,-46.63,-25.79,-32.3088,-34.7472
2021-06-17 22:00,-51.95,-46.58,-25.86,-32.3088,-34.7472
2021-06-17 23:00,-51.88,-46.57,-25.92,-32.3088,-34.7472
2021-06-18 00:00,-51.99,-46.65,-26.08,-32.3088,-35.052
2021-06-18 01:00,-51.93,-46.69,-26.06,-32.3088,-35.052
2021-06-18 02:00,-51.97,-46.81,-26.23,-32.3088,-35.052
2021-06-18 03:00,-51.93,-46.87,-26.32,-32.3088,-35.052
2021-06-18 04:00,-52.15,-46.87,-26.35,-32.3088,-35.052
2021-06-18 05:00,-52.18,-47.1,-26.48,-32.3088,-35.052
2021-06-18 06:00,-52.26,-47.07,-26.55,-32.3088,-35.052
2021-06-18 07:00,-52.39,-47.13,-26.81,-32.3088,-35.052
2021-06-18 08:00,-52.61,-47.37,-26.94,-32.6136,-35.3568
2021-06-18 09:00,-52.51,-47.59,-27.08,-32.6136,-35.3568
2021-06-18 10:00,-52.78,-47.53,-27.43,-32.9184,-35.3568
2021-06-18 11:00,-52.67,-47.87,-27.45,-32.9184,-35.3568
2021-06-18 12:00,-52.74,-47.68,-27.75,-33.2232,-35.6616
2021-06-18 13:00,-52.77,-47.86,-28.03,-33.528,-35.6616
2021-06-18 14:00,-52.77,-47.78,-28.31,-33.528,-35.6616
2021-06-18 15:00,-52.98,-47.9,-28.69,-33.8328,-35.9664
2021-06-18 16:00,-52.97,-48.24,-28.83,-33.8328,-35.9664
2021-06-18 17:00,-53.05,-48.27,-29.02,-34.1376,-35.9664
2021-06-18 18:00,-53.18,-48.32,-29.13,-34.1376,-36.2712
2021-06-18 19:00,-52.96,-48.42,-28.99,-34.1376,-36.2712
2021-06-18 20:00,-53.12,-48.18,-28.96,-34.1376,-36.2712
2021-06-18 21:00,-53.31,-48.26,-29.22,-34.1376,-36.2712
2021-06-18 22:00,-53.3,-48.47,-29.31,-34.1376,-36.2712
2021-06-18 23:00,-52.97,-48.37,-29.16,-34.1376,-36.2712
2021-06-19 00:00,-53.21,-48.3,-29.25,-34.1376,-36.2712
2021-06-19 01:00,-53.05,-48.45,-29.25,-34.1376,-36.2712
2021-06-19 02:00,-53.13,-48.33,-29.59,-34.1376,-36.2712
2021-06-19 03:00,-53.32,-48.49,-29.62,-34.1376,-36.576
2021-06-19 04:00,-53.46,-48.87,-29.52,-34.1376,-36.576
2021-06-19 05:00,-53.66,-48.83,-29.89,-34.1376,-36.576
2021-06-19 06:00,-53.67,-49.04,-29.88,-34.1376,-36.576
2021-06-19 07:00,-53.73,-49.12,-30.13,-34.1376,-36.576
2021-06-19 08:00,-53.79,-49.1,-30.18,-34.4424,-36.576
2021-06-19 09:00,-53.69,-49.19,-30.26,-34.4424,-36.576
2021-06-19 10:00,-54.12,-49.09,-30.58,-34.7472,-36.8808
2021-06-19 11:00,-54.25,-49.5,-30.85,-35.052,-36.8808
2021-06-19 12:00,-54.08,-49.48,-31.02,-35.052,-36.8808
2021-06-19 13:00,-54.12,-49.36,-31.26,-35.3568,-37.1856
2021-06-19 14:00,-54.17,-49.5,-31.33,-35.6616,-37.1856
2021-06-19 15:00,-54.06,-49.66,-31.43,-35.6616,-37.1856
2021-06-19 16:00,-54.49,-49.67,-31.87,-35.9664,-37.4904
2021-06-19 17:00,-54.44,-50.04,-31.88,-35.9664,-37.4904
2021-06-19 18:00,-54.6,-49.99,-31.94,-35.9664,-37.4904
2021-06-19 19:00,-54.56,-49.98,-32.24,-35.9664,-37.4904
2021-06-19 20:00,-54.53,-49.73,-31.93,-35.9664,-37.4904
2021-06-19 21:00,-54.82,-49.77,-32.22,-35.9664,-37.7952
2021-06-19 22:00,-54.59,-50.12,-32.05,-35.9664,-37.7952
2021-06-19 23:00,-54.77,-49.8,-32.22,-35.9664,-37.7952
2021-06-20 00:00,-54.7,-50.04,-32.25,-35.9664,-37.7952
2021-06-20 01:00,-54.66,-49.94,-32.37,-35.9664,-37.7952
2021-06-20 02:00,-54.79,-49.94,-32.49,-35.9664,-37.7952
2021-06-20 03:00,-54.9,-50.19,-32.43,-35.9664,-37.7952
2021-06-20 04:00,-54.82,-50.2,-32.44,-35.9664,-37.7952
2021-06-20 05:00,-54.71,-50.09,-32.5,-35.9664,-38.1
2021-06-20 06:00,-54.96,-49.96,-32.64,-35.9664,-38.1
2021-06-20 07:00,-54.94,-50.37,-32.75,-36.2712,-38.1
2021-06-20 08:00,-55.13,-50.3,-32.85,-36.2712,-38.1
2021-06-20 09:00,-55.02,-50.48,-32.83,-36.2712,-38.1
2021-06-20 10:00,-55.13,-50.36,-32.88,-36.2712,-38.1
2021-06-20 11:00,-54.78,-50.63,-32.89,-35.9664,-38.1
2021-06-20 12:00,-54.95,-50.25,-33.08,-35.9664,-38.1
2021-06-20 13:00,-54.85,-50.7,-33.06,-35.9664,-38.1
2021-06-20 14:00,-55,-50.73,-33.3,-36.2712,-38.4048
2021-06-20 15:00,-55.13,-50.81,-33.21,-36.2712,-38.1
2021-06-20 16:00,-55.09,-50.93,-30.14,-33.8328,-33.528
2021-06-20 17:00,-51.13,-50.41,-14.36,-24.0792,-32.9184
2021-06-20 18:00,-50.09,-46.99,-13.58,-24.384,-32.6136
2021-06-20 19:00,-49.99,-45.29,-13.42,-23.7744,-32.3088
2021-06-20 20:00,-50.14,-45.22,-13.9,-24.0792,-32.3088
2021-06-20 21:00,-50.43,-45.22,-14.23,-24.384,-32.3088
2021-06-20 22:00,-50.21,-45.38,-14.4,-24.6888,-32.3088
2021-06-20 23:00,-50.08,-45.1,-14.58,-24.6888,-32.3088
2021-06-21 00:00,-50.05,-45.07,-14.79,-24.9936,-32.3088
2021-06-21 01:00,-49.91,-45.13,-14.98,-24.9936,-32.3088
2021-06-21 02:00,-49.72,-45.1,-14.99,-25.2984,-32.3088
2021-06-21 03:00,-49.72,-45.05,-13.45,-23.4696,-30.7848
2021-06-21 04:00,-48.77,-45.12,-11.17,-20.1168,-29.8704
2021-06-21 05:00,-49.01,-44.25,-11.19,-20.1168,-29.2608
2021-06-21 06:00,-48.98,-44.15,-11.28,-20.4216,-28.956
2021-06-21 07:00,-48.99,-43.83,-11.71,-20.7264,-28.956
2021-06-21 08:00,-48.88,-43.66,-11.12,-20.7264,-28.3464
2021-06-21 09:00,-48.85,-43.55,-11.15,-19.812,-27.7368
2021-06-21 10:00,-48.73,-43.51,-11.46,-20.4216,-27.7368
2021-06-21 11:00,-48.51,-43.41,-11.79,-20.7264,-27.7368
2021-06-21 12:00,-48.54,-43.31,-12.43,-21.336,-27.7368
2021-06-21 13:00,-48.35,-43.37,-12.78,-21.6408,-27.7368
2021-06-21 14:00,-48.61,-43.27,-13.32,-22.2504,-28.0416
2021-06-21 15:00,-48.62,-43.6,-13.67,-22.5552,-28.0416
2021-06-21 16:00,-48.69,-43.73,-13.95,-22.86,-28.0416
2021-06-21 17:00,-48.79,-43.7,-14.17,-23.1648,-28.3464
2021-06-21 18:00,-48.93,-43.78,-14.31,-23.1648,-28.3464
2021-06-21 19:00,-48.88,-43.97,-14.27,-23.1648,-28.3464
2021-06-21 20:00,-48.99,-43.87,-14.48,-23.4696,-28.3464
2021-06-21 21:00,-49.02,-43.78,-14.45,-23.4696,-28.3464
2021-06-21 22:00,-49.07,-43.85,-14.65,-23.4696,-28.6512
2021-06-21 23:00,-49.18,-43.83,-14.79,-23.4696,-28.6512
2021-06-22 00:00,-49.09,-44.05,-14.98,-23.7744,-28.6512
2021-06-22 01:00,-49.01,-44.1,-15.02,-23.7744,-28.6512
2021-06-22 02:00,-48.92,-44.07,-15.07,-23.7744,-28.6512
2021-06-22 03:00,-48.92,-44.05,-15.15,-23.7744,-28.6512
2021-06-22 04:00,-49.01,-44.22,-15.24,-23.7744,-28.6512
2021-06-22 05:00,-49.05,-44.23,-15.31,-24.0792,-28.6512
2021-06-22 06:00,-49.39,-44.29,-15.52,-24.0792,-28.956
2021-06-22 07:00,-49.6,-44.58,-15.76,-24.0792,-28.956
2021-06-22 08:00,-49.64,-44.67,-15.91,-24.384,-28.956
2021-06-22 09:00,-49.71,-44.56,-16.07,-24.384,-28.956
2021-06-22 10:00,-49.61,-44.69,-16.16,-24.384,-28.956
2021-06-22 11:00,-49.9,-44.68,-16.53,-24.6888,-29.2608
2021-06-22 12:00,-49.75,-44.96,-16.49,-24.384,-29.2608
2021-06-22 13:00,-49.74,-45.08,-16.66,-24.6888,-29.2608
2021-06-22 14:00,-49.42,-45.19,-16.65,-24.6888,-29.2608
2021-06-22 15:00,-49.82,-44.86,-16.77,-24.9936,-29.2608
2021-06-22 16:00,-49.71,-45.3,-16.37,-24.9936,-29.2608
2021-06-22 17:00,-49.96,-44.97,-16.31,-24.384,-29.2608
2021-06-22 18:00,-49.27,-45.37,-13.72,-22.5552,-28.3464
2021-06-22 19:00,-47.37,-44.99,-11.12,-19.5072,-27.7368
2021-06-22 20:00,-46.3,-44.61,-10.47,-19.2024,-27.1272
2021-06-22 21:00,-45.48,-43.63,-10.01,-18.8976,-26.8224
2021-06-22 22:00,-45,-42.6,-10.15,-19.5072,-26.8224
2021-06-22 23:00,-44.95,-41.88,-10.6,-19.812,-26.8224
2021-06-23 00:00,-44.84,-41.7,-10.83,-19.812,-26.5176
2021-06-23 01:00,-44.77,-41.72,-10.94,-20.1168,-26.5176
2021-06-23 02:00,-44.38,-41.63,-10.83,-20.4216,-26.5176
2021-06-23 03:00,-44.58,-41.34,-11.16,-20.4216,-26.5176
2021-06-23 04:00,-44.65,-41.55,-11.33,-20.7264,-26.8224
2021-06-23 05:00,-44.69,-41.62,-11.45,-20.7264,-26.8224
2021-06-23 06:00,-44.89,-41.5,-11.66,-21.0312,-26.8224
2021-06-23 07:00,-44.95,-41.71,-11.83,-21.0312,-26.8224
2021-06-23 08:00,-45.14,-41.67,-12.29,-21.336,-26.8224
2021-06-23 09:00,-45.35,-41.8,-12.41,-21.6408,-26.8224
2021-06-23 10:00,-45.49,-41.97,-12.79,-21.9456,-27.1272
2021-06-23 11:00,-45.56,-42.1,-12.95,-22.2504,-27.1272
2021-06-23 12:00,-45.66,-42.12,-13.27,-22.5552,-27.432
2021-06-23 13:00,-45.62,-42.12,-13.55,-22.86,-27.432
2021-06-23 14:00,-45.9,-42.16,-13.93,-23.1648,-27.7368
2021-06-23 15:00,-45.83,-42.52,-14.16,-23.1648,-27.7368
2021-06-23 16:00,-46.09,-42.47,-14.44,-23.4696,-27.7368
2021-06-23 17:00,-46.12,-42.76,-14.62,-23.7744,-28.0416
2021-06-23 18:00,-46.16,-42.84,-14.67,-23.7744,-28.0416
2021-06-23 19:00,-46.38,-42.89,-14.9,-23.7744,-28.0416
2021-06-23 20:00,-46.22,-43.13,-14.82,-23.7744,-28.0416
2021-06-23 21:00,-46.31,-42.97,-14.96,-24.0792,-28.3464
2021-06-23 22:00,-46.37,-43.05,-15.13,-24.0792,-28.3464
2021-06-23 23:00,-46.47,-43.07,-15.29,-24.0792,-28.3464
2021-06-24 00:00,-46.43,-43.25,-15.36,-24.0792,-28.3464
2021-06-24 01:00,-46.4,-43.37,-15.48,-24.0792,-28.3464
2021-06-24 02:00,-46.37,-43.21,-15.46,-24.0792,-28.3464
2021-06-24 03:00,-46.6,-43.41,-15.79,-24.384,-28.6512
2021-06-24 04:00,-46.58,-43.64,-15.86,-24.384,-28.6512
2021-06-24 05:00,-46.68,-43.57,-15.93,-24.384,-28.6512
2021-06-24 06:00,-46.84,-43.69,-16.06,-24.384,-28.6512
2021-06-24 07:00,-47.01,-43.8,-16.15,-24.384,-28.6512
2021-06-24 08:00,-47.22,-43.89,-16.36,-24.6888,-28.6512
2021-06-24 09:00,-47.27,-44.03,-16.53,-24.6888,-28.956
2021-06-24 10:00,-47.26,-43.98,-16.74,-24.9936,-28.956
2021-06-24 11:00,-47.29,-43.97,-16.99,-25.2984,-28.956
2021-06-24 12:00,-47.49,-44.17,-17.28,-25.6032,-29.2608
2021-06-24 13:00,-47.41,-44.36,-17.37,-25.6032,-29.2608
2021-06-24 14:00,-47.45,-44.25,-17.68,-25.908,-29.5656
2021-06-24 15:00,-47.76,-44.44,-17.94,-26.2128,-29.5656
2021-06-24 16:00,-47.07,-44.49,-18.02,-26.2128,-29.5656
2021-06-24 17:00,-47.44,,-18.34,-26.5176,-29.5656
2021-06-24 18:00,-47.65,-45.11,-18.48,-26.5176,-29.8704
2021-06-24 19:00,-47.58,-45.43,-18.37,-26.5176,-29.8704
2021-06-24 20:00,-47.48,-45.14,-18.33,-26.5176,-29.8704
2021-06-24 21:00,-47.53,-45.2,-18.43,-26.5176,-29.8704
2021-06-24 22:00,-47.42,-45.09,-18.61,-26.8224,-29.8704
2021-06-24 23:00,-47.65,-44.97,-18.7,-26.8224,-29.8704
2021-06-25 00:00,-47.64,-45.48,-18.82,-26.8224,-30.1752
2021-06-25 01:00,-47.64,-45.37,-18.79,-26.8224,-30.1752
2021-06-25 02:00,-47.59,-45.36,-18.98,-26.8224,-30.1752
2021-06-25 03:00,-47.71,-45.39,-19.01,-26.8224,-30.1752
2021-06-25 04:00,-47.86,-45.53,-19.06,-26.8224,-30.1752
2021-06-25 05:00,-47.97,-45.7,-19.13,-26.8224,-30.1752
2021-06-25 06:00,-48.36,-45.62,-19.39,-26.8224,-30.1752
2021-06-25 07:00,-48.69,-46.11,-19.69,-26.8224,-30.48
2021-06-25 08:00,-48.45,-46.28,-19.58,-27.1272,-30.48
2021-06-25 09:00,-48.28,-46.1,-19.72,-27.1272,-30.48
2021-06-25 10:00,-48.24,-45.95,-20.14,-27.1272,-30.48
2021-06-25 11:00,-48.43,-46.07,-20.41,-27.432,-30.7848
2021-06-25 12:00,-48.56,-46.4,-20.56,-27.7368,-30.7848
2021-06-25 13:00,-48.93,-46.44,-20.98,-28.0416,-30.7848
2021-06-25 14:00,-48.66,-46.83,-21.05,-28.0416,-31.0896
2021-06-25 15:00,-48.86,-46.56,-21.24,-28.0416,-31.0896
2021-06-25 16:00,-48.95,-46.74,-21.27,-27.432,-31.0896
2021-06-25 17:00,-48.89,-46.64,-21.3,-27.432,-31.0896
2021-06-25 18:00,-49.01,-46.59,-21.33,-27.432,-31.0896
2021-06-25 19:00,-48.88,-46.67,-21.36,-27.7368,-31.3944
2021-06-25 20:00,-49.12,-46.64,-21.5,-27.7368,-31.3944
2021-06-25 21:00,-49.27,-46.81,-21.61,-27.7368,-31.3944
2021-06-25 22:00,-48.94,-46.94,-21.55,-27.7368,-31.3944
2021-06-25 23:00,-48.89,-46.65,-21.63,-27.7368,-31.3944
2021-06-26 00:00,-48.98,-46.83,-21.7,-28.0416,-31.3944
2021-06-26 01:00,-48.95,-46.9,-21.77,-28.0416,-31.3944
2021-06-26 02:00,-49.05,-46.81,-21.75,-28.0416,-31.3944
2021-06-26 03:00,-49.15,-46.93,-21.84,-28.0416,-31.3944
2021-06-26 04:00,-49.31,-47.03,-21.86,-28.0416,-31.3944
2021-06-26 05:00,-49.39,-47.09,-22,-28.0416,-31.6992
2021-06-26 06:00,-49.76,-47.23,-22.31,-28.0416,-31.6992
2021-06-26 07:00,-49.85,-47.48,-22.4,-28.0416,-31.6992
2021-06-26 08:00,-49.83,-47.61,-22.65,-28.3464,-31.6992
2021-06-26 09:00,-49.86,-47.64,-22.98,-28.3464,-31.6992
2021-06-26 10:00,-49.9,-47.77,-22.94,-28.3464,-32.004
2021-06-26 11:00,-49.97,-47.72,-23.23,-28.6512,-32.004
2021-06-26 12:00,-50.12,-47.78,-23.43,-28.956,-32.004
2021-06-26 13:00,-50.13,-47.93,-23.86,-28.956,-32.004
2021-06-26 14:00,-50.1,-48.15,-24.02,-29.2608,-32.3088
2021-06-26 15:00,-50.4,-48.18,-24.39,-29.5656,-32.3088
2021-06-26 16:00,-50.24,-48.33,-24.43,-29.5656,-32.3088
2021-06-26 17:00,-50.15,-48.2,-24.37,-29.8704,-32.6136
2021-06-26 18:00,-50.37,-48.14,-24.56,-29.8704,-32.6136
2021-06-26 19:00,-50.35,-48.28,-24.58,-29.8704,-32.6136
2021-06-26 20:00,-50.48,-48.26,-24.67,-29.8704,-32.6136
2021-06-26 21:00,-50.58,-48.34,-24.7,-29.8704,-32.6136
2021-06-26 22:00,-50.57,-48.32,-24.74,-29.8704,-32.6136
2021-06-26 23:00,-50.65,-48.43,-24.81,-29.8704,-32.6136
2021-06-27 00:00,-50.5,-48.53,-24.93,-29.8704,-32.9184
2021-06-27 01:00,-50.59,-48.47,-24.95,-29.8704,-32.9184
2021-06-27 02:00,-50.5,-48.47,-25.07,-29.8704,-32.9184
2021-06-27 03:00,-50.4,-48.5,-24.95,-30.1752,-32.9184
2021-06-27 04:00,-50.53,-48.4,-25.04,-30.1752,-32.9184
2021-06-27 05:00,-50.68,-48.46,-24.99,-30.1752,-32.9184
2021-06-27 06:00,-51.01,-48.64,-25.39,-30.1752,-32.9184
2021-06-27 07:00,-51.13,-48.89,-25.57,-30.1752,-32.9184
2021-06-27 08:00,-51.26,-49.05,-25.65,-30.1752,-33.2232
2021-06-27 09:00,-51.19,-49.05,-25.84,-30.1752,-33.2232
2021-06-27 10:00,-51.27,-49.11,-25.91,-30.48,-33.2232
2021-06-27 11:00,-51.4,-49.11,-26.37,-30.7848,-33.2232
2021-06-27 12:00,-51.55,-49.23,-26.77,-31.0896,-33.528
2021-06-27 13:00,-51.37,-49.51,-26.74,-31.0896,-33.528
2021-06-27 14:00,-51.54,-49.37,-27.16,-31.3944,-33.528
2021-06-27 15:00,-51.73,-49.64,-27.38,-31.3944,-33.8328
2021-06-27 16:00,-51.73,-49.77,-27.58,-31.6992,-33.8328
2021-06-27 17:00,-51.75,-49.75,-27.69,-31.6992,-33.8328
2021-06-27 18:00,-51.65,-49.76,-27.7,-31.6992,-34.1376
2021-06-27 19:00,-51.81,-49.63,-27.74,-31.6992,-34.1376
2021-06-27 20:00,-51.91,-49.67,-27.83,-31.6992,-34.1376
2021-06-27 21:00,-52.09,-49.7,-27.87,-31.6992,-34.1376
2021-06-27 22:00,-51.88,-49.75,-27.91,-31.6992,-34.1376
2021-06-27 23:00,-51.95,-49.57,-27.96,-32.004,-34.1376
2021-06-28 00:00,-51.89,-49.85,-28,-32.004,-34.1376
2021-06-28 01:00,-51.83,-49.79,-27.93,-32.004,-34.1376
2021-06-28 02:00,-51.94,-49.68,-27.91,-32.004,-34.1376
2021-06-28 03:00,-52.1,-49.72,-28.2,-32.004,-34.1376
2021-06-28 04:00,-52.3,-49.92,-28.27,-32.004,-34.4424
2021-06-28 05:00,-52.34,-50.08,-28.31,-32.004,-34.4424
2021-06-28 06:00,-52.56,-50.1,-28.59,-32.004,-34.4424
2021-06-28 07:00,-52.58,-50.25,-28.68,-32.004,-34.4424
2021-06-28 08:00,-52.55,-50.3,-28.79,-32.004,-34.4424
2021-06-28 09:00,-52.5,-50.28,-28.9,-32.3088,-34.4424
2021-06-28 10:00,-52.7,-50.33,-29.25,-32.3088,-34.7472
2021-06-28 11:00,-52.98,-50.61,-29.48,-32.6136,-34.7472
2021-06-28 12:00,-52.86,-50.75,-29.72,-32.9184,-34.7472
2021-06-28 13:00,-52.93,-50.71,-29.97,-32.9184,-35.052
2021-06-28 14:00,-53.13,-50.84,-30.27,-33.2232,-35.052
2021-06-28 15:00,-53.04,-51.02,-30.39,-33.2232,-35.052
2021-06-28 16:00,-53.21,-51.01,-30.69,-33.528,-35.3568
2021-06-28 17:00,-53.2,-51.29,-30.71,-33.8328,-35.3568
2021-06-28 18:00,-53.1,-51.17,-30.67,-33.8328,-35.3568
2021-06-28 19:00,-53.22,-50.96,-30.78,-33.8328,-35.3568
2021-06-28 20:00,-53.43,-51.03,-30.92,-33.8328,-35.3568
2021-06-28 21:00,-53.53,-51.18,-30.94,-33.8328,-35.6616
2021-06-28 22:00,-53.54,-51.14,-30.97,-33.8328,-35.6616
2021-06-28 23:00,-53.37,-51.19,-31.04,-33.8328,-35.6616
2021-06-29 00:00,-53.3,-51.18,-31.04,-33.8328,-35.6616
2021-06-29 01:00,-53.32,-51.06,-31.12,-33.8328,-35.6616
2021-06-29 02:00,-53.28,-51.16,-31.25,-33.8328,-35.6616
2021-06-29 03:00,-53.43,-51.19,-31.27,-33.8328,-35.6616
2021-06-29 04:00,-53.48,-51.3,-31.29,-33.8328,-35.6616
2021-06-29 05:00,-53.64,-51.25,-31.41,-33.8328,-35.6616
2021-06-29 06:00,-53.66,-51.32,-31.5,-33.8328,-35.6616
2021-06-29 07:00,-53.89,-51.42,-31.69,-33.8328,-35.9664
2021-06-29 08:00,-54.01,-51.56,-31.97,-33.8328,-35.9664
2021-06-29 09:00,-53.83,-51.72,-31.95,-34.1376,-35.9664
2021-06-29 10:00,-53.8,-51.69,-31.89,-34.1376,-35.9664
2021-06-29 11:00,-53.6,-51.57,-32.03,-34.4424,-35.9664
2021-06-29 12:00,-53.87,-51.53,-32.55,-34.4424,-36.2712
2021-06-29 13:00,-54.02,-51.92,-32.88,-34.7472,-36.2712
2021-06-29 14:00,-54.03,-52.06,-33.04,-35.052,-36.2712
2021-06-29 15:00,-54.1,-52.15,-33.2,-35.052,-36.2712
2021-06-29 16:00,-54.32,-52.19,-33.53,-35.3568,-36.576
2021-06-29 17:00,-54.28,-52.38,-33.58,-35.3568,-36.576
2021-06-29 18:00,-54.36,-52.45,-33.75,-35.6616,-36.576
2021-06-29 19:00,-54.31,-52.42,-33.64,-35.6616,-36.576
2021-06-29 20:00,-54.45,-52.32,-33.59,-35.6616,-36.576
2021-06-29 21:00,-54.75,-52.4,-33.79,-35.6616,-36.8808
2021-06-29 22:00,-54.86,-52.51,-33.9,-35.6616,-36.8808
2021-06-29 23:00,-54.65,-52.5,-33.88,-35.6616,-36.8808
2021-06-30 00:00,-54.5,-52.42,-33.86,-35.6616,-36.8808
2021-06-30 01:00,-54.43,-52.3,-33.96,-35.6616,-36.8808
2021-06-30 02:00,-54.42,-52.33,-34.11,-35.6616,-36.8808
2021-06-30 03:00,-54.4,-52.52,-34.12,-35.6616,-36.8808
2021-06-30 04:00,-54.56,-52.5,-34.15,-35.6616,-36.8808
2021-06-30 05:00,-54.69,-52.55,-34.31,-35.6616,-36.8808
2021-06-30 06:00,-54.86,-52.62,-34.48,-35.6616,-36.8808
2021-06-30 07:00,-54.83,-52.73,-34.44,-35.6616,-36.8808
2021-06-30 08:00,-54.94,-52.67,-34.7,-35.6616,-37.1856
2021-06-30 09:00,-54.86,-52.99,-34.78,-35.6616,-37.1856
2021-06-30 10:00,-55.04,-52.86,-34.97,-35.9664,-37.1856
2021-06-30 11:00,-55.03,-53.14,-35.19,-35.9664,-37.4904
2021-06-30 12:00,-55.04,-53.09,-35.26,-36.2712,-37.4904
2021-06-30 13:00,-55.18,-53.16,-35.63,-36.576,-37.4904
2021-06-30 14:00,-55.18,-53.39,-35.63,-36.576,-37.7952
2021-06-30 15:00,-55.15,-53.39,-35.76,-36.8808,-37.7952
2021-06-30 16:00,-55.23,-53.41,-35.87,-36.8808,-37.7952
2021-06-30 17:00,-55.36,-53.51,-35.98,-37.1856,-38.1
2021-06-30 18:00,-55.47,-53.62,-36.04,-37.1856,-38.1
2021-06-30 19:00,-55.68,-53.65,-36.04,-37.1856,-38.1
2021-06-30 20:00,-55.87,-53.66,-36.13,-37.1856,-38.1
2021-06-30 21:00,-55.87,-53.64,-36.2,-37.1856,-38.1
2021-06-30 22:00,-55.81,-53.58,-36.16,-37.1856,-38.1
2021-06-30 23:00,-55.78,-53.62,-36.35,-37.1856,-38.1
2021-07-01 00:00,-55.79,-53.7,-36.39,-37.1856,-38.4048
2021-07-01 01:00,-55.7,-53.73,-36.43,-37.1856,-38.4048
2021-07-01 02:00,-55.67,-53.71,-36.51,-37.1856,-38.4048
2021-07-01 03:00,-55.82,-53.77,-36.57,-37.1856,-38.4048
2021-07-01 04:00,-55.78,-53.84,-36.59,-37.1856,-38.4048
2021-07-01 05:00,-55.8,-53.85,-36.62,-37.1856,-38.4048
2021-07-01 06:00,-55.94,-53.86,-36.73,-37.1856,-38.4048
2021-07-01 07:00,-56.34,-53.94,-37.01,-37.1856,-38.4048
2021-07-01 08:00,-56.34,-54.21,-37.11,-37.1856,-38.4048
2021-07-01 09:00,-56.33,-54.2,-37.31,-37.4904,-38.7096
2021-07-01 10:00,-56.45,-54.3,-37.43,-37.4904,-38.7096
2021-07-01 11:00,-56.59,-54.49,-37.57,-37.7952,-38.7096
2021-07-01 12:00,-56.66,-54.55,-37.83,-38.1,-39.0144
2021-07-01 13:00,-56.59,-54.61,-37.99,-38.1,-39.0144
2021-07-01 14:00,-56.48,-54.64,-38,-38.4048,-39.0144
2021-07-01 15:00,-56.56,-54.73,-38.3,-38.4048,-39.3192
2021-07-01 16:00,-56.69,-54.87,-38.35,-38.7096,-39.3192
2021-07-01 17:00,-57.04,-54.98,-38.41,-39.0144,-39.3192
2021-07-01 18:00,-57.24,-55.12,-38.33,-39.0144,-39.3192
2021-07-01 19:00,-57.18,-55.08,-38.42,-39.0144,-39.624
2021-07-01 20:00,-57.3,-54.93,-38.66,-39.0144,-39.624
2021-07-01 21:00,-57.31,-55.1,-38.53,-39.0144,-39.624
2021-07-01 22:00,-57.2,-55.18,-38.46,-39.0144,-39.624
2021-07-01 23:00,-57.32,-54.85,-38.61,-39.0144,-39.624
2021-07-02 00:00,-57.15,-55.31,-38.75,-39.0144,-39.624
2021-07-02 01:00,-57.23,-55.07,-38.7,-39.0144,-39.624
2021-07-02 02:00,-57.19,-55.16,-38.9,-39.0144,-39.624
2021-07-02 03:00,-57.19,-55.19,-38.77,-39.0144,-39.9288
2021-07-02 04:00,-57.09,-55.17,-38.95,-39.0144,-39.9288
2021-07-02 05:00,-57.47,-55.13,-39.06,-39.0144,-39.9288
2021-07-02 06:00,-57.38,-55.43,-39.04,-39.0144,-39.9288
2021-07-02 07:00,-57.5,-55.26,-39.17,-39.0144,-39.9288
2021-07-02 08:00,-57.53,-55.67,-39.29,-39.0144,-39.9288
2021-07-02 09:00,-57.48,-55.65,-39.49,-39.3192,-39.9288
2021-07-02 10:00,-57.88,-55.66,-39.26,-39.3192,-39.9288
2021-07-02 11:00,-57.74,-56.13,-39.02,-39.0144,-40.2336
2021-07-02 12:00,-57.62,-55.56,-39.19,-39.0144,-40.2336
2021-07-02 13:00,-57.65,-55.32,-39.33,-38.7096,-40.2336
2021-07-02 14:00,-57.35,-55.61,-39.36,-38.7096,-40.2336
2021-07-02 15:00,-57.49,-55.54,-39.3,-39.0144,-40.2336
2021-07-02 16:00,-57.71,-55.44,-39.71,-38.7096,-40.2336
2021-07-02 17:00,-57.78,-55.85,-39.64,-39.0144,-40.2336
2021-07-02 18:00,-57.54,-55.95,-39.33,-39.0144,-40.2336
2021-07-02 19:00,-57.81,-55.2,-39.6,-39.0144,-40.2336
2021-07-02 20:00,-57.74,-55.68,-39.56,-39.0144,-40.2336
2021-07-02 21:00,-58.23,-55.56,-39.51,-39.0144,-40.2336
2021-07-02 22:00,-58.01,-55.96,-39.81,-39.0144,-40.2336
2021-07-02 23:00,-57.97,-55.69,-39.63,-39.0144,-40.5384
2021-07-03 00:00,-57.74,-55.84,-39.74,-39.0144,-40.5384
2021-07-03 01:00,-57.8,-55.66,-39.63,-39.0144,-40.5384
2021-07-03 02:00,-57.7,-55.76,-39.61,-39.0144,-40.5384
2021-07-03 03:00,-57.69,-55.66,-39.76,-39.0144,-40.5384
2021-07-03 04:00,-57.71,-55.48,-39.68,-39.0144,-40.5384
2021-07-03 05:00,-57.97,-55.65,-39.76,-39.0144,-40.5384
2021-07-03 06:00,-58.07,-55.77,-39.83,-39.0144,-40.5384
2021-07-03 07:00,-58.41,-55.83,-39.98,-39.0144,-40.5384
2021-07-03 08:00,-58.51,-56.07,-40.23,-39.0144,-40.5384
2021-07-03 09:00,-58.44,-56.16,-40.27,-39.3192,-40.5384
2021-07-03 10:00,-58.71,-56.19,-40.47,-39.3192,-40.8432
2021-07-03 11:00,-58.82,-56.37,-40.64,-39.624,-40.8432
2021-07-03 12:00,-58.59,-56.47,-40.69,-39.624,-40.8432
2021-07-03 13:00,-58.7,-56.32,-40.87,-39.9288,-41.148
2021-07-03 14:00,-58.91,-56.59,-40.98,-39.9288,-41.148
2021-07-03 15:00,-58.76,-56.68,-40.78,-40.2336,-41.148
2021-07-03 16:00,-59.22,-56.43,-41.2,-40.2336,-41.4528
2021-07-03 17:00,-59.31,-56.84,-41.28,-40.5384,-41.4528
2021-07-03 18:00,-59.5,-56.94,-41.24,-40.5384,-41.4528
2021-07-03 19:00,-59.55,-56.92,-41.35,-40.5384,-41.4528
2021-07-03 20:00,-59.52,-57.02,-41.34,-40.5384,-41.4528
2021-07-03 21:00,-59.53,-56.99,-41.34,-40.5384,-41.4528
2021-07-03 22:00,-59.4,-56.99,-41.44,-40.5384,-41.4528
2021-07-03 23:00,-59.4,-56.99,-41.47,-40.5384,-41.7576
2021-07-04 00:00,-59.38,-57.02,-41.54,-40.5384,-41.7576
2021-07-04 01:00,-59.39,-56.97,-41.69,-40.5384,-41.7576
2021-07-04 02:00,-59.33,-57.19,-41.72,-40.5384,-41.7576
2021-07-04 03:00,-59.43,-57.16,-41.74,-40.5384,-41.7576
2021-07-04 04:00,-59.62,-57.13,-41.83,-40.5384,-41.7576
2021-07-04 05:00,-59.64,-57.33,-41.87,-40.5384,-41.7576
2021-07-04 06:00,-59.71,-57.22,-41.88,-40.5384,-41.7576
2021-07-04 07:00,-60.05,-57.21,-42.12,-40.5384,-41.7576
2021-07-04 08:00,-60.1,-57.53,-42.21,-40.5384,-41.7576
2021-07-04 09:00,-60.17,-57.59,-42.35,-40.8432,-42.0624
2021-07-04 10:00,-60.15,-57.65,-42.45,-40.8432,-42.0624
2021-07-04 11:00,-60.18,-57.7,-42.66,-41.148,-42.0624
2021-07-04 12:00,-60.05,-57.76,-42.55,-41.148,-42.3672
2021-07-04 13:00,-60.17,-57.72,-42.78,-41.4528,-42.3672
2021-07-04 14:00,-60.22,-57.86,-42.94,-41.4528,-42.3672
2021-07-04 15:00,-60.27,-57.91,-42.8,-41.4528,-42.672
2021-07-04 16:00,-60.62,-57.85,-43.14,-41.7576,-42.672
2021-07-04 17:00,-60.79,-58.19,-43.2,-41.7576,-42.672
2021-07-04 18:00,-60.91,-58.34,-43.2,-42.0624,-42.672
2021-07-04 19:00,-60.98,-58.3,-43.3,-42.0624,-42.672
2021-07-04 20:00,-60.99,-58.47,-43.29,-42.0624,-42.9768
2021-07-04 21:00,-60.96,-58.37,-43.24,-42.0624,-42.9768
2021-07-04 22:00,-61,-58.35,-43.4,-42.0624,-42.9768
2021-07-04 23:00,-61.02,-58.43,-43.32,-42.0624,-42.9768
2021-07-05 00:00,-60.86,-58.43,-43.41,-42.0624,-42.9768
2021-07-05 01:00,-60.76,-58.34,-43.4,-42.0624,-42.9768
2021-07-05 02:00,-60.8,-58.38,-43.49,-42.0624,-42.9768
2021-07-05 03:00,-60.84,-58.42,-43.55,-42.0624,-42.9768
2021-07-05 04:00,-61.02,-58.39,-43.52,-42.0624,-42.9768
2021-07-05 05:00,-61.22,-58.57,-43.67,-42.0624,-42.9768
2021-07-05 06:00,-61.33,-58.63,-43.69,-42.0624,-43.2816
2021-07-05 07:00,-61.52,-58.74,-43.97,-42.0624,-43.2816
2021-07-05 08:00,-61.52,-58.98,-44.09,-42.0624,-43.2816
2021-07-05 09:00,-61.57,-58.97,-44.26,-42.0624,-43.2816
2021-07-05 10:00,-61.59,-59.05,-44.33,-42.3672,-43.2816
2021-07-05 11:00,-61.49,-59,-44.34,-42.3672,-43.5864
2021-07-05 12:00,-61.59,-58.94,-44.5,-42.672,-43.5864
2021-07-05 13:00,-61.76,-59.22,-44.89,-42.672,-43.5864
2021-07-05 14:00,-61.81,-59.41,-44.85,-42.9768,-43.8912
2021-07-05 15:00,-61.96,-59.4,-45.01,-42.9768,-43.8912
2021-07-05 16:00,-61.97,-59.54,-45.01,-43.2816,-43.8912
2021-07-05 17:00,-62.22,-59.5,-45.27,-43.2816,-44.196
2021-07-05 18:00,-62.2,-59.82,-45.08,-43.2816,-44.196
2021-07-05 19:00,-62.28,-59.7,-45.18,-43.5864,-44.196
2021-07-05 20:00,-62.38,-59.7,-45.13,-43.5864,-44.196
2021-07-05 21:00,-62.41,-59.7,-45.11,-43.5864,-44.196
2021-07-05 22:00,-62.33,-59.69,-45.18,-43.5864,-44.196
2021-07-05 23:00,-62.24,-59.64,-45.23,-43.5864,-44.196
2021-07-06 00:00,-62.29,-59.68,-45.24,-43.5864,-44.5008
2021-07-06 01:00,-62.21,-59.73,-45.27,-43.5864,-44.5008
2021-07-06 02:00,-62.29,-59.73,-45.34,-43.5864,-44.5008
2021-07-06 03:00,-62.26,-59.84,-45.33,-43.5864,-44.5008
2021-07-06 04:00,-62.26,-59.79,-45.38,-43.5864,-44.5008
2021-07-06 05:00,-62.45,-59.83,-45.55,-43.5864,-44.5008
2021-07-06 06:00,-62.77,-59.98,-45.73,-43.5864,-44.5008
2021-07-06 07:00,-63,-60.19,-45.94,-43.5864,-44.5008
2021-07-06 08:00,-62.98,-60.36,-45.99,-43.5864,-44.5008
2021-07-06 09:00,-62.92,-60.37,-46.11,-43.5864,-44.8056
2021-07-06 10:00,-63.02,-60.43,-46.26,-43.8912,-44.8056
2021-07-06 11:00,-63.08,-60.38,-46.41,-43.8912,-44.8056
2021-07-06 12:00,-63.07,-60.56,-46.47,-43.8912,-45.1104
2021-07-06 13:00,-63.23,-60.55,-46.68,-44.196,-45.1104
2021-07-06 14:00,-63.27,-60.73,-46.77,-44.196,-45.1104
2021-07-06 15:00,-63.36,-60.77,-46.95,-44.5008,-45.4152
2021-07-06 16:00,-63.27,-60.9,-46.97,-44.5008,-45.4152
2021-07-06 17:00,-63.28,-60.9,-47,-44.8056,-45.4152
2021-07-06 18:00,-63.59,-60.98,-46.98,-44.8056,-45.4152
2021-07-06 19:00,-63.66,-61.11,-46.96,-44.8056,-45.72
2021-07-06 20:00,-63.82,-60.97,-46.98,-44.8056,-45.72
2021-07-06 21:00,-64.03,-61.05,-47.16,-44.8056,-45.72
2021-07-06 22:00,-64.02,-61.2,-47.07,-44.8056,-45.72
2021-07-06 23:00,-63.82,-61.13,-47.08,-44.8056,-45.72
2021-07-07 00:00,-63.83,-61.02,-47.23,-44.8056,-45.72
2021-07-07 01:00,-63.65,-61.22,-47.07,-44.8056,-45.72
2021-07-07 02:00,-63.8,-61.1,-47.22,-44.8056,-45.72
2021-07-07 03:00,-63.88,-61.2,-47.27,-44.8056,-45.72
2021-07-07 04:00,-63.89,-61.39,-47.24,-44.8056,-45.72
2021-07-07 05:00,-64.04,-61.35,-47.44,-44.8056,-46.0248
2021-07-07 06:00,-64.16,-61.44,-47.49,-44.8056,-46.0248
2021-07-07 07:00,-64.34,-61.6,-47.71,-44.8056,-46.0248
2021-07-07 08:00,-64.38,-61.68,-47.81,-44.8056,-46.0248
2021-07-07 09:00,-64.57,-61.74,-48.03,-45.1104,-46.0248
2021-07-07 10:00,-64.45,-61.97,-47.9,-45.1104,-46.0248
2021-07-07 11:00,-64.57,-61.86,-48.17,-45.1104,-46.3296
2021-07-07 12:00,-64.66,-61.89,-48.27,-45.4152,-46.3296
2021-07-07 13:00,-64.63,-61.94,-48.48,-45.4152,-46.3296
2021-07-07 14:00,-64.47,-62.09,-48.46,-45.4152,-46.6344
2021-07-07 15:00,-64.5,-62.02,-48.53,-45.72,-46.6344
2021-07-07 16:00,-64.48,-61.97,-48.49,-45.72,-46.6344
2021-07-07 17:00,-64.93,-61.82,-48.77,-45.72,-46.6344
2021-07-07 18:00,-64.93,-62.4,-48.56,-46.0248,-46.9392
2021-07-07 19:00,-64.96,-62.35,-48.7,-46.0248,-46.9392
2021-07-07 20:00,-65.24,-62.36,-48.78,-46.0248,-46.9392
2021-07-07 21:00,-65.21,-62.59,-48.75,-46.0248,-46.9392
2021-07-07 22:00,-65.14,-62.46,-48.8,-46.0248,-46.9392
2021-07-07 23:00,-65.22,-62.46,-48.95,-46.0248,-46.9392
2021-07-08 00:00,-65.18,-62.54,-48.97,-46.0248,-46.9392
2021-07-08 01:00,-65.16,-62.68,-49.03,-46.0248,-47.244
2021-07-08 02:00,-65.12,-62.66,-48.96,-46.0248,-47.244
2021-07-08 03:00,-65.05,-62.69,-49.01,-46.0248,-47.244
2021-07-08 04:00,-65.1,-62.6,-49.12,-46.0248,-47.244
2021-07-08 05:00,-65.09,-62.66,-49.04,-46.0248,-47.244
2021-07-08 06:00,-65.38,-62.72,-49.27,-46.0248,-47.244
2021-07-08 07:00,-65.48,-62.92,-49.29,-46.0248,-47.244
2021-07-08 08:00,-65.58,-62.92,-49.31,-46.0248,-47.244
2021-07-08 09:00,-65.53,-62.89,-49.3,-46.0248,-47.244
2021-07-08 10:00,-65.54,-63.01,-49.45,-45.4152,-47.244
2021-07-08 11:00,-65.26,-62.98,-49.03,-44.8056,-47.244
2021-07-08 12:00,-65.01,-62.8,-49.08,-44.5008,-47.244
2021-07-08 13:00,-65.09,-62.74,-49.28,-44.196,-47.244
2021-07-08 14:00,-65.09,-63.05,-49.17,-43.5864,-47.244
2021-07-08 15:00,-64.72,-63.09,-49.33,-43.2816,-47.244
2021-07-08 16:00,-64.42,-62.94,-49.12,-42.672,-46.9392
2021-07-08 17:00,-64.88,-62.64,-49.27,-42.0624,-46.9392
2021-07-08 18:00,-64.67,-63.49,-49.08,-41.4528,-44.5008
2021-07-08 19:00,-65.18,-63.03,-46.89,-40.5384,-43.8912
2021-07-08 20:00,-64.3,-63.11,-45.71,-39.0144,-43.5864
2021-07-08 21:00,-63.8,-63.41,-44.78,-38.4048,-43.2816
2021-07-08 22:00,-63.72,-62.51,-44.68,-38.4048,-43.2816
2021-07-08 23:00,-63.38,-62.04,-44.3,-38.4048,-43.2816
2021-07-09 00:00,-63.05,-61.47,-43.86,-38.4048,-43.2816
2021-07-09 01:00,-62.83,-60.97,-43.7,-38.4048,-43.2816
2021-07-09 02:00,-62.59,-60.61,-43.47,-38.4048,-43.2816
2021-07-09 03:00,-62.41,-60.37,-43.45,-38.4048,-43.2816
2021-07-09 04:00,-62.66,-60.31,-43.46,-38.4048,-43.2816
2021-07-09 05:00,-62.7,-60.33,-43.5,-38.4048,-43.2816
2021-07-09 06:00,-62.82,-60.26,-43.52,-38.4048,-43.2816
2021-07-09 07:00,-62.64,-60.29,-43.35,-38.4048,-43.2816
2021-07-09 08:00,-62.97,-60.15,-43.69,-38.7096,-43.2816
2021-07-09 09:00,-62.8,-60.38,-43.6,-38.7096,-43.5864
2021-07-09 10:00,-62.81,-60.2,-43.68,-39.0144,-43.5864
2021-07-09 11:00,-62.92,-60.25,-44.01,-39.0144,-43.5864
2021-07-09 12:00,-62.91,-60.35,-44.04,-39.3192,-43.8912
2021-07-09 13:00,-63.08,-60.39,-44.36,-39.624,-43.8912
2021-07-09 14:00,-62.84,-60.63,-44.38,-39.9288,-44.196
2021-07-09 15:00,-62.73,-60.47,-44.49,-39.9288,-44.196
2021-07-09 16:00,-62.97,-60.44,-44.45,-40.2336,-44.196
2021-07-09 17:00,-63.31,-60.52,-44.69,-40.5384,-44.5008
2021-07-09 18:00,-62.91,-60.76,-43.67,-40.5384,-44.196
2021-07-09 19:00,-64.28,-60.46,-43.71,-38.1,-43.8912
2021-07-09 20:00,-63.97,-61.34,-42.43,-36.8808,-43.8912
2021-07-09 21:00,-63.74,-61.24,-41.8,-36.576,-43.5864
2021-07-09 22:00,-63.41,-60.87,-41.63,-36.576,-43.5864
2021-07-09 23:00,-63.15,-60.58,-41.42,-36.576,-43.5864
2021-07-10 00:00,-63.36,-60.55,-41.39,-36.576,-43.5864
2021-07-10 01:00,-63.25,-60.69,-41.11,-36.576,-43.5864
2021-07-10 02:00,-63.14,-60.56,-41.01,-36.576,-43.5864
2021-07-10 03:00,-63.14,-60.31,-40.89,-36.576,-43.5864
2021-07-10 04:00,-63.16,-60.36,-40.82,-36.576,-43.5864
2021-07-10 05:00,-63.35,-60.31,-40.85,-36.576,-43.5864
2021-07-10 06:00,-63.21,-60.42,-40.61,-36.576,-43.5864
2021-07-10 07:00,-63.46,-60.35,-40.9,-36.576,-43.8912
2021-07-10 08:00,-63.67,-60.54,-41.01,-36.8808,-43.8912
2021-07-10 09:00,-63.54,-60.7,-41.08,-36.8808,-43.8912
2021-07-10 10:00,-63.61,-60.49,-41.09,-36.8808,-43.8912
2021-07-10 11:00,-63.48,-60.63,-41.17,-37.1856,-44.196
2021-07-10 12:00,-63.5,-60.5,-41.37,-37.4904,-44.196
2021-07-10 13:00,-63.58,-60.63,-41.58,-37.7952,-44.196
2021-07-10 14:00,-63.33,-60.82,-41.52,-37.7952,-44.5008
2021-07-10 15:00,-63.52,-60.56,-41.85,-38.1,-44.5008
2021-07-10 16:00,-63.47,-61,-41.91,-38.4048,-44.5008
2021-07-10 17:00,-63.25,-60.78,-41.67,-38.4048,-44.5008
2021-07-10 18:00,-63.55,-60.76,-41.79,-38.4048,-44.8056
2021-07-10 19:00,-63.82,-60.9,-41.85,-38.7096,-44.8056
2021-07-10 20:00,-64.03,-60.93,-41.91,-38.7096,-44.8056
2021-07-10 21:00,-64.07,-61,-41.98,-38.7096,-44.8056
2021-07-10 22:00,-64.07,-60.96,-42.07,-38.7096,-44.8056
2021-07-10 23:00,-64.1,-61.07,-41.93,-38.7096,-44.8056
2021-07-11 00:00,-64.03,-61.02,-42.03,-38.7096,-44.8056
2021-07-11 01:00,-63.99,-61.07,-42.15,-38.7096,-44.8056
2021-07-11 02:00,-63.99,-61.04,-42.09,-38.7096,-44.8056
2021-07-11 03:00,-64.12,-60.97,-42.17,-38.7096,-45.1104
2021-07-11 04:00,-64.3,-61.14,-42.27,-38.7096,-45.1104
2021-07-11 05:00,-64.24,-61.13,-42.18,-38.7096,-45.1104
2021-07-11 06:00,-64.36,-61.04,-42.44,-39.0144,-45.1104
2021-07-11 07:00,-64.55,-61.23,-42.55,-39.0144,-45.1104
2021-07-11 08:00,-64.77,-61.42,-42.66,-39.0144,-45.1104
2021-07-11 09:00,-64.93,-61.53,-42.9,-39.0144,-45.1104
2021-07-11 10:00,-64.75,-61.72,-42.91,-39.0144,-45.4152
2021-07-11 11:00,-64.74,-61.59,-42.96,-39.3192,-45.4152
2021-07-11 12:00,-64.66,-61.56,-43.25,-39.624,-45.4152
2021-07-11 13:00,-64.48,-61.71,-43.2,-39.624,-45.4152
2021-07-11 14:00,-64.85,-61.39,-43.51,-39.9288,-45.72
2021-07-11 15:00,-64.71,-61.9,-43.61,-39.9288,-45.72
2021-07-11 16:00,-64.98,-61.62,-43.81,-40.2336,-45.72
2021-07-11 17:00,-65.16,-61.96,-44.05,-40.5384,-45.72
2021-07-11 18:00,-64.97,-62.18,-43.78,-40.5384,-46.0248
2021-07-11 19:00,-64.96,-61.98,-43.82,-40.5384,-46.0248
2021-07-11 20:00,-65.4,-61.87,-44.06,-40.5384,-46.0248
2021-07-11 21:00,-65.32,-62.25,-43.87,-40.5384,-46.0248
2021-07-11 22:00,-65.49,-62.06,-43.94,-40.5384,-46.0248
2021-07-11 23:00,-65.52,-62.2,-43.93,-40.5384,-46.0248
2021-07-12 00:00,-65.52,-62.06,-44.09,-40.8432,-46.0248
2021-07-12 01:00,-65.55,-62.21,-44.05,-40.8432,-46.0248
2021-07-12 02:00,-65.47,-62.2,-44.15,-40.8432,-46.3296
2021-07-12 03:00,-65.62,-62.27,-44.21,-40.8432,-46.3296
2021-07-12 04:00,-65.67,-62.36,-44.23,-40.8432,-46.3296
2021-07-12 05:00,-65.78,-62.38,-44.27,-40.8432,-46.3296
2021-07-12 06:00,-65.87,-62.39,-44.35,-40.8432,-46.3296
2021-07-12 07:00,-66.08,-62.41,-44.58,-40.8432,-46.3296
2021-07-12 08:00,-66.07,-62.68,-44.61,-40.8432,-46.3296
2021-07-12 09:00,-66.17,-62.6,-44.83,-41.148,-46.3296
2021-07-12 10:00,-66.24,-62.79,-45.02,-41.148,-46.6344
2021-07-12 11:00,-66.24,-62.79,-45.15,-41.148,-46.6344
2021-07-12 12:00,-66.33,-62.94,-45.4,-41.4528,-46.6344
2021-07-12 13:00,-66.16,-63.03,-45.4,-41.7576,-46.9392
2021-07-12 14:00,-66.25,-62.97,-45.62,-41.7576,-46.9392
2021-07-12 15:00,-66.23,-63.16,-45.65,-42.0624,-46.9392
2021-07-12 16:00,-66.29,-62.95,-45.75,-42.0624,-46.9392
2021-07-12 17:00,-66.23,-63.18,-45.9,-42.3672,-47.244
2021-07-12 18:00,-66.4,-63.21,-46.1,-42.3672,-47.244
2021-07-12 19:00,-66.43,-63.34,-45.87,-42.3672,-47.244
2021-07-12 20:00,-66.52,-63.3,-45.91,-42.3672,-47.244
2021-07-12 21:00,-66.67,-63.32,-45.96,-42.672,-47.244
2021-07-12 22:00,-66.69,-63.42,-46.03,-42.672,-47.244
2021-07-12 23:00,-66.85,-63.37,-46.14,-42.672,-47.244
2021-07-13 00:00,-66.79,-63.5,-46.14,-42.672,-47.244
2021-07-13 01:00,-66.67,-63.47,-46.21,-42.672,-47.244
2021-07-13 02:00,-66.77,-63.34,-46.17,-42.672,-47.5488
2021-07-13 03:00,-66.82,-63.48,-46.18,-42.672,-47.5488
2021-07-13 04:00,-66.73,-63.62,-46.16,-42.672,-47.5488
2021-07-13 05:00,-67.07,-63.51,-46.39,-42.672,-47.5488
2021-07-13 06:00,-67.08,-63.72,-46.45,-42.672,-47.5488
2021-07-13 07:00,-67.42,-63.67,-46.74,-42.672,-47.5488
2021-07-13 08:00,-67.39,-63.96,-46.87,-42.672,-47.5488
2021-07-13 09:00,-67.28,-63.99,-46.9,-42.672,-47.5488
2021-07-13 10:00,-67.49,-63.82,-47.18,-42.9768,-47.8536
2021-07-13 11:00,-67.43,-64.1,-47.21,-42.9768,-47.8536
2021-07-13 12:00,-67.64,-64.08,-47.37,-43.2816,-47.8536
2021-07-13 13:00,-67.45,-64.17,-47.57,-43.2816,-47.8536
2021-07-13 14:00,-67.33,-64.23,-47.63,-43.5864,-48.1584
2021-07-13 15:00,-67.13,-64.2,-47.66,-43.5864,-48.1584
2021-07-13 16:00,-67.14,-64.15,-47.69,-43.8912,-48.1584
2021-07-13 17:00,-67.24,-64.15,-47.79,-43.8912,-48.1584
2021-07-13 18:00,-67.46,-64.31,-47.93,-43.8912,-48.4632
2021-07-13 19:00,-67.57,-64.39,-47.99,-44.196,-48.4632
2021-07-13 20:00,-67.64,-64.45,-48.02,-44.196,-48.4632
2021-07-13 21:00,-67.93,-64.41,-48.02,-44.196,-48.4632
2021-07-13 22:00,-67.9,-64.55,-48.08,-44.196,-48.4632
2021-07-13 23:00,-67.94,-64.66,-48.15,-44.196,-48.4632
2021-07-14 00:00,-68.07,-64.59,-48.25,-44.196,-48.4632
2021-07-14 01:00,-67.99,-64.76,-48.25,-44.196,-48.4632
2021-07-14 02:00,-67.94,-64.69,-48.32,-44.196,-48.4632
2021-07-14 03:00,-68.08,-64.72,-48.33,-44.196,-48.768
2021-07-14 04:00,-68.02,-64.88,-48.32,-44.196,-48.768
2021-07-14 05:00,-68.17,-64.74,-48.5,-44.196,-48.768
2021-07-14 06:00,-68.29,-64.83,-48.49,-44.196,-48.768
2021-07-14 07:00,-68.37,-64.89,-48.68,-44.196,-48.768
2021-07-14 08:00,-68.45,-64.91,-48.87,-44.196,-48.768
2021-07-14 09:00,-68.38,-65.11,-48.9,-44.5008,-48.768
2021-07-14 10:00,-68.5,-65.17,-49.15,-44.5008,-49.0728
2021-07-14 11:00,-68.55,-65.27,,-44.8056,-49.0728
2021-07-14 12:00,-68.64,-65.35,,-44.8056,-49.0728
,,,,,
,-58.92993384,-55.91617709,-34.49699725,-34.27677149,-41.26361444
,,,,,
,-24.65316234,-21.6394056,,,
,-17.6663194,-14.65256265,,,
