Longitude,Latitude,time,wtd,unit
-76.49165278,35.64075833,5/17/26,1.4,ft
-76.49165278,35.64075833,5/16/26,1.38,ft
-76.49165278,35.64075833,5/15/26,1.35,ft
-76.49165278,35.64075833,5/14/26,1.32,ft
-76.49165278,35.64075833,5/13/26,1.3,ft
-76.49165278,35.64075833,5/12/26,1.27,ft
-76.49165278,35.64075833,5/11/26,1.25,ft
-76.49165278,35.64075833,5/10/26,1.22,ft
-76.49165278,35.64075833,5/9/26,1.2,ft
-76.49165278,35.64075833,5/8/26,1.18,ft
-76.49165278,35.64075833,5/7/26,1.27,ft
-76.49165278,35.64075833,5/6/26,1.32,ft
-76.49165278,35.64075833,5/5/26,1.29,ft
-76.49165278,35.64075833,5/4/26,1.26,ft
-76.49165278,35.64075833,5/3/26,1.24,ft
-76.49165278,35.64075833,5/2/26,1.29,ft
-76.49165278,35.64075833,5/1/26,1.35,ft
-76.49165278,35.64075833,4/30/26,1.34,ft
-76.49165278,35.64075833,4/29/26,1.34,ft
-76.49165278,35.64075833,4/28/26,1.32,ft
-76.49165278,35.64075833,4/27/26,1.3,ft
-76.49165278,35.64075833,4/26/26,1.32,ft
-76.49165278,35.64075833,4/25/26,1.33,ft
-76.49165278,35.64075833,4/24/26,1.31,ft
-76.49165278,35.64075833,4/23/26,1.28,ft
-76.49165278,35.64075833,4/22/26,1.26,ft
-76.49165278,35.64075833,4/21/26,1.24,ft
-76.49165278,35.64075833,4/20/26,1.22,ft
-76.49165278,35.64075833,4/19/26,1.21,ft
-76.49165278,35.64075833,4/18/26,1.19,ft
-76.49165278,35.64075833,4/17/26,1.17,ft
-76.49165278,35.64075833,4/16/26,1.14,ft
-76.49165278,35.64075833,4/15/26,1.12,ft
-76.49165278,35.64075833,4/14/26,1.1,ft
-76.49165278,35.64075833,4/13/26,1.08,ft
-76.49165278,35.64075833,4/12/26,1.06,ft
-76.49165278,35.64075833,4/11/26,1.05,ft
-76.49165278,35.64075833,4/10/26,1.03,ft
-76.49165278,35.64075833,4/9/26,1.02,ft
-76.49165278,35.64075833,4/8/26,1,ft
-76.49165278,35.64075833,4/7/26,0.99,ft
-76.49165278,35.64075833,4/6/26,0.98,ft
-76.49165278,35.64075833,4/5/26,1.17,ft
-76.49165278,35.64075833,4/4/26,1.17,ft
-76.49165278,35.64075833,4/3/26,1.16,ft
-76.49165278,35.64075833,4/2/26,1.15,ft
-76.49165278,35.64075833,4/1/26,1.14,ft
-76.49165278,35.64075833,3/31/26,1.13,ft
-76.49165278,35.64075833,3/30/26,1.12,ft
-76.49165278,35.64075833,3/29/26,1.11,ft
-76.49165278,35.64075833,3/28/26,1.11,ft
-76.49165278,35.64075833,3/27/26,1.14,ft
-76.49165278,35.64075833,3/26/26,1.14,ft
-76.49165278,35.64075833,3/25/26,1.14,ft
-76.49165278,35.64075833,3/24/26,1.14,ft
-76.49165278,35.64075833,3/23/26,1.13,ft
-76.49165278,35.64075833,3/22/26,1.12,ft
-76.49165278,35.64075833,3/21/26,1.11,ft
-76.49165278,35.64075833,3/20/26,1.1,ft
-76.49165278,35.64075833,3/19/26,1.09,ft
-76.49165278,35.64075833,3/18/26,1.09,ft
-76.49165278,35.64075833,3/17/26,1.07,ft
-76.49165278,35.64075833,3/16/26,1.11,ft
-76.49165278,35.64075833,3/15/26,1.12,ft
-76.49165278,35.64075833,3/14/26,1.09,ft
-76.49165278,35.64075833,3/13/26,1.07,ft
-76.49165278,35.64075833,3/12/26,1.1,ft
-76.49165278,35.64075833,3/11/26,1.1,ft
-76.49165278,35.64075833,3/10/26,1.07,ft
-76.49165278,35.64075833,3/9/26,1.05,ft
-76.49165278,35.64075833,3/8/26,1.03,ft
-76.49165278,35.64075833,3/7/26,0.99,ft
-76.49165278,35.64075833,3/6/26,0.95,ft
-76.49165278,35.64075833,3/5/26,0.89,ft
-76.49165278,35.64075833,3/4/26,0.84,ft
-76.49165278,35.64075833,3/3/26,0.82,ft
-76.49165278,35.64075833,3/2/26,0.8,ft
-76.49165278,35.64075833,3/1/26,0.78,ft
-76.49165278,35.64075833,2/28/26,0.75,ft
-76.49165278,35.64075833,2/27/26,0.75,ft
-76.49165278,35.64075833,2/26/26,0.82,ft
-76.49165278,35.64075833,2/25/26,0.86,ft
-76.49165278,35.64075833,2/24/26,0.84,ft
-76.49165278,35.64075833,2/23/26,0.81,ft
-76.49165278,35.64075833,2/22/26,0.83,ft
-76.49165278,35.64075833,2/21/26,0.87,ft
-76.49165278,35.64075833,2/20/26,0.89,ft
-76.49165278,35.64075833,2/19/26,0.89,ft
-76.49165278,35.64075833,2/18/26,0.88,ft
-76.49165278,35.64075833,2/17/26,0.86,ft
-76.49165278,35.64075833,2/16/26,0.84,ft
-76.49165278,35.64075833,2/15/26,0.9,ft
-76.49165278,35.64075833,2/14/26,0.89,ft
-76.49165278,35.64075833,2/13/26,0.88,ft
-76.49165278,35.64075833,2/12/26,0.86,ft
-76.49165278,35.64075833,2/11/26,0.84,ft
-76.49165278,35.64075833,2/10/26,0.85,ft
-76.49165278,35.64075833,2/9/26,0.85,ft
-76.49165278,35.64075833,2/8/26,0.82,ft
-76.49165278,35.64075833,2/7/26,0.8,ft
-76.49165278,35.64075833,2/6/26,0.81,ft
-76.49165278,35.64075833,2/5/26,0.83,ft
-76.49165278,35.64075833,2/4/26,0.98,ft
-76.49165278,35.64075833,2/3/26,1.04,ft
-76.49165278,35.64075833,2/2/26,1.06,ft
-76.49165278,35.64075833,2/1/26,1.06,ft
-76.49165278,35.64075833,1/31/26,1.07,ft
-76.49165278,35.64075833,1/30/26,1.06,ft
-76.49165278,35.64075833,1/29/26,1.03,ft
-76.49165278,35.64075833,1/28/26,1.01,ft
-76.49165278,35.64075833,1/27/26,0.99,ft
-76.49165278,35.64075833,1/26/26,0.98,ft
-76.49165278,35.64075833,1/25/26,1.1,ft
-76.49165278,35.64075833,1/24/26,1.11,ft
-76.49165278,35.64075833,1/23/26,1.09,ft
-76.49165278,35.64075833,1/22/26,1.07,ft
-76.49165278,35.64075833,1/21/26,1.05,ft
-76.49165278,35.64075833,1/20/26,1.02,ft
-76.49165278,35.64075833,1/19/26,0.99,ft
-76.49165278,35.64075833,1/18/26,1.09,ft
-76.49165278,35.64075833,1/17/26,1.15,ft
-76.49165278,35.64075833,1/16/26,1.13,ft
-76.49165278,35.64075833,1/15/26,1.1,ft
-76.49165278,35.64075833,1/14/26,1.08,ft
-76.49165278,35.64075833,1/13/26,1.06,ft
-76.49165278,35.64075833,1/12/26,1.03,ft
-76.49165278,35.64075833,1/11/26,1.02,ft
-76.49165278,35.64075833,1/10/26,1.01,ft
-76.49165278,35.64075833,1/9/26,0.98,ft
-76.49165278,35.64075833,1/8/26,0.93,ft
-76.49165278,35.64075833,1/7/26,0.88,ft
-76.49165278,35.64075833,1/6/26,0.87,ft
-76.49165278,35.64075833,1/5/26,0.86,ft
-76.49165278,35.64075833,1/4/26,0.85,ft
-76.49165278,35.64075833,1/3/26,0.85,ft
-76.49165278,35.64075833,1/2/26,0.84,ft
-76.49165278,35.64075833,1/1/26,0.83,ft
-76.49165278,35.64075833,12/31/25,0.83,ft
-76.49165278,35.64075833,12/30/25,0.81,ft
-76.49165278,35.64075833,12/29/25,0.81,ft
-76.49165278,35.64075833,12/28/25,0.8,ft
-76.49165278,35.64075833,12/27/25,0.79,ft
-76.49165278,35.64075833,12/26/25,0.79,ft
-76.49165278,35.64075833,12/25/25,0.78,ft
-76.49165278,35.64075833,12/24/25,0.78,ft
-76.49165278,35.64075833,12/23/25,0.77,ft
-76.49165278,35.64075833,12/22/25,0.77,ft
-76.49165278,35.64075833,12/21/25,0.76,ft
-76.49165278,35.64075833,12/20/25,0.75,ft
-76.49165278,35.64075833,12/19/25,0.75,ft
-76.49165278,35.64075833,12/18/25,0.83,ft
-76.49165278,35.64075833,12/17/25,0.82,ft
-76.49165278,35.64075833,12/16/25,0.82,ft
-76.49165278,35.64075833,12/15/25,0.81,ft
-76.49165278,35.64075833,12/14/25,0.81,ft
-76.49165278,35.64075833,12/13/25,0.83,ft
-76.49165278,35.64075833,12/12/25,0.82,ft
-76.49165278,35.64075833,12/11/25,0.81,ft
-76.49165278,35.64075833,12/10/25,0.8,ft
-76.49165278,35.64075833,12/9/25,0.79,ft
-76.49165278,35.64075833,12/8/25,0.8,ft
-76.49165278,35.64075833,12/7/25,0.8,ft
-76.49165278,35.64075833,12/6/25,0.8,ft
-76.49165278,35.64075833,12/5/25,0.86,ft
-76.49165278,35.64075833,12/4/25,0.9,ft
-76.49165278,35.64075833,12/3/25,0.89,ft
-76.49165278,35.64075833,12/2/25,0.99,ft
-76.49165278,35.64075833,12/1/25,1.12,ft
-76.49165278,35.64075833,11/30/25,1.16,ft
-76.49165278,35.64075833,11/29/25,1.16,ft
-76.49165278,35.64075833,11/28/25,1.15,ft
-76.49165278,35.64075833,11/27/25,1.14,ft
-76.49165278,35.64075833,11/26/25,1.13,ft
-76.49165278,35.64075833,11/25/25,1.13,ft
-76.49165278,35.64075833,11/24/25,1.12,ft
-76.49165278,35.64075833,11/23/25,1.11,ft
-76.49165278,35.64075833,11/22/25,1.1,ft
-76.49165278,35.64075833,11/21/25,1.11,ft
-76.49165278,35.64075833,11/20/25,1.1,ft
-76.49165278,35.64075833,11/19/25,1.1,ft
-76.49165278,35.64075833,11/18/25,1.09,ft
-76.49165278,35.64075833,11/17/25,1.06,ft
-76.49165278,35.64075833,11/16/25,1.04,ft
-76.49165278,35.64075833,11/15/25,1,ft
-76.49165278,35.64075833,11/14/25,0.96,ft
-76.49165278,35.64075833,11/13/25,0.91,ft
-76.49165278,35.64075833,11/12/25,0.89,ft
-76.49165278,35.64075833,11/11/25,0.87,ft
-76.49165278,35.64075833,11/10/25,0.86,ft
-76.49165278,35.64075833,11/9/25,0.84,ft
-76.49165278,35.64075833,11/8/25,0.83,ft
-76.49165278,35.64075833,11/7/25,0.82,ft
-76.49165278,35.64075833,11/6/25,0.8,ft
-76.49165278,35.64075833,11/5/25,0.78,ft
-76.49165278,35.64075833,11/4/25,0.76,ft
-76.49165278,35.64075833,11/3/25,0.75,ft
-76.49165278,35.64075833,11/2/25,0.94,ft
-76.49165278,35.64075833,11/1/25,0.93,ft
-76.49165278,35.64075833,10/31/25,0.9,ft
-76.49165278,35.64075833,10/30/25,0.88,ft
-76.49165278,35.64075833,10/29/25,0.91,ft
-76.49165278,35.64075833,10/28/25,1.01,ft
-76.49165278,35.64075833,10/27/25,1.13,ft
-76.49165278,35.64075833,10/26/25,1.13,ft
-76.49165278,35.64075833,10/25/25,1.11,ft
-76.49165278,35.64075833,10/24/25,1.09,ft
-76.49165278,35.64075833,10/23/25,1.07,ft
-76.49165278,35.64075833,10/22/25,1.04,ft
-76.49165278,35.64075833,10/21/25,1.02,ft
-76.49165278,35.64075833,10/20/25,0.99,ft
-76.49165278,35.64075833,10/19/25,0.97,ft
-76.49165278,35.64075833,10/18/25,0.95,ft
-76.49165278,35.64075833,10/17/25,0.92,ft
-76.49165278,35.64075833,10/16/25,0.9,ft
-76.49165278,35.64075833,10/15/25,0.87,ft
-76.49165278,35.64075833,10/14/25,0.86,ft
-76.49165278,35.64075833,10/13/25,0.84,ft
-76.49165278,35.64075833,10/12/25,0.88,ft
-76.49165278,35.64075833,10/11/25,1.17,ft
-76.49165278,35.64075833,10/10/25,1.19,ft
-76.49165278,35.64075833,10/9/25,1.17,ft
-76.49165278,35.64075833,10/8/25,1.15,ft
-76.49165278,35.64075833,10/7/25,1.14,ft
-76.49165278,35.64075833,10/6/25,1.12,ft
-76.49165278,35.64075833,10/5/25,1.1,ft
-76.49165278,35.64075833,10/4/25,1.08,ft
-76.49165278,35.64075833,10/3/25,1.06,ft
-76.49165278,35.64075833,10/2/25,1.04,ft
-76.49165278,35.64075833,10/1/25,1.01,ft
-76.49165278,35.64075833,9/30/25,0.99,ft
-76.49165278,35.64075833,9/29/25,0.98,ft
-76.49165278,35.64075833,9/28/25,0.97,ft
-76.49165278,35.64075833,9/27/25,1.01,ft
-76.49165278,35.64075833,9/26/25,1.03,ft
-76.49165278,35.64075833,9/25/25,1.01,ft
-76.49165278,35.64075833,9/24/25,0.97,ft
-76.49165278,35.64075833,9/23/25,0.93,ft
-76.49165278,35.64075833,9/22/25,0.89,ft
-76.49165278,35.64075833,9/21/25,0.84,ft
-76.49165278,35.64075833,9/20/25,0.77,ft
-76.49165278,35.64075833,9/19/25,0.68,ft
-76.49165278,35.64075833,9/18/25,0.58,ft
-76.49165278,35.64075833,9/17/25,0.55,ft
-76.49165278,35.64075833,9/16/25,0.54,ft
-76.49165278,35.64075833,9/15/25,0.52,ft
-76.49165278,35.64075833,9/14/25,0.51,ft
-76.49165278,35.64075833,9/13/25,0.5,ft
-76.49165278,35.64075833,9/12/25,0.47,ft
-76.49165278,35.64075833,9/11/25,0.45,ft
-76.49165278,35.64075833,9/10/25,0.45,ft
-76.49165278,35.64075833,9/9/25,0.44,ft
-76.49165278,35.64075833,9/8/25,0.43,ft
-76.49165278,35.64075833,9/7/25,0.42,ft
-76.49165278,35.64075833,9/6/25,0.4,ft
-76.49165278,35.64075833,9/5/25,0.38,ft
-76.49165278,35.64075833,9/4/25,0.35,ft
-76.49165278,35.64075833,9/3/25,0.32,ft
-76.49165278,35.64075833,9/2/25,0.28,ft
-76.49165278,35.64075833,9/1/25,0.25,ft
-76.49165278,35.64075833,8/31/25,0.2,ft
-76.49165278,35.64075833,8/30/25,0.15,ft
-76.49165278,35.64075833,8/29/25,0.1,ft
-76.49165278,35.64075833,8/28/25,0.05,ft
-76.49165278,35.64075833,8/27/25,0,ft
-76.49165278,35.64075833,8/26/25,-0.05,ft
-76.49165278,35.64075833,8/25/25,-0.05,ft
-76.49165278,35.64075833,8/24/25,-0.09,ft
-76.49165278,35.64075833,8/23/25,-0.14,ft
-76.49165278,35.64075833,8/22/25,-0.19,ft
-76.49165278,35.64075833,8/21/25,-0.25,ft
-76.49165278,35.64075833,8/20/25,-0.29,ft
-76.49165278,35.64075833,8/19/25,-0.34,ft
-76.49165278,35.64075833,8/18/25,-0.4,ft
-76.49165278,35.64075833,8/17/25,-0.47,ft
-76.49165278,35.64075833,8/16/25,-0.55,ft
-76.49165278,35.64075833,8/15/25,-0.63,ft
-76.49165278,35.64075833,8/14/25,-0.56,ft
-76.49165278,35.64075833,8/13/25,-0.48,ft
-76.49165278,35.64075833,8/12/25,-0.17,ft
-76.49165278,35.64075833,8/11/25,0.01,ft
-76.49165278,35.64075833,8/10/25,0.23,ft
-76.49165278,35.64075833,8/9/25,0.44,ft
-76.49165278,35.64075833,8/8/25,0.44,ft
-76.49165278,35.64075833,8/7/25,0.44,ft
-76.49165278,35.64075833,8/6/25,0.44,ft
-76.49165278,35.64075833,8/5/25,0.42,ft
-76.49165278,35.64075833,8/4/25,0.4,ft
-76.49165278,35.64075833,8/3/25,0.37,ft
-76.49165278,35.64075833,8/2/25,0.33,ft
-76.49165278,35.64075833,8/1/25,0.33,ft
-76.49165278,35.64075833,7/31/25,0.32,ft
-76.49165278,35.64075833,7/30/25,0.29,ft
-76.49165278,35.64075833,7/29/25,0.24,ft
-76.49165278,35.64075833,7/28/25,0.21,ft
-76.49165278,35.64075833,7/27/25,0.28,ft
-76.49165278,35.64075833,7/26/25,0.3,ft
-76.49165278,35.64075833,7/25/25,0.27,ft
-76.49165278,35.64075833,7/24/25,0.24,ft
-76.49165278,35.64075833,7/23/25,0.22,ft
-76.49165278,35.64075833,7/22/25,0.2,ft
-76.49165278,35.64075833,7/21/25,0.24,ft
-76.49165278,35.64075833,7/20/25,0.24,ft
-76.49165278,35.64075833,7/19/25,0.32,ft
-76.49165278,35.64075833,7/18/25,0.55,ft
-76.49165278,35.64075833,7/17/25,0.55,ft
-76.49165278,35.64075833,7/16/25,0.59,ft
-76.49165278,35.64075833,7/15/25,0.63,ft
-76.49165278,35.64075833,7/14/25,0.6,ft
-76.49165278,35.64075833,7/13/25,0.61,ft
-76.49165278,35.64075833,7/12/25,0.78,ft
-76.49165278,35.64075833,7/11/25,0.88,ft
-76.49165278,35.64075833,7/10/25,1.05,ft
-76.49165278,35.64075833,7/9/25,1.03,ft
-76.49165278,35.64075833,7/8/25,0.99,ft
-76.49165278,35.64075833,7/7/25,0.94,ft
-76.49165278,35.64075833,7/6/25,0.92,ft
-76.49165278,35.64075833,7/5/25,0.89,ft
-76.49165278,35.64075833,7/4/25,0.85,ft
-76.49165278,35.64075833,7/3/25,0.81,ft
-76.49165278,35.64075833,7/2/25,0.88,ft
-76.49165278,35.64075833,7/1/25,0.89,ft
-76.49165278,35.64075833,6/30/25,0.84,ft
-76.49165278,35.64075833,6/29/25,0.8,ft
-76.49165278,35.64075833,6/28/25,0.79,ft
-76.49165278,35.64075833,6/27/25,0.94,ft
-76.49165278,35.64075833,6/26/25,0.98,ft
-76.49165278,35.64075833,6/25/25,1.11,ft
-76.49165278,35.64075833,6/24/25,1.11,ft
-76.49165278,35.64075833,6/23/25,1.06,ft
-76.49165278,35.64075833,6/22/25,1.02,ft
-76.49165278,35.64075833,6/21/25,0.97,ft
-76.49165278,35.64075833,6/20/25,0.93,ft
-76.49165278,35.64075833,6/19/25,0.95,ft
-76.49165278,35.64075833,6/18/25,0.91,ft
-76.49165278,35.64075833,6/17/25,0.9,ft
-76.49165278,35.64075833,6/16/25,1.07,ft
-76.49165278,35.64075833,6/15/25,1.35,ft
-76.49165278,35.64075833,6/14/25,1.33,ft
-76.49165278,35.64075833,6/13/25,1.34,ft
-76.49165278,35.64075833,6/12/25,1.31,ft
-76.49165278,35.64075833,6/11/25,1.48,ft
-76.49165278,35.64075833,6/10/25,1.58,ft
-76.49165278,35.64075833,6/9/25,1.56,ft
-76.49165278,35.64075833,6/8/25,1.54,ft
-76.49165278,35.64075833,6/7/25,1.53,ft
-76.49165278,35.64075833,6/6/25,1.51,ft
-76.49165278,35.64075833,6/5/25,1.52,ft
-76.49165278,35.64075833,6/4/25,1.51,ft
-76.49165278,35.64075833,6/3/25,1.48,ft
-76.49165278,35.64075833,6/2/25,1.46,ft
-76.49165278,35.64075833,6/1/25,1.43,ft
-76.49165278,35.64075833,5/31/25,1.41,ft
-76.49165278,35.64075833,5/30/25,1.42,ft
-76.49165278,35.64075833,5/29/25,1.49,ft
-76.49165278,35.64075833,5/28/25,1.5,ft
-76.49165278,35.64075833,5/27/25,1.54,ft
-76.49165278,35.64075833,5/26/25,1.55,ft
-76.49165278,35.64075833,5/25/25,1.54,ft
-76.49165278,35.64075833,5/24/25,1.51,ft
-76.49165278,35.64075833,5/23/25,1.48,ft
-76.49165278,35.64075833,5/22/25,1.45,ft
-76.49165278,35.64075833,5/21/25,1.42,ft
-76.49165278,35.64075833,5/20/25,1.39,ft
-76.49165278,35.64075833,5/19/25,1.35,ft
-76.49165278,35.64075833,5/18/25,1.31,ft
-76.49165278,35.64075833,5/17/25,1.27,ft
-76.49165278,35.64075833,5/16/25,1.24,ft
-76.49165278,35.64075833,5/15/25,1.21,ft
-76.49165278,35.64075833,5/14/25,1.19,ft
-76.49165278,35.64075833,5/13/25,1.26,ft
-76.49165278,35.64075833,5/12/25,1.38,ft
-76.49165278,35.64075833,5/11/25,1.37,ft
-76.49165278,35.64075833,5/10/25,1.35,ft
-76.49165278,35.64075833,5/9/25,1.32,ft
-76.49165278,35.64075833,5/8/25,1.3,ft
-76.49165278,35.64075833,5/7/25,1.27,ft
-76.49165278,35.64075833,5/6/25,1.23,ft
-76.49165278,35.64075833,5/5/25,1.2,ft
-76.49165278,35.64075833,5/4/25,1.25,ft
-76.49165278,35.64075833,5/3/25,1.32,ft
-76.49165278,35.64075833,5/2/25,1.29,ft
-76.49165278,35.64075833,5/1/25,1.25,ft
-76.49165278,35.64075833,4/30/25,1.21,ft
-76.49165278,35.64075833,4/29/25,1.17,ft
-76.49165278,35.64075833,4/28/25,1.13,ft
-76.49165278,35.64075833,4/27/25,1.08,ft
-76.49165278,35.64075833,4/26/25,1.05,ft
-76.49165278,35.64075833,4/25/25,0.99,ft
-76.49165278,35.64075833,4/24/25,0.93,ft
-76.49165278,35.64075833,4/23/25,0.89,ft
-76.49165278,35.64075833,4/22/25,0.88,ft
-76.49165278,35.64075833,4/21/25,0.83,ft
-76.49165278,35.64075833,4/20/25,0.77,ft
-76.49165278,35.64075833,4/19/25,0.72,ft
-76.49165278,35.64075833,4/18/25,0.65,ft
-76.49165278,35.64075833,4/17/25,0.59,ft
-76.49165278,35.64075833,4/16/25,0.52,ft
-76.49165278,35.64075833,4/15/25,0.42,ft
-76.49165278,35.64075833,4/14/25,0.3,ft
-76.49165278,35.64075833,4/13/25,0.27,ft
-76.49165278,35.64075833,4/12/25,0.25,ft
-76.49165278,35.64075833,4/11/25,0.24,ft
-76.49165278,35.64075833,4/10/25,0.24,ft
-76.49165278,35.64075833,4/9/25,0.22,ft
-76.49165278,35.64075833,4/8/25,0.19,ft
-76.49165278,35.64075833,4/7/25,0.34,ft
-76.49165278,35.64075833,4/6/25,0.35,ft
-76.49165278,35.64075833,4/5/25,0.33,ft
-76.49165278,35.64075833,4/4/25,0.31,ft
-76.49165278,35.64075833,4/3/25,0.29,ft
-76.49165278,35.64075833,4/2/25,0.28,ft
-76.49165278,35.64075833,4/1/25,0.26,ft
-76.49165278,35.64075833,3/31/25,0.25,ft
-76.49165278,35.64075833,3/30/25,0.24,ft
-76.49165278,35.64075833,3/29/25,0.22,ft
-76.49165278,35.64075833,3/28/25,0.21,ft
-76.49165278,35.64075833,3/27/25,0.19,ft
-76.49165278,35.64075833,3/26/25,0.17,ft
-76.49165278,35.64075833,3/25/25,0.15,ft
-76.49165278,35.64075833,3/24/25,0.13,ft
-76.49165278,35.64075833,3/23/25,0.12,ft
-76.49165278,35.64075833,3/22/25,0.1,ft
-76.49165278,35.64075833,3/21/25,0.08,ft
-76.49165278,35.64075833,3/20/25,0.08,ft
-76.49165278,35.64075833,3/19/25,0.06,ft
-76.49165278,35.64075833,3/18/25,0.05,ft
-76.49165278,35.64075833,3/17/25,0.07,ft
-76.49165278,35.64075833,3/16/25,0.24,ft
-76.49165278,35.64075833,3/15/25,0.24,ft
-76.49165278,35.64075833,3/14/25,0.23,ft
-76.49165278,35.64075833,3/13/25,0.22,ft
-76.49165278,35.64075833,3/12/25,0.21,ft
-76.49165278,35.64075833,3/11/25,0.2,ft
-76.49165278,35.64075833,3/10/25,0.27,ft
-76.49165278,35.64075833,3/9/25,0.26,ft
-76.49165278,35.64075833,3/8/25,0.25,ft
-76.49165278,35.64075833,3/7/25,0.24,ft
-76.49165278,35.64075833,3/6/25,0.23,ft
-76.49165278,35.64075833,3/5/25,0.25,ft
-76.49165278,35.64075833,3/4/25,0.26,ft
-76.49165278,35.64075833,3/3/25,0.24,ft
-76.49165278,35.64075833,3/2/25,0.22,ft
-76.49165278,35.64075833,3/1/25,0.21,ft
-76.49165278,35.64075833,2/28/25,0.19,ft
-76.49165278,35.64075833,2/27/25,0.19,ft
-76.49165278,35.64075833,2/26/25,0.18,ft
-76.49165278,35.64075833,2/25/25,0.16,ft
-76.49165278,35.64075833,2/24/25,0.15,ft
-76.49165278,35.64075833,2/23/25,0.14,ft
-76.49165278,35.64075833,2/22/25,0.14,ft
-76.49165278,35.64075833,2/21/25,0.15,ft
-76.49165278,35.64075833,2/20/25,0.15,ft
-76.49165278,35.64075833,2/19/25,0.21,ft
-76.49165278,35.64075833,2/18/25,0.22,ft
-76.49165278,35.64075833,2/17/25,0.21,ft
-76.49165278,35.64075833,2/16/25,0.23,ft
-76.49165278,35.64075833,2/15/25,0.27,ft
-76.49165278,35.64075833,2/14/25,0.25,ft
-76.49165278,35.64075833,2/13/25,0.25,ft
-76.49165278,35.64075833,2/12/25,0.26,ft
-76.49165278,35.64075833,2/11/25,0.32,ft
-76.49165278,35.64075833,2/10/25,0.36,ft
-76.49165278,35.64075833,2/9/25,0.56,ft
-76.49165278,35.64075833,2/8/25,0.54,ft
-76.49165278,35.64075833,2/7/25,0.53,ft
-76.49165278,35.64075833,2/6/25,0.56,ft
-76.49165278,35.64075833,2/5/25,0.55,ft
-76.49165278,35.64075833,2/4/25,0.54,ft
-76.49165278,35.64075833,2/3/25,0.54,ft
-76.49165278,35.64075833,2/2/25,0.54,ft
-76.49165278,35.64075833,2/1/25,0.53,ft
-76.49165278,35.64075833,1/31/25,0.59,ft
-76.49165278,35.64075833,1/30/25,0.58,ft
-76.49165278,35.64075833,1/29/25,0.57,ft
-76.49165278,35.64075833,1/28/25,0.55,ft
-76.49165278,35.64075833,1/27/25,0.55,ft
-76.49165278,35.64075833,1/26/25,0.56,ft
-76.49165278,35.64075833,1/25/25,0.57,ft
-76.49165278,35.64075833,1/24/25,0.58,ft
-76.49165278,35.64075833,1/23/25,0.59,ft
-76.49165278,35.64075833,1/22/25,0.59,ft
-76.49165278,35.64075833,1/21/25,0.6,ft
-76.49165278,35.64075833,1/20/25,0.59,ft
-76.49165278,35.64075833,1/19/25,0.6,ft
-76.49165278,35.64075833,1/18/25,0.67,ft
-76.49165278,35.64075833,1/17/25,0.68,ft
-76.49165278,35.64075833,1/16/25,0.68,ft
-76.49165278,35.64075833,1/15/25,0.67,ft
-76.49165278,35.64075833,1/14/25,0.67,ft
-76.49165278,35.64075833,1/13/25,0.66,ft
-76.49165278,35.64075833,1/12/25,0.66,ft
-76.49165278,35.64075833,1/11/25,0.67,ft
-76.49165278,35.64075833,1/10/25,0.75,ft
-76.49165278,35.64075833,1/9/25,0.75,ft
-76.49165278,35.64075833,1/8/25,0.75,ft
-76.49165278,35.64075833,1/7/25,0.75,ft
-76.49165278,35.64075833,1/6/25,0.82,ft
-76.49165278,35.64075833,1/5/25,0.87,ft
-76.49165278,35.64075833,1/4/25,0.87,ft
-76.49165278,35.64075833,1/3/25,0.86,ft
-76.49165278,35.64075833,1/2/25,0.86,ft
-76.49165278,35.64075833,1/1/25,0.85,ft
-76.49165278,35.64075833,12/31/24,0.85,ft
-76.49165278,35.64075833,12/30/24,0.84,ft
-76.49165278,35.64075833,12/29/24,0.85,ft
-76.49165278,35.64075833,12/28/24,0.85,ft
-76.49165278,35.64075833,12/27/24,0.85,ft
-76.49165278,35.64075833,12/26/24,0.85,ft
-76.49165278,35.64075833,12/25/24,0.84,ft
-76.49165278,35.64075833,12/24/24,0.91,ft
-76.49165278,35.64075833,12/23/24,0.94,ft
-76.49165278,35.64075833,12/22/24,0.94,ft
-76.49165278,35.64075833,12/21/24,0.93,ft
-76.49165278,35.64075833,12/20/24,0.93,ft
-76.49165278,35.64075833,12/19/24,0.93,ft
-76.49165278,35.64075833,12/18/24,0.93,ft
-76.49165278,35.64075833,12/17/24,0.93,ft
-76.49165278,35.64075833,12/16/24,0.93,ft
-76.49165278,35.64075833,12/15/24,0.93,ft
-76.49165278,35.64075833,12/14/24,0.93,ft
-76.49165278,35.64075833,12/13/24,0.93,ft
-76.49165278,35.64075833,12/12/24,0.93,ft
-76.49165278,35.64075833,12/11/24,1.05,ft
-76.49165278,35.64075833,12/10/24,1.16,ft
-76.49165278,35.64075833,12/9/24,1.19,ft
-76.49165278,35.64075833,12/8/24,1.19,ft
-76.49165278,35.64075833,12/7/24,1.19,ft
-76.49165278,35.64075833,12/6/24,1.18,ft
-76.49165278,35.64075833,12/5/24,1.17,ft
-76.49165278,35.64075833,12/4/24,1.17,ft
-76.49165278,35.64075833,12/3/24,1.16,ft
-76.49165278,35.64075833,12/2/24,1.15,ft
-76.49165278,35.64075833,12/1/24,1.15,ft
-76.49165278,35.64075833,11/30/24,1.14,ft
-76.49165278,35.64075833,11/29/24,1.13,ft
-76.49165278,35.64075833,11/28/24,1.13,ft
-76.49165278,35.64075833,11/27/24,1.13,ft
-76.49165278,35.64075833,11/26/24,1.14,ft
-76.49165278,35.64075833,11/25/24,1.14,ft
-76.49165278,35.64075833,11/24/24,1.13,ft
-76.49165278,35.64075833,11/23/24,1.12,ft
-76.49165278,35.64075833,11/22/24,1.11,ft
-76.49165278,35.64075833,11/21/24,1.1,ft
-76.49165278,35.64075833,11/20/24,1.15,ft
-76.49165278,35.64075833,11/19/24,1.16,ft
-76.49165278,35.64075833,11/18/24,1.15,ft
-76.49165278,35.64075833,11/17/24,1.14,ft
-76.49165278,35.64075833,11/16/24,1.12,ft
-76.49165278,35.64075833,11/15/24,1.15,ft
-76.49165278,35.64075833,11/14/24,1.49,ft
-76.49165278,35.64075833,11/13/24,1.48,ft
-76.49165278,35.64075833,11/12/24,1.47,ft
-76.49165278,35.64075833,11/11/24,1.46,ft
-76.49165278,35.64075833,11/10/24,1.45,ft
-76.49165278,35.64075833,11/9/24,1.44,ft
-76.49165278,35.64075833,11/8/24,1.43,ft
-76.49165278,35.64075833,11/7/24,1.42,ft
-76.49165278,35.64075833,11/6/24,1.41,ft
-76.49165278,35.64075833,11/5/24,1.4,ft
-76.49165278,35.64075833,11/4/24,1.39,ft
-76.49165278,35.64075833,11/3/24,1.37,ft
-76.49165278,35.64075833,11/2/24,1.36,ft
-76.49165278,35.64075833,11/1/24,1.35,ft
-76.49165278,35.64075833,10/31/24,1.33,ft
-76.49165278,35.64075833,10/30/24,1.32,ft
-76.49165278,35.64075833,10/29/24,1.3,ft
-76.49165278,35.64075833,10/28/24,1.28,ft
-76.49165278,35.64075833,10/27/24,1.3,ft
-76.49165278,35.64075833,10/26/24,1.3,ft
-76.49165278,35.64075833,10/25/24,1.28,ft
-76.49165278,35.64075833,10/24/24,1.25,ft
-76.49165278,35.64075833,10/23/24,1.22,ft
-76.49165278,35.64075833,10/22/24,1.19,ft
-76.49165278,35.64075833,10/21/24,1.15,ft
-76.49165278,35.64075833,10/20/24,1.1,ft
-76.49165278,35.64075833,10/19/24,1.05,ft
-76.49165278,35.64075833,10/18/24,1,ft
-76.49165278,35.64075833,10/17/24,0.98,ft
-76.49165278,35.64075833,10/16/24,0.95,ft
-76.49165278,35.64075833,10/15/24,0.93,ft
-76.49165278,35.64075833,10/14/24,0.9,ft
-76.49165278,35.64075833,10/13/24,0.87,ft
-76.49165278,35.64075833,10/12/24,0.84,ft
-76.49165278,35.64075833,10/11/24,0.81,ft
-76.49165278,35.64075833,10/10/24,0.78,ft
-76.49165278,35.64075833,10/9/24,0.76,ft
-76.49165278,35.64075833,10/8/24,0.73,ft
-76.49165278,35.64075833,10/7/24,0.7,ft
-76.49165278,35.64075833,10/6/24,0.68,ft
-76.49165278,35.64075833,10/5/24,0.65,ft
-76.49165278,35.64075833,10/4/24,0.62,ft
-76.49165278,35.64075833,10/3/24,0.58,ft
-76.49165278,35.64075833,10/2/24,0.55,ft
-76.49165278,35.64075833,10/1/24,0.53,ft
-76.49165278,35.64075833,9/30/24,0.62,ft
-76.49165278,35.64075833,9/29/24,0.6,ft
-76.49165278,35.64075833,9/28/24,0.57,ft
-76.49165278,35.64075833,9/27/24,0.54,ft
-76.49165278,35.64075833,9/26/24,0.53,ft
-76.49165278,35.64075833,9/25/24,0.51,ft
-76.49165278,35.64075833,9/24/24,0.48,ft
-76.49165278,35.64075833,9/23/24,0.46,ft
-76.49165278,35.64075833,9/22/24,0.43,ft
-76.49165278,35.64075833,9/21/24,0.4,ft
-76.49165278,35.64075833,9/20/24,0.37,ft
-76.49165278,35.64075833,9/19/24,0.35,ft
-76.49165278,35.64075833,9/18/24,0.33,ft
-76.49165278,35.64075833,9/17/24,0.35,ft
-76.49165278,35.64075833,9/16/24,0.54,ft
-76.49165278,35.64075833,9/15/24,0.57,ft
-76.49165278,35.64075833,9/14/24,0.59,ft
-76.49165278,35.64075833,9/13/24,0.72,ft
-76.49165278,35.64075833,9/12/24,0.91,ft
-76.49165278,35.64075833,9/11/24,0.88,ft
-76.49165278,35.64075833,9/10/24,0.84,ft
-76.49165278,35.64075833,9/9/24,0.8,ft
-76.49165278,35.64075833,9/8/24,0.77,ft
-76.49165278,35.64075833,9/7/24,0.83,ft
-76.49165278,35.64075833,9/6/24,0.95,ft
-76.49165278,35.64075833,9/5/24,0.92,ft
-76.49165278,35.64075833,9/4/24,0.89,ft
-76.49165278,35.64075833,9/3/24,0.85,ft
-76.49165278,35.64075833,9/2/24,0.82,ft
-76.49165278,35.64075833,9/1/24,0.85,ft
-76.49165278,35.64075833,8/31/24,0.84,ft
-76.49165278,35.64075833,8/30/24,0.82,ft
-76.49165278,35.64075833,8/29/24,0.78,ft
-76.49165278,35.64075833,8/28/24,0.74,ft
-76.49165278,35.64075833,8/27/24,0.7,ft
-76.49165278,35.64075833,8/26/24,0.67,ft
-76.49165278,35.64075833,8/25/24,0.63,ft
-76.49165278,35.64075833,8/24/24,0.6,ft
-76.49165278,35.64075833,8/23/24,0.57,ft
-76.49165278,35.64075833,8/22/24,0.54,ft
-76.49165278,35.64075833,8/21/24,0.5,ft
-76.49165278,35.64075833,8/20/24,0.45,ft
-76.49165278,35.64075833,8/19/24,0.52,ft
-76.49165278,35.64075833,8/18/24,0.52,ft
-76.49165278,35.64075833,8/17/24,0.47,ft
-76.49165278,35.64075833,8/16/24,0.42,ft
-76.49165278,35.64075833,8/15/24,0.37,ft
-76.49165278,35.64075833,8/14/24,0.32,ft
-76.49165278,35.64075833,8/13/24,0.27,ft
-76.49165278,35.64075833,8/12/24,0.25,ft
-76.49165278,35.64075833,8/11/24,0.23,ft
-76.49165278,35.64075833,8/10/24,0.17,ft
-76.49165278,35.64075833,8/9/24,0.19,ft
-76.49165278,35.64075833,8/8/24,0.28,ft
-76.49165278,35.64075833,8/7/24,0.73,ft
-76.49165278,35.64075833,8/6/24,1.1,ft
-76.49165278,35.64075833,8/5/24,1.16,ft
-76.49165278,35.64075833,8/4/24,1.18,ft
-76.49165278,35.64075833,8/3/24,1.17,ft
-76.49165278,35.64075833,8/2/24,1.13,ft
-76.49165278,35.64075833,8/1/24,1.09,ft
-76.49165278,35.64075833,7/31/24,1.04,ft
-76.49165278,35.64075833,7/30/24,1,ft
-76.49165278,35.64075833,7/29/24,0.96,ft
-76.49165278,35.64075833,7/28/24,0.91,ft
-76.49165278,35.64075833,7/27/24,0.86,ft
-76.49165278,35.64075833,7/26/24,0.82,ft
-76.49165278,35.64075833,7/25/24,1,ft
-76.49165278,35.64075833,7/24/24,1.1,ft
-76.49165278,35.64075833,7/23/24,1.08,ft
-76.49165278,35.64075833,7/22/24,1.02,ft
-76.49165278,35.64075833,7/21/24,0.96,ft
-76.49165278,35.64075833,7/20/24,1.04,ft
-76.49165278,35.64075833,7/19/24,1.09,ft
-76.49165278,35.64075833,7/18/24,1.24,ft
-76.49165278,35.64075833,7/17/24,1.39,ft
-76.49165278,35.64075833,7/16/24,1.39,ft
-76.49165278,35.64075833,7/15/24,1.35,ft
-76.49165278,35.64075833,7/14/24,1.31,ft
-76.49165278,35.64075833,7/13/24,1.33,ft
-76.49165278,35.64075833,7/12/24,1.75,ft
-76.49165278,35.64075833,7/11/24,1.92,ft
-76.49165278,35.64075833,7/10/24,1.9,ft
-76.49165278,35.64075833,7/9/24,1.87,ft
-76.49165278,35.64075833,7/8/24,1.84,ft
-76.49165278,35.64075833,7/7/24,1.87,ft
-76.49165278,35.64075833,7/6/24,1.87,ft
-76.49165278,35.64075833,7/5/24,1.84,ft
-76.49165278,35.64075833,7/4/24,1.8,ft
-76.49165278,35.64075833,7/3/24,1.76,ft
-76.49165278,35.64075833,7/2/24,1.73,ft
-76.49165278,35.64075833,7/1/24,1.7,ft
-76.49165278,35.64075833,6/30/24,1.68,ft
-76.49165278,35.64075833,6/29/24,1.65,ft
-76.49165278,35.64075833,6/28/24,1.63,ft
-76.49165278,35.64075833,6/27/24,1.62,ft
-76.49165278,35.64075833,6/26/24,1.6,ft
-76.49165278,35.64075833,6/25/24,1.57,ft
-76.49165278,35.64075833,6/24/24,1.72,ft
-76.49165278,35.64075833,6/23/24,1.81,ft
-76.49165278,35.64075833,6/22/24,1.77,ft
-76.49165278,35.64075833,6/21/24,1.74,ft
-76.49165278,35.64075833,6/17/24,1.61,ft
-76.49165278,35.64075833,6/16/24,1.58,ft
-76.49165278,35.64075833,6/15/24,1.54,ft
-76.49165278,35.64075833,6/14/24,1.51,ft
-76.49165278,35.64075833,6/13/24,1.47,ft
-76.49165278,35.64075833,6/12/24,1.44,ft
-76.49165278,35.64075833,6/11/24,1.4,ft
-76.49165278,35.64075833,6/10/24,1.35,ft
-76.49165278,35.64075833,6/9/24,1.32,ft
-76.49165278,35.64075833,6/8/24,1.28,ft
-76.49165278,35.64075833,6/7/24,1.24,ft
-76.49165278,35.64075833,6/6/24,1.29,ft
-76.49165278,35.64075833,6/5/24,1.27,ft
-76.49165278,35.64075833,6/4/24,1.24,ft
-76.49165278,35.64075833,6/3/24,1.24,ft
-76.49165278,35.64075833,6/2/24,1.2,ft
-76.49165278,35.64075833,6/1/24,1.17,ft
-76.49165278,35.64075833,5/31/24,1.13,ft
-76.49165278,35.64075833,5/30/24,1.09,ft
-76.49165278,35.64075833,5/29/24,1.06,ft
-76.49165278,35.64075833,5/28/24,1.08,ft
-76.49165278,35.64075833,5/27/24,1.07,ft
-76.49165278,35.64075833,5/26/24,1.04,ft
-76.49165278,35.64075833,5/25/24,1.01,ft
-76.49165278,35.64075833,5/24/24,1,ft
-76.49165278,35.64075833,5/23/24,1,ft
-76.49165278,35.64075833,5/22/24,0.96,ft
-76.49165278,35.64075833,5/21/24,0.93,ft
-76.49165278,35.64075833,5/20/24,0.91,ft
-76.49165278,35.64075833,5/19/24,0.89,ft
-76.49165278,35.64075833,5/18/24,0.92,ft
-76.49165278,35.64075833,5/17/24,0.93,ft
-76.49165278,35.64075833,5/16/24,0.9,ft
-76.49165278,35.64075833,5/15/24,0.88,ft
-76.49165278,35.64075833,5/14/24,1.01,ft
-76.49165278,35.64075833,5/13/24,0.99,ft
-76.49165278,35.64075833,5/12/24,0.96,ft
-76.49165278,35.64075833,5/11/24,0.93,ft
-76.49165278,35.64075833,5/10/24,1.08,ft
-76.49165278,35.64075833,5/9/24,1.11,ft
-76.49165278,35.64075833,5/8/24,1.08,ft
-76.49165278,35.64075833,5/7/24,1.05,ft
-76.49165278,35.64075833,5/6/24,1.02,ft
-76.49165278,35.64075833,5/5/24,1.07,ft
-76.49165278,35.64075833,5/4/24,1.23,ft
-76.49165278,35.64075833,5/3/24,1.21,ft
-76.49165278,35.64075833,5/2/24,1.19,ft
-76.49165278,35.64075833,5/1/24,1.19,ft
-76.49165278,35.64075833,4/30/24,1.17,ft
-76.49165278,35.64075833,4/29/24,1.15,ft
-76.49165278,35.64075833,4/28/24,1.13,ft
-76.49165278,35.64075833,4/27/24,1.11,ft
-76.49165278,35.64075833,4/26/24,1.08,ft
-76.49165278,35.64075833,4/25/24,1.06,ft
-76.49165278,35.64075833,4/24/24,1.03,ft
-76.49165278,35.64075833,4/23/24,1,ft
-76.49165278,35.64075833,4/22/24,0.96,ft
-76.49165278,35.64075833,4/21/24,0.99,ft
-76.49165278,35.64075833,4/20/24,0.99,ft
-76.49165278,35.64075833,4/19/24,0.96,ft
-76.49165278,35.64075833,4/18/24,0.92,ft
-76.49165278,35.64075833,4/17/24,0.88,ft
-76.49165278,35.64075833,4/16/24,0.84,ft
-76.49165278,35.64075833,4/15/24,0.79,ft
-76.49165278,35.64075833,4/14/24,0.73,ft
-76.49165278,35.64075833,4/13/24,0.65,ft
-76.49165278,35.64075833,4/12/24,0.57,ft
-76.49165278,35.64075833,4/11/24,0.49,ft
-76.49165278,35.64075833,4/10/24,0.39,ft
-76.49165278,35.64075833,4/9/24,0.28,ft
-76.49165278,35.64075833,4/8/24,0.21,ft
-76.49165278,35.64075833,4/7/24,0.15,ft
-76.49165278,35.64075833,4/6/24,0.09,ft
-76.49165278,35.64075833,4/5/24,0.03,ft
-76.49165278,35.64075833,4/4/24,-0.04,ft
-76.49165278,35.64075833,4/3/24,-0.11,ft
-76.49165278,35.64075833,4/2/24,-0.18,ft
-76.49165278,35.64075833,4/1/24,-0.25,ft
-76.49165278,35.64075833,3/31/24,-0.28,ft
-76.49165278,35.64075833,3/30/24,-0.31,ft
-76.49165278,35.64075833,3/29/24,-0.33,ft
-76.49165278,35.64075833,3/28/24,-0.25,ft
-76.49165278,35.64075833,3/27/24,-0.11,ft
-76.49165278,35.64075833,3/26/24,-0.14,ft
-76.49165278,35.64075833,3/25/24,-0.17,ft
-76.49165278,35.64075833,3/24/24,-0.22,ft
-76.49165278,35.64075833,3/23/24,-0.21,ft
-76.49165278,35.64075833,3/22/24,-0.04,ft
-76.49165278,35.64075833,3/21/24,-0.06,ft
-76.49165278,35.64075833,3/20/24,-0.08,ft
-76.49165278,35.64075833,3/19/24,-0.1,ft
-76.49165278,35.64075833,3/18/24,-0.11,ft
-76.49165278,35.64075833,3/17/24,-0.12,ft
-76.49165278,35.64075833,3/16/24,-0.13,ft
-76.49165278,35.64075833,3/15/24,-0.14,ft
-76.49165278,35.64075833,3/14/24,-0.16,ft
-76.49165278,35.64075833,3/13/24,-0.17,ft
-76.49165278,35.64075833,3/12/24,-0.18,ft
-76.49165278,35.64075833,3/11/24,-0.19,ft
-76.49165278,35.64075833,3/10/24,-0.21,ft
-76.49165278,35.64075833,3/9/24,-0.18,ft
-76.49165278,35.64075833,3/8/24,-0.18,ft
-76.49165278,35.64075833,3/7/24,-0.19,ft
-76.49165278,35.64075833,3/6/24,-0.14,ft
-76.49165278,35.64075833,3/5/24,-0.03,ft
-76.49165278,35.64075833,3/4/24,0,ft
-76.49165278,35.64075833,3/3/24,0.02,ft
-76.49165278,35.64075833,3/2/24,0.06,ft
-76.49165278,35.64075833,3/1/24,0.25,ft
-76.49165278,35.64075833,2/29/24,0.23,ft
-76.49165278,35.64075833,2/28/24,0.23,ft
-76.49165278,35.64075833,2/27/24,0.23,ft
-76.49165278,35.64075833,2/26/24,0.22,ft
-76.49165278,35.64075833,2/25/24,0.2,ft
-76.49165278,35.64075833,2/24/24,0.19,ft
-76.49165278,35.64075833,2/23/24,0.21,ft
-76.49165278,35.64075833,2/22/24,0.22,ft
-76.49165278,35.64075833,2/21/24,0.2,ft
-76.49165278,35.64075833,2/20/24,0.2,ft
-76.49165278,35.64075833,2/19/24,0.19,ft
-76.49165278,35.64075833,2/18/24,0.18,ft
-76.49165278,35.64075833,2/17/24,0.16,ft
-76.49165278,35.64075833,2/16/24,0.15,ft
-76.49165278,35.64075833,2/15/24,0.15,ft
-76.49165278,35.64075833,2/14/24,0.13,ft
-76.49165278,35.64075833,2/13/24,0.13,ft
-76.49165278,35.64075833,2/12/24,0.2,ft
-76.49165278,35.64075833,2/11/24,0.22,ft
-76.49165278,35.64075833,2/10/24,0.21,ft
-76.49165278,35.64075833,2/9/24,0.21,ft
-76.49165278,35.64075833,2/8/24,0.2,ft
-76.49165278,35.64075833,2/7/24,0.19,ft
-76.49165278,35.64075833,2/6/24,0.18,ft
-76.49165278,35.64075833,2/5/24,0.17,ft
-76.49165278,35.64075833,2/4/24,0.16,ft
-76.49165278,35.64075833,2/3/24,0.15,ft
-76.49165278,35.64075833,2/2/24,0.14,ft
-76.49165278,35.64075833,2/1/24,0.13,ft
-76.49165278,35.64075833,1/31/24,0.12,ft
-76.49165278,35.64075833,1/30/24,0.12,ft
-76.49165278,35.64075833,1/29/24,0.1,ft
-76.49165278,35.64075833,1/28/24,0.1,ft
-76.49165278,35.64075833,1/27/24,0.12,ft
-76.49165278,35.64075833,1/26/24,0.11,ft
-76.49165278,35.64075833,1/25/24,0.11,ft
-76.49165278,35.64075833,1/24/24,0.1,ft
-76.49165278,35.64075833,1/23/24,0.1,ft
-76.49165278,35.64075833,1/22/24,0.09,ft
-76.49165278,35.64075833,1/21/24,0.08,ft
-76.49165278,35.64075833,1/20/24,0.06,ft
-76.49165278,35.64075833,1/19/24,0.05,ft
-76.49165278,35.64075833,1/18/24,0.04,ft
-76.49165278,35.64075833,1/17/24,0.03,ft
-76.49165278,35.64075833,1/16/24,0.02,ft
-76.49165278,35.64075833,1/15/24,0.02,ft
-76.49165278,35.64075833,1/14/24,0,ft
-76.49165278,35.64075833,1/13/24,-0.01,ft
-76.49165278,35.64075833,1/12/24,0.02,ft
-76.49165278,35.64075833,1/11/24,0.01,ft
-76.49165278,35.64075833,1/10/24,0,ft
-76.49165278,35.64075833,1/9/24,0.1,ft
-76.49165278,35.64075833,1/8/24,0.1,ft
-76.49165278,35.64075833,1/7/24,0.09,ft
-76.49165278,35.64075833,1/6/24,0.1,ft
-76.49165278,35.64075833,1/5/24,0.1,ft
-76.49165278,35.64075833,1/4/24,0.09,ft
-76.49165278,35.64075833,1/3/24,0.11,ft
-76.49165278,35.64075833,1/2/24,0.1,ft
-76.49165278,35.64075833,1/1/24,0.09,ft
-76.49165278,35.64075833,12/31/23,0.08,ft
-76.49165278,35.64075833,12/30/23,0.07,ft
-76.49165278,35.64075833,12/29/23,0.06,ft
-76.49165278,35.64075833,12/28/23,0.06,ft
-76.49165278,35.64075833,12/27/23,0.14,ft
-76.49165278,35.64075833,12/26/23,0.24,ft
-76.49165278,35.64075833,12/25/23,0.26,ft
-76.49165278,35.64075833,12/24/23,0.25,ft
-76.49165278,35.64075833,12/23/23,0.25,ft
-76.49165278,35.64075833,12/22/23,0.24,ft
-76.49165278,35.64075833,12/21/23,0.24,ft
-76.49165278,35.64075833,12/20/23,0.23,ft
-76.49165278,35.64075833,12/19/23,0.23,ft
-76.49165278,35.64075833,12/18/23,0.22,ft
-76.49165278,35.64075833,12/17/23,0.5,ft
-76.49165278,35.64075833,12/16/23,0.61,ft
-76.49165278,35.64075833,12/15/23,0.6,ft
-76.49165278,35.64075833,12/14/23,0.59,ft
-76.49165278,35.64075833,12/13/23,0.58,ft
-76.49165278,35.64075833,12/12/23,0.57,ft
-76.49165278,35.64075833,12/11/23,0.57,ft
-76.49165278,35.64075833,12/10/23,0.8,ft
-76.49165278,35.64075833,12/9/23,0.86,ft
-76.49165278,35.64075833,12/8/23,0.85,ft
-76.49165278,35.64075833,12/7/23,0.85,ft
-76.49165278,35.64075833,12/6/23,0.84,ft
-76.49165278,35.64075833,12/5/23,0.84,ft
-76.49165278,35.64075833,12/4/23,0.83,ft
-76.49165278,35.64075833,12/3/23,0.82,ft
-76.49165278,35.64075833,12/2/23,0.82,ft
-76.49165278,35.64075833,12/1/23,0.82,ft
-76.49165278,35.64075833,11/30/23,0.82,ft
-76.49165278,35.64075833,11/29/23,0.81,ft
-76.49165278,35.64075833,11/28/23,0.8,ft
-76.49165278,35.64075833,11/27/23,0.79,ft
-76.49165278,35.64075833,11/26/23,0.87,ft
-76.49165278,35.64075833,11/25/23,0.95,ft
-76.49165278,35.64075833,11/24/23,0.94,ft
-76.49165278,35.64075833,11/23/23,0.93,ft
-76.49165278,35.64075833,11/22/23,1.11,ft
-76.49165278,35.64075833,11/21/23,1.38,ft
-76.49165278,35.64075833,11/20/23,1.38,ft
-76.49165278,35.64075833,11/19/23,1.36,ft
-76.49165278,35.64075833,11/18/23,1.35,ft
-76.49165278,35.64075833,11/17/23,1.34,ft
-76.49165278,35.64075833,11/16/23,1.32,ft
-76.49165278,35.64075833,11/15/23,1.31,ft
-76.49165278,35.64075833,11/14/23,1.29,ft
-76.49165278,35.64075833,11/13/23,1.27,ft
-76.49165278,35.64075833,11/12/23,1.29,ft
-76.49165278,35.64075833,11/11/23,1.33,ft
-76.49165278,35.64075833,11/10/23,1.32,ft
-76.49165278,35.64075833,11/9/23,1.3,ft
-76.49165278,35.64075833,11/8/23,1.29,ft
-76.49165278,35.64075833,11/7/23,1.27,ft
-76.49165278,35.64075833,11/6/23,1.25,ft
-76.49165278,35.64075833,11/5/23,1.23,ft
-76.49165278,35.64075833,11/4/23,1.21,ft
-76.49165278,35.64075833,11/3/23,1.2,ft
-76.49165278,35.64075833,11/2/23,1.18,ft
-76.49165278,35.64075833,11/1/23,1.16,ft
-76.49165278,35.64075833,10/31/23,1.14,ft
-76.49165278,35.64075833,10/30/23,1.13,ft
-76.49165278,35.64075833,10/29/23,1.1,ft
-76.49165278,35.64075833,10/28/23,1.08,ft
-76.49165278,35.64075833,10/27/23,1.06,ft
-76.49165278,35.64075833,10/26/23,1.04,ft
-76.49165278,35.64075833,10/25/23,1.02,ft
-76.49165278,35.64075833,10/24/23,1,ft
-76.49165278,35.64075833,10/23/23,0.97,ft
-76.49165278,35.64075833,10/22/23,0.95,ft
-76.49165278,35.64075833,10/21/23,0.92,ft
-76.49165278,35.64075833,10/20/23,0.91,ft
-76.49165278,35.64075833,10/19/23,0.9,ft
-76.49165278,35.64075833,10/18/23,0.88,ft
-76.49165278,35.64075833,10/17/23,0.86,ft
-76.49165278,35.64075833,10/16/23,0.84,ft
-76.49165278,35.64075833,10/15/23,0.81,ft
-76.49165278,35.64075833,10/14/23,0.83,ft
-76.49165278,35.64075833,10/13/23,0.83,ft
-76.49165278,35.64075833,10/12/23,0.81,ft
-76.49165278,35.64075833,10/11/23,0.8,ft
-76.49165278,35.64075833,10/10/23,0.77,ft
-76.49165278,35.64075833,10/9/23,0.74,ft
-76.49165278,35.64075833,10/8/23,0.71,ft
-76.49165278,35.64075833,10/7/23,0.7,ft
-76.49165278,35.64075833,10/6/23,0.69,ft
-76.49165278,35.64075833,10/5/23,0.67,ft
-76.49165278,35.64075833,10/4/23,0.65,ft
-76.49165278,35.64075833,10/3/23,0.62,ft
-76.49165278,35.64075833,10/2/23,0.59,ft
-76.49165278,35.64075833,10/1/23,0.57,ft
-76.49165278,35.64075833,9/30/23,0.55,ft
-76.49165278,35.64075833,9/29/23,0.53,ft
-76.49165278,35.64075833,9/28/23,0.52,ft
-76.49165278,35.64075833,9/27/23,0.51,ft
-76.49165278,35.64075833,9/26/23,0.48,ft
-76.49165278,35.64075833,9/25/23,0.45,ft
-76.49165278,35.64075833,9/24/23,0.42,ft
-76.49165278,35.64075833,9/23/23,0.4,ft
-76.49165278,35.64075833,9/22/23,0.92,ft
-76.49165278,35.64075833,9/21/23,1.08,ft
-76.49165278,35.64075833,9/20/23,1.04,ft
-76.49165278,35.64075833,9/19/23,1,ft
-76.49165278,35.64075833,9/18/23,0.97,ft
-76.49165278,35.64075833,9/17/23,0.94,ft
-76.49165278,35.64075833,9/16/23,0.91,ft
-76.49165278,35.64075833,9/15/23,0.87,ft
-76.49165278,35.64075833,9/14/23,0.84,ft
-76.49165278,35.64075833,9/13/23,0.83,ft
-76.49165278,35.64075833,9/12/23,0.81,ft
-76.49165278,35.64075833,9/11/23,0.78,ft
-76.49165278,35.64075833,9/10/23,0.74,ft
-76.49165278,35.64075833,9/9/23,0.78,ft
-76.49165278,35.64075833,9/8/23,0.75,ft
-76.49165278,35.64075833,9/7/23,0.72,ft
-76.49165278,35.64075833,9/6/23,0.68,ft
-76.49165278,35.64075833,9/5/23,0.65,ft
-76.49165278,35.64075833,9/4/23,0.61,ft
-76.49165278,35.64075833,9/3/23,0.58,ft
-76.49165278,35.64075833,9/2/23,0.54,ft
-76.49165278,35.64075833,9/1/23,0.5,ft
-76.49165278,35.64075833,8/31/23,0.54,ft
-76.49165278,35.64075833,8/30/23,1.04,ft
-76.49165278,35.64075833,8/29/23,1,ft
-76.49165278,35.64075833,8/28/23,0.99,ft
-76.49165278,35.64075833,8/27/23,1.08,ft
-76.49165278,35.64075833,8/26/23,1.12,ft
-76.49165278,35.64075833,8/25/23,1.08,ft
-76.49165278,35.64075833,8/24/23,1.04,ft
-76.49165278,35.64075833,8/23/23,1,ft
-76.49165278,35.64075833,8/22/23,0.96,ft
-76.49165278,35.64075833,8/21/23,0.93,ft
-76.49165278,35.64075833,8/20/23,0.89,ft
-76.49165278,35.64075833,8/19/23,0.85,ft
-76.49165278,35.64075833,8/18/23,0.81,ft
-76.49165278,35.64075833,8/17/23,0.8,ft
-76.49165278,35.64075833,8/16/23,0.84,ft
-76.49165278,35.64075833,8/15/23,0.83,ft
-76.49165278,35.64075833,8/14/23,0.86,ft
-76.49165278,35.64075833,8/13/23,0.9,ft
-76.49165278,35.64075833,8/12/23,0.87,ft
-76.49165278,35.64075833,8/11/23,0.84,ft
-76.49165278,35.64075833,8/10/23,0.81,ft
-76.49165278,35.64075833,8/9/23,0.77,ft
-76.49165278,35.64075833,8/8/23,0.75,ft
-76.49165278,35.64075833,8/7/23,0.71,ft
-76.49165278,35.64075833,8/6/23,0.68,ft
-76.49165278,35.64075833,8/5/23,0.63,ft
-76.49165278,35.64075833,8/4/23,0.7,ft
-76.49165278,35.64075833,8/3/23,0.74,ft
-76.49165278,35.64075833,8/2/23,0.71,ft
-76.49165278,35.64075833,8/1/23,0.67,ft
-76.49165278,35.64075833,7/31/23,0.64,ft
-76.49165278,35.64075833,7/30/23,0.6,ft
-76.49165278,35.64075833,7/29/23,0.57,ft
-76.49165278,35.64075833,7/28/23,0.53,ft
-76.49165278,35.64075833,7/27/23,0.5,ft
-76.49165278,35.64075833,7/26/23,0.46,ft
-76.49165278,35.64075833,7/25/23,0.43,ft
-76.49165278,35.64075833,7/24/23,0.41,ft
-76.49165278,35.64075833,7/23/23,0.42,ft
-76.49165278,35.64075833,7/22/23,0.4,ft
-76.49165278,35.64075833,7/21/23,0.41,ft
-76.49165278,35.64075833,7/20/23,0.38,ft
-76.49165278,35.64075833,7/19/23,0.43,ft
-76.49165278,35.64075833,7/18/23,0.43,ft
-76.49165278,35.64075833,7/17/23,0.4,ft
-76.49165278,35.64075833,7/16/23,0.36,ft
-76.49165278,35.64075833,7/15/23,0.49,ft
-76.49165278,35.64075833,7/14/23,0.51,ft
-76.49165278,35.64075833,7/13/23,0.49,ft
-76.49165278,35.64075833,7/12/23,0.45,ft
-76.49165278,35.64075833,7/11/23,0.41,ft
-76.49165278,35.64075833,7/10/23,0.39,ft
-76.49165278,35.64075833,7/9/23,0.42,ft
-76.49165278,35.64075833,7/8/23,0.43,ft
-76.49165278,35.64075833,7/7/23,0.49,ft
-76.49165278,35.64075833,7/6/23,0.49,ft
-76.49165278,35.64075833,7/5/23,0.47,ft
-76.49165278,35.64075833,7/4/23,0.54,ft
-76.49165278,35.64075833,7/3/23,0.6,ft
-76.49165278,35.64075833,7/2/23,0.6,ft
-76.49165278,35.64075833,7/1/23,0.56,ft
-76.49165278,35.64075833,6/30/23,0.51,ft
-76.49165278,35.64075833,6/29/23,0.47,ft
-76.49165278,35.64075833,6/28/23,0.41,ft
-76.49165278,35.64075833,6/27/23,0.41,ft
-76.49165278,35.64075833,6/26/23,0.46,ft
-76.49165278,35.64075833,6/25/23,0.4,ft
-76.49165278,35.64075833,6/24/23,0.37,ft
-76.49165278,35.64075833,6/23/23,0.44,ft
-76.49165278,35.64075833,6/22/23,0.53,ft
-76.49165278,35.64075833,6/21/23,0.62,ft
-76.49165278,35.64075833,6/20/23,0.66,ft
-76.49165278,35.64075833,6/19/23,0.63,ft
-76.49165278,35.64075833,6/18/23,0.58,ft
-76.49165278,35.64075833,6/17/23,0.54,ft
-76.49165278,35.64075833,6/16/23,0.59,ft
-76.49165278,35.64075833,6/15/23,0.56,ft
-76.49165278,35.64075833,6/14/23,0.53,ft
-76.49165278,35.64075833,6/13/23,0.5,ft
-76.49165278,35.64075833,6/12/23,0.69,ft
-76.49165278,35.64075833,6/11/23,0.79,ft
-76.49165278,35.64075833,6/10/23,0.75,ft
-76.49165278,35.64075833,6/9/23,0.72,ft
-76.49165278,35.64075833,6/8/23,0.69,ft
-76.49165278,35.64075833,6/7/23,0.7,ft
-76.49165278,35.64075833,6/6/23,0.69,ft
-76.49165278,35.64075833,6/5/23,0.67,ft
-76.49165278,35.64075833,6/4/23,0.64,ft
-76.49165278,35.64075833,6/3/23,0.61,ft
-76.49165278,35.64075833,6/2/23,0.58,ft
-76.49165278,35.64075833,6/1/23,0.57,ft
-76.49165278,35.64075833,5/31/23,0.55,ft
-76.49165278,35.64075833,5/30/23,0.53,ft
-76.49165278,35.64075833,5/29/23,0.51,ft
-76.49165278,35.64075833,5/28/23,0.51,ft
-76.49165278,35.64075833,5/27/23,0.61,ft
-76.49165278,35.64075833,5/26/23,0.62,ft
-76.49165278,35.64075833,5/25/23,0.6,ft
-76.49165278,35.64075833,5/24/23,0.58,ft
-76.49165278,35.64075833,5/23/23,0.55,ft
-76.49165278,35.64075833,5/22/23,0.52,ft
-76.49165278,35.64075833,5/21/23,0.5,ft
-76.49165278,35.64075833,5/20/23,0.49,ft
-76.49165278,35.64075833,5/19/23,0.59,ft
-76.49165278,35.64075833,5/18/23,0.66,ft
-76.49165278,35.64075833,5/17/23,0.63,ft
-76.49165278,35.64075833,5/16/23,0.61,ft
-76.49165278,35.64075833,5/15/23,0.59,ft
-76.49165278,35.64075833,5/14/23,0.57,ft
-76.49165278,35.64075833,5/13/23,0.54,ft
-76.49165278,35.64075833,5/12/23,0.52,ft
-76.49165278,35.64075833,5/11/23,0.49,ft
-76.49165278,35.64075833,5/10/23,0.47,ft
-76.49165278,35.64075833,5/9/23,0.45,ft
-76.49165278,35.64075833,5/8/23,0.43,ft
-76.49165278,35.64075833,5/7/23,0.41,ft
-76.49165278,35.64075833,5/6/23,0.39,ft
-76.49165278,35.64075833,5/5/23,0.37,ft
-76.49165278,35.64075833,5/4/23,0.35,ft
-76.49165278,35.64075833,5/3/23,0.33,ft
-76.49165278,35.64075833,5/2/23,0.3,ft
-76.49165278,35.64075833,5/1/23,0.28,ft
-76.49165278,35.64075833,4/30/23,0.28,ft
-76.49165278,35.64075833,4/29/23,0.28,ft
-76.49165278,35.64075833,4/28/23,0.29,ft
-76.49165278,35.64075833,4/27/23,0.35,ft
-76.49165278,35.64075833,4/26/23,0.36,ft
-76.49165278,35.64075833,4/25/23,0.34,ft
-76.49165278,35.64075833,4/24/23,0.32,ft
-76.49165278,35.64075833,4/23/23,0.31,ft
-76.49165278,35.64075833,4/22/23,0.35,ft
-76.49165278,35.64075833,4/21/23,0.34,ft
-76.49165278,35.64075833,4/20/23,0.32,ft
-76.49165278,35.64075833,4/19/23,0.3,ft
-76.49165278,35.64075833,4/18/23,0.28,ft
-76.49165278,35.64075833,4/17/23,0.26,ft
-76.49165278,35.64075833,4/16/23,0.24,ft
-76.49165278,35.64075833,4/15/23,0.22,ft
-76.49165278,35.64075833,4/14/23,0.23,ft
-76.49165278,35.64075833,4/13/23,0.23,ft
-76.49165278,35.64075833,4/12/23,0.21,ft
-76.49165278,35.64075833,4/11/23,0.19,ft
-76.49165278,35.64075833,4/10/23,0.17,ft
-76.49165278,35.64075833,4/9/23,0.16,ft
-76.49165278,35.64075833,4/8/23,0.35,ft
-76.49165278,35.64075833,4/7/23,0.47,ft
-76.49165278,35.64075833,4/6/23,0.46,ft
-76.49165278,35.64075833,4/5/23,0.45,ft
-76.49165278,35.64075833,4/4/23,0.43,ft
-76.49165278,35.64075833,4/3/23,0.42,ft
-76.49165278,35.64075833,4/2/23,0.41,ft
-76.49165278,35.64075833,4/1/23,0.4,ft
-76.49165278,35.64075833,3/31/23,0.38,ft
-76.49165278,35.64075833,3/30/23,0.37,ft
-76.49165278,35.64075833,3/29/23,0.35,ft
-76.49165278,35.64075833,3/28/23,0.42,ft
-76.49165278,35.64075833,3/27/23,0.42,ft
-76.49165278,35.64075833,3/26/23,0.56,ft
-76.49165278,35.64075833,3/25/23,0.58,ft
-76.49165278,35.64075833,3/24/23,0.57,ft
-76.49165278,35.64075833,3/23/23,0.56,ft
-76.49165278,35.64075833,3/22/23,0.55,ft
-76.49165278,35.64075833,3/21/23,0.54,ft
-76.49165278,35.64075833,3/20/23,0.53,ft
-76.49165278,35.64075833,3/19/23,0.52,ft
-76.49165278,35.64075833,3/18/23,0.51,ft
-76.49165278,35.64075833,3/17/23,0.51,ft
-76.49165278,35.64075833,3/16/23,0.5,ft
-76.49165278,35.64075833,3/15/23,0.49,ft
-76.49165278,35.64075833,3/14/23,0.47,ft
-76.49165278,35.64075833,3/13/23,0.46,ft
-76.49165278,35.64075833,3/12/23,0.52,ft
-76.49165278,35.64075833,3/11/23,0.52,ft
-76.49165278,35.64075833,3/10/23,0.52,ft
-76.49165278,35.64075833,3/9/23,0.51,ft
-76.49165278,35.64075833,3/7/23,0.49,ft
-76.49165278,35.64075833,3/6/23,0.48,ft
-76.49165278,35.64075833,3/5/23,0.46,ft
-76.49165278,35.64075833,3/4/23,0.45,ft
-76.49165278,35.64075833,3/3/23,0.44,ft
-76.49165278,35.64075833,3/2/23,0.45,ft
-76.49165278,35.64075833,3/1/23,0.47,ft
-76.49165278,35.64075833,2/28/23,0.46,ft
-76.49165278,35.64075833,2/27/23,0.45,ft
-76.49165278,35.64075833,2/26/23,0.44,ft
-76.49165278,35.64075833,2/25/23,0.46,ft
-76.49165278,35.64075833,2/24/23,0.46,ft
-76.49165278,35.64075833,2/23/23,0.45,ft
-76.49165278,35.64075833,2/22/23,0.44,ft
-76.49165278,35.64075833,2/21/23,0.42,ft
-76.49165278,35.64075833,2/20/23,0.42,ft
-76.49165278,35.64075833,2/19/23,0.41,ft
-76.49165278,35.64075833,2/18/23,0.4,ft
-76.49165278,35.64075833,2/17/23,0.39,ft
-76.49165278,35.64075833,2/16/23,0.39,ft
-76.49165278,35.64075833,2/15/23,0.38,ft
-76.49165278,35.64075833,2/14/23,0.35,ft
-76.49165278,35.64075833,2/13/23,0.32,ft
-76.49165278,35.64075833,2/12/23,0.42,ft
-76.49165278,35.64075833,2/11/23,0.57,ft
-76.49165278,35.64075833,2/10/23,0.57,ft
-76.49165278,35.64075833,2/9/23,0.57,ft
-76.49165278,35.64075833,2/8/23,0.56,ft
-76.49165278,35.64075833,2/7/23,0.55,ft
-76.49165278,35.64075833,2/6/23,0.54,ft
-76.49165278,35.64075833,2/5/23,0.55,ft
-76.49165278,35.64075833,2/4/23,0.54,ft
-76.49165278,35.64075833,2/3/23,0.52,ft
-76.49165278,35.64075833,2/2/23,0.58,ft
-76.49165278,35.64075833,2/1/23,0.62,ft
-76.49165278,35.64075833,1/31/23,0.64,ft
-76.49165278,35.64075833,1/30/23,0.64,ft
-76.49165278,35.64075833,1/29/23,0.77,ft
-76.49165278,35.64075833,1/28/23,0.73,ft
-76.49165278,35.64075833,1/27/23,0.68,ft
-76.49165278,35.64075833,1/26/23,0.63,ft
-76.49165278,35.64075833,1/25/23,0.79,ft
-76.49165278,35.64075833,1/24/23,0.79,ft
-76.49165278,35.64075833,1/23/23,0.77,ft
-76.49165278,35.64075833,1/22/23,0.92,ft
-76.49165278,35.64075833,1/21/23,0.97,ft
-76.49165278,35.64075833,1/20/23,0.95,ft
-76.49165278,35.64075833,1/19/23,0.94,ft
-76.49165278,35.64075833,1/18/23,0.93,ft
-76.49165278,35.64075833,1/17/23,0.92,ft
-76.49165278,35.64075833,1/16/23,0.9,ft
-76.49165278,35.64075833,1/15/23,0.88,ft
-76.49165278,35.64075833,1/14/23,0.86,ft
-76.49165278,35.64075833,1/13/23,0.87,ft
-76.49165278,35.64075833,1/12/23,0.92,ft
-76.49165278,35.64075833,1/11/23,0.9,ft
-76.49165278,35.64075833,1/10/23,0.88,ft
-76.49165278,35.64075833,1/9/23,0.87,ft
-76.49165278,35.64075833,1/8/23,0.85,ft
-76.49165278,35.64075833,1/7/23,0.83,ft
-76.49165278,35.64075833,1/6/23,0.82,ft
-76.49165278,35.64075833,1/5/23,0.8,ft
-76.49165278,35.64075833,1/4/23,0.79,ft
-76.49165278,35.64075833,1/3/23,0.78,ft
-76.49165278,35.64075833,1/2/23,0.76,ft
-76.49165278,35.64075833,1/1/23,0.74,ft
-76.49165278,35.64075833,12/31/22,0.74,ft
-76.49165278,35.64075833,12/30/22,0.78,ft
-76.49165278,35.64075833,12/29/22,0.77,ft
-76.49165278,35.64075833,12/28/22,0.75,ft
-76.49165278,35.64075833,12/27/22,0.74,ft
-76.49165278,35.64075833,12/26/22,0.71,ft
-76.49165278,35.64075833,12/25/22,0.69,ft
-76.49165278,35.64075833,12/24/22,0.66,ft
-76.49165278,35.64075833,12/23/22,0.63,ft
-76.49165278,35.64075833,12/22/22,0.8,ft
-76.49165278,35.64075833,12/21/22,0.89,ft
-76.49165278,35.64075833,12/20/22,0.87,ft
-76.49165278,35.64075833,12/19/22,0.85,ft
-76.49165278,35.64075833,12/18/22,0.83,ft
-76.49165278,35.64075833,12/17/22,0.8,ft
-76.49165278,35.64075833,12/16/22,0.78,ft
-76.49165278,35.64075833,12/15/22,0.9,ft
-76.49165278,35.64075833,12/14/22,1.02,ft
-76.49165278,35.64075833,12/13/22,1.01,ft
-76.49165278,35.64075833,12/12/22,1,ft
-76.49165278,35.64075833,12/11/22,0.99,ft
-76.49165278,35.64075833,12/10/22,0.98,ft
-76.49165278,35.64075833,12/9/22,0.97,ft
-76.49165278,35.64075833,12/8/22,0.97,ft
-76.49165278,35.64075833,12/7/22,0.97,ft
-76.49165278,35.64075833,12/6/22,0.96,ft
-76.49165278,35.64075833,12/5/22,0.96,ft
-76.49165278,35.64075833,12/4/22,0.95,ft
-76.49165278,35.64075833,12/3/22,0.94,ft
-76.49165278,35.64075833,12/2/22,0.94,ft
-76.49165278,35.64075833,12/1/22,0.93,ft
-76.49165278,35.64075833,11/30/22,1.02,ft
-76.49165278,35.64075833,11/29/22,1.1,ft
-76.49165278,35.64075833,11/28/22,1.09,ft
-76.49165278,35.64075833,11/27/22,1.08,ft
-76.49165278,35.64075833,11/26/22,1.07,ft
-76.49165278,35.64075833,11/25/22,1.13,ft
-76.49165278,35.64075833,11/24/22,1.2,ft
-76.49165278,35.64075833,11/23/22,1.18,ft
-76.49165278,35.64075833,11/22/22,1.16,ft
-76.49165278,35.64075833,11/21/22,1.13,ft
-76.49165278,35.64075833,11/20/22,1.11,ft
-76.49165278,35.64075833,11/19/22,1.08,ft
-76.49165278,35.64075833,11/18/22,1.05,ft
-76.49165278,35.64075833,11/17/22,1.01,ft
-76.49165278,35.64075833,11/16/22,0.97,ft
-76.49165278,35.64075833,11/15/22,0.95,ft
-76.49165278,35.64075833,11/14/22,0.94,ft
-76.49165278,35.64075833,11/13/22,0.93,ft
-76.49165278,35.64075833,11/12/22,0.95,ft
-76.49165278,35.64075833,11/11/22,1.03,ft
-76.49165278,35.64075833,11/10/22,1.11,ft
-76.49165278,35.64075833,11/9/22,1.09,ft
-76.49165278,35.64075833,11/8/22,1.07,ft
-76.49165278,35.64075833,11/7/22,1.06,ft
-76.49165278,35.64075833,11/6/22,1.04,ft
-76.49165278,35.64075833,11/5/22,1.03,ft
-76.49165278,35.64075833,11/4/22,1.01,ft
-76.49165278,35.64075833,11/3/22,0.99,ft
-76.49165278,35.64075833,11/2/22,0.98,ft
-76.49165278,35.64075833,11/1/22,0.97,ft
-76.49165278,35.64075833,10/31/22,0.95,ft
-76.49165278,35.64075833,10/30/22,0.94,ft
-76.49165278,35.64075833,10/29/22,0.95,ft
-76.49165278,35.64075833,10/28/22,1.1,ft
-76.49165278,35.64075833,10/27/22,1.08,ft
-76.49165278,35.64075833,10/25/22,1.15,ft
-76.49165278,35.64075833,10/24/22,1.14,ft
-76.49165278,35.64075833,10/23/22,1.18,ft
-76.49165278,35.64075833,10/22/22,1.2,ft
-76.49165278,35.64075833,10/21/22,1.18,ft
-76.49165278,35.64075833,10/20/22,1.15,ft
-76.49165278,35.64075833,10/19/22,1.13,ft
-76.49165278,35.64075833,10/18/22,1.1,ft
-76.49165278,35.64075833,10/17/22,1.08,ft
-76.49165278,35.64075833,10/16/22,1.05,ft
-76.49165278,35.64075833,10/15/22,1.03,ft
-76.49165278,35.64075833,10/14/22,1,ft
-76.49165278,35.64075833,10/13/22,0.98,ft
-76.49165278,35.64075833,10/12/22,0.97,ft
-76.49165278,35.64075833,10/11/22,0.94,ft
-76.49165278,35.64075833,10/10/22,0.92,ft
-76.49165278,35.64075833,10/9/22,0.89,ft
-76.49165278,35.64075833,10/8/22,0.86,ft
-76.49165278,35.64075833,10/7/22,0.84,ft
-76.49165278,35.64075833,10/6/22,0.81,ft
-76.49165278,35.64075833,10/5/22,0.78,ft
-76.49165278,35.64075833,10/4/22,0.76,ft
-76.49165278,35.64075833,10/3/22,0.75,ft
-76.49165278,35.64075833,10/2/22,0.73,ft
-76.49165278,35.64075833,10/1/22,0.72,ft
-76.49165278,35.64075833,9/30/22,1.3,ft
-76.49165278,35.64075833,9/29/22,1.9,ft
-76.49165278,35.64075833,9/28/22,1.88,ft
-76.49165278,35.64075833,9/27/22,1.85,ft
-76.49165278,35.64075833,9/26/22,1.83,ft
-76.49165278,35.64075833,9/25/22,1.81,ft
-76.49165278,35.64075833,9/24/22,1.78,ft
-76.49165278,35.64075833,9/23/22,1.75,ft
-76.49165278,35.64075833,9/22/22,1.73,ft
-76.49165278,35.64075833,9/21/22,1.7,ft
-76.49165278,35.64075833,9/20/22,1.67,ft
-76.49165278,35.64075833,9/19/22,1.65,ft
-76.49165278,35.64075833,9/18/22,1.62,ft
-76.49165278,35.64075833,9/17/22,1.59,ft
-76.49165278,35.64075833,9/16/22,1.56,ft
-76.49165278,35.64075833,9/15/22,1.54,ft
-76.49165278,35.64075833,9/14/22,1.51,ft
-76.49165278,35.64075833,9/13/22,1.49,ft
-76.49165278,35.64075833,9/12/22,1.47,ft
-76.49165278,35.64075833,9/11/22,1.47,ft
-76.49165278,35.64075833,9/10/22,1.46,ft
-76.49165278,35.64075833,9/9/22,1.44,ft
-76.49165278,35.64075833,9/8/22,1.41,ft
-76.49165278,35.64075833,9/7/22,1.38,ft
-76.49165278,35.64075833,9/6/22,1.39,ft
-76.49165278,35.64075833,9/5/22,1.38,ft
-76.49165278,35.64075833,9/4/22,1.35,ft
-76.49165278,35.64075833,9/3/22,1.31,ft
-76.49165278,35.64075833,9/2/22,1.27,ft
-76.49165278,35.64075833,9/1/22,1.22,ft
-76.49165278,35.64075833,8/31/22,1.17,ft
-76.49165278,35.64075833,8/30/22,1.14,ft
-76.49165278,35.64075833,8/29/22,1.13,ft
-76.49165278,35.64075833,8/28/22,1.11,ft
-76.49165278,35.64075833,8/27/22,1.1,ft
-76.49165278,35.64075833,8/26/22,1.08,ft
-76.49165278,35.64075833,8/25/22,1.05,ft
-76.49165278,35.64075833,8/24/22,1.01,ft
-76.49165278,35.64075833,8/23/22,0.99,ft
-76.49165278,35.64075833,8/22/22,0.99,ft
-76.49165278,35.64075833,8/21/22,1.06,ft
-76.49165278,35.64075833,8/20/22,1.05,ft
-76.49165278,35.64075833,8/19/22,1.03,ft
-76.49165278,35.64075833,8/18/22,0.99,ft
-76.49165278,35.64075833,8/17/22,0.94,ft
-76.49165278,35.64075833,8/16/22,0.98,ft
-76.49165278,35.64075833,8/15/22,1,ft
-76.49165278,35.64075833,8/14/22,0.96,ft
-76.49165278,35.64075833,8/13/22,0.92,ft
-76.49165278,35.64075833,8/12/22,0.92,ft
-76.49165278,35.64075833,8/11/22,1,ft
-76.49165278,35.64075833,8/10/22,0.96,ft
-76.49165278,35.64075833,8/9/22,0.91,ft
-76.49165278,35.64075833,8/8/22,0.86,ft
-76.49165278,35.64075833,8/7/22,0.82,ft
-76.49165278,35.64075833,8/6/22,0.78,ft
-76.49165278,35.64075833,8/5/22,0.74,ft
-76.49165278,35.64075833,8/4/22,0.7,ft
-76.49165278,35.64075833,8/3/22,0.65,ft
-76.49165278,35.64075833,8/2/22,0.61,ft
-76.49165278,35.64075833,8/1/22,0.57,ft
-76.49165278,35.64075833,7/31/22,0.55,ft
-76.49165278,35.64075833,7/30/22,0.53,ft
-76.49165278,35.64075833,7/29/22,0.53,ft
-76.49165278,35.64075833,7/28/22,0.49,ft
-76.49165278,35.64075833,7/27/22,0.45,ft
-76.49165278,35.64075833,7/26/22,0.47,ft
-76.49165278,35.64075833,7/25/22,0.46,ft
-76.49165278,35.64075833,7/24/22,0.42,ft
-76.49165278,35.64075833,7/23/22,0.38,ft
-76.49165278,35.64075833,7/22/22,0.42,ft
-76.49165278,35.64075833,7/21/22,0.54,ft
-76.49165278,35.64075833,7/20/22,0.53,ft
-76.49165278,35.64075833,7/19/22,0.48,ft
-76.49165278,35.64075833,7/18/22,0.44,ft
-76.49165278,35.64075833,7/17/22,0.4,ft
-76.49165278,35.64075833,7/16/22,0.48,ft
-76.49165278,35.64075833,7/15/22,0.6,ft
-76.49165278,35.64075833,7/14/22,0.6,ft
-76.49165278,35.64075833,7/13/22,0.77,ft
-76.49165278,35.64075833,7/12/22,0.8,ft
-76.49165278,35.64075833,7/11/22,0.76,ft
-76.49165278,35.64075833,7/10/22,0.76,ft
-76.49165278,35.64075833,7/9/22,1.07,ft
-76.49165278,35.64075833,7/8/22,1.39,ft
-76.49165278,35.64075833,7/7/22,1.47,ft
-76.49165278,35.64075833,7/6/22,1.46,ft
-76.49165278,35.64075833,7/5/22,1.43,ft
-76.49165278,35.64075833,7/4/22,1.4,ft
-76.49165278,35.64075833,7/3/22,1.53,ft
-76.49165278,35.64075833,7/2/22,1.55,ft
-76.49165278,35.64075833,7/1/22,1.52,ft
-76.49165278,35.64075833,6/30/22,1.49,ft
-76.49165278,35.64075833,6/29/22,1.46,ft
-76.49165278,35.64075833,6/28/22,1.43,ft
-76.49165278,35.64075833,6/27/22,1.4,ft
-76.49165278,35.64075833,6/26/22,1.36,ft
-76.49165278,35.64075833,6/25/22,1.33,ft
-76.49165278,35.64075833,6/24/22,1.29,ft
-76.49165278,35.64075833,6/23/22,1.26,ft
-76.49165278,35.64075833,6/22/22,1.27,ft
-76.49165278,35.64075833,6/21/22,1.24,ft
-76.49165278,35.64075833,6/20/22,1.19,ft
-76.49165278,35.64075833,6/19/22,1.15,ft
-76.49165278,35.64075833,6/18/22,1.1,ft
-76.49165278,35.64075833,6/17/22,1.06,ft
-76.49165278,35.64075833,6/16/22,1.02,ft
-76.49165278,35.64075833,6/15/22,0.98,ft
-76.49165278,35.64075833,6/14/22,0.94,ft
-76.49165278,35.64075833,6/13/22,0.9,ft
-76.49165278,35.64075833,6/12/22,1.08,ft
-76.49165278,35.64075833,6/11/22,1.15,ft
-76.49165278,35.64075833,6/10/22,1.11,ft
-76.49165278,35.64075833,6/9/22,1.09,ft
-76.49165278,35.64075833,6/8/22,1.07,ft
-76.49165278,35.64075833,6/7/22,1.04,ft
-76.49165278,35.64075833,6/6/22,0.99,ft
-76.49165278,35.64075833,6/5/22,0.95,ft
-76.49165278,35.64075833,6/4/22,0.9,ft
-76.49165278,35.64075833,6/3/22,1.01,ft
-76.49165278,35.64075833,6/2/22,1.15,ft
-76.49165278,35.64075833,6/1/22,1.15,ft
-76.49165278,35.64075833,5/31/22,1.1,ft
-76.49165278,35.64075833,5/30/22,1.06,ft
-76.49165278,35.64075833,5/29/22,1.03,ft
-76.49165278,35.64075833,5/28/22,0.98,ft
-76.49165278,35.64075833,5/27/22,0.97,ft
-76.49165278,35.64075833,5/26/22,0.96,ft
-76.49165278,35.64075833,5/25/22,0.94,ft
-76.49165278,35.64075833,5/24/22,1.07,ft
-76.49165278,35.64075833,5/23/22,1.2,ft
-76.49165278,35.64075833,5/22/22,1.16,ft
-76.49165278,35.64075833,5/21/22,1.1,ft
-76.49165278,35.64075833,5/20/22,1.01,ft
-76.49165278,35.64075833,5/19/22,0.94,ft
-76.49165278,35.64075833,5/18/22,0.88,ft
-76.49165278,35.64075833,5/17/22,0.82,ft
-76.49165278,35.64075833,5/16/22,0.93,ft
-76.49165278,35.64075833,5/15/22,0.94,ft
-76.49165278,35.64075833,5/14/22,0.91,ft
-76.49165278,35.64075833,5/13/22,0.89,ft
-76.49165278,35.64075833,5/12/22,0.89,ft
-76.49165278,35.64075833,5/11/22,0.86,ft
-76.49165278,35.64075833,5/10/22,0.81,ft
-76.49165278,35.64075833,5/9/22,0.78,ft
-76.49165278,35.64075833,5/8/22,0.75,ft
-76.49165278,35.64075833,5/7/22,0.8,ft
-76.49165278,35.64075833,5/6/22,0.79,ft
-76.49165278,35.64075833,5/5/22,0.76,ft
-76.49165278,35.64075833,5/4/22,1.03,ft
-76.49165278,35.64075833,5/3/22,1.08,ft
-76.49165278,35.64075833,5/2/22,1.06,ft
-76.49165278,35.64075833,5/1/22,1.03,ft
-76.49165278,35.64075833,4/30/22,1.01,ft
-76.49165278,35.64075833,4/29/22,0.99,ft
-76.49165278,35.64075833,4/28/22,0.96,ft
-76.49165278,35.64075833,4/27/22,0.92,ft
-76.49165278,35.64075833,4/26/22,0.93,ft
-76.49165278,35.64075833,4/25/22,0.9,ft
-76.49165278,35.64075833,4/24/22,0.85,ft
-76.49165278,35.64075833,4/23/22,0.81,ft
-76.49165278,35.64075833,4/22/22,0.76,ft
-76.49165278,35.64075833,4/21/22,0.71,ft
-76.49165278,35.64075833,4/20/22,0.67,ft
-76.49165278,35.64075833,4/19/22,0.61,ft
-76.49165278,35.64075833,4/18/22,0.63,ft
-76.49165278,35.64075833,4/17/22,0.66,ft
-76.49165278,35.64075833,4/16/22,0.61,ft
-76.49165278,35.64075833,4/15/22,0.54,ft
-76.49165278,35.64075833,4/14/22,0.51,ft
-76.49165278,35.64075833,4/13/22,0.49,ft
-76.49165278,35.64075833,4/12/22,0.47,ft
-76.49165278,35.64075833,4/11/22,0.45,ft
-76.49165278,35.64075833,4/10/22,0.43,ft
-76.49165278,35.64075833,4/9/22,0.41,ft
-76.49165278,35.64075833,4/8/22,0.4,ft
-76.49165278,35.64075833,4/7/22,0.38,ft
-76.49165278,35.64075833,4/6/22,0.36,ft
-76.49165278,35.64075833,4/5/22,0.51,ft
-76.49165278,35.64075833,4/4/22,0.51,ft
-76.49165278,35.64075833,4/3/22,0.49,ft
-76.49165278,35.64075833,4/2/22,0.48,ft
-76.49165278,35.64075833,4/1/22,0.45,ft
-76.49165278,35.64075833,3/31/22,0.52,ft
-76.49165278,35.64075833,3/30/22,0.53,ft
-76.49165278,35.64075833,3/29/22,0.51,ft
-76.49165278,35.64075833,3/28/22,0.5,ft
-76.49165278,35.64075833,3/27/22,0.48,ft
-76.49165278,35.64075833,3/26/22,0.46,ft
-76.49165278,35.64075833,3/25/22,0.44,ft
-76.49165278,35.64075833,3/24/22,0.53,ft
-76.49165278,35.64075833,3/23/22,0.67,ft
-76.49165278,35.64075833,3/22/22,0.66,ft
-76.49165278,35.64075833,3/21/22,0.64,ft
-76.49165278,35.64075833,3/20/22,0.62,ft
-76.49165278,35.64075833,3/19/22,0.6,ft
-76.49165278,35.64075833,3/18/22,0.58,ft
-76.49165278,35.64075833,3/17/22,0.57,ft
-76.49165278,35.64075833,3/16/22,0.64,ft
-76.49165278,35.64075833,3/15/22,0.62,ft
-76.49165278,35.64075833,3/14/22,0.6,ft
-76.49165278,35.64075833,3/13/22,0.57,ft
-76.49165278,35.64075833,3/12/22,0.63,ft
-76.49165278,35.64075833,3/11/22,0.75,ft
-76.49165278,35.64075833,3/10/22,0.76,ft
-76.49165278,35.64075833,3/9/22,0.77,ft
-76.49165278,35.64075833,3/8/22,0.84,ft
-76.49165278,35.64075833,3/7/22,0.83,ft
-76.49165278,35.64075833,3/6/22,0.82,ft
-76.49165278,35.64075833,3/5/22,0.81,ft
-76.49165278,35.64075833,3/4/22,0.8,ft
-76.49165278,35.64075833,3/3/22,0.79,ft
-76.49165278,35.64075833,3/2/22,0.78,ft
-76.49165278,35.64075833,3/1/22,0.77,ft
-76.49165278,35.64075833,2/28/22,0.76,ft
-76.49165278,35.64075833,2/27/22,0.77,ft
-76.49165278,35.64075833,2/26/22,0.76,ft
-76.49165278,35.64075833,2/25/22,0.75,ft
-76.49165278,35.64075833,2/24/22,0.75,ft
-76.49165278,35.64075833,2/23/22,0.74,ft
-76.49165278,35.64075833,2/22/22,0.74,ft
-76.49165278,35.64075833,2/21/22,0.73,ft
-76.49165278,35.64075833,2/20/22,0.72,ft
-76.49165278,35.64075833,2/19/22,0.71,ft
-76.49165278,35.64075833,2/18/22,0.7,ft
-76.49165278,35.64075833,2/17/22,0.7,ft
-76.49165278,35.64075833,2/16/22,0.69,ft
-76.49165278,35.64075833,2/15/22,0.68,ft
-76.49165278,35.64075833,2/14/22,0.67,ft
-76.49165278,35.64075833,2/13/22,0.67,ft
-76.49165278,35.64075833,2/12/22,0.66,ft
-76.49165278,35.64075833,2/11/22,0.65,ft
-76.49165278,35.64075833,2/10/22,0.64,ft
-76.49165278,35.64075833,2/9/22,0.63,ft
-76.49165278,35.64075833,2/8/22,0.62,ft
-76.49165278,35.64075833,2/7/22,0.68,ft
-76.49165278,35.64075833,2/6/22,0.71,ft
-76.49165278,35.64075833,2/5/22,0.69,ft
-76.49165278,35.64075833,2/4/22,0.74,ft
-76.49165278,35.64075833,2/3/22,0.74,ft
-76.49165278,35.64075833,2/2/22,0.72,ft
-76.49165278,35.64075833,2/1/22,0.71,ft
-76.49165278,35.64075833,1/31/22,0.7,ft
-76.49165278,35.64075833,1/30/22,0.69,ft
-76.49165278,35.64075833,1/29/22,0.68,ft
-76.49165278,35.64075833,1/28/22,0.7,ft
-76.49165278,35.64075833,1/27/22,0.69,ft
-76.49165278,35.64075833,1/26/22,0.67,ft
-76.49165278,35.64075833,1/25/22,0.68,ft
-76.49165278,35.64075833,1/24/22,0.69,ft
-76.49165278,35.64075833,1/23/22,0.71,ft
-76.49165278,35.64075833,1/22/22,0.73,ft
-76.49165278,35.64075833,1/21/22,0.75,ft
-76.49165278,35.64075833,1/20/22,0.77,ft
-76.49165278,35.64075833,1/19/22,0.77,ft
-76.49165278,35.64075833,1/18/22,0.75,ft
-76.49165278,35.64075833,1/17/22,0.74,ft
-76.49165278,35.64075833,1/16/22,1.03,ft
-76.49165278,35.64075833,1/15/22,1.15,ft
-76.49165278,35.64075833,1/14/22,1.14,ft
-76.49165278,35.64075833,1/13/22,1.14,ft
-76.49165278,35.64075833,1/12/22,1.13,ft
-76.49165278,35.64075833,1/11/22,1.11,ft
-76.49165278,35.64075833,1/10/22,1.12,ft
-76.49165278,35.64075833,1/9/22,1.2,ft
-76.49165278,35.64075833,1/8/22,1.19,ft
-76.49165278,35.64075833,1/7/22,1.17,ft
-76.49165278,35.64075833,1/6/22,1.17,ft
-76.49165278,35.64075833,1/5/22,1.27,ft
-76.49165278,35.64075833,1/4/22,1.3,ft
-76.49165278,35.64075833,1/3/22,1.38,ft
-76.49165278,35.64075833,1/2/22,1.58,ft
-76.49165278,35.64075833,1/1/22,1.57,ft
-76.49165278,35.64075833,12/31/21,1.56,ft
-76.49165278,35.64075833,12/30/21,1.6,ft
-76.49165278,35.64075833,12/29/21,1.72,ft
-76.49165278,35.64075833,12/28/21,1.71,ft
-76.49165278,35.64075833,12/27/21,1.71,ft
-76.49165278,35.64075833,12/26/21,1.7,ft
-76.49165278,35.64075833,12/25/21,1.68,ft
-76.49165278,35.64075833,12/24/21,1.67,ft
-76.49165278,35.64075833,12/23/21,1.66,ft
-76.49165278,35.64075833,12/22/21,1.66,ft
-76.49165278,35.64075833,12/21/21,1.67,ft
-76.49165278,35.64075833,12/20/21,1.66,ft
-76.49165278,35.64075833,12/19/21,1.72,ft
-76.49165278,35.64075833,12/18/21,1.75,ft
-76.49165278,35.64075833,12/17/21,1.74,ft
-76.49165278,35.64075833,12/16/21,1.73,ft
-76.49165278,35.64075833,12/15/21,1.72,ft
-76.49165278,35.64075833,12/14/21,1.71,ft
-76.49165278,35.64075833,12/13/21,1.7,ft
-76.49165278,35.64075833,12/12/21,1.69,ft
-76.49165278,35.64075833,12/11/21,1.68,ft
-76.49165278,35.64075833,12/10/21,1.68,ft
-76.49165278,35.64075833,12/9/21,1.68,ft
-76.49165278,35.64075833,12/8/21,1.79,ft
-76.49165278,35.64075833,12/7/21,1.94,ft
-76.49165278,35.64075833,12/6/21,1.93,ft
-76.49165278,35.64075833,12/5/21,1.92,ft
-76.49165278,35.64075833,12/4/21,1.9,ft
-76.49165278,35.64075833,12/3/21,1.89,ft
-76.49165278,35.64075833,12/2/21,1.88,ft
-76.49165278,35.64075833,12/1/21,1.87,ft
-76.49165278,35.64075833,11/30/21,1.86,ft
-76.49165278,35.64075833,11/29/21,1.85,ft
-76.49165278,35.64075833,11/28/21,1.84,ft
-76.49165278,35.64075833,11/27/21,1.83,ft
-76.49165278,35.64075833,11/26/21,1.82,ft
-76.49165278,35.64075833,11/25/21,1.82,ft
-76.49165278,35.64075833,11/24/21,1.81,ft
-76.49165278,35.64075833,11/23/21,1.8,ft
-76.49165278,35.64075833,11/22/21,1.8,ft
-76.49165278,35.64075833,11/21/21,1.79,ft
-76.49165278,35.64075833,11/20/21,1.78,ft
-76.49165278,35.64075833,11/19/21,1.77,ft
-76.49165278,35.64075833,11/18/21,1.75,ft
-76.49165278,35.64075833,11/17/21,1.74,ft
-76.49165278,35.64075833,11/16/21,1.73,ft
-76.49165278,35.64075833,11/15/21,1.72,ft
-76.49165278,35.64075833,11/14/21,1.71,ft
-76.49165278,35.64075833,11/13/21,1.69,ft
-76.49165278,35.64075833,11/12/21,1.7,ft
-76.49165278,35.64075833,11/11/21,1.71,ft
-76.49165278,35.64075833,11/10/21,1.69,ft
-76.49165278,35.64075833,11/9/21,1.68,ft
-76.49165278,35.64075833,11/8/21,1.67,ft
-76.49165278,35.64075833,11/7/21,1.66,ft
-76.49165278,35.64075833,11/6/21,1.65,ft
-76.49165278,35.64075833,11/5/21,1.64,ft
-76.49165278,35.64075833,11/4/21,1.63,ft
-76.49165278,35.64075833,11/3/21,1.61,ft
-76.49165278,35.64075833,11/2/21,1.6,ft
-76.49165278,35.64075833,11/1/21,1.58,ft
-76.49165278,35.64075833,10/31/21,1.57,ft
-76.49165278,35.64075833,10/30/21,1.56,ft
-76.49165278,35.64075833,10/29/21,1.61,ft
-76.49165278,35.64075833,10/28/21,1.67,ft
-76.49165278,35.64075833,10/27/21,1.66,ft
-76.49165278,35.64075833,10/26/21,1.66,ft
-76.49165278,35.64075833,10/25/21,1.7,ft
-76.49165278,35.64075833,10/24/21,1.7,ft
-76.49165278,35.64075833,10/23/21,1.68,ft
-76.49165278,35.64075833,10/22/21,1.71,ft
-76.49165278,35.64075833,10/21/21,1.72,ft
-76.49165278,35.64075833,10/20/21,1.7,ft
-76.49165278,35.64075833,10/19/21,1.67,ft
-76.49165278,35.64075833,10/18/21,1.65,ft
-76.49165278,35.64075833,10/17/21,1.63,ft
-76.49165278,35.64075833,10/16/21,1.61,ft
-76.49165278,35.64075833,10/15/21,1.59,ft
-76.49165278,35.64075833,10/14/21,1.57,ft
-76.49165278,35.64075833,10/13/21,1.56,ft
-76.49165278,35.64075833,10/12/21,1.55,ft
-76.49165278,35.64075833,10/11/21,1.54,ft
-76.49165278,35.64075833,10/10/21,1.53,ft
-76.49165278,35.64075833,10/9/21,1.55,ft
-76.49165278,35.64075833,10/8/21,1.54,ft
-76.49165278,35.64075833,10/7/21,1.52,ft
-76.49165278,35.64075833,10/6/21,1.5,ft
-76.49165278,35.64075833,10/5/21,1.47,ft
-76.49165278,35.64075833,10/4/21,1.45,ft
-76.49165278,35.64075833,10/3/21,1.42,ft
-76.49165278,35.64075833,10/2/21,1.4,ft
-76.49165278,35.64075833,10/1/21,1.37,ft
-76.49165278,35.64075833,9/30/21,1.35,ft
-76.49165278,35.64075833,9/29/21,1.32,ft
-76.49165278,35.64075833,9/28/21,1.29,ft
-76.49165278,35.64075833,9/27/21,1.26,ft
-76.49165278,35.64075833,9/26/21,1.23,ft
-76.49165278,35.64075833,9/25/21,1.2,ft
-76.49165278,35.64075833,9/24/21,1.17,ft
-76.49165278,35.64075833,9/23/21,1.22,ft
-76.49165278,35.64075833,9/22/21,1.27,ft
-76.49165278,35.64075833,9/21/21,1.24,ft
-76.49165278,35.64075833,9/20/21,1.21,ft
-76.49165278,35.64075833,9/19/21,1.18,ft
-76.49165278,35.64075833,9/18/21,1.14,ft
-76.49165278,35.64075833,9/17/21,1.12,ft
-76.49165278,35.64075833,9/16/21,1.12,ft
-76.49165278,35.64075833,9/15/21,1.1,ft
-76.49165278,35.64075833,9/14/21,1.06,ft
-76.49165278,35.64075833,9/13/21,1.02,ft
-76.49165278,35.64075833,9/12/21,0.98,ft
-76.49165278,35.64075833,9/11/21,0.93,ft
-76.49165278,35.64075833,9/10/21,0.89,ft
-76.49165278,35.64075833,9/9/21,0.86,ft
-76.49165278,35.64075833,9/8/21,0.83,ft
-76.49165278,35.64075833,9/7/21,0.8,ft
-76.49165278,35.64075833,9/6/21,0.76,ft
-76.49165278,35.64075833,9/5/21,0.73,ft
-76.49165278,35.64075833,9/4/21,0.69,ft
-76.49165278,35.64075833,9/3/21,0.65,ft
-76.49165278,35.64075833,9/2/21,0.62,ft
-76.49165278,35.64075833,9/1/21,0.59,ft
-76.49165278,35.64075833,8/31/21,0.56,ft
-76.49165278,35.64075833,8/30/21,0.52,ft
-76.49165278,35.64075833,8/29/21,0.49,ft
-76.49165278,35.64075833,8/28/21,0.46,ft
-76.49165278,35.64075833,8/27/21,0.43,ft
-76.49165278,35.64075833,8/25/21,0.39,ft
-76.49165278,35.64075833,8/24/21,0.38,ft
-76.49165278,35.64075833,8/23/21,0.36,ft
-76.49165278,35.64075833,8/22/21,0.32,ft
-76.49165278,35.64075833,8/21/21,0.37,ft
-76.49165278,35.64075833,8/20/21,0.45,ft
-76.49165278,35.64075833,8/19/21,0.46,ft
-76.49165278,35.64075833,8/18/21,0.49,ft
-76.49165278,35.64075833,8/17/21,0.53,ft
-76.49165278,35.64075833,8/16/21,0.5,ft
-76.49165278,35.64075833,8/15/21,0.47,ft
-76.49165278,35.64075833,8/14/21,0.44,ft
-76.49165278,35.64075833,8/13/21,0.39,ft
-76.49165278,35.64075833,8/12/21,0.35,ft
-76.49165278,35.64075833,8/11/21,0.29,ft
-76.49165278,35.64075833,8/10/21,0.25,ft
-76.49165278,35.64075833,8/9/21,0.21,ft
-76.49165278,35.64075833,8/8/21,0.16,ft
-76.49165278,35.64075833,8/7/21,0.15,ft
-76.49165278,35.64075833,8/6/21,0.2,ft
-76.49165278,35.64075833,8/5/21,0.19,ft
-76.49165278,35.64075833,8/4/21,0.22,ft
-76.49165278,35.64075833,8/3/21,0.7,ft
-76.49165278,35.64075833,8/2/21,0.8,ft
-76.49165278,35.64075833,8/1/21,0.93,ft
-76.49165278,35.64075833,7/31/21,0.96,ft
-76.49165278,35.64075833,7/30/21,0.91,ft
-76.49165278,35.64075833,7/29/21,0.86,ft
-76.49165278,35.64075833,7/28/21,1.1,ft
-76.49165278,35.64075833,7/27/21,1.21,ft
-76.49165278,35.64075833,7/26/21,1.21,ft
-76.49165278,35.64075833,7/25/21,1.17,ft
-76.49165278,35.64075833,7/24/21,1.14,ft
-76.49165278,35.64075833,7/23/21,1.1,ft
-76.49165278,35.64075833,7/22/21,1.07,ft
-76.49165278,35.64075833,7/21/21,1.04,ft
-76.49165278,35.64075833,7/20/21,1.06,ft
-76.49165278,35.64075833,7/19/21,1.39,ft
-76.49165278,35.64075833,7/18/21,1.45,ft
-76.49165278,35.64075833,7/17/21,1.42,ft
-76.49165278,35.64075833,7/16/21,1.38,ft
-76.49165278,35.64075833,7/15/21,1.34,ft
-76.49165278,35.64075833,7/14/21,1.31,ft
-76.49165278,35.64075833,6/28/21,1.2,ft
-76.49165278,35.64075833,6/27/21,1.16,ft
-76.49165278,35.64075833,6/26/21,1.12,ft
-76.49165278,35.64075833,6/25/21,1.09,ft
-76.49165278,35.64075833,6/24/21,1.05,ft
-76.49165278,35.64075833,6/23/21,0.99,ft
-76.49165278,35.64075833,6/22/21,1.07,ft
-76.49165278,35.64075833,6/21/21,1.09,ft
-76.49165278,35.64075833,6/20/21,1.3,ft
-76.49165278,35.64075833,6/19/21,1.3,ft
-76.49165278,35.64075833,6/18/21,1.26,ft
-76.49165278,35.64075833,6/17/21,1.21,ft
-76.49165278,35.64075833,6/16/21,1.16,ft
-76.49165278,35.64075833,6/15/21,1.12,ft
-76.49165278,35.64075833,6/14/21,1.07,ft
-76.49165278,35.64075833,6/13/21,1.03,ft
-76.49165278,35.64075833,6/12/21,0.99,ft
-76.49165278,35.64075833,6/11/21,1.03,ft
-76.49165278,35.64075833,6/10/21,1.05,ft
-76.49165278,35.64075833,6/9/21,1.11,ft
-76.49165278,35.64075833,6/8/21,1.07,ft
-76.49165278,35.64075833,6/7/21,1.03,ft
-76.49165278,35.64075833,6/6/21,0.97,ft
-76.49165278,35.64075833,6/5/21,0.92,ft
-76.49165278,35.64075833,6/4/21,0.89,ft
-76.49165278,35.64075833,6/3/21,1.28,ft
-76.49165278,35.64075833,6/2/21,1.44,ft
-76.49165278,35.64075833,6/1/21,1.43,ft
-76.49165278,35.64075833,5/31/21,1.4,ft
-76.49165278,35.64075833,5/30/21,1.41,ft
-76.49165278,35.64075833,5/29/21,1.52,ft
-76.49165278,35.64075833,5/28/21,1.5,ft
-76.49165278,35.64075833,5/27/21,1.48,ft
-76.49165278,35.64075833,5/26/21,1.43,ft
-76.49165278,35.64075833,5/25/21,1.53,ft
-76.49165278,35.64075833,5/24/21,1.61,ft
-76.49165278,35.64075833,5/23/21,1.58,ft
-76.49165278,35.64075833,5/22/21,1.56,ft
-76.49165278,35.64075833,5/21/21,1.53,ft
-76.49165278,35.64075833,5/20/21,1.51,ft
-76.49165278,35.64075833,5/19/21,1.48,ft
-76.49165278,35.64075833,5/18/21,1.46,ft
-76.49165278,35.64075833,5/17/21,1.44,ft
-76.49165278,35.64075833,5/16/21,1.41,ft
-76.49165278,35.64075833,5/15/21,1.39,ft
-76.49165278,35.64075833,5/14/21,1.37,ft
-76.49165278,35.64075833,5/13/21,1.35,ft
-76.49165278,35.64075833,5/12/21,1.38,ft
-76.49165278,35.64075833,5/11/21,1.37,ft
-76.49165278,35.64075833,5/10/21,1.35,ft
-76.49165278,35.64075833,5/9/21,1.33,ft
-76.49165278,35.64075833,5/8/21,1.3,ft
-76.49165278,35.64075833,5/7/21,1.29,ft
-76.49165278,35.64075833,5/6/21,1.27,ft
-76.49165278,35.64075833,5/5/21,1.29,ft
-76.49165278,35.64075833,5/4/21,1.28,ft
-76.49165278,35.64075833,5/3/21,1.4,ft
-76.49165278,35.64075833,5/2/21,1.49,ft
-76.49165278,35.64075833,5/1/21,1.47,ft
-76.49165278,35.64075833,4/30/21,1.45,ft
-76.49165278,35.64075833,4/29/21,1.43,ft
-76.49165278,35.64075833,4/28/21,1.42,ft
-76.49165278,35.64075833,4/27/21,1.4,ft
-76.49165278,35.64075833,4/26/21,1.39,ft
-76.49165278,35.64075833,4/25/21,1.37,ft
-76.49165278,35.64075833,4/24/21,1.38,ft
-76.49165278,35.64075833,4/23/21,1.36,ft
-76.49165278,35.64075833,4/22/21,1.35,ft
-76.49165278,35.64075833,4/21/21,1.33,ft
-76.49165278,35.64075833,4/20/21,1.31,ft
-76.49165278,35.64075833,4/19/21,1.3,ft
-76.49165278,35.64075833,4/18/21,1.29,ft
-76.49165278,35.64075833,4/17/21,1.27,ft
-76.49165278,35.64075833,4/16/21,1.25,ft
-76.49165278,35.64075833,4/15/21,1.24,ft
-76.49165278,35.64075833,4/14/21,1.24,ft
-76.49165278,35.64075833,4/13/21,1.22,ft
-76.49165278,35.64075833,4/12/21,1.19,ft
-76.49165278,35.64075833,4/11/21,1.17,ft
-76.49165278,35.64075833,4/10/21,1.17,ft
-76.49165278,35.64075833,4/9/21,1.28,ft
-76.49165278,35.64075833,4/8/21,1.26,ft
-76.49165278,35.64075833,4/7/21,1.24,ft
-76.49165278,35.64075833,4/6/21,1.22,ft
-76.49165278,35.64075833,4/5/21,1.2,ft
-76.49165278,35.64075833,4/4/21,1.18,ft
-76.49165278,35.64075833,4/3/21,1.15,ft
-76.49165278,35.64075833,4/2/21,1.12,ft
-76.49165278,35.64075833,4/1/21,1.12,ft
-76.49165278,35.64075833,3/31/21,1.22,ft
-76.49165278,35.64075833,3/30/21,1.2,ft
-76.49165278,35.64075833,3/29/21,1.18,ft
-76.49165278,35.64075833,3/28/21,1.15,ft
-76.49165278,35.64075833,3/27/21,1.14,ft
-76.49165278,35.64075833,3/26/21,1.12,ft
-76.49165278,35.64075833,3/25/21,1.08,ft
-76.49165278,35.64075833,3/24/21,1.05,ft
-76.49165278,35.64075833,3/23/21,1.02,ft
-76.49165278,35.64075833,3/22/21,0.99,ft
-76.49165278,35.64075833,3/21/21,0.96,ft
-76.49165278,35.64075833,3/20/21,0.92,ft
-76.49165278,35.64075833,3/19/21,0.94,ft
-76.49165278,35.64075833,3/18/21,0.99,ft
-76.49165278,35.64075833,3/17/21,0.96,ft
-76.49165278,35.64075833,3/16/21,1.07,ft
-76.49165278,35.64075833,3/15/21,1.2,ft
-76.49165278,35.64075833,3/14/21,1.18,ft
-76.49165278,35.64075833,3/13/21,1.16,ft
-76.49165278,35.64075833,3/12/21,1.14,ft
-76.49165278,35.64075833,3/11/21,1.12,ft
-76.49165278,35.64075833,3/10/21,1.1,ft
-76.49165278,35.64075833,3/9/21,1.07,ft
-76.49165278,35.64075833,3/8/21,1.05,ft
-76.49165278,35.64075833,3/7/21,1.02,ft
-76.49165278,35.64075833,3/6/21,0.99,ft
-76.49165278,35.64075833,3/5/21,0.95,ft
-76.49165278,35.64075833,3/4/21,0.91,ft
-76.49165278,35.64075833,3/3/21,0.87,ft
-76.49165278,35.64075833,3/2/21,0.83,ft
-76.49165278,35.64075833,3/1/21,0.79,ft
-76.49165278,35.64075833,2/28/21,0.75,ft
-76.49165278,35.64075833,2/27/21,0.69,ft
-76.49165278,35.64075833,2/26/21,0.76,ft
-76.49165278,35.64075833,2/25/21,0.71,ft
-76.49165278,35.64075833,2/24/21,0.65,ft
-76.49165278,35.64075833,2/23/21,0.58,ft
-76.49165278,35.64075833,2/22/21,0.58,ft
-76.49165278,35.64075833,2/21/21,0.54,ft
-76.49165278,35.64075833,2/20/21,0.46,ft
-76.49165278,35.64075833,2/19/21,0.45,ft
-76.49165278,35.64075833,2/18/21,0.69,ft
-76.49165278,35.64075833,2/17/21,0.75,ft
-76.49165278,35.64075833,2/16/21,0.69,ft
-76.49165278,35.64075833,2/15/21,0.68,ft
-76.49165278,35.64075833,2/14/21,0.82,ft
-76.49165278,35.64075833,2/13/21,0.9,ft
-76.49165278,35.64075833,2/12/21,0.93,ft
-76.49165278,35.64075833,2/11/21,0.98,ft
-76.49165278,35.64075833,2/10/21,0.96,ft
-76.49165278,35.64075833,2/9/21,0.93,ft
-76.49165278,35.64075833,2/8/21,0.89,ft
-76.49165278,35.64075833,2/7/21,0.87,ft
-76.49165278,35.64075833,2/6/21,0.88,ft
-76.49165278,35.64075833,2/5/21,0.88,ft
-76.49165278,35.64075833,2/4/21,0.86,ft
-76.49165278,35.64075833,2/3/21,0.82,ft
-76.49165278,35.64075833,2/2/21,0.77,ft
-76.49165278,35.64075833,2/1/21,0.72,ft
-76.49165278,35.64075833,1/31/21,0.87,ft
-76.49165278,35.64075833,1/30/21,0.94,ft
-76.49165278,35.64075833,1/29/21,0.9,ft
-76.49165278,35.64075833,1/28/21,0.91,ft
-76.49165278,35.64075833,1/27/21,0.98,ft
-76.49165278,35.64075833,1/26/21,0.99,ft
-76.49165278,35.64075833,1/25/21,1.08,ft
-76.49165278,35.64075833,1/24/21,1.08,ft
-76.49165278,35.64075833,1/23/21,1.05,ft
-76.49165278,35.64075833,1/22/21,1.02,ft
-76.49165278,35.64075833,1/21/21,0.99,ft
-76.49165278,35.64075833,1/20/21,0.95,ft
-76.49165278,35.64075833,1/19/21,0.92,ft
-76.49165278,35.64075833,1/18/21,0.87,ft
-76.49165278,35.64075833,1/17/21,0.83,ft
-76.49165278,35.64075833,1/16/21,0.77,ft
-76.49165278,35.64075833,1/15/21,0.77,ft
-76.49165278,35.64075833,1/14/21,0.73,ft
-76.49165278,35.64075833,1/13/21,0.69,ft
-76.49165278,35.64075833,1/12/21,0.66,ft
-76.49165278,35.64075833,1/11/21,0.63,ft
-76.49165278,35.64075833,1/10/21,0.58,ft
-76.49165278,35.64075833,1/9/21,0.52,ft
-76.49165278,35.64075833,1/8/21,0.56,ft
-76.49165278,35.64075833,1/7/21,0.54,ft
-76.49165278,35.64075833,1/6/21,0.49,ft
-76.49165278,35.64075833,1/5/21,0.47,ft
-76.49165278,35.64075833,1/4/21,0.44,ft
-76.49165278,35.64075833,1/3/21,0.41,ft
-76.49165278,35.64075833,1/2/21,0.44,ft
-76.49165278,35.64075833,1/1/21,0.44,ft
-76.49165278,35.64075833,12/31/20,0.8,ft
-76.49165278,35.64075833,12/30/20,0.87,ft
-76.49165278,35.64075833,12/29/20,0.83,ft
-76.49165278,35.64075833,12/28/20,0.79,ft
-76.49165278,35.64075833,12/27/20,0.74,ft
-76.49165278,35.64075833,12/26/20,0.7,ft
-76.49165278,35.64075833,12/25/20,0.64,ft
-76.49165278,35.64075833,12/24/20,0.84,ft
-76.49165278,35.64075833,12/23/20,0.86,ft
-76.49165278,35.64075833,12/22/20,0.82,ft
-76.49165278,35.64075833,12/21/20,0.78,ft
-76.49165278,35.64075833,12/20/20,0.8,ft
-76.49165278,35.64075833,12/19/20,0.8,ft
-76.49165278,35.64075833,12/18/20,0.76,ft
-76.49165278,35.64075833,12/17/20,0.71,ft
-76.49165278,35.64075833,12/16/20,0.83,ft
-76.49165278,35.64075833,12/15/20,0.91,ft
-76.49165278,35.64075833,12/14/20,0.96,ft
-76.49165278,35.64075833,12/13/20,1.02,ft
-76.49165278,35.64075833,12/12/20,1.06,ft
-76.49165278,35.64075833,12/11/20,1.03,ft
-76.49165278,35.64075833,12/10/20,0.99,ft
-76.49165278,35.64075833,12/9/20,0.95,ft
-76.49165278,35.64075833,12/8/20,0.92,ft
-76.49165278,35.64075833,12/7/20,0.91,ft
-76.49165278,35.64075833,12/6/20,0.9,ft
-76.49165278,35.64075833,12/5/20,0.88,ft
-76.49165278,35.64075833,12/4/20,0.89,ft
-76.49165278,35.64075833,12/3/20,0.86,ft
-76.49165278,35.64075833,12/2/20,0.82,ft
-76.49165278,35.64075833,12/1/20,0.79,ft
-76.49165278,35.64075833,11/30/20,0.78,ft
-76.49165278,35.64075833,11/29/20,0.87,ft
-76.49165278,35.64075833,11/28/20,0.84,ft
-76.49165278,35.64075833,11/27/20,0.81,ft
-76.49165278,35.64075833,11/26/20,0.8,ft
-76.49165278,35.64075833,11/25/20,0.81,ft
-76.49165278,35.64075833,11/24/20,0.75,ft
-76.49165278,35.64075833,11/23/20,0.73,ft
-76.49165278,35.64075833,11/22/20,0.75,ft
-76.49165278,35.64075833,11/21/20,0.72,ft
-76.49165278,35.64075833,11/20/20,0.69,ft
-76.49165278,35.64075833,11/19/20,0.66,ft
-76.49165278,35.64075833,11/18/20,0.63,ft
-76.49165278,35.64075833,11/17/20,0.59,ft
-76.49165278,35.64075833,11/16/20,0.56,ft
-76.49165278,35.64075833,11/15/20,0.53,ft
-76.49165278,35.64075833,11/14/20,0.5,ft
-76.49165278,35.64075833,11/13/20,0.47,ft
-76.49165278,35.64075833,11/12/20,0.85,ft
-76.49165278,35.64075833,11/11/20,1.53,ft
-76.49165278,35.64075833,11/10/20,1.52,ft
-76.49165278,35.64075833,11/9/20,1.51,ft
-76.49165278,35.64075833,11/8/20,1.5,ft
-76.49165278,35.64075833,11/7/20,1.49,ft
-76.49165278,35.64075833,11/6/20,1.48,ft
-76.49165278,35.64075833,11/5/20,1.48,ft
-76.49165278,35.64075833,11/4/20,1.47,ft
-76.49165278,35.64075833,11/3/20,1.45,ft
-76.49165278,35.64075833,11/2/20,1.45,ft
-76.49165278,35.64075833,11/1/20,1.54,ft
-76.49165278,35.64075833,10/31/20,1.57,ft
-76.49165278,35.64075833,10/30/20,1.56,ft
-76.49165278,35.64075833,10/29/20,1.55,ft
-76.49165278,35.64075833,10/28/20,1.54,ft
-76.49165278,35.64075833,10/27/20,1.54,ft
-76.49165278,35.64075833,10/26/20,1.54,ft
-76.49165278,35.64075833,10/25/20,1.67,ft
-76.49165278,35.64075833,10/24/20,1.79,ft
-76.49165278,35.64075833,10/23/20,1.78,ft
-76.49165278,35.64075833,10/22/20,1.77,ft
-76.49165278,35.64075833,10/21/20,1.76,ft
-76.49165278,35.64075833,10/20/20,1.74,ft
-76.49165278,35.64075833,10/19/20,1.73,ft
-76.49165278,35.64075833,10/18/20,1.72,ft
-76.49165278,35.64075833,10/17/20,1.7,ft
-76.49165278,35.64075833,10/16/20,1.7,ft
-76.49165278,35.64075833,10/15/20,1.68,ft
-76.49165278,35.64075833,10/14/20,1.67,ft
-76.49165278,35.64075833,10/13/20,1.66,ft
-76.49165278,35.64075833,10/12/20,1.67,ft
-76.49165278,35.64075833,10/11/20,1.72,ft
-76.49165278,35.64075833,10/10/20,1.72,ft
-76.49165278,35.64075833,10/9/20,1.71,ft
-76.49165278,35.64075833,10/8/20,1.69,ft
-76.49165278,35.64075833,10/7/20,1.67,ft
-76.49165278,35.64075833,10/6/20,1.65,ft
-76.49165278,35.64075833,10/5/20,1.64,ft
-76.49165278,35.64075833,10/4/20,1.64,ft
-76.49165278,35.64075833,10/3/20,1.63,ft
-76.49165278,35.64075833,10/2/20,1.62,ft
-76.49165278,35.64075833,10/1/20,1.6,ft
-76.49165278,35.64075833,9/30/20,1.6,ft
-76.49165278,35.64075833,9/29/20,1.67,ft
-76.49165278,35.64075833,9/28/20,1.69,ft
-76.49165278,35.64075833,9/27/20,1.69,ft
-76.49165278,35.64075833,9/26/20,1.72,ft
-76.49165278,35.64075833,9/25/20,1.74,ft
-76.49165278,35.64075833,9/24/20,1.73,ft
-76.49165278,35.64075833,9/23/20,1.71,ft
-76.49165278,35.64075833,9/22/20,1.7,ft
-76.49165278,35.64075833,9/21/20,1.68,ft
-76.49165278,35.64075833,9/20/20,1.66,ft
-76.49165278,35.64075833,9/19/20,1.65,ft
-76.49165278,35.64075833,9/18/20,1.62,ft
-76.49165278,35.64075833,9/17/20,2.22,ft
-76.49165278,35.64075833,9/16/20,2.33,ft
-76.49165278,35.64075833,9/15/20,2.3,ft
-76.49165278,35.64075833,9/14/20,2.26,ft
-76.49165278,35.64075833,9/13/20,2.24,ft
-76.49165278,35.64075833,9/12/20,2.21,ft
-76.49165278,35.64075833,9/11/20,2.2,ft
-76.49165278,35.64075833,9/10/20,2.18,ft
-76.49165278,35.64075833,9/9/20,2.17,ft
-76.49165278,35.64075833,9/8/20,2.16,ft
-76.49165278,35.64075833,9/7/20,2.13,ft
-76.49165278,35.64075833,9/6/20,2.1,ft
-76.49165278,35.64075833,9/5/20,2.06,ft
-76.49165278,35.64075833,9/4/20,2.03,ft
-76.49165278,35.64075833,9/3/20,1.99,ft
-76.49165278,35.64075833,9/2/20,1.97,ft
-76.49165278,35.64075833,9/1/20,1.96,ft
-76.49165278,35.64075833,8/31/20,1.94,ft
-76.49165278,35.64075833,8/30/20,1.9,ft
-76.49165278,35.64075833,8/29/20,1.88,ft
-76.49165278,35.64075833,8/28/20,1.85,ft
-76.49165278,35.64075833,8/27/20,1.82,ft
-76.49165278,35.64075833,8/26/20,1.8,ft
-76.49165278,35.64075833,8/25/20,1.77,ft
-76.49165278,35.64075833,8/24/20,1.76,ft
-76.49165278,35.64075833,8/23/20,1.75,ft
-76.49165278,35.64075833,8/22/20,1.74,ft
-76.49165278,35.64075833,8/21/20,1.75,ft
-76.49165278,35.64075833,8/20/20,1.75,ft
-76.49165278,35.64075833,8/19/20,1.73,ft
-76.49165278,35.64075833,8/18/20,1.71,ft
-76.49165278,35.64075833,8/17/20,1.69,ft
-76.49165278,35.64075833,8/16/20,1.67,ft
-76.49165278,35.64075833,8/15/20,1.68,ft
-76.49165278,35.64075833,8/14/20,1.65,ft
-76.49165278,35.64075833,8/13/20,1.81,ft
-76.49165278,35.64075833,8/12/20,1.88,ft
-76.49165278,35.64075833,8/11/20,1.86,ft
-76.49165278,35.64075833,8/10/20,1.83,ft
-76.49165278,35.64075833,8/9/20,1.81,ft
-76.49165278,35.64075833,8/8/20,1.79,ft
-76.49165278,35.64075833,8/7/20,1.79,ft
-76.49165278,35.64075833,8/6/20,1.77,ft
-76.49165278,35.64075833,8/5/20,1.76,ft
-76.49165278,35.64075833,8/4/20,1.74,ft
-76.49165278,35.64075833,8/3/20,1.81,ft
-76.49165278,35.64075833,8/2/20,1.78,ft
-76.49165278,35.64075833,8/1/20,1.88,ft
-76.49165278,35.64075833,7/31/20,1.94,ft
-76.49165278,35.64075833,7/30/20,1.91,ft
-76.49165278,35.64075833,7/29/20,1.89,ft
-76.49165278,35.64075833,7/28/20,1.86,ft
-76.49165278,35.64075833,7/27/20,1.83,ft
-76.49165278,35.64075833,7/26/20,1.8,ft
-76.49165278,35.64075833,7/25/20,1.76,ft
-76.49165278,35.64075833,7/24/20,1.83,ft
-76.49165278,35.64075833,7/23/20,1.81,ft
-76.49165278,35.64075833,7/22/20,1.77,ft
-76.49165278,35.64075833,7/21/20,1.74,ft
-76.49165278,35.64075833,7/20/20,1.7,ft
-76.49165278,35.64075833,7/19/20,1.66,ft
-76.49165278,35.64075833,7/18/20,1.63,ft
-76.49165278,35.64075833,7/17/20,1.59,ft
-76.49165278,35.64075833,7/16/20,1.56,ft
-76.49165278,35.64075833,7/15/20,1.52,ft
-76.49165278,35.64075833,7/14/20,1.49,ft
-76.49165278,35.64075833,7/13/20,1.46,ft
-76.49165278,35.64075833,7/12/20,1.42,ft
-76.49165278,35.64075833,7/11/20,1.39,ft
-76.49165278,35.64075833,7/10/20,1.35,ft
-76.49165278,35.64075833,7/9/20,1.33,ft
-76.49165278,35.64075833,7/8/20,1.32,ft
-76.49165278,35.64075833,7/7/20,1.3,ft
-76.49165278,35.64075833,7/6/20,1.27,ft
-76.49165278,35.64075833,7/5/20,1.23,ft
-76.49165278,35.64075833,7/4/20,1.21,ft
-76.49165278,35.64075833,7/3/20,1.16,ft
-76.49165278,35.64075833,7/2/20,1.13,ft
-76.49165278,35.64075833,7/1/20,1.25,ft
-76.49165278,35.64075833,6/30/20,1.22,ft
-76.49165278,35.64075833,6/29/20,1.17,ft
-76.49165278,35.64075833,6/28/20,1.12,ft
-76.49165278,35.64075833,6/27/20,1.07,ft
-76.49165278,35.64075833,6/26/20,1.01,ft
-76.49165278,35.64075833,6/25/20,0.98,ft
-76.49165278,35.64075833,6/24/20,0.98,ft
-76.49165278,35.64075833,6/23/20,0.95,ft
-76.49165278,35.64075833,6/22/20,0.92,ft
-76.49165278,35.64075833,6/21/20,0.87,ft
-76.49165278,35.64075833,6/20/20,0.99,ft
-76.49165278,35.64075833,6/19/20,1.04,ft
-76.49165278,35.64075833,6/18/20,1.01,ft
-76.49165278,35.64075833,6/17/20,0.96,ft
-76.49165278,35.64075833,6/16/20,0.98,ft
-76.49165278,35.64075833,6/15/20,1.08,ft
-76.49165278,35.64075833,6/14/20,1.1,ft
-76.49165278,35.64075833,6/13/20,1.09,ft
-76.49165278,35.64075833,6/12/20,1.24,ft
-76.49165278,35.64075833,6/11/20,1.32,ft
-76.49165278,35.64075833,6/10/20,1.28,ft
-76.49165278,35.64075833,6/9/20,1.24,ft
-76.49165278,35.64075833,6/8/20,1.2,ft
-76.49165278,35.64075833,6/7/20,1.16,ft
-76.49165278,35.64075833,6/6/20,1.12,ft
-76.49165278,35.64075833,6/5/20,1.09,ft
-76.49165278,35.64075833,6/4/20,1.04,ft
-76.49165278,35.64075833,6/3/20,0.98,ft
-76.49165278,35.64075833,6/2/20,0.93,ft
-76.49165278,35.64075833,6/1/20,0.89,ft
-76.49165278,35.64075833,5/31/20,0.83,ft
-76.49165278,35.64075833,5/30/20,0.8,ft
-76.49165278,35.64075833,5/29/20,0.89,ft
-76.49165278,35.64075833,5/28/20,1.01,ft
-76.49165278,35.64075833,5/27/20,1.12,ft
-76.49165278,35.64075833,5/26/20,1.11,ft
-76.49165278,35.64075833,5/25/20,1.08,ft
-76.49165278,35.64075833,5/24/20,1.05,ft
-76.49165278,35.64075833,5/23/20,1,ft
-76.49165278,35.64075833,5/22/20,0.97,ft
-76.49165278,35.64075833,5/21/20,1.11,ft
-76.49165278,35.64075833,5/20/20,1.18,ft
-76.49165278,35.64075833,5/19/20,1.24,ft
-76.49165278,35.64075833,5/18/20,1.39,ft
-76.49165278,35.64075833,5/17/20,1.62,ft
-76.49165278,35.64075833,5/16/20,1.6,ft
-76.49165278,35.64075833,5/15/20,1.58,ft
-76.49165278,35.64075833,5/14/20,1.57,ft
-76.49165278,35.64075833,5/13/20,1.55,ft
-76.49165278,35.64075833,5/12/20,1.54,ft
-76.49165278,35.64075833,5/11/20,1.52,ft
-76.49165278,35.64075833,5/10/20,1.51,ft
-76.49165278,35.64075833,5/9/20,1.49,ft
-76.49165278,35.64075833,5/8/20,1.48,ft
-76.49165278,35.64075833,5/7/20,1.47,ft
-76.49165278,35.64075833,5/6/20,1.51,ft
-76.49165278,35.64075833,5/5/20,1.53,ft
-76.49165278,35.64075833,5/4/20,1.52,ft
-76.49165278,35.64075833,5/3/20,1.5,ft
-76.49165278,35.64075833,5/2/20,1.49,ft
-76.49165278,35.64075833,5/1/20,1.49,ft
-76.49165278,35.64075833,4/30/20,1.55,ft
-76.49165278,35.64075833,4/29/20,1.56,ft
-76.49165278,35.64075833,4/28/20,1.55,ft
-76.49165278,35.64075833,4/27/20,1.54,ft
-76.49165278,35.64075833,4/26/20,1.53,ft
-76.49165278,35.64075833,4/25/20,1.53,ft
-76.49165278,35.64075833,4/24/20,1.54,ft
-76.49165278,35.64075833,4/23/20,1.55,ft
-76.49165278,35.64075833,4/22/20,1.56,ft
-76.49165278,35.64075833,4/21/20,1.57,ft
-76.49165278,35.64075833,4/20/20,1.67,ft
-76.49165278,35.64075833,4/19/20,1.74,ft
-76.49165278,35.64075833,4/18/20,1.74,ft
-76.49165278,35.64075833,4/17/20,1.73,ft
-76.49165278,35.64075833,4/16/20,1.71,ft
-76.49165278,35.64075833,4/15/20,1.68,ft
-76.49165278,35.64075833,4/14/20,1.66,ft
-76.49165278,35.64075833,4/13/20,1.68,ft
-76.49165278,35.64075833,4/12/20,1.69,ft
-76.49165278,35.64075833,4/11/20,1.67,ft
-76.49165278,35.64075833,4/10/20,1.64,ft
-76.49165278,35.64075833,4/9/20,1.61,ft
-76.49165278,35.64075833,4/8/20,1.59,ft
-76.49165278,35.64075833,4/7/20,1.59,ft
-76.49165278,35.64075833,4/6/20,1.66,ft
-76.49165278,35.64075833,4/5/20,1.65,ft
-76.49165278,35.64075833,4/4/20,1.62,ft
-76.49165278,35.64075833,4/3/20,1.59,ft
-76.49165278,35.64075833,4/2/20,1.56,ft
-76.49165278,35.64075833,4/1/20,1.53,ft
-76.49165278,35.64075833,3/31/20,1.7,ft
-76.49165278,35.64075833,3/30/20,1.69,ft
-76.49165278,35.64075833,3/29/20,1.66,ft
-76.49165278,35.64075833,3/28/20,1.63,ft
-76.49165278,35.64075833,3/27/20,1.61,ft
-76.49165278,35.64075833,3/26/20,1.58,ft
-76.49165278,35.64075833,3/25/20,1.65,ft
-76.49165278,35.64075833,3/24/20,1.78,ft
-76.49165278,35.64075833,3/23/20,1.8,ft
-76.49165278,35.64075833,3/22/20,1.83,ft
-76.49165278,35.64075833,3/21/20,1.82,ft
-76.49165278,35.64075833,3/20/20,1.8,ft
-76.49165278,35.64075833,3/19/20,1.79,ft
-76.49165278,35.64075833,3/18/20,1.78,ft
-76.49165278,35.64075833,3/17/20,1.76,ft
-76.49165278,35.64075833,3/16/20,1.75,ft
-76.49165278,35.64075833,3/15/20,1.75,ft
-76.49165278,35.64075833,3/14/20,1.74,ft
-76.49165278,35.64075833,3/13/20,1.72,ft
-76.49165278,35.64075833,3/12/20,1.7,ft
-76.49165278,35.64075833,3/11/20,1.68,ft
-76.49165278,35.64075833,3/10/20,1.66,ft
-76.49165278,35.64075833,3/9/20,1.63,ft
-76.49165278,35.64075833,3/8/20,1.61,ft
-76.49165278,35.64075833,3/7/20,1.57,ft
-76.49165278,35.64075833,3/6/20,1.58,ft
-76.49165278,35.64075833,3/5/20,1.66,ft
-76.49165278,35.64075833,3/4/20,1.65,ft
-76.49165278,35.64075833,3/3/20,1.62,ft
-76.49165278,35.64075833,3/2/20,1.6,ft
-76.49165278,35.64075833,3/1/20,1.58,ft
-76.49165278,35.64075833,2/29/20,1.55,ft
-76.49165278,35.64075833,2/28/20,1.52,ft
-76.49165278,35.64075833,2/27/20,1.49,ft
-76.49165278,35.64075833,2/26/20,1.46,ft
-76.49165278,35.64075833,2/25/20,1.45,ft
-76.49165278,35.64075833,2/24/20,1.43,ft
-76.49165278,35.64075833,2/23/20,1.39,ft
-76.49165278,35.64075833,2/22/20,1.34,ft
-76.49165278,35.64075833,2/21/20,1.32,ft
-76.49165278,35.64075833,2/20/20,1.44,ft
-76.49165278,35.64075833,2/19/20,1.44,ft
-76.49165278,35.64075833,2/18/20,1.43,ft
-76.49165278,35.64075833,2/17/20,1.4,ft
-76.49165278,35.64075833,2/16/20,1.44,ft
-76.49165278,35.64075833,2/15/20,1.4,ft
-76.49165278,35.64075833,2/14/20,1.36,ft
-76.49165278,35.64075833,2/13/20,1.37,ft
-76.49165278,35.64075833,2/12/20,1.34,ft
-76.49165278,35.64075833,2/11/20,1.34,ft
-76.49165278,35.64075833,2/10/20,1.29,ft
-76.49165278,35.64075833,2/9/20,1.23,ft
-76.49165278,35.64075833,2/8/20,1.16,ft
-76.49165278,35.64075833,2/7/20,1.09,ft
-76.49165278,35.64075833,2/6/20,1.49,ft
-76.49165278,35.64075833,2/5/20,1.52,ft
-76.49165278,35.64075833,2/4/20,1.49,ft
-76.49165278,35.64075833,2/3/20,1.45,ft
-76.49165278,35.64075833,2/2/20,1.41,ft
-76.49165278,35.64075833,2/1/20,1.39,ft
-76.49165278,35.64075833,1/31/20,1.53,ft
-76.49165278,35.64075833,1/30/20,1.5,ft
-76.49165278,35.64075833,1/29/20,1.47,ft
-76.49165278,35.64075833,1/28/20,1.43,ft
-76.49165278,35.64075833,1/27/20,1.4,ft
-76.49165278,35.64075833,1/26/20,1.35,ft
-76.49165278,35.64075833,1/25/20,1.31,ft
-76.49165278,35.64075833,1/24/20,1.27,ft
-76.49165278,35.64075833,1/23/20,1.22,ft
-76.49165278,35.64075833,1/22/20,1.2,ft
-76.49165278,35.64075833,1/21/20,1.18,ft
-76.49165278,35.64075833,1/20/20,1.16,ft
-76.49165278,35.64075833,1/19/20,1.13,ft
-76.49165278,35.64075833,1/18/20,1.11,ft
-76.49165278,35.64075833,1/17/20,1.07,ft
-76.49165278,35.64075833,1/16/20,1.03,ft
-76.49165278,35.64075833,1/15/20,0.99,ft
-76.49165278,35.64075833,1/14/20,0.93,ft
-76.49165278,35.64075833,1/13/20,0.95,ft
-76.49165278,35.64075833,1/12/20,0.96,ft
-76.49165278,35.64075833,1/11/20,0.95,ft
-76.49165278,35.64075833,1/10/20,0.88,ft
-76.49165278,35.64075833,1/9/20,0.82,ft
-76.49165278,35.64075833,1/8/20,0.8,ft
-76.49165278,35.64075833,1/7/20,0.79,ft
-76.49165278,35.64075833,1/6/20,0.77,ft
-76.49165278,35.64075833,1/5/20,0.75,ft
-76.49165278,35.64075833,1/4/20,0.79,ft
-76.49165278,35.64075833,1/3/20,0.87,ft
-76.49165278,35.64075833,1/2/20,0.86,ft
-76.49165278,35.64075833,1/1/20,0.84,ft
-76.49165278,35.64075833,12/31/19,0.83,ft
-76.49165278,35.64075833,12/30/19,0.82,ft
-76.49165278,35.64075833,12/29/19,0.81,ft
-76.49165278,35.64075833,12/28/19,0.8,ft
-76.49165278,35.64075833,12/27/19,0.78,ft
-76.49165278,35.64075833,12/26/19,0.77,ft
-76.49165278,35.64075833,12/25/19,0.75,ft
-76.49165278,35.64075833,12/24/19,0.74,ft
-76.49165278,35.64075833,12/23/19,0.73,ft
-76.49165278,35.64075833,12/22/19,0.73,ft
-76.49165278,35.64075833,12/21/19,0.71,ft
-76.49165278,35.64075833,12/20/19,0.7,ft
-76.49165278,35.64075833,12/19/19,0.68,ft
-76.49165278,35.64075833,12/18/19,0.66,ft
-76.49165278,35.64075833,12/17/19,0.64,ft
-76.49165278,35.64075833,12/16/19,0.62,ft
-76.49165278,35.64075833,12/15/19,0.6,ft
-76.49165278,35.64075833,12/14/19,0.58,ft
-76.49165278,35.64075833,12/13/19,0.64,ft
-76.49165278,35.64075833,12/12/19,0.65,ft
-76.49165278,35.64075833,12/11/19,0.63,ft
-76.49165278,35.64075833,12/10/19,0.62,ft
-76.49165278,35.64075833,12/9/19,0.64,ft
-76.49165278,35.64075833,12/8/19,0.82,ft
-76.49165278,35.64075833,12/7/19,0.8,ft
-76.49165278,35.64075833,12/6/19,0.79,ft
-76.49165278,35.64075833,12/5/19,0.78,ft
-76.49165278,35.64075833,12/4/19,0.76,ft
-76.49165278,35.64075833,12/3/19,0.74,ft
-76.49165278,35.64075833,12/2/19,0.73,ft
-76.49165278,35.64075833,12/1/19,0.78,ft
-76.49165278,35.64075833,11/30/19,0.82,ft
-76.49165278,35.64075833,11/29/19,0.81,ft
-76.49165278,35.64075833,11/28/19,0.79,ft
-76.49165278,35.64075833,11/27/19,0.78,ft
-76.49165278,35.64075833,11/26/19,0.77,ft
-76.49165278,35.64075833,11/25/19,0.75,ft
-76.49165278,35.64075833,11/24/19,0.74,ft
-76.49165278,35.64075833,11/23/19,0.81,ft
-76.49165278,35.64075833,11/22/19,0.82,ft
-76.49165278,35.64075833,11/21/19,0.8,ft
-76.49165278,35.64075833,11/20/19,0.79,ft
-76.49165278,35.64075833,11/19/19,0.77,ft
-76.49165278,35.64075833,11/18/19,0.77,ft
-76.49165278,35.64075833,11/17/19,0.76,ft
-76.49165278,35.64075833,11/16/19,0.77,ft
-76.49165278,35.64075833,11/15/19,0.87,ft
-76.49165278,35.64075833,11/14/19,0.94,ft
-76.49165278,35.64075833,11/13/19,0.92,ft
-76.49165278,35.64075833,11/12/19,0.96,ft
-76.49165278,35.64075833,11/11/19,0.97,ft
-76.49165278,35.64075833,11/10/19,0.95,ft
-76.49165278,35.64075833,11/9/19,0.93,ft
-76.49165278,35.64075833,11/8/19,0.93,ft
-76.49165278,35.64075833,11/7/19,1,ft
-76.49165278,35.64075833,11/6/19,0.98,ft
-76.49165278,35.64075833,11/5/19,1.08,ft
-76.49165278,35.64075833,11/4/19,1.11,ft
-76.49165278,35.64075833,11/3/19,1.09,ft
-76.49165278,35.64075833,11/2/19,1.08,ft
-76.49165278,35.64075833,11/1/19,1.06,ft
-76.49165278,35.64075833,10/31/19,1.06,ft
-76.49165278,35.64075833,10/30/19,1.04,ft
-76.49165278,35.64075833,10/29/19,1.03,ft
-76.49165278,35.64075833,10/28/19,1.01,ft
-76.49165278,35.64075833,10/27/19,1.02,ft
-76.49165278,35.64075833,10/26/19,1.04,ft
-76.49165278,35.64075833,10/25/19,1.02,ft
-76.49165278,35.64075833,10/24/19,1,ft
-76.49165278,35.64075833,10/23/19,0.98,ft
-76.49165278,35.64075833,10/22/19,1.07,ft
-76.49165278,35.64075833,10/21/19,1.07,ft
-76.49165278,35.64075833,10/20/19,1.13,ft
-76.49165278,35.64075833,10/19/19,1.27,ft
-76.49165278,35.64075833,10/18/19,1.25,ft
-76.49165278,35.64075833,10/17/19,1.22,ft
-76.49165278,35.64075833,10/16/19,1.27,ft
-76.49165278,35.64075833,10/15/19,1.32,ft
-76.49165278,35.64075833,10/14/19,1.3,ft
-76.49165278,35.64075833,10/13/19,1.39,ft
-76.49165278,35.64075833,10/12/19,1.37,ft
-76.49165278,35.64075833,10/11/19,1.35,ft
-76.49165278,35.64075833,10/10/19,1.32,ft
-76.49165278,35.64075833,10/9/19,1.3,ft
-76.49165278,35.64075833,10/8/19,1.32,ft
-76.49165278,35.64075833,10/7/19,1.33,ft
-76.49165278,35.64075833,10/6/19,1.3,ft
-76.49165278,35.64075833,10/5/19,1.28,ft
-76.49165278,35.64075833,10/4/19,1.25,ft
-76.49165278,35.64075833,10/3/19,1.22,ft
-76.49165278,35.64075833,10/2/19,1.19,ft
-76.49165278,35.64075833,10/1/19,1.17,ft
-76.49165278,35.64075833,9/30/19,1.14,ft
-76.49165278,35.64075833,9/29/19,1.11,ft
-76.49165278,35.64075833,9/28/19,1.08,ft
-76.49165278,35.64075833,9/27/19,1.05,ft
-76.49165278,35.64075833,9/26/19,1.02,ft
-76.49165278,35.64075833,9/25/19,0.99,ft
-76.49165278,35.64075833,9/24/19,0.96,ft
-76.49165278,35.64075833,9/23/19,0.93,ft
-76.49165278,35.64075833,9/22/19,0.89,ft
-76.49165278,35.64075833,9/21/19,0.86,ft
-76.49165278,35.64075833,9/20/19,0.82,ft
-76.49165278,35.64075833,9/19/19,0.79,ft
-76.49165278,35.64075833,9/18/19,0.75,ft
-76.49165278,35.64075833,9/17/19,0.71,ft
-76.49165278,35.64075833,9/16/19,0.68,ft
-76.49165278,35.64075833,9/15/19,0.64,ft
-76.49165278,35.64075833,9/14/19,0.6,ft
-76.49165278,35.64075833,9/13/19,0.57,ft
-76.49165278,35.64075833,9/12/19,0.53,ft
-76.49165278,35.64075833,9/11/19,0.48,ft
-76.49165278,35.64075833,9/10/19,0.43,ft
-76.49165278,35.64075833,9/9/19,0.4,ft
-76.49165278,35.64075833,9/8/19,0.39,ft
-76.49165278,35.64075833,9/7/19,0.33,ft
-76.49165278,35.64075833,9/6/19,0.37,ft
-76.49165278,35.64075833,9/5/19,1.39,ft
-76.49165278,35.64075833,9/4/19,1.41,ft
-76.49165278,35.64075833,9/3/19,1.37,ft
-76.49165278,35.64075833,9/2/19,1.34,ft
-76.49165278,35.64075833,9/1/19,1.31,ft
-76.49165278,35.64075833,8/31/19,1.27,ft
-76.49165278,35.64075833,8/30/19,1.22,ft
-76.49165278,35.64075833,8/29/19,1.18,ft
-76.49165278,35.64075833,8/28/19,1.14,ft
-76.49165278,35.64075833,8/27/19,1.1,ft
-76.49165278,35.64075833,8/26/19,1.07,ft
-76.49165278,35.64075833,8/25/19,1.04,ft
-76.49165278,35.64075833,8/24/19,1.06,ft
-76.49165278,35.64075833,8/23/19,1.45,ft
-76.49165278,35.64075833,8/22/19,1.52,ft
-76.49165278,35.64075833,8/21/19,1.49,ft
-76.49165278,35.64075833,8/20/19,1.46,ft
-76.49165278,35.64075833,8/19/19,1.43,ft
-76.49165278,35.64075833,8/18/19,1.45,ft
-76.49165278,35.64075833,8/17/19,1.59,ft
-76.49165278,35.64075833,8/16/19,1.6,ft
-76.49165278,35.64075833,8/15/19,1.61,ft
-76.49165278,35.64075833,8/14/19,1.58,ft
-76.49165278,35.64075833,8/13/19,1.54,ft
-76.49165278,35.64075833,8/12/19,1.51,ft
-76.49165278,35.64075833,8/11/19,1.48,ft
-76.49165278,35.64075833,8/10/19,1.46,ft
-76.49165278,35.64075833,8/9/19,1.43,ft
-76.49165278,35.64075833,8/8/19,1.4,ft
-76.49165278,35.64075833,8/7/19,1.57,ft
-76.49165278,35.64075833,8/6/19,1.6,ft
-76.49165278,35.64075833,8/5/19,1.87,ft
-76.49165278,35.64075833,8/4/19,2.06,ft
-76.49165278,35.64075833,8/3/19,2.02,ft
-76.49165278,35.64075833,8/2/19,2,ft
-76.49165278,35.64075833,8/1/19,1.96,ft
-76.49165278,35.64075833,7/31/19,1.92,ft
-76.49165278,35.64075833,7/30/19,1.89,ft
-76.49165278,35.64075833,7/29/19,1.85,ft
-76.49165278,35.64075833,7/28/19,1.81,ft
-76.49165278,35.64075833,7/27/19,1.78,ft
-76.49165278,35.64075833,7/26/19,1.74,ft
-76.49165278,35.64075833,7/25/19,1.71,ft
-76.49165278,35.64075833,7/24/19,1.68,ft
-76.49165278,35.64075833,7/23/19,1.65,ft
-76.49165278,35.64075833,7/22/19,1.61,ft
-76.49165278,35.64075833,7/21/19,1.57,ft
-76.49165278,35.64075833,7/20/19,1.53,ft
-76.49165278,35.64075833,7/19/19,1.5,ft
-76.49165278,35.64075833,7/18/19,1.46,ft
-76.49165278,35.64075833,7/17/19,1.43,ft
-76.49165278,35.64075833,7/16/19,1.4,ft
-76.49165278,35.64075833,7/15/19,1.36,ft
-76.49165278,35.64075833,7/14/19,1.32,ft
-76.49165278,35.64075833,7/13/19,1.49,ft
-76.49165278,35.64075833,7/12/19,1.58,ft
-76.49165278,35.64075833,7/11/19,1.8,ft
-76.49165278,35.64075833,7/10/19,1.78,ft
-76.49165278,35.64075833,7/9/19,1.74,ft
-76.49165278,35.64075833,7/8/19,1.83,ft
-76.49165278,35.64075833,7/7/19,1.85,ft
-76.49165278,35.64075833,7/6/19,1.83,ft
-76.49165278,35.64075833,7/5/19,1.8,ft
-76.49165278,35.64075833,7/4/19,1.78,ft
-76.49165278,35.64075833,7/3/19,1.75,ft
-76.49165278,35.64075833,7/2/19,1.72,ft
-76.49165278,35.64075833,7/1/19,1.69,ft
-76.49165278,35.64075833,6/30/19,1.66,ft
-76.49165278,35.64075833,6/29/19,1.63,ft
-76.49165278,35.64075833,6/28/19,1.59,ft
-76.49165278,35.64075833,6/27/19,1.56,ft
-76.49165278,35.64075833,6/26/19,1.52,ft
-76.49165278,35.64075833,6/25/19,1.49,ft
-76.49165278,35.64075833,6/24/19,1.46,ft
-76.49165278,35.64075833,6/23/19,1.42,ft
-76.49165278,35.64075833,6/22/19,1.39,ft
-76.49165278,35.64075833,6/21/19,1.36,ft
-76.49165278,35.64075833,6/20/19,1.38,ft
-76.49165278,35.64075833,6/19/19,1.36,ft
-76.49165278,35.64075833,6/18/19,1.33,ft
-76.49165278,35.64075833,6/17/19,1.29,ft
-76.49165278,35.64075833,6/16/19,1.26,ft
-76.49165278,35.64075833,6/15/19,1.22,ft
-76.49165278,35.64075833,6/14/19,1.18,ft
-76.49165278,35.64075833,6/13/19,1.15,ft
-76.49165278,35.64075833,6/12/19,1.19,ft
-76.49165278,35.64075833,6/11/19,1.19,ft
-76.49165278,35.64075833,6/10/19,1.21,ft
-76.49165278,35.64075833,6/9/19,1.2,ft
-76.49165278,35.64075833,6/8/19,1.18,ft
-76.49165278,35.64075833,6/7/19,1.25,ft
-76.49165278,35.64075833,6/6/19,1.24,ft
-76.49165278,35.64075833,6/5/19,1.21,ft
-76.49165278,35.64075833,6/4/19,1.18,ft
-76.49165278,35.64075833,6/3/19,1.14,ft
-76.49165278,35.64075833,6/2/19,1.1,ft
-76.49165278,35.64075833,6/1/19,1.07,ft
-76.49165278,35.64075833,5/31/19,1.44,ft
-76.49165278,35.64075833,5/30/19,1.57,ft
-76.49165278,35.64075833,5/29/19,1.54,ft
-76.49165278,35.64075833,5/28/19,1.5,ft
-76.49165278,35.64075833,5/27/19,1.47,ft
-76.49165278,35.64075833,5/26/19,1.44,ft
-76.49165278,35.64075833,5/25/19,1.41,ft
-76.49165278,35.64075833,5/24/19,1.38,ft
-76.49165278,35.64075833,5/23/19,1.35,ft
-76.49165278,35.64075833,5/22/19,1.31,ft
-76.49165278,35.64075833,5/21/19,1.28,ft
-76.49165278,35.64075833,5/20/19,1.24,ft
-76.49165278,35.64075833,5/19/19,1.21,ft
-76.49165278,35.64075833,5/18/19,1.17,ft
-76.49165278,35.64075833,5/17/19,1.13,ft
-76.49165278,35.64075833,5/16/19,1.1,ft
-76.49165278,35.64075833,5/15/19,1.06,ft
-76.49165278,35.64075833,5/14/19,1.02,ft
-76.49165278,35.64075833,5/13/19,1,ft
-76.49165278,35.64075833,5/12/19,0.98,ft
-76.49165278,35.64075833,5/11/19,0.95,ft
-76.49165278,35.64075833,5/10/19,0.92,ft
-76.49165278,35.64075833,5/9/19,0.88,ft
-76.49165278,35.64075833,5/8/19,0.84,ft
-76.49165278,35.64075833,5/7/19,0.81,ft
-76.49165278,35.64075833,5/6/19,0.77,ft
-76.49165278,35.64075833,5/5/19,0.76,ft
-76.49165278,35.64075833,5/4/19,0.74,ft
-76.49165278,35.64075833,5/3/19,0.71,ft
-76.49165278,35.64075833,5/2/19,0.67,ft
-76.49165278,35.64075833,5/1/19,0.62,ft
-76.49165278,35.64075833,4/30/19,0.57,ft
-76.49165278,35.64075833,4/29/19,0.53,ft
-76.49165278,35.64075833,4/28/19,0.51,ft
-76.49165278,35.64075833,4/27/19,0.47,ft
-76.49165278,35.64075833,4/26/19,0.44,ft
-76.49165278,35.64075833,4/25/19,0.41,ft
-76.49165278,35.64075833,4/24/19,0.38,ft
-76.49165278,35.64075833,4/23/19,0.35,ft
-76.49165278,35.64075833,4/22/19,0.32,ft
-76.49165278,35.64075833,4/21/19,0.31,ft
-76.49165278,35.64075833,4/20/19,0.28,ft
-76.49165278,35.64075833,4/19/19,0.5,ft
-76.49165278,35.64075833,4/18/19,0.52,ft
-76.49165278,35.64075833,4/17/19,0.49,ft
-76.49165278,35.64075833,4/16/19,0.46,ft
-76.49165278,35.64075833,4/15/19,0.44,ft
-76.49165278,35.64075833,4/14/19,0.49,ft
-76.49165278,35.64075833,4/13/19,0.55,ft
-76.49165278,35.64075833,4/12/19,0.56,ft
-76.49165278,35.64075833,4/11/19,0.53,ft
-76.49165278,35.64075833,4/10/19,0.5,ft
-76.49165278,35.64075833,4/9/19,0.49,ft
-76.49165278,35.64075833,4/8/19,0.57,ft
-76.49165278,35.64075833,4/7/19,0.54,ft
-76.49165278,35.64075833,4/6/19,0.52,ft
-76.49165278,35.64075833,4/5/19,0.52,ft
-76.49165278,35.64075833,4/4/19,0.5,ft
-76.49165278,35.64075833,4/3/19,0.47,ft
-76.49165278,35.64075833,4/2/19,0.54,ft
-76.49165278,35.64075833,4/1/19,0.6,ft
-76.49165278,35.64075833,3/31/19,0.59,ft
-76.49165278,35.64075833,3/30/19,0.57,ft
-76.49165278,35.64075833,3/29/19,0.55,ft
-76.49165278,35.64075833,3/28/19,0.52,ft
-76.49165278,35.64075833,3/27/19,0.49,ft
-76.49165278,35.64075833,3/26/19,0.46,ft
-76.49165278,35.64075833,3/25/19,0.54,ft
-76.49165278,35.64075833,3/24/19,0.53,ft
-76.49165278,35.64075833,3/23/19,0.5,ft
-76.49165278,35.64075833,3/22/19,0.47,ft
-76.49165278,35.64075833,3/21/19,0.45,ft
-76.49165278,35.64075833,3/20/19,0.48,ft
-76.49165278,35.64075833,3/19/19,0.47,ft
-76.49165278,35.64075833,3/18/19,0.45,ft
-76.49165278,35.64075833,3/17/19,0.43,ft
-76.49165278,35.64075833,3/16/19,0.4,ft
-76.49165278,35.64075833,3/15/19,0.38,ft
-76.49165278,35.64075833,3/14/19,0.36,ft
-76.49165278,35.64075833,3/13/19,0.34,ft
-76.49165278,35.64075833,3/12/19,0.31,ft
-76.49165278,35.64075833,3/11/19,0.29,ft
-76.49165278,35.64075833,3/10/19,0.27,ft
-76.49165278,35.64075833,3/9/19,0.25,ft
-76.49165278,35.64075833,3/8/19,0.24,ft
-76.49165278,35.64075833,3/7/19,0.22,ft
-76.49165278,35.64075833,3/6/19,0.2,ft
-76.49165278,35.64075833,3/5/19,0.18,ft
-76.49165278,35.64075833,3/4/19,0.16,ft
-76.49165278,35.64075833,3/3/19,0.23,ft
-76.49165278,35.64075833,3/2/19,0.22,ft
-76.49165278,35.64075833,3/1/19,0.26,ft
-76.49165278,35.64075833,2/28/19,0.25,ft
-76.49165278,35.64075833,2/27/19,0.23,ft
-76.49165278,35.64075833,2/26/19,0.22,ft
-76.49165278,35.64075833,2/25/19,0.19,ft
-76.49165278,35.64075833,2/24/19,0.17,ft
-76.49165278,35.64075833,2/23/19,0.2,ft
-76.49165278,35.64075833,2/22/19,0.28,ft
-76.49165278,35.64075833,2/21/19,0.29,ft
-76.49165278,35.64075833,2/20/19,0.31,ft
-76.49165278,35.64075833,2/19/19,0.31,ft
-76.49165278,35.64075833,2/18/19,0.3,ft
-76.49165278,35.64075833,2/17/19,0.32,ft
-76.49165278,35.64075833,2/16/19,0.36,ft
-76.49165278,35.64075833,2/15/19,0.42,ft
-76.49165278,35.64075833,2/14/19,0.4,ft
-76.49165278,35.64075833,2/13/19,0.37,ft
-76.49165278,35.64075833,2/12/19,0.35,ft
-76.49165278,35.64075833,2/11/19,0.38,ft
-76.49165278,35.64075833,2/10/19,0.39,ft
-76.49165278,35.64075833,2/9/19,0.37,ft
-76.49165278,35.64075833,2/8/19,0.34,ft
-76.49165278,35.64075833,2/7/19,0.32,ft
-76.49165278,35.64075833,2/6/19,0.3,ft
-76.49165278,35.64075833,2/5/19,0.28,ft
-76.49165278,35.64075833,2/4/19,0.26,ft
-76.49165278,35.64075833,2/3/19,0.4,ft
-76.49165278,35.64075833,2/2/19,0.4,ft
-76.49165278,35.64075833,2/1/19,0.38,ft
-76.49165278,35.64075833,1/31/19,0.35,ft
-76.49165278,35.64075833,1/30/19,0.33,ft
-76.49165278,35.64075833,1/29/19,0.31,ft
-76.49165278,35.64075833,1/28/19,0.28,ft
-76.49165278,35.64075833,1/27/19,0.26,ft
-76.49165278,35.64075833,1/26/19,0.23,ft
-76.49165278,35.64075833,1/25/19,0.2,ft
-76.49165278,35.64075833,1/24/19,0.28,ft
-76.49165278,35.64075833,1/23/19,0.49,ft
-76.49165278,35.64075833,1/22/19,0.47,ft
-76.49165278,35.64075833,1/21/19,0.44,ft
-76.49165278,35.64075833,1/20/19,0.44,ft
-76.49165278,35.64075833,1/19/19,0.52,ft
-76.49165278,35.64075833,1/18/19,0.48,ft
-76.49165278,35.64075833,1/17/19,0.46,ft
-76.49165278,35.64075833,1/16/19,0.44,ft
-76.49165278,35.64075833,1/15/19,0.42,ft
-76.49165278,35.64075833,1/14/19,0.39,ft
-76.49165278,35.64075833,1/13/19,0.42,ft
-76.49165278,35.64075833,1/12/19,0.52,ft
-76.49165278,35.64075833,1/11/19,0.5,ft
-76.49165278,35.64075833,1/10/19,0.48,ft
-76.49165278,35.64075833,1/9/19,0.45,ft
-76.49165278,35.64075833,1/8/19,0.43,ft
-76.49165278,35.64075833,1/7/19,0.41,ft
-76.49165278,35.64075833,1/6/19,0.38,ft
-76.49165278,35.64075833,1/5/19,0.36,ft
-76.49165278,35.64075833,1/4/19,0.36,ft
-76.49165278,35.64075833,1/3/19,0.35,ft
-76.49165278,35.64075833,1/2/19,0.33,ft
-76.49165278,35.64075833,1/1/19,0.3,ft
-76.49165278,35.64075833,12/31/18,0.28,ft
-76.49165278,35.64075833,12/30/18,0.26,ft
-76.49165278,35.64075833,12/29/18,0.23,ft
-76.49165278,35.64075833,12/28/18,0.28,ft
-76.49165278,35.64075833,12/27/18,0.3,ft
-76.49165278,35.64075833,12/26/18,0.27,ft
-76.49165278,35.64075833,12/25/18,0.25,ft
-76.49165278,35.64075833,12/24/18,0.22,ft
-76.49165278,35.64075833,12/23/18,0.19,ft
-76.49165278,35.64075833,12/22/18,0.17,ft
-76.49165278,35.64075833,12/21/18,0.14,ft
-76.49165278,35.64075833,12/20/18,0.17,ft
-76.49165278,35.64075833,12/19/18,0.2,ft
-76.49165278,35.64075833,12/18/18,0.17,ft
-76.49165278,35.64075833,12/17/18,0.15,ft
-76.49165278,35.64075833,12/16/18,0.12,ft
-76.49165278,35.64075833,12/15/18,0.12,ft
-76.49165278,35.64075833,12/14/18,0.27,ft
-76.49165278,35.64075833,12/13/18,0.25,ft
-76.49165278,35.64075833,12/12/18,0.23,ft
-76.49165278,35.64075833,12/11/18,0.21,ft
-76.49165278,35.64075833,12/10/18,0.25,ft
-76.49165278,35.64075833,12/9/18,0.42,ft
-76.49165278,35.64075833,12/8/18,0.57,ft
-76.49165278,35.64075833,12/7/18,0.55,ft
-76.49165278,35.64075833,12/6/18,0.53,ft
-76.49165278,35.64075833,12/5/18,0.51,ft
-76.49165278,35.64075833,12/4/18,0.49,ft
-76.49165278,35.64075833,12/3/18,0.47,ft
-76.49165278,35.64075833,12/2/18,0.45,ft
-76.49165278,35.64075833,12/1/18,0.62,ft
-76.49165278,35.64075833,11/30/18,0.63,ft
-76.49165278,35.64075833,11/29/18,0.61,ft
-76.49165278,35.64075833,11/28/18,0.59,ft
-76.49165278,35.64075833,11/27/18,0.57,ft
-76.49165278,35.64075833,11/26/18,0.56,ft
-76.49165278,35.64075833,11/25/18,0.55,ft
-76.49165278,35.64075833,11/24/18,0.58,ft
-76.49165278,35.64075833,11/23/18,0.59,ft
-76.49165278,35.64075833,11/22/18,0.57,ft
-76.49165278,35.64075833,11/21/18,0.55,ft
-76.49165278,35.64075833,11/20/18,0.53,ft
-76.49165278,35.64075833,11/19/18,0.56,ft
-76.49165278,35.64075833,11/18/18,0.58,ft
-76.49165278,35.64075833,11/17/18,0.55,ft
-76.49165278,35.64075833,11/16/18,0.53,ft
-76.49165278,35.64075833,11/15/18,0.55,ft
-76.49165278,35.64075833,11/14/18,0.61,ft
-76.49165278,35.64075833,11/13/18,0.61,ft
-76.49165278,35.64075833,11/12/18,0.7,ft
-76.49165278,35.64075833,11/11/18,0.69,ft
-76.49165278,35.64075833,11/10/18,0.67,ft
-76.49165278,35.64075833,11/9/18,0.66,ft
-76.49165278,35.64075833,11/8/18,0.66,ft
-76.49165278,35.64075833,11/7/18,0.69,ft
-76.49165278,35.64075833,11/6/18,0.69,ft
-76.49165278,35.64075833,11/5/18,0.74,ft
-76.49165278,35.64075833,11/4/18,0.98,ft
-76.49165278,35.64075833,11/3/18,0.96,ft
-76.49165278,35.64075833,11/2/18,1,ft
-76.49165278,35.64075833,11/1/18,1.11,ft
-76.49165278,35.64075833,10/31/18,1.09,ft
-76.49165278,35.64075833,10/29/18,1.05,ft
-76.49165278,35.64075833,10/28/18,1.03,ft
-76.49165278,35.64075833,10/27/18,1,ft
-76.49165278,35.64075833,10/26/18,1.1,ft
-76.49165278,35.64075833,10/25/18,1.13,ft
-76.49165278,35.64075833,10/24/18,1.11,ft
-76.49165278,35.64075833,10/23/18,1.09,ft
-76.49165278,35.64075833,10/22/18,1.08,ft
-76.49165278,35.64075833,10/21/18,1.05,ft
-76.49165278,35.64075833,10/20/18,1.04,ft
-76.49165278,35.64075833,10/19/18,1.04,ft
-76.49165278,35.64075833,10/18/18,1.02,ft
-76.49165278,35.64075833,10/17/18,1,ft
-76.49165278,35.64075833,10/16/18,0.99,ft
-76.49165278,35.64075833,10/15/18,0.98,ft
-76.49165278,35.64075833,10/14/18,0.96,ft
-76.49165278,35.64075833,10/13/18,0.93,ft
-76.49165278,35.64075833,10/12/18,0.9,ft
-76.49165278,35.64075833,10/11/18,0.91,ft
-76.49165278,35.64075833,10/10/18,0.99,ft
-76.49165278,35.64075833,10/9/18,0.97,ft
-76.49165278,35.64075833,10/8/18,0.94,ft
-76.49165278,35.64075833,10/7/18,0.92,ft
-76.49165278,35.64075833,10/6/18,0.89,ft
-76.49165278,35.64075833,10/5/18,0.92,ft
-76.49165278,35.64075833,10/4/18,0.92,ft
-76.49165278,35.64075833,10/3/18,0.89,ft
-76.49165278,35.64075833,10/2/18,0.86,ft
-76.49165278,35.64075833,10/1/18,0.83,ft
-76.49165278,35.64075833,9/30/18,0.8,ft
-76.49165278,35.64075833,9/29/18,0.77,ft
-76.49165278,35.64075833,9/28/18,0.74,ft
-76.49165278,35.64075833,9/27/18,0.7,ft
-76.49165278,35.64075833,9/26/18,0.67,ft
-76.49165278,35.64075833,9/25/18,0.81,ft
-76.49165278,35.64075833,9/24/18,0.94,ft
-76.49165278,35.64075833,9/23/18,0.93,ft
-76.49165278,35.64075833,9/22/18,0.9,ft
-76.49165278,35.64075833,9/21/18,0.87,ft
-76.49165278,35.64075833,9/20/18,0.84,ft
-76.49165278,35.64075833,9/19/18,0.81,ft
-76.49165278,35.64075833,9/18/18,0.78,ft
-76.49165278,35.64075833,9/17/18,0.76,ft
-76.49165278,35.64075833,9/16/18,0.7,ft
-76.49165278,35.64075833,9/15/18,0.64,ft
-76.49165278,35.64075833,9/14/18,0.86,ft
-76.49165278,35.64075833,9/13/18,1.29,ft
-76.49165278,35.64075833,9/12/18,1.35,ft
-76.49165278,35.64075833,9/11/18,1.33,ft
-76.49165278,35.64075833,9/10/18,1.31,ft
-76.49165278,35.64075833,9/9/18,1.29,ft
-76.49165278,35.64075833,9/8/18,1.27,ft
-76.49165278,35.64075833,9/7/18,1.25,ft
-76.49165278,35.64075833,9/6/18,1.22,ft
-76.49165278,35.64075833,9/5/18,1.19,ft
-76.49165278,35.64075833,9/4/18,1.15,ft
-76.49165278,35.64075833,9/3/18,1.12,ft
-76.49165278,35.64075833,9/2/18,1.09,ft
-76.49165278,35.64075833,9/1/18,1.05,ft
-76.49165278,35.64075833,8/31/18,1.01,ft
-76.49165278,35.64075833,8/30/18,0.97,ft
-76.49165278,35.64075833,8/29/18,0.93,ft
-76.49165278,35.64075833,8/28/18,0.88,ft
-76.49165278,35.64075833,8/27/18,0.84,ft
-76.49165278,35.64075833,8/26/18,0.8,ft
-76.49165278,35.64075833,8/25/18,0.75,ft
-76.49165278,35.64075833,8/24/18,0.71,ft
-76.49165278,35.64075833,8/23/18,0.66,ft
-76.49165278,35.64075833,8/22/18,0.68,ft
-76.49165278,35.64075833,8/21/18,0.69,ft
-76.49165278,35.64075833,8/20/18,0.7,ft
-76.49165278,35.64075833,8/19/18,0.68,ft
-76.49165278,35.64075833,8/18/18,0.86,ft
-76.49165278,35.64075833,8/17/18,0.84,ft
-76.49165278,35.64075833,8/16/18,0.81,ft
-76.49165278,35.64075833,8/15/18,0.78,ft
-76.49165278,35.64075833,8/14/18,0.75,ft
-76.49165278,35.64075833,8/13/18,0.72,ft
-76.49165278,35.64075833,8/12/18,0.72,ft
-76.49165278,35.64075833,8/11/18,0.74,ft
-76.49165278,35.64075833,8/10/18,0.73,ft
-76.49165278,35.64075833,8/9/18,0.68,ft
-76.49165278,35.64075833,8/8/18,0.62,ft
-76.49165278,35.64075833,8/7/18,0.58,ft
-76.49165278,35.64075833,8/6/18,0.52,ft
-76.49165278,35.64075833,8/5/18,0.46,ft
-76.49165278,35.64075833,8/4/18,0.41,ft
-76.49165278,35.64075833,8/3/18,0.36,ft
-76.49165278,35.64075833,8/2/18,0.33,ft
-76.49165278,35.64075833,8/1/18,0.3,ft
-76.49165278,35.64075833,7/31/18,0.25,ft
-76.49165278,35.64075833,7/30/18,0.19,ft
-76.49165278,35.64075833,7/29/18,0.15,ft
-76.49165278,35.64075833,7/28/18,0.12,ft
-76.49165278,35.64075833,7/27/18,0.1,ft
-76.49165278,35.64075833,7/26/18,0.02,ft
-76.49165278,35.64075833,7/25/18,-0.02,ft
-76.49165278,35.64075833,7/24/18,0.14,ft
-76.49165278,35.64075833,7/23/18,0.53,ft
-76.49165278,35.64075833,7/22/18,1.12,ft
-76.49165278,35.64075833,7/21/18,1.24,ft
-76.49165278,35.64075833,7/20/18,1.37,ft
-76.49165278,35.64075833,7/19/18,1.34,ft
-76.49165278,35.64075833,7/18/18,1.31,ft
-76.49165278,35.64075833,7/17/18,1.3,ft
-76.49165278,35.64075833,7/16/18,1.27,ft
-76.49165278,35.64075833,7/15/18,1.23,ft
-76.49165278,35.64075833,7/14/18,1.19,ft
-76.49165278,35.64075833,7/13/18,1.14,ft
-76.49165278,35.64075833,7/12/18,1.14,ft
-76.49165278,35.64075833,7/11/18,1.17,ft
-76.49165278,35.64075833,7/10/18,1.12,ft
-76.49165278,35.64075833,7/9/18,1.08,ft
-76.49165278,35.64075833,7/8/18,1.04,ft
-76.49165278,35.64075833,7/7/18,1.01,ft
-76.49165278,35.64075833,7/6/18,0.97,ft
-76.49165278,35.64075833,7/3/18,0.88,ft
-76.49165278,35.64075833,7/2/18,0.83,ft
-76.49165278,35.64075833,7/1/18,0.78,ft
-76.49165278,35.64075833,6/27/18,0.56,ft
-76.49165278,35.64075833,6/23/18,0.43,ft
-76.49165278,35.64075833,6/22/18,0.38,ft
-76.49165278,35.64075833,6/21/18,0.54,ft
-76.49165278,35.64075833,6/20/18,0.77,ft
-76.49165278,35.64075833,6/19/18,0.75,ft
-76.49165278,35.64075833,6/18/18,0.68,ft
-76.49165278,35.64075833,6/17/18,0.86,ft
-76.49165278,35.64075833,6/16/18,0.84,ft
-76.49165278,35.64075833,6/15/18,0.78,ft
-76.49165278,35.64075833,6/14/18,0.73,ft
-76.49165278,35.64075833,6/13/18,0.67,ft
-76.49165278,35.64075833,6/12/18,0.96,ft
-76.49165278,35.64075833,6/11/18,1.09,ft
-76.49165278,35.64075833,6/10/18,1.06,ft
-76.49165278,35.64075833,6/9/18,1.01,ft
-76.49165278,35.64075833,6/8/18,0.97,ft
-76.49165278,35.64075833,6/7/18,0.92,ft
-76.49165278,35.64075833,6/6/18,0.89,ft
-76.49165278,35.64075833,6/5/18,0.84,ft
-76.49165278,35.64075833,6/4/18,0.81,ft
-76.49165278,35.64075833,6/3/18,0.79,ft
-76.49165278,35.64075833,6/2/18,0.75,ft
-76.49165278,35.64075833,6/1/18,0.69,ft
-76.49165278,35.64075833,5/31/18,0.64,ft
-76.49165278,35.64075833,5/30/18,0.58,ft
-76.49165278,35.64075833,5/29/18,0.61,ft
-76.49165278,35.64075833,5/28/18,0.83,ft
-76.49165278,35.64075833,5/27/18,0.9,ft
-76.49165278,35.64075833,5/26/18,0.85,ft
-76.49165278,35.64075833,5/25/18,0.8,ft
-76.49165278,35.64075833,5/24/18,0.74,ft
-76.49165278,35.64075833,5/23/18,1,ft
-76.49165278,35.64075833,5/22/18,1.04,ft
-76.49165278,35.64075833,5/21/18,1.02,ft
-76.49165278,35.64075833,5/20/18,1.01,ft
-76.49165278,35.64075833,5/19/18,1,ft
-76.49165278,35.64075833,5/18/18,1.02,ft
-76.49165278,35.64075833,5/17/18,1.06,ft
-76.49165278,35.64075833,5/16/18,1.03,ft
-76.49165278,35.64075833,5/15/18,1,ft
-76.49165278,35.64075833,5/14/18,0.96,ft
-76.49165278,35.64075833,5/13/18,0.92,ft
-76.49165278,35.64075833,5/12/18,0.88,ft
-76.49165278,35.64075833,5/11/18,0.84,ft
-76.49165278,35.64075833,5/10/18,0.83,ft
-76.49165278,35.64075833,5/9/18,0.8,ft
-76.49165278,35.64075833,5/8/18,0.78,ft
-76.49165278,35.64075833,5/7/18,0.75,ft
-76.49165278,35.64075833,5/6/18,0.88,ft
-76.49165278,35.64075833,5/5/18,0.98,ft
-76.49165278,35.64075833,5/4/18,0.95,ft
-76.49165278,35.64075833,5/3/18,0.93,ft
-76.49165278,35.64075833,5/2/18,0.9,ft
-76.49165278,35.64075833,5/1/18,0.86,ft
-76.49165278,35.64075833,4/30/18,0.83,ft
-76.49165278,35.64075833,4/29/18,0.8,ft
-76.49165278,35.64075833,4/28/18,0.76,ft
-76.49165278,35.64075833,4/27/18,0.72,ft
-76.49165278,35.64075833,4/26/18,0.68,ft
-76.49165278,35.64075833,4/25/18,0.63,ft
-76.49165278,35.64075833,4/24/18,0.78,ft
-76.49165278,35.64075833,4/23/18,0.95,ft
-76.49165278,35.64075833,4/22/18,0.93,ft
-76.49165278,35.64075833,4/21/18,0.9,ft
-76.49165278,35.64075833,4/20/18,0.87,ft
-76.49165278,35.64075833,4/19/18,0.83,ft
-76.43438,35.730718,10/20/77,4.39,ft
-76.43438,35.730718,10/27/77,4.54,ft
-76.43438,35.730718,11/7/77,4.64,ft
-76.43438,35.730718,11/22/77,4.72,ft
-76.43438,35.730718,11/23/77,4.72,ft
-76.43438,35.730718,11/24/77,4.7,ft
-76.43438,35.730718,11/25/77,4.69,ft
-76.43438,35.730718,11/26/77,4.67,ft
-76.43438,35.730718,11/27/77,4.74,ft
-76.43438,35.730718,11/28/77,4.75,ft
-76.43438,35.730718,11/29/77,4.76,ft
-76.43438,35.730718,11/30/77,4.75,ft
-76.43438,35.730718,12/1/77,4.72,ft
-76.43438,35.730718,12/2/77,4.76,ft
-76.43438,35.730718,12/3/77,4.76,ft
-76.43438,35.730718,12/4/77,4.77,ft
-76.43438,35.730718,12/5/77,4.77,ft
-76.43438,35.730718,12/6/77,4.7,ft
-76.43438,35.730718,12/7/77,4.77,ft
-76.43438,35.730718,12/8/77,4.77,ft
-76.43438,35.730718,12/9/77,4.74,ft
-76.43438,35.730718,12/9/77,4.73,ft
-76.43438,35.730718,12/10/77,5.02,ft
-76.43438,35.730718,12/11/77,5.01,ft
-76.43438,35.730718,12/12/77,4.99,ft
-76.43438,35.730718,12/13/77,4.97,ft
-76.43438,35.730718,12/14/77,4.96,ft
-76.43438,35.730718,12/15/77,4.91,ft
-76.43438,35.730718,12/16/77,4.91,ft
-76.43438,35.730718,12/17/77,4.89,ft
-76.43438,35.730718,12/18/77,4.75,ft
-76.43438,35.730718,12/19/77,4.48,ft
-76.43438,35.730718,12/20/77,4.47,ft
-76.43438,35.730718,12/21/77,4.48,ft
-76.43438,35.730718,12/22/77,4.53,ft
-76.43438,35.730718,12/23/77,4.56,ft
-76.43438,35.730718,12/24/77,4.57,ft
-76.43438,35.730718,12/25/77,4.57,ft
-76.43438,35.730718,12/26/77,4.64,ft
-76.43438,35.730718,12/27/77,4.68,ft
-76.43438,35.730718,12/28/77,4.68,ft
-76.43438,35.730718,12/29/77,4.72,ft
-76.43438,35.730718,12/30/77,4.72,ft
-76.43438,35.730718,12/31/77,4.59,ft
-76.43438,35.730718,1/1/78,4.55,ft
-76.43438,35.730718,1/2/78,4.59,ft
-76.43438,35.730718,1/3/78,4.66,ft
-76.43438,35.730718,1/4/78,4.71,ft
-76.43438,35.730718,1/5/78,4.61,ft
-76.43438,35.730718,1/5/78,4.71,ft
-76.43438,35.730718,1/6/78,4.64,ft
-76.43438,35.730718,1/7/78,4.67,ft
-76.43438,35.730718,1/8/78,4.66,ft
-76.43438,35.730718,1/9/78,4.48,ft
-76.43438,35.730718,1/10/78,4.48,ft
-76.43438,35.730718,1/11/78,4.52,ft
-76.43438,35.730718,1/12/78,4.53,ft
-76.43438,35.730718,1/13/78,4.52,ft
-76.43438,35.730718,1/14/78,4.26,ft
-76.43438,35.730718,1/15/78,4.33,ft
-76.43438,35.730718,1/16/78,4.41,ft
-76.43438,35.730718,1/17/78,4.41,ft
-76.43438,35.730718,1/18/78,4.23,ft
-76.43438,35.730718,1/19/78,4.28,ft
-76.43438,35.730718,1/20/78,3.59,ft
-76.43438,35.730718,1/21/78,3.63,ft
-76.43438,35.730718,1/22/78,3.87,ft
-76.43438,35.730718,1/23/78,4.08,ft
-76.43438,35.730718,1/24/78,4.21,ft
-76.43438,35.730718,1/25/78,4.23,ft
-76.43438,35.730718,1/26/78,3.94,ft
-76.43438,35.730718,2/14/78,4.67,ft
-76.43438,35.730718,3/15/78,4.49,ft
-76.43438,35.730718,4/11/78,4.72,ft
-76.43438,35.730718,4/11/78,4.74,ft
-76.43438,35.730718,4/12/78,4.77,ft
-76.43438,35.730718,4/13/78,4.78,ft
-76.43438,35.730718,4/14/78,4.81,ft
-76.43438,35.730718,4/15/78,4.81,ft
-76.43438,35.730718,4/16/78,4.83,ft
-76.43438,35.730718,4/17/78,4.85,ft
-76.43438,35.730718,4/18/78,4.84,ft
-76.43438,35.730718,4/19/78,4.72,ft
-76.43438,35.730718,4/20/78,4.66,ft
-76.43438,35.730718,5/6/78,4.25,ft
-76.43438,35.730718,5/7/78,4.27,ft
-76.43438,35.730718,5/8/78,4.31,ft
-76.43438,35.730718,5/9/78,4.18,ft
-76.43438,35.730718,5/10/78,3.92,ft
-76.43438,35.730718,5/11/78,3.9,ft
-76.43438,35.730718,5/12/78,4.07,ft
-76.43438,35.730718,5/13/78,4.18,ft
-76.43438,35.730718,5/14/78,4.23,ft
-76.43438,35.730718,5/15/78,4.21,ft
-76.43438,35.730718,5/16/78,4.24,ft
-76.43438,35.730718,5/16/78,4.2,ft
-76.43438,35.730718,5/17/78,4.2,ft
-76.43438,35.730718,5/18/78,4.3,ft
-76.43438,35.730718,5/19/78,4.36,ft
-76.43438,35.730718,5/20/78,4.39,ft
-76.43438,35.730718,5/21/78,4.46,ft
-76.43438,35.730718,5/22/78,4.47,ft
-76.43438,35.730718,5/23/78,4.53,ft
-76.43438,35.730718,5/24/78,4.55,ft
-76.43438,35.730718,5/25/78,4.29,ft
-76.43438,35.730718,5/26/78,4.34,ft
-76.43438,35.730718,5/27/78,4.39,ft
-76.43438,35.730718,5/28/78,4.46,ft
-76.43438,35.730718,5/29/78,4.48,ft
-76.43438,35.730718,5/30/78,4.51,ft
-76.43438,35.730718,5/31/78,4.54,ft
-76.43438,35.730718,6/1/78,4.57,ft
-76.43438,35.730718,6/2/78,4.6,ft
-76.43438,35.730718,6/3/78,4.62,ft
-76.43438,35.730718,6/4/78,4.62,ft
-76.43438,35.730718,6/5/78,5.3,ft
-76.43438,35.730718,6/6/78,5.31,ft
-76.43438,35.730718,6/7/78,4.4,ft
-76.43438,35.730718,6/7/78,4.41,ft
-76.43438,35.730718,6/8/78,4.44,ft
-76.43438,35.730718,6/9/78,4.25,ft
-76.43438,35.730718,6/10/78,3.97,ft
-76.43438,35.730718,6/11/78,4.02,ft
-76.43438,35.730718,6/12/78,4.14,ft
-76.43438,35.730718,6/13/78,4.2,ft
-76.43438,35.730718,6/14/78,4.3,ft
-76.43438,35.730718,6/15/78,4.36,ft
-76.43438,35.730718,6/16/78,4.5,ft
-76.43438,35.730718,6/17/78,4.58,ft
-76.43438,35.730718,6/18/78,4.59,ft
-76.43438,35.730718,6/19/78,4.52,ft
-76.43438,35.730718,6/20/78,4.57,ft
-76.43438,35.730718,6/21/78,4.6,ft
-76.43438,35.730718,6/22/78,4.55,ft
-76.43438,35.730718,6/23/78,4.55,ft
-76.43438,35.730718,6/24/78,4.57,ft
-76.43438,35.730718,6/25/78,4.6,ft
-76.43438,35.730718,6/26/78,4.64,ft
-76.43438,35.730718,6/27/78,4.65,ft
-76.43438,35.730718,6/28/78,4.67,ft
-76.43438,35.730718,6/29/78,4.72,ft
-76.43438,35.730718,6/30/78,4.75,ft
-76.43438,35.730718,7/1/78,4.79,ft
-76.43438,35.730718,7/2/78,4.82,ft
-76.43438,35.730718,7/3/78,4.84,ft
-76.43438,35.730718,7/4/78,4.87,ft
-76.43438,35.730718,7/5/78,4.94,ft
-76.43438,35.730718,7/6/78,4.94,ft
-76.43438,35.730718,7/7/78,4.96,ft
-76.43438,35.730718,7/8/78,5,ft
-76.43438,35.730718,7/9/78,5.04,ft
-76.43438,35.730718,7/10/78,5.08,ft
-76.43438,35.730718,7/11/78,5.11,ft
-76.43438,35.730718,7/12/78,5.01,ft
-76.43438,35.730718,7/12/78,5.08,ft
-76.43438,35.730718,7/13/78,5.08,ft
-76.43438,35.730718,7/14/78,5.06,ft
-76.43438,35.730718,7/15/78,5.08,ft
-76.43438,35.730718,7/16/78,5.12,ft
-76.43438,35.730718,7/17/78,4.98,ft
-76.43438,35.730718,7/20/78,4.92,ft
-76.43438,35.730718,7/21/78,4.94,ft
-76.43438,35.730718,7/22/78,4.33,ft
-76.43438,35.730718,7/23/78,4.42,ft
-76.43438,35.730718,8/30/78,4.82,ft
-76.43438,35.730718,8/30/78,4.86,ft
-76.43438,35.730718,8/31/78,4.86,ft
-76.43438,35.730718,9/1/78,4.88,ft
-76.43438,35.730718,9/2/78,4.9,ft
-76.43438,35.730718,9/3/78,4.91,ft
-76.43438,35.730718,9/4/78,4.96,ft
-76.43438,35.730718,9/5/78,4.96,ft
-76.43438,35.730718,9/6/78,5.03,ft
-76.43438,35.730718,9/7/78,5.06,ft
-76.43438,35.730718,9/8/78,5.1,ft
-76.43438,35.730718,9/9/78,5.14,ft
-76.43438,35.730718,9/10/78,5.2,ft
-76.43438,35.730718,9/11/78,5.22,ft
-76.43438,35.730718,9/12/78,5.25,ft
-76.43438,35.730718,9/13/78,5.28,ft
-76.43438,35.730718,9/14/78,5.35,ft
-76.43438,35.730718,9/15/78,5.4,ft
-76.43438,35.730718,9/16/78,5.41,ft
-76.43438,35.730718,9/17/78,5.48,ft
-76.43438,35.730718,9/18/78,5.52,ft
-76.43438,35.730718,9/19/78,5.56,ft
-76.43438,35.730718,9/20/78,5.58,ft
-76.43438,35.730718,9/21/78,5.62,ft
-76.43438,35.730718,9/22/78,5.67,ft
-76.43438,35.730718,9/23/78,5.67,ft
-76.43438,35.730718,9/24/78,5.72,ft
-76.43438,35.730718,9/25/78,5.74,ft
-76.43438,35.730718,9/26/78,5.8,ft
-76.43438,35.730718,9/27/78,5.83,ft
-76.43438,35.730718,9/28/78,5.83,ft
-76.43438,35.730718,9/29/78,5.9,ft
-76.43438,35.730718,9/30/78,5.94,ft
-76.43438,35.730718,10/1/78,5.96,ft
-76.43438,35.730718,10/2/78,5.58,ft
-76.43438,35.730718,10/3/78,5.58,ft
-76.43438,35.730718,10/4/78,5.62,ft
-76.43438,35.730718,10/5/78,5.62,ft
-76.43438,35.730718,10/6/78,5.62,ft
-76.43438,35.730718,10/7/78,5.72,ft
-76.43438,35.730718,10/8/78,5.71,ft
-76.43438,35.730718,10/9/78,5.75,ft
-76.43438,35.730718,10/10/78,5.78,ft
-76.43438,35.730718,10/23/78,6.12,ft
-76.43438,35.730718,10/23/78,6.14,ft
-76.43438,35.730718,10/24/78,6.14,ft
-76.43438,35.730718,10/25/78,6.15,ft
-76.43438,35.730718,10/26/78,6.22,ft
-76.43438,35.730718,10/27/78,6.25,ft
-76.43438,35.730718,10/28/78,6.29,ft
-76.43438,35.730718,10/29/78,6.29,ft
-76.43438,35.730718,10/30/78,6.33,ft
-76.43438,35.730718,10/31/78,6.34,ft
-76.43438,35.730718,11/1/78,6.34,ft
-76.43438,35.730718,11/2/78,6.38,ft
-76.43438,35.730718,11/3/78,6.39,ft
-76.43438,35.730718,11/4/78,6.37,ft
-76.43438,35.730718,11/5/78,6.39,ft
-76.43438,35.730718,11/6/78,6.41,ft
-76.43438,35.730718,11/7/78,6.44,ft
-76.43438,35.730718,11/8/78,6.34,ft
-76.43438,35.730718,11/9/78,6.21,ft
-76.43438,35.730718,11/9/78,6.22,ft
-76.43438,35.730718,11/10/78,6.21,ft
-76.43438,35.730718,11/11/78,6.19,ft
-76.43438,35.730718,11/12/78,6.18,ft
-76.43438,35.730718,11/13/78,6.18,ft
-76.43438,35.730718,11/14/78,6.21,ft
-76.43438,35.730718,11/15/78,6.22,ft
-76.43438,35.730718,11/16/78,6.22,ft
-76.43438,35.730718,11/17/78,6.26,ft
-76.43438,35.730718,11/18/78,6.26,ft
-76.43438,35.730718,11/19/78,6.3,ft
-76.43438,35.730718,11/20/78,6.31,ft
-76.43438,35.730718,11/21/78,6.31,ft
-76.43438,35.730718,11/22/78,6.31,ft
-76.43438,35.730718,11/23/78,6.31,ft
-76.43438,35.730718,11/24/78,6.24,ft
-76.43438,35.730718,11/25/78,6.31,ft
-76.43438,35.730718,11/26/78,6.34,ft
-76.43438,35.730718,11/27/78,6.32,ft
-76.43438,35.730718,11/28/78,6.31,ft
-76.43438,35.730718,11/29/78,6.32,ft
-76.43438,35.730718,11/30/78,5.64,ft
-76.43438,35.730718,12/1/78,5.52,ft
-76.43438,35.730718,12/2/78,5.51,ft
-76.43438,35.730718,12/3/78,5.5,ft
-76.43438,35.730718,12/4/78,5.5,ft
-76.43438,35.730718,12/5/78,5.47,ft
-76.43438,35.730718,12/6/78,5.41,ft
-76.43438,35.730718,12/7/78,5.39,ft
-76.43438,35.730718,12/8/78,5.4,ft
-76.43438,35.730718,12/9/78,5.31,ft
-76.43438,35.730718,12/10/78,5.4,ft
-76.43438,35.730718,12/11/78,5.39,ft
-76.43438,35.730718,12/12/78,5.36,ft
-76.43438,35.730718,12/13/78,5.36,ft
-76.43438,35.730718,12/14/78,5.37,ft
-76.43438,35.730718,12/15/78,5.37,ft
-76.43438,35.730718,12/16/78,5.34,ft
-76.43438,35.730718,12/17/78,5.34,ft
-76.43438,35.730718,12/18/78,5.35,ft
-76.43438,35.730718,12/19/78,5.35,ft
-76.43438,35.730718,12/20/78,5.38,ft
-76.43438,35.730718,12/21/78,5.31,ft
-76.43438,35.730718,12/22/78,5.38,ft
-76.43438,35.730718,12/23/78,5.38,ft
-76.43438,35.730718,12/24/78,5.32,ft
-76.43438,35.730718,12/25/78,5.06,ft
-76.43438,35.730718,12/26/78,5.04,ft
-76.43438,35.730718,12/27/78,5.06,ft
-76.43438,35.730718,12/28/78,5.07,ft
-76.43438,35.730718,12/29/78,5.07,ft
-76.43438,35.730718,12/30/78,5.07,ft
-76.43438,35.730718,12/31/78,5.07,ft
-76.43438,35.730718,1/18/79,4.5,ft
-76.43438,35.730718,1/19/79,4.57,ft
-76.43438,35.730718,1/20/79,4.56,ft
-76.43438,35.730718,1/21/79,4.48,ft
-76.43438,35.730718,1/22/79,4.54,ft
-76.43438,35.730718,1/23/79,4.58,ft
-76.43438,35.730718,1/24/79,4.51,ft
-76.43438,35.730718,1/25/79,4.58,ft
-76.43438,35.730718,1/26/79,4.59,ft
-76.43438,35.730718,1/27/79,4.63,ft
-76.43438,35.730718,1/28/79,4.62,ft
-76.43438,35.730718,1/29/79,4.67,ft
-76.43438,35.730718,1/30/79,4.71,ft
-76.43438,35.730718,1/31/79,4.71,ft
-76.43438,35.730718,2/1/79,4.73,ft
-76.43438,35.730718,2/2/79,4.8,ft
-76.43438,35.730718,2/3/79,4.81,ft
-76.43438,35.730718,2/4/79,4.81,ft
-76.43438,35.730718,2/5/79,4.85,ft
-76.43438,35.730718,2/6/79,4.87,ft
-76.43438,35.730718,2/7/79,4.77,ft
-76.43438,35.730718,2/8/79,4.78,ft
-76.43438,35.730718,2/9/79,4.76,ft
-76.43438,35.730718,2/10/79,4.78,ft
-76.43438,35.730718,2/11/79,4.8,ft
-76.43438,35.730718,2/12/79,4.78,ft
-76.43438,35.730718,2/12/79,4.81,ft
-76.43438,35.730718,2/13/79,4.84,ft
-76.43438,35.730718,2/14/79,4.84,ft
-76.43438,35.730718,2/15/79,4.82,ft
-76.43438,35.730718,2/16/79,4.84,ft
-76.43438,35.730718,2/17/79,4.92,ft
-76.43438,35.730718,2/18/79,4.87,ft
-76.43438,35.730718,2/19/79,4.73,ft
-76.43438,35.730718,2/20/79,4.67,ft
-76.43438,35.730718,2/21/79,4.66,ft
-76.43438,35.730718,2/22/79,4.66,ft
-76.43438,35.730718,2/23/79,4.66,ft
-76.43438,35.730718,2/24/79,4.62,ft
-76.43438,35.730718,2/25/79,4.47,ft
-76.43438,35.730718,2/26/79,4.06,ft
-76.43438,35.730718,2/27/79,4.14,ft
-76.43438,35.730718,2/28/79,4.31,ft
-76.43438,35.730718,3/1/79,4.41,ft
-76.43438,35.730718,3/2/79,4.49,ft
-76.43438,35.730718,3/3/79,4.53,ft
-76.43438,35.730718,3/4/79,4.56,ft
-76.43438,35.730718,3/5/79,4.6,ft
-76.43438,35.730718,3/6/79,4.6,ft
-76.43438,35.730718,3/7/79,4.41,ft
-76.43438,35.730718,3/8/79,4.44,ft
-76.43438,35.730718,3/9/79,4.54,ft
-76.43438,35.730718,3/10/79,4.56,ft
-76.43438,35.730718,3/11/79,4.56,ft
-76.43438,35.730718,3/12/79,4.62,ft
-76.43438,35.730718,3/13/79,4.64,ft
-76.43438,35.730718,3/14/79,4.57,ft
-76.43438,35.730718,3/14/79,4.64,ft
-76.43438,35.730718,3/16/79,4.7,ft
-76.43438,35.730718,3/17/79,4.7,ft
-76.43438,35.730718,3/18/79,4.69,ft
-76.43438,35.730718,3/19/79,4.7,ft
-76.43438,35.730718,3/20/79,4.71,ft
-76.43438,35.730718,3/21/79,4.75,ft
-76.43438,35.730718,3/22/79,4.77,ft
-76.43438,35.730718,3/23/79,4.77,ft
-76.43438,35.730718,3/24/79,4.73,ft
-76.43438,35.730718,3/25/79,4.76,ft
-76.43438,35.730718,3/26/79,4.81,ft
-76.43438,35.730718,3/27/79,4.84,ft
-76.43438,35.730718,3/28/79,4.85,ft
-76.43438,35.730718,3/29/79,4.85,ft
-76.43438,35.730718,4/13/79,4.85,ft
-76.43438,35.730718,4/13/79,4.85,ft
-76.43438,35.730718,5/4/79,4.82,ft
-76.43438,35.730718,6/7/79,4.85,ft
-76.43438,35.730718,7/10/79,5.12,ft
-76.43438,35.730718,7/10/79,5.12,ft
-76.43438,35.730718,7/11/79,5.12,ft
-76.43438,35.730718,7/12/79,5.15,ft
-76.43438,35.730718,7/13/79,5.17,ft
-76.43438,35.730718,7/14/79,5.2,ft
-76.43438,35.730718,7/15/79,5.23,ft
-76.43438,35.730718,7/16/79,5.25,ft
-76.43438,35.730718,7/17/79,5.27,ft
-76.43438,35.730718,7/18/79,5.31,ft
-76.43438,35.730718,7/19/79,5.25,ft
-76.43438,35.730718,7/20/79,5.17,ft
-76.43438,35.730718,7/21/79,5.16,ft
-76.43438,35.730718,7/22/79,5.16,ft
-76.43438,35.730718,7/23/79,5.17,ft
-76.43438,35.730718,7/24/79,5.17,ft
-76.43438,35.730718,7/25/79,5.17,ft
-76.43438,35.730718,7/26/79,5.18,ft
-76.43438,35.730718,7/27/79,5.21,ft
-76.43438,35.730718,7/28/79,5.25,ft
-76.43438,35.730718,7/29/79,5.28,ft
-76.43438,35.730718,7/30/79,5.29,ft
-76.43438,35.730718,7/31/79,5.28,ft
-76.43438,35.730718,8/1/79,5.28,ft
-76.43438,35.730718,8/2/79,5.3,ft
-76.43438,35.730718,8/3/79,5.33,ft
-76.43438,35.730718,8/4/79,5.34,ft
-76.43438,35.730718,8/5/79,5.35,ft
-76.43438,35.730718,8/6/79,5.41,ft
-76.43438,35.730718,8/6/79,5.38,ft
-76.43438,35.730718,8/7/79,5.42,ft
-76.43438,35.730718,8/8/79,5.45,ft
-76.43438,35.730718,8/9/79,5.48,ft
-76.43438,35.730718,8/10/79,5.5,ft
-76.43438,35.730718,8/11/79,5.52,ft
-76.43438,35.730718,8/12/79,5.56,ft
-76.43438,35.730718,8/13/79,5.56,ft
-76.43438,35.730718,8/14/79,5.58,ft
-76.43438,35.730718,8/15/79,5.6,ft
-76.43438,35.730718,8/16/79,5.64,ft
-76.43438,35.730718,8/17/79,5.68,ft
-76.43438,35.730718,8/18/79,5.71,ft
-76.43438,35.730718,8/19/79,5.72,ft
-76.43438,35.730718,8/20/79,5.75,ft
-76.43438,35.730718,8/21/79,5.87,ft
-76.43438,35.730718,8/22/79,5.56,ft
-76.43438,35.730718,8/23/79,5.56,ft
-76.43438,35.730718,8/24/79,5.56,ft
-76.43438,35.730718,8/25/79,5.58,ft
-76.43438,35.730718,8/26/79,5.63,ft
-76.43438,35.730718,8/27/79,5.67,ft
-76.43438,35.730718,8/28/79,5.68,ft
-76.43438,35.730718,8/29/79,5.67,ft
-76.43438,35.730718,8/30/79,5.7,ft
-76.43438,35.730718,8/31/79,5.72,ft
-76.43438,35.730718,9/1/79,5.77,ft
-76.43438,35.730718,9/2/79,5.78,ft
-76.43438,35.730718,9/3/79,5.82,ft
-76.43438,35.730718,9/4/79,5.47,ft
-76.43438,35.730718,9/5/79,4.61,ft
-76.43438,35.730718,9/6/79,4.41,ft
-76.43438,35.730718,9/7/79,4.4,ft
-76.43438,35.730718,9/8/79,4.49,ft
-76.43438,35.730718,9/9/79,4.58,ft
-76.43438,35.730718,9/10/79,4.62,ft
-76.43438,35.730718,9/11/79,4.67,ft
-76.43438,35.730718,9/12/79,4.72,ft
-76.43438,35.730718,9/13/79,4.79,ft
-76.43438,35.730718,9/14/79,4.79,ft
-76.43438,35.730718,9/15/79,4.82,ft
-76.43438,35.730718,9/16/79,4.86,ft
-76.43438,35.730718,9/17/79,4.88,ft
-76.43438,35.730718,9/18/79,4.88,ft
-76.43438,35.730718,9/19/79,4.9,ft
-76.43438,35.730718,9/20/79,4.96,ft
-76.43438,35.730718,9/21/79,4.98,ft
-76.43438,35.730718,9/22/79,4.98,ft
-76.43438,35.730718,9/23/79,5.01,ft
-76.43438,35.730718,9/24/79,5.02,ft
-76.43438,35.730718,9/25/79,4.91,ft
-76.43438,35.730718,9/26/79,4.97,ft
-76.43438,35.730718,9/27/79,4.97,ft
-76.43438,35.730718,9/28/79,4.97,ft
-76.43438,35.730718,9/29/79,4.97,ft
-76.43438,35.730718,9/30/79,4.67,ft
-76.43438,35.730718,10/1/79,4.52,ft
-76.43438,35.730718,10/2/79,4.53,ft
-76.43438,35.730718,10/3/79,4.59,ft
-76.43438,35.730718,10/4/79,4.64,ft
-76.43438,35.730718,10/5/79,4.66,ft
-76.43438,35.730718,10/6/79,4.71,ft
-76.43438,35.730718,10/7/79,4.71,ft
-76.43438,35.730718,10/8/79,4.78,ft
-76.43438,35.730718,10/9/79,4.78,ft
-76.43438,35.730718,10/10/79,4.82,ft
-76.43438,35.730718,10/11/79,4.84,ft
-76.43438,35.730718,10/12/79,4.85,ft
-76.43438,35.730718,10/13/79,4.88,ft
-76.43438,35.730718,10/14/79,4.94,ft
-76.43438,35.730718,10/15/79,4.96,ft
-76.43438,35.730718,10/16/79,4.98,ft
-76.43438,35.730718,10/17/79,4.99,ft
-76.43438,35.730718,10/17/79,5.01,ft
-76.43438,35.730718,10/18/79,5.02,ft
-76.43438,35.730718,10/19/79,5.04,ft
-76.43438,35.730718,10/20/79,5.06,ft
-76.43438,35.730718,10/21/79,5.07,ft
-76.43438,35.730718,10/22/79,5.09,ft
-76.43438,35.730718,10/23/79,5.09,ft
-76.43438,35.730718,10/24/79,5.11,ft
-76.43438,35.730718,10/25/79,5.15,ft
-76.43438,35.730718,10/26/79,5.17,ft
-76.43438,35.730718,10/27/79,5.19,ft
-76.43438,35.730718,10/28/79,5.19,ft
-76.43438,35.730718,10/29/79,5.21,ft
-76.43438,35.730718,10/30/79,5.24,ft
-76.43438,35.730718,10/31/79,5.26,ft
-76.43438,35.730718,11/1/79,5.26,ft
-76.43438,35.730718,11/2/79,5.27,ft
-76.43438,35.730718,11/3/79,5.25,ft
-76.43438,35.730718,11/4/79,5.27,ft
-76.43438,35.730718,11/5/79,5.3,ft
-76.43438,35.730718,11/5/79,5.3,ft
-76.43438,35.730718,11/6/79,5.3,ft
-76.43438,35.730718,11/7/79,5.3,ft
-76.43438,35.730718,11/8/79,5.31,ft
-76.43438,35.730718,11/9/79,5.31,ft
-76.43438,35.730718,11/10/79,5.32,ft
-76.43438,35.730718,11/11/79,5.35,ft
-76.43438,35.730718,11/12/79,5.35,ft
-76.43438,35.730718,11/13/79,5.32,ft
-76.43438,35.730718,11/14/79,5.32,ft
-76.43438,35.730718,11/15/79,5.33,ft
-76.43438,35.730718,11/16/79,5.33,ft
-76.43438,35.730718,11/17/79,5.34,ft
-76.43438,35.730718,11/18/79,5.34,ft
-76.43438,35.730718,11/19/79,5.36,ft
-76.43438,35.730718,11/20/79,5.38,ft
-76.43438,35.730718,11/21/79,5.38,ft
-76.43438,35.730718,11/22/79,5.38,ft
-76.43438,35.730718,11/23/79,5.39,ft
-76.43438,35.730718,11/24/79,5.41,ft
-76.43438,35.730718,11/25/79,5.43,ft
-76.43438,35.730718,11/26/79,5.34,ft
-76.43438,35.730718,11/27/79,5.3,ft
-76.43438,35.730718,11/28/79,5.25,ft
-76.43438,35.730718,11/29/79,5.25,ft
-76.43438,35.730718,11/30/79,5.28,ft
-76.43438,35.730718,12/1/79,5.28,ft
-76.43438,35.730718,12/2/79,5.28,ft
-76.43438,35.730718,12/3/79,5.3,ft
-76.43438,35.730718,12/3/79,5.3,ft
-76.43438,35.730718,1/1/80,5.06,ft
-76.43438,35.730718,1/2/80,5.07,ft
-76.43438,35.730718,1/3/80,5.09,ft
-76.43438,35.730718,1/4/80,5.09,ft
-76.43438,35.730718,1/5/80,5.01,ft
-76.43438,35.730718,1/6/80,5.01,ft
-76.43438,35.730718,1/7/80,4.97,ft
-76.43438,35.730718,1/8/80,4.95,ft
-76.43438,35.730718,1/9/80,4.89,ft
-76.43438,35.730718,1/10/80,4.88,ft
-76.43438,35.730718,1/11/80,4.82,ft
-76.43438,35.730718,1/12/80,4.81,ft
-76.43438,35.730718,1/13/80,4.81,ft
-76.43438,35.730718,1/14/80,4.74,ft
-76.43438,35.730718,1/15/80,4.64,ft
-76.43438,35.730718,1/15/80,4.67,ft
-76.43438,35.730718,1/16/80,4.62,ft
-76.43438,35.730718,1/17/80,4.63,ft
-76.43438,35.730718,1/18/80,4.64,ft
-76.43438,35.730718,1/19/80,4.68,ft
-76.43438,35.730718,1/20/80,4.69,ft
-76.43438,35.730718,1/21/80,4.69,ft
-76.43438,35.730718,1/22/80,4.69,ft
-76.43438,35.730718,1/23/80,4.68,ft
-76.43438,35.730718,1/24/80,4.68,ft
-76.43438,35.730718,1/25/80,4.64,ft
-76.43438,35.730718,1/26/80,4.68,ft
-76.43438,35.730718,1/27/80,4.69,ft
-76.43438,35.730718,1/28/80,4.69,ft
-76.43438,35.730718,1/29/80,4.69,ft
-76.43438,35.730718,1/30/80,4.69,ft
-76.43438,35.730718,1/31/80,4.69,ft
-76.43438,35.730718,2/1/80,4.69,ft
-76.43438,35.730718,2/2/80,4.71,ft
-76.43438,35.730718,2/3/80,4.72,ft
-76.43438,35.730718,2/4/80,4.76,ft
-76.43438,35.730718,2/5/80,4.79,ft
-76.43438,35.730718,2/5/80,4.77,ft
-76.43438,35.730718,2/6/80,4.79,ft
-76.43438,35.730718,2/7/80,4.8,ft
-76.43438,35.730718,2/8/80,4.82,ft
-76.43438,35.730718,2/9/80,4.82,ft
-76.43438,35.730718,2/10/80,4.75,ft
-76.43438,35.730718,2/11/80,4.69,ft
-76.43438,35.730718,2/12/80,4.66,ft
-76.43438,35.730718,2/13/80,4.69,ft
-76.43438,35.730718,2/14/80,4.69,ft
-76.43438,35.730718,2/15/80,4.69,ft
-76.43438,35.730718,2/16/80,4.64,ft
-76.43438,35.730718,2/17/80,4.64,ft
-76.43438,35.730718,2/18/80,4.61,ft
-76.43438,35.730718,2/19/80,4.61,ft
-76.43438,35.730718,2/20/80,4.61,ft
-76.43438,35.730718,2/21/80,4.64,ft
-76.43438,35.730718,2/22/80,4.65,ft
-76.43438,35.730718,2/23/80,4.65,ft
-76.43438,35.730718,2/24/80,4.66,ft
-76.43438,35.730718,2/25/80,4.66,ft
-76.43438,35.730718,2/26/80,4.68,ft
-76.43438,35.730718,2/27/80,4.55,ft
-76.43438,35.730718,2/28/80,4.54,ft
-76.43438,35.730718,2/29/80,4.62,ft
-76.43438,35.730718,3/1/80,4.64,ft
-76.43438,35.730718,3/2/80,4.58,ft
-76.43438,35.730718,3/3/80,4.6,ft
-76.43438,35.730718,3/4/80,4.62,ft
-76.43438,35.730718,3/5/80,4.62,ft
-76.43438,35.730718,3/6/80,4.57,ft
-76.43438,35.730718,3/7/80,4.48,ft
-76.43438,35.730718,3/8/80,4.34,ft
-76.43438,35.730718,3/9/80,4.23,ft
-76.43438,35.730718,3/10/80,4.23,ft
-76.43438,35.730718,3/11/80,4.35,ft
-76.43438,35.730718,3/12/80,4.42,ft
-76.43438,35.730718,3/13/80,4.4,ft
-76.43438,35.730718,3/14/80,4.46,ft
-76.43438,35.730718,3/15/80,4.5,ft
-76.43438,35.730718,3/16/80,4.51,ft
-76.43438,35.730718,3/17/80,4.52,ft
-76.43438,35.730718,3/18/80,4.55,ft
-76.43438,35.730718,3/19/80,4.54,ft
-76.43438,35.730718,3/20/80,4.51,ft
-76.43438,35.730718,3/21/80,4.42,ft
-76.43438,35.730718,3/22/80,4.43,ft
-76.43438,35.730718,3/23/80,4.47,ft
-76.43438,35.730718,3/24/80,4.47,ft
-76.43438,35.730718,3/25/80,4.44,ft
-76.43438,35.730718,3/26/80,4.46,ft
-76.43438,35.730718,3/27/80,4.49,ft
-76.43438,35.730718,3/28/80,4.51,ft
-76.43438,35.730718,3/29/80,4.45,ft
-76.43438,35.730718,3/30/80,4.37,ft
-76.43438,35.730718,3/31/80,4.27,ft
-76.43438,35.730718,4/1/80,4.33,ft
-76.43438,35.730718,4/2/80,4.37,ft
-76.43438,35.730718,4/2/80,4.36,ft
-76.43438,35.730718,4/3/80,4.42,ft
-76.43438,35.730718,4/4/80,4.43,ft
-76.43438,35.730718,4/5/80,4.5,ft
-76.43438,35.730718,4/6/80,4.54,ft
-76.43438,35.730718,4/7/80,4.57,ft
-76.43438,35.730718,4/8/80,4.57,ft
-76.43438,35.730718,4/9/80,4.57,ft
-76.43438,35.730718,4/10/80,4.61,ft
-76.43438,35.730718,4/11/80,4.68,ft
-76.43438,35.730718,4/12/80,4.68,ft
-76.43438,35.730718,4/13/80,4.69,ft
-76.43438,35.730718,4/14/80,4.62,ft
-76.43438,35.730718,4/15/80,4.5,ft
-76.43438,35.730718,4/16/80,4.51,ft
-76.43438,35.730718,4/17/80,4.57,ft
-76.43438,35.730718,4/18/80,4.58,ft
-76.43438,35.730718,4/19/80,4.62,ft
-76.43438,35.730718,4/20/80,4.64,ft
-76.43438,35.730718,4/21/80,4.67,ft
-76.43438,35.730718,4/22/80,4.71,ft
-76.43438,35.730718,4/23/80,4.73,ft
-76.43438,35.730718,4/24/80,4.78,ft
-76.43438,35.730718,4/25/80,4.81,ft
-76.43438,35.730718,4/26/80,4.85,ft
-76.43438,35.730718,4/27/80,4.86,ft
-76.43438,35.730718,4/28/80,4.61,ft
-76.43438,35.730718,4/29/80,4.56,ft
-76.43438,35.730718,4/30/80,4.56,ft
-76.43438,35.730718,5/1/80,4.58,ft
-76.43438,35.730718,5/2/80,4.62,ft
-76.43438,35.730718,5/3/80,4.65,ft
-76.43438,35.730718,5/4/80,4.67,ft
-76.43438,35.730718,5/5/80,4.71,ft
-76.43438,35.730718,5/6/80,4.74,ft
-76.43438,35.730718,5/7/80,4.79,ft
-76.43438,35.730718,5/8/80,4.81,ft
-76.43438,35.730718,5/9/80,4.84,ft
-76.43438,35.730718,5/10/80,4.87,ft
-76.43438,35.730718,5/11/80,4.88,ft
-76.43438,35.730718,5/12/80,4.91,ft
-76.43438,35.730718,5/13/80,4.92,ft
-76.43438,35.730718,5/14/80,4.93,ft
-76.43438,35.730718,5/15/80,4.97,ft
-76.43438,35.730718,5/16/80,5,ft
-76.43438,35.730718,5/17/80,5.02,ft
-76.43438,35.730718,5/18/80,5.02,ft
-76.43438,35.730718,5/19/80,5.01,ft
-76.43438,35.730718,5/20/80,5.02,ft
-76.43438,35.730718,5/21/80,4.97,ft
-76.43438,35.730718,5/22/80,4.98,ft
-76.43438,35.730718,5/23/80,5,ft
-76.43438,35.730718,5/24/80,4.87,ft
-76.43438,35.730718,5/25/80,4.82,ft
-76.43438,35.730718,5/26/80,4.83,ft
-76.43438,35.730718,5/27/80,4.84,ft
-76.43438,35.730718,5/28/80,4.86,ft
-76.43438,35.730718,5/29/80,4.86,ft
-76.43438,35.730718,5/30/80,4.89,ft
-76.43438,35.730718,5/31/80,4.92,ft
-76.43438,35.730718,6/1/80,4.92,ft
-76.43438,35.730718,6/2/80,4.95,ft
-76.43438,35.730718,6/3/80,4.98,ft
-76.43438,35.730718,6/4/80,5.02,ft
-76.43438,35.730718,6/5/80,5.06,ft
-76.43438,35.730718,6/6/80,5.09,ft
-76.43438,35.730718,6/7/80,5.09,ft
-76.43438,35.730718,6/8/80,5.11,ft
-76.43438,35.730718,6/9/80,5.16,ft
-76.43438,35.730718,6/10/80,5.16,ft
-76.43438,35.730718,6/11/80,5.21,ft
-76.43438,35.730718,6/12/80,5.22,ft
-76.43438,35.730718,6/13/80,5.23,ft
-76.43438,35.730718,6/14/80,5.23,ft
-76.43438,35.730718,6/15/80,5.26,ft
-76.43438,35.730718,6/16/80,5.3,ft
-76.43438,35.730718,6/17/80,5.36,ft
-76.43438,35.730718,6/18/80,5.37,ft
-76.43438,35.730718,6/19/80,5.37,ft
-76.43438,35.730718,6/20/80,5.39,ft
-76.43438,35.730718,6/20/80,5.47,ft
-76.43438,35.730718,6/21/80,5.46,ft
-76.43438,35.730718,6/22/80,5.49,ft
-76.43438,35.730718,6/23/80,5.54,ft
-76.43438,35.730718,6/24/80,5.56,ft
-76.43438,35.730718,6/25/80,5.59,ft
-76.43438,35.730718,6/26/80,5.48,ft
-76.43438,35.730718,6/27/80,5.08,ft
-76.43438,35.730718,6/28/80,5.06,ft
-76.43438,35.730718,6/29/80,5.06,ft
-76.43438,35.730718,6/30/80,5.07,ft
-76.43438,35.730718,7/1/80,5.12,ft
-76.43438,35.730718,7/2/80,5.14,ft
-76.43438,35.730718,7/3/80,5.17,ft
-76.43438,35.730718,7/4/80,5.18,ft
-76.43438,35.730718,7/5/80,5.18,ft
-76.43438,35.730718,7/6/80,5.18,ft
-76.43438,35.730718,7/7/80,5.25,ft
-76.43438,35.730718,7/8/80,5.28,ft
-76.43438,35.730718,7/9/80,5.32,ft
-76.43438,35.730718,7/10/80,5.35,ft
-76.43438,35.730718,7/11/80,5.35,ft
-76.43438,35.730718,7/12/80,5.39,ft
-76.43438,35.730718,7/13/80,5.44,ft
-76.43438,35.730718,7/14/80,5.51,ft
-76.43438,35.730718,7/15/80,5.59,ft
-76.43438,35.730718,7/15/80,5.6,ft
-76.43438,35.730718,7/16/80,5.63,ft
-76.43438,35.730718,7/17/80,5.66,ft
-76.43438,35.730718,7/18/80,5.74,ft
-76.43438,35.730718,7/19/80,5.79,ft
-76.43438,35.730718,7/20/80,5.82,ft
-76.43438,35.730718,7/21/80,5.89,ft
-76.43438,35.730718,7/22/80,5.93,ft
-76.43438,35.730718,7/23/80,6.01,ft
-76.43438,35.730718,7/24/80,5.56,ft
-76.43438,35.730718,7/25/80,5.56,ft
-76.43438,35.730718,7/26/80,5.58,ft
-76.43438,35.730718,7/27/80,5.62,ft
-76.43438,35.730718,7/28/80,5.63,ft
-76.43438,35.730718,7/29/80,5.64,ft
-76.43438,35.730718,7/30/80,5.66,ft
-76.43438,35.730718,7/31/80,5.74,ft
-76.43438,35.730718,8/1/80,5.8,ft
-76.43438,35.730718,8/2/80,5.87,ft
-76.43438,35.730718,8/3/80,5.91,ft
-76.43438,35.730718,8/4/80,5.98,ft
-76.43438,35.730718,8/5/80,6.06,ft
-76.43438,35.730718,8/6/80,6.12,ft
-76.43438,35.730718,8/7/80,6.14,ft
-76.43438,35.730718,8/8/80,6.14,ft
-76.43438,35.730718,8/9/80,6.17,ft
-76.43438,35.730718,8/10/80,6.22,ft
-76.43438,35.730718,8/11/80,6.22,ft
-76.43438,35.730718,8/12/80,6.31,ft
-76.43438,35.730718,8/13/80,6.36,ft
-76.43438,35.730718,8/14/80,6.4,ft
-76.43438,35.730718,8/15/80,6.45,ft
-76.43438,35.730718,8/15/80,6.45,ft
-76.43438,35.730718,8/16/80,6.51,ft
-76.43438,35.730718,8/17/80,6.59,ft
-76.43438,35.730718,8/18/80,6.62,ft
-76.43438,35.730718,8/19/80,6.55,ft
-76.43438,35.730718,8/20/80,6.37,ft
-76.43438,35.730718,8/21/80,6.45,ft
-76.43438,35.730718,8/22/80,6.48,ft
-76.43438,35.730718,8/23/80,6.54,ft
-76.43438,35.730718,8/24/80,6.62,ft
-76.43438,35.730718,8/25/80,6.67,ft
-76.43438,35.730718,8/26/80,6.71,ft
-76.43438,35.730718,8/27/80,6.76,ft
-76.43438,35.730718,8/28/80,6.8,ft
-76.43438,35.730718,8/29/80,6.85,ft
-76.43438,35.730718,8/30/80,6.89,ft
-76.43438,35.730718,8/31/80,6.93,ft
-76.43438,35.730718,9/1/80,6.98,ft
-76.43438,35.730718,9/2/80,7.02,ft
-76.43438,35.730718,9/3/80,7.08,ft
-76.43438,35.730718,9/4/80,7.08,ft
-76.43438,35.730718,9/5/80,6.83,ft
-76.43438,35.730718,9/6/80,6.82,ft
-76.43438,35.730718,9/7/80,6.83,ft
-76.43438,35.730718,9/8/80,6.92,ft
-76.43438,35.730718,9/9/80,7.01,ft
-76.43438,35.730718,9/10/80,7.05,ft
-76.43438,35.730718,9/11/80,7.06,ft
-76.43438,35.730718,9/12/80,7.14,ft
-76.43438,35.730718,9/13/80,7.18,ft
-76.43438,35.730718,9/14/80,7.17,ft
-76.43438,35.730718,9/15/80,7.18,ft
-76.43438,35.730718,9/16/80,7.25,ft
-76.43438,35.730718,9/17/80,7.26,ft
-76.43438,35.730718,9/18/80,7.32,ft
-76.43438,35.730718,9/18/80,7.29,ft
-76.43438,35.730718,9/19/80,7.47,ft
-76.43438,35.730718,9/20/80,7.47,ft
-76.43438,35.730718,9/21/80,7.48,ft
-76.43438,35.730718,9/22/80,7.52,ft
-76.43438,35.730718,9/23/80,7.57,ft
-76.43438,35.730718,9/24/80,7.62,ft
-76.43438,35.730718,9/25/80,7.58,ft
-76.43438,35.730718,9/26/80,7.43,ft
-76.43438,35.730718,9/27/80,7.5,ft
-76.43438,35.730718,9/28/80,7.5,ft
-76.43438,35.730718,9/29/80,7.51,ft
-76.43438,35.730718,9/30/80,7.39,ft
-76.43438,35.730718,10/1/80,7.1,ft
-76.43438,35.730718,10/2/80,6.86,ft
-76.43438,35.730718,10/3/80,6.79,ft
-76.43438,35.730718,10/4/80,6.77,ft
-76.43438,35.730718,10/5/80,6.75,ft
-76.43438,35.730718,10/6/80,6.82,ft
-76.43438,35.730718,10/7/80,6.85,ft
-76.43438,35.730718,10/8/80,6.86,ft
-76.43438,35.730718,10/9/80,6.9,ft
-76.43438,35.730718,10/10/80,6.97,ft
-76.43438,35.730718,10/11/80,6.99,ft
-76.43438,35.730718,10/12/80,7.06,ft
-76.43438,35.730718,10/13/80,7.12,ft
-76.43438,35.730718,10/14/80,7.16,ft
-76.43438,35.730718,10/15/80,7.18,ft
-76.43438,35.730718,10/16/80,7.24,ft
-76.43438,35.730718,10/17/80,7.1,ft
-76.43438,35.730718,10/17/80,7.26,ft
-76.43438,35.730718,10/18/80,7.28,ft
-76.43438,35.730718,10/19/80,7.29,ft
-76.43438,35.730718,10/20/80,7.24,ft
-76.43438,35.730718,10/21/80,7.28,ft
-76.43438,35.730718,10/22/80,7.34,ft
-76.43438,35.730718,10/23/80,7.36,ft
-76.43438,35.730718,10/24/80,7.32,ft
-76.43438,35.730718,10/25/80,7.13,ft
-76.43438,35.730718,10/26/80,7.18,ft
-76.43438,35.730718,10/27/80,7.22,ft
-76.43438,35.730718,10/28/80,7.19,ft
-76.43438,35.730718,10/29/80,7.23,ft
-76.43438,35.730718,10/30/80,7.22,ft
-76.43438,35.730718,10/31/80,7.06,ft
-76.43438,35.730718,11/1/80,7.02,ft
-76.43438,35.730718,11/2/80,7.07,ft
-76.43438,35.730718,11/3/80,7.12,ft
-76.43438,35.730718,11/4/80,7.05,ft
-76.43438,35.730718,11/5/80,7.02,ft
-76.43438,35.730718,11/6/80,7.08,ft
-76.43438,35.730718,11/7/80,7.12,ft
-76.43438,35.730718,11/8/80,7.12,ft
-76.43438,35.730718,11/9/80,7.21,ft
-76.43438,35.730718,11/10/80,7.2,ft
-76.43438,35.730718,11/11/80,7.3,ft
-76.43438,35.730718,11/12/80,7.3,ft
-76.43438,35.730718,11/13/80,7.32,ft
-76.43438,35.730718,11/14/80,7.36,ft
-76.43438,35.730718,11/15/80,7.36,ft
-76.43438,35.730718,11/16/80,7.29,ft
-76.43438,35.730718,11/17/80,7.29,ft
-76.43438,35.730718,11/18/80,6.35,ft
-76.43438,35.730718,11/18/80,6.34,ft
-76.43438,35.730718,11/19/80,6.23,ft
-76.43438,35.730718,11/20/80,6.22,ft
-76.43438,35.730718,11/21/80,6.11,ft
-76.43438,35.730718,11/22/80,5.94,ft
-76.43438,35.730718,11/23/80,5.9,ft
-76.43438,35.730718,11/24/80,5.84,ft
-76.43438,35.730718,11/25/80,5.84,ft
-76.43438,35.730718,11/26/80,5.86,ft
-76.43438,35.730718,11/27/80,5.81,ft
-76.43438,35.730718,11/28/80,5.78,ft
-76.43438,35.730718,11/29/80,5.78,ft
-76.43438,35.730718,11/30/80,5.82,ft
-76.43438,35.730718,12/1/80,5.82,ft
-76.43438,35.730718,12/2/80,5.82,ft
-76.43438,35.730718,12/3/80,5.86,ft
-76.43438,35.730718,12/4/80,5.86,ft
-76.43438,35.730718,12/5/80,5.86,ft
-76.43438,35.730718,12/6/80,5.84,ft
-76.43438,35.730718,12/7/80,5.83,ft
-76.43438,35.730718,12/8/80,5.83,ft
-76.43438,35.730718,12/12/80,5.59,ft
-76.43438,35.730718,12/13/80,5.59,ft
-76.43438,35.730718,12/14/80,5.6,ft
-76.43438,35.730718,12/15/80,5.61,ft
-76.43438,35.730718,12/16/80,5.56,ft
-76.43438,35.730718,12/17/80,5.58,ft
-76.43438,35.730718,12/18/80,5.58,ft
-76.43438,35.730718,12/19/80,5.57,ft
-76.43438,35.730718,12/20/80,5.58,ft
-76.43438,35.730718,12/21/80,5.6,ft
-76.43438,35.730718,12/22/80,5.57,ft
-76.43438,35.730718,12/23/80,5.52,ft
-76.43438,35.730718,12/24/80,5.4,ft
-76.43438,35.730718,12/25/80,5.43,ft
-76.43438,35.730718,12/26/80,5.4,ft
-76.43438,35.730718,12/27/80,5.38,ft
-76.43438,35.730718,12/28/80,5.31,ft
-76.43438,35.730718,12/29/80,5.24,ft
-76.43438,35.730718,12/30/80,5.21,ft
-76.43438,35.730718,12/31/80,5.21,ft
-76.43438,35.730718,1/1/81,5.19,ft
-76.43438,35.730718,1/2/81,5.19,ft
-76.43438,35.730718,1/3/81,5.19,ft
-76.43438,35.730718,1/4/81,5.2,ft
-76.43438,35.730718,1/5/81,5.21,ft
-76.43438,35.730718,1/6/81,5.2,ft
-76.43438,35.730718,1/7/81,5.19,ft
-76.43438,35.730718,1/8/81,5.21,ft
-76.43438,35.730718,1/9/81,5.21,ft
-76.43438,35.730718,1/10/81,5.21,ft
-76.43438,35.730718,1/11/81,5.21,ft
-76.43438,35.730718,1/12/81,5.21,ft
-76.43438,35.730718,1/13/81,5.2,ft
-76.43438,35.730718,1/14/81,5.17,ft
-76.43438,35.730718,1/14/81,5.19,ft
-76.43438,35.730718,1/15/81,5.18,ft
-76.43438,35.730718,1/16/81,5.19,ft
-76.43438,35.730718,1/17/81,5.19,ft
-76.43438,35.730718,1/18/81,5.19,ft
-76.43438,35.730718,1/19/81,5.2,ft
-76.43438,35.730718,1/20/81,5.21,ft
-76.43438,35.730718,1/21/81,5.17,ft
-76.43438,35.730718,1/22/81,5.05,ft
-76.43438,35.730718,1/23/81,5,ft
-76.43438,35.730718,1/24/81,5.01,ft
-76.43438,35.730718,1/25/81,5.04,ft
-76.43438,35.730718,1/26/81,5.04,ft
-76.43438,35.730718,1/27/81,5.02,ft
-76.43438,35.730718,1/28/81,5.07,ft
-76.43438,35.730718,1/29/81,5.09,ft
-76.43438,35.730718,1/30/81,5.12,ft
-76.43438,35.730718,1/31/81,5.12,ft
-76.43438,35.730718,2/1/81,5.12,ft
-76.43438,35.730718,2/2/81,5.04,ft
-76.43438,35.730718,2/3/81,4.97,ft
-76.43438,35.730718,2/4/81,4.94,ft
-76.43438,35.730718,2/5/81,4.94,ft
-76.43438,35.730718,2/6/81,4.94,ft
-76.43438,35.730718,2/7/81,4.94,ft
-76.43438,35.730718,2/8/81,4.92,ft
-76.43438,35.730718,2/9/81,4.99,ft
-76.43438,35.730718,2/10/81,5,ft
-76.43438,35.730718,2/11/81,4.94,ft
-76.43438,35.730718,2/12/81,5.01,ft
-76.43438,35.730718,2/13/81,4.98,ft
-76.43438,35.730718,2/14/81,4.92,ft
-76.43438,35.730718,2/15/81,4.9,ft
-76.43438,35.730718,2/16/81,4.89,ft
-76.43438,35.730718,2/17/81,4.9,ft
-76.43438,35.730718,2/18/81,4.92,ft
-76.43438,35.730718,2/19/81,4.93,ft
-76.43438,35.730718,2/20/81,4.91,ft
-76.43438,35.730718,2/21/81,4.89,ft
-76.43438,35.730718,2/22/81,4.89,ft
-76.43438,35.730718,2/23/81,4.89,ft
-76.43438,35.730718,2/24/81,4.91,ft
-76.43438,35.730718,2/24/81,4.88,ft
-76.43438,35.730718,2/25/81,4.93,ft
-76.43438,35.730718,2/26/81,4.93,ft
-76.43438,35.730718,2/27/81,4.95,ft
-76.43438,35.730718,2/28/81,4.95,ft
-76.43438,35.730718,3/1/81,4.95,ft
-76.43438,35.730718,3/2/81,4.97,ft
-76.43438,35.730718,3/3/81,5.02,ft
-76.43438,35.730718,3/4/81,5.02,ft
-76.43438,35.730718,3/5/81,5.02,ft
-76.43438,35.730718,3/6/81,4.97,ft
-76.43438,35.730718,3/7/81,4.98,ft
-76.43438,35.730718,3/8/81,4.99,ft
-76.43438,35.730718,3/9/81,5.01,ft
-76.43438,35.730718,3/10/81,5.02,ft
-76.43438,35.730718,3/11/81,5.02,ft
-76.43438,35.730718,3/12/81,5.02,ft
-76.43438,35.730718,3/13/81,5.03,ft
-76.43438,35.730718,3/14/81,5.03,ft
-76.43438,35.730718,3/15/81,5.03,ft
-76.43438,35.730718,3/16/81,5.08,ft
-76.43438,35.730718,3/17/81,5.08,ft
-76.43438,35.730718,3/18/81,5.08,ft
-76.43438,35.730718,3/19/81,5.11,ft
-76.43438,35.730718,3/20/81,5.11,ft
-76.43438,35.730718,3/21/81,5.11,ft
-76.43438,35.730718,3/22/81,5.12,ft
-76.43438,35.730718,3/23/81,5.12,ft
-76.43438,35.730718,3/24/81,5.12,ft
-76.43438,35.730718,3/25/81,5.16,ft
-76.43438,35.730718,3/26/81,5.06,ft
-76.43438,35.730718,3/27/81,4.94,ft
-76.43438,35.730718,3/28/81,4.94,ft
-76.43438,35.730718,3/29/81,4.94,ft
-76.43438,35.730718,3/30/81,4.97,ft
-76.43438,35.730718,3/30/81,4.94,ft
-76.43438,35.730718,3/31/81,4.96,ft
-76.43438,35.730718,4/1/81,5.02,ft
-76.43438,35.730718,4/2/81,5.05,ft
-76.43438,35.730718,4/3/81,5.06,ft
-76.43438,35.730718,4/4/81,5.08,ft
-76.43438,35.730718,4/5/81,5.09,ft
-76.43438,35.730718,4/6/81,5.09,ft
-76.43438,35.730718,4/7/81,5.12,ft
-76.43438,35.730718,4/8/81,5.12,ft
-76.43438,35.730718,4/9/81,5.12,ft
-76.43438,35.730718,4/10/81,5.13,ft
-76.43438,35.730718,4/11/81,5.13,ft
-76.43438,35.730718,4/12/81,5.13,ft
-76.43438,35.730718,4/13/81,5.17,ft
-76.43438,35.730718,5/12/81,5.46,ft
-76.43438,35.730718,6/10/81,4.71,ft
-76.43438,35.730718,6/11/81,4.77,ft
-76.43438,35.730718,6/12/81,4.82,ft
-76.43438,35.730718,6/13/81,4.86,ft
-76.43438,35.730718,6/16/81,5.51,ft
-76.43438,35.730718,6/17/81,5.9,ft
-76.43438,35.730718,6/18/81,5.91,ft
-76.43438,35.730718,6/19/81,5.91,ft
-76.43438,35.730718,6/20/81,5.84,ft
-76.43438,35.730718,6/21/81,5.88,ft
-76.43438,35.730718,6/22/81,5.92,ft
-76.43438,35.730718,6/23/81,5.86,ft
-76.43438,35.730718,6/24/81,5.97,ft
-76.43438,35.730718,6/25/81,5.98,ft
-76.43438,35.730718,6/26/81,5.99,ft
-76.43438,35.730718,6/27/81,5.99,ft
-76.43438,35.730718,6/28/81,6.09,ft
-76.43438,35.730718,6/29/81,6.12,ft
-76.43438,35.730718,6/30/81,6.15,ft
-76.43438,35.730718,7/1/81,6.22,ft
-76.43438,35.730718,7/2/81,6.22,ft
-76.43438,35.730718,7/3/81,6.23,ft
-76.43438,35.730718,7/4/81,6.18,ft
-76.43438,35.730718,7/5/81,6.14,ft
-76.43438,35.730718,7/6/81,6.15,ft
-76.43438,35.730718,7/7/81,6.19,ft
-76.43438,35.730718,7/8/81,6.23,ft
-76.43438,35.730718,7/9/81,6.27,ft
-76.43438,35.730718,7/10/81,6.3,ft
-76.43438,35.730718,7/11/81,6.34,ft
-76.43438,35.730718,7/12/81,6.41,ft
-76.43438,35.730718,7/13/81,6.44,ft
-76.43438,35.730718,7/14/81,6.47,ft
-76.43438,35.730718,7/15/81,6.53,ft
-76.43438,35.730718,7/16/81,6.59,ft
-76.43438,35.730718,7/17/81,6.59,ft
-76.43438,35.730718,7/18/81,6.62,ft
-76.43438,35.730718,7/19/81,6.68,ft
-76.43438,35.730718,7/20/81,6.73,ft
-76.43438,35.730718,7/21/81,6.77,ft
-76.43438,35.730718,7/22/81,6.44,ft
-76.43438,35.730718,7/23/81,6.47,ft
-76.43438,35.730718,7/24/81,6.52,ft
-76.43438,35.730718,7/25/81,6.58,ft
-76.43438,35.730718,7/26/81,6.66,ft
-76.43438,35.730718,7/27/81,6.71,ft
-76.43438,35.730718,7/28/81,6.76,ft
-76.43438,35.730718,7/29/81,6.79,ft
-76.43438,35.730718,7/30/81,6.82,ft
-76.43438,35.730718,7/31/81,6.46,ft
-76.43438,35.730718,8/1/81,6.23,ft
-76.43438,35.730718,8/2/81,6.03,ft
-76.43438,35.730718,8/3/81,5.91,ft
-76.43438,35.730718,8/4/81,5.79,ft
-76.43438,35.730718,8/5/81,5.76,ft
-76.43438,35.730718,8/6/81,5.74,ft
-76.43438,35.730718,8/7/81,5.54,ft
-76.43438,35.730718,8/8/81,5.49,ft
-76.43438,35.730718,8/9/81,5.21,ft
-76.43438,35.730718,8/10/81,5.11,ft
-76.43438,35.730718,8/11/81,4.83,ft
-76.43438,35.730718,8/12/81,4.58,ft
-76.43438,35.730718,8/13/81,3.94,ft
-76.43438,35.730718,8/13/81,4.61,ft
-76.43438,35.730718,8/14/81,4.07,ft
-76.43438,35.730718,8/15/81,4.15,ft
-76.43438,35.730718,8/16/81,4.21,ft
-76.43438,35.730718,8/17/81,4.3,ft
-76.43438,35.730718,8/18/81,4.4,ft
-76.43438,35.730718,8/19/81,4.39,ft
-76.43438,35.730718,8/20/81,3.8,ft
-76.43438,35.730718,8/21/81,3.8,ft
-76.43438,35.730718,8/22/81,3.83,ft
-76.43438,35.730718,8/23/81,3.84,ft
-76.43438,35.730718,8/24/81,3.85,ft
-76.43438,35.730718,8/25/81,3.85,ft
-76.43438,35.730718,8/26/81,3.85,ft
-76.43438,35.730718,8/27/81,3.85,ft
-76.43438,35.730718,8/28/81,3.85,ft
-76.43438,35.730718,8/29/81,3.85,ft
-76.43438,35.730718,8/30/81,3.9,ft
-76.43438,35.730718,8/31/81,4.01,ft
-76.43438,35.730718,9/1/81,4.09,ft
-76.43438,35.730718,9/2/81,4.21,ft
-76.43438,35.730718,9/3/81,4.31,ft
-76.43438,35.730718,9/4/81,4.43,ft
-76.43438,35.730718,9/5/81,4.61,ft
-76.43438,35.730718,9/6/81,4.69,ft
-76.43438,35.730718,9/7/81,5.21,ft
-76.43438,35.730718,9/8/81,5.21,ft
-76.43438,35.730718,9/9/81,5.22,ft
-76.43438,35.730718,9/10/81,5.22,ft
-76.43438,35.730718,9/11/81,5.22,ft
-76.43438,35.730718,9/12/81,5.41,ft
-76.43438,35.730718,9/13/81,5.41,ft
-76.43438,35.730718,9/14/81,5.41,ft
-76.43438,35.730718,9/15/81,5.41,ft
-76.43438,35.730718,9/16/81,5.42,ft
-76.43438,35.730718,9/17/81,5.42,ft
-76.43438,35.730718,9/18/81,5.05,ft
-76.43438,35.730718,9/18/81,5.07,ft
-76.43438,35.730718,9/19/81,5.07,ft
-76.43438,35.730718,9/20/81,5.08,ft
-76.43438,35.730718,9/21/81,5.12,ft
-76.43438,35.730718,9/22/81,5.14,ft
-76.43438,35.730718,9/23/81,5.18,ft
-76.43438,35.730718,9/24/81,5.2,ft
-76.43438,35.730718,9/25/81,5.22,ft
-76.43438,35.730718,9/26/81,5.24,ft
-76.43438,35.730718,9/27/81,5.26,ft
-76.43438,35.730718,9/28/81,5.27,ft
-76.43438,35.730718,9/29/81,5.32,ft
-76.43438,35.730718,9/30/81,5.34,ft
-76.43438,35.730718,10/1/81,5.36,ft
-76.43438,35.730718,10/2/81,5.37,ft
-76.43438,35.730718,10/3/81,5.41,ft
-76.43438,35.730718,10/4/81,5.45,ft
-76.43438,35.730718,10/5/81,5.46,ft
-76.43438,35.730718,10/6/81,5.48,ft
-76.43438,35.730718,10/7/81,5.5,ft
-76.43438,35.730718,10/8/81,5.56,ft
-76.43438,35.730718,10/9/81,5.59,ft
-76.43438,35.730718,10/10/81,5.62,ft
-76.43438,35.730718,10/11/81,5.64,ft
-76.43438,35.730718,10/12/81,5.66,ft
-76.43438,35.730718,10/13/81,5.7,ft
-76.43438,35.730718,10/14/81,5.72,ft
-76.43438,35.730718,10/15/81,5.74,ft
-76.43438,35.730718,10/16/81,5.74,ft
-76.43438,35.730718,10/17/81,5.8,ft
-76.43438,35.730718,10/18/81,5.82,ft
-76.43438,35.730718,10/19/81,5.96,ft
-76.43438,35.730718,10/19/81,5.87,ft
-76.43438,35.730718,10/20/81,5.8,ft
-76.43438,35.730718,10/21/81,5.81,ft
-76.43438,35.730718,10/22/81,5.82,ft
-76.43438,35.730718,10/23/81,5.84,ft
-76.43438,35.730718,10/24/81,5.89,ft
-76.43438,35.730718,10/25/81,5.87,ft
-76.43438,35.730718,10/26/81,5.87,ft
-76.43438,35.730718,10/27/81,5.89,ft
-76.43438,35.730718,10/28/81,5.92,ft
-76.43438,35.730718,10/29/81,5.96,ft
-76.43438,35.730718,10/30/81,5.97,ft
-76.43438,35.730718,10/31/81,5.98,ft
-76.43438,35.730718,11/1/81,5.99,ft
-76.43438,35.730718,11/2/81,6.01,ft
-76.43438,35.730718,11/3/81,6.03,ft
-76.43438,35.730718,11/4/81,6.06,ft
-76.43438,35.730718,11/5/81,6.07,ft
-76.43438,35.730718,11/6/81,6.06,ft
-76.43438,35.730718,11/7/81,6.08,ft
-76.43438,35.730718,11/8/81,6.13,ft
-76.43438,35.730718,11/9/81,6.14,ft
-76.43438,35.730718,11/10/81,6.16,ft
-76.43438,35.730718,11/11/81,6.29,ft
-76.43438,35.730718,11/11/81,6.29,ft
-76.43438,35.730718,11/12/81,6.31,ft
-76.43438,35.730718,11/13/81,6.32,ft
-76.43438,35.730718,11/14/81,6.32,ft
-76.43438,35.730718,11/15/81,6.33,ft
-76.43438,35.730718,11/16/81,6.36,ft
-76.43438,35.730718,11/17/81,6.37,ft
-76.43438,35.730718,11/18/81,6.38,ft
-76.43438,35.730718,11/19/81,6.43,ft
-76.43438,35.730718,11/20/81,6.42,ft
-76.43438,35.730718,11/21/81,6.45,ft
-76.43438,35.730718,11/22/81,6.47,ft
-76.43438,35.730718,11/23/81,6.47,ft
-76.43438,35.730718,11/24/81,6.44,ft
-76.43438,35.730718,11/25/81,6.47,ft
-76.43438,35.730718,11/26/81,6.48,ft
-76.43438,35.730718,11/27/81,6.48,ft
-76.43438,35.730718,11/28/81,6.5,ft
-76.43438,35.730718,11/29/81,6.53,ft
-76.43438,35.730718,11/30/81,6.53,ft
-76.43438,35.730718,12/1/81,6.53,ft
-76.43438,35.730718,12/2/81,6.42,ft
-76.43438,35.730718,12/3/81,6.39,ft
-76.43438,35.730718,12/4/81,6.36,ft
-76.43438,35.730718,12/5/81,6.36,ft
-76.43438,35.730718,12/6/81,6.38,ft
-76.43438,35.730718,12/7/81,6.38,ft
-76.43438,35.730718,12/8/81,6.37,ft
-76.43438,35.730718,12/9/81,6.44,ft
-76.43438,35.730718,12/10/81,6.44,ft
-76.43438,35.730718,12/11/81,6.44,ft
-76.43438,35.730718,12/12/81,6.45,ft
-76.43438,35.730718,12/13/81,6.47,ft
-76.43438,35.730718,12/14/81,6.44,ft
-76.43438,35.730718,12/15/81,6.35,ft
-76.43438,35.730718,12/17/81,6.23,ft
-76.43438,35.730718,12/17/81,6.23,ft
-76.43438,35.730718,12/18/81,6.19,ft
-76.43438,35.730718,12/19/81,6.14,ft
-76.43438,35.730718,12/20/81,6.12,ft
-76.43438,35.730718,12/21/81,6.11,ft
-76.43438,35.730718,12/22/81,6.05,ft
-76.43438,35.730718,12/23/81,6.05,ft
-76.43438,35.730718,12/24/81,6.1,ft
-76.43438,35.730718,12/25/81,5.9,ft
-76.43438,35.730718,12/26/81,5.55,ft
-76.43438,35.730718,12/27/81,5.5,ft
-76.43438,35.730718,12/28/81,5.49,ft
-76.43438,35.730718,12/29/81,5.46,ft
-76.43438,35.730718,12/30/81,5.47,ft
-76.43438,35.730718,12/31/81,5.39,ft
-76.43438,35.730718,1/1/82,5.2,ft
-76.43438,35.730718,1/2/82,5.19,ft
-76.43438,35.730718,1/3/82,5.12,ft
-76.43438,35.730718,1/4/82,4.26,ft
-76.43438,35.730718,1/5/82,4.2,ft
-76.43438,35.730718,1/6/82,4.26,ft
-76.43438,35.730718,1/7/82,4.36,ft
-76.43438,35.730718,1/8/82,4.48,ft
-76.43438,35.730718,1/9/82,4.51,ft
-76.43438,35.730718,1/10/82,4.59,ft
-76.43438,35.730718,1/11/82,4.62,ft
-76.43438,35.730718,1/12/82,4.79,ft
-76.43438,35.730718,1/12/82,4.79,ft
-76.43438,35.730718,1/13/82,4.79,ft
-76.43438,35.730718,1/14/82,4.77,ft
-76.43438,35.730718,1/15/82,4.81,ft
-76.43438,35.730718,1/16/82,4.81,ft
-76.43438,35.730718,1/17/82,4.82,ft
-76.43438,35.730718,1/18/82,4.81,ft
-76.43438,35.730718,1/19/82,4.79,ft
-76.43438,35.730718,1/20/82,4.81,ft
-76.43438,35.730718,1/21/82,4.81,ft
-76.43438,35.730718,1/22/82,4.77,ft
-76.43438,35.730718,1/23/82,4.72,ft
-76.43438,35.730718,1/24/82,4.63,ft
-76.43438,35.730718,1/25/82,4.61,ft
-76.43438,35.730718,1/26/82,4.68,ft
-76.43438,35.730718,1/27/82,4.73,ft
-76.43438,35.730718,1/28/82,4.77,ft
-76.43438,35.730718,1/29/82,4.76,ft
-76.43438,35.730718,1/30/82,4.81,ft
-76.43438,35.730718,1/31/82,4.74,ft
-76.43438,35.730718,2/1/82,4.89,ft
-76.43438,35.730718,2/2/82,4.89,ft
-76.43438,35.730718,2/3/82,4.82,ft
-76.43438,35.730718,2/5/82,4.72,ft
-76.43438,35.730718,2/6/82,4.78,ft
-76.43438,35.730718,2/7/82,4.8,ft
-76.43438,35.730718,2/8/82,4.8,ft
-76.43438,35.730718,2/9/82,4.8,ft
-76.43438,35.730718,2/10/82,4.81,ft
-76.43438,35.730718,2/11/82,4.85,ft
-76.43438,35.730718,2/12/82,4.86,ft
-76.43438,35.730718,2/13/82,4.59,ft
-76.43438,35.730718,2/14/82,4.52,ft
-76.43438,35.730718,2/15/82,4.55,ft
-76.43438,35.730718,2/16/82,4.58,ft
-76.43438,35.730718,2/17/82,4.61,ft
-76.43438,35.730718,2/18/82,4.68,ft
-76.43438,35.730718,2/19/82,4.68,ft
-76.43438,35.730718,2/20/82,4.68,ft
-76.43438,35.730718,2/21/82,4.67,ft
-76.43438,35.730718,2/22/82,4.75,ft
-76.43438,35.730718,2/23/82,4.77,ft
-76.43438,35.730718,2/24/82,4.79,ft
-76.43438,35.730718,2/25/82,4.87,ft
-76.43438,35.730718,2/26/82,4.87,ft
-76.43438,35.730718,2/27/82,4.85,ft
-76.43438,35.730718,2/28/82,4.7,ft
-76.43438,35.730718,3/1/82,4.59,ft
-76.43438,35.730718,3/1/82,4.61,ft
-76.43438,35.730718,3/2/82,4.6,ft
-76.43438,35.730718,3/3/82,4.66,ft
-76.43438,35.730718,3/4/82,4.68,ft
-76.43438,35.730718,3/5/82,4.72,ft
-76.43438,35.730718,3/6/82,4.73,ft
-76.43438,35.730718,3/7/82,4.33,ft
-76.43438,35.730718,3/8/82,4.28,ft
-76.43438,35.730718,3/9/82,4.28,ft
-76.43438,35.730718,3/10/82,4.34,ft
-76.43438,35.730718,3/11/82,4.4,ft
-76.43438,35.730718,3/12/82,4.45,ft
-76.43438,35.730718,3/13/82,4.58,ft
-76.43438,35.730718,3/14/82,4.67,ft
-76.43438,35.730718,3/15/82,4.72,ft
-76.43438,35.730718,3/16/82,4.71,ft
-76.43438,35.730718,3/17/82,4.69,ft
-76.43438,35.730718,3/18/82,4.76,ft
-76.43438,35.730718,3/19/82,4.76,ft
-76.43438,35.730718,3/20/82,4.77,ft
-76.43438,35.730718,3/21/82,4.76,ft
-76.43438,35.730718,3/22/82,4.75,ft
-76.43438,35.730718,3/23/82,4.77,ft
-76.43438,35.730718,3/24/82,4.78,ft
-76.43438,35.730718,3/25/82,4.8,ft
-76.43438,35.730718,3/26/82,4.85,ft
-76.43438,35.730718,3/27/82,4.88,ft
-76.43438,35.730718,3/28/82,4.94,ft
-76.43438,35.730718,3/29/82,4.95,ft
-76.43438,35.730718,3/30/82,4.95,ft
-76.43438,35.730718,3/31/82,4.95,ft
-76.43438,35.730718,4/1/82,4.96,ft
-76.43438,35.730718,4/2/82,4.98,ft
-76.43438,35.730718,4/3/82,4.96,ft
-76.43438,35.730718,4/4/82,5.01,ft
-76.43438,35.730718,4/5/82,5.05,ft
-76.43438,35.730718,4/6/82,5,ft
-76.43438,35.730718,4/7/82,5.07,ft
-76.43438,35.730718,4/8/82,5.07,ft
-76.43438,35.730718,4/9/82,4.99,ft
-76.43438,35.730718,4/10/82,5.07,ft
-76.43438,35.730718,4/11/82,5.07,ft
-76.43438,35.730718,4/12/82,5.08,ft
-76.43438,35.730718,4/13/82,5.08,ft
-76.43438,35.730718,4/13/82,5.08,ft
-76.43438,35.730718,4/14/82,5.11,ft
-76.43438,35.730718,4/15/82,5.12,ft
-76.43438,35.730718,4/16/82,5.13,ft
-76.43438,35.730718,4/17/82,5.14,ft
-76.43438,35.730718,4/18/82,5.16,ft
-76.43438,35.730718,4/19/82,5.17,ft
-76.43438,35.730718,4/20/82,5.17,ft
-76.43438,35.730718,4/21/82,5.18,ft
-76.43438,35.730718,4/22/82,5.21,ft
-76.43438,35.730718,4/23/82,5.23,ft
-76.43438,35.730718,4/24/82,5.23,ft
-76.43438,35.730718,4/25/82,5.25,ft
-76.43438,35.730718,4/26/82,5.24,ft
-76.43438,35.730718,4/27/82,5.21,ft
-76.43438,35.730718,4/28/82,5.17,ft
-76.43438,35.730718,4/29/82,5.16,ft
-76.43438,35.730718,4/30/82,5.16,ft
-76.43438,35.730718,5/1/82,5.19,ft
-76.43438,35.730718,5/2/82,5.21,ft
-76.43438,35.730718,5/4/82,5.24,ft
-76.43438,35.730718,5/5/82,5.28,ft
-76.43438,35.730718,5/6/82,5.3,ft
-76.43438,35.730718,5/7/82,5.3,ft
-76.43438,35.730718,5/8/82,5.32,ft
-76.43438,35.730718,5/9/82,5.34,ft
-76.43438,35.730718,5/10/82,5.36,ft
-76.43438,35.730718,5/11/82,5.38,ft
-76.43438,35.730718,5/12/82,5.4,ft
-76.43438,35.730718,5/13/82,5.43,ft
-76.43438,35.730718,5/14/82,5.44,ft
-76.43438,35.730718,5/15/82,5.49,ft
-76.43438,35.730718,5/16/82,5.52,ft
-76.43438,35.730718,5/17/82,5.53,ft
-76.43438,35.730718,5/18/82,5.61,ft
-76.43438,35.730718,5/19/82,5.59,ft
-76.43438,35.730718,5/20/82,5.6,ft
-76.43438,35.730718,5/21/82,5.64,ft
-76.43438,35.730718,5/22/82,5.64,ft
-76.43438,35.730718,5/23/82,5.64,ft
-76.43438,35.730718,5/24/82,5.68,ft
-76.43438,35.730718,5/25/82,5.67,ft
-76.43438,35.730718,5/26/82,5.67,ft
-76.43438,35.730718,5/27/82,5.69,ft
-76.43438,35.730718,5/28/82,5.71,ft
-76.43438,35.730718,5/29/82,5.54,ft
-76.43438,35.730718,5/30/82,5.53,ft
-76.43438,35.730718,5/31/82,5.54,ft
-76.43438,35.730718,6/1/82,5.56,ft
-76.43438,35.730718,6/2/82,5.58,ft
-76.43438,35.730718,6/3/82,5.63,ft
-76.43438,35.730718,6/4/82,5.62,ft
-76.43438,35.730718,6/5/82,4.36,ft
-76.43438,35.730718,6/6/82,4.34,ft
-76.43438,35.730718,6/7/82,4.48,ft
-76.43438,35.730718,6/8/82,4.58,ft
-76.43438,35.730718,6/9/82,4.68,ft
-76.43438,35.730718,6/10/82,4.7,ft
-76.43438,35.730718,6/10/82,4.72,ft
-76.43438,35.730718,7/15/82,5.26,ft
-76.43438,35.730718,9/16/82,6.56,ft
-76.43438,35.730718,9/17/82,6.59,ft
-76.43438,35.730718,9/18/82,6.61,ft
-76.43438,35.730718,9/19/82,6.66,ft
-76.43438,35.730718,9/20/82,6.65,ft
-76.43438,35.730718,9/21/82,6.45,ft
-76.43438,35.730718,9/22/82,6.39,ft
-76.43438,35.730718,9/23/82,6.39,ft
-76.43438,35.730718,9/24/82,6.34,ft
-76.43438,35.730718,9/25/82,6.54,ft
-76.43438,35.730718,9/26/82,6.49,ft
-76.43438,35.730718,9/27/82,5.64,ft
-76.43438,35.730718,9/28/82,5.55,ft
-76.43438,35.730718,10/1/82,5.41,ft
-76.43438,35.730718,10/2/82,5.41,ft
-76.43438,35.730718,10/3/82,5.42,ft
-76.43438,35.730718,10/4/82,5.42,ft
-76.43438,35.730718,10/5/82,5.42,ft
-76.43438,35.730718,10/8/82,5.47,ft
-76.43438,35.730718,10/11/82,5.52,ft
-76.43438,35.730718,10/13/82,5.54,ft
-76.43438,35.730718,10/14/82,5.5,ft
-76.43438,35.730718,10/15/82,5.53,ft
-76.43438,35.730718,10/15/82,5.51,ft
-76.43438,35.730718,10/16/82,5.58,ft
-76.43438,35.730718,10/17/82,5.64,ft
-76.43438,35.730718,10/18/82,5.67,ft
-76.43438,35.730718,10/19/82,5.67,ft
-76.43438,35.730718,10/20/82,5.68,ft
-76.43438,35.730718,10/21/82,5.68,ft
-76.43438,35.730718,10/22/82,5.69,ft
-76.43438,35.730718,10/23/82,5.69,ft
-76.43438,35.730718,10/24/82,5.68,ft
-76.43438,35.730718,10/25/82,5.16,ft
-76.43438,35.730718,10/26/82,4.99,ft
-76.43438,35.730718,10/27/82,4.92,ft
-76.43438,35.730718,10/28/82,4.89,ft
-76.43438,35.730718,10/29/82,4.87,ft
-76.43438,35.730718,10/30/82,4.85,ft
-76.43438,35.730718,10/31/82,4.85,ft
-76.43438,35.730718,11/1/82,4.84,ft
-76.43438,35.730718,11/2/82,4.82,ft
-76.43438,35.730718,11/3/82,4.82,ft
-76.43438,35.730718,11/4/82,4.82,ft
-76.43438,35.730718,11/5/82,4.72,ft
-76.43438,35.730718,11/6/82,4.66,ft
-76.43438,35.730718,11/7/82,4.64,ft
-76.43438,35.730718,11/8/82,4.63,ft
-76.43438,35.730718,11/9/82,4.59,ft
-76.43438,35.730718,11/10/82,4.59,ft
-76.43438,35.730718,11/11/82,4.59,ft
-76.43438,35.730718,11/12/82,4.59,ft
-76.43438,35.730718,11/13/82,4.35,ft
-76.43438,35.730718,11/14/82,4.34,ft
-76.43438,35.730718,11/15/82,4.4,ft
-76.43438,35.730718,11/16/82,4.41,ft
-76.43438,35.730718,11/17/82,4.5,ft
-76.43438,35.730718,11/18/82,4.61,ft
-76.43438,35.730718,11/19/82,4.7,ft
-76.43438,35.730718,11/20/82,4.79,ft
-76.43438,35.730718,11/21/82,4.85,ft
-76.43438,35.730718,11/22/82,4.87,ft
-76.43438,35.730718,11/23/82,4.92,ft
-76.43438,35.730718,11/24/82,5.01,ft
-76.43438,35.730718,11/25/82,5.03,ft
-76.43438,35.730718,11/26/82,5.02,ft
-76.43438,35.730718,11/27/82,5.04,ft
-76.43438,35.730718,11/28/82,5.03,ft
-76.43438,35.730718,11/29/82,5.04,ft
-76.43438,35.730718,11/30/82,5.07,ft
-76.43438,35.730718,12/1/82,5.07,ft
-76.43438,35.730718,12/2/82,5.1,ft
-76.43438,35.730718,12/3/82,5.11,ft
-76.43438,35.730718,12/4/82,5.1,ft
-76.43438,35.730718,12/5/82,5.09,ft
-76.43438,35.730718,12/6/82,5.09,ft
-76.43438,35.730718,12/7/82,5.14,ft
-76.43438,35.730718,12/8/82,5.14,ft
-76.43438,35.730718,12/9/82,5.14,ft
-76.43438,35.730718,12/10/82,5.16,ft
-76.43438,35.730718,12/11/82,5.15,ft
-76.43438,35.730718,12/12/82,4.88,ft
-76.43438,35.730718,12/13/82,4.73,ft
-76.43438,35.730718,12/14/82,4.71,ft
-76.43438,35.730718,12/15/82,4.71,ft
-76.43438,35.730718,12/16/82,4.68,ft
-76.43438,35.730718,12/17/82,4.63,ft
-76.43438,35.730718,12/18/82,4.63,ft
-76.43438,35.730718,12/19/82,4.63,ft
-76.43438,35.730718,12/20/82,4.66,ft
-76.43438,35.730718,2/17/83,4.07,ft
-76.43438,35.730718,3/15/83,4.71,ft
-76.43438,35.730718,4/14/83,4.39,ft
-76.43438,35.730718,5/15/83,5.06,ft
-76.43438,35.730718,6/20/83,5.04,ft
-76.43438,35.730718,7/15/83,5.37,ft
-76.43438,35.730718,8/15/83,6.32,ft
-76.43438,35.730718,9/15/83,5.73,ft
-76.43438,35.730718,10/31/83,5.7,ft
-76.43438,35.730718,11/4/83,5.73,ft
-76.43438,35.730718,1/15/84,4.89,ft
-76.43438,35.730718,2/20/84,4.14,ft
-76.43438,35.730718,3/27/84,4.7,ft
-76.43438,35.730718,5/4/84,4.79,ft
-76.43438,35.730718,6/13/84,4.74,ft
-76.43438,35.730718,7/19/84,4.07,ft
-76.43438,35.730718,8/20/84,4.59,ft
-76.43438,35.730718,9/15/84,4.51,ft
-76.43438,35.730718,10/11/84,5.26,ft
-76.43438,35.730718,11/15/84,5.74,ft
-76.43438,35.730718,1/15/85,5.68,ft
-76.43438,35.730718,2/22/85,4.79,ft
-76.43438,35.730718,3/15/85,5.04,ft
-76.43438,35.730718,4/17/85,5.31,ft
-76.43438,35.730718,5/29/85,5.19,ft
-76.43438,35.730718,6/15/85,5.75,ft
-76.43438,35.730718,7/10/85,4.61,ft
-76.43438,35.730718,8/23/85,4.29,ft
-76.43438,35.730718,9/24/85,5.85,ft
-76.43438,35.730718,11/19/85,3.99,ft
-76.43438,35.730718,12/10/85,4.02,ft
-76.43438,35.730718,1/17/86,4.95,ft
-76.43438,35.730718,2/15/86,4.84,ft
-76.43438,35.730718,3/7/86,4.99,ft
-76.43438,35.730718,4/15/86,5.06,ft
-76.43438,35.730718,5/22/86,5.24,ft
-76.43438,35.730718,6/25/86,4.93,ft
-76.43438,35.730718,7/15/86,4.99,ft
-76.43438,35.730718,1/15/87,4.79,ft
-76.43438,35.730718,2/15/87,4.44,ft
-76.43438,35.730718,3/15/87,4.24,ft
-76.43438,35.730718,4/15/87,4.47,ft
-76.43438,35.730718,5/16/87,4.11,ft
-76.43438,35.730718,6/18/87,4.78,ft
-76.43438,35.730718,7/10/87,4.49,ft
-76.43438,35.730718,8/26/87,5.21,ft
-76.43438,35.730718,9/24/87,4.31,ft
-76.43438,35.730718,11/3/87,5.49,ft
-76.43438,35.730718,12/14/87,5.29,ft
-76.43438,35.730718,1/21/88,4.69,ft
-76.43438,35.730718,3/9/88,4.87,ft
-76.43438,35.730718,5/26/88,5.12,ft
-76.43438,35.730718,7/19/88,5.92,ft
-76.43438,35.730718,1/19/89,5.6,ft
-76.43438,35.730718,7/15/92,3.87,ft
-76.43438,35.730718,9/21/92,3.78,ft
-76.43438,35.730718,1/21/93,3.5,ft
-76.43438,35.730718,4/14/93,3.87,ft
-76.43438,35.730718,7/6/93,4.89,ft
-76.43438,35.730718,9/28/93,6.69,ft
-76.43438,35.730718,1/10/94,4.11,ft
-76.43438,35.730718,4/6/94,4.28,ft
-76.43438,35.730718,7/12/94,5.37,ft
-76.43438,35.730718,9/26/94,5.06,ft
-76.43438,35.730718,1/26/95,3.93,ft
-76.43438,35.730718,2/21/95,3.03,ft
-76.43438,35.730718,4/11/95,4.19,ft
-76.43438,35.730718,7/12/95,3.88,ft
-76.43438,35.730718,5/14/98,3.18,ft
-76.43438,35.730718,9/23/98,4.1,ft
-76.43438,35.730718,10/12/99,3.7,ft
-76.43438,35.730718,3/20/00,3.45,ft
-76.43438,35.730718,6/1/00,3.69,ft
-76.43438,35.730718,6/2/00,3.75,ft
-76.43438,35.730718,6/3/00,3.79,ft
-76.43438,35.730718,6/4/00,3.84,ft
-76.43438,35.730718,6/5/00,3.85,ft
-76.43438,35.730718,6/6/00,3.85,ft
-76.43438,35.730718,6/7/00,3.86,ft
-76.43438,35.730718,6/8/00,3.87,ft
-76.43438,35.730718,6/9/00,3.88,ft
-76.43438,35.730718,6/10/00,3.89,ft
-76.43438,35.730718,6/11/00,3.9,ft
-76.43438,35.730718,6/12/00,3.9,ft
-76.43438,35.730718,6/13/00,3.91,ft
-76.43438,35.730718,6/14/00,3.92,ft
-76.43438,35.730718,6/14/00,3.64,ft
-76.43438,35.730718,6/15/00,3.85,ft
-76.43438,35.730718,6/16/00,3.85,ft
-76.43438,35.730718,6/17/00,3.86,ft
-76.43438,35.730718,6/18/00,3.87,ft
-76.43438,35.730718,6/19/00,3.88,ft
-76.43438,35.730718,6/20/00,3.89,ft
-76.43438,35.730718,6/21/00,3.9,ft
-76.43438,35.730718,6/22/00,3.9,ft
-76.43438,35.730718,6/23/00,3.91,ft
-76.43438,35.730718,6/24/00,3.92,ft
-76.43438,35.730718,6/25/00,3.92,ft
-76.43438,35.730718,6/26/00,3.93,ft
-76.43438,35.730718,6/27/00,3.93,ft
-76.43438,35.730718,6/28/00,3.94,ft
-76.43438,35.730718,6/29/00,3.95,ft
-76.43438,35.730718,6/30/00,3.94,ft
-76.43438,35.730718,7/1/00,3.93,ft
-76.43438,35.730718,7/2/00,3.95,ft
-76.43438,35.730718,7/3/00,3.98,ft
-76.43438,35.730718,7/4/00,3.99,ft
-76.43438,35.730718,7/5/00,4,ft
-76.43438,35.730718,7/6/00,4,ft
-76.43438,35.730718,7/7/00,4,ft
-76.43438,35.730718,7/8/00,4,ft
-76.43438,35.730718,7/9/00,4.01,ft
-76.43438,35.730718,7/10/00,4.01,ft
-76.43438,35.730718,7/11/00,4.01,ft
-76.43438,35.730718,7/12/00,4.01,ft
-76.43438,35.730718,7/13/00,4.02,ft
-76.43438,35.730718,7/14/00,4.03,ft
-76.43438,35.730718,7/15/00,4.05,ft
-76.43438,35.730718,7/16/00,4.05,ft
-76.43438,35.730718,7/17/00,4.05,ft
-76.43438,35.730718,7/18/00,4.05,ft
-76.43438,35.730718,7/19/00,4.06,ft
-76.43438,35.730718,7/20/00,4.07,ft
-76.43438,35.730718,7/21/00,4.08,ft
-76.43438,35.730718,7/22/00,4.09,ft
-76.43438,35.730718,7/23/00,4.09,ft
-76.43438,35.730718,7/24/00,4.1,ft
-76.43438,35.730718,7/25/00,4.1,ft
-76.43438,35.730718,7/26/00,4.11,ft
-76.43438,35.730718,7/27/00,4.07,ft
-76.43438,35.730718,7/28/00,4.06,ft
-76.43438,35.730718,7/29/00,4.07,ft
-76.43438,35.730718,7/30/00,4.09,ft
-76.43438,35.730718,7/31/00,4.09,ft
-76.43438,35.730718,8/1/00,4.09,ft
-76.43438,35.730718,8/2/00,4.1,ft
-76.43438,35.730718,8/3/00,4.11,ft
-76.43438,35.730718,8/4/00,4.09,ft
-76.43438,35.730718,8/5/00,4.01,ft
-76.43438,35.730718,8/6/00,4.01,ft
-76.43438,35.730718,8/7/00,4.03,ft
-76.43438,35.730718,8/8/00,4.05,ft
-76.43438,35.730718,8/9/00,4.05,ft
-76.43438,35.730718,8/10/00,4.06,ft
-76.43438,35.730718,8/11/00,4.07,ft
-76.43438,35.730718,8/12/00,4.07,ft
-76.43438,35.730718,8/13/00,4.07,ft
-76.43438,35.730718,8/14/00,4.08,ft
-76.43438,35.730718,8/15/00,4.08,ft
-76.43438,35.730718,8/16/00,4.09,ft
-76.43438,35.730718,8/17/00,4.09,ft
-76.43438,35.730718,8/18/00,4.09,ft
-76.43438,35.730718,8/19/00,4.1,ft
-76.43438,35.730718,8/20/00,4.1,ft
-76.43438,35.730718,8/21/00,4.11,ft
-76.43438,35.730718,8/22/00,4.12,ft
-76.43438,35.730718,8/23/00,4.12,ft
-76.43438,35.730718,8/24/00,4.13,ft
-76.43438,35.730718,8/25/00,4.13,ft
-76.43438,35.730718,8/26/00,4.14,ft
-76.43438,35.730718,8/27/00,4.14,ft
-76.43438,35.730718,8/28/00,4.15,ft
-76.43438,35.730718,8/29/00,4.15,ft
-76.43438,35.730718,8/30/00,4.09,ft
-76.43438,35.730718,8/31/00,3.76,ft
-76.43438,35.730718,9/1/00,3.68,ft
-76.43438,35.730718,9/2/00,3.3,ft
-76.43438,35.730718,9/3/00,3.31,ft
-76.43438,35.730718,9/4/00,3.34,ft
-76.43438,35.730718,9/5/00,3.11,ft
-76.43438,35.730718,9/6/00,2.78,ft
-76.43438,35.730718,9/7/00,2.8,ft
-76.43438,35.730718,9/8/00,2.88,ft
-76.43438,35.730718,9/9/00,2.98,ft
-76.43438,35.730718,9/10/00,3.07,ft
-76.43438,35.730718,9/11/00,3.14,ft
-76.43438,35.730718,9/12/00,3.19,ft
-76.43438,35.730718,9/13/00,3.22,ft
-76.43438,35.730718,9/14/00,3.23,ft
-76.43438,35.730718,9/15/00,3.24,ft
-76.43438,35.730718,9/16/00,3.24,ft
-76.43438,35.730718,9/17/00,3.25,ft
-76.43438,35.730718,9/18/00,3.26,ft
-76.43438,35.730718,9/19/00,3.27,ft
-76.43438,35.730718,9/20/00,3.27,ft
-76.43438,35.730718,9/21/00,3.28,ft
-76.43438,35.730718,9/22/00,3.29,ft
-76.43438,35.730718,9/23/00,3.29,ft
-76.43438,35.730718,9/24/00,2.62,ft
-76.43438,35.730718,9/25/00,2.61,ft
-76.43438,35.730718,9/26/00,2.61,ft
-76.43438,35.730718,9/27/00,2.61,ft
-76.43438,35.730718,9/28/00,2.61,ft
-76.43438,35.730718,9/29/00,2.61,ft
-76.43438,35.730718,9/30/00,2.69,ft
-76.43438,35.730718,10/1/00,2.77,ft
-76.43438,35.730718,10/2/00,2.82,ft
-76.43438,35.730718,10/3/00,2.84,ft
-76.43438,35.730718,10/4/00,2.85,ft
-76.43438,35.730718,10/5/00,2.86,ft
-76.43438,35.730718,10/6/00,2.88,ft
-76.43438,35.730718,10/7/00,2.89,ft
-76.43438,35.730718,10/8/00,2.92,ft
-76.43438,35.730718,10/9/00,2.95,ft
-76.43438,35.730718,10/10/00,2.97,ft
-76.43438,35.730718,10/11/00,2.99,ft
-76.43438,35.730718,10/12/00,3.01,ft
-76.43438,35.730718,10/12/00,2.84,ft
-76.43438,35.730718,10/13/00,3.06,ft
-76.43438,35.730718,10/14/00,3.07,ft
-76.43438,35.730718,10/15/00,3.09,ft
-76.43438,35.730718,10/16/00,3.11,ft
-76.43438,35.730718,10/17/00,3.12,ft
-76.43438,35.730718,10/18/00,3.14,ft
-76.43438,35.730718,10/19/00,3.15,ft
-76.43438,35.730718,10/20/00,3.16,ft
-76.43438,35.730718,10/21/00,3.18,ft
-76.43438,35.730718,10/22/00,3.2,ft
-76.43438,35.730718,10/23/00,3.22,ft
-76.43438,35.730718,10/24/00,3.24,ft
-76.43438,35.730718,10/25/00,3.26,ft
-76.43438,35.730718,10/26/00,3.27,ft
-76.43438,35.730718,10/27/00,3.28,ft
-76.43438,35.730718,10/28/00,3.3,ft
-76.43438,35.730718,10/29/00,3.32,ft
-76.43438,35.730718,10/30/00,3.33,ft
-76.43438,35.730718,10/31/00,3.35,ft
-76.43438,35.730718,11/1/00,3.36,ft
-76.43438,35.730718,11/2/00,3.38,ft
-76.43438,35.730718,11/3/00,3.4,ft
-76.43438,35.730718,11/4/00,3.42,ft
-76.43438,35.730718,11/5/00,3.43,ft
-76.43438,35.730718,11/6/00,3.44,ft
-76.43438,35.730718,11/7/00,3.46,ft
-76.43438,35.730718,11/8/00,3.47,ft
-76.43438,35.730718,11/9/00,3.49,ft
-76.43438,35.730718,11/10/00,3.51,ft
-76.43438,35.730718,11/11/00,3.55,ft
-76.43438,35.730718,11/12/00,3.58,ft
-76.43438,35.730718,11/13/00,3.58,ft
-76.43438,35.730718,11/14/00,3.59,ft
-76.43438,35.730718,11/15/00,3.59,ft
-76.43438,35.730718,11/16/00,3.6,ft
-76.43438,35.730718,11/17/00,3.62,ft
-76.43438,35.730718,11/18/00,3.68,ft
-76.43438,35.730718,11/19/00,3.69,ft
-76.43438,35.730718,11/20/00,3.7,ft
-76.43438,35.730718,11/21/00,3.72,ft
-76.43438,35.730718,11/22/00,3.73,ft
-76.43438,35.730718,11/23/00,3.74,ft
-76.43438,35.730718,11/24/00,3.77,ft
-76.43438,35.730718,11/25/00,3.79,ft
-76.43438,35.730718,11/26/00,3.68,ft
-76.43438,35.730718,11/27/00,3.49,ft
-76.43438,35.730718,11/28/00,3.47,ft
-76.43438,35.730718,11/29/00,3.49,ft
-76.43438,35.730718,11/30/00,3.49,ft
-76.43438,35.730718,12/1/00,3.53,ft
-76.43438,35.730718,12/2/00,3.54,ft
-76.43438,35.730718,12/3/00,3.55,ft
-76.43438,35.730718,12/4/00,3.32,ft
-76.43438,35.730718,12/5/00,3.21,ft
-76.43438,35.730718,12/6/00,3.19,ft
-76.43438,35.730718,12/7/00,3.2,ft
-76.43438,35.730718,12/8/00,3.23,ft
-76.43438,35.730718,12/9/00,3.28,ft
-76.43438,35.730718,12/10/00,3.32,ft
-76.43438,35.730718,12/11/00,3.32,ft
-76.43438,35.730718,12/12/00,3.32,ft
-76.43438,35.730718,12/13/00,3.4,ft
-76.43438,35.730718,12/14/00,3.36,ft
-76.43438,35.730718,12/15/00,3.4,ft
-76.43438,35.730718,12/16/00,3.4,ft
-76.43438,35.730718,12/17/00,3.38,ft
-76.43438,35.730718,12/18/00,3.43,ft
-76.43438,35.730718,12/19/00,3.42,ft
-76.43438,35.730718,12/20/00,3.48,ft
-76.43438,35.730718,12/21/00,3.48,ft
-76.43438,35.730718,12/22/00,3.54,ft
-76.43438,35.730718,12/23/00,3.54,ft
-76.43438,35.730718,12/24/00,3.58,ft
-76.43438,35.730718,12/25/00,3.58,ft
-76.43438,35.730718,12/26/00,3.58,ft
-76.43438,35.730718,12/27/00,3.59,ft
-76.43438,35.730718,12/28/00,3.6,ft
-76.43438,35.730718,12/29/00,3.64,ft
-76.43438,35.730718,12/30/00,3.68,ft
-76.43438,35.730718,12/31/00,3.68,ft
-76.43438,35.730718,1/1/01,3.71,ft
-76.43438,35.730718,1/2/01,3.71,ft
-76.43438,35.730718,1/3/01,3.71,ft
-76.43438,35.730718,1/4/01,3.7,ft
-76.43438,35.730718,1/5/01,3.75,ft
-76.43438,35.730718,1/6/01,3.76,ft
-76.43438,35.730718,1/7/01,3.79,ft
-76.43438,35.730718,1/8/01,3.8,ft
-76.43438,35.730718,1/9/01,3.8,ft
-76.43438,35.730718,1/10/01,3.83,ft
-76.43438,35.730718,1/11/01,3.83,ft
-76.43438,35.730718,1/12/01,3.83,ft
-76.43438,35.730718,1/13/01,3.83,ft
-76.43438,35.730718,1/14/01,3.83,ft
-76.43438,35.730718,1/15/01,3.55,ft
-76.43438,35.730718,1/16/01,3.48,ft
-76.43438,35.730718,1/17/01,3.46,ft
-76.43438,35.730718,1/18/01,3.46,ft
-76.43438,35.730718,1/19/01,3.29,ft
-76.43438,35.730718,1/20/01,3.31,ft
-76.43438,35.730718,1/21/01,3.34,ft
-76.43438,35.730718,1/22/01,3.36,ft
-76.43438,35.730718,1/23/01,3.35,ft
-76.43438,35.730718,1/24/01,3.4,ft
-76.43438,35.730718,1/25/01,3.42,ft
-76.43438,35.730718,1/26/01,3.46,ft
-76.43438,35.730718,1/27/01,3.46,ft
-76.43438,35.730718,1/28/01,3.44,ft
-76.43438,35.730718,1/29/01,3.45,ft
-76.43438,35.730718,1/30/01,3.49,ft
-76.43438,35.730718,2/8/01,3.5,ft
-76.43438,35.730718,2/9/01,3.49,ft
-76.43438,35.730718,2/10/01,3.49,ft
-76.43438,35.730718,2/11/01,3.55,ft
-76.43438,35.730718,2/12/01,3.56,ft
-76.43438,35.730718,2/13/01,3.55,ft
-76.43438,35.730718,2/14/01,3.55,ft
-76.43438,35.730718,2/15/01,3.54,ft
-76.43438,35.730718,2/16/01,3.55,ft
-76.43438,35.730718,2/17/01,3.55,ft
-76.43438,35.730718,2/18/01,3.5,ft
-76.43438,35.730718,2/19/01,3.47,ft
-76.43438,35.730718,2/20/01,3.47,ft
-76.43438,35.730718,2/21/01,3.48,ft
-76.43438,35.730718,2/22/01,3.35,ft
-76.43438,35.730718,2/23/01,3.31,ft
-76.43438,35.730718,2/24/01,3.3,ft
-76.43438,35.730718,2/25/01,3.28,ft
-76.43438,35.730718,2/26/01,3.31,ft
-76.43438,35.730718,2/27/01,3.31,ft
-76.43438,35.730718,2/28/01,3.31,ft
-76.43438,35.730718,3/1/01,3.33,ft
-76.43438,35.730718,3/2/01,3.36,ft
-76.43438,35.730718,3/3/01,3.32,ft
-76.43438,35.730718,3/4/01,3.18,ft
-76.43438,35.730718,3/5/01,3.18,ft
-76.43438,35.730718,3/6/01,3.2,ft
-76.43438,35.730718,3/7/01,3.24,ft
-76.43438,35.730718,3/8/01,3.25,ft
-76.43438,35.730718,3/9/01,3.29,ft
-76.43438,35.730718,3/10/01,3.31,ft
-76.43438,35.730718,3/11/01,3.33,ft
-76.43438,35.730718,3/12/01,3.33,ft
-76.43438,35.730718,3/13/01,3.33,ft
-76.43438,35.730718,3/14/01,3.35,ft
-76.43438,35.730718,3/15/01,3.38,ft
-76.43438,35.730718,3/16/01,3.39,ft
-76.43438,35.730718,3/17/01,3.41,ft
-76.43438,35.730718,3/18/01,3.44,ft
-76.43438,35.730718,3/19/01,3.46,ft
-76.43438,35.730718,3/20/01,3.41,ft
-76.43438,35.730718,3/21/01,3.36,ft
-76.43438,35.730718,3/22/01,3.37,ft
-76.43438,35.730718,3/23/01,3.38,ft
-76.43438,35.730718,3/24/01,3.41,ft
-76.43438,35.730718,3/25/01,3.42,ft
-76.43438,35.730718,3/26/01,3.45,ft
-76.43438,35.730718,3/27/01,3.46,ft
-76.43438,35.730718,3/28/01,3.46,ft
-76.43438,35.730718,3/29/01,3.43,ft
-76.43438,35.730718,3/30/01,3.42,ft
-76.43438,35.730718,3/31/01,3.42,ft
-76.43438,35.730718,4/1/01,3.35,ft
-76.43438,35.730718,4/2/01,3.31,ft
-76.43438,35.730718,4/3/01,3.3,ft
-76.43438,35.730718,4/4/01,3.31,ft
-76.43438,35.730718,4/5/01,3.32,ft
-76.43438,35.730718,4/6/01,3.34,ft
-76.43438,35.730718,4/7/01,3.37,ft
-76.43438,35.730718,4/8/01,3.39,ft
-76.43438,35.730718,4/9/01,3.42,ft
-76.43438,35.730718,4/10/01,3.46,ft
-76.43438,35.730718,4/11/01,3.48,ft
-76.43438,35.730718,4/12/01,3.5,ft
-76.43438,35.730718,4/13/01,3.51,ft
-76.43438,35.730718,4/14/01,3.54,ft
-76.43438,35.730718,4/15/01,3.55,ft
-76.43438,35.730718,4/16/01,3.6,ft
-76.43438,35.730718,4/17/01,3.58,ft
-76.43438,35.730718,4/18/01,3.59,ft
-76.43438,35.730718,4/19/01,3.61,ft
-76.43438,35.730718,4/20/01,3.63,ft
-76.43438,35.730718,4/21/01,3.65,ft
-76.43438,35.730718,4/22/01,3.67,ft
-76.43438,35.730718,4/23/01,3.69,ft
-76.43438,35.730718,4/24/01,3.71,ft
-76.43438,35.730718,4/25/01,3.68,ft
-76.43438,35.730718,4/26/01,3.67,ft
-76.43438,35.730718,4/27/01,3.7,ft
-76.43438,35.730718,4/28/01,3.73,ft
-76.43438,35.730718,4/29/01,3.76,ft
-76.43438,35.730718,4/30/01,3.76,ft
-76.43438,35.730718,5/1/01,3.78,ft
-76.43438,35.730718,5/2/01,3.81,ft
-76.43438,35.730718,5/3/01,3.84,ft
-76.43438,35.730718,5/4/01,3.85,ft
-76.43438,35.730718,5/5/01,3.88,ft
-76.43438,35.730718,5/6/01,3.91,ft
-76.43438,35.730718,5/7/01,3.92,ft
-76.43438,35.730718,5/8/01,4.15,ft
-76.43438,35.730718,5/8/01,3.93,ft
-76.43438,35.730718,5/9/01,3.95,ft
-76.43438,35.730718,5/10/01,3.99,ft
-76.43438,35.730718,5/11/01,4.01,ft
-76.43438,35.730718,5/12/01,4.02,ft
-76.43438,35.730718,5/13/01,4.03,ft
-76.43438,35.730718,5/14/01,4.03,ft
-76.43438,35.730718,5/15/01,4.03,ft
-76.43438,35.730718,5/16/01,4.06,ft
-76.43438,35.730718,5/17/01,4.06,ft
-76.43438,35.730718,5/18/01,4.06,ft
-76.43438,35.730718,5/19/01,4.1,ft
-76.43438,35.730718,5/20/01,4.11,ft
-76.43438,35.730718,5/21/01,4.09,ft
-76.43438,35.730718,5/22/01,4.1,ft
-76.43438,35.730718,5/23/01,4.11,ft
-76.43438,35.730718,5/24/01,4.15,ft
-76.43438,35.730718,5/25/01,4.35,ft
-76.43438,35.730718,5/26/01,4.37,ft
-76.43438,35.730718,5/27/01,4.34,ft
-76.43438,35.730718,5/28/01,4.34,ft
-76.43438,35.730718,5/29/01,4.3,ft
-76.43438,35.730718,5/30/01,4.27,ft
-76.43438,35.730718,5/31/01,4.3,ft
-76.43438,35.730718,6/1/01,4.31,ft
-76.43438,35.730718,6/2/01,4.19,ft
-76.43438,35.730718,6/3/01,3.98,ft
-76.43438,35.730718,6/4/01,3.98,ft
-76.43438,35.730718,6/5/01,4,ft
-76.43438,35.730718,6/6/01,4,ft
-76.43438,35.730718,6/7/01,3.9,ft
-76.43438,35.730718,6/8/01,3.89,ft
-76.43438,35.730718,6/9/01,3.87,ft
-76.43438,35.730718,6/10/01,3.89,ft
-76.43438,35.730718,6/11/01,3.93,ft
-76.43438,35.730718,6/12/01,3.96,ft
-76.43438,35.730718,6/13/01,3.99,ft
-76.43438,35.730718,6/14/01,4.02,ft
-76.43438,35.730718,6/15/01,3.93,ft
-76.43438,35.730718,6/16/01,3.84,ft
-76.43438,35.730718,6/17/01,3.8,ft
-76.43438,35.730718,6/18/01,3.8,ft
-76.43438,35.730718,6/19/01,3.83,ft
-76.43438,35.730718,6/20/01,3.86,ft
-76.43438,35.730718,6/21/01,3.88,ft
-76.43438,35.730718,6/22/01,3.89,ft
-76.43438,35.730718,6/23/01,3.91,ft
-76.43438,35.730718,6/24/01,3.91,ft
-76.43438,35.730718,6/25/01,3.89,ft
-76.43438,35.730718,6/26/01,3.91,ft
-76.43438,35.730718,6/27/01,3.93,ft
-76.43438,35.730718,6/28/01,3.94,ft
-76.43438,35.730718,6/29/01,3.97,ft
-76.43438,35.730718,6/30/01,3.99,ft
-76.43438,35.730718,7/1/01,4,ft
-76.43438,35.730718,7/2/01,4.02,ft
-76.43438,35.730718,7/3/01,4.06,ft
-76.43438,35.730718,7/4/01,4.07,ft
-76.43438,35.730718,7/5/01,4.09,ft
-76.43438,35.730718,7/6/01,4.11,ft
-76.43438,35.730718,7/7/01,4.14,ft
-76.43438,35.730718,7/8/01,4.19,ft
-76.43438,35.730718,7/9/01,4.19,ft
-76.43438,35.730718,7/10/01,4.21,ft
-76.43438,35.730718,7/11/01,4.26,ft
-76.43438,35.730718,7/12/01,4.3,ft
-76.43438,35.730718,7/13/01,4.35,ft
-76.43438,35.730718,7/14/01,4.35,ft
-76.43438,35.730718,7/15/01,4.39,ft
-76.43438,35.730718,7/16/01,4.43,ft
-76.43438,35.730718,7/17/01,4.47,ft
-76.43438,35.730718,7/18/01,4.51,ft
-76.43438,35.730718,7/19/01,4.43,ft
-76.43438,35.730718,7/20/01,4.41,ft
-76.43438,35.730718,7/21/01,4.4,ft
-76.43438,35.730718,7/22/01,4.43,ft
-76.43438,35.730718,7/23/01,4.43,ft
-76.43438,35.730718,7/24/01,4.44,ft
-76.43438,35.730718,7/25/01,4.48,ft
-76.43438,35.730718,7/26/01,4.49,ft
-76.43438,35.730718,7/27/01,4.46,ft
-76.43438,35.730718,7/28/01,4.16,ft
-76.43438,35.730718,7/29/01,4.19,ft
-76.43438,35.730718,7/30/01,4.22,ft
-76.43438,35.730718,7/31/01,4.23,ft
-76.43438,35.730718,8/1/01,4.27,ft
-76.43438,35.730718,8/2/01,4.24,ft
-76.43438,35.730718,8/3/01,4.25,ft
-76.43438,35.730718,8/4/01,4.27,ft
-76.43438,35.730718,8/30/01,4.15,ft
-76.43438,35.730718,11/13/01,6.51,ft
-76.43438,35.730718,2/1/02,5.55,ft
-76.43438,35.730718,5/14/02,5.35,ft
-76.43438,35.730718,8/6/02,4.53,ft
-76.43438,35.730718,11/22/02,3.1,ft
-76.43438,35.730718,2/6/03,3.58,ft
-76.43438,35.730718,5/7/03,3,ft
-76.43438,35.730718,8/18/03,2.63,ft
-76.43438,35.730718,11/10/03,3.3,ft
-76.43438,35.730718,2/25/04,3.01,ft
-76.43438,35.730718,5/18/04,3.3,ft
-76.43438,35.730718,5/19/04,3.36,ft
-76.43438,35.730718,5/20/04,3.4,ft
-76.43438,35.730718,5/21/04,3.43,ft
-76.43438,35.730718,5/22/04,3.44,ft
-76.43438,35.730718,5/29/04,3.27,ft
-76.43438,35.730718,5/30/04,3.35,ft
-76.43438,35.730718,5/31/04,3.38,ft
-76.43438,35.730718,6/1/04,3.4,ft
-76.43438,35.730718,6/2/04,3.45,ft
-76.43438,35.730718,6/3/04,3.47,ft
-76.43438,35.730718,6/4/04,3.48,ft
-76.43438,35.730718,6/5/04,3.48,ft
-76.43438,35.730718,6/6/04,3.46,ft
-76.43438,35.730718,6/7/04,3.46,ft
-76.43438,35.730718,6/8/04,3.35,ft
-76.43438,35.730718,6/9/04,3.33,ft
-76.43438,35.730718,6/10/04,3.35,ft
-76.43438,35.730718,6/11/04,3.39,ft
-76.43438,35.730718,6/12/04,3.4,ft
-76.43438,35.730718,6/13/04,3.41,ft
-76.43438,35.730718,6/14/04,3.43,ft
-76.43438,35.730718,6/15/04,3.44,ft
-76.43438,35.730718,6/16/04,3.47,ft
-76.43438,35.730718,6/17/04,3.48,ft
-76.43438,35.730718,6/18/04,3.48,ft
-76.43438,35.730718,6/19/04,3.48,ft
-76.43438,35.730718,6/20/04,3.49,ft
-76.43438,35.730718,8/9/04,2.91,ft
-76.43438,35.730718,8/10/04,2.92,ft
-76.43438,35.730718,8/11/04,2.94,ft
-76.43438,35.730718,8/12/04,2.98,ft
-76.43438,35.730718,8/13/04,2.99,ft
-76.43438,35.730718,8/14/04,2.79,ft
-76.43438,35.730718,8/15/04,2.41,ft
-76.43438,35.730718,8/16/04,2.02,ft
-76.43438,35.730718,8/17/04,2.07,ft
-76.43438,35.730718,8/18/04,2.15,ft
-76.43438,35.730718,8/19/04,2.28,ft
-76.43438,35.730718,8/20/04,2.44,ft
-76.43438,35.730718,8/21/04,2.52,ft
-76.43438,35.730718,8/22/04,2.54,ft
-76.43438,35.730718,8/23/04,2.57,ft
-76.43438,35.730718,8/24/04,2.58,ft
-76.43438,35.730718,10/29/04,3.05,ft
-76.43438,35.730718,12/8/04,3.32,ft
-76.43438,35.730718,12/16/04,3.24,ft
-76.43438,35.730718,12/17/04,3.24,ft
-76.43438,35.730718,12/18/04,3.25,ft
-76.43438,35.730718,12/19/04,3.25,ft
-76.43438,35.730718,12/20/04,3.26,ft
-76.43438,35.730718,12/21/04,3.26,ft
-76.43438,35.730718,12/22/04,3.27,ft
-76.43438,35.730718,12/23/04,3.27,ft
-76.43438,35.730718,12/24/04,3.28,ft
-76.43438,35.730718,12/25/04,3.28,ft
-76.43438,35.730718,12/26/04,3.29,ft
-76.43438,35.730718,12/27/04,3.29,ft
-76.43438,35.730718,12/28/04,3.29,ft
-76.43438,35.730718,12/29/04,3.29,ft
-76.43438,35.730718,12/30/04,3.29,ft
-76.43438,35.730718,12/31/04,3.29,ft
-76.43438,35.730718,1/1/05,3.29,ft
-76.43438,35.730718,1/2/05,3.3,ft
-76.43438,35.730718,1/3/05,3.3,ft
-76.43438,35.730718,1/4/05,3.3,ft
-76.43438,35.730718,1/5/05,3.3,ft
-76.43438,35.730718,1/6/05,3.3,ft
-76.43438,35.730718,1/7/05,3.3,ft
-76.43438,35.730718,1/8/05,3.31,ft
-76.43438,35.730718,1/9/05,3.31,ft
-76.43438,35.730718,1/10/05,3.31,ft
-76.43438,35.730718,1/11/05,3.31,ft
-76.43438,35.730718,1/12/05,3.31,ft
-76.43438,35.730718,1/12/05,3.34,ft
-76.43438,35.730718,1/13/05,3.33,ft
-76.43438,35.730718,1/14/05,3.34,ft
-76.43438,35.730718,1/15/05,3.34,ft
-76.43438,35.730718,1/16/05,3.21,ft
-76.43438,35.730718,1/17/05,3.18,ft
-76.43438,35.730718,1/18/05,3.21,ft
-76.43438,35.730718,1/19/05,3.22,ft
-76.43438,35.730718,1/20/05,3.2,ft
-76.43438,35.730718,1/21/05,3.23,ft
-76.43438,35.730718,1/22/05,3.26,ft
-76.43438,35.730718,1/23/05,3.24,ft
-76.43438,35.730718,1/24/05,3.29,ft
-76.43438,35.730718,1/25/05,3.29,ft
-76.43438,35.730718,1/26/05,3.3,ft
-76.43438,35.730718,1/26/05,3.41,ft
-76.43438,35.730718,1/27/05,3.32,ft
-76.43438,35.730718,1/28/05,3.39,ft
-76.43438,35.730718,1/29/05,3.4,ft
-76.43438,35.730718,1/30/05,3.4,ft
-76.43438,35.730718,1/31/05,3.22,ft
-76.43438,35.730718,2/1/05,3.16,ft
-76.43438,35.730718,2/2/05,3.16,ft
-76.43438,35.730718,2/2/05,3.16,ft
-76.43438,35.730718,2/3/05,3.14,ft
-76.43438,35.730718,2/4/05,3.14,ft
-76.43438,35.730718,2/5/05,3.16,ft
-76.43438,35.730718,2/6/05,3.2,ft
-76.43438,35.730718,2/7/05,3.22,ft
-76.43438,35.730718,2/8/05,3.22,ft
-76.43438,35.730718,2/9/05,3.24,ft
-76.43438,35.730718,2/10/05,3.24,ft
-76.43438,35.730718,2/11/05,3.26,ft
-76.43438,35.730718,2/12/05,3.29,ft
-76.43438,35.730718,2/13/05,3.31,ft
-76.43438,35.730718,2/14/05,3.35,ft
-76.43438,35.730718,2/15/05,3.36,ft
-76.43438,35.730718,2/16/05,3.36,ft
-76.43438,35.730718,2/17/05,3.36,ft
-76.43438,35.730718,2/18/05,3.36,ft
-76.43438,35.730718,2/19/05,3.39,ft
-76.43438,35.730718,2/20/05,3.42,ft
-76.43438,35.730718,2/21/05,3.44,ft
-76.43438,35.730718,2/22/05,3.45,ft
-76.43438,35.730718,2/23/05,3.48,ft
-76.43438,35.730718,2/24/05,3.5,ft
-76.43438,35.730718,2/25/05,3.48,ft
-76.43438,35.730718,2/26/05,3.45,ft
-76.43438,35.730718,2/27/05,3.43,ft
-76.43438,35.730718,2/28/05,3.39,ft
-76.43438,35.730718,3/1/05,3.11,ft
-76.43438,35.730718,3/2/05,3.05,ft
-76.43438,35.730718,3/3/05,3.06,ft
-76.43438,35.730718,3/4/05,3.08,ft
-76.43438,35.730718,3/5/05,3.09,ft
-76.43438,35.730718,3/6/05,3.13,ft
-76.43438,35.730718,3/7/05,3.15,ft
-76.43438,35.730718,3/8/05,3.16,ft
-76.43438,35.730718,3/9/05,3.2,ft
-76.43438,35.730718,3/10/05,3.21,ft
-76.43438,35.730718,3/11/05,3.23,ft
-76.43438,35.730718,3/12/05,3.24,ft
-76.43438,35.730718,3/13/05,3.27,ft
-76.43438,35.730718,3/14/05,3.3,ft
-76.43438,35.730718,3/15/05,3.3,ft
-76.43438,35.730718,3/16/05,3.3,ft
-76.43438,35.730718,3/17/05,3.25,ft
-76.43438,35.730718,3/18/05,3.05,ft
-76.43438,35.730718,3/19/05,2.97,ft
-76.43438,35.730718,3/20/05,2.96,ft
-76.43438,35.730718,3/21/05,2.96,ft
-76.43438,35.730718,3/22/05,3,ft
-76.43438,35.730718,3/23/05,3.02,ft
-76.43438,35.730718,3/24/05,2.87,ft
-76.43438,35.730718,3/25/05,2.83,ft
-76.43438,35.730718,3/26/05,2.84,ft
-76.43438,35.730718,3/27/05,2.87,ft
-76.43438,35.730718,3/28/05,2.88,ft
-76.43438,35.730718,3/29/05,2.74,ft
-76.43438,35.730718,3/30/05,2.74,ft
-76.43438,35.730718,3/31/05,2.78,ft
-76.43438,35.730718,4/1/05,2.82,ft
-76.43438,35.730718,4/2/05,2.84,ft
-76.43438,35.730718,4/3/05,2.56,ft
-76.43438,35.730718,4/4/05,2.58,ft
-76.43438,35.730718,4/5/05,2.66,ft
-76.43438,35.730718,4/6/05,2.72,ft
-76.43438,35.730718,4/7/05,2.76,ft
-76.43438,35.730718,4/8/05,2.79,ft
-76.43438,35.730718,4/9/05,2.81,ft
-76.43438,35.730718,4/10/05,2.86,ft
-76.43438,35.730718,4/11/05,2.9,ft
-76.43438,35.730718,4/12/05,2.95,ft
-76.43438,35.730718,4/13/05,2.95,ft
-76.43438,35.730718,4/14/05,2.81,ft
-76.43438,35.730718,4/15/05,2.8,ft
-76.43438,35.730718,4/16/05,2.84,ft
-76.43438,35.730718,4/17/05,2.88,ft
-76.43438,35.730718,4/18/05,2.91,ft
-76.43438,35.730718,4/19/05,2.96,ft
-76.43438,35.730718,4/20/05,3,ft
-76.43438,35.730718,4/21/05,3.04,ft
-76.43438,35.730718,4/22/05,3.09,ft
-76.43438,35.730718,4/23/05,3.12,ft
-76.43438,35.730718,4/24/05,3.14,ft
-76.43438,35.730718,4/25/05,3.18,ft
-76.43438,35.730718,4/26/05,3.24,ft
-76.43438,35.730718,4/27/05,3.25,ft
-76.43438,35.730718,4/28/05,3.29,ft
-76.43438,35.730718,4/29/05,3.34,ft
-76.43438,35.730718,4/30/05,3.36,ft
-76.43438,35.730718,5/1/05,3.39,ft
-76.43438,35.730718,5/2/05,3.42,ft
-76.43438,35.730718,5/3/05,3.46,ft
-76.43438,35.730718,5/4/05,3.5,ft
-76.43438,35.730718,5/5/05,3.55,ft
-76.43438,35.730718,5/5/05,3.55,ft
-76.43438,35.730718,5/6/05,3.55,ft
-76.43438,35.730718,5/7/05,2.76,ft
-76.43438,35.730718,5/8/05,2.67,ft
-76.43438,35.730718,5/9/05,2.72,ft
-76.43438,35.730718,5/10/05,2.76,ft
-76.43438,35.730718,5/11/05,2.82,ft
-76.43438,35.730718,5/12/05,2.88,ft
-76.43438,35.730718,5/13/05,2.93,ft
-76.43438,35.730718,5/14/05,2.96,ft
-76.43438,35.730718,5/15/05,2.99,ft
-76.43438,35.730718,5/16/05,2.93,ft
-76.43438,35.730718,5/17/05,2.88,ft
-76.43438,35.730718,5/18/05,2.91,ft
-76.43438,35.730718,5/19/05,2.94,ft
-76.43438,35.730718,5/20/05,2.96,ft
-76.43438,35.730718,5/21/05,2.99,ft
-76.43438,35.730718,5/22/05,3.03,ft
-76.43438,35.730718,5/23/05,3.07,ft
-76.43438,35.730718,5/24/05,3.11,ft
-76.43438,35.730718,5/25/05,3.15,ft
-76.43438,35.730718,5/26/05,3.18,ft
-76.43438,35.730718,5/27/05,3.22,ft
-76.43438,35.730718,5/28/05,3.28,ft
-76.43438,35.730718,5/29/05,3.32,ft
-76.43438,35.730718,5/30/05,3.39,ft
-76.43438,35.730718,5/31/05,3.44,ft
-76.43438,35.730718,6/1/05,3.51,ft
-76.43438,35.730718,6/2/05,3.54,ft
-76.43438,35.730718,6/3/05,3.39,ft
-76.43438,35.730718,6/4/05,3.22,ft
-76.43438,35.730718,6/5/05,3.17,ft
-76.43438,35.730718,6/6/05,3.16,ft
-76.43438,35.730718,6/7/05,2.69,ft
-76.43438,35.730718,6/8/05,2.64,ft
-76.43438,35.730718,6/9/05,2.71,ft
-76.43438,35.730718,6/10/05,2.74,ft
-76.43438,35.730718,6/11/05,2.79,ft
-76.43438,35.730718,6/12/05,2.84,ft
-76.43438,35.730718,6/13/05,2.9,ft
-76.43438,35.730718,6/14/05,3,ft
-76.43438,35.730718,6/15/05,3.16,ft
-76.43438,35.730718,6/16/05,3.28,ft
-76.43438,35.730718,6/17/05,3.39,ft
-76.43438,35.730718,6/18/05,3.45,ft
-76.43438,35.730718,6/19/05,3.53,ft
-76.43438,35.730718,6/20/05,3.59,ft
-76.43438,35.730718,6/21/05,3.61,ft
-76.43438,35.730718,6/22/05,3.65,ft
-76.43438,35.730718,6/23/05,3.7,ft
-76.43438,35.730718,6/24/05,3.74,ft
-76.43438,35.730718,6/25/05,3.76,ft
-76.43438,35.730718,6/26/05,3.77,ft
-76.43438,35.730718,6/27/05,3.74,ft
-76.43438,35.730718,6/28/05,3.72,ft
-76.43438,35.730718,6/29/05,3.7,ft
-76.43438,35.730718,6/30/05,3.41,ft
-76.43438,35.730718,7/1/05,3.38,ft
-76.43438,35.730718,7/2/05,3.39,ft
-76.43438,35.730718,7/3/05,3.42,ft
-76.43438,35.730718,7/4/05,3.44,ft
-76.43438,35.730718,7/5/05,3.44,ft
-76.43438,35.730718,7/6/05,3.41,ft
-76.43438,35.730718,7/7/05,3.38,ft
-76.43438,35.730718,7/8/05,3.37,ft
-76.43438,35.730718,7/9/05,3.37,ft
-76.43438,35.730718,7/10/05,3.38,ft
-76.43438,35.730718,7/11/05,3.38,ft
-76.43438,35.730718,7/12/05,3.39,ft
-76.43438,35.730718,7/13/05,3.39,ft
-76.43438,35.730718,7/14/05,3.39,ft
-76.43438,35.730718,7/15/05,3.39,ft
-76.43438,35.730718,7/16/05,3.39,ft
-76.43438,35.730718,7/17/05,3.39,ft
-76.43438,35.730718,7/18/05,3.39,ft
-76.43438,35.730718,7/19/05,3.39,ft
-76.43438,35.730718,7/20/05,3.39,ft
-76.43438,35.730718,7/21/05,3.4,ft
-76.43438,35.730718,7/21/05,3.5,ft
-76.43438,35.730718,7/22/05,3.4,ft
-76.43438,35.730718,7/23/05,3.4,ft
-76.43438,35.730718,7/24/05,3.4,ft
-76.43438,35.730718,7/25/05,3.4,ft
-76.43438,35.730718,7/26/05,3.4,ft
-76.43438,35.730718,7/27/05,3.4,ft
-76.43438,35.730718,7/28/05,3.4,ft
-76.43438,35.730718,7/29/05,3.4,ft
-76.43438,35.730718,7/30/05,3.28,ft
-76.43438,35.730718,7/31/05,3.12,ft
-76.43438,35.730718,8/1/05,2.67,ft
-76.43438,35.730718,8/2/05,2.72,ft
-76.43438,35.730718,8/2/05,2.73,ft
-76.43438,35.730718,8/3/05,2.84,ft
-76.43438,35.730718,8/4/05,2.93,ft
-76.43438,35.730718,8/5/05,3.02,ft
-76.43438,35.730718,8/6/05,3.09,ft
-76.43438,35.730718,8/7/05,3.13,ft
-76.43438,35.730718,8/8/05,3.15,ft
-76.43438,35.730718,8/9/05,3.16,ft
-76.43438,35.730718,8/10/05,3.15,ft
-76.43438,35.730718,8/11/05,3.16,ft
-76.43438,35.730718,8/12/05,3.18,ft
-76.43438,35.730718,8/13/05,3.2,ft
-76.43438,35.730718,8/14/05,3.23,ft
-76.43438,35.730718,8/15/05,3.25,ft
-76.43438,35.730718,8/16/05,3.26,ft
-76.43438,35.730718,8/17/05,3.26,ft
-76.43438,35.730718,8/18/05,3.26,ft
-76.43438,35.730718,8/19/05,3.27,ft
-76.43438,35.730718,8/20/05,3.27,ft
-76.43438,35.730718,8/21/05,3.27,ft
-76.43438,35.730718,8/22/05,3.28,ft
-76.43438,35.730718,8/23/05,3.28,ft
-76.43438,35.730718,8/24/05,3.28,ft
-76.43438,35.730718,8/25/05,3.28,ft
-76.43438,35.730718,8/26/05,3.28,ft
-76.43438,35.730718,8/27/05,3.29,ft
-76.43438,35.730718,8/28/05,3.29,ft
-76.43438,35.730718,8/29/05,3.3,ft
-76.43438,35.730718,8/30/05,3.3,ft
-76.43438,35.730718,8/31/05,3.3,ft
-76.43438,35.730718,9/1/05,3.31,ft
-76.43438,35.730718,9/2/05,3.31,ft
-76.43438,35.730718,9/3/05,3.31,ft
-76.43438,35.730718,9/4/05,3.33,ft
-76.43438,35.730718,9/5/05,3.34,ft
-76.43438,35.730718,9/6/05,3.37,ft
-76.43438,35.730718,9/7/05,3.37,ft
-76.43438,35.730718,9/8/05,3.38,ft
-76.43438,35.730718,9/9/05,3.38,ft
-76.43438,35.730718,9/10/05,3.39,ft
-76.43438,35.730718,9/11/05,3.39,ft
-76.43438,35.730718,9/12/05,3.4,ft
-76.43438,35.730718,9/13/05,3.41,ft
-76.43438,35.730718,9/14/05,3.42,ft
-76.43438,35.730718,9/15/05,3.42,ft
-76.43438,35.730718,9/16/05,3.42,ft
-76.43438,35.730718,9/17/05,3.42,ft
-76.43438,35.730718,9/18/05,3.43,ft
-76.43438,35.730718,9/19/05,3.43,ft
-76.43438,35.730718,9/20/05,3.43,ft
-76.43438,35.730718,9/21/05,3.44,ft
-76.43438,35.730718,9/22/05,3.44,ft
-76.43438,35.730718,9/23/05,3.44,ft
-76.43438,35.730718,9/24/05,3.44,ft
-76.43438,35.730718,9/25/05,3.45,ft
-76.43438,35.730718,9/26/05,3.45,ft
-76.43438,35.730718,9/27/05,3.45,ft
-76.43438,35.730718,9/28/05,3.46,ft
-76.43438,35.730718,9/29/05,3.47,ft
-76.43438,35.730718,9/30/05,3.47,ft
-76.43438,35.730718,10/1/05,3.47,ft
-76.43438,35.730718,10/2/05,3.47,ft
-76.43438,35.730718,10/3/05,3.48,ft
-76.43438,35.730718,10/4/05,3.48,ft
-76.43438,35.730718,10/5/05,3.49,ft
-76.43438,35.730718,10/6/05,3.5,ft
-76.43438,35.730718,10/7/05,3.5,ft
-76.43438,35.730718,10/8/05,3.5,ft
-76.43438,35.730718,10/9/05,3.1,ft
-76.43438,35.730718,10/10/05,3.08,ft
-76.43438,35.730718,10/11/05,3.09,ft
-76.43438,35.730718,10/12/05,3.1,ft
-76.43438,35.730718,10/13/05,3.13,ft
-76.43438,35.730718,10/14/05,3.16,ft
-76.43438,35.730718,10/15/05,3.18,ft
-76.43438,35.730718,10/16/05,3.21,ft
-76.43438,35.730718,10/17/05,3.24,ft
-76.43438,35.730718,10/18/05,3.25,ft
-76.43438,35.730718,10/19/05,3.26,ft
-76.43438,35.730718,10/20/05,3.26,ft
-76.43438,35.730718,10/21/05,3.28,ft
-76.43438,35.730718,10/22/05,3.28,ft
-76.43438,35.730718,10/23/05,3.27,ft
-76.43438,35.730718,10/24/05,3.28,ft
-76.43438,35.730718,10/25/05,3.1,ft
-76.43438,35.730718,10/26/05,3.1,ft
-76.43438,35.730718,10/27/05,3.16,ft
-76.43438,35.730718,10/28/05,3.18,ft
-76.43438,35.730718,10/29/05,3.2,ft
-76.43438,35.730718,10/30/05,3.21,ft
-76.43438,35.730718,10/31/05,3.22,ft
-76.43438,35.730718,11/1/05,3.23,ft
-76.43438,35.730718,11/2/05,3.25,ft
-76.43438,35.730718,11/3/05,3.25,ft
-76.43438,35.730718,11/4/05,3.25,ft
-76.43438,35.730718,11/5/05,3.27,ft
-76.43438,35.730718,11/6/05,3.27,ft
-76.43438,35.730718,11/7/05,3.27,ft
-76.43438,35.730718,11/8/05,3.28,ft
-76.43438,35.730718,11/8/05,3.28,ft
-76.43438,35.730718,11/9/05,3.28,ft
-76.43438,35.730718,11/10/05,3.28,ft
-76.43438,35.730718,11/11/05,3.28,ft
-76.43438,35.730718,11/12/05,3.28,ft
-76.43438,35.730718,11/13/05,3.28,ft
-76.43438,35.730718,11/14/05,3.29,ft
-76.43438,35.730718,11/15/05,3.29,ft
-76.43438,35.730718,11/16/05,3.29,ft
-76.43438,35.730718,11/17/05,3.29,ft
-76.43438,35.730718,11/18/05,3.3,ft
-76.43438,35.730718,11/19/05,3.3,ft
-76.43438,35.730718,11/20/05,3.3,ft
-76.43438,35.730718,11/21/05,3.3,ft
-76.43438,35.730718,11/22/05,3.26,ft
-76.43438,35.730718,11/23/05,3.28,ft
-76.43438,35.730718,11/24/05,3.29,ft
-76.43438,35.730718,11/25/05,3.33,ft
-76.43438,35.730718,11/26/05,3.35,ft
-76.43438,35.730718,11/27/05,3.35,ft
-76.43438,35.730718,11/28/05,3.34,ft
-76.43438,35.730718,11/29/05,3.35,ft
-76.43438,35.730718,11/30/05,3.35,ft
-76.43438,35.730718,12/1/05,3.35,ft
-76.43438,35.730718,12/2/05,3.35,ft
-76.43438,35.730718,12/3/05,3.35,ft
-76.43438,35.730718,12/4/05,3.35,ft
-76.43438,35.730718,12/5/05,3.35,ft
-76.43438,35.730718,12/6/05,3.3,ft
-76.43438,35.730718,12/7/05,3.3,ft
-76.43438,35.730718,12/8/05,3.31,ft
-76.43438,35.730718,12/9/05,3.3,ft
-76.43438,35.730718,12/10/05,3.29,ft
-76.43438,35.730718,12/11/05,3.27,ft
-76.43438,35.730718,12/12/05,3.27,ft
-76.43438,35.730718,12/13/05,3.28,ft
-76.43438,35.730718,12/14/05,3.27,ft
-76.43438,35.730718,12/15/05,3.27,ft
-76.43438,35.730718,12/16/05,3.16,ft
-76.43438,35.730718,12/17/05,3.05,ft
-76.43438,35.730718,12/18/05,3.06,ft
-76.43438,35.730718,12/19/05,2.98,ft
-76.43438,35.730718,12/20/05,2.99,ft
-76.43438,35.730718,12/21/05,3,ft
-76.43438,35.730718,12/22/05,3.03,ft
-76.43438,35.730718,12/23/05,3.04,ft
-76.43438,35.730718,12/24/05,3.06,ft
-76.43438,35.730718,12/25/05,3.06,ft
-76.43438,35.730718,12/26/05,3.06,ft
-76.43438,35.730718,12/27/05,3.06,ft
-76.43438,35.730718,12/28/05,3.07,ft
-76.43438,35.730718,12/29/05,3.06,ft
-76.43438,35.730718,12/30/05,3.06,ft
-76.43438,35.730718,12/31/05,3.06,ft
-76.43438,35.730718,1/1/06,3.07,ft
-76.43438,35.730718,1/2/06,3.07,ft
-76.43438,35.730718,1/3/06,3.07,ft
-76.43438,35.730718,1/4/06,3.06,ft
-76.43438,35.730718,1/5/06,3.05,ft
-76.43438,35.730718,1/6/06,3.04,ft
-76.43438,35.730718,1/7/06,3.04,ft
-76.43438,35.730718,1/8/06,3.04,ft
-76.43438,35.730718,1/9/06,3.04,ft
-76.43438,35.730718,1/10/06,3.05,ft
-76.43438,35.730718,1/11/06,3.05,ft
-76.43438,35.730718,1/12/06,3.05,ft
-76.43438,35.730718,1/13/06,3.04,ft
-76.43438,35.730718,1/14/06,3.04,ft
-76.43438,35.730718,1/15/06,3.04,ft
-76.43438,35.730718,1/16/06,3.05,ft
-76.43438,35.730718,1/17/06,3.05,ft
-76.43438,35.730718,1/18/06,3.05,ft
-76.43438,35.730718,1/19/06,3.05,ft
-76.43438,35.730718,1/20/06,3.06,ft
-76.43438,35.730718,1/21/06,3.05,ft
-76.43438,35.730718,1/22/06,3.05,ft
-76.43438,35.730718,1/23/06,3.05,ft
-76.43438,35.730718,1/24/06,3.05,ft
-76.43438,35.730718,1/24/06,3.06,ft
-76.43438,35.730718,1/25/06,3.06,ft
-76.43438,35.730718,1/26/06,3.06,ft
-76.43438,35.730718,1/27/06,3.06,ft
-76.43438,35.730718,1/28/06,3.06,ft
-76.43438,35.730718,1/29/06,3.06,ft
-76.43438,35.730718,1/30/06,3.06,ft
-76.43438,35.730718,1/31/06,3.07,ft
-76.43438,35.730718,2/1/06,3.07,ft
-76.43438,35.730718,2/2/06,3.07,ft
-76.43438,35.730718,2/3/06,3.07,ft
-76.43438,35.730718,2/4/06,3.07,ft
-76.43438,35.730718,2/5/06,3.07,ft
-76.43438,35.730718,2/6/06,3.07,ft
-76.43438,35.730718,2/7/06,3.07,ft
-76.43438,35.730718,2/8/06,3.08,ft
-76.43438,35.730718,2/9/06,3.08,ft
-76.43438,35.730718,2/10/06,3.08,ft
-76.43438,35.730718,2/11/06,3.09,ft
-76.43438,35.730718,2/12/06,3.09,ft
-76.43438,35.730718,2/13/06,3.09,ft
-76.43438,35.730718,2/14/06,3.09,ft
-76.43438,35.730718,2/15/06,3.1,ft
-76.43438,35.730718,2/16/06,3.1,ft
-76.43438,35.730718,2/17/06,3.1,ft
-76.43438,35.730718,2/18/06,3.1,ft
-76.43438,35.730718,2/19/06,3.1,ft
-76.43438,35.730718,2/20/06,3.1,ft
-76.43438,35.730718,2/21/06,3.11,ft
-76.43438,35.730718,2/22/06,3.11,ft
-76.43438,35.730718,2/23/06,3.11,ft
-76.43438,35.730718,2/24/06,3.12,ft
-76.43438,35.730718,2/25/06,3.12,ft
-76.43438,35.730718,2/26/06,3.12,ft
-76.43438,35.730718,2/27/06,3.12,ft
-76.43438,35.730718,2/28/06,3.12,ft
-76.43438,35.730718,3/1/06,3.13,ft
-76.43438,35.730718,3/2/06,3.13,ft
-76.43438,35.730718,3/3/06,3.13,ft
-76.43438,35.730718,3/4/06,3.13,ft
-76.43438,35.730718,3/5/06,3.13,ft
-76.43438,35.730718,3/6/06,3.14,ft
-76.43438,35.730718,3/7/06,3.14,ft
-76.43438,35.730718,3/8/06,3.14,ft
-76.43438,35.730718,3/9/06,3.14,ft
-76.43438,35.730718,3/10/06,3.14,ft
-76.43438,35.730718,3/11/06,3.14,ft
-76.43438,35.730718,3/12/06,3.15,ft
-76.43438,35.730718,3/13/06,3.15,ft
-76.43438,35.730718,3/14/06,3.15,ft
-76.43438,35.730718,3/15/06,3.15,ft
-76.43438,35.730718,3/16/06,3.15,ft
-76.43438,35.730718,3/17/06,3.15,ft
-76.43438,35.730718,3/18/06,3.16,ft
-76.43438,35.730718,3/19/06,3.16,ft
-76.43438,35.730718,3/20/06,3.16,ft
-76.43438,35.730718,3/21/06,3.16,ft
-76.43438,35.730718,3/22/06,3.16,ft
-76.43438,35.730718,3/23/06,3.16,ft
-76.43438,35.730718,3/24/06,3.17,ft
-76.43438,35.730718,3/25/06,3.17,ft
-76.43438,35.730718,3/26/06,3.17,ft
-76.43438,35.730718,4/25/06,3.1,ft
-76.43438,35.730718,5/2/06,3.06,ft
-76.43438,35.730718,5/3/06,3.06,ft
-76.43438,35.730718,5/4/06,3.07,ft
-76.43438,35.730718,5/5/06,3.06,ft
-76.43438,35.730718,5/6/06,3.07,ft
-76.43438,35.730718,5/7/06,3.07,ft
-76.43438,35.730718,5/8/06,3.02,ft
-76.43438,35.730718,5/9/06,2.83,ft
-76.43438,35.730718,5/10/06,2.88,ft
-76.43438,35.730718,5/11/06,2.95,ft
-76.43438,35.730718,5/12/06,3,ft
-76.43438,35.730718,5/13/06,3.07,ft
-76.43438,35.730718,5/14/06,3.11,ft
-76.43438,35.730718,5/15/06,3.11,ft
-76.43438,35.730718,5/16/06,2.99,ft
-76.43438,35.730718,5/17/06,2.88,ft
-76.43438,35.730718,5/18/06,2.89,ft
-76.43438,35.730718,5/19/06,2.89,ft
-76.43438,35.730718,5/20/06,2.89,ft
-76.43438,35.730718,5/21/06,2.91,ft
-76.43438,35.730718,5/22/06,2.97,ft
-76.43438,35.730718,5/23/06,3,ft
-76.43438,35.730718,5/24/06,3.04,ft
-76.43438,35.730718,5/25/06,3.05,ft
-76.43438,35.730718,5/26/06,3.05,ft
-76.43438,35.730718,5/27/06,3.05,ft
-76.43438,35.730718,5/28/06,3.07,ft
-76.43438,35.730718,5/29/06,3.09,ft
-76.43438,35.730718,5/30/06,3.1,ft
-76.43438,35.730718,5/31/06,3.11,ft
-76.43438,35.730718,6/1/06,3.08,ft
-76.43438,35.730718,6/2/06,3.06,ft
-76.43438,35.730718,6/3/06,3.06,ft
-76.43438,35.730718,6/4/06,3.06,ft
-76.43438,35.730718,6/5/06,3.08,ft
-76.43438,35.730718,6/6/06,3.08,ft
-76.43438,35.730718,6/7/06,3.09,ft
-76.43438,35.730718,6/8/06,3.09,ft
-76.43438,35.730718,6/9/06,3.07,ft
-76.43438,35.730718,6/10/06,3.06,ft
-76.43438,35.730718,6/11/06,2.98,ft
-76.43438,35.730718,6/12/06,2.93,ft
-76.43438,35.730718,6/13/06,2.92,ft
-76.43438,35.730718,6/14/06,2.92,ft
-76.43438,35.730718,6/15/06,2.86,ft
-76.43438,35.730718,6/16/06,2.86,ft
-76.43438,35.730718,6/17/06,2.86,ft
-76.43438,35.730718,6/18/06,2.88,ft
-76.43438,35.730718,6/19/06,2.88,ft
-76.43438,35.730718,6/20/06,2.86,ft
-76.43438,35.730718,6/21/06,2.88,ft
-76.43438,35.730718,6/22/06,2.87,ft
-76.43438,35.730718,6/23/06,2.89,ft
-76.43438,35.730718,6/24/06,2.89,ft
-76.43438,35.730718,6/25/06,2.89,ft
-76.43438,35.730718,6/26/06,2.8,ft
-76.43438,35.730718,6/27/06,2.77,ft
-76.43438,35.730718,6/28/06,2.72,ft
-76.43438,35.730718,6/29/06,2.72,ft
-76.43438,35.730718,6/30/06,2.75,ft
-76.43438,35.730718,7/1/06,2.63,ft
-76.43438,35.730718,7/2/06,2.63,ft
-76.43438,35.730718,7/3/06,2.63,ft
-76.43438,35.730718,7/4/06,2.53,ft
-76.43438,35.730718,7/5/06,2.53,ft
-76.43438,35.730718,7/6/06,2.53,ft
-76.43438,35.730718,7/7/06,2.53,ft
-76.43438,35.730718,7/8/06,2.54,ft
-76.43438,35.730718,7/9/06,2.56,ft
-76.43438,35.730718,7/10/06,2.56,ft
-76.43438,35.730718,7/11/06,2.57,ft
-76.43438,35.730718,7/12/06,2.59,ft
-76.43438,35.730718,7/13/06,2.61,ft
-76.43438,35.730718,7/14/06,2.59,ft
-76.43438,35.730718,7/15/06,2.59,ft
-76.43438,35.730718,7/16/06,2.6,ft
-76.43438,35.730718,7/17/06,2.62,ft
-76.43438,35.730718,7/18/06,2.63,ft
-76.43438,35.730718,7/19/06,2.63,ft
-76.43438,35.730718,7/19/06,2.62,ft
-76.43438,35.730718,7/20/06,2.65,ft
-76.43438,35.730718,7/21/06,2.67,ft
-76.43438,35.730718,7/22/06,2.69,ft
-76.43438,35.730718,7/23/06,2.72,ft
-76.43438,35.730718,7/24/06,2.72,ft
-76.43438,35.730718,7/25/06,2.72,ft
-76.43438,35.730718,7/26/06,2.72,ft
-76.43438,35.730718,7/27/06,2.73,ft
-76.43438,35.730718,7/28/06,2.73,ft
-76.43438,35.730718,7/29/06,2.73,ft
-76.43438,35.730718,7/30/06,2.75,ft
-76.43438,35.730718,7/31/06,2.75,ft
-76.43438,35.730718,8/1/06,2.75,ft
-76.43438,35.730718,8/2/06,2.75,ft
-76.43438,35.730718,8/3/06,2.75,ft
-76.43438,35.730718,8/3/06,2.73,ft
-76.43438,35.730718,8/4/06,2.73,ft
-76.43438,35.730718,8/5/06,2.73,ft
-76.43438,35.730718,8/6/06,2.73,ft
-76.43438,35.730718,8/7/06,2.74,ft
-76.43438,35.730718,8/8/06,2.75,ft
-76.43438,35.730718,8/9/06,2.75,ft
-76.43438,35.730718,8/10/06,2.77,ft
-76.43438,35.730718,8/11/06,2.75,ft
-76.43438,35.730718,8/12/06,2.77,ft
-76.43438,35.730718,8/13/06,2.79,ft
-76.43438,35.730718,8/14/06,2.8,ft
-76.43438,35.730718,8/15/06,2.8,ft
-76.43438,35.730718,8/16/06,2.8,ft
-76.43438,35.730718,8/17/06,2.8,ft
-76.43438,35.730718,8/18/06,2.8,ft
-76.43438,35.730718,8/19/06,2.8,ft
-76.43438,35.730718,8/20/06,2.8,ft
-76.43438,35.730718,8/21/06,2.81,ft
-76.43438,35.730718,8/22/06,2.81,ft
-76.43438,35.730718,8/23/06,2.82,ft
-76.43438,35.730718,8/24/06,2.82,ft
-76.43438,35.730718,8/25/06,2.82,ft
-76.43438,35.730718,8/26/06,2.84,ft
-76.43438,35.730718,8/27/06,2.82,ft
-76.43438,35.730718,8/28/06,2.83,ft
-76.43438,35.730718,8/29/06,2.85,ft
-76.43438,35.730718,8/30/06,2.85,ft
-76.43438,35.730718,8/31/06,2.83,ft
-76.43438,35.730718,9/1/06,2.7,ft
-76.43438,35.730718,9/2/06,2.35,ft
-76.43438,35.730718,9/3/06,2.45,ft
-76.43438,35.730718,9/4/06,2.56,ft
-76.43438,35.730718,9/5/06,2.63,ft
-76.43438,35.730718,9/6/06,2.63,ft
-76.43438,35.730718,9/7/06,2.64,ft
-76.43438,35.730718,9/8/06,2.69,ft
-76.43438,35.730718,9/9/06,2.74,ft
-76.43438,35.730718,9/10/06,2.78,ft
-76.43438,35.730718,9/11/06,2.84,ft
-76.43438,35.730718,9/12/06,2.89,ft
-76.43438,35.730718,9/13/06,2.92,ft
-76.43438,35.730718,9/14/06,2.92,ft
-76.43438,35.730718,9/15/06,2.92,ft
-76.43438,35.730718,9/16/06,2.92,ft
-76.43438,35.730718,9/17/06,2.93,ft
-76.43438,35.730718,9/18/06,2.95,ft
-76.43438,35.730718,9/19/06,2.95,ft
-76.43438,35.730718,9/20/06,2.93,ft
-76.43438,35.730718,9/21/06,2.95,ft
-76.43438,35.730718,9/22/06,2.95,ft
-76.43438,35.730718,9/23/06,2.96,ft
-76.43438,35.730718,9/24/06,2.96,ft
-76.43438,35.730718,9/25/06,2.97,ft
-76.43438,35.730718,9/26/06,2.97,ft
-76.43438,35.730718,9/27/06,2.97,ft
-76.43438,35.730718,9/27/06,2.97,ft
-76.43438,35.730718,9/28/06,2.96,ft
-76.43438,35.730718,9/29/06,2.97,ft
-76.43438,35.730718,9/30/06,2.98,ft
-76.43438,35.730718,10/1/06,2.98,ft
-76.43438,35.730718,10/2/06,2.99,ft
-76.43438,35.730718,10/3/06,3,ft
-76.43438,35.730718,10/4/06,3,ft
-76.43438,35.730718,10/5/06,3.01,ft
-76.43438,35.730718,10/6/06,3.02,ft
-76.43438,35.730718,10/7/06,3.01,ft
-76.43438,35.730718,10/8/06,3,ft
-76.43438,35.730718,10/9/06,3,ft
-76.43438,35.730718,10/10/06,2.99,ft
-76.43438,35.730718,10/11/06,2.99,ft
-76.43438,35.730718,10/12/06,2.97,ft
-76.43438,35.730718,10/13/06,2.97,ft
-76.43438,35.730718,10/14/06,3,ft
-76.43438,35.730718,10/15/06,3,ft
-76.43438,35.730718,10/16/06,3.04,ft
-76.43438,35.730718,10/17/06,3.05,ft
-76.43438,35.730718,10/18/06,2.97,ft
-76.43438,35.730718,10/19/06,2.98,ft
-76.43438,35.730718,10/20/06,3,ft
-76.43438,35.730718,10/21/06,3.02,ft
-76.43438,35.730718,10/22/06,3.04,ft
-76.43438,35.730718,10/23/06,3.05,ft
-76.43438,35.730718,10/24/06,3.08,ft
-76.43438,35.730718,10/25/06,3.09,ft
-76.43438,35.730718,10/26/06,3.12,ft
-76.43438,35.730718,10/27/06,3.12,ft
-76.43438,35.730718,10/28/06,3.03,ft
-76.43438,35.730718,10/29/06,3.04,ft
-76.43438,35.730718,10/30/06,3.06,ft
-76.43438,35.730718,10/31/06,3.07,ft
-76.43438,35.730718,10/31/06,3.07,ft
-76.43438,35.730718,11/1/06,3.07,ft
-76.43438,35.730718,11/2/06,3.07,ft
-76.43438,35.730718,11/3/06,3.09,ft
-76.43438,35.730718,11/4/06,3.12,ft
-76.43438,35.730718,11/5/06,3.14,ft
-76.43438,35.730718,11/6/06,3.16,ft
-76.43438,35.730718,11/7/06,3.16,ft
-76.43438,35.730718,11/8/06,3.16,ft
-76.43438,35.730718,11/9/06,3.16,ft
-76.43438,35.730718,11/10/06,3.16,ft
-76.43438,35.730718,11/11/06,3.17,ft
-76.43438,35.730718,11/12/06,3.16,ft
-76.43438,35.730718,11/13/06,3.17,ft
-76.43438,35.730718,11/14/06,3.17,ft
-76.43438,35.730718,11/15/06,3.17,ft
-76.43438,35.730718,11/16/06,3.16,ft
-76.43438,35.730718,11/17/06,3.14,ft
-76.43438,35.730718,11/18/06,3.12,ft
-76.43438,35.730718,11/19/06,3.14,ft
-76.43438,35.730718,11/20/06,3.16,ft
-76.43438,35.730718,11/21/06,3.17,ft
-76.43438,35.730718,11/22/06,2.94,ft
-76.43438,35.730718,11/23/06,2.59,ft
-76.43438,35.730718,11/24/06,2.64,ft
-76.43438,35.730718,11/25/06,2.71,ft
-76.43438,35.730718,11/26/06,2.77,ft
-76.43438,35.730718,11/27/06,2.82,ft
-76.43438,35.730718,11/28/06,2.87,ft
-76.43438,35.730718,11/29/06,2.91,ft
-76.43438,35.730718,11/30/06,2.94,ft
-76.43438,35.730718,12/1/06,2.96,ft
-76.43438,35.730718,12/2/06,2.99,ft
-76.43438,35.730718,12/3/06,3.04,ft
-76.43438,35.730718,12/4/06,3.02,ft
-76.43438,35.730718,12/5/06,3.07,ft
-76.43438,35.730718,12/6/06,3.09,ft
-76.43438,35.730718,12/7/06,3.07,ft
-76.43438,35.730718,12/8/06,3.14,ft
-76.43438,35.730718,12/9/06,3.16,ft
-76.43438,35.730718,12/10/06,3.17,ft
-76.43438,35.730718,12/11/06,3.17,ft
-76.43438,35.730718,12/12/06,3.19,ft
-76.43438,35.730718,12/13/06,3.21,ft
-76.43438,35.730718,12/14/06,3.21,ft
-76.43438,35.730718,12/15/06,3.21,ft
-76.43438,35.730718,12/16/06,3.24,ft
-76.43438,35.730718,12/17/06,3.27,ft
-76.43438,35.730718,12/18/06,3.29,ft
-76.43438,35.730718,12/19/06,3.31,ft
-76.43438,35.730718,12/20/06,3.32,ft
-76.43438,35.730718,12/21/06,3.34,ft
-76.43438,35.730718,12/22/06,3.36,ft
-76.43438,35.730718,12/23/06,3.29,ft
-76.43438,35.730718,12/24/06,3.16,ft
-76.43438,35.730718,12/25/06,3.17,ft
-76.43438,35.730718,12/26/06,2.97,ft
-76.43438,35.730718,12/27/06,2.97,ft
-76.43438,35.730718,12/28/06,3.02,ft
-76.43438,35.730718,12/29/06,3.04,ft
-76.43438,35.730718,12/30/06,3.06,ft
-76.43438,35.730718,12/31/06,3.07,ft
-76.43438,35.730718,1/1/07,3.07,ft
-76.43438,35.730718,1/2/07,3.09,ft
-76.43438,35.730718,1/3/07,3.14,ft
-76.43438,35.730718,1/4/07,3.14,ft
-76.43438,35.730718,1/5/07,3.14,ft
-76.43438,35.730718,1/6/07,3.12,ft
-76.43438,35.730718,1/7/07,3.06,ft
-76.43438,35.730718,1/8/07,3.01,ft
-76.43438,35.730718,1/9/07,2.99,ft
-76.43438,35.730718,1/10/07,3.01,ft
-76.43438,35.730718,1/11/07,3.04,ft
-76.43438,35.730718,1/12/07,3.06,ft
-76.43438,35.730718,1/13/07,3.07,ft
-76.43438,35.730718,1/14/07,3.09,ft
-76.43438,35.730718,1/15/07,3.11,ft
-76.43438,35.730718,1/16/07,3.11,ft
-76.43438,35.730718,1/17/07,3.16,ft
-76.43438,35.730718,1/18/07,3.17,ft
-76.43438,35.730718,1/19/07,3.12,ft
-76.43438,35.730718,1/20/07,3.12,ft
-76.43438,35.730718,1/21/07,3.16,ft
-76.43438,35.730718,1/22/07,3.06,ft
-76.43438,35.730718,1/23/07,2.86,ft
-76.43438,35.730718,1/24/07,2.87,ft
-76.43438,35.730718,1/25/07,2.91,ft
-76.43438,35.730718,1/26/07,2.96,ft
-76.43438,35.730718,1/27/07,2.96,ft
-76.43438,35.730718,1/28/07,2.97,ft
-76.43438,35.730718,1/29/07,2.99,ft
-76.43438,35.730718,1/30/07,2.96,ft
-76.43438,35.730718,1/31/07,2.97,ft
-76.43438,35.730718,1/31/07,2.99,ft
-76.43438,35.730718,2/1/07,2.99,ft
-76.43438,35.730718,2/2/07,2.91,ft
-76.43438,35.730718,2/3/07,2.87,ft
-76.43438,35.730718,2/4/07,2.89,ft
-76.43438,35.730718,2/5/07,2.92,ft
-76.43438,35.730718,2/6/07,2.94,ft
-76.43438,35.730718,2/7/07,2.94,ft
-76.43438,35.730718,2/8/07,3,ft
-76.43438,35.730718,2/9/07,3.03,ft
-76.43438,35.730718,2/10/07,3.07,ft
-76.43438,35.730718,2/11/07,3.1,ft
-76.43438,35.730718,2/12/07,3.1,ft
-76.43438,35.730718,2/13/07,3.12,ft
-76.43438,35.730718,2/14/07,3.07,ft
-76.43438,35.730718,2/15/07,3.13,ft
-76.43438,35.730718,2/16/07,3.15,ft
-76.43438,35.730718,2/17/07,3.15,ft
-76.43438,35.730718,2/18/07,3.15,ft
-76.43438,35.730718,2/19/07,3.22,ft
-76.43438,35.730718,2/20/07,3.22,ft
-76.43438,35.730718,2/21/07,3.2,ft
-76.43438,35.730718,2/22/07,3.23,ft
-76.43438,35.730718,2/23/07,3.26,ft
-76.43438,35.730718,2/24/07,3.28,ft
-76.43438,35.730718,2/25/07,3.29,ft
-76.43438,35.730718,2/26/07,3.26,ft
-76.43438,35.730718,2/27/07,3.28,ft
-76.43438,35.730718,2/28/07,3.29,ft
-76.43438,35.730718,3/1/07,3.33,ft
-76.43438,35.730718,3/2/07,3.28,ft
-76.43438,35.730718,3/3/07,3.06,ft
-76.43438,35.730718,3/4/07,3.08,ft
-76.43438,35.730718,3/5/07,3.09,ft
-76.43438,35.730718,3/6/07,3.13,ft
-76.43438,35.730718,3/7/07,3.14,ft
-76.43438,35.730718,3/8/07,3.17,ft
-76.43438,35.730718,3/9/07,3.2,ft
-76.43438,35.730718,3/10/07,3.2,ft
-76.43438,35.730718,3/11/07,3.22,ft
-76.43438,35.730718,3/12/07,3.25,ft
-76.43438,35.730718,3/13/07,3.27,ft
-76.43438,35.730718,3/14/07,3.29,ft
-76.43438,35.730718,3/15/07,3.3,ft
-76.43438,35.730718,3/16/07,3.32,ft
-76.43438,35.730718,3/17/07,3.27,ft
-76.43438,35.730718,3/18/07,3.29,ft
-76.43438,35.730718,3/19/07,3.3,ft
-76.43438,35.730718,3/20/07,3.3,ft
-76.43438,35.730718,3/21/07,3.34,ft
-76.43438,35.730718,3/22/07,3.36,ft
-76.43438,35.730718,3/23/07,3.36,ft
-76.43438,35.730718,3/24/07,3.38,ft
-76.43438,35.730718,3/25/07,3.4,ft
-76.43438,35.730718,3/26/07,3.43,ft
-76.43438,35.730718,3/27/07,3.43,ft
-76.43438,35.730718,3/28/07,3.45,ft
-76.43438,35.730718,3/29/07,3.46,ft
-76.43438,35.730718,3/30/07,3.48,ft
-76.43438,35.730718,3/31/07,3.48,ft
-76.43438,35.730718,4/1/07,3.5,ft
-76.43438,35.730718,4/2/07,3.5,ft
-76.43438,35.730718,4/3/07,3.53,ft
-76.43438,35.730718,4/4/07,3.55,ft
-76.43438,35.730718,4/5/07,3.57,ft
-76.43438,35.730718,4/6/07,3.62,ft
-76.43438,35.730718,4/7/07,3.61,ft
-76.43438,35.730718,4/8/07,3.64,ft
-76.43438,35.730718,4/9/07,3.64,ft
-76.43438,35.730718,4/10/07,3.66,ft
-76.43438,35.730718,4/11/07,3.67,ft
-76.43438,35.730718,4/12/07,3.66,ft
-76.43438,35.730718,4/13/07,3.69,ft
-76.43438,35.730718,4/14/07,3.72,ft
-76.43438,35.730718,4/15/07,3.69,ft
-76.43438,35.730718,4/16/07,3.16,ft
-76.43438,35.730718,4/17/07,3.11,ft
-76.43438,35.730718,4/18/07,3.14,ft
-76.43438,35.730718,4/19/07,3.18,ft
-76.43438,35.730718,4/20/07,3.22,ft
-76.43438,35.730718,4/21/07,3.27,ft
-76.43438,35.730718,4/22/07,3.28,ft
-76.43438,35.730718,4/23/07,3.32,ft
-76.43438,35.730718,4/24/07,3.33,ft
-76.43438,35.730718,4/25/07,3.37,ft
-76.43438,35.730718,4/26/07,3.38,ft
-76.43438,35.730718,4/27/07,3.4,ft
-76.43438,35.730718,4/28/07,3.43,ft
-76.43438,35.730718,4/29/07,3.47,ft
-76.43438,35.730718,4/30/07,3.5,ft
-76.43438,35.730718,5/1/07,3.53,ft
-76.43438,35.730718,5/2/07,3.57,ft
-76.43438,35.730718,5/3/07,3.58,ft
-76.43438,35.730718,5/4/07,3.61,ft
-76.43438,35.730718,5/5/07,3.61,ft
-76.43438,35.730718,5/6/07,3.63,ft
-76.43438,35.730718,5/7/07,3.64,ft
-76.43438,35.730718,5/8/07,3.63,ft
-76.43438,35.730718,5/9/07,3.63,ft
-76.43438,35.730718,5/10/07,3.53,ft
-76.43438,35.730718,5/10/07,3.51,ft
-76.43438,35.730718,5/11/07,3.48,ft
-76.43438,35.730718,5/12/07,3.48,ft
-76.43438,35.730718,5/13/07,3.38,ft
-76.43438,35.730718,5/14/07,3.31,ft
-76.43438,35.730718,5/15/07,3.33,ft
-76.43438,35.730718,5/16/07,3.34,ft
-76.43438,35.730718,5/17/07,3.38,ft
-76.43438,35.730718,5/18/07,3.29,ft
-76.43438,35.730718,5/19/07,3.2,ft
-76.43438,35.730718,5/20/07,3.23,ft
-76.43438,35.730718,5/21/07,3.27,ft
-76.43438,35.730718,5/22/07,3.3,ft
-76.43438,35.730718,5/23/07,3.32,ft
-76.43438,35.730718,5/24/07,3.35,ft
-76.43438,35.730718,5/25/07,3.4,ft
-76.43438,35.730718,5/26/07,3.42,ft
-76.43438,35.730718,5/27/07,3.43,ft
-76.43438,35.730718,5/28/07,3.47,ft
-76.43438,35.730718,5/29/07,3.5,ft
-76.43438,35.730718,5/30/07,3.53,ft
-76.43438,35.730718,5/31/07,3.57,ft
-76.43438,35.730718,6/1/07,3.6,ft
-76.43438,35.730718,6/2/07,3.62,ft
-76.43438,35.730718,6/3/07,3.63,ft
-76.43438,35.730718,6/4/07,3.44,ft
-76.43438,35.730718,6/5/07,3.46,ft
-76.43438,35.730718,6/6/07,3.51,ft
-76.43438,35.730718,6/7/07,3.56,ft
-76.43438,35.730718,6/8/07,3.57,ft
-76.43438,35.730718,6/9/07,3.59,ft
-76.43438,35.730718,6/10/07,3.62,ft
-76.43438,35.730718,6/11/07,3.66,ft
-76.43438,35.730718,6/12/07,3.69,ft
-76.43438,35.730718,6/13/07,3.71,ft
-76.43438,35.730718,6/14/07,3.72,ft
-76.43438,35.730718,6/15/07,3.76,ft
-76.43438,35.730718,6/16/07,3.77,ft
-76.43438,35.730718,6/17/07,3.79,ft
-76.43438,35.730718,6/18/07,3.82,ft
-76.43438,35.730718,6/19/07,3.86,ft
-76.43438,35.730718,6/20/07,3.89,ft
-76.43438,35.730718,6/21/07,3.86,ft
-76.43438,35.730718,6/22/07,3.88,ft
-76.43438,35.730718,6/23/07,3.91,ft
-76.43438,35.730718,6/24/07,3.96,ft
-76.43438,35.730718,6/25/07,4,ft
-76.43438,35.730718,6/26/07,4,ft
-76.43438,35.730718,6/27/07,4.03,ft
-76.43438,35.730718,6/28/07,4.05,ft
-76.43438,35.730718,6/29/07,4.08,ft
-76.43438,35.730718,6/30/07,3.86,ft
-76.43438,35.730718,7/1/07,3.73,ft
-76.43438,35.730718,7/2/07,3.63,ft
-76.43438,35.730718,7/3/07,3.65,ft
-76.43438,35.730718,7/4/07,3.66,ft
-76.43438,35.730718,7/5/07,3.7,ft
-76.43438,35.730718,7/6/07,3.71,ft
-76.43438,35.730718,7/7/07,3.72,ft
-76.43438,35.730718,7/8/07,3.74,ft
-76.43438,35.730718,7/9/07,3.77,ft
-76.43438,35.730718,7/10/07,3.8,ft
-76.43438,35.730718,7/11/07,3.8,ft
-76.43438,35.730718,7/12/07,3.8,ft
-76.43438,35.730718,7/13/07,3.79,ft
-76.43438,35.730718,7/14/07,3.8,ft
-76.43438,35.730718,7/15/07,3.84,ft
-76.43438,35.730718,7/16/07,3.85,ft
-76.43438,35.730718,7/17/07,3.9,ft
-76.43438,35.730718,7/18/07,3.84,ft
-76.43438,35.730718,7/19/07,3.74,ft
-76.43438,35.730718,7/20/07,3.75,ft
-76.43438,35.730718,7/21/07,3.74,ft
-76.43438,35.730718,7/22/07,3.77,ft
-76.43438,35.730718,7/23/07,3.79,ft
-76.43438,35.730718,7/24/07,3.83,ft
-76.43438,35.730718,7/25/07,3.86,ft
-76.43438,35.730718,7/26/07,3.89,ft
-76.43438,35.730718,7/27/07,3.86,ft
-76.43438,35.730718,7/28/07,3.89,ft
-76.43438,35.730718,7/29/07,3.89,ft
-76.43438,35.730718,7/30/07,3.94,ft
-76.43438,35.730718,7/31/07,3.63,ft
-76.43438,35.730718,7/31/07,3.63,ft
-76.43438,35.730718,8/1/07,3.68,ft
-76.43438,35.730718,8/2/07,3.75,ft
-76.43438,35.730718,8/3/07,3.76,ft
-76.43438,35.730718,8/4/07,3.78,ft
-76.43438,35.730718,8/5/07,3.81,ft
-76.43438,35.730718,8/6/07,3.85,ft
-76.43438,35.730718,8/7/07,3.83,ft
-76.43438,35.730718,8/8/07,3.86,ft
-76.43438,35.730718,8/9/07,3.9,ft
-76.43438,35.730718,8/10/07,3.91,ft
-76.43438,35.730718,8/11/07,3.95,ft
-76.43438,35.730718,8/12/07,3.98,ft
-76.43438,35.730718,8/13/07,4.01,ft
-76.43438,35.730718,8/14/07,4.05,ft
-76.43438,35.730718,8/15/07,4.1,ft
-76.43438,35.730718,8/16/07,4.13,ft
-76.43438,35.730718,8/17/07,4.16,ft
-76.43438,35.730718,8/18/07,4.2,ft
-76.43438,35.730718,8/19/07,4.25,ft
-76.43438,35.730718,8/20/07,4.25,ft
-76.43438,35.730718,8/21/07,4.3,ft
-76.43438,35.730718,8/22/07,4.33,ft
-76.43438,35.730718,8/23/07,4.33,ft
-76.43438,35.730718,8/24/07,4.34,ft
-76.43438,35.730718,8/25/07,4.39,ft
-76.43438,35.730718,8/26/07,4.4,ft
-76.43438,35.730718,8/27/07,4.44,ft
-76.43438,35.730718,8/28/07,4.45,ft
-76.43438,35.730718,8/29/07,4.49,ft
-76.43438,35.730718,8/30/07,4.52,ft
-76.43438,35.730718,8/31/07,4.57,ft
-76.43438,35.730718,9/1/07,4.59,ft
-76.43438,35.730718,9/2/07,4.64,ft
-76.43438,35.730718,9/3/07,4.69,ft
-76.43438,35.730718,9/4/07,4.7,ft
-76.43438,35.730718,9/5/07,4.75,ft
-76.43438,35.730718,9/6/07,4.8,ft
-76.43438,35.730718,9/7/07,4.85,ft
-76.43438,35.730718,9/8/07,4.89,ft
-76.43438,35.730718,9/9/07,4.94,ft
-76.43438,35.730718,9/10/07,4.97,ft
-76.43438,35.730718,9/11/07,5.04,ft
-76.43438,35.730718,9/12/07,5.07,ft
-76.43438,35.730718,9/13/07,5.12,ft
-76.43438,35.730718,9/14/07,5.17,ft
-76.43438,35.730718,9/15/07,5.12,ft
-76.43438,35.730718,9/16/07,5.07,ft
-76.43438,35.730718,9/17/07,5.14,ft
-76.43438,35.730718,9/18/07,5.17,ft
-76.43438,35.730718,9/19/07,5.2,ft
-76.43438,35.730718,9/20/07,5.22,ft
-76.43438,35.730718,9/21/07,5.2,ft
-76.43438,35.730718,9/22/07,5.24,ft
-76.43438,35.730718,9/23/07,5.27,ft
-76.43438,35.730718,9/24/07,5.33,ft
-76.43438,35.730718,9/25/07,5.38,ft
-76.43438,35.730718,9/26/07,5.4,ft
-76.43438,35.730718,9/27/07,5.43,ft
-76.43438,35.730718,9/28/07,5.32,ft
-76.43438,35.730718,9/29/07,5.4,ft
-76.43438,35.730718,9/30/07,5.48,ft
-76.43438,35.730718,10/1/07,5.52,ft
-76.43438,35.730718,10/2/07,5.53,ft
-76.43438,35.730718,10/3/07,5.55,ft
-76.43438,35.730718,10/4/07,5.58,ft
-76.43438,35.730718,10/5/07,5.62,ft
-76.43438,35.730718,10/6/07,5.67,ft
-76.43438,35.730718,10/7/07,5.67,ft
-76.43438,35.730718,10/8/07,5.7,ft
-76.43438,35.730718,10/9/07,5.74,ft
-76.43438,35.730718,10/10/07,5.79,ft
-76.43438,35.730718,10/11/07,5.77,ft
-76.43438,35.730718,10/12/07,5.86,ft
-76.43438,35.730718,10/13/07,5.92,ft
-76.43438,35.730718,10/14/07,5.96,ft
-76.43438,35.730718,10/15/07,6.02,ft
-76.43438,35.730718,10/16/07,6.04,ft
-76.43438,35.730718,10/17/07,6.07,ft
-76.43438,35.730718,10/18/07,6.09,ft
-76.43438,35.730718,10/19/07,6.11,ft
-76.43438,35.730718,10/20/07,6.16,ft
-76.43438,35.730718,10/21/07,6.26,ft
-76.43438,35.730718,10/22/07,6.31,ft
-76.43438,35.730718,10/23/07,6.31,ft
-76.43438,35.730718,10/24/07,6.32,ft
-76.43438,35.730718,10/25/07,6.36,ft
-76.43438,35.730718,10/26/07,6.29,ft
-76.43438,35.730718,10/27/07,5.76,ft
-76.43438,35.730718,10/28/07,5.37,ft
-76.43438,35.730718,10/29/07,5.34,ft
-76.43438,35.730718,10/30/07,5.36,ft
-76.43438,35.730718,10/31/07,5.39,ft
-76.43438,35.730718,11/1/07,5.41,ft
-76.43438,35.730718,11/1/07,5.39,ft
-76.43438,35.730718,11/2/07,5.47,ft
-76.43438,35.730718,11/3/07,5.46,ft
-76.43438,35.730718,11/4/07,5.54,ft
-76.43438,35.730718,11/5/07,5.59,ft
-76.43438,35.730718,11/6/07,5.62,ft
-76.43438,35.730718,11/7/07,5.69,ft
-76.43438,35.730718,11/8/07,5.74,ft
-76.43438,35.730718,11/9/07,5.77,ft
-76.43438,35.730718,11/10/07,5.79,ft
-76.43438,35.730718,11/11/07,5.86,ft
-76.43438,35.730718,11/12/07,5.89,ft
-76.43438,35.730718,11/13/07,5.91,ft
-76.43438,35.730718,11/14/07,5.96,ft
-76.43438,35.730718,11/15/07,5.99,ft
-76.43438,35.730718,11/16/07,5.94,ft
-76.43438,35.730718,11/17/07,5.98,ft
-76.43438,35.730718,11/18/07,6,ft
-76.43438,35.730718,11/19/07,6.06,ft
-76.43438,35.730718,11/20/07,6.08,ft
-76.43438,35.730718,11/21/07,6.08,ft
-76.43438,35.730718,11/22/07,6.11,ft
-76.43438,35.730718,11/23/07,6.18,ft
-76.43438,35.730718,11/24/07,6.25,ft
-76.43438,35.730718,11/25/07,6.26,ft
-76.43438,35.730718,11/26/07,6.23,ft
-76.43438,35.730718,11/27/07,6.2,ft
-76.43438,35.730718,11/28/07,6.3,ft
-76.43438,35.730718,11/29/07,6.3,ft
-76.43438,35.730718,11/30/07,6.33,ft
-76.43438,35.730718,12/1/07,6.36,ft
-76.43438,35.730718,12/2/07,6.4,ft
-76.43438,35.730718,12/3/07,6.3,ft
-76.43438,35.730718,12/4/07,6.38,ft
-76.43438,35.730718,12/5/07,6.4,ft
-76.43438,35.730718,12/6/07,6.48,ft
-76.43438,35.730718,12/7/07,6.51,ft
-76.43438,35.730718,12/8/07,6.5,ft
-76.43438,35.730718,12/9/07,6.53,ft
-76.43438,35.730718,12/10/07,6.55,ft
-76.43438,35.730718,12/11/07,6.6,ft
-76.43438,35.730718,12/12/07,6.58,ft
-76.43438,35.730718,12/13/07,6.61,ft
-76.43438,35.730718,12/14/07,6.65,ft
-76.43438,35.730718,12/15/07,6.7,ft
-76.43438,35.730718,12/16/07,6.45,ft
-76.43438,35.730718,12/17/07,5.99,ft
-76.43438,35.730718,12/18/07,5.95,ft
-76.43438,35.730718,12/19/07,5.92,ft
-76.43438,35.730718,12/20/07,5.9,ft
-76.43438,35.730718,12/21/07,5.94,ft
-76.43438,35.730718,12/22/07,5.95,ft
-76.43438,35.730718,12/23/07,5.97,ft
-76.43438,35.730718,12/24/07,5.97,ft
-76.43438,35.730718,12/25/07,6.04,ft
-76.43438,35.730718,12/26/07,6.04,ft
-76.43438,35.730718,12/27/07,5.87,ft
-76.43438,35.730718,12/28/07,5.82,ft
-76.43438,35.730718,12/29/07,5.77,ft
-76.43438,35.730718,12/30/07,5.79,ft
-76.43438,35.730718,12/31/07,5.77,ft
-76.43438,35.730718,1/1/08,5.82,ft
-76.43438,35.730718,1/2/08,5.85,ft
-76.43438,35.730718,1/3/08,5.94,ft
-76.43438,35.730718,1/4/08,5.94,ft
-76.43438,35.730718,1/5/08,5.85,ft
-76.43438,35.730718,1/6/08,5.85,ft
-76.43438,35.730718,1/7/08,5.87,ft
-76.43438,35.730718,1/8/08,5.9,ft
-76.43438,35.730718,1/9/08,5.9,ft
-76.43438,35.730718,1/10/08,5.94,ft
-76.43438,35.730718,1/11/08,5.94,ft
-76.43438,35.730718,1/12/08,5.94,ft
-76.43438,35.730718,1/13/08,5.84,ft
-76.43438,35.730718,1/14/08,5.79,ft
-76.43438,35.730718,1/15/08,5.79,ft
-76.43438,35.730718,1/16/08,5.8,ft
-76.43438,35.730718,1/17/08,5.81,ft
-76.43438,35.730718,1/18/08,5.66,ft
-76.43438,35.730718,1/19/08,5.61,ft
-76.43438,35.730718,1/20/08,5.26,ft
-76.43438,35.730718,1/21/08,5.13,ft
-76.43438,35.730718,1/22/08,5,ft
-76.43438,35.730718,1/23/08,4.8,ft
-76.43438,35.730718,1/24/08,4.7,ft
-76.43438,35.730718,1/25/08,4.71,ft
-76.43438,35.730718,1/26/08,4.65,ft
-76.43438,35.730718,1/27/08,4.56,ft
-76.43438,35.730718,1/28/08,4.58,ft
-76.43438,35.730718,1/29/08,4.56,ft
-76.43438,35.730718,1/30/08,4.51,ft
-76.43438,35.730718,1/31/08,4.58,ft
-76.43438,35.730718,1/31/08,4.6,ft
-76.43438,35.730718,2/1/08,4.53,ft
-76.43438,35.730718,2/2/08,4.51,ft
-76.43438,35.730718,2/3/08,4.5,ft
-76.43438,35.730718,2/4/08,4.46,ft
-76.43438,35.730718,2/5/08,4.46,ft
-76.43438,35.730718,2/6/08,4.41,ft
-76.43438,35.730718,2/7/08,4.4,ft
-76.43438,35.730718,2/8/08,4.43,ft
-76.43438,35.730718,2/9/08,4.43,ft
-76.43438,35.730718,2/10/08,4.43,ft
-76.43438,35.730718,2/11/08,4.48,ft
-76.43438,35.730718,2/12/08,4.46,ft
-76.43438,35.730718,2/13/08,4.35,ft
-76.43438,35.730718,2/14/08,4.2,ft
-76.43438,35.730718,2/15/08,4.08,ft
-76.43438,35.730718,2/16/08,4.03,ft
-76.43438,35.730718,2/17/08,4.01,ft
-76.43438,35.730718,2/18/08,3.92,ft
-76.43438,35.730718,2/19/08,3.74,ft
-76.43438,35.730718,2/20/08,3.67,ft
-76.43438,35.730718,2/21/08,3.66,ft
-76.43438,35.730718,2/22/08,3.59,ft
-76.43438,35.730718,2/23/08,3.46,ft
-76.43438,35.730718,2/24/08,3.44,ft
-76.43438,35.730718,2/25/08,3.39,ft
-76.43438,35.730718,2/26/08,3.37,ft
-76.43438,35.730718,2/27/08,3.32,ft
-76.43438,35.730718,2/28/08,3.37,ft
-76.43438,35.730718,2/29/08,3.39,ft
-76.43438,35.730718,3/1/08,3.34,ft
-76.43438,35.730718,3/2/08,3.37,ft
-76.43438,35.730718,3/3/08,3.37,ft
-76.43438,35.730718,3/4/08,3.36,ft
-76.43438,35.730718,3/5/08,3.31,ft
-76.43438,35.730718,3/6/08,3.31,ft
-76.43438,35.730718,3/7/08,3.31,ft
-76.43438,35.730718,3/8/08,3.24,ft
-76.43438,35.730718,3/9/08,3.26,ft
-76.43438,35.730718,3/10/08,3.24,ft
-76.43438,35.730718,3/11/08,3.22,ft
-76.43438,35.730718,3/12/08,3.21,ft
-76.43438,35.730718,3/13/08,3.24,ft
-76.43438,35.730718,3/14/08,3.26,ft
-76.43438,35.730718,3/15/08,3.26,ft
-76.43438,35.730718,3/16/08,3.26,ft
-76.43438,35.730718,3/17/08,3.29,ft
-76.43438,35.730718,3/18/08,3.29,ft
-76.43438,35.730718,3/19/08,3.26,ft
-76.43438,35.730718,3/20/08,3.25,ft
-76.43438,35.730718,3/21/08,3.3,ft
-76.43438,35.730718,3/22/08,3.32,ft
-76.43438,35.730718,3/23/08,3.33,ft
-76.43438,35.730718,3/24/08,3.33,ft
-76.43438,35.730718,3/25/08,3.35,ft
-76.43438,35.730718,3/26/08,3.37,ft
-76.43438,35.730718,3/27/08,3.37,ft
-76.43438,35.730718,3/28/08,3.38,ft
-76.43438,35.730718,3/29/08,3.43,ft
-76.43438,35.730718,3/30/08,3.43,ft
-76.43438,35.730718,3/31/08,3.43,ft
-76.43438,35.730718,4/1/08,3.42,ft
-76.43438,35.730718,4/2/08,3.42,ft
-76.43438,35.730718,4/3/08,3.45,ft
-76.43438,35.730718,4/4/08,3.42,ft
-76.43438,35.730718,4/5/08,3.42,ft
-76.43438,35.730718,4/6/08,2.97,ft
-76.43438,35.730718,4/7/08,2.95,ft
-76.43438,35.730718,4/8/08,2.98,ft
-76.43438,35.730718,4/9/08,3,ft
-76.43438,35.730718,4/10/08,3.02,ft
-76.43438,35.730718,4/11/08,3.05,ft
-76.43438,35.730718,4/12/08,3.05,ft
-76.43438,35.730718,4/13/08,3.08,ft
-76.43438,35.730718,4/14/08,3.13,ft
-76.43438,35.730718,4/15/08,3.13,ft
-76.43438,35.730718,4/16/08,3.18,ft
-76.43438,35.730718,4/17/08,3.2,ft
-76.43438,35.730718,4/18/08,3.2,ft
-76.43438,35.730718,4/19/08,3.23,ft
-76.43438,35.730718,4/20/08,3.23,ft
-76.43438,35.730718,4/21/08,3.23,ft
-76.43438,35.730718,4/22/08,3.19,ft
-76.43438,35.730718,4/23/08,3.09,ft
-76.43438,35.730718,4/24/08,3.13,ft
-76.43438,35.730718,4/25/08,3.14,ft
-76.43438,35.730718,4/26/08,3.16,ft
-76.43438,35.730718,4/27/08,3.19,ft
-76.43438,35.730718,4/28/08,2.83,ft
-76.43438,35.730718,4/29/08,2.84,ft
-76.43438,35.730718,4/30/08,2.94,ft
-76.43438,35.730718,5/1/08,3.01,ft
-76.43438,35.730718,5/2/08,3.03,ft
-76.43438,35.730718,5/3/08,3.06,ft
-76.43438,35.730718,5/4/08,3.08,ft
-76.43438,35.730718,5/5/08,3.11,ft
-76.43438,35.730718,5/6/08,3.14,ft
-76.43438,35.730718,5/6/08,3.13,ft
-76.43438,35.730718,5/7/08,3.16,ft
-76.43438,35.730718,5/8/08,3.18,ft
-76.43438,35.730718,5/9/08,3.16,ft
-76.43438,35.730718,5/10/08,3.21,ft
-76.43438,35.730718,5/11/08,3.24,ft
-76.43438,35.730718,5/12/08,3.19,ft
-76.43438,35.730718,5/13/08,3.24,ft
-76.43438,35.730718,5/14/08,3.29,ft
-76.43438,35.730718,5/15/08,3.29,ft
-76.43438,35.730718,5/16/08,3.29,ft
-76.43438,35.730718,5/17/08,3.31,ft
-76.43438,35.730718,5/18/08,3.33,ft
-76.43438,35.730718,5/19/08,3.36,ft
-76.43438,35.730718,5/20/08,3.38,ft
-76.43438,35.730718,5/21/08,3.33,ft
-76.43438,35.730718,5/22/08,3.29,ft
-76.43438,35.730718,5/23/08,3.34,ft
-76.43438,35.730718,5/24/08,3.34,ft
-76.43438,35.730718,5/25/08,3.34,ft
-76.43438,35.730718,5/26/08,3.38,ft
-76.43438,35.730718,5/27/08,3.41,ft
-76.43438,35.730718,5/28/08,3.41,ft
-76.43438,35.730718,5/29/08,3.39,ft
-76.43438,35.730718,5/30/08,3.41,ft
-76.43438,35.730718,5/31/08,3.43,ft
-76.43438,35.730718,6/1/08,3.44,ft
-76.43438,35.730718,6/2/08,3.48,ft
-76.43438,35.730718,6/3/08,3.53,ft
-76.43438,35.730718,6/4/08,3.54,ft
-76.43438,35.730718,6/5/08,3.53,ft
-76.43438,35.730718,6/6/08,3.56,ft
-76.43438,35.730718,6/7/08,3.64,ft
-76.43438,35.730718,6/8/08,3.73,ft
-76.43438,35.730718,6/9/08,3.76,ft
-76.43438,35.730718,6/10/08,3.83,ft
-76.43438,35.730718,6/11/08,3.86,ft
-76.43438,35.730718,6/12/08,3.86,ft
-76.43438,35.730718,6/13/08,3.79,ft
-76.43438,35.730718,6/14/08,3.74,ft
-76.43438,35.730718,6/15/08,3.76,ft
-76.43438,35.730718,6/16/08,3.79,ft
-76.43438,35.730718,6/17/08,3.78,ft
-76.43438,35.730718,6/18/08,3.76,ft
-76.43438,35.730718,6/19/08,3.74,ft
-76.43438,35.730718,6/20/08,3.73,ft
-76.43438,35.730718,6/21/08,3.69,ft
-76.43438,35.730718,6/22/08,3.66,ft
-76.43438,35.730718,6/23/08,3.64,ft
-76.43438,35.730718,6/24/08,3.69,ft
-76.43438,35.730718,6/25/08,3.73,ft
-76.43438,35.730718,6/26/08,3.71,ft
-76.43438,35.730718,6/27/08,3.73,ft
-76.43438,35.730718,6/28/08,3.73,ft
-76.43438,35.730718,6/29/08,3.75,ft
-76.43438,35.730718,6/30/08,3.75,ft
-76.43438,35.730718,7/1/08,3.6,ft
-76.43438,35.730718,7/2/08,3.58,ft
-76.43438,35.730718,7/2/08,3.59,ft
-76.43438,35.730718,7/3/08,3.58,ft
-76.43438,35.730718,7/4/08,3.6,ft
-76.43438,35.730718,7/5/08,3.62,ft
-76.43438,35.730718,7/6/08,3.62,ft
-76.43438,35.730718,7/7/08,3.6,ft
-76.43438,35.730718,7/8/08,3.55,ft
-76.43438,35.730718,7/9/08,3.55,ft
-76.43438,35.730718,7/10/08,3.55,ft
-76.43438,35.730718,7/11/08,3.58,ft
-76.43438,35.730718,7/12/08,3.15,ft
-76.43438,35.730718,7/13/08,3.13,ft
-76.43438,35.730718,7/14/08,3.15,ft
-76.43438,35.730718,7/15/08,3.13,ft
-76.43438,35.730718,7/16/08,3.12,ft
-76.43438,35.730718,7/17/08,3.13,ft
-76.43438,35.730718,7/18/08,3.15,ft
-76.43438,35.730718,7/19/08,3.17,ft
-76.43438,35.730718,7/20/08,3.13,ft
-76.43438,35.730718,7/21/08,3.1,ft
-76.43438,35.730718,7/22/08,3.12,ft
-76.43438,35.730718,7/23/08,3.13,ft
-76.43438,35.730718,7/24/08,3.13,ft
-76.43438,35.730718,7/25/08,3.05,ft
-76.43438,35.730718,7/26/08,3.03,ft
-76.43438,35.730718,7/27/08,3.03,ft
-76.43438,35.730718,7/28/08,3.07,ft
-76.43438,35.730718,7/29/08,3.08,ft
-76.43438,35.730718,7/30/08,3.1,ft
-76.43438,35.730718,7/31/08,3.12,ft
-76.43438,35.730718,8/1/08,2.93,ft
-76.43438,35.730718,8/2/08,2.88,ft
-76.43438,35.730718,8/3/08,2.87,ft
-76.43438,35.730718,8/4/08,2.87,ft
-76.43438,35.730718,8/5/08,2.9,ft
-76.43438,35.730718,8/6/08,2.93,ft
-76.43438,35.730718,8/7/08,2.97,ft
-76.43438,35.730718,8/8/08,3,ft
-76.43438,35.730718,8/9/08,3.03,ft
-76.43438,35.730718,8/10/08,3.05,ft
-76.43438,35.730718,8/11/08,3.05,ft
-76.43438,35.730718,8/12/08,3.05,ft
-76.43438,35.730718,8/13/08,3.07,ft
-76.43438,35.730718,8/14/08,3.08,ft
-76.43438,35.730718,8/15/08,3.1,ft
-76.43438,35.730718,8/16/08,2.93,ft
-76.43438,35.730718,8/17/08,2.92,ft
-76.43438,35.730718,8/18/08,2.97,ft
-76.43438,35.730718,8/19/08,3.02,ft
-76.43438,35.730718,8/19/08,3.02,ft
-76.43438,35.730718,8/20/08,3.07,ft
-76.43438,35.730718,8/21/08,3.1,ft
-76.43438,35.730718,8/22/08,3.13,ft
-76.43438,35.730718,8/23/08,3.18,ft
-76.43438,35.730718,8/24/08,3.2,ft
-76.43438,35.730718,8/25/08,3.23,ft
-76.43438,35.730718,8/26/08,3.25,ft
-76.43438,35.730718,8/27/08,3.28,ft
-76.43438,35.730718,8/28/08,3.12,ft
-76.43438,35.730718,8/29/08,3.05,ft
-76.43438,35.730718,8/30/08,3.03,ft
-76.43438,35.730718,8/31/08,2.9,ft
-76.43438,35.730718,9/1/08,2.83,ft
-76.43438,35.730718,9/2/08,2.87,ft
-76.43438,35.730718,9/3/08,2.88,ft
-76.43438,35.730718,9/4/08,2.92,ft
-76.43438,35.730718,9/5/08,2.95,ft
-76.43438,35.730718,9/6/08,2.93,ft
-76.43438,35.730718,9/7/08,2.9,ft
-76.43438,35.730718,9/8/08,2.93,ft
-76.43438,35.730718,9/9/08,2.93,ft
-76.43438,35.730718,9/10/08,2.94,ft
-76.43438,35.730718,9/11/08,2.96,ft
-76.43438,35.730718,9/12/08,2.94,ft
-76.43438,35.730718,9/13/08,2.94,ft
-76.43438,35.730718,9/14/08,2.96,ft
-76.43438,35.730718,9/15/08,2.98,ft
-76.43438,35.730718,9/16/08,3.01,ft
-76.43438,35.730718,9/17/08,3.04,ft
-76.43438,35.730718,9/18/08,3.08,ft
-76.43438,35.730718,9/19/08,3.09,ft
-76.43438,35.730718,9/20/08,3.13,ft
-76.43438,35.730718,9/21/08,3.16,ft
-76.43438,35.730718,9/22/08,3.18,ft
-76.43438,35.730718,9/23/08,3.21,ft
-76.43438,35.730718,9/24/08,3.23,ft
-76.43438,35.730718,9/25/08,3.24,ft
-76.43438,35.730718,9/26/08,3.23,ft
-76.43438,35.730718,9/27/08,3.23,ft
-76.43438,35.730718,9/28/08,3.23,ft
-76.43438,35.730718,9/29/08,3.26,ft
-76.43438,35.730718,9/30/08,3.28,ft
-76.43438,35.730718,10/1/08,3.29,ft
-76.43438,35.730718,10/2/08,3.29,ft
-76.43438,35.730718,10/3/08,3.33,ft
-76.43438,35.730718,10/4/08,3.36,ft
-76.43438,35.730718,10/5/08,3.38,ft
-76.43438,35.730718,10/6/08,3.39,ft
-76.43438,35.730718,10/7/08,3.41,ft
-76.43438,35.730718,10/8/08,3.44,ft
-76.43438,35.730718,10/9/08,3.44,ft
-76.43438,35.730718,10/10/08,3.46,ft
-76.43438,35.730718,10/11/08,3.49,ft
-76.43438,35.730718,10/12/08,3.51,ft
-76.43438,35.730718,10/13/08,3.54,ft
-76.43438,35.730718,10/14/08,3.54,ft
-76.43438,35.730718,10/15/08,3.54,ft
-76.43438,35.730718,10/16/08,3.57,ft
-76.43438,35.730718,10/17/08,3.55,ft
-76.43438,35.730718,10/18/08,3.57,ft
-76.43438,35.730718,10/19/08,3.57,ft
-76.43438,35.730718,10/20/08,3.57,ft
-76.43438,35.730718,10/21/08,3.59,ft
-76.43438,35.730718,10/22/08,3.57,ft
-76.43438,35.730718,10/23/08,3.59,ft
-76.43438,35.730718,10/24/08,3.59,ft
-76.43438,35.730718,10/25/08,3.59,ft
-76.43438,35.730718,10/26/08,3.59,ft
-76.43438,35.730718,10/27/08,3.59,ft
-76.43438,35.730718,10/28/08,3.6,ft
-76.43438,35.730718,10/29/08,3.6,ft
-76.43438,35.730718,10/30/08,3.6,ft
-76.43438,35.730718,10/31/08,3.62,ft
-76.43438,35.730718,11/1/08,3.62,ft
-76.43438,35.730718,11/2/08,3.62,ft
-76.43438,35.730718,11/3/08,3.62,ft
-76.43438,35.730718,11/3/08,3.6,ft
-76.43438,35.730718,11/4/08,3.6,ft
-76.43438,35.730718,11/5/08,3.58,ft
-76.43438,35.730718,11/6/08,3.42,ft
-76.43438,35.730718,11/7/08,3.42,ft
-76.43438,35.730718,11/8/08,3.42,ft
-76.43438,35.730718,11/9/08,3.45,ft
-76.43438,35.730718,11/10/08,3.5,ft
-76.43438,35.730718,11/11/08,3.52,ft
-76.43438,35.730718,11/12/08,3.53,ft
-76.43438,35.730718,11/13/08,3.53,ft
-76.43438,35.730718,11/14/08,3.52,ft
-76.43438,35.730718,11/15/08,3.47,ft
-76.43438,35.730718,11/16/08,3.43,ft
-76.43438,35.730718,11/17/08,3.45,ft
-76.43438,35.730718,11/18/08,3.45,ft
-76.43438,35.730718,11/19/08,3.47,ft
-76.43438,35.730718,11/20/08,3.48,ft
-76.43438,35.730718,11/21/08,3.5,ft
-76.43438,35.730718,11/22/08,3.57,ft
-76.43438,35.730718,11/23/08,3.58,ft
-76.43438,35.730718,11/24/08,3.57,ft
-76.43438,35.730718,11/25/08,3.57,ft
-76.43438,35.730718,11/26/08,3.58,ft
-76.43438,35.730718,11/27/08,3.6,ft
-76.43438,35.730718,11/28/08,3.6,ft
-76.43438,35.730718,11/29/08,3.6,ft
-76.43438,35.730718,11/30/08,3.62,ft
-76.43438,35.730718,12/1/08,3.53,ft
-76.43438,35.730718,12/2/08,3.55,ft
-76.43438,35.730718,12/3/08,3.52,ft
-76.43438,35.730718,12/4/08,3.53,ft
-76.43438,35.730718,12/5/08,3.53,ft
-76.43438,35.730718,12/6/08,3.53,ft
-76.43438,35.730718,12/7/08,3.52,ft
-76.43438,35.730718,12/8/08,3.58,ft
-76.43438,35.730718,12/9/08,3.6,ft
-76.43438,35.730718,12/10/08,3.58,ft
-76.43438,35.730718,12/11/08,3.57,ft
-76.43438,35.730718,12/12/08,3.23,ft
-76.43438,35.730718,12/13/08,3.18,ft
-76.43438,35.730718,12/14/08,3.18,ft
-76.43438,35.730718,12/15/08,3.17,ft
-76.43438,35.730718,12/16/08,3.18,ft
-76.43438,35.730718,12/17/08,3.2,ft
-76.43438,35.730718,12/18/08,3.22,ft
-76.43438,35.730718,12/19/08,3.25,ft
-76.43438,35.730718,12/20/08,3.27,ft
-76.43438,35.730718,12/21/08,3.28,ft
-76.43438,35.730718,12/22/08,3.33,ft
-76.43438,35.730718,12/23/08,3.4,ft
-76.43438,35.730718,12/24/08,3.38,ft
-76.43438,35.730718,12/25/08,3.37,ft
-76.43438,35.730718,12/26/08,3.42,ft
-76.43438,35.730718,12/27/08,3.43,ft
-76.43438,35.730718,12/28/08,3.43,ft
-76.43438,35.730718,12/29/08,3.45,ft
-76.43438,35.730718,12/30/08,3.47,ft
-76.43438,35.730718,12/31/08,3.47,ft
-76.43438,35.730718,1/1/09,3.55,ft
-76.43438,35.730718,1/2/09,3.53,ft
-76.43438,35.730718,1/3/09,3.53,ft
-76.43438,35.730718,1/4/09,3.58,ft
-76.43438,35.730718,1/5/09,3.58,ft
-76.43438,35.730718,1/6/09,3.58,ft
-76.43438,35.730718,1/7/09,3.48,ft
-76.43438,35.730718,1/8/09,3.48,ft
-76.43438,35.730718,1/9/09,3.52,ft
-76.43438,35.730718,1/10/09,3.53,ft
-76.43438,35.730718,1/11/09,3.5,ft
-76.43438,35.730718,1/12/09,3.55,ft
-76.43438,35.730718,1/13/09,3.57,ft
-76.43438,35.730718,1/14/09,3.52,ft
-76.43438,35.730718,1/15/09,3.47,ft
-76.43438,35.730718,1/16/09,3.5,ft
-76.43438,35.730718,1/17/09,3.5,ft
-76.43438,35.730718,1/18/09,3.48,ft
-76.43438,35.730718,1/19/09,3.48,ft
-76.43438,35.730718,1/20/09,3.48,ft
-76.43438,35.730718,1/21/09,3.5,ft
-76.43438,35.730718,1/22/09,3.53,ft
-76.43438,35.730718,1/23/09,3.53,ft
-76.43438,35.730718,1/24/09,3.53,ft
-76.43438,35.730718,1/25/09,3.57,ft
-76.43438,35.730718,1/26/09,3.58,ft
-76.43438,35.730718,1/27/09,3.6,ft
-76.43438,35.730718,1/28/09,3.6,ft
-76.43438,35.730718,1/29/09,3.6,ft
-76.43438,35.730718,1/30/09,3.62,ft
-76.43438,35.730718,1/31/09,3.62,ft
-76.43438,35.730718,2/1/09,3.65,ft
-76.43438,35.730718,2/2/09,3.63,ft
-76.43438,35.730718,2/3/09,3.65,ft
-76.43438,35.730718,2/4/09,3.67,ft
-76.43438,35.730718,2/5/09,3.7,ft
-76.43438,35.730718,2/6/09,3.72,ft
-76.43438,35.730718,2/7/09,3.73,ft
-76.43438,35.730718,2/8/09,3.73,ft
-76.43438,35.730718,2/9/09,3.75,ft
-76.43438,35.730718,2/10/09,3.77,ft
-76.43438,35.730718,2/11/09,3.75,ft
-76.43438,35.730718,2/11/09,3.75,ft
-76.43438,35.730718,2/12/09,3.75,ft
-76.43438,35.730718,2/13/09,3.77,ft
-76.43438,35.730718,2/14/09,3.77,ft
-76.43438,35.730718,2/15/09,3.78,ft
-76.43438,35.730718,2/16/09,3.82,ft
-76.43438,35.730718,2/17/09,3.83,ft
-76.43438,35.730718,2/18/09,3.85,ft
-76.43438,35.730718,2/19/09,3.8,ft
-76.43438,35.730718,2/20/09,3.82,ft
-76.43438,35.730718,2/21/09,3.82,ft
-76.43438,35.730718,2/22/09,3.82,ft
-76.43438,35.730718,2/23/09,3.84,ft
-76.43438,35.730718,2/24/09,3.86,ft
-76.43438,35.730718,2/25/09,3.86,ft
-76.43438,35.730718,2/26/09,3.86,ft
-76.43438,35.730718,2/27/09,3.88,ft
-76.43438,35.730718,2/28/09,3.88,ft
-76.43438,35.730718,3/1/09,3.84,ft
-76.43438,35.730718,3/2/09,3.66,ft
-76.43438,35.730718,3/3/09,3.58,ft
-76.43438,35.730718,3/4/09,3.56,ft
-76.43438,35.730718,3/5/09,3.56,ft
-76.43438,35.730718,3/6/09,3.56,ft
-76.43438,35.730718,3/7/09,3.54,ft
-76.43438,35.730718,3/8/09,3.56,ft
-76.43438,35.730718,3/9/09,3.56,ft
-76.43438,35.730718,3/10/09,3.59,ft
-76.43438,35.730718,3/11/09,3.61,ft
-76.43438,35.730718,3/12/09,3.63,ft
-76.43438,35.730718,3/13/09,3.66,ft
-76.43438,35.730718,3/14/09,3.66,ft
-76.43438,35.730718,3/15/09,3.66,ft
-76.43438,35.730718,3/16/09,3.66,ft
-76.43438,35.730718,3/17/09,3.56,ft
-76.43438,35.730718,3/18/09,3.47,ft
-76.43438,35.730718,3/19/09,3.44,ft
-76.43438,35.730718,3/20/09,3.44,ft
-76.43438,35.730718,3/21/09,3.49,ft
-76.43438,35.730718,3/22/09,3.49,ft
-76.43438,35.730718,3/23/09,3.49,ft
-76.43438,35.730718,3/24/09,3.52,ft
-76.43438,35.730718,3/25/09,3.55,ft
-76.43438,35.730718,3/26/09,3.54,ft
-76.43438,35.730718,3/27/09,3.54,ft
-76.43438,35.730718,3/28/09,3.39,ft
-76.43438,35.730718,3/29/09,3.12,ft
-76.43438,35.730718,3/30/09,3.09,ft
-76.43438,35.730718,3/31/09,3.14,ft
-76.43438,35.730718,4/1/09,3.14,ft
-76.43438,35.730718,4/2/09,3.17,ft
-76.43438,35.730718,4/3/09,3.15,ft
-76.43438,35.730718,4/4/09,3.24,ft
-76.43438,35.730718,4/5/09,3.27,ft
-76.43438,35.730718,4/6/09,3.27,ft
-76.43438,35.730718,4/7/09,3.3,ft
-76.43438,35.730718,4/8/09,3.35,ft
-76.43438,35.730718,4/9/09,3.35,ft
-76.43438,35.730718,4/10/09,3.4,ft
-76.43438,35.730718,4/11/09,3.4,ft
-76.43438,35.730718,4/12/09,3.43,ft
-76.43438,35.730718,4/13/09,3.45,ft
-76.43438,35.730718,4/14/09,3.45,ft
-76.43438,35.730718,4/15/09,3.45,ft
-76.43438,35.730718,4/16/09,3.48,ft
-76.43438,35.730718,4/17/09,3.5,ft
-76.43438,35.730718,4/18/09,3.5,ft
-76.43438,35.730718,4/19/09,3.51,ft
-76.43438,35.730718,4/20/09,3.53,ft
-76.43438,35.730718,4/21/09,3.55,ft
-76.43438,35.730718,4/22/09,3.58,ft
-76.43438,35.730718,4/23/09,3.61,ft
-76.43438,35.730718,4/24/09,3.65,ft
-76.43438,35.730718,4/25/09,3.66,ft
-76.43438,35.730718,4/26/09,3.68,ft
-76.43438,35.730718,4/27/09,3.71,ft
-76.43438,35.730718,4/28/09,3.73,ft
-76.43438,35.730718,4/29/09,3.75,ft
-76.43438,35.730718,4/30/09,3.76,ft
-76.43438,35.730718,5/1/09,3.78,ft
-76.43438,35.730718,5/2/09,3.81,ft
-76.43438,35.730718,5/3/09,3.82,ft
-76.43438,35.730718,5/4/09,3.84,ft
-76.43438,35.730718,5/5/09,3.86,ft
-76.43438,35.730718,5/6/09,3.84,ft
-76.43438,35.730718,5/7/09,3.82,ft
-76.43438,35.730718,5/8/09,3.76,ft
-76.43438,35.730718,5/9/09,3.72,ft
-76.43438,35.730718,5/10/09,3.74,ft
-76.43438,35.730718,5/11/09,3.77,ft
-76.43438,35.730718,5/12/09,3.79,ft
-76.43438,35.730718,5/13/09,3.82,ft
-76.43438,35.730718,5/13/09,3.81,ft
-76.43438,35.730718,5/14/09,3.82,ft
-76.43438,35.730718,5/15/09,3.84,ft
-76.43438,35.730718,5/16/09,3.86,ft
-76.43438,35.730718,5/17/09,3.86,ft
-76.43438,35.730718,5/18/09,3.62,ft
-76.43438,35.730718,5/19/09,3.46,ft
-76.43438,35.730718,5/20/09,3.44,ft
-76.43438,35.730718,5/21/09,3.46,ft
-76.43438,35.730718,5/22/09,3.47,ft
-76.43438,35.730718,5/23/09,3.51,ft
-76.43438,35.730718,5/24/09,3.52,ft
-76.43438,35.730718,5/25/09,3.54,ft
-76.43438,35.730718,5/26/09,3.57,ft
-76.43438,35.730718,5/27/09,3.61,ft
-76.43438,35.730718,5/28/09,3.62,ft
-76.43438,35.730718,5/29/09,3.64,ft
-76.43438,35.730718,5/30/09,3.66,ft
-76.43438,35.730718,5/31/09,3.67,ft
-76.43438,35.730718,6/1/09,3.67,ft
-76.43438,35.730718,6/2/09,3.69,ft
-76.43438,35.730718,6/3/09,3.72,ft
-76.43438,35.730718,6/4/09,3.72,ft
-76.43438,35.730718,6/5/09,3.72,ft
-76.43438,35.730718,6/6/09,3.72,ft
-76.43438,35.730718,6/7/09,3.72,ft
-76.43438,35.730718,6/8/09,3.72,ft
-76.43438,35.730718,6/9/09,3.72,ft
-76.43438,35.730718,6/10/09,3.72,ft
-76.43438,35.730718,6/11/09,3.72,ft
-76.43438,35.730718,6/12/09,3.72,ft
-76.43438,35.730718,6/13/09,3.72,ft
-76.43438,35.730718,6/14/09,3.42,ft
-76.43438,35.730718,6/15/09,3.34,ft
-76.43438,35.730718,6/16/09,3.34,ft
-76.43438,35.730718,6/17/09,3.36,ft
-76.43438,35.730718,6/18/09,3.36,ft
-76.43438,35.730718,6/19/09,3.36,ft
-76.43438,35.730718,6/20/09,3.36,ft
-76.43438,35.730718,6/21/09,3.39,ft
-76.43438,35.730718,6/22/09,3.42,ft
-76.43438,35.730718,6/23/09,3.42,ft
-76.43438,35.730718,6/24/09,3.39,ft
-76.43438,35.730718,6/25/09,3.39,ft
-76.43438,35.730718,6/26/09,3.41,ft
-76.43438,35.730718,6/27/09,3.42,ft
-76.43438,35.730718,6/28/09,3.46,ft
-76.43438,35.730718,6/29/09,3.47,ft
-76.43438,35.730718,6/30/09,3.51,ft
-76.43438,35.730718,7/1/09,3.54,ft
-76.43438,35.730718,7/2/09,3.57,ft
-76.43438,35.730718,7/3/09,3.61,ft
-76.43438,35.730718,7/4/09,3.64,ft
-76.43438,35.730718,7/5/09,3.67,ft
-76.43438,35.730718,7/6/09,3.51,ft
-76.43438,35.730718,7/7/09,2.92,ft
-76.43438,35.730718,7/8/09,2.92,ft
-76.43438,35.730718,7/9/09,2.99,ft
-76.43438,35.730718,7/10/09,3.04,ft
-76.43438,35.730718,7/11/09,3.07,ft
-76.43438,35.730718,7/12/09,3.09,ft
-76.43438,35.730718,7/13/09,3.12,ft
-76.43438,35.730718,7/14/09,3.01,ft
-76.43438,35.730718,7/15/09,3.01,ft
-76.43438,35.730718,7/16/09,3.04,ft
-76.43438,35.730718,7/17/09,3.06,ft
-76.43438,35.730718,7/18/09,2.94,ft
-76.43438,35.730718,7/19/09,2.86,ft
-76.43438,35.730718,7/20/09,2.86,ft
-76.43438,35.730718,7/21/09,2.87,ft
-76.43438,35.730718,7/22/09,2.89,ft
-76.43438,35.730718,7/23/09,2.91,ft
-76.43438,35.730718,7/24/09,2.94,ft
-76.43438,35.730718,7/25/09,2.94,ft
-76.43438,35.730718,7/26/09,2.94,ft
-76.43438,35.730718,7/27/09,2.97,ft
-76.43438,35.730718,7/28/09,2.99,ft
-76.43438,35.730718,7/29/09,3.02,ft
-76.43438,35.730718,7/30/09,3.04,ft
-76.43438,35.730718,7/31/09,3.06,ft
-76.43438,35.730718,8/1/09,3.09,ft
-76.43438,35.730718,8/2/09,3.11,ft
-76.43438,35.730718,8/3/09,2.76,ft
-76.43438,35.730718,8/4/09,2.72,ft
-76.43438,35.730718,8/5/09,2.76,ft
-76.43438,35.730718,8/5/09,2.76,ft
-76.43438,35.730718,8/6/09,2.81,ft
-76.43438,35.730718,8/7/09,2.74,ft
-76.43438,35.730718,8/8/09,2.76,ft
-76.43438,35.730718,8/9/09,2.81,ft
-76.43438,35.730718,8/10/09,2.82,ft
-76.43438,35.730718,8/11/09,2.87,ft
-76.43438,35.730718,8/12/09,2.91,ft
-76.43438,35.730718,8/13/09,2.91,ft
-76.43438,35.730718,8/14/09,2.89,ft
-76.43438,35.730718,8/15/09,2.89,ft
-76.43438,35.730718,8/16/09,2.87,ft
-76.43438,35.730718,8/17/09,2.86,ft
-76.43438,35.730718,8/18/09,2.87,ft
-76.43438,35.730718,8/19/09,2.92,ft
-76.43438,35.730718,8/20/09,2.94,ft
-76.43438,35.730718,8/21/09,2.99,ft
-76.43438,35.730718,8/22/09,3.02,ft
-76.43438,35.730718,8/23/09,3.02,ft
-76.43438,35.730718,8/24/09,3.02,ft
-76.43438,35.730718,8/25/09,3.04,ft
-76.43438,35.730718,8/26/09,3.06,ft
-76.43438,35.730718,8/27/09,3.06,ft
-76.43438,35.730718,8/28/09,3.07,ft
-76.43438,35.730718,8/29/09,3.07,ft
-76.43438,35.730718,8/30/09,3.07,ft
-76.43438,35.730718,8/31/09,3.07,ft
-76.43438,35.730718,9/1/09,3.07,ft
-76.43438,35.730718,9/2/09,3.06,ft
-76.43438,35.730718,9/3/09,3.04,ft
-76.43438,35.730718,9/4/09,3.06,ft
-76.43438,35.730718,9/5/09,3.09,ft
-76.43438,35.730718,9/6/09,3.11,ft
-76.43438,35.730718,9/7/09,3.14,ft
-76.43438,35.730718,9/8/09,3.06,ft
-76.43438,35.730718,9/9/09,2.97,ft
-76.43438,35.730718,9/10/09,2.99,ft
-76.43438,35.730718,9/11/09,2.96,ft
-76.43438,35.730718,9/12/09,2.96,ft
-76.43438,35.730718,9/13/09,2.96,ft
-76.43438,35.730718,9/14/09,2.99,ft
-76.43438,35.730718,9/15/09,3.02,ft
-76.43438,35.730718,9/16/09,3.04,ft
-76.43438,35.730718,9/17/09,3.07,ft
-76.43438,35.730718,9/18/09,3.11,ft
-76.43438,35.730718,9/19/09,3.12,ft
-76.43438,35.730718,9/20/09,3.16,ft
-76.43438,35.730718,9/21/09,3.17,ft
-76.43438,35.730718,9/22/09,3.21,ft
-76.43438,35.730718,9/23/09,3.22,ft
-76.43438,35.730718,9/24/09,3.22,ft
-76.43438,35.730718,9/25/09,3.22,ft
-76.43438,35.730718,9/26/09,3.22,ft
-76.43438,35.730718,9/27/09,3.22,ft
-76.43438,35.730718,9/28/09,3.22,ft
-76.43438,35.730718,9/29/09,3.22,ft
-76.43438,35.730718,9/30/09,3.24,ft
-76.43438,35.730718,10/1/09,3.27,ft
-76.43438,35.730718,10/2/09,3.29,ft
-76.43438,35.730718,10/3/09,3.29,ft
-76.43438,35.730718,10/4/09,3.31,ft
-76.43438,35.730718,10/5/09,3.31,ft
-76.43438,35.730718,10/6/09,3.32,ft
-76.43438,35.730718,10/7/09,3.32,ft
-76.43438,35.730718,10/8/09,3.32,ft
-76.43438,35.730718,10/9/09,3.34,ft
-76.43438,35.730718,10/10/09,3.32,ft
-76.43438,35.730718,10/11/09,3.34,ft
-76.43438,35.730718,10/12/09,3.34,ft
-76.43438,35.730718,10/13/09,3.34,ft
-76.43438,35.730718,10/14/09,3.34,ft
-76.43438,35.730718,10/15/09,3.34,ft
-76.43438,35.730718,10/16/09,3.36,ft
-76.43438,35.730718,10/17/09,3.36,ft
-76.43438,35.730718,10/18/09,3.36,ft
-76.43438,35.730718,10/19/09,3.37,ft
-76.43438,35.730718,10/20/09,3.37,ft
-76.43438,35.730718,10/21/09,3.39,ft
-76.43438,35.730718,10/22/09,3.39,ft
-76.43438,35.730718,10/23/09,3.37,ft
-76.43438,35.730718,10/24/09,3.37,ft
-76.43438,35.730718,10/25/09,3.37,ft
-76.43438,35.730718,10/26/09,3.39,ft
-76.43438,35.730718,10/27/09,3.39,ft
-76.43438,35.730718,10/28/09,3.39,ft
-76.43438,35.730718,10/29/09,3.39,ft
-76.43438,35.730718,10/30/09,3.41,ft
-76.43438,35.730718,10/31/09,3.41,ft
-76.43438,35.730718,11/1/09,3.41,ft
-76.43438,35.730718,11/2/09,3.41,ft
-76.43438,35.730718,11/3/09,3.42,ft
-76.43438,35.730718,11/4/09,3.42,ft
-76.43438,35.730718,11/5/09,3.42,ft
-76.43438,35.730718,11/6/09,3.42,ft
-76.43438,35.730718,11/7/09,3.44,ft
-76.43438,35.730718,11/8/09,3.44,ft
-76.43438,35.730718,11/9/09,3.46,ft
-76.43438,35.730718,11/10/09,3.46,ft
-76.43438,35.730718,11/10/09,3.46,ft
-76.43438,35.730718,11/11/09,3.48,ft
-76.43438,35.730718,11/12/09,3.14,ft
-76.43438,35.730718,11/13/09,2.33,ft
-76.43438,35.730718,11/14/09,2.31,ft
-76.43438,35.730718,11/15/09,2.38,ft
-76.43438,35.730718,11/16/09,2.46,ft
-76.43438,35.730718,11/17/09,2.51,ft
-76.43438,35.730718,11/18/09,2.56,ft
-76.43438,35.730718,11/19/09,2.59,ft
-76.43438,35.730718,11/20/09,2.63,ft
-76.43438,35.730718,11/21/09,2.66,ft
-76.43438,35.730718,11/22/09,2.69,ft
-76.43438,35.730718,11/23/09,2.73,ft
-76.43438,35.730718,11/24/09,2.76,ft
-76.43438,35.730718,11/25/09,2.78,ft
-76.43438,35.730718,11/26/09,2.78,ft
-76.43438,35.730718,11/27/09,2.8,ft
-76.43438,35.730718,11/28/09,2.85,ft
-76.43438,35.730718,11/29/09,2.88,ft
-76.43438,35.730718,11/30/09,2.92,ft
-76.43438,35.730718,12/1/09,3,ft
-76.43438,35.730718,12/2/09,3.03,ft
-76.43438,35.730718,12/3/09,2.9,ft
-76.43438,35.730718,12/4/09,2.88,ft
-76.43438,35.730718,12/5/09,2.87,ft
-76.43438,35.730718,12/6/09,2.82,ft
-76.43438,35.730718,12/7/09,2.83,ft
-76.43438,35.730718,12/8/09,2.83,ft
-76.43438,35.730718,12/9/09,2.78,ft
-76.43438,35.730718,12/10/09,2.58,ft
-76.43438,35.730718,12/11/09,2.67,ft
-76.43438,35.730718,12/12/09,2.72,ft
-76.43438,35.730718,12/13/09,2.72,ft
-76.43438,35.730718,12/14/09,2.73,ft
-76.43438,35.730718,12/15/09,2.77,ft
-76.43438,35.730718,12/16/09,2.8,ft
-76.43438,35.730718,12/17/09,2.85,ft
-76.43438,35.730718,12/18/09,2.87,ft
-76.43438,35.730718,12/19/09,2.83,ft
-76.43438,35.730718,12/20/09,2.88,ft
-76.43438,35.730718,12/21/09,2.92,ft
-76.43438,35.730718,12/22/09,2.95,ft
-76.43438,35.730718,12/23/09,2.98,ft
-76.43438,35.730718,12/24/09,3,ft
-76.43438,35.730718,12/25/09,3.03,ft
-76.43438,35.730718,12/26/09,2.92,ft
-76.43438,35.730718,12/27/09,2.82,ft
-76.43438,35.730718,12/28/09,2.84,ft
-76.43438,35.730718,12/29/09,2.91,ft
-76.43438,35.730718,12/30/09,2.96,ft
-76.43438,35.730718,12/31/09,2.92,ft
-76.43438,35.730718,1/1/10,2.84,ft
-76.43438,35.730718,1/2/10,2.86,ft
-76.43438,35.730718,1/3/10,2.89,ft
-76.43438,35.730718,1/4/10,2.92,ft
-76.43438,35.730718,1/5/10,2.96,ft
-76.43438,35.730718,1/6/10,2.99,ft
-76.43438,35.730718,1/7/10,3.02,ft
-76.43438,35.730718,1/8/10,3.04,ft
-76.43438,35.730718,1/9/10,3.09,ft
-76.43438,35.730718,1/10/10,3.11,ft
-76.43438,35.730718,1/11/10,3.14,ft
-76.43438,35.730718,1/12/10,3.16,ft
-76.43438,35.730718,1/13/10,3.19,ft
-76.43438,35.730718,1/14/10,3.21,ft
-76.43438,35.730718,1/15/10,3.24,ft
-76.43438,35.730718,1/16/10,3.26,ft
-76.43438,35.730718,1/17/10,3.26,ft
-76.43438,35.730718,1/18/10,3.07,ft
-76.43438,35.730718,1/19/10,3.09,ft
-76.43438,35.730718,1/20/10,3.09,ft
-76.43438,35.730718,1/21/10,3.12,ft
-76.43438,35.730718,1/22/10,2.97,ft
-76.43438,35.730718,1/23/10,2.91,ft
-76.43438,35.730718,1/24/10,2.91,ft
-76.43438,35.730718,1/25/10,2.87,ft
-76.43438,35.730718,1/26/10,2.81,ft
-76.43438,35.730718,1/27/10,2.83,ft
-76.43438,35.730718,1/28/10,2.86,ft
-76.43438,35.730718,1/29/10,2.9,ft
-76.43438,35.730718,1/30/10,2.91,ft
-76.43438,35.730718,1/31/10,2.76,ft
-76.43438,35.730718,2/1/10,2.78,ft
-76.43438,35.730718,2/2/10,2.8,ft
-76.43438,35.730718,2/3/10,2.76,ft
-76.43438,35.730718,2/4/10,2.8,ft
-76.43438,35.730718,2/5/10,2.81,ft
-76.43438,35.730718,2/6/10,2.53,ft
-76.43438,35.730718,2/7/10,2.53,ft
-76.43438,35.730718,2/8/10,2.58,ft
-76.43438,35.730718,2/9/10,2.65,ft
-76.43438,35.730718,2/10/10,2.58,ft
-76.43438,35.730718,2/11/10,2.7,ft
-76.43438,35.730718,2/11/10,2.7,ft
-76.43438,35.730718,2/12/10,2.74,ft
-76.43438,35.730718,2/13/10,2.72,ft
-76.43438,35.730718,2/14/10,2.8,ft
-76.43438,35.730718,2/15/10,2.82,ft
-76.43438,35.730718,2/16/10,2.84,ft
-76.43438,35.730718,2/17/10,2.89,ft
-76.43438,35.730718,2/18/10,2.92,ft
-76.43438,35.730718,2/19/10,2.95,ft
-76.43438,35.730718,2/20/10,2.99,ft
-76.43438,35.730718,2/21/10,3,ft
-76.43438,35.730718,2/22/10,3.04,ft
-76.43438,35.730718,2/23/10,3.02,ft
-76.43438,35.730718,2/24/10,3.05,ft
-76.43438,35.730718,2/25/10,3.02,ft
-76.43438,35.730718,2/26/10,3.02,ft
-76.43438,35.730718,2/27/10,3.05,ft
-76.43438,35.730718,2/28/10,3.09,ft
-76.43438,35.730718,3/1/10,3.14,ft
-76.43438,35.730718,3/2/10,3.14,ft
-76.43438,35.730718,3/3/10,2.95,ft
-76.43438,35.730718,3/4/10,2.87,ft
-76.43438,35.730718,3/5/10,2.9,ft
-76.43438,35.730718,3/6/10,2.94,ft
-76.43438,35.730718,3/7/10,2.97,ft
-76.43438,35.730718,3/8/10,2.99,ft
-76.43438,35.730718,3/9/10,3.02,ft
-76.43438,35.730718,3/10/10,3.05,ft
-76.43438,35.730718,3/11/10,3.09,ft
-76.43438,35.730718,3/12/10,3.07,ft
-76.43438,35.730718,3/13/10,3,ft
-76.43438,35.730718,3/14/10,3.02,ft
-76.43438,35.730718,3/15/10,3.07,ft
-76.43438,35.730718,3/16/10,3.09,ft
-76.43438,35.730718,3/17/10,3.12,ft
-76.43438,35.730718,3/18/10,3.14,ft
-76.43438,35.730718,3/19/10,3.17,ft
-76.43438,35.730718,3/20/10,3.2,ft
-76.43438,35.730718,3/21/10,3.24,ft
-76.43438,35.730718,3/22/10,3.24,ft
-76.43438,35.730718,3/23/10,3.25,ft
-76.43438,35.730718,3/24/10,3.29,ft
-76.43438,35.730718,3/25/10,3.3,ft
-76.43438,35.730718,3/26/10,3.29,ft
-76.43438,35.730718,3/27/10,3.35,ft
-76.43438,35.730718,3/28/10,3.38,ft
-76.43438,35.730718,3/29/10,3.36,ft
-76.43438,35.730718,3/30/10,3.2,ft
-76.43438,35.730718,3/31/10,3.21,ft
-76.43438,35.730718,4/1/10,3.25,ft
-76.43438,35.730718,4/2/10,3.26,ft
-76.43438,35.730718,4/3/10,3.28,ft
-76.43438,35.730718,4/4/10,3.3,ft
-76.43438,35.730718,4/5/10,3.33,ft
-76.43438,35.730718,4/6/10,3.35,ft
-76.43438,35.730718,4/7/10,3.36,ft
-76.43438,35.730718,4/8/10,3.4,ft
-76.43438,35.730718,4/9/10,3.41,ft
-76.43438,35.730718,4/10/10,3.4,ft
-76.43438,35.730718,4/11/10,3.41,ft
-76.43438,35.730718,4/12/10,3.43,ft
-76.43438,35.730718,4/13/10,3.45,ft
-76.43438,35.730718,4/14/10,3.46,ft
-76.43438,35.730718,4/15/10,3.48,ft
-76.43438,35.730718,4/16/10,3.48,ft
-76.43438,35.730718,4/17/10,3.48,ft
-76.43438,35.730718,4/18/10,3.51,ft
-76.43438,35.730718,4/19/10,3.55,ft
-76.43438,35.730718,4/20/10,3.56,ft
-76.43438,35.730718,4/21/10,3.58,ft
-76.43438,35.730718,4/22/10,3.58,ft
-76.43438,35.730718,4/23/10,3.6,ft
-76.43438,35.730718,4/24/10,3.61,ft
-76.43438,35.730718,4/25/10,3.61,ft
-76.43438,35.730718,4/26/10,3.61,ft
-76.43438,35.730718,4/27/10,3.63,ft
-76.43438,35.730718,4/28/10,3.65,ft
-76.43438,35.730718,4/29/10,3.68,ft
-76.43438,35.730718,4/30/10,3.7,ft
-76.43438,35.730718,5/1/10,3.71,ft
-76.43438,35.730718,5/2/10,3.71,ft
-76.43438,35.730718,5/3/10,3.73,ft
-76.43438,35.730718,5/4/10,3.75,ft
-76.43438,35.730718,5/5/10,3.75,ft
-76.43438,35.730718,5/6/10,3.75,ft
-76.43438,35.730718,5/7/10,3.76,ft
-76.43438,35.730718,5/8/10,3.76,ft
-76.43438,35.730718,5/9/10,3.81,ft
-76.43438,35.730718,5/10/10,3.85,ft
-76.43438,35.730718,5/11/10,3.88,ft
-76.43438,35.730718,5/11/10,3.88,ft
-76.43438,35.730718,5/12/10,3.9,ft
-76.43438,35.730718,5/13/10,3.9,ft
-76.43438,35.730718,5/14/10,3.77,ft
-76.43438,35.730718,5/15/10,3.73,ft
-76.43438,35.730718,5/16/10,3.73,ft
-76.43438,35.730718,5/17/10,3.75,ft
-76.43438,35.730718,5/18/10,3.75,ft
-76.43438,35.730718,5/19/10,3.75,ft
-76.43438,35.730718,5/20/10,3.77,ft
-76.43438,35.730718,5/21/10,3.77,ft
-76.43438,35.730718,5/22/10,3.78,ft
-76.43438,35.730718,5/23/10,3.8,ft
-76.43438,35.730718,5/24/10,3.78,ft
-76.43438,35.730718,5/25/10,3.73,ft
-76.43438,35.730718,5/26/10,3.72,ft
-76.43438,35.730718,5/27/10,3.72,ft
-76.43438,35.730718,5/28/10,3.72,ft
-76.43438,35.730718,5/29/10,3.73,ft
-76.43438,35.730718,5/30/10,3.73,ft
-76.43438,35.730718,5/31/10,3.75,ft
-76.43438,35.730718,6/1/10,3.77,ft
-76.43438,35.730718,6/2/10,3.77,ft
-76.43438,35.730718,6/3/10,3.78,ft
-76.43438,35.730718,6/4/10,3.8,ft
-76.43438,35.730718,6/5/10,3.78,ft
-76.43438,35.730718,6/6/10,3.8,ft
-76.43438,35.730718,6/7/10,3.8,ft
-76.43438,35.730718,6/8/10,3.82,ft
-76.43438,35.730718,6/9/10,3.83,ft
-76.43438,35.730718,6/10/10,3.83,ft
-76.43438,35.730718,6/11/10,3.85,ft
-76.43438,35.730718,6/12/10,3.87,ft
-76.43438,35.730718,6/13/10,3.88,ft
-76.43438,35.730718,6/14/10,3.88,ft
-76.43438,35.730718,6/15/10,3.88,ft
-76.43438,35.730718,6/16/10,3.9,ft
-76.43438,35.730718,6/17/10,3.9,ft
-76.43438,35.730718,6/18/10,3.92,ft
-76.43438,35.730718,6/19/10,3.92,ft
-76.43438,35.730718,6/20/10,3.93,ft
-76.43438,35.730718,6/21/10,3.93,ft
-76.43438,35.730718,6/22/10,3.94,ft
-76.43438,35.730718,6/23/10,3.94,ft
-76.43438,35.730718,6/24/10,3.94,ft
-76.43438,35.730718,6/25/10,3.94,ft
-76.43438,35.730718,6/26/10,3.96,ft
-76.43438,35.730718,6/27/10,3.96,ft
-76.43438,35.730718,6/28/10,3.96,ft
-76.43438,35.730718,6/29/10,3.99,ft
-76.43438,35.730718,6/30/10,4.01,ft
-76.43438,35.730718,7/1/10,4.01,ft
-76.43438,35.730718,7/2/10,3.94,ft
-76.43438,35.730718,7/3/10,3.94,ft
-76.43438,35.730718,7/4/10,3.94,ft
-76.43438,35.730718,7/5/10,3.96,ft
-76.43438,35.730718,7/6/10,3.98,ft
-76.43438,35.730718,7/7/10,3.99,ft
-76.43438,35.730718,7/8/10,4.01,ft
-76.43438,35.730718,7/9/10,4.03,ft
-76.43438,35.730718,7/10/10,4.06,ft
-76.43438,35.730718,7/11/10,4.06,ft
-76.43438,35.730718,7/12/10,4.08,ft
-76.43438,35.730718,7/13/10,4.09,ft
-76.43438,35.730718,7/14/10,4.13,ft
-76.43438,35.730718,7/15/10,4.04,ft
-76.43438,35.730718,7/16/10,4.01,ft
-76.43438,35.730718,7/17/10,4.01,ft
-76.43438,35.730718,7/18/10,4.01,ft
-76.43438,35.730718,7/19/10,4.01,ft
-76.43438,35.730718,7/20/10,3.91,ft
-76.43438,35.730718,7/21/10,3.81,ft
-76.43438,35.730718,7/22/10,3.83,ft
-76.43438,35.730718,7/23/10,3.86,ft
-76.43438,35.730718,7/24/10,3.88,ft
-76.43438,35.730718,7/25/10,3.89,ft
-76.43438,35.730718,7/26/10,3.93,ft
-76.43438,35.730718,7/27/10,3.98,ft
-76.43438,35.730718,7/28/10,3.99,ft
-76.43438,35.730718,7/29/10,4.01,ft
-76.43438,35.730718,7/30/10,4.01,ft
-76.43438,35.730718,7/31/10,4.04,ft
-76.43438,35.730718,8/1/10,4.06,ft
-76.43438,35.730718,8/4/10,4.09,ft
-76.43438,35.730718,8/5/10,4.11,ft
-76.43438,35.730718,8/6/10,4.12,ft
-76.43438,35.730718,8/7/10,4.14,ft
-76.43438,35.730718,8/8/10,4.16,ft
-76.43438,35.730718,8/9/10,4.16,ft
-76.43438,35.730718,8/10/10,4.16,ft
-76.43438,35.730718,8/11/10,4.17,ft
-76.43438,35.730718,8/12/10,4.01,ft
-76.43438,35.730718,8/13/10,3.64,ft
-76.43438,35.730718,8/14/10,3.65,ft
-76.43438,35.730718,8/15/10,3.68,ft
-76.43438,35.730718,8/16/10,3.72,ft
-76.43438,35.730718,8/17/10,3.77,ft
-76.43438,35.730718,8/18/10,3.8,ft
-76.43438,35.730718,8/19/10,3.65,ft
-76.43438,35.730718,8/20/10,3.6,ft
-76.43438,35.730718,8/21/10,3.65,ft
-76.43438,35.730718,8/22/10,3.63,ft
-76.43438,35.730718,8/23/10,3.57,ft
-76.43438,35.730718,8/24/10,3.58,ft
-76.43438,35.730718,8/25/10,3.58,ft
-76.43438,35.730718,8/26/10,3.6,ft
-76.43438,35.730718,8/27/10,3.65,ft
-76.43438,35.730718,8/28/10,3.65,ft
-76.43438,35.730718,8/29/10,3.67,ft
-76.43438,35.730718,8/30/10,3.68,ft
-76.43438,35.730718,8/31/10,3.68,ft
-76.43438,35.730718,9/1/10,3.7,ft
-76.43438,35.730718,9/2/10,3.7,ft
-76.43438,35.730718,9/3/10,3.71,ft
-76.43438,35.730718,9/4/10,3.71,ft
-76.43438,35.730718,9/5/10,3.73,ft
-76.43438,35.730718,9/6/10,3.73,ft
-76.43438,35.730718,9/7/10,3.74,ft
-76.43438,35.730718,9/8/10,3.76,ft
-76.43438,35.730718,9/9/10,3.74,ft
-76.43438,35.730718,9/10/10,3.76,ft
-76.43438,35.730718,9/11/10,3.76,ft
-76.43438,35.730718,9/12/10,3.76,ft
-76.43438,35.730718,9/13/10,3.78,ft
-76.43438,35.730718,9/14/10,3.78,ft
-76.43438,35.730718,9/15/10,3.78,ft
-76.43438,35.730718,9/16/10,3.79,ft
-76.43438,35.730718,9/17/10,3.79,ft
-76.43438,35.730718,9/18/10,3.79,ft
-76.43438,35.730718,9/19/10,3.81,ft
-76.43438,35.730718,9/20/10,3.81,ft
-76.43438,35.730718,9/21/10,3.83,ft
-76.43438,35.730718,9/22/10,3.84,ft
-76.43438,35.730718,9/23/10,3.85,ft
-76.43438,35.730718,9/24/10,3.89,ft
-76.43438,35.730718,9/25/10,3.89,ft
-76.43438,35.730718,9/26/10,3.89,ft
-76.43438,35.730718,9/27/10,3.9,ft
-76.43438,35.730718,9/28/10,3.9,ft
-76.43438,35.730718,9/29/10,3.9,ft
-76.43438,35.730718,9/30/10,3.6,ft
-76.43438,35.730718,10/1/10,2.52,ft
-76.43438,35.730718,10/2/10,2.4,ft
-76.43438,35.730718,10/3/10,2.44,ft
-76.43438,35.730718,10/4/10,2.49,ft
-76.43438,35.730718,10/5/10,2.55,ft
-76.43438,35.730718,10/6/10,2.62,ft
-76.43438,35.730718,10/7/10,2.65,ft
-76.43438,35.730718,10/8/10,2.74,ft
-76.43438,35.730718,10/9/10,2.8,ft
-76.43438,35.730718,10/10/10,2.85,ft
-76.43438,35.730718,10/11/10,2.9,ft
-76.43438,35.730718,10/12/10,2.96,ft
-76.43438,35.730718,10/13/10,3,ft
-76.43438,35.730718,10/14/10,3.05,ft
-76.43438,35.730718,10/15/10,3.06,ft
-76.43438,35.730718,10/16/10,3.08,ft
-76.43438,35.730718,10/17/10,3.11,ft
-76.43438,35.730718,10/18/10,3.13,ft
-76.43438,35.730718,10/19/10,3.15,ft
-76.43438,35.730718,10/20/10,3.16,ft
-76.43438,35.730718,10/21/10,3.18,ft
-76.43438,35.730718,10/22/10,3.23,ft
-76.43438,35.730718,10/23/10,3.28,ft
-76.43438,35.730718,10/24/10,3.3,ft
-76.43438,35.730718,10/25/10,3.31,ft
-76.43438,35.730718,10/26/10,3.31,ft
-76.43438,35.730718,10/27/10,3.33,ft
-76.43438,35.730718,10/28/10,3.35,ft
-76.43438,35.730718,10/29/10,3.36,ft
-76.43438,35.730718,10/30/10,3.4,ft
-76.43438,35.730718,10/31/10,3.41,ft
-76.43438,35.730718,11/1/10,3.44,ft
-76.43438,35.730718,11/2/10,3.47,ft
-76.43438,35.730718,11/3/10,3.49,ft
-76.43438,35.730718,11/4/10,3.49,ft
-76.43438,35.730718,11/5/10,3.42,ft
-76.43438,35.730718,11/6/10,3.41,ft
-76.43438,35.730718,11/7/10,3.42,ft
-76.43438,35.730718,11/8/10,3.41,ft
-76.43438,35.730718,11/9/10,3.39,ft
-76.43438,35.730718,11/10/10,3.41,ft
-76.43438,35.730718,11/10/10,3.41,ft
-76.43438,35.730718,11/11/10,3.44,ft
-76.43438,35.730718,11/12/10,3.47,ft
-76.43438,35.730718,11/13/10,3.47,ft
-76.43438,35.730718,11/14/10,3.49,ft
-76.43438,35.730718,11/15/10,3.51,ft
-76.43438,35.730718,11/16/10,3.51,ft
-76.43438,35.730718,11/17/10,3.52,ft
-76.43438,35.730718,11/18/10,3.55,ft
-76.43438,35.730718,11/19/10,3.58,ft
-76.43438,35.730718,11/20/10,3.61,ft
-76.43438,35.730718,11/21/10,3.61,ft
-76.43438,35.730718,11/22/10,3.63,ft
-76.43438,35.730718,11/23/10,3.61,ft
-76.43438,35.730718,11/24/10,3.63,ft
-76.43438,35.730718,11/25/10,3.63,ft
-76.43438,35.730718,11/26/10,3.61,ft
-76.43438,35.730718,11/27/10,3.63,ft
-76.43438,35.730718,11/28/10,3.66,ft
-76.43438,35.730718,11/29/10,3.7,ft
-76.43438,35.730718,11/30/10,3.7,ft
-76.43438,35.730718,12/1/10,3.66,ft
-76.43438,35.730718,12/2/10,3.56,ft
-76.43438,35.730718,12/3/10,3.5,ft
-76.43438,35.730718,12/4/10,3.5,ft
-76.43438,35.730718,12/5/10,3.5,ft
-76.43438,35.730718,12/6/10,3.52,ft
-76.43438,35.730718,12/7/10,3.52,ft
-76.43438,35.730718,12/8/10,3.54,ft
-76.43438,35.730718,12/9/10,3.54,ft
-76.43438,35.730718,12/10/10,3.52,ft
-76.43438,35.730718,12/11/10,3.49,ft
-76.43438,35.730718,12/12/10,3.42,ft
-76.43438,35.730718,12/13/10,3.35,ft
-76.43438,35.730718,12/14/10,3.37,ft
-76.43438,35.730718,12/15/10,3.35,ft
-76.43438,35.730718,12/16/10,3.37,ft
-76.43438,35.730718,12/17/10,3.32,ft
-76.43438,35.730718,12/18/10,3.3,ft
-76.43438,35.730718,12/19/10,3.23,ft
-76.43438,35.730718,12/20/10,3.19,ft
-76.43438,35.730718,12/21/10,3.19,ft
-76.43438,35.730718,12/22/10,3.19,ft
-76.43438,35.730718,12/23/10,3.21,ft
-76.43438,35.730718,12/24/10,3.23,ft
-76.43438,35.730718,12/25/10,3.24,ft
-76.43438,35.730718,12/26/10,3.23,ft
-76.43438,35.730718,12/27/10,3.21,ft
-76.43438,35.730718,12/28/10,3.24,ft
-76.43438,35.730718,12/29/10,3.24,ft
-76.43438,35.730718,12/30/10,3.26,ft
-76.43438,35.730718,12/31/10,3.26,ft
-76.43438,35.730718,1/1/11,3.28,ft
-76.43438,35.730718,1/2/11,3.24,ft
-76.43438,35.730718,1/3/11,3.18,ft
-76.43438,35.730718,1/4/11,3.15,ft
-76.43438,35.730718,1/5/11,3.13,ft
-76.43438,35.730718,1/6/11,3.13,ft
-76.43438,35.730718,1/7/11,3.13,ft
-76.43438,35.730718,1/8/11,3.15,ft
-76.43438,35.730718,1/9/11,3.18,ft
-76.43438,35.730718,1/10/11,3.2,ft
-76.43438,35.730718,1/11/11,3.22,ft
-76.43438,35.730718,1/12/11,3.22,ft
-76.43438,35.730718,1/13/11,3.22,ft
-76.43438,35.730718,1/14/11,3.23,ft
-76.43438,35.730718,1/15/11,3.25,ft
-76.43438,35.730718,1/16/11,3.23,ft
-76.43438,35.730718,1/17/11,3.23,ft
-76.43438,35.730718,1/18/11,2.97,ft
-76.43438,35.730718,1/19/11,2.77,ft
-76.43438,35.730718,1/20/11,2.82,ft
-76.43438,35.730718,1/21/11,2.79,ft
-76.43438,35.730718,1/22/11,2.87,ft
-76.43438,35.730718,1/23/11,2.91,ft
-76.43438,35.730718,1/24/11,2.96,ft
-76.43438,35.730718,1/25/11,2.94,ft
-76.43438,35.730718,1/26/11,2.84,ft
-76.43438,35.730718,1/27/11,2.87,ft
-76.43438,35.730718,1/28/11,2.87,ft
-76.43438,35.730718,1/29/11,2.92,ft
-76.43438,35.730718,1/30/11,2.94,ft
-76.43438,35.730718,1/31/11,2.96,ft
-76.43438,35.730718,2/1/11,2.97,ft
-76.43438,35.730718,2/2/11,2.93,ft
-76.43438,35.730718,2/3/11,3,ft
-76.43438,35.730718,2/4/11,3,ft
-76.43438,35.730718,2/5/11,2.9,ft
-76.43438,35.730718,2/6/11,2.85,ft
-76.43438,35.730718,2/7/11,2.85,ft
-76.43438,35.730718,2/8/11,2.78,ft
-76.43438,35.730718,2/9/11,2.85,ft
-76.43438,35.730718,2/9/11,2.83,ft
-76.43438,35.730718,2/10/11,2.78,ft
-76.43438,35.730718,2/11/11,2.8,ft
-76.43438,35.730718,2/12/11,2.78,ft
-76.43438,35.730718,2/13/11,2.83,ft
-76.43438,35.730718,2/14/11,2.81,ft
-76.43438,35.730718,2/15/11,2.9,ft
-76.43438,35.730718,2/16/11,2.9,ft
-76.43438,35.730718,2/17/11,2.9,ft
-76.43438,35.730718,2/18/11,2.9,ft
-76.43438,35.730718,2/19/11,2.93,ft
-76.43438,35.730718,2/20/11,2.96,ft
-76.43438,35.730718,2/21/11,2.93,ft
-76.43438,35.730718,2/22/11,2.96,ft
-76.43438,35.730718,2/23/11,3,ft
-76.43438,35.730718,2/24/11,3,ft
-76.43438,35.730718,2/25/11,2.95,ft
-76.43438,35.730718,2/26/11,3.01,ft
-76.43438,35.730718,2/27/11,3,ft
-76.43438,35.730718,2/28/11,3,ft
-76.43438,35.730718,3/1/11,3,ft
-76.43438,35.730718,3/2/11,2.98,ft
-76.43438,35.730718,3/3/11,3.01,ft
-76.43438,35.730718,3/4/11,3.01,ft
-76.43438,35.730718,3/5/11,3.01,ft
-76.43438,35.730718,3/6/11,2.98,ft
-76.43438,35.730718,3/7/11,2.95,ft
-76.43438,35.730718,3/8/11,2.96,ft
-76.43438,35.730718,3/9/11,2.96,ft
-76.43438,35.730718,3/10/11,2.95,ft
-76.43438,35.730718,3/11/11,2.95,ft
-76.43438,35.730718,3/12/11,2.96,ft
-76.43438,35.730718,3/13/11,2.96,ft
-76.43438,35.730718,3/14/11,3,ft
-76.43438,35.730718,3/15/11,3,ft
-76.43438,35.730718,3/16/11,2.98,ft
-76.43438,35.730718,3/17/11,2.9,ft
-76.43438,35.730718,3/18/11,2.9,ft
-76.43438,35.730718,3/19/11,2.91,ft
-76.43438,35.730718,3/20/11,2.96,ft
-76.43438,35.730718,3/21/11,2.96,ft
-76.43438,35.730718,3/22/11,2.96,ft
-76.43438,35.730718,3/23/11,2.98,ft
-76.43438,35.730718,3/24/11,2.95,ft
-76.43438,35.730718,3/25/11,2.98,ft
-76.43438,35.730718,3/26/11,2.96,ft
-76.43438,35.730718,3/27/11,2.96,ft
-76.43438,35.730718,3/28/11,2.91,ft
-76.43438,35.730718,3/29/11,2.92,ft
-76.43438,35.730718,3/30/11,2.94,ft
-76.43438,35.730718,3/31/11,2.76,ft
-76.43438,35.730718,4/1/11,2.69,ft
-76.43438,35.730718,4/2/11,2.71,ft
-76.43438,35.730718,4/3/11,2.76,ft
-76.43438,35.730718,4/4/11,2.77,ft
-76.43438,35.730718,4/5/11,2.77,ft
-76.43438,35.730718,4/6/11,2.86,ft
-76.43438,35.730718,4/7/11,2.86,ft
-76.43438,35.730718,4/8/11,2.89,ft
-76.43438,35.730718,4/9/11,2.89,ft
-76.43438,35.730718,4/10/11,2.87,ft
-76.43438,35.730718,4/11/11,2.86,ft
-76.43438,35.730718,4/12/11,2.86,ft
-76.43438,35.730718,4/13/11,2.91,ft
-76.43438,35.730718,4/14/11,2.94,ft
-76.43438,35.730718,4/15/11,2.97,ft
-76.43438,35.730718,4/16/11,2.97,ft
-76.43438,35.730718,4/17/11,2.84,ft
-76.43438,35.730718,4/18/11,2.84,ft
-76.43438,35.730718,4/19/11,2.86,ft
-76.43438,35.730718,4/20/11,2.87,ft
-76.43438,35.730718,4/21/11,2.92,ft
-76.43438,35.730718,4/22/11,2.96,ft
-76.43438,35.730718,4/23/11,2.96,ft
-76.43438,35.730718,4/24/11,2.97,ft
-76.43438,35.730718,4/25/11,3.01,ft
-76.43438,35.730718,4/26/11,3.04,ft
-76.43438,35.730718,4/27/11,3.06,ft
-76.43438,35.730718,4/28/11,3.07,ft
-76.43438,35.730718,4/29/11,3.01,ft
-76.43438,35.730718,4/30/11,3.02,ft
-76.43438,35.730718,5/1/11,3.06,ft
-76.43438,35.730718,5/2/11,3.09,ft
-76.43438,35.730718,5/3/11,3.11,ft
-76.43438,35.730718,5/4/11,3.12,ft
-76.43438,35.730718,5/5/11,3.17,ft
-76.43438,35.730718,5/6/11,3.19,ft
-76.43438,35.730718,5/7/11,3.19,ft
-76.43438,35.730718,5/8/11,3.21,ft
-76.43438,35.730718,5/9/11,3.22,ft
-76.43438,35.730718,5/10/11,3.26,ft
-76.43438,35.730718,5/10/11,3.26,ft
-76.43438,35.730718,5/11/11,3.29,ft
-76.43438,35.730718,5/12/11,3.33,ft
-76.43438,35.730718,5/13/11,3.33,ft
-76.43438,35.730718,5/14/11,3.33,ft
-76.43438,35.730718,5/15/11,3.36,ft
-76.43438,35.730718,5/16/11,3.38,ft
-76.43438,35.730718,5/17/11,3.41,ft
-76.43438,35.730718,5/18/11,5.11,ft
-76.43438,35.730718,5/19/11,5.13,ft
-76.43438,35.730718,5/20/11,5.14,ft
-76.43438,35.730718,5/21/11,5.16,ft
-76.43438,35.730718,5/22/11,5.19,ft
-76.43438,35.730718,5/23/11,5.23,ft
-76.43438,35.730718,5/24/11,5.24,ft
-76.43438,35.730718,5/25/11,5.24,ft
-76.43438,35.730718,5/26/11,5.28,ft
-76.43438,35.730718,5/27/11,5.31,ft
-76.43438,35.730718,5/28/11,5.32,ft
-76.43438,35.730718,5/29/11,5.34,ft
-76.43438,35.730718,5/30/11,5.37,ft
-76.43438,35.730718,5/31/11,5.39,ft
-76.43438,35.730718,6/1/11,5.41,ft
-76.43438,35.730718,6/2/11,5.44,ft
-76.43438,35.730718,6/3/11,5.46,ft
-76.43438,35.730718,6/4/11,5.52,ft
-76.43438,35.730718,6/5/11,5.54,ft
-76.43438,35.730718,6/6/11,5.56,ft
-76.43438,35.730718,6/7/11,5.59,ft
-76.43438,35.730718,6/8/11,5.61,ft
-76.43438,35.730718,6/9/11,5.64,ft
-76.43438,35.730718,6/10/11,5.67,ft
-76.43438,35.730718,6/11/11,5.69,ft
-76.43438,35.730718,6/12/11,5.72,ft
-76.43438,35.730718,6/13/11,5.76,ft
-76.43438,35.730718,6/14/11,5.79,ft
-76.43438,35.730718,6/15/11,5.82,ft
-76.43438,35.730718,6/16/11,5.87,ft
-76.43438,35.730718,6/17/11,5.91,ft
-76.43438,35.730718,6/18/11,5.96,ft
-76.43438,35.730718,6/19/11,5.99,ft
-76.43438,35.730718,6/20/11,6.02,ft
-76.43438,35.730718,6/21/11,6.06,ft
-76.43438,35.730718,6/22/11,6.1,ft
-76.43438,35.730718,6/23/11,6.13,ft
-76.43438,35.730718,6/24/11,6.18,ft
-76.43438,35.730718,6/25/11,6.21,ft
-76.43438,35.730718,6/26/11,6.28,ft
-76.43438,35.730718,6/27/11,6.35,ft
-76.43438,35.730718,6/28/11,6.36,ft
-76.43438,35.730718,6/29/11,6.4,ft
-76.43438,35.730718,6/30/11,6.43,ft
-76.43438,35.730718,7/1/11,6.48,ft
-76.43438,35.730718,7/2/11,6.53,ft
-76.43438,35.730718,7/3/11,6.56,ft
-76.43438,35.730718,7/4/11,6.61,ft
-76.43438,35.730718,7/5/11,6.66,ft
-76.43438,35.730718,7/6/11,6.23,ft
-76.43438,35.730718,7/7/11,5.98,ft
-76.43438,35.730718,7/8/11,5.93,ft
-76.43438,35.730718,7/9/11,5.86,ft
-76.43438,35.730718,7/10/11,5.88,ft
-76.43438,35.730718,7/11/11,5.9,ft
-76.43438,35.730718,7/12/11,5.91,ft
-76.43438,35.730718,7/13/11,5.95,ft
-76.43438,35.730718,7/14/11,5.98,ft
-76.43438,35.730718,7/15/11,6.05,ft
-76.43438,35.730718,7/16/11,6.08,ft
-76.43438,35.730718,7/17/11,6.11,ft
-76.43438,35.730718,7/18/11,6.13,ft
-76.43438,35.730718,7/19/11,6.16,ft
-76.43438,35.730718,7/20/11,6.2,ft
-76.43438,35.730718,7/21/11,6.23,ft
-76.43438,35.730718,7/22/11,6.26,ft
-76.43438,35.730718,7/23/11,6.31,ft
-76.43438,35.730718,7/24/11,6.36,ft
-76.43438,35.730718,7/25/11,6.41,ft
-76.43438,35.730718,7/26/11,6.43,ft
-76.43438,35.730718,7/27/11,6.46,ft
-76.43438,35.730718,7/28/11,6.5,ft
-76.43438,35.730718,7/29/11,6.55,ft
-76.43438,35.730718,7/30/11,6.6,ft
-76.43438,35.730718,7/31/11,6.65,ft
-76.43438,35.730718,8/1/11,6.46,ft
-76.43438,35.730718,8/2/11,6.45,ft
-76.43438,35.730718,8/3/11,6.5,ft
-76.43438,35.730718,8/22/11,5.17,ft
-76.43438,35.730718,8/23/11,5.25,ft
-76.43438,35.730718,8/24/11,5.3,ft
-76.43438,35.730718,8/25/11,5.33,ft
-76.43438,35.730718,8/26/11,5.36,ft
-76.43438,35.730718,8/27/11,4.67,ft
-76.43438,35.730718,8/28/11,2.55,ft
-76.43438,35.730718,8/29/11,2.4,ft
-76.43438,35.730718,8/30/11,2.42,ft
-76.43438,35.730718,8/31/11,2.46,ft
-76.43438,35.730718,9/1/11,2.51,ft
-76.43438,35.730718,9/2/11,2.54,ft
-76.43438,35.730718,9/3/11,2.58,ft
-76.43438,35.730718,9/4/11,2.63,ft
-76.43438,35.730718,9/5/11,2.64,ft
-76.43438,35.730718,9/6/11,2.64,ft
-76.43438,35.730718,9/7/11,2.68,ft
-76.43438,35.730718,9/8/11,2.69,ft
-76.43438,35.730718,9/9/11,2.71,ft
-76.43438,35.730718,9/10/11,2.74,ft
-76.43438,35.730718,9/11/11,2.78,ft
-76.43438,35.730718,9/12/11,2.81,ft
-76.43438,35.730718,9/13/11,2.83,ft
-76.43438,35.730718,9/14/11,2.86,ft
-76.43438,35.730718,9/15/11,2.88,ft
-76.43438,35.730718,9/16/11,2.92,ft
-76.43438,35.730718,9/17/11,2.87,ft
-76.43438,35.730718,9/18/11,2.8,ft
-76.43438,35.730718,9/19/11,2.8,ft
-76.43438,35.730718,9/20/11,2.84,ft
-76.43438,35.730718,9/21/11,2.85,ft
-76.43438,35.730718,9/22/11,2.87,ft
-76.43438,35.730718,9/23/11,2.84,ft
-76.43438,35.730718,9/24/11,2.69,ft
-76.43438,35.730718,9/25/11,2.47,ft
-76.43438,35.730718,9/26/11,2.4,ft
-76.43438,35.730718,9/27/11,2.4,ft
-76.43438,35.730718,9/28/11,2.42,ft
-76.43438,35.730718,9/29/11,2.44,ft
-76.43438,35.730718,9/30/11,2.45,ft
-76.43438,35.730718,10/1/11,2.47,ft
-76.43438,35.730718,10/2/11,2.5,ft
-76.43438,35.730718,10/3/11,2.55,ft
-76.43438,35.730718,10/4/11,2.6,ft
-76.43438,35.730718,10/5/11,2.65,ft
-76.43438,35.730718,10/6/11,2.68,ft
-76.43438,35.730718,10/7/11,2.73,ft
-76.43438,35.730718,10/8/11,2.78,ft
-76.43438,35.730718,10/9/11,2.8,ft
-76.43438,35.730718,10/10/11,2.81,ft
-76.43438,35.730718,10/11/11,2.81,ft
-76.43438,35.730718,10/12/11,2.81,ft
-76.43438,35.730718,10/13/11,2.83,ft
-76.43438,35.730718,10/14/11,2.83,ft
-76.43438,35.730718,10/15/11,2.86,ft
-76.43438,35.730718,10/16/11,2.88,ft
-76.43438,35.730718,10/17/11,2.88,ft
-76.43438,35.730718,10/18/11,2.88,ft
-76.43438,35.730718,10/19/11,2.89,ft
-76.43438,35.730718,10/20/11,2.91,ft
-76.43438,35.730718,10/21/11,2.94,ft
-76.43438,35.730718,10/22/11,2.97,ft
-76.43438,35.730718,10/23/11,2.99,ft
-76.43438,35.730718,10/24/11,2.99,ft
-76.43438,35.730718,10/25/11,3.01,ft
-76.43438,35.730718,10/26/11,3.02,ft
-76.43438,35.730718,10/27/11,3.02,ft
-76.43438,35.730718,10/27/11,3.01,ft
-76.43438,35.730718,10/28/11,3.02,ft
-76.43438,35.730718,10/29/11,3.04,ft
-76.43438,35.730718,10/30/11,3.07,ft
-76.43438,35.730718,10/31/11,3.11,ft
-76.43438,35.730718,11/1/11,3.11,ft
-76.43438,35.730718,11/2/11,3.11,ft
-76.43438,35.730718,11/3/11,3.13,ft
-76.43438,35.730718,11/4/11,3.11,ft
-76.43438,35.730718,11/5/11,3.11,ft
-76.43438,35.730718,11/6/11,3.1,ft
-76.43438,35.730718,11/7/11,3.11,ft
-76.43438,35.730718,11/8/11,3.11,ft
-76.43438,35.730718,11/9/11,3.11,ft
-76.43438,35.730718,11/10/11,3.11,ft
-76.43438,35.730718,11/11/11,3.15,ft
-76.43438,35.730718,11/12/11,3.18,ft
-76.43438,35.730718,11/13/11,3.19,ft
-76.43438,35.730718,11/14/11,3.2,ft
-76.43438,35.730718,11/15/11,3.22,ft
-76.43438,35.730718,11/16/11,3.24,ft
-76.43438,35.730718,11/17/11,3.25,ft
-76.43438,35.730718,11/18/11,3.3,ft
-76.43438,35.730718,11/19/11,3.32,ft
-76.43438,35.730718,11/20/11,3.32,ft
-76.43438,35.730718,11/21/11,3.32,ft
-76.43438,35.730718,11/22/11,3.34,ft
-76.43438,35.730718,11/23/11,3.32,ft
-76.43438,35.730718,11/24/11,3.33,ft
-76.43438,35.730718,11/25/11,3.36,ft
-76.43438,35.730718,11/26/11,3.36,ft
-76.43438,35.730718,11/27/11,3.36,ft
-76.43438,35.730718,11/28/11,3.36,ft
-76.43438,35.730718,11/29/11,3.34,ft
-76.43438,35.730718,11/30/11,3.36,ft
-76.43438,35.730718,12/1/11,3.38,ft
-76.43438,35.730718,12/2/11,3.41,ft
-76.43438,35.730718,12/3/11,3.41,ft
-76.43438,35.730718,12/4/11,3.41,ft
-76.43438,35.730718,12/5/11,3.4,ft
-76.43438,35.730718,12/6/11,3.4,ft
-76.43438,35.730718,12/7/11,3.4,ft
-76.43438,35.730718,12/8/11,3.42,ft
-76.43438,35.730718,12/9/11,3.45,ft
-76.43438,35.730718,12/10/11,3.45,ft
-76.43438,35.730718,12/11/11,3.48,ft
-76.43438,35.730718,12/12/11,3.48,ft
-76.43438,35.730718,12/13/11,3.5,ft
-76.43438,35.730718,12/14/11,3.52,ft
-76.43438,35.730718,12/15/11,3.52,ft
-76.43438,35.730718,12/16/11,3.51,ft
-76.43438,35.730718,12/17/11,3.54,ft
-76.43438,35.730718,12/18/11,3.56,ft
-76.43438,35.730718,12/19/11,3.57,ft
-76.43438,35.730718,12/22/11,3.56,ft
-76.43438,35.730718,12/23/11,3.52,ft
-76.43438,35.730718,12/24/11,3.59,ft
-76.43438,35.730718,12/25/11,3.62,ft
-76.43438,35.730718,12/26/11,3.57,ft
-76.43438,35.730718,12/27/11,3.59,ft
-76.43438,35.730718,12/28/11,3.56,ft
-76.43438,35.730718,12/29/11,3.66,ft
-76.43438,35.730718,12/30/11,3.66,ft
-76.43438,35.730718,12/31/11,3.6,ft
-76.43438,35.730718,1/1/12,3.65,ft
-76.43438,35.730718,1/2/12,3.61,ft
-76.43438,35.730718,1/3/12,3.65,ft
-76.43438,35.730718,1/4/12,3.66,ft
-76.43438,35.730718,1/5/12,3.65,ft
-76.43438,35.730718,1/6/12,3.66,ft
-76.43438,35.730718,1/7/12,3.68,ft
-76.43438,35.730718,1/8/12,3.7,ft
-76.43438,35.730718,1/9/12,3.73,ft
-76.43438,35.730718,1/10/12,3.71,ft
-76.43438,35.730718,1/11/12,3.72,ft
-76.43438,35.730718,1/12/12,3.64,ft
-76.43438,35.730718,1/13/12,3.62,ft
-76.43438,35.730718,1/14/12,3.64,ft
-76.43438,35.730718,1/15/12,3.64,ft
-76.43438,35.730718,1/16/12,3.65,ft
-76.43438,35.730718,1/17/12,3.65,ft
-76.43438,35.730718,1/18/12,3.6,ft
-76.43438,35.730718,1/19/12,3.62,ft
-76.43438,35.730718,1/20/12,3.62,ft
-76.43438,35.730718,1/21/12,3.62,ft
-76.43438,35.730718,1/22/12,3.58,ft
-76.43438,35.730718,1/23/12,3.48,ft
-76.43438,35.730718,1/24/12,3.41,ft
-76.43438,35.730718,1/25/12,3.41,ft
-76.43438,35.730718,1/26/12,3.39,ft
-76.43438,35.730718,1/27/12,3.36,ft
-76.43438,35.730718,1/28/12,3.34,ft
-76.43438,35.730718,1/29/12,3.33,ft
-76.43438,35.730718,1/30/12,3.31,ft
-76.43438,35.730718,1/31/12,3.33,ft
-76.43438,35.730718,2/1/12,3.33,ft
-76.43438,35.730718,2/2/12,3.32,ft
-76.43438,35.730718,2/3/12,3.33,ft
-76.43438,35.730718,2/4/12,3.35,ft
-76.43438,35.730718,2/5/12,3.33,ft
-76.43438,35.730718,2/6/12,3.23,ft
-76.43438,35.730718,2/7/12,3.18,ft
-76.43438,35.730718,2/7/12,3.18,ft
-76.43438,35.730718,2/8/12,3.2,ft
-76.43438,35.730718,2/9/12,3.2,ft
-76.43438,35.730718,2/10/12,3.23,ft
-76.43438,35.730718,2/11/12,3.19,ft
-76.43438,35.730718,2/12/12,3.19,ft
-76.43438,35.730718,2/13/12,3.21,ft
-76.43438,35.730718,2/14/12,3.24,ft
-76.43438,35.730718,2/15/12,3.24,ft
-76.43438,35.730718,2/16/12,3.25,ft
-76.43438,35.730718,2/17/12,3.19,ft
-76.43438,35.730718,2/18/12,3.08,ft
-76.43438,35.730718,2/19/12,3.05,ft
-76.43438,35.730718,2/20/12,3,ft
-76.43438,35.730718,2/21/12,2.98,ft
-76.43438,35.730718,2/22/12,2.96,ft
-76.43438,35.730718,2/23/12,2.94,ft
-76.43438,35.730718,2/24/12,2.96,ft
-76.43438,35.730718,2/25/12,2.99,ft
-76.43438,35.730718,2/26/12,3.02,ft
-76.43438,35.730718,2/27/12,3.05,ft
-76.43438,35.730718,2/28/12,3.05,ft
-76.43438,35.730718,2/29/12,3.07,ft
-76.43438,35.730718,3/1/12,3.05,ft
-76.43438,35.730718,3/2/12,3.11,ft
-76.43438,35.730718,3/3/12,3.09,ft
-76.43438,35.730718,3/4/12,3.08,ft
-76.43438,35.730718,3/5/12,2.93,ft
-76.43438,35.730718,3/6/12,2.92,ft
-76.43438,35.730718,3/7/12,2.94,ft
-76.43438,35.730718,3/8/12,2.94,ft
-76.43438,35.730718,3/9/12,2.92,ft
-76.43438,35.730718,3/10/12,2.98,ft
-76.43438,35.730718,3/11/12,3,ft
-76.43438,35.730718,3/12/12,3.01,ft
-76.43438,35.730718,3/13/12,3.01,ft
-76.43438,35.730718,3/14/12,3.04,ft
-76.43438,35.730718,3/15/12,3.07,ft
-76.43438,35.730718,3/16/12,3.07,ft
-76.43438,35.730718,3/16/12,3.07,ft
-76.43438,35.730718,3/17/12,2.982,ft
-76.43438,35.730718,3/18/12,2.997,ft
-76.43438,35.730718,3/19/12,2.987,ft
-76.43438,35.730718,3/20/12,3.002,ft
-76.43438,35.730718,3/21/12,3.025,ft
-76.43438,35.730718,3/22/12,3.043,ft
-76.43438,35.730718,3/23/12,3.071,ft
-76.43438,35.730718,3/24/12,3.097,ft
-76.43438,35.730718,3/25/12,3.088,ft
-76.43438,35.730718,3/26/12,3.115,ft
-76.43438,35.730718,3/27/12,3.042,ft
-76.43438,35.730718,3/28/12,3.015,ft
-76.43438,35.730718,3/29/12,3.048,ft
-76.43438,35.730718,3/30/12,3.056,ft
-76.43438,35.730718,3/31/12,3.091,ft
-76.43438,35.730718,4/1/12,3.064,ft
-76.43438,35.730718,4/2/12,3.041,ft
-76.43438,35.730718,4/3/12,2.997,ft
-76.43438,35.730718,4/4/12,3.053,ft
-76.43438,35.730718,4/5/12,3.047,ft
-76.43438,35.730718,4/6/12,3.075,ft
-76.43438,35.730718,4/7/12,3.076,ft
-76.43438,35.730718,4/8/12,3.084,ft
-76.43438,35.730718,4/9/12,3.132,ft
-76.43438,35.730718,4/10/12,3.119,ft
-76.43438,35.730718,4/11/12,3.163,ft
-76.43438,35.730718,4/12/12,3.178,ft
-76.43438,35.730718,4/13/12,3.19,ft
-76.43438,35.730718,4/14/12,3.203,ft
-76.43438,35.730718,4/15/12,3.258,ft
-76.43438,35.730718,4/16/12,3.322,ft
-76.43438,35.730718,4/17/12,3.369,ft
-76.43438,35.730718,4/18/12,3.408,ft
-76.43438,35.730718,4/19/12,3.434,ft
-76.43438,35.730718,4/20/12,3.387,ft
-76.43438,35.730718,4/21/12,3.397,ft
-76.43438,35.730718,4/22/12,3.399,ft
-76.43438,35.730718,4/23/12,3.239,ft
-76.43438,35.730718,4/24/12,3.188,ft
-76.43438,35.730718,4/25/12,3.219,ft
-76.43438,35.730718,4/26/12,3.278,ft
-76.43438,35.730718,4/27/12,3.253,ft
-76.43438,35.730718,4/28/12,3.258,ft
-76.43438,35.730718,4/29/12,3.264,ft
-76.43438,35.730718,4/30/12,3.289,ft
-76.43438,35.730718,5/1/12,3.336,ft
-76.43438,35.730718,5/2/12,3.339,ft
-76.43438,35.730718,5/3/12,3.374,ft
-76.43438,35.730718,5/4/12,3.418,ft
-76.43438,35.730718,5/5/12,3.432,ft
-76.43438,35.730718,5/6/12,3.48,ft
-76.43438,35.730718,5/7/12,3.471,ft
-76.43438,35.730718,5/8/12,3.478,ft
-76.43438,35.730718,5/9/12,3.507,ft
-76.43438,35.730718,5/10/12,3.48,ft
-76.43438,35.730718,5/11/12,3.494,ft
-76.43438,35.730718,5/12/12,3.529,ft
-76.43438,35.730718,5/13/12,3.565,ft
-76.43438,35.730718,5/14/12,3.625,ft
-76.43438,35.730718,5/15/12,3.656,ft
-76.43438,35.730718,5/16/12,3.697,ft
-76.43438,35.730718,5/17/12,3.724,ft
-76.43438,35.730718,5/18/12,3.72,ft
-76.43438,35.730718,5/19/12,3.744,ft
-76.43438,35.730718,5/20/12,3.766,ft
-76.43438,35.730718,5/21/12,3.799,ft
-76.43438,35.730718,5/22/12,3.777,ft
-76.43438,35.730718,5/22/12,3.82,ft
-76.43438,35.730718,6/22/12,3.35,ft
-76.43438,35.730718,6/23/12,3.348,ft
-76.43438,35.730718,6/24/12,3.398,ft
-76.43438,35.730718,6/25/12,3.433,ft
-76.43438,35.730718,6/26/12,3.415,ft
-76.43438,35.730718,6/27/12,3.429,ft
-76.43438,35.730718,6/28/12,3.425,ft
-76.43438,35.730718,6/29/12,3.429,ft
-76.43438,35.730718,6/30/12,3.431,ft
-76.43438,35.730718,7/1/12,3.427,ft
-76.43438,35.730718,7/2/12,3.431,ft
-76.43438,35.730718,7/3/12,3.418,ft
-76.43438,35.730718,7/4/12,3.426,ft
-76.43438,35.730718,7/5/12,3.429,ft
-76.43438,35.730718,7/6/12,3.432,ft
-76.43438,35.730718,7/7/12,3.436,ft
-76.43438,35.730718,7/8/12,3.424,ft
-76.43438,35.730718,7/9/12,3.447,ft
-76.43438,35.730718,7/10/12,3.44,ft
-76.43438,35.730718,7/11/12,3.433,ft
-76.43438,35.730718,7/12/12,3.417,ft
-76.43438,35.730718,7/13/12,3.435,ft
-76.43438,35.730718,7/14/12,3.419,ft
-76.43438,35.730718,7/15/12,3.431,ft
-76.43438,35.730718,7/16/12,3.435,ft
-76.43438,35.730718,7/17/12,3.442,ft
-76.43438,35.730718,7/18/12,3.436,ft
-76.43438,35.730718,7/19/12,3.435,ft
-76.43438,35.730718,7/20/12,3.455,ft
-76.43438,35.730718,7/21/12,3.462,ft
-76.43438,35.730718,7/22/12,3.462,ft
-76.43438,35.730718,7/23/12,3.465,ft
-76.43438,35.730718,7/24/12,3.478,ft
-76.43438,35.730718,7/25/12,3.462,ft
-76.43438,35.730718,7/26/12,3.459,ft
-76.43438,35.730718,7/27/12,3.476,ft
-76.43438,35.730718,7/28/12,3.468,ft
-76.43438,35.730718,7/29/12,3.472,ft
-76.43438,35.730718,7/30/12,3.471,ft
-76.43438,35.730718,7/31/12,3.482,ft
-76.43438,35.730718,8/1/12,3.492,ft
-76.43438,35.730718,8/2/12,3.475,ft
-76.43438,35.730718,8/3/12,3.471,ft
-76.43438,35.730718,8/4/12,3.465,ft
-76.43438,35.730718,8/5/12,3.469,ft
-76.43438,35.730718,8/6/12,3.466,ft
-76.43438,35.730718,8/7/12,3.315,ft
-76.43438,35.730718,8/8/12,3.096,ft
-76.43438,35.730718,8/9/12,3.045,ft
-76.43438,35.730718,8/10/12,3.048,ft
-76.43438,35.730718,8/11/12,3.091,ft
-76.43438,35.730718,8/12/12,3.059,ft
-76.43438,35.730718,8/13/12,3.043,ft
-76.43438,35.730718,8/14/12,3.022,ft
-76.43438,35.730718,8/15/12,3.028,ft
-76.43438,35.730718,8/16/12,3.015,ft
-76.43438,35.730718,8/17/12,3.006,ft
-76.43438,35.730718,8/18/12,3.016,ft
-76.43438,35.730718,8/19/12,3.021,ft
-76.43438,35.730718,8/20/12,3.022,ft
-76.43438,35.730718,8/21/12,3.002,ft
-76.43438,35.730718,8/22/12,3.015,ft
-76.43438,35.730718,8/23/12,3.024,ft
-76.43438,35.730718,8/23/12,3.04,ft
-76.43438,35.730718,8/24/12,3.024,ft
-76.43438,35.730718,8/25/12,3.043,ft
-76.43438,35.730718,8/26/12,3.05,ft
-76.43438,35.730718,8/27/12,3.069,ft
-76.43438,35.730718,8/28/12,3.079,ft
-76.43438,35.730718,8/29/12,3.11,ft
-76.43438,35.730718,8/30/12,3.145,ft
-76.43438,35.730718,8/31/12,3.169,ft
-76.43438,35.730718,9/1/12,3.197,ft
-76.43438,35.730718,9/2/12,3.23,ft
-76.43438,35.730718,9/3/12,3.248,ft
-76.43438,35.730718,9/4/12,3.25,ft
-76.43438,35.730718,9/5/12,3.242,ft
-76.43438,35.730718,9/6/12,3.24,ft
-76.43438,35.730718,9/7/12,3.234,ft
-76.43438,35.730718,9/8/12,3.22,ft
-76.43438,35.730718,9/9/12,3.201,ft
-76.43438,35.730718,9/10/12,3.159,ft
-76.43438,35.730718,9/11/12,3.146,ft
-76.43438,35.730718,9/12/12,3.162,ft
-76.43438,35.730718,9/13/12,3.188,ft
-76.43438,35.730718,9/14/12,3.201,ft
-76.43438,35.730718,9/15/12,3.204,ft
-76.43438,35.730718,9/16/12,3.226,ft
-76.43438,35.730718,9/17/12,3.256,ft
-76.43438,35.730718,9/18/12,3.274,ft
-76.43438,35.730718,9/19/12,3.28,ft
-76.43438,35.730718,9/20/12,3.278,ft
-76.43438,35.730718,9/21/12,3.281,ft
-76.43438,35.730718,9/22/12,3.29,ft
-76.43438,35.730718,9/23/12,3.288,ft
-76.43438,35.730718,9/24/12,3.303,ft
-76.43438,35.730718,9/25/12,3.338,ft
-76.43438,35.730718,9/26/12,3.349,ft
-76.43438,35.730718,9/27/12,3.373,ft
-76.43438,35.730718,9/28/12,3.398,ft
-76.43438,35.730718,9/29/12,3.414,ft
-76.43438,35.730718,9/30/12,3.428,ft
-76.43438,35.730718,10/1/12,3.424,ft
-76.43438,35.730718,10/2/12,3.428,ft
-76.43438,35.730718,10/3/12,3.423,ft
-76.43438,35.730718,10/4/12,3.425,ft
-76.43438,35.730718,10/5/12,3.435,ft
-76.43438,35.730718,10/6/12,3.434,ft
-76.43438,35.730718,10/7/12,3.425,ft
-76.43438,35.730718,10/8/12,3.43,ft
-76.43438,35.730718,10/9/12,3.438,ft
-76.43438,35.730718,10/10/12,3.44,ft
-76.43438,35.730718,10/11/12,3.452,ft
-76.43438,35.730718,10/12/12,3.461,ft
-76.43438,35.730718,10/13/12,3.459,ft
-76.43438,35.730718,10/14/12,3.456,ft
-76.43438,35.730718,10/15/12,3.453,ft
-76.43438,35.730718,10/16/12,3.469,ft
-76.43438,35.730718,10/17/12,3.487,ft
-76.43438,35.730718,10/18/12,3.494,ft
-76.43438,35.730718,10/19/12,3.47,ft
-76.43438,35.730718,10/20/12,3.487,ft
-76.43438,35.730718,10/21/12,3.47,ft
-76.43438,35.730718,10/22/12,3.487,ft
-76.43438,35.730718,10/23/12,3.494,ft
-76.43438,35.730718,10/24/12,3.484,ft
-76.43438,35.730718,10/25/12,3.473,ft
-76.43438,35.730718,10/26/12,3.487,ft
-76.43438,35.730718,10/27/12,3.477,ft
-76.43438,35.730718,10/28/12,3.491,ft
-76.43438,35.730718,10/29/12,3.345,ft
-76.43438,35.730718,10/30/12,3.187,ft
-76.43438,35.730718,10/31/12,3.183,ft
-76.43438,35.730718,11/1/12,3.21,ft
-76.43438,35.730718,11/2/12,3.234,ft
-76.43438,35.730718,11/3/12,3.287,ft
-76.43438,35.730718,11/4/12,3.302,ft
-76.43438,35.730718,11/5/12,3.319,ft
-76.43438,35.730718,11/6/12,3.347,ft
-76.43438,35.730718,11/7/12,3.377,ft
-76.43438,35.730718,11/8/12,3.443,ft
-76.43438,35.730718,11/9/12,3.526,ft
-76.43438,35.730718,11/10/12,3.576,ft
-76.43438,35.730718,11/11/12,3.607,ft
-76.43438,35.730718,11/12/12,3.62,ft
-76.43438,35.730718,11/13/12,3.61,ft
-76.43438,35.730718,11/14/12,3.661,ft
-76.43438,35.730718,11/14/12,3.66,ft
-76.43438,35.730718,11/15/12,3.656,ft
-76.43438,35.730718,11/16/12,3.659,ft
-76.43438,35.730718,11/17/12,3.665,ft
-76.43438,35.730718,11/18/12,3.68,ft
-76.43438,35.730718,11/19/12,3.672,ft
-76.43438,35.730718,11/20/12,3.687,ft
-76.43438,35.730718,11/21/12,3.698,ft
-76.43438,35.730718,11/22/12,3.723,ft
-76.43438,35.730718,11/23/12,3.734,ft
-76.43438,35.730718,11/24/12,3.756,ft
-76.43438,35.730718,11/25/12,3.778,ft
-76.43438,35.730718,11/26/12,3.802,ft
-76.43438,35.730718,11/27/12,3.818,ft
-76.43438,35.730718,11/28/12,3.834,ft
-76.43438,35.730718,11/29/12,3.866,ft
-76.43438,35.730718,11/30/12,3.854,ft
-76.43438,35.730718,12/1/12,3.862,ft
-76.43438,35.730718,12/2/12,3.856,ft
-76.43438,35.730718,12/3/12,3.858,ft
-76.43438,35.730718,12/4/12,3.852,ft
-76.43438,35.730718,12/5/12,3.852,ft
-76.43438,35.730718,12/6/12,3.852,ft
-76.43438,35.730718,12/7/12,3.857,ft
-76.43438,35.730718,12/8/12,3.852,ft
-76.43438,35.730718,12/9/12,3.857,ft
-76.43438,35.730718,12/10/12,3.846,ft
-76.43438,35.730718,12/11/12,3.836,ft
-76.43438,35.730718,12/12/12,3.84,ft
-76.43438,35.730718,12/13/12,3.854,ft
-76.43438,35.730718,12/14/12,3.781,ft
-76.43438,35.730718,12/15/12,3.731,ft
-76.43438,35.730718,12/16/12,3.694,ft
-76.43438,35.730718,12/17/12,3.656,ft
-76.43438,35.730718,12/18/12,3.557,ft
-76.43438,35.730718,12/19/12,3.55,ft
-76.43438,35.730718,12/20/12,3.559,ft
-76.43438,35.730718,12/21/12,3.5,ft
-76.43438,35.730718,12/22/12,3.521,ft
-76.43438,35.730718,12/23/12,3.553,ft
-76.43438,35.730718,12/24/12,3.55,ft
-76.43438,35.730718,12/25/12,3.558,ft
-76.43438,35.730718,12/26/12,3.582,ft
-76.43438,35.730718,12/27/12,3.457,ft
-76.43438,35.730718,12/28/12,3.44,ft
-76.43438,35.730718,12/29/12,3.419,ft
-76.43438,35.730718,12/30/12,3.316,ft
-76.43438,35.730718,12/31/12,3.336,ft
-76.43438,35.730718,1/1/13,3.319,ft
-76.43438,35.730718,1/2/13,3.321,ft
-76.43438,35.730718,1/3/13,3.332,ft
-76.43438,35.730718,1/4/13,3.351,ft
-76.43438,35.730718,1/5/13,3.36,ft
-76.43438,35.730718,1/6/13,3.377,ft
-76.43438,35.730718,1/7/13,3.386,ft
-76.43438,35.730718,1/8/13,3.425,ft
-76.43438,35.730718,1/9/13,3.436,ft
-76.43438,35.730718,1/10/13,3.446,ft
-76.43438,35.730718,1/11/13,3.479,ft
-76.43438,35.730718,1/12/13,3.473,ft
-76.43438,35.730718,1/13/13,3.485,ft
-76.43438,35.730718,1/14/13,3.49,ft
-76.43438,35.730718,1/15/13,3.498,ft
-76.43438,35.730718,1/16/13,3.518,ft
-76.43438,35.730718,1/17/13,3.516,ft
-76.43438,35.730718,1/18/13,3.525,ft
-76.43438,35.730718,1/19/13,3.544,ft
-76.43438,35.730718,1/20/13,3.49,ft
-76.43438,35.730718,1/21/13,3.479,ft
-76.43438,35.730718,1/22/13,3.475,ft
-76.43438,35.730718,1/23/13,3.528,ft
-76.43438,35.730718,1/24/13,3.531,ft
-76.43438,35.730718,1/25/13,3.572,ft
-76.43438,35.730718,1/26/13,3.533,ft
-76.43438,35.730718,1/27/13,3.562,ft
-76.43438,35.730718,1/28/13,3.539,ft
-76.43438,35.730718,1/29/13,3.494,ft
-76.43438,35.730718,1/30/13,3.486,ft
-76.43438,35.730718,1/31/13,3.462,ft
-76.43438,35.730718,2/1/13,3.481,ft
-76.43438,35.730718,2/1/13,3.45,ft
-76.43438,35.730718,2/2/13,3.463,ft
-76.43438,35.730718,2/3/13,3.445,ft
-76.43438,35.730718,2/4/13,3.455,ft
-76.43438,35.730718,2/5/13,3.462,ft
-76.43438,35.730718,2/6/13,3.477,ft
-76.43438,35.730718,2/7/13,3.483,ft
-76.43438,35.730718,2/8/13,3.441,ft
-76.43438,35.730718,2/9/13,3.292,ft
-76.43438,35.730718,2/10/13,3.275,ft
-76.43438,35.730718,2/11/13,3.271,ft
-76.43438,35.730718,2/12/13,3.254,ft
-76.43438,35.730718,2/13/13,3.288,ft
-76.43438,35.730718,2/14/13,3.219,ft
-76.43438,35.730718,2/15/13,3.22,ft
-76.43438,35.730718,2/16/13,3.226,ft
-76.43438,35.730718,2/17/13,3.233,ft
-76.43438,35.730718,2/18/13,3.261,ft
-76.43438,35.730718,2/19/13,3.275,ft
-76.43438,35.730718,2/20/13,3.272,ft
-76.43438,35.730718,2/21/13,3.293,ft
-76.43438,35.730718,2/22/13,3.318,ft
-76.43438,35.730718,2/23/13,3.326,ft
-76.43438,35.730718,2/24/13,3.209,ft
-76.43438,35.730718,2/25/13,3.131,ft
-76.43438,35.730718,2/26/13,3.094,ft
-76.43438,35.730718,2/27/13,2.969,ft
-76.43438,35.730718,2/28/13,2.93,ft
-76.43438,35.730718,3/1/13,2.936,ft
-76.43438,35.730718,3/2/13,2.954,ft
-76.43438,35.730718,3/3/13,2.977,ft
-76.43438,35.730718,3/4/13,3.016,ft
-76.43438,35.730718,3/5/13,3.044,ft
-76.43438,35.730718,3/6/13,2.992,ft
-76.43438,35.730718,3/7/13,3.006,ft
-76.43438,35.730718,3/8/13,3.053,ft
-76.43438,35.730718,3/9/13,3.09,ft
-76.43438,35.730718,3/10/13,3.14,ft
-76.43438,35.730718,3/11/13,3.156,ft
-76.43438,35.730718,3/12/13,3.15,ft
-76.43438,35.730718,3/13/13,3.101,ft
-76.43438,35.730718,3/14/13,3.107,ft
-76.43438,35.730718,3/15/13,3.141,ft
-76.43438,35.730718,3/16/13,3.133,ft
-76.43438,35.730718,3/17/13,3.161,ft
-76.43438,35.730718,3/18/13,3.197,ft
-76.43438,35.730718,3/19/13,3.195,ft
-76.43438,35.730718,3/20/13,3.219,ft
-76.43438,35.730718,3/21/13,3.244,ft
-76.43438,35.730718,3/22/13,3.264,ft
-76.43438,35.730718,3/23/13,3.28,ft
-76.43438,35.730718,3/24/13,3.285,ft
-76.43438,35.730718,3/25/13,3.262,ft
-76.43438,35.730718,3/26/13,3.31,ft
-76.43438,35.730718,3/27/13,3.328,ft
-76.43438,35.730718,3/28/13,3.342,ft
-76.43438,35.730718,3/29/13,3.386,ft
-76.43438,35.730718,3/30/13,3.368,ft
-76.43438,35.730718,3/31/13,3.317,ft
-76.43438,35.730718,4/1/13,3.266,ft
-76.43438,35.730718,4/2/13,3.238,ft
-76.43438,35.730718,4/3/13,3.235,ft
-76.43438,35.730718,4/4/13,3.252,ft
-76.43438,35.730718,4/5/13,3.172,ft
-76.43438,35.730718,4/6/13,3.134,ft
-76.43438,35.730718,4/7/13,3.152,ft
-76.43438,35.730718,4/8/13,3.133,ft
-76.43438,35.730718,4/9/13,3.144,ft
-76.43438,35.730718,4/10/13,3.136,ft
-76.43438,35.730718,4/11/13,3.146,ft
-76.43438,35.730718,4/12/13,3.149,ft
-76.43438,35.730718,4/13/13,3.144,ft
-76.43438,35.730718,4/14/13,3.18,ft
-76.43438,35.730718,4/15/13,3.184,ft
-76.43438,35.730718,4/16/13,3.195,ft
-76.43438,35.730718,4/17/13,3.199,ft
-76.43438,35.730718,4/18/13,3.203,ft
-76.43438,35.730718,4/19/13,3.207,ft
-76.43438,35.730718,4/20/13,3.169,ft
-76.43438,35.730718,4/21/13,3.028,ft
-76.43438,35.730718,4/22/13,3.008,ft
-76.43438,35.730718,4/23/13,2.937,ft
-76.43438,35.730718,4/24/13,2.94,ft
-76.43438,35.730718,4/25/13,2.941,ft
-76.43438,35.730718,4/26/13,3.008,ft
-76.43438,35.730718,4/27/13,3.031,ft
-76.43438,35.730718,4/28/13,3.058,ft
-76.43438,35.730718,4/29/13,3.055,ft
-76.43438,35.730718,4/30/13,3.067,ft
-76.43438,35.730718,4/30/13,3.07,ft
-76.43438,35.730718,5/1/13,3.06,ft
-76.43438,35.730718,5/2/13,3.093,ft
-76.43438,35.730718,5/3/13,3.109,ft
-76.43438,35.730718,5/4/13,3.136,ft
-76.43438,35.730718,5/5/13,3.142,ft
-76.43438,35.730718,5/6/13,3.165,ft
-76.43438,35.730718,5/7/13,3.097,ft
-76.43438,35.730718,5/8/13,3.099,ft
-76.43438,35.730718,5/9/13,3.105,ft
-76.43438,35.730718,5/10/13,3.099,ft
-76.43438,35.730718,5/11/13,3.118,ft
-76.43438,35.730718,5/12/13,3.119,ft
-76.43438,35.730718,5/13/13,3.179,ft
-76.43438,35.730718,5/14/13,3.221,ft
-76.43438,35.730718,5/15/13,3.228,ft
-76.43438,35.730718,5/16/13,3.231,ft
-76.43438,35.730718,5/17/13,3.239,ft
-76.43438,35.730718,5/18/13,3.269,ft
-76.43438,35.730718,5/19/13,3.255,ft
-76.43438,35.730718,5/20/13,3.242,ft
-76.43438,35.730718,5/21/13,3.241,ft
-76.43438,35.730718,5/22/13,3.245,ft
-76.43438,35.730718,5/23/13,3.245,ft
-76.43438,35.730718,5/24/13,3.238,ft
-76.43438,35.730718,5/25/13,3.257,ft
-76.43438,35.730718,5/26/13,3.28,ft
-76.43438,35.730718,5/27/13,3.299,ft
-76.43438,35.730718,5/28/13,3.307,ft
-76.43438,35.730718,5/29/13,3.311,ft
-76.43438,35.730718,5/30/13,3.325,ft
-76.43438,35.730718,5/31/13,3.36,ft
-76.43438,35.730718,6/1/13,3.375,ft
-76.43438,35.730718,6/2/13,3.411,ft
-76.43438,35.730718,6/3/13,3.441,ft
-76.43438,35.730718,6/4/13,3.451,ft
-76.43438,35.730718,6/5/13,3.47,ft
-76.43438,35.730718,6/6/13,3.474,ft
-76.43438,35.730718,6/7/13,3.478,ft
-76.43438,35.730718,6/8/13,3.431,ft
-76.43438,35.730718,6/9/13,3.4,ft
-76.43438,35.730718,6/10/13,3.382,ft
-76.43438,35.730718,6/11/13,3.401,ft
-76.43438,35.730718,6/12/13,3.434,ft
-76.43438,35.730718,6/13/13,3.461,ft
-76.43438,35.730718,6/14/13,3.486,ft
-76.43438,35.730718,6/15/13,3.561,ft
-76.43438,35.730718,6/16/13,3.6,ft
-76.43438,35.730718,6/17/13,3.634,ft
-76.43438,35.730718,6/18/13,3.269,ft
-76.43438,35.730718,6/19/13,3.056,ft
-76.43438,35.730718,6/20/13,2.993,ft
-76.43438,35.730718,6/21/13,3.013,ft
-76.43438,35.730718,6/22/13,3.042,ft
-76.43438,35.730718,6/23/13,3.056,ft
-76.43438,35.730718,6/24/13,3.076,ft
-76.43438,35.730718,6/25/13,3.097,ft
-76.43438,35.730718,6/26/13,3.123,ft
-76.43438,35.730718,6/27/13,3.138,ft
-76.43438,35.730718,6/28/13,3.091,ft
-76.43438,35.730718,6/29/13,3.073,ft
-76.43438,35.730718,6/30/13,3.032,ft
-76.43438,35.730718,7/1/13,3.006,ft
-76.43438,35.730718,7/2/13,2.861,ft
-76.43438,35.730718,7/3/13,2.79,ft
-76.43438,35.730718,7/4/13,2.718,ft
-76.43438,35.730718,7/5/13,2.738,ft
-76.43438,35.730718,7/6/13,2.782,ft
-76.43438,35.730718,7/7/13,2.822,ft
-76.43438,35.730718,7/8/13,2.86,ft
-76.43438,35.730718,7/9/13,2.897,ft
-76.43438,35.730718,7/10/13,2.912,ft
-76.43438,35.730718,7/11/13,2.935,ft
-76.43438,35.730718,7/12/13,2.958,ft
-76.43438,35.730718,7/13/13,2.794,ft
-76.43438,35.730718,7/14/13,2.621,ft
-76.43438,35.730718,7/15/13,2.679,ft
-76.43438,35.730718,7/16/13,2.731,ft
-76.43438,35.730718,7/17/13,2.779,ft
-76.43438,35.730718,7/18/13,2.827,ft
-76.43438,35.730718,7/19/13,2.883,ft
-76.43438,35.730718,7/20/13,2.945,ft
-76.43438,35.730718,7/21/13,2.981,ft
-76.43438,35.730718,7/22/13,3.032,ft
-76.43438,35.730718,7/23/13,3.06,ft
-76.43438,35.730718,7/24/13,3.072,ft
-76.43438,35.730718,7/25/13,3.099,ft
-76.43438,35.730718,7/26/13,3.112,ft
-76.43438,35.730718,7/27/13,3.131,ft
-76.43438,35.730718,7/28/13,3.141,ft
-76.43438,35.730718,7/29/13,3.158,ft
-76.43438,35.730718,7/30/13,3.171,ft
-76.43438,35.730718,7/31/13,3.168,ft
-76.43438,35.730718,8/1/13,3.168,ft
-76.43438,35.730718,8/2/13,3.152,ft
-76.43438,35.730718,8/3/13,3.135,ft
-76.43438,35.730718,8/4/13,3.098,ft
-76.43438,35.730718,8/5/13,3.062,ft
-76.43438,35.730718,8/6/13,3.063,ft
-76.43438,35.730718,8/7/13,3.076,ft
-76.43438,35.730718,8/8/13,3.076,ft
-76.43438,35.730718,8/9/13,3.084,ft
-76.43438,35.730718,8/10/13,3.094,ft
-76.43438,35.730718,8/11/13,3.044,ft
-76.43438,35.730718,8/12/13,2.649,ft
-76.43438,35.730718,8/13/13,2.521,ft
-76.43438,35.730718,8/13/13,2.53,ft
-76.43438,35.730718,8/14/13,2.549,ft
-76.43438,35.730718,8/15/13,2.61,ft
-76.43438,35.730718,8/16/13,2.624,ft
-76.43438,35.730718,8/17/13,2.646,ft
-76.43438,35.730718,8/18/13,2.569,ft
-76.43438,35.730718,8/19/13,2.528,ft
-76.43438,35.730718,8/20/13,2.489,ft
-76.43438,35.730718,8/21/13,2.489,ft
-76.43438,35.730718,8/22/13,2.504,ft
-76.43438,35.730718,8/23/13,2.537,ft
-76.43438,35.730718,8/24/13,2.571,ft
-76.43438,35.730718,8/25/13,2.601,ft
-76.43438,35.730718,8/26/13,2.635,ft
-76.43438,35.730718,8/27/13,2.666,ft
-76.43438,35.730718,8/28/13,2.679,ft
-76.43438,35.730718,8/29/13,2.695,ft
-76.43438,35.730718,8/30/13,2.719,ft
-76.43438,35.730718,8/31/13,2.735,ft
-76.43438,35.730718,9/1/13,2.758,ft
-76.43438,35.730718,9/2/13,2.764,ft
-76.43438,35.730718,9/3/13,2.777,ft
-76.43438,35.730718,9/4/13,2.699,ft
-76.43438,35.730718,9/5/13,2.691,ft
-76.43438,35.730718,9/6/13,2.727,ft
-76.43438,35.730718,9/7/13,2.77,ft
-76.43438,35.730718,9/8/13,2.802,ft
-76.43438,35.730718,9/9/13,2.837,ft
-76.43438,35.730718,9/10/13,2.883,ft
-76.43438,35.730718,9/11/13,2.879,ft
-76.43438,35.730718,9/12/13,2.882,ft
-76.43438,35.730718,9/13/13,2.9,ft
-76.43438,35.730718,9/14/13,2.916,ft
-76.43438,35.730718,9/15/13,2.947,ft
-76.43438,35.730718,9/16/13,2.982,ft
-76.43438,35.730718,9/17/13,2.992,ft
-76.43438,35.730718,9/18/13,3.008,ft
-76.43438,35.730718,9/19/13,3.03,ft
-76.43438,35.730718,9/20/13,3.05,ft
-76.43438,35.730718,9/21/13,3.093,ft
-76.43438,35.730718,9/22/13,3.089,ft
-76.43438,35.730718,9/23/13,3.062,ft
-76.43438,35.730718,9/24/13,3.091,ft
-76.43438,35.730718,9/25/13,3.102,ft
-76.43438,35.730718,9/26/13,3.118,ft
-76.43438,35.730718,9/27/13,3.129,ft
-76.43438,35.730718,9/28/13,3.15,ft
-76.43438,35.730718,9/29/13,3.186,ft
-76.43438,35.730718,9/30/13,3.201,ft
-76.43438,35.730718,10/1/13,3.239,ft
-76.43438,35.730718,10/2/13,3.258,ft
-76.43438,35.730718,10/3/13,3.282,ft
-76.43438,35.730718,10/4/13,3.318,ft
-76.43438,35.730718,10/5/13,3.335,ft
-76.43438,35.730718,10/6/13,3.364,ft
-76.43438,35.730718,10/7/13,3.389,ft
-76.43438,35.730718,10/8/13,3.41,ft
-76.43438,35.730718,10/9/13,3.366,ft
-76.43438,35.730718,10/10/13,3.018,ft
-76.43438,35.730718,10/11/13,2.897,ft
-76.43438,35.730718,10/12/13,2.886,ft
-76.43438,35.730718,10/13/13,2.908,ft
-76.43438,35.730718,10/14/13,2.918,ft
-76.43438,35.730718,10/15/13,2.928,ft
-76.43438,35.730718,10/16/13,2.935,ft
-76.43438,35.730718,10/17/13,2.934,ft
-76.43438,35.730718,10/18/13,2.941,ft
-76.43438,35.730718,10/19/13,2.969,ft
-76.43438,35.730718,10/20/13,2.969,ft
-76.43438,35.730718,10/21/13,2.973,ft
-76.43438,35.730718,10/22/13,2.964,ft
-76.43438,35.730718,10/23/13,2.969,ft
-76.43438,35.730718,10/24/13,2.974,ft
-76.43438,35.730718,10/25/13,2.998,ft
-76.43438,35.730718,10/26/13,3.03,ft
-76.43438,35.730718,10/27/13,3.044,ft
-76.43438,35.730718,10/28/13,3.055,ft
-76.43438,35.730718,10/29/13,3.061,ft
-76.43438,35.730718,10/30/13,3.073,ft
-76.43438,35.730718,10/31/13,3.091,ft
-76.43438,35.730718,11/1/13,3.082,ft
-76.43438,35.730718,11/2/13,3.084,ft
-76.43438,35.730718,11/3/13,3.088,ft
-76.43438,35.730718,11/4/13,3.105,ft
-76.43438,35.730718,11/5/13,3.116,ft
-76.43438,35.730718,11/6/13,3.125,ft
-76.43438,35.730718,11/7/13,3.124,ft
-76.43438,35.730718,11/8/13,3.125,ft
-76.43438,35.730718,11/9/13,3.151,ft
-76.43438,35.730718,11/10/13,3.144,ft
-76.43438,35.730718,11/11/13,3.151,ft
-76.43438,35.730718,11/12/13,3.163,ft
-76.43438,35.730718,11/13/13,3.182,ft
-76.43438,35.730718,11/14/13,3.215,ft
-76.43438,35.730718,11/15/13,3.221,ft
-76.43438,35.730718,11/16/13,3.204,ft
-76.43438,35.730718,11/17/13,3.201,ft
-76.43438,35.730718,11/18/13,3.198,ft
-76.43438,35.730718,11/19/13,3.207,ft
-76.43438,35.730718,11/20/13,3.191,ft
-76.43438,35.730718,11/21/13,3.199,ft
-76.43438,35.730718,11/22/13,3.193,ft
-76.43438,35.730718,11/23/13,3.195,ft
-76.43438,35.730718,11/24/13,3.213,ft
-76.43438,35.730718,11/25/13,3.238,ft
-76.43438,35.730718,11/25/13,3.24,ft
-76.43438,35.730718,11/26/13,3.236,ft
-76.43438,35.730718,11/27/13,3.233,ft
-76.43438,35.730718,11/28/13,3.091,ft
-76.43438,35.730718,11/29/13,3.032,ft
-76.43438,35.730718,11/30/13,3.024,ft
-76.43438,35.730718,12/1/13,3.018,ft
-76.43438,35.730718,12/2/13,3.015,ft
-76.43438,35.730718,12/3/13,3.034,ft
-76.43438,35.730718,12/4/13,3.06,ft
-76.43438,35.730718,12/5/13,3.078,ft
-76.43438,35.730718,12/6/13,3.078,ft
-76.43438,35.730718,12/7/13,3.093,ft
-76.43438,35.730718,12/8/13,3.109,ft
-76.43438,35.730718,12/9/13,3.056,ft
-76.43438,35.730718,12/10/13,3.004,ft
-76.43438,35.730718,12/11/13,3.007,ft
-76.43438,35.730718,12/12/13,3.003,ft
-76.43438,35.730718,12/13/13,3.007,ft
-76.43438,35.730718,12/14/13,3.007,ft
-76.43438,35.730718,12/15/13,2.844,ft
-76.43438,35.730718,12/16/13,2.754,ft
-76.43438,35.730718,12/17/13,2.763,ft
-76.43438,35.730718,12/18/13,2.782,ft
-76.43438,35.730718,12/19/13,2.826,ft
-76.43438,35.730718,12/20/13,2.839,ft
-76.43438,35.730718,12/21/13,2.87,ft
-76.43438,35.730718,12/22/13,2.882,ft
-76.43438,35.730718,12/23/13,2.886,ft
-76.43438,35.730718,12/24/13,2.855,ft
-76.43438,35.730718,12/25/13,2.771,ft
-76.43438,35.730718,12/26/13,2.743,ft
-76.43438,35.730718,12/27/13,2.748,ft
-76.43438,35.730718,12/28/13,2.76,ft
-76.43438,35.730718,12/29/13,2.764,ft
-76.43438,35.730718,12/30/13,2.783,ft
-76.43438,35.730718,12/31/13,2.796,ft
-76.43438,35.730718,1/1/14,2.832,ft
-76.43438,35.730718,1/2/14,2.842,ft
-76.43438,35.730718,1/3/14,2.778,ft
-76.43438,35.730718,1/4/14,2.789,ft
-76.43438,35.730718,1/5/14,2.768,ft
-76.43438,35.730718,1/6/14,2.762,ft
-76.43438,35.730718,1/7/14,2.827,ft
-76.43438,35.730718,1/8/14,2.858,ft
-76.43438,35.730718,1/9/14,2.867,ft
-76.43438,35.730718,1/10/14,2.871,ft
-76.43438,35.730718,1/11/14,2.842,ft
-76.43438,35.730718,1/12/14,2.686,ft
-76.43438,35.730718,1/13/14,2.702,ft
-76.43438,35.730718,1/14/14,2.702,ft
-76.43438,35.730718,1/15/14,2.656,ft
-76.43438,35.730718,1/16/14,2.635,ft
-76.43438,35.730718,1/17/14,2.683,ft
-76.43438,35.730718,1/18/14,2.689,ft
-76.43438,35.730718,1/19/14,2.732,ft
-76.43438,35.730718,1/20/14,2.75,ft
-76.43438,35.730718,1/21/14,2.764,ft
-76.43438,35.730718,1/22/14,2.797,ft
-76.43438,35.730718,1/23/14,2.845,ft
-76.43438,35.730718,1/24/14,2.888,ft
-76.43438,35.730718,1/25/14,2.86,ft
-76.43438,35.730718,1/26/14,2.887,ft
-76.43438,35.730718,1/27/14,2.907,ft
-76.43438,35.730718,1/28/14,2.96,ft
-76.43438,35.730718,1/29/14,2.912,ft
-76.43438,35.730718,1/30/14,2.954,ft
-76.43438,35.730718,1/31/14,2.947,ft
-76.43438,35.730718,2/1/14,2.953,ft
-76.43438,35.730718,2/2/14,2.9,ft
-76.43438,35.730718,2/3/14,2.815,ft
-76.43438,35.730718,2/4/14,2.797,ft
-76.43438,35.730718,2/5/14,2.725,ft
-76.43438,35.730718,2/6/14,2.718,ft
-76.43438,35.730718,2/7/14,2.732,ft
-76.43438,35.730718,2/8/14,2.744,ft
-76.43438,35.730718,2/9/14,2.767,ft
-76.43438,35.730718,2/10/14,2.782,ft
-76.43438,35.730718,2/11/14,2.811,ft
-76.43438,35.730718,2/12/14,2.838,ft
-76.43438,35.730718,2/13/14,2.71,ft
-76.43438,35.730718,2/14/14,2.628,ft
-76.43438,35.730718,2/15/14,2.638,ft
-76.43438,35.730718,2/16/14,2.688,ft
-76.43438,35.730718,2/17/14,2.706,ft
-76.43438,35.730718,2/18/14,2.711,ft
-76.43438,35.730718,2/19/14,2.735,ft
-76.43438,35.730718,2/20/14,2.74,ft
-76.43438,35.730718,2/21/14,2.746,ft
-76.43438,35.730718,2/22/14,2.745,ft
-76.43438,35.730718,2/23/14,2.755,ft
-76.43438,35.730718,2/24/14,2.765,ft
-76.43438,35.730718,2/25/14,2.798,ft
-76.43438,35.730718,2/26/14,2.811,ft
-76.43438,35.730718,2/26/14,2.81,ft
-76.43438,35.730718,2/27/14,2.819,ft
-76.43438,35.730718,2/28/14,2.872,ft
-76.43438,35.730718,3/1/14,2.891,ft
-76.43438,35.730718,3/2/14,2.916,ft
-76.43438,35.730718,3/3/14,2.923,ft
-76.43438,35.730718,3/4/14,2.944,ft
-76.43438,35.730718,3/5/14,2.962,ft
-76.43438,35.730718,3/6/14,2.964,ft
-76.43438,35.730718,3/7/14,2.879,ft
-76.43438,35.730718,3/8/14,2.608,ft
-76.43438,35.730718,3/9/14,2.601,ft
-76.43438,35.730718,3/10/14,2.65,ft
-76.43438,35.730718,3/11/14,2.663,ft
-76.43438,35.730718,3/12/14,2.707,ft
-76.43438,35.730718,3/13/14,2.741,ft
-76.43438,35.730718,3/14/14,2.801,ft
-76.43438,35.730718,3/15/14,2.793,ft
-76.43438,35.730718,3/16/14,2.824,ft
-76.43438,35.730718,3/17/14,2.773,ft
-76.43438,35.730718,3/18/14,2.742,ft
-76.43438,35.730718,3/19/14,2.737,ft
-76.43438,35.730718,3/20/14,2.732,ft
-76.43438,35.730718,3/21/14,2.782,ft
-76.43438,35.730718,3/22/14,2.809,ft
-76.43438,35.730718,3/23/14,2.832,ft
-76.43438,35.730718,3/24/14,2.874,ft
-76.43438,35.730718,3/25/14,2.897,ft
-76.43438,35.730718,3/26/14,2.868,ft
-76.43438,35.730718,3/27/14,2.896,ft
-76.43438,35.730718,3/28/14,2.894,ft
-76.43438,35.730718,3/29/14,2.911,ft
-76.43438,35.730718,3/30/14,2.894,ft
-76.43438,35.730718,3/31/14,2.954,ft
-76.43438,35.730718,4/1/14,2.972,ft
-76.43438,35.730718,4/2/14,2.995,ft
-76.43438,35.730718,4/3/14,3.032,ft
-76.43438,35.730718,4/4/14,3.045,ft
-76.43438,35.730718,4/5/14,3.078,ft
-76.43438,35.730718,4/6/14,3.128,ft
-76.43438,35.730718,4/7/14,3.125,ft
-76.43438,35.730718,4/8/14,3.095,ft
-76.43438,35.730718,4/9/14,3.089,ft
-76.43438,35.730718,4/10/14,3.144,ft
-76.43438,35.730718,4/11/14,3.162,ft
-76.43438,35.730718,4/12/14,3.19,ft
-76.43438,35.730718,4/13/14,3.22,ft
-76.43438,35.730718,4/14/14,3.239,ft
-76.43438,35.730718,4/15/14,3.251,ft
-76.43438,35.730718,4/16/14,3.173,ft
-76.43438,35.730718,4/17/14,3.055,ft
-76.43438,35.730718,4/18/14,3.058,ft
-76.43438,35.730718,4/19/14,3.064,ft
-76.43438,35.730718,4/20/14,3.005,ft
-76.43438,35.730718,4/21/14,2.937,ft
-76.43438,35.730718,4/22/14,2.944,ft
-76.43438,35.730718,4/23/14,2.98,ft
-76.43438,35.730718,4/24/14,3.052,ft
-76.43438,35.730718,4/25/14,3.084,ft
-76.43438,35.730718,4/26/14,3,ft
-76.43438,35.730718,4/27/14,2.953,ft
-76.43438,35.730718,4/28/14,2.989,ft
-76.43438,35.730718,4/29/14,2.997,ft
-76.43438,35.730718,4/30/14,3.02,ft
-76.43438,35.730718,5/1/14,2.962,ft
-76.43438,35.730718,5/2/14,2.896,ft
-76.43438,35.730718,5/3/14,2.942,ft
-76.43438,35.730718,5/4/14,2.98,ft
-76.43438,35.730718,5/5/14,3.025,ft
-76.43438,35.730718,5/6/14,3.066,ft
-76.43438,35.730718,5/6/14,3.06,ft
-76.43438,35.730718,5/7/14,3.119,ft
-76.43438,35.730718,5/8/14,3.158,ft
-76.43438,35.730718,5/9/14,3.19,ft
-76.43438,35.730718,5/10/14,3.235,ft
-76.43438,35.730718,5/11/14,3.265,ft
-76.43438,35.730718,5/12/14,3.304,ft
-76.43438,35.730718,5/13/14,3.333,ft
-76.43438,35.730718,5/14/14,3.371,ft
-76.43438,35.730718,5/15/14,3.404,ft
-76.43438,35.730718,5/16/14,3.429,ft
-76.43438,35.730718,5/17/14,3.323,ft
-76.43438,35.730718,5/18/14,3.303,ft
-76.43438,35.730718,5/19/14,3.32,ft
-76.43438,35.730718,5/20/14,3.338,ft
-76.43438,35.730718,5/21/14,3.357,ft
-76.43438,35.730718,5/22/14,3.374,ft
-76.43438,35.730718,5/23/14,3.421,ft
-76.43438,35.730718,5/24/14,3.469,ft
-76.43438,35.730718,5/25/14,3.507,ft
-76.43438,35.730718,5/26/14,3.548,ft
-76.43438,35.730718,5/27/14,3.573,ft
-76.43438,35.730718,5/28/14,3.58,ft
-76.43438,35.730718,5/29/14,3.632,ft
-76.43438,35.730718,5/30/14,3.667,ft
-76.43438,35.730718,5/31/14,3.684,ft
-76.43438,35.730718,6/1/14,3.72,ft
-76.43438,35.730718,6/2/14,3.753,ft
-76.43438,35.730718,6/3/14,3.783,ft
-76.43438,35.730718,6/4/14,3.793,ft
-76.43438,35.730718,6/5/14,3.819,ft
-76.43438,35.730718,6/6/14,3.815,ft
-76.43438,35.730718,6/7/14,3.794,ft
-76.43438,35.730718,6/8/14,3.799,ft
-76.43438,35.730718,6/9/14,3.834,ft
-76.43438,35.730718,6/10/14,3.847,ft
-76.43438,35.730718,6/11/14,3.868,ft
-76.43438,35.730718,6/12/14,3.871,ft
-76.43438,35.730718,6/13/14,3.844,ft
-76.43438,35.730718,6/14/14,3.811,ft
-76.43438,35.730718,6/15/14,3.787,ft
-76.43438,35.730718,6/16/14,3.779,ft
-76.43438,35.730718,6/17/14,3.791,ft
-76.43438,35.730718,6/18/14,3.815,ft
-76.43438,35.730718,6/19/14,3.828,ft
-76.43438,35.730718,6/20/14,3.834,ft
-76.43438,35.730718,6/21/14,3.783,ft
-76.43438,35.730718,6/22/14,3.756,ft
-76.43438,35.730718,6/23/14,3.748,ft
-76.43438,35.730718,6/24/14,3.754,ft
-76.43438,35.730718,6/25/14,3.769,ft
-76.43438,35.730718,6/26/14,3.767,ft
-76.43438,35.730718,6/27/14,3.781,ft
-76.43438,35.730718,6/28/14,3.78,ft
-76.43438,35.730718,6/29/14,3.792,ft
-76.43438,35.730718,6/30/14,3.813,ft
-76.43438,35.730718,7/1/14,3.839,ft
-76.43438,35.730718,7/2/14,3.866,ft
-76.43438,35.730718,7/3/14,3.895,ft
-76.43438,35.730718,7/4/14,3.807,ft
-76.43438,35.730718,7/5/14,3.644,ft
-76.43438,35.730718,7/6/14,3.613,ft
-76.43438,35.730718,7/7/14,3.637,ft
-76.43438,35.730718,7/8/14,3.68,ft
-76.43438,35.730718,7/9/14,3.719,ft
-76.43438,35.730718,7/10/14,3.76,ft
-76.43438,35.730718,7/11/14,3.756,ft
-76.43438,35.730718,7/12/14,3.752,ft
-76.43438,35.730718,7/13/14,3.773,ft
-76.43438,35.730718,7/14/14,3.798,ft
-76.43438,35.730718,7/15/14,3.829,ft
-76.43438,35.730718,7/16/14,3.861,ft
-76.43438,35.730718,7/17/14,3.881,ft
-76.43438,35.730718,7/18/14,3.917,ft
-76.43438,35.730718,7/19/14,3.94,ft
-76.43438,35.730718,7/20/14,3.942,ft
-76.43438,35.730718,7/21/14,3.967,ft
-76.43438,35.730718,7/22/14,3.989,ft
-76.43438,35.730718,7/23/14,4.004,ft
-76.43438,35.730718,7/24/14,4.02,ft
-76.43438,35.730718,7/25/14,3.933,ft
-76.43438,35.730718,7/26/14,3.863,ft
-76.43438,35.730718,7/27/14,3.865,ft
-76.43438,35.730718,7/28/14,3.855,ft
-76.43438,35.730718,7/29/14,3.892,ft
-76.43438,35.730718,7/30/14,3.943,ft
-76.43438,35.730718,7/31/14,3.973,ft
-76.43438,35.730718,7/31/14,3.98,ft
-76.43438,35.730718,8/1/14,4.017,ft
-76.43438,35.730718,8/2/14,3.943,ft
-76.43438,35.730718,8/3/14,3.899,ft
-76.43438,35.730718,8/4/14,3.826,ft
-76.43438,35.730718,8/5/14,3.78,ft
-76.43438,35.730718,8/6/14,3.755,ft
-76.43438,35.730718,8/7/14,3.744,ft
-76.43438,35.730718,8/8/14,3.759,ft
-76.43438,35.730718,8/9/14,3.749,ft
-76.43438,35.730718,8/10/14,3.766,ft
-76.43438,35.730718,8/11/14,3.766,ft
-76.43438,35.730718,8/12/14,3.766,ft
-76.43438,35.730718,8/13/14,3.782,ft
-76.43438,35.730718,8/14/14,3.811,ft
-76.43438,35.730718,8/15/14,3.851,ft
-76.43438,35.730718,8/16/14,3.886,ft
-76.43438,35.730718,8/17/14,3.909,ft
-76.43438,35.730718,8/18/14,3.93,ft
-76.43438,35.730718,8/19/14,3.946,ft
-76.43438,35.730718,8/20/14,3.954,ft
-76.43438,35.730718,8/21/14,3.966,ft
-76.43438,35.730718,8/22/14,3.977,ft
-76.43438,35.730718,8/23/14,3.98,ft
-76.43438,35.730718,8/24/14,3.995,ft
-76.43438,35.730718,8/25/14,4.027,ft
-76.43438,35.730718,8/26/14,4.037,ft
-76.43438,35.730718,8/27/14,4.049,ft
-76.43438,35.730718,8/28/14,4.059,ft
-76.43438,35.730718,8/29/14,4.092,ft
-76.43438,35.730718,8/30/14,4.099,ft
-76.43438,35.730718,8/31/14,4.114,ft
-76.43438,35.730718,9/1/14,4.114,ft
-76.43438,35.730718,9/2/14,4.114,ft
-76.43438,35.730718,9/3/14,4.112,ft
-76.43438,35.730718,9/4/14,4.132,ft
-76.43438,35.730718,9/5/14,4.13,ft
-76.43438,35.730718,9/6/14,4.133,ft
-76.43438,35.730718,9/7/14,4.138,ft
-76.43438,35.730718,9/8/14,4.143,ft
-76.43438,35.730718,9/9/14,4.147,ft
-76.43438,35.730718,9/10/14,3.969,ft
-76.43438,35.730718,9/11/14,3.89,ft
-76.43438,35.730718,9/12/14,3.884,ft
-76.43438,35.730718,9/13/14,3.879,ft
-76.43438,35.730718,9/14/14,3.871,ft
-76.43438,35.730718,9/15/14,3.825,ft
-76.43438,35.730718,9/16/14,3.784,ft
-76.43438,35.730718,9/17/14,3.794,ft
-76.43438,35.730718,9/18/14,3.8,ft
-76.43438,35.730718,9/19/14,3.811,ft
-76.43438,35.730718,9/20/14,3.822,ft
-76.43438,35.730718,9/21/14,3.834,ft
-76.43438,35.730718,9/22/14,3.833,ft
-76.43438,35.730718,9/23/14,3.856,ft
-76.43438,35.730718,9/24/14,3.872,ft
-76.43438,35.730718,9/25/14,3.627,ft
-76.43438,35.730718,9/26/14,3.49,ft
-76.43438,35.730718,9/27/14,3.472,ft
-76.43438,35.730718,9/28/14,3.483,ft
-76.43438,35.730718,9/29/14,3.491,ft
-76.43438,35.730718,9/30/14,3.518,ft
-76.43438,35.730718,10/1/14,3.534,ft
-76.43438,35.730718,10/2/14,3.563,ft
-76.43438,35.730718,10/3/14,3.58,ft
-76.43438,35.730718,10/4/14,3.583,ft
-76.43438,35.730718,10/5/14,3.618,ft
-76.43438,35.730718,10/6/14,3.656,ft
-76.43438,35.730718,10/7/14,3.686,ft
-76.43438,35.730718,10/8/14,3.705,ft
-76.43438,35.730718,10/9/14,3.736,ft
-76.43438,35.730718,10/10/14,3.782,ft
-76.43438,35.730718,10/11/14,3.809,ft
-76.43438,35.730718,10/12/14,3.836,ft
-76.43438,35.730718,10/13/14,3.86,ft
-76.43438,35.730718,10/14/14,3.906,ft
-76.43438,35.730718,10/15/14,3.921,ft
-76.43438,35.730718,10/16/14,3.944,ft
-76.43438,35.730718,10/17/14,3.951,ft
-76.43438,35.730718,10/18/14,3.958,ft
-76.43438,35.730718,10/19/14,4.003,ft
-76.43438,35.730718,10/20/14,4.043,ft
-76.43438,35.730718,10/21/14,4.063,ft
-76.43438,35.730718,10/22/14,4.076,ft
-76.43438,35.730718,10/23/14,4.072,ft
-76.43438,35.730718,10/24/14,4.079,ft
-76.43438,35.730718,10/25/14,4.086,ft
-76.43438,35.730718,10/26/14,4.101,ft
-76.43438,35.730718,10/27/14,4.105,ft
-76.43438,35.730718,10/28/14,4.121,ft
-76.43438,35.730718,10/29/14,4.128,ft
-76.43438,35.730718,10/30/14,4.141,ft
-76.43438,35.730718,10/31/14,4.165,ft
-76.43438,35.730718,11/1/14,4.171,ft
-76.43438,35.730718,11/2/14,4.177,ft
-76.43438,35.730718,11/3/14,4.198,ft
-76.43438,35.730718,11/4/14,4.246,ft
-76.43438,35.730718,11/5/14,4.26,ft
-76.43438,35.730718,11/6/14,4.266,ft
-76.43438,35.730718,11/7/14,4.273,ft
-76.43438,35.730718,11/8/14,4.286,ft
-76.43438,35.730718,11/9/14,4.297,ft
-76.43438,35.730718,11/10/14,4.313,ft
-76.43438,35.730718,11/11/14,4.337,ft
-76.43438,35.730718,11/12/14,4.347,ft
-76.43438,35.730718,11/13/14,4.361,ft
-76.43438,35.730718,11/13/14,4.35,ft
-76.43438,35.730718,11/14/14,4.363,ft
-76.43438,35.730718,11/15/14,4.376,ft
-76.43438,35.730718,11/16/14,4.406,ft
-76.43438,35.730718,11/17/14,4.406,ft
-76.43438,35.730718,11/18/14,4.407,ft
-76.43438,35.730718,11/19/14,4.407,ft
-76.43438,35.730718,11/20/14,4.412,ft
-76.43438,35.730718,11/21/14,4.414,ft
-76.43438,35.730718,11/22/14,4.421,ft
-76.43438,35.730718,11/23/14,4.43,ft
-76.43438,35.730718,11/24/14,4.431,ft
-76.43438,35.730718,11/25/14,4.432,ft
-76.43438,35.730718,11/26/14,4.429,ft
-76.43438,35.730718,11/27/14,3.891,ft
-76.43438,35.730718,11/28/14,3.69,ft
-76.43438,35.730718,11/29/14,3.621,ft
-76.43438,35.730718,11/30/14,3.59,ft
-76.43438,35.730718,12/1/14,3.576,ft
-76.43438,35.730718,12/2/14,3.568,ft
-76.43438,35.730718,12/3/14,3.546,ft
-76.43438,35.730718,12/4/14,3.531,ft
-76.43438,35.730718,12/5/14,3.547,ft
-76.43438,35.730718,12/6/14,3.541,ft
-76.43438,35.730718,12/7/14,3.508,ft
-76.43438,35.730718,12/8/14,3.436,ft
-76.43438,35.730718,12/9/14,3.38,ft
-76.43438,35.730718,12/10/14,3.386,ft
-76.43438,35.730718,12/11/14,3.395,ft
-76.43438,35.730718,12/12/14,3.41,ft
-76.43438,35.730718,12/13/14,3.431,ft
-76.43438,35.730718,12/14/14,3.439,ft
-76.43438,35.730718,12/15/14,3.43,ft
-76.43438,35.730718,12/16/14,3.448,ft
-76.43438,35.730718,12/17/14,3.46,ft
-76.43438,35.730718,12/18/14,3.457,ft
-76.43438,35.730718,12/19/14,3.471,ft
-76.43438,35.730718,12/20/14,3.481,ft
-76.43438,35.730718,12/21/14,3.491,ft
-76.43438,35.730718,12/22/14,3.503,ft
-76.43438,35.730718,12/23/14,3.407,ft
-76.43438,35.730718,12/24/14,3.281,ft
-76.43438,35.730718,12/25/14,2.901,ft
-76.43438,35.730718,12/26/14,2.863,ft
-76.43438,35.730718,12/27/14,2.838,ft
-76.43438,35.730718,12/28/14,2.851,ft
-76.43438,35.730718,12/29/14,2.884,ft
-76.43438,35.730718,12/30/14,2.877,ft
-76.43438,35.730718,12/31/14,2.909,ft
-76.43438,35.730718,1/1/15,2.921,ft
-76.43438,35.730718,1/2/15,2.909,ft
-76.43438,35.730718,1/3/15,2.956,ft
-76.43438,35.730718,1/4/15,2.967,ft
-76.43438,35.730718,1/5/15,2.92,ft
-76.43438,35.730718,1/6/15,2.945,ft
-76.43438,35.730718,1/6/15,2.93,ft
-76.43438,35.730718,1/7/15,2.922,ft
-76.43438,35.730718,1/8/15,2.993,ft
-76.43438,35.730718,1/9/15,2.985,ft
-76.43438,35.730718,1/10/15,3.014,ft
-76.43438,35.730718,1/11/15,3.051,ft
-76.43438,35.730718,1/12/15,3.055,ft
-76.43438,35.730718,1/13/15,2.811,ft
-76.43438,35.730718,1/14/15,2.713,ft
-76.43438,35.730718,1/15/15,2.689,ft
-76.43438,35.730718,1/16/15,2.698,ft
-76.43438,35.730718,1/17/15,2.761,ft
-76.43438,35.730718,1/18/15,2.771,ft
-76.43438,35.730718,1/19/15,2.736,ft
-76.43438,35.730718,1/20/15,2.732,ft
-76.43438,35.730718,1/21/15,2.758,ft
-76.43438,35.730718,1/22/15,2.792,ft
-76.43438,35.730718,1/23/15,2.827,ft
-76.43438,35.730718,1/24/15,2.773,ft
-76.43438,35.730718,1/25/15,2.678,ft
-76.43438,35.730718,1/26/15,2.669,ft
-76.43438,35.730718,1/27/15,2.701,ft
-76.43438,35.730718,1/28/15,2.769,ft
-76.43438,35.730718,1/29/15,2.802,ft
-76.43438,35.730718,1/30/15,2.805,ft
-76.43438,35.730718,1/31/15,2.839,ft
-76.43438,35.730718,2/1/15,2.864,ft
-76.43438,35.730718,2/2/15,2.855,ft
-76.43438,35.730718,2/3/15,2.872,ft
-76.43438,35.730718,2/4/15,2.872,ft
-76.43438,35.730718,2/5/15,2.842,ft
-76.43438,35.730718,2/6/15,2.852,ft
-76.43438,35.730718,2/7/15,2.832,ft
-76.43438,35.730718,2/8/15,2.843,ft
-76.43438,35.730718,2/9/15,2.852,ft
-76.43438,35.730718,2/10/15,2.882,ft
-76.43438,35.730718,2/11/15,2.908,ft
-76.43438,35.730718,2/12/15,2.906,ft
-76.43438,35.730718,2/12/15,2.91,ft
-76.43438,35.730718,2/13/15,2.925,ft
-76.43438,35.730718,2/14/15,2.95,ft
-76.43438,35.730718,2/15/15,2.933,ft
-76.43438,35.730718,2/16/15,2.981,ft
-76.43438,35.730718,2/17/15,2.949,ft
-76.43438,35.730718,2/18/15,2.923,ft
-76.43438,35.730718,2/19/15,2.922,ft
-76.43438,35.730718,2/20/15,2.935,ft
-76.43438,35.730718,2/21/15,2.959,ft
-76.43438,35.730718,2/22/15,2.951,ft
-76.43438,35.730718,2/23/15,2.97,ft
-76.43438,35.730718,2/24/15,2.942,ft
-76.43438,35.730718,2/25/15,2.889,ft
-76.43438,35.730718,2/26/15,2.846,ft
-76.43438,35.730718,2/27/15,2.686,ft
-76.43438,35.730718,2/28/15,2.678,ft
-76.43438,35.730718,3/1/15,2.684,ft
-76.43438,35.730718,3/2/15,2.656,ft
-76.43438,35.730718,3/3/15,2.707,ft
-76.43438,35.730718,3/4/15,2.699,ft
-76.43438,35.730718,3/5/15,2.731,ft
-76.43438,35.730718,3/6/15,2.722,ft
-76.43438,35.730718,3/7/15,2.679,ft
-76.43438,35.730718,3/8/15,2.707,ft
-76.43438,35.730718,3/9/15,2.743,ft
-76.43438,35.730718,3/10/15,2.773,ft
-76.43438,35.730718,3/11/15,2.786,ft
-76.43438,35.730718,3/12/15,2.814,ft
-76.43438,35.730718,3/13/15,2.836,ft
-76.43438,35.730718,3/14/15,2.841,ft
-76.43438,35.730718,3/15/15,2.59,ft
-76.43438,35.730718,3/16/15,2.57,ft
-76.43438,35.730718,3/17/15,2.591,ft
-76.43438,35.730718,3/18/15,2.673,ft
-76.43438,35.730718,3/19/15,2.709,ft
-76.43438,35.730718,3/20/15,2.709,ft
-76.43438,35.730718,3/21/15,2.669,ft
-76.43438,35.730718,3/22/15,2.687,ft
-76.43438,35.730718,3/23/15,2.737,ft
-76.43438,35.730718,3/24/15,2.77,ft
-76.43438,35.730718,3/25/15,2.806,ft
-76.43438,35.730718,3/26/15,2.832,ft
-76.43438,35.730718,3/27/15,2.842,ft
-76.43438,35.730718,3/28/15,2.804,ft
-76.43438,35.730718,3/29/15,2.842,ft
-76.43438,35.730718,3/30/15,2.84,ft
-76.43438,35.730718,3/31/15,2.852,ft
-76.43438,35.730718,4/1/15,2.871,ft
-76.43438,35.730718,4/2/15,2.932,ft
-76.43438,35.730718,4/3/15,2.927,ft
-76.43438,35.730718,4/4/15,2.952,ft
-76.43438,35.730718,4/5/15,3.001,ft
-76.43438,35.730718,4/6/15,3.028,ft
-76.43438,35.730718,4/7/15,3.049,ft
-76.43438,35.730718,4/8/15,3.072,ft
-76.43438,35.730718,4/9/15,3.055,ft
-76.43438,35.730718,4/10/15,2.901,ft
-76.43438,35.730718,4/11/15,2.904,ft
-76.43438,35.730718,4/12/15,2.935,ft
-76.43438,35.730718,4/13/15,2.963,ft
-76.43438,35.730718,4/14/15,2.973,ft
-76.43438,35.730718,4/15/15,2.88,ft
-76.43438,35.730718,4/16/15,2.71,ft
-76.43438,35.730718,4/17/15,2.719,ft
-76.43438,35.730718,4/18/15,2.748,ft
-76.43438,35.730718,4/19/15,2.782,ft
-76.43438,35.730718,4/20/15,2.681,ft
-76.43438,35.730718,4/21/15,2.56,ft
-76.43438,35.730718,4/22/15,2.613,ft
-76.43438,35.730718,4/23/15,2.664,ft
-76.43438,35.730718,4/24/15,2.712,ft
-76.43438,35.730718,4/25/15,2.758,ft
-76.43438,35.730718,4/26/15,2.755,ft
-76.43438,35.730718,4/27/15,2.79,ft
-76.43438,35.730718,4/28/15,2.844,ft
-76.43438,35.730718,4/28/15,2.86,ft
-76.43438,35.730718,4/29/15,2.877,ft
-76.43438,35.730718,4/30/15,2.894,ft
-76.43438,35.730718,5/1/15,2.918,ft
-76.43438,35.730718,5/2/15,2.953,ft
-76.43438,35.730718,5/3/15,2.981,ft
-76.43438,35.730718,5/4/15,3.023,ft
-76.43438,35.730718,5/5/15,3.057,ft
-76.43438,35.730718,5/6/15,3.066,ft
-76.43438,35.730718,5/7/15,3.103,ft
-76.43438,35.730718,5/8/15,3.128,ft
-76.43438,35.730718,5/9/15,3.159,ft
-76.43438,35.730718,5/10/15,3.174,ft
-76.43438,35.730718,5/11/15,3.135,ft
-76.43438,35.730718,5/12/15,2.759,ft
-76.43438,35.730718,5/13/15,2.73,ft
-76.43438,35.730718,5/14/15,2.785,ft
-76.43438,35.730718,5/15/15,2.82,ft
-76.43438,35.730718,5/16/15,2.867,ft
-76.43438,35.730718,5/17/15,2.909,ft
-76.43438,35.730718,5/18/15,2.963,ft
-76.43438,35.730718,5/19/15,2.986,ft
-76.43438,35.730718,5/20/15,2.875,ft
-76.43438,35.730718,5/21/15,2.878,ft
-76.43438,35.730718,5/22/15,2.809,ft
-76.43438,35.730718,5/23/15,2.813,ft
-76.43438,35.730718,5/24/15,2.863,ft
-76.43438,35.730718,5/25/15,2.895,ft
-76.43438,35.730718,5/26/15,2.946,ft
-76.43438,35.730718,5/27/15,2.989,ft
-76.43438,35.730718,5/28/15,3.031,ft
-76.43438,35.730718,5/29/15,3.084,ft
-76.43438,35.730718,5/30/15,3.131,ft
-76.43438,35.730718,5/31/15,3.158,ft
-76.43438,35.730718,6/1/15,3.214,ft
-76.43438,35.730718,6/2/15,3.254,ft
-76.43438,35.730718,6/3/15,3.248,ft
-76.43438,35.730718,6/4/15,3.098,ft
-76.43438,35.730718,6/5/15,2.722,ft
-76.43438,35.730718,6/6/15,2.59,ft
-76.43438,35.730718,6/7/15,2.643,ft
-76.43438,35.730718,6/8/15,2.709,ft
-76.43438,35.730718,6/9/15,2.757,ft
-76.43438,35.730718,6/10/15,2.635,ft
-76.43438,35.730718,6/11/15,2.658,ft
-76.43438,35.730718,6/12/15,2.718,ft
-76.43438,35.730718,6/13/15,2.743,ft
-76.43438,35.730718,6/14/15,2.756,ft
-76.43438,35.730718,6/15/15,2.78,ft
-76.43438,35.730718,6/16/15,2.791,ft
-76.43438,35.730718,6/17/15,2.824,ft
-76.43438,35.730718,6/18/15,2.861,ft
-76.43438,35.730718,6/19/15,2.876,ft
-76.43438,35.730718,6/20/15,2.914,ft
-76.43438,35.730718,6/21/15,2.949,ft
-76.43438,35.730718,6/22/15,2.971,ft
-76.43438,35.730718,6/23/15,3.014,ft
-76.43438,35.730718,6/24/15,3.047,ft
-76.43438,35.730718,6/25/15,3.077,ft
-76.43438,35.730718,6/26/15,3.113,ft
-76.43438,35.730718,6/27/15,2.81,ft
-76.43438,35.730718,6/28/15,2.799,ft
-76.43438,35.730718,6/29/15,2.854,ft
-76.43438,35.730718,6/30/15,2.907,ft
-76.43438,35.730718,7/1/15,2.945,ft
-76.43438,35.730718,7/2/15,2.999,ft
-76.43438,35.730718,7/3/15,2.884,ft
-76.43438,35.730718,7/4/15,2.804,ft
-76.43438,35.730718,7/5/15,2.805,ft
-76.43438,35.730718,7/6/15,2.849,ft
-76.43438,35.730718,7/7/15,2.895,ft
-76.43438,35.730718,7/8/15,2.941,ft
-76.43438,35.730718,7/9/15,2.979,ft
-76.43438,35.730718,7/10/15,3.018,ft
-76.43438,35.730718,7/11/15,3.079,ft
-76.43438,35.730718,7/12/15,3.097,ft
-76.43438,35.730718,7/13/15,3.104,ft
-76.43438,35.730718,7/14/15,3.104,ft
-76.43438,35.730718,7/15/15,3.129,ft
-76.43438,35.730718,7/16/15,3.131,ft
-76.43438,35.730718,7/17/15,3.162,ft
-76.43438,35.730718,7/18/15,3.191,ft
-76.43438,35.730718,7/19/15,3.219,ft
-76.43438,35.730718,7/20/15,3.231,ft
-76.43438,35.730718,7/21/15,3.241,ft
-76.43438,35.730718,7/22/15,3.268,ft
-76.43438,35.730718,7/23/15,3.295,ft
-76.43438,35.730718,7/24/15,3.33,ft
-76.43438,35.730718,7/25/15,3.351,ft
-76.43438,35.730718,7/26/15,3.379,ft
-76.43438,35.730718,7/27/15,3.417,ft
-76.43438,35.730718,7/28/15,3.455,ft
-76.43438,35.730718,7/28/15,3.46,ft
-76.43438,35.730718,7/29/15,3.484,ft
-76.43438,35.730718,7/30/15,3.527,ft
-76.43438,35.730718,7/31/15,3.572,ft
-76.43438,35.730718,8/1/15,3.614,ft
-76.43438,35.730718,8/2/15,3.633,ft
-76.43438,35.730718,8/3/15,3.671,ft
-76.43438,35.730718,8/4/15,3.702,ft
-76.43438,35.730718,8/5/15,3.753,ft
-76.43438,35.730718,8/6/15,3.792,ft
-76.43438,35.730718,8/7/15,3.807,ft
-76.43438,35.730718,8/8/15,3.805,ft
-76.43438,35.730718,8/9/15,3.803,ft
-76.43438,35.730718,8/10/15,3.804,ft
-76.43438,35.730718,8/11/15,3.815,ft
-76.43438,35.730718,8/12/15,3.805,ft
-76.43438,35.730718,8/13/15,3.812,ft
-76.43438,35.730718,8/14/15,3.816,ft
-76.43438,35.730718,8/15/15,3.83,ft
-76.43438,35.730718,8/16/15,3.843,ft
-76.43438,35.730718,8/17/15,3.857,ft
-76.43438,35.730718,8/18/15,3.863,ft
-76.43438,35.730718,8/19/15,3.886,ft
-76.43438,35.730718,8/20/15,3.897,ft
-76.43438,35.730718,8/21/15,3.922,ft
-76.43438,35.730718,8/22/15,3.946,ft
-76.43438,35.730718,8/23/15,3.972,ft
-76.43438,35.730718,8/24/15,4.014,ft
-76.43438,35.730718,8/25/15,4.055,ft
-76.43438,35.730718,8/26/15,4.083,ft
-76.43438,35.730718,8/27/15,4.096,ft
-76.43438,35.730718,8/28/15,4.115,ft
-76.43438,35.730718,8/29/15,4.151,ft
-76.43438,35.730718,8/30/15,4.175,ft
-76.43438,35.730718,8/31/15,4.206,ft
-76.43438,35.730718,9/1/15,4.221,ft
-76.43438,35.730718,9/2/15,4.219,ft
-76.43438,35.730718,9/3/15,4.223,ft
-76.43438,35.730718,9/4/15,4.221,ft
-76.43438,35.730718,9/5/15,4.223,ft
-76.43438,35.730718,9/6/15,4.232,ft
-76.43438,35.730718,9/7/15,4.232,ft
-76.43438,35.730718,9/8/15,4.134,ft
-76.43438,35.730718,9/9/15,4.006,ft
-76.43438,35.730718,9/10/15,3.949,ft
-76.43438,35.730718,9/11/15,3.937,ft
-76.43438,35.730718,9/12/15,3.882,ft
-76.43438,35.730718,9/13/15,3.869,ft
-76.43438,35.730718,9/14/15,3.872,ft
-76.43438,35.730718,9/15/15,3.901,ft
-76.43438,35.730718,9/16/15,3.914,ft
-76.43438,35.730718,9/17/15,3.927,ft
-76.43438,35.730718,9/18/15,3.944,ft
-76.43438,35.730718,9/19/15,3.95,ft
-76.43438,35.730718,9/20/15,3.966,ft
-76.43438,35.730718,9/21/15,3.988,ft
-76.43438,35.730718,9/22/15,4.003,ft
-76.43438,35.730718,9/22/15,4.02,ft
-76.43438,35.730718,9/23/15,3.881,ft
-76.43438,35.730718,9/24/15,3.902,ft
-76.43438,35.730718,9/25/15,3.932,ft
-76.43438,35.730718,9/26/15,3.767,ft
-76.43438,35.730718,9/27/15,3.654,ft
-76.43438,35.730718,9/28/15,3.598,ft
-76.43438,35.730718,9/29/15,3.535,ft
-76.43438,35.730718,9/30/15,3.459,ft
-76.43438,35.730718,10/1/15,3.327,ft
-76.43438,35.730718,10/2/15,3.124,ft
-76.43438,35.730718,10/3/15,2.602,ft
-76.43438,35.730718,10/4/15,2.436,ft
-76.43438,35.730718,10/5/15,2.413,ft
-76.43438,35.730718,10/6/15,2.404,ft
-76.43438,35.730718,10/7/15,2.424,ft
-76.43438,35.730718,10/8/15,2.442,ft
-76.43438,35.730718,10/9/15,2.476,ft
-76.43438,35.730718,10/10/15,2.5,ft
-76.43438,35.730718,10/11/15,2.535,ft
-76.43438,35.730718,10/12/15,2.55,ft
-76.43438,35.730718,10/13/15,2.574,ft
-76.43438,35.730718,10/14/15,2.602,ft
-76.43438,35.730718,10/15/15,2.646,ft
-76.43438,35.730718,10/16/15,2.676,ft
-76.43438,35.730718,10/17/15,2.73,ft
-76.43438,35.730718,10/18/15,2.775,ft
-76.43438,35.730718,10/19/15,2.821,ft
-76.43438,35.730718,10/20/15,2.875,ft
-76.43438,35.730718,10/21/15,2.907,ft
-76.43438,35.730718,10/22/15,2.955,ft
-76.43438,35.730718,10/23/15,2.994,ft
-76.43438,35.730718,10/24/15,3.024,ft
-76.43438,35.730718,10/25/15,3.049,ft
-76.43438,35.730718,10/26/15,3.078,ft
-76.43438,35.730718,10/27/15,3.104,ft
-76.43438,35.730718,10/28/15,3.14,ft
-76.43438,35.730718,10/29/15,3.137,ft
-76.43438,35.730718,10/30/15,3.146,ft
-76.43438,35.730718,10/31/15,3.159,ft
-76.43438,35.730718,11/1/15,3.176,ft
-76.43438,35.730718,11/2/15,3.182,ft
-76.43438,35.730718,11/3/15,3.148,ft
-76.43438,35.730718,11/4/15,3.058,ft
-76.43438,35.730718,11/5/15,2.994,ft
-76.43438,35.730718,11/6/15,2.955,ft
-76.43438,35.730718,11/7/15,2.943,ft
-76.43438,35.730718,11/8/15,2.949,ft
-76.43438,35.730718,11/9/15,2.963,ft
-76.43438,35.730718,11/10/15,2.727,ft
-76.43438,35.730718,11/11/15,2.565,ft
-76.43438,35.730718,11/12/15,2.587,ft
-76.43438,35.730718,11/13/15,2.62,ft
-76.43438,35.730718,11/14/15,2.678,ft
-76.43438,35.730718,11/15/15,2.741,ft
-76.43438,35.730718,11/16/15,2.759,ft
-76.43438,35.730718,11/17/15,2.8,ft
-76.43438,35.730718,11/18/15,2.818,ft
-76.43438,35.730718,11/19/15,2.842,ft
-76.43438,35.730718,11/20/15,2.838,ft
-76.43438,35.730718,11/21/15,2.825,ft
-76.43438,35.730718,11/22/15,2.842,ft
-76.43438,35.730718,11/23/15,2.711,ft
-76.43438,35.730718,11/24/15,2.711,ft
-76.43438,35.730718,11/25/15,2.747,ft
-76.43438,35.730718,11/26/15,2.783,ft
-76.43438,35.730718,11/27/15,2.801,ft
-76.43438,35.730718,11/28/15,2.797,ft
-76.43438,35.730718,11/29/15,2.825,ft
-76.43438,35.730718,11/30/15,2.855,ft
-76.43438,35.730718,12/1/15,2.863,ft
-76.43438,35.730718,12/2/15,2.866,ft
-76.43438,35.730718,12/3/15,2.869,ft
-76.43438,35.730718,12/4/15,2.928,ft
-76.43438,35.730718,12/5/15,2.948,ft
-76.43438,35.730718,12/6/15,2.942,ft
-76.43438,35.730718,12/7/15,2.941,ft
-76.43438,35.730718,12/8/15,2.765,ft
-76.43438,35.730718,12/9/15,2.724,ft
-76.43438,35.730718,12/10/15,2.737,ft
-76.43438,35.730718,12/11/15,2.77,ft
-76.43438,35.730718,12/12/15,2.819,ft
-76.43438,35.730718,12/13/15,2.855,ft
-76.43438,35.730718,12/14/15,2.848,ft
-76.43438,35.730718,12/15/15,2.839,ft
-76.43438,35.730718,12/16/15,2.865,ft
-76.43438,35.730718,12/17/15,2.883,ft
-76.43438,35.730718,12/18/15,2.887,ft
-76.43438,35.730718,12/19/15,2.903,ft
-76.43438,35.730718,12/20/15,2.917,ft
-76.43438,35.730718,12/21/15,2.928,ft
-76.43438,35.730718,12/22/15,2.943,ft
-76.43438,35.730718,12/23/15,2.94,ft
-76.43438,35.730718,12/24/15,2.862,ft
-76.43438,35.730718,12/25/15,2.735,ft
-76.43438,35.730718,12/26/15,2.718,ft
-76.43438,35.730718,12/27/15,2.746,ft
-76.43438,35.730718,12/28/15,2.762,ft
-76.43438,35.730718,12/29/15,2.785,ft
-76.43438,35.730718,12/30/15,2.67,ft
-76.43438,35.730718,12/31/15,2.589,ft
-76.43438,35.730718,1/1/16,2.545,ft
-76.43438,35.730718,1/2/16,2.568,ft
-76.43438,35.730718,1/3/16,2.597,ft
-76.43438,35.730718,1/4/16,2.611,ft
-76.43438,35.730718,1/5/16,2.687,ft
-76.43438,35.730718,1/6/16,2.718,ft
-76.43438,35.730718,1/7/16,2.727,ft
-76.43438,35.730718,1/8/16,2.735,ft
-76.43438,35.730718,1/9/16,2.753,ft
-76.43438,35.730718,1/10/16,2.753,ft
-76.43438,35.730718,1/11/16,2.784,ft
-76.43438,35.730718,1/12/16,2.805,ft
-76.43438,35.730718,1/13/16,2.833,ft
-76.43438,35.730718,1/14/16,2.854,ft
-76.43438,35.730718,1/15/16,2.876,ft
-76.43438,35.730718,1/16/16,2.858,ft
-76.43438,35.730718,1/17/16,2.866,ft
-76.43438,35.730718,1/18/16,2.856,ft
-76.43438,35.730718,1/19/16,2.875,ft
-76.43438,35.730718,1/20/16,2.891,ft
-76.43438,35.730718,1/21/16,2.895,ft
-76.43438,35.730718,1/22/16,2.925,ft
-76.43438,35.730718,1/23/16,2.649,ft
-76.43438,35.730718,1/24/16,2.562,ft
-76.43438,35.730718,1/25/16,2.601,ft
-76.43438,35.730718,1/26/16,2.634,ft
-76.43438,35.730718,1/27/16,2.665,ft
-76.43438,35.730718,1/28/16,2.702,ft
-76.43438,35.730718,1/29/16,2.696,ft
-76.43438,35.730718,1/30/16,2.789,ft
-76.43438,35.730718,1/31/16,2.795,ft
-76.43438,35.730718,2/1/16,2.829,ft
-76.43438,35.730718,2/2/16,2.866,ft
-76.43438,35.730718,2/3/16,2.879,ft
-76.43438,35.730718,2/3/16,2.89,ft
-76.43438,35.730718,2/4/16,2.785,ft
-76.43438,35.730718,2/5/16,2.473,ft
-76.43438,35.730718,2/6/16,2.385,ft
-76.43438,35.730718,2/7/16,2.402,ft
-76.43438,35.730718,2/8/16,2.347,ft
-76.43438,35.730718,2/9/16,2.367,ft
-76.43438,35.730718,2/10/16,2.45,ft
-76.43438,35.730718,2/11/16,2.522,ft
-76.43438,35.730718,2/12/16,2.582,ft
-76.43438,35.730718,2/13/16,2.587,ft
-76.43438,35.730718,2/14/16,2.666,ft
-76.43438,35.730718,2/15/16,2.684,ft
-76.43438,35.730718,2/16/16,2.645,ft
-76.43438,35.730718,2/17/16,2.63,ft
-76.43438,35.730718,2/18/16,2.676,ft
-76.43438,35.730718,2/19/16,2.707,ft
-76.43438,35.730718,2/20/16,2.708,ft
-76.43438,35.730718,2/21/16,2.751,ft
-76.43438,35.730718,2/22/16,2.768,ft
-76.43438,35.730718,2/23/16,2.822,ft
-76.43438,35.730718,2/24/16,2.825,ft
-76.43438,35.730718,2/25/16,2.836,ft
-76.43438,35.730718,2/26/16,2.915,ft
-76.43438,35.730718,2/27/16,2.964,ft
-76.43438,35.730718,2/28/16,2.99,ft
-76.43438,35.730718,2/29/16,3.004,ft
-76.43438,35.730718,3/1/16,3.072,ft
-76.43438,35.730718,3/2/16,3.072,ft
-76.43438,35.730718,3/3/16,3.132,ft
-76.43438,35.730718,3/4/16,3.081,ft
-76.43438,35.730718,3/5/16,3.081,ft
-76.43438,35.730718,3/6/16,3.099,ft
-76.43438,35.730718,3/7/16,3.146,ft
-76.43438,35.730718,3/8/16,3.159,ft
-76.43438,35.730718,3/9/16,3.184,ft
-76.43438,35.730718,3/10/16,3.21,ft
-76.43438,35.730718,3/11/16,3.237,ft
-76.43438,35.730718,3/12/16,3.278,ft
-76.43438,35.730718,3/13/16,3.264,ft
-76.43438,35.730718,3/14/16,3.275,ft
-76.43438,35.730718,3/15/16,3.278,ft
-76.43438,35.730718,3/16/16,3.32,ft
-76.43438,35.730718,3/17/16,3.34,ft
-76.43438,35.730718,3/18/16,3.373,ft
-76.43438,35.730718,3/19/16,3.407,ft
-76.43438,35.730718,3/20/16,3.413,ft
-76.43438,35.730718,3/21/16,3.394,ft
-76.43438,35.730718,3/22/16,3.409,ft
-76.43438,35.730718,3/23/16,3.407,ft
-76.43438,35.730718,3/24/16,3.418,ft
-76.43438,35.730718,3/25/16,3.442,ft
-76.43438,35.730718,3/26/16,3.45,ft
-76.43438,35.730718,3/27/16,3.467,ft
-76.43438,35.730718,3/28/16,3.45,ft
-76.43438,35.730718,3/29/16,3.427,ft
-76.43438,35.730718,3/30/16,3.447,ft
-76.43438,35.730718,3/31/16,3.469,ft
-76.43438,35.730718,4/1/16,3.469,ft
-76.43438,35.730718,4/2/16,3.471,ft
-76.43438,35.730718,4/3/16,3.477,ft
-76.43438,35.730718,4/4/16,3.524,ft
-76.43438,35.730718,4/5/16,3.536,ft
-76.43438,35.730718,4/6/16,3.579,ft
-76.43438,35.730718,4/7/16,3.589,ft
-76.43438,35.730718,4/8/16,3.57,ft
-76.43438,35.730718,4/9/16,3.584,ft
-76.43438,35.730718,4/10/16,3.637,ft
-76.43438,35.730718,4/11/16,3.663,ft
-76.43438,35.730718,4/12/16,3.679,ft
-76.43438,35.730718,4/13/16,3.68,ft
-76.43438,35.730718,4/14/16,3.664,ft
-76.43438,35.730718,4/15/16,3.678,ft
-76.43438,35.730718,4/16/16,3.693,ft
-76.43438,35.730718,4/17/16,3.709,ft
-76.43438,35.730718,4/18/16,3.72,ft
-76.43438,35.730718,4/19/16,3.741,ft
-76.43438,35.730718,4/20/16,3.76,ft
-76.43438,35.730718,4/21/16,3.805,ft
-76.43438,35.730718,4/22/16,3.82,ft
-76.43438,35.730718,4/23/16,3.817,ft
-76.43438,35.730718,4/24/16,3.759,ft
-76.43438,35.730718,4/25/16,3.757,ft
-76.43438,35.730718,4/26/16,3.772,ft
-76.43438,35.730718,4/27/16,3.796,ft
-76.43438,35.730718,4/28/16,3.824,ft
-76.43438,35.730718,4/29/16,3.728,ft
-76.43438,35.730718,4/30/16,3.631,ft
-76.43438,35.730718,5/1/16,3.642,ft
-76.43438,35.730718,5/2/16,3.687,ft
-76.43438,35.730718,5/3/16,3.695,ft
-76.43438,35.730718,5/4/16,3.014,ft
-76.43438,35.730718,5/5/16,2.997,ft
-76.43438,35.730718,5/6/16,3.009,ft
-76.43438,35.730718,5/7/16,3.045,ft
-76.43438,35.730718,5/8/16,3.108,ft
-76.43438,35.730718,5/9/16,3.204,ft
-76.43438,35.730718,5/10/16,3.268,ft
-76.43438,35.730718,5/11/16,3.322,ft
-76.43438,35.730718,5/12/16,3.363,ft
-76.43438,35.730718,5/13/16,3.387,ft
-76.43438,35.730718,5/14/16,3.284,ft
-76.43438,35.730718,5/15/16,3.257,ft
-76.43438,35.730718,5/16/16,3.308,ft
-76.43438,35.730718,5/16/16,3.33,ft
-76.43438,35.730718,5/17/16,3.36,ft
-76.43438,35.730718,5/18/16,3.383,ft
-76.43438,35.730718,5/19/16,3.405,ft
-76.43438,35.730718,5/20/16,3.445,ft
-76.43438,35.730718,5/21/16,3.472,ft
-76.43438,35.730718,5/22/16,3.47,ft
-76.43438,35.730718,5/23/16,3.482,ft
-76.43438,35.730718,5/24/16,3.497,ft
-76.43438,35.730718,5/25/16,3.535,ft
-76.43438,35.730718,5/26/16,3.56,ft
-76.43438,35.730718,5/27/16,3.583,ft
-76.43438,35.730718,5/28/16,3.609,ft
-76.43438,35.730718,5/29/16,3.644,ft
-76.43438,35.730718,5/30/16,3.654,ft
-76.43438,35.730718,5/31/16,3.634,ft
-76.43438,35.730718,6/1/16,3.622,ft
-76.43438,35.730718,6/2/16,3.611,ft
-76.43438,35.730718,6/3/16,3.615,ft
-76.43438,35.730718,6/4/16,3.471,ft
-76.43438,35.730718,6/5/16,3.084,ft
-76.43438,35.730718,6/6/16,2.953,ft
-76.43438,35.730718,6/7/16,2.755,ft
-76.43438,35.730718,6/8/16,2.555,ft
-76.43438,35.730718,6/9/16,2.63,ft
-76.43438,35.730718,6/10/16,2.715,ft
-76.43438,35.730718,6/11/16,2.808,ft
-76.43438,35.730718,6/12/16,2.879,ft
-76.43438,35.730718,6/13/16,2.973,ft
-76.43438,35.730718,6/14/16,3.049,ft
-76.43438,35.730718,6/15/16,3.123,ft
-76.43438,35.730718,6/16/16,3.169,ft
-76.43438,35.730718,6/17/16,3.184,ft
-76.43438,35.730718,6/18/16,3.121,ft
-76.43438,35.730718,6/19/16,3.111,ft
-76.43438,35.730718,6/20/16,3.152,ft
-76.43438,35.730718,6/21/16,3.208,ft
-76.43438,35.730718,6/22/16,3.275,ft
-76.43438,35.730718,6/23/16,3.337,ft
-76.43438,35.730718,6/24/16,3.367,ft
-76.43438,35.730718,6/25/16,3.368,ft
-76.43438,35.730718,6/26/16,3.386,ft
-76.43438,35.730718,6/27/16,3.404,ft
-76.43438,35.730718,6/28/16,3.427,ft
-76.43438,35.730718,6/29/16,3.439,ft
-76.43438,35.730718,6/30/16,3.468,ft
-76.43438,35.730718,7/1/16,3.494,ft
-76.43438,35.730718,7/2/16,3.501,ft
-76.43438,35.730718,7/3/16,3.533,ft
-76.43438,35.730718,7/4/16,3.537,ft
-76.43438,35.730718,7/5/16,3.543,ft
-76.43438,35.730718,7/6/16,3.498,ft
-76.43438,35.730718,7/7/16,3.472,ft
-76.43438,35.730718,7/8/16,3.482,ft
-76.43438,35.730718,7/9/16,3.51,ft
-76.43438,35.730718,7/10/16,3.536,ft
-76.43438,35.730718,7/11/16,3.563,ft
-76.43438,35.730718,7/12/16,3.6,ft
-76.43438,35.730718,7/13/16,3.64,ft
-76.43438,35.730718,7/14/16,3.668,ft
-76.43438,35.730718,7/15/16,3.702,ft
-76.43438,35.730718,7/16/16,3.741,ft
-76.43438,35.730718,7/17/16,3.764,ft
-76.43438,35.730718,7/18/16,3.789,ft
-76.43438,35.730718,7/19/16,3.821,ft
-76.43438,35.730718,7/20/16,3.835,ft
-76.43438,35.730718,7/21/16,3.867,ft
-76.43438,35.730718,7/22/16,3.895,ft
-76.43438,35.730718,7/23/16,3.93,ft
-76.43438,35.730718,7/24/16,3.956,ft
-76.43438,35.730718,7/25/16,3.966,ft
-76.43438,35.730718,7/26/16,3.996,ft
-76.43438,35.730718,7/27/16,4.026,ft
-76.43438,35.730718,7/28/16,4.059,ft
-76.43438,35.730718,7/29/16,4.098,ft
-76.43438,35.730718,7/30/16,4.123,ft
-76.43438,35.730718,7/31/16,4.161,ft
-76.43438,35.730718,8/1/16,4.153,ft
-76.43438,35.730718,8/2/16,4.152,ft
-76.43438,35.730718,8/3/16,4.027,ft
-76.43438,35.730718,8/4/16,3.944,ft
-76.43438,35.730718,8/5/16,3.958,ft
-76.43438,35.730718,8/6/16,3.974,ft
-76.43438,35.730718,8/7/16,4.011,ft
-76.43438,35.730718,8/8/16,4.038,ft
-76.43438,35.730718,8/9/16,4.053,ft
-76.43438,35.730718,8/9/16,4.06,ft
-76.43438,35.730718,8/10/16,4.02,ft
-76.43438,35.730718,8/11/16,3.976,ft
-76.43438,35.730718,8/12/16,3.962,ft
-76.43438,35.730718,8/13/16,3.968,ft
-76.43438,35.730718,8/14/16,3.993,ft
-76.43438,35.730718,8/15/16,4.019,ft
-76.43438,35.730718,8/16/16,4.065,ft
-76.43438,35.730718,8/17/16,4.081,ft
-76.43438,35.730718,8/18/16,4.091,ft
-76.43438,35.730718,8/19/16,4.098,ft
-76.43438,35.730718,8/20/16,4.095,ft
-76.43438,35.730718,8/21/16,4.08,ft
-76.43438,35.730718,8/22/16,4.091,ft
-76.43438,35.730718,8/23/16,4.134,ft
-76.43438,35.730718,8/24/16,4.168,ft
-76.43438,35.730718,8/25/16,4.191,ft
-76.43438,35.730718,8/26/16,4.235,ft
-76.43438,35.730718,8/27/16,4.28,ft
-76.43438,35.730718,8/28/16,4.323,ft
-76.43438,35.730718,8/29/16,4.357,ft
-76.43438,35.730718,8/30/16,4.369,ft
-76.43438,35.730718,8/31/16,4.379,ft
-76.43438,35.730718,9/1/16,4.388,ft
-76.43438,35.730718,9/2/16,4.397,ft
-76.43438,35.730718,9/3/16,3.697,ft
-76.43438,35.730718,9/4/16,3.037,ft
-76.43438,35.730718,9/5/16,2.956,ft
-76.43438,35.730718,9/6/16,2.97,ft
-76.43438,35.730718,9/7/16,3.013,ft
-76.43438,35.730718,9/8/16,2.979,ft
-76.43438,35.730718,9/9/16,2.969,ft
-76.43438,35.730718,9/10/16,2.989,ft
-76.43438,35.730718,9/11/16,3.028,ft
-76.43438,35.730718,9/12/16,3.057,ft
-76.43438,35.730718,9/13/16,3.062,ft
-76.43438,35.730718,9/14/16,3.078,ft
-76.43438,35.730718,9/15/16,3.1,ft
-76.43438,35.730718,9/16/16,3.137,ft
-76.43438,35.730718,9/17/16,3.175,ft
-76.43438,35.730718,9/18/16,3.202,ft
-76.43438,35.730718,9/19/16,3.239,ft
-76.43438,35.730718,9/20/16,3.266,ft
-76.43438,35.730718,9/21/16,2.767,ft
-76.43438,35.730718,9/22/16,2.471,ft
-76.43438,35.730718,9/23/16,2.292,ft
-76.43438,35.730718,9/24/16,2.301,ft
-76.43438,35.730718,9/25/16,2.38,ft
-76.43438,35.730718,9/26/16,2.445,ft
-76.43438,35.730718,9/27/16,2.48,ft
-76.43438,35.730718,9/28/16,2.53,ft
-76.43438,35.730718,9/29/16,2.594,ft
-76.43438,35.730718,9/30/16,2.62,ft
-76.43438,35.730718,10/1/16,2.629,ft
-76.43438,35.730718,10/2/16,2.644,ft
-76.43438,35.730718,10/3/16,2.68,ft
-76.43438,35.730718,10/4/16,2.697,ft
-76.43438,35.730718,10/5/16,2.728,ft
-76.43438,35.730718,10/6/16,2.762,ft
-76.43438,35.730718,10/7/16,2.796,ft
-76.43438,35.730718,10/8/16,2.79,ft
-76.43438,35.730718,10/9/16,2.063,ft
-76.43438,35.730718,10/10/16,1.854,ft
-76.43438,35.730718,10/11/16,1.877,ft
-76.43438,35.730718,10/12/16,1.918,ft
-76.43438,35.730718,10/13/16,1.965,ft
-76.43438,35.730718,10/14/16,2.045,ft
-76.43438,35.730718,10/15/16,2.101,ft
-76.43438,35.730718,10/16/16,2.143,ft
-76.43438,35.730718,10/17/16,2.175,ft
-76.43438,35.730718,10/18/16,2.223,ft
-76.43438,35.730718,10/19/16,2.27,ft
-76.43438,35.730718,10/20/16,2.302,ft
-76.43438,35.730718,10/21/16,2.339,ft
-76.43438,35.730718,10/22/16,2.368,ft
-76.43438,35.730718,10/23/16,2.395,ft
-76.43438,35.730718,10/24/16,2.427,ft
-76.43438,35.730718,10/25/16,2.466,ft
-76.43438,35.730718,10/26/16,2.517,ft
-76.43438,35.730718,10/27/16,2.563,ft
-76.43438,35.730718,10/28/16,2.594,ft
-76.43438,35.730718,10/29/16,2.626,ft
-76.43438,35.730718,10/30/16,2.653,ft
-76.43438,35.730718,10/31/16,2.679,ft
-76.43438,35.730718,11/1/16,2.708,ft
-76.43438,35.730718,11/2/16,2.743,ft
-76.43438,35.730718,11/3/16,2.758,ft
-76.43438,35.730718,11/4/16,2.774,ft
-76.43438,35.730718,11/5/16,2.778,ft
-76.43438,35.730718,11/6/16,2.79,ft
-76.43438,35.730718,11/7/16,2.794,ft
-76.43438,35.730718,11/8/16,2.804,ft
-76.43438,35.730718,11/9/16,2.818,ft
-76.43438,35.730718,11/10/16,2.821,ft
-76.43438,35.730718,11/11/16,2.817,ft
-76.43438,35.730718,11/12/16,2.827,ft
-76.43438,35.730718,11/13/16,2.849,ft
-76.43438,35.730718,11/14/16,2.861,ft
-76.43438,35.730718,11/15/16,2.87,ft
-76.43438,35.730718,11/15/16,2.87,ft
-76.43438,35.730718,11/16/16,2.871,ft
-76.43438,35.730718,11/17/16,2.878,ft
-76.43438,35.730718,11/18/16,2.905,ft
-76.43438,35.730718,11/19/16,2.919,ft
-76.43438,35.730718,11/20/16,2.936,ft
-76.43438,35.730718,11/21/16,2.95,ft
-76.43438,35.730718,11/22/16,2.976,ft
-76.43438,35.730718,11/23/16,3.008,ft
-76.43438,35.730718,11/24/16,3.058,ft
-76.43438,35.730718,11/25/16,3.08,ft
-76.43438,35.730718,11/26/16,3.102,ft
-76.43438,35.730718,11/27/16,3.114,ft
-76.43438,35.730718,11/28/16,3.113,ft
-76.43438,35.730718,11/29/16,3.129,ft
-76.43438,35.730718,11/30/16,3.137,ft
-76.43438,35.730718,12/1/16,3.144,ft
-76.43438,35.730718,12/2/16,3.154,ft
-76.43438,35.730718,12/3/16,3.156,ft
-76.43438,35.730718,12/4/16,3.168,ft
-76.43438,35.730718,12/5/16,3.18,ft
-76.43438,35.730718,12/6/16,3.179,ft
-76.43438,35.730718,12/7/16,3.191,ft
-76.43438,35.730718,12/8/16,3.188,ft
-76.43438,35.730718,12/9/16,3.208,ft
-76.43438,35.730718,12/10/16,3.237,ft
-76.43438,35.730718,12/11/16,3.256,ft
-76.43438,35.730718,12/12/16,3.263,ft
-76.43438,35.730718,12/13/16,3.268,ft
-76.43438,35.730718,12/14/16,3.268,ft
-76.43438,35.730718,12/15/16,3.271,ft
-76.43438,35.730718,12/16/16,3.277,ft
-76.43438,35.730718,12/17/16,3.275,ft
-76.43438,35.730718,12/18/16,3.28,ft
-76.43438,35.730718,12/19/16,3.278,ft
-76.43438,35.730718,12/20/16,3.284,ft
-76.43438,35.730718,12/21/16,3.28,ft
-76.43438,35.730718,12/22/16,3.285,ft
-76.43438,35.730718,12/23/16,3.291,ft
-76.43438,35.730718,12/24/16,3.306,ft
-76.43438,35.730718,12/25/16,3.307,ft
-76.43438,35.730718,12/26/16,3.315,ft
-76.43438,35.730718,12/27/16,3.323,ft
-76.43438,35.730718,12/28/16,3.325,ft
-76.43438,35.730718,12/29/16,3.325,ft
-76.43438,35.730718,12/30/16,3.337,ft
-76.43438,35.730718,12/31/16,3.343,ft
-76.43438,35.730718,1/1/17,3.353,ft
-76.43438,35.730718,1/2/17,3.368,ft
-76.43438,35.730718,1/3/17,3.249,ft
-76.43438,35.730718,1/4/17,3.124,ft
-76.43438,35.730718,1/5/17,3.129,ft
-76.43438,35.730718,1/6/17,3.131,ft
-76.43438,35.730718,1/7/17,3.168,ft
-76.43438,35.730718,1/8/17,3.047,ft
-76.43438,35.730718,1/9/17,3.028,ft
-76.43438,35.730718,1/10/17,3.03,ft
-76.43438,35.730718,1/11/17,3.036,ft
-76.43438,35.730718,1/11/17,3.04,ft
-76.43438,35.730718,1/12/17,3.058,ft
-76.43438,35.730718,1/13/17,3.089,ft
-76.43438,35.730718,1/14/17,3.139,ft
-76.43438,35.730718,1/15/17,3.131,ft
-76.43438,35.730718,1/16/17,3.126,ft
-76.43438,35.730718,1/17/17,3.145,ft
-76.43438,35.730718,1/18/17,3.165,ft
-76.43438,35.730718,1/19/17,3.182,ft
-76.43438,35.730718,1/20/17,3.192,ft
-76.43438,35.730718,1/21/17,3.196,ft
-76.43438,35.730718,1/22/17,3.209,ft
-76.43438,35.730718,1/23/17,3.205,ft
-76.43438,35.730718,1/24/17,3.092,ft
-76.43438,35.730718,1/25/17,3.103,ft
-76.43438,35.730718,1/26/17,3.097,ft
-76.43438,35.730718,1/27/17,3.152,ft
-76.43438,35.730718,1/28/17,3.178,ft
-76.43438,35.730718,1/29/17,3.199,ft
-76.43438,35.730718,1/30/17,3.237,ft
-76.43438,35.730718,1/30/17,3.25,ft
-76.43438,35.730718,1/31/17,3.258,ft
-76.43438,35.730718,2/1/17,3.286,ft
-76.43438,35.730718,2/2/17,3.323,ft
-76.43438,35.730718,2/3/17,3.345,ft
-76.43438,35.730718,2/4/17,3.371,ft
-76.43438,35.730718,2/5/17,3.391,ft
-76.43438,35.730718,2/6/17,3.393,ft
-76.43438,35.730718,2/7/17,3.438,ft
-76.43438,35.730718,2/8/17,3.435,ft
-76.43438,35.730718,2/9/17,3.431,ft
-76.43438,35.730718,2/10/17,3.461,ft
-76.43438,35.730718,2/11/17,3.469,ft
-76.43438,35.730718,2/12/17,3.478,ft
-76.43438,35.730718,2/13/17,3.487,ft
-76.43438,35.730718,2/14/17,3.525,ft
-76.43438,35.730718,2/15/17,3.529,ft
-76.43438,35.730718,2/16/17,3.537,ft
-76.43438,35.730718,2/17/17,3.535,ft
-76.43438,35.730718,2/18/17,3.553,ft
-76.43438,35.730718,2/19/17,3.572,ft
-76.43438,35.730718,2/20/17,3.573,ft
-76.43438,35.730718,2/21/17,3.616,ft
-76.43438,35.730718,2/22/17,3.617,ft
-76.43438,35.730718,2/23/17,3.638,ft
-76.43438,35.730718,2/24/17,3.656,ft
-76.43438,35.730718,2/25/17,3.674,ft
-76.43438,35.730718,2/26/17,3.686,ft
-76.43438,35.730718,2/27/17,3.745,ft
-76.43438,35.730718,2/28/17,3.772,ft
-76.43438,35.730718,3/1/17,3.791,ft
-76.43438,35.730718,3/2/17,3.808,ft
-76.43438,35.730718,3/3/17,3.805,ft
-76.43438,35.730718,3/4/17,3.817,ft
-76.43438,35.730718,3/5/17,3.819,ft
-76.43438,35.730718,3/6/17,3.833,ft
-76.43438,35.730718,3/7/17,3.849,ft
-76.43438,35.730718,3/8/17,3.847,ft
-76.43438,35.730718,3/9/17,3.858,ft
-76.43438,35.730718,3/10/17,3.87,ft
-76.43438,35.730718,3/11/17,3.877,ft
-76.43438,35.730718,3/12/17,3.904,ft
-76.43438,35.730718,3/13/17,3.912,ft
-76.43438,35.730718,3/14/17,3.863,ft
-76.43438,35.730718,3/15/17,3.778,ft
-76.43438,35.730718,3/16/17,3.758,ft
-76.43438,35.730718,3/17/17,3.755,ft
-76.43438,35.730718,3/18/17,3.764,ft
-76.43438,35.730718,3/19/17,3.618,ft
-76.43438,35.730718,3/20/17,3.524,ft
-76.43438,35.730718,3/21/17,3.476,ft
-76.43438,35.730718,3/22/17,3.469,ft
-76.43438,35.730718,3/23/17,3.476,ft
-76.43438,35.730718,3/24/17,3.483,ft
-76.43438,35.730718,3/25/17,3.461,ft
-76.43438,35.730718,3/26/17,3.478,ft
-76.43438,35.730718,3/27/17,3.486,ft
-76.43438,35.730718,3/28/17,3.502,ft
-76.43438,35.730718,3/29/17,3.531,ft
-76.43438,35.730718,3/30/17,3.578,ft
-76.43438,35.730718,3/31/17,3.604,ft
-76.43438,35.730718,4/1/17,3.607,ft
-76.43438,35.730718,4/2/17,3.599,ft
-76.43438,35.730718,4/3/17,3.672,ft
-76.43438,35.730718,4/4/17,3.674,ft
-76.43438,35.730718,4/5/17,3.722,ft
-76.43438,35.730718,4/6/17,3.74,ft
-76.43438,35.730718,4/7/17,3.688,ft
-76.43438,35.730718,4/8/17,3.719,ft
-76.43438,35.730718,4/9/17,3.737,ft
-76.43438,35.730718,4/10/17,3.781,ft
-76.43438,35.730718,4/11/17,3.807,ft
-76.43438,35.730718,4/12/17,3.828,ft
-76.43438,35.730718,4/13/17,3.862,ft
-76.43438,35.730718,4/14/17,3.888,ft
-76.43438,35.730718,4/15/17,3.922,ft
-76.43438,35.730718,4/16/17,3.93,ft
-76.43438,35.730718,4/17/17,3.959,ft
-76.43438,35.730718,4/18/17,3.983,ft
-76.43438,35.730718,4/19/17,4.007,ft
-76.43438,35.730718,4/20/17,4.002,ft
-76.43438,35.730718,4/21/17,4.03,ft
-76.43438,35.730718,4/22/17,4.053,ft
-76.43438,35.730718,4/23/17,4.086,ft
-76.43438,35.730718,4/24/17,4.096,ft
-76.43438,35.730718,4/25/17,3.822,ft
-76.43438,35.730718,4/26/17,3.65,ft
-76.43438,35.730718,4/27/17,3.605,ft
-76.43438,35.730718,4/28/17,3.613,ft
-76.43438,35.730718,4/29/17,3.647,ft
-76.43438,35.730718,4/30/17,3.68,ft
-76.43438,35.730718,5/1/17,3.718,ft
-76.43438,35.730718,5/2/17,3.716,ft
-76.43438,35.730718,5/3/17,3.773,ft
-76.43438,35.730718,5/4/17,3.813,ft
-76.43438,35.730718,5/5/17,3.819,ft
-76.43438,35.730718,5/6/17,3.603,ft
-76.43438,35.730718,5/7/17,3.579,ft
-76.43438,35.730718,5/8/17,3.607,ft
-76.43438,35.730718,5/9/17,3.652,ft
-76.43438,35.730718,5/10/17,3.692,ft
-76.43438,35.730718,5/10/17,3.7,ft
-76.43438,35.730718,8/8/17,4.24,ft
-76.43438,35.730718,8/31/17,4.41,ft
-76.43438,35.730718,9/1/17,4.425,ft
-76.43438,35.730718,9/2/17,4.313,ft
-76.43438,35.730718,9/3/17,4.065,ft
-76.43438,35.730718,9/4/17,4.023,ft
-76.43438,35.730718,9/5/17,4.011,ft
-76.43438,35.730718,9/6/17,4.018,ft
-76.43438,35.730718,9/7/17,4.015,ft
-76.43438,35.730718,9/8/17,4,ft
-76.43438,35.730718,9/9/17,4.006,ft
-76.43438,35.730718,9/10/17,4.027,ft
-76.43438,35.730718,9/11/17,4.044,ft
-76.43438,35.730718,9/12/17,4.041,ft
-76.43438,35.730718,9/13/17,4.061,ft
-76.43438,35.730718,9/14/17,4.103,ft
-76.43438,35.730718,9/15/17,4.111,ft
-76.43438,35.730718,9/16/17,4.164,ft
-76.43438,35.730718,9/17/17,4.202,ft
-76.43438,35.730718,9/18/17,4.218,ft
-76.43438,35.730718,9/19/17,4.231,ft
-76.43438,35.730718,9/20/17,4.249,ft
-76.43438,35.730718,9/21/17,4.298,ft
-76.43438,35.730718,9/22/17,4.334,ft
-76.43438,35.730718,9/23/17,4.368,ft
-76.43438,35.730718,9/24/17,4.42,ft
-76.43438,35.730718,9/25/17,4.44,ft
-76.43438,35.730718,9/26/17,4.436,ft
-76.43438,35.730718,9/27/17,4.442,ft
-76.43438,35.730718,9/28/17,4.447,ft
-76.43438,35.730718,9/29/17,4.46,ft
-76.43438,35.730718,9/30/17,4.499,ft
-76.43438,35.730718,10/1/17,4.548,ft
-76.43438,35.730718,10/2/17,4.591,ft
-76.43438,35.730718,10/3/17,4.654,ft
-76.43438,35.730718,10/4/17,4.751,ft
-76.43438,35.730718,10/5/17,4.789,ft
-76.43438,35.730718,10/6/17,4.828,ft
-76.43438,35.730718,10/7/17,4.835,ft
-76.43438,35.730718,10/8/17,4.861,ft
-76.43438,35.730718,10/9/17,4.861,ft
-76.43438,35.730718,10/10/17,4.88,ft
-76.43438,35.730718,10/11/17,4.878,ft
-76.43438,35.730718,10/12/17,4.883,ft
-76.43438,35.730718,10/13/17,4.892,ft
-76.43438,35.730718,10/14/17,4.906,ft
-76.43438,35.730718,10/15/17,4.909,ft
-76.43438,35.730718,10/16/17,4.911,ft
-76.43438,35.730718,10/17/17,4.907,ft
-76.43438,35.730718,10/18/17,4.943,ft
-76.43438,35.730718,10/19/17,4.973,ft
-76.43438,35.730718,10/20/17,4.996,ft
-76.43438,35.730718,10/21/17,5.012,ft
-76.43438,35.730718,10/22/17,5.032,ft
-76.43438,35.730718,10/23/17,5.079,ft
-76.43438,35.730718,10/24/17,5.086,ft
-76.43438,35.730718,10/25/17,5.08,ft
-76.43438,35.730718,10/26/17,5.1,ft
-76.43438,35.730718,10/27/17,5.168,ft
-76.43438,35.730718,10/28/17,5.258,ft
-76.43438,35.730718,10/29/17,5.28,ft
-76.43438,35.730718,10/30/17,5.056,ft
-76.43438,35.730718,10/31/17,5.003,ft
-76.43438,35.730718,11/1/17,5.009,ft
-76.43438,35.730718,11/2/17,5.056,ft
-76.43438,35.730718,11/2/17,5.05,ft
-76.43438,35.730718,11/3/17,5.059,ft
-76.43438,35.730718,11/4/17,5.083,ft
-76.43438,35.730718,11/5/17,5.1,ft
-76.43438,35.730718,11/6/17,5.112,ft
-76.43438,35.730718,11/7/17,5.143,ft
-76.43438,35.730718,11/8/17,5.157,ft
-76.43438,35.730718,11/9/17,5.145,ft
-76.43438,35.730718,11/10/17,5.051,ft
-76.43438,35.730718,11/11/17,5.05,ft
-76.43438,35.730718,11/12/17,5.048,ft
-76.43438,35.730718,11/13/17,5.054,ft
-76.43438,35.730718,11/14/17,5.056,ft
-76.43438,35.730718,11/15/17,5.064,ft
-76.43438,35.730718,11/16/17,5.061,ft
-76.43438,35.730718,11/17/17,5.088,ft
-76.43438,35.730718,11/18/17,5.103,ft
-76.43438,35.730718,11/19/17,5.123,ft
-76.43438,35.730718,11/20/17,5.174,ft
-76.43438,35.730718,11/21/17,5.223,ft
-76.43438,35.730718,11/22/17,5.248,ft
-76.43438,35.730718,11/23/17,5.253,ft
-76.43438,35.730718,11/24/17,5.257,ft
-76.43438,35.730718,11/25/17,5.264,ft
-76.43438,35.730718,11/26/17,5.3,ft
-76.43438,35.730718,11/27/17,5.331,ft
-76.43438,35.730718,11/28/17,5.36,ft
-76.43438,35.730718,11/29/17,5.398,ft
-76.43438,35.730718,11/30/17,5.413,ft
-76.43438,35.730718,12/1/17,5.444,ft
-76.43438,35.730718,12/2/17,5.48,ft
-76.43438,35.730718,12/3/17,5.502,ft
-76.43438,35.730718,12/4/17,5.544,ft
-76.43438,35.730718,12/5/17,5.587,ft
-76.43438,35.730718,12/6/17,5.596,ft
-76.43438,35.730718,12/7/17,5.593,ft
-76.43438,35.730718,12/8/17,5.576,ft
-76.43438,35.730718,12/9/17,5.1,ft
-76.43438,35.730718,12/10/17,4.491,ft
-76.43438,35.730718,12/11/17,4.235,ft
-76.43438,35.730718,12/12/17,4.064,ft
-76.43438,35.730718,12/13/17,3.988,ft
-76.43438,35.730718,12/14/17,3.932,ft
-76.43438,35.730718,12/15/17,3.934,ft
-76.43438,35.730718,12/16/17,3.918,ft
-76.43438,35.730718,12/17/17,3.909,ft
-76.43438,35.730718,12/18/17,3.855,ft
-76.43438,35.730718,12/19/17,3.838,ft
-76.43438,35.730718,12/20/17,3.829,ft
-76.43438,35.730718,12/21/17,3.81,ft
-76.43438,35.730718,12/22/17,3.824,ft
-76.43438,35.730718,12/23/17,3.809,ft
-76.43438,35.730718,12/24/17,3.796,ft
-76.43438,35.730718,12/25/17,3.697,ft
-76.43438,35.730718,12/26/17,3.732,ft
-76.43438,35.730718,12/27/17,3.689,ft
-76.43438,35.730718,12/28/17,3.676,ft
-76.43438,35.730718,12/29/17,3.621,ft
-76.43438,35.730718,12/30/17,3.599,ft
-76.43438,35.730718,12/31/17,3.631,ft
-76.43438,35.730718,1/1/18,3.645,ft
-76.43438,35.730718,1/2/18,3.653,ft
-76.43438,35.730718,1/3/18,3.619,ft
-76.43438,35.730718,1/4/18,3.479,ft
-76.43438,35.730718,1/5/18,3.557,ft
-76.43438,35.730718,1/6/18,3.576,ft
-76.43438,35.730718,1/7/18,3.581,ft
-76.43438,35.730718,1/8/18,3.545,ft
-76.43438,35.730718,1/9/18,3.549,ft
-76.43438,35.730718,1/10/18,3.562,ft
-76.43438,35.730718,1/11/18,3.521,ft
-76.43438,35.730718,1/12/18,3.461,ft
-76.43438,35.730718,1/13/18,3.373,ft
-76.43438,35.730718,1/14/18,3.371,ft
-76.43438,35.730718,1/15/18,3.329,ft
-76.43438,35.730718,1/16/18,3.311,ft
-76.43438,35.730718,1/17/18,3.292,ft
-76.43438,35.730718,1/18/18,3.296,ft
-76.43438,35.730718,1/19/18,3.31,ft
-76.43438,35.730718,1/20/18,3.32,ft
-76.43438,35.730718,1/21/18,3.342,ft
-76.43438,35.730718,1/22/18,3.337,ft
-76.43438,35.730718,1/23/18,3.323,ft
-76.43438,35.730718,1/24/18,3.363,ft
-76.43438,35.730718,1/25/18,3.392,ft
-76.43438,35.730718,1/25/18,3.4,ft
-76.43438,35.730718,1/26/18,3.394,ft
-76.43438,35.730718,1/27/18,3.384,ft
-76.43438,35.730718,1/28/18,3.361,ft
-76.43438,35.730718,1/29/18,3.239,ft
-76.43438,35.730718,1/30/18,3.026,ft
-76.43438,35.730718,1/31/18,3.027,ft
-76.43438,35.730718,2/1/18,3.006,ft
-76.43438,35.730718,2/2/18,3.044,ft
-76.43438,35.730718,2/3/18,3.109,ft
-76.43438,35.730718,2/4/18,3.082,ft
-76.43438,35.730718,2/5/18,3.038,ft
-76.43438,35.730718,2/6/18,3.032,ft
-76.43438,35.730718,2/7/18,3.044,ft
-76.43438,35.730718,2/8/18,3.055,ft
-76.43438,35.730718,2/9/18,3.092,ft
-76.43438,35.730718,2/10/18,3.077,ft
-76.43438,35.730718,2/11/18,3.087,ft
-76.43438,35.730718,2/12/18,3.105,ft
-76.43438,35.730718,2/13/18,3.164,ft
-76.43438,35.730718,2/14/18,3.151,ft
-76.43438,35.730718,2/15/18,3.124,ft
-76.43438,35.730718,2/16/18,3.137,ft
-76.43438,35.730718,2/17/18,3.179,ft
-76.43438,35.730718,2/18/18,3.191,ft
-76.43438,35.730718,2/19/18,3.21,ft
-76.43438,35.730718,2/20/18,3.213,ft
-76.43438,35.730718,2/21/18,3.235,ft
-76.43438,35.730718,2/22/18,3.245,ft
-76.43438,35.730718,2/23/18,3.257,ft
-76.43438,35.730718,2/24/18,3.268,ft
-76.43438,35.730718,2/25/18,3.265,ft
-76.43438,35.730718,2/26/18,3.292,ft
-76.43438,35.730718,2/27/18,3.323,ft
-76.43438,35.730718,2/28/18,3.326,ft
-76.43438,35.730718,3/1/18,3.308,ft
-76.43438,35.730718,3/2/18,3.266,ft
-76.43438,35.730718,3/3/18,3.271,ft
-76.43438,35.730718,3/4/18,3.298,ft
-76.43438,35.730718,3/5/18,3.312,ft
-76.43438,35.730718,3/6/18,3.311,ft
-76.43438,35.730718,3/7/18,3.297,ft
-76.43438,35.730718,3/8/18,3.261,ft
-76.43438,35.730718,3/9/18,3.262,ft
-76.43438,35.730718,3/10/18,3.261,ft
-76.43438,35.730718,3/11/18,3.266,ft
-76.43438,35.730718,3/12/18,3.276,ft
-76.43438,35.730718,3/13/18,3.237,ft
-76.43438,35.730718,3/14/18,3.104,ft
-76.43438,35.730718,3/15/18,3.109,ft
-76.43438,35.730718,3/16/18,3.163,ft
-76.43438,35.730718,3/17/18,3.197,ft
-76.43438,35.730718,3/18/18,3.224,ft
-76.43438,35.730718,3/19/18,3.194,ft
-76.43438,35.730718,3/20/18,3.181,ft
-76.43438,35.730718,3/21/18,3.113,ft
-76.43438,35.730718,3/22/18,3.053,ft
-76.43438,35.730718,3/23/18,3.074,ft
-76.43438,35.730718,3/24/18,3.087,ft
-76.43438,35.730718,3/25/18,3.081,ft
-76.43438,35.730718,3/26/18,3.09,ft
-76.43438,35.730718,3/27/18,3.1,ft
-76.43438,35.730718,3/28/18,3.1,ft
-76.43438,35.730718,3/29/18,3.116,ft
-76.43438,35.730718,3/30/18,3.127,ft
-76.43438,35.730718,3/31/18,3.186,ft
-76.43438,35.730718,4/1/18,3.185,ft
-76.43438,35.730718,4/2/18,3.189,ft
-76.43438,35.730718,4/3/18,3.232,ft
-76.43438,35.730718,4/4/18,3.232,ft
-76.43438,35.730718,4/5/18,3.278,ft
-76.43438,35.730718,4/6/18,3.29,ft
-76.43438,35.730718,4/7/18,3.3,ft
-76.43438,35.730718,4/8/18,3.124,ft
-76.43438,35.730718,4/9/18,3.04,ft
-76.43438,35.730718,4/10/18,3.04,ft
-76.43438,35.730718,4/11/18,2.99,ft
-76.43438,35.730718,4/12/18,3.019,ft
-76.43438,35.730718,4/13/18,3.031,ft
-76.43438,35.730718,4/14/18,3.064,ft
-76.43438,35.730718,4/15/18,3.088,ft
-76.43438,35.730718,4/16/18,3.018,ft
-76.43438,35.730718,4/17/18,2.933,ft
-76.43438,35.730718,4/18/18,2.933,ft
-76.43438,35.730718,4/19/18,2.945,ft
-76.43438,35.730718,4/20/18,3.026,ft
-76.43438,35.730718,4/21/18,3.05,ft
-76.43438,35.730718,4/22/18,3.077,ft
-76.43438,35.730718,4/23/18,3.079,ft
-76.43438,35.730718,4/24/18,3.106,ft
-76.43438,35.730718,4/25/18,2.895,ft
-76.43438,35.730718,4/26/18,2.891,ft
-76.43438,35.730718,4/27/18,2.902,ft
-76.43438,35.730718,4/28/18,2.974,ft
-76.43438,35.730718,4/29/18,3.036,ft
-76.43438,35.730718,4/30/18,3.087,ft
-76.43438,35.730718,5/1/18,3.114,ft
-76.43438,35.730718,5/2/18,3.146,ft
-76.43438,35.730718,5/3/18,3.167,ft
-76.43438,35.730718,5/4/18,3.182,ft
-76.43438,35.730718,5/5/18,3.207,ft
-76.43438,35.730718,5/6/18,3.229,ft
-76.43438,35.730718,5/7/18,3.157,ft
-76.43438,35.730718,5/8/18,3.121,ft
-76.43438,35.730718,5/9/18,3.13,ft
-76.43438,35.730718,5/10/18,3.129,ft
-76.43438,35.730718,5/11/18,3.152,ft
-76.43438,35.730718,5/12/18,3.156,ft
-76.43438,35.730718,5/13/18,3.18,ft
-76.43438,35.730718,5/14/18,3.203,ft
-76.43438,35.730718,5/15/18,3.244,ft
-76.43438,35.730718,5/16/18,3.269,ft
-76.43438,35.730718,5/17/18,3.279,ft
-76.43438,35.730718,5/18/18,3.287,ft
-76.43438,35.730718,5/19/18,3.282,ft
-76.43438,35.730718,5/20/18,3.277,ft
-76.43438,35.730718,5/21/18,3.29,ft
-76.43438,35.730718,5/22/18,3.263,ft
-76.43438,35.730718,5/23/18,3.177,ft
-76.43438,35.730718,5/23/18,3.16,ft
-76.43438,35.730718,5/24/18,3.105,ft
-76.43438,35.730718,5/25/18,3.122,ft
-76.43438,35.730718,5/26/18,3.132,ft
-76.43438,35.730718,5/27/18,3.155,ft
-76.43438,35.730718,5/28/18,3.184,ft
-76.43438,35.730718,5/29/18,3.026,ft
-76.43438,35.730718,5/30/18,2.975,ft
-76.43438,35.730718,5/31/18,2.978,ft
-76.43438,35.730718,6/1/18,3,ft
-76.43438,35.730718,6/2/18,3.034,ft
-76.43438,35.730718,6/3/18,3.063,ft
-76.43438,35.730718,6/4/18,3.095,ft
-76.43438,35.730718,6/5/18,3.11,ft
-76.43438,35.730718,6/6/18,3.144,ft
-76.43438,35.730718,6/6/18,3.15,ft
-76.43438,35.730718,6/7/18,3.189,ft
-76.43438,35.730718,6/8/18,3.253,ft
-76.43438,35.730718,6/9/18,3.28,ft
-76.43438,35.730718,6/10/18,3.296,ft
-76.43438,35.730718,6/11/18,3.324,ft
-76.43438,35.730718,6/12/18,3.347,ft
-76.43438,35.730718,6/13/18,3.317,ft
-76.43438,35.730718,6/14/18,3.298,ft
-76.43438,35.730718,6/15/18,3.311,ft
-76.43438,35.730718,6/16/18,3.346,ft
-76.43438,35.730718,6/17/18,3.39,ft
-76.43438,35.730718,6/18/18,3.409,ft
-76.43438,35.730718,6/19/18,3.425,ft
-76.43438,35.730718,6/20/18,3.457,ft
-76.43438,35.730718,6/21/18,3.265,ft
-76.43438,35.730718,6/22/18,3.114,ft
-76.43438,35.730718,6/23/18,3.079,ft
-76.43438,35.730718,6/24/18,3.04,ft
-76.43438,35.730718,6/25/18,3.027,ft
-76.43438,35.730718,6/26/18,3.032,ft
-76.43438,35.730718,6/27/18,3.028,ft
-76.43438,35.730718,6/28/18,3.043,ft
-76.43438,35.730718,6/29/18,3.058,ft
-76.43438,35.730718,6/30/18,3.108,ft
-76.43438,35.730718,7/1/18,3.133,ft
-76.43438,35.730718,7/2/18,3.16,ft
-76.43438,35.730718,7/3/18,3.196,ft
-76.43438,35.730718,7/4/18,3.227,ft
-76.43438,35.730718,7/5/18,3.252,ft
-76.43438,35.730718,7/6/18,3.236,ft
-76.43438,35.730718,7/7/18,3.225,ft
-76.43438,35.730718,7/8/18,3.219,ft
-76.43438,35.730718,7/9/18,3.235,ft
-76.43438,35.730718,7/10/18,3.246,ft
-76.43438,35.730718,7/11/18,3.276,ft
-76.43438,35.730718,7/12/18,3.312,ft
-76.43438,35.730718,7/13/18,3.336,ft
-76.43438,35.730718,7/14/18,3.357,ft
-76.43438,35.730718,7/15/18,3.404,ft
-76.43438,35.730718,7/16/18,3.448,ft
-76.43438,35.730718,7/17/18,3.473,ft
-76.43438,35.730718,7/18/18,3.496,ft
-76.43438,35.730718,7/19/18,3.512,ft
-76.43438,35.730718,7/20/18,3.564,ft
-76.43438,35.730718,7/21/18,3.584,ft
-76.43438,35.730718,7/22/18,3.49,ft
-76.43438,35.730718,7/23/18,3.247,ft
-76.43438,35.730718,7/24/18,2.961,ft
-76.43438,35.730718,7/25/18,2.5,ft
-76.43438,35.730718,7/26/18,2.38,ft
-76.43438,35.730718,7/27/18,2.418,ft
-76.43438,35.730718,7/28/18,2.448,ft
-76.43438,35.730718,7/29/18,2.451,ft
-76.43438,35.730718,7/30/18,2.432,ft
-76.43438,35.730718,7/31/18,2.428,ft
-76.43438,35.730718,8/1/18,2.433,ft
-76.43438,35.730718,8/1/18,2.44,ft
-76.43438,35.730718,8/2/18,2.488,ft
-76.43438,35.730718,8/3/18,2.502,ft
-76.43438,35.730718,8/4/18,2.513,ft
-76.43438,35.730718,8/5/18,2.55,ft
-76.43438,35.730718,8/6/18,2.57,ft
-76.43438,35.730718,8/7/18,2.614,ft
-76.43438,35.730718,8/8/18,2.66,ft
-76.43438,35.730718,8/9/18,2.697,ft
-76.43438,35.730718,8/10/18,2.747,ft
-76.43438,35.730718,8/11/18,2.799,ft
-76.43438,35.730718,8/12/18,2.823,ft
-76.43438,35.730718,8/13/18,2.839,ft
-76.43438,35.730718,8/14/18,2.848,ft
-76.43438,35.730718,8/15/18,2.85,ft
-76.43438,35.730718,8/16/18,2.865,ft
-76.43438,35.730718,8/17/18,2.876,ft
-76.43438,35.730718,8/18/18,2.882,ft
-76.43438,35.730718,8/19/18,2.86,ft
-76.43438,35.730718,8/20/18,2.817,ft
-76.43438,35.730718,8/21/18,2.819,ft
-76.43438,35.730718,8/22/18,2.838,ft
-76.43438,35.730718,8/23/18,2.857,ft
-76.43438,35.730718,8/24/18,2.916,ft
-76.43438,35.730718,8/25/18,2.933,ft
-76.43438,35.730718,8/26/18,2.977,ft
-76.43438,35.730718,8/27/18,3.003,ft
-76.43438,35.730718,8/28/18,3.024,ft
-76.43438,35.730718,8/29/18,3.058,ft
-76.43438,35.730718,8/30/18,3.092,ft
-76.43438,35.730718,8/31/18,3.117,ft
-76.43438,35.730718,9/1/18,3.166,ft
-76.43438,35.730718,9/2/18,3.212,ft
-76.43438,35.730718,9/3/18,3.24,ft
-76.43438,35.730718,9/4/18,3.266,ft
-76.43438,35.730718,9/5/18,3.306,ft
-76.43438,35.730718,9/6/18,3.334,ft
-76.43438,35.730718,9/7/18,3.362,ft
-76.43438,35.730718,9/8/18,3.387,ft
-76.43438,35.730718,9/9/18,3.415,ft
-76.43438,35.730718,9/10/18,3.426,ft
-76.43438,35.730718,9/11/18,3.43,ft
-76.43438,35.730718,9/12/18,3.441,ft
-76.43438,35.730718,9/13/18,3.469,ft
-76.43438,35.730718,9/14/18,3.459,ft
-76.43438,35.730718,9/15/18,2.857,ft
-76.43438,35.730718,9/16/18,2.611,ft
-76.43438,35.730718,9/17/18,2.626,ft
-76.43438,35.730718,9/18/18,2.659,ft
-76.43438,35.730718,9/19/18,2.726,ft
-76.43438,35.730718,9/20/18,2.82,ft
-76.43438,35.730718,9/21/18,2.888,ft
-76.43438,35.730718,9/22/18,2.944,ft
-76.43438,35.730718,9/23/18,3.029,ft
-76.43438,35.730718,9/24/18,3.084,ft
-76.43438,35.730718,9/25/18,3.13,ft
-76.43438,35.730718,9/26/18,3.124,ft
-76.43438,35.730718,9/27/18,3.132,ft
-76.43438,35.730718,9/28/18,3.162,ft
-76.43438,35.730718,9/29/18,3.197,ft
-76.43438,35.730718,9/30/18,3.258,ft
-76.43438,35.730718,10/1/18,3.323,ft
-76.43438,35.730718,10/2/18,3.373,ft
-76.43438,35.730718,10/3/18,3.407,ft
-76.43438,35.730718,10/4/18,3.444,ft
-76.43438,35.730718,10/5/18,3.471,ft
-76.43438,35.730718,10/6/18,3.509,ft
-76.43438,35.730718,10/7/18,3.555,ft
-76.43438,35.730718,10/8/18,3.608,ft
-76.43438,35.730718,10/9/18,3.645,ft
-76.43438,35.730718,10/10/18,3.671,ft
-76.43438,35.730718,10/11/18,3.652,ft
-76.43438,35.730718,10/12/18,3.588,ft
-76.43438,35.730718,10/13/18,3.605,ft
-76.43438,35.730718,10/14/18,3.644,ft
-76.43438,35.730718,10/15/18,3.671,ft
-76.43438,35.730718,10/16/18,3.686,ft
-76.43438,35.730718,10/17/18,3.686,ft
-76.43438,35.730718,10/18/18,3.711,ft
-76.43438,35.730718,10/19/18,3.757,ft
-76.43438,35.730718,10/20/18,3.734,ft
-76.43438,35.730718,10/21/18,3.663,ft
-76.43438,35.730718,10/22/18,3.65,ft
-76.43438,35.730718,10/23/18,3.619,ft
-76.43438,35.730718,10/24/18,3.612,ft
-76.43438,35.730718,10/25/18,3.617,ft
-76.43438,35.730718,10/26/18,3.616,ft
-76.43438,35.730718,10/27/18,3.533,ft
-76.43438,35.730718,10/28/18,3.528,ft
-76.43438,35.730718,10/29/18,3.524,ft
-76.43438,35.730718,10/30/18,3.543,ft
-76.43438,35.730718,10/30/18,3.55,ft
-76.43438,35.730718,10/31/18,3.531,ft
-76.43438,35.730718,11/1/18,3.54,ft
-76.43438,35.730718,11/2/18,3.545,ft
-76.43438,35.730718,11/3/18,3.477,ft
-76.43438,35.730718,11/4/18,3.494,ft
-76.43438,35.730718,11/5/18,3.466,ft
-76.43438,35.730718,11/6/18,3.305,ft
-76.43438,35.730718,11/7/18,3.261,ft
-76.43438,35.730718,11/8/18,3.243,ft
-76.43438,35.730718,11/9/18,3.209,ft
-76.43438,35.730718,11/10/18,3.182,ft
-76.43438,35.730718,11/11/18,3.177,ft
-76.43438,35.730718,11/12/18,3.189,ft
-76.43438,35.730718,11/13/18,3.18,ft
-76.43438,35.730718,11/14/18,3.121,ft
-76.43438,35.730718,11/15/18,3.095,ft
-76.43438,35.730718,11/16/18,2.966,ft
-76.43438,35.730718,11/17/18,2.969,ft
-76.43438,35.730718,11/18/18,2.998,ft
-76.43438,35.730718,11/19/18,2.999,ft
-76.43438,35.730718,11/20/18,2.922,ft
-76.43438,35.730718,11/21/18,2.942,ft
-76.43438,35.730718,11/22/18,2.966,ft
-76.43438,35.730718,11/23/18,2.997,ft
-76.43438,35.730718,11/24/18,2.961,ft
-76.43438,35.730718,11/25/18,2.931,ft
-76.43438,35.730718,11/26/18,2.94,ft
-76.43438,35.730718,11/27/18,2.924,ft
-76.43438,35.730718,11/28/18,2.927,ft
-76.43438,35.730718,11/29/18,2.972,ft
-76.43438,35.730718,11/30/18,2.996,ft
-76.43438,35.730718,12/1/18,3.016,ft
-76.43438,35.730718,12/2/18,2.987,ft
-76.43438,35.730718,12/3/18,2.9,ft
-76.43438,35.730718,12/4/18,2.899,ft
-76.43438,35.730718,12/5/18,2.938,ft
-76.43438,35.730718,12/6/18,2.968,ft
-76.43438,35.730718,12/7/18,2.975,ft
-76.43438,35.730718,12/8/18,3.009,ft
-76.43438,35.730718,12/9/18,3.008,ft
-76.43438,35.730718,12/10/18,2.744,ft
-76.43438,35.730718,12/11/18,2.651,ft
-76.43438,35.730718,12/12/18,2.666,ft
-76.43438,35.730718,12/13/18,2.703,ft
-76.43438,35.730718,12/14/18,2.742,ft
-76.43438,35.730718,12/15/18,2.662,ft
-76.43438,35.730718,12/16/18,2.558,ft
-76.43438,35.730718,12/17/18,2.59,ft
-76.43438,35.730718,12/18/18,2.614,ft
-76.43438,35.730718,12/19/18,2.663,ft
-76.43438,35.730718,12/20/18,2.687,ft
-76.43438,35.730718,12/21/18,2.589,ft
-76.43438,35.730718,12/22/18,2.575,ft
-76.43438,35.730718,12/23/18,2.652,ft
-76.43438,35.730718,12/24/18,2.665,ft
-76.43438,35.730718,12/25/18,2.704,ft
-76.43438,35.730718,12/26/18,2.729,ft
-76.43438,35.730718,12/27/18,2.772,ft
-76.43438,35.730718,12/28/18,2.785,ft
-76.43438,35.730718,12/29/18,2.787,ft
-76.43438,35.730718,12/30/18,2.792,ft
-76.43438,35.730718,12/31/18,2.807,ft
-76.43438,35.730718,1/1/19,2.837,ft
-76.43438,35.730718,1/2/19,2.865,ft
-76.43438,35.730718,1/3/19,2.872,ft
-76.43438,35.730718,1/4/19,2.883,ft
-76.43438,35.730718,1/5/19,2.882,ft
-76.43438,35.730718,1/6/19,2.91,ft
-76.43438,35.730718,1/7/19,2.966,ft
-76.43438,35.730718,1/8/19,2.974,ft
-76.43438,35.730718,1/9/19,2.969,ft
-76.43438,35.730718,1/10/19,2.988,ft
-76.43438,35.730718,1/11/19,3.029,ft
-76.43438,35.730718,1/12/19,3.064,ft
-76.43438,35.730718,1/13/19,3.083,ft
-76.43438,35.730718,1/14/19,2.945,ft
-76.43438,35.730718,1/15/19,2.924,ft
-76.43438,35.730718,1/16/19,2.938,ft
-76.43438,35.730718,1/17/19,2.975,ft
-76.43438,35.730718,1/18/19,2.982,ft
-76.43438,35.730718,1/19/19,3.015,ft
-76.43438,35.730718,1/20/19,2.986,ft
-76.43438,35.730718,1/21/19,2.95,ft
-76.43438,35.730718,1/22/19,2.977,ft
-76.43438,35.730718,1/23/19,2.97,ft
-76.43438,35.730718,1/24/19,2.941,ft
-76.43438,35.730718,1/25/19,2.716,ft
-76.43438,35.730718,1/26/19,2.695,ft
-76.43438,35.730718,1/27/19,2.723,ft
-76.43438,35.730718,1/28/19,2.737,ft
-76.43438,35.730718,1/29/19,2.785,ft
-76.43438,35.730718,1/30/19,2.826,ft
-76.43438,35.730718,1/31/19,2.87,ft
-76.43438,35.730718,2/1/19,2.9,ft
-76.43438,35.730718,2/2/19,2.917,ft
-76.43438,35.730718,2/3/19,2.926,ft
-76.43438,35.730718,2/4/19,2.889,ft
-76.43438,35.730718,2/4/19,2.72,ft
-76.43438,35.730718,2/5/19,2.715,ft
-76.43438,35.730718,2/6/19,2.739,ft
-76.43438,35.730718,2/7/19,2.763,ft
-76.43438,35.730718,2/8/19,2.776,ft
-76.43438,35.730718,2/9/19,2.835,ft
-76.43438,35.730718,2/10/19,2.863,ft
-76.43438,35.730718,2/11/19,2.854,ft
-76.43438,35.730718,2/12/19,2.838,ft
-76.43438,35.730718,2/13/19,2.832,ft
-76.43438,35.730718,2/14/19,2.863,ft
-76.43438,35.730718,2/15/19,2.875,ft
-76.43438,35.730718,2/16/19,2.895,ft
-76.43438,35.730718,2/17/19,2.896,ft
-76.43438,35.730718,2/18/19,2.88,ft
-76.43438,35.730718,2/19/19,2.891,ft
-76.43438,35.730718,2/20/19,2.888,ft
-76.43438,35.730718,2/21/19,2.884,ft
-76.43438,35.730718,2/22/19,2.88,ft
-76.43438,35.730718,2/23/19,2.876,ft
-76.43438,35.730718,2/24/19,2.75,ft
-76.43438,35.730718,2/25/19,2.725,ft
-76.43438,35.730718,2/26/19,2.768,ft
-76.43438,35.730718,2/27/19,2.77,ft
-76.43438,35.730718,2/28/19,2.788,ft
-76.43438,35.730718,3/1/19,2.825,ft
-76.43438,35.730718,3/2/19,2.828,ft
-76.43438,35.730718,3/3/19,2.823,ft
-76.43438,35.730718,3/4/19,2.811,ft
-76.43438,35.730718,3/5/19,2.778,ft
-76.43438,35.730718,3/6/19,2.775,ft
-76.43438,35.730718,3/7/19,2.802,ft
-76.43438,35.730718,3/8/19,2.827,ft
-76.43438,35.730718,3/9/19,2.841,ft
-76.43438,35.730718,3/10/19,2.863,ft
-76.43438,35.730718,3/11/19,2.884,ft
-76.43438,35.730718,3/12/19,2.915,ft
-76.43438,35.730718,3/13/19,2.934,ft
-76.43438,35.730718,3/14/19,2.968,ft
-76.43438,35.730718,3/15/19,2.983,ft
-76.43438,35.730718,3/16/19,2.985,ft
-76.43438,35.730718,3/17/19,3.01,ft
-76.43438,35.730718,3/18/19,3.029,ft
-76.43438,35.730718,3/19/19,3.063,ft
-76.43438,35.730718,3/20/19,3.085,ft
-76.43438,35.730718,3/21/19,3.062,ft
-76.43438,35.730718,3/22/19,3.04,ft
-76.43438,35.730718,3/23/19,3.099,ft
-76.43438,35.730718,3/24/19,3.138,ft
-76.43438,35.730718,3/25/19,3.14,ft
-76.43438,35.730718,3/26/19,3.124,ft
-76.43438,35.730718,3/27/19,3.094,ft
-76.43438,35.730718,3/28/19,3.088,ft
-76.43438,35.730718,3/29/19,3.093,ft
-76.43438,35.730718,3/30/19,3.107,ft
-76.43438,35.730718,3/31/19,3.124,ft
-76.43438,35.730718,4/1/19,3.164,ft
-76.43438,35.730718,4/2/19,3.184,ft
-76.43438,35.730718,4/3/19,3.087,ft
-76.43438,35.730718,4/4/19,3.076,ft
-76.43438,35.730718,4/5/19,3.069,ft
-76.43438,35.730718,4/6/19,3.079,ft
-76.43438,35.730718,4/7/19,3.075,ft
-76.43438,35.730718,4/8/19,3.08,ft
-76.43438,35.730718,4/9/19,3.062,ft
-76.43438,35.730718,4/10/19,2.938,ft
-76.43438,35.730718,4/11/19,2.967,ft
-76.43438,35.730718,4/12/19,2.998,ft
-76.43438,35.730718,4/13/19,3.027,ft
-76.43438,35.730718,4/14/19,2.946,ft
-76.43438,35.730718,4/15/19,2.881,ft
-76.43438,35.730718,4/16/19,2.909,ft
-76.43438,35.730718,4/17/19,2.918,ft
-76.43438,35.730718,4/18/19,2.958,ft
-76.43438,35.730718,4/19/19,2.984,ft
-76.43438,35.730718,4/20/19,2.849,ft
-76.43438,35.730718,4/21/19,2.8,ft
-76.43438,35.730718,4/22/19,2.829,ft
-76.43438,35.730718,4/23/19,2.874,ft
-76.43438,35.730718,4/24/19,2.891,ft
-76.43438,35.730718,4/25/19,2.929,ft
-76.43438,35.730718,4/26/19,2.974,ft
-76.43438,35.730718,4/27/19,3.008,ft
-76.43438,35.730718,4/28/19,3.07,ft
-76.43438,35.730718,4/29/19,3.135,ft
-76.43438,35.730718,4/30/19,3.138,ft
-76.43438,35.730718,5/1/19,3.172,ft
-76.43438,35.730718,5/2/19,3.203,ft
-76.43438,35.730718,5/3/19,3.229,ft
-76.43438,35.730718,5/4/19,3.244,ft
-76.43438,35.730718,5/5/19,3.271,ft
-76.43438,35.730718,5/6/19,3.307,ft
-76.43438,35.730718,5/7/19,3.336,ft
-76.43438,35.730718,5/7/19,3.34,ft
-76.43438,35.730718,5/8/19,3.39,ft
-76.43438,35.730718,5/9/19,3.375,ft
-76.43438,35.730718,5/10/19,3.48,ft
-76.43438,35.730718,5/11/19,3.597,ft
-76.43438,35.730718,5/12/19,3.855,ft
-76.43438,35.730718,5/13/19,4,ft
-76.43438,35.730718,5/14/19,3.871,ft
-76.43438,35.730718,5/15/19,3.732,ft
-76.43438,35.730718,5/16/19,3.748,ft
-76.43438,35.730718,5/17/19,3.832,ft
-76.43438,35.730718,5/18/19,3.86,ft
-76.43438,35.730718,5/19/19,3.742,ft
-76.43438,35.730718,5/20/19,3.816,ft
-76.43438,35.730718,5/21/19,3.96,ft
-76.43438,35.730718,5/22/19,3.719,ft
-76.43438,35.730718,5/23/19,3.659,ft
-76.43438,35.730718,5/24/19,3.938,ft
-76.43438,35.730718,5/25/19,3.843,ft
-76.43438,35.730718,5/26/19,3.944,ft
-76.43438,35.730718,5/27/19,4.144,ft
-76.43438,35.730718,5/28/19,4.173,ft
-76.43438,35.730718,5/29/19,4.302,ft
-76.43438,35.730718,5/30/19,4.296,ft
-76.43438,35.730718,5/31/19,4.369,ft
-76.43438,35.730718,6/1/19,4.085,ft
-76.43438,35.730718,6/2/19,3.877,ft
-76.43438,35.730718,6/3/19,3.834,ft
-76.43438,35.730718,6/4/19,3.51,ft
-76.43438,35.730718,6/5/19,3.609,ft
-76.43438,35.730718,6/6/19,3.851,ft
-76.43438,35.730718,6/7/19,3.906,ft
-76.43438,35.730718,6/8/19,3.587,ft
-76.43438,35.730718,6/9/19,3.465,ft
-76.43438,35.730718,6/10/19,3.487,ft
-76.43438,35.730718,6/11/19,3.548,ft
-76.43438,35.730718,6/12/19,3.325,ft
-76.43438,35.730718,6/13/19,3.598,ft
-76.43438,35.730718,6/14/19,3.303,ft
-76.43438,35.730718,6/15/19,3.168,ft
-76.43438,35.730718,6/16/19,3.375,ft
-76.43438,35.730718,6/17/19,3.431,ft
-76.43438,35.730718,6/18/19,3.493,ft
-76.43438,35.730718,6/19/19,3.705,ft
-76.43438,35.730718,6/20/19,3.84,ft
-76.43438,35.730718,6/21/19,3.861,ft
-76.43438,35.730718,6/22/19,3.582,ft
-76.43438,35.730718,6/23/19,3.483,ft
-76.43438,35.730718,6/24/19,3.644,ft
-76.43438,35.730718,6/25/19,3.774,ft
-76.43438,35.730718,6/26/19,3.583,ft
-76.43438,35.730718,6/27/19,3.494,ft
-76.43438,35.730718,6/28/19,3.489,ft
-76.43438,35.730718,6/29/19,3.539,ft
-76.43438,35.730718,6/30/19,3.813,ft
-76.43438,35.730718,7/1/19,3.908,ft
-76.43438,35.730718,7/2/19,3.892,ft
-76.43438,35.730718,7/3/19,4.032,ft
-76.43438,35.730718,7/4/19,3.954,ft
-76.43438,35.730718,7/5/19,3.848,ft
-76.43438,35.730718,7/6/19,3.764,ft
-76.43438,35.730718,7/7/19,3.748,ft
-76.43438,35.730718,7/8/19,3.77,ft
-76.43438,35.730718,7/9/19,3.475,ft
-76.43438,35.730718,7/10/19,3.357,ft
-76.43438,35.730718,7/11/19,3.452,ft
-76.43438,35.730718,7/12/19,3.553,ft
-76.43438,35.730718,7/13/19,3.497,ft
-76.43438,35.730718,7/14/19,3.435,ft
-76.43438,35.730718,7/15/19,3.408,ft
-76.43438,35.730718,7/16/19,3.368,ft
-76.43438,35.730718,7/17/19,3.424,ft
-76.43438,35.730718,7/18/19,3.553,ft
-76.43438,35.730718,7/19/19,3.564,ft
-76.43438,35.730718,7/20/19,3.591,ft
-76.43438,35.730718,7/21/19,3.632,ft
-76.43438,35.730718,7/22/19,3.676,ft
-76.43438,35.730718,7/23/19,3.738,ft
-76.43438,35.730718,7/24/19,3.816,ft
-76.43438,35.730718,7/25/19,3.733,ft
-76.43438,35.730718,7/26/19,3.582,ft
-76.43438,35.730718,7/27/19,3.56,ft
-76.43438,35.730718,7/28/19,3.677,ft
-76.43438,35.730718,7/29/19,3.829,ft
-76.43438,35.730718,7/30/19,3.901,ft
-76.43438,35.730718,7/31/19,3.968,ft
-76.43438,35.730718,8/1/19,4.025,ft
-76.43438,35.730718,8/2/19,4.075,ft
-76.43438,35.730718,8/3/19,4.169,ft
-76.43438,35.730718,8/4/19,4.232,ft
-76.43438,35.730718,8/5/19,4.271,ft
-76.43438,35.730718,8/6/19,4.322,ft
-76.43438,35.730718,8/7/19,4.35,ft
-76.43438,35.730718,8/7/19,4.4,ft
-76.43438,35.730718,8/8/19,4.4,ft
-76.43438,35.730718,8/9/19,4.435,ft
-76.43438,35.730718,8/10/19,4.478,ft
-76.43438,35.730718,8/11/19,4.543,ft
-76.43438,35.730718,8/12/19,4.584,ft
-76.43438,35.730718,8/13/19,4.623,ft
-76.43438,35.730718,8/14/19,4.659,ft
-76.43438,35.730718,8/15/19,4.707,ft
-76.43438,35.730718,8/16/19,4.769,ft
-76.43438,35.730718,8/17/19,4.799,ft
-76.43438,35.730718,8/18/19,4.815,ft
-76.43438,35.730718,8/19/19,4.826,ft
-76.43438,35.730718,8/20/19,4.827,ft
-76.43438,35.730718,8/21/19,4.861,ft
-76.43438,35.730718,8/22/19,4.916,ft
-76.43438,35.730718,8/23/19,5,ft
-76.43438,35.730718,8/24/19,5.123,ft
-76.43438,35.730718,8/25/19,5.145,ft
-76.43438,35.730718,8/26/19,5.138,ft
-76.43438,35.730718,8/27/19,5.157,ft
-76.43438,35.730718,8/28/19,5.179,ft
-76.43438,35.730718,8/29/19,5.213,ft
-76.43438,35.730718,8/30/19,5.305,ft
-76.43438,35.730718,8/31/19,5.391,ft
-76.43438,35.730718,9/1/19,5.481,ft
-76.43438,35.730718,9/2/19,5.517,ft
-76.43438,35.730718,9/3/19,5.539,ft
-76.43438,35.730718,9/4/19,5.601,ft
-76.43438,35.730718,9/5/19,5.69,ft
-76.43438,35.730718,9/6/19,4.743,ft
-76.43438,35.730718,9/7/19,3.453,ft
-76.43438,35.730718,9/8/19,3.301,ft
-76.43438,35.730718,9/9/19,3.285,ft
-76.43438,35.730718,9/10/19,3.167,ft
-76.43438,35.730718,9/11/19,3.085,ft
-76.43438,35.730718,9/12/19,3.068,ft
-76.43438,35.730718,9/13/19,3.067,ft
-76.43438,35.730718,9/14/19,3.075,ft
-76.43438,35.730718,9/15/19,3.088,ft
-76.43438,35.730718,9/16/19,3.105,ft
-76.43438,35.730718,9/17/19,3.123,ft
-76.43438,35.730718,9/18/19,3.155,ft
-76.43438,35.730718,9/19/19,3.178,ft
-76.43438,35.730718,9/20/19,3.197,ft
-76.43438,35.730718,9/21/19,3.224,ft
-76.43438,35.730718,9/22/19,3.26,ft
-76.43438,35.730718,9/23/19,3.292,ft
-76.43438,35.730718,9/24/19,3.318,ft
-76.43438,35.730718,9/25/19,3.338,ft
-76.43438,35.730718,9/26/19,3.376,ft
-76.43438,35.730718,9/27/19,3.401,ft
-76.43438,35.730718,9/28/19,3.44,ft
-76.43438,35.730718,9/29/19,3.475,ft
-76.43438,35.730718,9/30/19,3.511,ft
-76.43438,35.730718,10/1/19,3.542,ft
-76.43438,35.730718,10/2/19,3.573,ft
-76.43438,35.730718,10/3/19,3.605,ft
-76.43438,35.730718,10/4/19,3.629,ft
-76.43438,35.730718,10/5/19,3.635,ft
-76.43438,35.730718,10/6/19,3.644,ft
-76.43438,35.730718,10/7/19,3.653,ft
-76.43438,35.730718,10/8/19,3.68,ft
-76.43438,35.730718,10/9/19,3.69,ft
-76.43438,35.730718,10/10/19,3.69,ft
-76.43438,35.730718,10/11/19,3.702,ft
-76.43438,35.730718,10/12/19,3.702,ft
-76.43438,35.730718,10/13/19,3.713,ft
-76.43438,35.730718,10/14/19,3.725,ft
-76.43438,35.730718,10/15/19,3.731,ft
-76.43438,35.730718,10/16/19,3.745,ft
-76.43438,35.730718,10/17/19,3.741,ft
-76.43438,35.730718,10/18/19,3.753,ft
-76.43438,35.730718,10/19/19,3.77,ft
-76.43438,35.730718,10/20/19,3.794,ft
-76.43438,35.730718,10/21/19,3.798,ft
-76.43438,35.730718,10/22/19,3.795,ft
-76.43438,35.730718,10/23/19,3.805,ft
-76.43438,35.730718,10/24/19,3.794,ft
-76.43438,35.730718,10/25/19,3.799,ft
-76.43438,35.730718,10/26/19,3.807,ft
-76.43438,35.730718,10/27/19,3.813,ft
-76.43438,35.730718,10/28/19,3.808,ft
-76.43438,35.730718,10/29/19,3.815,ft
-76.43438,35.730718,10/29/19,3.8,ft
-76.43438,35.730718,10/30/19,3.801,ft
-76.43438,35.730718,10/31/19,3.802,ft
-76.43438,35.730718,11/1/19,3.777,ft
-76.43438,35.730718,11/2/19,3.785,ft
-76.43438,35.730718,11/3/19,3.781,ft
-76.43438,35.730718,11/4/19,3.797,ft
-76.43438,35.730718,11/5/19,3.81,ft
-76.43438,35.730718,11/6/19,3.82,ft
-76.43438,35.730718,11/7/19,3.814,ft
-76.43438,35.730718,11/8/19,3.801,ft
-76.43438,35.730718,11/9/19,3.794,ft
-76.43438,35.730718,11/10/19,3.783,ft
-76.43438,35.730718,11/11/19,3.776,ft
-76.43438,35.730718,11/12/19,3.78,ft
-76.43438,35.730718,11/13/19,3.78,ft
-76.43438,35.730718,11/14/19,3.775,ft
-76.43438,35.730718,11/15/19,3.759,ft
-76.43438,35.730718,11/16/19,3.637,ft
-76.43438,35.730718,11/17/19,3.521,ft
-76.43438,35.730718,11/18/19,3.481,ft
-76.43438,35.730718,11/19/19,3.468,ft
-76.43438,35.730718,11/20/19,3.488,ft
-76.43438,35.730718,11/21/19,3.512,ft
-76.43438,35.730718,11/22/19,3.511,ft
-76.43438,35.730718,11/23/19,3.528,ft
-76.43438,35.730718,11/24/19,3.478,ft
-76.43438,35.730718,11/25/19,3.471,ft
-76.43438,35.730718,11/26/19,3.492,ft
-76.43438,35.730718,11/27/19,3.513,ft
-76.43438,35.730718,11/28/19,3.511,ft
-76.43438,35.730718,11/29/19,3.534,ft
-76.43438,35.730718,11/30/19,3.539,ft
-76.43438,35.730718,12/1/19,3.538,ft
-76.43438,35.730718,12/2/19,3.48,ft
-76.43438,35.730718,12/3/19,3.489,ft
-76.43438,35.730718,12/4/19,3.482,ft
-76.43438,35.730718,12/5/19,3.484,ft
-76.43438,35.730718,12/6/19,3.501,ft
-76.43438,35.730718,12/7/19,3.507,ft
-76.43438,35.730718,12/8/19,3.526,ft
-76.43438,35.730718,12/9/19,3.521,ft
-76.43438,35.730718,12/10/19,3.284,ft
-76.43438,35.730718,12/11/19,3.298,ft
-76.43438,35.730718,12/12/19,3.324,ft
-76.43438,35.730718,12/13/19,3.299,ft
-76.43438,35.730718,12/14/19,3.19,ft
-76.43438,35.730718,12/15/19,3.189,ft
-76.43438,35.730718,12/16/19,3.22,ft
-76.43438,35.730718,12/17/19,3.224,ft
-76.43438,35.730718,12/18/19,3.218,ft
-76.43438,35.730718,12/19/19,3.257,ft
-76.43438,35.730718,12/20/19,3.287,ft
-76.43438,35.730718,12/21/19,3.307,ft
-76.43438,35.730718,12/22/19,3.31,ft
-76.43438,35.730718,12/23/19,3.314,ft
-76.43438,35.730718,12/24/19,3.307,ft
-76.43438,35.730718,12/25/19,3.327,ft
-76.43438,35.730718,12/26/19,3.353,ft
-76.43438,35.730718,12/27/19,3.369,ft
-76.43438,35.730718,12/28/19,3.378,ft
-76.43438,35.730718,12/29/19,3.396,ft
-76.43438,35.730718,12/30/19,3.4,ft
-76.43438,35.730718,12/31/19,3.385,ft
-76.43438,35.730718,1/1/20,3.388,ft
-76.43438,35.730718,1/2/20,3.415,ft
-76.43438,35.730718,1/3/20,3.433,ft
-76.43438,35.730718,1/4/20,3.439,ft
-76.43438,35.730718,1/5/20,3.392,ft
-76.43438,35.730718,1/6/20,3.368,ft
-76.43438,35.730718,1/7/20,3.355,ft
-76.43438,35.730718,1/8/20,3.37,ft
-76.43438,35.730718,1/9/20,3.392,ft
-76.43438,35.730718,1/10/20,3.419,ft
-76.43438,35.730718,1/11/20,3.411,ft
-76.43438,35.730718,1/12/20,3.413,ft
-76.43438,35.730718,1/13/20,3.372,ft
-76.43438,35.730718,1/14/20,3.301,ft
-76.43438,35.730718,1/15/20,3.217,ft
-76.43438,35.730718,1/16/20,3.197,ft
-76.43438,35.730718,1/17/20,3.227,ft
-76.43438,35.730718,1/18/20,3.247,ft
-76.43438,35.730718,1/19/20,3.202,ft
-76.43438,35.730718,1/20/20,3.244,ft
-76.43438,35.730718,1/21/20,3.272,ft
-76.43438,35.730718,1/22/20,3.287,ft
-76.43438,35.730718,1/23/20,3.298,ft
-76.43438,35.730718,1/24/20,3.301,ft
-76.43438,35.730718,1/25/20,3.307,ft
-76.43438,35.730718,1/26/20,3.312,ft
-76.43438,35.730718,1/27/20,3.312,ft
-76.43438,35.730718,1/28/20,3.318,ft
-76.43438,35.730718,1/28/20,3.33,ft
-76.43438,35.730718,1/29/20,3.148,ft
-76.43438,35.730718,1/30/20,3.082,ft
-76.43438,35.730718,1/31/20,2.976,ft
-76.43438,35.730718,2/1/20,3.275,ft
-76.43438,35.730718,2/2/20,3.297,ft
-76.43438,35.730718,2/3/20,3.152,ft
-76.43438,35.730718,2/4/20,3.129,ft
-76.43438,35.730718,2/5/20,3.179,ft
-76.43438,35.730718,2/6/20,3.396,ft
-76.43438,35.730718,2/7/20,3.692,ft
-76.43438,35.730718,2/8/20,2.376,ft
-76.43438,35.730718,2/9/20,2.111,ft
-76.43438,35.730718,2/10/20,2.25,ft
-76.43438,35.730718,2/11/20,2.609,ft
-76.43438,35.730718,2/12/20,2.56,ft
-76.43438,35.730718,2/13/20,2.884,ft
-76.43438,35.730718,2/14/20,2.524,ft
-76.43438,35.730718,2/15/20,2.102,ft
-76.43438,35.730718,2/16/20,2.348,ft
-76.43438,35.730718,2/17/20,2.563,ft
-76.43438,35.730718,2/18/20,2.457,ft
-76.43438,35.730718,2/19/20,2.598,ft
-76.43438,35.730718,2/20/20,2.296,ft
-76.43438,35.730718,2/21/20,2.279,ft
-76.43438,35.730718,2/22/20,2.118,ft
-76.43438,35.730718,2/23/20,2.261,ft
-76.43438,35.730718,2/24/20,2.52,ft
-76.43438,35.730718,2/25/20,2.785,ft
-76.43438,35.730718,2/26/20,2.848,ft
-76.43438,35.730718,2/27/20,2.953,ft
-76.43438,35.730718,2/28/20,2.612,ft
-76.43438,35.730718,2/29/20,2.746,ft
-76.43438,35.730718,3/1/20,2.455,ft
-76.43438,35.730718,3/2/20,2.556,ft
-76.43438,35.730718,3/3/20,2.926,ft
-76.43438,35.730718,3/4/20,2.898,ft
-76.43438,35.730718,3/5/20,2.787,ft
-76.43438,35.730718,3/6/20,3.031,ft
-76.43438,35.730718,3/7/20,2.645,ft
-76.43438,35.730718,3/8/20,2.197,ft
-76.43438,35.730718,3/9/20,2.191,ft
-76.43438,35.730718,3/10/20,2.412,ft
-76.43438,35.730718,3/11/20,2.702,ft
-76.43438,35.730718,3/12/20,2.863,ft
-76.43438,35.730718,3/13/20,2.895,ft
-76.43438,35.730718,3/14/20,2.529,ft
-76.43438,35.730718,3/15/20,2.579,ft
-76.43438,35.730718,3/16/20,2.472,ft
-76.43438,35.730718,3/17/20,2.651,ft
-76.43438,35.730718,3/18/20,2.555,ft
-76.43438,35.730718,3/19/20,2.627,ft
-76.43438,35.730718,3/20/20,2.688,ft
-76.43438,35.730718,3/21/20,2.806,ft
-76.43438,35.730718,3/22/20,2.52,ft
-76.43438,35.730718,3/23/20,2.772,ft
-76.43438,35.730718,3/24/20,2.827,ft
-76.43438,35.730718,3/25/20,3.245,ft
-76.43438,35.730718,3/26/20,2.713,ft
-76.43438,35.730718,3/27/20,2.888,ft
-76.43438,35.730718,3/28/20,2.853,ft
-76.43438,35.730718,3/29/20,2.882,ft
-76.43438,35.730718,3/30/20,2.881,ft
-76.43438,35.730718,3/31/20,2.948,ft
-76.43438,35.730718,4/1/20,3.323,ft
-76.43438,35.730718,4/2/20,2.903,ft
-76.43438,35.730718,4/3/20,2.953,ft
-76.43438,35.730718,4/4/20,2.919,ft
-76.43438,35.730718,4/5/20,2.768,ft
-76.43438,35.730718,4/6/20,2.795,ft
-76.43438,35.730718,4/7/20,2.88,ft
-76.43438,35.730718,4/8/20,3.238,ft
-76.43438,35.730718,4/9/20,3.393,ft
-76.43438,35.730718,4/10/20,3.226,ft
-76.43438,35.730718,4/11/20,2.812,ft
-76.43438,35.730718,4/12/20,2.706,ft
-76.43438,35.730718,4/13/20,3.086,ft
-76.43438,35.730718,4/14/20,2.84,ft
-76.43438,35.730718,4/15/20,2.845,ft
-76.43438,35.730718,4/16/20,2.683,ft
-76.43438,35.730718,4/17/20,2.52,ft
-76.43438,35.730718,4/18/20,3.058,ft
-76.43438,35.730718,4/19/20,2.806,ft
-76.43438,35.730718,4/20/20,3.376,ft
-76.43438,35.730718,4/21/20,3.046,ft
-76.43438,35.730718,4/22/20,2.806,ft
-76.43438,35.730718,4/23/20,2.717,ft
-76.43438,35.730718,4/24/20,3.192,ft
-76.43438,35.730718,4/25/20,2.901,ft
-76.43438,35.730718,4/26/20,3.091,ft
-76.43438,35.730718,4/27/20,3.035,ft
-76.43438,35.730718,4/28/20,2.661,ft
-76.43438,35.730718,4/29/20,2.784,ft
-76.43438,35.730718,4/30/20,3.036,ft
-76.43438,35.730718,5/1/20,3.22,ft
-76.43438,35.730718,5/2/20,2.784,ft
-76.43438,35.730718,5/3/20,2.884,ft
-76.43438,35.730718,5/4/20,3.187,ft
-76.43438,35.730718,5/5/20,2.969,ft
-76.43438,35.730718,5/6/20,3.187,ft
-76.43438,35.730718,5/6/20,3.22,ft
-76.43438,35.730718,5/7/20,3.049,ft
-76.43438,35.730718,5/8/20,2.939,ft
-76.43438,35.730718,5/9/20,2.942,ft
-76.43438,35.730718,5/10/20,2.687,ft
-76.43438,35.730718,5/11/20,3.075,ft
-76.43438,35.730718,5/12/20,2.87,ft
-76.43438,35.730718,5/13/20,2.784,ft
-76.43438,35.730718,5/14/20,2.825,ft
-76.43438,35.730718,5/15/20,3.016,ft
-76.43438,35.730718,5/16/20,3.182,ft
-76.43438,35.730718,5/17/20,3.212,ft
-76.43438,35.730718,5/18/20,3.59,ft
-76.43438,35.730718,5/19/20,3.077,ft
-76.43438,35.730718,5/20/20,2.934,ft
-76.43438,35.730718,5/21/20,2.835,ft
-76.43438,35.730718,5/22/20,2.804,ft
-76.43438,35.730718,5/23/20,2.846,ft
-76.43438,35.730718,5/24/20,2.881,ft
-76.43438,35.730718,5/25/20,2.828,ft
-76.43438,35.730718,5/26/20,2.892,ft
-76.43438,35.730718,5/26/20,2.94,ft
-76.43438,35.730718,5/27/20,2.94,ft
-76.43438,35.730718,5/28/20,2.98,ft
-76.43438,35.730718,5/29/20,2.943,ft
-76.43438,35.730718,5/30/20,2.683,ft
-76.43438,35.730718,5/31/20,2.633,ft
-76.43438,35.730718,6/1/20,2.681,ft
-76.43438,35.730718,6/2/20,2.716,ft
-76.43438,35.730718,6/3/20,2.748,ft
-76.43438,35.730718,6/4/20,2.807,ft
-76.43438,35.730718,6/5/20,2.838,ft
-76.43438,35.730718,6/6/20,2.875,ft
-76.43438,35.730718,6/7/20,2.896,ft
-76.43438,35.730718,6/8/20,2.94,ft
-76.43438,35.730718,6/9/20,2.972,ft
-76.43438,35.730718,6/10/20,3.016,ft
-76.43438,35.730718,6/11/20,3.049,ft
-76.43438,35.730718,6/12/20,3.087,ft
-76.43438,35.730718,6/13/20,3.007,ft
-76.43438,35.730718,6/14/20,2.96,ft
-76.43438,35.730718,6/15/20,2.964,ft
-76.43438,35.730718,6/16/20,2.966,ft
-76.43438,35.730718,6/17/20,2.902,ft
-76.43438,35.730718,6/18/20,2.902,ft
-76.43438,35.730718,6/19/20,2.928,ft
-76.43438,35.730718,6/20/20,2.945,ft
-76.43438,35.730718,6/21/20,2.936,ft
-76.43438,35.730718,6/22/20,2.955,ft
-76.43438,35.730718,6/23/20,2.959,ft
-76.43438,35.730718,6/24/20,2.962,ft
-76.43438,35.730718,6/25/20,2.973,ft
-76.43438,35.730718,6/26/20,2.982,ft
-76.43438,35.730718,6/27/20,2.997,ft
-76.43438,35.730718,6/28/20,3.003,ft
-76.43438,35.730718,6/29/20,3.03,ft
-76.43438,35.730718,6/30/20,3.041,ft
-76.43438,35.730718,7/1/20,3.067,ft
-76.43438,35.730718,7/2/20,3.09,ft
-76.43438,35.730718,7/3/20,3.099,ft
-76.43438,35.730718,7/4/20,3.125,ft
-76.43438,35.730718,7/5/20,3.135,ft
-76.43438,35.730718,7/6/20,3.161,ft
-76.43438,35.730718,7/7/20,3.186,ft
-76.43438,35.730718,7/8/20,3.198,ft
-76.43438,35.730718,7/9/20,3.207,ft
-76.43438,35.730718,7/10/20,3.229,ft
-76.43438,35.730718,7/11/20,3.249,ft
-76.43438,35.730718,7/12/20,3.264,ft
-76.43438,35.730718,7/13/20,3.294,ft
-76.43438,35.730718,7/14/20,3.32,ft
-76.43438,35.730718,7/15/20,3.358,ft
-76.43438,35.730718,7/16/20,3.376,ft
-76.43438,35.730718,7/17/20,3.424,ft
-76.43438,35.730718,7/18/20,3.453,ft
-76.43438,35.730718,7/19/20,3.477,ft
-76.43438,35.730718,7/20/20,3.497,ft
-76.43438,35.730718,7/21/20,3.528,ft
-76.43438,35.730718,7/22/20,3.558,ft
-76.43438,35.730718,7/23/20,3.608,ft
-76.43438,35.730718,7/24/20,3.664,ft
-76.43438,35.730718,7/25/20,3.703,ft
-76.43438,35.730718,7/26/20,3.759,ft
-76.43438,35.730718,7/27/20,3.812,ft
-76.43438,35.730718,7/28/20,3.837,ft
-76.43438,35.730718,7/29/20,3.868,ft
-76.43438,35.730718,7/30/20,3.878,ft
-76.43438,35.730718,7/31/20,3.913,ft
-76.43438,35.730718,8/1/20,3.929,ft
-76.43438,35.730718,8/2/20,3.935,ft
-76.43438,35.730718,8/3/20,3.952,ft
-76.43438,35.730718,8/4/20,3.963,ft
-76.43438,35.730718,8/5/20,3.967,ft
-76.43438,35.730718,8/6/20,3.955,ft
-76.43438,35.730718,8/6/20,3.95,ft
-76.43438,35.730718,8/7/20,3.94,ft
-76.43438,35.730718,8/8/20,3.934,ft
-76.43438,35.730718,8/9/20,3.913,ft
-76.43438,35.730718,8/10/20,3.898,ft
-76.43438,35.730718,8/11/20,3.902,ft
-76.43438,35.730718,8/12/20,3.91,ft
-76.43438,35.730718,8/13/20,3.944,ft
-76.43438,35.730718,8/14/20,3.714,ft
-76.43438,35.730718,8/15/20,3.607,ft
-76.43438,35.730718,8/16/20,3.543,ft
-76.43438,35.730718,8/17/20,3.491,ft
-76.43438,35.730718,8/18/20,3.492,ft
-76.43438,35.730718,8/19/20,3.501,ft
-76.43438,35.730718,8/20/20,3.185,ft
-76.43438,35.730718,8/21/20,3.084,ft
-76.43438,35.730718,8/22/20,3.065,ft
-76.43438,35.730718,8/23/20,3.106,ft
-76.43438,35.730718,8/24/20,3.13,ft
-76.43438,35.730718,8/25/20,3.151,ft
-76.43438,35.730718,8/26/20,3.194,ft
-76.43438,35.730718,8/27/20,3.222,ft
-76.43438,35.730718,8/28/20,3.25,ft
-76.43438,35.730718,8/29/20,3.279,ft
-76.43438,35.730718,8/30/20,3.297,ft
-76.43438,35.730718,8/31/20,3.332,ft
-76.43438,35.730718,9/1/20,3.359,ft
-76.43438,35.730718,9/2/20,3.34,ft
-76.43438,35.730718,9/3/20,3.291,ft
-76.43438,35.730718,9/4/20,3.298,ft
-76.43438,35.730718,9/5/20,3.315,ft
-76.43438,35.730718,9/6/20,3.348,ft
-76.43438,35.730718,9/7/20,3.391,ft
-76.43438,35.730718,9/8/20,3.418,ft
-76.43438,35.730718,9/9/20,3.419,ft
-76.43438,35.730718,9/10/20,3.413,ft
-76.43438,35.730718,9/11/20,3.409,ft
-76.43438,35.730718,9/12/20,3.27,ft
-76.43438,35.730718,9/13/20,3.163,ft
-76.43438,35.730718,9/14/20,3.199,ft
-76.43438,35.730718,9/15/20,3.246,ft
-76.43438,35.730718,9/16/20,3.28,ft
-76.43438,35.730718,9/17/20,3.295,ft
-76.43438,35.730718,9/18/20,3.062,ft
-76.43438,35.730718,9/19/20,2.884,ft
-76.43438,35.730718,9/20/20,2.923,ft
-76.43438,35.730718,9/21/20,2.981,ft
-76.43438,35.730718,9/22/20,3.008,ft
-76.43438,35.730718,9/23/20,3.033,ft
-76.43438,35.730718,9/24/20,3.057,ft
-76.43438,35.730718,9/25/20,3.089,ft
-76.43438,35.730718,9/26/20,3.09,ft
-76.43438,35.730718,9/27/20,3.117,ft
-76.43438,35.730718,9/28/20,3.137,ft
-76.43438,35.730718,9/29/20,3.172,ft
-76.43438,35.730718,9/30/20,3.166,ft
-76.43438,35.730718,10/1/20,3.166,ft
-76.43438,35.730718,10/2/20,3.191,ft
-76.43438,35.730718,10/3/20,3.201,ft
-76.43438,35.730718,10/4/20,3.22,ft
-76.43438,35.730718,10/5/20,3.235,ft
-76.43438,35.730718,10/6/20,3.252,ft
-76.43438,35.730718,10/7/20,3.274,ft
-76.43438,35.730718,10/8/20,3.309,ft
-76.43438,35.730718,10/9/20,3.322,ft
-76.43438,35.730718,10/10/20,3.369,ft
-76.43438,35.730718,10/11/20,3.381,ft
-76.43438,35.730718,10/12/20,3.391,ft
-76.43438,35.730718,10/13/20,3.38,ft
-76.43438,35.730718,10/14/20,3.381,ft
-76.43438,35.730718,10/15/20,3.4,ft
-76.43438,35.730718,10/16/20,3.418,ft
-76.43438,35.730718,10/17/20,3.428,ft
-76.43438,35.730718,10/18/20,3.434,ft
-76.43438,35.730718,10/19/20,3.441,ft
-76.43438,35.730718,10/20/20,3.446,ft
-76.43438,35.730718,10/21/20,3.448,ft
-76.43438,35.730718,10/22/20,3.465,ft
-76.43438,35.730718,10/23/20,3.463,ft
-76.43438,35.730718,10/24/20,3.465,ft
-76.43438,35.730718,10/25/20,3.484,ft
-76.43438,35.730718,10/26/20,3.47,ft
-76.43438,35.730718,10/27/20,3.485,ft
-76.43438,35.730718,10/28/20,3.493,ft
-76.43438,35.730718,10/29/20,3.484,ft
-76.43438,35.730718,10/30/20,3.483,ft
-76.43438,35.730718,10/31/20,3.501,ft
-76.43438,35.730718,11/1/20,3.529,ft
-76.43438,35.730718,11/2/20,3.459,ft
-76.43438,35.730718,11/2/20,3.45,ft
-76.43438,35.730718,11/3/20,3.391,ft
-76.43438,35.730718,11/4/20,3.387,ft
-76.43438,35.730718,11/5/20,3.396,ft
-76.43438,35.730718,11/6/20,3.417,ft
-76.43438,35.730718,11/7/20,3.414,ft
-76.43438,35.730718,11/8/20,3.426,ft
-76.43438,35.730718,11/9/20,3.438,ft
-76.43438,35.730718,11/10/20,3.451,ft
-76.43438,35.730718,11/11/20,3.473,ft
-76.43438,35.730718,11/12/20,3.468,ft
-76.43438,35.730718,11/13/20,2.598,ft
-76.43438,35.730718,11/14/20,2.527,ft
-76.43438,35.730718,11/15/20,2.577,ft
-76.43438,35.730718,11/16/20,2.612,ft
-76.43438,35.730718,11/17/20,2.666,ft
-76.43438,35.730718,11/18/20,2.762,ft
-76.43438,35.730718,11/19/20,2.793,ft
-76.43438,35.730718,11/20/20,2.806,ft
-76.43438,35.730718,11/21/20,2.825,ft
-76.43438,35.730718,11/22/20,2.856,ft
-76.43438,35.730718,11/23/20,2.871,ft
-76.43438,35.730718,11/24/20,2.9,ft
-76.43438,35.730718,11/25/20,2.918,ft
-76.43438,35.730718,11/26/20,2.934,ft
-76.43438,35.730718,11/27/20,2.924,ft
-76.43438,35.730718,11/28/20,2.923,ft
-76.43438,35.730718,11/29/20,2.934,ft
-76.43438,35.730718,11/30/20,2.938,ft
-76.43438,35.730718,12/1/20,2.883,ft
-76.43438,35.730718,12/2/20,2.926,ft
-76.43438,35.730718,12/3/20,2.965,ft
-76.43438,35.730718,12/4/20,2.979,ft
-76.43438,35.730718,12/5/20,2.95,ft
-76.43438,35.730718,12/6/20,2.988,ft
-76.43438,35.730718,12/7/20,3.012,ft
-76.43438,35.730718,12/8/20,3.017,ft
-76.43438,35.730718,12/9/20,3.051,ft
-76.43438,35.730718,12/10/20,3.058,ft
-76.43438,35.730718,12/11/20,3.087,ft
-76.43438,35.730718,12/12/20,3.1,ft
-76.43438,35.730718,12/13/20,3.117,ft
-76.43438,35.730718,12/14/20,3.09,ft
-76.43438,35.730718,12/15/20,3.041,ft
-76.43438,35.730718,12/16/20,2.987,ft
-76.43438,35.730718,12/17/20,2.797,ft
-76.43438,35.730718,12/18/20,2.766,ft
-76.43438,35.730718,12/19/20,2.805,ft
-76.43438,35.730718,12/20/20,2.819,ft
-76.43438,35.730718,12/21/20,2.784,ft
-76.43438,35.730718,12/22/20,2.797,ft
-76.43438,35.730718,12/23/20,2.871,ft
-76.43438,35.730718,12/24/20,2.883,ft
-76.43438,35.730718,12/25/20,2.718,ft
-76.43438,35.730718,12/26/20,2.687,ft
-76.43438,35.730718,12/27/20,2.729,ft
-76.43438,35.730718,12/28/20,2.771,ft
-76.43438,35.730718,12/29/20,2.802,ft
-76.43438,35.730718,12/30/20,2.853,ft
-76.43438,35.730718,12/31/20,2.857,ft
-76.43438,35.730718,1/1/21,2.713,ft
-76.43438,35.730718,1/2/21,2.526,ft
-76.43438,35.730718,1/3/21,2.556,ft
-76.43438,35.730718,1/4/21,2.534,ft
-76.43438,35.730718,1/5/21,2.577,ft
-76.43438,35.730718,1/6/21,2.635,ft
-76.43438,35.730718,1/7/21,2.689,ft
-76.43438,35.730718,1/8/21,2.702,ft
-76.43438,35.730718,1/9/21,2.696,ft
-76.43438,35.730718,1/10/21,2.727,ft
-76.43438,35.730718,1/11/21,2.774,ft
-76.43438,35.730718,1/12/21,2.777,ft
-76.43438,35.730718,1/13/21,2.785,ft
-76.43438,35.730718,1/14/21,2.788,ft
-76.43438,35.730718,1/15/21,2.807,ft
-76.43438,35.730718,1/16/21,2.816,ft
-76.43438,35.730718,1/17/21,2.816,ft
-76.43438,35.730718,1/18/21,2.823,ft
-76.43438,35.730718,1/19/21,2.842,ft
-76.43438,35.730718,1/20/21,2.862,ft
-76.43438,35.730718,1/21/21,2.88,ft
-76.43438,35.730718,1/22/21,2.88,ft
-76.43438,35.730718,1/23/21,2.91,ft
-76.43438,35.730718,1/24/21,2.944,ft
-76.43438,35.730718,1/25/21,2.959,ft
-76.43438,35.730718,1/26/21,2.963,ft
-76.43438,35.730718,1/27/21,2.923,ft
-76.43438,35.730718,1/28/21,2.905,ft
-76.43438,35.730718,1/29/21,2.864,ft
-76.43438,35.730718,1/30/21,2.855,ft
-76.43438,35.730718,1/31/21,2.86,ft
-76.43438,35.730718,2/1/21,2.71,ft
-76.43438,35.730718,2/2/21,2.67,ft
-76.43438,35.730718,2/3/21,2.696,ft
-76.43438,35.730718,2/4/21,2.772,ft
-76.43438,35.730718,2/5/21,2.793,ft
-76.43438,35.730718,2/6/21,2.806,ft
-76.43438,35.730718,2/7/21,2.782,ft
-76.43438,35.730718,2/8/21,2.832,ft
-76.43438,35.730718,2/9/21,2.828,ft
-76.43438,35.730718,2/10/21,2.88,ft
-76.43438,35.730718,2/10/21,2.89,ft
-76.43438,35.730718,2/11/21,2.869,ft
-76.43438,35.730718,2/12/21,2.859,ft
-76.43438,35.730718,2/13/21,2.823,ft
-76.43438,35.730718,2/14/21,2.777,ft
-76.43438,35.730718,2/15/21,2.604,ft
-76.43438,35.730718,2/16/21,2.53,ft
-76.43438,35.730718,2/16/21,2.54,ft
-76.43438,35.730718,2/17/21,2.619,ft
-76.43438,35.730718,2/18/21,2.621,ft
-76.43438,35.730718,2/19/21,2.441,ft
-76.43438,35.730718,2/20/21,2.32,ft
-76.43438,35.730718,2/21/21,2.404,ft
-76.43438,35.730718,2/22/21,2.426,ft
-76.43438,35.730718,2/23/21,2.431,ft
-76.43438,35.730718,2/24/21,2.505,ft
-76.43438,35.730718,2/25/21,2.542,ft
-76.43438,35.730718,2/26/21,2.616,ft
-76.43438,35.730718,2/27/21,2.578,ft
-76.43438,35.730718,2/28/21,2.601,ft
-76.43438,35.730718,3/1/21,2.602,ft
-76.43438,35.730718,3/2/21,2.675,ft
-76.43438,35.730718,3/3/21,2.684,ft
-76.43438,35.730718,3/4/21,2.72,ft
-76.43438,35.730718,3/5/21,2.778,ft
-76.43438,35.730718,3/6/21,2.808,ft
-76.43438,35.730718,3/7/21,2.829,ft
-76.43438,35.730718,3/8/21,2.867,ft
-76.43438,35.730718,3/9/21,2.877,ft
-76.43438,35.730718,3/10/21,2.905,ft
-76.43438,35.730718,3/11/21,2.926,ft
-76.43438,35.730718,3/12/21,2.945,ft
-76.43438,35.730718,3/13/21,2.964,ft
-76.43438,35.730718,3/14/21,2.979,ft
-76.43438,35.730718,3/15/21,3.036,ft
-76.43438,35.730718,3/16/21,3.03,ft
-76.43438,35.730718,3/17/21,2.937,ft
-76.43438,35.730718,3/18/21,2.951,ft
-76.43438,35.730718,3/19/21,2.952,ft
-76.43438,35.730718,3/20/21,2.9,ft
-76.43438,35.730718,3/21/21,2.915,ft
-76.43438,35.730718,3/22/21,2.927,ft
-76.43438,35.730718,3/23/21,2.953,ft
-76.43438,35.730718,3/24/21,2.969,ft
-76.43438,35.730718,3/25/21,2.999,ft
-76.43438,35.730718,3/26/21,3.018,ft
-76.43438,35.730718,3/27/21,3.037,ft
-76.43438,35.730718,3/28/21,3.041,ft
-76.43438,35.730718,3/29/21,3.044,ft
-76.43438,35.730718,3/30/21,3.073,ft
-76.43438,35.730718,3/31/21,3.094,ft
-76.43438,35.730718,4/1/21,3.114,ft
-76.43438,35.730718,4/2/21,3.093,ft
-76.43438,35.730718,4/3/21,3.102,ft
-76.43438,35.730718,4/4/21,3.115,ft
-76.43438,35.730718,4/5/21,3.124,ft
-76.43438,35.730718,4/6/21,3.153,ft
-76.43438,35.730718,4/7/21,3.188,ft
-76.43438,35.730718,4/8/21,3.208,ft
-76.43438,35.730718,4/9/21,3.224,ft
-76.43438,35.730718,4/10/21,3.249,ft
-76.43438,35.730718,4/11/21,3.199,ft
-76.43438,35.730718,4/12/21,3.209,ft
-76.43438,35.730718,4/13/21,3.259,ft
-76.43438,35.730718,4/14/21,3.296,ft
-76.43438,35.730718,4/15/21,3.294,ft
-76.43438,35.730718,4/16/21,3.294,ft
-76.43438,35.730718,4/17/21,3.305,ft
-76.43438,35.730718,4/18/21,3.324,ft
-76.43438,35.730718,4/19/21,3.354,ft
-76.43438,35.730718,4/20/21,3.387,ft
-76.43438,35.730718,4/21/21,3.406,ft
-76.43438,35.730718,4/22/21,3.436,ft
-76.43438,35.730718,4/23/21,3.454,ft
-76.43438,35.730718,4/24/21,3.478,ft
-76.43438,35.730718,4/25/21,3.475,ft
-76.43438,35.730718,4/26/21,3.483,ft
-76.43438,35.730718,4/27/21,3.504,ft
-76.43438,35.730718,4/27/21,3.51,ft
-76.43438,35.730718,4/28/21,3.521,ft
-76.43438,35.730718,4/29/21,3.544,ft
-76.43438,35.730718,4/30/21,3.552,ft
-76.43438,35.730718,5/1/21,3.583,ft
-76.43438,35.730718,5/2/21,3.627,ft
-76.43438,35.730718,5/3/21,3.64,ft
-76.43438,35.730718,5/4/21,3.641,ft
-76.43438,35.730718,5/5/21,3.646,ft
-76.43438,35.730718,5/6/21,3.639,ft
-76.43438,35.730718,5/7/21,3.62,ft
-76.43438,35.730718,5/8/21,3.606,ft
-76.43438,35.730718,5/9/21,3.6,ft
-76.43438,35.730718,5/10/21,3.606,ft
-76.43438,35.730718,5/11/21,3.602,ft
-76.43438,35.730718,5/12/21,3.594,ft
-76.43438,35.730718,5/13/21,3.589,ft
-76.43438,35.730718,5/14/21,3.589,ft
-76.43438,35.730718,5/15/21,3.601,ft
-76.43438,35.730718,5/16/21,3.608,ft
-76.43438,35.730718,5/17/21,3.626,ft
-76.43438,35.730718,5/18/21,3.641,ft
-76.43438,35.730718,5/19/21,3.653,ft
-76.43438,35.730718,5/19/21,3.67,ft
-76.43438,35.730718,5/20/21,3.697,ft
-76.43438,35.730718,5/21/21,3.717,ft
-76.43438,35.730718,5/22/21,3.732,ft
-76.43438,35.730718,5/23/21,3.751,ft
-76.43438,35.730718,5/24/21,3.769,ft
-76.43438,35.730718,5/25/21,3.789,ft
-76.43438,35.730718,5/26/21,3.809,ft
-76.43438,35.730718,5/27/21,3.826,ft
-76.43438,35.730718,5/28/21,3.827,ft
-76.43438,35.730718,5/29/21,3.841,ft
-76.43438,35.730718,5/30/21,3.847,ft
-76.43438,35.730718,5/31/21,3.836,ft
-76.43438,35.730718,6/1/21,3.829,ft
-76.43438,35.730718,6/2/21,3.816,ft
-76.43438,35.730718,6/3/21,3.805,ft
-76.43438,35.730718,6/4/21,3.096,ft
-76.43438,35.730718,6/5/21,2.991,ft
-76.43438,35.730718,6/6/21,3.04,ft
-76.43438,35.730718,6/7/21,3.074,ft
-76.43438,35.730718,6/8/21,3.109,ft
-76.43438,35.730718,6/9/21,3.146,ft
-76.43438,35.730718,6/10/21,3.121,ft
-76.43438,35.730718,6/11/21,3.038,ft
-76.43438,35.730718,6/12/21,3.017,ft
-76.43438,35.730718,6/13/21,3.026,ft
-76.43438,35.730718,6/14/21,3.07,ft
-76.43438,35.730718,6/15/21,3.104,ft
-76.43438,35.730718,6/16/21,3.149,ft
-76.43438,35.730718,6/17/21,3.198,ft
-76.43438,35.730718,6/18/21,3.242,ft
-76.43438,35.730718,6/19/21,3.284,ft
-76.43438,35.730718,6/20/21,3.318,ft
-76.43438,35.730718,6/21/21,3.303,ft
-76.43438,35.730718,6/22/21,3.227,ft
-76.43438,35.730718,6/23/21,3.221,ft
-76.43438,35.730718,6/24/21,3.234,ft
-76.43438,35.730718,6/25/21,3.271,ft
-76.43438,35.730718,6/26/21,3.298,ft
-76.43438,35.730718,6/27/21,3.332,ft
-76.43438,35.730718,6/28/21,3.359,ft
-76.43438,35.730718,6/29/21,3.376,ft
-76.43438,35.730718,6/30/21,3.395,ft
-76.43438,35.730718,7/1/21,3.407,ft
-76.43438,35.730718,7/2/21,3.41,ft
-76.43438,35.730718,7/3/21,3.423,ft
-76.43438,35.730718,7/4/21,3.423,ft
-76.43438,35.730718,7/5/21,3.437,ft
-76.43438,35.730718,7/6/21,3.466,ft
-76.43438,35.730718,7/7/21,3.49,ft
-76.43438,35.730718,7/8/21,3.508,ft
-76.43438,35.730718,7/9/21,3.513,ft
-76.43438,35.730718,7/10/21,3.515,ft
-76.43438,35.730718,7/11/21,3.527,ft
-76.43438,35.730718,7/12/21,3.533,ft
-76.43438,35.730718,7/13/21,3.552,ft
-76.43438,35.730718,7/14/21,3.559,ft
-76.43438,35.730718,7/15/21,3.566,ft
-76.43438,35.730718,7/16/21,3.58,ft
-76.43438,35.730718,7/17/21,3.601,ft
-76.43438,35.730718,7/18/21,3.608,ft
-76.43438,35.730718,7/19/21,3.603,ft
-76.43438,35.730718,7/20/21,3.527,ft
-76.43438,35.730718,7/21/21,3.435,ft
-76.43438,35.730718,7/22/21,3.473,ft
-76.43438,35.730718,7/23/21,3.53,ft
-76.43438,35.730718,7/24/21,3.583,ft
-76.43438,35.730718,7/25/21,3.627,ft
-76.43438,35.730718,7/26/21,3.662,ft
-76.43438,35.730718,7/27/21,3.698,ft
-76.43438,35.730718,7/28/21,3.707,ft
-76.43438,35.730718,7/29/21,3.235,ft
-76.43438,35.730718,7/30/21,3.187,ft
-76.43438,35.730718,7/31/21,3.26,ft
-76.43438,35.730718,8/1/21,3.309,ft
-76.43438,35.730718,8/2/21,3.303,ft
-76.43438,35.730718,8/3/21,3.319,ft
-76.43438,35.730718,8/4/21,3.141,ft
-76.43438,35.730718,8/5/21,2.66,ft
-76.43438,35.730718,8/5/21,2.66,ft
-76.43438,35.730718,8/6/21,2.706,ft
-76.43438,35.730718,8/7/21,2.751,ft
-76.43438,35.730718,8/8/21,2.759,ft
-76.43438,35.730718,8/9/21,2.791,ft
-76.43438,35.730718,8/10/21,2.849,ft
-76.43438,35.730718,8/11/21,2.89,ft
-76.43438,35.730718,8/12/21,2.926,ft
-76.43438,35.730718,8/13/21,2.948,ft
-76.43438,35.730718,8/14/21,2.975,ft
-76.43438,35.730718,8/15/21,2.987,ft
-76.43438,35.730718,8/16/21,3.004,ft
-76.43438,35.730718,8/17/21,3.003,ft
-76.43438,35.730718,8/18/21,3.009,ft
-76.43438,35.730718,8/19/21,3.017,ft
-76.43438,35.730718,8/20/21,3.022,ft
-76.43438,35.730718,8/21/21,3.025,ft
-76.43438,35.730718,8/22/21,3.026,ft
-76.43438,35.730718,8/23/21,3.021,ft
-76.43438,35.730718,8/24/21,3.017,ft
-76.43438,35.730718,8/25/21,3.031,ft
-76.43438,35.730718,8/26/21,3.036,ft
-76.43438,35.730718,8/27/21,3.034,ft
-76.43438,35.730718,8/28/21,3.041,ft
-76.43438,35.730718,8/29/21,3.042,ft
-76.43438,35.730718,8/30/21,3.046,ft
-76.43438,35.730718,8/31/21,3.045,ft
-76.43438,35.730718,9/1/21,3.051,ft
-76.43438,35.730718,9/2/21,3.051,ft
-76.43438,35.730718,9/3/21,3.049,ft
-76.43438,35.730718,9/4/21,3.058,ft
-76.43438,35.730718,9/5/21,3.057,ft
-76.43438,35.730718,9/6/21,3.065,ft
-76.43438,35.730718,9/7/21,3.08,ft
-76.43438,35.730718,9/8/21,3.08,ft
-76.43438,35.730718,9/9/21,3.086,ft
-76.43438,35.730718,9/10/21,3.089,ft
-76.43438,35.730718,9/11/21,3.085,ft
-76.43438,35.730718,9/12/21,3.092,ft
-76.43438,35.730718,9/13/21,3.105,ft
-76.43438,35.730718,9/14/21,3.111,ft
-76.43438,35.730718,9/15/21,3.12,ft
-76.43438,35.730718,9/16/21,3.13,ft
-76.43438,35.730718,9/17/21,3.129,ft
-76.43438,35.730718,9/18/21,3.147,ft
-76.43438,35.730718,9/19/21,3.148,ft
-76.43438,35.730718,9/20/21,3.164,ft
-76.43438,35.730718,9/21/21,3.18,ft
-76.43438,35.730718,9/22/21,3.183,ft
-76.43438,35.730718,9/23/21,3.189,ft
-76.43438,35.730718,9/24/21,3.196,ft
-76.43438,35.730718,9/25/21,3.197,ft
-76.43438,35.730718,9/26/21,3.205,ft
-76.43438,35.730718,9/27/21,3.199,ft
-76.43438,35.730718,9/28/21,3.208,ft
-76.43438,35.730718,9/29/21,3.222,ft
-76.43438,35.730718,9/30/21,3.228,ft
-76.43438,35.730718,10/1/21,3.241,ft
-76.43438,35.730718,10/2/21,3.256,ft
-76.43438,35.730718,10/3/21,3.27,ft
-76.43438,35.730718,10/4/21,3.285,ft
-76.43438,35.730718,10/5/21,3.294,ft
-76.43438,35.730718,10/6/21,3.306,ft
-76.43438,35.730718,10/7/21,3.323,ft
-76.43438,35.730718,10/8/21,3.328,ft
-76.43438,35.730718,10/9/21,3.339,ft
-76.43438,35.730718,10/10/21,3.351,ft
-76.43438,35.730718,10/11/21,3.349,ft
-76.43438,35.730718,10/12/21,3.354,ft
-76.43438,35.730718,10/13/21,3.369,ft
-76.43438,35.730718,10/14/21,3.364,ft
-76.43438,35.730718,10/15/21,3.372,ft
-76.43438,35.730718,10/16/21,3.375,ft
-76.43438,35.730718,10/17/21,3.372,ft
-76.43438,35.730718,10/18/21,3.381,ft
-76.43438,35.730718,10/19/21,3.398,ft
-76.43438,35.730718,10/20/21,3.414,ft
-76.43438,35.730718,10/21/21,3.566,ft
-76.43438,35.730718,10/22/21,3.687,ft
-76.43438,35.730718,10/23/21,3.735,ft
-76.43438,35.730718,10/24/21,3.763,ft
-76.43438,35.730718,10/25/21,3.814,ft
-76.43438,35.730718,10/26/21,3.819,ft
-76.43438,35.730718,10/27/21,3.825,ft
-76.43438,35.730718,10/28/21,3.838,ft
-76.43438,35.730718,10/29/21,3.879,ft
-76.43438,35.730718,10/30/21,3.905,ft
-76.43438,35.730718,10/31/21,3.903,ft
-76.43438,35.730718,11/1/21,3.934,ft
-76.43438,35.730718,11/2/21,3.955,ft
-76.43438,35.730718,11/3/21,3.97,ft
-76.43438,35.730718,11/3/21,3.97,ft
-76.43438,35.730718,11/4/21,3.984,ft
-76.43438,35.730718,11/5/21,3.993,ft
-76.43438,35.730718,11/6/21,4.004,ft
-76.43438,35.730718,11/7/21,4.009,ft
-76.43438,35.730718,11/8/21,4.017,ft
-76.43438,35.730718,11/9/21,4.011,ft
-76.43438,35.730718,11/10/21,4.025,ft
-76.43438,35.730718,11/11/21,4.043,ft
-76.43438,35.730718,11/12/21,4.045,ft
-76.43438,35.730718,11/13/21,4.062,ft
-76.43438,35.730718,11/14/21,4.215,ft
-76.43438,35.730718,11/15/21,4.248,ft
-76.43438,35.730718,11/16/21,4.302,ft
-76.43438,35.730718,11/17/21,4.338,ft
-76.43438,35.730718,11/18/21,4.38,ft
-76.43438,35.730718,11/19/21,4.402,ft
-76.43438,35.730718,11/20/21,4.426,ft
-76.43438,35.730718,11/21/21,4.462,ft
-76.43438,35.730718,11/22/21,4.479,ft
-76.43438,35.730718,11/23/21,4.467,ft
-76.43438,35.730718,11/24/21,4.484,ft
-76.43438,35.730718,11/25/21,4.498,ft
-76.43438,35.730718,11/26/21,4.502,ft
-76.43438,35.730718,11/27/21,4.515,ft
-76.43438,35.730718,11/28/21,4.532,ft
-76.43438,35.730718,11/29/21,4.544,ft
-76.43438,35.730718,11/30/21,4.546,ft
-76.43438,35.730718,12/1/21,4.571,ft
-76.43438,35.730718,12/2/21,4.586,ft
-76.43438,35.730718,12/3/21,4.601,ft
-76.43438,35.730718,12/4/21,4.609,ft
-76.43438,35.730718,12/5/21,4.623,ft
-76.43438,35.730718,12/6/21,4.631,ft
-76.43438,35.730718,12/7/21,4.638,ft
-76.43438,35.730718,12/8/21,4.658,ft
-76.43438,35.730718,12/9/21,4.685,ft
-76.43438,35.730718,12/10/21,4.682,ft
-76.43438,35.730718,12/11/21,4.691,ft
-76.43438,35.730718,12/12/21,4.705,ft
-76.43438,35.730718,12/13/21,4.707,ft
-76.43438,35.730718,12/14/21,4.714,ft
-76.43438,35.730718,12/15/21,4.733,ft
-76.43438,35.730718,12/16/21,4.733,ft
-76.43438,35.730718,12/17/21,4.758,ft
-76.43438,35.730718,12/18/21,4.766,ft
-76.43438,35.730718,12/19/21,4.762,ft
-76.43438,35.730718,12/20/21,4.756,ft
-76.43438,35.730718,12/21/21,4.749,ft
-76.43438,35.730718,12/22/21,4.762,ft
-76.43438,35.730718,12/23/21,4.762,ft
-76.43438,35.730718,12/24/21,4.792,ft
-76.43438,35.730718,12/25/21,4.801,ft
-76.43438,35.730718,12/26/21,4.814,ft
-76.43438,35.730718,12/27/21,4.83,ft
-76.43438,35.730718,12/28/21,4.836,ft
-76.43438,35.730718,12/29/21,4.851,ft
-76.43438,35.730718,12/30/21,4.858,ft
-76.43438,35.730718,12/31/21,4.85,ft
-76.43438,35.730718,1/1/22,4.854,ft
-76.43438,35.730718,1/2/22,4.86,ft
-76.43438,35.730718,1/3/22,4.852,ft
-76.43438,35.730718,1/4/22,4.847,ft
-76.43438,35.730718,1/5/22,4.563,ft
-76.43438,35.730718,1/6/22,4.34,ft
-76.43438,35.730718,1/7/22,4.191,ft
-76.43438,35.730718,1/8/22,4.199,ft
-76.43438,35.730718,1/9/22,4.112,ft
-76.43438,35.730718,1/10/22,3.987,ft
-76.43438,35.730718,1/11/22,3.959,ft
-76.43438,35.730718,1/12/22,3.912,ft
-76.43438,35.730718,1/13/22,3.832,ft
-76.43438,35.730718,1/14/22,3.781,ft
-76.43438,35.730718,1/15/22,3.817,ft
-76.43438,35.730718,1/16/22,3.834,ft
-76.43438,35.730718,1/17/22,3.453,ft
-76.43438,35.730718,1/18/22,3.421,ft
-76.43438,35.730718,1/19/22,3.426,ft
-76.43438,35.730718,1/20/22,3.402,ft
-76.43438,35.730718,1/21/22,3.415,ft
-76.43438,35.730718,1/22/22,3.388,ft
-76.43438,35.730718,1/23/22,3.377,ft
-76.43438,35.730718,1/24/22,3.345,ft
-76.43438,35.730718,1/25/22,3.361,ft
-76.43438,35.730718,1/26/22,3.361,ft
-76.43438,35.730718,1/27/22,3.354,ft
-76.43438,35.730718,1/28/22,3.349,ft
-76.43438,35.730718,1/29/22,3.329,ft
-76.43438,35.730718,1/30/22,3.317,ft
-76.43438,35.730718,1/31/22,3.328,ft
-76.43438,35.730718,2/1/22,3.342,ft
-76.43438,35.730718,2/2/22,3.35,ft
-76.43438,35.730718,2/2/22,3.35,ft
-76.43438,35.730718,2/3/22,3.349,ft
-76.43438,35.730718,2/4/22,3.365,ft
-76.43438,35.730718,2/5/22,3.352,ft
-76.43438,35.730718,2/6/22,3.353,ft
-76.43438,35.730718,2/7/22,3.352,ft
-76.43438,35.730718,2/8/22,3.332,ft
-76.43438,35.730718,2/9/22,3.311,ft
-76.43438,35.730718,2/10/22,3.294,ft
-76.43438,35.730718,2/11/22,3.287,ft
-76.43438,35.730718,2/12/22,3.291,ft
-76.43438,35.730718,2/13/22,3.294,ft
-76.43438,35.730718,2/14/22,3.3,ft
-76.43438,35.730718,2/15/22,3.31,ft
-76.43438,35.730718,2/16/22,3.321,ft
-76.43438,35.730718,2/17/22,3.339,ft
-76.43438,35.730718,2/18/22,3.336,ft
-76.43438,35.730718,2/19/22,3.336,ft
-76.43438,35.730718,2/20/22,3.339,ft
-76.43438,35.730718,2/21/22,3.353,ft
-76.43438,35.730718,2/22/22,3.371,ft
-76.43438,35.730718,2/23/22,3.375,ft
-76.43438,35.730718,2/24/22,3.372,ft
-76.43438,35.730718,2/25/22,3.385,ft
-76.43438,35.730718,2/26/22,3.397,ft
-76.43438,35.730718,2/27/22,3.39,ft
-76.43438,35.730718,2/28/22,3.406,ft
-76.43438,35.730718,3/1/22,3.399,ft
-76.43438,35.730718,3/2/22,3.416,ft
-76.43438,35.730718,3/3/22,3.416,ft
-76.43438,35.730718,3/4/22,3.426,ft
-76.43438,35.730718,3/5/22,3.442,ft
-76.43438,35.730718,3/6/22,3.449,ft
-76.43438,35.730718,3/7/22,3.468,ft
-76.43438,35.730718,3/8/22,3.462,ft
-76.43438,35.730718,3/9/22,3.463,ft
-76.43438,35.730718,3/10/22,3.472,ft
-76.43438,35.730718,3/11/22,3.474,ft
-76.43438,35.730718,3/12/22,3.481,ft
-76.43438,35.730718,3/13/22,3.452,ft
-76.43438,35.730718,3/14/22,3.404,ft
-76.43438,35.730718,3/15/22,3.399,ft
-76.43438,35.730718,3/16/22,3.394,ft
-76.43438,35.730718,3/17/22,3.4,ft
-76.43438,35.730718,3/18/22,3.392,ft
-76.43438,35.730718,3/19/22,3.382,ft
-76.43438,35.730718,3/20/22,3.379,ft
-76.43438,35.730718,3/21/22,3.366,ft
-76.43438,35.730718,3/22/22,3.375,ft
-76.43438,35.730718,3/23/22,3.393,ft
-76.43438,35.730718,3/24/22,3.396,ft
-76.43438,35.730718,3/25/22,3.38,ft
-76.43438,35.730718,3/26/22,3.303,ft
-76.43438,35.730718,3/27/22,3.296,ft
-76.43438,35.730718,3/28/22,3.288,ft
-76.43438,35.730718,3/29/22,3.298,ft
-76.43438,35.730718,3/30/22,3.311,ft
-76.43438,35.730718,3/31/22,3.325,ft
-76.43438,35.730718,4/1/22,3.332,ft
-76.43438,35.730718,4/2/22,3.329,ft
-76.43438,35.730718,4/3/22,3.323,ft
-76.43438,35.730718,4/4/22,3.33,ft
-76.43438,35.730718,4/5/22,3.343,ft
-76.43438,35.730718,4/6/22,3.355,ft
-76.43438,35.730718,4/7/22,3.321,ft
-76.43438,35.730718,4/8/22,3.305,ft
-76.43438,35.730718,4/9/22,3.289,ft
-76.43438,35.730718,4/10/22,3.301,ft
-76.43438,35.730718,4/11/22,3.297,ft
-76.43438,35.730718,4/12/22,3.32,ft
-76.43438,35.730718,4/13/22,3.32,ft
-76.43438,35.730718,4/14/22,3.339,ft
-76.43438,35.730718,4/15/22,3.343,ft
-76.43438,35.730718,4/16/22,3.347,ft
-76.43438,35.730718,4/17/22,3.361,ft
-76.43438,35.730718,4/18/22,3.38,ft
-76.43438,35.730718,4/19/22,3.374,ft
-76.43438,35.730718,4/20/22,3.368,ft
-76.43438,35.730718,4/21/22,3.39,ft
-76.43438,35.730718,4/22/22,3.4,ft
-76.43438,35.730718,4/23/22,3.41,ft
-76.43438,35.730718,4/24/22,3.409,ft
-76.43438,35.730718,4/25/22,3.425,ft
-76.43438,35.730718,4/25/22,3.43,ft
-76.43438,35.730718,4/26/22,3.442,ft
-76.43438,35.730718,4/27/22,3.625,ft
-76.43438,35.730718,4/28/22,3.607,ft
-76.43438,35.730718,4/29/22,3.64,ft
-76.43438,35.730718,4/30/22,3.625,ft
-76.43438,35.730718,5/1/22,3.621,ft
-76.43438,35.730718,5/2/22,3.65,ft
-76.43438,35.730718,5/3/22,3.677,ft
-76.43438,35.730718,5/4/22,3.71,ft
-76.43438,35.730718,5/5/22,3.226,ft
-76.43438,35.730718,5/6/22,3.046,ft
-76.43438,35.730718,5/7/22,3.036,ft
-76.43438,35.730718,5/8/22,3.083,ft
-76.43438,35.730718,5/9/22,3.117,ft
-76.43438,35.730718,5/10/22,3.148,ft
-76.43438,35.730718,5/11/22,3.187,ft
-76.43438,35.730718,5/12/22,3.198,ft
-76.43438,35.730718,5/13/22,3.226,ft
-76.43438,35.730718,5/14/22,3.224,ft
-76.43438,35.730718,5/15/22,3.246,ft
-76.43438,35.730718,5/16/22,3.276,ft
-76.43438,35.730718,5/17/22,3.172,ft
-76.43438,35.730718,5/18/22,3.168,ft
-76.43438,35.730718,5/19/22,3.19,ft
-76.43438,35.730718,5/20/22,3.257,ft
-76.43438,35.730718,5/21/22,3.331,ft
-76.43438,35.730718,5/22/22,3.362,ft
-76.43438,35.730718,5/23/22,3.382,ft
-76.43438,35.730718,5/24/22,3.403,ft
-76.43438,35.730718,5/25/22,3.178,ft
-76.43438,35.730718,5/26/22,3.149,ft
-76.43438,35.730718,5/27/22,3.164,ft
-76.43438,35.730718,5/28/22,3.179,ft
-76.43438,35.730718,5/29/22,3.249,ft
-76.43438,35.730718,5/30/22,3.313,ft
-76.43438,35.730718,5/31/22,3.347,ft
-76.43438,35.730718,6/1/22,3.39,ft
-76.43438,35.730718,6/2/22,3.439,ft
-76.43438,35.730718,6/3/22,3.48,ft
-76.43438,35.730718,6/4/22,3.496,ft
-76.43438,35.730718,6/5/22,3.517,ft
-76.43438,35.730718,6/6/22,3.576,ft
-76.43438,35.730718,6/7/22,3.615,ft
-76.43438,35.730718,6/8/22,3.649,ft
-76.43438,35.730718,6/9/22,3.653,ft
-76.43438,35.730718,6/10/22,3.699,ft
-76.43438,35.730718,6/11/22,3.737,ft
-76.43438,35.730718,6/12/22,3.761,ft
-76.43438,35.730718,6/13/22,3.495,ft
-76.43438,35.730718,6/14/22,3.382,ft
-76.43438,35.730718,6/15/22,3.431,ft
-76.43438,35.730718,6/16/22,3.501,ft
-76.43438,35.730718,6/17/22,3.517,ft
-76.43438,35.730718,6/18/22,3.546,ft
-76.43438,35.730718,6/19/22,3.621,ft
-76.43438,35.730718,6/20/22,3.663,ft
-76.43438,35.730718,6/21/22,3.704,ft
-76.43438,35.730718,6/22/22,3.721,ft
-76.43438,35.730718,6/23/22,3.734,ft
-76.43438,35.730718,6/24/22,3.736,ft
-76.43438,35.730718,6/25/22,3.765,ft
-76.43438,35.730718,6/26/22,3.804,ft
-76.43438,35.730718,6/27/22,3.841,ft
-76.43438,35.730718,6/28/22,3.868,ft
-76.43438,35.730718,6/29/22,3.908,ft
-76.43438,35.730718,6/30/22,3.937,ft
-76.43438,35.730718,7/1/22,3.942,ft
-76.43438,35.730718,7/2/22,3.916,ft
-76.43438,35.730718,7/3/22,3.839,ft
-76.43438,35.730718,7/4/22,3.634,ft
-76.43438,35.730718,7/5/22,3.636,ft
-76.43438,35.730718,7/6/22,3.635,ft
-76.43438,35.730718,7/7/22,3.508,ft
-76.43438,35.730718,7/8/22,3.49,ft
-76.43438,35.730718,7/9/22,3.395,ft
-76.43438,35.730718,7/10/22,3.345,ft
-76.43438,35.730718,7/11/22,3.412,ft
-76.43438,35.730718,7/12/22,3.507,ft
-76.43438,35.730718,7/13/22,3.605,ft
-76.43438,35.730718,7/14/22,3.641,ft
-76.43438,35.730718,7/15/22,3.673,ft
-76.43438,35.730718,7/16/22,3.695,ft
-76.43438,35.730718,7/17/22,3.728,ft
-76.43438,35.730718,7/18/22,3.773,ft
-76.43438,35.730718,7/19/22,3.822,ft
-76.43438,35.730718,7/20/22,3.867,ft
-76.43438,35.730718,7/21/22,3.913,ft
-76.43438,35.730718,7/22/22,3.926,ft
-76.43438,35.730718,7/23/22,3.913,ft
-76.43438,35.730718,7/24/22,3.956,ft
-76.43438,35.730718,7/25/22,3.982,ft
-76.43438,35.730718,7/26/22,4.035,ft
-76.43438,35.730718,7/27/22,4.056,ft
-76.43438,35.730718,7/28/22,4.074,ft
-76.43438,35.730718,7/29/22,4.109,ft
-76.43438,35.730718,7/30/22,4.156,ft
-76.43438,35.730718,7/31/22,4.19,ft
-76.43438,35.730718,8/1/22,4.194,ft
-76.43438,35.730718,8/2/22,4.172,ft
-76.43438,35.730718,8/2/22,4.17,ft
-76.43438,35.730718,8/3/22,4.17,ft
-76.43438,35.730718,8/4/22,4.193,ft
-76.43438,35.730718,8/5/22,4.231,ft
-76.43438,35.730718,8/6/22,4.275,ft
-76.43438,35.730718,8/7/22,4.309,ft
-76.43438,35.730718,8/8/22,4.342,ft
-76.43438,35.730718,8/9/22,4.389,ft
-76.43438,35.730718,8/10/22,4.432,ft
-76.43438,35.730718,8/11/22,4.488,ft
-76.43438,35.730718,8/12/22,4.505,ft
-76.43438,35.730718,8/13/22,4.456,ft
-76.43438,35.730718,8/14/22,4.473,ft
-76.43438,35.730718,8/15/22,4.501,ft
-76.43438,35.730718,8/16/22,4.517,ft
-76.43438,35.730718,8/17/22,4.53,ft
-76.43438,35.730718,8/18/22,4.571,ft
-76.43438,35.730718,8/19/22,4.605,ft
-76.43438,35.730718,8/20/22,4.629,ft
-76.43438,35.730718,8/21/22,4.641,ft
-76.43438,35.730718,8/22/22,4.653,ft
-76.43438,35.730718,8/23/22,4.648,ft
-76.43438,35.730718,8/24/22,4.629,ft
-76.43438,35.730718,8/25/22,4.648,ft
-76.43438,35.730718,8/26/22,4.693,ft
-76.43438,35.730718,8/27/22,4.737,ft
-76.43438,35.730718,8/28/22,4.774,ft
-76.43438,35.730718,8/29/22,4.822,ft
-76.43438,35.730718,8/30/22,4.702,ft
-76.43438,35.730718,8/31/22,4.595,ft
-76.43438,35.730718,9/1/22,4.615,ft
-76.43438,35.730718,9/2/22,4.673,ft
-76.43438,35.730718,9/3/22,4.744,ft
-76.43438,35.730718,9/4/22,4.796,ft
-76.43438,35.730718,9/5/22,4.841,ft
-76.43438,35.730718,9/6/22,4.854,ft
-76.43438,35.730718,9/7/22,4.861,ft
-76.43438,35.730718,9/8/22,4.875,ft
-76.43438,35.730718,9/9/22,4.881,ft
-76.43438,35.730718,9/10/22,4.903,ft
-76.43438,35.730718,9/11/22,4.93,ft
-76.43438,35.730718,9/12/22,4.933,ft
-76.43438,35.730718,9/13/22,4.942,ft
-76.43438,35.730718,9/14/22,4.984,ft
-76.43438,35.730718,9/15/22,5.033,ft
-76.43438,35.730718,9/16/22,5.061,ft
-76.43438,35.730718,9/17/22,5.086,ft
-76.43438,35.730718,9/18/22,5.122,ft
-76.43438,35.730718,9/19/22,5.138,ft
-76.43438,35.730718,9/20/22,5.157,ft
-76.43438,35.730718,9/21/22,5.183,ft
-76.43438,35.730718,9/22/22,5.216,ft
-76.43438,35.730718,9/23/22,5.262,ft
-76.43438,35.730718,9/24/22,5.316,ft
-76.43438,35.730718,9/25/22,5.356,ft
-76.43438,35.730718,9/26/22,5.383,ft
-76.43438,35.730718,9/27/22,5.396,ft
-76.43438,35.730718,9/28/22,5.426,ft
-76.43438,35.730718,9/29/22,5.473,ft
-76.43438,35.730718,9/30/22,5.497,ft
-76.43438,35.730718,10/1/22,4.426,ft
-76.43438,35.730718,10/2/22,4.052,ft
-76.43438,35.730718,10/3/22,3.974,ft
-76.43438,35.730718,10/4/22,3.923,ft
-76.43438,35.730718,10/5/22,3.908,ft
-76.43438,35.730718,10/6/22,3.918,ft
-76.43438,35.730718,10/7/22,3.96,ft
-76.43438,35.730718,10/8/22,4,ft
-76.43438,35.730718,10/9/22,4.039,ft
-76.43438,35.730718,10/10/22,4.074,ft
-76.43438,35.730718,10/11/22,4.111,ft
-76.43438,35.730718,10/12/22,4.14,ft
-76.43438,35.730718,10/13/22,4.162,ft
-76.43438,35.730718,10/14/22,4.161,ft
-76.43438,35.730718,10/15/22,4.194,ft
-76.43438,35.730718,10/16/22,4.243,ft
-76.43438,35.730718,10/17/22,4.277,ft
-76.43438,35.730718,10/18/22,4.302,ft
-76.43438,35.730718,10/19/22,4.352,ft
-76.43438,35.730718,10/20/22,4.403,ft
-76.43438,35.730718,10/21/22,4.439,ft
-76.43438,35.730718,10/22/22,4.486,ft
-76.43438,35.730718,10/23/22,4.522,ft
-76.43438,35.730718,10/24/22,4.527,ft
-76.43438,35.730718,10/25/22,4.525,ft
-76.43438,35.730718,10/26/22,4.544,ft
-76.43438,35.730718,10/27/22,4.544,ft
-76.43438,35.730718,10/28/22,4.563,ft
-76.43438,35.730718,10/29/22,4.585,ft
-76.43438,35.730718,10/29/22,4.59,ft
-76.43438,35.730718,10/30/22,4.602,ft
-76.43438,35.730718,10/31/22,4.6,ft
-76.43438,35.730718,11/1/22,4.624,ft
-76.43438,35.730718,11/2/22,4.611,ft
-76.43438,35.730718,11/3/22,4.633,ft
-76.43438,35.730718,11/4/22,4.636,ft
-76.43438,35.730718,11/5/22,4.657,ft
-76.43438,35.730718,11/6/22,4.652,ft
-76.43438,35.730718,11/7/22,4.665,ft
-76.43438,35.730718,11/8/22,4.675,ft
-76.43438,35.730718,11/9/22,4.702,ft
-76.43438,35.730718,11/10/22,4.713,ft
-76.43438,35.730718,11/11/22,4.721,ft
-76.43438,35.730718,11/12/22,4.722,ft
-76.43438,35.730718,11/13/22,4.74,ft
-76.43438,35.730718,11/14/22,4.745,ft
-76.43438,35.730718,11/15/22,4.749,ft
-76.43438,35.730718,11/16/22,4.758,ft
-76.43438,35.730718,11/17/22,4.758,ft
-76.43438,35.730718,11/18/22,4.768,ft
-76.43438,35.730718,11/19/22,4.767,ft
-76.43438,35.730718,11/20/22,4.77,ft
-76.43438,35.730718,11/21/22,4.778,ft
-76.43438,35.730718,11/22/22,4.788,ft
-76.43438,35.730718,11/23/22,4.798,ft
-76.43438,35.730718,11/24/22,4.794,ft
-76.43438,35.730718,11/25/22,4.807,ft
-76.43438,35.730718,11/26/22,4.817,ft
-76.43438,35.730718,11/27/22,4.813,ft
-76.43438,35.730718,11/28/22,4.82,ft
-76.43438,35.730718,11/29/22,4.846,ft
-76.43438,35.730718,11/30/22,4.882,ft
-76.43438,35.730718,12/1/22,4.83,ft
-76.43438,35.730718,12/2/22,4.763,ft
-76.43438,35.730718,12/3/22,4.731,ft
-76.43438,35.730718,12/4/22,4.681,ft
-76.43438,35.730718,12/5/22,4.665,ft
-76.43438,35.730718,12/6/22,4.682,ft
-76.43438,35.730718,12/7/22,4.681,ft
-76.43438,35.730718,12/8/22,4.698,ft
-76.43438,35.730718,12/9/22,4.71,ft
-76.43438,35.730718,12/10/22,4.725,ft
-76.43438,35.730718,12/11/22,4.733,ft
-76.43438,35.730718,12/12/22,4.755,ft
-76.43438,35.730718,12/13/22,4.779,ft
-76.43438,35.730718,12/14/22,4.792,ft
-76.43438,35.730718,12/15/22,4.792,ft
-76.43438,35.730718,12/16/22,4.711,ft
-76.43438,35.730718,12/17/22,4.627,ft
-76.43438,35.730718,12/18/22,4.59,ft
-76.43438,35.730718,12/19/22,4.576,ft
-76.43438,35.730718,12/20/22,4.584,ft
-76.43438,35.730718,12/21/22,4.575,ft
-76.43438,35.730718,12/22/22,4.57,ft
-76.43438,35.730718,12/23/22,4.387,ft
-76.43438,35.730718,12/24/22,4.173,ft
-76.43438,35.730718,12/25/22,4.072,ft
-76.43438,35.730718,12/26/22,4.021,ft
-76.43438,35.730718,12/27/22,4.017,ft
-76.43438,35.730718,12/28/22,3.998,ft
-76.43438,35.730718,12/29/22,4.003,ft
-76.43438,35.730718,12/30/22,4.018,ft
-76.43438,35.730718,12/31/22,4.026,ft
-76.43438,35.730718,1/1/23,3.935,ft
-76.43438,35.730718,1/2/23,3.874,ft
-76.43438,35.730718,1/3/23,3.828,ft
-76.43438,35.730718,1/4/23,3.775,ft
-76.43438,35.730718,1/5/23,3.735,ft
-76.43438,35.730718,1/6/23,3.733,ft
-76.43438,35.730718,1/7/23,3.748,ft
-76.43438,35.730718,1/8/23,3.734,ft
-76.43438,35.730718,1/9/23,3.721,ft
-76.43438,35.730718,1/10/23,3.718,ft
-76.43438,35.730718,1/11/23,3.716,ft
-76.43438,35.730718,1/12/23,3.719,ft
-76.43438,35.730718,1/13/23,3.704,ft
-76.43438,35.730718,1/14/23,3.669,ft
-76.43438,35.730718,1/15/23,3.687,ft
-76.43438,35.730718,1/16/23,3.676,ft
-76.43438,35.730718,1/17/23,3.675,ft
-76.43438,35.730718,1/18/23,3.644,ft
-76.43438,35.730718,1/19/23,3.634,ft
-76.43438,35.730718,1/20/23,3.623,ft
-76.43438,35.730718,1/21/23,3.601,ft
-76.43438,35.730718,1/21/23,3.6,ft
-76.43438,35.730718,1/22/23,3.595,ft
-76.43438,35.730718,1/23/23,3.597,ft
-76.43438,35.730718,1/24/23,3.549,ft
-76.43438,35.730718,1/25/23,3.517,ft
-76.43438,35.730718,1/26/23,3.431,ft
-76.43438,35.730718,1/27/23,3.35,ft
-76.43438,35.730718,1/28/23,3.291,ft
-76.43438,35.730718,1/29/23,3.264,ft
-76.43438,35.730718,1/30/23,3.262,ft
-76.43438,35.730718,1/31/23,3.179,ft
-76.43438,35.730718,2/1/23,3.12,ft
-76.43438,35.730718,2/2/23,3.092,ft
-76.43438,35.730718,2/3/23,3.06,ft
-76.43438,35.730718,2/4/23,3.041,ft
-76.43438,35.730718,2/5/23,3.037,ft
-76.43438,35.730718,2/6/23,3.034,ft
-76.43438,35.730718,2/7/23,3.058,ft
-76.43438,35.730718,2/8/23,3.083,ft
-76.43438,35.730718,2/9/23,3.098,ft
-76.43438,35.730718,2/10/23,3.125,ft
-76.43438,35.730718,2/11/23,3.15,ft
-76.43438,35.730718,2/12/23,3.162,ft
-76.43438,35.730718,2/13/23,3.086,ft
-76.43438,35.730718,2/14/23,3.02,ft
-76.43438,35.730718,2/15/23,3.016,ft
-76.43438,35.730718,2/16/23,3.018,ft
-76.43438,35.730718,2/17/23,3.028,ft
-76.43438,35.730718,2/18/23,3.047,ft
-76.43438,35.730718,2/19/23,3.072,ft
-76.43438,35.730718,2/20/23,3.083,ft
-76.43438,35.730718,2/21/23,3.081,ft
-76.43438,35.730718,2/22/23,3.104,ft
-76.43438,35.730718,2/23/23,3.132,ft
-76.43438,35.730718,2/24/23,3.167,ft
-76.43438,35.730718,2/25/23,3.195,ft
-76.43438,35.730718,2/26/23,3.211,ft
-76.43438,35.730718,2/27/23,3.22,ft
-76.43438,35.730718,2/28/23,3.223,ft
-76.43438,35.730718,3/1/23,3.258,ft
-76.43438,35.730718,3/2/23,3.284,ft
-76.43438,35.730718,3/3/23,3.288,ft
-76.43438,35.730718,3/4/23,3.294,ft
-76.43438,35.730718,3/5/23,3.306,ft
-76.43438,35.730718,3/6/23,3.334,ft
-76.43438,35.730718,3/7/23,3.352,ft
-76.43438,35.730718,3/8/23,3.375,ft
-76.43438,35.730718,3/9/23,3.404,ft
-76.43438,35.730718,3/10/23,3.448,ft
-76.43438,35.730718,3/11/23,3.459,ft
-76.43438,35.730718,3/12/23,3.467,ft
-76.43438,35.730718,3/13/23,3.488,ft
-76.43438,35.730718,3/14/23,3.486,ft
-76.43438,35.730718,3/15/23,3.511,ft
-76.43438,35.730718,3/16/23,3.534,ft
-76.43438,35.730718,3/17/23,3.552,ft
-76.43438,35.730718,3/18/23,3.57,ft
-76.43438,35.730718,3/19/23,3.593,ft
-76.43438,35.730718,3/20/23,3.634,ft
-76.43438,35.730718,3/21/23,3.686,ft
-76.43438,35.730718,3/22/23,3.739,ft
-76.43438,35.730718,3/23/23,3.783,ft
-76.43438,35.730718,3/24/23,3.816,ft
-76.43438,35.730718,3/25/23,3.825,ft
-76.43438,35.730718,3/26/23,3.832,ft
-76.43438,35.730718,3/27/23,3.843,ft
-76.43438,35.730718,3/28/23,3.856,ft
-76.43438,35.730718,3/29/23,3.844,ft
-76.43438,35.730718,3/30/23,3.849,ft
-76.43438,35.730718,3/31/23,3.847,ft
-76.43438,35.730718,4/1/23,3.884,ft
-76.43438,35.730718,4/2/23,3.948,ft
-76.43438,35.730718,4/3/23,3.97,ft
-76.43438,35.730718,4/4/23,4.026,ft
-76.43438,35.730718,4/5/23,4.086,ft
-76.43438,35.730718,4/6/23,4.168,ft
-76.43438,35.730718,4/7/23,4.246,ft
-76.43438,35.730718,4/8/23,4.278,ft
-76.43438,35.730718,4/9/23,4.175,ft
-76.43438,35.730718,4/10/23,4.063,ft
-76.43438,35.730718,4/11/23,4.148,ft
-76.43438,35.730718,4/12/23,4.066,ft
-76.43438,35.730718,4/13/23,4.037,ft
-76.43438,35.730718,4/14/23,4.033,ft
-76.43438,35.730718,4/15/23,4.025,ft
-76.43438,35.730718,4/16/23,4.017,ft
-76.43438,35.730718,4/17/23,3.98,ft
-76.43438,35.730718,4/18/23,3.93,ft
-76.43438,35.730718,4/19/23,3.924,ft
-76.43438,35.730718,4/20/23,3.916,ft
-76.43438,35.730718,4/21/23,3.849,ft
-76.43438,35.730718,4/22/23,3.773,ft
-76.43438,35.730718,4/23/23,3.678,ft
-76.43438,35.730718,4/24/23,3.709,ft
-76.43438,35.730718,4/25/23,3.896,ft
-76.43438,35.730718,4/26/23,4.035,ft
-76.43438,35.730718,4/27/23,4.128,ft
-76.43438,35.730718,4/28/23,4.005,ft
-76.43438,35.730718,4/29/23,3.725,ft
-76.43438,35.730718,4/30/23,3.641,ft
-76.43438,35.730718,5/1/23,3.684,ft
-76.43438,35.730718,5/2/23,3.886,ft
-76.43438,35.730718,5/3/23,4.013,ft
-76.43438,35.730718,5/4/23,4.033,ft
-76.43438,35.730718,5/5/23,4.153,ft
-76.43438,35.730718,5/6/23,4.231,ft
-76.43438,35.730718,5/7/23,4.282,ft
-76.43438,35.730718,5/8/23,4.244,ft
-76.43438,35.730718,5/9/23,4.184,ft
-76.43438,35.730718,5/10/23,4.217,ft
-76.43438,35.730718,5/11/23,4.288,ft
-76.43438,35.730718,5/12/23,4.243,ft
-76.43438,35.730718,5/13/23,4.276,ft
-76.43438,35.730718,5/14/23,4.317,ft
-76.43438,35.730718,5/15/23,4.351,ft
-76.43438,35.730718,5/16/23,4.395,ft
-76.43438,35.730718,5/17/23,4.417,ft
-76.43438,35.730718,5/18/23,4.465,ft
-76.43438,35.730718,5/19/23,4.53,ft
-76.43438,35.730718,5/20/23,4.548,ft
-76.43438,35.730718,5/20/23,4.55,ft
-76.43438,35.730718,5/21/23,4.544,ft
-76.43438,35.730718,5/22/23,4.554,ft
-76.43438,35.730718,5/23/23,4.594,ft
-76.43438,35.730718,5/24/23,4.614,ft
-76.43438,35.730718,5/25/23,4.636,ft
-76.43438,35.730718,5/26/23,4.666,ft
-76.43438,35.730718,5/27/23,4.682,ft
-76.43438,35.730718,5/28/23,4.683,ft
-76.43438,35.730718,5/29/23,4.638,ft
-76.43438,35.730718,5/30/23,4.619,ft
-76.43438,35.730718,5/31/23,4.661,ft
-76.43438,35.730718,6/1/23,4.574,ft
-76.43438,35.730718,6/2/23,4.318,ft
-76.43438,35.730718,6/3/23,4.217,ft
-76.43438,35.730718,6/4/23,4.215,ft
-76.43438,35.730718,6/5/23,4.213,ft
-76.43438,35.730718,6/6/23,4.242,ft
-76.43438,35.730718,6/7/23,4.267,ft
-76.43438,35.730718,6/8/23,4.29,ft
-76.43438,35.730718,6/9/23,4.313,ft
-76.43438,35.730718,6/10/23,4.34,ft
-76.43438,35.730718,6/11/23,4.381,ft
-76.43438,35.730718,6/12/23,4.416,ft
-76.43438,35.730718,6/13/23,3.826,ft
-76.43438,35.730718,6/14/23,3.624,ft
-76.43438,35.730718,6/15/23,3.656,ft
-76.43438,35.730718,6/16/23,3.69,ft
-76.43438,35.730718,6/17/23,3.737,ft
-76.43438,35.730718,6/18/23,3.787,ft
-76.43438,35.730718,6/19/23,3.822,ft
-76.43438,35.730718,6/20/23,3.872,ft
-76.43438,35.730718,6/21/23,3.855,ft
-76.43438,35.730718,6/22/23,3.836,ft
-76.43438,35.730718,6/23/23,3.811,ft
-76.43438,35.730718,6/24/23,3.631,ft
-76.43438,35.730718,6/25/23,3.578,ft
-76.43438,35.730718,6/26/23,3.554,ft
-76.43438,35.730718,6/27/23,3.583,ft
-76.43438,35.730718,6/28/23,3.6,ft
-76.43438,35.730718,6/29/23,3.641,ft
-76.43438,35.730718,6/30/23,3.669,ft
-76.43438,35.730718,7/1/23,3.727,ft
-76.43438,35.730718,7/2/23,3.781,ft
-76.43438,35.730718,7/3/23,3.822,ft
-76.43438,35.730718,7/4/23,3.803,ft
-76.43438,35.730718,7/5/23,3.623,ft
-76.43438,35.730718,7/6/23,3.465,ft
-76.43438,35.730718,7/7/23,3.415,ft
-76.43438,35.730718,7/8/23,3.328,ft
-76.43438,35.730718,7/9/23,3.321,ft
-76.43438,35.730718,7/10/23,3.312,ft
-76.43438,35.730718,7/11/23,3.342,ft
-76.43438,35.730718,7/12/23,3.397,ft
-76.43438,35.730718,7/13/23,3.441,ft
-76.43438,35.730718,7/14/23,3.497,ft
-76.43438,35.730718,7/15/23,3.529,ft
-76.43438,35.730718,7/16/23,3.52,ft
-76.43438,35.730718,7/17/23,3.552,ft
-76.43438,35.730718,7/18/23,3.598,ft
-76.43438,35.730718,7/19/23,3.662,ft
-76.43438,35.730718,7/20/23,3.663,ft
-76.43438,35.730718,7/21/23,3.694,ft
-76.43438,35.730718,7/22/23,3.756,ft
-76.43438,35.730718,7/23/23,3.796,ft
-76.43438,35.730718,7/24/23,3.805,ft
-76.43438,35.730718,7/25/23,3.797,ft
-76.43438,35.730718,7/25/23,3.8,ft
-76.43438,35.730718,7/26/23,3.824,ft
-76.43438,35.730718,7/27/23,3.89,ft
-76.43438,35.730718,7/28/23,3.929,ft
-76.43438,35.730718,7/29/23,3.974,ft
-76.43438,35.730718,7/30/23,4.004,ft
-76.43438,35.730718,7/31/23,4.047,ft
-76.43438,35.730718,8/1/23,4.106,ft
-76.43438,35.730718,8/2/23,4.157,ft
-76.43438,35.730718,8/3/23,4.208,ft
-76.43438,35.730718,8/4/23,4.236,ft
-76.43438,35.730718,8/5/23,4.125,ft
-76.43438,35.730718,8/6/23,4.138,ft
-76.43438,35.730718,8/7/23,4.164,ft
-76.43438,35.730718,8/8/23,4.204,ft
-76.43438,35.730718,8/9/23,4.247,ft
-76.43438,35.730718,8/10/23,4.287,ft
-76.43438,35.730718,8/11/23,4.34,ft
-76.43438,35.730718,8/12/23,4.393,ft
-76.43438,35.730718,8/13/23,4.44,ft
-76.43438,35.730718,8/14/23,4.48,ft
-76.43438,35.730718,8/15/23,4.532,ft
-76.43438,35.730718,8/16/23,4.578,ft
-76.43438,35.730718,8/17/23,4.548,ft
-76.43438,35.730718,8/18/23,4.439,ft
-76.43438,35.730718,8/19/23,4.536,ft
-76.43438,35.730718,8/20/23,4.61,ft
-76.43438,35.730718,8/21/23,4.673,ft
-76.43438,35.730718,8/22/23,4.717,ft
-76.43438,35.730718,8/23/23,4.776,ft
-76.43438,35.730718,8/24/23,4.826,ft
-76.43438,35.730718,8/25/23,4.899,ft
-76.43438,35.730718,8/26/23,4.961,ft
-76.43438,35.730718,8/27/23,5.03,ft
-76.43438,35.730718,8/28/23,4.526,ft
-76.43438,35.730718,8/29/23,4.358,ft
-76.43438,35.730718,8/30/23,4.3,ft
-76.43438,35.730718,8/31/23,4.068,ft
-76.43438,35.730718,9/1/23,3.66,ft
-76.43438,35.730718,9/2/23,3.619,ft
-76.43438,35.730718,9/3/23,3.63,ft
-76.43438,35.730718,9/4/23,3.64,ft
-76.43438,35.730718,9/5/23,3.68,ft
-76.43438,35.730718,9/6/23,3.707,ft
-76.43438,35.730718,9/7/23,3.75,ft
-76.43438,35.730718,9/8/23,3.808,ft
-76.43438,35.730718,9/9/23,3.86,ft
-76.43438,35.730718,9/10/23,3.852,ft
-76.43438,35.730718,9/11/23,3.885,ft
-76.43438,35.730718,9/12/23,3.92,ft
-76.43438,35.730718,9/13/23,3.928,ft
-76.43438,35.730718,9/14/23,3.947,ft
-76.43438,35.730718,9/15/23,4.003,ft
-76.43438,35.730718,9/16/23,4.066,ft
-76.43438,35.730718,9/17/23,4.09,ft
-76.43438,35.730718,9/18/23,4.102,ft
-76.43438,35.730718,9/19/23,4.179,ft
-76.43438,35.730718,9/20/23,4.234,ft
-76.43438,35.730718,9/21/23,4.278,ft
-76.43438,35.730718,9/22/23,4.299,ft
-76.43438,35.730718,9/23/23,3.54,ft
-76.43438,35.730718,9/24/23,3.432,ft
-76.43438,35.730718,9/25/23,3.44,ft
-76.43438,35.730718,9/26/23,3.491,ft
-76.43438,35.730718,9/27/23,3.505,ft
-76.43438,35.730718,9/28/23,3.522,ft
-76.43438,35.730718,9/29/23,3.54,ft
-76.43438,35.730718,9/30/23,3.584,ft
-76.43438,35.730718,10/1/23,3.625,ft
-76.43438,35.730718,10/2/23,3.663,ft
-76.43438,35.730718,10/3/23,3.713,ft
-76.43438,35.730718,10/4/23,3.75,ft
-76.43438,35.730718,10/5/23,3.789,ft
-76.43438,35.730718,10/6/23,3.804,ft
-76.43438,35.730718,10/7/23,3.823,ft
-76.43438,35.730718,10/8/23,3.885,ft
-76.43438,35.730718,10/9/23,3.935,ft
-76.43438,35.730718,10/10/23,3.954,ft
-76.43438,35.730718,10/11/23,4.008,ft
-76.43438,35.730718,10/12/23,4.04,ft
-76.43438,35.730718,10/13/23,4.064,ft
-76.43438,35.730718,10/14/23,4.08,ft
-76.43438,35.730718,10/15/23,4.082,ft
-76.43438,35.730718,10/16/23,4.127,ft
-76.43438,35.730718,10/17/23,4.188,ft
-76.43438,35.730718,10/18/23,4.241,ft
-76.43438,35.730718,10/19/23,4.265,ft
-76.43438,35.730718,10/20/23,4.24,ft
-76.43438,35.730718,10/21/23,4.269,ft
-76.43438,35.730718,10/22/23,4.333,ft
-76.43438,35.730718,10/23/23,4.434,ft
-76.43438,35.730718,10/24/23,4.46,ft
-76.43438,35.730718,10/25/23,4.477,ft
-76.43438,35.730718,10/26/23,4.509,ft
-76.43438,35.730718,10/27/23,4.528,ft
-76.43438,35.730718,10/28/23,4.569,ft
-76.43438,35.730718,10/29/23,4.61,ft
-76.43438,35.730718,10/29/23,4.62,ft
-76.43438,35.730718,10/30/23,4.842,ft
-76.43438,35.730718,10/31/23,4.857,ft
-76.43438,35.730718,11/1/23,4.847,ft
-76.43438,35.730718,11/2/23,4.447,ft
-76.43438,35.730718,11/3/23,4.437,ft
-76.43438,35.730718,11/4/23,4.676,ft
-76.43438,35.730718,11/5/23,4.959,ft
-76.43438,35.730718,11/6/23,4.964,ft
-76.43438,35.730718,11/7/23,5.091,ft
-76.43438,35.730718,11/8/23,5.136,ft
-76.43438,35.730718,11/9/23,5.208,ft
-76.43438,35.730718,11/10/23,5.223,ft
-76.43438,35.730718,11/11/23,4.981,ft
-76.43438,35.730718,11/12/23,4.915,ft
-76.43438,35.730718,11/13/23,4.834,ft
-76.43438,35.730718,11/14/23,4.955,ft
-76.43438,35.730718,11/15/23,4.894,ft
-76.43438,35.730718,11/16/23,5.007,ft
-76.43438,35.730718,11/17/23,5.254,ft
-76.43438,35.730718,11/18/23,5.679,ft
-76.43438,35.730718,11/19/23,5.507,ft
-76.43438,35.730718,11/20/23,5.305,ft
-76.43438,35.730718,11/21/23,5.255,ft
-76.43438,35.730718,11/22/23,5.685,ft
-76.43438,35.730718,11/23/23,4.623,ft
-76.43438,35.730718,11/24/23,4.305,ft
-76.43438,35.730718,11/25/23,4.122,ft
-76.43438,35.730718,11/26/23,4.205,ft
-76.43438,35.730718,11/27/23,4.372,ft
-76.43438,35.730718,11/28/23,4.145,ft
-76.43438,35.730718,11/29/23,3.91,ft
-76.43438,35.730718,11/30/23,3.924,ft
-76.43438,35.730718,12/1/23,3.931,ft
-76.43438,35.730718,12/2/23,4.121,ft
-76.43438,35.730718,12/3/23,4.385,ft
-76.43438,35.730718,12/4/23,4.39,ft
-76.43438,35.730718,12/5/23,4.27,ft
-76.43438,35.730718,12/6/23,4.413,ft
-76.43438,35.730718,12/7/23,4.126,ft
-76.43438,35.730718,12/8/23,4.186,ft
-76.43438,35.730718,12/9/23,4.162,ft
-76.43438,35.730718,12/10/23,4.354,ft
-76.43438,35.730718,12/11/23,4.455,ft
-76.43438,35.730718,12/12/23,3.668,ft
-76.43438,35.730718,12/13/23,3.524,ft
-76.43438,35.730718,12/14/23,3.398,ft
-76.43438,35.730718,12/15/23,3.501,ft
-76.43438,35.730718,12/16/23,3.65,ft
-76.43438,35.730718,12/17/23,4.016,ft
-76.43438,35.730718,12/18/23,4.58,ft
-76.43438,35.730718,12/19/23,3.67,ft
-76.43438,35.730718,12/20/23,3.221,ft
-76.43438,35.730718,12/21/23,3.23,ft
-76.43438,35.730718,12/22/23,3.266,ft
-76.43438,35.730718,12/23/23,3.28,ft
-76.43438,35.730718,12/24/23,3.328,ft
-76.43438,35.730718,12/25/23,3.432,ft
-76.43438,35.730718,12/26/23,3.57,ft
-76.43438,35.730718,12/27/23,3.85,ft
-76.43438,35.730718,12/28/23,3.957,ft
-76.43438,35.730718,12/29/23,3.926,ft
-76.43438,35.730718,12/30/23,3.83,ft
-76.43438,35.730718,12/31/23,3.705,ft
-76.43438,35.730718,1/1/24,3.747,ft
-76.43438,35.730718,1/2/24,3.723,ft
-76.43438,35.730718,1/3/24,3.699,ft
-76.43438,35.730718,1/4/24,3.928,ft
-76.43438,35.730718,1/5/24,3.518,ft
-76.43438,35.730718,1/6/24,3.742,ft
-76.43438,35.730718,1/7/24,4.154,ft
-76.43438,35.730718,1/8/24,3.613,ft
-76.43438,35.730718,1/9/24,3.74,ft
-76.43438,35.730718,1/10/24,4.398,ft
-76.43438,35.730718,1/11/24,3.848,ft
-76.43438,35.730718,1/12/24,3.692,ft
-76.43438,35.730718,1/13/24,4.34,ft
-76.43438,35.730718,1/14/24,3.749,ft
-76.43438,35.730718,1/15/24,3.673,ft
-76.43438,35.730718,1/16/24,4.001,ft
-76.43438,35.730718,1/17/24,3.775,ft
-76.43438,35.730718,1/18/24,3.603,ft
-76.43438,35.730718,1/19/24,4.129,ft
-76.43438,35.730718,1/20/24,3.876,ft
-76.43438,35.730718,1/21/24,3.523,ft
-76.43438,35.730718,1/22/24,3.336,ft
-76.43438,35.730718,1/23/24,3.442,ft
-76.43438,35.730718,1/24/24,3.555,ft
-76.43438,35.730718,1/24/24,3.56,ft
-76.43438,35.730718,1/25/24,3.572,ft
-76.43438,35.730718,1/26/24,3.576,ft
-76.43438,35.730718,1/27/24,3.602,ft
-76.43438,35.730718,1/28/24,3.547,ft
-76.43438,35.730718,1/29/24,3.615,ft
-76.43438,35.730718,1/30/24,3.66,ft
-76.43438,35.730718,1/31/24,3.648,ft
-76.43438,35.730718,2/1/24,3.68,ft
-76.43438,35.730718,2/2/24,3.679,ft
-76.43438,35.730718,2/3/24,3.738,ft
-76.43438,35.730718,2/4/24,3.751,ft
-76.43438,35.730718,2/5/24,3.748,ft
-76.43438,35.730718,2/6/24,3.795,ft
-76.43438,35.730718,2/7/24,3.855,ft
-76.43438,35.730718,2/8/24,3.873,ft
-76.43438,35.730718,2/9/24,3.876,ft
-76.43438,35.730718,2/10/24,3.88,ft
-76.43438,35.730718,2/11/24,3.914,ft
-76.43438,35.730718,2/12/24,3.934,ft
-76.43438,35.730718,2/13/24,3.81,ft
-76.43438,35.730718,2/14/24,3.877,ft
-76.43438,35.730718,2/15/24,3.884,ft
-76.43438,35.730718,2/16/24,3.863,ft
-76.43438,35.730718,2/17/24,3.84,ft
-76.43438,35.730718,2/18/24,3.944,ft
-76.43438,35.730718,2/19/24,3.948,ft
-76.43438,35.730718,2/20/24,3.988,ft
-76.43438,35.730718,2/21/24,4.009,ft
-76.43438,35.730718,2/22/24,4.005,ft
-76.43438,35.730718,2/23/24,3.974,ft
-76.43438,35.730718,2/24/24,4.02,ft
-76.43438,35.730718,2/25/24,4.086,ft
-76.43438,35.730718,2/26/24,4.069,ft
-76.43438,35.730718,2/27/24,4.095,ft
-76.43438,35.730718,2/28/24,4.086,ft
-76.43438,35.730718,2/29/24,4.175,ft
-76.43438,35.730718,3/1/24,4.173,ft
-76.43438,35.730718,3/2/24,4.086,ft
-76.43438,35.730718,3/3/24,3.621,ft
-76.43438,35.730718,3/4/24,3.573,ft
-76.43438,35.730718,3/5/24,3.49,ft
-76.43438,35.730718,3/6/24,3.44,ft
-76.43438,35.730718,3/7/24,3.172,ft
-76.43438,35.730718,3/8/24,3.212,ft
-76.43438,35.730718,3/9/24,3.213,ft
-76.43438,35.730718,3/10/24,3.212,ft
-76.43438,35.730718,3/11/24,3.289,ft
-76.43438,35.730718,3/12/24,3.303,ft
-76.43438,35.730718,3/13/24,3.338,ft
-76.43438,35.730718,3/14/24,3.388,ft
-76.43438,35.730718,3/15/24,3.419,ft
-76.43438,35.730718,3/16/24,3.438,ft
-76.43438,35.730718,3/17/24,3.442,ft
-76.43438,35.730718,3/18/24,3.49,ft
-76.43438,35.730718,3/19/24,3.55,ft
-76.43438,35.730718,3/20/24,3.539,ft
-76.43438,35.730718,3/21/24,3.628,ft
-76.43438,35.730718,3/22/24,3.641,ft
-76.43438,35.730718,3/23/24,3.465,ft
-76.43438,35.730718,3/24/24,3.237,ft
-76.43438,35.730718,3/25/24,3.252,ft
-76.43438,35.730718,3/26/24,3.262,ft
-76.43438,35.730718,3/27/24,3.295,ft
-76.43438,35.730718,3/28/24,3.296,ft
-76.43438,35.730718,3/29/24,2.896,ft
-76.43438,35.730718,3/30/24,2.94,ft
-76.43438,35.730718,3/31/24,3.015,ft
-76.43438,35.730718,4/1/24,3.069,ft
-76.43438,35.730718,4/2/24,3.139,ft
-76.43438,35.730718,4/3/24,3.153,ft
-76.43438,35.730718,4/4/24,3.205,ft
-76.43438,35.730718,4/5/24,3.262,ft
-76.43438,35.730718,4/6/24,3.303,ft
-76.43438,35.730718,4/7/24,3.328,ft
-76.43438,35.730718,4/8/24,3.363,ft
-76.43438,35.730718,4/9/24,3.377,ft
-76.43438,35.730718,4/10/24,3.411,ft
-76.43438,35.730718,4/11/24,3.428,ft
-76.43438,35.730718,4/12/24,3.426,ft
-76.43438,35.730718,4/13/24,3.495,ft
-76.43438,35.730718,4/14/24,3.532,ft
-76.43438,35.730718,4/15/24,3.541,ft
-76.43438,35.730718,4/15/24,3.56,ft
-76.43438,35.730718,4/20/24,3.63,ft
-76.43438,35.730718,4/21/24,3.661,ft
-76.43438,35.730718,4/22/24,3.644,ft
-76.43438,35.730718,4/23/24,3.694,ft
-76.43438,35.730718,4/24/24,3.698,ft
-76.43438,35.730718,4/25/24,3.748,ft
-76.43438,35.730718,4/26/24,3.785,ft
-76.43438,35.730718,4/27/24,3.807,ft
-76.43438,35.730718,4/28/24,3.828,ft
-76.43438,35.730718,4/29/24,3.853,ft
-76.43438,35.730718,4/30/24,3.906,ft
-76.43438,35.730718,5/1/24,3.94,ft
-76.43438,35.730718,5/2/24,3.948,ft
-76.43438,35.730718,5/3/24,3.972,ft
-76.43438,35.730718,5/4/24,3.996,ft
-76.43438,35.730718,5/5/24,3.966,ft
-76.43438,35.730718,5/6/24,3.823,ft
-76.43438,35.730718,5/7/24,3.829,ft
-76.43438,35.730718,5/8/24,3.859,ft
-76.43438,35.730718,5/9/24,3.9,ft
-76.43438,35.730718,5/10/24,3.921,ft
-76.43438,35.730718,5/11/24,3.828,ft
-76.43438,35.730718,5/12/24,3.82,ft
-76.43438,35.730718,5/13/24,3.875,ft
-76.43438,35.730718,5/14/24,3.897,ft
-76.43438,35.730718,5/15/24,3.619,ft
-76.43438,35.730718,5/16/24,3.575,ft
-76.43438,35.730718,5/17/24,3.596,ft
-76.43438,35.730718,5/18/24,3.578,ft
-76.43438,35.730718,5/19/24,3.566,ft
-76.43438,35.730718,5/20/24,3.572,ft
-76.43438,35.730718,5/21/24,3.606,ft
-76.43438,35.730718,5/22/24,3.633,ft
-76.43438,35.730718,5/23/24,3.672,ft
-76.43438,35.730718,5/24/24,3.688,ft
-76.43438,35.730718,5/25/24,3.689,ft
-76.43438,35.730718,5/26/24,3.712,ft
-76.43438,35.730718,5/27/24,3.741,ft
-76.43438,35.730718,5/28/24,3.74,ft
-76.43438,35.730718,5/29/24,3.792,ft
-76.43438,35.730718,5/30/24,3.828,ft
-76.43438,35.730718,5/31/24,3.88,ft
-76.43438,35.730718,6/1/24,3.926,ft
-76.43438,35.730718,6/2/24,3.959,ft
-76.43438,35.730718,6/3/24,4,ft
-76.43438,35.730718,6/4/24,4.023,ft
-76.43438,35.730718,6/5/24,4.056,ft
-76.43438,35.730718,6/6/24,4.067,ft
-76.43438,35.730718,6/7/24,4.119,ft
-76.43438,35.730718,6/8/24,4.204,ft
-76.43438,35.730718,6/9/24,4.225,ft
-76.43438,35.730718,6/10/24,4.284,ft
-76.43438,35.730718,6/11/24,4.336,ft
-76.43438,35.730718,6/12/24,4.387,ft
-76.43438,35.730718,6/13/24,4.439,ft
-76.43438,35.730718,6/14/24,4.467,ft
-76.43438,35.730718,6/15/24,4.554,ft
-76.43438,35.730718,6/16/24,4.639,ft
-76.43438,35.730718,6/17/24,4.703,ft
-76.43438,35.730718,6/18/24,4.774,ft
-76.43438,35.730718,6/19/24,4.864,ft
-76.43438,35.730718,6/20/24,4.949,ft
-76.43438,35.730718,6/21/24,5.028,ft
-76.43438,35.730718,6/22/24,5.101,ft
-76.43438,35.730718,6/23/24,5.184,ft
-76.43438,35.730718,6/24/24,5.248,ft
-76.43438,35.730718,6/25/24,4.929,ft
-76.43438,35.730718,6/26/24,4.982,ft
-76.43438,35.730718,6/27/24,5.095,ft
-76.43438,35.730718,6/28/24,5.094,ft
-76.43438,35.730718,6/29/24,5.236,ft
-76.43438,35.730718,6/30/24,5.334,ft
-76.43438,35.730718,7/1/24,5.383,ft
-76.43438,35.730718,7/2/24,5.46,ft
-76.43438,35.730718,7/3/24,5.546,ft
-76.43438,35.730718,7/4/24,5.611,ft
-76.43438,35.730718,7/5/24,5.699,ft
-76.43438,35.730718,7/6/24,5.789,ft
-76.43438,35.730718,7/7/24,5.854,ft
-76.43438,35.730718,7/8/24,4.643,ft
-76.43438,35.730718,7/9/24,4.316,ft
-76.43438,35.730718,7/10/24,4.338,ft
-76.43438,35.730718,7/11/24,4.37,ft
-76.43438,35.730718,7/12/24,4.4,ft
-76.43438,35.730718,7/13/24,4.196,ft
-76.43438,35.730718,7/14/24,4.05,ft
-76.43438,35.730718,7/15/24,4.005,ft
-76.43438,35.730718,7/16/24,4.028,ft
-76.43438,35.730718,7/17/24,4.077,ft
-76.43438,35.730718,7/18/24,4.054,ft
-76.43438,35.730718,7/19/24,4.054,ft
-76.43438,35.730718,7/20/24,4.005,ft
-76.43438,35.730718,7/21/24,3.96,ft
-76.43438,35.730718,7/22/24,3.881,ft
-76.43438,35.730718,7/23/24,3.907,ft
-76.43438,35.730718,7/24/24,3.907,ft
-76.43438,35.730718,7/25/24,3.889,ft
-76.43438,35.730718,7/26/24,3.627,ft
-76.43438,35.730718,7/26/24,3.6,ft
-76.43438,35.730718,7/27/24,3.559,ft
-76.43438,35.730718,7/28/24,3.58,ft
-76.43438,35.730718,7/29/24,3.609,ft
-76.43438,35.730718,7/30/24,3.629,ft
-76.43438,35.730718,7/31/24,3.681,ft
-76.43438,35.730718,8/1/24,3.738,ft
-76.43438,35.730718,8/2/24,3.789,ft
-76.43438,35.730718,8/3/24,3.84,ft
-76.43438,35.730718,8/4/24,3.882,ft
-76.43438,35.730718,8/5/24,3.925,ft
-76.43438,35.730718,8/6/24,3.942,ft
-76.43438,35.730718,8/7/24,3.853,ft
-76.43438,35.730718,8/8/24,3.587,ft
-76.43438,35.730718,8/9/24,3.377,ft
-76.43438,35.730718,8/10/24,3.231,ft
-76.43438,35.730718,8/11/24,3.218,ft
-76.43438,35.730718,8/12/24,3.056,ft
-76.43438,35.730718,8/13/24,3.034,ft
-76.43438,35.730718,8/14/24,3.075,ft
-76.43438,35.730718,8/15/24,3.137,ft
-76.43438,35.730718,8/16/24,3.162,ft
-76.43438,35.730718,8/17/24,3.222,ft
-76.43438,35.730718,8/18/24,3.255,ft
-76.43438,35.730718,8/19/24,3.301,ft
-76.43438,35.730718,8/20/24,3.331,ft
-76.43438,35.730718,8/21/24,3.365,ft
-76.43438,35.730718,8/22/24,3.412,ft
-76.43438,35.730718,8/23/24,3.445,ft
-76.43438,35.730718,8/24/24,3.486,ft
-76.43438,35.730718,8/25/24,3.517,ft
-76.43438,35.730718,8/26/24,3.546,ft
-76.43438,35.730718,8/27/24,3.585,ft
-76.43438,35.730718,8/28/24,3.63,ft
-76.43438,35.730718,8/29/24,3.696,ft
-76.43438,35.730718,8/30/24,3.748,ft
-76.43438,35.730718,8/31/24,3.772,ft
-76.43438,35.730718,9/1/24,3.798,ft
-76.43438,35.730718,9/2/24,3.765,ft
-76.43438,35.730718,9/3/24,3.777,ft
-76.43438,35.730718,9/4/24,3.823,ft
-76.43438,35.730718,9/5/24,3.84,ft
-76.43438,35.730718,9/6/24,3.865,ft
-76.43438,35.730718,9/7/24,3.879,ft
-76.43438,35.730718,9/8/24,3.813,ft
-76.43438,35.730718,9/9/24,3.835,ft
-76.43438,35.730718,9/10/24,3.845,ft
-76.43438,35.730718,9/11/24,3.885,ft
-76.43438,35.730718,9/12/24,3.925,ft
-76.43438,35.730718,9/13/24,3.943,ft
-76.43438,35.730718,9/14/24,3.654,ft
-76.43438,35.730718,9/15/24,3.637,ft
-76.43438,35.730718,9/16/24,3.624,ft
-76.43438,35.730718,9/17/24,3.538,ft
-76.43438,35.730718,9/18/24,3.369,ft
-76.43438,35.730718,9/19/24,3.377,ft
-76.43438,35.730718,9/20/24,3.394,ft
-76.43438,35.730718,9/21/24,3.43,ft
-76.43438,35.730718,9/22/24,3.437,ft
-76.43438,35.730718,9/23/24,3.479,ft
-76.43438,35.730718,9/24/24,3.531,ft
-76.43438,35.730718,9/25/24,3.541,ft
-76.43438,35.730718,9/26/24,3.568,ft
-76.43438,35.730718,9/27/24,3.571,ft
-76.43438,35.730718,9/28/24,3.636,ft
-76.43438,35.730718,9/29/24,3.679,ft
-76.43438,35.730718,9/30/24,3.711,ft
-76.43438,35.730718,10/1/24,3.652,ft
-76.43438,35.730718,10/2/24,3.663,ft
-76.43438,35.730718,10/3/24,3.696,ft
-76.43438,35.730718,10/4/24,3.729,ft
-76.43438,35.730718,10/5/24,3.76,ft
-76.43438,35.730718,10/6/24,3.79,ft
-76.43438,35.730718,10/7/24,3.804,ft
-76.43438,35.730718,10/8/24,3.875,ft
-76.43438,35.730718,10/9/24,3.913,ft
-76.43438,35.730718,10/10/24,3.947,ft
-76.43438,35.730718,10/11/24,4.003,ft
-76.43438,35.730718,10/12/24,4.012,ft
-76.43438,35.730718,10/13/24,4.062,ft
-76.43438,35.730718,10/14/24,4.068,ft
-76.43438,35.730718,10/15/24,4.148,ft
-76.43438,35.730718,10/16/24,4.178,ft
-76.43438,35.730718,10/17/24,4.207,ft
-76.43438,35.730718,10/18/24,4.277,ft
-76.43438,35.730718,10/19/24,4.311,ft
-76.43438,35.730718,10/19/24,4.32,ft
-76.43438,35.730718,10/20/24,4.325,ft
-76.43438,35.730718,10/21/24,4.345,ft
-76.43438,35.730718,10/22/24,4.4,ft
-76.43438,35.730718,10/23/24,4.398,ft
-76.43438,35.730718,10/24/24,4.405,ft
-76.43438,35.730718,10/25/24,4.521,ft
-76.43438,35.730718,10/26/24,4.527,ft
-76.43438,35.730718,10/27/24,4.589,ft
-76.43438,35.730718,10/28/24,4.575,ft
-76.43438,35.730718,10/29/24,4.614,ft
-76.43438,35.730718,10/30/24,4.637,ft
-76.43438,35.730718,10/31/24,4.662,ft
-76.43438,35.730718,11/1/24,4.686,ft
-76.43438,35.730718,11/2/24,4.746,ft
-76.43438,35.730718,11/3/24,4.783,ft
-76.43438,35.730718,11/4/24,4.815,ft
-76.43438,35.730718,11/5/24,4.845,ft
-76.43438,35.730718,11/6/24,4.879,ft
-76.43438,35.730718,11/7/24,4.912,ft
-76.43438,35.730718,11/8/24,4.928,ft
-76.43438,35.730718,11/9/24,4.974,ft
-76.43438,35.730718,11/10/24,5.01,ft
-76.43438,35.730718,11/11/24,4.978,ft
-76.43438,35.730718,11/12/24,5.055,ft
-76.43438,35.730718,11/13/24,5.147,ft
-76.43438,35.730718,11/14/24,5.113,ft
-76.43438,35.730718,11/15/24,4.814,ft
-76.43438,35.730718,11/16/24,4.565,ft
-76.43438,35.730718,11/17/24,4.594,ft
-76.43438,35.730718,11/18/24,4.57,ft
-76.43438,35.730718,11/19/24,4.602,ft
-76.43438,35.730718,11/20/24,4.601,ft
-76.43438,35.730718,11/21/24,4.598,ft
-76.43438,35.730718,11/22/24,4.613,ft
-76.43438,35.730718,11/23/24,4.638,ft
-76.43438,35.730718,11/24/24,4.699,ft
-76.43438,35.730718,11/25/24,4.707,ft
-76.43438,35.730718,11/26/24,4.689,ft
-76.43438,35.730718,11/27/24,4.728,ft
-76.43438,35.730718,11/28/24,4.677,ft
-76.43438,35.730718,11/29/24,4.773,ft
-76.43438,35.730718,11/30/24,4.793,ft
-76.43438,35.730718,12/1/24,4.788,ft
-76.43438,35.730718,12/2/24,4.788,ft
-76.43438,35.730718,12/3/24,4.805,ft
-76.43438,35.730718,12/4/24,4.805,ft
-76.43438,35.730718,12/5/24,4.716,ft
-76.43438,35.730718,12/6/24,4.853,ft
-76.43438,35.730718,12/7/24,4.845,ft
-76.43438,35.730718,12/8/24,4.815,ft
-76.43438,35.730718,12/9/24,4.871,ft
-76.43438,35.730718,12/10/24,4.886,ft
-76.43438,35.730718,12/11/24,4.838,ft
-76.43438,35.730718,12/12/24,4.673,ft
-76.43438,35.730718,12/13/24,4.633,ft
-76.43438,35.730718,12/14/24,4.627,ft
-76.43438,35.730718,12/15/24,4.592,ft
-76.43438,35.730718,12/16/24,4.56,ft
-76.43438,35.730718,12/17/24,4.574,ft
-76.43438,35.730718,12/18/24,4.58,ft
-76.43438,35.730718,12/19/24,4.568,ft
-76.43438,35.730718,12/20/24,4.535,ft
-76.43438,35.730718,12/21/24,4.611,ft
-76.43438,35.730718,12/22/24,4.654,ft
-76.43438,35.730718,12/23/24,4.664,ft
-76.43438,35.730718,12/24/24,4.618,ft
-76.43438,35.730718,12/25/24,4.627,ft
-76.43438,35.730718,12/26/24,4.644,ft
-76.43438,35.730718,12/27/24,4.644,ft
-76.43438,35.730718,12/28/24,4.629,ft
-76.43438,35.730718,12/29/24,4.629,ft
-76.43438,35.730718,12/30/24,4.606,ft
-76.43438,35.730718,12/31/24,4.65,ft
-76.43438,35.730718,1/1/25,4.668,ft
-76.43438,35.730718,1/2/25,4.727,ft
-76.43438,35.730718,1/3/25,4.691,ft
-76.43438,35.730718,1/4/25,4.717,ft
-76.43438,35.730718,1/5/25,4.712,ft
-76.43438,35.730718,1/6/25,4.637,ft
-76.43438,35.730718,1/7/25,4.599,ft
-76.43438,35.730718,1/8/25,4.56,ft
-76.43438,35.730718,1/9/25,4.532,ft
-76.43438,35.730718,1/10/25,4.541,ft
-76.43438,35.730718,1/11/25,4.402,ft
-76.43438,35.730718,1/12/25,4.464,ft
-76.43438,35.730718,1/13/25,4.416,ft
-76.43438,35.730718,1/14/25,4.411,ft
-76.43438,35.730718,1/15/25,4.425,ft
-76.43438,35.730718,1/16/25,4.379,ft
-76.43438,35.730718,1/17/25,4.4,ft
-76.43438,35.730718,1/18/25,4.357,ft
-76.43438,35.730718,1/18/25,4.36,ft
-76.43438,35.730718,1/19/25,4.358,ft
-76.43438,35.730718,1/20/25,4.402,ft
-76.43438,35.730718,1/21/25,4.361,ft
-76.43438,35.730718,1/22/25,4.276,ft
-76.43438,35.730718,1/23/25,4.277,ft
-76.43438,35.730718,1/24/25,4.271,ft
-76.43438,35.730718,1/25/25,4.31,ft
-76.43438,35.730718,1/26/25,4.272,ft
-76.43438,35.730718,1/27/25,4.243,ft
-76.43438,35.730718,1/28/25,4.195,ft
-76.43438,35.730718,1/29/25,4.193,ft
-76.43438,35.730718,1/30/25,4.28,ft
-76.43438,35.730718,1/31/25,4.203,ft
-76.43438,35.730718,2/1/25,4.183,ft
-76.43438,35.730718,2/2/25,4.233,ft
-76.43438,35.730718,2/3/25,4.15,ft
-76.43438,35.730718,2/4/25,4.118,ft
-76.43438,35.730718,2/5/25,4.205,ft
-76.43438,35.730718,2/6/25,4.145,ft
-76.43438,35.730718,2/7/25,4.129,ft
-76.43438,35.730718,2/8/25,4.166,ft
-76.43438,35.730718,2/9/25,4.1,ft
-76.43438,35.730718,2/10/25,4.132,ft
-76.43438,35.730718,2/11/25,3.918,ft
-76.43438,35.730718,2/12/25,3.767,ft
-76.43438,35.730718,2/13/25,3.645,ft
-76.43438,35.730718,2/14/25,3.701,ft
-76.43438,35.730718,2/14/25,3.7,ft
-76.43438,35.730718,2/15/25,3.601,ft
-76.43438,35.730718,2/16/25,3.523,ft
-76.43438,35.730718,2/17/25,3.607,ft
-76.43438,35.730718,2/18/25,3.583,ft
-76.43438,35.730718,2/19/25,3.588,ft
-76.43438,35.730718,2/20/25,3.478,ft
-76.43438,35.730718,2/21/25,3.547,ft
-76.43438,35.730718,2/22/25,3.53,ft
-76.43438,35.730718,2/23/25,3.485,ft
-76.43438,35.730718,2/24/25,3.489,ft
-76.43438,35.730718,2/25/25,3.483,ft
-76.43438,35.730718,2/26/25,3.539,ft
-76.43438,35.730718,2/27/25,3.551,ft
-76.43438,35.730718,2/28/25,3.571,ft
-76.43438,35.730718,3/1/25,3.563,ft
-76.43438,35.730718,3/2/25,3.675,ft
-76.43438,35.730718,3/3/25,3.646,ft
-76.43438,35.730718,3/4/25,3.661,ft
-76.43438,35.730718,3/5/25,3.626,ft
-76.43438,35.730718,3/6/25,3.591,ft
-76.43438,35.730718,3/7/25,3.691,ft
-76.43438,35.730718,3/8/25,3.647,ft
-76.43438,35.730718,3/9/25,3.74,ft
-76.43438,35.730718,3/10/25,3.7,ft
-76.43438,35.730718,3/11/25,3.672,ft
-76.43438,35.730718,3/12/25,3.728,ft
-76.43438,35.730718,3/13/25,3.742,ft
-76.43438,35.730718,3/14/25,3.79,ft
-76.43438,35.730718,3/15/25,3.78,ft
-76.43438,35.730718,3/16/25,3.788,ft
-76.43438,35.730718,3/17/25,3.677,ft
-76.43438,35.730718,3/18/25,3.527,ft
-76.43438,35.730718,3/19/25,3.497,ft
-76.43438,35.730718,3/20/25,3.485,ft
-76.43438,35.730718,3/21/25,3.537,ft
-76.43438,35.730718,3/22/25,3.545,ft
-76.43438,35.730718,3/23/25,3.604,ft
-76.43438,35.730718,3/24/25,3.599,ft
-76.43438,35.730718,3/25/25,3.646,ft
-76.43438,35.730718,3/26/25,3.692,ft
-76.43438,35.730718,3/27/25,3.725,ft
-76.43438,35.730718,3/28/25,3.751,ft
-76.43438,35.730718,3/29/25,3.787,ft
-76.43438,35.730718,3/30/25,3.808,ft
-76.43438,35.730718,3/31/25,3.824,ft
-76.43438,35.730718,4/1/25,3.861,ft
-76.43438,35.730718,4/2/25,3.926,ft
-76.43438,35.730718,4/3/25,3.949,ft
-76.43438,35.730718,4/4/25,3.974,ft
-76.43438,35.730718,4/5/25,4.002,ft
-76.43438,35.730718,4/6/25,4.008,ft
-76.43438,35.730718,4/7/25,4.028,ft
-76.43438,35.730718,4/8/25,4.022,ft
-76.43438,35.730718,4/9/25,4.029,ft
-76.43438,35.730718,4/10/25,4.006,ft
-76.43438,35.730718,4/11/25,3.994,ft
-76.43438,35.730718,4/12/25,4.004,ft
-76.43438,35.730718,4/13/25,4.035,ft
-76.43438,35.730718,4/14/25,4.062,ft
-76.43438,35.730718,4/15/25,4.066,ft
-76.43438,35.730718,4/16/25,4.15,ft
-76.43438,35.730718,4/17/25,4.2,ft
-76.43438,35.730718,4/18/25,4.222,ft
-76.43438,35.730718,4/19/25,4.239,ft
-76.43438,35.730718,4/20/25,4.269,ft
-76.43438,35.730718,4/21/25,4.299,ft
-76.43438,35.730718,4/22/25,4.322,ft
-76.43438,35.730718,4/23/25,4.367,ft
-76.43438,35.730718,4/24/25,4.38,ft
-76.43438,35.730718,4/25/25,4.406,ft
-76.43438,35.730718,4/26/25,4.423,ft
-76.43438,35.730718,4/27/25,4.475,ft
-76.43438,35.730718,4/28/25,4.52,ft
-76.43438,35.730718,4/29/25,4.54,ft
-76.43438,35.730718,4/30/25,4.565,ft
-76.43438,35.730718,5/1/25,4.629,ft
-76.43438,35.730718,5/2/25,4.669,ft
-76.43438,35.730718,5/3/25,4.721,ft
-76.43438,35.730718,5/4/25,4.727,ft
-76.43438,35.730718,5/5/25,4.56,ft
-76.43438,35.730718,5/6/25,4.582,ft
-76.43438,35.730718,5/7/25,4.634,ft
-76.43438,35.730718,5/8/25,4.677,ft
-76.43438,35.730718,5/9/25,4.716,ft
-76.43438,35.730718,5/10/25,4.785,ft
-76.43438,35.730718,5/10/25,4.79,ft
-76.43438,35.730718,5/11/25,4.845,ft
-76.43438,35.730718,5/12/25,4.854,ft
-76.43438,35.730718,5/13/25,4.823,ft
-76.43438,35.730718,5/14/25,4.723,ft
-76.43438,35.730718,5/15/25,4.726,ft
-76.43438,35.730718,5/16/25,4.758,ft
-76.43438,35.730718,5/17/25,4.831,ft
-76.43438,35.730718,5/18/25,4.906,ft
-76.43438,35.730718,5/19/25,4.982,ft
-76.43438,35.730718,5/20/25,5.044,ft
-76.43438,35.730718,5/21/25,5.051,ft
-76.43438,35.730718,5/22/25,5.123,ft
-76.43438,35.730718,5/23/25,5.194,ft
-76.43438,35.730718,5/24/25,5.287,ft
-76.43438,35.730718,5/25/25,5.344,ft
-76.43438,35.730718,5/26/25,5.381,ft
-76.43438,35.730718,5/27/25,5.318,ft
-76.43438,35.730718,5/28/25,5.306,ft
-76.43438,35.730718,5/29/25,5.347,ft
-76.43438,35.730718,5/30/25,5.349,ft
-76.43438,35.730718,5/31/25,5.34,ft
-76.43438,35.730718,6/1/25,5.467,ft
-76.43438,35.730718,6/2/25,5.538,ft
-76.43438,35.730718,6/3/25,5.62,ft
-76.43438,35.730718,6/4/25,5.689,ft
-76.43438,35.730718,6/5/25,5.727,ft
-76.43438,35.730718,6/6/25,5.617,ft
-76.43438,35.730718,6/7/25,5.687,ft
-76.43438,35.730718,6/8/25,5.38,ft
-76.43438,35.730718,6/9/25,5.167,ft
-76.43438,35.730718,6/10/25,5.264,ft
-76.43438,35.730718,6/11/25,5.302,ft
-76.43438,35.730718,6/12/25,4.792,ft
-76.43438,35.730718,6/13/25,4.743,ft
-76.43438,35.730718,6/14/25,4.701,ft
-76.43438,35.730718,6/15/25,4.739,ft
-76.43438,35.730718,6/16/25,4.645,ft
-76.43438,35.730718,6/17/25,4.357,ft
-76.43438,35.730718,6/18/25,4.188,ft
-76.43438,35.730718,6/19/25,4.162,ft
-76.43438,35.730718,6/20/25,4.139,ft
-76.43438,35.730718,6/21/25,4.137,ft
-76.43438,35.730718,6/22/25,4.158,ft
-76.43438,35.730718,6/23/25,4.175,ft
-76.43438,35.730718,6/24/25,4.22,ft
-76.43438,35.730718,6/25/25,4.245,ft
-76.43438,35.730718,6/26/25,4.257,ft
-76.43438,35.730718,6/27/25,4.089,ft
-76.43438,35.730718,6/28/25,4.1,ft
-76.43438,35.730718,6/29/25,4.171,ft
-76.43438,35.730718,6/30/25,4.22,ft
-76.43438,35.730718,7/1/25,4.281,ft
-76.43438,35.730718,7/2/25,4.326,ft
-76.43438,35.730718,7/3/25,4.22,ft
-76.43438,35.730718,7/4/25,4.261,ft
-76.43438,35.730718,7/5/25,4.323,ft
-76.43438,35.730718,7/6/25,4.334,ft
-76.43438,35.730718,7/7/25,4.335,ft
-76.43438,35.730718,7/8/25,4.404,ft
-76.43438,35.730718,7/9/25,4.465,ft
-76.43438,35.730718,7/10/25,4.499,ft
-76.43438,35.730718,7/11/25,4.464,ft
-76.43438,35.730718,7/12/25,4.483,ft
-76.43438,35.730718,7/13/25,4.455,ft
-76.43438,35.730718,7/14/25,3.669,ft
-76.43438,35.730718,7/15/25,3.627,ft
-76.43438,35.730718,7/16/25,3.633,ft
-76.43438,35.730718,7/17/25,3.619,ft
-76.43438,35.730718,7/18/25,3.666,ft
-76.43438,35.730718,7/19/25,2.992,ft
-76.43438,35.730718,7/19/25,2.94,ft
-76.43438,35.730718,7/20/25,2.825,ft
-76.43438,35.730718,7/21/25,2.874,ft
-76.43438,35.730718,7/22/25,2.812,ft
-76.43438,35.730718,7/23/25,2.872,ft
-76.43438,35.730718,7/24/25,2.93,ft
-76.43438,35.730718,7/25/25,2.976,ft
-76.43438,35.730718,7/26/25,3.029,ft
-76.43438,35.730718,7/27/25,3.11,ft
-76.43438,35.730718,7/28/25,3.136,ft
-76.43438,35.730718,7/29/25,3.194,ft
-76.43438,35.730718,7/30/25,3.243,ft
-76.43438,35.730718,7/31/25,3.298,ft
-76.43438,35.730718,8/1/25,3.346,ft
-76.43438,35.730718,8/2/25,3.384,ft
-76.43438,35.730718,8/3/25,3.425,ft
-76.43438,35.730718,8/4/25,3.464,ft
-76.43438,35.730718,8/5/25,3.539,ft
-76.43438,35.730718,8/6/25,3.586,ft
-76.43438,35.730718,8/7/25,3.61,ft
-76.43438,35.730718,8/8/25,3.615,ft
-76.43438,35.730718,8/9/25,3.65,ft
-76.43438,35.730718,8/10/25,3.71,ft
-76.43438,35.730718,8/11/25,3.585,ft
-76.43438,35.730718,8/12/25,3.517,ft
-76.43438,35.730718,8/13/25,3.051,ft
-76.43438,35.730718,8/14/25,2.899,ft
-76.43438,35.730718,8/15/25,2.883,ft
-76.43438,35.730718,8/16/25,2.948,ft
-76.43438,35.730718,8/17/25,2.996,ft
-76.43438,35.730718,8/18/25,3.059,ft
-76.43438,35.730718,8/19/25,3.103,ft
-76.43438,35.730718,8/20/25,3.122,ft
-76.43438,35.730718,8/21/25,3.134,ft
-76.43438,35.730718,8/22/25,3.198,ft
-76.43438,35.730718,8/23/25,3.26,ft
-76.43438,35.730718,8/24/25,3.289,ft
-76.43438,35.730718,8/25/25,3.34,ft
-76.43438,35.730718,8/26/25,3.387,ft
-76.43438,35.730718,8/27/25,3.43,ft
-76.43438,35.730718,8/28/25,3.469,ft
-76.43438,35.730718,8/29/25,3.489,ft
-76.43438,35.730718,8/30/25,3.538,ft
-76.43438,35.730718,8/31/25,3.586,ft
-76.43438,35.730718,9/1/25,3.632,ft
-76.43438,35.730718,9/2/25,3.663,ft
-76.43438,35.730718,9/3/25,3.702,ft
-76.43438,35.730718,9/4/25,3.747,ft
-76.43438,35.730718,9/5/25,3.808,ft
-76.43438,35.730718,9/6/25,3.861,ft
-76.43438,35.730718,9/7/25,3.896,ft
-76.43438,35.730718,9/8/25,3.916,ft
-76.43438,35.730718,9/9/25,3.95,ft
-76.43438,35.730718,9/10/25,3.95,ft
-76.43438,35.730718,9/11/25,3.994,ft
-76.43438,35.730718,9/12/25,4.021,ft
-76.43438,35.730718,9/13/25,4.069,ft
-76.43438,35.730718,9/14/25,4.094,ft
-76.43438,35.730718,9/15/25,4.142,ft
-76.43438,35.730718,9/16/25,4.162,ft
-76.43438,35.730718,9/17/25,4.159,ft
-76.43438,35.730718,9/18/25,4.206,ft
-76.43438,35.730718,9/19/25,4.221,ft
-76.43438,35.730718,9/20/25,4.289,ft
-76.43438,35.730718,9/21/25,4.344,ft
-76.43438,35.730718,9/22/25,4.358,ft
-76.43438,35.730718,9/23/25,4.405,ft
-76.43438,35.730718,9/24/25,4.44,ft
-76.43438,35.730718,9/25/25,4.482,ft
-76.43438,35.730718,9/26/25,4.512,ft
-76.43438,35.730718,9/27/25,4.53,ft
-76.43438,35.730718,9/28/25,4.537,ft
-76.43438,35.730718,9/29/25,4.537,ft
-76.43438,35.730718,9/30/25,4.532,ft
-76.43438,35.730718,10/1/25,4.584,ft
-76.43438,35.730718,10/2/25,4.67,ft
-76.43438,35.730718,10/3/25,4.706,ft
-76.43438,35.730718,10/4/25,4.727,ft
-76.43438,35.730718,10/5/25,4.786,ft
-76.43438,35.730718,10/6/25,4.843,ft
-76.43438,35.730718,10/7/25,4.905,ft
-76.43438,35.730718,10/8/25,4.954,ft
-76.43438,35.730718,10/9/25,4.996,ft
-76.43438,35.730718,10/10/25,5.063,ft
-76.43438,35.730718,10/11/25,5.073,ft
-76.43438,35.730718,10/12/25,4.811,ft
-76.43438,35.730718,10/13/25,4.691,ft
-76.43438,35.730718,10/14/25,4.667,ft
-76.43438,35.730718,10/15/25,4.668,ft
-76.43438,35.730718,10/16/25,4.682,ft
-76.43438,35.730718,10/17/25,4.731,ft
-76.43438,35.730718,10/18/25,4.78,ft
-76.43438,35.730718,10/18/25,4.78,ft
-76.43438,35.730718,10/19/25,4.822,ft
-76.43438,35.730718,10/20/25,4.885,ft
-76.43438,35.730718,10/21/25,4.925,ft
-76.43438,35.730718,10/22/25,4.979,ft
-76.43438,35.730718,10/23/25,5.07,ft
-76.43438,35.730718,10/24/25,5.136,ft
-76.43438,35.730718,10/25/25,5.208,ft
-76.43438,35.730718,10/26/25,5.24,ft
-76.43438,35.730718,10/27/25,5.25,ft
-76.43438,35.730718,10/28/25,5.168,ft
-76.43438,35.730718,10/29/25,5.05,ft
-76.43438,35.730718,10/30/25,4.859,ft
-76.43438,35.730718,10/31/25,4.87,ft
-76.43438,35.730718,11/1/25,4.927,ft
-76.43438,35.730718,11/2/25,4.95,ft
-76.43438,35.730718,11/3/25,4.812,ft
-76.43438,35.730718,11/4/25,4.647,ft
-76.43438,35.730718,11/5/25,4.614,ft
-76.43438,35.730718,11/6/25,4.607,ft
-76.43438,35.730718,11/7/25,4.624,ft
-76.43438,35.730718,11/8/25,4.595,ft
-76.43438,35.730718,11/9/25,4.632,ft
-76.43438,35.730718,11/10/25,4.656,ft
-76.43438,35.730718,11/11/25,4.698,ft
-76.43438,35.730718,11/12/25,4.684,ft
-76.43438,35.730718,11/13/25,4.715,ft
-76.43438,35.730718,11/14/25,4.765,ft
-76.43438,35.730718,11/15/25,4.738,ft
-76.43438,35.730718,11/16/25,4.737,ft
-76.43438,35.730718,11/17/25,4.871,ft
-76.43438,35.730718,11/18/25,4.911,ft
-76.43438,35.730718,11/19/25,4.884,ft
-76.43438,35.730718,11/20/25,4.908,ft
-76.43438,35.730718,11/21/25,4.912,ft
-76.43438,35.730718,11/22/25,4.847,ft
-76.43438,35.730718,11/23/25,4.943,ft
-76.43438,35.730718,11/24/25,4.971,ft
-76.43438,35.730718,11/25/25,4.994,ft
-76.43438,35.730718,11/26/25,4.995,ft
-76.43438,35.730718,11/27/25,5.035,ft
-76.43438,35.730718,11/28/25,5.088,ft
-76.43438,35.730718,11/29/25,5.132,ft
-76.43438,35.730718,11/30/25,5.09,ft
-76.43438,35.730718,12/1/25,5.145,ft
-76.43438,35.730718,12/2/25,5.042,ft
-76.43438,35.730718,12/3/25,4.807,ft
-76.43438,35.730718,12/4/25,4.727,ft
-76.43438,35.730718,12/5/25,4.7,ft
-76.43438,35.730718,12/6/25,4.578,ft
-76.43438,35.730718,12/7/25,4.58,ft
-76.43438,35.730718,12/8/25,4.544,ft
-76.43438,35.730718,12/9/25,4.592,ft
-76.43438,35.730718,12/10/25,4.523,ft
-76.43438,35.730718,12/11/25,4.523,ft
-76.43438,35.730718,12/12/25,4.597,ft
-76.43438,35.730718,12/13/25,4.587,ft
-76.43438,35.730718,12/14/25,4.577,ft
-76.43438,35.730718,12/15/25,4.669,ft
-76.43438,35.730718,12/16/25,4.607,ft
-76.43438,35.730718,12/17/25,4.626,ft
-76.43438,35.730718,12/18/25,4.656,ft
-76.43438,35.730718,12/19/25,4.52,ft
-76.43438,35.730718,12/20/25,4.628,ft
-76.43438,35.730718,12/21/25,4.564,ft
-76.43438,35.730718,12/22/25,4.632,ft
-76.43438,35.730718,12/23/25,4.558,ft
-76.43438,35.730718,12/24/25,4.545,ft
-76.43438,35.730718,12/25/25,4.573,ft
-76.43438,35.730718,12/26/25,4.601,ft
-76.43438,35.730718,12/27/25,4.538,ft
-76.43438,35.730718,12/28/25,4.626,ft
-76.43438,35.730718,12/29/25,4.537,ft
-76.43438,35.730718,12/30/25,4.655,ft
-76.43438,35.730718,12/31/25,4.637,ft
-76.43438,35.730718,1/1/26,4.611,ft
-76.43438,35.730718,1/2/26,4.648,ft
-76.43438,35.730718,1/3/26,4.697,ft
-76.43438,35.730718,1/4/26,4.722,ft
-76.43438,35.730718,1/5/26,4.75,ft
-76.43438,35.730718,1/6/26,4.727,ft
-76.43438,35.730718,1/7/26,4.751,ft
-76.43438,35.730718,1/8/26,4.816,ft
-76.43438,35.730718,1/9/26,4.815,ft
-76.43438,35.730718,1/10/26,4.818,ft
-76.43438,35.730718,1/11/26,4.783,ft
-76.43438,35.730718,1/12/26,4.845,ft
-76.43438,35.730718,1/13/26,4.789,ft
-76.43438,35.730718,1/14/26,4.755,ft
-76.43438,35.730718,1/15/26,4.752,ft
-76.43438,35.730718,1/16/26,4.854,ft
-76.43438,35.730718,1/17/26,4.829,ft
-76.43438,35.730718,1/17/26,4.82,ft
-76.43438,35.730718,1/18/26,4.806,ft
-76.43438,35.730718,1/19/26,4.681,ft
-76.43438,35.730718,1/20/26,4.669,ft
-76.43438,35.730718,1/21/26,4.66,ft
-76.43438,35.730718,1/22/26,4.588,ft
-76.43438,35.730718,1/23/26,4.618,ft
-76.43438,35.730718,1/24/26,4.661,ft
-76.43438,35.730718,1/25/26,4.531,ft
-76.43438,35.730718,1/26/26,4.484,ft
-76.43438,35.730718,1/27/26,4.434,ft
-76.43438,35.730718,1/28/26,4.359,ft
-76.43438,35.730718,1/29/26,4.333,ft
-76.43438,35.730718,1/30/26,4.322,ft
-76.43438,35.730718,1/30/26,4.33,ft
-76.43438,35.730718,1/31/26,4.308,ft
-76.43438,35.730718,2/1/26,4.23,ft
-76.43438,35.730718,2/2/26,4.304,ft
-76.43438,35.730718,2/3/26,4.285,ft
-76.43438,35.730718,2/4/26,4.251,ft
-76.43438,35.730718,2/5/26,4.137,ft
-76.43438,35.730718,2/6/26,4.035,ft
-76.43438,35.730718,2/7/26,4.003,ft
-76.43438,35.730718,2/8/26,4.039,ft
-76.43438,35.730718,2/9/26,4.003,ft
-76.43438,35.730718,2/10/26,3.96,ft
-76.43438,35.730718,2/11/26,3.922,ft
-76.43438,35.730718,2/12/26,3.979,ft
-76.43438,35.730718,2/13/26,3.975,ft
-76.43438,35.730718,2/14/26,3.968,ft
-76.43438,35.730718,2/15/26,3.95,ft
-76.43438,35.730718,2/16/26,3.913,ft
-76.43438,35.730718,2/17/26,3.936,ft
-76.43438,35.730718,2/18/26,3.895,ft
-76.43438,35.730718,2/19/26,3.908,ft
-76.43438,35.730718,2/20/26,3.904,ft
-76.43438,35.730718,2/21/26,3.931,ft
-76.43438,35.730718,2/22/26,3.872,ft
-76.43438,35.730718,2/23/26,3.88,ft
-76.43438,35.730718,2/24/26,3.888,ft
-76.43438,35.730718,2/25/26,3.85,ft
-76.43438,35.730718,2/26/26,3.904,ft
-76.43438,35.730718,2/27/26,3.835,ft
-76.43438,35.730718,2/28/26,3.776,ft
-76.43438,35.730718,3/1/26,3.764,ft
-76.43438,35.730718,3/2/26,3.828,ft
-76.43438,35.730718,3/3/26,3.8,ft
-76.43438,35.730718,3/4/26,3.795,ft
-76.43438,35.730718,3/5/26,3.817,ft
-76.43438,35.730718,3/6/26,3.837,ft
-76.43438,35.730718,3/7/26,3.843,ft
-76.43438,35.730718,3/8/26,3.836,ft
-76.43438,35.730718,3/9/26,3.858,ft
-76.43438,35.730718,3/10/26,3.872,ft
-76.43438,35.730718,3/11/26,3.884,ft
-76.43438,35.730718,3/12/26,3.885,ft
-76.43438,35.730718,3/13/26,3.919,ft
-76.43438,35.730718,3/14/26,3.907,ft
-76.43438,35.730718,3/15/26,3.95,ft
-76.43438,35.730718,3/16/26,3.906,ft
-76.43438,35.730718,3/17/26,3.948,ft
-76.43438,35.730718,3/18/26,3.957,ft
-76.43438,35.730718,3/19/26,3.934,ft
-76.43438,35.730718,3/20/26,3.934,ft
-76.43438,35.730718,3/21/26,3.917,ft
-76.43438,35.730718,3/22/26,3.967,ft
-76.43438,35.730718,3/23/26,3.984,ft
-76.43438,35.730718,3/24/26,4.09,ft
-76.43438,35.730718,3/25/26,4.049,ft
-76.43438,35.730718,3/26/26,4.057,ft
-76.43438,35.730718,3/27/26,4.075,ft
-76.43438,35.730718,3/28/26,4.131,ft
-76.43438,35.730718,3/29/26,4.152,ft
-76.43438,35.730718,3/30/26,4.13,ft
-76.43438,35.730718,3/31/26,4.169,ft
-76.43438,35.730718,4/1/26,4.187,ft
-76.43438,35.730718,4/2/26,4.235,ft
-76.43438,35.730718,4/3/26,4.267,ft
-76.43438,35.730718,4/4/26,4.292,ft
-76.43438,35.730718,4/5/26,4.293,ft
-76.43438,35.730718,4/6/26,4.245,ft
-76.43438,35.730718,4/7/26,4.196,ft
-76.43438,35.730718,4/8/26,4.232,ft
-76.43438,35.730718,4/9/26,4.239,ft
-76.43438,35.730718,4/10/26,4.237,ft
-76.43438,35.730718,4/11/26,4.259,ft
-76.43438,35.730718,4/12/26,4.327,ft
-76.43438,35.730718,4/13/26,4.324,ft
-76.43438,35.730718,4/14/26,4.348,ft
-76.43438,35.730718,4/15/26,4.387,ft
-76.43438,35.730718,4/16/26,4.421,ft
-76.43438,35.730718,4/17/26,4.433,ft
-76.43438,35.730718,4/18/26,4.473,ft
-76.43438,35.730718,4/19/26,4.493,ft
-76.43438,35.730718,4/20/26,4.535,ft
-76.43438,35.730718,4/21/26,4.579,ft
-76.43438,35.730718,4/22/26,4.566,ft
-76.43438,35.730718,4/23/26,4.603,ft
-76.43438,35.730718,4/24/26,4.648,ft
-76.43438,35.730718,4/25/26,4.687,ft
-76.43438,35.730718,4/25/26,4.69,ft